case	series	mz	intensity
ref_LVQFHFHWGSSDDQGSEHTV_z5	observed_composite	542.85842	2.824863e6
ref_LVQFHFHWGSSDDQGSEHTV_z5	observed_composite	543.04895	2.883318e5
ref_LVQFHFHWGSSDDQGSEHTV_z5	observed_composite	543.06063	6.999661e6
ref_LVQFHFHWGSSDDQGSEHTV_z5	observed_composite	543.07208	7.983351e5
ref_LVQFHFHWGSSDDQGSEHTV_z5	observed_composite	543.18433	7.001564e5
ref_LVQFHFHWGSSDDQGSEHTV_z5	observed_composite	543.23785	1.931191e6
ref_LVQFHFHWGSSDDQGSEHTV_z5	observed_composite	543.26227	1.072675e9
ref_LVQFHFHWGSSDDQGSEHTV_z5	observed_composite	543.29340	3.201261e6
ref_LVQFHFHWGSSDDQGSEHTV_z5	observed_composite	543.38391	8.005333e5
ref_LVQFHFHWGSSDDQGSEHTV_z5	observed_composite	543.39636	4.647724e5
ref_LVQFHFHWGSSDDQGSEHTV_z5	observed_composite	543.43319	4.481594e6
ref_LVQFHFHWGSSDDQGSEHTV_z5	observed_composite	543.46265	1.502408e9
ref_LVQFHFHWGSSDDQGSEHTV_z5	observed_composite	543.48798	1.825873e6
ref_LVQFHFHWGSSDDQGSEHTV_z5	observed_composite	543.53473	3.750943e5
ref_LVQFHFHWGSSDDQGSEHTV_z5	observed_composite	543.61084	4.698898e5
ref_LVQFHFHWGSSDDQGSEHTV_z5	observed_composite	543.62439	2.349584e6
ref_LVQFHFHWGSSDDQGSEHTV_z5	observed_composite	543.66290	1.194613e9
ref_LVQFHFHWGSSDDQGSEHTV_z5	observed_composite	543.68848	3.988542e6
ref_LVQFHFHWGSSDDQGSEHTV_z5	observed_composite	543.70209	6.315055e5
ref_LVQFHFHWGSSDDQGSEHTV_z5	observed_composite	543.76520	9.884113e5
ref_LVQFHFHWGSSDDQGSEHTV_z5	observed_composite	543.83789	8.356494e5
ref_LVQFHFHWGSSDDQGSEHTV_z5	observed_composite	543.86285	6.149895e8
ref_LVQFHFHWGSSDDQGSEHTV_z5	observed_composite	543.89447	7.416765e5
ref_LVQFHFHWGSSDDQGSEHTV_z5	observed_composite	544.03131	4.831692e5
ref_LVQFHFHWGSSDDQGSEHTV_z5	observed_composite	544.06396	2.924014e8
ref_LVQFHFHWGSSDDQGSEHTV_z5	observed_composite	544.26471	9.328962e7
ref_LVQFHFHWGSSDDQGSEHTV_z5	observed_composite	544.28229	2.439842e6
ref_LVQFHFHWGSSDDQGSEHTV_z5	observed_composite	544.29724	1.212923e6
ref_LVQFHFHWGSSDDQGSEHTV_z5	observed_composite	544.32098	1.760038e6
ref_LVQFHFHWGSSDDQGSEHTV_z5	observed_composite	544.46515	3.275604e7
ref_LVQFHFHWGSSDDQGSEHTV_z5	observed_composite	544.66534	6.765391e6
ref_LVQFHFHWGSSDDQGSEHTV_z5	observed_apex	542.85779	2.423918e6
ref_LVQFHFHWGSSDDQGSEHTV_z5	observed_apex	543.06329	8.172158e6
ref_LVQFHFHWGSSDDQGSEHTV_z5	observed_apex	543.23785	7.539706e6
ref_LVQFHFHWGSSDDQGSEHTV_z5	observed_apex	543.26239	1.252196e9
ref_LVQFHFHWGSSDDQGSEHTV_z5	observed_apex	543.38391	3.125422e6
ref_LVQFHFHWGSSDDQGSEHTV_z5	observed_apex	543.43097	4.767408e6
ref_LVQFHFHWGSSDDQGSEHTV_z5	observed_apex	543.43762	8.524692e6
ref_LVQFHFHWGSSDDQGSEHTV_z5	observed_apex	543.46265	1.955221e9
ref_LVQFHFHWGSSDDQGSEHTV_z5	observed_apex	543.62439	3.057728e6
ref_LVQFHFHWGSSDDQGSEHTV_z5	observed_apex	543.66290	1.478118e9
ref_LVQFHFHWGSSDDQGSEHTV_z5	observed_apex	543.76520	3.858930e6
ref_LVQFHFHWGSSDDQGSEHTV_z5	observed_apex	543.83789	3.262521e6
ref_LVQFHFHWGSSDDQGSEHTV_z5	observed_apex	543.86346	7.874227e8
ref_LVQFHFHWGSSDDQGSEHTV_z5	observed_apex	543.89447	2.895634e6
ref_LVQFHFHWGSSDDQGSEHTV_z5	observed_apex	544.06396	3.805286e8
ref_LVQFHFHWGSSDDQGSEHTV_z5	observed_apex	544.26471	1.214063e8
ref_LVQFHFHWGSSDDQGSEHTV_z5	observed_apex	544.46454	1.498470e7
ref_LVQFHFHWGSSDDQGSEHTV_z5	observed_apex	544.66620	8.411668e6
ref_LVQFHFHWGSSDDQGSEHTV_z5	avg_mono	543.26198	6.790141e-1
ref_LVQFHFHWGSSDDQGSEHTV_z5	avg_mono	543.46265	1.000000e0
ref_LVQFHFHWGSSDDQGSEHTV_z5	avg_mono	543.66332	8.119962e-1
ref_LVQFHFHWGSSDDQGSEHTV_z5	avg_mono	543.86399	4.726506e-1
ref_LVQFHFHWGSSDDQGSEHTV_z5	avg_mono	544.06466	2.183391e-1
ref_LVQFHFHWGSSDDQGSEHTV_z5	avg_mono	544.26533	8.444392e-2
ref_LVQFHFHWGSSDDQGSEHTV_z5	avg_mono	544.46600	2.826083e-2
ref_LVQFHFHWGSSDDQGSEHTV_z5	avg_mono	544.66667	8.370316e-3
ref_LVQFHFHWGSSDDQGSEHTV_z5	avg_mono	544.86734	2.230189e-3
ref_LVQFHFHWGSSDDQGSEHTV_z5	avg_mono_m1	543.06131	6.790141e-1
ref_LVQFHFHWGSSDDQGSEHTV_z5	avg_mono_m1	543.26198	1.000000e0
ref_LVQFHFHWGSSDDQGSEHTV_z5	avg_mono_m1	543.46265	8.119962e-1
ref_LVQFHFHWGSSDDQGSEHTV_z5	avg_mono_m1	543.66332	4.726506e-1
ref_LVQFHFHWGSSDDQGSEHTV_z5	avg_mono_m1	543.86399	2.183391e-1
ref_LVQFHFHWGSSDDQGSEHTV_z5	avg_mono_m1	544.06466	8.444392e-2
ref_LVQFHFHWGSSDDQGSEHTV_z5	avg_mono_m1	544.26533	2.826083e-2
ref_LVQFHFHWGSSDDQGSEHTV_z5	avg_mono_m1	544.46600	8.370316e-3
ref_LVQFHFHWGSSDDQGSEHTV_z5	avg_mono_m1	544.66667	2.230189e-3
ref_LVQFHFHWGSSDDQGSEHTV_z5	avg_mono_p1	543.46265	6.790141e-1
ref_LVQFHFHWGSSDDQGSEHTV_z5	avg_mono_p1	543.66332	1.000000e0
ref_LVQFHFHWGSSDDQGSEHTV_z5	avg_mono_p1	543.86399	8.119962e-1
ref_LVQFHFHWGSSDDQGSEHTV_z5	avg_mono_p1	544.06466	4.726506e-1
ref_LVQFHFHWGSSDDQGSEHTV_z5	avg_mono_p1	544.26533	2.183391e-1
ref_LVQFHFHWGSSDDQGSEHTV_z5	avg_mono_p1	544.46600	8.444392e-2
ref_LVQFHFHWGSSDDQGSEHTV_z5	avg_mono_p1	544.66667	2.826083e-2
ref_LVQFHFHWGSSDDQGSEHTV_z5	avg_mono_p1	544.86734	8.370316e-3
ref_LVQFHFHWGSSDDQGSEHTV_z5	avg_mono_p1	545.06802	2.230189e-3
ref_EPISVSSQQMLK_z2	observed_composite	702.88049	1.255411e7
ref_EPISVSSQQMLK_z2	observed_composite	703.35956	5.535055e8
ref_EPISVSSQQMLK_z2	observed_composite	703.39553	6.806196e7
ref_EPISVSSQQMLK_z2	observed_composite	703.86151	4.015126e8
ref_EPISVSSQQMLK_z2	observed_composite	704.36237	1.755211e8
ref_EPISVSSQQMLK_z2	observed_composite	704.70874	2.807726e7
ref_EPISVSSQQMLK_z2	observed_composite	704.86304	5.459768e7
ref_EPISVSSQQMLK_z2	observed_composite	705.04315	2.388441e7
ref_EPISVSSQQMLK_z2	observed_composite	705.36389	4.870960e6
ref_EPISVSSQQMLK_z2	observed_composite	705.37738	5.511338e6
ref_EPISVSSQQMLK_z2	observed_composite	705.51929	2.798261e6
ref_EPISVSSQQMLK_z2	observed_composite	705.71082	1.172223e7
ref_EPISVSSQQMLK_z2	observed_composite	706.04535	2.968825e6
ref_EPISVSSQQMLK_z2	observed_composite	706.34338	1.519540e6
ref_EPISVSSQQMLK_z2	observed_apex	703.35956	6.769384e8
ref_EPISVSSQQMLK_z2	observed_apex	703.39563	5.127493e7
ref_EPISVSSQQMLK_z2	observed_apex	703.86108	3.913055e8
ref_EPISVSSQQMLK_z2	observed_apex	704.36212	2.029006e8
ref_EPISVSSQQMLK_z2	observed_apex	704.70807	3.140087e7
ref_EPISVSSQQMLK_z2	observed_apex	704.86261	6.520214e7
ref_EPISVSSQQMLK_z2	observed_apex	705.04315	2.921069e7
ref_EPISVSSQQMLK_z2	observed_apex	705.51929	1.026684e7
ref_EPISVSSQQMLK_z2	observed_apex	705.71082	1.433632e7
ref_EPISVSSQQMLK_z2	observed_apex	706.04535	1.089264e7
ref_EPISVSSQQMLK_z2	avg_mono	703.35958	1.000000e0
ref_EPISVSSQQMLK_z2	avg_mono	703.86125	7.585897e-1
ref_EPISVSSQQMLK_z2	avg_mono	704.36293	3.656877e-1
ref_EPISVSSQQMLK_z2	avg_mono	704.86461	1.315539e-1
ref_EPISVSSQQMLK_z2	avg_mono	705.36629	3.807814e-2
ref_EPISVSSQQMLK_z2	avg_mono	705.86796	9.254603e-3
ref_EPISVSSQQMLK_z2	avg_mono	706.36964	1.944642e-3
ref_EPISVSSQQMLK_z2	avg_mono_m1	702.85790	1.000000e0
ref_EPISVSSQQMLK_z2	avg_mono_m1	703.35958	7.585897e-1
ref_EPISVSSQQMLK_z2	avg_mono_m1	703.86125	3.656877e-1
ref_EPISVSSQQMLK_z2	avg_mono_m1	704.36293	1.315539e-1
ref_EPISVSSQQMLK_z2	avg_mono_m1	704.86461	3.807814e-2
ref_EPISVSSQQMLK_z2	avg_mono_m1	705.36629	9.254603e-3
ref_EPISVSSQQMLK_z2	avg_mono_m1	705.86796	1.944642e-3
ref_EPISVSSQQMLK_z2	avg_mono_p1	703.86125	1.000000e0
ref_EPISVSSQQMLK_z2	avg_mono_p1	704.36293	7.585897e-1
ref_EPISVSSQQMLK_z2	avg_mono_p1	704.86461	3.656877e-1
ref_EPISVSSQQMLK_z2	avg_mono_p1	705.36629	1.315539e-1
ref_EPISVSSQQMLK_z2	avg_mono_p1	705.86796	3.807814e-2
ref_EPISVSSQQMLK_z2	avg_mono_p1	706.36964	9.254603e-3
ref_EPISVSSQQMLK_z2	avg_mono_p1	706.87132	1.944642e-3
ref_DNPQTHYYAVAVVK_z2	observed_composite	824.42401	1.692576e8
ref_DNPQTHYYAVAVVK_z2	observed_composite	824.44763	6.962940e5
ref_DNPQTHYYAVAVVK_z2	observed_composite	825.42694	7.776971e7
ref_DNPQTHYYAVAVVK_z2	observed_composite	826.42963	2.359702e7
ref_DNPQTHYYAVAVVK_z2	observed_composite	827.43262	4.381343e6
ref_DNPQTHYYAVAVVK_z2	observed_composite	827.65033	6.563760e5
ref_DNPQTHYYAVAVVK_z2	observed_apex	824.42401	2.184287e8
ref_DNPQTHYYAVAVVK_z2	observed_apex	824.44763	2.695723e6
ref_DNPQTHYYAVAVVK_z2	observed_apex	825.42712	9.809670e7
ref_DNPQTHYYAVAVVK_z2	observed_apex	826.42981	1.814876e7
ref_DNPQTHYYAVAVVK_z2	observed_apex	827.43250	5.529712e6
ref_DNPQTHYYAVAVVK_z2	avg_mono	824.42403	1.000000e0
ref_DNPQTHYYAVAVVK_z2	avg_mono	824.92570	9.030473e-1
ref_DNPQTHYYAVAVVK_z2	avg_mono	825.42738	4.932034e-1
ref_DNPQTHYYAVAVVK_z2	avg_mono	825.92906	1.995705e-1
ref_DNPQTHYYAVAVVK_z2	avg_mono	826.43074	6.496004e-2
ref_DNPQTHYYAVAVVK_z2	avg_mono	826.93241	1.779017e-2
ref_DNPQTHYYAVAVVK_z2	avg_mono	827.43409	4.221533e-3
ref_DNPQTHYYAVAVVK_z2	avg_mono_m1	823.92235	1.000000e0
ref_DNPQTHYYAVAVVK_z2	avg_mono_m1	824.42403	8.805749e-1
ref_DNPQTHYYAVAVVK_z2	avg_mono_m1	824.92570	4.712243e-1
ref_DNPQTHYYAVAVVK_z2	avg_mono_m1	825.42738	1.870066e-1
ref_DNPQTHYYAVAVVK_z2	avg_mono_m1	825.92906	5.968504e-2
ref_DNPQTHYYAVAVVK_z2	avg_mono_m1	826.43074	1.601761e-2
ref_DNPQTHYYAVAVVK_z2	avg_mono_m1	826.93241	3.722191e-3
ref_DNPQTHYYAVAVVK_z2	avg_mono_p1	824.92570	1.000000e0
ref_DNPQTHYYAVAVVK_z2	avg_mono_p1	825.42738	9.030473e-1
ref_DNPQTHYYAVAVVK_z2	avg_mono_p1	825.92906	4.932034e-1
ref_DNPQTHYYAVAVVK_z2	avg_mono_p1	826.43074	1.995705e-1
ref_DNPQTHYYAVAVVK_z2	avg_mono_p1	826.93241	6.496004e-2
ref_DNPQTHYYAVAVVK_z2	avg_mono_p1	827.43409	1.779017e-2
ref_DNPQTHYYAVAVVK_z2	avg_mono_p1	827.93577	4.221533e-3
ref_DGPLTGTYRLVQFHFHWGSS_z5	observed_composite	709.36389	9.700060e4
ref_DGPLTGTYRLVQFHFHWGSS_z5	observed_composite	709.39130	7.212903e5
ref_DGPLTGTYRLVQFHFHWGSS_z5	observed_composite	709.53735	2.329784e5
ref_DGPLTGTYRLVQFHFHWGSS_z5	observed_composite	709.73828	2.596324e7
ref_DGPLTGTYRLVQFHFHWGSS_z5	observed_composite	709.93884	5.548991e7
ref_DGPLTGTYRLVQFHFHWGSS_z5	observed_composite	710.02356	9.788158e4
ref_DGPLTGTYRLVQFHFHWGSS_z5	observed_composite	710.05579	1.877061e6
ref_DGPLTGTYRLVQFHFHWGSS_z5	observed_composite	710.11389	5.605260e5
ref_DGPLTGTYRLVQFHFHWGSS_z5	observed_composite	710.13922	5.547528e7
ref_DGPLTGTYRLVQFHFHWGSS_z5	observed_composite	710.30194	1.825286e5
ref_DGPLTGTYRLVQFHFHWGSS_z5	observed_composite	710.33974	3.974349e7
ref_DGPLTGTYRLVQFHFHWGSS_z5	observed_composite	710.38910	7.745611e5
ref_DGPLTGTYRLVQFHFHWGSS_z5	observed_composite	710.54028	2.036067e7
ref_DGPLTGTYRLVQFHFHWGSS_z5	observed_composite	710.74072	1.203390e7
ref_DGPLTGTYRLVQFHFHWGSS_z5	observed_composite	710.90399	1.210747e5
ref_DGPLTGTYRLVQFHFHWGSS_z5	observed_composite	710.94116	4.301633e6
ref_DGPLTGTYRLVQFHFHWGSS_z5	observed_composite	711.05981	1.770648e5
ref_DGPLTGTYRLVQFHFHWGSS_z5	observed_composite	711.14148	1.213542e6
ref_DGPLTGTYRLVQFHFHWGSS_z5	observed_apex	709.53735	9.812915e5
ref_DGPLTGTYRLVQFHFHWGSS_z5	observed_apex	709.73798	3.358505e7
ref_DGPLTGTYRLVQFHFHWGSS_z5	observed_apex	709.93848	6.305748e7
ref_DGPLTGTYRLVQFHFHWGSS_z5	observed_apex	710.05707	1.121048e6
ref_DGPLTGTYRLVQFHFHWGSS_z5	observed_apex	710.13898	8.236946e7
ref_DGPLTGTYRLVQFHFHWGSS_z5	observed_apex	710.30194	7.687998e5
ref_DGPLTGTYRLVQFHFHWGSS_z5	observed_apex	710.33960	5.405403e7
ref_DGPLTGTYRLVQFHFHWGSS_z5	observed_apex	710.54022	2.713459e7
ref_DGPLTGTYRLVQFHFHWGSS_z5	observed_apex	710.74072	1.689535e7
ref_DGPLTGTYRLVQFHFHWGSS_z5	observed_apex	710.94116	4.772844e6
ref_DGPLTGTYRLVQFHFHWGSS_z5	observed_apex	711.05981	7.457865e5
ref_DGPLTGTYRLVQFHFHWGSS_z5	observed_apex	711.14148	1.703789e6
ref_DGPLTGTYRLVQFHFHWGSS_z5	avg_mono	709.73764	5.061917e-1
ref_DGPLTGTYRLVQFHFHWGSS_z5	avg_mono	709.93831	9.720395e-1
ref_DGPLTGTYRLVQFHFHWGSS_z5	avg_mono	710.13898	1.000000e0
ref_DGPLTGTYRLVQFHFHWGSS_z5	avg_mono	710.33965	7.253215e-1
ref_DGPLTGTYRLVQFHFHWGSS_z5	avg_mono	710.54032	4.133518e-1
ref_DGPLTGTYRLVQFHFHWGSS_z5	avg_mono	710.74099	1.960218e-1
ref_DGPLTGTYRLVQFHFHWGSS_z5	avg_mono	710.94166	8.013754e-2
ref_DGPLTGTYRLVQFHFHWGSS_z5	avg_mono	711.14233	2.892622e-2
ref_DGPLTGTYRLVQFHFHWGSS_z5	avg_mono	711.34300	9.378884e-3
ref_DGPLTGTYRLVQFHFHWGSS_z5	avg_mono	711.54368	2.767340e-3
ref_DGPLTGTYRLVQFHFHWGSS_z5	avg_mono_m1	709.53697	5.061917e-1
ref_DGPLTGTYRLVQFHFHWGSS_z5	avg_mono_m1	709.73764	9.720395e-1
ref_DGPLTGTYRLVQFHFHWGSS_z5	avg_mono_m1	709.93831	1.000000e0
ref_DGPLTGTYRLVQFHFHWGSS_z5	avg_mono_m1	710.13898	7.253215e-1
ref_DGPLTGTYRLVQFHFHWGSS_z5	avg_mono_m1	710.33965	4.133518e-1
ref_DGPLTGTYRLVQFHFHWGSS_z5	avg_mono_m1	710.54032	1.960218e-1
ref_DGPLTGTYRLVQFHFHWGSS_z5	avg_mono_m1	710.74099	8.013754e-2
ref_DGPLTGTYRLVQFHFHWGSS_z5	avg_mono_m1	710.94166	2.892622e-2
ref_DGPLTGTYRLVQFHFHWGSS_z5	avg_mono_m1	711.14233	9.378884e-3
ref_DGPLTGTYRLVQFHFHWGSS_z5	avg_mono_m1	711.34300	2.767340e-3
ref_DGPLTGTYRLVQFHFHWGSS_z5	avg_mono_p1	709.93831	5.061917e-1
ref_DGPLTGTYRLVQFHFHWGSS_z5	avg_mono_p1	710.13898	9.720395e-1
ref_DGPLTGTYRLVQFHFHWGSS_z5	avg_mono_p1	710.33965	1.000000e0
ref_DGPLTGTYRLVQFHFHWGSS_z5	avg_mono_p1	710.54032	7.253215e-1
ref_DGPLTGTYRLVQFHFHWGSS_z5	avg_mono_p1	710.74099	4.133518e-1
ref_DGPLTGTYRLVQFHFHWGSS_z5	avg_mono_p1	710.94166	1.960218e-1
ref_DGPLTGTYRLVQFHFHWGSS_z5	avg_mono_p1	711.14233	8.013754e-2
ref_DGPLTGTYRLVQFHFHWGSS_z5	avg_mono_p1	711.34300	2.892622e-2
ref_DGPLTGTYRLVQFHFHWGSS_z5	avg_mono_p1	711.54368	9.378884e-3
ref_DGPLTGTYRLVQFHFHWGSS_z5	avg_mono_p1	711.74435	2.767340e-3
ref_KYAAELHLVHWNTK_z4	observed_composite	431.88608	1.065108e6
ref_KYAAELHLVHWNTK_z4	observed_composite	431.90198	9.537629e4
ref_KYAAELHLVHWNTK_z4	observed_composite	432.00177	5.164591e4
ref_KYAAELHLVHWNTK_z4	observed_composite	432.06866	4.255691e5
ref_KYAAELHLVHWNTK_z4	observed_composite	432.07935	8.701597e4
ref_KYAAELHLVHWNTK_z4	observed_composite	432.19153	7.327755e5
ref_KYAAELHLVHWNTK_z4	observed_composite	432.20493	9.656474e4
ref_KYAAELHLVHWNTK_z4	observed_composite	432.22058	1.178766e5
ref_KYAAELHLVHWNTK_z4	observed_composite	432.23865	4.833059e7
ref_KYAAELHLVHWNTK_z4	observed_composite	432.28772	3.766973e5
ref_KYAAELHLVHWNTK_z4	observed_composite	432.48713	6.992327e6
ref_KYAAELHLVHWNTK_z4	observed_composite	432.74042	2.081222e7
ref_KYAAELHLVHWNTK_z4	observed_composite	432.98843	1.272817e6
ref_KYAAELHLVHWNTK_z4	observed_composite	433.21519	1.184324e6
ref_KYAAELHLVHWNTK_z4	observed_composite	433.24170	4.392106e6
ref_KYAAELHLVHWNTK_z4	observed_composite	433.74309	9.950060e5
ref_KYAAELHLVHWNTK_z4	observed_apex	431.88589	5.696411e5
ref_KYAAELHLVHWNTK_z4	observed_apex	431.90198	3.488050e5
ref_KYAAELHLVHWNTK_z4	observed_apex	432.00177	1.888767e5
ref_KYAAELHLVHWNTK_z4	observed_apex	432.06799	2.907807e5
ref_KYAAELHLVHWNTK_z4	observed_apex	432.07935	3.182301e5
ref_KYAAELHLVHWNTK_z4	observed_apex	432.22058	4.310920e5
ref_KYAAELHLVHWNTK_z4	observed_apex	432.23840	5.711892e7
ref_KYAAELHLVHWNTK_z4	observed_apex	432.28772	4.592123e5
ref_KYAAELHLVHWNTK_z4	observed_apex	432.48712	6.711814e6
ref_KYAAELHLVHWNTK_z4	observed_apex	432.73999	2.452256e7
ref_KYAAELHLVHWNTK_z4	observed_apex	432.98831	1.312352e6
ref_KYAAELHLVHWNTK_z4	observed_apex	433.21536	6.181931e5
ref_KYAAELHLVHWNTK_z4	observed_apex	433.24158	5.256685e6
ref_KYAAELHLVHWNTK_z4	observed_apex	433.74301	1.122548e6
ref_KYAAELHLVHWNTK_z4	avg_mono	432.23840	1.000000e0
ref_KYAAELHLVHWNTK_z4	avg_mono	432.48924	9.399888e-1
ref_KYAAELHLVHWNTK_z4	avg_mono	432.74008	5.291184e-1
ref_KYAAELHLVHWNTK_z4	avg_mono	432.99092	2.201756e-1
ref_KYAAELHLVHWNTK_z4	avg_mono	433.24176	7.366416e-2
ref_KYAAELHLVHWNTK_z4	avg_mono	433.49260	2.073923e-2
ref_KYAAELHLVHWNTK_z4	avg_mono	433.74343	5.060783e-3
ref_KYAAELHLVHWNTK_z4	avg_mono	433.99427	1.093057e-3
ref_KYAAELHLVHWNTK_z4	avg_mono_m1	431.98756	1.000000e0
ref_KYAAELHLVHWNTK_z4	avg_mono_m1	432.23840	9.399888e-1
ref_KYAAELHLVHWNTK_z4	avg_mono_m1	432.48924	5.291184e-1
ref_KYAAELHLVHWNTK_z4	avg_mono_m1	432.74008	2.201756e-1
ref_KYAAELHLVHWNTK_z4	avg_mono_m1	432.99092	7.366416e-2
ref_KYAAELHLVHWNTK_z4	avg_mono_m1	433.24176	2.073923e-2
ref_KYAAELHLVHWNTK_z4	avg_mono_m1	433.49260	5.060783e-3
ref_KYAAELHLVHWNTK_z4	avg_mono_m1	433.74343	1.093057e-3
ref_KYAAELHLVHWNTK_z4	avg_mono_p1	432.48924	1.000000e0
ref_KYAAELHLVHWNTK_z4	avg_mono_p1	432.74008	9.399888e-1
ref_KYAAELHLVHWNTK_z4	avg_mono_p1	432.99092	5.291184e-1
ref_KYAAELHLVHWNTK_z4	avg_mono_p1	433.24176	2.201756e-1
ref_KYAAELHLVHWNTK_z4	avg_mono_p1	433.49260	7.366416e-2
ref_KYAAELHLVHWNTK_z4	avg_mono_p1	433.74343	2.073923e-2
ref_KYAAELHLVHWNTK_z4	avg_mono_p1	433.99427	5.060783e-3
ref_KYAAELHLVHWNTK_z4	avg_mono_p1	434.24511	1.093057e-3
ref_AISNNEADAVTLDGGLVYEA_z5	observed_composite	790.71075	1.076807e5
ref_AISNNEADAVTLDGGLVYEA_z5	observed_composite	791.01892	1.429953e5
ref_AISNNEADAVTLDGGLVYEA_z5	observed_composite	791.02179	1.894631e5
ref_AISNNEADAVTLDGGLVYEA_z5	observed_composite	791.11450	1.743890e5
ref_AISNNEADAVTLDGGLVYEA_z5	observed_composite	791.12115	7.472074e5
ref_AISNNEADAVTLDGGLVYEA_z5	observed_composite	791.22223	1.937893e7
ref_AISNNEADAVTLDGGLVYEA_z5	observed_composite	791.37909	1.809997e5
ref_AISNNEADAVTLDGGLVYEA_z5	observed_composite	791.42316	3.333911e7
ref_AISNNEADAVTLDGGLVYEA_z5	observed_composite	791.57861	1.413477e5
ref_AISNNEADAVTLDGGLVYEA_z5	observed_composite	791.62354	3.722844e7
ref_AISNNEADAVTLDGGLVYEA_z5	observed_composite	791.68127	1.091895e5
ref_AISNNEADAVTLDGGLVYEA_z5	observed_composite	791.82434	3.113916e7
ref_AISNNEADAVTLDGGLVYEA_z5	observed_composite	791.86780	9.544806e4
ref_AISNNEADAVTLDGGLVYEA_z5	observed_composite	791.92212	1.402207e6
ref_AISNNEADAVTLDGGLVYEA_z5	observed_composite	792.02484	1.731419e7
ref_AISNNEADAVTLDGGLVYEA_z5	observed_composite	792.22534	1.022019e7
ref_AISNNEADAVTLDGGLVYEA_z5	observed_composite	792.35229	1.762387e5
ref_AISNNEADAVTLDGGLVYEA_z5	observed_composite	792.37036	1.554219e5
ref_AISNNEADAVTLDGGLVYEA_z5	observed_composite	792.42533	4.629063e6
ref_AISNNEADAVTLDGGLVYEA_z5	observed_composite	792.62598	5.387600e5
ref_AISNNEADAVTLDGGLVYEA_z5	observed_apex	791.01892	6.436891e5
ref_AISNNEADAVTLDGGLVYEA_z5	observed_apex	791.11450	7.850066e5
ref_AISNNEADAVTLDGGLVYEA_z5	observed_apex	791.22229	2.014513e7
ref_AISNNEADAVTLDGGLVYEA_z5	observed_apex	791.37909	8.147644e5
ref_AISNNEADAVTLDGGLVYEA_z5	observed_apex	791.42297	4.691372e7
ref_AISNNEADAVTLDGGLVYEA_z5	observed_apex	791.57861	6.362722e5
ref_AISNNEADAVTLDGGLVYEA_z5	observed_apex	791.62354	5.586090e7
ref_AISNNEADAVTLDGGLVYEA_z5	observed_apex	791.82404	4.539514e7
ref_AISNNEADAVTLDGGLVYEA_z5	observed_apex	792.02460	2.424058e7
ref_AISNNEADAVTLDGGLVYEA_z5	observed_apex	792.22485	1.359904e7
ref_AISNNEADAVTLDGGLVYEA_z5	observed_apex	792.35229	7.933329e5
ref_AISNNEADAVTLDGGLVYEA_z5	observed_apex	792.37036	6.996267e5
ref_AISNNEADAVTLDGGLVYEA_z5	observed_apex	792.42566	5.884000e6
ref_AISNNEADAVTLDGGLVYEA_z5	avg_mono	791.22220	4.159707e-1
ref_AISNNEADAVTLDGGLVYEA_z5	avg_mono	791.42287	8.849540e-1
ref_AISNNEADAVTLDGGLVYEA_z5	avg_mono	791.62354	1.000000e0
ref_AISNNEADAVTLDGGLVYEA_z5	avg_mono	791.82421	7.922055e-1
ref_AISNNEADAVTLDGGLVYEA_z5	avg_mono	792.02488	4.912180e-1
ref_AISNNEADAVTLDGGLVYEA_z5	avg_mono	792.22555	2.527952e-1
ref_AISNNEADAVTLDGGLVYEA_z5	avg_mono	792.42622	1.119494e-1
ref_AISNNEADAVTLDGGLVYEA_z5	avg_mono	792.62689	4.371648e-2
ref_AISNNEADAVTLDGGLVYEA_z5	avg_mono	792.82756	1.532068e-2
ref_AISNNEADAVTLDGGLVYEA_z5	avg_mono	793.02824	4.882941e-3
ref_AISNNEADAVTLDGGLVYEA_z5	avg_mono	793.22891	1.430039e-3
ref_AISNNEADAVTLDGGLVYEA_z5	avg_mono_m1	791.02153	4.159707e-1
ref_AISNNEADAVTLDGGLVYEA_z5	avg_mono_m1	791.22220	8.849540e-1
ref_AISNNEADAVTLDGGLVYEA_z5	avg_mono_m1	791.42287	1.000000e0
ref_AISNNEADAVTLDGGLVYEA_z5	avg_mono_m1	791.62354	7.922055e-1
ref_AISNNEADAVTLDGGLVYEA_z5	avg_mono_m1	791.82421	4.912180e-1
ref_AISNNEADAVTLDGGLVYEA_z5	avg_mono_m1	792.02488	2.527952e-1
ref_AISNNEADAVTLDGGLVYEA_z5	avg_mono_m1	792.22555	1.119494e-1
ref_AISNNEADAVTLDGGLVYEA_z5	avg_mono_m1	792.42622	4.371648e-2
ref_AISNNEADAVTLDGGLVYEA_z5	avg_mono_m1	792.62689	1.532068e-2
ref_AISNNEADAVTLDGGLVYEA_z5	avg_mono_m1	792.82756	4.882941e-3
ref_AISNNEADAVTLDGGLVYEA_z5	avg_mono_m1	793.02824	1.430039e-3
ref_AISNNEADAVTLDGGLVYEA_z5	avg_mono_p1	791.42287	4.159707e-1
ref_AISNNEADAVTLDGGLVYEA_z5	avg_mono_p1	791.62354	8.849540e-1
ref_AISNNEADAVTLDGGLVYEA_z5	avg_mono_p1	791.82421	1.000000e0
ref_AISNNEADAVTLDGGLVYEA_z5	avg_mono_p1	792.02488	7.922055e-1
ref_AISNNEADAVTLDGGLVYEA_z5	avg_mono_p1	792.22555	4.912180e-1
ref_AISNNEADAVTLDGGLVYEA_z5	avg_mono_p1	792.42622	2.527952e-1
ref_AISNNEADAVTLDGGLVYEA_z5	avg_mono_p1	792.62689	1.119494e-1
ref_AISNNEADAVTLDGGLVYEA_z5	avg_mono_p1	792.82756	4.371648e-2
ref_AISNNEADAVTLDGGLVYEA_z5	avg_mono_p1	793.02824	1.532068e-2
ref_AISNNEADAVTLDGGLVYEA_z5	avg_mono_p1	793.22891	4.882941e-3
ref_AISNNEADAVTLDGGLVYEA_z5	avg_mono_p1	793.42958	1.430039e-3
ref_LVQFHFHWGSSDDQGSEHTV_z4	observed_composite	646.32581	9.221355e7
ref_LVQFHFHWGSSDDQGSEHTV_z4	observed_composite	646.38293	6.469065e8
ref_LVQFHFHWGSSDDQGSEHTV_z4	observed_composite	646.80255	6.107189e6
ref_LVQFHFHWGSSDDQGSEHTV_z4	observed_composite	646.84265	8.173829e6
ref_LVQFHFHWGSSDDQGSEHTV_z4	observed_composite	647.05225	1.646250e7
ref_LVQFHFHWGSSDDQGSEHTV_z4	observed_composite	647.36707	6.562045e7
ref_LVQFHFHWGSSDDQGSEHTV_z4	observed_composite	647.38617	2.075972e8
ref_LVQFHFHWGSSDDQGSEHTV_z4	observed_composite	647.84460	7.711756e6
ref_LVQFHFHWGSSDDQGSEHTV_z4	observed_composite	648.37061	9.751863e6
ref_LVQFHFHWGSSDDQGSEHTV_z4	observed_composite	648.38885	5.783573e7
ref_LVQFHFHWGSSDDQGSEHTV_z4	observed_apex	646.32562	4.388502e7
ref_LVQFHFHWGSSDDQGSEHTV_z4	observed_apex	646.38300	6.358519e8
ref_LVQFHFHWGSSDDQGSEHTV_z4	observed_apex	647.05225	5.018648e7
ref_LVQFHFHWGSSDDQGSEHTV_z4	observed_apex	647.36908	2.442276e7
ref_LVQFHFHWGSSDDQGSEHTV_z4	observed_apex	647.38629	2.003942e8
ref_LVQFHFHWGSSDDQGSEHTV_z4	observed_apex	648.38837	3.554155e7
ref_LVQFHFHWGSSDDQGSEHTV_z4	avg_mono	646.80140	7.206871e-1
ref_LVQFHFHWGSSDDQGSEHTV_z4	avg_mono	647.05224	1.000000e0
ref_LVQFHFHWGSSDDQGSEHTV_z4	avg_mono	647.30308	7.714016e-1
ref_LVQFHFHWGSSDDQGSEHTV_z4	avg_mono	647.55392	4.283524e-1
ref_LVQFHFHWGSSDDQGSEHTV_z4	avg_mono	647.80476	1.891885e-1
ref_LVQFHFHWGSSDDQGSEHTV_z4	avg_mono	648.05560	7.004152e-2
ref_LVQFHFHWGSSDDQGSEHTV_z4	avg_mono	648.30643	2.245319e-2
ref_LVQFHFHWGSSDDQGSEHTV_z4	avg_mono	648.55727	6.372265e-3
ref_LVQFHFHWGSSDDQGSEHTV_z4	avg_mono	648.80811	1.627143e-3
ref_LVQFHFHWGSSDDQGSEHTV_z4	avg_mono_m1	646.55056	7.206871e-1
ref_LVQFHFHWGSSDDQGSEHTV_z4	avg_mono_m1	646.80140	1.000000e0
ref_LVQFHFHWGSSDDQGSEHTV_z4	avg_mono_m1	647.05224	7.714016e-1
ref_LVQFHFHWGSSDDQGSEHTV_z4	avg_mono_m1	647.30308	4.283524e-1
ref_LVQFHFHWGSSDDQGSEHTV_z4	avg_mono_m1	647.55392	1.891885e-1
ref_LVQFHFHWGSSDDQGSEHTV_z4	avg_mono_m1	647.80476	7.004152e-2
ref_LVQFHFHWGSSDDQGSEHTV_z4	avg_mono_m1	648.05560	2.245319e-2
ref_LVQFHFHWGSSDDQGSEHTV_z4	avg_mono_m1	648.30643	6.372265e-3
ref_LVQFHFHWGSSDDQGSEHTV_z4	avg_mono_m1	648.55727	1.627143e-3
ref_LVQFHFHWGSSDDQGSEHTV_z4	avg_mono_p1	647.05224	7.206871e-1
ref_LVQFHFHWGSSDDQGSEHTV_z4	avg_mono_p1	647.30308	1.000000e0
ref_LVQFHFHWGSSDDQGSEHTV_z4	avg_mono_p1	647.55392	7.714016e-1
ref_LVQFHFHWGSSDDQGSEHTV_z4	avg_mono_p1	647.80476	4.283524e-1
ref_LVQFHFHWGSSDDQGSEHTV_z4	avg_mono_p1	648.05560	1.891885e-1
ref_LVQFHFHWGSSDDQGSEHTV_z4	avg_mono_p1	648.30643	7.004152e-2
ref_LVQFHFHWGSSDDQGSEHTV_z4	avg_mono_p1	648.55727	2.245319e-2
ref_LVQFHFHWGSSDDQGSEHTV_z4	avg_mono_p1	648.80811	6.372265e-3
ref_LVQFHFHWGSSDDQGSEHTV_z4	avg_mono_p1	649.05895	1.627143e-3
ref_VLDALDSIKTK_z2	observed_composite	601.09241	5.612827e7
ref_VLDALDSIKTK_z2	observed_composite	601.30212	3.076146e5
ref_VLDALDSIKTK_z2	observed_composite	601.81573	2.227568e5
ref_VLDALDSIKTK_z2	observed_composite	601.85941	1.053539e7
ref_VLDALDSIKTK_z2	observed_composite	602.09534	1.224993e7
ref_VLDALDSIKTK_z2	observed_composite	602.36047	4.382991e7
ref_VLDALDSIKTK_z2	observed_composite	602.63153	4.544612e5
ref_VLDALDSIKTK_z2	observed_composite	602.86188	2.136127e6
ref_VLDALDSIKTK_z2	observed_composite	603.08826	1.399631e7
ref_VLDALDSIKTK_z2	observed_composite	603.10004	5.038652e5
ref_VLDALDSIKTK_z2	observed_composite	603.36292	7.797146e5
ref_VLDALDSIKTK_z2	observed_composite	603.82739	6.772729e5
ref_VLDALDSIKTK_z2	observed_composite	604.09229	2.087462e6
ref_VLDALDSIKTK_z2	observed_composite	604.83496	5.894886e5
ref_VLDALDSIKTK_z2	observed_composite	605.08392	2.421776e5
ref_VLDALDSIKTK_z2	observed_composite	605.11658	3.009236e5
ref_VLDALDSIKTK_z2	observed_apex	601.09235	3.156387e7
ref_VLDALDSIKTK_z2	observed_apex	601.81573	1.057619e6
ref_VLDALDSIKTK_z2	observed_apex	601.85870	4.836288e7
ref_VLDALDSIKTK_z2	observed_apex	602.09503	6.981598e6
ref_VLDALDSIKTK_z2	observed_apex	602.36023	3.647246e7
ref_VLDALDSIKTK_z2	observed_apex	602.86188	1.014204e7
ref_VLDALDSIKTK_z2	observed_apex	603.08820	7.116361e6
ref_VLDALDSIKTK_z2	observed_apex	603.36292	3.701980e6
ref_VLDALDSIKTK_z2	observed_apex	604.09088	2.234128e6
ref_VLDALDSIKTK_z2	observed_apex	605.08392	1.149827e6
ref_VLDALDSIKTK_z2	avg_mono	601.85868	1.000000e0
ref_VLDALDSIKTK_z2	avg_mono	602.36035	6.547197e-1
ref_VLDALDSIKTK_z2	avg_mono	602.86203	2.439486e-1
ref_VLDALDSIKTK_z2	avg_mono	603.36371	6.617817e-2
ref_VLDALDSIKTK_z2	avg_mono	603.86539	1.441606e-2
ref_VLDALDSIKTK_z2	avg_mono	604.36706	2.655528e-3
ref_VLDALDSIKTK_z2	avg_mono_m1	601.35700	1.000000e0
ref_VLDALDSIKTK_z2	avg_mono_m1	601.85868	6.547197e-1
ref_VLDALDSIKTK_z2	avg_mono_m1	602.36035	2.439486e-1
ref_VLDALDSIKTK_z2	avg_mono_m1	602.86203	6.617817e-2
ref_VLDALDSIKTK_z2	avg_mono_m1	603.36371	1.441606e-2
ref_VLDALDSIKTK_z2	avg_mono_m1	603.86539	2.655528e-3
ref_VLDALDSIKTK_z2	avg_mono_p1	602.36035	1.000000e0
ref_VLDALDSIKTK_z2	avg_mono_p1	602.86203	6.547197e-1
ref_VLDALDSIKTK_z2	avg_mono_p1	603.36371	2.439486e-1
ref_VLDALDSIKTK_z2	avg_mono_p1	603.86539	6.617817e-2
ref_VLDALDSIKTK_z2	avg_mono_p1	604.36706	1.441606e-2
ref_VLDALDSIKTK_z2	avg_mono_p1	604.86874	2.655528e-3
ref_VLDALDSIK_z1	observed_composite	1015.20026	2.282912e6
ref_VLDALDSIK_z1	observed_composite	1015.23248	1.655862e7
ref_VLDALDSIK_z1	observed_composite	1015.89880	1.215660e6
ref_VLDALDSIK_z1	observed_composite	1016.00305	2.019617e7
ref_VLDALDSIK_z1	observed_composite	1016.19092	1.148008e8
ref_VLDALDSIK_z1	observed_composite	1016.50415	1.758829e7
ref_VLDALDSIK_z1	observed_composite	1016.52539	6.738888e7
ref_VLDALDSIK_z1	observed_composite	1016.57147	3.005707e8
ref_VLDALDSIK_z1	observed_composite	1016.64404	2.107910e6
ref_VLDALDSIK_z1	observed_composite	1016.79779	2.081305e6
ref_VLDALDSIK_z1	observed_composite	1016.85953	6.851989e7
ref_VLDALDSIK_z1	observed_composite	1016.87518	4.724142e6
ref_VLDALDSIK_z1	observed_composite	1016.90295	2.909664e6
ref_VLDALDSIK_z1	observed_composite	1016.96954	3.292353e6
ref_VLDALDSIK_z1	observed_composite	1017.00655	2.062657e7
ref_VLDALDSIK_z1	observed_composite	1017.16577	1.137185e6
ref_VLDALDSIK_z1	observed_composite	1017.19379	8.474339e7
ref_VLDALDSIK_z1	observed_composite	1017.23956	4.195143e6
ref_VLDALDSIK_z1	observed_composite	1017.27039	4.222481e6
ref_VLDALDSIK_z1	observed_composite	1017.39203	2.459614e6
ref_VLDALDSIK_z1	observed_composite	1017.50641	7.037172e6
ref_VLDALDSIK_z1	observed_composite	1017.52802	1.976878e7
ref_VLDALDSIK_z1	observed_composite	1017.53094	2.918574e6
ref_VLDALDSIK_z1	observed_composite	1017.57477	1.648555e8
ref_VLDALDSIK_z1	observed_composite	1017.70984	2.108203e6
ref_VLDALDSIK_z1	observed_composite	1017.86072	4.883142e6
ref_VLDALDSIK_z1	observed_composite	1018.00781	4.120010e6
ref_VLDALDSIK_z1	observed_composite	1018.26605	2.427004e6
ref_VLDALDSIK_z1	observed_composite	1018.51630	1.412116e7
ref_VLDALDSIK_z1	observed_composite	1018.53625	1.831025e6
ref_VLDALDSIK_z1	observed_composite	1018.57770	5.352866e7
ref_VLDALDSIK_z1	observed_composite	1018.73065	2.513776e6
ref_VLDALDSIK_z1	observed_composite	1018.92981	1.894474e6
ref_VLDALDSIK_z1	observed_composite	1019.58038	3.741842e6
ref_VLDALDSIK_z1	observed_composite	1019.66534	2.688438e6
ref_VLDALDSIK_z1	observed_composite	1020.26544	1.903214e6
ref_VLDALDSIK_z1	observed_composite	1020.35022	4.686988e6
ref_VLDALDSIK_z1	observed_composite	1020.68994	3.271769e6
ref_VLDALDSIK_z1	observed_composite	1021.00568	2.133693e6
ref_VLDALDSIK_z1	observed_composite	1021.39874	2.370373e6
ref_VLDALDSIK_z1	observed_composite	1021.52173	2.266729e6
ref_VLDALDSIK_z1	observed_composite	1022.02643	4.852413e6
ref_VLDALDSIK_z1	observed_composite	1022.43079	1.365650e6
ref_VLDALDSIK_z1	observed_composite	1022.50952	1.315099e6
ref_VLDALDSIK_z1	observed_composite	1022.57343	1.457422e6
ref_VLDALDSIK_z1	observed_composite	1022.71027	2.967060e6
ref_VLDALDSIK_z1	observed_composite	1022.78882	2.257502e6
ref_VLDALDSIK_z1	observed_apex	1015.23248	2.790508e7
ref_VLDALDSIK_z1	observed_apex	1016.19122	5.624385e7
ref_VLDALDSIK_z1	observed_apex	1016.52570	6.814066e7
ref_VLDALDSIK_z1	observed_apex	1016.57147	5.065306e8
ref_VLDALDSIK_z1	observed_apex	1016.64404	1.065693e7
ref_VLDALDSIK_z1	observed_apex	1016.85968	6.797292e7
ref_VLDALDSIK_z1	observed_apex	1016.96954	1.664511e7
ref_VLDALDSIK_z1	observed_apex	1017.00616	2.314256e7
ref_VLDALDSIK_z1	observed_apex	1017.19373	6.644749e7
ref_VLDALDSIK_z1	observed_apex	1017.23956	2.120934e7
ref_VLDALDSIK_z1	observed_apex	1017.53094	1.475540e7
ref_VLDALDSIK_z1	observed_apex	1017.57477	2.778194e8
ref_VLDALDSIK_z1	observed_apex	1018.51630	2.379740e7
ref_VLDALDSIK_z1	observed_apex	1018.57770	9.020808e7
ref_VLDALDSIK_z1	observed_apex	1020.68994	1.654104e7
ref_VLDALDSIK_z1	avg_mono	1016.57168	1.000000e0
ref_VLDALDSIK_z1	avg_mono	1017.57503	5.696760e-1
ref_VLDALDSIK_z1	avg_mono	1018.57839	1.881980e-1
ref_VLDALDSIK_z1	avg_mono	1019.58174	4.559517e-2
ref_VLDALDSIK_z1	avg_mono	1020.58510	8.908001e-3
ref_VLDALDSIK_z1	avg_mono	1021.58845	1.475385e-3
ref_VLDALDSIK_z1	avg_mono_m1	1015.56832	1.000000e0
ref_VLDALDSIK_z1	avg_mono_m1	1016.57168	5.696760e-1
ref_VLDALDSIK_z1	avg_mono_m1	1017.57503	1.881980e-1
ref_VLDALDSIK_z1	avg_mono_m1	1018.57839	4.559517e-2
ref_VLDALDSIK_z1	avg_mono_m1	1019.58174	8.908001e-3
ref_VLDALDSIK_z1	avg_mono_m1	1020.58510	1.475385e-3
ref_VLDALDSIK_z1	avg_mono_p1	1017.57503	1.000000e0
ref_VLDALDSIK_z1	avg_mono_p1	1018.57839	5.696760e-1
ref_VLDALDSIK_z1	avg_mono_p1	1019.58174	1.881980e-1
ref_VLDALDSIK_z1	avg_mono_p1	1020.58510	4.559517e-2
ref_VLDALDSIK_z1	avg_mono_p1	1021.58845	8.908001e-3
ref_VLDALDSIK_z1	avg_mono_p1	1022.59181	1.475385e-3
ref_EPISVSSQQMLK_z2	observed_composite	702.88049	1.255411e7
ref_EPISVSSQQMLK_z2	observed_composite	703.35956	5.535055e8
ref_EPISVSSQQMLK_z2	observed_composite	703.39553	6.806196e7
ref_EPISVSSQQMLK_z2	observed_composite	703.86151	4.015126e8
ref_EPISVSSQQMLK_z2	observed_composite	704.36237	1.755211e8
ref_EPISVSSQQMLK_z2	observed_composite	704.70874	2.807726e7
ref_EPISVSSQQMLK_z2	observed_composite	704.86304	5.459768e7
ref_EPISVSSQQMLK_z2	observed_composite	705.04315	2.388441e7
ref_EPISVSSQQMLK_z2	observed_composite	705.36389	4.870960e6
ref_EPISVSSQQMLK_z2	observed_composite	705.37738	5.511338e6
ref_EPISVSSQQMLK_z2	observed_composite	705.51929	2.798261e6
ref_EPISVSSQQMLK_z2	observed_composite	705.71082	1.172223e7
ref_EPISVSSQQMLK_z2	observed_composite	706.04535	2.968825e6
ref_EPISVSSQQMLK_z2	observed_composite	706.34338	1.519540e6
ref_EPISVSSQQMLK_z2	observed_apex	703.35956	6.769384e8
ref_EPISVSSQQMLK_z2	observed_apex	703.39563	5.127493e7
ref_EPISVSSQQMLK_z2	observed_apex	703.86108	3.913055e8
ref_EPISVSSQQMLK_z2	observed_apex	704.36212	2.029006e8
ref_EPISVSSQQMLK_z2	observed_apex	704.70807	3.140087e7
ref_EPISVSSQQMLK_z2	observed_apex	704.86261	6.520214e7
ref_EPISVSSQQMLK_z2	observed_apex	705.04315	2.921069e7
ref_EPISVSSQQMLK_z2	observed_apex	705.51929	1.026684e7
ref_EPISVSSQQMLK_z2	observed_apex	705.71082	1.433632e7
ref_EPISVSSQQMLK_z2	observed_apex	706.04535	1.089264e7
ref_EPISVSSQQMLK_z2	avg_mono	703.35993	1.000000e0
ref_EPISVSSQQMLK_z2	avg_mono	703.86160	7.585897e-1
ref_EPISVSSQQMLK_z2	avg_mono	704.36328	3.656877e-1
ref_EPISVSSQQMLK_z2	avg_mono	704.86496	1.315539e-1
ref_EPISVSSQQMLK_z2	avg_mono	705.36664	3.807814e-2
ref_EPISVSSQQMLK_z2	avg_mono	705.86831	9.254603e-3
ref_EPISVSSQQMLK_z2	avg_mono	706.36999	1.944642e-3
ref_EPISVSSQQMLK_z2	avg_mono_m1	702.85825	1.000000e0
ref_EPISVSSQQMLK_z2	avg_mono_m1	703.35993	7.585897e-1
ref_EPISVSSQQMLK_z2	avg_mono_m1	703.86160	3.656877e-1
ref_EPISVSSQQMLK_z2	avg_mono_m1	704.36328	1.315539e-1
ref_EPISVSSQQMLK_z2	avg_mono_m1	704.86496	3.807814e-2
ref_EPISVSSQQMLK_z2	avg_mono_m1	705.36664	9.254603e-3
ref_EPISVSSQQMLK_z2	avg_mono_m1	705.86831	1.944642e-3
ref_EPISVSSQQMLK_z2	avg_mono_p1	703.86160	1.000000e0
ref_EPISVSSQQMLK_z2	avg_mono_p1	704.36328	7.585897e-1
ref_EPISVSSQQMLK_z2	avg_mono_p1	704.86496	3.656877e-1
ref_EPISVSSQQMLK_z2	avg_mono_p1	705.36664	1.315539e-1
ref_EPISVSSQQMLK_z2	avg_mono_p1	705.86831	3.807814e-2
ref_EPISVSSQQMLK_z2	avg_mono_p1	706.36999	9.254603e-3
ref_EPISVSSQQMLK_z2	avg_mono_p1	706.87167	1.944642e-3
ref_YAAELHLVHWNTK_z3	observed_composite	541.75439	1.407023e6
ref_YAAELHLVHWNTK_z3	observed_composite	541.80115	3.309120e5
ref_YAAELHLVHWNTK_z3	observed_composite	541.94847	9.536432e5
ref_YAAELHLVHWNTK_z3	observed_composite	542.00385	1.280376e5
ref_YAAELHLVHWNTK_z3	observed_composite	542.21826	4.111840e5
ref_YAAELHLVHWNTK_z3	observed_composite	542.25027	2.648039e5
ref_YAAELHLVHWNTK_z3	observed_composite	542.26056	1.486130e6
ref_YAAELHLVHWNTK_z3	observed_composite	542.26556	1.265789e6
ref_YAAELHLVHWNTK_z3	observed_composite	542.28430	3.179514e8
ref_YAAELHLVHWNTK_z3	observed_composite	542.31055	1.353393e6
ref_YAAELHLVHWNTK_z3	observed_composite	542.31628	6.811250e5
ref_YAAELHLVHWNTK_z3	observed_composite	542.32947	4.582156e5
ref_YAAELHLVHWNTK_z3	observed_composite	542.40125	6.197018e4
ref_YAAELHLVHWNTK_z3	observed_composite	542.58057	8.581835e4
ref_YAAELHLVHWNTK_z3	observed_composite	542.58618	1.830592e5
ref_YAAELHLVHWNTK_z3	observed_composite	542.61859	2.999210e8
ref_YAAELHLVHWNTK_z3	observed_composite	542.64331	1.669092e6
ref_YAAELHLVHWNTK_z3	observed_composite	542.64868	9.490551e4
ref_YAAELHLVHWNTK_z3	observed_composite	542.65765	2.896533e5
ref_YAAELHLVHWNTK_z3	observed_composite	542.67761	5.637372e4
ref_YAAELHLVHWNTK_z3	observed_composite	542.76590	6.053574e5
ref_YAAELHLVHWNTK_z3	observed_composite	542.88696	7.092941e4
ref_YAAELHLVHWNTK_z3	observed_composite	542.95251	1.400897e8
ref_YAAELHLVHWNTK_z3	observed_composite	542.97717	2.838211e5
ref_YAAELHLVHWNTK_z3	observed_composite	543.04486	1.740902e5
ref_YAAELHLVHWNTK_z3	observed_composite	543.26184	1.376234e5
ref_YAAELHLVHWNTK_z3	observed_composite	543.26422	3.499428e5
ref_YAAELHLVHWNTK_z3	observed_composite	543.28583	4.594912e7
ref_YAAELHLVHWNTK_z3	observed_composite	543.31079	8.754013e4
ref_YAAELHLVHWNTK_z3	observed_composite	543.31903	8.213248e5
ref_YAAELHLVHWNTK_z3	observed_composite	543.46228	1.705262e6
ref_YAAELHLVHWNTK_z3	observed_composite	543.62134	1.376880e7
ref_YAAELHLVHWNTK_z3	observed_composite	543.66199	4.675107e5
ref_YAAELHLVHWNTK_z3	observed_composite	543.86469	1.969070e5
ref_YAAELHLVHWNTK_z3	observed_composite	543.95459	2.826980e6
ref_YAAELHLVHWNTK_z3	observed_composite	544.06403	1.458115e5
ref_YAAELHLVHWNTK_z3	observed_composite	544.09430	8.869246e4
ref_YAAELHLVHWNTK_z3	observed_composite	544.27661	3.426665e5
ref_YAAELHLVHWNTK_z3	observed_composite	544.29053	8.083920e5
ref_YAAELHLVHWNTK_z3	observed_composite	544.32263	4.685198e5
ref_YAAELHLVHWNTK_z3	observed_composite	544.33093	1.059390e5
ref_YAAELHLVHWNTK_z3	observed_composite	544.35013	3.956040e6
ref_YAAELHLVHWNTK_z3	observed_apex	541.75610	5.581757e5
ref_YAAELHLVHWNTK_z3	observed_apex	541.80121	2.636801e5
ref_YAAELHLVHWNTK_z3	observed_apex	541.95062	6.722250e5
ref_YAAELHLVHWNTK_z3	observed_apex	542.21936	3.296957e5
ref_YAAELHLVHWNTK_z3	observed_apex	542.24750	3.370884e5
ref_YAAELHLVHWNTK_z3	observed_apex	542.25305	1.258544e6
ref_YAAELHLVHWNTK_z3	observed_apex	542.26080	1.844388e6
ref_YAAELHLVHWNTK_z3	observed_apex	542.26556	1.906820e6
ref_YAAELHLVHWNTK_z3	observed_apex	542.28534	4.669341e8
ref_YAAELHLVHWNTK_z3	observed_apex	542.31055	2.038790e6
ref_YAAELHLVHWNTK_z3	observed_apex	542.31653	9.117361e5
ref_YAAELHLVHWNTK_z3	observed_apex	542.32452	2.653462e5
ref_YAAELHLVHWNTK_z3	observed_apex	542.40125	2.800610e5
ref_YAAELHLVHWNTK_z3	observed_apex	542.58057	3.878377e5
ref_YAAELHLVHWNTK_z3	observed_apex	542.58618	8.272968e5
ref_YAAELHLVHWNTK_z3	observed_apex	542.61835	4.260964e8
ref_YAAELHLVHWNTK_z3	observed_apex	542.64331	2.514368e6
ref_YAAELHLVHWNTK_z3	observed_apex	542.64868	4.289052e5
ref_YAAELHLVHWNTK_z3	observed_apex	542.65765	4.363421e5
ref_YAAELHLVHWNTK_z3	observed_apex	542.66248	3.870622e5
ref_YAAELHLVHWNTK_z3	observed_apex	542.67761	2.547690e5
ref_YAAELHLVHWNTK_z3	observed_apex	542.76630	4.967953e5
ref_YAAELHLVHWNTK_z3	observed_apex	542.88696	3.205503e5
ref_YAAELHLVHWNTK_z3	observed_apex	542.95190	2.099143e8
ref_YAAELHLVHWNTK_z3	observed_apex	542.97717	1.282669e6
ref_YAAELHLVHWNTK_z3	observed_apex	543.26184	6.219594e5
ref_YAAELHLVHWNTK_z3	observed_apex	543.28583	6.921907e7
ref_YAAELHLVHWNTK_z3	observed_apex	543.31079	3.956189e5
ref_YAAELHLVHWNTK_z3	observed_apex	543.46216	5.209535e5
ref_YAAELHLVHWNTK_z3	observed_apex	543.62030	1.846595e7
ref_YAAELHLVHWNTK_z3	observed_apex	543.66125	2.097402e5
ref_YAAELHLVHWNTK_z3	observed_apex	543.95459	4.258644e6
ref_YAAELHLVHWNTK_z3	observed_apex	544.09430	4.008266e5
ref_YAAELHLVHWNTK_z3	observed_apex	544.28943	9.252972e5
ref_YAAELHLVHWNTK_z3	observed_apex	544.34979	1.805016e6
ref_YAAELHLVHWNTK_z3	avg_mono	542.28698	1.000000e0
ref_YAAELHLVHWNTK_z3	avg_mono	542.62143	8.805749e-1
ref_YAAELHLVHWNTK_z3	avg_mono	542.95588	4.712243e-1
ref_YAAELHLVHWNTK_z3	avg_mono	543.29033	1.870066e-1
ref_YAAELHLVHWNTK_z3	avg_mono	543.62478	5.968504e-2
ref_YAAELHLVHWNTK_z3	avg_mono	543.95923	1.601761e-2
ref_YAAELHLVHWNTK_z3	avg_mono	544.29369	3.722191e-3
ref_YAAELHLVHWNTK_z3	avg_mono_m1	541.95252	1.000000e0
ref_YAAELHLVHWNTK_z3	avg_mono_m1	542.28698	8.805749e-1
ref_YAAELHLVHWNTK_z3	avg_mono_m1	542.62143	4.712243e-1
ref_YAAELHLVHWNTK_z3	avg_mono_m1	542.95588	1.870066e-1
ref_YAAELHLVHWNTK_z3	avg_mono_m1	543.29033	5.968504e-2
ref_YAAELHLVHWNTK_z3	avg_mono_m1	543.62478	1.601761e-2
ref_YAAELHLVHWNTK_z3	avg_mono_m1	543.95923	3.722191e-3
ref_YAAELHLVHWNTK_z3	avg_mono_p1	542.62143	1.000000e0
ref_YAAELHLVHWNTK_z3	avg_mono_p1	542.95588	8.805749e-1
ref_YAAELHLVHWNTK_z3	avg_mono_p1	543.29033	4.712243e-1
ref_YAAELHLVHWNTK_z3	avg_mono_p1	543.62478	1.870066e-1
ref_YAAELHLVHWNTK_z3	avg_mono_p1	543.95923	5.968504e-2
ref_YAAELHLVHWNTK_z3	avg_mono_p1	544.29369	1.601761e-2
ref_YAAELHLVHWNTK_z3	avg_mono_p1	544.62814	3.722191e-3
ref_YGDFGTAAQQPDGLAVVGVF_z2	observed_composite	1126.33618	2.770051e6
ref_YGDFGTAAQQPDGLAVVGVF_z2	observed_composite	1126.39453	2.441991e6
ref_YGDFGTAAQQPDGLAVVGVF_z2	observed_composite	1126.58496	2.076719e6
ref_YGDFGTAAQQPDGLAVVGVF_z2	observed_composite	1126.62634	1.988906e6
ref_YGDFGTAAQQPDGLAVVGVF_z2	observed_composite	1126.64868	5.228615e6
ref_YGDFGTAAQQPDGLAVVGVF_z2	observed_composite	1126.80554	3.096683e6
ref_YGDFGTAAQQPDGLAVVGVF_z2	observed_composite	1126.84167	1.021968e7
ref_YGDFGTAAQQPDGLAVVGVF_z2	observed_composite	1127.00659	2.919897e6
ref_YGDFGTAAQQPDGLAVVGVF_z2	observed_composite	1127.09167	1.583163e7
ref_YGDFGTAAQQPDGLAVVGVF_z2	observed_composite	1127.33264	2.454136e6
ref_YGDFGTAAQQPDGLAVVGVF_z2	observed_composite	1127.59155	2.516099e7
ref_YGDFGTAAQQPDGLAVVGVF_z2	observed_composite	1127.72852	4.982273e6
ref_YGDFGTAAQQPDGLAVVGVF_z2	observed_composite	1127.77197	5.005353e6
ref_YGDFGTAAQQPDGLAVVGVF_z2	observed_composite	1127.81104	5.645951e6
ref_YGDFGTAAQQPDGLAVVGVF_z2	observed_composite	1127.92468	2.105509e7
ref_YGDFGTAAQQPDGLAVVGVF_z2	observed_composite	1127.96375	2.977899e6
ref_YGDFGTAAQQPDGLAVVGVF_z2	observed_composite	1128.09265	1.521184e7
ref_YGDFGTAAQQPDGLAVVGVF_z2	observed_composite	1128.13025	1.019732e6
ref_YGDFGTAAQQPDGLAVVGVF_z2	observed_composite	1128.14392	2.244516e6
ref_YGDFGTAAQQPDGLAVVGVF_z2	observed_composite	1128.35559	3.081391e6
ref_YGDFGTAAQQPDGLAVVGVF_z2	observed_composite	1128.51331	2.382047e6
ref_YGDFGTAAQQPDGLAVVGVF_z2	observed_composite	1128.83716	2.313648e6
ref_YGDFGTAAQQPDGLAVVGVF_z2	observed_composite	1128.85059	1.894869e6
ref_YGDFGTAAQQPDGLAVVGVF_z2	observed_composite	1129.35754	4.957159e6
ref_YGDFGTAAQQPDGLAVVGVF_z2	observed_composite	1129.57520	1.981494e6
ref_YGDFGTAAQQPDGLAVVGVF_z2	observed_composite	1130.29639	1.508663e6
ref_YGDFGTAAQQPDGLAVVGVF_z2	observed_composite	1130.33228	1.701511e6
ref_YGDFGTAAQQPDGLAVVGVF_z2	observed_composite	1130.36719	6.111121e6
ref_YGDFGTAAQQPDGLAVVGVF_z2	observed_apex	1126.84167	4.327338e7
ref_YGDFGTAAQQPDGLAVVGVF_z2	observed_apex	1127.09192	1.738616e7
ref_YGDFGTAAQQPDGLAVVGVF_z2	observed_apex	1127.59155	3.551323e7
ref_YGDFGTAAQQPDGLAVVGVF_z2	observed_apex	1127.77197	2.119427e7
ref_YGDFGTAAQQPDGLAVVGVF_z2	observed_apex	1127.81104	2.390676e7
ref_YGDFGTAAQQPDGLAVVGVF_z2	observed_apex	1128.09558	1.716752e7
ref_YGDFGTAAQQPDGLAVVGVF_z2	observed_apex	1130.36719	2.587644e7
ref_YGDFGTAAQQPDGLAVVGVF_z2	avg_mono	1127.08988	8.288118e-1
ref_YGDFGTAAQQPDGLAVVGVF_z2	avg_mono	1127.59155	1.000000e0
ref_YGDFGTAAQQPDGLAVVGVF_z2	avg_mono	1128.09323	6.864746e-1
ref_YGDFGTAAQQPDGLAVVGVF_z2	avg_mono	1128.59491	3.427349e-1
ref_YGDFGTAAQQPDGLAVVGVF_z2	avg_mono	1129.09659	1.367942e-1
ref_YGDFGTAAQQPDGLAVVGVF_z2	avg_mono	1129.59826	4.588154e-2
ref_YGDFGTAAQQPDGLAVVGVF_z2	avg_mono	1130.09994	1.334199e-2
ref_YGDFGTAAQQPDGLAVVGVF_z2	avg_mono	1130.60162	3.436956e-3
ref_YGDFGTAAQQPDGLAVVGVF_z2	avg_mono_m1	1126.58820	8.288118e-1
ref_YGDFGTAAQQPDGLAVVGVF_z2	avg_mono_m1	1127.08988	1.000000e0
ref_YGDFGTAAQQPDGLAVVGVF_z2	avg_mono_m1	1127.59155	6.864746e-1
ref_YGDFGTAAQQPDGLAVVGVF_z2	avg_mono_m1	1128.09323	3.427349e-1
ref_YGDFGTAAQQPDGLAVVGVF_z2	avg_mono_m1	1128.59491	1.367942e-1
ref_YGDFGTAAQQPDGLAVVGVF_z2	avg_mono_m1	1129.09659	4.588154e-2
ref_YGDFGTAAQQPDGLAVVGVF_z2	avg_mono_m1	1129.59826	1.334199e-2
ref_YGDFGTAAQQPDGLAVVGVF_z2	avg_mono_m1	1130.09994	3.436956e-3
ref_YGDFGTAAQQPDGLAVVGVF_z2	avg_mono_p1	1127.59155	8.288118e-1
ref_YGDFGTAAQQPDGLAVVGVF_z2	avg_mono_p1	1128.09323	1.000000e0
ref_YGDFGTAAQQPDGLAVVGVF_z2	avg_mono_p1	1128.59491	6.864746e-1
ref_YGDFGTAAQQPDGLAVVGVF_z2	avg_mono_p1	1129.09659	3.427349e-1
ref_YGDFGTAAQQPDGLAVVGVF_z2	avg_mono_p1	1129.59826	1.367942e-1
ref_YGDFGTAAQQPDGLAVVGVF_z2	avg_mono_p1	1130.09994	4.588154e-2
ref_YGDFGTAAQQPDGLAVVGVF_z2	avg_mono_p1	1130.60162	1.334199e-2
ref_YGDFGTAAQQPDGLAVVGVF_z2	avg_mono_p1	1131.10330	3.436956e-3
ref_AVVQDPALKPLALVYGEATS_z3	observed_composite	775.76819	1.973449e6
ref_AVVQDPALKPLALVYGEATS_z3	observed_composite	775.79456	3.730054e6
ref_AVVQDPALKPLALVYGEATS_z3	observed_composite	775.88831	3.981452e6
ref_AVVQDPALKPLALVYGEATS_z3	observed_composite	776.00232	3.598705e6
ref_AVVQDPALKPLALVYGEATS_z3	observed_composite	776.02460	3.239752e6
ref_AVVQDPALKPLALVYGEATS_z3	observed_composite	776.06177	5.385499e6
ref_AVVQDPALKPLALVYGEATS_z3	observed_composite	776.10449	1.789574e9
ref_AVVQDPALKPLALVYGEATS_z3	observed_composite	776.24268	3.403070e6
ref_AVVQDPALKPLALVYGEATS_z3	observed_composite	776.31757	4.710650e6
ref_AVVQDPALKPLALVYGEATS_z3	observed_composite	776.43860	2.253762e9
ref_AVVQDPALKPLALVYGEATS_z3	observed_composite	776.70850	4.049373e6
ref_AVVQDPALKPLALVYGEATS_z3	observed_composite	776.73108	3.441053e6
ref_AVVQDPALKPLALVYGEATS_z3	observed_composite	776.77281	1.453852e9
ref_AVVQDPALKPLALVYGEATS_z3	observed_composite	776.81787	3.164417e6
ref_AVVQDPALKPLALVYGEATS_z3	observed_composite	777.06531	6.356080e6
ref_AVVQDPALKPLALVYGEATS_z3	observed_composite	777.10706	7.531829e8
ref_AVVQDPALKPLALVYGEATS_z3	observed_composite	777.23303	4.812151e6
ref_AVVQDPALKPLALVYGEATS_z3	observed_composite	777.38531	3.244113e6
ref_AVVQDPALKPLALVYGEATS_z3	observed_composite	777.44165	2.794278e8
ref_AVVQDPALKPLALVYGEATS_z3	observed_composite	777.56238	2.295816e6
ref_AVVQDPALKPLALVYGEATS_z3	observed_composite	777.69354	5.087901e6
ref_AVVQDPALKPLALVYGEATS_z3	observed_composite	777.75684	4.652388e6
ref_AVVQDPALKPLALVYGEATS_z3	observed_composite	777.77592	9.647128e7
ref_AVVQDPALKPLALVYGEATS_z3	observed_composite	777.82776	2.922342e6
ref_AVVQDPALKPLALVYGEATS_z3	observed_composite	778.06714	3.385871e6
ref_AVVQDPALKPLALVYGEATS_z3	observed_composite	778.11023	2.734780e7
ref_AVVQDPALKPLALVYGEATS_z3	observed_composite	778.25244	9.553000e6
ref_AVVQDPALKPLALVYGEATS_z3	observed_composite	778.34448	5.509257e6
ref_AVVQDPALKPLALVYGEATS_z3	observed_composite	778.41364	3.121580e6
ref_AVVQDPALKPLALVYGEATS_z3	observed_composite	778.52502	3.294264e7
ref_AVVQDPALKPLALVYGEATS_z3	observed_apex	775.76819	1.451074e7
ref_AVVQDPALKPLALVYGEATS_z3	observed_apex	776.02460	2.382184e7
ref_AVVQDPALKPLALVYGEATS_z3	observed_apex	776.10449	4.386235e9
ref_AVVQDPALKPLALVYGEATS_z3	observed_apex	776.43866	5.179813e9
ref_AVVQDPALKPLALVYGEATS_z3	observed_apex	776.73108	2.530201e7
ref_AVVQDPALKPLALVYGEATS_z3	observed_apex	776.77283	3.545700e9
ref_AVVQDPALKPLALVYGEATS_z3	observed_apex	777.10706	1.805396e9
ref_AVVQDPALKPLALVYGEATS_z3	observed_apex	777.44141	6.577201e8
ref_AVVQDPALKPLALVYGEATS_z3	observed_apex	777.56238	1.688110e7
ref_AVVQDPALKPLALVYGEATS_z3	observed_apex	777.77606	2.809626e8
ref_AVVQDPALKPLALVYGEATS_z3	observed_apex	777.82776	2.148793e7
ref_AVVQDPALKPLALVYGEATS_z3	observed_apex	778.11023	6.702929e7
ref_AVVQDPALKPLALVYGEATS_z3	avg_mono	776.43234	7.878775e-1
ref_AVVQDPALKPLALVYGEATS_z3	avg_mono	776.76679	1.000000e0
ref_AVVQDPALKPLALVYGEATS_z3	avg_mono	777.10125	7.150866e-1
ref_AVVQDPALKPLALVYGEATS_z3	avg_mono	777.43570	3.703650e-1
ref_AVVQDPALKPLALVYGEATS_z3	avg_mono	777.77015	1.530326e-1
ref_AVVQDPALKPLALVYGEATS_z3	avg_mono	778.10460	5.307975e-2
ref_AVVQDPALKPLALVYGEATS_z3	avg_mono	778.43905	1.595198e-2
ref_AVVQDPALKPLALVYGEATS_z3	avg_mono	778.77350	4.245217e-3
ref_AVVQDPALKPLALVYGEATS_z3	avg_mono	779.10796	1.016552e-3
ref_AVVQDPALKPLALVYGEATS_z3	avg_mono_m1	776.09789	7.878775e-1
ref_AVVQDPALKPLALVYGEATS_z3	avg_mono_m1	776.43234	1.000000e0
ref_AVVQDPALKPLALVYGEATS_z3	avg_mono_m1	776.76679	7.150866e-1
ref_AVVQDPALKPLALVYGEATS_z3	avg_mono_m1	777.10125	3.703650e-1
ref_AVVQDPALKPLALVYGEATS_z3	avg_mono_m1	777.43570	1.530326e-1
ref_AVVQDPALKPLALVYGEATS_z3	avg_mono_m1	777.77015	5.307975e-2
ref_AVVQDPALKPLALVYGEATS_z3	avg_mono_m1	778.10460	1.595198e-2
ref_AVVQDPALKPLALVYGEATS_z3	avg_mono_m1	778.43905	4.245217e-3
ref_AVVQDPALKPLALVYGEATS_z3	avg_mono_m1	778.77350	1.016552e-3
ref_AVVQDPALKPLALVYGEATS_z3	avg_mono_p1	776.76679	7.878775e-1
ref_AVVQDPALKPLALVYGEATS_z3	avg_mono_p1	777.10125	1.000000e0
ref_AVVQDPALKPLALVYGEATS_z3	avg_mono_p1	777.43570	7.150866e-1
ref_AVVQDPALKPLALVYGEATS_z3	avg_mono_p1	777.77015	3.703650e-1
ref_AVVQDPALKPLALVYGEATS_z3	avg_mono_p1	778.10460	1.530326e-1
ref_AVVQDPALKPLALVYGEATS_z3	avg_mono_p1	778.43905	5.307975e-2
ref_AVVQDPALKPLALVYGEATS_z3	avg_mono_p1	778.77350	1.595198e-2
ref_AVVQDPALKPLALVYGEATS_z3	avg_mono_p1	779.10796	4.245217e-3
ref_AVVQDPALKPLALVYGEATS_z3	avg_mono_p1	779.44241	1.016552e-3
ref_MVNNGHSFNVEYDDSQDKAV_z4	observed_composite	863.91852	1.066042e7
ref_MVNNGHSFNVEYDDSQDKAV_z4	observed_composite	864.16553	5.142192e7
ref_MVNNGHSFNVEYDDSQDKAV_z4	observed_composite	864.41561	7.004905e7
ref_MVNNGHSFNVEYDDSQDKAV_z4	observed_composite	864.66565	7.347728e7
ref_MVNNGHSFNVEYDDSQDKAV_z4	observed_composite	864.91644	5.756361e7
ref_MVNNGHSFNVEYDDSQDKAV_z4	observed_composite	865.14551	3.481929e5
ref_MVNNGHSFNVEYDDSQDKAV_z4	observed_composite	865.16687	2.783857e7
ref_MVNNGHSFNVEYDDSQDKAV_z4	observed_composite	865.39484	1.657550e6
ref_MVNNGHSFNVEYDDSQDKAV_z4	observed_composite	865.41748	1.281805e7
ref_MVNNGHSFNVEYDDSQDKAV_z4	observed_composite	865.66772	1.738898e6
ref_MVNNGHSFNVEYDDSQDKAV_z4	observed_composite	865.66888	8.257940e6
ref_MVNNGHSFNVEYDDSQDKAV_z4	observed_composite	865.92242	4.382045e5
ref_MVNNGHSFNVEYDDSQDKAV_z4	observed_composite	866.17188	2.970645e5
ref_MVNNGHSFNVEYDDSQDKAV_z4	observed_apex	863.91779	1.432290e7
ref_MVNNGHSFNVEYDDSQDKAV_z4	observed_apex	864.16559	6.687345e7
ref_MVNNGHSFNVEYDDSQDKAV_z4	observed_apex	864.41516	1.239180e8
ref_MVNNGHSFNVEYDDSQDKAV_z4	observed_apex	864.66565	1.341853e8
ref_MVNNGHSFNVEYDDSQDKAV_z4	observed_apex	864.91644	9.042390e7
ref_MVNNGHSFNVEYDDSQDKAV_z4	observed_apex	865.14551	1.907625e6
ref_MVNNGHSFNVEYDDSQDKAV_z4	observed_apex	865.16705	5.069398e7
ref_MVNNGHSFNVEYDDSQDKAV_z4	observed_apex	865.39563	2.486852e6
ref_MVNNGHSFNVEYDDSQDKAV_z4	observed_apex	865.41748	2.158323e7
ref_MVNNGHSFNVEYDDSQDKAV_z4	observed_apex	865.66772	9.526808e6
ref_MVNNGHSFNVEYDDSQDKAV_z4	observed_apex	866.17188	1.627511e6
ref_MVNNGHSFNVEYDDSQDKAV_z4	avg_mono	864.41353	5.369485e-1
ref_MVNNGHSFNVEYDDSQDKAV_z4	avg_mono	864.66437	9.994659e-1
ref_MVNNGHSFNVEYDDSQDKAV_z4	avg_mono	864.91520	1.000000e0
ref_MVNNGHSFNVEYDDSQDKAV_z4	avg_mono	865.16604	7.069108e-1
ref_MVNNGHSFNVEYDDSQDKAV_z4	avg_mono	865.41688	3.931860e-1
ref_MVNNGHSFNVEYDDSQDKAV_z4	avg_mono	865.66772	1.821566e-1
ref_MVNNGHSFNVEYDDSQDKAV_z4	avg_mono	865.91856	7.280047e-2
ref_MVNNGHSFNVEYDDSQDKAV_z4	avg_mono	866.16940	2.570179e-2
ref_MVNNGHSFNVEYDDSQDKAV_z4	avg_mono	866.42024	8.153779e-3
ref_MVNNGHSFNVEYDDSQDKAV_z4	avg_mono	866.67107	2.354686e-3
ref_MVNNGHSFNVEYDDSQDKAV_z4	avg_mono_m1	864.16269	5.369485e-1
ref_MVNNGHSFNVEYDDSQDKAV_z4	avg_mono_m1	864.41353	9.994659e-1
ref_MVNNGHSFNVEYDDSQDKAV_z4	avg_mono_m1	864.66437	1.000000e0
ref_MVNNGHSFNVEYDDSQDKAV_z4	avg_mono_m1	864.91520	7.069108e-1
ref_MVNNGHSFNVEYDDSQDKAV_z4	avg_mono_m1	865.16604	3.931860e-1
ref_MVNNGHSFNVEYDDSQDKAV_z4	avg_mono_m1	865.41688	1.821566e-1
ref_MVNNGHSFNVEYDDSQDKAV_z4	avg_mono_m1	865.66772	7.280047e-2
ref_MVNNGHSFNVEYDDSQDKAV_z4	avg_mono_m1	865.91856	2.570179e-2
ref_MVNNGHSFNVEYDDSQDKAV_z4	avg_mono_m1	866.16940	8.153779e-3
ref_MVNNGHSFNVEYDDSQDKAV_z4	avg_mono_m1	866.42024	2.354686e-3
ref_MVNNGHSFNVEYDDSQDKAV_z4	avg_mono_p1	864.66437	5.369485e-1
ref_MVNNGHSFNVEYDDSQDKAV_z4	avg_mono_p1	864.91520	9.994659e-1
ref_MVNNGHSFNVEYDDSQDKAV_z4	avg_mono_p1	865.16604	1.000000e0
ref_MVNNGHSFNVEYDDSQDKAV_z4	avg_mono_p1	865.41688	7.069108e-1
ref_MVNNGHSFNVEYDDSQDKAV_z4	avg_mono_p1	865.66772	3.931860e-1
ref_MVNNGHSFNVEYDDSQDKAV_z4	avg_mono_p1	865.91856	1.821566e-1
ref_MVNNGHSFNVEYDDSQDKAV_z4	avg_mono_p1	866.16940	7.280047e-2
ref_MVNNGHSFNVEYDDSQDKAV_z4	avg_mono_p1	866.42024	2.570179e-2
ref_MVNNGHSFNVEYDDSQDKAV_z4	avg_mono_p1	866.67107	8.153779e-3
ref_MVNNGHSFNVEYDDSQDKAV_z4	avg_mono_p1	866.92191	2.354686e-3
ref_SQYEQLAEQNRK_z2	observed_composite	768.30640	7.632870e4
ref_SQYEQLAEQNRK_z2	observed_composite	768.88116	1.360727e7
ref_SQYEQLAEQNRK_z2	observed_composite	769.07678	1.211124e6
ref_SQYEQLAEQNRK_z2	observed_composite	769.32288	1.301412e6
ref_SQYEQLAEQNRK_z2	observed_composite	769.36676	1.941303e6
ref_SQYEQLAEQNRK_z2	observed_composite	769.38251	9.428682e6
ref_SQYEQLAEQNRK_z2	observed_composite	769.48920	8.648070e4
ref_SQYEQLAEQNRK_z2	observed_composite	769.88397	4.570349e6
ref_SQYEQLAEQNRK_z2	observed_composite	770.38495	1.175545e6
ref_SQYEQLAEQNRK_z2	observed_composite	770.67633	1.255350e5
ref_SQYEQLAEQNRK_z2	observed_composite	770.88757	1.165935e5
ref_SQYEQLAEQNRK_z2	observed_composite	771.37360	9.607893e4
ref_SQYEQLAEQNRK_z2	observed_composite	771.67487	1.917370e5
ref_SQYEQLAEQNRK_z2	observed_composite	771.98523	1.162747e5
ref_SQYEQLAEQNRK_z2	observed_composite	772.00565	3.410974e6
ref_SQYEQLAEQNRK_z2	observed_apex	768.30640	4.193737e5
ref_SQYEQLAEQNRK_z2	observed_apex	768.88116	2.492087e7
ref_SQYEQLAEQNRK_z2	observed_apex	769.38251	1.726804e7
ref_SQYEQLAEQNRK_z2	observed_apex	769.88397	8.370308e6
ref_SQYEQLAEQNRK_z2	observed_apex	770.38495	2.152937e6
ref_SQYEQLAEQNRK_z2	observed_apex	770.88757	6.406008e5
ref_SQYEQLAEQNRK_z2	observed_apex	772.00562	1.531454e6
ref_SQYEQLAEQNRK_z2	avg_mono	768.88118	1.000000e0
ref_SQYEQLAEQNRK_z2	avg_mono	769.38285	8.180036e-1
ref_SQYEQLAEQNRK_z2	avg_mono	769.88453	4.163341e-1
ref_SQYEQLAEQNRK_z2	avg_mono	770.38621	1.577724e-1
ref_SQYEQLAEQNRK_z2	avg_mono	770.88789	4.814221e-2
ref_SQYEQLAEQNRK_z2	avg_mono	771.38956	1.235438e-2
ref_SQYEQLAEQNRK_z2	avg_mono	771.89124	2.745264e-3
ref_SQYEQLAEQNRK_z2	avg_mono_m1	768.37950	1.000000e0
ref_SQYEQLAEQNRK_z2	avg_mono_m1	768.88118	8.180036e-1
ref_SQYEQLAEQNRK_z2	avg_mono_m1	769.38285	4.163341e-1
ref_SQYEQLAEQNRK_z2	avg_mono_m1	769.88453	1.577724e-1
ref_SQYEQLAEQNRK_z2	avg_mono_m1	770.38621	4.814221e-2
ref_SQYEQLAEQNRK_z2	avg_mono_m1	770.88789	1.235438e-2
ref_SQYEQLAEQNRK_z2	avg_mono_m1	771.38956	2.745264e-3
ref_SQYEQLAEQNRK_z2	avg_mono_p1	769.38285	1.000000e0
ref_SQYEQLAEQNRK_z2	avg_mono_p1	769.88453	8.180036e-1
ref_SQYEQLAEQNRK_z2	avg_mono_p1	770.38621	4.163341e-1
ref_SQYEQLAEQNRK_z2	avg_mono_p1	770.88789	1.577724e-1
ref_SQYEQLAEQNRK_z2	avg_mono_p1	771.38956	4.814221e-2
ref_SQYEQLAEQNRK_z2	avg_mono_p1	771.89124	1.235438e-2
ref_SQYEQLAEQNRK_z2	avg_mono_p1	772.39292	2.745264e-3
ref_LVQFHFHWGSSDDQGSEHTV_z5	observed_composite	554.24652	2.069816e6
ref_LVQFHFHWGSSDDQGSEHTV_z5	observed_composite	554.25903	5.436910e5
ref_LVQFHFHWGSSDDQGSEHTV_z5	observed_composite	554.28345	1.992348e5
ref_LVQFHFHWGSSDDQGSEHTV_z5	observed_composite	554.31384	7.406017e5
ref_LVQFHFHWGSSDDQGSEHTV_z5	observed_composite	554.44788	9.845116e5
ref_LVQFHFHWGSSDDQGSEHTV_z5	observed_composite	554.55011	1.300808e5
ref_LVQFHFHWGSSDDQGSEHTV_z5	observed_composite	554.66650	3.215130e6
ref_LVQFHFHWGSSDDQGSEHTV_z5	observed_composite	554.66663	1.652470e7
ref_LVQFHFHWGSSDDQGSEHTV_z5	observed_composite	554.72412	1.262620e5
ref_LVQFHFHWGSSDDQGSEHTV_z5	observed_composite	554.78375	1.134198e5
ref_LVQFHFHWGSSDDQGSEHTV_z5	observed_composite	554.86707	1.828232e7
ref_LVQFHFHWGSSDDQGSEHTV_z5	observed_composite	555.02588	1.347766e5
ref_LVQFHFHWGSSDDQGSEHTV_z5	observed_composite	555.05084	1.995122e5
ref_LVQFHFHWGSSDDQGSEHTV_z5	observed_composite	555.06781	1.763576e7
ref_LVQFHFHWGSSDDQGSEHTV_z5	observed_composite	555.10315	1.158691e5
ref_LVQFHFHWGSSDDQGSEHTV_z5	observed_composite	555.26776	9.361211e6
ref_LVQFHFHWGSSDDQGSEHTV_z5	observed_composite	555.28674	1.960694e5
ref_LVQFHFHWGSSDDQGSEHTV_z5	observed_composite	555.32068	1.900208e6
ref_LVQFHFHWGSSDDQGSEHTV_z5	observed_composite	555.43390	1.809475e5
ref_LVQFHFHWGSSDDQGSEHTV_z5	observed_composite	555.46802	2.343385e6
ref_LVQFHFHWGSSDDQGSEHTV_z5	observed_composite	555.52875	1.469428e5
ref_LVQFHFHWGSSDDQGSEHTV_z5	observed_composite	555.62469	2.102877e5
ref_LVQFHFHWGSSDDQGSEHTV_z5	observed_composite	555.64594	7.568310e5
ref_LVQFHFHWGSSDDQGSEHTV_z5	observed_composite	555.66376	6.781991e5
ref_LVQFHFHWGSSDDQGSEHTV_z5	observed_composite	555.66882	5.075636e5
ref_LVQFHFHWGSSDDQGSEHTV_z5	observed_composite	555.87006	3.024933e5
ref_LVQFHFHWGSSDDQGSEHTV_z5	observed_apex	554.66663	1.986909e7
ref_LVQFHFHWGSSDDQGSEHTV_z5	observed_apex	554.86700	1.313062e7
ref_LVQFHFHWGSSDDQGSEHTV_z5	observed_apex	555.06781	2.120502e7
ref_LVQFHFHWGSSDDQGSEHTV_z5	observed_apex	555.26776	1.125580e7
ref_LVQFHFHWGSSDDQGSEHTV_z5	observed_apex	555.31958	2.283823e6
ref_LVQFHFHWGSSDDQGSEHTV_z5	observed_apex	555.46802	2.817657e6
ref_LVQFHFHWGSSDDQGSEHTV_z5	observed_apex	555.66376	2.446374e6
ref_LVQFHFHWGSSDDQGSEHTV_z5	avg_mono	554.66648	6.671786e-1
ref_LVQFHFHWGSSDDQGSEHTV_z5	avg_mono	554.86715	1.000000e0
ref_LVQFHFHWGSSDDQGSEHTV_z5	avg_mono	555.06782	8.250292e-1
ref_LVQFHFHWGSSDDQGSEHTV_z5	avg_mono	555.26849	4.875249e-1
ref_LVQFHFHWGSSDDQGSEHTV_z5	avg_mono	555.46916	2.285324e-1
ref_LVQFHFHWGSSDDQGSEHTV_z5	avg_mono	555.66983	8.967534e-2
ref_LVQFHFHWGSSDDQGSEHTV_z5	avg_mono	555.87050	3.044865e-2
ref_LVQFHFHWGSSDDQGSEHTV_z5	avg_mono	556.07117	9.150107e-3
ref_LVQFHFHWGSSDDQGSEHTV_z5	avg_mono	556.27184	2.473809e-3
ref_LVQFHFHWGSSDDQGSEHTV_z5	avg_mono_m1	554.46581	6.671786e-1
ref_LVQFHFHWGSSDDQGSEHTV_z5	avg_mono_m1	554.66648	1.000000e0
ref_LVQFHFHWGSSDDQGSEHTV_z5	avg_mono_m1	554.86715	8.250292e-1
ref_LVQFHFHWGSSDDQGSEHTV_z5	avg_mono_m1	555.06782	4.875249e-1
ref_LVQFHFHWGSSDDQGSEHTV_z5	avg_mono_m1	555.26849	2.285324e-1
ref_LVQFHFHWGSSDDQGSEHTV_z5	avg_mono_m1	555.46916	8.967534e-2
ref_LVQFHFHWGSSDDQGSEHTV_z5	avg_mono_m1	555.66983	3.044865e-2
ref_LVQFHFHWGSSDDQGSEHTV_z5	avg_mono_m1	555.87050	9.150107e-3
ref_LVQFHFHWGSSDDQGSEHTV_z5	avg_mono_m1	556.07117	2.473809e-3
ref_LVQFHFHWGSSDDQGSEHTV_z5	avg_mono_p1	554.86715	6.671786e-1
ref_LVQFHFHWGSSDDQGSEHTV_z5	avg_mono_p1	555.06782	1.000000e0
ref_LVQFHFHWGSSDDQGSEHTV_z5	avg_mono_p1	555.26849	8.250292e-1
ref_LVQFHFHWGSSDDQGSEHTV_z5	avg_mono_p1	555.46916	4.875249e-1
ref_LVQFHFHWGSSDDQGSEHTV_z5	avg_mono_p1	555.66983	2.285324e-1
ref_LVQFHFHWGSSDDQGSEHTV_z5	avg_mono_p1	555.87050	8.967534e-2
ref_LVQFHFHWGSSDDQGSEHTV_z5	avg_mono_p1	556.07117	3.044865e-2
ref_LVQFHFHWGSSDDQGSEHTV_z5	avg_mono_p1	556.27184	9.150107e-3
ref_LVQFHFHWGSSDDQGSEHTV_z5	avg_mono_p1	556.47252	2.473809e-3
ref_EIEIDIEPTDKVER_z2	observed_composite	843.39358	1.439670e7
ref_EIEIDIEPTDKVER_z2	observed_composite	843.41864	2.283971e8
ref_EIEIDIEPTDKVER_z2	observed_composite	844.38873	2.231480e7
ref_EIEIDIEPTDKVER_z2	observed_composite	844.39447	1.734859e6
ref_EIEIDIEPTDKVER_z2	observed_composite	844.42145	8.249371e7
ref_EIEIDIEPTDKVER_z2	observed_composite	844.63904	4.260552e7
ref_EIEIDIEPTDKVER_z2	observed_composite	844.88892	1.713850e7
ref_EIEIDIEPTDKVER_z2	observed_composite	845.13928	1.279503e7
ref_EIEIDIEPTDKVER_z2	observed_composite	845.39044	7.607743e6
ref_EIEIDIEPTDKVER_z2	observed_composite	845.42395	3.242166e7
ref_EIEIDIEPTDKVER_z2	observed_composite	845.64026	8.608479e6
ref_EIEIDIEPTDKVER_z2	observed_composite	845.71936	1.239101e6
ref_EIEIDIEPTDKVER_z2	observed_composite	845.89001	1.856758e6
ref_EIEIDIEPTDKVER_z2	observed_composite	846.40015	8.002529e5
ref_EIEIDIEPTDKVER_z2	observed_composite	846.42676	7.970719e5
ref_EIEIDIEPTDKVER_z2	observed_apex	843.39313	2.057678e7
ref_EIEIDIEPTDKVER_z2	observed_apex	843.41876	1.906223e8
ref_EIEIDIEPTDKVER_z2	observed_apex	844.39032	6.445517e6
ref_EIEIDIEPTDKVER_z2	observed_apex	844.39447	5.351679e6
ref_EIEIDIEPTDKVER_z2	observed_apex	844.42163	8.236590e7
ref_EIEIDIEPTDKVER_z2	observed_apex	844.63873	1.752541e7
ref_EIEIDIEPTDKVER_z2	observed_apex	844.88818	8.600869e6
ref_EIEIDIEPTDKVER_z2	observed_apex	845.13849	4.643481e6
ref_EIEIDIEPTDKVER_z2	observed_apex	845.42529	2.066672e7
ref_EIEIDIEPTDKVER_z2	observed_apex	845.64001	4.989600e6
ref_EIEIDIEPTDKVER_z2	observed_apex	845.71936	3.822367e6
ref_EIEIDIEPTDKVER_z2	avg_mono	843.41838	1.000000e0
ref_EIEIDIEPTDKVER_z2	avg_mono	843.92005	9.030473e-1
ref_EIEIDIEPTDKVER_z2	avg_mono	844.42173	4.932034e-1
ref_EIEIDIEPTDKVER_z2	avg_mono	844.92341	1.995705e-1
ref_EIEIDIEPTDKVER_z2	avg_mono	845.42509	6.496004e-2
ref_EIEIDIEPTDKVER_z2	avg_mono	845.92676	1.779017e-2
ref_EIEIDIEPTDKVER_z2	avg_mono	846.42844	4.221533e-3
ref_EIEIDIEPTDKVER_z2	avg_mono_m1	842.91670	1.000000e0
ref_EIEIDIEPTDKVER_z2	avg_mono_m1	843.41838	9.030473e-1
ref_EIEIDIEPTDKVER_z2	avg_mono_m1	843.92005	4.932034e-1
ref_EIEIDIEPTDKVER_z2	avg_mono_m1	844.42173	1.995705e-1
ref_EIEIDIEPTDKVER_z2	avg_mono_m1	844.92341	6.496004e-2
ref_EIEIDIEPTDKVER_z2	avg_mono_m1	845.42509	1.779017e-2
ref_EIEIDIEPTDKVER_z2	avg_mono_m1	845.92676	4.221533e-3
ref_EIEIDIEPTDKVER_z2	avg_mono_p1	843.92005	1.000000e0
ref_EIEIDIEPTDKVER_z2	avg_mono_p1	844.42173	9.030473e-1
ref_EIEIDIEPTDKVER_z2	avg_mono_p1	844.92341	4.932034e-1
ref_EIEIDIEPTDKVER_z2	avg_mono_p1	845.42509	1.995705e-1
ref_EIEIDIEPTDKVER_z2	avg_mono_p1	845.92676	6.496004e-2
ref_EIEIDIEPTDKVER_z2	avg_mono_p1	846.42844	1.779017e-2
ref_EIEIDIEPTDKVER_z2	avg_mono_p1	846.93012	4.221533e-3
ref_LVQFHFHWGSSDDQGSEHTV_z5	observed_composite	542.85842	2.824863e6
ref_LVQFHFHWGSSDDQGSEHTV_z5	observed_composite	543.04895	2.883318e5
ref_LVQFHFHWGSSDDQGSEHTV_z5	observed_composite	543.06063	6.999661e6
ref_LVQFHFHWGSSDDQGSEHTV_z5	observed_composite	543.07208	7.983351e5
ref_LVQFHFHWGSSDDQGSEHTV_z5	observed_composite	543.18433	7.001564e5
ref_LVQFHFHWGSSDDQGSEHTV_z5	observed_composite	543.23785	1.931191e6
ref_LVQFHFHWGSSDDQGSEHTV_z5	observed_composite	543.26227	1.072675e9
ref_LVQFHFHWGSSDDQGSEHTV_z5	observed_composite	543.29340	3.201261e6
ref_LVQFHFHWGSSDDQGSEHTV_z5	observed_composite	543.38391	8.005333e5
ref_LVQFHFHWGSSDDQGSEHTV_z5	observed_composite	543.39636	4.647724e5
ref_LVQFHFHWGSSDDQGSEHTV_z5	observed_composite	543.43319	4.481594e6
ref_LVQFHFHWGSSDDQGSEHTV_z5	observed_composite	543.46265	1.502408e9
ref_LVQFHFHWGSSDDQGSEHTV_z5	observed_composite	543.48798	1.825873e6
ref_LVQFHFHWGSSDDQGSEHTV_z5	observed_composite	543.53473	3.750943e5
ref_LVQFHFHWGSSDDQGSEHTV_z5	observed_composite	543.61084	4.698898e5
ref_LVQFHFHWGSSDDQGSEHTV_z5	observed_composite	543.62439	2.349584e6
ref_LVQFHFHWGSSDDQGSEHTV_z5	observed_composite	543.66290	1.194613e9
ref_LVQFHFHWGSSDDQGSEHTV_z5	observed_composite	543.68848	3.988542e6
ref_LVQFHFHWGSSDDQGSEHTV_z5	observed_composite	543.70209	6.315055e5
ref_LVQFHFHWGSSDDQGSEHTV_z5	observed_composite	543.76520	9.884113e5
ref_LVQFHFHWGSSDDQGSEHTV_z5	observed_composite	543.83789	8.356494e5
ref_LVQFHFHWGSSDDQGSEHTV_z5	observed_composite	543.86285	6.149895e8
ref_LVQFHFHWGSSDDQGSEHTV_z5	observed_composite	543.89447	7.416765e5
ref_LVQFHFHWGSSDDQGSEHTV_z5	observed_composite	544.03131	4.831692e5
ref_LVQFHFHWGSSDDQGSEHTV_z5	observed_composite	544.06396	2.924014e8
ref_LVQFHFHWGSSDDQGSEHTV_z5	observed_composite	544.26471	9.328962e7
ref_LVQFHFHWGSSDDQGSEHTV_z5	observed_composite	544.28229	2.439842e6
ref_LVQFHFHWGSSDDQGSEHTV_z5	observed_composite	544.29724	1.212923e6
ref_LVQFHFHWGSSDDQGSEHTV_z5	observed_composite	544.32098	1.760038e6
ref_LVQFHFHWGSSDDQGSEHTV_z5	observed_composite	544.46515	3.275604e7
ref_LVQFHFHWGSSDDQGSEHTV_z5	observed_composite	544.66534	6.765391e6
ref_LVQFHFHWGSSDDQGSEHTV_z5	observed_apex	542.85779	2.423918e6
ref_LVQFHFHWGSSDDQGSEHTV_z5	observed_apex	543.06329	8.172158e6
ref_LVQFHFHWGSSDDQGSEHTV_z5	observed_apex	543.23785	7.539706e6
ref_LVQFHFHWGSSDDQGSEHTV_z5	observed_apex	543.26239	1.252196e9
ref_LVQFHFHWGSSDDQGSEHTV_z5	observed_apex	543.38391	3.125422e6
ref_LVQFHFHWGSSDDQGSEHTV_z5	observed_apex	543.43097	4.767408e6
ref_LVQFHFHWGSSDDQGSEHTV_z5	observed_apex	543.43762	8.524692e6
ref_LVQFHFHWGSSDDQGSEHTV_z5	observed_apex	543.46265	1.955221e9
ref_LVQFHFHWGSSDDQGSEHTV_z5	observed_apex	543.62439	3.057728e6
ref_LVQFHFHWGSSDDQGSEHTV_z5	observed_apex	543.66290	1.478118e9
ref_LVQFHFHWGSSDDQGSEHTV_z5	observed_apex	543.76520	3.858930e6
ref_LVQFHFHWGSSDDQGSEHTV_z5	observed_apex	543.83789	3.262521e6
ref_LVQFHFHWGSSDDQGSEHTV_z5	observed_apex	543.86346	7.874227e8
ref_LVQFHFHWGSSDDQGSEHTV_z5	observed_apex	543.89447	2.895634e6
ref_LVQFHFHWGSSDDQGSEHTV_z5	observed_apex	544.06396	3.805286e8
ref_LVQFHFHWGSSDDQGSEHTV_z5	observed_apex	544.26471	1.214063e8
ref_LVQFHFHWGSSDDQGSEHTV_z5	observed_apex	544.46454	1.498470e7
ref_LVQFHFHWGSSDDQGSEHTV_z5	observed_apex	544.66620	8.411668e6
ref_LVQFHFHWGSSDDQGSEHTV_z5	avg_mono	543.26162	6.790141e-1
ref_LVQFHFHWGSSDDQGSEHTV_z5	avg_mono	543.46229	1.000000e0
ref_LVQFHFHWGSSDDQGSEHTV_z5	avg_mono	543.66296	8.119962e-1
ref_LVQFHFHWGSSDDQGSEHTV_z5	avg_mono	543.86363	4.726506e-1
ref_LVQFHFHWGSSDDQGSEHTV_z5	avg_mono	544.06430	2.183391e-1
ref_LVQFHFHWGSSDDQGSEHTV_z5	avg_mono	544.26497	8.444392e-2
ref_LVQFHFHWGSSDDQGSEHTV_z5	avg_mono	544.46564	2.826083e-2
ref_LVQFHFHWGSSDDQGSEHTV_z5	avg_mono	544.66631	8.370316e-3
ref_LVQFHFHWGSSDDQGSEHTV_z5	avg_mono	544.86698	2.230189e-3
ref_LVQFHFHWGSSDDQGSEHTV_z5	avg_mono_m1	543.06095	6.790141e-1
ref_LVQFHFHWGSSDDQGSEHTV_z5	avg_mono_m1	543.26162	1.000000e0
ref_LVQFHFHWGSSDDQGSEHTV_z5	avg_mono_m1	543.46229	8.119962e-1
ref_LVQFHFHWGSSDDQGSEHTV_z5	avg_mono_m1	543.66296	4.726506e-1
ref_LVQFHFHWGSSDDQGSEHTV_z5	avg_mono_m1	543.86363	2.183391e-1
ref_LVQFHFHWGSSDDQGSEHTV_z5	avg_mono_m1	544.06430	8.444392e-2
ref_LVQFHFHWGSSDDQGSEHTV_z5	avg_mono_m1	544.26497	2.826083e-2
ref_LVQFHFHWGSSDDQGSEHTV_z5	avg_mono_m1	544.46564	8.370316e-3
ref_LVQFHFHWGSSDDQGSEHTV_z5	avg_mono_m1	544.66631	2.230189e-3
ref_LVQFHFHWGSSDDQGSEHTV_z5	avg_mono_p1	543.46229	6.790141e-1
ref_LVQFHFHWGSSDDQGSEHTV_z5	avg_mono_p1	543.66296	1.000000e0
ref_LVQFHFHWGSSDDQGSEHTV_z5	avg_mono_p1	543.86363	8.119962e-1
ref_LVQFHFHWGSSDDQGSEHTV_z5	avg_mono_p1	544.06430	4.726506e-1
ref_LVQFHFHWGSSDDQGSEHTV_z5	avg_mono_p1	544.26497	2.183391e-1
ref_LVQFHFHWGSSDDQGSEHTV_z5	avg_mono_p1	544.46564	8.444392e-2
ref_LVQFHFHWGSSDDQGSEHTV_z5	avg_mono_p1	544.66631	2.826083e-2
ref_LVQFHFHWGSSDDQGSEHTV_z5	avg_mono_p1	544.86698	8.370316e-3
ref_LVQFHFHWGSSDDQGSEHTV_z5	avg_mono_p1	545.06766	2.230189e-3
ref_YAAELHLVHWNTK_z3	observed_composite	527.94733	3.395226e6
ref_YAAELHLVHWNTK_z3	observed_apex	527.94733	3.055704e7
ref_YAAELHLVHWNTK_z3	avg_mono	527.94921	1.000000e0
ref_YAAELHLVHWNTK_z3	avg_mono	528.28366	8.441294e-1
ref_YAAELHLVHWNTK_z3	avg_mono	528.61811	4.399776e-1
ref_YAAELHLVHWNTK_z3	avg_mono	528.95256	1.705619e-1
ref_YAAELHLVHWNTK_z3	avg_mono	529.28702	5.325445e-2
ref_YAAELHLVHWNTK_z3	avg_mono	529.62147	1.399332e-2
ref_YAAELHLVHWNTK_z3	avg_mono	529.95592	3.186045e-3
ref_YAAELHLVHWNTK_z3	avg_mono_m1	527.61476	1.000000e0
ref_YAAELHLVHWNTK_z3	avg_mono_m1	527.94921	8.441294e-1
ref_YAAELHLVHWNTK_z3	avg_mono_m1	528.28366	4.399776e-1
ref_YAAELHLVHWNTK_z3	avg_mono_m1	528.61811	1.705619e-1
ref_YAAELHLVHWNTK_z3	avg_mono_m1	528.95256	5.325445e-2
ref_YAAELHLVHWNTK_z3	avg_mono_m1	529.28702	1.399332e-2
ref_YAAELHLVHWNTK_z3	avg_mono_m1	529.62147	3.186045e-3
ref_YAAELHLVHWNTK_z3	avg_mono_p1	528.28366	1.000000e0
ref_YAAELHLVHWNTK_z3	avg_mono_p1	528.61811	8.441294e-1
ref_YAAELHLVHWNTK_z3	avg_mono_p1	528.95256	4.399776e-1
ref_YAAELHLVHWNTK_z3	avg_mono_p1	529.28702	1.705619e-1
ref_YAAELHLVHWNTK_z3	avg_mono_p1	529.62147	5.325445e-2
ref_YAAELHLVHWNTK_z3	avg_mono_p1	529.95592	1.399332e-2
ref_YAAELHLVHWNTK_z3	avg_mono_p1	530.29037	3.186045e-3
ref_AVLKDGPLTGTYRLVQFHFH_z5	observed_composite	791.99589	7.122182e6
ref_AVLKDGPLTGTYRLVQFHFH_z5	observed_composite	792.09906	1.788207e5
ref_AVLKDGPLTGTYRLVQFHFH_z5	observed_composite	792.19672	7.722929e6
ref_AVLKDGPLTGTYRLVQFHFH_z5	observed_composite	792.39764	9.436713e6
ref_AVLKDGPLTGTYRLVQFHFH_z5	observed_composite	792.42230	1.649848e5
ref_AVLKDGPLTGTYRLVQFHFH_z5	observed_composite	792.59804	8.684329e6
ref_AVLKDGPLTGTYRLVQFHFH_z5	observed_composite	792.79852	5.225373e6
ref_AVLKDGPLTGTYRLVQFHFH_z5	observed_composite	792.88599	1.343523e5
ref_AVLKDGPLTGTYRLVQFHFH_z5	observed_composite	792.99890	2.323618e6
ref_AVLKDGPLTGTYRLVQFHFH_z5	observed_composite	793.09485	1.683774e5
ref_AVLKDGPLTGTYRLVQFHFH_z5	observed_composite	793.20056	7.792096e5
ref_AVLKDGPLTGTYRLVQFHFH_z5	observed_composite	793.40170	2.199252e6
ref_AVLKDGPLTGTYRLVQFHFH_z5	observed_apex	791.99597	7.228170e6
ref_AVLKDGPLTGTYRLVQFHFH_z5	observed_apex	792.19672	1.077785e7
ref_AVLKDGPLTGTYRLVQFHFH_z5	observed_apex	792.39722	1.196863e7
ref_AVLKDGPLTGTYRLVQFHFH_z5	observed_apex	792.59772	9.851618e6
ref_AVLKDGPLTGTYRLVQFHFH_z5	observed_apex	792.79816	5.715589e6
ref_AVLKDGPLTGTYRLVQFHFH_z5	observed_apex	792.99890	3.242760e6
ref_AVLKDGPLTGTYRLVQFHFH_z5	observed_apex	793.20056	1.087438e6
ref_AVLKDGPLTGTYRLVQFHFH_z5	avg_mono	791.99588	4.159707e-1
ref_AVLKDGPLTGTYRLVQFHFH_z5	avg_mono	792.19655	8.849540e-1
ref_AVLKDGPLTGTYRLVQFHFH_z5	avg_mono	792.39722	1.000000e0
ref_AVLKDGPLTGTYRLVQFHFH_z5	avg_mono	792.59789	7.922055e-1
ref_AVLKDGPLTGTYRLVQFHFH_z5	avg_mono	792.79856	4.912180e-1
ref_AVLKDGPLTGTYRLVQFHFH_z5	avg_mono	792.99923	2.527952e-1
ref_AVLKDGPLTGTYRLVQFHFH_z5	avg_mono	793.19990	1.119494e-1
ref_AVLKDGPLTGTYRLVQFHFH_z5	avg_mono	793.40057	4.371648e-2
ref_AVLKDGPLTGTYRLVQFHFH_z5	avg_mono	793.60124	1.532068e-2
ref_AVLKDGPLTGTYRLVQFHFH_z5	avg_mono	793.80192	4.882941e-3
ref_AVLKDGPLTGTYRLVQFHFH_z5	avg_mono	794.00259	1.430039e-3
ref_AVLKDGPLTGTYRLVQFHFH_z5	avg_mono_m1	791.79521	4.159707e-1
ref_AVLKDGPLTGTYRLVQFHFH_z5	avg_mono_m1	791.99588	8.849540e-1
ref_AVLKDGPLTGTYRLVQFHFH_z5	avg_mono_m1	792.19655	1.000000e0
ref_AVLKDGPLTGTYRLVQFHFH_z5	avg_mono_m1	792.39722	7.922055e-1
ref_AVLKDGPLTGTYRLVQFHFH_z5	avg_mono_m1	792.59789	4.912180e-1
ref_AVLKDGPLTGTYRLVQFHFH_z5	avg_mono_m1	792.79856	2.527952e-1
ref_AVLKDGPLTGTYRLVQFHFH_z5	avg_mono_m1	792.99923	1.119494e-1
ref_AVLKDGPLTGTYRLVQFHFH_z5	avg_mono_m1	793.19990	4.371648e-2
ref_AVLKDGPLTGTYRLVQFHFH_z5	avg_mono_m1	793.40057	1.532068e-2
ref_AVLKDGPLTGTYRLVQFHFH_z5	avg_mono_m1	793.60124	4.882941e-3
ref_AVLKDGPLTGTYRLVQFHFH_z5	avg_mono_m1	793.80192	1.430039e-3
ref_AVLKDGPLTGTYRLVQFHFH_z5	avg_mono_p1	792.19655	4.159707e-1
ref_AVLKDGPLTGTYRLVQFHFH_z5	avg_mono_p1	792.39722	8.849540e-1
ref_AVLKDGPLTGTYRLVQFHFH_z5	avg_mono_p1	792.59789	1.000000e0
ref_AVLKDGPLTGTYRLVQFHFH_z5	avg_mono_p1	792.79856	7.922055e-1
ref_AVLKDGPLTGTYRLVQFHFH_z5	avg_mono_p1	792.99923	4.912180e-1
ref_AVLKDGPLTGTYRLVQFHFH_z5	avg_mono_p1	793.19990	2.527952e-1
ref_AVLKDGPLTGTYRLVQFHFH_z5	avg_mono_p1	793.40057	1.119494e-1
ref_AVLKDGPLTGTYRLVQFHFH_z5	avg_mono_p1	793.60124	4.371648e-2
ref_AVLKDGPLTGTYRLVQFHFH_z5	avg_mono_p1	793.80192	1.532068e-2
ref_AVLKDGPLTGTYRLVQFHFH_z5	avg_mono_p1	794.00259	4.882941e-3
ref_AVLKDGPLTGTYRLVQFHFH_z5	avg_mono_p1	794.20326	1.430039e-3
ref_HNGPEHWHKDFPIANGER_z3	observed_composite	708.29401	2.750620e5
ref_HNGPEHWHKDFPIANGER_z3	observed_composite	708.67072	2.067211e7
ref_HNGPEHWHKDFPIANGER_z3	observed_composite	708.98755	2.939900e5
ref_HNGPEHWHKDFPIANGER_z3	observed_composite	709.00568	2.056593e7
ref_HNGPEHWHKDFPIANGER_z3	observed_composite	709.31116	5.094916e6
ref_HNGPEHWHKDFPIANGER_z3	observed_composite	709.33838	1.844323e7
ref_HNGPEHWHKDFPIANGER_z3	observed_composite	709.36108	1.703437e6
ref_HNGPEHWHKDFPIANGER_z3	observed_composite	709.67407	1.827095e6
ref_HNGPEHWHKDFPIANGER_z3	observed_composite	710.00739	4.208305e6
ref_HNGPEHWHKDFPIANGER_z3	observed_composite	710.39026	8.529782e5
ref_HNGPEHWHKDFPIANGER_z3	observed_apex	708.67139	2.924394e7
ref_HNGPEHWHKDFPIANGER_z3	observed_apex	709.00568	3.538994e7
ref_HNGPEHWHKDFPIANGER_z3	observed_apex	709.36108	8.793844e6
ref_HNGPEHWHKDFPIANGER_z3	observed_apex	710.00726	2.018417e7
ref_HNGPEHWHKDFPIANGER_z3	avg_mono	708.67071	8.717388e-1
ref_HNGPEHWHKDFPIANGER_z3	avg_mono	709.00516	1.000000e0
ref_HNGPEHWHKDFPIANGER_z3	avg_mono	709.33961	6.577550e-1
ref_HNGPEHWHKDFPIANGER_z3	avg_mono	709.67406	3.156025e-1
ref_HNGPEHWHKDFPIANGER_z3	avg_mono	710.00852	1.211897e-1
ref_HNGPEHWHKDFPIANGER_z3	avg_mono	710.34297	3.911499e-2
ref_HNGPEHWHKDFPIANGER_z3	avg_mono	710.67742	1.094355e-2
ref_HNGPEHWHKDFPIANGER_z3	avg_mono	711.01187	2.711483e-3
ref_HNGPEHWHKDFPIANGER_z3	avg_mono_m1	708.33626	8.717388e-1
ref_HNGPEHWHKDFPIANGER_z3	avg_mono_m1	708.67071	1.000000e0
ref_HNGPEHWHKDFPIANGER_z3	avg_mono_m1	709.00516	6.577550e-1
ref_HNGPEHWHKDFPIANGER_z3	avg_mono_m1	709.33961	3.156025e-1
ref_HNGPEHWHKDFPIANGER_z3	avg_mono_m1	709.67406	1.211897e-1
ref_HNGPEHWHKDFPIANGER_z3	avg_mono_m1	710.00852	3.911499e-2
ref_HNGPEHWHKDFPIANGER_z3	avg_mono_m1	710.34297	1.094355e-2
ref_HNGPEHWHKDFPIANGER_z3	avg_mono_m1	710.67742	2.711483e-3
ref_HNGPEHWHKDFPIANGER_z3	avg_mono_p1	709.00516	8.717388e-1
ref_HNGPEHWHKDFPIANGER_z3	avg_mono_p1	709.33961	1.000000e0
ref_HNGPEHWHKDFPIANGER_z3	avg_mono_p1	709.67406	6.577550e-1
ref_HNGPEHWHKDFPIANGER_z3	avg_mono_p1	710.00852	3.156025e-1
ref_HNGPEHWHKDFPIANGER_z3	avg_mono_p1	710.34297	1.211897e-1
ref_HNGPEHWHKDFPIANGER_z3	avg_mono_p1	710.67742	3.911499e-2
ref_HNGPEHWHKDFPIANGER_z3	avg_mono_p1	711.01187	1.094355e-2
ref_HNGPEHWHKDFPIANGER_z3	avg_mono_p1	711.34632	2.711483e-3
ref_TLSDYNIQK_z2	observed_composite	540.78516	3.559650e5
ref_TLSDYNIQK_z2	observed_composite	541.08887	4.880798e5
ref_TLSDYNIQK_z2	observed_composite	541.21924	3.028886e5
ref_TLSDYNIQK_z2	observed_composite	541.24670	7.819711e5
ref_TLSDYNIQK_z2	observed_composite	541.26050	7.881507e6
ref_TLSDYNIQK_z2	observed_composite	541.28510	1.311406e9
ref_TLSDYNIQK_z2	observed_composite	541.28522	4.398813e8
ref_TLSDYNIQK_z2	observed_composite	541.30444	5.107337e5
ref_TLSDYNIQK_z2	observed_composite	541.30975	6.812172e6
ref_TLSDYNIQK_z2	observed_composite	541.32037	1.308845e6
ref_TLSDYNIQK_z2	observed_composite	541.35889	3.186879e5
ref_TLSDYNIQK_z2	observed_composite	541.75372	1.333649e6
ref_TLSDYNIQK_z2	observed_composite	541.76129	1.230440e6
ref_TLSDYNIQK_z2	observed_composite	541.76636	7.398225e5
ref_TLSDYNIQK_z2	observed_composite	541.78601	7.488987e8
ref_TLSDYNIQK_z2	observed_composite	541.81067	1.066876e6
ref_TLSDYNIQK_z2	observed_composite	541.82104	8.049608e5
ref_TLSDYNIQK_z2	observed_composite	542.06329	3.310224e5
ref_TLSDYNIQK_z2	observed_composite	542.28796	2.530225e8
ref_TLSDYNIQK_z2	observed_composite	542.46271	3.030662e5
ref_TLSDYNIQK_z2	observed_composite	542.78925	6.454056e7
ref_TLSDYNIQK_z2	observed_composite	543.29053	1.185296e7
ref_TLSDYNIQK_z2	observed_composite	543.30048	1.939272e5
ref_TLSDYNIQK_z2	observed_composite	543.75378	3.079720e5
ref_TLSDYNIQK_z2	observed_composite	543.79309	3.577332e6
ref_TLSDYNIQK_z2	observed_composite	544.07568	7.274279e5
ref_TLSDYNIQK_z2	observed_composite	544.46893	2.060576e6
ref_TLSDYNIQK_z2	observed_composite	544.51341	8.245950e6
ref_TLSDYNIQK_z2	observed_apex	541.24670	2.642755e6
ref_TLSDYNIQK_z2	observed_apex	541.26050	8.878798e6
ref_TLSDYNIQK_z2	observed_apex	541.28510	1.477346e9
ref_TLSDYNIQK_z2	observed_apex	541.30981	6.804020e6
ref_TLSDYNIQK_z2	observed_apex	541.78650	8.380241e8
ref_TLSDYNIQK_z2	observed_apex	542.28796	2.850389e8
ref_TLSDYNIQK_z2	observed_apex	542.78955	6.788317e7
ref_TLSDYNIQK_z2	observed_apex	543.29053	1.335278e7
ref_TLSDYNIQK_z2	observed_apex	543.79309	4.029992e6
ref_TLSDYNIQK_z2	observed_apex	544.51257	5.605862e6
ref_TLSDYNIQK_z2	avg_mono	541.27603	1.000000e0
ref_TLSDYNIQK_z2	avg_mono	541.77770	5.958018e-1
ref_TLSDYNIQK_z2	avg_mono	542.27938	2.053537e-1
ref_TLSDYNIQK_z2	avg_mono	542.78106	5.186009e-2
ref_TLSDYNIQK_z2	avg_mono	543.28274	1.055780e-2
ref_TLSDYNIQK_z2	avg_mono	543.78441	1.822038e-3
ref_TLSDYNIQK_z2	avg_mono_m1	540.77435	1.000000e0
ref_TLSDYNIQK_z2	avg_mono_m1	541.27603	5.958018e-1
ref_TLSDYNIQK_z2	avg_mono_m1	541.77770	2.053537e-1
ref_TLSDYNIQK_z2	avg_mono_m1	542.27938	5.186009e-2
ref_TLSDYNIQK_z2	avg_mono_m1	542.78106	1.055780e-2
ref_TLSDYNIQK_z2	avg_mono_m1	543.28274	1.822038e-3
ref_TLSDYNIQK_z2	avg_mono_p1	541.77770	1.000000e0
ref_TLSDYNIQK_z2	avg_mono_p1	542.27938	5.958018e-1
ref_TLSDYNIQK_z2	avg_mono_p1	542.78106	2.053537e-1
ref_TLSDYNIQK_z2	avg_mono_p1	543.28274	5.186009e-2
ref_TLSDYNIQK_z2	avg_mono_p1	543.78441	1.055780e-2
ref_TLSDYNIQK_z2	avg_mono_p1	544.28609	1.822038e-3
ref_VLDALDSIK_z2	observed_composite	487.29257	2.636801e7
ref_VLDALDSIK_z2	observed_composite	489.76224	3.285265e6
ref_VLDALDSIK_z2	observed_composite	490.26419	3.196918e6
ref_VLDALDSIK_z2	observed_apex	487.29272	3.775000e7
ref_VLDALDSIK_z2	avg_mono	487.28653	1.000000e0
ref_VLDALDSIK_z2	avg_mono	487.78820	5.327346e-1
ref_VLDALDSIK_z2	avg_mono	488.28988	1.659629e-1
ref_VLDALDSIK_z2	avg_mono	488.79156	3.802498e-2
ref_VLDALDSIK_z2	avg_mono	489.29324	7.036652e-3
ref_VLDALDSIK_z2	avg_mono	489.79491	1.104774e-3
ref_VLDALDSIK_z2	avg_mono_m1	486.78485	1.000000e0
ref_VLDALDSIK_z2	avg_mono_m1	487.28653	5.327346e-1
ref_VLDALDSIK_z2	avg_mono_m1	487.78820	1.659629e-1
ref_VLDALDSIK_z2	avg_mono_m1	488.28988	3.802498e-2
ref_VLDALDSIK_z2	avg_mono_m1	488.79156	7.036652e-3
ref_VLDALDSIK_z2	avg_mono_m1	489.29324	1.104774e-3
ref_VLDALDSIK_z2	avg_mono_p1	487.78820	1.000000e0
ref_VLDALDSIK_z2	avg_mono_p1	488.28988	5.327346e-1
ref_VLDALDSIK_z2	avg_mono_p1	488.79156	1.659629e-1
ref_VLDALDSIK_z2	avg_mono_p1	489.29324	3.802498e-2
ref_VLDALDSIK_z2	avg_mono_p1	489.79491	7.036652e-3
ref_VLDALDSIK_z2	avg_mono_p1	490.29659	1.104774e-3
ref_EGIPPDQQR_z2	observed_composite	519.54657	5.573886e4
ref_EGIPPDQQR_z2	observed_composite	519.72375	3.760616e4
ref_EGIPPDQQR_z2	observed_composite	519.77484	1.763886e5
ref_EGIPPDQQR_z2	observed_composite	519.79718	5.033721e4
ref_EGIPPDQQR_z2	observed_composite	520.04779	1.423530e5
ref_EGIPPDQQR_z2	observed_composite	520.14410	3.390340e4
ref_EGIPPDQQR_z2	observed_composite	520.22583	4.580379e4
ref_EGIPPDQQR_z2	observed_composite	520.26727	1.673032e7
ref_EGIPPDQQR_z2	observed_composite	520.56372	3.000440e4
ref_EGIPPDQQR_z2	observed_composite	520.76890	8.538882e6
ref_EGIPPDQQR_z2	observed_composite	521.25226	5.738295e5
ref_EGIPPDQQR_z2	observed_composite	521.27039	2.748181e6
ref_EGIPPDQQR_z2	observed_composite	521.49615	2.677201e5
ref_EGIPPDQQR_z2	observed_composite	521.49786	7.508347e4
ref_EGIPPDQQR_z2	observed_composite	521.58726	5.154825e5
ref_EGIPPDQQR_z2	observed_composite	521.74500	2.359080e5
ref_EGIPPDQQR_z2	observed_composite	521.74695	1.132856e5
ref_EGIPPDQQR_z2	observed_composite	521.77136	6.953700e5
ref_EGIPPDQQR_z2	observed_composite	521.92102	3.958779e5
ref_EGIPPDQQR_z2	observed_composite	521.99658	8.635847e4
ref_EGIPPDQQR_z2	observed_composite	522.00787	3.142360e4
ref_EGIPPDQQR_z2	observed_composite	522.21234	2.873074e4
ref_EGIPPDQQR_z2	observed_composite	522.23755	3.720143e4
ref_EGIPPDQQR_z2	observed_composite	522.24725	5.254257e4
ref_EGIPPDQQR_z2	observed_composite	522.27307	1.291088e5
ref_EGIPPDQQR_z2	observed_composite	522.54651	4.234618e4
ref_EGIPPDQQR_z2	observed_composite	522.56299	4.923022e4
ref_EGIPPDQQR_z2	observed_composite	522.58936	2.827689e4
ref_EGIPPDQQR_z2	observed_composite	522.74261	2.349382e5
ref_EGIPPDQQR_z2	observed_composite	522.77419	1.692216e5
ref_EGIPPDQQR_z2	observed_composite	523.07794	1.617794e5
ref_EGIPPDQQR_z2	observed_composite	523.24304	7.592219e4
ref_EGIPPDQQR_z2	observed_composite	523.27618	3.118783e4
ref_EGIPPDQQR_z2	observed_composite	523.27771	4.805552e4
ref_EGIPPDQQR_z2	observed_apex	519.77484	2.015329e5
ref_EGIPPDQQR_z2	observed_apex	520.04779	1.626455e5
ref_EGIPPDQQR_z2	observed_apex	520.22583	1.569995e5
ref_EGIPPDQQR_z2	observed_apex	520.26727	1.911524e7
ref_EGIPPDQQR_z2	observed_apex	520.76892	9.332456e6
ref_EGIPPDQQR_z2	observed_apex	521.25232	4.638624e5
ref_EGIPPDQQR_z2	observed_apex	521.27014	2.306694e6
ref_EGIPPDQQR_z2	observed_apex	521.49542	2.907128e5
ref_EGIPPDQQR_z2	observed_apex	521.58691	6.962026e5
ref_EGIPPDQQR_z2	observed_apex	521.74500	2.695370e5
ref_EGIPPDQQR_z2	observed_apex	521.77136	7.944958e5
ref_EGIPPDQQR_z2	observed_apex	522.24725	1.800977e5
ref_EGIPPDQQR_z2	observed_apex	522.54651	1.451480e5
ref_EGIPPDQQR_z2	observed_apex	522.56299	1.687441e5
ref_EGIPPDQQR_z2	observed_apex	522.74261	2.684289e5
ref_EGIPPDQQR_z2	observed_apex	523.07794	1.848412e5
ref_EGIPPDQQR_z2	observed_apex	523.24304	2.602350e5
ref_EGIPPDQQR_z2	avg_mono	520.26728	1.000000e0
ref_EGIPPDQQR_z2	avg_mono	520.76895	5.696760e-1
ref_EGIPPDQQR_z2	avg_mono	521.27063	1.881980e-1
ref_EGIPPDQQR_z2	avg_mono	521.77231	4.559517e-2
ref_EGIPPDQQR_z2	avg_mono	522.27399	8.908001e-3
ref_EGIPPDQQR_z2	avg_mono	522.77566	1.475385e-3
ref_EGIPPDQQR_z2	avg_mono_m1	519.76560	1.000000e0
ref_EGIPPDQQR_z2	avg_mono_m1	520.26728	5.696760e-1
ref_EGIPPDQQR_z2	avg_mono_m1	520.76895	1.881980e-1
ref_EGIPPDQQR_z2	avg_mono_m1	521.27063	4.559517e-2
ref_EGIPPDQQR_z2	avg_mono_m1	521.77231	8.908001e-3
ref_EGIPPDQQR_z2	avg_mono_m1	522.27399	1.475385e-3
ref_EGIPPDQQR_z2	avg_mono_p1	520.76895	1.000000e0
ref_EGIPPDQQR_z2	avg_mono_p1	521.27063	5.696760e-1
ref_EGIPPDQQR_z2	avg_mono_p1	521.77231	1.881980e-1
ref_EGIPPDQQR_z2	avg_mono_p1	522.27399	4.559517e-2
ref_EGIPPDQQR_z2	avg_mono_p1	522.77566	8.908001e-3
ref_EGIPPDQQR_z2	avg_mono_p1	523.27734	1.475385e-3
ref_GGGFGGGSSFGGGSGFSGGG_z2	observed_composite	1200.02161	5.075007e6
ref_GGGFGGGSSFGGGSGFSGGG_z2	observed_composite	1200.52478	4.657024e6
ref_GGGFGGGSSFGGGSGFSGGG_z2	observed_composite	1201.02722	7.893540e5
ref_GGGFGGGSSFGGGSGFSGGG_z2	observed_composite	1201.52905	2.833777e5
ref_GGGFGGGSSFGGGSGFSGGG_z2	observed_apex	1200.02161	7.226395e6
ref_GGGFGGGSSFGGGSGFSGGG_z2	observed_apex	1200.52478	6.631222e6
ref_GGGFGGGSSFGGGSGFSGGG_z2	avg_mono	1200.02163	7.741704e-1
ref_GGGFGGGSSFGGGSGFSGGG_z2	avg_mono	1200.52330	1.000000e0
ref_GGGFGGGSSFGGGSGFSGGG_z2	avg_mono	1201.02498	7.264231e-1
ref_GGGFGGGSSFGGGSGFSGGG_z2	avg_mono	1201.52666	3.818993e-1
ref_GGGFGGGSSFGGGSGFSGGG_z2	avg_mono	1202.02834	1.601324e-1
ref_GGGFGGGSSFGGGSGFSGGG_z2	avg_mono	1202.53001	5.636484e-2
ref_GGGFGGGSSFGGGSGFSGGG_z2	avg_mono	1203.03169	1.719265e-2
ref_GGGFGGGSSFGGGSGFSGGG_z2	avg_mono	1203.53337	4.644779e-3
ref_GGGFGGGSSFGGGSGFSGGG_z2	avg_mono	1204.03505	1.129348e-3
ref_GGGFGGGSSFGGGSGFSGGG_z2	avg_mono_m1	1199.51995	7.741704e-1
ref_GGGFGGGSSFGGGSGFSGGG_z2	avg_mono_m1	1200.02163	1.000000e0
ref_GGGFGGGSSFGGGSGFSGGG_z2	avg_mono_m1	1200.52330	7.264231e-1
ref_GGGFGGGSSFGGGSGFSGGG_z2	avg_mono_m1	1201.02498	3.818993e-1
ref_GGGFGGGSSFGGGSGFSGGG_z2	avg_mono_m1	1201.52666	1.601324e-1
ref_GGGFGGGSSFGGGSGFSGGG_z2	avg_mono_m1	1202.02834	5.636484e-2
ref_GGGFGGGSSFGGGSGFSGGG_z2	avg_mono_m1	1202.53001	1.719265e-2
ref_GGGFGGGSSFGGGSGFSGGG_z2	avg_mono_m1	1203.03169	4.644779e-3
ref_GGGFGGGSSFGGGSGFSGGG_z2	avg_mono_m1	1203.53337	1.129348e-3
ref_GGGFGGGSSFGGGSGFSGGG_z2	avg_mono_p1	1200.52330	7.741704e-1
ref_GGGFGGGSSFGGGSGFSGGG_z2	avg_mono_p1	1201.02498	1.000000e0
ref_GGGFGGGSSFGGGSGFSGGG_z2	avg_mono_p1	1201.52666	7.264231e-1
ref_GGGFGGGSSFGGGSGFSGGG_z2	avg_mono_p1	1202.02834	3.818993e-1
ref_GGGFGGGSSFGGGSGFSGGG_z2	avg_mono_p1	1202.53001	1.601324e-1
ref_GGGFGGGSSFGGGSGFSGGG_z2	avg_mono_p1	1203.03169	5.636484e-2
ref_GGGFGGGSSFGGGSGFSGGG_z2	avg_mono_p1	1203.53337	1.719265e-2
ref_GGGFGGGSSFGGGSGFSGGG_z2	avg_mono_p1	1204.03505	4.644779e-3
ref_GGGFGGGSSFGGGSGFSGGG_z2	avg_mono_p1	1204.53672	1.129348e-3
ref_DGPLTGTYRLVQFHFHWGSS_z5	observed_composite	709.36389	9.700060e4
ref_DGPLTGTYRLVQFHFHWGSS_z5	observed_composite	709.39130	7.212903e5
ref_DGPLTGTYRLVQFHFHWGSS_z5	observed_composite	709.53735	2.329784e5
ref_DGPLTGTYRLVQFHFHWGSS_z5	observed_composite	709.73828	2.596324e7
ref_DGPLTGTYRLVQFHFHWGSS_z5	observed_composite	709.93884	5.548991e7
ref_DGPLTGTYRLVQFHFHWGSS_z5	observed_composite	710.02356	9.788158e4
ref_DGPLTGTYRLVQFHFHWGSS_z5	observed_composite	710.05579	1.877061e6
ref_DGPLTGTYRLVQFHFHWGSS_z5	observed_composite	710.11389	5.605260e5
ref_DGPLTGTYRLVQFHFHWGSS_z5	observed_composite	710.13922	5.547528e7
ref_DGPLTGTYRLVQFHFHWGSS_z5	observed_composite	710.30194	1.825286e5
ref_DGPLTGTYRLVQFHFHWGSS_z5	observed_composite	710.33974	3.974349e7
ref_DGPLTGTYRLVQFHFHWGSS_z5	observed_composite	710.38910	7.745611e5
ref_DGPLTGTYRLVQFHFHWGSS_z5	observed_composite	710.54028	2.036067e7
ref_DGPLTGTYRLVQFHFHWGSS_z5	observed_composite	710.74072	1.203390e7
ref_DGPLTGTYRLVQFHFHWGSS_z5	observed_composite	710.90399	1.210747e5
ref_DGPLTGTYRLVQFHFHWGSS_z5	observed_composite	710.94116	4.301633e6
ref_DGPLTGTYRLVQFHFHWGSS_z5	observed_composite	711.05981	1.770648e5
ref_DGPLTGTYRLVQFHFHWGSS_z5	observed_composite	711.14148	1.213542e6
ref_DGPLTGTYRLVQFHFHWGSS_z5	observed_apex	709.53735	9.812915e5
ref_DGPLTGTYRLVQFHFHWGSS_z5	observed_apex	709.73798	3.358505e7
ref_DGPLTGTYRLVQFHFHWGSS_z5	observed_apex	709.93848	6.305748e7
ref_DGPLTGTYRLVQFHFHWGSS_z5	observed_apex	710.05707	1.121048e6
ref_DGPLTGTYRLVQFHFHWGSS_z5	observed_apex	710.13898	8.236946e7
ref_DGPLTGTYRLVQFHFHWGSS_z5	observed_apex	710.30194	7.687998e5
ref_DGPLTGTYRLVQFHFHWGSS_z5	observed_apex	710.33960	5.405403e7
ref_DGPLTGTYRLVQFHFHWGSS_z5	observed_apex	710.54022	2.713459e7
ref_DGPLTGTYRLVQFHFHWGSS_z5	observed_apex	710.74072	1.689535e7
ref_DGPLTGTYRLVQFHFHWGSS_z5	observed_apex	710.94116	4.772844e6
ref_DGPLTGTYRLVQFHFHWGSS_z5	observed_apex	711.05981	7.457865e5
ref_DGPLTGTYRLVQFHFHWGSS_z5	observed_apex	711.14148	1.703789e6
ref_DGPLTGTYRLVQFHFHWGSS_z5	avg_mono	709.73794	5.061917e-1
ref_DGPLTGTYRLVQFHFHWGSS_z5	avg_mono	709.93861	9.720395e-1
ref_DGPLTGTYRLVQFHFHWGSS_z5	avg_mono	710.13928	1.000000e0
ref_DGPLTGTYRLVQFHFHWGSS_z5	avg_mono	710.33995	7.253215e-1
ref_DGPLTGTYRLVQFHFHWGSS_z5	avg_mono	710.54062	4.133518e-1
ref_DGPLTGTYRLVQFHFHWGSS_z5	avg_mono	710.74129	1.960218e-1
ref_DGPLTGTYRLVQFHFHWGSS_z5	avg_mono	710.94196	8.013754e-2
ref_DGPLTGTYRLVQFHFHWGSS_z5	avg_mono	711.14263	2.892622e-2
ref_DGPLTGTYRLVQFHFHWGSS_z5	avg_mono	711.34330	9.378884e-3
ref_DGPLTGTYRLVQFHFHWGSS_z5	avg_mono	711.54398	2.767340e-3
ref_DGPLTGTYRLVQFHFHWGSS_z5	avg_mono_m1	709.53727	5.061917e-1
ref_DGPLTGTYRLVQFHFHWGSS_z5	avg_mono_m1	709.73794	9.720395e-1
ref_DGPLTGTYRLVQFHFHWGSS_z5	avg_mono_m1	709.93861	1.000000e0
ref_DGPLTGTYRLVQFHFHWGSS_z5	avg_mono_m1	710.13928	7.253215e-1
ref_DGPLTGTYRLVQFHFHWGSS_z5	avg_mono_m1	710.33995	4.133518e-1
ref_DGPLTGTYRLVQFHFHWGSS_z5	avg_mono_m1	710.54062	1.960218e-1
ref_DGPLTGTYRLVQFHFHWGSS_z5	avg_mono_m1	710.74129	8.013754e-2
ref_DGPLTGTYRLVQFHFHWGSS_z5	avg_mono_m1	710.94196	2.892622e-2
ref_DGPLTGTYRLVQFHFHWGSS_z5	avg_mono_m1	711.14263	9.378884e-3
ref_DGPLTGTYRLVQFHFHWGSS_z5	avg_mono_m1	711.34330	2.767340e-3
ref_DGPLTGTYRLVQFHFHWGSS_z5	avg_mono_p1	709.93861	5.061917e-1
ref_DGPLTGTYRLVQFHFHWGSS_z5	avg_mono_p1	710.13928	9.720395e-1
ref_DGPLTGTYRLVQFHFHWGSS_z5	avg_mono_p1	710.33995	1.000000e0
ref_DGPLTGTYRLVQFHFHWGSS_z5	avg_mono_p1	710.54062	7.253215e-1
ref_DGPLTGTYRLVQFHFHWGSS_z5	avg_mono_p1	710.74129	4.133518e-1
ref_DGPLTGTYRLVQFHFHWGSS_z5	avg_mono_p1	710.94196	1.960218e-1
ref_DGPLTGTYRLVQFHFHWGSS_z5	avg_mono_p1	711.14263	8.013754e-2
ref_DGPLTGTYRLVQFHFHWGSS_z5	avg_mono_p1	711.34330	2.892622e-2
ref_DGPLTGTYRLVQFHFHWGSS_z5	avg_mono_p1	711.54398	9.378884e-3
ref_DGPLTGTYRLVQFHFHWGSS_z5	avg_mono_p1	711.74465	2.767340e-3
ref_VGDANPALQK_z2	observed_composite	506.26276	3.699613e6
ref_VGDANPALQK_z2	observed_composite	506.28616	9.660383e5
ref_VGDANPALQK_z2	observed_composite	506.75702	4.782915e6
ref_VGDANPALQK_z2	observed_composite	506.77960	3.093660e8
ref_VGDANPALQK_z2	observed_composite	507.08298	1.083011e7
ref_VGDANPALQK_z2	observed_composite	507.28101	1.464430e8
ref_VGDANPALQK_z2	observed_composite	507.72247	1.197694e6
ref_VGDANPALQK_z2	observed_composite	507.78275	4.942621e7
ref_VGDANPALQK_z2	observed_composite	508.08536	1.023463e6
ref_VGDANPALQK_z2	observed_composite	508.25720	1.606147e6
ref_VGDANPALQK_z2	observed_composite	508.28406	8.391203e6
ref_VGDANPALQK_z2	observed_composite	508.71185	8.061791e5
ref_VGDANPALQK_z2	observed_composite	508.78635	7.506587e5
ref_VGDANPALQK_z2	observed_composite	508.92822	7.680192e5
ref_VGDANPALQK_z2	observed_composite	509.03323	8.363883e5
ref_VGDANPALQK_z2	observed_composite	509.07941	1.120368e6
ref_VGDANPALQK_z2	observed_composite	509.27856	1.084664e6
ref_VGDANPALQK_z2	observed_composite	509.94363	2.570107e6
ref_VGDANPALQK_z2	observed_apex	506.75702	7.442240e6
ref_VGDANPALQK_z2	observed_apex	506.77960	4.813750e8
ref_VGDANPALQK_z2	observed_apex	507.08319	5.849048e6
ref_VGDANPALQK_z2	observed_apex	507.28101	2.278661e8
ref_VGDANPALQK_z2	observed_apex	507.78250	6.904694e7
ref_VGDANPALQK_z2	observed_apex	508.08536	4.777541e6
ref_VGDANPALQK_z2	observed_apex	508.28406	1.305675e7
ref_VGDANPALQK_z2	observed_apex	508.92822	3.585125e6
ref_VGDANPALQK_z2	avg_mono	506.77983	1.000000e0
ref_VGDANPALQK_z2	avg_mono	507.28150	5.696760e-1
ref_VGDANPALQK_z2	avg_mono	507.78318	1.881980e-1
ref_VGDANPALQK_z2	avg_mono	508.28486	4.559517e-2
ref_VGDANPALQK_z2	avg_mono	508.78654	8.908001e-3
ref_VGDANPALQK_z2	avg_mono	509.28821	1.475385e-3
ref_VGDANPALQK_z2	avg_mono_m1	506.27815	1.000000e0
ref_VGDANPALQK_z2	avg_mono_m1	506.77983	5.696760e-1
ref_VGDANPALQK_z2	avg_mono_m1	507.28150	1.881980e-1
ref_VGDANPALQK_z2	avg_mono_m1	507.78318	4.559517e-2
ref_VGDANPALQK_z2	avg_mono_m1	508.28486	8.908001e-3
ref_VGDANPALQK_z2	avg_mono_m1	508.78654	1.475385e-3
ref_VGDANPALQK_z2	avg_mono_p1	507.28150	1.000000e0
ref_VGDANPALQK_z2	avg_mono_p1	507.78318	5.696760e-1
ref_VGDANPALQK_z2	avg_mono_p1	508.28486	1.881980e-1
ref_VGDANPALQK_z2	avg_mono_p1	508.78654	4.559517e-2
ref_VGDANPALQK_z2	avg_mono_p1	509.28821	8.908001e-3
ref_VGDANPALQK_z2	avg_mono_p1	509.78989	1.475385e-3
ref_AVVQDPALKPLALVYGEATS_z3	observed_composite	792.11652	1.879041e5
ref_AVVQDPALKPLALVYGEATS_z3	observed_composite	792.41357	3.719962e6
ref_AVVQDPALKPLALVYGEATS_z3	observed_composite	792.42133	1.261468e6
ref_AVVQDPALKPLALVYGEATS_z3	observed_composite	792.43884	4.007093e6
ref_AVVQDPALKPLALVYGEATS_z3	observed_composite	792.77944	7.852602e6
ref_AVVQDPALKPLALVYGEATS_z3	observed_composite	792.81958	1.937016e5
ref_AVVQDPALKPLALVYGEATS_z3	observed_composite	792.84106	5.685591e5
ref_AVVQDPALKPLALVYGEATS_z3	observed_composite	792.91589	1.683009e6
ref_AVVQDPALKPLALVYGEATS_z3	observed_composite	792.92194	8.217340e5
ref_AVVQDPALKPLALVYGEATS_z3	observed_composite	793.11377	1.235048e7
ref_AVVQDPALKPLALVYGEATS_z3	observed_composite	793.39093	1.314069e6
ref_AVVQDPALKPLALVYGEATS_z3	observed_composite	793.41302	3.639288e6
ref_AVVQDPALKPLALVYGEATS_z3	observed_composite	793.44786	6.557562e6
ref_AVVQDPALKPLALVYGEATS_z3	observed_composite	793.65717	5.480238e5
ref_AVVQDPALKPLALVYGEATS_z3	observed_composite	793.72546	1.543643e6
ref_AVVQDPALKPLALVYGEATS_z3	observed_composite	793.74579	3.504277e5
ref_AVVQDPALKPLALVYGEATS_z3	observed_composite	793.78239	3.421029e6
ref_AVVQDPALKPLALVYGEATS_z3	observed_composite	793.90411	1.193763e6
ref_AVVQDPALKPLALVYGEATS_z3	observed_composite	794.05975	9.662710e5
ref_AVVQDPALKPLALVYGEATS_z3	observed_composite	794.07983	3.314200e5
ref_AVVQDPALKPLALVYGEATS_z3	observed_composite	794.11627	1.474243e6
ref_AVVQDPALKPLALVYGEATS_z3	observed_composite	794.39447	9.274800e5
ref_AVVQDPALKPLALVYGEATS_z3	observed_composite	794.40485	5.142277e5
ref_AVVQDPALKPLALVYGEATS_z3	observed_composite	794.41272	1.621160e5
ref_AVVQDPALKPLALVYGEATS_z3	observed_composite	794.44885	1.321118e6
ref_AVVQDPALKPLALVYGEATS_z3	observed_composite	794.63861	1.385575e5
ref_AVVQDPALKPLALVYGEATS_z3	observed_composite	794.72656	2.916466e5
ref_AVVQDPALKPLALVYGEATS_z3	observed_composite	794.74731	2.119426e5
ref_AVVQDPALKPLALVYGEATS_z3	observed_apex	792.43884	4.262380e6
ref_AVVQDPALKPLALVYGEATS_z3	observed_apex	792.77942	1.148490e7
ref_AVVQDPALKPLALVYGEATS_z3	observed_apex	793.11420	2.454807e7
ref_AVVQDPALKPLALVYGEATS_z3	observed_apex	793.44818	1.034373e7
ref_AVVQDPALKPLALVYGEATS_z3	observed_apex	793.78320	5.849057e6
ref_AVVQDPALKPLALVYGEATS_z3	avg_mono	792.77914	7.741704e-1
ref_AVVQDPALKPLALVYGEATS_z3	avg_mono	793.11359	1.000000e0
ref_AVVQDPALKPLALVYGEATS_z3	avg_mono	793.44805	7.264231e-1
ref_AVVQDPALKPLALVYGEATS_z3	avg_mono	793.78250	3.818993e-1
ref_AVVQDPALKPLALVYGEATS_z3	avg_mono	794.11695	1.601324e-1
ref_AVVQDPALKPLALVYGEATS_z3	avg_mono	794.45140	5.636484e-2
ref_AVVQDPALKPLALVYGEATS_z3	avg_mono	794.78585	1.719265e-2
ref_AVVQDPALKPLALVYGEATS_z3	avg_mono	795.12030	4.644779e-3
ref_AVVQDPALKPLALVYGEATS_z3	avg_mono	795.45476	1.129348e-3
ref_AVVQDPALKPLALVYGEATS_z3	avg_mono_m1	792.44469	7.741704e-1
ref_AVVQDPALKPLALVYGEATS_z3	avg_mono_m1	792.77914	1.000000e0
ref_AVVQDPALKPLALVYGEATS_z3	avg_mono_m1	793.11359	7.264231e-1
ref_AVVQDPALKPLALVYGEATS_z3	avg_mono_m1	793.44805	3.818993e-1
ref_AVVQDPALKPLALVYGEATS_z3	avg_mono_m1	793.78250	1.601324e-1
ref_AVVQDPALKPLALVYGEATS_z3	avg_mono_m1	794.11695	5.636484e-2
ref_AVVQDPALKPLALVYGEATS_z3	avg_mono_m1	794.45140	1.719265e-2
ref_AVVQDPALKPLALVYGEATS_z3	avg_mono_m1	794.78585	4.644779e-3
ref_AVVQDPALKPLALVYGEATS_z3	avg_mono_m1	795.12030	1.129348e-3
ref_AVVQDPALKPLALVYGEATS_z3	avg_mono_p1	793.11359	7.741704e-1
ref_AVVQDPALKPLALVYGEATS_z3	avg_mono_p1	793.44805	1.000000e0
ref_AVVQDPALKPLALVYGEATS_z3	avg_mono_p1	793.78250	7.264231e-1
ref_AVVQDPALKPLALVYGEATS_z3	avg_mono_p1	794.11695	3.818993e-1
ref_AVVQDPALKPLALVYGEATS_z3	avg_mono_p1	794.45140	1.601324e-1
ref_AVVQDPALKPLALVYGEATS_z3	avg_mono_p1	794.78585	5.636484e-2
ref_AVVQDPALKPLALVYGEATS_z3	avg_mono_p1	795.12030	1.719265e-2
ref_AVVQDPALKPLALVYGEATS_z3	avg_mono_p1	795.45476	4.644779e-3
ref_AVVQDPALKPLALVYGEATS_z3	avg_mono_p1	795.78921	1.129348e-3
ref_TFIIGELHPDDR_z3	observed_composite	471.25018	3.440693e5
ref_TFIIGELHPDDR_z3	observed_composite	471.58176	1.377891e8
ref_TFIIGELHPDDR_z3	observed_composite	471.75168	8.210820e4
ref_TFIIGELHPDDR_z3	observed_composite	471.91606	1.086290e8
ref_TFIIGELHPDDR_z3	observed_composite	472.21335	6.968232e4
ref_TFIIGELHPDDR_z3	observed_composite	472.25006	1.548702e7
ref_TFIIGELHPDDR_z3	observed_composite	472.25070	5.518924e7
ref_TFIIGELHPDDR_z3	observed_composite	472.58420	1.274193e7
ref_TFIIGELHPDDR_z3	observed_composite	472.75964	7.613890e4
ref_TFIIGELHPDDR_z3	observed_composite	472.91885	3.293304e6
ref_TFIIGELHPDDR_z3	observed_composite	473.09467	1.665708e5
ref_TFIIGELHPDDR_z3	observed_composite	473.24434	2.679495e6
ref_TFIIGELHPDDR_z3	observed_composite	473.25293	2.346628e5
ref_TFIIGELHPDDR_z3	observed_composite	473.31244	1.045824e5
ref_TFIIGELHPDDR_z3	observed_composite	473.57178	4.079769e5
ref_TFIIGELHPDDR_z3	observed_apex	471.25018	1.819305e6
ref_TFIIGELHPDDR_z3	observed_apex	471.58191	2.392377e8
ref_TFIIGELHPDDR_z3	observed_apex	471.75168	4.341562e5
ref_TFIIGELHPDDR_z3	observed_apex	471.91589	1.868101e8
ref_TFIIGELHPDDR_z3	observed_apex	472.21335	3.684530e5
ref_TFIIGELHPDDR_z3	observed_apex	472.25006	8.188935e7
ref_TFIIGELHPDDR_z3	observed_apex	472.58420	2.245813e7
ref_TFIIGELHPDDR_z3	observed_apex	472.75964	4.025929e5
ref_TFIIGELHPDDR_z3	observed_apex	472.91885	5.804570e6
ref_TFIIGELHPDDR_z3	observed_apex	473.09467	8.807618e5
ref_TFIIGELHPDDR_z3	observed_apex	473.24405	1.439041e6
ref_TFIIGELHPDDR_z3	observed_apex	473.25293	1.240806e6
ref_TFIIGELHPDDR_z3	observed_apex	473.31244	5.529909e5
ref_TFIIGELHPDDR_z3	avg_mono	471.58144	1.000000e0
ref_TFIIGELHPDDR_z3	avg_mono	471.91589	7.585897e-1
ref_TFIIGELHPDDR_z3	avg_mono	472.25035	3.656877e-1
ref_TFIIGELHPDDR_z3	avg_mono	472.58480	1.315539e-1
ref_TFIIGELHPDDR_z3	avg_mono	472.91925	3.807814e-2
ref_TFIIGELHPDDR_z3	avg_mono	473.25370	9.254603e-3
ref_TFIIGELHPDDR_z3	avg_mono	473.58815	1.944642e-3
ref_TFIIGELHPDDR_z3	avg_mono_m1	471.24699	1.000000e0
ref_TFIIGELHPDDR_z3	avg_mono_m1	471.58144	7.585897e-1
ref_TFIIGELHPDDR_z3	avg_mono_m1	471.91589	3.656877e-1
ref_TFIIGELHPDDR_z3	avg_mono_m1	472.25035	1.315539e-1
ref_TFIIGELHPDDR_z3	avg_mono_m1	472.58480	3.807814e-2
ref_TFIIGELHPDDR_z3	avg_mono_m1	472.91925	9.254603e-3
ref_TFIIGELHPDDR_z3	avg_mono_m1	473.25370	1.944642e-3
ref_TFIIGELHPDDR_z3	avg_mono_p1	471.91589	1.000000e0
ref_TFIIGELHPDDR_z3	avg_mono_p1	472.25035	7.585897e-1
ref_TFIIGELHPDDR_z3	avg_mono_p1	472.58480	3.656877e-1
ref_TFIIGELHPDDR_z3	avg_mono_p1	472.91925	1.315539e-1
ref_TFIIGELHPDDR_z3	avg_mono_p1	473.25370	3.807814e-2
ref_TFIIGELHPDDR_z3	avg_mono_p1	473.58815	9.254603e-3
ref_TFIIGELHPDDR_z3	avg_mono_p1	473.92260	1.944642e-3
ref_NMQDMVEDYR_z2	observed_composite	666.76984	1.854994e6
ref_NMQDMVEDYR_z2	observed_composite	667.15137	1.369950e5
ref_NMQDMVEDYR_z2	observed_composite	667.77216	9.678906e4
ref_NMQDMVEDYR_z2	observed_composite	669.36298	1.720657e5
ref_NMQDMVEDYR_z2	observed_apex	666.76984	2.270112e6
ref_NMQDMVEDYR_z2	avg_mono	666.76983	1.000000e0
ref_NMQDMVEDYR_z2	avg_mono	667.27150	7.220292e-1
ref_NMQDMVEDYR_z2	avg_mono	667.77318	3.388037e-1
ref_NMQDMVEDYR_z2	avg_mono	668.27486	1.188132e-1
ref_NMQDMVEDYR_z2	avg_mono	668.77654	3.356755e-2
ref_NMQDMVEDYR_z2	avg_mono	669.27821	7.968653e-3
ref_NMQDMVEDYR_z2	avg_mono	669.77989	1.636639e-3
ref_NMQDMVEDYR_z2	avg_mono_m1	666.26815	1.000000e0
ref_NMQDMVEDYR_z2	avg_mono_m1	666.76983	7.220292e-1
ref_NMQDMVEDYR_z2	avg_mono_m1	667.27150	3.388037e-1
ref_NMQDMVEDYR_z2	avg_mono_m1	667.77318	1.188132e-1
ref_NMQDMVEDYR_z2	avg_mono_m1	668.27486	3.356755e-2
ref_NMQDMVEDYR_z2	avg_mono_m1	668.77654	7.968653e-3
ref_NMQDMVEDYR_z2	avg_mono_m1	669.27821	1.636639e-3
ref_NMQDMVEDYR_z2	avg_mono_p1	667.27150	1.000000e0
ref_NMQDMVEDYR_z2	avg_mono_p1	667.77318	7.220292e-1
ref_NMQDMVEDYR_z2	avg_mono_p1	668.27486	3.388037e-1
ref_NMQDMVEDYR_z2	avg_mono_p1	668.77654	1.188132e-1
ref_NMQDMVEDYR_z2	avg_mono_p1	669.27821	3.356755e-2
ref_NMQDMVEDYR_z2	avg_mono_p1	669.77989	7.968653e-3
ref_NMQDMVEDYR_z2	avg_mono_p1	670.28157	1.636639e-3
ref_YAAELHLVHWNTK_z2	observed_composite	812.87830	3.625171e7
ref_YAAELHLVHWNTK_z2	observed_composite	812.92291	7.594978e9
ref_YAAELHLVHWNTK_z2	observed_composite	812.96710	1.290214e7
ref_YAAELHLVHWNTK_z2	observed_composite	813.36523	9.957860e6
ref_YAAELHLVHWNTK_z2	observed_composite	813.38074	1.702474e7
ref_YAAELHLVHWNTK_z2	observed_composite	813.42426	6.515701e9
ref_YAAELHLVHWNTK_z2	observed_composite	813.92560	3.364901e9
ref_YAAELHLVHWNTK_z2	observed_composite	814.42731	1.184345e9
ref_YAAELHLVHWNTK_z2	observed_composite	814.92810	7.865567e7
ref_YAAELHLVHWNTK_z2	observed_composite	814.92834	3.839141e8
ref_YAAELHLVHWNTK_z2	observed_composite	815.43042	7.631618e7
ref_YAAELHLVHWNTK_z2	observed_composite	815.91187	8.304626e6
ref_YAAELHLVHWNTK_z2	observed_composite	815.93085	5.816434e6
ref_YAAELHLVHWNTK_z2	observed_apex	812.87830	5.380884e7
ref_YAAELHLVHWNTK_z2	observed_apex	812.88611	4.304421e7
ref_YAAELHLVHWNTK_z2	observed_apex	812.92267	1.090314e10
ref_YAAELHLVHWNTK_z2	observed_apex	812.96710	5.745240e7
ref_YAAELHLVHWNTK_z2	observed_apex	813.42413	9.507266e9
ref_YAAELHLVHWNTK_z2	observed_apex	813.92560	4.994563e9
ref_YAAELHLVHWNTK_z2	observed_apex	814.42688	1.539881e9
ref_YAAELHLVHWNTK_z2	observed_apex	814.92834	4.083720e8
ref_YAAELHLVHWNTK_z2	observed_apex	815.42938	8.619035e7
ref_YAAELHLVHWNTK_z2	observed_apex	815.93085	2.590021e7
ref_YAAELHLVHWNTK_z2	avg_mono	812.92248	1.000000e0
ref_YAAELHLVHWNTK_z2	avg_mono	813.42415	8.805749e-1
ref_YAAELHLVHWNTK_z2	avg_mono	813.92583	4.712243e-1
ref_YAAELHLVHWNTK_z2	avg_mono	814.42751	1.870066e-1
ref_YAAELHLVHWNTK_z2	avg_mono	814.92919	5.968504e-2
ref_YAAELHLVHWNTK_z2	avg_mono	815.43086	1.601761e-2
ref_YAAELHLVHWNTK_z2	avg_mono	815.93254	3.722191e-3
ref_YAAELHLVHWNTK_z2	avg_mono_m1	812.42080	1.000000e0
ref_YAAELHLVHWNTK_z2	avg_mono_m1	812.92248	8.805749e-1
ref_YAAELHLVHWNTK_z2	avg_mono_m1	813.42415	4.712243e-1
ref_YAAELHLVHWNTK_z2	avg_mono_m1	813.92583	1.870066e-1
ref_YAAELHLVHWNTK_z2	avg_mono_m1	814.42751	5.968504e-2
ref_YAAELHLVHWNTK_z2	avg_mono_m1	814.92919	1.601761e-2
ref_YAAELHLVHWNTK_z2	avg_mono_m1	815.43086	3.722191e-3
ref_YAAELHLVHWNTK_z2	avg_mono_p1	813.42415	1.000000e0
ref_YAAELHLVHWNTK_z2	avg_mono_p1	813.92583	8.805749e-1
ref_YAAELHLVHWNTK_z2	avg_mono_p1	814.42751	4.712243e-1
ref_YAAELHLVHWNTK_z2	avg_mono_p1	814.92919	1.870066e-1
ref_YAAELHLVHWNTK_z2	avg_mono_p1	815.43086	5.968504e-2
ref_YAAELHLVHWNTK_z2	avg_mono_p1	815.93254	1.601761e-2
ref_YAAELHLVHWNTK_z2	avg_mono_p1	816.43422	3.722191e-3
ref_MVNNGHSFNVEYDDSQDK_z2	observed_composite	1079.41797	1.675559e5
ref_MVNNGHSFNVEYDDSQDK_z2	observed_composite	1079.45288	4.431389e7
ref_MVNNGHSFNVEYDDSQDK_z2	observed_composite	1079.92053	5.901201e5
ref_MVNNGHSFNVEYDDSQDK_z2	observed_composite	1079.95422	5.042882e7
ref_MVNNGHSFNVEYDDSQDK_z2	observed_composite	1080.45642	3.127293e7
ref_MVNNGHSFNVEYDDSQDK_z2	observed_composite	1080.95642	1.608091e7
ref_MVNNGHSFNVEYDDSQDK_z2	observed_composite	1081.45752	5.377287e6
ref_MVNNGHSFNVEYDDSQDK_z2	observed_composite	1081.45825	2.248449e6
ref_MVNNGHSFNVEYDDSQDK_z2	observed_composite	1081.76575	1.017976e6
ref_MVNNGHSFNVEYDDSQDK_z2	observed_composite	1081.95813	2.047464e6
ref_MVNNGHSFNVEYDDSQDK_z2	observed_composite	1082.10034	7.827284e5
ref_MVNNGHSFNVEYDDSQDK_z2	observed_composite	1082.46106	8.507966e5
ref_MVNNGHSFNVEYDDSQDK_z2	observed_composite	1082.57446	7.183508e5
ref_MVNNGHSFNVEYDDSQDK_z2	observed_apex	1079.41797	8.990917e5
ref_MVNNGHSFNVEYDDSQDK_z2	observed_apex	1079.45337	7.781042e7
ref_MVNNGHSFNVEYDDSQDK_z2	observed_apex	1079.95471	8.752546e7
ref_MVNNGHSFNVEYDDSQDK_z2	observed_apex	1080.45581	5.585921e7
ref_MVNNGHSFNVEYDDSQDK_z2	observed_apex	1080.95642	2.876296e7
ref_MVNNGHSFNVEYDDSQDK_z2	observed_apex	1081.45752	9.618034e6
ref_MVNNGHSFNVEYDDSQDK_z2	observed_apex	1081.95898	2.599648e6
ref_MVNNGHSFNVEYDDSQDK_z2	observed_apex	1082.45996	7.495228e5
ref_MVNNGHSFNVEYDDSQDK_z2	avg_mono	1079.45243	8.549895e-1
ref_MVNNGHSFNVEYDDSQDK_z2	avg_mono	1079.95410	1.000000e0
ref_MVNNGHSFNVEYDDSQDK_z2	avg_mono	1080.45578	6.690306e-1
ref_MVNNGHSFNVEYDDSQDK_z2	avg_mono	1080.95746	3.262232e-1
ref_MVNNGHSFNVEYDDSQDK_z2	avg_mono	1081.45914	1.272752e-1
ref_MVNNGHSFNVEYDDSQDK_z2	avg_mono	1081.96081	4.174218e-2
ref_MVNNGHSFNVEYDDSQDK_z2	avg_mono	1082.46249	1.187001e-2
ref_MVNNGHSFNVEYDDSQDK_z2	avg_mono	1082.96417	2.990106e-3
ref_MVNNGHSFNVEYDDSQDK_z2	avg_mono_m1	1078.95075	8.549895e-1
ref_MVNNGHSFNVEYDDSQDK_z2	avg_mono_m1	1079.45243	1.000000e0
ref_MVNNGHSFNVEYDDSQDK_z2	avg_mono_m1	1079.95410	6.690306e-1
ref_MVNNGHSFNVEYDDSQDK_z2	avg_mono_m1	1080.45578	3.262232e-1
ref_MVNNGHSFNVEYDDSQDK_z2	avg_mono_m1	1080.95746	1.272752e-1
ref_MVNNGHSFNVEYDDSQDK_z2	avg_mono_m1	1081.45914	4.174218e-2
ref_MVNNGHSFNVEYDDSQDK_z2	avg_mono_m1	1081.96081	1.187001e-2
ref_MVNNGHSFNVEYDDSQDK_z2	avg_mono_m1	1082.46249	2.990106e-3
ref_MVNNGHSFNVEYDDSQDK_z2	avg_mono_p1	1079.95410	8.549895e-1
ref_MVNNGHSFNVEYDDSQDK_z2	avg_mono_p1	1080.45578	1.000000e0
ref_MVNNGHSFNVEYDDSQDK_z2	avg_mono_p1	1080.95746	6.690306e-1
ref_MVNNGHSFNVEYDDSQDK_z2	avg_mono_p1	1081.45914	3.262232e-1
ref_MVNNGHSFNVEYDDSQDK_z2	avg_mono_p1	1081.96081	1.272752e-1
ref_MVNNGHSFNVEYDDSQDK_z2	avg_mono_p1	1082.46249	4.174218e-2
ref_MVNNGHSFNVEYDDSQDK_z2	avg_mono_p1	1082.96417	1.187001e-2
ref_MVNNGHSFNVEYDDSQDK_z2	avg_mono_p1	1083.46585	2.990106e-3
ref_HTGPGILSMANAGPNTNGSQ_z3	observed_composite	930.49689	4.193637e5
ref_HTGPGILSMANAGPNTNGSQ_z3	observed_composite	930.64062	5.012111e5
ref_HTGPGILSMANAGPNTNGSQ_z3	observed_composite	931.23688	2.312665e5
ref_HTGPGILSMANAGPNTNGSQ_z3	observed_composite	931.45154	1.926353e7
ref_HTGPGILSMANAGPNTNGSQ_z3	observed_composite	931.78583	3.298239e7
ref_HTGPGILSMANAGPNTNGSQ_z3	observed_composite	931.84308	7.560434e5
ref_HTGPGILSMANAGPNTNGSQ_z3	observed_composite	932.12014	2.234868e7
ref_HTGPGILSMANAGPNTNGSQ_z3	observed_composite	932.23779	1.352865e6
ref_HTGPGILSMANAGPNTNGSQ_z3	observed_composite	932.45404	1.489624e7
ref_HTGPGILSMANAGPNTNGSQ_z3	observed_composite	932.50116	2.213350e5
ref_HTGPGILSMANAGPNTNGSQ_z3	observed_composite	932.78729	6.986098e6
ref_HTGPGILSMANAGPNTNGSQ_z3	observed_composite	933.12103	4.745013e6
ref_HTGPGILSMANAGPNTNGSQ_z3	observed_composite	933.29071	4.084554e5
ref_HTGPGILSMANAGPNTNGSQ_z3	observed_composite	933.31396	4.814897e5
ref_HTGPGILSMANAGPNTNGSQ_z3	observed_composite	933.34882	4.715723e5
ref_HTGPGILSMANAGPNTNGSQ_z3	observed_apex	931.45190	3.121289e7
ref_HTGPGILSMANAGPNTNGSQ_z3	observed_apex	931.78613	4.900860e7
ref_HTGPGILSMANAGPNTNGSQ_z3	observed_apex	932.12006	3.592145e7
ref_HTGPGILSMANAGPNTNGSQ_z3	observed_apex	932.24243	7.080051e5
ref_HTGPGILSMANAGPNTNGSQ_z3	observed_apex	932.45404	2.413932e7
ref_HTGPGILSMANAGPNTNGSQ_z3	observed_apex	932.78809	1.105848e7
ref_HTGPGILSMANAGPNTNGSQ_z3	observed_apex	933.12164	5.756321e6
ref_HTGPGILSMANAGPNTNGSQ_z3	avg_mono	931.10048	6.671786e-1
ref_HTGPGILSMANAGPNTNGSQ_z3	avg_mono	931.43493	1.000000e0
ref_HTGPGILSMANAGPNTNGSQ_z3	avg_mono	931.76938	8.250292e-1
ref_HTGPGILSMANAGPNTNGSQ_z3	avg_mono	932.10383	4.875249e-1
ref_HTGPGILSMANAGPNTNGSQ_z3	avg_mono	932.43828	2.285324e-1
ref_HTGPGILSMANAGPNTNGSQ_z3	avg_mono	932.77273	8.967534e-2
ref_HTGPGILSMANAGPNTNGSQ_z3	avg_mono	933.10719	3.044865e-2
ref_HTGPGILSMANAGPNTNGSQ_z3	avg_mono	933.44164	9.150107e-3
ref_HTGPGILSMANAGPNTNGSQ_z3	avg_mono	933.77609	2.473809e-3
ref_HTGPGILSMANAGPNTNGSQ_z3	avg_mono_m1	930.76602	6.671786e-1
ref_HTGPGILSMANAGPNTNGSQ_z3	avg_mono_m1	931.10048	1.000000e0
ref_HTGPGILSMANAGPNTNGSQ_z3	avg_mono_m1	931.43493	8.250292e-1
ref_HTGPGILSMANAGPNTNGSQ_z3	avg_mono_m1	931.76938	4.875249e-1
ref_HTGPGILSMANAGPNTNGSQ_z3	avg_mono_m1	932.10383	2.285324e-1
ref_HTGPGILSMANAGPNTNGSQ_z3	avg_mono_m1	932.43828	8.967534e-2
ref_HTGPGILSMANAGPNTNGSQ_z3	avg_mono_m1	932.77273	3.044865e-2
ref_HTGPGILSMANAGPNTNGSQ_z3	avg_mono_m1	933.10719	9.150107e-3
ref_HTGPGILSMANAGPNTNGSQ_z3	avg_mono_m1	933.44164	2.473809e-3
ref_HTGPGILSMANAGPNTNGSQ_z3	avg_mono_p1	931.43493	6.671786e-1
ref_HTGPGILSMANAGPNTNGSQ_z3	avg_mono_p1	931.76938	1.000000e0
ref_HTGPGILSMANAGPNTNGSQ_z3	avg_mono_p1	932.10383	8.250292e-1
ref_HTGPGILSMANAGPNTNGSQ_z3	avg_mono_p1	932.43828	4.875249e-1
ref_HTGPGILSMANAGPNTNGSQ_z3	avg_mono_p1	932.77273	2.285324e-1
ref_HTGPGILSMANAGPNTNGSQ_z3	avg_mono_p1	933.10719	8.967534e-2
ref_HTGPGILSMANAGPNTNGSQ_z3	avg_mono_p1	933.44164	3.044865e-2
ref_HTGPGILSMANAGPNTNGSQ_z3	avg_mono_p1	933.77609	9.150107e-3
ref_HTGPGILSMANAGPNTNGSQ_z3	avg_mono_p1	934.11054	2.473809e-3
ref_LIFAGKQLEDGRTLSDYNIQ_z3	observed_composite	817.69507	5.798018e5
ref_LIFAGKQLEDGRTLSDYNIQ_z3	observed_composite	818.42444	3.459258e5
ref_LIFAGKQLEDGRTLSDYNIQ_z3	observed_composite	818.44812	1.749665e7
ref_LIFAGKQLEDGRTLSDYNIQ_z3	observed_composite	819.03827	3.956135e5
ref_LIFAGKQLEDGRTLSDYNIQ_z3	observed_composite	819.06085	1.298839e6
ref_LIFAGKQLEDGRTLSDYNIQ_z3	observed_composite	819.45154	4.791542e6
ref_LIFAGKQLEDGRTLSDYNIQ_z3	observed_composite	819.71649	4.424532e6
ref_LIFAGKQLEDGRTLSDYNIQ_z3	observed_composite	819.80048	2.134040e5
ref_LIFAGKQLEDGRTLSDYNIQ_z3	observed_composite	819.90332	3.979409e6
ref_LIFAGKQLEDGRTLSDYNIQ_z3	observed_composite	819.90533	2.185109e5
ref_LIFAGKQLEDGRTLSDYNIQ_z3	observed_composite	820.13507	2.612238e5
ref_LIFAGKQLEDGRTLSDYNIQ_z3	observed_composite	820.37482	2.545082e5
ref_LIFAGKQLEDGRTLSDYNIQ_z3	observed_apex	818.44812	2.801587e7
ref_LIFAGKQLEDGRTLSDYNIQ_z3	observed_apex	819.06085	6.239154e6
ref_LIFAGKQLEDGRTLSDYNIQ_z3	observed_apex	819.45251	6.114494e6
ref_LIFAGKQLEDGRTLSDYNIQ_z3	avg_mono	818.10294	7.526455e-1
ref_LIFAGKQLEDGRTLSDYNIQ_z3	avg_mono	818.43739	1.000000e0
ref_LIFAGKQLEDGRTLSDYNIQ_z3	avg_mono	818.77185	7.440632e-1
ref_LIFAGKQLEDGRTLSDYNIQ_z3	avg_mono	819.10630	3.999128e-1
ref_LIFAGKQLEDGRTLSDYNIQ_z3	avg_mono	819.44075	1.712769e-1
ref_LIFAGKQLEDGRTLSDYNIQ_z3	avg_mono	819.77520	6.155351e-2
ref_LIFAGKQLEDGRTLSDYNIQ_z3	avg_mono	820.10965	1.916642e-2
ref_LIFAGKQLEDGRTLSDYNIQ_z3	avg_mono	820.44410	5.285635e-3
ref_LIFAGKQLEDGRTLSDYNIQ_z3	avg_mono	820.77856	1.311895e-3
ref_LIFAGKQLEDGRTLSDYNIQ_z3	avg_mono_m1	817.76849	7.526455e-1
ref_LIFAGKQLEDGRTLSDYNIQ_z3	avg_mono_m1	818.10294	1.000000e0
ref_LIFAGKQLEDGRTLSDYNIQ_z3	avg_mono_m1	818.43739	7.440632e-1
ref_LIFAGKQLEDGRTLSDYNIQ_z3	avg_mono_m1	818.77185	3.999128e-1
ref_LIFAGKQLEDGRTLSDYNIQ_z3	avg_mono_m1	819.10630	1.712769e-1
ref_LIFAGKQLEDGRTLSDYNIQ_z3	avg_mono_m1	819.44075	6.155351e-2
ref_LIFAGKQLEDGRTLSDYNIQ_z3	avg_mono_m1	819.77520	1.916642e-2
ref_LIFAGKQLEDGRTLSDYNIQ_z3	avg_mono_m1	820.10965	5.285635e-3
ref_LIFAGKQLEDGRTLSDYNIQ_z3	avg_mono_m1	820.44410	1.311895e-3
ref_LIFAGKQLEDGRTLSDYNIQ_z3	avg_mono_p1	818.43739	7.526455e-1
ref_LIFAGKQLEDGRTLSDYNIQ_z3	avg_mono_p1	818.77185	1.000000e0
ref_LIFAGKQLEDGRTLSDYNIQ_z3	avg_mono_p1	819.10630	7.440632e-1
ref_LIFAGKQLEDGRTLSDYNIQ_z3	avg_mono_p1	819.44075	3.999128e-1
ref_LIFAGKQLEDGRTLSDYNIQ_z3	avg_mono_p1	819.77520	1.712769e-1
ref_LIFAGKQLEDGRTLSDYNIQ_z3	avg_mono_p1	820.10965	6.155351e-2
ref_LIFAGKQLEDGRTLSDYNIQ_z3	avg_mono_p1	820.44410	1.916642e-2
ref_LIFAGKQLEDGRTLSDYNIQ_z3	avg_mono_p1	820.77856	5.285635e-3
ref_LIFAGKQLEDGRTLSDYNIQ_z3	avg_mono_p1	821.11301	1.311895e-3
ref_AVVQDPALKPLALVYGEATS_z4	observed_composite	614.85181	8.635735e6
ref_AVVQDPALKPLALVYGEATS_z4	observed_composite	615.00861	2.408169e6
ref_AVVQDPALKPLALVYGEATS_z4	observed_composite	615.02275	8.798990e7
ref_AVVQDPALKPLALVYGEATS_z4	observed_composite	615.10336	2.410144e7
ref_AVVQDPALKPLALVYGEATS_z4	observed_composite	615.35638	4.620204e7
ref_AVVQDPALKPLALVYGEATS_z4	observed_composite	615.69073	1.490189e7
ref_AVVQDPALKPLALVYGEATS_z4	observed_composite	616.02484	3.719890e6
ref_AVVQDPALKPLALVYGEATS_z4	observed_apex	614.85181	1.300321e7
ref_AVVQDPALKPLALVYGEATS_z4	observed_apex	615.02252	2.172837e7
ref_AVVQDPALKPLALVYGEATS_z4	observed_apex	615.10266	3.192128e7
ref_AVVQDPALKPLALVYGEATS_z4	observed_apex	615.35504	1.834039e7
ref_AVVQDPALKPLALVYGEATS_z4	avg_mono	614.85090	7.526455e-1
ref_AVVQDPALKPLALVYGEATS_z4	avg_mono	615.10174	1.000000e0
ref_AVVQDPALKPLALVYGEATS_z4	avg_mono	615.35258	7.440632e-1
ref_AVVQDPALKPLALVYGEATS_z4	avg_mono	615.60342	3.999128e-1
ref_AVVQDPALKPLALVYGEATS_z4	avg_mono	615.85426	1.712769e-1
ref_AVVQDPALKPLALVYGEATS_z4	avg_mono	616.10510	6.155351e-2
ref_AVVQDPALKPLALVYGEATS_z4	avg_mono	616.35593	1.916642e-2
ref_AVVQDPALKPLALVYGEATS_z4	avg_mono	616.60677	5.285635e-3
ref_AVVQDPALKPLALVYGEATS_z4	avg_mono	616.85761	1.311895e-3
ref_AVVQDPALKPLALVYGEATS_z4	avg_mono_m1	614.60006	7.526455e-1
ref_AVVQDPALKPLALVYGEATS_z4	avg_mono_m1	614.85090	1.000000e0
ref_AVVQDPALKPLALVYGEATS_z4	avg_mono_m1	615.10174	7.440632e-1
ref_AVVQDPALKPLALVYGEATS_z4	avg_mono_m1	615.35258	3.999128e-1
ref_AVVQDPALKPLALVYGEATS_z4	avg_mono_m1	615.60342	1.712769e-1
ref_AVVQDPALKPLALVYGEATS_z4	avg_mono_m1	615.85426	6.155351e-2
ref_AVVQDPALKPLALVYGEATS_z4	avg_mono_m1	616.10510	1.916642e-2
ref_AVVQDPALKPLALVYGEATS_z4	avg_mono_m1	616.35593	5.285635e-3
ref_AVVQDPALKPLALVYGEATS_z4	avg_mono_m1	616.60677	1.311895e-3
ref_AVVQDPALKPLALVYGEATS_z4	avg_mono_p1	615.10174	7.526455e-1
ref_AVVQDPALKPLALVYGEATS_z4	avg_mono_p1	615.35258	1.000000e0
ref_AVVQDPALKPLALVYGEATS_z4	avg_mono_p1	615.60342	7.440632e-1
ref_AVVQDPALKPLALVYGEATS_z4	avg_mono_p1	615.85426	3.999128e-1
ref_AVVQDPALKPLALVYGEATS_z4	avg_mono_p1	616.10510	1.712769e-1
ref_AVVQDPALKPLALVYGEATS_z4	avg_mono_p1	616.35593	6.155351e-2
ref_AVVQDPALKPLALVYGEATS_z4	avg_mono_p1	616.60677	1.916642e-2
ref_AVVQDPALKPLALVYGEATS_z4	avg_mono_p1	616.85761	5.285635e-3
ref_AVVQDPALKPLALVYGEATS_z4	avg_mono_p1	617.10845	1.311895e-3
ref_AVLKDGPLTGTYRLVQFHFH_z5	observed_composite	791.99589	7.122182e6
ref_AVLKDGPLTGTYRLVQFHFH_z5	observed_composite	792.09906	1.788207e5
ref_AVLKDGPLTGTYRLVQFHFH_z5	observed_composite	792.19672	7.722929e6
ref_AVLKDGPLTGTYRLVQFHFH_z5	observed_composite	792.39764	9.436713e6
ref_AVLKDGPLTGTYRLVQFHFH_z5	observed_composite	792.42230	1.649848e5
ref_AVLKDGPLTGTYRLVQFHFH_z5	observed_composite	792.59804	8.684329e6
ref_AVLKDGPLTGTYRLVQFHFH_z5	observed_composite	792.79852	5.225373e6
ref_AVLKDGPLTGTYRLVQFHFH_z5	observed_composite	792.88599	1.343523e5
ref_AVLKDGPLTGTYRLVQFHFH_z5	observed_composite	792.99890	2.323618e6
ref_AVLKDGPLTGTYRLVQFHFH_z5	observed_composite	793.09485	1.683774e5
ref_AVLKDGPLTGTYRLVQFHFH_z5	observed_composite	793.20056	7.792096e5
ref_AVLKDGPLTGTYRLVQFHFH_z5	observed_composite	793.40170	2.199252e6
ref_AVLKDGPLTGTYRLVQFHFH_z5	observed_apex	791.99597	7.228170e6
ref_AVLKDGPLTGTYRLVQFHFH_z5	observed_apex	792.19672	1.077785e7
ref_AVLKDGPLTGTYRLVQFHFH_z5	observed_apex	792.39722	1.196863e7
ref_AVLKDGPLTGTYRLVQFHFH_z5	observed_apex	792.59772	9.851618e6
ref_AVLKDGPLTGTYRLVQFHFH_z5	observed_apex	792.79816	5.715589e6
ref_AVLKDGPLTGTYRLVQFHFH_z5	observed_apex	792.99890	3.242760e6
ref_AVLKDGPLTGTYRLVQFHFH_z5	observed_apex	793.20056	1.087438e6
ref_AVLKDGPLTGTYRLVQFHFH_z5	avg_mono	791.99494	4.159707e-1
ref_AVLKDGPLTGTYRLVQFHFH_z5	avg_mono	792.19561	8.849540e-1
ref_AVLKDGPLTGTYRLVQFHFH_z5	avg_mono	792.39628	1.000000e0
ref_AVLKDGPLTGTYRLVQFHFH_z5	avg_mono	792.59695	7.922055e-1
ref_AVLKDGPLTGTYRLVQFHFH_z5	avg_mono	792.79762	4.912180e-1
ref_AVLKDGPLTGTYRLVQFHFH_z5	avg_mono	792.99829	2.527952e-1
ref_AVLKDGPLTGTYRLVQFHFH_z5	avg_mono	793.19896	1.119494e-1
ref_AVLKDGPLTGTYRLVQFHFH_z5	avg_mono	793.39963	4.371648e-2
ref_AVLKDGPLTGTYRLVQFHFH_z5	avg_mono	793.60030	1.532068e-2
ref_AVLKDGPLTGTYRLVQFHFH_z5	avg_mono	793.80098	4.882941e-3
ref_AVLKDGPLTGTYRLVQFHFH_z5	avg_mono	794.00165	1.430039e-3
ref_AVLKDGPLTGTYRLVQFHFH_z5	avg_mono_m1	791.79427	4.159707e-1
ref_AVLKDGPLTGTYRLVQFHFH_z5	avg_mono_m1	791.99494	8.849540e-1
ref_AVLKDGPLTGTYRLVQFHFH_z5	avg_mono_m1	792.19561	1.000000e0
ref_AVLKDGPLTGTYRLVQFHFH_z5	avg_mono_m1	792.39628	7.922055e-1
ref_AVLKDGPLTGTYRLVQFHFH_z5	avg_mono_m1	792.59695	4.912180e-1
ref_AVLKDGPLTGTYRLVQFHFH_z5	avg_mono_m1	792.79762	2.527952e-1
ref_AVLKDGPLTGTYRLVQFHFH_z5	avg_mono_m1	792.99829	1.119494e-1
ref_AVLKDGPLTGTYRLVQFHFH_z5	avg_mono_m1	793.19896	4.371648e-2
ref_AVLKDGPLTGTYRLVQFHFH_z5	avg_mono_m1	793.39963	1.532068e-2
ref_AVLKDGPLTGTYRLVQFHFH_z5	avg_mono_m1	793.60030	4.882941e-3
ref_AVLKDGPLTGTYRLVQFHFH_z5	avg_mono_m1	793.80098	1.430039e-3
ref_AVLKDGPLTGTYRLVQFHFH_z5	avg_mono_p1	792.19561	4.159707e-1
ref_AVLKDGPLTGTYRLVQFHFH_z5	avg_mono_p1	792.39628	8.849540e-1
ref_AVLKDGPLTGTYRLVQFHFH_z5	avg_mono_p1	792.59695	1.000000e0
ref_AVLKDGPLTGTYRLVQFHFH_z5	avg_mono_p1	792.79762	7.922055e-1
ref_AVLKDGPLTGTYRLVQFHFH_z5	avg_mono_p1	792.99829	4.912180e-1
ref_AVLKDGPLTGTYRLVQFHFH_z5	avg_mono_p1	793.19896	2.527952e-1
ref_AVLKDGPLTGTYRLVQFHFH_z5	avg_mono_p1	793.39963	1.119494e-1
ref_AVLKDGPLTGTYRLVQFHFH_z5	avg_mono_p1	793.60030	4.371648e-2
ref_AVLKDGPLTGTYRLVQFHFH_z5	avg_mono_p1	793.80098	1.532068e-2
ref_AVLKDGPLTGTYRLVQFHFH_z5	avg_mono_p1	794.00165	4.882941e-3
ref_AVLKDGPLTGTYRLVQFHFH_z5	avg_mono_p1	794.20232	1.430039e-3
ref_SAYPGQITSNMFCAGYLEGG_z3	observed_composite	1295.50549	5.527371e5
ref_SAYPGQITSNMFCAGYLEGG_z3	observed_composite	1295.57153	4.082396e6
ref_SAYPGQITSNMFCAGYLEGG_z3	observed_composite	1295.61108	1.456110e6
ref_SAYPGQITSNMFCAGYLEGG_z3	observed_composite	1295.90491	2.334385e6
ref_SAYPGQITSNMFCAGYLEGG_z3	observed_composite	1295.90601	8.011928e6
ref_SAYPGQITSNMFCAGYLEGG_z3	observed_composite	1295.94373	9.129594e5
ref_SAYPGQITSNMFCAGYLEGG_z3	observed_composite	1296.01599	4.468385e5
ref_SAYPGQITSNMFCAGYLEGG_z3	observed_composite	1296.23975	1.046012e7
ref_SAYPGQITSNMFCAGYLEGG_z3	observed_composite	1296.28040	8.128016e5
ref_SAYPGQITSNMFCAGYLEGG_z3	observed_composite	1296.50732	4.867273e5
ref_SAYPGQITSNMFCAGYLEGG_z3	observed_composite	1296.53870	1.396593e5
ref_SAYPGQITSNMFCAGYLEGG_z3	observed_composite	1296.57422	8.456173e6
ref_SAYPGQITSNMFCAGYLEGG_z3	observed_composite	1296.61633	8.793251e5
ref_SAYPGQITSNMFCAGYLEGG_z3	observed_composite	1296.84692	1.018662e6
ref_SAYPGQITSNMFCAGYLEGG_z3	observed_composite	1296.90515	2.176964e6
ref_SAYPGQITSNMFCAGYLEGG_z3	observed_composite	1296.90735	5.820979e6
ref_SAYPGQITSNMFCAGYLEGG_z3	observed_composite	1296.95093	8.539610e5
ref_SAYPGQITSNMFCAGYLEGG_z3	observed_composite	1297.24028	2.638396e6
ref_SAYPGQITSNMFCAGYLEGG_z3	observed_composite	1297.28284	2.992723e6
ref_SAYPGQITSNMFCAGYLEGG_z3	observed_composite	1297.51221	3.208128e5
ref_SAYPGQITSNMFCAGYLEGG_z3	observed_composite	1297.57568	1.899405e6
ref_SAYPGQITSNMFCAGYLEGG_z3	observed_apex	1295.50549	2.308445e6
ref_SAYPGQITSNMFCAGYLEGG_z3	observed_apex	1295.56982	2.469782e6
ref_SAYPGQITSNMFCAGYLEGG_z3	observed_apex	1295.90491	9.749300e6
ref_SAYPGQITSNMFCAGYLEGG_z3	observed_apex	1296.01599	1.866171e6
ref_SAYPGQITSNMFCAGYLEGG_z3	observed_apex	1296.23950	1.414587e7
ref_SAYPGQITSNMFCAGYLEGG_z3	observed_apex	1296.50732	2.032763e6
ref_SAYPGQITSNMFCAGYLEGG_z3	observed_apex	1296.57288	1.038068e7
ref_SAYPGQITSNMFCAGYLEGG_z3	observed_apex	1296.90515	9.091847e6
ref_SAYPGQITSNMFCAGYLEGG_z3	observed_apex	1297.23962	2.678314e6
ref_SAYPGQITSNMFCAGYLEGG_z3	observed_apex	1297.28284	2.469021e6
ref_SAYPGQITSNMFCAGYLEGG_z3	observed_apex	1297.57568	2.644218e6
ref_SAYPGQITSNMFCAGYLEGG_z3	avg_mono	1295.57118	4.241565e-1
ref_SAYPGQITSNMFCAGYLEGG_z3	avg_mono	1295.90563	8.930474e-1
ref_SAYPGQITSNMFCAGYLEGG_z3	avg_mono	1296.24008	1.000000e0
ref_SAYPGQITSNMFCAGYLEGG_z3	avg_mono	1296.57453	7.857076e-1
ref_SAYPGQITSNMFCAGYLEGG_z3	avg_mono	1296.90898	4.834930e-1
ref_SAYPGQITSNMFCAGYLEGG_z3	avg_mono	1297.24343	2.470466e-1
ref_SAYPGQITSNMFCAGYLEGG_z3	avg_mono	1297.57789	1.086630e-1
ref_SAYPGQITSNMFCAGYLEGG_z3	avg_mono	1297.91234	4.215797e-2
ref_SAYPGQITSNMFCAGYLEGG_z3	avg_mono	1298.24679	1.468219e-2
ref_SAYPGQITSNMFCAGYLEGG_z3	avg_mono	1298.58124	4.651118e-3
ref_SAYPGQITSNMFCAGYLEGG_z3	avg_mono	1298.91569	1.354119e-3
ref_SAYPGQITSNMFCAGYLEGG_z3	avg_mono_m1	1295.23672	4.241565e-1
ref_SAYPGQITSNMFCAGYLEGG_z3	avg_mono_m1	1295.57118	8.930474e-1
ref_SAYPGQITSNMFCAGYLEGG_z3	avg_mono_m1	1295.90563	1.000000e0
ref_SAYPGQITSNMFCAGYLEGG_z3	avg_mono_m1	1296.24008	7.857076e-1
ref_SAYPGQITSNMFCAGYLEGG_z3	avg_mono_m1	1296.57453	4.834930e-1
ref_SAYPGQITSNMFCAGYLEGG_z3	avg_mono_m1	1296.90898	2.470466e-1
ref_SAYPGQITSNMFCAGYLEGG_z3	avg_mono_m1	1297.24343	1.086630e-1
ref_SAYPGQITSNMFCAGYLEGG_z3	avg_mono_m1	1297.57789	4.215797e-2
ref_SAYPGQITSNMFCAGYLEGG_z3	avg_mono_m1	1297.91234	1.468219e-2
ref_SAYPGQITSNMFCAGYLEGG_z3	avg_mono_m1	1298.24679	4.651118e-3
ref_SAYPGQITSNMFCAGYLEGG_z3	avg_mono_m1	1298.58124	1.354119e-3
ref_SAYPGQITSNMFCAGYLEGG_z3	avg_mono_p1	1295.90563	4.241565e-1
ref_SAYPGQITSNMFCAGYLEGG_z3	avg_mono_p1	1296.24008	8.930474e-1
ref_SAYPGQITSNMFCAGYLEGG_z3	avg_mono_p1	1296.57453	1.000000e0
ref_SAYPGQITSNMFCAGYLEGG_z3	avg_mono_p1	1296.90898	7.857076e-1
ref_SAYPGQITSNMFCAGYLEGG_z3	avg_mono_p1	1297.24343	4.834930e-1
ref_SAYPGQITSNMFCAGYLEGG_z3	avg_mono_p1	1297.57789	2.470466e-1
ref_SAYPGQITSNMFCAGYLEGG_z3	avg_mono_p1	1297.91234	1.086630e-1
ref_SAYPGQITSNMFCAGYLEGG_z3	avg_mono_p1	1298.24679	4.215797e-2
ref_SAYPGQITSNMFCAGYLEGG_z3	avg_mono_p1	1298.58124	1.468219e-2
ref_SAYPGQITSNMFCAGYLEGG_z3	avg_mono_p1	1298.91569	4.651118e-3
ref_SAYPGQITSNMFCAGYLEGG_z3	avg_mono_p1	1299.25014	1.354119e-3
ref_AISNNEADAVTLDGGLVYEA_z5	observed_composite	790.71075	1.076807e5
ref_AISNNEADAVTLDGGLVYEA_z5	observed_composite	791.01892	1.429953e5
ref_AISNNEADAVTLDGGLVYEA_z5	observed_composite	791.02179	1.894631e5
ref_AISNNEADAVTLDGGLVYEA_z5	observed_composite	791.11450	1.743890e5
ref_AISNNEADAVTLDGGLVYEA_z5	observed_composite	791.12115	7.472074e5
ref_AISNNEADAVTLDGGLVYEA_z5	observed_composite	791.22223	1.937893e7
ref_AISNNEADAVTLDGGLVYEA_z5	observed_composite	791.37909	1.809997e5
ref_AISNNEADAVTLDGGLVYEA_z5	observed_composite	791.42316	3.333911e7
ref_AISNNEADAVTLDGGLVYEA_z5	observed_composite	791.57861	1.413477e5
ref_AISNNEADAVTLDGGLVYEA_z5	observed_composite	791.62354	3.722844e7
ref_AISNNEADAVTLDGGLVYEA_z5	observed_composite	791.68127	1.091895e5
ref_AISNNEADAVTLDGGLVYEA_z5	observed_composite	791.82434	3.113916e7
ref_AISNNEADAVTLDGGLVYEA_z5	observed_composite	791.86780	9.544806e4
ref_AISNNEADAVTLDGGLVYEA_z5	observed_composite	791.92212	1.402207e6
ref_AISNNEADAVTLDGGLVYEA_z5	observed_composite	792.02484	1.731419e7
ref_AISNNEADAVTLDGGLVYEA_z5	observed_composite	792.22534	1.022019e7
ref_AISNNEADAVTLDGGLVYEA_z5	observed_composite	792.35229	1.762387e5
ref_AISNNEADAVTLDGGLVYEA_z5	observed_composite	792.37036	1.554219e5
ref_AISNNEADAVTLDGGLVYEA_z5	observed_composite	792.42533	4.629063e6
ref_AISNNEADAVTLDGGLVYEA_z5	observed_composite	792.62598	5.387600e5
ref_AISNNEADAVTLDGGLVYEA_z5	observed_apex	791.01892	6.436891e5
ref_AISNNEADAVTLDGGLVYEA_z5	observed_apex	791.11450	7.850066e5
ref_AISNNEADAVTLDGGLVYEA_z5	observed_apex	791.22229	2.014513e7
ref_AISNNEADAVTLDGGLVYEA_z5	observed_apex	791.37909	8.147644e5
ref_AISNNEADAVTLDGGLVYEA_z5	observed_apex	791.42297	4.691372e7
ref_AISNNEADAVTLDGGLVYEA_z5	observed_apex	791.57861	6.362722e5
ref_AISNNEADAVTLDGGLVYEA_z5	observed_apex	791.62354	5.586090e7
ref_AISNNEADAVTLDGGLVYEA_z5	observed_apex	791.82404	4.539514e7
ref_AISNNEADAVTLDGGLVYEA_z5	observed_apex	792.02460	2.424058e7
ref_AISNNEADAVTLDGGLVYEA_z5	observed_apex	792.22485	1.359904e7
ref_AISNNEADAVTLDGGLVYEA_z5	observed_apex	792.35229	7.933329e5
ref_AISNNEADAVTLDGGLVYEA_z5	observed_apex	792.37036	6.996267e5
ref_AISNNEADAVTLDGGLVYEA_z5	observed_apex	792.42566	5.884000e6
ref_AISNNEADAVTLDGGLVYEA_z5	avg_mono	791.23056	4.159707e-1
ref_AISNNEADAVTLDGGLVYEA_z5	avg_mono	791.43123	8.849540e-1
ref_AISNNEADAVTLDGGLVYEA_z5	avg_mono	791.63190	1.000000e0
ref_AISNNEADAVTLDGGLVYEA_z5	avg_mono	791.83257	7.922055e-1
ref_AISNNEADAVTLDGGLVYEA_z5	avg_mono	792.03324	4.912180e-1
ref_AISNNEADAVTLDGGLVYEA_z5	avg_mono	792.23391	2.527952e-1
ref_AISNNEADAVTLDGGLVYEA_z5	avg_mono	792.43458	1.119494e-1
ref_AISNNEADAVTLDGGLVYEA_z5	avg_mono	792.63525	4.371648e-2
ref_AISNNEADAVTLDGGLVYEA_z5	avg_mono	792.83592	1.532068e-2
ref_AISNNEADAVTLDGGLVYEA_z5	avg_mono	793.03660	4.882941e-3
ref_AISNNEADAVTLDGGLVYEA_z5	avg_mono	793.23727	1.430039e-3
ref_AISNNEADAVTLDGGLVYEA_z5	avg_mono_m1	791.02989	4.159707e-1
ref_AISNNEADAVTLDGGLVYEA_z5	avg_mono_m1	791.23056	8.849540e-1
ref_AISNNEADAVTLDGGLVYEA_z5	avg_mono_m1	791.43123	1.000000e0
ref_AISNNEADAVTLDGGLVYEA_z5	avg_mono_m1	791.63190	7.922055e-1
ref_AISNNEADAVTLDGGLVYEA_z5	avg_mono_m1	791.83257	4.912180e-1
ref_AISNNEADAVTLDGGLVYEA_z5	avg_mono_m1	792.03324	2.527952e-1
ref_AISNNEADAVTLDGGLVYEA_z5	avg_mono_m1	792.23391	1.119494e-1
ref_AISNNEADAVTLDGGLVYEA_z5	avg_mono_m1	792.43458	4.371648e-2
ref_AISNNEADAVTLDGGLVYEA_z5	avg_mono_m1	792.63525	1.532068e-2
ref_AISNNEADAVTLDGGLVYEA_z5	avg_mono_m1	792.83592	4.882941e-3
ref_AISNNEADAVTLDGGLVYEA_z5	avg_mono_m1	793.03660	1.430039e-3
ref_AISNNEADAVTLDGGLVYEA_z5	avg_mono_p1	791.43123	4.159707e-1
ref_AISNNEADAVTLDGGLVYEA_z5	avg_mono_p1	791.63190	8.849540e-1
ref_AISNNEADAVTLDGGLVYEA_z5	avg_mono_p1	791.83257	1.000000e0
ref_AISNNEADAVTLDGGLVYEA_z5	avg_mono_p1	792.03324	7.922055e-1
ref_AISNNEADAVTLDGGLVYEA_z5	avg_mono_p1	792.23391	4.912180e-1
ref_AISNNEADAVTLDGGLVYEA_z5	avg_mono_p1	792.43458	2.527952e-1
ref_AISNNEADAVTLDGGLVYEA_z5	avg_mono_p1	792.63525	1.119494e-1
ref_AISNNEADAVTLDGGLVYEA_z5	avg_mono_p1	792.83592	4.371648e-2
ref_AISNNEADAVTLDGGLVYEA_z5	avg_mono_p1	793.03660	1.532068e-2
ref_AISNNEADAVTLDGGLVYEA_z5	avg_mono_p1	793.23727	4.882941e-3
ref_AISNNEADAVTLDGGLVYEA_z5	avg_mono_p1	793.43794	1.430039e-3
ref_EPISVSSQQMLK_z1	observed_composite	1389.71643	3.654364e9
ref_EPISVSSQQMLK_z1	observed_composite	1389.81653	7.011985e6
ref_EPISVSSQQMLK_z1	observed_composite	1390.04712	4.544246e6
ref_EPISVSSQQMLK_z1	observed_composite	1390.21790	8.692647e7
ref_EPISVSSQQMLK_z1	observed_composite	1390.38452	2.813012e7
ref_EPISVSSQQMLK_z1	observed_composite	1390.71928	2.564267e9
ref_EPISVSSQQMLK_z1	observed_composite	1390.79871	3.922817e6
ref_EPISVSSQQMLK_z1	observed_composite	1390.81714	1.181314e7
ref_EPISVSSQQMLK_z1	observed_composite	1390.84497	3.067034e6
ref_EPISVSSQQMLK_z1	observed_composite	1391.05212	4.540862e6
ref_EPISVSSQQMLK_z1	observed_composite	1391.21960	6.553288e7
ref_EPISVSSQQMLK_z1	observed_composite	1391.38562	4.707964e6
ref_EPISVSSQQMLK_z1	observed_composite	1391.72095	1.216160e9
ref_EPISVSSQQMLK_z1	observed_composite	1392.22205	1.737679e7
ref_EPISVSSQQMLK_z1	observed_composite	1392.72327	4.221444e8
ref_EPISVSSQQMLK_z1	observed_composite	1393.72095	1.375514e8
ref_EPISVSSQQMLK_z1	observed_composite	1394.72534	1.076101e7
ref_EPISVSSQQMLK_z1	observed_composite	1394.72693	9.324787e6
ref_EPISVSSQQMLK_z1	observed_apex	1389.71643	6.499140e9
ref_EPISVSSQQMLK_z1	observed_apex	1390.21729	1.506546e8
ref_EPISVSSQQMLK_z1	observed_apex	1390.38525	3.392215e7
ref_EPISVSSQQMLK_z1	observed_apex	1390.71936	4.504694e9
ref_EPISVSSQQMLK_z1	observed_apex	1390.82288	1.695876e7
ref_EPISVSSQQMLK_z1	observed_apex	1390.84497	1.636379e7
ref_EPISVSSQQMLK_z1	observed_apex	1391.21960	1.165476e8
ref_EPISVSSQQMLK_z1	observed_apex	1391.38562	2.511878e7
ref_EPISVSSQQMLK_z1	observed_apex	1391.72119	1.916701e9
ref_EPISVSSQQMLK_z1	observed_apex	1392.22058	1.992534e7
ref_EPISVSSQQMLK_z1	observed_apex	1392.72253	7.287816e8
ref_EPISVSSQQMLK_z1	observed_apex	1393.72498	1.963541e8
ref_EPISVSSQQMLK_z1	observed_apex	1394.72693	4.975128e7
ref_EPISVSSQQMLK_z1	avg_mono	1389.71568	1.000000e0
ref_EPISVSSQQMLK_z1	avg_mono	1390.71903	7.585897e-1
ref_EPISVSSQQMLK_z1	avg_mono	1391.72239	3.656877e-1
ref_EPISVSSQQMLK_z1	avg_mono	1392.72574	1.315539e-1
ref_EPISVSSQQMLK_z1	avg_mono	1393.72910	3.807814e-2
ref_EPISVSSQQMLK_z1	avg_mono	1394.73245	9.254603e-3
ref_EPISVSSQQMLK_z1	avg_mono	1395.73581	1.944642e-3
ref_EPISVSSQQMLK_z1	avg_mono_m1	1388.71232	1.000000e0
ref_EPISVSSQQMLK_z1	avg_mono_m1	1389.71568	7.585897e-1
ref_EPISVSSQQMLK_z1	avg_mono_m1	1390.71903	3.656877e-1
ref_EPISVSSQQMLK_z1	avg_mono_m1	1391.72239	1.315539e-1
ref_EPISVSSQQMLK_z1	avg_mono_m1	1392.72574	3.807814e-2
ref_EPISVSSQQMLK_z1	avg_mono_m1	1393.72910	9.254603e-3
ref_EPISVSSQQMLK_z1	avg_mono_m1	1394.73245	1.944642e-3
ref_EPISVSSQQMLK_z1	avg_mono_p1	1390.71903	1.000000e0
ref_EPISVSSQQMLK_z1	avg_mono_p1	1391.72239	7.585897e-1
ref_EPISVSSQQMLK_z1	avg_mono_p1	1392.72574	3.656877e-1
ref_EPISVSSQQMLK_z1	avg_mono_p1	1393.72910	1.315539e-1
ref_EPISVSSQQMLK_z1	avg_mono_p1	1394.73245	3.807814e-2
ref_EPISVSSQQMLK_z1	avg_mono_p1	1395.73581	9.254603e-3
ref_EPISVSSQQMLK_z1	avg_mono_p1	1396.73916	1.944642e-3
ref_CLMEGAGDVAFVK_z2	observed_composite	698.07666	7.033407e5
ref_CLMEGAGDVAFVK_z2	observed_composite	698.09558	1.397860e6
ref_CLMEGAGDVAFVK_z2	observed_composite	698.11127	3.545591e5
ref_CLMEGAGDVAFVK_z2	observed_composite	698.16418	2.904732e5
ref_CLMEGAGDVAFVK_z2	observed_composite	698.33044	5.638721e5
ref_CLMEGAGDVAFVK_z2	observed_composite	698.35227	2.115236e6
ref_CLMEGAGDVAFVK_z2	observed_composite	698.37958	3.508519e5
ref_CLMEGAGDVAFVK_z2	observed_composite	698.39815	9.435056e5
ref_CLMEGAGDVAFVK_z2	observed_composite	698.41595	6.853760e5
ref_CLMEGAGDVAFVK_z2	observed_composite	698.57965	5.091483e5
ref_CLMEGAGDVAFVK_z2	observed_composite	698.68567	2.120538e6
ref_CLMEGAGDVAFVK_z2	observed_composite	698.73694	1.003417e5
ref_CLMEGAGDVAFVK_z2	observed_composite	698.84064	2.766929e7
ref_CLMEGAGDVAFVK_z2	observed_composite	698.86829	5.010715e6
ref_CLMEGAGDVAFVK_z2	observed_composite	699.01973	1.081010e6
ref_CLMEGAGDVAFVK_z2	observed_composite	699.08063	6.845900e5
ref_CLMEGAGDVAFVK_z2	observed_composite	699.34198	2.062988e7
ref_CLMEGAGDVAFVK_z2	observed_composite	699.37024	4.675163e6
ref_CLMEGAGDVAFVK_z2	observed_composite	699.42188	1.821591e5
ref_CLMEGAGDVAFVK_z2	observed_composite	699.62341	3.912177e5
ref_CLMEGAGDVAFVK_z2	observed_composite	699.68890	1.009242e5
ref_CLMEGAGDVAFVK_z2	observed_composite	699.84253	8.778523e6
ref_CLMEGAGDVAFVK_z2	observed_composite	699.87213	2.701402e6
ref_CLMEGAGDVAFVK_z2	observed_composite	700.03644	8.458717e5
ref_CLMEGAGDVAFVK_z2	observed_composite	700.03680	1.523356e6
ref_CLMEGAGDVAFVK_z2	observed_composite	700.10861	4.980441e5
ref_CLMEGAGDVAFVK_z2	observed_composite	700.34186	3.627954e6
ref_CLMEGAGDVAFVK_z2	observed_composite	700.37183	2.467391e6
ref_CLMEGAGDVAFVK_z2	observed_composite	700.70551	1.774594e6
ref_CLMEGAGDVAFVK_z2	observed_composite	700.82782	4.762591e5
ref_CLMEGAGDVAFVK_z2	observed_composite	700.84174	1.274273e6
ref_CLMEGAGDVAFVK_z2	observed_composite	700.88843	8.098920e4
ref_CLMEGAGDVAFVK_z2	observed_composite	701.03900	4.635985e5
ref_CLMEGAGDVAFVK_z2	observed_composite	701.12488	7.135710e4
ref_CLMEGAGDVAFVK_z2	observed_composite	701.18283	8.132236e5
ref_CLMEGAGDVAFVK_z2	observed_composite	701.27863	1.496421e5
ref_CLMEGAGDVAFVK_z2	observed_composite	701.31183	3.816571e5
ref_CLMEGAGDVAFVK_z2	observed_composite	701.35248	6.772725e5
ref_CLMEGAGDVAFVK_z2	observed_composite	701.37463	4.182939e5
ref_CLMEGAGDVAFVK_z2	observed_composite	701.81281	1.534877e5
ref_CLMEGAGDVAFVK_z2	observed_composite	702.01929	1.215631e5
ref_CLMEGAGDVAFVK_z2	observed_composite	702.11023	3.218562e5
ref_CLMEGAGDVAFVK_z2	observed_composite	702.12382	2.234722e6
ref_CLMEGAGDVAFVK_z2	observed_apex	698.35181	2.847582e6
ref_CLMEGAGDVAFVK_z2	observed_apex	698.39899	5.521631e5
ref_CLMEGAGDVAFVK_z2	observed_apex	698.68579	2.084457e6
ref_CLMEGAGDVAFVK_z2	observed_apex	698.73694	4.214454e5
ref_CLMEGAGDVAFVK_z2	observed_apex	698.84064	3.873796e7
ref_CLMEGAGDVAFVK_z2	observed_apex	698.86829	6.684118e6
ref_CLMEGAGDVAFVK_z2	observed_apex	699.02045	1.199887e6
ref_CLMEGAGDVAFVK_z2	observed_apex	699.34198	2.888255e7
ref_CLMEGAGDVAFVK_z2	observed_apex	699.37030	4.829594e6
ref_CLMEGAGDVAFVK_z2	observed_apex	699.84253	1.229023e7
ref_CLMEGAGDVAFVK_z2	observed_apex	699.87085	2.285844e6
ref_CLMEGAGDVAFVK_z2	observed_apex	700.03680	2.132751e6
ref_CLMEGAGDVAFVK_z2	observed_apex	700.34186	5.079260e6
ref_CLMEGAGDVAFVK_z2	observed_apex	700.37152	3.165023e6
ref_CLMEGAGDVAFVK_z2	observed_apex	700.70483	1.477854e6
ref_CLMEGAGDVAFVK_z2	observed_apex	700.84174	1.784026e6
ref_CLMEGAGDVAFVK_z2	observed_apex	700.88843	3.401630e5
ref_CLMEGAGDVAFVK_z2	observed_apex	701.03882	6.010826e5
ref_CLMEGAGDVAFVK_z2	observed_apex	701.18311	6.578161e5
ref_CLMEGAGDVAFVK_z2	observed_apex	701.35260	8.289478e5
ref_CLMEGAGDVAFVK_z2	observed_apex	701.37030	5.239668e5
ref_CLMEGAGDVAFVK_z2	observed_apex	702.01929	5.105775e5
ref_CLMEGAGDVAFVK_z2	observed_apex	702.12347	1.497460e6
ref_CLMEGAGDVAFVK_z2	avg_mono	698.83053	1.000000e0
ref_CLMEGAGDVAFVK_z2	avg_mono	699.33220	7.585897e-1
ref_CLMEGAGDVAFVK_z2	avg_mono	699.83388	3.656877e-1
ref_CLMEGAGDVAFVK_z2	avg_mono	700.33556	1.315539e-1
ref_CLMEGAGDVAFVK_z2	avg_mono	700.83724	3.807814e-2
ref_CLMEGAGDVAFVK_z2	avg_mono	701.33891	9.254603e-3
ref_CLMEGAGDVAFVK_z2	avg_mono	701.84059	1.944642e-3
ref_CLMEGAGDVAFVK_z2	avg_mono_m1	698.32885	1.000000e0
ref_CLMEGAGDVAFVK_z2	avg_mono_m1	698.83053	7.585897e-1
ref_CLMEGAGDVAFVK_z2	avg_mono_m1	699.33220	3.656877e-1
ref_CLMEGAGDVAFVK_z2	avg_mono_m1	699.83388	1.315539e-1
ref_CLMEGAGDVAFVK_z2	avg_mono_m1	700.33556	3.807814e-2
ref_CLMEGAGDVAFVK_z2	avg_mono_m1	700.83724	9.254603e-3
ref_CLMEGAGDVAFVK_z2	avg_mono_m1	701.33891	1.944642e-3
ref_CLMEGAGDVAFVK_z2	avg_mono_p1	699.33220	1.000000e0
ref_CLMEGAGDVAFVK_z2	avg_mono_p1	699.83388	7.585897e-1
ref_CLMEGAGDVAFVK_z2	avg_mono_p1	700.33556	3.656877e-1
ref_CLMEGAGDVAFVK_z2	avg_mono_p1	700.83724	1.315539e-1
ref_CLMEGAGDVAFVK_z2	avg_mono_p1	701.33891	3.807814e-2
ref_CLMEGAGDVAFVK_z2	avg_mono_p1	701.84059	9.254603e-3
ref_CLMEGAGDVAFVK_z2	avg_mono_p1	702.34227	1.944642e-3
ref_GGGGGGYGSGGSSYGSGGGS_z2	observed_composite	1192.99353	6.308884e5
ref_GGGGGGYGSGGSSYGSGGGS_z2	observed_composite	1193.49365	1.278159e5
ref_GGGGGGYGSGGSSYGSGGGS_z2	observed_composite	1195.50952	1.527442e5
ref_GGGGGGYGSGGSSYGSGGGS_z2	observed_apex	1192.99329	8.647375e5
ref_GGGGGGYGSGGSSYGSGGGS_z2	avg_mono	1192.49163	7.741704e-1
ref_GGGGGGYGSGGSSYGSGGGS_z2	avg_mono	1192.99330	1.000000e0
ref_GGGGGGYGSGGSSYGSGGGS_z2	avg_mono	1193.49498	7.264231e-1
ref_GGGGGGYGSGGSSYGSGGGS_z2	avg_mono	1193.99666	3.818993e-1
ref_GGGGGGYGSGGSSYGSGGGS_z2	avg_mono	1194.49834	1.601324e-1
ref_GGGGGGYGSGGSSYGSGGGS_z2	avg_mono	1195.00001	5.636484e-2
ref_GGGGGGYGSGGSSYGSGGGS_z2	avg_mono	1195.50169	1.719265e-2
ref_GGGGGGYGSGGSSYGSGGGS_z2	avg_mono	1196.00337	4.644779e-3
ref_GGGGGGYGSGGSSYGSGGGS_z2	avg_mono	1196.50505	1.129348e-3
ref_GGGGGGYGSGGSSYGSGGGS_z2	avg_mono_m1	1191.98995	7.741704e-1
ref_GGGGGGYGSGGSSYGSGGGS_z2	avg_mono_m1	1192.49163	1.000000e0
ref_GGGGGGYGSGGSSYGSGGGS_z2	avg_mono_m1	1192.99330	7.264231e-1
ref_GGGGGGYGSGGSSYGSGGGS_z2	avg_mono_m1	1193.49498	3.818993e-1
ref_GGGGGGYGSGGSSYGSGGGS_z2	avg_mono_m1	1193.99666	1.601324e-1
ref_GGGGGGYGSGGSSYGSGGGS_z2	avg_mono_m1	1194.49834	5.636484e-2
ref_GGGGGGYGSGGSSYGSGGGS_z2	avg_mono_m1	1195.00001	1.719265e-2
ref_GGGGGGYGSGGSSYGSGGGS_z2	avg_mono_m1	1195.50169	4.644779e-3
ref_GGGGGGYGSGGSSYGSGGGS_z2	avg_mono_m1	1196.00337	1.129348e-3
ref_GGGGGGYGSGGSSYGSGGGS_z2	avg_mono_p1	1192.99330	7.741704e-1
ref_GGGGGGYGSGGSSYGSGGGS_z2	avg_mono_p1	1193.49498	1.000000e0
ref_GGGGGGYGSGGSSYGSGGGS_z2	avg_mono_p1	1193.99666	7.264231e-1
ref_GGGGGGYGSGGSSYGSGGGS_z2	avg_mono_p1	1194.49834	3.818993e-1
ref_GGGGGGYGSGGSSYGSGGGS_z2	avg_mono_p1	1195.00001	1.601324e-1
ref_GGGGGGYGSGGSSYGSGGGS_z2	avg_mono_p1	1195.50169	5.636484e-2
ref_GGGGGGYGSGGSSYGSGGGS_z2	avg_mono_p1	1196.00337	1.719265e-2
ref_GGGGGGYGSGGSSYGSGGGS_z2	avg_mono_p1	1196.50505	4.644779e-3
ref_GGGGGGYGSGGSSYGSGGGS_z2	avg_mono_p1	1197.00672	1.129348e-3
ref_ALEESNYELEGK_z2	observed_composite	690.63495	3.352228e5
ref_ALEESNYELEGK_z2	observed_composite	690.76294	7.095968e4
ref_ALEESNYELEGK_z2	observed_composite	690.83008	6.484554e5
ref_ALEESNYELEGK_z2	observed_composite	691.30206	1.969064e5
ref_ALEESNYELEGK_z2	observed_composite	691.33319	6.362759e5
ref_ALEESNYELEGK_z2	observed_composite	691.37728	3.266533e6
ref_ALEESNYELEGK_z2	observed_composite	691.40287	4.413972e6
ref_ALEESNYELEGK_z2	observed_composite	691.41455	6.076480e6
ref_ALEESNYELEGK_z2	observed_composite	691.41528	3.790897e6
ref_ALEESNYELEGK_z2	observed_composite	692.15177	1.492638e6
ref_ALEESNYELEGK_z2	observed_composite	692.33478	8.383377e6
ref_ALEESNYELEGK_z2	observed_composite	692.33514	4.474525e7
ref_ALEESNYELEGK_z2	observed_composite	692.38015	1.012453e6
ref_ALEESNYELEGK_z2	observed_composite	692.40670	1.450841e6
ref_ALEESNYELEGK_z2	observed_composite	692.41895	6.067401e5
ref_ALEESNYELEGK_z2	observed_composite	692.58563	6.509117e7
ref_ALEESNYELEGK_z2	observed_composite	692.83630	5.391527e7
ref_ALEESNYELEGK_z2	observed_composite	693.08655	3.337608e7
ref_ALEESNYELEGK_z2	observed_composite	693.33722	1.654678e7
ref_ALEESNYELEGK_z2	observed_composite	693.35864	3.411150e5
ref_ALEESNYELEGK_z2	observed_composite	693.40973	1.137487e5
ref_ALEESNYELEGK_z2	observed_composite	693.58765	5.873663e6
ref_ALEESNYELEGK_z2	observed_composite	693.82098	1.111779e6
ref_ALEESNYELEGK_z2	observed_composite	693.83844	2.167536e6
ref_ALEESNYELEGK_z2	observed_composite	693.95685	1.992341e5
ref_ALEESNYELEGK_z2	observed_composite	694.08801	5.884467e5
ref_ALEESNYELEGK_z2	observed_composite	694.14685	3.384967e5
ref_ALEESNYELEGK_z2	observed_composite	694.29218	1.344712e5
ref_ALEESNYELEGK_z2	observed_composite	694.34729	8.299244e5
ref_ALEESNYELEGK_z2	observed_composite	694.38389	2.715389e7
ref_ALEESNYELEGK_z2	observed_composite	694.62756	1.890180e6
ref_ALEESNYELEGK_z2	observed_apex	690.76294	2.823493e5
ref_ALEESNYELEGK_z2	observed_apex	690.83008	8.600704e5
ref_ALEESNYELEGK_z2	observed_apex	691.33179	6.923832e5
ref_ALEESNYELEGK_z2	observed_apex	691.37775	4.077273e5
ref_ALEESNYELEGK_z2	observed_apex	691.40295	2.682236e6
ref_ALEESNYELEGK_z2	observed_apex	691.41528	5.028007e6
ref_ALEESNYELEGK_z2	observed_apex	692.15161	1.338991e6
ref_ALEESNYELEGK_z2	observed_apex	692.33514	5.934728e7
ref_ALEESNYELEGK_z2	observed_apex	692.37982	4.129923e5
ref_ALEESNYELEGK_z2	observed_apex	692.40753	1.238376e6
ref_ALEESNYELEGK_z2	observed_apex	692.42029	5.043182e5
ref_ALEESNYELEGK_z2	observed_apex	692.58563	8.633282e7
ref_ALEESNYELEGK_z2	observed_apex	692.83588	7.033721e7
ref_ALEESNYELEGK_z2	observed_apex	693.08630	4.241980e7
ref_ALEESNYELEGK_z2	observed_apex	693.33722	2.194660e7
ref_ALEESNYELEGK_z2	observed_apex	693.58765	7.790456e6
ref_ALEESNYELEGK_z2	observed_apex	693.83844	2.874883e6
ref_ALEESNYELEGK_z2	observed_apex	694.08698	3.717435e5
ref_ALEESNYELEGK_z2	observed_apex	694.14685	4.489607e5
ref_ALEESNYELEGK_z2	observed_apex	694.29218	5.350624e5
ref_ALEESNYELEGK_z2	observed_apex	694.38367	1.580122e7
ref_ALEESNYELEGK_z2	observed_apex	694.62695	3.987365e5
ref_ALEESNYELEGK_z2	avg_mono	691.33178	1.000000e0
ref_ALEESNYELEGK_z2	avg_mono	691.83345	7.585897e-1
ref_ALEESNYELEGK_z2	avg_mono	692.33513	3.656877e-1
ref_ALEESNYELEGK_z2	avg_mono	692.83681	1.315539e-1
ref_ALEESNYELEGK_z2	avg_mono	693.33849	3.807814e-2
ref_ALEESNYELEGK_z2	avg_mono	693.84016	9.254603e-3
ref_ALEESNYELEGK_z2	avg_mono	694.34184	1.944642e-3
ref_ALEESNYELEGK_z2	avg_mono_m1	690.83010	1.000000e0
ref_ALEESNYELEGK_z2	avg_mono_m1	691.33178	7.585897e-1
ref_ALEESNYELEGK_z2	avg_mono_m1	691.83345	3.656877e-1
ref_ALEESNYELEGK_z2	avg_mono_m1	692.33513	1.315539e-1
ref_ALEESNYELEGK_z2	avg_mono_m1	692.83681	3.807814e-2
ref_ALEESNYELEGK_z2	avg_mono_m1	693.33849	9.254603e-3
ref_ALEESNYELEGK_z2	avg_mono_m1	693.84016	1.944642e-3
ref_ALEESNYELEGK_z2	avg_mono_p1	691.83345	1.000000e0
ref_ALEESNYELEGK_z2	avg_mono_p1	692.33513	7.585897e-1
ref_ALEESNYELEGK_z2	avg_mono_p1	692.83681	3.656877e-1
ref_ALEESNYELEGK_z2	avg_mono_p1	693.33849	1.315539e-1
ref_ALEESNYELEGK_z2	avg_mono_p1	693.84016	3.807814e-2
ref_ALEESNYELEGK_z2	avg_mono_p1	694.34184	9.254603e-3
ref_ALEESNYELEGK_z2	avg_mono_p1	694.84352	1.944642e-3
ref_GGGGGGYGSGGSSYGSGGGS_z3	observed_composite	795.32928	7.822384e5
ref_GGGGGGYGSGGSSYGSGGGS_z3	observed_composite	795.66449	8.578211e5
ref_GGGGGGYGSGGSSYGSGGGS_z3	observed_composite	795.99646	1.278106e5
ref_GGGGGGYGSGGSSYGSGGGS_z3	observed_composite	796.00043	7.558007e4
ref_GGGGGGYGSGGSSYGSGGGS_z3	observed_apex	795.66461	9.129982e5
ref_GGGGGGYGSGGSSYGSGGGS_z3	avg_mono	795.32941	7.741704e-1
ref_GGGGGGYGSGGSSYGSGGGS_z3	avg_mono	795.66386	1.000000e0
ref_GGGGGGYGSGGSSYGSGGGS_z3	avg_mono	795.99831	7.264231e-1
ref_GGGGGGYGSGGSSYGSGGGS_z3	avg_mono	796.33276	3.818993e-1
ref_GGGGGGYGSGGSSYGSGGGS_z3	avg_mono	796.66722	1.601324e-1
ref_GGGGGGYGSGGSSYGSGGGS_z3	avg_mono	797.00167	5.636484e-2
ref_GGGGGGYGSGGSSYGSGGGS_z3	avg_mono	797.33612	1.719265e-2
ref_GGGGGGYGSGGSSYGSGGGS_z3	avg_mono	797.67057	4.644779e-3
ref_GGGGGGYGSGGSSYGSGGGS_z3	avg_mono	798.00502	1.129348e-3
ref_GGGGGGYGSGGSSYGSGGGS_z3	avg_mono_m1	794.99496	7.741704e-1
ref_GGGGGGYGSGGSSYGSGGGS_z3	avg_mono_m1	795.32941	1.000000e0
ref_GGGGGGYGSGGSSYGSGGGS_z3	avg_mono_m1	795.66386	7.264231e-1
ref_GGGGGGYGSGGSSYGSGGGS_z3	avg_mono_m1	795.99831	3.818993e-1
ref_GGGGGGYGSGGSSYGSGGGS_z3	avg_mono_m1	796.33276	1.601324e-1
ref_GGGGGGYGSGGSSYGSGGGS_z3	avg_mono_m1	796.66722	5.636484e-2
ref_GGGGGGYGSGGSSYGSGGGS_z3	avg_mono_m1	797.00167	1.719265e-2
ref_GGGGGGYGSGGSSYGSGGGS_z3	avg_mono_m1	797.33612	4.644779e-3
ref_GGGGGGYGSGGSSYGSGGGS_z3	avg_mono_m1	797.67057	1.129348e-3
ref_GGGGGGYGSGGSSYGSGGGS_z3	avg_mono_p1	795.66386	7.741704e-1
ref_GGGGGGYGSGGSSYGSGGGS_z3	avg_mono_p1	795.99831	1.000000e0
ref_GGGGGGYGSGGSSYGSGGGS_z3	avg_mono_p1	796.33276	7.264231e-1
ref_GGGGGGYGSGGSSYGSGGGS_z3	avg_mono_p1	796.66722	3.818993e-1
ref_GGGGGGYGSGGSSYGSGGGS_z3	avg_mono_p1	797.00167	1.601324e-1
ref_GGGGGGYGSGGSSYGSGGGS_z3	avg_mono_p1	797.33612	5.636484e-2
ref_GGGGGGYGSGGSSYGSGGGS_z3	avg_mono_p1	797.67057	1.719265e-2
ref_GGGGGGYGSGGSSYGSGGGS_z3	avg_mono_p1	798.00502	4.644779e-3
ref_GGGGGGYGSGGSSYGSGGGS_z3	avg_mono_p1	798.33947	1.129348e-3
ref_HNGPEHWHKDFPIANGER_z3	observed_composite	722.10693	1.807843e5
ref_HNGPEHWHKDFPIANGER_z3	observed_composite	722.16107	9.857043e5
ref_HNGPEHWHKDFPIANGER_z3	observed_composite	722.68121	2.159147e7
ref_HNGPEHWHKDFPIANGER_z3	observed_composite	723.01538	2.628549e7
ref_HNGPEHWHKDFPIANGER_z3	observed_composite	723.30231	1.125249e5
ref_HNGPEHWHKDFPIANGER_z3	observed_composite	723.35016	2.656627e7
ref_HNGPEHWHKDFPIANGER_z3	observed_composite	723.37396	7.575836e6
ref_HNGPEHWHKDFPIANGER_z3	observed_composite	723.68378	5.275833e6
ref_HNGPEHWHKDFPIANGER_z3	observed_composite	723.76208	1.598902e5
ref_HNGPEHWHKDFPIANGER_z3	observed_composite	723.81146	2.457152e8
ref_HNGPEHWHKDFPIANGER_z3	observed_composite	723.85010	2.472125e6
ref_HNGPEHWHKDFPIANGER_z3	observed_composite	723.85864	1.921797e5
ref_HNGPEHWHKDFPIANGER_z3	observed_composite	723.98242	1.495527e6
ref_HNGPEHWHKDFPIANGER_z3	observed_composite	724.01947	2.403507e6
ref_HNGPEHWHKDFPIANGER_z3	observed_composite	724.31281	1.769571e8
ref_HNGPEHWHKDFPIANGER_z3	observed_composite	724.35168	1.398263e6
ref_HNGPEHWHKDFPIANGER_z3	observed_composite	724.37602	2.000871e6
ref_HNGPEHWHKDFPIANGER_z3	observed_composite	724.40542	2.632710e7
ref_HNGPEHWHKDFPIANGER_z3	observed_composite	724.64581	5.164016e6
ref_HNGPEHWHKDFPIANGER_z3	observed_composite	724.81415	8.155574e7
ref_HNGPEHWHKDFPIANGER_z3	observed_composite	724.98022	5.229150e6
ref_HNGPEHWHKDFPIANGER_z3	observed_apex	722.10693	5.752966e5
ref_HNGPEHWHKDFPIANGER_z3	observed_apex	722.68176	9.663593e6
ref_HNGPEHWHKDFPIANGER_z3	observed_apex	723.01593	1.418406e7
ref_HNGPEHWHKDFPIANGER_z3	observed_apex	723.35071	8.744888e6
ref_HNGPEHWHKDFPIANGER_z3	observed_apex	723.37378	3.611060e6
ref_HNGPEHWHKDFPIANGER_z3	observed_apex	723.68420	3.146157e6
ref_HNGPEHWHKDFPIANGER_z3	observed_apex	723.81152	2.314225e8
ref_HNGPEHWHKDFPIANGER_z3	observed_apex	723.84985	1.175132e6
ref_HNGPEHWHKDFPIANGER_z3	observed_apex	723.85864	6.115596e5
ref_HNGPEHWHKDFPIANGER_z3	observed_apex	724.01868	1.626863e6
ref_HNGPEHWHKDFPIANGER_z3	observed_apex	724.31281	1.829211e8
ref_HNGPEHWHKDFPIANGER_z3	observed_apex	724.35168	1.483197e6
ref_HNGPEHWHKDFPIANGER_z3	observed_apex	724.37524	1.025590e6
ref_HNGPEHWHKDFPIANGER_z3	observed_apex	724.40546	1.928043e7
ref_HNGPEHWHKDFPIANGER_z3	observed_apex	724.64557	4.372232e6
ref_HNGPEHWHKDFPIANGER_z3	observed_apex	724.81421	7.395542e7
ref_HNGPEHWHKDFPIANGER_z3	observed_apex	724.97961	3.346351e6
ref_HNGPEHWHKDFPIANGER_z3	avg_mono	722.68158	8.549895e-1
ref_HNGPEHWHKDFPIANGER_z3	avg_mono	723.01603	1.000000e0
ref_HNGPEHWHKDFPIANGER_z3	avg_mono	723.35048	6.690306e-1
ref_HNGPEHWHKDFPIANGER_z3	avg_mono	723.68493	3.262232e-1
ref_HNGPEHWHKDFPIANGER_z3	avg_mono	724.01938	1.272752e-1
ref_HNGPEHWHKDFPIANGER_z3	avg_mono	724.35383	4.174218e-2
ref_HNGPEHWHKDFPIANGER_z3	avg_mono	724.68829	1.187001e-2
ref_HNGPEHWHKDFPIANGER_z3	avg_mono	725.02274	2.990106e-3
ref_HNGPEHWHKDFPIANGER_z3	avg_mono_m1	722.34712	8.549895e-1
ref_HNGPEHWHKDFPIANGER_z3	avg_mono_m1	722.68158	1.000000e0
ref_HNGPEHWHKDFPIANGER_z3	avg_mono_m1	723.01603	6.690306e-1
ref_HNGPEHWHKDFPIANGER_z3	avg_mono_m1	723.35048	3.262232e-1
ref_HNGPEHWHKDFPIANGER_z3	avg_mono_m1	723.68493	1.272752e-1
ref_HNGPEHWHKDFPIANGER_z3	avg_mono_m1	724.01938	4.174218e-2
ref_HNGPEHWHKDFPIANGER_z3	avg_mono_m1	724.35383	1.187001e-2
ref_HNGPEHWHKDFPIANGER_z3	avg_mono_m1	724.68829	2.990106e-3
ref_HNGPEHWHKDFPIANGER_z3	avg_mono_p1	723.01603	8.549895e-1
ref_HNGPEHWHKDFPIANGER_z3	avg_mono_p1	723.35048	1.000000e0
ref_HNGPEHWHKDFPIANGER_z3	avg_mono_p1	723.68493	6.690306e-1
ref_HNGPEHWHKDFPIANGER_z3	avg_mono_p1	724.01938	3.262232e-1
ref_HNGPEHWHKDFPIANGER_z3	avg_mono_p1	724.35383	1.272752e-1
ref_HNGPEHWHKDFPIANGER_z3	avg_mono_p1	724.68829	4.174218e-2
ref_HNGPEHWHKDFPIANGER_z3	avg_mono_p1	725.02274	1.187001e-2
ref_HNGPEHWHKDFPIANGER_z3	avg_mono_p1	725.35719	2.990106e-3
ref_AVVQDPALKPLALVYGEATS_z3	observed_composite	789.68518	4.457183e5
ref_AVVQDPALKPLALVYGEATS_z3	observed_composite	790.36896	1.786931e6
ref_AVVQDPALKPLALVYGEATS_z3	observed_composite	790.43207	2.169543e7
ref_AVVQDPALKPLALVYGEATS_z3	observed_composite	791.11871	2.159221e5
ref_AVVQDPALKPLALVYGEATS_z3	observed_composite	791.27277	6.935791e5
ref_AVVQDPALKPLALVYGEATS_z3	observed_composite	791.40594	7.444392e5
ref_AVVQDPALKPLALVYGEATS_z3	observed_composite	791.43506	6.529767e6
ref_AVVQDPALKPLALVYGEATS_z3	observed_composite	791.43536	2.546630e6
ref_AVVQDPALKPLALVYGEATS_z3	observed_composite	791.68188	3.209571e6
ref_AVVQDPALKPLALVYGEATS_z3	observed_composite	791.73920	4.096477e5
ref_AVVQDPALKPLALVYGEATS_z3	observed_composite	791.81873	6.898492e5
ref_AVVQDPALKPLALVYGEATS_z3	observed_composite	791.91461	3.147587e6
ref_AVVQDPALKPLALVYGEATS_z3	observed_composite	792.01886	3.927371e5
ref_AVVQDPALKPLALVYGEATS_z3	observed_composite	792.03772	5.972991e5
ref_AVVQDPALKPLALVYGEATS_z3	observed_composite	792.07367	5.674014e5
ref_AVVQDPALKPLALVYGEATS_z3	observed_composite	792.11652	2.618906e5
ref_AVVQDPALKPLALVYGEATS_z3	observed_apex	790.43207	3.411184e7
ref_AVVQDPALKPLALVYGEATS_z3	observed_apex	791.43536	1.201224e7
ref_AVVQDPALKPLALVYGEATS_z3	observed_apex	791.68188	5.046426e6
ref_AVVQDPALKPLALVYGEATS_z3	observed_apex	792.03772	2.817410e6
ref_AVVQDPALKPLALVYGEATS_z3	avg_mono	790.10141	7.878775e-1
ref_AVVQDPALKPLALVYGEATS_z3	avg_mono	790.43586	1.000000e0
ref_AVVQDPALKPLALVYGEATS_z3	avg_mono	790.77031	7.150866e-1
ref_AVVQDPALKPLALVYGEATS_z3	avg_mono	791.10476	3.703650e-1
ref_AVVQDPALKPLALVYGEATS_z3	avg_mono	791.43922	1.530326e-1
ref_AVVQDPALKPLALVYGEATS_z3	avg_mono	791.77367	5.307975e-2
ref_AVVQDPALKPLALVYGEATS_z3	avg_mono	792.10812	1.595198e-2
ref_AVVQDPALKPLALVYGEATS_z3	avg_mono	792.44257	4.245217e-3
ref_AVVQDPALKPLALVYGEATS_z3	avg_mono	792.77702	1.016552e-3
ref_AVVQDPALKPLALVYGEATS_z3	avg_mono_m1	789.76696	7.878775e-1
ref_AVVQDPALKPLALVYGEATS_z3	avg_mono_m1	790.10141	1.000000e0
ref_AVVQDPALKPLALVYGEATS_z3	avg_mono_m1	790.43586	7.150866e-1
ref_AVVQDPALKPLALVYGEATS_z3	avg_mono_m1	790.77031	3.703650e-1
ref_AVVQDPALKPLALVYGEATS_z3	avg_mono_m1	791.10476	1.530326e-1
ref_AVVQDPALKPLALVYGEATS_z3	avg_mono_m1	791.43922	5.307975e-2
ref_AVVQDPALKPLALVYGEATS_z3	avg_mono_m1	791.77367	1.595198e-2
ref_AVVQDPALKPLALVYGEATS_z3	avg_mono_m1	792.10812	4.245217e-3
ref_AVVQDPALKPLALVYGEATS_z3	avg_mono_m1	792.44257	1.016552e-3
ref_AVVQDPALKPLALVYGEATS_z3	avg_mono_p1	790.43586	7.741704e-1
ref_AVVQDPALKPLALVYGEATS_z3	avg_mono_p1	790.77031	1.000000e0
ref_AVVQDPALKPLALVYGEATS_z3	avg_mono_p1	791.10476	7.264231e-1
ref_AVVQDPALKPLALVYGEATS_z3	avg_mono_p1	791.43922	3.818993e-1
ref_AVVQDPALKPLALVYGEATS_z3	avg_mono_p1	791.77367	1.601324e-1
ref_AVVQDPALKPLALVYGEATS_z3	avg_mono_p1	792.10812	5.636484e-2
ref_AVVQDPALKPLALVYGEATS_z3	avg_mono_p1	792.44257	1.719265e-2
ref_AVVQDPALKPLALVYGEATS_z3	avg_mono_p1	792.77702	4.644779e-3
ref_AVVQDPALKPLALVYGEATS_z3	avg_mono_p1	793.11147	1.129348e-3
ref_KKYAAELHLVHWNTK_z3	observed_composite	655.81506	1.100922e6
ref_KKYAAELHLVHWNTK_z3	observed_composite	655.95709	1.890327e5
ref_KKYAAELHLVHWNTK_z3	observed_composite	656.27530	1.154389e6
ref_KKYAAELHLVHWNTK_z3	observed_composite	656.29126	3.268404e5
ref_KKYAAELHLVHWNTK_z3	observed_composite	656.30920	3.399632e5
ref_KKYAAELHLVHWNTK_z3	observed_composite	656.33087	4.044550e6
ref_KKYAAELHLVHWNTK_z3	observed_composite	656.35309	1.782006e7
ref_KKYAAELHLVHWNTK_z3	observed_composite	656.68726	9.226060e6
ref_KKYAAELHLVHWNTK_z3	observed_composite	656.78210	6.665777e5
ref_KKYAAELHLVHWNTK_z3	observed_composite	656.83362	1.223075e6
ref_KKYAAELHLVHWNTK_z3	observed_composite	657.02161	9.154300e6
ref_KKYAAELHLVHWNTK_z3	observed_composite	657.04913	1.289263e6
ref_KKYAAELHLVHWNTK_z3	observed_composite	657.15765	1.260373e6
ref_KKYAAELHLVHWNTK_z3	observed_composite	657.28357	8.498046e5
ref_KKYAAELHLVHWNTK_z3	observed_composite	657.30133	1.075929e6
ref_KKYAAELHLVHWNTK_z3	observed_composite	657.33417	7.977602e5
ref_KKYAAELHLVHWNTK_z3	observed_composite	657.33551	1.079509e5
ref_KKYAAELHLVHWNTK_z3	observed_composite	657.35504	6.711956e5
ref_KKYAAELHLVHWNTK_z3	observed_composite	657.35577	1.943255e6
ref_KKYAAELHLVHWNTK_z3	observed_composite	657.49780	1.135996e6
ref_KKYAAELHLVHWNTK_z3	observed_composite	657.55127	1.150848e6
ref_KKYAAELHLVHWNTK_z3	observed_composite	657.66577	8.871043e4
ref_KKYAAELHLVHWNTK_z3	observed_composite	657.69080	5.297830e5
ref_KKYAAELHLVHWNTK_z3	observed_composite	657.80377	3.387499e6
ref_KKYAAELHLVHWNTK_z3	observed_composite	657.82904	1.408247e5
ref_KKYAAELHLVHWNTK_z3	observed_composite	658.05048	2.971909e5
ref_KKYAAELHLVHWNTK_z3	observed_composite	658.05579	1.767475e5
ref_KKYAAELHLVHWNTK_z3	observed_composite	658.16071	9.623291e4
ref_KKYAAELHLVHWNTK_z3	observed_composite	658.28961	1.117752e5
ref_KKYAAELHLVHWNTK_z3	observed_composite	658.30472	9.830696e5
ref_KKYAAELHLVHWNTK_z3	observed_composite	658.31049	3.030582e5
ref_KKYAAELHLVHWNTK_z3	observed_composite	658.33966	1.513265e6
ref_KKYAAELHLVHWNTK_z3	observed_composite	658.43304	7.028811e5
ref_KKYAAELHLVHWNTK_z3	observed_composite	658.55263	1.069248e7
ref_KKYAAELHLVHWNTK_z3	observed_apex	655.81836	4.655094e5
ref_KKYAAELHLVHWNTK_z3	observed_apex	655.95709	6.837708e5
ref_KKYAAELHLVHWNTK_z3	observed_apex	656.27533	5.378571e5
ref_KKYAAELHLVHWNTK_z3	observed_apex	656.35309	2.148629e7
ref_KKYAAELHLVHWNTK_z3	observed_apex	656.68732	2.275406e7
ref_KKYAAELHLVHWNTK_z3	observed_apex	656.83350	6.484233e5
ref_KKYAAELHLVHWNTK_z3	observed_apex	657.02161	1.103767e7
ref_KKYAAELHLVHWNTK_z3	observed_apex	657.15704	8.392329e5
ref_KKYAAELHLVHWNTK_z3	observed_apex	657.33551	3.904811e5
ref_KKYAAELHLVHWNTK_z3	observed_apex	657.35577	7.029160e6
ref_KKYAAELHLVHWNTK_z3	observed_apex	657.66577	3.208842e5
ref_KKYAAELHLVHWNTK_z3	observed_apex	657.69080	1.916336e6
ref_KKYAAELHLVHWNTK_z3	observed_apex	657.80316	1.275092e6
ref_KKYAAELHLVHWNTK_z3	observed_apex	657.82904	5.093922e5
ref_KKYAAELHLVHWNTK_z3	observed_apex	658.05579	6.393326e5
ref_KKYAAELHLVHWNTK_z3	observed_apex	658.16071	3.480945e5
ref_KKYAAELHLVHWNTK_z3	observed_apex	658.28961	4.043142e5
ref_KKYAAELHLVHWNTK_z3	observed_apex	658.30463	4.263701e5
ref_KKYAAELHLVHWNTK_z3	observed_apex	658.55255	2.684149e6
ref_KKYAAELHLVHWNTK_z3	avg_mono	656.34438	9.512275e-1
ref_KKYAAELHLVHWNTK_z3	avg_mono	656.67883	1.000000e0
ref_KKYAAELHLVHWNTK_z3	avg_mono	657.01328	6.140505e-1
ref_KKYAAELHLVHWNTK_z3	avg_mono	657.34773	2.768227e-1
ref_KKYAAELHLVHWNTK_z3	avg_mono	657.68218	1.001368e-1
ref_KKYAAELHLVHWNTK_z3	avg_mono	658.01663	3.047790e-2
ref_KKYAAELHLVHWNTK_z3	avg_mono	658.35109	8.044124e-3
ref_KKYAAELHLVHWNTK_z3	avg_mono	658.68554	1.880453e-3
ref_KKYAAELHLVHWNTK_z3	avg_mono_m1	656.00992	9.512275e-1
ref_KKYAAELHLVHWNTK_z3	avg_mono_m1	656.34438	1.000000e0
ref_KKYAAELHLVHWNTK_z3	avg_mono_m1	656.67883	6.140505e-1
ref_KKYAAELHLVHWNTK_z3	avg_mono_m1	657.01328	2.768227e-1
ref_KKYAAELHLVHWNTK_z3	avg_mono_m1	657.34773	1.001368e-1
ref_KKYAAELHLVHWNTK_z3	avg_mono_m1	657.68218	3.047790e-2
ref_KKYAAELHLVHWNTK_z3	avg_mono_m1	658.01663	8.044124e-3
ref_KKYAAELHLVHWNTK_z3	avg_mono_m1	658.35109	1.880453e-3
ref_KKYAAELHLVHWNTK_z3	avg_mono_p1	656.67883	9.512275e-1
ref_KKYAAELHLVHWNTK_z3	avg_mono_p1	657.01328	1.000000e0
ref_KKYAAELHLVHWNTK_z3	avg_mono_p1	657.34773	6.140505e-1
ref_KKYAAELHLVHWNTK_z3	avg_mono_p1	657.68218	2.768227e-1
ref_KKYAAELHLVHWNTK_z3	avg_mono_p1	658.01663	1.001368e-1
ref_KKYAAELHLVHWNTK_z3	avg_mono_p1	658.35109	3.047790e-2
ref_KKYAAELHLVHWNTK_z3	avg_mono_p1	658.68554	8.044124e-3
ref_KKYAAELHLVHWNTK_z3	avg_mono_p1	659.01999	1.880453e-3
ref_KPVTDAENCHLAR_z3	observed_composite	503.74994	2.431718e4
ref_KPVTDAENCHLAR_z3	observed_composite	503.78473	7.993126e4
ref_KPVTDAENCHLAR_z3	observed_composite	503.92029	1.979391e4
ref_KPVTDAENCHLAR_z3	observed_composite	503.97760	1.501390e4
ref_KPVTDAENCHLAR_z3	observed_composite	503.98849	2.101403e5
ref_KPVTDAENCHLAR_z3	observed_composite	504.08383	1.461094e5
ref_KPVTDAENCHLAR_z3	observed_composite	504.11188	2.613049e4
ref_KPVTDAENCHLAR_z3	observed_composite	504.21722	1.905196e4
ref_KPVTDAENCHLAR_z3	observed_composite	504.23010	2.265132e4
ref_KPVTDAENCHLAR_z3	observed_composite	504.25803	1.554009e7
ref_KPVTDAENCHLAR_z3	observed_composite	504.48087	1.167614e5
ref_KPVTDAENCHLAR_z3	observed_composite	504.59221	1.140969e7
ref_KPVTDAENCHLAR_z3	observed_composite	504.73602	1.313260e5
ref_KPVTDAENCHLAR_z3	observed_composite	504.92619	5.525503e6
ref_KPVTDAENCHLAR_z3	observed_composite	504.98431	1.105745e5
ref_KPVTDAENCHLAR_z3	observed_composite	505.01553	2.083712e4
ref_KPVTDAENCHLAR_z3	observed_composite	505.23889	1.638444e5
ref_KPVTDAENCHLAR_z3	observed_composite	505.25992	1.703078e6
ref_KPVTDAENCHLAR_z3	observed_composite	505.26038	5.244703e5
ref_KPVTDAENCHLAR_z3	observed_composite	505.28231	2.554113e5
ref_KPVTDAENCHLAR_z3	observed_composite	505.29913	2.138335e4
ref_KPVTDAENCHLAR_z3	observed_composite	505.48325	1.484454e5
ref_KPVTDAENCHLAR_z3	observed_composite	505.59382	5.157653e5
ref_KPVTDAENCHLAR_z3	observed_composite	505.88776	3.471782e4
ref_KPVTDAENCHLAR_z3	observed_composite	505.92642	1.706602e5
ref_KPVTDAENCHLAR_z3	observed_composite	506.08047	1.975395e4
ref_KPVTDAENCHLAR_z3	observed_composite	506.23251	1.159117e5
ref_KPVTDAENCHLAR_z3	observed_composite	506.24460	2.016486e4
ref_KPVTDAENCHLAR_z3	observed_composite	506.28632	1.206818e5
ref_KPVTDAENCHLAR_z3	observed_apex	503.78497	5.290550e4
ref_KPVTDAENCHLAR_z3	observed_apex	503.97760	5.304661e4
ref_KPVTDAENCHLAR_z3	observed_apex	503.98849	2.474869e5
ref_KPVTDAENCHLAR_z3	observed_apex	504.08383	1.720763e5
ref_KPVTDAENCHLAR_z3	observed_apex	504.21722	6.731377e4
ref_KPVTDAENCHLAR_z3	observed_apex	504.25809	1.776065e7
ref_KPVTDAENCHLAR_z3	observed_apex	504.48349	1.252239e5
ref_KPVTDAENCHLAR_z3	observed_apex	504.59213	1.368410e7
ref_KPVTDAENCHLAR_z3	observed_apex	504.73734	6.689938e4
ref_KPVTDAENCHLAR_z3	observed_apex	504.92618	6.851824e6
ref_KPVTDAENCHLAR_z3	observed_apex	504.98218	1.089317e5
ref_KPVTDAENCHLAR_z3	observed_apex	505.01553	7.362101e4
ref_KPVTDAENCHLAR_z3	observed_apex	505.23434	6.086802e4
ref_KPVTDAENCHLAR_z3	observed_apex	505.25992	2.005752e6
ref_KPVTDAENCHLAR_z3	observed_apex	505.28214	2.511047e5
ref_KPVTDAENCHLAR_z3	observed_apex	505.29913	7.555093e4
ref_KPVTDAENCHLAR_z3	observed_apex	505.59402	5.657442e5
ref_KPVTDAENCHLAR_z3	observed_apex	505.92706	7.563569e4
ref_KPVTDAENCHLAR_z3	observed_apex	506.23276	1.010585e5
ref_KPVTDAENCHLAR_z3	observed_apex	506.28732	6.962339e4
ref_KPVTDAENCHLAR_z3	avg_mono	504.25274	1.000000e0
ref_KPVTDAENCHLAR_z3	avg_mono	504.58719	8.180036e-1
ref_KPVTDAENCHLAR_z3	avg_mono	504.92165	4.163341e-1
ref_KPVTDAENCHLAR_z3	avg_mono	505.25610	1.577724e-1
ref_KPVTDAENCHLAR_z3	avg_mono	505.59055	4.814221e-2
ref_KPVTDAENCHLAR_z3	avg_mono	505.92500	1.235438e-2
ref_KPVTDAENCHLAR_z3	avg_mono	506.25945	2.745264e-3
ref_KPVTDAENCHLAR_z3	avg_mono_m1	503.91829	1.000000e0
ref_KPVTDAENCHLAR_z3	avg_mono_m1	504.25274	8.180036e-1
ref_KPVTDAENCHLAR_z3	avg_mono_m1	504.58719	4.163341e-1
ref_KPVTDAENCHLAR_z3	avg_mono_m1	504.92165	1.577724e-1
ref_KPVTDAENCHLAR_z3	avg_mono_m1	505.25610	4.814221e-2
ref_KPVTDAENCHLAR_z3	avg_mono_m1	505.59055	1.235438e-2
ref_KPVTDAENCHLAR_z3	avg_mono_m1	505.92500	2.745264e-3
ref_KPVTDAENCHLAR_z3	avg_mono_p1	504.58719	1.000000e0
ref_KPVTDAENCHLAR_z3	avg_mono_p1	504.92165	8.180036e-1
ref_KPVTDAENCHLAR_z3	avg_mono_p1	505.25610	4.163341e-1
ref_KPVTDAENCHLAR_z3	avg_mono_p1	505.59055	1.577724e-1
ref_KPVTDAENCHLAR_z3	avg_mono_p1	505.92500	4.814221e-2
ref_KPVTDAENCHLAR_z3	avg_mono_p1	506.25945	1.235438e-2
ref_KPVTDAENCHLAR_z3	avg_mono_p1	506.59390	2.745264e-3
ref_SQYEQLAEQNRK_z3	observed_composite	497.92821	1.951634e6
ref_SQYEQLAEQNRK_z3	observed_composite	497.99600	3.670877e4
ref_SQYEQLAEQNRK_z3	observed_composite	498.14389	3.968473e4
ref_SQYEQLAEQNRK_z3	observed_composite	498.26253	1.590493e6
ref_SQYEQLAEQNRK_z3	observed_composite	498.58798	1.350612e7
ref_SQYEQLAEQNRK_z3	observed_composite	498.59720	3.802644e5
ref_SQYEQLAEQNRK_z3	observed_composite	498.71494	4.624819e4
ref_SQYEQLAEQNRK_z3	observed_composite	498.72437	1.144209e5
ref_SQYEQLAEQNRK_z3	observed_composite	498.73450	5.607827e4
ref_SQYEQLAEQNRK_z3	observed_composite	498.74582	3.982999e5
ref_SQYEQLAEQNRK_z3	observed_composite	498.92230	1.147307e7
ref_SQYEQLAEQNRK_z3	observed_composite	499.11121	3.649308e4
ref_SQYEQLAEQNRK_z3	observed_composite	499.12625	4.632015e5
ref_SQYEQLAEQNRK_z3	observed_composite	499.22745	1.790769e5
ref_SQYEQLAEQNRK_z3	observed_composite	499.22845	3.919190e4
ref_SQYEQLAEQNRK_z3	observed_composite	499.24759	2.323518e5
ref_SQYEQLAEQNRK_z3	observed_composite	499.25668	4.713309e6
ref_SQYEQLAEQNRK_z3	observed_composite	499.27396	7.347131e4
ref_SQYEQLAEQNRK_z3	observed_composite	499.59055	1.693362e6
ref_SQYEQLAEQNRK_z3	observed_composite	499.72900	2.637122e4
ref_SQYEQLAEQNRK_z3	observed_composite	499.74625	5.135145e4
ref_SQYEQLAEQNRK_z3	observed_composite	499.76352	4.114591e4
ref_SQYEQLAEQNRK_z3	observed_composite	499.77576	1.097761e5
ref_SQYEQLAEQNRK_z3	observed_composite	499.91635	4.103418e4
ref_SQYEQLAEQNRK_z3	observed_composite	499.92499	5.664452e5
ref_SQYEQLAEQNRK_z3	observed_composite	500.02228	4.419034e4
ref_SQYEQLAEQNRK_z3	observed_composite	500.25247	1.865614e5
ref_SQYEQLAEQNRK_z3	observed_composite	500.26398	3.960798e4
ref_SQYEQLAEQNRK_z3	observed_composite	500.61530	5.318813e4
ref_SQYEQLAEQNRK_z3	observed_composite	500.74203	5.860387e4
ref_SQYEQLAEQNRK_z3	observed_apex	497.92813	1.208417e6
ref_SQYEQLAEQNRK_z3	observed_apex	498.26230	9.332576e5
ref_SQYEQLAEQNRK_z3	observed_apex	498.58789	1.454866e7
ref_SQYEQLAEQNRK_z3	observed_apex	498.72372	1.015435e5
ref_SQYEQLAEQNRK_z3	observed_apex	498.74582	4.357634e5
ref_SQYEQLAEQNRK_z3	observed_apex	498.92227	1.121356e7
ref_SQYEQLAEQNRK_z3	observed_apex	499.12625	5.067695e5
ref_SQYEQLAEQNRK_z3	observed_apex	499.22723	1.501479e5
ref_SQYEQLAEQNRK_z3	observed_apex	499.24573	1.535320e5
ref_SQYEQLAEQNRK_z3	observed_apex	499.25644	4.548380e6
ref_SQYEQLAEQNRK_z3	observed_apex	499.27396	2.411457e5
ref_SQYEQLAEQNRK_z3	observed_apex	499.59055	1.852637e6
ref_SQYEQLAEQNRK_z3	observed_apex	499.72900	8.655496e4
ref_SQYEQLAEQNRK_z3	observed_apex	499.77576	1.201014e5
ref_SQYEQLAEQNRK_z3	observed_apex	499.91635	1.346814e5
ref_SQYEQLAEQNRK_z3	observed_apex	499.92505	3.147852e5
ref_SQYEQLAEQNRK_z3	observed_apex	500.25171	1.066141e5
ref_SQYEQLAEQNRK_z3	observed_apex	500.26398	1.300003e5
ref_SQYEQLAEQNRK_z3	avg_mono	498.59054	1.000000e0
ref_SQYEQLAEQNRK_z3	avg_mono	498.92499	8.180036e-1
ref_SQYEQLAEQNRK_z3	avg_mono	499.25945	4.163341e-1
ref_SQYEQLAEQNRK_z3	avg_mono	499.59390	1.577724e-1
ref_SQYEQLAEQNRK_z3	avg_mono	499.92835	4.814221e-2
ref_SQYEQLAEQNRK_z3	avg_mono	500.26280	1.235438e-2
ref_SQYEQLAEQNRK_z3	avg_mono	500.59725	2.745264e-3
ref_SQYEQLAEQNRK_z3	avg_mono_m1	498.25609	1.000000e0
ref_SQYEQLAEQNRK_z3	avg_mono_m1	498.59054	8.180036e-1
ref_SQYEQLAEQNRK_z3	avg_mono_m1	498.92499	4.163341e-1
ref_SQYEQLAEQNRK_z3	avg_mono_m1	499.25945	1.577724e-1
ref_SQYEQLAEQNRK_z3	avg_mono_m1	499.59390	4.814221e-2
ref_SQYEQLAEQNRK_z3	avg_mono_m1	499.92835	1.235438e-2
ref_SQYEQLAEQNRK_z3	avg_mono_m1	500.26280	2.745264e-3
ref_SQYEQLAEQNRK_z3	avg_mono_p1	498.92499	1.000000e0
ref_SQYEQLAEQNRK_z3	avg_mono_p1	499.25945	8.180036e-1
ref_SQYEQLAEQNRK_z3	avg_mono_p1	499.59390	4.163341e-1
ref_SQYEQLAEQNRK_z3	avg_mono_p1	499.92835	1.577724e-1
ref_SQYEQLAEQNRK_z3	avg_mono_p1	500.26280	4.814221e-2
ref_SQYEQLAEQNRK_z3	avg_mono_p1	500.59725	1.235438e-2
ref_SQYEQLAEQNRK_z3	avg_mono_p1	500.93170	2.745264e-3
ref_VGDANPALQKVLDALDSIK_z3	observed_composite	684.40051	4.799300e5
ref_VGDANPALQKVLDALDSIK_z3	observed_composite	684.50244	5.466071e4
ref_VGDANPALQKVLDALDSIK_z3	observed_composite	684.52087	6.237603e4
ref_VGDANPALQKVLDALDSIK_z3	observed_composite	684.79968	5.608032e4
ref_VGDANPALQKVLDALDSIK_z3	observed_composite	684.93896	3.473363e5
ref_VGDANPALQKVLDALDSIK_z3	observed_composite	684.95496	5.210765e5
ref_VGDANPALQKVLDALDSIK_z3	observed_composite	685.04272	8.890630e7
ref_VGDANPALQKVLDALDSIK_z3	observed_composite	685.09784	1.210591e5
ref_VGDANPALQKVLDALDSIK_z3	observed_composite	685.16589	6.013659e4
ref_VGDANPALQKVLDALDSIK_z3	observed_composite	685.37665	9.575754e7
ref_VGDANPALQKVLDALDSIK_z3	observed_composite	685.39597	2.797571e7
ref_VGDANPALQKVLDALDSIK_z3	observed_composite	685.41602	2.561559e5
ref_VGDANPALQKVLDALDSIK_z3	observed_composite	685.48328	2.364244e5
ref_VGDANPALQKVLDALDSIK_z3	observed_composite	685.71045	5.412539e7
ref_VGDANPALQKVLDALDSIK_z3	observed_composite	685.81042	4.449133e5
ref_VGDANPALQKVLDALDSIK_z3	observed_composite	686.04462	2.636550e7
ref_VGDANPALQKVLDALDSIK_z3	observed_composite	686.30212	1.143188e6
ref_VGDANPALQKVLDALDSIK_z3	observed_composite	686.34076	4.503782e5
ref_VGDANPALQKVLDALDSIK_z3	observed_composite	686.37878	7.283869e6
ref_VGDANPALQKVLDALDSIK_z3	observed_composite	686.38086	6.482290e5
ref_VGDANPALQKVLDALDSIK_z3	observed_composite	686.39700	9.315664e6
ref_VGDANPALQKVLDALDSIK_z3	observed_composite	686.42572	9.298819e5
ref_VGDANPALQKVLDALDSIK_z3	observed_composite	686.71356	3.732090e6
ref_VGDANPALQKVLDALDSIK_z3	observed_composite	686.80450	1.149938e6
ref_VGDANPALQKVLDALDSIK_z3	observed_composite	686.87744	5.857802e5
ref_VGDANPALQKVLDALDSIK_z3	observed_composite	686.89813	8.567226e4
ref_VGDANPALQKVLDALDSIK_z3	observed_composite	686.92621	8.559261e4
ref_VGDANPALQKVLDALDSIK_z3	observed_composite	686.94049	9.492299e4
ref_VGDANPALQKVLDALDSIK_z3	observed_composite	687.00531	4.669315e4
ref_VGDANPALQKVLDALDSIK_z3	observed_composite	687.04724	1.887524e5
ref_VGDANPALQKVLDALDSIK_z3	observed_composite	687.11212	3.768813e5
ref_VGDANPALQKVLDALDSIK_z3	observed_composite	687.30548	7.375277e5
ref_VGDANPALQKVLDALDSIK_z3	observed_composite	687.32935	5.624624e4
ref_VGDANPALQKVLDALDSIK_z3	observed_composite	687.34857	1.008981e5
ref_VGDANPALQKVLDALDSIK_z3	observed_apex	684.50244	3.621031e5
ref_VGDANPALQKVLDALDSIK_z3	observed_apex	684.52087	4.132137e5
ref_VGDANPALQKVLDALDSIK_z3	observed_apex	684.79968	3.715074e5
ref_VGDANPALQKVLDALDSIK_z3	observed_apex	685.04272	1.963217e8
ref_VGDANPALQKVLDALDSIK_z3	observed_apex	685.09784	8.019634e5
ref_VGDANPALQKVLDALDSIK_z3	observed_apex	685.16589	3.983784e5
ref_VGDANPALQKVLDALDSIK_z3	observed_apex	685.37665	2.114505e8
ref_VGDANPALQKVLDALDSIK_z3	observed_apex	685.71045	1.195190e8
ref_VGDANPALQKVLDALDSIK_z3	observed_apex	686.04468	5.356730e7
ref_VGDANPALQKVLDALDSIK_z3	observed_apex	686.37878	1.608414e7
ref_VGDANPALQKVLDALDSIK_z3	observed_apex	686.39642	4.193460e5
ref_VGDANPALQKVLDALDSIK_z3	observed_apex	686.71271	4.078033e6
ref_VGDANPALQKVLDALDSIK_z3	observed_apex	686.80438	4.233613e5
ref_VGDANPALQKVLDALDSIK_z3	observed_apex	686.89813	5.675410e5
ref_VGDANPALQKVLDALDSIK_z3	observed_apex	686.92621	5.670133e5
ref_VGDANPALQKVLDALDSIK_z3	observed_apex	686.94049	6.288230e5
ref_VGDANPALQKVLDALDSIK_z3	observed_apex	687.00531	3.093215e5
ref_VGDANPALQKVLDALDSIK_z3	observed_apex	687.04724	1.250401e6
ref_VGDANPALQKVLDALDSIK_z3	observed_apex	687.32935	3.726065e5
ref_VGDANPALQKVLDALDSIK_z3	observed_apex	687.34857	6.684052e5
ref_VGDANPALQKVLDALDSIK_z3	avg_mono	685.05118	9.006525e-1
ref_VGDANPALQKVLDALDSIK_z3	avg_mono	685.38563	1.000000e0
ref_VGDANPALQKVLDALDSIK_z3	avg_mono	685.72008	6.404475e-1
ref_VGDANPALQKVLDALDSIK_z3	avg_mono	686.05453	2.998641e-1
ref_VGDANPALQKVLDALDSIK_z3	avg_mono	686.38898	1.124540e-1
ref_VGDANPALQKVLDALDSIK_z3	avg_mono	686.72343	3.545534e-2
ref_VGDANPALQKVLDALDSIK_z3	avg_mono	687.05789	9.690010e-3
ref_VGDANPALQKVLDALDSIK_z3	avg_mono	687.39234	2.345085e-3
ref_VGDANPALQKVLDALDSIK_z3	avg_mono_m1	684.71672	9.006525e-1
ref_VGDANPALQKVLDALDSIK_z3	avg_mono_m1	685.05118	1.000000e0
ref_VGDANPALQKVLDALDSIK_z3	avg_mono_m1	685.38563	6.404475e-1
ref_VGDANPALQKVLDALDSIK_z3	avg_mono_m1	685.72008	2.998641e-1
ref_VGDANPALQKVLDALDSIK_z3	avg_mono_m1	686.05453	1.124540e-1
ref_VGDANPALQKVLDALDSIK_z3	avg_mono_m1	686.38898	3.545534e-2
ref_VGDANPALQKVLDALDSIK_z3	avg_mono_m1	686.72343	9.690010e-3
ref_VGDANPALQKVLDALDSIK_z3	avg_mono_m1	687.05789	2.345085e-3
ref_VGDANPALQKVLDALDSIK_z3	avg_mono_p1	685.38563	9.006525e-1
ref_VGDANPALQKVLDALDSIK_z3	avg_mono_p1	685.72008	1.000000e0
ref_VGDANPALQKVLDALDSIK_z3	avg_mono_p1	686.05453	6.404475e-1
ref_VGDANPALQKVLDALDSIK_z3	avg_mono_p1	686.38898	2.998641e-1
ref_VGDANPALQKVLDALDSIK_z3	avg_mono_p1	686.72343	1.124540e-1
ref_VGDANPALQKVLDALDSIK_z3	avg_mono_p1	687.05789	3.545534e-2
ref_VGDANPALQKVLDALDSIK_z3	avg_mono_p1	687.39234	9.690010e-3
ref_VGDANPALQKVLDALDSIK_z3	avg_mono_p1	687.72679	2.345085e-3
ref_NKYEDEINKR_z3	observed_composite	436.23480	5.940427e4
ref_NKYEDEINKR_z3	observed_composite	436.26587	2.821865e5
ref_NKYEDEINKR_z3	observed_composite	436.43372	3.771152e4
ref_NKYEDEINKR_z3	observed_composite	436.57523	1.282651e4
ref_NKYEDEINKR_z3	observed_composite	436.60006	1.182667e5
ref_NKYEDEINKR_z3	observed_composite	436.69614	1.265427e4
ref_NKYEDEINKR_z3	observed_composite	436.70890	6.351100e4
ref_NKYEDEINKR_z3	observed_composite	436.71719	3.350602e4
ref_NKYEDEINKR_z3	observed_composite	436.73206	7.372079e4
ref_NKYEDEINKR_z3	observed_composite	436.89408	5.049158e6
ref_NKYEDEINKR_z3	observed_composite	436.93375	1.105407e5
ref_NKYEDEINKR_z3	observed_composite	437.05829	5.001987e5
ref_NKYEDEINKR_z3	observed_composite	437.10315	1.030364e4
ref_NKYEDEINKR_z3	observed_composite	437.18600	1.175420e4
ref_NKYEDEINKR_z3	observed_composite	437.22849	3.170858e6
ref_NKYEDEINKR_z3	observed_composite	437.26965	1.002352e4
ref_NKYEDEINKR_z3	observed_composite	437.56275	1.162520e6
ref_NKYEDEINKR_z3	observed_composite	437.57266	1.307571e4
ref_NKYEDEINKR_z3	observed_composite	437.57492	1.074137e4
ref_NKYEDEINKR_z3	observed_composite	437.71823	1.162438e4
ref_NKYEDEINKR_z3	observed_composite	437.74033	1.005602e4
ref_NKYEDEINKR_z3	observed_composite	437.88895	1.969430e4
ref_NKYEDEINKR_z3	observed_composite	437.89715	3.500735e5
ref_NKYEDEINKR_z3	observed_composite	438.02289	1.142646e4
ref_NKYEDEINKR_z3	observed_composite	438.06195	2.766086e4
ref_NKYEDEINKR_z3	observed_composite	438.17929	1.195315e5
ref_NKYEDEINKR_z3	observed_composite	438.23117	1.332466e5
ref_NKYEDEINKR_z3	observed_composite	438.46747	2.798157e4
ref_NKYEDEINKR_z3	observed_composite	438.47604	7.041511e4
ref_NKYEDEINKR_z3	observed_composite	438.56473	1.183138e4
ref_NKYEDEINKR_z3	observed_composite	438.68634	3.221206e4
ref_NKYEDEINKR_z3	observed_composite	438.69568	2.559410e7
ref_NKYEDEINKR_z3	observed_composite	438.70963	1.094008e5
ref_NKYEDEINKR_z3	observed_composite	438.71368	1.503413e5
ref_NKYEDEINKR_z3	observed_composite	438.72830	1.984567e5
ref_NKYEDEINKR_z3	observed_composite	438.74222	8.921295e4
ref_NKYEDEINKR_z3	observed_composite	438.96899	1.250260e4
ref_NKYEDEINKR_z3	observed_composite	438.97791	4.812204e4
ref_NKYEDEINKR_z3	observed_composite	439.03558	1.658375e4
ref_NKYEDEINKR_z3	observed_composite	439.05414	7.863419e4
ref_NKYEDEINKR_z3	observed_composite	439.16455	1.277909e4
ref_NKYEDEINKR_z3	observed_composite	439.18077	2.631181e4
ref_NKYEDEINKR_z3	observed_composite	439.18832	4.740273e6
ref_NKYEDEINKR_z3	observed_apex	436.23480	6.037471e4
ref_NKYEDEINKR_z3	observed_apex	436.26608	2.447140e5
ref_NKYEDEINKR_z3	observed_apex	436.59985	9.195023e4
ref_NKYEDEINKR_z3	observed_apex	436.69614	3.858298e4
ref_NKYEDEINKR_z3	observed_apex	436.70901	3.771771e4
ref_NKYEDEINKR_z3	observed_apex	436.71719	3.405338e4
ref_NKYEDEINKR_z3	observed_apex	436.73221	4.772975e4
ref_NKYEDEINKR_z3	observed_apex	436.89410	5.771766e6
ref_NKYEDEINKR_z3	observed_apex	436.93512	3.010913e4
ref_NKYEDEINKR_z3	observed_apex	437.05862	3.265427e5
ref_NKYEDEINKR_z3	observed_apex	437.22845	3.792683e6
ref_NKYEDEINKR_z3	observed_apex	437.26965	3.056179e4
ref_NKYEDEINKR_z3	observed_apex	437.56274	1.411524e6
ref_NKYEDEINKR_z3	observed_apex	437.74033	3.066090e4
ref_NKYEDEINKR_z3	observed_apex	437.89700	4.317620e5
ref_NKYEDEINKR_z3	observed_apex	438.17746	3.996847e4
ref_NKYEDEINKR_z3	observed_apex	438.23117	1.354233e5
ref_NKYEDEINKR_z3	observed_apex	438.47604	7.156542e4
ref_NKYEDEINKR_z3	observed_apex	438.56473	3.607398e4
ref_NKYEDEINKR_z3	observed_apex	438.68634	9.821485e4
ref_NKYEDEINKR_z3	observed_apex	438.69565	2.420004e7
ref_NKYEDEINKR_z3	observed_apex	438.70972	8.108445e4
ref_NKYEDEINKR_z3	observed_apex	438.71378	1.433992e5
ref_NKYEDEINKR_z3	observed_apex	438.71759	7.401883e4
ref_NKYEDEINKR_z3	observed_apex	438.72830	2.016987e5
ref_NKYEDEINKR_z3	observed_apex	438.74225	5.796780e4
ref_NKYEDEINKR_z3	observed_apex	438.97696	3.227854e4
ref_NKYEDEINKR_z3	observed_apex	439.05426	5.935280e4
ref_NKYEDEINKR_z3	observed_apex	439.16455	3.896354e4
ref_NKYEDEINKR_z3	observed_apex	439.17938	7.328377e4
ref_NKYEDEINKR_z3	observed_apex	439.18216	3.368280e4
ref_NKYEDEINKR_z3	observed_apex	439.18820	3.776686e6
ref_NKYEDEINKR_z3	avg_mono	436.88818	1.000000e0
ref_NKYEDEINKR_z3	avg_mono	437.22263	6.916612e-1
ref_NKYEDEINKR_z3	avg_mono	437.55708	2.706900e-1
ref_NKYEDEINKR_z3	avg_mono	437.89153	7.694094e-2
ref_NKYEDEINKR_z3	avg_mono	438.22598	1.753622e-2
ref_NKYEDEINKR_z3	avg_mono	438.56043	3.376879e-3
ref_NKYEDEINKR_z3	avg_mono_m1	436.55372	1.000000e0
ref_NKYEDEINKR_z3	avg_mono_m1	436.88818	6.916612e-1
ref_NKYEDEINKR_z3	avg_mono_m1	437.22263	2.706900e-1
ref_NKYEDEINKR_z3	avg_mono_m1	437.55708	7.694094e-2
ref_NKYEDEINKR_z3	avg_mono_m1	437.89153	1.753622e-2
ref_NKYEDEINKR_z3	avg_mono_m1	438.22598	3.376879e-3
ref_NKYEDEINKR_z3	avg_mono_p1	437.22263	1.000000e0
ref_NKYEDEINKR_z3	avg_mono_p1	437.55708	7.220292e-1
ref_NKYEDEINKR_z3	avg_mono_p1	437.89153	3.388037e-1
ref_NKYEDEINKR_z3	avg_mono_p1	438.22598	1.188132e-1
ref_NKYEDEINKR_z3	avg_mono_p1	438.56043	3.356755e-2
ref_NKYEDEINKR_z3	avg_mono_p1	438.89489	7.968653e-3
ref_NKYEDEINKR_z3	avg_mono_p1	439.22934	1.636639e-3
top00_strong_z5	observed_composite	517.43774	7.219100e6
top00_strong_z5	observed_composite	517.61938	1.498921e7
top00_strong_z5	observed_composite	517.64288	4.684762e9
top00_strong_z5	observed_composite	517.84344	6.550567e9
top00_strong_z5	observed_composite	517.98975	9.113257e6
top00_strong_z5	observed_composite	518.04382	5.038211e9
top00_strong_z5	observed_composite	518.24451	2.428146e9
top00_strong_z5	observed_composite	518.44482	1.048728e9
top00_strong_z5	observed_composite	518.49902	6.093522e6
top00_strong_z5	observed_composite	518.64569	3.640842e8
top00_strong_z5	observed_composite	518.84686	1.580013e8
top00_strong_z5	observed_composite	519.04767	1.456739e7
top00_strong_z5	observed_apex	517.64270	4.598894e9
top00_strong_z5	observed_apex	517.84326	6.570465e9
top00_strong_z5	observed_apex	517.98975	2.772884e7
top00_strong_z5	observed_apex	518.04376	4.799325e9
top00_strong_z5	observed_apex	518.24426	2.205899e9
top00_strong_z5	observed_apex	518.44482	1.063652e9
top00_strong_z5	observed_apex	518.64508	3.250032e8
top00_strong_z5	observed_apex	518.84521	9.191797e7
top00_strong_z5	avg_mono	517.64260	7.206871e-1
top00_strong_z5	avg_mono	517.84327	1.000000e0
top00_strong_z5	avg_mono	518.04394	7.714016e-1
top00_strong_z5	avg_mono	518.24461	4.283524e-1
top00_strong_z5	avg_mono	518.44528	1.891885e-1
top00_strong_z5	avg_mono	518.64595	7.004152e-2
top00_strong_z5	avg_mono	518.84662	2.245319e-2
top00_strong_z5	avg_mono	519.04729	6.372265e-3
top00_strong_z5	avg_mono	519.24796	1.627143e-3
top00_strong_z5	avg_mono_m1	517.44193	7.206871e-1
top00_strong_z5	avg_mono_m1	517.64260	1.000000e0
top00_strong_z5	avg_mono_m1	517.84327	7.714016e-1
top00_strong_z5	avg_mono_m1	518.04394	4.283524e-1
top00_strong_z5	avg_mono_m1	518.24461	1.891885e-1
top00_strong_z5	avg_mono_m1	518.44528	7.004152e-2
top00_strong_z5	avg_mono_m1	518.64595	2.245319e-2
top00_strong_z5	avg_mono_m1	518.84662	6.372265e-3
top00_strong_z5	avg_mono_m1	519.04729	1.627143e-3
top00_strong_z5	avg_mono_p1	517.84327	7.206871e-1
top00_strong_z5	avg_mono_p1	518.04394	1.000000e0
top00_strong_z5	avg_mono_p1	518.24461	7.714016e-1
top00_strong_z5	avg_mono_p1	518.44528	4.283524e-1
top00_strong_z5	avg_mono_p1	518.64595	1.891885e-1
top00_strong_z5	avg_mono_p1	518.84662	7.004152e-2
top00_strong_z5	avg_mono_p1	519.04729	2.245319e-2
top00_strong_z5	avg_mono_p1	519.24796	6.372265e-3
top00_strong_z5	avg_mono_p1	519.44864	1.627143e-3
top01_strong_z6	observed_composite	1389.54065	9.897896e6
top01_strong_z6	observed_composite	1389.76318	7.473927e7
top01_strong_z6	observed_composite	1389.93286	3.849356e8
top01_strong_z6	observed_composite	1390.10034	1.461813e8
top01_strong_z6	observed_composite	1390.10071	4.498946e8
top01_strong_z6	observed_composite	1390.26721	9.041417e8
top01_strong_z6	observed_composite	1390.43469	9.404866e8
top01_strong_z6	observed_composite	1390.60132	1.064270e9
top01_strong_z6	observed_composite	1390.76917	8.598087e8
top01_strong_z6	observed_composite	1390.93616	7.277229e8
top01_strong_z6	observed_apex	1389.93262	3.028628e8
top01_strong_z6	observed_apex	1390.10071	3.588962e8
top01_strong_z6	observed_apex	1390.26721	9.358842e8
top01_strong_z6	observed_apex	1390.43494	1.009000e9
top01_strong_z6	observed_apex	1390.60132	1.178189e9
top01_strong_z6	observed_apex	1390.76782	6.995420e8
top01_strong_z6	observed_apex	1390.93616	8.056179e8
top01_strong_z6	avg_mono	1389.76519	4.778264e-2
top01_strong_z6	avg_mono	1389.93242	2.153737e-1
top01_strong_z6	avg_mono	1390.09964	5.016251e-1
top01_strong_z6	avg_mono	1390.26687	8.024255e-1
top01_strong_z6	avg_mono	1390.43410	9.891584e-1
top01_strong_z6	avg_mono	1390.60132	1.000000e0
top01_strong_z6	avg_mono	1390.76855	8.619399e-1
top01_strong_z6	avg_mono	1390.93577	6.504002e-1
top01_strong_z6	avg_mono	1391.10300	4.379307e-1
top01_strong_z6	avg_mono	1391.27023	2.669354e-1
top01_strong_z6	avg_mono	1391.43745	1.489557e-1
top01_strong_z6	avg_mono	1391.60468	7.678151e-2
top01_strong_z6	avg_mono	1391.77190	3.682908e-2
top01_strong_z6	avg_mono	1391.93913	1.653893e-2
top01_strong_z6	avg_mono_m1	1389.59797	4.778264e-2
top01_strong_z6	avg_mono_m1	1389.76519	2.153737e-1
top01_strong_z6	avg_mono_m1	1389.93242	5.016251e-1
top01_strong_z6	avg_mono_m1	1390.09964	8.024255e-1
top01_strong_z6	avg_mono_m1	1390.26687	9.891584e-1
top01_strong_z6	avg_mono_m1	1390.43410	1.000000e0
top01_strong_z6	avg_mono_m1	1390.60132	8.619399e-1
top01_strong_z6	avg_mono_m1	1390.76855	6.504002e-1
top01_strong_z6	avg_mono_m1	1390.93577	4.379307e-1
top01_strong_z6	avg_mono_m1	1391.10300	2.669354e-1
top01_strong_z6	avg_mono_m1	1391.27023	1.489557e-1
top01_strong_z6	avg_mono_m1	1391.43745	7.678151e-2
top01_strong_z6	avg_mono_m1	1391.60468	3.682908e-2
top01_strong_z6	avg_mono_m1	1391.77190	1.653893e-2
top01_strong_z6	avg_mono_p1	1389.93242	4.778264e-2
top01_strong_z6	avg_mono_p1	1390.09964	2.153737e-1
top01_strong_z6	avg_mono_p1	1390.26687	5.016251e-1
top01_strong_z6	avg_mono_p1	1390.43410	8.024255e-1
top01_strong_z6	avg_mono_p1	1390.60132	9.891584e-1
top01_strong_z6	avg_mono_p1	1390.76855	1.000000e0
top01_strong_z6	avg_mono_p1	1390.93577	8.619399e-1
top01_strong_z6	avg_mono_p1	1391.10300	6.504002e-1
top01_strong_z6	avg_mono_p1	1391.27023	4.379307e-1
top01_strong_z6	avg_mono_p1	1391.43745	2.669354e-1
top01_strong_z6	avg_mono_p1	1391.60468	1.489557e-1
top01_strong_z6	avg_mono_p1	1391.77190	7.678151e-2
top01_strong_z6	avg_mono_p1	1391.93913	3.682908e-2
top01_strong_z6	avg_mono_p1	1392.10635	1.653893e-2
top02_strong_z5	observed_composite	829.75427	7.514367e6
top02_strong_z5	observed_composite	829.85938	5.735141e7
top02_strong_z5	observed_composite	829.96210	1.303715e8
top02_strong_z5	observed_composite	830.02856	7.995142e6
top02_strong_z5	observed_composite	830.06297	3.422833e8
top02_strong_z5	observed_composite	830.11536	4.565298e6
top02_strong_z5	observed_composite	830.12811	9.417354e6
top02_strong_z5	observed_composite	830.16235	1.062096e9
top02_strong_z5	observed_composite	830.26324	1.458307e9
top02_strong_z5	observed_composite	830.36322	1.723333e9
top02_strong_z5	observed_composite	830.46356	1.568535e9
top02_strong_z5	observed_composite	830.51813	6.800204e6
top02_strong_z5	observed_composite	830.52588	1.325490e7
top02_strong_z5	observed_composite	830.56415	1.494545e9
top02_strong_z5	observed_composite	830.66418	2.653425e8
top02_strong_z5	observed_composite	830.66437	1.213294e9
top02_strong_z5	observed_composite	830.71698	4.798183e6
top02_strong_z5	observed_composite	830.76416	1.962274e8
top02_strong_z5	observed_composite	830.76428	6.668031e8
top02_strong_z5	observed_composite	830.86475	3.568469e8
top02_strong_z5	observed_composite	830.96515	2.969349e8
top02_strong_z5	observed_composite	831.03766	3.562913e6
top02_strong_z5	observed_composite	831.06580	1.055531e8
top02_strong_z5	observed_composite	831.16412	1.245694e7
top02_strong_z5	observed_composite	831.16580	3.390478e7
top02_strong_z5	observed_composite	831.26501	3.036704e7
top02_strong_z5	observed_composite	831.28503	4.728179e6
top02_strong_z5	observed_composite	831.34735	1.137793e7
top02_strong_z5	observed_composite	831.36719	3.795840e7
top02_strong_z5	observed_composite	831.44763	9.211504e6
top02_strong_z5	observed_composite	831.46503	1.750434e7
top02_strong_z5	observed_apex	829.86340	3.834796e7
top02_strong_z5	observed_apex	829.96094	9.079766e7
top02_strong_z5	observed_apex	830.06317	2.691849e8
top02_strong_z5	observed_apex	830.16296	8.497449e8
top02_strong_z5	observed_apex	830.26324	1.146101e9
top02_strong_z5	observed_apex	830.36322	1.754180e9
top02_strong_z5	observed_apex	830.46344	1.862703e9
top02_strong_z5	observed_apex	830.56378	1.471240e9
top02_strong_z5	observed_apex	830.66455	9.488364e8
top02_strong_z5	observed_apex	830.76416	5.992193e8
top02_strong_z5	observed_apex	830.86493	3.608197e8
top02_strong_z5	observed_apex	830.96478	1.584556e8
top02_strong_z5	observed_apex	831.06537	1.634276e8
top02_strong_z5	observed_apex	831.16589	8.686655e7
top02_strong_z5	observed_apex	831.34735	3.474478e7
top02_strong_z5	observed_apex	831.36719	3.863784e7
top02_strong_z5	observed_apex	831.44763	2.812916e7
top02_strong_z5	observed_apex	831.46503	5.345297e7
top02_strong_z5	avg_mono	829.96188	3.729073e-1
top02_strong_z5	avg_mono	830.16255	8.322151e-1
top02_strong_z5	avg_mono	830.36322	1.000000e0
top02_strong_z5	avg_mono	830.56389	8.498396e-1
top02_strong_z5	avg_mono	830.76456	5.687181e-1
top02_strong_z5	avg_mono	830.96523	3.172472e-1
top02_strong_z5	avg_mono	831.16590	1.527703e-1
top02_strong_z5	avg_mono	831.36657	6.502349e-2
top02_strong_z5	avg_mono	831.56724	2.488025e-2
top02_strong_z5	avg_mono	831.76792	8.668329e-3
top02_strong_z5	avg_mono	831.96859	2.777373e-3
top02_strong_z5	avg_mono_m1	829.76121	3.729073e-1
top02_strong_z5	avg_mono_m1	829.96188	8.322151e-1
top02_strong_z5	avg_mono_m1	830.16255	1.000000e0
top02_strong_z5	avg_mono_m1	830.36322	8.498396e-1
top02_strong_z5	avg_mono_m1	830.56389	5.687181e-1
top02_strong_z5	avg_mono_m1	830.76456	3.172472e-1
top02_strong_z5	avg_mono_m1	830.96523	1.527703e-1
top02_strong_z5	avg_mono_m1	831.16590	6.502349e-2
top02_strong_z5	avg_mono_m1	831.36657	2.488025e-2
top02_strong_z5	avg_mono_m1	831.56724	8.668329e-3
top02_strong_z5	avg_mono_m1	831.76792	2.777373e-3
top02_strong_z5	avg_mono_p1	830.16255	3.729073e-1
top02_strong_z5	avg_mono_p1	830.36322	8.322151e-1
top02_strong_z5	avg_mono_p1	830.56389	1.000000e0
top02_strong_z5	avg_mono_p1	830.76456	8.498396e-1
top02_strong_z5	avg_mono_p1	830.96523	5.687181e-1
top02_strong_z5	avg_mono_p1	831.16590	3.172472e-1
top02_strong_z5	avg_mono_p1	831.36657	1.527703e-1
top02_strong_z5	avg_mono_p1	831.56724	6.502349e-2
top02_strong_z5	avg_mono_p1	831.76792	2.488025e-2
top02_strong_z5	avg_mono_p1	831.96859	8.668329e-3
top02_strong_z5	avg_mono_p1	832.16926	2.777373e-3
top03_strong_z5	observed_composite	829.75427	7.514798e6
top03_strong_z5	observed_composite	829.85938	5.744694e7
top03_strong_z5	observed_composite	829.96210	1.305887e8
top03_strong_z5	observed_composite	830.02856	8.008459e6
top03_strong_z5	observed_composite	830.06297	3.422927e8
top03_strong_z5	observed_composite	830.11536	4.565560e6
top03_strong_z5	observed_composite	830.12811	9.433041e6
top03_strong_z5	observed_composite	830.16235	1.063865e9
top03_strong_z5	observed_composite	830.26324	1.458390e9
top03_strong_z5	observed_composite	830.36322	1.720676e9
top03_strong_z5	observed_composite	830.46356	1.568399e9
top03_strong_z5	observed_composite	830.51813	6.811531e6
top03_strong_z5	observed_composite	830.52588	1.327698e7
top03_strong_z5	observed_composite	830.56415	1.497034e9
top03_strong_z5	observed_composite	830.66418	2.653577e8
top03_strong_z5	observed_composite	830.66437	1.215315e9
top03_strong_z5	observed_composite	830.71698	4.798457e6
top03_strong_z5	observed_composite	830.76416	1.959249e8
top03_strong_z5	observed_composite	830.76428	6.668413e8
top03_strong_z5	observed_composite	830.86475	3.574413e8
top03_strong_z5	observed_composite	830.96515	2.974295e8
top03_strong_z5	observed_composite	831.03766	3.563117e6
top03_strong_z5	observed_composite	831.06580	1.055115e8
top03_strong_z5	observed_composite	831.16412	1.247769e7
top03_strong_z5	observed_composite	831.16580	3.386125e7
top03_strong_z5	observed_composite	831.26501	3.036878e7
top03_strong_z5	observed_composite	831.28503	4.728449e6
top03_strong_z5	observed_composite	831.34735	1.136040e7
top03_strong_z5	observed_composite	831.36719	3.789990e7
top03_strong_z5	observed_composite	831.44763	9.197306e6
top03_strong_z5	observed_composite	831.46503	5.243207e7
top03_strong_z5	observed_composite	831.48627	1.045474e7
top03_strong_z5	observed_apex	829.86340	3.834796e7
top03_strong_z5	observed_apex	829.96094	9.079766e7
top03_strong_z5	observed_apex	830.06317	2.691849e8
top03_strong_z5	observed_apex	830.16296	8.497449e8
top03_strong_z5	observed_apex	830.26324	1.146101e9
top03_strong_z5	observed_apex	830.36322	1.754180e9
top03_strong_z5	observed_apex	830.46344	1.862703e9
top03_strong_z5	observed_apex	830.56378	1.471240e9
top03_strong_z5	observed_apex	830.66455	9.488364e8
top03_strong_z5	observed_apex	830.76416	5.992193e8
top03_strong_z5	observed_apex	830.86493	3.608197e8
top03_strong_z5	observed_apex	830.96478	1.584556e8
top03_strong_z5	observed_apex	831.06537	1.634276e8
top03_strong_z5	observed_apex	831.16589	8.686655e7
top03_strong_z5	observed_apex	831.34735	3.474478e7
top03_strong_z5	observed_apex	831.36719	3.863784e7
top03_strong_z5	observed_apex	831.44763	2.812916e7
top03_strong_z5	observed_apex	831.46503	5.345297e7
top03_strong_z5	observed_apex	831.48627	3.197490e7
top03_strong_z5	avg_mono	830.06210	3.729073e-1
top03_strong_z5	avg_mono	830.26277	8.322151e-1
top03_strong_z5	avg_mono	830.46344	1.000000e0
top03_strong_z5	avg_mono	830.66411	8.498396e-1
top03_strong_z5	avg_mono	830.86478	5.687181e-1
top03_strong_z5	avg_mono	831.06545	3.172472e-1
top03_strong_z5	avg_mono	831.26612	1.527703e-1
top03_strong_z5	avg_mono	831.46679	6.502349e-2
top03_strong_z5	avg_mono	831.66746	2.488025e-2
top03_strong_z5	avg_mono	831.86814	8.668329e-3
top03_strong_z5	avg_mono	832.06881	2.777373e-3
top03_strong_z5	avg_mono_m1	829.86143	3.729073e-1
top03_strong_z5	avg_mono_m1	830.06210	8.322151e-1
top03_strong_z5	avg_mono_m1	830.26277	1.000000e0
top03_strong_z5	avg_mono_m1	830.46344	8.498396e-1
top03_strong_z5	avg_mono_m1	830.66411	5.687181e-1
top03_strong_z5	avg_mono_m1	830.86478	3.172472e-1
top03_strong_z5	avg_mono_m1	831.06545	1.527703e-1
top03_strong_z5	avg_mono_m1	831.26612	6.502349e-2
top03_strong_z5	avg_mono_m1	831.46679	2.488025e-2
top03_strong_z5	avg_mono_m1	831.66746	8.668329e-3
top03_strong_z5	avg_mono_m1	831.86814	2.777373e-3
top03_strong_z5	avg_mono_p1	830.26277	3.729073e-1
top03_strong_z5	avg_mono_p1	830.46344	8.322151e-1
top03_strong_z5	avg_mono_p1	830.66411	1.000000e0
top03_strong_z5	avg_mono_p1	830.86478	8.498396e-1
top03_strong_z5	avg_mono_p1	831.06545	5.687181e-1
top03_strong_z5	avg_mono_p1	831.26612	3.172472e-1
top03_strong_z5	avg_mono_p1	831.46679	1.527703e-1
top03_strong_z5	avg_mono_p1	831.66746	6.502349e-2
top03_strong_z5	avg_mono_p1	831.86814	2.488025e-2
top03_strong_z5	avg_mono_p1	832.06881	8.668329e-3
top03_strong_z5	avg_mono_p1	832.26948	2.777373e-3
top04_strong_z6	observed_composite	1382.35181	9.663150e6
top04_strong_z6	observed_composite	1382.59753	8.665224e7
top04_strong_z6	observed_composite	1382.76538	2.623252e8
top04_strong_z6	observed_composite	1382.83044	5.819803e6
top04_strong_z6	observed_composite	1382.93274	5.143943e8
top04_strong_z6	observed_composite	1383.10026	7.308372e8
top04_strong_z6	observed_composite	1383.26648	8.279653e8
top04_strong_z6	observed_composite	1383.43404	8.946873e8
top04_strong_z6	observed_composite	1383.53113	6.473630e6
top04_strong_z6	observed_composite	1383.60132	8.020112e8
top04_strong_z6	observed_composite	1383.76794	7.052833e8
top04_strong_z6	observed_apex	1382.59753	9.864234e7
top04_strong_z6	observed_apex	1382.76538	2.986232e8
top04_strong_z6	observed_apex	1382.93274	4.726059e8
top04_strong_z6	observed_apex	1383.10010	7.702110e8
top04_strong_z6	observed_apex	1383.26672	8.989501e8
top04_strong_z6	observed_apex	1383.43408	1.068989e9
top04_strong_z6	observed_apex	1383.60107	9.089466e8
top04_strong_z6	observed_apex	1383.76770	5.004182e8
top04_strong_z6	avg_mono	1382.59796	4.911331e-2
top04_strong_z6	avg_mono	1382.76519	2.200884e-1
top04_strong_z6	avg_mono	1382.93241	5.097330e-1
top04_strong_z6	avg_mono	1383.09964	8.109518e-1
top04_strong_z6	avg_mono	1383.26686	9.943479e-1
top04_strong_z6	avg_mono	1383.43409	1.000000e0
top04_strong_z6	avg_mono	1383.60131	8.575145e-1
top04_strong_z6	avg_mono	1383.76854	6.437835e-1
top04_strong_z6	avg_mono	1383.93577	4.313044e-1
top04_strong_z6	avg_mono	1384.10299	2.615916e-1
top04_strong_z6	avg_mono	1384.27022	1.452546e-1
top04_strong_z6	avg_mono	1384.43744	7.450705e-2
top04_strong_z6	avg_mono	1384.60467	3.556389e-2
top04_strong_z6	avg_mono	1384.77190	1.589318e-2
top04_strong_z6	avg_mono_m1	1382.43073	4.911331e-2
top04_strong_z6	avg_mono_m1	1382.59796	2.200884e-1
top04_strong_z6	avg_mono_m1	1382.76519	5.097330e-1
top04_strong_z6	avg_mono_m1	1382.93241	8.109518e-1
top04_strong_z6	avg_mono_m1	1383.09964	9.943479e-1
top04_strong_z6	avg_mono_m1	1383.26686	1.000000e0
top04_strong_z6	avg_mono_m1	1383.43409	8.575145e-1
top04_strong_z6	avg_mono_m1	1383.60131	6.437835e-1
top04_strong_z6	avg_mono_m1	1383.76854	4.313044e-1
top04_strong_z6	avg_mono_m1	1383.93577	2.615916e-1
top04_strong_z6	avg_mono_m1	1384.10299	1.452546e-1
top04_strong_z6	avg_mono_m1	1384.27022	7.450705e-2
top04_strong_z6	avg_mono_m1	1384.43744	3.556389e-2
top04_strong_z6	avg_mono_m1	1384.60467	1.589318e-2
top04_strong_z6	avg_mono_p1	1382.76519	4.911331e-2
top04_strong_z6	avg_mono_p1	1382.93241	2.200884e-1
top04_strong_z6	avg_mono_p1	1383.09964	5.097330e-1
top04_strong_z6	avg_mono_p1	1383.26686	8.109518e-1
top04_strong_z6	avg_mono_p1	1383.43409	9.943479e-1
top04_strong_z6	avg_mono_p1	1383.60131	1.000000e0
top04_strong_z6	avg_mono_p1	1383.76854	8.575145e-1
top04_strong_z6	avg_mono_p1	1383.93577	6.437835e-1
top04_strong_z6	avg_mono_p1	1384.10299	4.313044e-1
top04_strong_z6	avg_mono_p1	1384.27022	2.615916e-1
top04_strong_z6	avg_mono_p1	1384.43744	1.452546e-1
top04_strong_z6	avg_mono_p1	1384.60467	7.450705e-2
top04_strong_z6	avg_mono_p1	1384.77190	3.556389e-2
top04_strong_z6	avg_mono_p1	1384.93912	1.589318e-2
top05_strong_z5	observed_composite	833.75800	3.805462e6
top05_strong_z5	observed_composite	833.89313	4.004794e6
top05_strong_z5	observed_composite	833.91492	3.823299e6
top05_strong_z5	observed_composite	833.92664	5.164752e6
top05_strong_z5	observed_composite	833.99939	1.320952e7
top05_strong_z5	observed_composite	834.02313	2.901129e6
top05_strong_z5	observed_composite	834.06500	1.982075e6
top05_strong_z5	observed_composite	834.12561	4.900245e6
top05_strong_z5	observed_composite	834.15906	3.539663e6
top05_strong_z5	observed_composite	834.22675	3.479476e6
top05_strong_z5	observed_composite	834.23199	1.723426e6
top05_strong_z5	observed_composite	834.26390	7.528048e7
top05_strong_z5	observed_composite	834.29742	1.528170e6
top05_strong_z5	observed_composite	834.33002	1.764101e6
top05_strong_z5	observed_composite	834.36399	3.703611e8
top05_strong_z5	observed_composite	834.40411	2.427561e6
top05_strong_z5	observed_composite	834.43011	1.672255e7
top05_strong_z5	observed_composite	834.46440	8.122639e8
top05_strong_z5	observed_composite	834.50531	3.669069e6
top05_strong_z5	observed_composite	834.56390	1.303456e9
top05_strong_z5	observed_composite	834.66437	1.533529e9
top05_strong_z5	observed_composite	834.71411	2.144331e6
top05_strong_z5	observed_composite	834.76440	1.494146e9
top05_strong_z5	observed_composite	834.81573	6.347263e6
top05_strong_z5	observed_composite	834.86377	1.418160e9
top05_strong_z5	observed_composite	834.90710	5.670054e6
top05_strong_z5	observed_composite	834.92438	1.813697e7
top05_strong_z5	observed_composite	834.96478	9.226586e8
top05_strong_z5	observed_composite	835.00787	3.778080e6
top05_strong_z5	observed_composite	835.06366	5.872104e8
top05_strong_z5	observed_composite	835.09674	3.045362e6
top05_strong_z5	observed_composite	835.10120	2.552324e7
top05_strong_z5	observed_composite	835.12189	6.759906e6
top05_strong_z5	observed_composite	835.16541	3.501491e8
top05_strong_z5	observed_composite	835.26493	2.036223e8
top05_strong_z5	observed_composite	835.30054	1.355613e6
top05_strong_z5	observed_composite	835.31653	5.365358e6
top05_strong_z5	observed_composite	835.32410	2.071807e6
top05_strong_z5	observed_composite	835.36377	1.557129e8
top05_strong_z5	observed_composite	835.43024	2.767911e6
top05_strong_z5	observed_composite	835.46509	4.262880e7
top05_strong_z5	observed_composite	835.56476	3.136224e7
top05_strong_z5	observed_composite	835.56830	1.640391e7
top05_strong_z5	observed_composite	835.60901	4.088583e6
top05_strong_z5	observed_composite	835.66656	3.178750e7
top05_strong_z5	observed_composite	835.75903	2.375357e6
top05_strong_z5	observed_apex	833.89313	1.669176e7
top05_strong_z5	observed_apex	833.91492	1.593530e7
top05_strong_z5	observed_apex	834.22675	1.450227e7
top05_strong_z5	observed_apex	834.26312	1.495531e8
top05_strong_z5	observed_apex	834.36346	4.906500e8
top05_strong_z5	observed_apex	834.42957	2.169522e7
top05_strong_z5	observed_apex	834.46423	1.063810e9
top05_strong_z5	observed_apex	834.50531	1.529248e7
top05_strong_z5	observed_apex	834.56384	1.795426e9
top05_strong_z5	observed_apex	834.66412	2.384584e9
top05_strong_z5	observed_apex	834.76447	2.059487e9
top05_strong_z5	observed_apex	834.81573	2.645505e7
top05_strong_z5	observed_apex	834.86469	1.377669e9
top05_strong_z5	observed_apex	834.90710	2.363248e7
top05_strong_z5	observed_apex	834.96497	1.180078e9
top05_strong_z5	observed_apex	835.00787	1.574684e7
top05_strong_z5	observed_apex	835.06506	7.599503e8
top05_strong_z5	observed_apex	835.09674	1.269290e7
top05_strong_z5	observed_apex	835.12189	2.817493e7
top05_strong_z5	observed_apex	835.16541	4.864675e8
top05_strong_z5	observed_apex	835.26544	2.264589e8
top05_strong_z5	observed_apex	835.36591	2.002044e8
top05_strong_z5	observed_apex	835.46509	5.922485e7
top05_strong_z5	observed_apex	835.56830	6.837063e7
top05_strong_z5	observed_apex	835.60901	1.704099e7
top05_strong_z5	observed_apex	835.66656	4.416286e7
top05_strong_z5	avg_mono	834.26278	3.650576e-1
top05_strong_z5	avg_mono	834.46345	8.240953e-1
top05_strong_z5	avg_mono	834.66412	1.000000e0
top05_strong_z5	avg_mono	834.86479	8.573227e-1
top05_strong_z5	avg_mono	835.06546	5.783688e-1
top05_strong_z5	avg_mono	835.26613	3.250758e-1
top05_strong_z5	avg_mono	835.46680	1.576661e-1
top05_strong_z5	avg_mono	835.66747	6.756979e-2
top05_strong_z5	avg_mono	835.86814	2.602652e-2
top05_strong_z5	avg_mono	836.06882	9.126206e-3
top05_strong_z5	avg_mono	836.26949	2.942462e-3
top05_strong_z5	avg_mono_m1	834.06211	3.650576e-1
top05_strong_z5	avg_mono_m1	834.26278	8.240953e-1
top05_strong_z5	avg_mono_m1	834.46345	1.000000e0
top05_strong_z5	avg_mono_m1	834.66412	8.573227e-1
top05_strong_z5	avg_mono_m1	834.86479	5.783688e-1
top05_strong_z5	avg_mono_m1	835.06546	3.250758e-1
top05_strong_z5	avg_mono_m1	835.26613	1.576661e-1
top05_strong_z5	avg_mono_m1	835.46680	6.756979e-2
top05_strong_z5	avg_mono_m1	835.66747	2.602652e-2
top05_strong_z5	avg_mono_m1	835.86814	9.126206e-3
top05_strong_z5	avg_mono_m1	836.06882	2.942462e-3
top05_strong_z5	avg_mono_p1	834.46345	3.650576e-1
top05_strong_z5	avg_mono_p1	834.66412	8.240953e-1
top05_strong_z5	avg_mono_p1	834.86479	1.000000e0
top05_strong_z5	avg_mono_p1	835.06546	8.573227e-1
top05_strong_z5	avg_mono_p1	835.26613	5.783688e-1
top05_strong_z5	avg_mono_p1	835.46680	3.250758e-1
top05_strong_z5	avg_mono_p1	835.66747	1.576661e-1
top05_strong_z5	avg_mono_p1	835.86814	6.756979e-2
top05_strong_z5	avg_mono_p1	836.06882	2.602652e-2
top05_strong_z5	avg_mono_p1	836.26949	9.126206e-3
top05_strong_z5	avg_mono_p1	836.47016	2.942462e-3
top06_strong_z5	observed_composite	833.89313	4.005163e6
top06_strong_z5	observed_composite	833.91492	3.823651e6
top06_strong_z5	observed_composite	833.92664	5.160850e6
top06_strong_z5	observed_composite	833.99939	1.321073e7
top06_strong_z5	observed_composite	834.02313	2.898937e6
top06_strong_z5	observed_composite	834.06500	1.980577e6
top06_strong_z5	observed_composite	834.12561	4.900697e6
top06_strong_z5	observed_composite	834.15906	3.536989e6
top06_strong_z5	observed_composite	834.22675	1.043939e7
top06_strong_z5	observed_composite	834.26312	3.588502e7
top06_strong_z5	observed_composite	834.26532	6.034485e7
top06_strong_z5	observed_composite	834.29742	1.527016e6
top06_strong_z5	observed_composite	834.33002	1.762768e6
top06_strong_z5	observed_composite	834.36399	3.703026e8
top06_strong_z5	observed_composite	834.40411	2.425727e6
top06_strong_z5	observed_composite	834.43011	1.670992e7
top06_strong_z5	observed_composite	834.46440	8.121244e8
top06_strong_z5	observed_composite	834.50531	3.669407e6
top06_strong_z5	observed_composite	834.56390	1.303576e9
top06_strong_z5	observed_composite	834.66437	1.533260e9
top06_strong_z5	observed_composite	834.71411	2.142711e6
top06_strong_z5	observed_composite	834.76440	1.493017e9
top06_strong_z5	observed_composite	834.81573	6.347848e6
top06_strong_z5	observed_composite	834.86377	1.417088e9
top06_strong_z5	observed_composite	834.90710	5.670576e6
top06_strong_z5	observed_composite	834.92438	1.813864e7
top06_strong_z5	observed_composite	834.96478	9.227437e8
top06_strong_z5	observed_composite	835.00787	3.778429e6
top06_strong_z5	observed_composite	835.06366	5.867668e8
top06_strong_z5	observed_composite	835.10120	2.552559e7
top06_strong_z5	observed_composite	835.10529	3.122590e6
top06_strong_z5	observed_composite	835.12189	6.760529e6
top06_strong_z5	observed_composite	835.16541	3.501814e8
top06_strong_z5	observed_composite	835.26493	2.035887e8
top06_strong_z5	observed_composite	835.30054	1.354589e6
top06_strong_z5	observed_composite	835.31653	5.365852e6
top06_strong_z5	observed_composite	835.32410	2.070242e6
top06_strong_z5	observed_composite	835.36377	1.555953e8
top06_strong_z5	observed_composite	835.43024	2.765820e6
top06_strong_z5	observed_composite	835.46509	4.263273e7
top06_strong_z5	observed_composite	835.56830	4.921628e7
top06_strong_z5	observed_composite	835.60901	4.088960e6
top06_strong_z5	observed_composite	835.66656	3.179043e7
top06_strong_z5	observed_composite	835.75903	2.373562e6
top06_strong_z5	observed_composite	835.81055	1.600280e6
top06_strong_z5	observed_composite	835.86499	4.755370e6
top06_strong_z5	observed_apex	833.89313	1.669176e7
top06_strong_z5	observed_apex	833.91492	1.593530e7
top06_strong_z5	observed_apex	834.22675	1.450227e7
top06_strong_z5	observed_apex	834.26312	1.495531e8
top06_strong_z5	observed_apex	834.36346	4.906500e8
top06_strong_z5	observed_apex	834.42957	2.169522e7
top06_strong_z5	observed_apex	834.46423	1.063810e9
top06_strong_z5	observed_apex	834.50531	1.529248e7
top06_strong_z5	observed_apex	834.56384	1.795426e9
top06_strong_z5	observed_apex	834.66412	2.384584e9
top06_strong_z5	observed_apex	834.76447	2.059487e9
top06_strong_z5	observed_apex	834.81573	2.645505e7
top06_strong_z5	observed_apex	834.86469	1.377669e9
top06_strong_z5	observed_apex	834.90710	2.363248e7
top06_strong_z5	observed_apex	834.96497	1.180078e9
top06_strong_z5	observed_apex	835.00787	1.574684e7
top06_strong_z5	observed_apex	835.06506	7.599503e8
top06_strong_z5	observed_apex	835.09674	1.269290e7
top06_strong_z5	observed_apex	835.12189	2.817493e7
top06_strong_z5	observed_apex	835.16541	4.864675e8
top06_strong_z5	observed_apex	835.26544	2.264589e8
top06_strong_z5	observed_apex	835.36591	2.002044e8
top06_strong_z5	observed_apex	835.46509	5.922485e7
top06_strong_z5	observed_apex	835.56830	6.837063e7
top06_strong_z5	observed_apex	835.60901	1.704099e7
top06_strong_z5	observed_apex	835.66656	4.416286e7
top06_strong_z5	avg_mono	834.36312	3.650576e-1
top06_strong_z5	avg_mono	834.56379	8.240953e-1
top06_strong_z5	avg_mono	834.76446	1.000000e0
top06_strong_z5	avg_mono	834.96513	8.573227e-1
top06_strong_z5	avg_mono	835.16580	5.783688e-1
top06_strong_z5	avg_mono	835.36647	3.250758e-1
top06_strong_z5	avg_mono	835.56714	1.576661e-1
top06_strong_z5	avg_mono	835.76781	6.756979e-2
top06_strong_z5	avg_mono	835.96848	2.602652e-2
top06_strong_z5	avg_mono	836.16916	9.126206e-3
top06_strong_z5	avg_mono	836.36983	2.942462e-3
top06_strong_z5	avg_mono_m1	834.16245	3.650576e-1
top06_strong_z5	avg_mono_m1	834.36312	8.240953e-1
top06_strong_z5	avg_mono_m1	834.56379	1.000000e0
top06_strong_z5	avg_mono_m1	834.76446	8.573227e-1
top06_strong_z5	avg_mono_m1	834.96513	5.783688e-1
top06_strong_z5	avg_mono_m1	835.16580	3.250758e-1
top06_strong_z5	avg_mono_m1	835.36647	1.576661e-1
top06_strong_z5	avg_mono_m1	835.56714	6.756979e-2
top06_strong_z5	avg_mono_m1	835.76781	2.602652e-2
top06_strong_z5	avg_mono_m1	835.96848	9.126206e-3
top06_strong_z5	avg_mono_m1	836.16916	2.942462e-3
top06_strong_z5	avg_mono_p1	834.56379	3.650576e-1
top06_strong_z5	avg_mono_p1	834.76446	8.240953e-1
top06_strong_z5	avg_mono_p1	834.96513	1.000000e0
top06_strong_z5	avg_mono_p1	835.16580	8.573227e-1
top06_strong_z5	avg_mono_p1	835.36647	5.783688e-1
top06_strong_z5	avg_mono_p1	835.56714	3.250758e-1
top06_strong_z5	avg_mono_p1	835.76781	1.576661e-1
top06_strong_z5	avg_mono_p1	835.96848	6.756979e-2
top06_strong_z5	avg_mono_p1	836.16916	2.602652e-2
top06_strong_z5	avg_mono_p1	836.36983	9.126206e-3
top06_strong_z5	avg_mono_p1	836.57050	2.942462e-3
top07_strong_z5	observed_composite	1039.30542	8.598960e6
top07_strong_z5	observed_composite	1039.33423	1.186975e7
top07_strong_z5	observed_composite	1039.33777	1.619047e8
top07_strong_z5	observed_composite	1039.40259	8.754299e7
top07_strong_z5	observed_composite	1039.40649	1.827797e7
top07_strong_z5	observed_composite	1039.43848	9.441646e6
top07_strong_z5	observed_composite	1039.45850	1.155803e7
top07_strong_z5	observed_composite	1039.47095	1.037447e8
top07_strong_z5	observed_composite	1039.53455	2.258769e7
top07_strong_z5	observed_composite	1039.54810	7.351689e6
top07_strong_z5	observed_composite	1039.56641	6.493404e6
top07_strong_z5	observed_composite	1039.57544	4.953744e6
top07_strong_z5	observed_composite	1039.58813	5.824702e6
top07_strong_z5	observed_composite	1039.60413	1.821232e7
top07_strong_z5	observed_composite	1039.65613	5.764243e6
top07_strong_z5	observed_composite	1039.67920	1.082887e7
top07_strong_z5	observed_composite	1039.70007	3.816184e6
top07_strong_z5	observed_composite	1039.73682	4.203821e7
top07_strong_z5	observed_composite	1039.80103	1.158668e7
top07_strong_z5	observed_composite	1039.82947	9.187308e6
top07_strong_z5	observed_composite	1039.86475	1.361889e7
top07_strong_z5	observed_composite	1039.86902	1.864543e7
top07_strong_z5	observed_composite	1039.94653	4.625958e7
top07_strong_z5	observed_composite	1040.00037	1.388395e8
top07_strong_z5	observed_composite	1040.03809	4.437241e6
top07_strong_z5	observed_composite	1040.07043	2.208034e8
top07_strong_z5	observed_composite	1040.13489	9.963583e7
top07_strong_z5	observed_composite	1040.13611	4.679248e8
top07_strong_z5	observed_composite	1040.20292	7.085311e8
top07_strong_z5	observed_composite	1040.26978	7.914850e8
top07_strong_z5	observed_composite	1040.33679	9.707690e8
top07_strong_z5	observed_composite	1040.40295	9.204175e8
top07_strong_z5	observed_composite	1040.46960	9.328332e8
top07_strong_z5	observed_composite	1040.53674	6.550848e8
top07_strong_z5	observed_composite	1040.60400	6.611628e8
top07_strong_z5	observed_composite	1040.67004	5.836902e8
top07_strong_z5	observed_composite	1040.73657	4.802839e8
top07_strong_z5	observed_composite	1040.80383	2.480071e8
top07_strong_z5	observed_composite	1040.80725	4.200867e7
top07_strong_z5	observed_composite	1040.87000	1.864019e8
top07_strong_z5	observed_composite	1040.93298	7.564996e7
top07_strong_z5	observed_composite	1040.93799	7.884355e6
top07_strong_z5	observed_composite	1041.00269	7.568600e7
top07_strong_z5	observed_composite	1041.06982	6.107466e7
top07_strong_z5	observed_composite	1041.08447	6.241551e6
top07_strong_z5	observed_composite	1041.13342	4.614916e7
top07_strong_z5	observed_composite	1041.20300	1.307796e8
top07_strong_z5	observed_composite	1041.21960	7.438804e6
top07_strong_z5	observed_composite	1041.25964	3.779467e6
top07_strong_z5	observed_composite	1041.26892	8.158975e7
top07_strong_z5	observed_apex	1039.33423	4.083954e7
top07_strong_z5	observed_apex	1039.40649	6.288790e7
top07_strong_z5	observed_apex	1039.46704	9.605041e7
top07_strong_z5	observed_apex	1039.53455	7.771611e7
top07_strong_z5	observed_apex	1039.56641	2.234147e7
top07_strong_z5	observed_apex	1039.86902	6.415221e7
top07_strong_z5	observed_apex	1040.00232	1.104411e8
top07_strong_z5	observed_apex	1040.06860	2.430594e8
top07_strong_z5	observed_apex	1040.13489	3.428110e8
top07_strong_z5	observed_apex	1040.20276	8.893190e8
top07_strong_z5	observed_apex	1040.26953	7.817834e8
top07_strong_z5	observed_apex	1040.33557	9.281827e8
top07_strong_z5	observed_apex	1040.40295	1.055609e9
top07_strong_z5	observed_apex	1040.47021	6.217366e8
top07_strong_z5	observed_apex	1040.53674	7.513037e8
top07_strong_z5	observed_apex	1040.60339	6.630440e8
top07_strong_z5	observed_apex	1040.67004	6.694227e8
top07_strong_z5	observed_apex	1040.73657	5.508281e8
top07_strong_z5	observed_apex	1040.80383	2.844344e8
top07_strong_z5	observed_apex	1040.87109	1.260188e8
top07_strong_z5	observed_apex	1040.92798	4.060141e7
top07_strong_z5	observed_apex	1041.00305	1.529608e8
top07_strong_z5	observed_apex	1041.06982	7.004531e7
top07_strong_z5	observed_apex	1041.13342	5.292756e7
top07_strong_z5	observed_apex	1041.20300	1.499886e8
top07_strong_z5	observed_apex	1041.26892	9.357366e7
top07_strong_z5	avg_mono	1039.80094	2.340707e-1
top07_strong_z5	avg_mono	1040.00161	6.557187e-1
top07_strong_z5	avg_mono	1040.20228	9.693271e-1
top07_strong_z5	avg_mono	1040.40295	1.000000e0
top07_strong_z5	avg_mono	1040.60362	8.048988e-1
top07_strong_z5	avg_mono	1040.80429	5.365062e-1
top07_strong_z5	avg_mono	1041.00496	3.072513e-1
top07_strong_z5	avg_mono	1041.20563	1.549915e-1
top07_strong_z5	avg_mono	1041.40630	7.011088e-2
top07_strong_z5	avg_mono	1041.60698	2.882490e-2
top07_strong_z5	avg_mono	1041.80765	1.088430e-2
top07_strong_z5	avg_mono	1042.00832	3.806400e-3
top07_strong_z5	avg_mono	1042.20899	1.241149e-3
top07_strong_z5	avg_mono_m1	1039.60027	2.340707e-1
top07_strong_z5	avg_mono_m1	1039.80094	6.557187e-1
top07_strong_z5	avg_mono_m1	1040.00161	9.693271e-1
top07_strong_z5	avg_mono_m1	1040.20228	1.000000e0
top07_strong_z5	avg_mono_m1	1040.40295	8.048988e-1
top07_strong_z5	avg_mono_m1	1040.60362	5.365062e-1
top07_strong_z5	avg_mono_m1	1040.80429	3.072513e-1
top07_strong_z5	avg_mono_m1	1041.00496	1.549915e-1
top07_strong_z5	avg_mono_m1	1041.20563	7.011088e-2
top07_strong_z5	avg_mono_m1	1041.40630	2.882490e-2
top07_strong_z5	avg_mono_m1	1041.60698	1.088430e-2
top07_strong_z5	avg_mono_m1	1041.80765	3.806400e-3
top07_strong_z5	avg_mono_m1	1042.00832	1.241149e-3
top07_strong_z5	avg_mono_p1	1040.00161	2.283413e-1
top07_strong_z5	avg_mono_p1	1040.20228	6.455471e-1
top07_strong_z5	avg_mono_p1	1040.40295	9.621162e-1
top07_strong_z5	avg_mono_p1	1040.60362	1.000000e0
top07_strong_z5	avg_mono_p1	1040.80429	8.105085e-1
top07_strong_z5	avg_mono_p1	1041.00496	5.437918e-1
top07_strong_z5	avg_mono_p1	1041.20563	3.133684e-1
top07_strong_z5	avg_mono_p1	1041.40630	1.590234e-1
top07_strong_z5	avg_mono_p1	1041.60698	7.234987e-2
top07_strong_z5	avg_mono_p1	1041.80765	2.991171e-2
top07_strong_z5	avg_mono_p1	1042.00832	1.135608e-2
top07_strong_z5	avg_mono_p1	1042.20899	3.992485e-3
top07_strong_z5	avg_mono_p1	1042.40966	1.308628e-3
top08_strong_z5	observed_composite	1039.43848	1.064014e7
top08_strong_z5	observed_composite	1039.46704	3.141690e7
top08_strong_z5	observed_composite	1039.47095	1.169138e8
top08_strong_z5	observed_composite	1039.53455	7.625994e7
top08_strong_z5	observed_composite	1039.54810	8.284891e6
top08_strong_z5	observed_composite	1039.56641	7.307617e6
top08_strong_z5	observed_composite	1039.58813	6.564073e6
top08_strong_z5	observed_composite	1039.65100	7.126302e6
top08_strong_z5	observed_composite	1039.67920	3.661036e7
top08_strong_z5	observed_composite	1039.73682	1.421233e8
top08_strong_z5	observed_composite	1039.80127	3.720218e7
top08_strong_z5	observed_composite	1039.86902	2.098340e7
top08_strong_z5	observed_composite	1039.94653	5.213164e7
top08_strong_z5	observed_composite	1040.00391	1.331522e8
top08_strong_z5	observed_composite	1040.05676	1.488364e7
top08_strong_z5	observed_composite	1040.07043	2.488316e8
top08_strong_z5	observed_composite	1040.07910	2.886386e7
top08_strong_z5	observed_composite	1040.13611	5.273218e8
top08_strong_z5	observed_composite	1040.20276	8.726557e8
top08_strong_z5	observed_composite	1040.26990	1.127336e9
top08_strong_z5	observed_composite	1040.33679	1.093996e9
top08_strong_z5	observed_composite	1040.40352	8.347739e8
top08_strong_z5	observed_composite	1040.47021	9.135925e8
top08_strong_z5	observed_composite	1040.53703	8.212962e8
top08_strong_z5	observed_composite	1040.60376	7.762023e8
top08_strong_z5	observed_composite	1040.67004	6.568797e8
top08_strong_z5	observed_composite	1040.73657	5.405072e8
top08_strong_z5	observed_composite	1040.80501	1.955651e8
top08_strong_z5	observed_composite	1040.87073	1.407980e8
top08_strong_z5	observed_composite	1040.92798	3.984066e7
top08_strong_z5	observed_composite	1040.93298	2.841758e7
top08_strong_z5	observed_composite	1041.00305	1.500947e8
top08_strong_z5	observed_composite	1041.06982	6.873287e7
top08_strong_z5	observed_composite	1041.08447	7.033835e6
top08_strong_z5	observed_composite	1041.13538	6.805688e7
top08_strong_z5	observed_composite	1041.20300	4.905940e7
top08_strong_z5	observed_composite	1041.21960	8.383065e6
top08_strong_z5	observed_composite	1041.26843	9.394329e6
top08_strong_z5	observed_composite	1041.26892	3.060679e7
top08_strong_z5	observed_composite	1041.33610	8.551588e7
top08_strong_z5	observed_composite	1041.36938	2.796406e7
top08_strong_z5	observed_composite	1041.40332	1.156882e8
top08_strong_z5	observed_apex	1039.43848	3.469891e7
top08_strong_z5	observed_apex	1039.47095	1.270905e8
top08_strong_z5	observed_apex	1039.54810	2.701812e7
top08_strong_z5	observed_apex	1039.58813	2.140631e7
top08_strong_z5	observed_apex	1039.67920	3.979707e7
top08_strong_z5	observed_apex	1039.73682	1.544943e8
top08_strong_z5	observed_apex	1039.94653	5.666939e7
top08_strong_z5	observed_apex	1040.00391	1.447423e8
top08_strong_z5	observed_apex	1040.07043	2.704909e8
top08_strong_z5	observed_apex	1040.13611	5.732220e8
top08_strong_z5	observed_apex	1040.20276	8.441142e8
top08_strong_z5	observed_apex	1040.26990	1.225464e9
top08_strong_z5	observed_apex	1040.33679	1.189221e9
top08_strong_z5	observed_apex	1040.40442	8.000858e8
top08_strong_z5	observed_apex	1040.46997	8.045763e8
top08_strong_z5	observed_apex	1040.53687	7.797867e8
top08_strong_z5	observed_apex	1040.60400	8.099444e8
top08_strong_z5	observed_apex	1040.67102	3.570186e8
top08_strong_z5	observed_apex	1040.73682	4.966043e8
top08_strong_z5	observed_apex	1040.80725	1.543857e8
top08_strong_z5	observed_apex	1040.87073	2.023412e8
top08_strong_z5	observed_apex	1040.93298	9.267349e7
top08_strong_z5	observed_apex	1041.00305	4.749380e7
top08_strong_z5	observed_apex	1041.08447	2.293827e7
top08_strong_z5	observed_apex	1041.21960	2.733828e7
top08_strong_z5	observed_apex	1041.26843	3.063615e7
top08_strong_z5	observed_apex	1041.33545	1.691751e8
top08_strong_z5	observed_apex	1041.36938	3.039817e7
top08_strong_z5	observed_apex	1041.40515	1.076013e8
top08_strong_z5	avg_mono	1039.93546	2.283413e-1
top08_strong_z5	avg_mono	1040.13613	6.455471e-1
top08_strong_z5	avg_mono	1040.33680	9.621162e-1
top08_strong_z5	avg_mono	1040.53747	1.000000e0
top08_strong_z5	avg_mono	1040.73814	8.105085e-1
top08_strong_z5	avg_mono	1040.93881	5.437918e-1
top08_strong_z5	avg_mono	1041.13948	3.133684e-1
top08_strong_z5	avg_mono	1041.34015	1.590234e-1
top08_strong_z5	avg_mono	1041.54082	7.234987e-2
top08_strong_z5	avg_mono	1041.74150	2.991171e-2
top08_strong_z5	avg_mono	1041.94217	1.135608e-2
top08_strong_z5	avg_mono	1042.14284	3.992485e-3
top08_strong_z5	avg_mono	1042.34351	1.308628e-3
top08_strong_z5	avg_mono_m1	1039.73479	2.340707e-1
top08_strong_z5	avg_mono_m1	1039.93546	6.557187e-1
top08_strong_z5	avg_mono_m1	1040.13613	9.693271e-1
top08_strong_z5	avg_mono_m1	1040.33680	1.000000e0
top08_strong_z5	avg_mono_m1	1040.53747	8.048988e-1
top08_strong_z5	avg_mono_m1	1040.73814	5.365062e-1
top08_strong_z5	avg_mono_m1	1040.93881	3.072513e-1
top08_strong_z5	avg_mono_m1	1041.13948	1.549915e-1
top08_strong_z5	avg_mono_m1	1041.34015	7.011088e-2
top08_strong_z5	avg_mono_m1	1041.54082	2.882490e-2
top08_strong_z5	avg_mono_m1	1041.74150	1.088430e-2
top08_strong_z5	avg_mono_m1	1041.94217	3.806400e-3
top08_strong_z5	avg_mono_m1	1042.14284	1.241149e-3
top08_strong_z5	avg_mono_p1	1040.13613	2.283413e-1
top08_strong_z5	avg_mono_p1	1040.33680	6.455471e-1
top08_strong_z5	avg_mono_p1	1040.53747	9.621162e-1
top08_strong_z5	avg_mono_p1	1040.73814	1.000000e0
top08_strong_z5	avg_mono_p1	1040.93881	8.105085e-1
top08_strong_z5	avg_mono_p1	1041.13948	5.437918e-1
top08_strong_z5	avg_mono_p1	1041.34015	3.133684e-1
top08_strong_z5	avg_mono_p1	1041.54082	1.590234e-1
top08_strong_z5	avg_mono_p1	1041.74150	7.234987e-2
top08_strong_z5	avg_mono_p1	1041.94217	2.991171e-2
top08_strong_z5	avg_mono_p1	1042.14284	1.135608e-2
top08_strong_z5	avg_mono_p1	1042.34351	3.992485e-3
top08_strong_z5	avg_mono_p1	1042.54418	1.308628e-3
top09_strong_z5	observed_composite	1039.38135	1.326104e7
top09_strong_z5	observed_composite	1039.40076	2.869126e7
top09_strong_z5	observed_composite	1039.40137	5.281308e7
top09_strong_z5	observed_composite	1039.43848	3.006865e7
top09_strong_z5	observed_composite	1039.47095	3.671046e7
top09_strong_z5	observed_composite	1039.47229	1.717164e8
top09_strong_z5	observed_composite	1039.52917	1.132928e7
top09_strong_z5	observed_composite	1039.53308	2.463349e7
top09_strong_z5	observed_composite	1039.54810	7.804266e6
top09_strong_z5	observed_composite	1039.58813	6.183276e6
top09_strong_z5	observed_composite	1039.60791	4.100297e7
top09_strong_z5	observed_composite	1039.65100	6.633110e6
top09_strong_z5	observed_composite	1039.67920	1.149550e7
top09_strong_z5	observed_composite	1039.68140	7.590581e6
top09_strong_z5	observed_composite	1039.73682	1.338784e8
top09_strong_z5	observed_composite	1039.74353	1.354699e7
top09_strong_z5	observed_composite	1039.80127	3.462752e7
top09_strong_z5	observed_composite	1039.87378	1.220574e7
top09_strong_z5	observed_composite	1039.93518	5.609447e7
top09_strong_z5	observed_composite	1039.94653	4.910737e7
top09_strong_z5	observed_composite	1040.00537	1.347903e8
top09_strong_z5	observed_composite	1040.05676	1.385359e7
top09_strong_z5	observed_composite	1040.07007	2.721713e8
top09_strong_z5	observed_composite	1040.07910	2.686627e7
top09_strong_z5	observed_composite	1040.13611	4.967307e8
top09_strong_z5	observed_composite	1040.20276	7.314747e8
top09_strong_z5	observed_composite	1040.26990	1.061937e9
top09_strong_z5	observed_composite	1040.27148	1.993110e8
top09_strong_z5	observed_composite	1040.33679	1.030530e9
top09_strong_z5	observed_composite	1040.40381	7.375263e8
top09_strong_z5	observed_composite	1040.47046	1.294304e9
top09_strong_z5	observed_composite	1040.53772	9.770956e8
top09_strong_z5	observed_composite	1040.60376	7.224835e8
top09_strong_z5	observed_composite	1040.67074	3.375849e8
top09_strong_z5	observed_composite	1040.73755	4.717351e8
top09_strong_z5	observed_composite	1040.80566	1.954116e8
top09_strong_z5	observed_composite	1040.87069	1.322617e8
top09_strong_z5	observed_composite	1040.89819	9.546285e6
top09_strong_z5	observed_composite	1040.92834	9.274683e6
top09_strong_z5	observed_composite	1040.93872	1.788420e8
top09_strong_z5	observed_composite	1041.00635	8.411580e7
top09_strong_z5	observed_composite	1041.07471	5.484316e7
top09_strong_z5	observed_composite	1041.08447	6.625787e6
top09_strong_z5	observed_composite	1041.13330	8.030024e7
top09_strong_z5	observed_composite	1041.20422	1.380678e7
top09_strong_z5	observed_composite	1041.21960	7.896744e6
top09_strong_z5	observed_composite	1041.26843	2.654803e7
top09_strong_z5	observed_composite	1041.33044	7.961687e6
top09_strong_z5	observed_composite	1041.33545	1.466002e8
top09_strong_z5	observed_composite	1041.36938	8.780602e6
top09_strong_z5	observed_apex	1039.40076	8.265858e7
top09_strong_z5	observed_apex	1039.47168	5.658516e7
top09_strong_z5	observed_apex	1039.52917	3.263929e7
top09_strong_z5	observed_apex	1039.65100	1.910977e7
top09_strong_z5	observed_apex	1039.68140	2.186821e7
top09_strong_z5	observed_apex	1039.73450	6.640068e7
top09_strong_z5	observed_apex	1039.80127	9.976074e7
top09_strong_z5	observed_apex	1039.94165	4.496714e7
top09_strong_z5	observed_apex	1040.00342	5.005135e7
top09_strong_z5	observed_apex	1040.05676	3.991172e7
top09_strong_z5	observed_apex	1040.07910	7.740086e7
top09_strong_z5	observed_apex	1040.13611	2.011454e8
top09_strong_z5	observed_apex	1040.20276	6.583789e8
top09_strong_z5	observed_apex	1040.26978	8.220463e8
top09_strong_z5	observed_apex	1040.33643	9.451459e8
top09_strong_z5	observed_apex	1040.40320	6.547286e8
top09_strong_z5	observed_apex	1040.47046	1.242949e9
top09_strong_z5	observed_apex	1040.53748	9.021885e8
top09_strong_z5	observed_apex	1040.60376	6.938171e8
top09_strong_z5	observed_apex	1040.67065	3.897485e8
top09_strong_z5	observed_apex	1040.73755	4.530178e8
top09_strong_z5	observed_apex	1040.80396	1.479940e8
top09_strong_z5	observed_apex	1040.87036	1.006465e8
top09_strong_z5	observed_apex	1040.92834	2.672006e7
top09_strong_z5	observed_apex	1041.07471	5.266711e7
top09_strong_z5	observed_apex	1041.13538	6.083340e7
top09_strong_z5	observed_apex	1041.33777	4.115668e7
top09_strong_z5	avg_mono	1039.86844	2.340707e-1
top09_strong_z5	avg_mono	1040.06911	6.557187e-1
top09_strong_z5	avg_mono	1040.26978	9.693271e-1
top09_strong_z5	avg_mono	1040.47045	1.000000e0
top09_strong_z5	avg_mono	1040.67112	8.048988e-1
top09_strong_z5	avg_mono	1040.87179	5.365062e-1
top09_strong_z5	avg_mono	1041.07246	3.072513e-1
top09_strong_z5	avg_mono	1041.27313	1.549915e-1
top09_strong_z5	avg_mono	1041.47380	7.011088e-2
top09_strong_z5	avg_mono	1041.67448	2.882490e-2
top09_strong_z5	avg_mono	1041.87515	1.088430e-2
top09_strong_z5	avg_mono	1042.07582	3.806400e-3
top09_strong_z5	avg_mono	1042.27649	1.241149e-3
top09_strong_z5	avg_mono_m1	1039.66777	2.340707e-1
top09_strong_z5	avg_mono_m1	1039.86844	6.557187e-1
top09_strong_z5	avg_mono_m1	1040.06911	9.693271e-1
top09_strong_z5	avg_mono_m1	1040.26978	1.000000e0
top09_strong_z5	avg_mono_m1	1040.47045	8.048988e-1
top09_strong_z5	avg_mono_m1	1040.67112	5.365062e-1
top09_strong_z5	avg_mono_m1	1040.87179	3.072513e-1
top09_strong_z5	avg_mono_m1	1041.07246	1.549915e-1
top09_strong_z5	avg_mono_m1	1041.27313	7.011088e-2
top09_strong_z5	avg_mono_m1	1041.47380	2.882490e-2
top09_strong_z5	avg_mono_m1	1041.67448	1.088430e-2
top09_strong_z5	avg_mono_m1	1041.87515	3.806400e-3
top09_strong_z5	avg_mono_m1	1042.07582	1.241149e-3
top09_strong_z5	avg_mono_p1	1040.06911	2.283413e-1
top09_strong_z5	avg_mono_p1	1040.26978	6.455471e-1
top09_strong_z5	avg_mono_p1	1040.47045	9.621162e-1
top09_strong_z5	avg_mono_p1	1040.67112	1.000000e0
top09_strong_z5	avg_mono_p1	1040.87179	8.105085e-1
top09_strong_z5	avg_mono_p1	1041.07246	5.437918e-1
top09_strong_z5	avg_mono_p1	1041.27313	3.133684e-1
top09_strong_z5	avg_mono_p1	1041.47380	1.590234e-1
top09_strong_z5	avg_mono_p1	1041.67448	7.234987e-2
top09_strong_z5	avg_mono_p1	1041.87515	2.991171e-2
top09_strong_z5	avg_mono_p1	1042.07582	1.135608e-2
top09_strong_z5	avg_mono_p1	1042.27649	3.992485e-3
top09_strong_z5	avg_mono_p1	1042.47716	1.308628e-3
top10_strong_z2	observed_composite	823.05774	6.894328e6
top10_strong_z2	observed_composite	823.24200	6.035713e5
top10_strong_z2	observed_composite	823.29352	1.147735e6
top10_strong_z2	observed_composite	823.30652	1.736183e6
top10_strong_z2	observed_composite	823.33160	1.230530e7
top10_strong_z2	observed_composite	823.34473	3.086268e7
top10_strong_z2	observed_composite	823.35370	5.550633e6
top10_strong_z2	observed_composite	823.39069	4.991601e9
top10_strong_z2	observed_composite	823.42761	2.224764e7
top10_strong_z2	observed_composite	823.43597	3.384979e7
top10_strong_z2	observed_composite	823.45020	1.399785e7
top10_strong_z2	observed_composite	823.46326	2.713266e6
top10_strong_z2	observed_composite	823.48804	1.821960e6
top10_strong_z2	observed_composite	823.51331	7.219463e5
top10_strong_z2	observed_composite	823.54205	4.519606e5
top10_strong_z2	observed_composite	823.55060	4.825972e5
top10_strong_z2	observed_composite	824.33441	1.678559e6
top10_strong_z2	observed_composite	824.34735	2.828140e6
top10_strong_z2	observed_composite	824.34790	4.298671e6
top10_strong_z2	observed_composite	824.39386	2.066622e9
top10_strong_z2	observed_composite	824.43060	2.721727e6
top10_strong_z2	observed_composite	824.43988	1.250307e7
top10_strong_z2	observed_composite	824.68811	6.877435e5
top10_strong_z2	observed_composite	825.39655	5.692570e8
top10_strong_z2	observed_composite	826.39954	1.165143e8
top10_strong_z2	observed_apex	823.30652	8.018693e6
top10_strong_z2	observed_apex	823.33252	1.596455e7
top10_strong_z2	observed_apex	823.34473	4.751387e7
top10_strong_z2	observed_apex	823.35370	2.563602e7
top10_strong_z2	observed_apex	823.39069	7.545898e9
top10_strong_z2	observed_apex	823.42755	3.059201e7
top10_strong_z2	observed_apex	823.43628	5.020428e7
top10_strong_z2	observed_apex	823.44934	1.502257e7
top10_strong_z2	observed_apex	823.48804	8.414857e6
top10_strong_z2	observed_apex	824.34790	1.985374e7
top10_strong_z2	observed_apex	824.39386	3.242588e9
top10_strong_z2	observed_apex	824.44049	1.852245e7
top10_strong_z2	observed_apex	825.39667	8.854286e8
top10_strong_z2	observed_apex	826.39917	1.587647e8
top10_strong_z2	avg_mono	823.39068	1.000000e0
top10_strong_z2	avg_mono	823.89235	8.805749e-1
top10_strong_z2	avg_mono	824.39403	4.712243e-1
top10_strong_z2	avg_mono	824.89571	1.870066e-1
top10_strong_z2	avg_mono	825.39739	5.968504e-2
top10_strong_z2	avg_mono	825.89906	1.601761e-2
top10_strong_z2	avg_mono	826.40074	3.722191e-3
top10_strong_z2	avg_mono_m1	822.88900	1.000000e0
top10_strong_z2	avg_mono_m1	823.39068	8.805749e-1
top10_strong_z2	avg_mono_m1	823.89235	4.712243e-1
top10_strong_z2	avg_mono_m1	824.39403	1.870066e-1
top10_strong_z2	avg_mono_m1	824.89571	5.968504e-2
top10_strong_z2	avg_mono_m1	825.39739	1.601761e-2
top10_strong_z2	avg_mono_m1	825.89906	3.722191e-3
top10_strong_z2	avg_mono_p1	823.89235	1.000000e0
top10_strong_z2	avg_mono_p1	824.39403	8.805749e-1
top10_strong_z2	avg_mono_p1	824.89571	4.712243e-1
top10_strong_z2	avg_mono_p1	825.39739	1.870066e-1
top10_strong_z2	avg_mono_p1	825.89906	5.968504e-2
top10_strong_z2	avg_mono_p1	826.40074	1.601761e-2
top10_strong_z2	avg_mono_p1	826.90242	3.722191e-3
top11_strong_z2	observed_composite	873.73627	4.072100e7
top11_strong_z2	observed_composite	874.07056	2.915430e7
top11_strong_z2	observed_composite	874.40454	1.349731e7
top11_strong_z2	observed_composite	874.43408	1.010510e7
top11_strong_z2	observed_composite	874.49567	1.403413e9
top11_strong_z2	observed_composite	874.49652	2.936263e8
top11_strong_z2	observed_composite	874.66986	1.165888e7
top11_strong_z2	observed_composite	874.73853	6.802112e6
top11_strong_z2	observed_composite	874.91486	5.042204e6
top11_strong_z2	observed_composite	874.91833	3.161282e7
top11_strong_z2	observed_composite	875.07318	1.691098e6
top11_strong_z2	observed_composite	875.16821	4.141468e7
top11_strong_z2	observed_composite	875.41522	1.300410e7
top11_strong_z2	observed_composite	875.41833	1.226986e8
top11_strong_z2	observed_composite	875.49872	6.170944e8
top11_strong_z2	observed_composite	875.66809	3.881301e7
top11_strong_z2	observed_composite	875.91919	1.752895e7
top11_strong_z2	observed_composite	876.16815	7.626719e6
top11_strong_z2	observed_composite	876.41815	4.731561e6
top11_strong_z2	observed_composite	876.50128	1.689925e8
top11_strong_z2	observed_composite	876.67249	2.665157e6
top11_strong_z2	observed_composite	876.92017	2.194717e6
top11_strong_z2	observed_composite	877.41406	1.918152e6
top11_strong_z2	observed_composite	877.50403	3.626253e7
top11_strong_z2	observed_apex	874.49585	2.131295e9
top11_strong_z2	observed_apex	875.16699	2.223328e7
top11_strong_z2	observed_apex	875.41974	8.238138e7
top11_strong_z2	observed_apex	875.49902	9.115324e8
top11_strong_z2	observed_apex	875.66858	3.121799e7
top11_strong_z2	observed_apex	876.50189	2.382747e8
top11_strong_z2	observed_apex	877.50403	5.556689e7
top11_strong_z2	avg_mono	874.49583	1.000000e0
top11_strong_z2	avg_mono	874.99750	9.399888e-1
top11_strong_z2	avg_mono	875.49918	5.291184e-1
top11_strong_z2	avg_mono	876.00086	2.201756e-1
top11_strong_z2	avg_mono	876.50254	7.366416e-2
top11_strong_z2	avg_mono	877.00421	2.073923e-2
top11_strong_z2	avg_mono	877.50589	5.060783e-3
top11_strong_z2	avg_mono	878.00757	1.093057e-3
top11_strong_z2	avg_mono_m1	873.99415	1.000000e0
top11_strong_z2	avg_mono_m1	874.49583	9.399888e-1
top11_strong_z2	avg_mono_m1	874.99750	5.291184e-1
top11_strong_z2	avg_mono_m1	875.49918	2.201756e-1
top11_strong_z2	avg_mono_m1	876.00086	7.366416e-2
top11_strong_z2	avg_mono_m1	876.50254	2.073923e-2
top11_strong_z2	avg_mono_m1	877.00421	5.060783e-3
top11_strong_z2	avg_mono_m1	877.50589	1.093057e-3
top11_strong_z2	avg_mono_p1	874.99750	1.000000e0
top11_strong_z2	avg_mono_p1	875.49918	9.399888e-1
top11_strong_z2	avg_mono_p1	876.00086	5.291184e-1
top11_strong_z2	avg_mono_p1	876.50254	2.201756e-1
top11_strong_z2	avg_mono_p1	877.00421	7.366416e-2
top11_strong_z2	avg_mono_p1	877.50589	2.073923e-2
top11_strong_z2	avg_mono_p1	878.00757	5.060783e-3
top11_strong_z2	avg_mono_p1	878.50925	1.093057e-3
