case	scan_offset	one_based_scan	rt	mz	intensity
ref_LVQFHFHWGSSDDQGSEHTV_z5	-1	5224	12.8121	542.85852	1.301769e6
ref_LVQFHFHWGSSDDQGSEHTV_z5	-1	5224	12.8121	543.04895	1.063908e6
ref_LVQFHFHWGSSDDQGSEHTV_z5	-1	5224	12.8121	543.05908	7.017240e6
ref_LVQFHFHWGSSDDQGSEHTV_z5	-1	5224	12.8121	543.07208	2.945756e6
ref_LVQFHFHWGSSDDQGSEHTV_z5	-1	5224	12.8121	543.26288	1.224364e9
ref_LVQFHFHWGSSDDQGSEHTV_z5	-1	5224	12.8121	543.28790	3.734939e6
ref_LVQFHFHWGSSDDQGSEHTV_z5	-1	5224	12.8121	543.39636	1.714952e6
ref_LVQFHFHWGSSDDQGSEHTV_z5	-1	5224	12.8121	543.43097	3.974021e6
ref_LVQFHFHWGSSDDQGSEHTV_z5	-1	5224	12.8121	543.46283	1.775465e9
ref_LVQFHFHWGSSDDQGSEHTV_z5	-1	5224	12.8121	543.48798	6.737240e6
ref_LVQFHFHWGSSDDQGSEHTV_z5	-1	5224	12.8121	543.53473	1.384051e6
ref_LVQFHFHWGSSDDQGSEHTV_z5	-1	5224	12.8121	543.61084	1.733834e6
ref_LVQFHFHWGSSDDQGSEHTV_z5	-1	5224	12.8121	543.62305	1.397650e6
ref_LVQFHFHWGSSDDQGSEHTV_z5	-1	5224	12.8121	543.66266	1.447217e9
ref_LVQFHFHWGSSDDQGSEHTV_z5	-1	5224	12.8121	543.70209	2.330176e6
ref_LVQFHFHWGSSDDQGSEHTV_z5	-1	5224	12.8121	543.86285	7.564113e8
ref_LVQFHFHWGSSDDQGSEHTV_z5	-1	5224	12.8121	544.03131	1.782833e6
ref_LVQFHFHWGSSDDQGSEHTV_z5	-1	5224	12.8121	544.06329	3.168185e8
ref_LVQFHFHWGSSDDQGSEHTV_z5	-1	5224	12.8121	544.26416	1.092144e8
ref_LVQFHFHWGSSDDQGSEHTV_z5	-1	5224	12.8121	544.32098	6.494319e6
ref_LVQFHFHWGSSDDQGSEHTV_z5	-1	5224	12.8121	544.46448	3.263182e7
ref_LVQFHFHWGSSDDQGSEHTV_z5	-1	5224	12.8121	544.66534	8.321146e6
ref_LVQFHFHWGSSDDQGSEHTV_z5	0	5240	12.8287	542.85779	2.423918e6
ref_LVQFHFHWGSSDDQGSEHTV_z5	0	5240	12.8287	543.06329	8.172158e6
ref_LVQFHFHWGSSDDQGSEHTV_z5	0	5240	12.8287	543.23785	7.539706e6
ref_LVQFHFHWGSSDDQGSEHTV_z5	0	5240	12.8287	543.26239	1.252196e9
ref_LVQFHFHWGSSDDQGSEHTV_z5	0	5240	12.8287	543.38391	3.125422e6
ref_LVQFHFHWGSSDDQGSEHTV_z5	0	5240	12.8287	543.43097	4.767408e6
ref_LVQFHFHWGSSDDQGSEHTV_z5	0	5240	12.8287	543.43762	8.524692e6
ref_LVQFHFHWGSSDDQGSEHTV_z5	0	5240	12.8287	543.46265	1.955221e9
ref_LVQFHFHWGSSDDQGSEHTV_z5	0	5240	12.8287	543.62439	3.057728e6
ref_LVQFHFHWGSSDDQGSEHTV_z5	0	5240	12.8287	543.66290	1.478118e9
ref_LVQFHFHWGSSDDQGSEHTV_z5	0	5240	12.8287	543.76520	3.858930e6
ref_LVQFHFHWGSSDDQGSEHTV_z5	0	5240	12.8287	543.83789	3.262521e6
ref_LVQFHFHWGSSDDQGSEHTV_z5	0	5240	12.8287	543.86346	7.874227e8
ref_LVQFHFHWGSSDDQGSEHTV_z5	0	5240	12.8287	543.89447	2.895634e6
ref_LVQFHFHWGSSDDQGSEHTV_z5	0	5240	12.8287	544.06396	3.805286e8
ref_LVQFHFHWGSSDDQGSEHTV_z5	0	5240	12.8287	544.26471	1.214063e8
ref_LVQFHFHWGSSDDQGSEHTV_z5	0	5240	12.8287	544.46454	1.498470e7
ref_LVQFHFHWGSSDDQGSEHTV_z5	0	5240	12.8287	544.66620	8.411668e6
ref_LVQFHFHWGSSDDQGSEHTV_z5	1	5256	12.8448	542.85895	2.602718e6
ref_LVQFHFHWGSSDDQGSEHTV_z5	1	5256	12.8448	543.05951	4.224492e6
ref_LVQFHFHWGSSDDQGSEHTV_z5	1	5256	12.8448	543.18433	9.843860e5
ref_LVQFHFHWGSSDDQGSEHTV_z5	1	5256	12.8448	543.26227	5.027097e8
ref_LVQFHFHWGSSDDQGSEHTV_z5	1	5256	12.8448	543.28784	1.044378e6
ref_LVQFHFHWGSSDDQGSEHTV_z5	1	5256	12.8448	543.29340	1.500272e6
ref_LVQFHFHWGSSDDQGSEHTV_z5	1	5256	12.8448	543.46259	6.555293e8
ref_LVQFHFHWGSSDDQGSEHTV_z5	1	5256	12.8448	543.66290	5.598561e8
ref_LVQFHFHWGSSDDQGSEHTV_z5	1	5256	12.8448	543.68848	1.869232e6
ref_LVQFHFHWGSSDDQGSEHTV_z5	1	5256	12.8448	543.69342	1.308859e6
ref_LVQFHFHWGSSDDQGSEHTV_z5	1	5256	12.8448	543.86328	2.749738e8
ref_LVQFHFHWGSSDDQGSEHTV_z5	1	5256	12.8448	544.06384	1.076048e8
ref_LVQFHFHWGSSDDQGSEHTV_z5	1	5256	12.8448	544.26428	3.971888e7
ref_LVQFHFHWGSSDDQGSEHTV_z5	1	5256	12.8448	544.28229	3.430300e6
ref_LVQFHFHWGSSDDQGSEHTV_z5	1	5256	12.8448	544.29724	1.705310e6
ref_LVQFHFHWGSSDDQGSEHTV_z5	1	5256	12.8448	544.46515	1.535114e7
ref_LVQFHFHWGSSDDQGSEHTV_z5	1	5256	12.8448	544.66522	2.811318e6
ref_EPISVSSQQMLK_z2	-1	5613	13.2371	702.88049	1.658928e7
ref_EPISVSSQQMLK_z2	-1	5613	13.2371	703.35968	2.254778e8
ref_EPISVSSQQMLK_z2	-1	5613	13.2371	703.39569	5.356548e7
ref_EPISVSSQQMLK_z2	-1	5613	13.2371	703.86151	1.768560e8
ref_EPISVSSQQMLK_z2	-1	5613	13.2371	704.36206	6.188862e7
ref_EPISVSSQQMLK_z2	0	5620	13.2468	703.35956	6.769384e8
ref_EPISVSSQQMLK_z2	0	5620	13.2468	703.39563	5.127493e7
ref_EPISVSSQQMLK_z2	0	5620	13.2468	703.86108	3.913055e8
ref_EPISVSSQQMLK_z2	0	5620	13.2468	704.36212	2.029006e8
ref_EPISVSSQQMLK_z2	0	5620	13.2468	704.70807	3.140087e7
ref_EPISVSSQQMLK_z2	0	5620	13.2468	704.86261	6.520214e7
ref_EPISVSSQQMLK_z2	0	5620	13.2468	705.04315	2.921069e7
ref_EPISVSSQQMLK_z2	0	5620	13.2468	705.51929	1.026684e7
ref_EPISVSSQQMLK_z2	0	5620	13.2468	705.71082	1.433632e7
ref_EPISVSSQQMLK_z2	0	5620	13.2468	706.04535	1.089264e7
ref_EPISVSSQQMLK_z2	1	5623	13.2538	703.35992	6.436258e8
ref_EPISVSSQQMLK_z2	1	5623	13.2538	703.39526	5.433207e7
ref_EPISVSSQQMLK_z2	1	5623	13.2538	703.86133	4.956694e8
ref_EPISVSSQQMLK_z2	1	5623	13.2538	704.36237	2.345880e8
ref_EPISVSSQQMLK_z2	1	5623	13.2538	704.70874	3.752592e7
ref_EPISVSSQQMLK_z2	1	5623	13.2538	704.86304	7.297108e7
ref_EPISVSSQQMLK_z2	1	5623	13.2538	705.04279	2.836897e7
ref_EPISVSSQQMLK_z2	1	5623	13.2538	705.36389	1.953046e7
ref_EPISVSSQQMLK_z2	1	5623	13.2538	705.37738	2.209810e7
ref_EPISVSSQQMLK_z2	1	5623	13.2538	705.71130	6.648701e6
ref_EPISVSSQQMLK_z2	1	5623	13.2538	706.34338	6.092704e6
ref_DNPQTHYYAVAVVK_z2	-1	5485	13.0983	824.42377	1.923420e8
ref_DNPQTHYYAVAVVK_z2	-1	5485	13.0983	825.42694	9.101990e7
ref_DNPQTHYYAVAVVK_z2	-1	5485	13.0983	826.42963	2.761741e7
ref_DNPQTHYYAVAVVK_z2	0	5501	13.1147	824.42401	2.184287e8
ref_DNPQTHYYAVAVVK_z2	0	5501	13.1147	824.44763	2.695723e6
ref_DNPQTHYYAVAVVK_z2	0	5501	13.1147	825.42712	9.809670e7
ref_DNPQTHYYAVAVVK_z2	0	5501	13.1147	826.42981	1.814876e7
ref_DNPQTHYYAVAVVK_z2	0	5501	13.1147	827.43250	5.529712e6
ref_DNPQTHYYAVAVVK_z2	1	5509	13.1252	824.42444	9.045838e7
ref_DNPQTHYYAVAVVK_z2	1	5509	13.1252	825.42737	4.004268e7
ref_DNPQTHYYAVAVVK_z2	1	5509	13.1252	826.42969	9.322215e6
ref_DNPQTHYYAVAVVK_z2	1	5509	13.1252	827.43262	2.362038e6
ref_DNPQTHYYAVAVVK_z2	1	5509	13.1252	827.65033	1.061582e6
ref_DGPLTGTYRLVQFHFHWGSS_z5	-1	6950	14.6831	709.39130	8.577890e5
ref_DGPLTGTYRLVQFHFHWGSS_z5	-1	6950	14.6831	709.73822	9.945134e6
ref_DGPLTGTYRLVQFHFHWGSS_z5	-1	6950	14.6831	709.93884	1.585521e7
ref_DGPLTGTYRLVQFHFHWGSS_z5	-1	6950	14.6831	710.05579	7.440933e5
ref_DGPLTGTYRLVQFHFHWGSS_z5	-1	6950	14.6831	710.11389	6.666013e5
ref_DGPLTGTYRLVQFHFHWGSS_z5	-1	6950	14.6831	710.13947	2.153647e7
ref_DGPLTGTYRLVQFHFHWGSS_z5	-1	6950	14.6831	710.33997	1.690962e7
ref_DGPLTGTYRLVQFHFHWGSS_z5	-1	6950	14.6831	710.38910	9.211409e5
ref_DGPLTGTYRLVQFHFHWGSS_z5	-1	6950	14.6831	710.54041	9.370810e6
ref_DGPLTGTYRLVQFHFHWGSS_z5	-1	6950	14.6831	710.74072	4.281159e6
ref_DGPLTGTYRLVQFHFHWGSS_z5	0	6966	14.6996	709.53735	9.812915e5
ref_DGPLTGTYRLVQFHFHWGSS_z5	0	6966	14.6996	709.73798	3.358505e7
ref_DGPLTGTYRLVQFHFHWGSS_z5	0	6966	14.6996	709.93848	6.305748e7
ref_DGPLTGTYRLVQFHFHWGSS_z5	0	6966	14.6996	710.05707	1.121048e6
ref_DGPLTGTYRLVQFHFHWGSS_z5	0	6966	14.6996	710.13898	8.236946e7
ref_DGPLTGTYRLVQFHFHWGSS_z5	0	6966	14.6996	710.30194	7.687998e5
ref_DGPLTGTYRLVQFHFHWGSS_z5	0	6966	14.6996	710.33960	5.405403e7
ref_DGPLTGTYRLVQFHFHWGSS_z5	0	6966	14.6996	710.54022	2.713459e7
ref_DGPLTGTYRLVQFHFHWGSS_z5	0	6966	14.6996	710.74072	1.689535e7
ref_DGPLTGTYRLVQFHFHWGSS_z5	0	6966	14.6996	710.94116	4.772844e6
ref_DGPLTGTYRLVQFHFHWGSS_z5	0	6966	14.6996	711.05981	7.457865e5
ref_DGPLTGTYRLVQFHFHWGSS_z5	0	6966	14.6996	711.14148	1.703789e6
ref_DGPLTGTYRLVQFHFHWGSS_z5	1	6981	14.7156	709.36389	3.490873e5
ref_DGPLTGTYRLVQFHFHWGSS_z5	1	6981	14.7156	709.73828	3.114565e7
ref_DGPLTGTYRLVQFHFHWGSS_z5	1	6981	14.7156	709.93884	6.656600e7
ref_DGPLTGTYRLVQFHFHWGSS_z5	1	6981	14.7156	710.02356	3.522578e5
ref_DGPLTGTYRLVQFHFHWGSS_z5	1	6981	14.7156	710.13922	6.409385e7
ref_DGPLTGTYRLVQFHFHWGSS_z5	1	6981	14.7156	710.33966	4.567314e7
ref_DGPLTGTYRLVQFHFHWGSS_z5	1	6981	14.7156	710.54022	2.173227e7
ref_DGPLTGTYRLVQFHFHWGSS_z5	1	6981	14.7156	710.74072	8.772767e6
ref_DGPLTGTYRLVQFHFHWGSS_z5	1	6981	14.7156	710.90399	4.357256e5
ref_DGPLTGTYRLVQFHFHWGSS_z5	1	6981	14.7156	710.94116	5.160262e6
ref_DGPLTGTYRLVQFHFHWGSS_z5	1	6981	14.7156	711.14136	1.102861e6
ref_KYAAELHLVHWNTK_z4	-1	4577	12.1195	431.88608	1.153539e6
ref_KYAAELHLVHWNTK_z4	-1	4577	12.1195	432.19153	7.936143e5
ref_KYAAELHLVHWNTK_z4	-1	4577	12.1195	432.23853	4.178442e7
ref_KYAAELHLVHWNTK_z4	-1	4577	12.1195	432.48721	1.228733e7
ref_KYAAELHLVHWNTK_z4	-1	4577	12.1195	432.74005	2.109750e7
ref_KYAAELHLVHWNTK_z4	-1	4577	12.1195	432.98840	1.953575e6
ref_KYAAELHLVHWNTK_z4	-1	4577	12.1195	433.21567	2.899617e6
ref_KYAAELHLVHWNTK_z4	-1	4577	12.1195	433.24164	4.923184e6
ref_KYAAELHLVHWNTK_z4	-1	4577	12.1195	433.74286	1.300233e6
ref_KYAAELHLVHWNTK_z4	0	4593	12.1362	431.88589	5.696411e5
ref_KYAAELHLVHWNTK_z4	0	4593	12.1362	431.90198	3.488050e5
ref_KYAAELHLVHWNTK_z4	0	4593	12.1362	432.00177	1.888767e5
ref_KYAAELHLVHWNTK_z4	0	4593	12.1362	432.06799	2.907807e5
ref_KYAAELHLVHWNTK_z4	0	4593	12.1362	432.07935	3.182301e5
ref_KYAAELHLVHWNTK_z4	0	4593	12.1362	432.22058	4.310920e5
ref_KYAAELHLVHWNTK_z4	0	4593	12.1362	432.23840	5.711892e7
ref_KYAAELHLVHWNTK_z4	0	4593	12.1362	432.28772	4.592123e5
ref_KYAAELHLVHWNTK_z4	0	4593	12.1362	432.48712	6.711814e6
ref_KYAAELHLVHWNTK_z4	0	4593	12.1362	432.73999	2.452256e7
ref_KYAAELHLVHWNTK_z4	0	4593	12.1362	432.98831	1.312352e6
ref_KYAAELHLVHWNTK_z4	0	4593	12.1362	433.21536	6.181931e5
ref_KYAAELHLVHWNTK_z4	0	4593	12.1362	433.24158	5.256685e6
ref_KYAAELHLVHWNTK_z4	0	4593	12.1362	433.74301	1.122548e6
ref_KYAAELHLVHWNTK_z4	1	4609	12.1527	432.06866	2.970158e5
ref_KYAAELHLVHWNTK_z4	1	4609	12.1527	432.19138	4.113101e5
ref_KYAAELHLVHWNTK_z4	1	4609	12.1527	432.20493	2.021852e5
ref_KYAAELHLVHWNTK_z4	1	4609	12.1527	432.23865	3.373118e7
ref_KYAAELHLVHWNTK_z4	1	4609	12.1527	432.28766	2.583719e5
ref_KYAAELHLVHWNTK_z4	1	4609	12.1527	432.48706	2.879518e6
ref_KYAAELHLVHWNTK_z4	1	4609	12.1527	432.74042	1.452539e7
ref_KYAAELHLVHWNTK_z4	1	4609	12.1527	432.98859	6.547244e5
ref_KYAAELHLVHWNTK_z4	1	4609	12.1527	433.21454	2.572076e5
ref_KYAAELHLVHWNTK_z4	1	4609	12.1527	433.24188	3.013944e6
ref_KYAAELHLVHWNTK_z4	1	4609	12.1527	433.74341	6.027445e5
ref_AISNNEADAVTLDGGLVYEA_z5	-1	7240	14.9897	791.12115	4.906446e5
ref_AISNNEADAVTLDGGLVYEA_z5	-1	7240	14.9897	791.22223	4.241646e6
ref_AISNNEADAVTLDGGLVYEA_z5	-1	7240	14.9897	791.42340	5.183174e6
ref_AISNNEADAVTLDGGLVYEA_z5	-1	7240	14.9897	791.62372	7.260316e6
ref_AISNNEADAVTLDGGLVYEA_z5	-1	7240	14.9897	791.82434	6.815717e6
ref_AISNNEADAVTLDGGLVYEA_z5	-1	7240	14.9897	791.92212	9.207424e5
ref_AISNNEADAVTLDGGLVYEA_z5	-1	7240	14.9897	792.02472	3.369349e6
ref_AISNNEADAVTLDGGLVYEA_z5	-1	7240	14.9897	792.22565	1.833840e6
ref_AISNNEADAVTLDGGLVYEA_z5	-1	7240	14.9897	792.42480	1.452879e6
ref_AISNNEADAVTLDGGLVYEA_z5	0	7256	15.0064	791.01892	6.436891e5
ref_AISNNEADAVTLDGGLVYEA_z5	0	7256	15.0064	791.11450	7.850066e5
ref_AISNNEADAVTLDGGLVYEA_z5	0	7256	15.0064	791.22229	2.014513e7
ref_AISNNEADAVTLDGGLVYEA_z5	0	7256	15.0064	791.37909	8.147644e5
ref_AISNNEADAVTLDGGLVYEA_z5	0	7256	15.0064	791.42297	4.691372e7
ref_AISNNEADAVTLDGGLVYEA_z5	0	7256	15.0064	791.57861	6.362722e5
ref_AISNNEADAVTLDGGLVYEA_z5	0	7256	15.0064	791.62354	5.586090e7
ref_AISNNEADAVTLDGGLVYEA_z5	0	7256	15.0064	791.82404	4.539514e7
ref_AISNNEADAVTLDGGLVYEA_z5	0	7256	15.0064	792.02460	2.424058e7
ref_AISNNEADAVTLDGGLVYEA_z5	0	7256	15.0064	792.22485	1.359904e7
ref_AISNNEADAVTLDGGLVYEA_z5	0	7256	15.0064	792.35229	7.933329e5
ref_AISNNEADAVTLDGGLVYEA_z5	0	7256	15.0064	792.37036	6.996267e5
ref_AISNNEADAVTLDGGLVYEA_z5	0	7256	15.0064	792.42566	5.884000e6
ref_AISNNEADAVTLDGGLVYEA_z5	1	7272	15.0231	790.71075	4.136978e5
ref_AISNNEADAVTLDGGLVYEA_z5	1	7272	15.0231	791.02179	7.278969e5
ref_AISNNEADAVTLDGGLVYEA_z5	1	7272	15.0231	791.22260	2.061442e7
ref_AISNNEADAVTLDGGLVYEA_z5	1	7272	15.0231	791.42316	4.269510e7
ref_AISNNEADAVTLDGGLVYEA_z5	1	7272	15.0231	791.62360	3.969980e7
ref_AISNNEADAVTLDGGLVYEA_z5	1	7272	15.0231	791.68127	4.194943e5
ref_AISNNEADAVTLDGGLVYEA_z5	1	7272	15.0231	791.82416	3.817135e7
ref_AISNNEADAVTLDGGLVYEA_z5	1	7272	15.0231	791.86780	3.667012e5
ref_AISNNEADAVTLDGGLVYEA_z5	1	7272	15.0231	792.02484	2.217309e7
ref_AISNNEADAVTLDGGLVYEA_z5	1	7272	15.0231	792.22534	1.308829e7
ref_AISNNEADAVTLDGGLVYEA_z5	1	7272	15.0231	792.42554	4.261928e6
ref_AISNNEADAVTLDGGLVYEA_z5	1	7272	15.0231	792.62598	2.069858e6
ref_LVQFHFHWGSSDDQGSEHTV_z4	-1	6234	13.9032	646.32581	1.025410e8
ref_LVQFHFHWGSSDDQGSEHTV_z4	-1	6234	13.9032	646.38312	6.294921e8
ref_LVQFHFHWGSSDDQGSEHTV_z4	-1	6234	13.9032	646.80255	2.037348e7
ref_LVQFHFHWGSSDDQGSEHTV_z4	-1	6234	13.9032	647.36707	7.296958e7
ref_LVQFHFHWGSSDDQGSEHTV_z4	-1	6234	13.9032	647.38617	1.614354e8
ref_LVQFHFHWGSSDDQGSEHTV_z4	-1	6234	13.9032	648.37061	3.253206e7
ref_LVQFHFHWGSSDDQGSEHTV_z4	-1	6234	13.9032	648.38885	6.431302e7
ref_LVQFHFHWGSSDDQGSEHTV_z4	0	6250	13.9195	646.32562	4.388502e7
ref_LVQFHFHWGSSDDQGSEHTV_z4	0	6250	13.9195	646.38300	6.358519e8
ref_LVQFHFHWGSSDDQGSEHTV_z4	0	6250	13.9195	647.05225	5.018648e7
ref_LVQFHFHWGSSDDQGSEHTV_z4	0	6250	13.9195	647.36908	2.442276e7
ref_LVQFHFHWGSSDDQGSEHTV_z4	0	6250	13.9195	647.38629	2.003942e8
ref_LVQFHFHWGSSDDQGSEHTV_z4	0	6250	13.9195	648.38837	3.554155e7
ref_LVQFHFHWGSSDDQGSEHTV_z4	1	6255	13.9272	646.32593	6.308156e7
ref_LVQFHFHWGSSDDQGSEHTV_z4	1	6255	13.9272	646.38293	5.639907e8
ref_LVQFHFHWGSSDDQGSEHTV_z4	1	6255	13.9272	646.84265	2.137850e7
ref_LVQFHFHWGSSDDQGSEHTV_z4	1	6255	13.9272	647.38617	1.809889e8
ref_LVQFHFHWGSSDDQGSEHTV_z4	1	6255	13.9272	647.84460	2.016996e7
ref_VLDALDSIKTK_z2	-1	5352	12.9437	601.09241	3.053627e7
ref_VLDALDSIKTK_z2	-1	5352	12.9437	601.30212	5.020680e5
ref_VLDALDSIKTK_z2	-1	5352	12.9437	601.86011	5.698618e5
ref_VLDALDSIKTK_z2	-1	5352	12.9437	602.09534	6.664508e6
ref_VLDALDSIKTK_z2	-1	5352	12.9437	602.63153	7.417413e5
ref_VLDALDSIKTK_z2	-1	5352	12.9437	603.08826	7.614614e6
ref_VLDALDSIKTK_z2	-1	5352	12.9437	603.10004	8.223752e5
ref_VLDALDSIKTK_z2	-1	5352	12.9437	603.82739	1.105400e6
ref_VLDALDSIKTK_z2	-1	5352	12.9437	604.09229	1.135672e6
ref_VLDALDSIKTK_z2	-1	5352	12.9437	604.83496	9.621239e5
ref_VLDALDSIKTK_z2	-1	5352	12.9437	605.11658	4.911474e5
ref_VLDALDSIKTK_z2	0	5368	12.9605	601.09235	3.156387e7
ref_VLDALDSIKTK_z2	0	5368	12.9605	601.81573	1.057619e6
ref_VLDALDSIKTK_z2	0	5368	12.9605	601.85870	4.836288e7
ref_VLDALDSIKTK_z2	0	5368	12.9605	602.09503	6.981598e6
ref_VLDALDSIKTK_z2	0	5368	12.9605	602.36023	3.647246e7
ref_VLDALDSIKTK_z2	0	5368	12.9605	602.86188	1.014204e7
ref_VLDALDSIKTK_z2	0	5368	12.9605	603.08820	7.116361e6
ref_VLDALDSIKTK_z2	0	5368	12.9605	603.36292	3.701980e6
ref_VLDALDSIKTK_z2	0	5368	12.9605	604.09088	2.234128e6
ref_VLDALDSIKTK_z2	0	5368	12.9605	605.08392	1.149827e6
ref_VLDALDSIKTK_z2	1	5384	12.9772	601.09253	4.382423e7
ref_VLDALDSIKTK_z2	1	5384	12.9772	602.36047	3.827814e7
ref_VLDALDSIK_z1	-1	8566	16.4542	1015.20026	2.033120e6
ref_VLDALDSIK_z1	-1	8566	16.4542	1015.23328	1.361611e6
ref_VLDALDSIK_z1	-1	8566	16.4542	1015.89880	1.082644e6
ref_VLDALDSIK_z1	-1	8566	16.4542	1016.19092	3.407984e7
ref_VLDALDSIK_z1	-1	8566	16.4542	1016.52509	4.801203e7
ref_VLDALDSIK_z1	-1	8566	16.4542	1016.57178	1.116123e7
ref_VLDALDSIK_z1	-1	8566	16.4542	1016.85938	4.904884e7
ref_VLDALDSIK_z1	-1	8566	16.4542	1017.00806	1.766464e6
ref_VLDALDSIK_z1	-1	8566	16.4542	1017.16577	1.012756e6
ref_VLDALDSIK_z1	-1	8566	16.4542	1017.19379	2.515697e7
ref_VLDALDSIK_z1	-1	8566	16.4542	1017.39203	2.190488e6
ref_VLDALDSIK_z1	-1	8566	16.4542	1017.52802	1.760571e7
ref_VLDALDSIK_z1	-1	8566	16.4542	1017.57452	7.312040e6
ref_VLDALDSIK_z1	-1	8566	16.4542	1017.70984	1.877527e6
ref_VLDALDSIK_z1	-1	8566	16.4542	1017.86072	4.348838e6
ref_VLDALDSIK_z1	-1	8566	16.4542	1018.26605	2.161446e6
ref_VLDALDSIK_z1	-1	8566	16.4542	1018.53625	1.630678e6
ref_VLDALDSIK_z1	-1	8566	16.4542	1018.57910	1.418552e6
ref_VLDALDSIK_z1	-1	8566	16.4542	1018.92981	1.687184e6
ref_VLDALDSIK_z1	-1	8566	16.4542	1020.26544	1.694968e6
ref_VLDALDSIK_z1	-1	8566	16.4542	1021.00568	1.900228e6
ref_VLDALDSIK_z1	-1	8566	16.4542	1021.52173	2.018708e6
ref_VLDALDSIK_z1	-1	8566	16.4542	1022.43079	1.216223e6
ref_VLDALDSIK_z1	-1	8566	16.4542	1022.50952	1.171203e6
ref_VLDALDSIK_z1	-1	8566	16.4542	1022.57343	1.297954e6
ref_VLDALDSIK_z1	-1	8566	16.4542	1022.71027	2.642410e6
ref_VLDALDSIK_z1	0	8582	16.4707	1015.23248	2.790508e7
ref_VLDALDSIK_z1	0	8582	16.4707	1016.19122	5.624385e7
ref_VLDALDSIK_z1	0	8582	16.4707	1016.52570	6.814066e7
ref_VLDALDSIK_z1	0	8582	16.4707	1016.57147	5.065306e8
ref_VLDALDSIK_z1	0	8582	16.4707	1016.64404	1.065693e7
ref_VLDALDSIK_z1	0	8582	16.4707	1016.85968	6.797292e7
ref_VLDALDSIK_z1	0	8582	16.4707	1016.96954	1.664511e7
ref_VLDALDSIK_z1	0	8582	16.4707	1017.00616	2.314256e7
ref_VLDALDSIK_z1	0	8582	16.4707	1017.19373	6.644749e7
ref_VLDALDSIK_z1	0	8582	16.4707	1017.23956	2.120934e7
ref_VLDALDSIK_z1	0	8582	16.4707	1017.53094	1.475540e7
ref_VLDALDSIK_z1	0	8582	16.4707	1017.57477	2.778194e8
ref_VLDALDSIK_z1	0	8582	16.4707	1018.51630	2.379740e7
ref_VLDALDSIK_z1	0	8582	16.4707	1018.57770	9.020808e7
ref_VLDALDSIK_z1	0	8582	16.4707	1020.68994	1.654104e7
ref_VLDALDSIK_z1	1	8599	16.4870	1016.00305	6.167364e7
ref_VLDALDSIK_z1	1	8599	16.4870	1016.50415	5.370988e7
ref_VLDALDSIK_z1	1	8599	16.4870	1016.57172	2.877650e8
ref_VLDALDSIK_z1	1	8599	16.4870	1016.79779	6.355744e6
ref_VLDALDSIK_z1	1	8599	16.4870	1016.87518	1.442626e7
ref_VLDALDSIK_z1	1	8599	16.4870	1016.90295	8.885327e6
ref_VLDALDSIK_z1	1	8599	16.4870	1017.00543	4.295237e7
ref_VLDALDSIK_z1	1	8599	16.4870	1017.27039	1.289432e7
ref_VLDALDSIK_z1	1	8599	16.4870	1017.50641	2.148962e7
ref_VLDALDSIK_z1	1	8599	16.4870	1017.57471	1.372240e8
ref_VLDALDSIK_z1	1	8599	16.4870	1018.00781	1.258140e7
ref_VLDALDSIK_z1	1	8599	16.4870	1018.51062	6.378854e6
ref_VLDALDSIK_z1	1	8599	16.4870	1018.57727	4.107331e7
ref_VLDALDSIK_z1	1	8599	16.4870	1018.73065	7.676392e6
ref_VLDALDSIK_z1	1	8599	16.4870	1019.58038	1.142658e7
ref_VLDALDSIK_z1	1	8599	16.4870	1019.66534	8.209762e6
ref_VLDALDSIK_z1	1	8599	16.4870	1020.35022	1.431280e7
ref_VLDALDSIK_z1	1	8599	16.4870	1021.39874	7.238479e6
ref_VLDALDSIK_z1	1	8599	16.4870	1022.02643	1.481796e7
ref_VLDALDSIK_z1	1	8599	16.4870	1022.78882	6.893802e6
ref_EPISVSSQQMLK_z2	-1	5613	13.2371	702.88049	1.658928e7
ref_EPISVSSQQMLK_z2	-1	5613	13.2371	703.35968	2.254778e8
ref_EPISVSSQQMLK_z2	-1	5613	13.2371	703.39569	5.356548e7
ref_EPISVSSQQMLK_z2	-1	5613	13.2371	703.86151	1.768560e8
ref_EPISVSSQQMLK_z2	-1	5613	13.2371	704.36206	6.188862e7
ref_EPISVSSQQMLK_z2	0	5620	13.2468	703.35956	6.769384e8
ref_EPISVSSQQMLK_z2	0	5620	13.2468	703.39563	5.127493e7
ref_EPISVSSQQMLK_z2	0	5620	13.2468	703.86108	3.913055e8
ref_EPISVSSQQMLK_z2	0	5620	13.2468	704.36212	2.029006e8
ref_EPISVSSQQMLK_z2	0	5620	13.2468	704.70807	3.140087e7
ref_EPISVSSQQMLK_z2	0	5620	13.2468	704.86261	6.520214e7
ref_EPISVSSQQMLK_z2	0	5620	13.2468	705.04315	2.921069e7
ref_EPISVSSQQMLK_z2	0	5620	13.2468	705.51929	1.026684e7
ref_EPISVSSQQMLK_z2	0	5620	13.2468	705.71082	1.433632e7
ref_EPISVSSQQMLK_z2	0	5620	13.2468	706.04535	1.089264e7
ref_EPISVSSQQMLK_z2	1	5623	13.2538	703.35992	6.436258e8
ref_EPISVSSQQMLK_z2	1	5623	13.2538	703.39526	5.433207e7
ref_EPISVSSQQMLK_z2	1	5623	13.2538	703.86133	4.956694e8
ref_EPISVSSQQMLK_z2	1	5623	13.2538	704.36237	2.345880e8
ref_EPISVSSQQMLK_z2	1	5623	13.2538	704.70874	3.752592e7
ref_EPISVSSQQMLK_z2	1	5623	13.2538	704.86304	7.297108e7
ref_EPISVSSQQMLK_z2	1	5623	13.2538	705.04279	2.836897e7
ref_EPISVSSQQMLK_z2	1	5623	13.2538	705.36389	1.953046e7
ref_EPISVSSQQMLK_z2	1	5623	13.2538	705.37738	2.209810e7
ref_EPISVSSQQMLK_z2	1	5623	13.2538	705.71130	6.648701e6
ref_EPISVSSQQMLK_z2	1	5623	13.2538	706.34338	6.092704e6
ref_YAAELHLVHWNTK_z3	-1	6163	13.8265	541.75336	3.110322e6
ref_YAAELHLVHWNTK_z3	-1	6163	13.8265	541.94733	1.761867e6
ref_YAAELHLVHWNTK_z3	-1	6163	13.8265	542.28430	2.853821e8
ref_YAAELHLVHWNTK_z3	-1	6163	13.8265	542.61859	2.691986e8
ref_YAAELHLVHWNTK_z3	-1	6163	13.8265	542.95288	1.110661e8
ref_YAAELHLVHWNTK_z3	-1	6163	13.8265	543.28711	3.534771e7
ref_YAAELHLVHWNTK_z3	-1	6163	13.8265	543.31903	2.211577e6
ref_YAAELHLVHWNTK_z3	-1	6163	13.8265	543.46210	1.335572e6
ref_YAAELHLVHWNTK_z3	-1	6163	13.8265	543.62134	1.235839e7
ref_YAAELHLVHWNTK_z3	-1	6163	13.8265	543.95532	1.619595e6
ref_YAAELHLVHWNTK_z3	-1	6163	13.8265	544.27661	9.226964e5
ref_YAAELHLVHWNTK_z3	-1	6163	13.8265	544.32263	1.261581e6
ref_YAAELHLVHWNTK_z3	0	6173	13.8385	541.75610	5.581757e5
ref_YAAELHLVHWNTK_z3	0	6173	13.8385	541.80121	2.636801e5
ref_YAAELHLVHWNTK_z3	0	6173	13.8385	541.95062	6.722250e5
ref_YAAELHLVHWNTK_z3	0	6173	13.8385	542.21936	3.296957e5
ref_YAAELHLVHWNTK_z3	0	6173	13.8385	542.24750	3.370884e5
ref_YAAELHLVHWNTK_z3	0	6173	13.8385	542.25305	1.258544e6
ref_YAAELHLVHWNTK_z3	0	6173	13.8385	542.26080	1.844388e6
ref_YAAELHLVHWNTK_z3	0	6173	13.8385	542.26556	1.906820e6
ref_YAAELHLVHWNTK_z3	0	6173	13.8385	542.28534	4.669341e8
ref_YAAELHLVHWNTK_z3	0	6173	13.8385	542.31055	2.038790e6
ref_YAAELHLVHWNTK_z3	0	6173	13.8385	542.31653	9.117361e5
ref_YAAELHLVHWNTK_z3	0	6173	13.8385	542.32452	2.653462e5
ref_YAAELHLVHWNTK_z3	0	6173	13.8385	542.40125	2.800610e5
ref_YAAELHLVHWNTK_z3	0	6173	13.8385	542.58057	3.878377e5
ref_YAAELHLVHWNTK_z3	0	6173	13.8385	542.58618	8.272968e5
ref_YAAELHLVHWNTK_z3	0	6173	13.8385	542.61835	4.260964e8
ref_YAAELHLVHWNTK_z3	0	6173	13.8385	542.64331	2.514368e6
ref_YAAELHLVHWNTK_z3	0	6173	13.8385	542.64868	4.289052e5
ref_YAAELHLVHWNTK_z3	0	6173	13.8385	542.65765	4.363421e5
ref_YAAELHLVHWNTK_z3	0	6173	13.8385	542.66248	3.870622e5
ref_YAAELHLVHWNTK_z3	0	6173	13.8385	542.67761	2.547690e5
ref_YAAELHLVHWNTK_z3	0	6173	13.8385	542.76630	4.967953e5
ref_YAAELHLVHWNTK_z3	0	6173	13.8385	542.88696	3.205503e5
ref_YAAELHLVHWNTK_z3	0	6173	13.8385	542.95190	2.099143e8
ref_YAAELHLVHWNTK_z3	0	6173	13.8385	542.97717	1.282669e6
ref_YAAELHLVHWNTK_z3	0	6173	13.8385	543.26184	6.219594e5
ref_YAAELHLVHWNTK_z3	0	6173	13.8385	543.28583	6.921907e7
ref_YAAELHLVHWNTK_z3	0	6173	13.8385	543.31079	3.956189e5
ref_YAAELHLVHWNTK_z3	0	6173	13.8385	543.46216	5.209535e5
ref_YAAELHLVHWNTK_z3	0	6173	13.8385	543.62030	1.846595e7
ref_YAAELHLVHWNTK_z3	0	6173	13.8385	543.66125	2.097402e5
ref_YAAELHLVHWNTK_z3	0	6173	13.8385	543.95459	4.258644e6
ref_YAAELHLVHWNTK_z3	0	6173	13.8385	544.09430	4.008266e5
ref_YAAELHLVHWNTK_z3	0	6173	13.8385	544.28943	9.252972e5
ref_YAAELHLVHWNTK_z3	0	6173	13.8385	544.34979	1.805016e6
ref_YAAELHLVHWNTK_z3	1	6188	13.8545	541.75372	2.296124e5
ref_YAAELHLVHWNTK_z3	1	6188	13.8545	541.80109	4.873540e5
ref_YAAELHLVHWNTK_z3	1	6188	13.8545	541.94745	2.692465e5
ref_YAAELHLVHWNTK_z3	1	6188	13.8545	542.00385	2.289335e5
ref_YAAELHLVHWNTK_z3	1	6188	13.8545	542.21826	2.450682e5
ref_YAAELHLVHWNTK_z3	1	6188	13.8545	542.26056	8.857427e5
ref_YAAELHLVHWNTK_z3	1	6188	13.8545	542.26501	6.376393e5
ref_YAAELHLVHWNTK_z3	1	6188	13.8545	542.28479	1.860703e8
ref_YAAELHLVHWNTK_z3	1	6188	13.8545	542.30939	7.243702e5
ref_YAAELHLVHWNTK_z3	1	6188	13.8545	542.31628	4.059547e5
ref_YAAELHLVHWNTK_z3	1	6188	13.8545	542.32947	2.730993e5
ref_YAAELHLVHWNTK_z3	1	6188	13.8545	542.61859	1.608696e8
ref_YAAELHLVHWNTK_z3	1	6188	13.8545	542.64325	7.348831e5
ref_YAAELHLVHWNTK_z3	1	6188	13.8545	542.76550	8.858372e5
ref_YAAELHLVHWNTK_z3	1	6188	13.8545	542.95251	8.349433e7
ref_YAAELHLVHWNTK_z3	1	6188	13.8545	543.04486	3.112765e5
ref_YAAELHLVHWNTK_z3	1	6188	13.8545	543.26422	6.257042e5
ref_YAAELHLVHWNTK_z3	1	6188	13.8545	543.28662	2.677357e7
ref_YAAELHLVHWNTK_z3	1	6188	13.8545	543.46228	1.016347e6
ref_YAAELHLVHWNTK_z3	1	6188	13.8545	543.62109	6.857374e6
ref_YAAELHLVHWNTK_z3	1	6188	13.8545	543.66272	7.529358e5
ref_YAAELHLVHWNTK_z3	1	6188	13.8545	543.86469	3.520733e5
ref_YAAELHLVHWNTK_z3	1	6188	13.8545	543.95532	1.378551e6
ref_YAAELHLVHWNTK_z3	1	6188	13.8545	544.06403	2.607136e5
ref_YAAELHLVHWNTK_z3	1	6188	13.8545	544.29053	4.818066e5
ref_YAAELHLVHWNTK_z3	1	6188	13.8545	544.33093	1.894208e5
ref_YAAELHLVHWNTK_z3	1	6188	13.8545	544.35046	6.359334e6
ref_YGDFGTAAQQPDGLAVVGVF_z2	-1	9301	18.1700	1126.33618	3.590040e6
ref_YGDFGTAAQQPDGLAVVGVF_z2	-1	9301	18.1700	1126.39453	3.164867e6
ref_YGDFGTAAQQPDGLAVVGVF_z2	-1	9301	18.1700	1126.58496	2.691468e6
ref_YGDFGTAAQQPDGLAVVGVF_z2	-1	9301	18.1700	1126.62634	2.577660e6
ref_YGDFGTAAQQPDGLAVVGVF_z2	-1	9301	18.1700	1126.80554	4.013361e6
ref_YGDFGTAAQQPDGLAVVGVF_z2	-1	9301	18.1700	1127.00659	3.784242e6
ref_YGDFGTAAQQPDGLAVVGVF_z2	-1	9301	18.1700	1127.09021	3.008040e6
ref_YGDFGTAAQQPDGLAVVGVF_z2	-1	9301	18.1700	1127.33264	3.180607e6
ref_YGDFGTAAQQPDGLAVVGVF_z2	-1	9301	18.1700	1127.59192	3.845085e6
ref_YGDFGTAAQQPDGLAVVGVF_z2	-1	9301	18.1700	1127.92566	3.199734e6
ref_YGDFGTAAQQPDGLAVVGVF_z2	-1	9301	18.1700	1127.96375	3.859414e6
ref_YGDFGTAAQQPDGLAVVGVF_z2	-1	9301	18.1700	1128.13025	1.321592e6
ref_YGDFGTAAQQPDGLAVVGVF_z2	-1	9301	18.1700	1128.14392	2.908936e6
ref_YGDFGTAAQQPDGLAVVGVF_z2	-1	9301	18.1700	1128.51331	3.087178e6
ref_YGDFGTAAQQPDGLAVVGVF_z2	-1	9301	18.1700	1128.83716	2.998532e6
ref_YGDFGTAAQQPDGLAVVGVF_z2	-1	9301	18.1700	1128.85059	2.455787e6
ref_YGDFGTAAQQPDGLAVVGVF_z2	-1	9301	18.1700	1129.57520	2.568054e6
ref_YGDFGTAAQQPDGLAVVGVF_z2	-1	9301	18.1700	1130.29639	1.955256e6
ref_YGDFGTAAQQPDGLAVVGVF_z2	-1	9301	18.1700	1130.33228	2.205192e6
ref_YGDFGTAAQQPDGLAVVGVF_z2	0	9317	18.1864	1126.84167	4.327338e7
ref_YGDFGTAAQQPDGLAVVGVF_z2	0	9317	18.1864	1127.09192	1.738616e7
ref_YGDFGTAAQQPDGLAVVGVF_z2	0	9317	18.1864	1127.59155	3.551323e7
ref_YGDFGTAAQQPDGLAVVGVF_z2	0	9317	18.1864	1127.77197	2.119427e7
ref_YGDFGTAAQQPDGLAVVGVF_z2	0	9317	18.1864	1127.81104	2.390676e7
ref_YGDFGTAAQQPDGLAVVGVF_z2	0	9317	18.1864	1128.09558	1.716752e7
ref_YGDFGTAAQQPDGLAVVGVF_z2	0	9317	18.1864	1130.36719	2.587644e7
ref_YGDFGTAAQQPDGLAVVGVF_z2	1	9333	18.2025	1126.64868	1.814152e7
ref_YGDFGTAAQQPDGLAVVGVF_z2	1	9333	18.2025	1127.09167	1.831013e7
ref_YGDFGTAAQQPDGLAVVGVF_z2	1	9333	18.2025	1127.59338	2.745839e7
ref_YGDFGTAAQQPDGLAVVGVF_z2	1	9333	18.2025	1127.72852	1.728679e7
ref_YGDFGTAAQQPDGLAVVGVF_z2	1	9333	18.2025	1127.92468	2.435134e7
ref_YGDFGTAAQQPDGLAVVGVF_z2	1	9333	18.2025	1128.09265	1.759331e7
ref_YGDFGTAAQQPDGLAVVGVF_z2	1	9333	18.2025	1128.35559	1.069138e7
ref_YGDFGTAAQQPDGLAVVGVF_z2	1	9333	18.2025	1129.35754	1.719966e7
ref_AVVQDPALKPLALVYGEATS_z3	-1	7911	15.6967	775.79456	1.890065e6
ref_AVVQDPALKPLALVYGEATS_z3	-1	7911	15.6967	775.88831	2.017451e6
ref_AVVQDPALKPLALVYGEATS_z3	-1	7911	15.6967	776.00232	1.823509e6
ref_AVVQDPALKPLALVYGEATS_z3	-1	7911	15.6967	776.10431	2.659940e8
ref_AVVQDPALKPLALVYGEATS_z3	-1	7911	15.6967	776.24268	1.724378e6
ref_AVVQDPALKPLALVYGEATS_z3	-1	7911	15.6967	776.43860	3.806697e8
ref_AVVQDPALKPLALVYGEATS_z3	-1	7911	15.6967	776.70850	2.051868e6
ref_AVVQDPALKPLALVYGEATS_z3	-1	7911	15.6967	776.77283	2.483051e8
ref_AVVQDPALKPLALVYGEATS_z3	-1	7911	15.6967	776.81787	1.603449e6
ref_AVVQDPALKPLALVYGEATS_z3	-1	7911	15.6967	777.06531	3.220705e6
ref_AVVQDPALKPLALVYGEATS_z3	-1	7911	15.6967	777.10706	1.272157e8
ref_AVVQDPALKPLALVYGEATS_z3	-1	7911	15.6967	777.38531	1.643832e6
ref_AVVQDPALKPLALVYGEATS_z3	-1	7911	15.6967	777.44147	3.839420e7
ref_AVVQDPALKPLALVYGEATS_z3	-1	7911	15.6967	777.69354	2.578103e6
ref_AVVQDPALKPLALVYGEATS_z3	-1	7911	15.6967	777.77563	1.474296e7
ref_AVVQDPALKPLALVYGEATS_z3	-1	7911	15.6967	778.06714	1.715663e6
ref_AVVQDPALKPLALVYGEATS_z3	-1	7911	15.6967	778.10901	2.806397e6
ref_AVVQDPALKPLALVYGEATS_z3	-1	7911	15.6967	778.41364	1.581744e6
ref_AVVQDPALKPLALVYGEATS_z3	-1	7911	15.6967	778.52423	4.334279e6
ref_AVVQDPALKPLALVYGEATS_z3	0	7927	15.7134	775.76819	1.451074e7
ref_AVVQDPALKPLALVYGEATS_z3	0	7927	15.7134	776.02460	2.382184e7
ref_AVVQDPALKPLALVYGEATS_z3	0	7927	15.7134	776.10449	4.386235e9
ref_AVVQDPALKPLALVYGEATS_z3	0	7927	15.7134	776.43866	5.179813e9
ref_AVVQDPALKPLALVYGEATS_z3	0	7927	15.7134	776.73108	2.530201e7
ref_AVVQDPALKPLALVYGEATS_z3	0	7927	15.7134	776.77283	3.545700e9
ref_AVVQDPALKPLALVYGEATS_z3	0	7927	15.7134	777.10706	1.805396e9
ref_AVVQDPALKPLALVYGEATS_z3	0	7927	15.7134	777.44141	6.577201e8
ref_AVVQDPALKPLALVYGEATS_z3	0	7927	15.7134	777.56238	1.688110e7
ref_AVVQDPALKPLALVYGEATS_z3	0	7927	15.7134	777.77606	2.809626e8
ref_AVVQDPALKPLALVYGEATS_z3	0	7927	15.7134	777.82776	2.148793e7
ref_AVVQDPALKPLALVYGEATS_z3	0	7927	15.7134	778.11023	6.702929e7
ref_AVVQDPALKPLALVYGEATS_z3	1	7939	15.7266	776.06177	6.141110e6
ref_AVVQDPALKPLALVYGEATS_z3	1	7939	15.7266	776.10431	6.232500e8
ref_AVVQDPALKPLALVYGEATS_z3	1	7939	15.7266	776.31757	5.371576e6
ref_AVVQDPALKPLALVYGEATS_z3	1	7939	15.7266	776.43860	8.530287e8
ref_AVVQDPALKPLALVYGEATS_z3	1	7939	15.7266	776.77277	5.491798e8
ref_AVVQDPALKPLALVYGEATS_z3	1	7939	15.7266	777.10724	2.682150e8
ref_AVVQDPALKPLALVYGEATS_z3	1	7939	15.7266	777.23303	5.487318e6
ref_AVVQDPALKPLALVYGEATS_z3	1	7939	15.7266	777.44165	1.062110e8
ref_AVVQDPALKPLALVYGEATS_z3	1	7939	15.7266	777.75684	5.305140e6
ref_AVVQDPALKPLALVYGEATS_z3	1	7939	15.7266	777.77606	3.325730e7
ref_AVVQDPALKPLALVYGEATS_z3	1	7939	15.7266	778.25244	1.089333e7
ref_AVVQDPALKPLALVYGEATS_z3	1	7939	15.7266	778.34448	6.282232e6
ref_AVVQDPALKPLALVYGEATS_z3	1	7939	15.7266	778.52502	1.252155e7
ref_MVNNGHSFNVEYDDSQDKAV_z4	-1	5509	13.1252	863.91876	2.188718e6
ref_MVNNGHSFNVEYDDSQDKAV_z4	-1	5509	13.1252	864.16516	2.764977e7
ref_MVNNGHSFNVEYDDSQDKAV_z4	-1	5509	13.1252	864.41541	4.487774e7
ref_MVNNGHSFNVEYDDSQDKAV_z4	-1	5509	13.1252	864.66589	3.361058e7
ref_MVNNGHSFNVEYDDSQDKAV_z4	-1	5509	13.1252	864.91644	3.401912e7
ref_MVNNGHSFNVEYDDSQDKAV_z4	-1	5509	13.1252	865.16754	1.092214e7
ref_MVNNGHSFNVEYDDSQDKAV_z4	-1	5509	13.1252	865.41742	9.336304e6
ref_MVNNGHSFNVEYDDSQDKAV_z4	-1	5509	13.1252	865.66888	4.880303e6
ref_MVNNGHSFNVEYDDSQDKAV_z4	0	5525	13.1416	863.91779	1.432290e7
ref_MVNNGHSFNVEYDDSQDKAV_z4	0	5525	13.1416	864.16559	6.687345e7
ref_MVNNGHSFNVEYDDSQDKAV_z4	0	5525	13.1416	864.41516	1.239180e8
ref_MVNNGHSFNVEYDDSQDKAV_z4	0	5525	13.1416	864.66565	1.341853e8
ref_MVNNGHSFNVEYDDSQDKAV_z4	0	5525	13.1416	864.91644	9.042390e7
ref_MVNNGHSFNVEYDDSQDKAV_z4	0	5525	13.1416	865.14551	1.907625e6
ref_MVNNGHSFNVEYDDSQDKAV_z4	0	5525	13.1416	865.16705	5.069398e7
ref_MVNNGHSFNVEYDDSQDKAV_z4	0	5525	13.1416	865.39563	2.486852e6
ref_MVNNGHSFNVEYDDSQDKAV_z4	0	5525	13.1416	865.41748	2.158323e7
ref_MVNNGHSFNVEYDDSQDKAV_z4	0	5525	13.1416	865.66772	9.526808e6
ref_MVNNGHSFNVEYDDSQDKAV_z4	0	5525	13.1416	866.17188	1.627511e6
ref_MVNNGHSFNVEYDDSQDKAV_z4	1	5541	13.1579	863.91852	6.212912e6
ref_MVNNGHSFNVEYDDSQDKAV_z4	1	5541	13.1579	864.16553	2.996878e7
ref_MVNNGHSFNVEYDDSQDKAV_z4	1	5541	13.1579	864.41626	3.867159e7
ref_MVNNGHSFNVEYDDSQDKAV_z4	1	5541	13.1579	864.66595	4.247518e7
ref_MVNNGHSFNVEYDDSQDKAV_z4	1	5541	13.1579	864.91602	2.096092e7
ref_MVNNGHSFNVEYDDSQDKAV_z4	1	5541	13.1579	865.16687	1.622437e7
ref_MVNNGHSFNVEYDDSQDKAV_z4	1	5541	13.1579	865.39484	9.660232e5
ref_MVNNGHSFNVEYDDSQDKAV_z4	1	5541	13.1579	865.41754	6.316218e6
ref_MVNNGHSFNVEYDDSQDKAV_z4	1	5541	13.1579	865.66791	2.603927e6
ref_MVNNGHSFNVEYDDSQDKAV_z4	1	5541	13.1579	865.92242	7.661590e5
ref_SQYEQLAEQNRK_z2	-1	4080	11.5484	768.88135	7.535248e6
ref_SQYEQLAEQNRK_z2	-1	4080	11.5484	769.38275	5.994036e6
ref_SQYEQLAEQNRK_z2	-1	4080	11.5484	769.48920	2.288500e5
ref_SQYEQLAEQNRK_z2	-1	4080	11.5484	769.88409	2.492416e6
ref_SQYEQLAEQNRK_z2	-1	4080	11.5484	770.38562	6.953859e5
ref_SQYEQLAEQNRK_z2	-1	4080	11.5484	770.67633	3.321978e5
ref_SQYEQLAEQNRK_z2	-1	4080	11.5484	771.37360	2.542494e5
ref_SQYEQLAEQNRK_z2	-1	4080	11.5484	771.67487	5.073850e5
ref_SQYEQLAEQNRK_z2	-1	4080	11.5484	771.98523	3.076925e5
ref_SQYEQLAEQNRK_z2	-1	4080	11.5484	772.00568	8.288706e6
ref_SQYEQLAEQNRK_z2	0	4096	11.5650	768.30640	4.193737e5
ref_SQYEQLAEQNRK_z2	0	4096	11.5650	768.88116	2.492087e7
ref_SQYEQLAEQNRK_z2	0	4096	11.5650	769.38251	1.726804e7
ref_SQYEQLAEQNRK_z2	0	4096	11.5650	769.88397	8.370308e6
ref_SQYEQLAEQNRK_z2	0	4096	11.5650	770.38495	2.152937e6
ref_SQYEQLAEQNRK_z2	0	4096	11.5650	770.88757	6.406008e5
ref_SQYEQLAEQNRK_z2	0	4096	11.5650	772.00562	1.531454e6
ref_SQYEQLAEQNRK_z2	1	4111	11.5815	768.88123	3.785840e6
ref_SQYEQLAEQNRK_z2	1	4111	11.5815	769.07678	1.040879e6
ref_SQYEQLAEQNRK_z2	1	4111	11.5815	769.32288	1.118476e6
ref_SQYEQLAEQNRK_z2	1	4111	11.5815	769.36676	1.668419e6
ref_SQYEQLAEQNRK_z2	1	4111	11.5815	769.88391	1.037095e6
ref_LVQFHFHWGSSDDQGSEHTV_z5	-1	5192	12.7794	554.28345	5.874277e5
ref_LVQFHFHWGSSDDQGSEHTV_z5	-1	5192	12.7794	554.31384	2.183604e6
ref_LVQFHFHWGSSDDQGSEHTV_z5	-1	5192	12.7794	554.55011	3.835326e5
ref_LVQFHFHWGSSDDQGSEHTV_z5	-1	5192	12.7794	554.66650	9.479551e6
ref_LVQFHFHWGSSDDQGSEHTV_z5	-1	5192	12.7794	554.72412	3.722732e5
ref_LVQFHFHWGSSDDQGSEHTV_z5	-1	5192	12.7794	554.78375	3.344091e5
ref_LVQFHFHWGSSDDQGSEHTV_z5	-1	5192	12.7794	554.86707	1.796798e7
ref_LVQFHFHWGSSDDQGSEHTV_z5	-1	5192	12.7794	555.02588	3.973779e5
ref_LVQFHFHWGSSDDQGSEHTV_z5	-1	5192	12.7794	555.05084	5.882456e5
ref_LVQFHFHWGSSDDQGSEHTV_z5	-1	5192	12.7794	555.06757	1.096911e7
ref_LVQFHFHWGSSDDQGSEHTV_z5	-1	5192	12.7794	555.10315	3.416307e5
ref_LVQFHFHWGSSDDQGSEHTV_z5	-1	5192	12.7794	555.26801	8.184360e6
ref_LVQFHFHWGSSDDQGSEHTV_z5	-1	5192	12.7794	555.28674	5.780947e5
ref_LVQFHFHWGSSDDQGSEHTV_z5	-1	5192	12.7794	555.31897	1.116780e6
ref_LVQFHFHWGSSDDQGSEHTV_z5	-1	5192	12.7794	555.43390	5.335090e5
ref_LVQFHFHWGSSDDQGSEHTV_z5	-1	5192	12.7794	555.46857	2.215991e6
ref_LVQFHFHWGSSDDQGSEHTV_z5	-1	5192	12.7794	555.52875	4.332488e5
ref_LVQFHFHWGSSDDQGSEHTV_z5	-1	5192	12.7794	555.62469	6.200162e5
ref_LVQFHFHWGSSDDQGSEHTV_z5	-1	5192	12.7794	555.66882	1.496510e6
ref_LVQFHFHWGSSDDQGSEHTV_z5	-1	5192	12.7794	555.87006	8.918771e5
ref_LVQFHFHWGSSDDQGSEHTV_z5	0	5208	12.7958	554.66663	1.986909e7
ref_LVQFHFHWGSSDDQGSEHTV_z5	0	5208	12.7958	554.86700	1.313062e7
ref_LVQFHFHWGSSDDQGSEHTV_z5	0	5208	12.7958	555.06781	2.120502e7
ref_LVQFHFHWGSSDDQGSEHTV_z5	0	5208	12.7958	555.26776	1.125580e7
ref_LVQFHFHWGSSDDQGSEHTV_z5	0	5208	12.7958	555.31958	2.283823e6
ref_LVQFHFHWGSSDDQGSEHTV_z5	0	5208	12.7958	555.46802	2.817657e6
ref_LVQFHFHWGSSDDQGSEHTV_z5	0	5208	12.7958	555.66376	2.446374e6
ref_LVQFHFHWGSSDDQGSEHTV_z5	1	5224	12.8121	554.24652	5.059498e6
ref_LVQFHFHWGSSDDQGSEHTV_z5	1	5224	12.8121	554.25903	1.329008e6
ref_LVQFHFHWGSSDDQGSEHTV_z5	1	5224	12.8121	554.44788	2.406559e6
ref_LVQFHFHWGSSDDQGSEHTV_z5	1	5224	12.8121	554.66681	5.402458e6
ref_LVQFHFHWGSSDDQGSEHTV_z5	1	5224	12.8121	554.86737	1.409291e7
ref_LVQFHFHWGSSDDQGSEHTV_z5	1	5224	12.8121	555.06757	1.201174e7
ref_LVQFHFHWGSSDDQGSEHTV_z5	1	5224	12.8121	555.26837	5.774160e6
ref_LVQFHFHWGSSDDQGSEHTV_z5	1	5224	12.8121	555.32068	1.548301e6
ref_LVQFHFHWGSSDDQGSEHTV_z5	1	5224	12.8121	555.64594	1.850012e6
ref_EIEIDIEPTDKVER_z2	-1	5422	13.0256	843.39459	7.161644e6
ref_EIEIDIEPTDKVER_z2	-1	5422	13.0256	843.41864	1.335417e8
ref_EIEIDIEPTDKVER_z2	-1	5422	13.0256	844.42145	4.823330e7
ref_EIEIDIEPTDKVER_z2	-1	5422	13.0256	845.42395	1.895664e7
ref_EIEIDIEPTDKVER_z2	0	5429	13.0350	843.39313	2.057678e7
ref_EIEIDIEPTDKVER_z2	0	5429	13.0350	843.41876	1.906223e8
ref_EIEIDIEPTDKVER_z2	0	5429	13.0350	844.39032	6.445517e6
ref_EIEIDIEPTDKVER_z2	0	5429	13.0350	844.39447	5.351679e6
ref_EIEIDIEPTDKVER_z2	0	5429	13.0350	844.42163	8.236590e7
ref_EIEIDIEPTDKVER_z2	0	5429	13.0350	844.63873	1.752541e7
ref_EIEIDIEPTDKVER_z2	0	5429	13.0350	844.88818	8.600869e6
ref_EIEIDIEPTDKVER_z2	0	5429	13.0350	845.13849	4.643481e6
ref_EIEIDIEPTDKVER_z2	0	5429	13.0350	845.42529	2.066672e7
ref_EIEIDIEPTDKVER_z2	0	5429	13.0350	845.64001	4.989600e6
ref_EIEIDIEPTDKVER_z2	0	5429	13.0350	845.71936	3.822367e6
ref_EIEIDIEPTDKVER_z2	1	5434	13.0429	843.39301	1.516086e7
ref_EIEIDIEPTDKVER_z2	1	5434	13.0429	843.41888	1.459243e8
ref_EIEIDIEPTDKVER_z2	1	5434	13.0429	844.38873	3.095164e7
ref_EIEIDIEPTDKVER_z2	1	5434	13.0429	844.42218	6.067768e7
ref_EIEIDIEPTDKVER_z2	1	5434	13.0429	844.63904	5.909580e7
ref_EIEIDIEPTDKVER_z2	1	5434	13.0429	844.88965	5.971378e7
ref_EIEIDIEPTDKVER_z2	1	5434	13.0429	845.14008	4.697818e7
ref_EIEIDIEPTDKVER_z2	1	5434	13.0429	845.39044	3.165686e7
ref_EIEIDIEPTDKVER_z2	1	5434	13.0429	845.42456	1.670714e7
ref_EIEIDIEPTDKVER_z2	1	5434	13.0429	845.64026	1.194035e7
ref_EIEIDIEPTDKVER_z2	1	5434	13.0429	845.89001	7.726224e6
ref_EIEIDIEPTDKVER_z2	1	5434	13.0429	846.40015	3.329962e6
ref_EIEIDIEPTDKVER_z2	1	5434	13.0429	846.42676	3.316725e6
ref_LVQFHFHWGSSDDQGSEHTV_z5	-1	5224	12.8121	542.85852	1.301769e6
ref_LVQFHFHWGSSDDQGSEHTV_z5	-1	5224	12.8121	543.04895	1.063908e6
ref_LVQFHFHWGSSDDQGSEHTV_z5	-1	5224	12.8121	543.05908	7.017240e6
ref_LVQFHFHWGSSDDQGSEHTV_z5	-1	5224	12.8121	543.07208	2.945756e6
ref_LVQFHFHWGSSDDQGSEHTV_z5	-1	5224	12.8121	543.26288	1.224364e9
ref_LVQFHFHWGSSDDQGSEHTV_z5	-1	5224	12.8121	543.28790	3.734939e6
ref_LVQFHFHWGSSDDQGSEHTV_z5	-1	5224	12.8121	543.39636	1.714952e6
ref_LVQFHFHWGSSDDQGSEHTV_z5	-1	5224	12.8121	543.43097	3.974021e6
ref_LVQFHFHWGSSDDQGSEHTV_z5	-1	5224	12.8121	543.46283	1.775465e9
ref_LVQFHFHWGSSDDQGSEHTV_z5	-1	5224	12.8121	543.48798	6.737240e6
ref_LVQFHFHWGSSDDQGSEHTV_z5	-1	5224	12.8121	543.53473	1.384051e6
ref_LVQFHFHWGSSDDQGSEHTV_z5	-1	5224	12.8121	543.61084	1.733834e6
ref_LVQFHFHWGSSDDQGSEHTV_z5	-1	5224	12.8121	543.62305	1.397650e6
ref_LVQFHFHWGSSDDQGSEHTV_z5	-1	5224	12.8121	543.66266	1.447217e9
ref_LVQFHFHWGSSDDQGSEHTV_z5	-1	5224	12.8121	543.70209	2.330176e6
ref_LVQFHFHWGSSDDQGSEHTV_z5	-1	5224	12.8121	543.86285	7.564113e8
ref_LVQFHFHWGSSDDQGSEHTV_z5	-1	5224	12.8121	544.03131	1.782833e6
ref_LVQFHFHWGSSDDQGSEHTV_z5	-1	5224	12.8121	544.06329	3.168185e8
ref_LVQFHFHWGSSDDQGSEHTV_z5	-1	5224	12.8121	544.26416	1.092144e8
ref_LVQFHFHWGSSDDQGSEHTV_z5	-1	5224	12.8121	544.32098	6.494319e6
ref_LVQFHFHWGSSDDQGSEHTV_z5	-1	5224	12.8121	544.46448	3.263182e7
ref_LVQFHFHWGSSDDQGSEHTV_z5	-1	5224	12.8121	544.66534	8.321146e6
ref_LVQFHFHWGSSDDQGSEHTV_z5	0	5240	12.8287	542.85779	2.423918e6
ref_LVQFHFHWGSSDDQGSEHTV_z5	0	5240	12.8287	543.06329	8.172158e6
ref_LVQFHFHWGSSDDQGSEHTV_z5	0	5240	12.8287	543.23785	7.539706e6
ref_LVQFHFHWGSSDDQGSEHTV_z5	0	5240	12.8287	543.26239	1.252196e9
ref_LVQFHFHWGSSDDQGSEHTV_z5	0	5240	12.8287	543.38391	3.125422e6
ref_LVQFHFHWGSSDDQGSEHTV_z5	0	5240	12.8287	543.43097	4.767408e6
ref_LVQFHFHWGSSDDQGSEHTV_z5	0	5240	12.8287	543.43762	8.524692e6
ref_LVQFHFHWGSSDDQGSEHTV_z5	0	5240	12.8287	543.46265	1.955221e9
ref_LVQFHFHWGSSDDQGSEHTV_z5	0	5240	12.8287	543.62439	3.057728e6
ref_LVQFHFHWGSSDDQGSEHTV_z5	0	5240	12.8287	543.66290	1.478118e9
ref_LVQFHFHWGSSDDQGSEHTV_z5	0	5240	12.8287	543.76520	3.858930e6
ref_LVQFHFHWGSSDDQGSEHTV_z5	0	5240	12.8287	543.83789	3.262521e6
ref_LVQFHFHWGSSDDQGSEHTV_z5	0	5240	12.8287	543.86346	7.874227e8
ref_LVQFHFHWGSSDDQGSEHTV_z5	0	5240	12.8287	543.89447	2.895634e6
ref_LVQFHFHWGSSDDQGSEHTV_z5	0	5240	12.8287	544.06396	3.805286e8
ref_LVQFHFHWGSSDDQGSEHTV_z5	0	5240	12.8287	544.26471	1.214063e8
ref_LVQFHFHWGSSDDQGSEHTV_z5	0	5240	12.8287	544.46454	1.498470e7
ref_LVQFHFHWGSSDDQGSEHTV_z5	0	5240	12.8287	544.66620	8.411668e6
ref_LVQFHFHWGSSDDQGSEHTV_z5	1	5256	12.8448	542.85895	2.602718e6
ref_LVQFHFHWGSSDDQGSEHTV_z5	1	5256	12.8448	543.05951	4.224492e6
ref_LVQFHFHWGSSDDQGSEHTV_z5	1	5256	12.8448	543.18433	9.843860e5
ref_LVQFHFHWGSSDDQGSEHTV_z5	1	5256	12.8448	543.26227	5.027097e8
ref_LVQFHFHWGSSDDQGSEHTV_z5	1	5256	12.8448	543.28784	1.044378e6
ref_LVQFHFHWGSSDDQGSEHTV_z5	1	5256	12.8448	543.29340	1.500272e6
ref_LVQFHFHWGSSDDQGSEHTV_z5	1	5256	12.8448	543.46259	6.555293e8
ref_LVQFHFHWGSSDDQGSEHTV_z5	1	5256	12.8448	543.66290	5.598561e8
ref_LVQFHFHWGSSDDQGSEHTV_z5	1	5256	12.8448	543.68848	1.869232e6
ref_LVQFHFHWGSSDDQGSEHTV_z5	1	5256	12.8448	543.69342	1.308859e6
ref_LVQFHFHWGSSDDQGSEHTV_z5	1	5256	12.8448	543.86328	2.749738e8
ref_LVQFHFHWGSSDDQGSEHTV_z5	1	5256	12.8448	544.06384	1.076048e8
ref_LVQFHFHWGSSDDQGSEHTV_z5	1	5256	12.8448	544.26428	3.971888e7
ref_LVQFHFHWGSSDDQGSEHTV_z5	1	5256	12.8448	544.28229	3.430300e6
ref_LVQFHFHWGSSDDQGSEHTV_z5	1	5256	12.8448	544.29724	1.705310e6
ref_LVQFHFHWGSSDDQGSEHTV_z5	1	5256	12.8448	544.46515	1.535114e7
ref_LVQFHFHWGSSDDQGSEHTV_z5	1	5256	12.8448	544.66522	2.811318e6
ref_YAAELHLVHWNTK_z3	0	6250	13.9195	527.94733	3.055704e7
ref_AVLKDGPLTGTYRLVQFHFH_z5	-1	6772	14.4916	791.99628	2.214246e6
ref_AVLKDGPLTGTYRLVQFHFH_z5	-1	6772	14.4916	792.09906	5.374826e5
ref_AVLKDGPLTGTYRLVQFHFH_z5	-1	6772	14.4916	792.19659	6.379384e6
ref_AVLKDGPLTGTYRLVQFHFH_z5	-1	6772	14.4916	792.39764	9.454661e6
ref_AVLKDGPLTGTYRLVQFHFH_z5	-1	6772	14.4916	792.42230	4.958958e5
ref_AVLKDGPLTGTYRLVQFHFH_z5	-1	6772	14.4916	792.59802	7.979537e6
ref_AVLKDGPLTGTYRLVQFHFH_z5	-1	6772	14.4916	792.79852	5.235311e6
ref_AVLKDGPLTGTYRLVQFHFH_z5	-1	6772	14.4916	792.88599	4.038235e5
ref_AVLKDGPLTGTYRLVQFHFH_z5	-1	6772	14.4916	792.99829	1.014878e6
ref_AVLKDGPLTGTYRLVQFHFH_z5	-1	6772	14.4916	793.09485	5.060929e5
ref_AVLKDGPLTGTYRLVQFHFH_z5	-1	6772	14.4916	793.20032	7.412274e5
ref_AVLKDGPLTGTYRLVQFHFH_z5	-1	6772	14.4916	793.40271	8.415330e5
ref_AVLKDGPLTGTYRLVQFHFH_z5	0	6787	14.5077	791.99597	7.228170e6
ref_AVLKDGPLTGTYRLVQFHFH_z5	0	6787	14.5077	792.19672	1.077785e7
ref_AVLKDGPLTGTYRLVQFHFH_z5	0	6787	14.5077	792.39722	1.196863e7
ref_AVLKDGPLTGTYRLVQFHFH_z5	0	6787	14.5077	792.59772	9.851618e6
ref_AVLKDGPLTGTYRLVQFHFH_z5	0	6787	14.5077	792.79816	5.715589e6
ref_AVLKDGPLTGTYRLVQFHFH_z5	0	6787	14.5077	792.99890	3.242760e6
ref_AVLKDGPLTGTYRLVQFHFH_z5	0	6787	14.5077	793.20056	1.087438e6
ref_AVLKDGPLTGTYRLVQFHFH_z5	1	6802	14.5243	791.99542	8.421677e6
ref_AVLKDGPLTGTYRLVQFHFH_z5	1	6802	14.5243	792.39594	2.995676e6
ref_AVLKDGPLTGTYRLVQFHFH_z5	1	6802	14.5243	792.59839	6.645558e6
ref_AVLKDGPLTGTYRLVQFHFH_z5	1	6802	14.5243	793.40070	3.469279e6
ref_HNGPEHWHKDFPIANGER_z3	-1	4142	11.6144	708.29401	6.072331e5
ref_HNGPEHWHKDFPIANGER_z3	-1	4142	11.6144	708.67181	1.130750e7
ref_HNGPEHWHKDFPIANGER_z3	-1	4142	11.6144	708.98755	6.490189e5
ref_HNGPEHWHKDFPIANGER_z3	-1	4142	11.6144	709.00616	9.900355e6
ref_HNGPEHWHKDFPIANGER_z3	-1	4142	11.6144	709.34021	1.099200e7
ref_HNGPEHWHKDFPIANGER_z3	-1	4142	11.6144	709.67407	4.033536e6
ref_HNGPEHWHKDFPIANGER_z3	-1	4142	11.6144	710.00751	6.589127e5
ref_HNGPEHWHKDFPIANGER_z3	-1	4142	11.6144	710.39026	1.883054e6
ref_HNGPEHWHKDFPIANGER_z3	0	4158	11.6310	708.67139	2.924394e7
ref_HNGPEHWHKDFPIANGER_z3	0	4158	11.6310	709.00568	3.538994e7
ref_HNGPEHWHKDFPIANGER_z3	0	4158	11.6310	709.36108	8.793844e6
ref_HNGPEHWHKDFPIANGER_z3	0	4158	11.6310	710.00726	2.018417e7
ref_HNGPEHWHKDFPIANGER_z3	1	4174	11.6473	708.67072	1.123160e7
ref_HNGPEHWHKDFPIANGER_z3	1	4174	11.6473	709.31116	8.304532e6
ref_HNGPEHWHKDFPIANGER_z3	1	4174	11.6473	709.33838	1.002060e7
ref_TLSDYNIQK_z2	-1	4181	11.6567	541.28522	1.302630e9
ref_TLSDYNIQK_z2	-1	4181	11.6567	541.78668	7.276970e8
ref_TLSDYNIQK_z2	-1	4181	11.6567	542.28815	2.382328e8
ref_TLSDYNIQK_z2	-1	4181	11.6567	542.78925	7.625439e7
ref_TLSDYNIQK_z2	-1	4181	11.6567	543.29114	6.907093e6
ref_TLSDYNIQK_z2	-1	4181	11.6567	544.46893	6.102029e6
ref_TLSDYNIQK_z2	-1	4181	11.6567	544.51379	1.642220e7
ref_TLSDYNIQK_z2	0	4188	11.6657	541.24670	2.642755e6
ref_TLSDYNIQK_z2	0	4188	11.6657	541.26050	8.878798e6
ref_TLSDYNIQK_z2	0	4188	11.6657	541.28510	1.477346e9
ref_TLSDYNIQK_z2	0	4188	11.6657	541.30981	6.804020e6
ref_TLSDYNIQK_z2	0	4188	11.6657	541.78650	8.380241e8
ref_TLSDYNIQK_z2	0	4188	11.6657	542.28796	2.850389e8
ref_TLSDYNIQK_z2	0	4188	11.6657	542.78955	6.788317e7
ref_TLSDYNIQK_z2	0	4188	11.6657	543.29053	1.335278e7
ref_TLSDYNIQK_z2	0	4188	11.6657	543.79309	4.029992e6
ref_TLSDYNIQK_z2	0	4188	11.6657	544.51257	5.605862e6
ref_TLSDYNIQK_z2	1	4198	11.6775	540.78516	9.465362e5
ref_TLSDYNIQK_z2	1	4198	11.6775	541.08887	1.297839e6
ref_TLSDYNIQK_z2	1	4198	11.6775	541.21924	8.054022e5
ref_TLSDYNIQK_z2	1	4198	11.6775	541.26013	6.199607e6
ref_TLSDYNIQK_z2	1	4198	11.6775	541.28503	1.142542e9
ref_TLSDYNIQK_z2	1	4198	11.6775	541.30444	1.358077e6
ref_TLSDYNIQK_z2	1	4198	11.6775	541.30975	6.038016e6
ref_TLSDYNIQK_z2	1	4198	11.6775	541.31659	3.336316e6
ref_TLSDYNIQK_z2	1	4198	11.6775	541.32416	1.304100e6
ref_TLSDYNIQK_z2	1	4198	11.6775	541.35889	8.474135e5
ref_TLSDYNIQK_z2	1	4198	11.6775	541.74854	9.997104e5
ref_TLSDYNIQK_z2	1	4198	11.6775	541.75372	1.182089e6
ref_TLSDYNIQK_z2	1	4198	11.6775	541.76129	3.271827e6
ref_TLSDYNIQK_z2	1	4198	11.6775	541.76636	1.967240e6
ref_TLSDYNIQK_z2	1	4198	11.6775	541.78601	6.637916e8
ref_TLSDYNIQK_z2	1	4198	11.6775	541.81067	2.836898e6
ref_TLSDYNIQK_z2	1	4198	11.6775	541.81787	1.975149e6
ref_TLSDYNIQK_z2	1	4198	11.6775	541.82422	8.787812e5
ref_TLSDYNIQK_z2	1	4198	11.6775	542.06329	8.802120e5
ref_TLSDYNIQK_z2	1	4198	11.6775	542.28729	2.222931e8
ref_TLSDYNIQK_z2	1	4198	11.6775	542.46271	8.058744e5
ref_TLSDYNIQK_z2	1	4198	11.6775	542.78894	4.973613e7
ref_TLSDYNIQK_z2	1	4198	11.6775	543.29053	9.088039e6
ref_TLSDYNIQK_z2	1	4198	11.6775	543.30048	5.156662e5
ref_TLSDYNIQK_z2	1	4198	11.6775	543.75378	8.189192e5
ref_TLSDYNIQK_z2	1	4198	11.6775	543.79205	2.176676e6
ref_TLSDYNIQK_z2	1	4198	11.6775	544.07568	6.447607e5
ref_TLSDYNIQK_z2	1	4198	11.6775	544.07806	6.068291e5
ref_TLSDYNIQK_z2	1	4198	11.6775	544.51385	2.769830e6
ref_VLDALDSIK_z2	-1	7939	15.7266	487.29230	5.341864e6
ref_VLDALDSIK_z2	-1	7939	15.7266	489.76224	7.606537e6
ref_VLDALDSIK_z2	-1	7939	15.7266	490.26419	7.401982e6
ref_VLDALDSIK_z2	0	7956	15.7430	487.29272	3.775000e7
ref_VLDALDSIK_z2	1	7970	15.7572	487.29242	2.100363e7
ref_EGIPPDQQR_z2	-1	3297	10.6304	519.54657	1.328964e5
ref_EGIPPDQQR_z2	-1	3297	10.6304	519.72375	8.966317e4
ref_EGIPPDQQR_z2	-1	3297	10.6304	519.77478	1.265085e5
ref_EGIPPDQQR_z2	-1	3297	10.6304	519.79718	1.200174e5
ref_EGIPPDQQR_z2	-1	3297	10.6304	520.04822	1.111966e5
ref_EGIPPDQQR_z2	-1	3297	10.6304	520.26752	1.254322e7
ref_EGIPPDQQR_z2	-1	3297	10.6304	520.56372	7.153853e4
ref_EGIPPDQQR_z2	-1	3297	10.6304	520.76898	6.418076e6
ref_EGIPPDQQR_z2	-1	3297	10.6304	521.25281	2.531613e5
ref_EGIPPDQQR_z2	-1	3297	10.6304	521.27039	2.184134e6
ref_EGIPPDQQR_z2	-1	3297	10.6304	521.49615	2.127722e5
ref_EGIPPDQQR_z2	-1	3297	10.6304	521.58771	3.813454e5
ref_EGIPPDQQR_z2	-1	3297	10.6304	521.74634	1.538390e5
ref_EGIPPDQQR_z2	-1	3297	10.6304	521.77167	5.459726e5
ref_EGIPPDQQR_z2	-1	3297	10.6304	521.92072	1.115098e5
ref_EGIPPDQQR_z2	-1	3297	10.6304	522.00787	7.492229e4
ref_EGIPPDQQR_z2	-1	3297	10.6304	522.21234	6.850180e4
ref_EGIPPDQQR_z2	-1	3297	10.6304	522.23755	8.869820e4
ref_EGIPPDQQR_z2	-1	3297	10.6304	522.27307	1.026100e5
ref_EGIPPDQQR_z2	-1	3297	10.6304	522.58936	6.741970e4
ref_EGIPPDQQR_z2	-1	3297	10.6304	522.74335	1.546662e5
ref_EGIPPDQQR_z2	-1	3297	10.6304	522.77655	9.979379e4
ref_EGIPPDQQR_z2	-1	3297	10.6304	523.07849	1.174081e5
ref_EGIPPDQQR_z2	-1	3297	10.6304	523.27771	1.145772e5
ref_EGIPPDQQR_z2	0	3301	10.6377	519.77484	2.015329e5
ref_EGIPPDQQR_z2	0	3301	10.6377	520.04779	1.626455e5
ref_EGIPPDQQR_z2	0	3301	10.6377	520.22583	1.569995e5
ref_EGIPPDQQR_z2	0	3301	10.6377	520.26727	1.911524e7
ref_EGIPPDQQR_z2	0	3301	10.6377	520.76892	9.332456e6
ref_EGIPPDQQR_z2	0	3301	10.6377	521.25232	4.638624e5
ref_EGIPPDQQR_z2	0	3301	10.6377	521.27014	2.306694e6
ref_EGIPPDQQR_z2	0	3301	10.6377	521.49542	2.907128e5
ref_EGIPPDQQR_z2	0	3301	10.6377	521.58691	6.962026e5
ref_EGIPPDQQR_z2	0	3301	10.6377	521.74500	2.695370e5
ref_EGIPPDQQR_z2	0	3301	10.6377	521.77136	7.944958e5
ref_EGIPPDQQR_z2	0	3301	10.6377	522.24725	1.800977e5
ref_EGIPPDQQR_z2	0	3301	10.6377	522.54651	1.451480e5
ref_EGIPPDQQR_z2	0	3301	10.6377	522.56299	1.687441e5
ref_EGIPPDQQR_z2	0	3301	10.6377	522.74261	2.684289e5
ref_EGIPPDQQR_z2	0	3301	10.6377	523.07794	1.848412e5
ref_EGIPPDQQR_z2	0	3301	10.6377	523.24304	2.602350e5
ref_EGIPPDQQR_z2	1	3309	10.6480	520.14410	1.080867e5
ref_EGIPPDQQR_z2	1	3309	10.6480	520.26721	1.587573e7
ref_EGIPPDQQR_z2	1	3309	10.6480	520.76880	9.960650e6
ref_EGIPPDQQR_z2	1	3309	10.6480	521.25226	6.098045e5
ref_EGIPPDQQR_z2	1	3309	10.6480	521.27008	2.733760e6
ref_EGIPPDQQR_z2	1	3309	10.6480	521.49786	2.393720e5
ref_EGIPPDQQR_z2	1	3309	10.6480	521.58716	4.859483e5
ref_EGIPPDQQR_z2	1	3309	10.6480	521.74695	3.611634e5
ref_EGIPPDQQR_z2	1	3309	10.6480	521.77112	7.185191e5
ref_EGIPPDQQR_z2	1	3309	10.6480	521.92102	4.206966e5
ref_EGIPPDQQR_z2	1	3309	10.6480	521.99658	2.753176e5
ref_EGIPPDQQR_z2	1	3309	10.6480	522.27258	1.224227e5
ref_EGIPPDQQR_z2	1	3309	10.6480	522.76947	3.091765e5
ref_EGIPPDQQR_z2	1	3309	10.6480	522.77655	9.687798e4
ref_EGIPPDQQR_z2	1	3309	10.6480	523.07788	1.347544e5
ref_EGIPPDQQR_z2	1	3309	10.6480	523.27618	9.942926e4
ref_GGGFGGGSSFGGGSGFSGGG_z2	-1	6787	14.5077	1200.02478	4.775302e6
ref_GGGFGGGSSFGGGSGFSGGG_z2	-1	6787	14.5077	1200.52661	5.491037e6
ref_GGGFGGGSSFGGGSGFSGGG_z2	-1	6787	14.5077	1201.02722	3.732260e6
ref_GGGFGGGSSFGGGSGFSGGG_z2	-1	6787	14.5077	1201.52905	1.339880e6
ref_GGGFGGGSSFGGGSGFSGGG_z2	0	6802	14.5243	1200.02161	7.226395e6
ref_GGGFGGGSSFGGGSGFSGGG_z2	0	6802	14.5243	1200.52478	6.631222e6
ref_DGPLTGTYRLVQFHFHWGSS_z5	-1	6950	14.6831	709.39130	8.577890e5
ref_DGPLTGTYRLVQFHFHWGSS_z5	-1	6950	14.6831	709.73822	9.945134e6
ref_DGPLTGTYRLVQFHFHWGSS_z5	-1	6950	14.6831	709.93884	1.585521e7
ref_DGPLTGTYRLVQFHFHWGSS_z5	-1	6950	14.6831	710.05579	7.440933e5
ref_DGPLTGTYRLVQFHFHWGSS_z5	-1	6950	14.6831	710.11389	6.666013e5
ref_DGPLTGTYRLVQFHFHWGSS_z5	-1	6950	14.6831	710.13947	2.153647e7
ref_DGPLTGTYRLVQFHFHWGSS_z5	-1	6950	14.6831	710.33997	1.690962e7
ref_DGPLTGTYRLVQFHFHWGSS_z5	-1	6950	14.6831	710.38910	9.211409e5
ref_DGPLTGTYRLVQFHFHWGSS_z5	-1	6950	14.6831	710.54041	9.370810e6
ref_DGPLTGTYRLVQFHFHWGSS_z5	-1	6950	14.6831	710.74072	4.281159e6
ref_DGPLTGTYRLVQFHFHWGSS_z5	0	6966	14.6996	709.53735	9.812915e5
ref_DGPLTGTYRLVQFHFHWGSS_z5	0	6966	14.6996	709.73798	3.358505e7
ref_DGPLTGTYRLVQFHFHWGSS_z5	0	6966	14.6996	709.93848	6.305748e7
ref_DGPLTGTYRLVQFHFHWGSS_z5	0	6966	14.6996	710.05707	1.121048e6
ref_DGPLTGTYRLVQFHFHWGSS_z5	0	6966	14.6996	710.13898	8.236946e7
ref_DGPLTGTYRLVQFHFHWGSS_z5	0	6966	14.6996	710.30194	7.687998e5
ref_DGPLTGTYRLVQFHFHWGSS_z5	0	6966	14.6996	710.33960	5.405403e7
ref_DGPLTGTYRLVQFHFHWGSS_z5	0	6966	14.6996	710.54022	2.713459e7
ref_DGPLTGTYRLVQFHFHWGSS_z5	0	6966	14.6996	710.74072	1.689535e7
ref_DGPLTGTYRLVQFHFHWGSS_z5	0	6966	14.6996	710.94116	4.772844e6
ref_DGPLTGTYRLVQFHFHWGSS_z5	0	6966	14.6996	711.05981	7.457865e5
ref_DGPLTGTYRLVQFHFHWGSS_z5	0	6966	14.6996	711.14148	1.703789e6
ref_DGPLTGTYRLVQFHFHWGSS_z5	1	6981	14.7156	709.36389	3.490873e5
ref_DGPLTGTYRLVQFHFHWGSS_z5	1	6981	14.7156	709.73828	3.114565e7
ref_DGPLTGTYRLVQFHFHWGSS_z5	1	6981	14.7156	709.93884	6.656600e7
ref_DGPLTGTYRLVQFHFHWGSS_z5	1	6981	14.7156	710.02356	3.522578e5
ref_DGPLTGTYRLVQFHFHWGSS_z5	1	6981	14.7156	710.13922	6.409385e7
ref_DGPLTGTYRLVQFHFHWGSS_z5	1	6981	14.7156	710.33966	4.567314e7
ref_DGPLTGTYRLVQFHFHWGSS_z5	1	6981	14.7156	710.54022	2.173227e7
ref_DGPLTGTYRLVQFHFHWGSS_z5	1	6981	14.7156	710.74072	8.772767e6
ref_DGPLTGTYRLVQFHFHWGSS_z5	1	6981	14.7156	710.90399	4.357256e5
ref_DGPLTGTYRLVQFHFHWGSS_z5	1	6981	14.7156	710.94116	5.160262e6
ref_DGPLTGTYRLVQFHFHWGSS_z5	1	6981	14.7156	711.14136	1.102861e6
ref_VGDANPALQK_z2	-1	4869	12.4299	506.77960	2.288071e8
ref_VGDANPALQK_z2	-1	4869	12.4299	507.08298	8.141688e6
ref_VGDANPALQK_z2	-1	4869	12.4299	507.28098	1.095129e8
ref_VGDANPALQK_z2	-1	4869	12.4299	507.78235	2.837123e7
ref_VGDANPALQK_z2	-1	4869	12.4299	508.25720	3.622330e6
ref_VGDANPALQK_z2	-1	4869	12.4299	508.28363	6.011540e6
ref_VGDANPALQK_z2	-1	4869	12.4299	509.07941	2.526757e6
ref_VGDANPALQK_z2	-1	4869	12.4299	509.94363	5.796340e6
ref_VGDANPALQK_z2	0	4876	12.4394	506.75702	7.442240e6
ref_VGDANPALQK_z2	0	4876	12.4394	506.77960	4.813750e8
ref_VGDANPALQK_z2	0	4876	12.4394	507.08319	5.849048e6
ref_VGDANPALQK_z2	0	4876	12.4394	507.28101	2.278661e8
ref_VGDANPALQK_z2	0	4876	12.4394	507.78250	6.904694e7
ref_VGDANPALQK_z2	0	4876	12.4394	508.08536	4.777541e6
ref_VGDANPALQK_z2	0	4876	12.4394	508.28406	1.305675e7
ref_VGDANPALQK_z2	0	4876	12.4394	508.92822	3.585125e6
ref_VGDANPALQK_z2	1	4892	12.4556	506.26276	7.682963e6
ref_VGDANPALQK_z2	1	4892	12.4556	506.28616	2.006166e6
ref_VGDANPALQK_z2	1	4892	12.4556	506.75711	2.004349e6
ref_VGDANPALQK_z2	1	4892	12.4556	506.77966	1.937725e8
ref_VGDANPALQK_z2	1	4892	12.4556	507.08304	7.175568e6
ref_VGDANPALQK_z2	1	4892	12.4556	507.28116	9.982730e7
ref_VGDANPALQK_z2	1	4892	12.4556	507.72247	2.487244e6
ref_VGDANPALQK_z2	1	4892	12.4556	507.78275	3.421436e7
ref_VGDANPALQK_z2	1	4892	12.4556	508.28397	5.291701e6
ref_VGDANPALQK_z2	1	4892	12.4556	508.71185	1.674187e6
ref_VGDANPALQK_z2	1	4892	12.4556	508.78635	1.558888e6
ref_VGDANPALQK_z2	1	4892	12.4556	509.03323	1.736922e6
ref_VGDANPALQK_z2	1	4892	12.4556	509.27856	2.252514e6
ref_AVVQDPALKPLALVYGEATS_z3	-1	7364	15.1207	792.11652	7.998758e5
ref_AVVQDPALKPLALVYGEATS_z3	-1	7364	15.1207	792.42133	5.369854e6
ref_AVVQDPALKPLALVYGEATS_z3	-1	7364	15.1207	792.43921	1.530584e6
ref_AVVQDPALKPLALVYGEATS_z3	-1	7364	15.1207	792.77917	8.910680e6
ref_AVVQDPALKPLALVYGEATS_z3	-1	7364	15.1207	792.81958	8.245548e5
ref_AVVQDPALKPLALVYGEATS_z3	-1	7364	15.1207	792.92194	3.497982e6
ref_AVVQDPALKPLALVYGEATS_z3	-1	7364	15.1207	793.11359	1.168955e7
ref_AVVQDPALKPLALVYGEATS_z3	-1	7364	15.1207	793.39093	5.593767e6
ref_AVVQDPALKPLALVYGEATS_z3	-1	7364	15.1207	793.41193	2.388726e6
ref_AVVQDPALKPLALVYGEATS_z3	-1	7364	15.1207	793.44757	6.916555e6
ref_AVVQDPALKPLALVYGEATS_z3	-1	7364	15.1207	793.72546	6.571026e6
ref_AVVQDPALKPLALVYGEATS_z3	-1	7364	15.1207	793.74579	1.491711e6
ref_AVVQDPALKPLALVYGEATS_z3	-1	7364	15.1207	793.78278	3.276649e6
ref_AVVQDPALKPLALVYGEATS_z3	-1	7364	15.1207	794.05975	4.113251e6
ref_AVVQDPALKPLALVYGEATS_z3	-1	7364	15.1207	794.07983	1.410798e6
ref_AVVQDPALKPLALVYGEATS_z3	-1	7364	15.1207	794.11627	2.091867e6
ref_AVVQDPALKPLALVYGEATS_z3	-1	7364	15.1207	794.39447	3.948124e6
ref_AVVQDPALKPLALVYGEATS_z3	-1	7364	15.1207	794.41272	6.901001e5
ref_AVVQDPALKPLALVYGEATS_z3	-1	7364	15.1207	794.45093	1.503657e6
ref_AVVQDPALKPLALVYGEATS_z3	-1	7364	15.1207	794.63861	5.898158e5
ref_AVVQDPALKPLALVYGEATS_z3	-1	7364	15.1207	794.72656	1.241490e6
ref_AVVQDPALKPLALVYGEATS_z3	-1	7364	15.1207	794.74731	9.022036e5
ref_AVVQDPALKPLALVYGEATS_z3	0	7379	15.1367	792.43884	4.262380e6
ref_AVVQDPALKPLALVYGEATS_z3	0	7379	15.1367	792.77942	1.148490e7
ref_AVVQDPALKPLALVYGEATS_z3	0	7379	15.1367	793.11420	2.454807e7
ref_AVVQDPALKPLALVYGEATS_z3	0	7379	15.1367	793.44818	1.034373e7
ref_AVVQDPALKPLALVYGEATS_z3	0	7379	15.1367	793.78320	5.849057e6
ref_AVVQDPALKPLALVYGEATS_z3	1	7396	15.1534	792.41357	5.773546e6
ref_AVVQDPALKPLALVYGEATS_z3	1	7396	15.1534	792.43829	1.257599e6
ref_AVVQDPALKPLALVYGEATS_z3	1	7396	15.1534	792.77972	3.352920e6
ref_AVVQDPALKPLALVYGEATS_z3	1	7396	15.1534	792.84106	8.824291e5
ref_AVVQDPALKPLALVYGEATS_z3	1	7396	15.1534	792.91589	2.612105e6
ref_AVVQDPALKPLALVYGEATS_z3	1	7396	15.1534	793.11353	2.967210e6
ref_AVVQDPALKPLALVYGEATS_z3	1	7396	15.1534	793.41302	1.882779e6
ref_AVVQDPALKPLALVYGEATS_z3	1	7396	15.1534	793.44781	2.625042e6
ref_AVVQDPALKPLALVYGEATS_z3	1	7396	15.1534	793.65717	8.505573e5
ref_AVVQDPALKPLALVYGEATS_z3	1	7396	15.1534	793.78119	1.270157e6
ref_AVVQDPALKPLALVYGEATS_z3	1	7396	15.1534	793.90411	1.852773e6
ref_AVVQDPALKPLALVYGEATS_z3	1	7396	15.1534	794.11395	6.650181e5
ref_AVVQDPALKPLALVYGEATS_z3	1	7396	15.1534	794.40485	7.981042e5
ref_AVVQDPALKPLALVYGEATS_z3	1	7396	15.1534	794.44885	6.834782e5
ref_TFIIGELHPDDR_z3	-1	6302	13.9916	471.58170	1.043508e8
ref_TFIIGELHPDDR_z3	-1	6302	13.9916	471.91605	7.709304e7
ref_TFIIGELHPDDR_z3	-1	6302	13.9916	472.25018	3.110244e7
ref_TFIIGELHPDDR_z3	-1	6302	13.9916	472.58414	6.648172e6
ref_TFIIGELHPDDR_z3	-1	6302	13.9916	472.91904	2.172653e6
ref_TFIIGELHPDDR_z3	-1	6302	13.9916	473.57178	8.824009e5
ref_TFIIGELHPDDR_z3	0	6318	14.0083	471.25018	1.819305e6
ref_TFIIGELHPDDR_z3	0	6318	14.0083	471.58191	2.392377e8
ref_TFIIGELHPDDR_z3	0	6318	14.0083	471.75168	4.341562e5
ref_TFIIGELHPDDR_z3	0	6318	14.0083	471.91589	1.868101e8
ref_TFIIGELHPDDR_z3	0	6318	14.0083	472.21335	3.684530e5
ref_TFIIGELHPDDR_z3	0	6318	14.0083	472.25006	8.188935e7
ref_TFIIGELHPDDR_z3	0	6318	14.0083	472.58420	2.245813e7
ref_TFIIGELHPDDR_z3	0	6318	14.0083	472.75964	4.025929e5
ref_TFIIGELHPDDR_z3	0	6318	14.0083	472.91885	5.804570e6
ref_TFIIGELHPDDR_z3	0	6318	14.0083	473.09467	8.807618e5
ref_TFIIGELHPDDR_z3	0	6318	14.0083	473.24405	1.439041e6
ref_TFIIGELHPDDR_z3	0	6318	14.0083	473.25293	1.240806e6
ref_TFIIGELHPDDR_z3	0	6318	14.0083	473.31244	5.529909e5
ref_TFIIGELHPDDR_z3	1	6334	14.0246	471.58167	6.864007e7
ref_TFIIGELHPDDR_z3	1	6334	14.0246	471.91623	5.834772e7
ref_TFIIGELHPDDR_z3	1	6334	14.0246	472.25070	2.850559e7
ref_TFIIGELHPDDR_z3	1	6334	14.0246	473.24463	3.730222e6
ref_NMQDMVEDYR_z2	-1	3385	10.7408	666.77032	1.132239e6
ref_NMQDMVEDYR_z2	-1	3385	10.7408	667.15137	7.299979e5
ref_NMQDMVEDYR_z2	-1	3385	10.7408	667.77216	5.157548e5
ref_NMQDMVEDYR_z2	-1	3385	10.7408	669.36298	9.168773e5
ref_NMQDMVEDYR_z2	0	3399	10.7557	666.76984	2.270112e6
ref_YAAELHLVHWNTK_z2	-1	6818	14.5409	812.92285	3.470578e9
ref_YAAELHLVHWNTK_z2	-1	6818	14.5409	813.38074	2.544090e7
ref_YAAELHLVHWNTK_z2	-1	6818	14.5409	813.42426	3.350019e9
ref_YAAELHLVHWNTK_z2	-1	6818	14.5409	813.92572	1.675467e9
ref_YAAELHLVHWNTK_z2	-1	6818	14.5409	814.42725	5.793235e8
ref_YAAELHLVHWNTK_z2	-1	6818	14.5409	814.92810	1.175390e8
ref_YAAELHLVHWNTK_z2	-1	6818	14.5409	815.43042	3.801433e7
ref_YAAELHLVHWNTK_z2	-1	6818	14.5409	815.91187	1.241001e7
ref_YAAELHLVHWNTK_z2	0	6835	14.5574	812.87830	5.380884e7
ref_YAAELHLVHWNTK_z2	0	6835	14.5574	812.88611	4.304421e7
ref_YAAELHLVHWNTK_z2	0	6835	14.5574	812.92267	1.090314e10
ref_YAAELHLVHWNTK_z2	0	6835	14.5574	812.96710	5.745240e7
ref_YAAELHLVHWNTK_z2	0	6835	14.5574	813.42413	9.507266e9
ref_YAAELHLVHWNTK_z2	0	6835	14.5574	813.92560	4.994563e9
ref_YAAELHLVHWNTK_z2	0	6835	14.5574	814.42688	1.539881e9
ref_YAAELHLVHWNTK_z2	0	6835	14.5574	814.92834	4.083720e8
ref_YAAELHLVHWNTK_z2	0	6835	14.5574	815.42938	8.619035e7
ref_YAAELHLVHWNTK_z2	0	6835	14.5574	815.93085	2.590021e7
ref_YAAELHLVHWNTK_z2	1	6852	14.5740	812.92291	7.728435e9
ref_YAAELHLVHWNTK_z2	1	6852	14.5740	813.36523	3.039851e7
ref_YAAELHLVHWNTK_z2	1	6852	14.5740	813.42438	6.529311e9
ref_YAAELHLVHWNTK_z2	1	6852	14.5740	813.92572	2.982074e9
ref_YAAELHLVHWNTK_z2	1	6852	14.5740	814.42731	1.205156e9
ref_YAAELHLVHWNTK_z2	1	6852	14.5740	814.92834	3.906602e8
ref_YAAELHLVHWNTK_z2	1	6852	14.5740	815.43018	6.862554e7
ref_MVNNGHSFNVEYDDSQDK_z2	-1	4657	12.2026	1079.45386	7.370596e6
ref_MVNNGHSFNVEYDDSQDK_z2	-1	4657	12.2026	1079.92053	3.266638e5
ref_MVNNGHSFNVEYDDSQDK_z2	-1	4657	12.2026	1079.95508	8.787484e6
ref_MVNNGHSFNVEYDDSQDK_z2	-1	4657	12.2026	1080.45642	5.770427e6
ref_MVNNGHSFNVEYDDSQDK_z2	-1	4657	12.2026	1080.95764	2.322186e6
ref_MVNNGHSFNVEYDDSQDK_z2	-1	4657	12.2026	1081.45825	1.244640e6
ref_MVNNGHSFNVEYDDSQDK_z2	-1	4657	12.2026	1081.76575	5.635054e5
ref_MVNNGHSFNVEYDDSQDK_z2	-1	4657	12.2026	1082.10034	4.332831e5
ref_MVNNGHSFNVEYDDSQDK_z2	-1	4657	12.2026	1082.57446	3.976465e5
ref_MVNNGHSFNVEYDDSQDK_z2	0	4672	12.2193	1079.41797	8.990917e5
ref_MVNNGHSFNVEYDDSQDK_z2	0	4672	12.2193	1079.45337	7.781042e7
ref_MVNNGHSFNVEYDDSQDK_z2	0	4672	12.2193	1079.95471	8.752546e7
ref_MVNNGHSFNVEYDDSQDK_z2	0	4672	12.2193	1080.45581	5.585921e7
ref_MVNNGHSFNVEYDDSQDK_z2	0	4672	12.2193	1080.95642	2.876296e7
ref_MVNNGHSFNVEYDDSQDK_z2	0	4672	12.2193	1081.45752	9.618034e6
ref_MVNNGHSFNVEYDDSQDK_z2	0	4672	12.2193	1081.95898	2.599648e6
ref_MVNNGHSFNVEYDDSQDK_z2	0	4672	12.2193	1082.45996	7.495228e5
ref_MVNNGHSFNVEYDDSQDK_z2	1	4688	12.2358	1079.45288	4.550332e7
ref_MVNNGHSFNVEYDDSQDK_z2	1	4688	12.2358	1079.95422	5.178239e7
ref_MVNNGHSFNVEYDDSQDK_z2	1	4688	12.2358	1080.45532	3.143585e7
ref_MVNNGHSFNVEYDDSQDK_z2	1	4688	12.2358	1080.95654	1.531271e7
ref_MVNNGHSFNVEYDDSQDK_z2	1	4688	12.2358	1081.45764	4.448666e6
ref_MVNNGHSFNVEYDDSQDK_z2	1	4688	12.2358	1081.95813	2.102420e6
ref_MVNNGHSFNVEYDDSQDK_z2	1	4688	12.2358	1082.46106	8.736329e5
ref_HTGPGILSMANAGPNTNGSQ_z3	-1	7518	15.2831	931.23688	6.061288e5
ref_HTGPGILSMANAGPNTNGSQ_z3	-1	7518	15.2831	931.45154	1.682933e7
ref_HTGPGILSMANAGPNTNGSQ_z3	-1	7518	15.2831	931.78583	2.881464e7
ref_HTGPGILSMANAGPNTNGSQ_z3	-1	7518	15.2831	932.12024	1.937562e7
ref_HTGPGILSMANAGPNTNGSQ_z3	-1	7518	15.2831	932.45355	1.031735e7
ref_HTGPGILSMANAGPNTNGSQ_z3	-1	7518	15.2831	932.50116	5.800992e5
ref_HTGPGILSMANAGPNTNGSQ_z3	-1	7518	15.2831	932.78748	6.096667e6
ref_HTGPGILSMANAGPNTNGSQ_z3	-1	7518	15.2831	933.12122	2.455498e6
ref_HTGPGILSMANAGPNTNGSQ_z3	0	7533	15.2992	931.45190	3.121289e7
ref_HTGPGILSMANAGPNTNGSQ_z3	0	7533	15.2992	931.78613	4.900860e7
ref_HTGPGILSMANAGPNTNGSQ_z3	0	7533	15.2992	932.12006	3.592145e7
ref_HTGPGILSMANAGPNTNGSQ_z3	0	7533	15.2992	932.24243	7.080051e5
ref_HTGPGILSMANAGPNTNGSQ_z3	0	7533	15.2992	932.45404	2.413932e7
ref_HTGPGILSMANAGPNTNGSQ_z3	0	7533	15.2992	932.78809	1.105848e7
ref_HTGPGILSMANAGPNTNGSQ_z3	0	7533	15.2992	933.12164	5.756321e6
ref_HTGPGILSMANAGPNTNGSQ_z3	1	7548	15.3153	930.49689	6.364252e5
ref_HTGPGILSMANAGPNTNGSQ_z3	1	7548	15.3153	930.64062	7.606366e5
ref_HTGPGILSMANAGPNTNGSQ_z3	1	7548	15.3153	931.45154	8.397769e6
ref_HTGPGILSMANAGPNTNGSQ_z3	1	7548	15.3153	931.78595	1.120033e7
ref_HTGPGILSMANAGPNTNGSQ_z3	1	7548	15.3153	931.84308	1.147369e6
ref_HTGPGILSMANAGPNTNGSQ_z3	1	7548	15.3153	932.12012	1.148366e7
ref_HTGPGILSMANAGPNTNGSQ_z3	1	7548	15.3153	932.23779	6.843681e5
ref_HTGPGILSMANAGPNTNGSQ_z3	1	7548	15.3153	932.45319	6.950376e6
ref_HTGPGILSMANAGPNTNGSQ_z3	1	7548	15.3153	932.78729	3.534028e6
ref_HTGPGILSMANAGPNTNGSQ_z3	1	7548	15.3153	933.12103	2.400340e6
ref_HTGPGILSMANAGPNTNGSQ_z3	1	7548	15.3153	933.29071	6.198709e5
ref_HTGPGILSMANAGPNTNGSQ_z3	1	7548	15.3153	933.31396	7.307074e5
ref_HTGPGILSMANAGPNTNGSQ_z3	1	7548	15.3153	933.34882	7.156569e5
ref_LIFAGKQLEDGRTLSDYNIQ_z3	-1	7044	14.7814	817.69507	1.628945e6
ref_LIFAGKQLEDGRTLSDYNIQ_z3	-1	7044	14.7814	818.42444	9.718741e5
ref_LIFAGKQLEDGRTLSDYNIQ_z3	-1	7044	14.7814	818.44873	1.274881e7
ref_LIFAGKQLEDGRTLSDYNIQ_z3	-1	7044	14.7814	819.03827	1.111471e6
ref_LIFAGKQLEDGRTLSDYNIQ_z3	-1	7044	14.7814	819.45154	4.487258e6
ref_LIFAGKQLEDGRTLSDYNIQ_z3	-1	7044	14.7814	819.80048	5.995558e5
ref_LIFAGKQLEDGRTLSDYNIQ_z3	-1	7044	14.7814	819.90533	6.139034e5
ref_LIFAGKQLEDGRTLSDYNIQ_z3	-1	7044	14.7814	820.13507	7.339047e5
ref_LIFAGKQLEDGRTLSDYNIQ_z3	-1	7044	14.7814	820.37482	7.150375e5
ref_LIFAGKQLEDGRTLSDYNIQ_z3	0	7059	14.7974	818.44812	2.801587e7
ref_LIFAGKQLEDGRTLSDYNIQ_z3	0	7059	14.7974	819.06085	6.239154e6
ref_LIFAGKQLEDGRTLSDYNIQ_z3	0	7059	14.7974	819.45251	6.114494e6
ref_LIFAGKQLEDGRTLSDYNIQ_z3	1	7076	14.8140	819.71649	6.136262e6
ref_LIFAGKQLEDGRTLSDYNIQ_z3	1	7076	14.8140	819.90332	5.518934e6
ref_AVVQDPALKPLALVYGEATS_z4	-1	7994	15.7872	615.02313	9.147103e6
ref_AVVQDPALKPLALVYGEATS_z4	0	8001	15.7965	614.85181	1.300321e7
ref_AVVQDPALKPLALVYGEATS_z4	0	8001	15.7965	615.02252	2.172837e7
ref_AVVQDPALKPLALVYGEATS_z4	0	8001	15.7965	615.10266	3.192128e7
ref_AVVQDPALKPLALVYGEATS_z4	0	8001	15.7965	615.35504	1.834039e7
ref_AVVQDPALKPLALVYGEATS_z4	1	8014	15.8103	615.00861	1.765719e7
ref_AVVQDPALKPLALVYGEATS_z4	1	8014	15.8103	615.02258	1.254803e8
ref_AVVQDPALKPLALVYGEATS_z4	1	8014	15.8103	615.10406	2.127644e7
ref_AVVQDPALKPLALVYGEATS_z4	1	8014	15.8103	615.35638	1.129209e8
ref_AVVQDPALKPLALVYGEATS_z4	1	8014	15.8103	615.69073	1.092637e8
ref_AVVQDPALKPLALVYGEATS_z4	1	8014	15.8103	616.02484	2.727500e7
ref_AVLKDGPLTGTYRLVQFHFH_z5	-1	6772	14.4916	791.99628	2.214246e6
ref_AVLKDGPLTGTYRLVQFHFH_z5	-1	6772	14.4916	792.09906	5.374826e5
ref_AVLKDGPLTGTYRLVQFHFH_z5	-1	6772	14.4916	792.19659	6.379384e6
ref_AVLKDGPLTGTYRLVQFHFH_z5	-1	6772	14.4916	792.39764	9.454661e6
ref_AVLKDGPLTGTYRLVQFHFH_z5	-1	6772	14.4916	792.42230	4.958958e5
ref_AVLKDGPLTGTYRLVQFHFH_z5	-1	6772	14.4916	792.59802	7.979537e6
ref_AVLKDGPLTGTYRLVQFHFH_z5	-1	6772	14.4916	792.79852	5.235311e6
ref_AVLKDGPLTGTYRLVQFHFH_z5	-1	6772	14.4916	792.88599	4.038235e5
ref_AVLKDGPLTGTYRLVQFHFH_z5	-1	6772	14.4916	792.99829	1.014878e6
ref_AVLKDGPLTGTYRLVQFHFH_z5	-1	6772	14.4916	793.09485	5.060929e5
ref_AVLKDGPLTGTYRLVQFHFH_z5	-1	6772	14.4916	793.20032	7.412274e5
ref_AVLKDGPLTGTYRLVQFHFH_z5	-1	6772	14.4916	793.40271	8.415330e5
ref_AVLKDGPLTGTYRLVQFHFH_z5	0	6787	14.5077	791.99597	7.228170e6
ref_AVLKDGPLTGTYRLVQFHFH_z5	0	6787	14.5077	792.19672	1.077785e7
ref_AVLKDGPLTGTYRLVQFHFH_z5	0	6787	14.5077	792.39722	1.196863e7
ref_AVLKDGPLTGTYRLVQFHFH_z5	0	6787	14.5077	792.59772	9.851618e6
ref_AVLKDGPLTGTYRLVQFHFH_z5	0	6787	14.5077	792.79816	5.715589e6
ref_AVLKDGPLTGTYRLVQFHFH_z5	0	6787	14.5077	792.99890	3.242760e6
ref_AVLKDGPLTGTYRLVQFHFH_z5	0	6787	14.5077	793.20056	1.087438e6
ref_AVLKDGPLTGTYRLVQFHFH_z5	1	6802	14.5243	791.99542	8.421677e6
ref_AVLKDGPLTGTYRLVQFHFH_z5	1	6802	14.5243	792.39594	2.995676e6
ref_AVLKDGPLTGTYRLVQFHFH_z5	1	6802	14.5243	792.59839	6.645558e6
ref_AVLKDGPLTGTYRLVQFHFH_z5	1	6802	14.5243	793.40070	3.469279e6
ref_SAYPGQITSNMFCAGYLEGG_z3	-1	7627	15.3976	1295.57153	3.992665e6
ref_SAYPGQITSNMFCAGYLEGG_z3	-1	7627	15.3976	1295.90601	7.835824e6
ref_SAYPGQITSNMFCAGYLEGG_z3	-1	7627	15.3976	1296.23975	1.023020e7
ref_SAYPGQITSNMFCAGYLEGG_z3	-1	7627	15.3976	1296.53870	4.097686e5
ref_SAYPGQITSNMFCAGYLEGG_z3	-1	7627	15.3976	1296.57422	8.270306e6
ref_SAYPGQITSNMFCAGYLEGG_z3	-1	7627	15.3976	1296.90735	5.693033e6
ref_SAYPGQITSNMFCAGYLEGG_z3	-1	7627	15.3976	1297.24048	3.624901e6
ref_SAYPGQITSNMFCAGYLEGG_z3	-1	7627	15.3976	1297.51221	9.412838e5
ref_SAYPGQITSNMFCAGYLEGG_z3	-1	7627	15.3976	1297.57605	1.039190e6
ref_SAYPGQITSNMFCAGYLEGG_z3	0	7642	15.4136	1295.50549	2.308445e6
ref_SAYPGQITSNMFCAGYLEGG_z3	0	7642	15.4136	1295.56982	2.469782e6
ref_SAYPGQITSNMFCAGYLEGG_z3	0	7642	15.4136	1295.90491	9.749300e6
ref_SAYPGQITSNMFCAGYLEGG_z3	0	7642	15.4136	1296.01599	1.866171e6
ref_SAYPGQITSNMFCAGYLEGG_z3	0	7642	15.4136	1296.23950	1.414587e7
ref_SAYPGQITSNMFCAGYLEGG_z3	0	7642	15.4136	1296.50732	2.032763e6
ref_SAYPGQITSNMFCAGYLEGG_z3	0	7642	15.4136	1296.57288	1.038068e7
ref_SAYPGQITSNMFCAGYLEGG_z3	0	7642	15.4136	1296.90515	9.091847e6
ref_SAYPGQITSNMFCAGYLEGG_z3	0	7642	15.4136	1297.23962	2.678314e6
ref_SAYPGQITSNMFCAGYLEGG_z3	0	7642	15.4136	1297.28284	2.469021e6
ref_SAYPGQITSNMFCAGYLEGG_z3	0	7642	15.4136	1297.57568	2.644218e6
ref_SAYPGQITSNMFCAGYLEGG_z3	1	7658	15.4304	1295.57336	1.707755e6
ref_SAYPGQITSNMFCAGYLEGG_z3	1	7658	15.4304	1295.61108	2.751394e6
ref_SAYPGQITSNMFCAGYLEGG_z3	1	7658	15.4304	1295.90625	3.577304e6
ref_SAYPGQITSNMFCAGYLEGG_z3	1	7658	15.4304	1295.94373	1.725084e6
ref_SAYPGQITSNMFCAGYLEGG_z3	1	7658	15.4304	1296.23926	2.588379e6
ref_SAYPGQITSNMFCAGYLEGG_z3	1	7658	15.4304	1296.28040	1.535830e6
ref_SAYPGQITSNMFCAGYLEGG_z3	1	7658	15.4304	1296.57068	3.299856e6
ref_SAYPGQITSNMFCAGYLEGG_z3	1	7658	15.4304	1296.61633	1.661530e6
ref_SAYPGQITSNMFCAGYLEGG_z3	1	7658	15.4304	1296.84692	1.924814e6
ref_SAYPGQITSNMFCAGYLEGG_z3	1	7658	15.4304	1296.90845	1.362505e6
ref_SAYPGQITSNMFCAGYLEGG_z3	1	7658	15.4304	1296.95093	1.613603e6
ref_SAYPGQITSNMFCAGYLEGG_z3	1	7658	15.4304	1297.24072	1.439160e6
ref_SAYPGQITSNMFCAGYLEGG_z3	1	7658	15.4304	1297.28284	1.884968e6
ref_AISNNEADAVTLDGGLVYEA_z5	-1	7240	14.9897	791.12115	4.906446e5
ref_AISNNEADAVTLDGGLVYEA_z5	-1	7240	14.9897	791.22223	4.241646e6
ref_AISNNEADAVTLDGGLVYEA_z5	-1	7240	14.9897	791.42340	5.183174e6
ref_AISNNEADAVTLDGGLVYEA_z5	-1	7240	14.9897	791.62372	7.260316e6
ref_AISNNEADAVTLDGGLVYEA_z5	-1	7240	14.9897	791.82434	6.815717e6
ref_AISNNEADAVTLDGGLVYEA_z5	-1	7240	14.9897	791.92212	9.207424e5
ref_AISNNEADAVTLDGGLVYEA_z5	-1	7240	14.9897	792.02472	3.369349e6
ref_AISNNEADAVTLDGGLVYEA_z5	-1	7240	14.9897	792.22565	1.833840e6
ref_AISNNEADAVTLDGGLVYEA_z5	-1	7240	14.9897	792.42480	1.452879e6
ref_AISNNEADAVTLDGGLVYEA_z5	0	7256	15.0064	791.01892	6.436891e5
ref_AISNNEADAVTLDGGLVYEA_z5	0	7256	15.0064	791.11450	7.850066e5
ref_AISNNEADAVTLDGGLVYEA_z5	0	7256	15.0064	791.22229	2.014513e7
ref_AISNNEADAVTLDGGLVYEA_z5	0	7256	15.0064	791.37909	8.147644e5
ref_AISNNEADAVTLDGGLVYEA_z5	0	7256	15.0064	791.42297	4.691372e7
ref_AISNNEADAVTLDGGLVYEA_z5	0	7256	15.0064	791.57861	6.362722e5
ref_AISNNEADAVTLDGGLVYEA_z5	0	7256	15.0064	791.62354	5.586090e7
ref_AISNNEADAVTLDGGLVYEA_z5	0	7256	15.0064	791.82404	4.539514e7
ref_AISNNEADAVTLDGGLVYEA_z5	0	7256	15.0064	792.02460	2.424058e7
ref_AISNNEADAVTLDGGLVYEA_z5	0	7256	15.0064	792.22485	1.359904e7
ref_AISNNEADAVTLDGGLVYEA_z5	0	7256	15.0064	792.35229	7.933329e5
ref_AISNNEADAVTLDGGLVYEA_z5	0	7256	15.0064	792.37036	6.996267e5
ref_AISNNEADAVTLDGGLVYEA_z5	0	7256	15.0064	792.42566	5.884000e6
ref_AISNNEADAVTLDGGLVYEA_z5	1	7272	15.0231	790.71075	4.136978e5
ref_AISNNEADAVTLDGGLVYEA_z5	1	7272	15.0231	791.02179	7.278969e5
ref_AISNNEADAVTLDGGLVYEA_z5	1	7272	15.0231	791.22260	2.061442e7
ref_AISNNEADAVTLDGGLVYEA_z5	1	7272	15.0231	791.42316	4.269510e7
ref_AISNNEADAVTLDGGLVYEA_z5	1	7272	15.0231	791.62360	3.969980e7
ref_AISNNEADAVTLDGGLVYEA_z5	1	7272	15.0231	791.68127	4.194943e5
ref_AISNNEADAVTLDGGLVYEA_z5	1	7272	15.0231	791.82416	3.817135e7
ref_AISNNEADAVTLDGGLVYEA_z5	1	7272	15.0231	791.86780	3.667012e5
ref_AISNNEADAVTLDGGLVYEA_z5	1	7272	15.0231	792.02484	2.217309e7
ref_AISNNEADAVTLDGGLVYEA_z5	1	7272	15.0231	792.22534	1.308829e7
ref_AISNNEADAVTLDGGLVYEA_z5	1	7272	15.0231	792.42554	4.261928e6
ref_AISNNEADAVTLDGGLVYEA_z5	1	7272	15.0231	792.62598	2.069858e6
ref_EPISVSSQQMLK_z1	-1	6802	14.5243	1389.71619	1.886073e9
ref_EPISVSSQQMLK_z1	-1	6802	14.5243	1389.81653	1.114168e7
ref_EPISVSSQQMLK_z1	-1	6802	14.5243	1390.04712	7.220573e6
ref_EPISVSSQQMLK_z1	-1	6802	14.5243	1390.21790	4.604056e7
ref_EPISVSSQQMLK_z1	-1	6802	14.5243	1390.38452	1.489910e7
ref_EPISVSSQQMLK_z1	-1	6802	14.5243	1390.71899	1.336636e9
ref_EPISVSSQQMLK_z1	-1	6802	14.5243	1390.79871	6.233154e6
ref_EPISVSSQQMLK_z1	-1	6802	14.5243	1390.81714	6.256822e6
ref_EPISVSSQQMLK_z1	-1	6802	14.5243	1391.05212	7.215196e6
ref_EPISVSSQQMLK_z1	-1	6802	14.5243	1391.22009	2.545237e7
ref_EPISVSSQQMLK_z1	-1	6802	14.5243	1391.72083	6.211142e8
ref_EPISVSSQQMLK_z1	-1	6802	14.5243	1392.22205	9.203610e6
ref_EPISVSSQQMLK_z1	-1	6802	14.5243	1392.72205	2.061869e8
ref_EPISVSSQQMLK_z1	-1	6802	14.5243	1393.72412	5.049090e7
ref_EPISVSSQQMLK_z1	-1	6802	14.5243	1394.72534	1.709869e7
ref_EPISVSSQQMLK_z1	0	6818	14.5409	1389.71643	6.499140e9
ref_EPISVSSQQMLK_z1	0	6818	14.5409	1390.21729	1.506546e8
ref_EPISVSSQQMLK_z1	0	6818	14.5409	1390.38525	3.392215e7
ref_EPISVSSQQMLK_z1	0	6818	14.5409	1390.71936	4.504694e9
ref_EPISVSSQQMLK_z1	0	6818	14.5409	1390.82288	1.695876e7
ref_EPISVSSQQMLK_z1	0	6818	14.5409	1390.84497	1.636379e7
ref_EPISVSSQQMLK_z1	0	6818	14.5409	1391.21960	1.165476e8
ref_EPISVSSQQMLK_z1	0	6818	14.5409	1391.38562	2.511878e7
ref_EPISVSSQQMLK_z1	0	6818	14.5409	1391.72119	1.916701e9
ref_EPISVSSQQMLK_z1	0	6818	14.5409	1392.22058	1.992534e7
ref_EPISVSSQQMLK_z1	0	6818	14.5409	1392.72253	7.287816e8
ref_EPISVSSQQMLK_z1	0	6818	14.5409	1393.72498	1.963541e8
ref_EPISVSSQQMLK_z1	0	6818	14.5409	1394.72693	4.975128e7
ref_EPISVSSQQMLK_z1	1	6835	14.5574	1389.71655	2.500798e9
ref_EPISVSSQQMLK_z1	1	6835	14.5574	1390.71948	1.824003e9
ref_EPISVSSQQMLK_z1	1	6835	14.5574	1391.72095	8.414496e8
ref_EPISVSSQQMLK_z1	1	6835	14.5574	1392.72327	2.920777e8
ref_EPISVSSQQMLK_z1	1	6835	14.5574	1393.72095	9.517052e7
ref_CLMEGAGDVAFVK_z2	-1	6587	14.2964	698.09363	4.905697e5
ref_CLMEGAGDVAFVK_z2	-1	6587	14.2964	698.32874	3.958928e5
ref_CLMEGAGDVAFVK_z2	-1	6587	14.2964	698.33417	2.876929e5
ref_CLMEGAGDVAFVK_z2	-1	6587	14.2964	698.35187	2.947699e6
ref_CLMEGAGDVAFVK_z2	-1	6587	14.2964	698.37854	2.617735e5
ref_CLMEGAGDVAFVK_z2	-1	6587	14.2964	698.39752	6.331895e5
ref_CLMEGAGDVAFVK_z2	-1	6587	14.2964	698.68567	2.788432e6
ref_CLMEGAGDVAFVK_z2	-1	6587	14.2964	698.84045	3.237034e7
ref_CLMEGAGDVAFVK_z2	-1	6587	14.2964	698.86810	6.422645e6
ref_CLMEGAGDVAFVK_z2	-1	6587	14.2964	699.02002	1.980872e6
ref_CLMEGAGDVAFVK_z2	-1	6587	14.2964	699.34186	2.417499e7
ref_CLMEGAGDVAFVK_z2	-1	6587	14.2964	699.37024	6.147672e6
ref_CLMEGAGDVAFVK_z2	-1	6587	14.2964	699.42188	7.185979e5
ref_CLMEGAGDVAFVK_z2	-1	6587	14.2964	699.68890	3.981350e5
ref_CLMEGAGDVAFVK_z2	-1	6587	14.2964	699.84229	1.060603e7
ref_CLMEGAGDVAFVK_z2	-1	6587	14.2964	699.87091	2.610569e6
ref_CLMEGAGDVAFVK_z2	-1	6587	14.2964	700.03644	3.336873e6
ref_CLMEGAGDVAFVK_z2	-1	6587	14.2964	700.10840	2.860111e5
ref_CLMEGAGDVAFVK_z2	-1	6587	14.2964	700.34253	4.248586e6
ref_CLMEGAGDVAFVK_z2	-1	6587	14.2964	700.37183	3.244531e6
ref_CLMEGAGDVAFVK_z2	-1	6587	14.2964	700.70551	2.333528e6
ref_CLMEGAGDVAFVK_z2	-1	6587	14.2964	700.84357	1.056814e6
ref_CLMEGAGDVAFVK_z2	-1	6587	14.2964	701.03900	6.096154e5
ref_CLMEGAGDVAFVK_z2	-1	6587	14.2964	701.12488	2.814961e5
ref_CLMEGAGDVAFVK_z2	-1	6587	14.2964	701.27863	5.903218e5
ref_CLMEGAGDVAFVK_z2	-1	6587	14.2964	701.35248	8.905890e5
ref_CLMEGAGDVAFVK_z2	-1	6587	14.2964	701.37463	5.500414e5
ref_CLMEGAGDVAFVK_z2	-1	6587	14.2964	701.81281	6.054924e5
ref_CLMEGAGDVAFVK_z2	-1	6587	14.2964	702.12372	8.897616e5
ref_CLMEGAGDVAFVK_z2	0	6602	14.3126	698.35181	2.847582e6
ref_CLMEGAGDVAFVK_z2	0	6602	14.3126	698.39899	5.521631e5
ref_CLMEGAGDVAFVK_z2	0	6602	14.3126	698.68579	2.084457e6
ref_CLMEGAGDVAFVK_z2	0	6602	14.3126	698.73694	4.214454e5
ref_CLMEGAGDVAFVK_z2	0	6602	14.3126	698.84064	3.873796e7
ref_CLMEGAGDVAFVK_z2	0	6602	14.3126	698.86829	6.684118e6
ref_CLMEGAGDVAFVK_z2	0	6602	14.3126	699.02045	1.199887e6
ref_CLMEGAGDVAFVK_z2	0	6602	14.3126	699.34198	2.888255e7
ref_CLMEGAGDVAFVK_z2	0	6602	14.3126	699.37030	4.829594e6
ref_CLMEGAGDVAFVK_z2	0	6602	14.3126	699.84253	1.229023e7
ref_CLMEGAGDVAFVK_z2	0	6602	14.3126	699.87085	2.285844e6
ref_CLMEGAGDVAFVK_z2	0	6602	14.3126	700.03680	2.132751e6
ref_CLMEGAGDVAFVK_z2	0	6602	14.3126	700.34186	5.079260e6
ref_CLMEGAGDVAFVK_z2	0	6602	14.3126	700.37152	3.165023e6
ref_CLMEGAGDVAFVK_z2	0	6602	14.3126	700.70483	1.477854e6
ref_CLMEGAGDVAFVK_z2	0	6602	14.3126	700.84174	1.784026e6
ref_CLMEGAGDVAFVK_z2	0	6602	14.3126	700.88843	3.401630e5
ref_CLMEGAGDVAFVK_z2	0	6602	14.3126	701.03882	6.010826e5
ref_CLMEGAGDVAFVK_z2	0	6602	14.3126	701.18311	6.578161e5
ref_CLMEGAGDVAFVK_z2	0	6602	14.3126	701.35260	8.289478e5
ref_CLMEGAGDVAFVK_z2	0	6602	14.3126	701.37030	5.239668e5
ref_CLMEGAGDVAFVK_z2	0	6602	14.3126	702.01929	5.105775e5
ref_CLMEGAGDVAFVK_z2	0	6602	14.3126	702.12347	1.497460e6
ref_CLMEGAGDVAFVK_z2	1	6617	14.3285	698.07666	6.013595e5
ref_CLMEGAGDVAFVK_z2	1	6617	14.3285	698.09558	3.983923e5
ref_CLMEGAGDVAFVK_z2	1	6617	14.3285	698.11127	3.031497e5
ref_CLMEGAGDVAFVK_z2	1	6617	14.3285	698.16418	2.483559e5
ref_CLMEGAGDVAFVK_z2	1	6617	14.3285	698.32843	4.946593e5
ref_CLMEGAGDVAFVK_z2	1	6617	14.3285	698.35315	5.899860e5
ref_CLMEGAGDVAFVK_z2	1	6617	14.3285	698.38062	2.432439e5
ref_CLMEGAGDVAFVK_z2	1	6617	14.3285	698.39795	5.570635e5
ref_CLMEGAGDVAFVK_z2	1	6617	14.3285	698.41595	5.859996e5
ref_CLMEGAGDVAFVK_z2	1	6617	14.3285	698.57965	4.353242e5
ref_CLMEGAGDVAFVK_z2	1	6617	14.3285	698.84082	5.418622e6
ref_CLMEGAGDVAFVK_z2	1	6617	14.3285	698.86847	1.531490e6
ref_CLMEGAGDVAFVK_z2	1	6617	14.3285	699.01874	2.506822e5
ref_CLMEGAGDVAFVK_z2	1	6617	14.3285	699.08063	5.853276e5
ref_CLMEGAGDVAFVK_z2	1	6617	14.3285	699.34210	3.288297e6
ref_CLMEGAGDVAFVK_z2	1	6617	14.3285	699.37146	1.272054e6
ref_CLMEGAGDVAFVK_z2	1	6617	14.3285	699.62341	3.344930e5
ref_CLMEGAGDVAFVK_z2	1	6617	14.3285	699.84259	1.730313e6
ref_CLMEGAGDVAFVK_z2	1	6617	14.3285	699.87213	7.699038e5
ref_CLMEGAGDVAFVK_z2	1	6617	14.3285	700.03894	3.070937e5
ref_CLMEGAGDVAFVK_z2	1	6617	14.3285	700.10883	3.638408e5
ref_CLMEGAGDVAFVK_z2	1	6617	14.3285	700.34198	7.009818e5
ref_CLMEGAGDVAFVK_z2	1	6617	14.3285	700.36938	3.152051e5
ref_CLMEGAGDVAFVK_z2	1	6617	14.3285	700.82782	4.072037e5
ref_CLMEGAGDVAFVK_z2	1	6617	14.3285	701.18256	5.613999e5
ref_CLMEGAGDVAFVK_z2	1	6617	14.3285	701.31183	3.263186e5
ref_CLMEGAGDVAFVK_z2	1	6617	14.3285	702.11023	2.751885e5
ref_CLMEGAGDVAFVK_z2	1	6617	14.3285	702.12427	1.413019e6
ref_GGGGGGYGSGGSSYGSGGGS_z2	-1	3226	10.5294	1192.99292	6.552513e5
ref_GGGGGGYGSGGSSYGSGGGS_z2	-1	3226	10.5294	1193.49365	4.758605e5
ref_GGGGGGYGSGGSSYGSGGGS_z2	0	3231	10.5373	1192.99329	8.647375e5
ref_GGGGGGYGSGGSSYGSGGGS_z2	1	3234	10.5436	1192.99438	3.672158e5
ref_GGGGGGYGSGGSSYGSGGGS_z2	1	3234	10.5436	1195.50952	3.712805e5
ref_ALEESNYELEGK_z2	-1	4198	11.6775	691.37665	3.301727e6
ref_ALEESNYELEGK_z2	-1	4198	11.6775	691.40265	3.275570e6
ref_ALEESNYELEGK_z2	-1	4198	11.6775	691.41455	6.593349e6
ref_ALEESNYELEGK_z2	-1	4198	11.6775	692.15082	1.063943e6
ref_ALEESNYELEGK_z2	-1	4198	11.6775	692.33478	9.096472e6
ref_ALEESNYELEGK_z2	-1	4198	11.6775	692.37970	8.689463e5
ref_ALEESNYELEGK_z2	-1	4198	11.6775	692.40552	9.323182e5
ref_ALEESNYELEGK_z2	-1	4198	11.6775	692.58545	1.362152e7
ref_ALEESNYELEGK_z2	-1	4198	11.6775	692.83618	1.350677e7
ref_ALEESNYELEGK_z2	-1	4198	11.6775	693.08679	8.475704e6
ref_ALEESNYELEGK_z2	-1	4198	11.6775	693.33801	3.527189e6
ref_ALEESNYELEGK_z2	-1	4198	11.6775	693.58722	8.523758e5
ref_ALEESNYELEGK_z2	-1	4198	11.6775	693.82098	1.206348e6
ref_ALEESNYELEGK_z2	-1	4198	11.6775	694.34729	9.005182e5
ref_ALEESNYELEGK_z2	-1	4198	11.6775	694.38385	1.991598e7
ref_ALEESNYELEGK_z2	-1	4198	11.6775	694.62756	6.836534e5
ref_ALEESNYELEGK_z2	0	4210	11.6910	690.76294	2.823493e5
ref_ALEESNYELEGK_z2	0	4210	11.6910	690.83008	8.600704e5
ref_ALEESNYELEGK_z2	0	4210	11.6910	691.33179	6.923832e5
ref_ALEESNYELEGK_z2	0	4210	11.6910	691.37775	4.077273e5
ref_ALEESNYELEGK_z2	0	4210	11.6910	691.40295	2.682236e6
ref_ALEESNYELEGK_z2	0	4210	11.6910	691.41528	5.028007e6
ref_ALEESNYELEGK_z2	0	4210	11.6910	692.15161	1.338991e6
ref_ALEESNYELEGK_z2	0	4210	11.6910	692.33514	5.934728e7
ref_ALEESNYELEGK_z2	0	4210	11.6910	692.37982	4.129923e5
ref_ALEESNYELEGK_z2	0	4210	11.6910	692.40753	1.238376e6
ref_ALEESNYELEGK_z2	0	4210	11.6910	692.42029	5.043182e5
ref_ALEESNYELEGK_z2	0	4210	11.6910	692.58563	8.633282e7
ref_ALEESNYELEGK_z2	0	4210	11.6910	692.83588	7.033721e7
ref_ALEESNYELEGK_z2	0	4210	11.6910	693.08630	4.241980e7
ref_ALEESNYELEGK_z2	0	4210	11.6910	693.33722	2.194660e7
ref_ALEESNYELEGK_z2	0	4210	11.6910	693.58765	7.790456e6
ref_ALEESNYELEGK_z2	0	4210	11.6910	693.83844	2.874883e6
ref_ALEESNYELEGK_z2	0	4210	11.6910	694.08698	3.717435e5
ref_ALEESNYELEGK_z2	0	4210	11.6910	694.14685	4.489607e5
ref_ALEESNYELEGK_z2	0	4210	11.6910	694.29218	5.350624e5
ref_ALEESNYELEGK_z2	0	4210	11.6910	694.38367	1.580122e7
ref_ALEESNYELEGK_z2	0	4210	11.6910	694.62695	3.987365e5
ref_ALEESNYELEGK_z2	1	4226	11.7077	690.63495	1.319413e6
ref_ALEESNYELEGK_z2	1	4226	11.7077	690.83069	7.761164e5
ref_ALEESNYELEGK_z2	1	4226	11.7077	691.30206	7.750094e5
ref_ALEESNYELEGK_z2	1	4226	11.7077	691.33319	8.347788e5
ref_ALEESNYELEGK_z2	1	4226	11.7077	691.37744	4.769055e5
ref_ALEESNYELEGK_z2	1	4226	11.7077	691.40302	2.838140e6
ref_ALEESNYELEGK_z2	1	4226	11.7077	691.41510	4.956842e6
ref_ALEESNYELEGK_z2	1	4226	11.7077	692.15289	6.910961e5
ref_ALEESNYELEGK_z2	1	4226	11.7077	692.33527	5.411206e7
ref_ALEESNYELEGK_z2	1	4226	11.7077	692.38092	4.244231e5
ref_ALEESNYELEGK_z2	1	4226	11.7077	692.40704	1.103564e6
ref_ALEESNYELEGK_z2	1	4226	11.7077	692.41895	7.960286e5
ref_ALEESNYELEGK_z2	1	4226	11.7077	692.58582	8.535238e7
ref_ALEESNYELEGK_z2	1	4226	11.7077	692.83630	7.073555e7
ref_ALEESNYELEGK_z2	1	4226	11.7077	693.08655	4.378862e7
ref_ALEESNYELEGK_z2	1	4226	11.7077	693.33746	1.823647e7
ref_ALEESNYELEGK_z2	1	4226	11.7077	693.35864	4.475347e5
ref_ALEESNYELEGK_z2	1	4226	11.7077	693.36145	2.970061e5
ref_ALEESNYELEGK_z2	1	4226	11.7077	693.40973	4.477068e5
ref_ALEESNYELEGK_z2	1	4226	11.7077	693.58838	7.183692e6
ref_ALEESNYELEGK_z2	1	4226	11.7077	693.83807	1.019938e6
ref_ALEESNYELEGK_z2	1	4226	11.7077	693.95685	7.841712e5
ref_ALEESNYELEGK_z2	1	4226	11.7077	694.08801	7.720281e5
ref_ALEESNYELEGK_z2	1	4226	11.7077	694.14984	3.086899e5
ref_ALEESNYELEGK_z2	1	4226	11.7077	694.38416	1.900278e7
ref_ALEESNYELEGK_z2	1	4226	11.7077	694.62958	1.084328e6
ref_GGGGGGYGSGGSSYGSGGGS_z3	-1	3211	10.5098	795.32867	4.506715e5
ref_GGGGGGYGSGGSSYGSGGGS_z3	-1	3211	10.5098	795.66400	4.106594e5
ref_GGGGGGYGSGGSSYGSGGGS_z3	-1	3211	10.5098	795.99646	2.905205e5
ref_GGGGGGYGSGGSSYGSGGGS_z3	0	3219	10.5201	795.66461	9.129982e5
ref_GGGGGGYGSGGSSYGSGGGS_z3	1	3226	10.5294	795.32928	1.284238e6
ref_GGGGGGYGSGGSSYGSGGGS_z3	1	3226	10.5294	795.66486	8.393371e5
ref_GGGGGGYGSGGSSYGSGGGS_z3	1	3226	10.5294	796.00043	3.722501e5
ref_HNGPEHWHKDFPIANGER_z3	-1	4464	11.9922	722.16107	6.477168e5
ref_HNGPEHWHKDFPIANGER_z3	-1	4464	11.9922	722.68121	4.729328e6
ref_HNGPEHWHKDFPIANGER_z3	-1	4464	11.9922	723.01538	5.757492e6
ref_HNGPEHWHKDFPIANGER_z3	-1	4464	11.9922	723.35016	5.818993e6
ref_HNGPEHWHKDFPIANGER_z3	-1	4464	11.9922	723.37378	3.687362e6
ref_HNGPEHWHKDFPIANGER_z3	-1	4464	11.9922	723.68378	1.155602e6
ref_HNGPEHWHKDFPIANGER_z3	-1	4464	11.9922	723.81110	3.526154e7
ref_HNGPEHWHKDFPIANGER_z3	-1	4464	11.9922	723.85010	5.414866e5
ref_HNGPEHWHKDFPIANGER_z3	-1	4464	11.9922	723.98224	8.949279e5
ref_HNGPEHWHKDFPIANGER_z3	-1	4464	11.9922	724.01947	5.264568e5
ref_HNGPEHWHKDFPIANGER_z3	-1	4464	11.9922	724.31244	3.176858e7
ref_HNGPEHWHKDFPIANGER_z3	-1	4464	11.9922	724.37659	9.229187e5
ref_HNGPEHWHKDFPIANGER_z3	-1	4464	11.9922	724.40533	1.074830e7
ref_HNGPEHWHKDFPIANGER_z3	-1	4464	11.9922	724.64581	1.131110e6
ref_HNGPEHWHKDFPIANGER_z3	-1	4464	11.9922	724.81378	1.113595e7
ref_HNGPEHWHKDFPIANGER_z3	-1	4464	11.9922	724.98022	1.145377e6
ref_HNGPEHWHKDFPIANGER_z3	0	4474	12.0053	722.10693	5.752966e5
ref_HNGPEHWHKDFPIANGER_z3	0	4474	12.0053	722.68176	9.663593e6
ref_HNGPEHWHKDFPIANGER_z3	0	4474	12.0053	723.01593	1.418406e7
ref_HNGPEHWHKDFPIANGER_z3	0	4474	12.0053	723.35071	8.744888e6
ref_HNGPEHWHKDFPIANGER_z3	0	4474	12.0053	723.37378	3.611060e6
ref_HNGPEHWHKDFPIANGER_z3	0	4474	12.0053	723.68420	3.146157e6
ref_HNGPEHWHKDFPIANGER_z3	0	4474	12.0053	723.81152	2.314225e8
ref_HNGPEHWHKDFPIANGER_z3	0	4474	12.0053	723.84985	1.175132e6
ref_HNGPEHWHKDFPIANGER_z3	0	4474	12.0053	723.85864	6.115596e5
ref_HNGPEHWHKDFPIANGER_z3	0	4474	12.0053	724.01868	1.626863e6
ref_HNGPEHWHKDFPIANGER_z3	0	4474	12.0053	724.31281	1.829211e8
ref_HNGPEHWHKDFPIANGER_z3	0	4474	12.0053	724.35168	1.483197e6
ref_HNGPEHWHKDFPIANGER_z3	0	4474	12.0053	724.37524	1.025590e6
ref_HNGPEHWHKDFPIANGER_z3	0	4474	12.0053	724.40546	1.928043e7
ref_HNGPEHWHKDFPIANGER_z3	0	4474	12.0053	724.64557	4.372232e6
ref_HNGPEHWHKDFPIANGER_z3	0	4474	12.0053	724.81421	7.395542e7
ref_HNGPEHWHKDFPIANGER_z3	0	4474	12.0053	724.97961	3.346351e6
ref_HNGPEHWHKDFPIANGER_z3	1	4488	12.0217	722.68158	5.007048e6
ref_HNGPEHWHKDFPIANGER_z3	1	4488	12.0217	723.01569	3.223889e6
ref_HNGPEHWHKDFPIANGER_z3	1	4488	12.0217	723.30231	5.807030e5
ref_HNGPEHWHKDFPIANGER_z3	1	4488	12.0217	723.34998	2.205432e6
ref_HNGPEHWHKDFPIANGER_z3	1	4488	12.0217	723.37433	4.281288e6
ref_HNGPEHWHKDFPIANGER_z3	1	4488	12.0217	723.76208	8.251396e5
ref_HNGPEHWHKDFPIANGER_z3	1	4488	12.0217	723.81146	4.226844e8
ref_HNGPEHWHKDFPIANGER_z3	1	4488	12.0217	723.98260	6.895322e5
ref_HNGPEHWHKDFPIANGER_z3	1	4488	12.0217	724.31281	3.044052e8
ref_HNGPEHWHKDFPIANGER_z3	1	4488	12.0217	724.35150	1.917587e6
ref_HNGPEHWHKDFPIANGER_z3	1	4488	12.0217	724.37622	1.414404e6
ref_HNGPEHWHKDFPIANGER_z3	1	4488	12.0217	724.40546	2.018539e7
ref_HNGPEHWHKDFPIANGER_z3	1	4488	12.0217	724.64594	2.303532e6
ref_HNGPEHWHKDFPIANGER_z3	1	4488	12.0217	724.81415	1.402939e8
ref_AVVQDPALKPLALVYGEATS_z3	-1	7364	15.1207	790.37006	7.256278e5
ref_AVVQDPALKPLALVYGEATS_z3	-1	7364	15.1207	790.43182	1.663740e7
ref_AVVQDPALKPLALVYGEATS_z3	-1	7364	15.1207	791.11871	6.594771e5
ref_AVVQDPALKPLALVYGEATS_z3	-1	7364	15.1207	791.40594	2.273694e6
ref_AVVQDPALKPLALVYGEATS_z3	-1	7364	15.1207	791.43506	6.647818e6
ref_AVVQDPALKPLALVYGEATS_z3	-1	7364	15.1207	791.68311	9.230518e5
ref_AVVQDPALKPLALVYGEATS_z3	-1	7364	15.1207	791.73920	1.251161e6
ref_AVVQDPALKPLALVYGEATS_z3	-1	7364	15.1207	791.81873	2.106963e6
ref_AVVQDPALKPLALVYGEATS_z3	-1	7364	15.1207	792.01886	1.199512e6
ref_AVVQDPALKPLALVYGEATS_z3	-1	7364	15.1207	792.07367	1.732978e6
ref_AVVQDPALKPLALVYGEATS_z3	-1	7364	15.1207	792.11652	7.998758e5
ref_AVVQDPALKPLALVYGEATS_z3	0	7379	15.1367	790.43207	3.411184e7
ref_AVVQDPALKPLALVYGEATS_z3	0	7379	15.1367	791.43536	1.201224e7
ref_AVVQDPALKPLALVYGEATS_z3	0	7379	15.1367	791.68188	5.046426e6
ref_AVVQDPALKPLALVYGEATS_z3	0	7379	15.1367	792.03772	2.817410e6
ref_AVVQDPALKPLALVYGEATS_z3	1	7396	15.1534	789.68518	5.477192e5
ref_AVVQDPALKPLALVYGEATS_z3	1	7396	15.1534	790.36896	7.319545e5
ref_AVVQDPALKPLALVYGEATS_z3	1	7396	15.1534	790.43201	5.661863e6
ref_AVVQDPALKPLALVYGEATS_z3	1	7396	15.1534	791.27277	8.523019e5
ref_AVVQDPALKPLALVYGEATS_z3	1	7396	15.1534	791.43475	2.403136e6
ref_AVVQDPALKPLALVYGEATS_z3	1	7396	15.1534	791.91461	3.867900e6
ref_KKYAAELHLVHWNTK_z3	-1	6772	14.4916	655.81506	4.533195e5
ref_KKYAAELHLVHWNTK_z3	-1	6772	14.4916	656.27527	1.242325e6
ref_KKYAAELHLVHWNTK_z3	-1	6772	14.4916	656.29126	4.037428e5
ref_KKYAAELHLVHWNTK_z3	-1	6772	14.4916	656.30920	4.199533e5
ref_KKYAAELHLVHWNTK_z3	-1	6772	14.4916	656.32690	5.444714e5
ref_KKYAAELHLVHWNTK_z3	-1	6772	14.4916	656.35364	3.011411e6
ref_KKYAAELHLVHWNTK_z3	-1	6772	14.4916	656.68744	2.676244e6
ref_KKYAAELHLVHWNTK_z3	-1	6772	14.4916	656.78210	8.234170e5
ref_KKYAAELHLVHWNTK_z3	-1	6772	14.4916	656.83374	1.289414e6
ref_KKYAAELHLVHWNTK_z3	-1	6772	14.4916	657.02179	1.715966e6
ref_KKYAAELHLVHWNTK_z3	-1	6772	14.4916	657.04913	1.592614e6
ref_KKYAAELHLVHWNTK_z3	-1	6772	14.4916	657.15765	5.189754e5
ref_KKYAAELHLVHWNTK_z3	-1	6772	14.4916	657.28357	1.049755e6
ref_KKYAAELHLVHWNTK_z3	-1	6772	14.4916	657.30133	1.329084e6
ref_KKYAAELHLVHWNTK_z3	-1	6772	14.4916	657.35504	8.291214e5
ref_KKYAAELHLVHWNTK_z3	-1	6772	14.4916	657.49780	1.403285e6
ref_KKYAAELHLVHWNTK_z3	-1	6772	14.4916	657.55127	1.421631e6
ref_KKYAAELHLVHWNTK_z3	-1	6772	14.4916	657.80377	1.394848e6
ref_KKYAAELHLVHWNTK_z3	-1	6772	14.4916	658.05048	3.671170e5
ref_KKYAAELHLVHWNTK_z3	-1	6772	14.4916	658.31049	3.743648e5
ref_KKYAAELHLVHWNTK_z3	-1	6772	14.4916	658.33966	1.869321e6
ref_KKYAAELHLVHWNTK_z3	-1	6772	14.4916	658.55341	6.762725e5
ref_KKYAAELHLVHWNTK_z3	0	6787	14.5077	655.81836	4.655094e5
ref_KKYAAELHLVHWNTK_z3	0	6787	14.5077	655.95709	6.837708e5
ref_KKYAAELHLVHWNTK_z3	0	6787	14.5077	656.27533	5.378571e5
ref_KKYAAELHLVHWNTK_z3	0	6787	14.5077	656.35309	2.148629e7
ref_KKYAAELHLVHWNTK_z3	0	6787	14.5077	656.68732	2.275406e7
ref_KKYAAELHLVHWNTK_z3	0	6787	14.5077	656.83350	6.484233e5
ref_KKYAAELHLVHWNTK_z3	0	6787	14.5077	657.02161	1.103767e7
ref_KKYAAELHLVHWNTK_z3	0	6787	14.5077	657.15704	8.392329e5
ref_KKYAAELHLVHWNTK_z3	0	6787	14.5077	657.33551	3.904811e5
ref_KKYAAELHLVHWNTK_z3	0	6787	14.5077	657.35577	7.029160e6
ref_KKYAAELHLVHWNTK_z3	0	6787	14.5077	657.66577	3.208842e5
ref_KKYAAELHLVHWNTK_z3	0	6787	14.5077	657.69080	1.916336e6
ref_KKYAAELHLVHWNTK_z3	0	6787	14.5077	657.80316	1.275092e6
ref_KKYAAELHLVHWNTK_z3	0	6787	14.5077	657.82904	5.093922e5
ref_KKYAAELHLVHWNTK_z3	0	6787	14.5077	658.05579	6.393326e5
ref_KKYAAELHLVHWNTK_z3	0	6787	14.5077	658.16071	3.480945e5
ref_KKYAAELHLVHWNTK_z3	0	6787	14.5077	658.28961	4.043142e5
ref_KKYAAELHLVHWNTK_z3	0	6787	14.5077	658.30463	4.263701e5
ref_KKYAAELHLVHWNTK_z3	0	6787	14.5077	658.55255	2.684149e6
ref_KKYAAELHLVHWNTK_z3	1	6802	14.5243	656.33087	5.591592e6
ref_KKYAAELHLVHWNTK_z3	1	6802	14.5243	656.35254	2.009985e7
ref_KKYAAELHLVHWNTK_z3	1	6802	14.5243	656.68701	3.189709e6
ref_KKYAAELHLVHWNTK_z3	1	6802	14.5243	657.02161	7.610838e6
ref_KKYAAELHLVHWNTK_z3	1	6802	14.5243	657.33417	3.308711e6
ref_KKYAAELHLVHWNTK_z3	1	6802	14.5243	658.30481	3.588405e6
ref_KKYAAELHLVHWNTK_z3	1	6802	14.5243	658.43304	2.915200e6
ref_KKYAAELHLVHWNTK_z3	1	6802	14.5243	658.55194	3.899882e7
ref_KPVTDAENCHLAR_z3	-1	3051	10.2805	503.74994	6.061166e4
ref_KPVTDAENCHLAR_z3	-1	3051	10.2805	503.78473	6.641076e4
ref_KPVTDAENCHLAR_z3	-1	3051	10.2805	503.92029	4.933720e4
ref_KPVTDAENCHLAR_z3	-1	3051	10.2805	504.08420	1.153948e5
ref_KPVTDAENCHLAR_z3	-1	3051	10.2805	504.11188	6.513142e4
ref_KPVTDAENCHLAR_z3	-1	3051	10.2805	504.25803	1.291146e7
ref_KPVTDAENCHLAR_z3	-1	3051	10.2805	504.59229	9.402660e6
ref_KPVTDAENCHLAR_z3	-1	3051	10.2805	504.73602	1.091120e5
ref_KPVTDAENCHLAR_z3	-1	3051	10.2805	504.92627	4.431417e6
ref_KPVTDAENCHLAR_z3	-1	3051	10.2805	504.98660	1.196939e5
ref_KPVTDAENCHLAR_z3	-1	3051	10.2805	505.23889	1.361298e5
ref_KPVTDAENCHLAR_z3	-1	3051	10.2805	505.25980	1.405013e6
ref_KPVTDAENCHLAR_z3	-1	3051	10.2805	505.28232	2.703064e5
ref_KPVTDAENCHLAR_z3	-1	3051	10.2805	505.48471	1.016859e5
ref_KPVTDAENCHLAR_z3	-1	3051	10.2805	505.59360	4.073029e5
ref_KPVTDAENCHLAR_z3	-1	3051	10.2805	505.92841	1.109638e5
ref_KPVTDAENCHLAR_z3	-1	3051	10.2805	506.23254	4.776373e4
ref_KPVTDAENCHLAR_z3	-1	3051	10.2805	506.24460	5.026183e4
ref_KPVTDAENCHLAR_z3	-1	3051	10.2805	506.28632	1.002683e5
ref_KPVTDAENCHLAR_z3	0	3057	10.2893	503.78497	5.290550e4
ref_KPVTDAENCHLAR_z3	0	3057	10.2893	503.97760	5.304661e4
ref_KPVTDAENCHLAR_z3	0	3057	10.2893	503.98849	2.474869e5
ref_KPVTDAENCHLAR_z3	0	3057	10.2893	504.08383	1.720763e5
ref_KPVTDAENCHLAR_z3	0	3057	10.2893	504.21722	6.731377e4
ref_KPVTDAENCHLAR_z3	0	3057	10.2893	504.25809	1.776065e7
ref_KPVTDAENCHLAR_z3	0	3057	10.2893	504.48349	1.252239e5
ref_KPVTDAENCHLAR_z3	0	3057	10.2893	504.59213	1.368410e7
ref_KPVTDAENCHLAR_z3	0	3057	10.2893	504.73734	6.689938e4
ref_KPVTDAENCHLAR_z3	0	3057	10.2893	504.92618	6.851824e6
ref_KPVTDAENCHLAR_z3	0	3057	10.2893	504.98218	1.089317e5
ref_KPVTDAENCHLAR_z3	0	3057	10.2893	505.01553	7.362101e4
ref_KPVTDAENCHLAR_z3	0	3057	10.2893	505.23434	6.086802e4
ref_KPVTDAENCHLAR_z3	0	3057	10.2893	505.25992	2.005752e6
ref_KPVTDAENCHLAR_z3	0	3057	10.2893	505.28214	2.511047e5
ref_KPVTDAENCHLAR_z3	0	3057	10.2893	505.29913	7.555093e4
ref_KPVTDAENCHLAR_z3	0	3057	10.2893	505.59402	5.657442e5
ref_KPVTDAENCHLAR_z3	0	3057	10.2893	505.92706	7.563569e4
ref_KPVTDAENCHLAR_z3	0	3057	10.2893	506.23276	1.010585e5
ref_KPVTDAENCHLAR_z3	0	3057	10.2893	506.28732	6.962339e4
ref_KPVTDAENCHLAR_z3	1	3061	10.2965	503.98605	1.866137e5
ref_KPVTDAENCHLAR_z3	1	3061	10.2965	504.08389	1.278704e5
ref_KPVTDAENCHLAR_z3	1	3061	10.2965	504.23010	6.737155e4
ref_KPVTDAENCHLAR_z3	1	3061	10.2965	504.25809	1.540507e7
ref_KPVTDAENCHLAR_z3	1	3061	10.2965	504.48087	1.157607e5
ref_KPVTDAENCHLAR_z3	1	3061	10.2965	504.59222	1.119623e7
ref_KPVTDAENCHLAR_z3	1	3061	10.2965	504.92612	5.378546e6
ref_KPVTDAENCHLAR_z3	1	3061	10.2965	504.98416	9.435192e4
ref_KPVTDAENCHLAR_z3	1	3061	10.2965	505.23367	1.474595e5
ref_KPVTDAENCHLAR_z3	1	3061	10.2965	505.26038	1.559926e6
ref_KPVTDAENCHLAR_z3	1	3061	10.2965	505.28247	2.257325e5
ref_KPVTDAENCHLAR_z3	1	3061	10.2965	505.48325	1.471731e5
ref_KPVTDAENCHLAR_z3	1	3061	10.2965	505.59384	5.717562e5
ref_KPVTDAENCHLAR_z3	1	3061	10.2965	505.88776	1.032608e5
ref_KPVTDAENCHLAR_z3	1	3061	10.2965	505.92642	1.691975e5
ref_KPVTDAENCHLAR_z3	1	3061	10.2965	506.08047	5.875393e4
ref_KPVTDAENCHLAR_z3	1	3061	10.2965	506.23251	1.149183e5
ref_KPVTDAENCHLAR_z3	1	3061	10.2965	506.28635	8.158234e4
ref_SQYEQLAEQNRK_z3	-1	3301	10.6377	498.58798	1.279150e7
ref_SQYEQLAEQNRK_z3	-1	3301	10.6377	498.73450	1.593334e5
ref_SQYEQLAEQNRK_z3	-1	3301	10.6377	498.74612	3.067404e5
ref_SQYEQLAEQNRK_z3	-1	3301	10.6377	498.92230	1.086602e7
ref_SQYEQLAEQNRK_z3	-1	3301	10.6377	499.12653	4.317956e5
ref_SQYEQLAEQNRK_z3	-1	3301	10.6377	499.22745	1.696018e5
ref_SQYEQLAEQNRK_z3	-1	3301	10.6377	499.25668	4.463924e6
ref_SQYEQLAEQNRK_z3	-1	3301	10.6377	499.59061	1.479244e6
ref_SQYEQLAEQNRK_z3	-1	3301	10.6377	499.74625	1.459032e5
ref_SQYEQLAEQNRK_z3	-1	3301	10.6377	499.92499	5.364741e5
ref_SQYEQLAEQNRK_z3	-1	3301	10.6377	500.25247	1.766902e5
ref_SQYEQLAEQNRK_z3	-1	3301	10.6377	500.61530	1.511217e5
ref_SQYEQLAEQNRK_z3	-1	3301	10.6377	500.74203	1.665092e5
ref_SQYEQLAEQNRK_z3	0	3309	10.6480	497.92813	1.208417e6
ref_SQYEQLAEQNRK_z3	0	3309	10.6480	498.26230	9.332576e5
ref_SQYEQLAEQNRK_z3	0	3309	10.6480	498.58789	1.454866e7
ref_SQYEQLAEQNRK_z3	0	3309	10.6480	498.72372	1.015435e5
ref_SQYEQLAEQNRK_z3	0	3309	10.6480	498.74582	4.357634e5
ref_SQYEQLAEQNRK_z3	0	3309	10.6480	498.92227	1.121356e7
ref_SQYEQLAEQNRK_z3	0	3309	10.6480	499.12625	5.067695e5
ref_SQYEQLAEQNRK_z3	0	3309	10.6480	499.22723	1.501479e5
ref_SQYEQLAEQNRK_z3	0	3309	10.6480	499.24573	1.535320e5
ref_SQYEQLAEQNRK_z3	0	3309	10.6480	499.25644	4.548380e6
ref_SQYEQLAEQNRK_z3	0	3309	10.6480	499.27396	2.411457e5
ref_SQYEQLAEQNRK_z3	0	3309	10.6480	499.59055	1.852637e6
ref_SQYEQLAEQNRK_z3	0	3309	10.6480	499.72900	8.655496e4
ref_SQYEQLAEQNRK_z3	0	3309	10.6480	499.77576	1.201014e5
ref_SQYEQLAEQNRK_z3	0	3309	10.6480	499.91635	1.346814e5
ref_SQYEQLAEQNRK_z3	0	3309	10.6480	499.92505	3.147852e5
ref_SQYEQLAEQNRK_z3	0	3309	10.6480	500.25171	1.066141e5
ref_SQYEQLAEQNRK_z3	0	3309	10.6480	500.26398	1.300003e5
ref_SQYEQLAEQNRK_z3	1	3314	10.6559	497.92828	4.554910e6
ref_SQYEQLAEQNRK_z3	1	3314	10.6559	497.99600	1.055949e5
ref_SQYEQLAEQNRK_z3	1	3314	10.6559	498.14389	1.141554e5
ref_SQYEQLAEQNRK_z3	1	3314	10.6559	498.26276	3.757220e6
ref_SQYEQLAEQNRK_z3	1	3314	10.6559	498.58807	8.920749e6
ref_SQYEQLAEQNRK_z3	1	3314	10.6559	498.59720	1.093852e6
ref_SQYEQLAEQNRK_z3	1	3314	10.6559	498.71494	1.330356e5
ref_SQYEQLAEQNRK_z3	1	3314	10.6559	498.72437	1.097127e5
ref_SQYEQLAEQNRK_z3	1	3314	10.6559	498.74594	3.661755e5
ref_SQYEQLAEQNRK_z3	1	3314	10.6559	498.92239	7.390102e6
ref_SQYEQLAEQNRK_z3	1	3314	10.6559	499.11121	1.049745e5
ref_SQYEQLAEQNRK_z3	1	3314	10.6559	499.12619	2.839946e5
ref_SQYEQLAEQNRK_z3	1	3314	10.6559	499.22845	1.127377e5
ref_SQYEQLAEQNRK_z3	1	3314	10.6559	499.24759	2.227911e5
ref_SQYEQLAEQNRK_z3	1	3314	10.6559	499.25662	3.162926e6
ref_SQYEQLAEQNRK_z3	1	3314	10.6559	499.59070	1.113131e6
ref_SQYEQLAEQNRK_z3	1	3314	10.6559	499.76352	1.183586e5
ref_SQYEQLAEQNRK_z3	1	3314	10.6559	499.77582	9.920667e4
ref_SQYEQLAEQNRK_z3	1	3314	10.6559	499.92462	3.496506e5
ref_SQYEQLAEQNRK_z3	1	3314	10.6559	500.02228	1.271161e5
ref_VGDANPALQKVLDALDSIK_z3	-1	9517	18.3977	684.93896	2.525205e5
ref_VGDANPALQKVLDALDSIK_z3	-1	9517	18.3977	684.95496	3.788332e5
ref_VGDANPALQKVLDALDSIK_z3	-1	9517	18.3977	685.04218	1.339582e7
ref_VGDANPALQKVLDALDSIK_z3	-1	9517	18.3977	685.37659	1.333845e7
ref_VGDANPALQKVLDALDSIK_z3	-1	9517	18.3977	685.39435	2.014221e7
ref_VGDANPALQKVLDALDSIK_z3	-1	9517	18.3977	685.71033	8.144996e6
ref_VGDANPALQKVLDALDSIK_z3	-1	9517	18.3977	685.81042	3.234609e5
ref_VGDANPALQKVLDALDSIK_z3	-1	9517	18.3977	686.04498	2.611058e6
ref_VGDANPALQKVLDALDSIK_z3	-1	9517	18.3977	686.34076	3.274341e5
ref_VGDANPALQKVLDALDSIK_z3	-1	9517	18.3977	686.38086	4.712756e5
ref_VGDANPALQKVLDALDSIK_z3	-1	9517	18.3977	686.39758	6.726654e6
ref_VGDANPALQKVLDALDSIK_z3	-1	9517	18.3977	686.42572	6.760429e5
ref_VGDANPALQKVLDALDSIK_z3	0	9532	18.4138	684.50244	3.621031e5
ref_VGDANPALQKVLDALDSIK_z3	0	9532	18.4138	684.52087	4.132137e5
ref_VGDANPALQKVLDALDSIK_z3	0	9532	18.4138	684.79968	3.715074e5
ref_VGDANPALQKVLDALDSIK_z3	0	9532	18.4138	685.04272	1.963217e8
ref_VGDANPALQKVLDALDSIK_z3	0	9532	18.4138	685.09784	8.019634e5
ref_VGDANPALQKVLDALDSIK_z3	0	9532	18.4138	685.16589	3.983784e5
ref_VGDANPALQKVLDALDSIK_z3	0	9532	18.4138	685.37665	2.114505e8
ref_VGDANPALQKVLDALDSIK_z3	0	9532	18.4138	685.71045	1.195190e8
ref_VGDANPALQKVLDALDSIK_z3	0	9532	18.4138	686.04468	5.356730e7
ref_VGDANPALQKVLDALDSIK_z3	0	9532	18.4138	686.37878	1.608414e7
ref_VGDANPALQKVLDALDSIK_z3	0	9532	18.4138	686.39642	4.193460e5
ref_VGDANPALQKVLDALDSIK_z3	0	9532	18.4138	686.71271	4.078033e6
ref_VGDANPALQKVLDALDSIK_z3	0	9532	18.4138	686.80438	4.233613e5
ref_VGDANPALQKVLDALDSIK_z3	0	9532	18.4138	686.89813	5.675410e5
ref_VGDANPALQKVLDALDSIK_z3	0	9532	18.4138	686.92621	5.670133e5
ref_VGDANPALQKVLDALDSIK_z3	0	9532	18.4138	686.94049	6.288230e5
ref_VGDANPALQKVLDALDSIK_z3	0	9532	18.4138	687.00531	3.093215e5
ref_VGDANPALQKVLDALDSIK_z3	0	9532	18.4138	687.04724	1.250401e6
ref_VGDANPALQKVLDALDSIK_z3	0	9532	18.4138	687.32935	3.726065e5
ref_VGDANPALQKVLDALDSIK_z3	0	9532	18.4138	687.34857	6.684052e5
ref_VGDANPALQKVLDALDSIK_z3	1	9548	18.4305	684.40051	7.911264e5
ref_VGDANPALQKVLDALDSIK_z3	1	9548	18.4305	685.04218	4.507696e7
ref_VGDANPALQKVLDALDSIK_z3	1	9548	18.4305	685.37634	4.836202e7
ref_VGDANPALQKVLDALDSIK_z3	1	9548	18.4305	685.39758	4.459903e5
ref_VGDANPALQKVLDALDSIK_z3	1	9548	18.4305	685.41602	4.222526e5
ref_VGDANPALQKVLDALDSIK_z3	1	9548	18.4305	685.48328	3.897268e5
ref_VGDANPALQKVLDALDSIK_z3	1	9548	18.4305	685.71051	2.922926e7
ref_VGDANPALQKVLDALDSIK_z3	1	9548	18.4305	686.04462	1.448714e7
ref_VGDANPALQKVLDALDSIK_z3	1	9548	18.4305	686.30212	1.884454e6
ref_VGDANPALQKVLDALDSIK_z3	1	9548	18.4305	686.37793	3.702015e6
ref_VGDANPALQKVLDALDSIK_z3	1	9548	18.4305	686.71356	2.050684e6
ref_VGDANPALQKVLDALDSIK_z3	1	9548	18.4305	686.80463	1.790234e6
ref_VGDANPALQKVLDALDSIK_z3	1	9548	18.4305	686.87744	9.656120e5
ref_VGDANPALQKVLDALDSIK_z3	1	9548	18.4305	687.11212	6.212588e5
ref_VGDANPALQKVLDALDSIK_z3	1	9548	18.4305	687.30548	1.215756e6
ref_NKYEDEINKR_z3	-1	2971	10.1451	436.23547	3.697134e4
ref_NKYEDEINKR_z3	-1	2971	10.1451	436.26636	9.373045e4
ref_NKYEDEINKR_z3	-1	2971	10.1451	436.43372	3.387555e4
ref_NKYEDEINKR_z3	-1	2971	10.1451	436.57523	3.456543e4
ref_NKYEDEINKR_z3	-1	2971	10.1451	436.59979	5.801474e4
ref_NKYEDEINKR_z3	-1	2971	10.1451	436.70947	3.686190e4
ref_NKYEDEINKR_z3	-1	2971	10.1451	436.73206	6.622200e4
ref_NKYEDEINKR_z3	-1	2971	10.1451	436.89407	4.294437e6
ref_NKYEDEINKR_z3	-1	2971	10.1451	437.05859	8.157825e4
ref_NKYEDEINKR_z3	-1	2971	10.1451	437.10315	2.776669e4
ref_NKYEDEINKR_z3	-1	2971	10.1451	437.22861	2.588158e6
ref_NKYEDEINKR_z3	-1	2971	10.1451	437.55463	4.266805e4
ref_NKYEDEINKR_z3	-1	2971	10.1451	437.56268	9.273385e5
ref_NKYEDEINKR_z3	-1	2971	10.1451	437.71823	3.132589e4
ref_NKYEDEINKR_z3	-1	2971	10.1451	437.88895	5.307307e4
ref_NKYEDEINKR_z3	-1	2971	10.1451	437.89709	2.835091e5
ref_NKYEDEINKR_z3	-1	2971	10.1451	438.17987	8.557164e4
ref_NKYEDEINKR_z3	-1	2971	10.1451	438.23209	8.501741e4
ref_NKYEDEINKR_z3	-1	2971	10.1451	438.69568	2.299070e7
ref_NKYEDEINKR_z3	-1	2971	10.1451	438.70963	9.827272e4
ref_NKYEDEINKR_z3	-1	2971	10.1451	438.71368	1.350487e5
ref_NKYEDEINKR_z3	-1	2971	10.1451	438.71829	1.026781e5
ref_NKYEDEINKR_z3	-1	2971	10.1451	438.72894	1.521718e5
ref_NKYEDEINKR_z3	-1	2971	10.1451	438.74222	3.532832e4
ref_NKYEDEINKR_z3	-1	2971	10.1451	438.96899	3.369254e4
ref_NKYEDEINKR_z3	-1	2971	10.1451	438.97791	4.322712e4
ref_NKYEDEINKR_z3	-1	2971	10.1451	439.18832	4.258098e6
ref_NKYEDEINKR_z3	0	2974	10.1516	436.23480	6.037471e4
ref_NKYEDEINKR_z3	0	2974	10.1516	436.26608	2.447140e5
ref_NKYEDEINKR_z3	0	2974	10.1516	436.59985	9.195023e4
ref_NKYEDEINKR_z3	0	2974	10.1516	436.69614	3.858298e4
ref_NKYEDEINKR_z3	0	2974	10.1516	436.70901	3.771771e4
ref_NKYEDEINKR_z3	0	2974	10.1516	436.71719	3.405338e4
ref_NKYEDEINKR_z3	0	2974	10.1516	436.73221	4.772975e4
ref_NKYEDEINKR_z3	0	2974	10.1516	436.89410	5.771766e6
ref_NKYEDEINKR_z3	0	2974	10.1516	436.93512	3.010913e4
ref_NKYEDEINKR_z3	0	2974	10.1516	437.05862	3.265427e5
ref_NKYEDEINKR_z3	0	2974	10.1516	437.22845	3.792683e6
ref_NKYEDEINKR_z3	0	2974	10.1516	437.26965	3.056179e4
ref_NKYEDEINKR_z3	0	2974	10.1516	437.56274	1.411524e6
ref_NKYEDEINKR_z3	0	2974	10.1516	437.74033	3.066090e4
ref_NKYEDEINKR_z3	0	2974	10.1516	437.89700	4.317620e5
ref_NKYEDEINKR_z3	0	2974	10.1516	438.17746	3.996847e4
ref_NKYEDEINKR_z3	0	2974	10.1516	438.23117	1.354233e5
ref_NKYEDEINKR_z3	0	2974	10.1516	438.47604	7.156542e4
ref_NKYEDEINKR_z3	0	2974	10.1516	438.56473	3.607398e4
ref_NKYEDEINKR_z3	0	2974	10.1516	438.68634	9.821485e4
ref_NKYEDEINKR_z3	0	2974	10.1516	438.69565	2.420004e7
ref_NKYEDEINKR_z3	0	2974	10.1516	438.70972	8.108445e4
ref_NKYEDEINKR_z3	0	2974	10.1516	438.71378	1.433992e5
ref_NKYEDEINKR_z3	0	2974	10.1516	438.71759	7.401883e4
ref_NKYEDEINKR_z3	0	2974	10.1516	438.72830	2.016987e5
ref_NKYEDEINKR_z3	0	2974	10.1516	438.74225	5.796780e4
ref_NKYEDEINKR_z3	0	2974	10.1516	438.97696	3.227854e4
ref_NKYEDEINKR_z3	0	2974	10.1516	439.05426	5.935280e4
ref_NKYEDEINKR_z3	0	2974	10.1516	439.16455	3.896354e4
ref_NKYEDEINKR_z3	0	2974	10.1516	439.17938	7.328377e4
ref_NKYEDEINKR_z3	0	2974	10.1516	439.18216	3.368280e4
ref_NKYEDEINKR_z3	0	2974	10.1516	439.18820	3.776686e6
ref_NKYEDEINKR_z3	1	2979	10.1596	436.23334	3.672764e4
ref_NKYEDEINKR_z3	1	2979	10.1596	436.26587	3.062803e5
ref_NKYEDEINKR_z3	1	2979	10.1596	436.43503	3.624975e4
ref_NKYEDEINKR_z3	1	2979	10.1596	436.60052	2.167984e5
ref_NKYEDEINKR_z3	1	2979	10.1596	436.70822	1.219813e5
ref_NKYEDEINKR_z3	1	2979	10.1596	436.72110	3.161092e4
ref_NKYEDEINKR_z3	1	2979	10.1596	436.73178	6.136340e4
ref_NKYEDEINKR_z3	1	2979	10.1596	436.89407	5.088008e6
ref_NKYEDEINKR_z3	1	2979	10.1596	436.93375	1.199789e5
ref_NKYEDEINKR_z3	1	2979	10.1596	437.05829	5.429069e5
ref_NKYEDEINKR_z3	1	2979	10.1596	437.18600	3.827343e4
ref_NKYEDEINKR_z3	1	2979	10.1596	437.22839	3.147195e6
ref_NKYEDEINKR_z3	1	2979	10.1596	437.55408	3.977829e4
ref_NKYEDEINKR_z3	1	2979	10.1596	437.56284	1.157427e6
ref_NKYEDEINKR_z3	1	2979	10.1596	437.57266	4.257645e4
ref_NKYEDEINKR_z3	1	2979	10.1596	437.57492	3.497548e4
ref_NKYEDEINKR_z3	1	2979	10.1596	437.89734	3.362358e5
ref_NKYEDEINKR_z3	1	2979	10.1596	438.02289	3.720623e4
ref_NKYEDEINKR_z3	1	2979	10.1596	438.06195	9.006784e4
ref_NKYEDEINKR_z3	1	2979	10.1596	438.17929	1.297374e5
ref_NKYEDEINKR_z3	1	2979	10.1596	438.23126	1.184367e5
ref_NKYEDEINKR_z3	1	2979	10.1596	438.46747	9.111214e4
ref_NKYEDEINKR_z3	1	2979	10.1596	438.47586	3.861692e4
ref_NKYEDEINKR_z3	1	2979	10.1596	438.69556	2.706323e7
ref_NKYEDEINKR_z3	1	2979	10.1596	438.71100	4.875339e4
ref_NKYEDEINKR_z3	1	2979	10.1596	438.71338	1.613219e5
ref_NKYEDEINKR_z3	1	2979	10.1596	438.71793	9.219812e4
ref_NKYEDEINKR_z3	1	2979	10.1596	438.72855	1.710001e5
ref_NKYEDEINKR_z3	1	2979	10.1596	438.74222	9.683018e4
ref_NKYEDEINKR_z3	1	2979	10.1596	439.03558	5.399915e4
ref_NKYEDEINKR_z3	1	2979	10.1596	439.05414	8.534819e4
ref_NKYEDEINKR_z3	1	2979	10.1596	439.18811	4.719918e6
top00_strong_z5	-1	5573	13.1907	517.43774	2.455355e7
top00_strong_z5	-1	5573	13.1907	517.64288	5.311260e9
top00_strong_z5	-1	5573	13.1907	517.84338	6.531622e9
top00_strong_z5	-1	5573	13.1907	518.04382	5.711976e9
top00_strong_z5	-1	5573	13.1907	518.24445	2.662256e9
top00_strong_z5	-1	5573	13.1907	518.44489	1.130170e9
top00_strong_z5	-1	5573	13.1907	518.49902	2.072524e7
top00_strong_z5	-1	5573	13.1907	518.64569	4.127735e8
top00_strong_z5	-1	5573	13.1907	518.84595	1.471094e8
top00_strong_z5	-1	5573	13.1907	519.04767	4.954650e7
top00_strong_z5	0	5590	13.2070	517.64270	4.598894e9
top00_strong_z5	0	5590	13.2070	517.84326	6.570465e9
top00_strong_z5	0	5590	13.2070	517.98975	2.772884e7
top00_strong_z5	0	5590	13.2070	518.04376	4.799325e9
top00_strong_z5	0	5590	13.2070	518.24426	2.205899e9
top00_strong_z5	0	5590	13.2070	518.44482	1.063652e9
top00_strong_z5	0	5590	13.2070	518.64508	3.250032e8
top00_strong_z5	0	5590	13.2070	518.84521	9.191797e7
top00_strong_z5	1	5600	13.2182	517.61938	3.831415e7
top00_strong_z5	1	5600	13.2182	517.64288	3.770792e9
top00_strong_z5	1	5600	13.2182	517.84344	5.581334e9
top00_strong_z5	1	5600	13.2182	518.04388	3.843798e9
top00_strong_z5	1	5600	13.2182	518.24451	2.068874e9
top00_strong_z5	1	5600	13.2182	518.44519	8.758306e8
top00_strong_z5	1	5600	13.2182	518.64520	2.216982e8
top00_strong_z5	1	5600	13.2182	518.84686	1.346232e8
top01_strong_z6	-1	8337	16.2008	1389.54065	3.015969e7
top01_strong_z6	-1	8337	16.2008	1389.76550	6.715722e7
top01_strong_z6	-1	8337	16.2008	1389.93286	3.909766e8
top01_strong_z6	-1	8337	16.2008	1390.10071	4.569550e8
top01_strong_z6	-1	8337	16.2008	1390.26660	5.427189e8
top01_strong_z6	-1	8337	16.2008	1390.43457	9.444762e8
top01_strong_z6	-1	8337	16.2008	1390.60107	1.069255e9
top01_strong_z6	-1	8337	16.2008	1390.76917	8.733021e8
top01_strong_z6	-1	8337	16.2008	1390.93652	4.784939e8
top01_strong_z6	0	8344	16.2103	1389.93262	3.028628e8
top01_strong_z6	0	8344	16.2103	1390.10071	3.588962e8
top01_strong_z6	0	8344	16.2103	1390.26721	9.358842e8
top01_strong_z6	0	8344	16.2103	1390.43494	1.009000e9
top01_strong_z6	0	8344	16.2103	1390.60132	1.178189e9
top01_strong_z6	0	8344	16.2103	1390.76782	6.995420e8
top01_strong_z6	0	8344	16.2103	1390.93616	8.056179e8
top01_strong_z6	1	8348	16.2178	1389.76318	6.556630e7
top01_strong_z6	1	8348	16.2178	1389.93335	1.236586e8
top01_strong_z6	1	8348	16.2178	1390.10034	3.847203e8
top01_strong_z6	1	8348	16.2178	1390.26721	7.931738e8
top01_strong_z6	1	8348	16.2178	1390.43469	8.250579e8
top01_strong_z6	1	8348	16.2178	1390.60181	8.352826e8
top01_strong_z6	1	8348	16.2178	1390.76868	6.769741e8
top01_strong_z6	1	8348	16.2178	1390.93616	4.875901e8
top02_strong_z5	-1	7970	15.7572	829.85938	5.207080e7
top02_strong_z5	-1	7970	15.7572	829.96210	1.183676e8
top02_strong_z5	-1	7970	15.7572	830.02856	2.177697e7
top02_strong_z5	-1	7970	15.7572	830.06335	2.214405e8
top02_strong_z5	-1	7970	15.7572	830.12811	2.565076e7
top02_strong_z5	-1	7970	15.7572	830.16235	9.643036e8
top02_strong_z5	-1	7970	15.7572	830.26355	8.972760e8
top02_strong_z5	-1	7970	15.7572	830.36346	1.545501e9
top02_strong_z5	-1	7970	15.7572	830.46381	1.268988e9
top02_strong_z5	-1	7970	15.7572	830.51813	1.852223e7
top02_strong_z5	-1	7970	15.7572	830.52588	3.610338e7
top02_strong_z5	-1	7970	15.7572	830.56415	1.356935e9
top02_strong_z5	-1	7970	15.7572	830.66437	1.101581e9
top02_strong_z5	-1	7970	15.7572	830.76440	5.329682e8
top02_strong_z5	-1	7970	15.7572	830.86475	3.239903e8
top02_strong_z5	-1	7970	15.7572	830.96515	2.695947e8
top02_strong_z5	-1	7970	15.7572	831.06573	6.425348e7
top02_strong_z5	-1	7970	15.7572	831.16412	3.392990e7
top02_strong_z5	-1	7970	15.7572	831.26508	2.610578e7
top02_strong_z5	0	7980	15.7686	829.86340	3.834796e7
top02_strong_z5	0	7980	15.7686	829.96094	9.079766e7
top02_strong_z5	0	7980	15.7686	830.06317	2.691849e8
top02_strong_z5	0	7980	15.7686	830.16296	8.497449e8
top02_strong_z5	0	7980	15.7686	830.26324	1.146101e9
top02_strong_z5	0	7980	15.7686	830.36322	1.754180e9
top02_strong_z5	0	7980	15.7686	830.46344	1.862703e9
top02_strong_z5	0	7980	15.7686	830.56378	1.471240e9
top02_strong_z5	0	7980	15.7686	830.66455	9.488364e8
top02_strong_z5	0	7980	15.7686	830.76416	5.992193e8
top02_strong_z5	0	7980	15.7686	830.86493	3.608197e8
top02_strong_z5	0	7980	15.7686	830.96478	1.584556e8
top02_strong_z5	0	7980	15.7686	831.06537	1.634276e8
top02_strong_z5	0	7980	15.7686	831.16589	8.686655e7
top02_strong_z5	0	7980	15.7686	831.34735	3.474478e7
top02_strong_z5	0	7980	15.7686	831.36719	3.863784e7
top02_strong_z5	0	7980	15.7686	831.44763	2.812916e7
top02_strong_z5	0	7980	15.7686	831.46503	5.345297e7
top02_strong_z5	1	7989	15.7792	829.75427	2.421524e7
top02_strong_z5	1	7989	15.7792	829.86151	1.816852e7
top02_strong_z5	1	7989	15.7792	829.96210	1.219204e8
top02_strong_z5	1	7989	15.7792	830.06238	5.569611e8
top02_strong_z5	1	7989	15.7792	830.11536	1.471179e7
top02_strong_z5	1	7989	15.7792	830.16260	1.134704e9
top02_strong_z5	1	7989	15.7792	830.26324	1.566477e9
top02_strong_z5	1	7989	15.7792	830.36340	1.731016e9
top02_strong_z5	1	7989	15.7792	830.46344	1.587608e9
top02_strong_z5	1	7989	15.7792	830.56366	1.282787e9
top02_strong_z5	1	7989	15.7792	830.66418	8.550729e8
top02_strong_z5	1	7989	15.7792	830.71698	1.546227e7
top02_strong_z5	1	7989	15.7792	830.76428	7.162633e8
top02_strong_z5	1	7989	15.7792	830.86444	3.819537e8
top02_strong_z5	1	7989	15.7792	830.96472	3.067089e8
top02_strong_z5	1	7989	15.7792	831.03766	1.148158e7
top02_strong_z5	1	7989	15.7792	831.06628	9.166566e7
top02_strong_z5	1	7989	15.7792	831.16571	1.758998e7
top02_strong_z5	1	7989	15.7792	831.26501	3.261952e7
top02_strong_z5	1	7989	15.7792	831.28503	1.523668e7
top02_strong_z5	1	7989	15.7792	831.36621	2.263262e7
top03_strong_z5	-1	7970	15.7572	829.85938	5.207080e7
top03_strong_z5	-1	7970	15.7572	829.96210	1.183676e8
top03_strong_z5	-1	7970	15.7572	830.02856	2.177697e7
top03_strong_z5	-1	7970	15.7572	830.06335	2.214405e8
top03_strong_z5	-1	7970	15.7572	830.12811	2.565076e7
top03_strong_z5	-1	7970	15.7572	830.16235	9.643036e8
top03_strong_z5	-1	7970	15.7572	830.26355	8.972760e8
top03_strong_z5	-1	7970	15.7572	830.36346	1.545501e9
top03_strong_z5	-1	7970	15.7572	830.46381	1.268988e9
top03_strong_z5	-1	7970	15.7572	830.51813	1.852223e7
top03_strong_z5	-1	7970	15.7572	830.52588	3.610338e7
top03_strong_z5	-1	7970	15.7572	830.56415	1.356935e9
top03_strong_z5	-1	7970	15.7572	830.66437	1.101581e9
top03_strong_z5	-1	7970	15.7572	830.76440	5.329682e8
top03_strong_z5	-1	7970	15.7572	830.86475	3.239903e8
top03_strong_z5	-1	7970	15.7572	830.96515	2.695947e8
top03_strong_z5	-1	7970	15.7572	831.06573	6.425348e7
top03_strong_z5	-1	7970	15.7572	831.16412	3.392990e7
top03_strong_z5	-1	7970	15.7572	831.26508	2.610578e7
top03_strong_z5	0	7980	15.7686	829.86340	3.834796e7
top03_strong_z5	0	7980	15.7686	829.96094	9.079766e7
top03_strong_z5	0	7980	15.7686	830.06317	2.691849e8
top03_strong_z5	0	7980	15.7686	830.16296	8.497449e8
top03_strong_z5	0	7980	15.7686	830.26324	1.146101e9
top03_strong_z5	0	7980	15.7686	830.36322	1.754180e9
top03_strong_z5	0	7980	15.7686	830.46344	1.862703e9
top03_strong_z5	0	7980	15.7686	830.56378	1.471240e9
top03_strong_z5	0	7980	15.7686	830.66455	9.488364e8
top03_strong_z5	0	7980	15.7686	830.76416	5.992193e8
top03_strong_z5	0	7980	15.7686	830.86493	3.608197e8
top03_strong_z5	0	7980	15.7686	830.96478	1.584556e8
top03_strong_z5	0	7980	15.7686	831.06537	1.634276e8
top03_strong_z5	0	7980	15.7686	831.16589	8.686655e7
top03_strong_z5	0	7980	15.7686	831.34735	3.474478e7
top03_strong_z5	0	7980	15.7686	831.36719	3.863784e7
top03_strong_z5	0	7980	15.7686	831.44763	2.812916e7
top03_strong_z5	0	7980	15.7686	831.46503	5.345297e7
top03_strong_z5	0	7980	15.7686	831.48627	3.197490e7
top03_strong_z5	1	7989	15.7792	829.75427	2.421524e7
top03_strong_z5	1	7989	15.7792	829.86151	1.816852e7
top03_strong_z5	1	7989	15.7792	829.96210	1.219204e8
top03_strong_z5	1	7989	15.7792	830.06238	5.569611e8
top03_strong_z5	1	7989	15.7792	830.11536	1.471179e7
top03_strong_z5	1	7989	15.7792	830.16260	1.134704e9
top03_strong_z5	1	7989	15.7792	830.26324	1.566477e9
top03_strong_z5	1	7989	15.7792	830.36340	1.731016e9
top03_strong_z5	1	7989	15.7792	830.46344	1.587608e9
top03_strong_z5	1	7989	15.7792	830.56366	1.282787e9
top03_strong_z5	1	7989	15.7792	830.66418	8.550729e8
top03_strong_z5	1	7989	15.7792	830.71698	1.546227e7
top03_strong_z5	1	7989	15.7792	830.76428	7.162633e8
top03_strong_z5	1	7989	15.7792	830.86444	3.819537e8
top03_strong_z5	1	7989	15.7792	830.96472	3.067089e8
top03_strong_z5	1	7989	15.7792	831.03766	1.148158e7
top03_strong_z5	1	7989	15.7792	831.06628	9.166566e7
top03_strong_z5	1	7989	15.7792	831.16571	1.758998e7
top03_strong_z5	1	7989	15.7792	831.26501	3.261952e7
top03_strong_z5	1	7989	15.7792	831.28503	1.523668e7
top03_strong_z5	1	7989	15.7792	831.36621	2.263262e7
top03_strong_z5	1	7989	15.7792	831.46851	1.689574e7
top04_strong_z6	-1	7970	15.7572	1382.59717	4.549318e7
top04_strong_z6	-1	7970	15.7572	1382.76660	2.036232e8
top04_strong_z6	-1	7970	15.7572	1382.93298	2.557757e8
top04_strong_z6	-1	7970	15.7572	1383.10034	8.388803e8
top04_strong_z6	-1	7970	15.7572	1383.26648	8.355086e8
top04_strong_z6	-1	7970	15.7572	1383.43384	8.720408e8
top04_strong_z6	-1	7970	15.7572	1383.60132	8.093180e8
top04_strong_z6	-1	7970	15.7572	1383.76794	5.870319e8
top04_strong_z6	0	7980	15.7686	1382.59753	9.864234e7
top04_strong_z6	0	7980	15.7686	1382.76538	2.986232e8
top04_strong_z6	0	7980	15.7686	1382.93274	4.726059e8
top04_strong_z6	0	7980	15.7686	1383.10010	7.702110e8
top04_strong_z6	0	7980	15.7686	1383.26672	8.989501e8
top04_strong_z6	0	7980	15.7686	1383.43408	1.068989e9
top04_strong_z6	0	7980	15.7686	1383.60107	9.089466e8
top04_strong_z6	0	7980	15.7686	1383.76770	5.004182e8
top04_strong_z6	1	7989	15.7792	1382.35181	2.471406e7
top04_strong_z6	1	7989	15.7792	1382.59863	2.060565e7
top04_strong_z6	1	7989	15.7792	1382.76562	2.187351e8
top04_strong_z6	1	7989	15.7792	1382.83044	1.488448e7
top04_strong_z6	1	7989	15.7792	1382.93274	4.385309e8
top04_strong_z6	1	7989	15.7792	1383.10034	5.836465e8
top04_strong_z6	1	7989	15.7792	1383.26709	5.477567e8
top04_strong_z6	1	7989	15.7792	1383.43420	7.509345e8
top04_strong_z6	1	7989	15.7792	1383.53113	1.655668e7
top04_strong_z6	1	7989	15.7792	1383.60144	5.398595e8
top04_strong_z6	1	7989	15.7792	1383.76794	6.012674e8
top05_strong_z5	-1	8306	16.1680	833.75800	3.720236e6
top05_strong_z5	-1	8306	16.1680	833.92664	5.049084e6
top05_strong_z5	-1	8306	16.1680	834.00055	2.721380e6
top05_strong_z5	-1	8306	16.1680	834.02313	2.836156e6
top05_strong_z5	-1	8306	16.1680	834.06500	1.937685e6
top05_strong_z5	-1	8306	16.1680	834.15906	3.460390e6
top05_strong_z5	-1	8306	16.1680	834.23199	1.684828e6
top05_strong_z5	-1	8306	16.1680	834.26532	1.967933e7
top05_strong_z5	-1	8306	16.1680	834.29742	1.493946e6
top05_strong_z5	-1	8306	16.1680	834.33002	1.724593e6
top05_strong_z5	-1	8306	16.1680	834.36493	1.069172e8
top05_strong_z5	-1	8306	16.1680	834.40411	2.373194e6
top05_strong_z5	-1	8306	16.1680	834.43011	5.449347e6
top05_strong_z5	-1	8306	16.1680	834.46539	2.472287e8
top05_strong_z5	-1	8306	16.1680	834.56531	4.115654e8
top05_strong_z5	-1	8306	16.1680	834.66492	4.733801e8
top05_strong_z5	-1	8306	16.1680	834.71411	2.096307e6
top05_strong_z5	-1	8306	16.1680	834.76440	4.868945e8
top05_strong_z5	-1	8306	16.1680	834.86377	4.621330e8
top05_strong_z5	-1	8306	16.1680	834.92627	5.185941e6
top05_strong_z5	-1	8306	16.1680	834.96362	2.548593e8
top05_strong_z5	-1	8306	16.1680	835.06366	1.913531e8
top05_strong_z5	-1	8306	16.1680	835.10529	3.054965e6
top05_strong_z5	-1	8306	16.1680	835.16382	1.066228e8
top05_strong_z5	-1	8306	16.1680	835.26373	6.046043e7
top05_strong_z5	-1	8306	16.1680	835.30054	1.325253e6
top05_strong_z5	-1	8306	16.1680	835.32410	2.025408e6
top05_strong_z5	-1	8306	16.1680	835.36377	5.074188e7
top05_strong_z5	-1	8306	16.1680	835.43024	2.705922e6
top05_strong_z5	-1	8306	16.1680	835.46533	9.941577e6
top05_strong_z5	-1	8306	16.1680	835.56476	1.021995e7
top05_strong_z5	-1	8306	16.1680	835.66602	1.404485e6
top05_strong_z5	-1	8306	16.1680	835.75903	2.322159e6
top05_strong_z5	0	8321	16.1842	833.89313	1.669176e7
top05_strong_z5	0	8321	16.1842	833.91492	1.593530e7
top05_strong_z5	0	8321	16.1842	834.22675	1.450227e7
top05_strong_z5	0	8321	16.1842	834.26312	1.495531e8
top05_strong_z5	0	8321	16.1842	834.36346	4.906500e8
top05_strong_z5	0	8321	16.1842	834.42957	2.169522e7
top05_strong_z5	0	8321	16.1842	834.46423	1.063810e9
top05_strong_z5	0	8321	16.1842	834.50531	1.529248e7
top05_strong_z5	0	8321	16.1842	834.56384	1.795426e9
top05_strong_z5	0	8321	16.1842	834.66412	2.384584e9
top05_strong_z5	0	8321	16.1842	834.76447	2.059487e9
top05_strong_z5	0	8321	16.1842	834.81573	2.645505e7
top05_strong_z5	0	8321	16.1842	834.86469	1.377669e9
top05_strong_z5	0	8321	16.1842	834.90710	2.363248e7
top05_strong_z5	0	8321	16.1842	834.96497	1.180078e9
top05_strong_z5	0	8321	16.1842	835.00787	1.574684e7
top05_strong_z5	0	8321	16.1842	835.06506	7.599503e8
top05_strong_z5	0	8321	16.1842	835.09674	1.269290e7
top05_strong_z5	0	8321	16.1842	835.12189	2.817493e7
top05_strong_z5	0	8321	16.1842	835.16541	4.864675e8
top05_strong_z5	0	8321	16.1842	835.26544	2.264589e8
top05_strong_z5	0	8321	16.1842	835.36591	2.002044e8
top05_strong_z5	0	8321	16.1842	835.46509	5.922485e7
top05_strong_z5	0	8321	16.1842	835.56830	6.837063e7
top05_strong_z5	0	8321	16.1842	835.60901	1.704099e7
top05_strong_z5	0	8321	16.1842	835.66656	4.416286e7
top05_strong_z5	1	8337	16.2008	833.99939	1.697180e7
top05_strong_z5	1	8337	16.2008	834.12561	1.888775e7
top05_strong_z5	1	8337	16.2008	834.26324	7.426989e7
top05_strong_z5	1	8337	16.2008	834.36359	5.522452e8
top05_strong_z5	1	8337	16.2008	834.46356	1.172275e9
top05_strong_z5	1	8337	16.2008	834.56390	1.674702e9
top05_strong_z5	1	8337	16.2008	834.66406	1.839267e9
top05_strong_z5	1	8337	16.2008	834.76428	1.756937e9
top05_strong_z5	1	8337	16.2008	834.86456	1.636734e9
top05_strong_z5	1	8337	16.2008	834.92438	2.330268e7
top05_strong_z5	1	8337	16.2008	834.96478	1.185447e9
top05_strong_z5	1	8337	16.2008	835.06525	6.820920e8
top05_strong_z5	1	8337	16.2008	835.10120	3.279268e7
top05_strong_z5	1	8337	16.2008	835.16486	4.292859e8
top05_strong_z5	1	8337	16.2008	835.26562	3.370460e8
top05_strong_z5	1	8337	16.2008	835.31653	2.068050e7
top05_strong_z5	1	8337	16.2008	835.36475	8.370007e7
top05_strong_z5	1	8337	16.2008	835.46466	2.312648e7
top05_strong_z5	1	8337	16.2008	835.56488	2.711514e7
top05_strong_z5	1	8337	16.2008	835.66675	2.281936e7
top06_strong_z5	-1	8306	16.1680	833.92664	5.049084e6
top06_strong_z5	-1	8306	16.1680	834.00055	2.721380e6
top06_strong_z5	-1	8306	16.1680	834.02313	2.836156e6
top06_strong_z5	-1	8306	16.1680	834.06500	1.937685e6
top06_strong_z5	-1	8306	16.1680	834.15906	3.460390e6
top06_strong_z5	-1	8306	16.1680	834.23199	1.684828e6
top06_strong_z5	-1	8306	16.1680	834.26532	1.967933e7
top06_strong_z5	-1	8306	16.1680	834.29742	1.493946e6
top06_strong_z5	-1	8306	16.1680	834.33002	1.724593e6
top06_strong_z5	-1	8306	16.1680	834.36493	1.069172e8
top06_strong_z5	-1	8306	16.1680	834.40411	2.373194e6
top06_strong_z5	-1	8306	16.1680	834.43011	5.449347e6
top06_strong_z5	-1	8306	16.1680	834.46539	2.472287e8
top06_strong_z5	-1	8306	16.1680	834.56531	4.115654e8
top06_strong_z5	-1	8306	16.1680	834.66492	4.733801e8
top06_strong_z5	-1	8306	16.1680	834.71411	2.096307e6
top06_strong_z5	-1	8306	16.1680	834.76440	4.868945e8
top06_strong_z5	-1	8306	16.1680	834.86377	4.621330e8
top06_strong_z5	-1	8306	16.1680	834.92627	5.185941e6
top06_strong_z5	-1	8306	16.1680	834.96362	2.548593e8
top06_strong_z5	-1	8306	16.1680	835.06366	1.913531e8
top06_strong_z5	-1	8306	16.1680	835.10529	3.054965e6
top06_strong_z5	-1	8306	16.1680	835.16382	1.066228e8
top06_strong_z5	-1	8306	16.1680	835.26373	6.046043e7
top06_strong_z5	-1	8306	16.1680	835.30054	1.325253e6
top06_strong_z5	-1	8306	16.1680	835.32410	2.025408e6
top06_strong_z5	-1	8306	16.1680	835.36377	5.074188e7
top06_strong_z5	-1	8306	16.1680	835.43024	2.705922e6
top06_strong_z5	-1	8306	16.1680	835.46533	9.941577e6
top06_strong_z5	-1	8306	16.1680	835.56476	1.021995e7
top06_strong_z5	-1	8306	16.1680	835.66602	1.404485e6
top06_strong_z5	-1	8306	16.1680	835.75903	2.322159e6
top06_strong_z5	-1	8306	16.1680	835.81055	1.565624e6
top06_strong_z5	-1	8306	16.1680	835.86499	4.652385e6
top06_strong_z5	0	8321	16.1842	833.89313	1.669176e7
top06_strong_z5	0	8321	16.1842	833.91492	1.593530e7
top06_strong_z5	0	8321	16.1842	834.22675	1.450227e7
top06_strong_z5	0	8321	16.1842	834.26312	1.495531e8
top06_strong_z5	0	8321	16.1842	834.36346	4.906500e8
top06_strong_z5	0	8321	16.1842	834.42957	2.169522e7
top06_strong_z5	0	8321	16.1842	834.46423	1.063810e9
top06_strong_z5	0	8321	16.1842	834.50531	1.529248e7
top06_strong_z5	0	8321	16.1842	834.56384	1.795426e9
top06_strong_z5	0	8321	16.1842	834.66412	2.384584e9
top06_strong_z5	0	8321	16.1842	834.76447	2.059487e9
top06_strong_z5	0	8321	16.1842	834.81573	2.645505e7
top06_strong_z5	0	8321	16.1842	834.86469	1.377669e9
top06_strong_z5	0	8321	16.1842	834.90710	2.363248e7
top06_strong_z5	0	8321	16.1842	834.96497	1.180078e9
top06_strong_z5	0	8321	16.1842	835.00787	1.574684e7
top06_strong_z5	0	8321	16.1842	835.06506	7.599503e8
top06_strong_z5	0	8321	16.1842	835.09674	1.269290e7
top06_strong_z5	0	8321	16.1842	835.12189	2.817493e7
top06_strong_z5	0	8321	16.1842	835.16541	4.864675e8
top06_strong_z5	0	8321	16.1842	835.26544	2.264589e8
top06_strong_z5	0	8321	16.1842	835.36591	2.002044e8
top06_strong_z5	0	8321	16.1842	835.46509	5.922485e7
top06_strong_z5	0	8321	16.1842	835.56830	6.837063e7
top06_strong_z5	0	8321	16.1842	835.60901	1.704099e7
top06_strong_z5	0	8321	16.1842	835.66656	4.416286e7
top06_strong_z5	1	8337	16.2008	833.99939	1.697180e7
top06_strong_z5	1	8337	16.2008	834.12561	1.888775e7
top06_strong_z5	1	8337	16.2008	834.26324	7.426989e7
top06_strong_z5	1	8337	16.2008	834.36359	5.522452e8
top06_strong_z5	1	8337	16.2008	834.46356	1.172275e9
top06_strong_z5	1	8337	16.2008	834.56390	1.674702e9
top06_strong_z5	1	8337	16.2008	834.66406	1.839267e9
top06_strong_z5	1	8337	16.2008	834.76428	1.756937e9
top06_strong_z5	1	8337	16.2008	834.86456	1.636734e9
top06_strong_z5	1	8337	16.2008	834.92438	2.330268e7
top06_strong_z5	1	8337	16.2008	834.96478	1.185447e9
top06_strong_z5	1	8337	16.2008	835.06525	6.820920e8
top06_strong_z5	1	8337	16.2008	835.10120	3.279268e7
top06_strong_z5	1	8337	16.2008	835.16486	4.292859e8
top06_strong_z5	1	8337	16.2008	835.26562	3.370460e8
top06_strong_z5	1	8337	16.2008	835.31653	2.068050e7
top06_strong_z5	1	8337	16.2008	835.36475	8.370007e7
top06_strong_z5	1	8337	16.2008	835.46466	2.312648e7
top06_strong_z5	1	8337	16.2008	835.56488	2.711514e7
top06_strong_z5	1	8337	16.2008	835.66675	2.281936e7
top07_strong_z5	-1	8042	15.8440	1039.33777	1.016907e8
top07_strong_z5	-1	8042	15.8440	1039.40259	5.498484e7
top07_strong_z5	-1	8042	15.8440	1039.45850	2.177844e7
top07_strong_z5	-1	8042	15.8440	1039.57544	9.334186e6
top07_strong_z5	-1	8042	15.8440	1039.60413	3.431691e7
top07_strong_z5	-1	8042	15.8440	1039.65613	1.086138e7
top07_strong_z5	-1	8042	15.8440	1039.70007	7.190717e6
top07_strong_z5	-1	8042	15.8440	1039.80103	2.183241e7
top07_strong_z5	-1	8042	15.8440	1039.82947	1.731136e7
top07_strong_z5	-1	8042	15.8440	1039.86475	2.566165e7
top07_strong_z5	-1	8042	15.8440	1039.94849	8.216562e6
top07_strong_z5	-1	8042	15.8440	1040.00037	8.720366e7
top07_strong_z5	-1	8042	15.8440	1040.03809	8.360956e6
top07_strong_z5	-1	8042	15.8440	1040.06799	7.765997e7
top07_strong_z5	-1	8042	15.8440	1040.13672	2.055080e8
top07_strong_z5	-1	8042	15.8440	1040.20325	4.152382e8
top07_strong_z5	-1	8042	15.8440	1040.26990	4.349146e8
top07_strong_z5	-1	8042	15.8440	1040.33679	5.661015e8
top07_strong_z5	-1	8042	15.8440	1040.40344	5.537207e8
top07_strong_z5	-1	8042	15.8440	1040.46960	5.859028e8
top07_strong_z5	-1	8042	15.8440	1040.53589	3.392736e8
top07_strong_z5	-1	8042	15.8440	1040.60352	4.040064e8
top07_strong_z5	-1	8042	15.8440	1040.67041	2.875045e8
top07_strong_z5	-1	8042	15.8440	1040.73743	2.367639e8
top07_strong_z5	-1	8042	15.8440	1040.80322	1.270202e8
top07_strong_z5	-1	8042	15.8440	1040.87000	1.170771e8
top07_strong_z5	-1	8042	15.8440	1040.93799	1.485624e7
top07_strong_z5	-1	8042	15.8440	1041.00195	3.449301e7
top07_strong_z5	-1	8042	15.8440	1041.07080	3.636891e7
top07_strong_z5	-1	8042	15.8440	1041.13318	2.077313e7
top07_strong_z5	-1	8042	15.8440	1041.20288	2.408666e7
top07_strong_z5	-1	8042	15.8440	1041.25964	7.121532e6
top07_strong_z5	0	8052	15.8557	1039.33423	4.083954e7
top07_strong_z5	0	8052	15.8557	1039.40649	6.288790e7
top07_strong_z5	0	8052	15.8557	1039.46704	9.605041e7
top07_strong_z5	0	8052	15.8557	1039.53455	7.771611e7
top07_strong_z5	0	8052	15.8557	1039.56641	2.234147e7
top07_strong_z5	0	8052	15.8557	1039.86902	6.415221e7
top07_strong_z5	0	8052	15.8557	1040.00232	1.104411e8
top07_strong_z5	0	8052	15.8557	1040.06860	2.430594e8
top07_strong_z5	0	8052	15.8557	1040.13489	3.428110e8
top07_strong_z5	0	8052	15.8557	1040.20276	8.893190e8
top07_strong_z5	0	8052	15.8557	1040.26953	7.817834e8
top07_strong_z5	0	8052	15.8557	1040.33557	9.281827e8
top07_strong_z5	0	8052	15.8557	1040.40295	1.055609e9
top07_strong_z5	0	8052	15.8557	1040.47021	6.217366e8
top07_strong_z5	0	8052	15.8557	1040.53674	7.513037e8
top07_strong_z5	0	8052	15.8557	1040.60339	6.630440e8
top07_strong_z5	0	8052	15.8557	1040.67004	6.694227e8
top07_strong_z5	0	8052	15.8557	1040.73657	5.508281e8
top07_strong_z5	0	8052	15.8557	1040.80383	2.844344e8
top07_strong_z5	0	8052	15.8557	1040.87109	1.260188e8
top07_strong_z5	0	8052	15.8557	1040.92798	4.060141e7
top07_strong_z5	0	8052	15.8557	1041.00305	1.529608e8
top07_strong_z5	0	8052	15.8557	1041.06982	7.004531e7
top07_strong_z5	0	8052	15.8557	1041.13342	5.292756e7
top07_strong_z5	0	8052	15.8557	1041.20300	1.499886e8
top07_strong_z5	0	8052	15.8557	1041.26892	9.357366e7
top07_strong_z5	1	8062	15.8676	1039.30542	3.160196e7
top07_strong_z5	1	8062	15.8676	1039.33862	1.246057e8
top07_strong_z5	1	8062	15.8676	1039.40137	6.094574e7
top07_strong_z5	1	8062	15.8676	1039.43848	3.469891e7
top07_strong_z5	1	8062	15.8676	1039.47095	1.270905e8
top07_strong_z5	1	8062	15.8676	1039.54810	2.701812e7
top07_strong_z5	1	8062	15.8676	1039.58813	2.140631e7
top07_strong_z5	1	8062	15.8676	1039.67920	3.979707e7
top07_strong_z5	1	8062	15.8676	1039.73682	1.544943e8
top07_strong_z5	1	8062	15.8676	1039.94653	5.666939e7
top07_strong_z5	1	8062	15.8676	1040.00391	1.447423e8
top07_strong_z5	1	8062	15.8676	1040.07043	2.704909e8
top07_strong_z5	1	8062	15.8676	1040.13611	5.732220e8
top07_strong_z5	1	8062	15.8676	1040.20276	8.441142e8
top07_strong_z5	1	8062	15.8676	1040.26990	1.225464e9
top07_strong_z5	1	8062	15.8676	1040.33679	1.189221e9
top07_strong_z5	1	8062	15.8676	1040.40442	8.000858e8
top07_strong_z5	1	8062	15.8676	1040.46997	8.045763e8
top07_strong_z5	1	8062	15.8676	1040.53687	7.797867e8
top07_strong_z5	1	8062	15.8676	1040.60400	8.099444e8
top07_strong_z5	1	8062	15.8676	1040.67102	3.570186e8
top07_strong_z5	1	8062	15.8676	1040.73682	4.966043e8
top07_strong_z5	1	8062	15.8676	1040.80725	1.543857e8
top07_strong_z5	1	8062	15.8676	1040.87073	2.023412e8
top07_strong_z5	1	8062	15.8676	1040.93298	9.267349e7
top07_strong_z5	1	8062	15.8676	1041.00305	4.749380e7
top07_strong_z5	1	8062	15.8676	1041.08447	2.293827e7
top07_strong_z5	1	8062	15.8676	1041.21960	2.733828e7
top07_strong_z5	1	8062	15.8676	1041.26843	3.063615e7
top08_strong_z5	-1	8052	15.8557	1039.46704	9.605041e7
top08_strong_z5	-1	8052	15.8557	1039.53455	7.771611e7
top08_strong_z5	-1	8052	15.8557	1039.56641	2.234147e7
top08_strong_z5	-1	8052	15.8557	1039.86902	6.415221e7
top08_strong_z5	-1	8052	15.8557	1040.00232	1.104411e8
top08_strong_z5	-1	8052	15.8557	1040.06860	2.430594e8
top08_strong_z5	-1	8052	15.8557	1040.13489	3.428110e8
top08_strong_z5	-1	8052	15.8557	1040.20276	8.893190e8
top08_strong_z5	-1	8052	15.8557	1040.26953	7.817834e8
top08_strong_z5	-1	8052	15.8557	1040.33557	9.281827e8
top08_strong_z5	-1	8052	15.8557	1040.40295	1.055609e9
top08_strong_z5	-1	8052	15.8557	1040.47021	6.217366e8
top08_strong_z5	-1	8052	15.8557	1040.53674	7.513037e8
top08_strong_z5	-1	8052	15.8557	1040.60339	6.630440e8
top08_strong_z5	-1	8052	15.8557	1040.67004	6.694227e8
top08_strong_z5	-1	8052	15.8557	1040.73657	5.508281e8
top08_strong_z5	-1	8052	15.8557	1040.80383	2.844344e8
top08_strong_z5	-1	8052	15.8557	1040.87109	1.260188e8
top08_strong_z5	-1	8052	15.8557	1040.92798	4.060141e7
top08_strong_z5	-1	8052	15.8557	1041.00305	1.529608e8
top08_strong_z5	-1	8052	15.8557	1041.06982	7.004531e7
top08_strong_z5	-1	8052	15.8557	1041.13342	5.292756e7
top08_strong_z5	-1	8052	15.8557	1041.20300	1.499886e8
top08_strong_z5	-1	8052	15.8557	1041.26892	9.357366e7
top08_strong_z5	-1	8052	15.8557	1041.33508	5.592320e7
top08_strong_z5	-1	8052	15.8557	1041.37451	2.658714e7
top08_strong_z5	-1	8052	15.8557	1041.40332	1.178973e8
top08_strong_z5	0	8062	15.8676	1039.43848	3.469891e7
top08_strong_z5	0	8062	15.8676	1039.47095	1.270905e8
top08_strong_z5	0	8062	15.8676	1039.54810	2.701812e7
top08_strong_z5	0	8062	15.8676	1039.58813	2.140631e7
top08_strong_z5	0	8062	15.8676	1039.67920	3.979707e7
top08_strong_z5	0	8062	15.8676	1039.73682	1.544943e8
top08_strong_z5	0	8062	15.8676	1039.94653	5.666939e7
top08_strong_z5	0	8062	15.8676	1040.00391	1.447423e8
top08_strong_z5	0	8062	15.8676	1040.07043	2.704909e8
top08_strong_z5	0	8062	15.8676	1040.13611	5.732220e8
top08_strong_z5	0	8062	15.8676	1040.20276	8.441142e8
top08_strong_z5	0	8062	15.8676	1040.26990	1.225464e9
top08_strong_z5	0	8062	15.8676	1040.33679	1.189221e9
top08_strong_z5	0	8062	15.8676	1040.40442	8.000858e8
top08_strong_z5	0	8062	15.8676	1040.46997	8.045763e8
top08_strong_z5	0	8062	15.8676	1040.53687	7.797867e8
top08_strong_z5	0	8062	15.8676	1040.60400	8.099444e8
top08_strong_z5	0	8062	15.8676	1040.67102	3.570186e8
top08_strong_z5	0	8062	15.8676	1040.73682	4.966043e8
top08_strong_z5	0	8062	15.8676	1040.80725	1.543857e8
top08_strong_z5	0	8062	15.8676	1040.87073	2.023412e8
top08_strong_z5	0	8062	15.8676	1040.93298	9.267349e7
top08_strong_z5	0	8062	15.8676	1041.00305	4.749380e7
top08_strong_z5	0	8062	15.8676	1041.08447	2.293827e7
top08_strong_z5	0	8062	15.8676	1041.21960	2.733828e7
top08_strong_z5	0	8062	15.8676	1041.26843	3.063615e7
top08_strong_z5	0	8062	15.8676	1041.33545	1.691751e8
top08_strong_z5	0	8062	15.8676	1041.36938	3.039817e7
top08_strong_z5	0	8062	15.8676	1041.40515	1.076013e8
top08_strong_z5	1	8069	15.8768	1039.47168	5.658516e7
top08_strong_z5	1	8069	15.8768	1039.52917	3.263929e7
top08_strong_z5	1	8069	15.8768	1039.65100	1.910977e7
top08_strong_z5	1	8069	15.8768	1039.68140	2.186821e7
top08_strong_z5	1	8069	15.8768	1039.73450	6.640068e7
top08_strong_z5	1	8069	15.8768	1039.80127	9.976074e7
top08_strong_z5	1	8069	15.8768	1039.94165	4.496714e7
top08_strong_z5	1	8069	15.8768	1040.00342	5.005135e7
top08_strong_z5	1	8069	15.8768	1040.05676	3.991172e7
top08_strong_z5	1	8069	15.8768	1040.07910	7.740086e7
top08_strong_z5	1	8069	15.8768	1040.13611	2.011454e8
top08_strong_z5	1	8069	15.8768	1040.20276	6.583789e8
top08_strong_z5	1	8069	15.8768	1040.26978	8.220463e8
top08_strong_z5	1	8069	15.8768	1040.33643	9.451459e8
top08_strong_z5	1	8069	15.8768	1040.40320	6.547286e8
top08_strong_z5	1	8069	15.8768	1040.47046	1.242949e9
top08_strong_z5	1	8069	15.8768	1040.53748	9.021885e8
top08_strong_z5	1	8069	15.8768	1040.60376	6.938171e8
top08_strong_z5	1	8069	15.8768	1040.67065	3.897485e8
top08_strong_z5	1	8069	15.8768	1040.73755	4.530178e8
top08_strong_z5	1	8069	15.8768	1040.80396	1.479940e8
top08_strong_z5	1	8069	15.8768	1040.87036	1.006465e8
top08_strong_z5	1	8069	15.8768	1040.92834	2.672006e7
top08_strong_z5	1	8069	15.8768	1041.07471	5.266711e7
top08_strong_z5	1	8069	15.8768	1041.13538	6.083340e7
top08_strong_z5	1	8069	15.8768	1041.33777	4.115668e7
top08_strong_z5	1	8069	15.8768	1041.40540	2.613154e7
top09_strong_z5	-1	8062	15.8676	1039.40137	6.094574e7
top09_strong_z5	-1	8062	15.8676	1039.43848	3.469891e7
top09_strong_z5	-1	8062	15.8676	1039.47095	1.270905e8
top09_strong_z5	-1	8062	15.8676	1039.54810	2.701812e7
top09_strong_z5	-1	8062	15.8676	1039.58813	2.140631e7
top09_strong_z5	-1	8062	15.8676	1039.67920	3.979707e7
top09_strong_z5	-1	8062	15.8676	1039.73682	1.544943e8
top09_strong_z5	-1	8062	15.8676	1039.94653	5.666939e7
top09_strong_z5	-1	8062	15.8676	1040.00391	1.447423e8
top09_strong_z5	-1	8062	15.8676	1040.07043	2.704909e8
top09_strong_z5	-1	8062	15.8676	1040.13611	5.732220e8
top09_strong_z5	-1	8062	15.8676	1040.20276	8.441142e8
top09_strong_z5	-1	8062	15.8676	1040.26990	1.225464e9
top09_strong_z5	-1	8062	15.8676	1040.33679	1.189221e9
top09_strong_z5	-1	8062	15.8676	1040.40442	8.000858e8
top09_strong_z5	-1	8062	15.8676	1040.46997	8.045763e8
top09_strong_z5	-1	8062	15.8676	1040.53687	7.797867e8
top09_strong_z5	-1	8062	15.8676	1040.60400	8.099444e8
top09_strong_z5	-1	8062	15.8676	1040.67102	3.570186e8
top09_strong_z5	-1	8062	15.8676	1040.73682	4.966043e8
top09_strong_z5	-1	8062	15.8676	1040.80725	1.543857e8
top09_strong_z5	-1	8062	15.8676	1040.87073	2.023412e8
top09_strong_z5	-1	8062	15.8676	1040.93298	9.267349e7
top09_strong_z5	-1	8062	15.8676	1041.00305	4.749380e7
top09_strong_z5	-1	8062	15.8676	1041.08447	2.293827e7
top09_strong_z5	-1	8062	15.8676	1041.21960	2.733828e7
top09_strong_z5	-1	8062	15.8676	1041.26843	3.063615e7
top09_strong_z5	-1	8062	15.8676	1041.33545	1.691751e8
top09_strong_z5	-1	8062	15.8676	1041.36938	3.039817e7
top09_strong_z5	0	8069	15.8768	1039.40076	8.265858e7
top09_strong_z5	0	8069	15.8768	1039.47168	5.658516e7
top09_strong_z5	0	8069	15.8768	1039.52917	3.263929e7
top09_strong_z5	0	8069	15.8768	1039.65100	1.910977e7
top09_strong_z5	0	8069	15.8768	1039.68140	2.186821e7
top09_strong_z5	0	8069	15.8768	1039.73450	6.640068e7
top09_strong_z5	0	8069	15.8768	1039.80127	9.976074e7
top09_strong_z5	0	8069	15.8768	1039.94165	4.496714e7
top09_strong_z5	0	8069	15.8768	1040.00342	5.005135e7
top09_strong_z5	0	8069	15.8768	1040.05676	3.991172e7
top09_strong_z5	0	8069	15.8768	1040.07910	7.740086e7
top09_strong_z5	0	8069	15.8768	1040.13611	2.011454e8
top09_strong_z5	0	8069	15.8768	1040.20276	6.583789e8
top09_strong_z5	0	8069	15.8768	1040.26978	8.220463e8
top09_strong_z5	0	8069	15.8768	1040.33643	9.451459e8
top09_strong_z5	0	8069	15.8768	1040.40320	6.547286e8
top09_strong_z5	0	8069	15.8768	1040.47046	1.242949e9
top09_strong_z5	0	8069	15.8768	1040.53748	9.021885e8
top09_strong_z5	0	8069	15.8768	1040.60376	6.938171e8
top09_strong_z5	0	8069	15.8768	1040.67065	3.897485e8
top09_strong_z5	0	8069	15.8768	1040.73755	4.530178e8
top09_strong_z5	0	8069	15.8768	1040.80396	1.479940e8
top09_strong_z5	0	8069	15.8768	1040.87036	1.006465e8
top09_strong_z5	0	8069	15.8768	1040.92834	2.672006e7
top09_strong_z5	0	8069	15.8768	1041.07471	5.266711e7
top09_strong_z5	0	8069	15.8768	1041.13538	6.083340e7
top09_strong_z5	0	8069	15.8768	1041.33777	4.115668e7
top09_strong_z5	1	8075	15.8856	1039.38135	3.523542e7
top09_strong_z5	1	8075	15.8856	1039.40881	4.609426e7
top09_strong_z5	1	8075	15.8856	1039.43933	2.487620e7
top09_strong_z5	1	8075	15.8856	1039.47229	1.520871e8
top09_strong_z5	1	8075	15.8856	1039.53308	6.545276e7
top09_strong_z5	1	8075	15.8856	1039.60791	1.089475e8
top09_strong_z5	1	8075	15.8856	1039.74353	3.599522e7
top09_strong_z5	1	8075	15.8856	1039.87378	3.243143e7
top09_strong_z5	1	8075	15.8856	1039.93518	1.490466e8
top09_strong_z5	1	8075	15.8856	1040.00537	1.193821e8
top09_strong_z5	1	8075	15.8856	1040.07007	2.410589e8
top09_strong_z5	1	8075	15.8856	1040.13574	3.404407e8
top09_strong_z5	1	8075	15.8856	1040.20386	5.499112e8
top09_strong_z5	1	8075	15.8856	1040.27148	5.295821e8
top09_strong_z5	1	8075	15.8856	1040.33655	8.952993e8
top09_strong_z5	1	8075	15.8856	1040.40381	7.417438e8
top09_strong_z5	1	8075	15.8856	1040.47058	7.756622e8
top09_strong_z5	1	8075	15.8856	1040.53772	8.654019e8
top09_strong_z5	1	8075	15.8856	1040.60400	3.576313e8
top09_strong_z5	1	8075	15.8856	1040.67053	2.635147e8
top09_strong_z5	1	8075	15.8856	1040.73743	2.485881e8
top09_strong_z5	1	8075	15.8856	1040.80579	2.642379e8
top09_strong_z5	1	8075	15.8856	1040.87097	1.033061e8
top09_strong_z5	1	8075	15.8856	1040.89819	2.536509e7
top09_strong_z5	1	8075	15.8856	1040.93872	1.583982e8
top09_strong_z5	1	8075	15.8856	1041.00635	7.450036e7
top09_strong_z5	1	8075	15.8856	1041.07507	1.782886e7
top09_strong_z5	1	8075	15.8856	1041.13330	7.112096e7
top09_strong_z5	1	8075	15.8856	1041.20422	3.668551e7
top09_strong_z5	1	8075	15.8856	1041.26855	1.301489e7
top09_strong_z5	1	8075	15.8856	1041.33044	2.115471e7
top10_strong_z2	-1	5800	13.4445	823.05774	2.952552e6
top10_strong_z2	-1	5800	13.4445	823.34442	1.275794e7
top10_strong_z2	-1	5800	13.4445	823.39069	2.137694e9
top10_strong_z2	-1	5800	13.4445	823.42761	9.527732e6
top10_strong_z2	-1	5800	13.4445	823.43597	1.449645e7
top10_strong_z2	-1	5800	13.4445	823.45020	5.994694e6
top10_strong_z2	-1	5800	13.4445	824.39392	8.780055e8
top10_strong_z2	-1	5800	13.4445	824.43915	4.717554e6
top10_strong_z2	-1	5800	13.4445	825.39655	2.422077e8
top10_strong_z2	-1	5800	13.4445	826.39954	4.989820e7
top10_strong_z2	0	5816	13.4611	823.30652	8.018693e6
top10_strong_z2	0	5816	13.4611	823.33252	1.596455e7
top10_strong_z2	0	5816	13.4611	823.34473	4.751387e7
top10_strong_z2	0	5816	13.4611	823.35370	2.563602e7
top10_strong_z2	0	5816	13.4611	823.39069	7.545898e9
top10_strong_z2	0	5816	13.4611	823.42755	3.059201e7
top10_strong_z2	0	5816	13.4611	823.43628	5.020428e7
top10_strong_z2	0	5816	13.4611	823.44934	1.502257e7
top10_strong_z2	0	5816	13.4611	823.48804	8.414857e6
top10_strong_z2	0	5816	13.4611	824.34790	1.985374e7
top10_strong_z2	0	5816	13.4611	824.39386	3.242588e9
top10_strong_z2	0	5816	13.4611	824.44049	1.852245e7
top10_strong_z2	0	5816	13.4611	825.39667	8.854286e8
top10_strong_z2	0	5816	13.4611	826.39917	1.587647e8
top10_strong_z2	1	5832	13.4774	823.04779	2.100224e6
top10_strong_z2	1	5832	13.4774	823.24200	1.869049e6
top10_strong_z2	1	5832	13.4774	823.29352	3.554135e6
top10_strong_z2	1	5832	13.4774	823.33160	1.270174e7
top10_strong_z2	1	5832	13.4774	823.34473	2.660781e7
top10_strong_z2	1	5832	13.4774	823.39099	5.126725e9
top10_strong_z2	1	5832	13.4774	823.42780	2.231971e7
top10_strong_z2	1	5832	13.4774	823.43671	3.434914e7
top10_strong_z2	1	5832	13.4774	823.44989	8.090353e6
top10_strong_z2	1	5832	13.4774	823.46326	8.402037e6
top10_strong_z2	1	5832	13.4774	823.51331	2.235615e6
top10_strong_z2	1	5832	13.4774	823.54205	1.399564e6
top10_strong_z2	1	5832	13.4774	823.55060	1.494435e6
top10_strong_z2	1	5832	13.4774	824.33441	5.197911e6
top10_strong_z2	1	5832	13.4774	824.34735	8.757762e6
top10_strong_z2	1	5832	13.4774	824.39380	2.109294e9
top10_strong_z2	1	5832	13.4774	824.43060	8.428236e6
top10_strong_z2	1	5832	13.4774	824.43988	1.290587e7
top10_strong_z2	1	5832	13.4774	824.68811	2.129701e6
top10_strong_z2	1	5832	13.4774	825.39642	5.853446e8
top10_strong_z2	1	5832	13.4774	826.39923	1.103801e8
top11_strong_z2	-1	6219	13.8872	873.73627	1.436983e7
top11_strong_z2	-1	6219	13.8872	874.07056	1.028812e7
top11_strong_z2	-1	6219	13.8872	874.40454	4.762998e6
top11_strong_z2	-1	6219	13.8872	874.43408	3.565940e6
top11_strong_z2	-1	6219	13.8872	874.49652	1.036163e8
top11_strong_z2	-1	6219	13.8872	874.66986	4.114245e6
top11_strong_z2	-1	6219	13.8872	874.73853	2.400364e6
top11_strong_z2	-1	6219	13.8872	874.91833	1.115569e7
top11_strong_z2	-1	6219	13.8872	875.07318	5.967631e5
top11_strong_z2	-1	6219	13.8872	875.16943	1.290792e7
top11_strong_z2	-1	6219	13.8872	875.41833	1.443284e7
top11_strong_z2	-1	6219	13.8872	875.49969	4.790018e7
top11_strong_z2	-1	6219	13.8872	875.66821	8.654715e6
top11_strong_z2	-1	6219	13.8872	875.91919	6.185704e6
top11_strong_z2	-1	6219	13.8872	876.16815	2.691355e6
top11_strong_z2	-1	6219	13.8872	876.41815	1.669697e6
top11_strong_z2	-1	6219	13.8872	876.50214	1.244233e7
top11_strong_z2	-1	6219	13.8872	876.67249	9.404942e5
top11_strong_z2	-1	6219	13.8872	876.92017	7.744830e5
top11_strong_z2	-1	6219	13.8872	877.41406	6.768871e5
top11_strong_z2	-1	6219	13.8872	877.50562	2.414024e6
top11_strong_z2	0	6234	13.9032	874.49585	2.131295e9
top11_strong_z2	0	6234	13.9032	875.16699	2.223328e7
top11_strong_z2	0	6234	13.9032	875.41974	8.238138e7
top11_strong_z2	0	6234	13.9032	875.49902	9.115324e8
top11_strong_z2	0	6234	13.9032	875.66858	3.121799e7
top11_strong_z2	0	6234	13.9032	876.50189	2.382747e8
top11_strong_z2	0	6234	13.9032	877.50403	5.556689e7
top11_strong_z2	1	6250	13.9195	874.49567	1.894637e9
top11_strong_z2	1	6250	13.9195	874.91486	2.042125e7
top11_strong_z2	1	6250	13.9195	875.41522	5.266742e7
top11_strong_z2	1	6250	13.9195	875.49872	8.330907e8
top11_strong_z2	1	6250	13.9195	875.66748	3.036149e7
top11_strong_z2	1	6250	13.9195	876.50128	2.281435e8
