mono_mass	mz	charge	rt	n_psm
798.41220	400.21340	2	38.8364	1
798.46120	400.23790	2	44.1696	1
798.48520	400.24985	2	58.2362	2
798.49000	400.25230	2	33.1312	1
799.45530	400.73495	2	49.8557	2
800.43895	401.22675	2	44.4887	2
800.43940	401.22700	2	40.8880	2
800.44060	401.22760	2	38.6838	1
800.45450	401.23455	2	51.8972	2
801.43490	401.72475	2	37.2033	2
801.53265	401.77360	2	45.1866	2
802.38630	402.20045	2	39.3784	2
802.49820	402.25640	2	62.3149	2
805.40905	403.71180	2	45.6882	2
805.44480	403.72970	2	51.9754	3
806.39540	404.20500	2	38.1072	1
806.41630	404.21540	2	72.0999	1
806.45375	404.23420	2	61.0064	2
806.45500	404.23480	2	51.1317	1
807.41305	404.71380	2	40.5811	2
808.36335	405.18895	2	37.2807	2
808.39695	405.20575	2	50.0365	2
808.44275	405.22865	2	36.3404	2
811.35365	406.68410	2	38.0385	2
811.49080	406.75270	2	50.3287	1
812.42315	407.21885	2	43.3688	2
812.43900	407.22680	2	40.6516	2
812.47535	407.24495	2	60.7563	2
812.48735	407.25095	2	45.2516	2
812.51195	407.26325	2	49.6613	2
814.45470	408.23465	2	34.8536	2
814.45485	408.23470	2	52.2797	2
815.43920	408.72690	2	39.2737	1
815.46875	408.74165	2	57.2330	2
815.47505	408.74480	2	42.8255	2
815.47650	408.74555	2	46.9972	2
815.49760	408.75610	2	38.3730	2
815.51180	408.76320	2	46.7816	1
816.38385	409.19920	2	52.2029	2
816.44965	409.23210	2	66.9902	2
816.47030	409.24240	2	38.0850	2
817.42990	409.72225	2	35.1156	2
817.48130	409.74795	2	67.3920	2
818.44010	410.22735	2	53.4643	2
818.49010	410.25230	2	74.3367	2
819.39120	410.70285	2	35.5607	2
819.43085	410.72270	2	63.5603	2
820.43320	411.22390	2	39.4978	2
820.45620	411.23540	2	33.6774	1
820.46985	411.24220	2	46.1940	2
820.48830	411.25145	2	72.1414	2
821.42820	411.72135	2	41.3331	2
821.44740	411.73100	2	33.9451	1
822.39075	412.20265	2	31.5356	4
822.42405	412.21930	2	37.4341	2
822.42430	412.21940	2	43.3153	2
823.41890	412.71670	2	36.7910	1
823.42585	412.72025	2	55.2848	2
823.44490	412.72970	2	45.7236	2
824.54880	413.28165	2	71.6193	2
826.49080	414.25270	2	42.8871	2
826.49170	414.25315	2	40.3054	2
826.52735	414.27095	2	50.3791	2
826.52760	414.27110	2	70.1680	2
828.41590	415.21530	2	31.8231	1
828.44570	415.23010	2	40.4687	3
828.45030	415.23240	2	59.9067	1
828.47680	415.24570	2	39.4854	2
829.46425	415.73940	2	42.3353	2
829.46590	415.74025	2	35.1703	2
829.49150	415.75300	2	40.0199	1
829.49195	415.75325	2	56.3523	2
829.50300	415.75875	2	37.2229	2
829.50330	415.75895	2	51.1828	2
830.45120	416.23290	2	40.9320	1
831.46945	416.74200	2	35.6778	2
831.47035	416.74245	2	49.2349	2
831.49665	416.75560	2	70.3199	2
832.39350	417.20405	2	34.8358	2
832.40760	417.21110	2	37.6707	1
832.42910	417.22185	2	45.7437	2
833.43960	417.72705	2	63.4027	2
834.43545	418.22500	2	38.5744	2
835.44415	418.72935	2	43.9492	2
836.38980	419.20220	2	41.0161	2
836.40175	419.20815	2	41.9843	2
836.44035	419.22745	2	57.1345	2
836.44080	419.22765	2	44.1423	2
837.40295	419.70875	2	48.6585	2
837.40595	419.71025	2	55.0195	2
838.41800	420.21630	2	37.9836	1
839.42975	420.72215	2	55.6747	2
839.58495	420.79975	2	73.6311	2
840.47110	421.24285	2	43.6601	2
840.54290	421.27870	2	60.1958	2
840.54340	421.27895	2	75.3032	2
841.46620	421.74040	2	41.6120	3
841.49180	421.75320	2	55.4691	1
841.49190	421.75320	2	55.4441	1
842.42845	422.22150	2	48.4779	2
842.45590	422.23520	2	42.6226	1
842.46125	422.23790	2	40.3738	2
842.48590	422.25025	2	52.8822	2
842.48740	422.25100	2	39.1193	2
842.48755	422.25105	2	43.0013	2
842.52240	422.26845	2	71.4294	2
842.52270	422.26860	2	49.8648	2
842.53365	422.27410	2	34.8861	2
843.45135	422.73295	2	39.9556	2
843.45230	422.73340	2	57.1625	1
843.48130	422.74790	2	45.3428	3
843.54320	422.77885	2	63.7079	2
844.45470	423.23465	2	54.5614	2
844.46525	423.23990	2	35.7810	2
845.46010	423.73730	2	38.0950	2
845.46175	423.73815	2	44.8651	2
845.46500	423.73980	2	67.8324	2
845.51225	423.76340	2	65.6460	2
845.53760	423.77610	2	76.6384	2
846.39980	424.20715	2	37.6081	2
846.42770	424.22110	2	43.5338	3
846.43705	424.22580	2	49.4824	2
846.44945	424.23205	2	61.6445	2
847.42290	424.71870	2	44.5347	1
847.44450	424.72950	2	41.4635	1
847.48080	424.74770	2	46.2242	1
848.43940	425.22700	2	42.5666	2
848.44045	425.22750	2	53.7910	2
848.44410	425.22930	2	37.1664	2
849.42105	425.71780	2	47.3978	2
849.43500	425.72475	2	54.3580	2
850.45340	426.23400	2	47.0860	2
850.50240	426.25850	2	40.1829	2
851.40290	426.70870	2	35.9940	2
851.42155	426.71805	2	46.2923	2
851.43930	426.72695	2	37.7026	2
853.36090	427.68770	2	37.4467	2
853.39780	427.70620	2	43.5455	2
854.46080	428.23770	2	40.6175	2
855.51770	428.76610	2	52.0711	1
856.43280	429.22365	2	64.9848	2
856.44855	429.23155	2	65.8294	2
856.47025	429.24240	2	50.9352	2
856.51255	429.26355	2	49.0741	2
856.51655	429.26555	2	46.4049	2
856.53910	429.27680	2	58.3378	2
857.44180	429.72820	2	40.4154	1
857.46210	429.73830	2	40.9219	2
857.46245	429.73850	2	43.2554	2
857.49420	429.75440	2	47.1030	1
857.49715	429.75585	2	55.6369	2
858.45760	430.23610	2	44.9941	2
858.47015	430.24235	2	44.3235	2
858.96310	430.48885	2	38.6140	4
859.43770	430.72610	2	40.7378	1
859.46495	430.73975	2	47.6072	2
860.42415	431.21935	2	36.7210	2
860.44270	431.22860	2	45.9596	2
860.46030	431.23740	2	34.1813	1
861.44405	431.72930	2	45.3330	2
861.47100	431.74275	2	48.3847	2
861.50745	431.76100	2	75.8978	2
862.38640	432.20045	2	39.9680	2
863.45020	432.73235	2	50.0058	2
863.45075	432.73265	2	35.5272	2
864.41950	433.21700	2	50.4843	2
864.43400	433.22430	2	50.3115	1
864.43455	433.22455	2	53.6101	2
864.46980	433.24220	2	57.1319	1
864.50640	433.26050	2	64.4854	2
865.41450	433.71455	2	40.5127	2
865.50090	433.75770	2	36.2031	1
866.41270	434.21360	2	41.1816	1
866.49785	434.25620	2	43.1827	2
867.41605	434.71530	2	50.8121	2
867.43485	434.72470	2	39.8357	2
868.45900	435.23680	2	38.4900	2
868.51350	435.26400	2	33.0558	2
869.49685	435.75570	2	34.9440	2
869.53340	435.77395	2	60.4328	2
869.53350	435.77400	2	53.2869	1
869.55910	435.78680	2	67.5452	2
870.43860	436.22660	2	34.2908	1
870.44905	436.23180	2	55.2262	2
870.48095	436.24775	2	43.7136	2
870.51725	436.26590	2	58.7370	2
870.55345	436.28400	2	51.6713	2
871.44360	436.72910	2	38.9888	2
871.45110	436.73280	2	41.5751	2
871.53920	436.77685	2	60.0775	2
872.47510	437.24480	2	40.4261	2
872.49680	437.25570	2	42.9168	2
872.51540	437.26500	2	64.3645	2
873.47075	437.74265	2	46.0806	2
873.47310	437.74380	2	51.3183	2
873.48080	437.74765	2	49.2961	2
873.49605	437.75530	2	68.0666	2
874.43395	438.22425	2	45.4762	2
874.44280	438.22870	2	35.3657	1
874.45885	438.23670	2	50.6045	2
874.46945	438.24200	2	36.3505	2
875.52280	438.76870	2	61.5833	2
875.52325	438.76890	2	50.8534	2
876.41260	439.21355	2	40.0397	2
876.47100	439.24280	2	50.9840	3
876.49595	439.25525	2	68.4633	2
877.42950	439.72205	2	44.1292	2
877.43290	439.72375	2	48.7488	2
877.45420	439.73435	2	37.9445	2
877.46610	439.74030	2	43.4091	1
877.46615	439.74035	2	50.4804	2
877.46650	439.74050	2	43.3905	1
877.46680	439.74070	2	45.7337	1
877.50975	439.76215	2	70.5208	2
877.52790	439.77120	2	69.6603	1
878.43140	440.22300	2	48.7027	1
878.48600	440.25030	2	55.3946	2
878.48630	440.25040	2	51.0655	1
879.39850	440.70650	2	35.2520	1
879.41910	440.71680	2	41.0485	2
880.41490	441.21470	2	39.4609	1
880.43000	441.22230	2	44.2320	2
880.54930	441.28195	2	54.1286	2
882.48230	442.24840	2	36.9209	1
882.52825	442.27140	2	39.8601	2
883.41820	442.71640	2	46.0056	1
883.53795	442.77625	2	51.9511	2
883.53820	442.77635	2	59.3709	2
883.56020	442.78740	2	39.6404	1
884.44070	443.22760	2	44.9259	2
884.54380	443.27915	2	54.9840	2
884.57010	443.29230	2	74.6648	1
884.57055	443.29255	2	59.9511	2
885.42305	443.71880	2	39.7324	2
885.44480	443.72970	2	35.4854	2
885.48920	443.75190	2	36.1342	1
885.49205	443.75330	2	52.1900	2
885.55370	443.78410	2	65.5807	2
886.40745	444.21100	2	54.2099	2
886.48715	444.25085	2	43.2853	2
886.51270	444.26360	2	48.6415	1
886.51360	444.26410	2	48.6176	1
887.46010	444.73730	2	37.0459	2
887.48590	444.75020	2	56.2835	1
887.49190	444.75325	2	42.1234	2
888.46670	445.24065	2	38.9014	2
889.45860	445.73660	2	51.8053	2
889.46550	445.74000	2	48.9841	2
889.47695	445.74575	2	42.1822	2
889.48440	445.74950	2	70.8011	2
891.44545	446.73000	2	50.1963	2
891.44890	446.73175	2	47.2034	2
891.48150	446.74800	2	63.5704	2
891.49735	446.75595	2	67.7810	2
891.50680	446.76070	2	67.0840	2
892.44045	447.22750	2	40.9789	2
892.48370	447.24915	2	77.3612	2
893.45080	447.73270	2	44.0819	1
893.45855	447.73655	2	46.5262	6
893.46130	447.73790	2	43.4723	1
893.60575	447.81015	2	76.1368	2
894.45560	448.23510	2	34.8308	2
894.46395	448.23925	2	42.1042	2
895.44650	448.73055	2	60.4633	2
895.46550	448.74000	2	42.1773	1
896.53395	449.27425	2	55.4891	2
897.40495	449.70975	2	67.3529	2
897.50275	449.75865	2	34.4142	2
898.40735	450.21100	2	66.8964	2
898.47910	450.24680	2	58.5534	1
898.48730	450.25095	2	35.9941	2
898.49065	450.25265	2	45.2751	2
898.54905	450.28180	2	67.5977	2
898.56090	450.28770	2	55.9346	2
899.43830	450.72645	2	54.4327	2
899.45035	450.73245	2	41.6313	2
899.51540	450.76500	2	60.9180	2
900.45560	451.23510	2	42.1535	1
900.48980	451.25220	2	42.0108	2
900.49190	451.25320	2	53.5480	1
900.50330	451.25895	2	51.4334	2
900.53900	451.27675	2	44.7220	2
901.41165	451.71310	2	49.9706	2
901.43285	451.72370	2	40.0671	2
901.47580	451.74520	2	59.3439	2
901.48650	451.75055	2	34.4650	2
901.48660	451.75060	2	47.5113	1
901.52410	451.76935	2	43.3737	2
902.41360	452.21405	2	48.5980	2
902.50795	452.26125	2	46.9922	2
903.48225	452.74840	2	53.8216	2
903.52870	452.77160	2	43.0651	2
903.54260	452.77855	2	69.6091	2
904.42330	453.21890	2	32.8419	1
905.45290	453.73375	2	66.2891	2
905.45295	453.73375	2	44.8128	2
905.46110	453.73780	2	33.1693	1
906.46770	454.24110	2	32.9804	1
906.51750	454.26605	2	48.9633	2
907.45205	454.73330	2	38.0282	2
907.50080	454.75765	2	49.4169	2
908.00420	455.00935	2	55.7137	4
908.43160	455.22310	2	50.2823	1
908.53445	455.27450	2	41.4346	2
908.56945	455.29200	2	57.9617	2
909.42610	455.72030	2	45.5621	2
909.42655	455.72055	2	56.1802	2
909.45480	455.73470	2	40.8585	1
909.47500	455.74480	2	71.1252	2
909.50420	455.75940	2	36.8305	1
911.38100	456.69780	2	34.6717	2
911.47625	456.74540	2	61.3851	2
911.48960	456.75210	2	44.1108	1
911.58030	456.79745	2	58.8100	2
912.56540	457.28995	2	64.9535	2
913.45000	457.73230	2	42.4818	2
913.47305	457.74380	2	71.9705	2
913.48640	457.75045	2	48.1540	2
913.51045	457.76250	2	33.7499	2
913.54855	457.78155	2	54.6247	2
913.55960	457.78710	2	39.9403	2
913.59660	457.80560	2	41.2257	2
914.50770	458.26110	2	41.7840	2
914.51785	458.26620	2	46.9416	2
915.44860	458.73160	2	37.7371	2
915.47050	458.74255	2	37.3818	2
915.50500	458.75975	2	33.1810	2
915.52125	458.76790	2	50.6161	2
915.53895	458.77675	2	35.8999	2
916.48640	459.25050	2	42.1865	2
916.49855	459.25655	2	38.4818	2
917.46415	459.73935	2	54.8770	2
917.46670	459.74060	2	35.3689	2
917.48090	459.74770	2	41.1030	2
917.48130	459.74790	2	39.0581	2
918.48460	460.24960	2	54.2848	2
918.49075	460.25265	2	64.8181	2
918.51730	460.26595	2	63.7405	2
918.51740	460.26595	2	57.6561	2
919.40560	460.71005	2	33.8269	2
919.40755	460.71105	2	62.1734	2
919.44355	460.72905	2	48.4729	2
919.47110	460.74280	2	53.4491	3
919.50705	460.76080	2	53.5739	2
919.51245	460.76350	2	47.6566	2
919.51580	460.76520	2	58.0942	2
919.52100	460.76775	2	65.4039	2
920.49715	461.25585	2	47.7723	2
920.49735	461.25595	2	51.2321	2
920.50660	461.26055	2	42.4639	2
921.44680	461.73070	2	38.2248	3
921.45420	461.73440	2	41.5100	1
921.45610	461.73530	2	41.3857	1
921.55350	461.78400	2	62.3567	1
922.43970	462.22710	2	50.5796	2
922.45170	462.23310	2	39.4262	1
923.43460	462.72460	2	44.7316	2
923.47310	462.74385	2	41.7718	2
923.53285	462.77370	2	59.8935	2
923.58095	462.79775	2	78.4929	2
924.43755	463.22605	2	48.9583	2
924.53930	463.27695	2	53.3544	2
924.56430	463.28945	2	56.1852	2
925.49870	463.75660	2	44.5698	1
926.51850	464.26655	2	39.8528	2
926.58010	464.29730	2	61.0298	2
926.59150	464.30300	2	62.0895	2
927.37575	464.69515	2	30.0852	2
927.44520	464.72985	2	47.4530	2
927.56425	464.78940	2	83.5305	2
928.45460	465.23455	2	51.5541	2
928.51700	465.26575	2	42.7188	2
928.52360	465.26910	2	52.4035	2
928.53385	465.27420	2	50.7225	2
928.55875	465.28665	2	63.3754	2
928.55975	465.28715	2	57.6638	2
929.45720	465.73590	2	30.7846	2
929.48065	465.74760	2	37.7595	2
929.50670	465.76065	2	55.7015	2
929.51195	465.76325	2	49.1893	2
929.51815	465.76635	2	43.8600	2
929.51890	465.76670	2	36.9353	3
929.51930	465.76695	2	41.8101	2
930.42350	466.21900	2	61.6076	1
930.46680	466.24070	2	35.9347	2
930.47715	466.24585	2	42.8662	2
930.51715	466.26585	2	65.3683	2
930.54110	466.27780	2	38.8722	1
931.46995	466.74225	2	36.7580	2
931.48645	466.75050	2	49.6378	2
931.50190	466.75820	2	56.5880	2
931.51265	466.76360	2	58.5909	2
931.53465	466.77460	2	68.4345	2
932.46385	467.23920	2	39.7050	2
932.54485	467.27970	2	42.9804	2
933.43810	467.72630	2	31.9602	1
933.45615	467.73535	2	38.0873	2
933.46530	467.73990	2	52.0530	2
933.48550	467.75000	2	52.4034	2
933.50345	467.75900	2	53.1814	2
933.50570	467.76010	2	87.7692	1
933.51380	467.76420	2	30.8599	1
933.52885	467.77170	2	57.0465	2
933.54070	467.77760	2	33.5592	1
934.41435	468.21445	2	40.8603	2
934.45145	468.23300	2	40.1762	2
934.48320	468.24890	2	43.6505	1
934.48710	468.25085	2	55.8499	2
934.48725	468.25090	2	44.0604	2
934.48775	468.25115	2	34.1039	2
934.51285	468.26370	2	50.9708	2
934.51315	468.26385	2	59.0829	2
934.52330	468.26890	2	60.2217	2
935.45200	468.73330	2	37.3006	1
935.47035	468.74250	2	45.8679	2
935.48960	468.75210	2	62.3679	1
937.41480	469.71465	2	35.3555	2
937.48660	469.75060	2	41.5411	2
937.51220	469.76340	2	58.4719	1
938.43400	470.22430	2	38.5991	2
939.43085	470.72270	2	63.0196	2
939.48150	470.74805	2	80.8644	2
939.48190	470.74825	2	60.1624	2
939.51455	470.76455	2	32.9894	2
939.55045	470.78250	2	56.5324	2
939.56420	470.78940	2	81.3206	2
940.44415	471.22935	2	45.9284	2
940.52680	471.27070	2	62.6495	2
940.53545	471.27500	2	35.2385	2
941.43460	471.72455	2	39.3833	2
941.46415	471.73935	2	50.7331	2
941.56620	471.79035	2	62.4773	2
941.57945	471.79700	2	67.3225	2
941.60590	471.81020	2	79.8866	2
942.50215	472.25840	2	36.8297	2
942.51355	472.26405	2	48.8979	2
942.53850	472.27655	2	49.7177	2
943.44765	472.73110	2	61.7607	2
943.46355	472.73905	2	36.5889	2
943.48855	472.75155	2	44.6036	2
943.49820	472.75640	2	36.4465	3
943.53510	472.77480	2	47.1272	1
944.42525	473.21990	2	38.2891	2
944.43135	473.22295	2	64.1346	2
944.47525	473.24490	2	56.0865	2
944.49215	473.25335	2	43.9801	2
944.49850	473.25650	2	32.0983	1
944.51150	473.26300	2	64.5751	1
944.51805	473.26630	2	48.7042	2
944.51900	473.26680	2	46.1760	2
944.52955	473.27205	2	50.1720	2
944.55480	473.28465	2	55.3701	2
945.46000	473.73725	2	77.6639	2
945.51205	473.76330	2	41.5219	2
945.54975	473.78215	2	59.3988	2
946.50830	474.26140	2	50.4798	1
946.50930	474.26195	2	37.8948	2
946.51335	474.26395	2	46.7268	2
946.53555	474.27505	2	38.9115	2
946.54880	474.28170	2	74.8622	2
947.43505	474.72480	2	39.0038	2
947.48635	474.75045	2	43.0383	2
947.51495	474.76480	2	71.9935	2
948.46575	475.24015	2	53.6431	2
948.46660	475.24055	2	45.1816	2
949.48585	475.75020	2	40.3627	2
949.48720	475.75090	2	54.9637	2
949.49075	475.75265	2	87.3476	2
949.52280	475.76870	2	48.2049	1
949.52765	475.77110	2	80.0767	2
950.45295	476.23380	2	51.0853	2
950.48160	476.24810	2	49.8014	2
950.48190	476.24825	2	47.4894	2
950.48630	476.25045	2	74.1715	2
950.50085	476.25770	2	60.1117	2
950.50765	476.26110	2	52.4876	2
951.49050	476.75255	2	60.7947	2
951.51835	476.76645	2	80.7148	2
952.45030	477.23245	2	43.9442	2
952.46910	477.24185	2	51.6190	2
952.53505	477.27480	2	43.0575	2
954.44045	478.22750	2	36.7742	2
954.44540	478.23000	2	53.2453	2
955.53445	478.77450	2	63.5351	2
955.57020	478.79240	2	61.7557	2
956.50455	479.25955	2	39.2250	2
956.51505	479.26480	2	37.4985	2
956.52890	479.27170	2	47.6380	2
956.52940	479.27195	2	54.0968	2
956.53015	479.27235	2	44.9662	2
956.53250	479.27350	2	42.4522	1
956.57960	479.29710	2	78.1861	2
957.49090	479.75270	2	33.3195	2
957.51490	479.76480	2	48.7594	1
957.52560	479.77010	2	41.7642	1
957.53140	479.77300	2	49.1897	1
957.53680	479.77570	2	32.6035	1
957.56010	479.78735	2	48.9819	2
957.59665	479.80560	2	48.1490	2
958.48740	480.25095	2	57.1071	2
958.50900	480.26175	2	57.4364	2
959.53055	480.77255	2	43.5107	2
959.53295	480.77375	2	69.6708	2
959.55530	480.78495	2	58.6024	2
960.44940	481.23195	2	35.8835	2
960.47485	481.24470	2	42.8057	2
960.50270	481.25865	2	47.3418	2
960.50895	481.26175	2	42.1147	4
960.51290	481.26370	2	40.0937	2
960.53125	481.27290	2	58.2170	2
960.53875	481.27670	2	62.1813	2
961.45475	481.73465	2	34.6484	2
962.47440	482.24445	2	47.0260	2
962.50555	482.26005	2	63.0824	2
962.51840	482.26650	2	56.2359	2
962.53795	482.27625	2	86.8314	2
963.44530	482.72995	2	55.2633	2
963.50215	482.75840	2	41.0085	2
963.50565	482.76010	2	35.0949	2
963.55525	482.78490	2	75.3618	2
964.46095	483.23775	2	38.8992	2
964.47930	483.24695	2	69.9500	2
964.49050	483.25250	2	46.6983	1
964.49795	483.25630	2	43.7837	2
964.52300	483.26880	2	54.8777	1
965.44465	483.72960	2	42.2517	2
965.44670	483.73060	2	35.6320	3
965.46010	483.73735	2	38.4950	2
965.48260	483.74860	2	61.3516	2
965.62780	483.82120	2	83.1177	2
966.46400	484.23930	2	42.5716	2
966.46805	484.24130	2	37.2934	2
966.52445	484.26950	2	47.5063	2
967.47890	484.74670	2	58.6467	2
967.50270	484.75860	2	72.6214	1
967.52405	484.76930	2	48.1615	2
967.54565	484.78010	2	37.5879	2
967.58135	484.79795	2	57.3251	2
968.52775	485.27115	2	38.0727	2
968.52885	485.27170	2	49.7443	2
969.43050	485.72250	2	40.3340	2
969.48140	485.74800	2	76.3493	1
969.48790	485.75125	2	41.0979	2
969.51370	485.76410	2	47.8147	1
969.52530	485.76990	2	51.1524	2
969.54880	485.78170	2	42.1190	1
969.56115	485.78785	2	53.5773	2
969.58580	485.80015	2	69.4853	2
969.58625	485.80040	2	64.6419	2
970.48750	486.25100	2	55.3349	2
970.54395	486.27925	2	56.6230	2
970.57900	486.29680	2	33.8800	1
970.58110	486.29785	2	45.8088	2
970.58125	486.29790	2	71.1996	2
971.50470	486.75960	2	32.2039	2
971.52845	486.77150	2	36.6624	2
971.52865	486.77160	2	49.3853	2
971.52870	486.77165	2	59.4560	2
971.55390	486.78425	2	58.3300	2
971.56555	486.79005	2	34.3914	2
972.44330	487.22890	2	31.5181	1
972.46530	487.23995	2	33.9527	2
972.57190	487.29320	2	35.6675	2
973.50745	487.76100	2	42.8057	2
973.54325	487.77890	2	34.5428	2
974.50335	488.25895	2	38.7852	2
974.51900	488.26680	2	59.6116	2
975.49540	488.75500	2	81.2916	1
975.50320	488.75890	2	53.1931	1
975.53890	488.77670	2	65.4385	2
976.49725	489.25590	2	58.8280	2
976.50905	489.26180	2	48.5714	2
976.54630	489.28040	2	41.8316	1
977.44425	489.72940	2	47.7558	2
977.48185	489.74820	2	46.2345	2
977.51840	489.76650	2	52.9120	2
978.46520	490.23990	2	46.5312	2
978.47710	490.24585	2	42.4252	2
978.50240	490.25850	2	60.8146	2
979.44980	490.73220	2	67.0218	2
979.46105	490.73780	2	39.4023	2
979.49740	490.75600	2	53.2335	2
979.50215	490.75840	2	26.4772	2
979.57020	490.79235	2	40.9890	2
980.45655	491.23555	2	37.6826	2
980.49230	491.25340	2	35.3555	1
980.49665	491.25565	2	53.0251	2
981.52375	491.76915	2	30.4178	2
981.56010	491.78730	2	41.1257	1
981.59830	491.80645	2	42.0159	2
982.45985	492.23725	2	34.2699	2
982.47535	492.24495	2	42.7863	2
982.52035	492.26745	2	38.9115	2
983.47455	492.74455	2	48.9070	2
983.50610	492.76035	2	43.1525	2
983.57600	492.79525	2	64.8177	2
983.58390	492.79925	2	72.2078	2
983.58800	492.80130	2	45.0382	1
983.60115	492.80785	2	58.7142	2
984.45465	493.23460	2	58.2221	2
984.49430	493.25440	2	52.5778	1
984.49520	493.25490	2	52.5647	1
984.55820	493.28640	2	29.0083	1
984.63300	493.32380	2	50.9646	2
985.37515	493.69485	2	34.6084	2
985.53805	493.77630	2	46.9415	2
985.54455	493.77955	2	44.1966	2
985.55495	493.78475	2	44.0421	2
986.48985	494.25220	2	68.2228	2
986.49385	494.25420	2	41.1714	2
987.49830	494.75640	2	32.0334	2
987.50420	494.75940	2	56.8038	1
987.52380	494.76920	2	45.5769	1
987.53535	494.77495	2	50.3173	2
987.57150	494.79300	2	59.9617	2
988.48265	495.24860	2	38.9662	2
988.50170	495.25810	2	65.3323	1
988.51985	495.26720	2	43.5687	2
988.54315	495.27885	2	48.0344	2
988.54575	495.28015	2	53.7606	2
988.58130	495.29795	2	51.4675	2
989.47740	495.74595	2	33.6159	2
989.49740	495.75600	2	37.0567	3
989.55475	495.78465	2	49.0696	2
989.55495	495.78475	2	59.4026	2
990.45890	496.23670	2	37.7638	2
990.47370	496.24415	2	46.6733	2
990.50460	496.25960	2	61.2010	1
990.51455	496.26455	2	43.4074	2
990.55065	496.28260	2	73.5979	2
991.50870	496.76160	2	61.2998	2
991.50920	496.76185	2	68.0515	2
991.54545	496.78000	2	69.9159	2
991.57025	496.79240	2	61.9803	2
992.48495	497.24975	2	57.2004	2
992.53215	497.27335	2	81.6356	2
992.60200	497.30830	2	71.3749	2
993.44065	497.72760	2	43.5382	2
993.44375	497.72915	2	30.2374	2
993.45170	497.73315	2	41.0484	2
993.49215	497.75335	2	64.2952	2
993.51285	497.76370	2	54.0051	2
993.54835	497.78145	2	65.1777	2
994.49705	498.25580	2	49.8401	2
994.50780	498.26120	2	48.2945	2
994.50835	498.26145	2	32.6527	2
994.51620	498.26540	2	73.6501	2
994.54360	498.27910	2	35.6014	1
994.60575	498.31015	2	74.6125	2
994.65355	498.33405	2	46.9731	2
995.49210	498.75330	2	44.3017	1
996.49830	499.25650	2	38.7192	1
996.53140	499.27300	2	48.9494	1
996.53155	499.27305	2	69.1817	2
996.57245	499.29350	2	46.0209	2
997.47290	499.74370	2	61.1154	1
997.58110	499.79780	2	39.8758	2
998.50030	500.25740	2	58.7495	2
999.48205	500.74830	2	32.4230	2
999.53460	500.77455	2	43.2951	2
999.53475	500.77465	2	30.4504	2
999.57190	500.79325	2	32.9537	2
1000.49385	501.25420	2	36.6908	2
1000.55280	501.28370	2	59.3815	3
1000.56710	501.29085	2	49.9138	2
1000.59300	501.30380	2	63.1474	2
1001.51540	501.76500	2	44.8723	2
1001.55445	501.78450	2	68.0936	2
1001.56130	501.78790	2	34.4402	1
1001.58660	501.80055	2	48.4900	2
1001.59210	501.80330	2	70.3309	2
1002.47240	502.24350	2	35.0085	2
1002.48225	502.24840	2	39.6801	2
1002.48660	502.25060	2	42.3656	2
1002.52820	502.27140	2	38.2923	1
1002.54640	502.28050	2	33.8269	2
1003.51930	502.76695	2	45.2175	2
1003.52410	502.76930	2	36.0869	2
1003.57065	502.79260	2	78.3620	2
1004.44600	503.23030	2	35.5989	2
1004.52945	503.27200	2	58.1217	2
1004.54090	503.27770	2	48.8289	2
1004.56525	503.28990	2	43.9801	2
1005.46890	503.74175	2	49.8350	2
1005.48075	503.74765	2	38.8183	2
1005.49640	503.75550	2	32.6691	3
1005.51420	503.76440	2	55.7510	1
1005.53190	503.77325	2	69.3928	2
1005.53585	503.77520	2	36.6282	2
1006.45245	504.23350	2	32.8587	2
1006.47090	504.24275	2	42.5367	2
1006.50125	504.25790	2	54.8992	2
1007.45595	504.73525	2	39.4410	2
1007.46770	504.74110	2	41.9546	2
1007.47525	504.74490	2	52.2836	2
1007.50330	504.75890	2	44.6462	2
1007.52230	504.76840	2	65.7012	1
1007.52805	504.77130	2	44.3840	2
1007.54080	504.77770	2	56.7522	2
1007.54445	504.77950	2	69.0630	2
1007.67395	504.84425	2	73.4449	2
1008.47570	505.24515	2	51.3015	2
1008.51580	505.26520	2	52.1564	1
1009.44800	505.73130	2	43.1183	2
1009.51910	505.76685	2	36.9613	2
1009.54910	505.78185	2	88.4288	2
1010.42450	506.21950	2	35.3605	1
1010.45200	506.23330	2	39.6422	2
1010.51130	506.26300	2	64.1880	1
1010.57625	506.29540	2	69.3024	2
1011.52400	506.76930	2	37.4713	2
1011.53490	506.77470	2	46.1042	2
1011.54600	506.78030	2	43.6267	1
1011.57155	506.79305	2	53.3593	2
1011.60800	506.81125	2	68.3815	2
1012.48740	507.25100	2	59.8863	1
1012.57060	507.29255	2	59.2313	2
1012.57110	507.29280	2	69.7967	3
1012.58280	507.29865	2	61.3516	2
1012.60315	507.30885	2	39.8202	2
1012.63970	507.32710	2	49.9984	2
1013.46445	507.73950	2	72.7953	2
1013.53970	507.77710	2	44.7593	2
1013.55460	507.78460	2	66.1416	2
1013.56215	507.78835	2	38.5163	2
1013.58770	507.80110	2	64.7246	1
1013.62350	507.81900	2	65.1356	1
1013.62370	507.81910	2	67.6269	2
1014.53460	508.27460	2	43.9283	2
1014.53510	508.27480	2	39.1520	3
1014.57110	508.29285	2	38.4276	2
1014.57175	508.29315	2	46.9441	2
1015.49240	508.75345	2	40.5885	2
1015.54530	508.77990	2	89.5564	1
1015.58530	508.79990	2	71.7951	2
1015.59200	508.80330	2	66.4730	3
1016.46005	509.23730	2	37.7714	2
1016.51810	509.26630	2	48.7306	1
1016.53235	509.27345	2	49.3486	2
1016.54130	509.27790	2	43.7740	1
1016.54715	509.28085	2	50.1097	2
1017.47315	509.74385	2	42.4869	2
1017.51725	509.76590	2	77.7314	2
1017.53450	509.77450	2	39.7951	2
1017.57255	509.79355	2	41.6265	2
1017.60860	509.81160	2	66.3567	1
1017.62195	509.81825	2	67.2033	2
1018.53260	510.27360	2	58.8849	1
1018.54540	510.27995	2	40.9568	2
1019.42060	510.71755	2	44.3979	2
1019.50360	510.75905	2	43.8663	2
1019.54025	510.77740	2	36.1133	2
1019.54055	510.77760	2	54.9009	2
1019.54685	510.78070	2	67.6618	2
1019.55260	510.78355	2	48.2753	2
1020.44100	511.22780	2	29.8927	1
1020.44640	511.23050	2	38.6887	1
1020.52345	511.26900	2	80.8519	4
1020.52420	511.26940	2	50.2531	2
1020.53345	511.27400	2	55.5842	2
1021.43870	511.72665	2	38.7213	2
1021.44870	511.73165	2	35.0820	2
1021.49285	511.75370	2	31.2326	2
1021.51125	511.76290	2	44.4577	2
1021.54575	511.78015	2	61.2600	2
1021.60320	511.80885	2	53.0354	2
1022.50380	512.25915	2	54.1372	2
1022.51090	512.26270	2	77.7908	2
1023.48775	512.75115	2	38.9662	2
1023.60785	512.81120	2	68.9123	2
1024.37425	513.19440	2	43.0148	2
1025.50350	513.75905	2	41.6899	2
1025.55100	513.78280	2	36.2081	1
1025.60320	513.80890	2	49.9137	2
1026.44690	514.23070	2	43.2147	2
1027.56525	514.78990	2	34.1140	2
1027.56670	514.79060	2	37.1664	2
1027.58105	514.79780	2	75.1512	2
1027.59170	514.80315	2	59.5232	2
1027.60230	514.80840	2	69.5476	2
1028.56150	515.28800	2	44.0729	2
1029.47670	515.74560	2	42.9614	1
1029.47675	515.74565	2	57.3806	2
1029.53890	515.77675	2	53.0656	2
1029.54200	515.77830	2	38.1994	1
1029.54680	515.78070	2	35.0321	1
1029.58290	515.79870	2	37.5257	2
1030.53020	516.27235	2	36.2828	2
1030.59130	516.30295	2	79.5223	2
1030.60635	516.31045	2	76.1975	2
1031.46330	516.73890	2	64.7523	2
1031.48900	516.75180	2	53.3526	1
1031.50345	516.75900	2	42.4061	2
1031.50745	516.76100	2	49.9474	2
1031.54635	516.78045	2	52.4212	2
1031.58630	516.80045	2	57.5475	2
1032.49890	517.25670	2	42.7454	2
1032.53475	517.27465	2	49.5446	2
1032.59805	517.30630	2	74.2065	2
1033.56665	517.79060	2	43.8416	2
1033.58130	517.79790	2	82.7575	2
1033.61710	517.81580	2	70.3760	2
1034.52185	518.26820	2	65.4230	2
1035.48735	518.75095	2	61.7247	2
1035.56095	518.78775	2	61.0994	2
1036.51820	519.26635	2	42.3377	2
1036.51950	519.26705	2	44.3737	2
1036.53345	519.27400	2	71.9985	2
1036.53805	519.27630	2	68.3772	2
1036.55625	519.28540	2	63.9256	2
1037.50685	519.76070	2	34.6983	2
1037.52990	519.77220	2	61.3121	1
1037.62385	519.81920	2	55.4262	2
1037.64870	519.83160	2	71.6375	2
1038.48110	520.24780	2	47.8160	2
1038.54670	520.28065	2	35.7084	2
1039.46495	520.73975	2	48.4489	2
1039.49830	520.75640	2	53.1164	2
1039.56560	520.79005	2	47.3367	2
1040.46850	521.24150	2	41.9962	1
1040.49295	521.25375	2	32.1675	2
1040.49610	521.25535	2	42.6538	2
1040.54965	521.28210	2	54.7510	2
1040.56935	521.29195	2	50.6676	2
1040.59890	521.30675	2	57.5005	2
1040.62275	521.31865	2	74.3889	2
1040.65905	521.33680	2	60.4559	2
1041.44000	521.72730	2	46.1326	1
1041.45580	521.73515	2	36.5678	2
1041.53295	521.77375	2	50.8820	2
1041.58170	521.79810	2	52.7919	1
1042.51530	522.26490	2	65.0217	2
1042.52920	522.27190	2	34.1036	1
1042.53035	522.27245	2	38.3679	2
1042.55595	522.28525	2	54.1741	2
1043.54365	522.77910	2	49.3118	2
1043.54995	522.78225	2	79.3928	2
1043.56200	522.78830	2	37.3435	2
1043.56220	522.78835	2	34.3249	2
1043.60325	522.80890	2	64.0726	2
1044.51965	523.26710	2	45.6193	2
1044.53915	523.27685	2	66.7003	2
1044.55735	523.28595	2	44.2609	2
1044.56140	523.28795	2	58.8951	2
1045.51210	523.76330	2	57.6957	2
1045.53965	523.77710	2	45.3686	2
1045.54000	523.77730	2	34.1786	2
1045.54015	523.77735	2	31.9798	2
1045.55820	523.78640	2	63.8183	1
1045.60210	523.80835	2	61.1206	2
1046.52525	524.26990	2	36.4756	2
1046.59680	524.30570	2	50.0940	2
1047.52795	524.77125	2	60.5544	2
1048.47820	525.24635	2	36.0295	2
1048.55680	525.28570	2	32.5948	2
1049.52545	525.77000	2	51.4905	2
1049.53455	525.77455	2	40.9321	2
1050.50950	526.26200	2	46.7519	2
1050.53425	526.27440	2	48.7656	2
1050.55620	526.28540	2	32.2284	1
1050.56340	526.28895	2	38.9640	4
1050.57215	526.29335	2	62.7062	2
1050.59625	526.30540	2	69.0917	2
1051.49365	526.75410	2	37.8010	2
1052.46370	527.23915	2	58.2730	2
1053.61840	527.81645	2	56.5604	2
1054.49770	528.25615	2	69.3559	2
1054.53405	528.27430	2	75.4228	2
1054.54100	528.27775	2	32.6856	2
1054.60135	528.30795	2	52.5450	2
1054.60315	528.30885	2	57.6017	2
1055.42290	528.71870	2	47.9502	2
1055.45860	528.73660	2	37.6598	1
1055.49250	528.75355	2	45.3863	2
1055.58640	528.80045	2	64.3267	2
1055.58650	528.80055	2	68.3574	2
1056.53165	529.27310	2	77.5057	2
1056.58115	529.29785	2	55.5716	2
1056.59305	529.30380	2	53.4714	2
1057.50810	529.76130	2	44.5818	2
1057.55170	529.78310	2	41.6363	2
1057.56730	529.79090	2	38.7803	1
1057.57685	529.79570	2	36.7209	2
1057.57710	529.79585	2	45.1481	2
1057.61610	529.81530	2	37.9399	1
1057.61610	529.81530	2	38.5644	1
1057.63880	529.82670	2	78.3052	2
1058.49235	530.25345	2	51.1827	2
1058.54435	530.27945	2	78.9494	2
1058.55835	530.28645	2	72.5999	2
1058.57315	530.29385	2	47.4372	2
1058.59405	530.30430	2	40.4919	2
1059.50995	530.76225	2	44.2068	2
1059.53910	530.77680	2	56.0617	2
1059.60060	530.80755	2	57.3879	2
1060.47450	531.24455	2	34.3352	2
1060.52290	531.26870	2	74.9126	2
1060.54060	531.27760	2	45.1135	1
1060.61650	531.31555	2	83.6810	2
1061.55015	531.78235	2	45.4142	2
1061.57650	531.79550	2	75.2054	2
1062.52385	532.26920	2	78.3403	2
1062.53500	532.27475	2	57.0293	2
1062.57040	532.29245	2	60.8509	2
1062.58375	532.29915	2	56.6886	2
1063.52960	532.77205	2	44.6626	2
1063.54120	532.77790	2	46.7343	2
1063.60705	532.81080	2	76.5770	2
1064.56190	533.28820	2	31.7154	1
1064.58860	533.30160	2	51.7023	1
1064.63415	533.32435	2	54.9635	2
1065.44795	533.73125	2	47.0547	2
1065.50960	533.76210	2	39.8205	1
1065.55310	533.78380	2	78.6558	2
1065.55350	533.78400	2	61.8673	2
1066.45685	534.23570	2	54.3850	2
1066.46855	534.24155	2	32.7240	2
1066.50535	534.25995	2	31.1896	2
1066.50705	534.26080	2	33.4787	2
1066.51870	534.26665	2	56.8452	2
1067.51355	534.76405	2	46.0421	2
1067.57260	534.79360	2	53.1424	2
1068.55145	535.28300	2	37.3817	2
1068.55930	535.28690	2	64.2365	2
1068.58055	535.29755	2	60.5917	2
1068.59240	535.30350	2	57.4701	2
1068.61940	535.31700	2	59.8173	1
1068.65400	535.33425	2	45.8333	2
1070.60735	536.31095	2	74.6419	2
1070.60910	536.31180	2	45.2334	1
1070.62035	536.31745	2	41.3925	2
1070.63425	536.32440	2	69.5181	2
1070.65870	536.33660	2	76.3543	1
1071.41695	536.71575	2	40.4155	2
1071.56615	536.79035	2	49.4696	2
1071.59185	536.80320	2	54.2300	2
1072.53035	537.27245	2	48.0133	2
1072.57445	537.29450	2	73.8387	2
1072.59580	537.30515	2	39.5626	2
1072.61300	537.31375	2	41.6602	2
1073.49865	537.75660	2	45.2701	2
1073.51800	537.76625	2	54.7414	2
1073.52635	537.77045	2	34.5375	2
1073.58770	537.80110	2	44.4056	2
1073.59150	537.80300	2	59.5180	2
1073.60805	537.81130	2	86.7648	2
1073.60855	537.81155	2	35.0035	2
1073.65885	537.83670	2	63.6564	2
1074.54570	538.28010	2	43.8157	2
1074.55295	538.28375	2	53.7603	2
1074.57090	538.29275	2	60.1698	2
1075.47820	538.74635	2	34.0462	2
1075.53325	538.77390	2	66.2299	2
1075.59135	538.80295	2	70.8664	2
1075.61205	538.81330	2	58.0554	2
1075.62810	538.82135	2	67.8947	2
1076.51405	539.26430	2	49.6903	2
1076.52390	539.26920	2	33.7191	1
1076.55990	539.28720	2	54.5608	2
1076.57215	539.29335	2	43.2348	2
1077.56995	539.79225	2	64.7656	2
1077.60455	539.80955	2	39.5927	2
1078.50390	540.25925	2	41.3425	2
1081.45690	541.73570	2	40.7980	1
1081.62405	541.81930	2	60.2267	2
1082.53240	542.27345	2	55.1458	2
1082.55490	542.28475	2	82.3210	2
1082.64545	542.33000	2	55.3988	2
1084.48630	543.25045	2	38.8768	2
1084.52025	543.26740	2	73.9762	2
1084.54535	543.27995	2	27.7005	2
1084.56975	543.29215	2	94.0330	2
1084.57000	543.29230	2	45.7636	1
1084.57125	543.29290	2	89.1401	2
1084.63785	543.32620	2	78.8662	2
1084.66085	543.33770	2	55.9139	2
1085.60885	543.81170	2	51.7664	2
1085.61300	543.81380	2	43.8943	2
1085.62320	543.81890	2	75.0674	2
1085.64460	543.82960	2	67.5657	2
1086.06425	544.03940	2	50.6105	4
1086.55465	544.28460	2	48.0433	2
1086.56775	544.29115	2	33.6056	2
1087.55010	544.78230	2	51.3490	2
1087.56355	544.78905	2	42.5974	2
1087.58800	544.80130	2	41.8643	2
1087.61285	544.81370	2	70.4713	2
1088.45580	545.23520	2	37.0806	2
1088.50960	545.26210	2	31.5677	1
1088.55530	545.28490	2	71.1302	2
1088.57175	545.29315	2	32.6629	2
1088.60875	545.31165	2	35.4879	2
1089.51640	545.76550	2	32.1947	1
1089.53175	545.77315	2	42.0646	2
1089.55760	545.78610	2	34.1450	2
1089.56810	545.79130	2	62.8533	1
1089.60400	545.80930	2	44.9025	2
1090.46810	546.24130	2	37.8535	2
1090.60275	546.30865	2	59.2776	2
1091.51725	546.76590	2	55.7338	2
1092.53915	547.27685	2	55.3412	2
1093.54065	547.77760	2	58.1014	2
1094.08125	548.04790	2	36.4297	4
1094.55120	548.28285	2	68.2226	2
1094.55535	548.28495	2	77.6399	2
1094.56130	548.28790	2	33.0034	1
1094.56545	548.29000	2	48.0081	2
1094.59885	548.30670	2	57.7006	2
1095.46590	548.74020	2	53.1227	2
1095.55630	548.78540	2	54.6764	1
1095.57070	548.79260	2	31.3627	1
1095.58090	548.79770	2	55.7816	1
1096.51915	549.26685	2	48.5584	2
1096.56230	549.28840	2	42.2516	2
1097.57170	549.79310	2	66.9532	1
1097.60780	549.81120	2	56.6178	2
1098.53560	550.27510	2	45.1556	2
1098.57870	550.29660	2	35.7593	1
1098.58240	550.29850	2	50.3099	2
1099.49350	550.75400	2	60.3391	2
1099.56320	550.78890	2	42.1095	2
1100.45970	551.23715	2	66.3758	2
1100.55760	551.28605	2	33.4863	2
1100.56245	551.28850	2	37.3260	2
1100.57150	551.29300	2	71.3047	2
1101.52420	551.76940	2	55.8179	2
1101.55505	551.78480	2	70.5290	2
1101.60615	551.81035	2	37.8234	2
1101.65115	551.83285	2	53.1551	2
1102.50885	552.26170	2	66.0782	2
1102.56435	552.28945	2	34.3500	2
1102.57700	552.29575	2	64.2953	2
1102.58615	552.30035	2	36.1843	2
1102.60550	552.31000	2	58.8900	1
1103.56080	552.78770	2	39.5520	2
1103.58305	552.79880	2	50.6673	2
1103.63845	552.82650	2	84.4607	2
1104.45165	553.23310	2	30.5610	2
1104.47615	553.24535	2	34.8518	4
1104.50980	553.26220	2	52.9156	1
1104.53160	553.27305	2	44.4963	2
1104.54630	553.28040	2	44.2063	2
1104.54765	553.28110	2	46.6134	2
1104.56450	553.28950	2	48.6216	2
1104.56665	553.29060	2	33.2645	2
1104.59310	553.30385	2	60.0173	2
1104.62610	553.32030	2	87.5964	1
1104.69025	553.35240	2	88.7533	2
1105.52920	553.77185	2	62.9187	2
1105.57620	553.79535	2	64.8418	2
1106.53995	554.27725	2	47.7151	2
1106.58580	554.30020	2	82.7941	2
1106.60870	554.31165	2	82.1395	2
1107.53845	554.77650	2	61.3155	2
1107.54380	554.77915	2	54.3751	2
1107.54980	554.78220	2	65.8008	2
1107.55690	554.78570	2	37.1981	2
1107.57960	554.79710	2	93.2430	9
1107.59305	554.80380	2	44.6756	2
1108.51595	555.26525	2	31.8322	2
1108.57040	555.29250	2	48.5153	2
1108.57110	555.29280	2	78.1317	2
1108.92050	555.46750	2	37.2540	4
1109.50350	555.75900	2	75.1658	1
1109.53360	555.77410	2	78.6727	2
1109.53975	555.77715	2	47.2691	2
1109.54735	555.78095	2	90.0013	2
1109.58635	555.80045	2	58.5123	2
1109.61275	555.81365	2	71.1857	2
1109.68085	555.84770	2	78.5594	2
1110.52050	556.26755	2	60.3152	2
1110.59000	556.30225	2	83.0431	2
1110.66630	556.34040	2	74.2364	2
1111.57260	556.79360	2	33.7806	1
1113.63910	557.82685	2	58.6837	2
1114.55625	558.28540	2	77.9758	2
1114.56680	558.29065	2	64.4220	2
1114.62405	558.31930	2	62.0464	2
1114.63460	558.32460	2	53.0807	1
1115.05415	558.53435	2	46.4086	4
1115.51400	558.76430	2	47.2613	2
1115.54410	558.77930	2	45.9793	1
1115.55790	558.78620	2	34.5844	2
1115.57460	558.79460	2	41.9815	2
1115.58415	558.79935	2	53.8527	2
1115.60175	558.80815	2	55.9933	2
1116.50150	559.25800	2	43.9062	1
1116.56585	559.29020	2	54.3799	2
1116.58205	559.29830	2	72.5005	2
1116.61285	559.31370	2	34.9773	2
1117.52710	559.77080	2	39.2408	2
1117.54240	559.77845	2	42.4535	2
1117.56260	559.78855	2	51.0296	2
1117.60540	559.81000	2	70.8580	2
1118.01700	560.01580	2	46.3732	4
1118.48400	560.24930	2	32.7188	2
1118.54775	560.28115	2	76.0271	2
1118.60425	560.30940	2	69.6090	2
1118.63360	560.32410	2	57.0846	2
1119.54245	560.77850	2	69.2443	2
1119.57180	560.79320	2	51.2251	1
1119.58415	560.79935	2	62.5098	2
1119.59505	560.80480	2	67.3452	2
1119.66975	560.84215	2	82.5763	2
1120.05940	561.03695	2	57.5209	4
1120.57630	561.29540	2	60.3930	2
1121.53610	561.77535	2	68.6247	2
1121.54735	561.78095	2	43.0991	2
1121.57280	561.79370	2	66.1911	1
1121.60970	561.81215	2	47.6024	2
1122.51370	562.26410	2	59.6705	1
1123.47935	562.74695	2	46.2665	2
1123.57025	562.79240	2	57.3802	2
1123.58180	562.79815	2	53.8139	2
1124.59000	563.30225	2	61.9561	2
1124.61935	563.31695	2	69.2608	2
1124.63185	563.32320	2	37.5631	6
1124.68055	563.34755	2	80.3147	2
1125.51070	563.76260	2	34.8075	2
1125.53795	563.77625	2	49.0132	2
1125.57090	563.79270	2	43.2047	2
1125.64030	563.82740	2	60.9353	2
1126.49685	564.25570	2	54.4574	2
1126.59860	564.30660	2	51.6531	2
1126.61745	564.31600	2	83.5616	2
1127.47510	564.74480	2	68.9681	2
1127.56180	564.78820	2	77.4670	1
1127.56420	564.78935	2	42.6025	2
1127.61270	564.81365	2	62.0415	2
1127.65485	564.83470	2	52.6849	2
1127.65580	564.83520	2	59.1354	1
1127.65700	564.83580	2	88.6796	5
1128.56515	565.28985	2	41.9546	2
1128.57690	565.29570	2	42.8514	2
1128.58810	565.30130	2	31.9702	1
1128.63990	565.32720	2	59.7393	2
1129.58100	565.79780	2	55.7216	2
1129.63375	565.82415	2	34.9185	2
1129.63460	565.82460	2	39.8001	2
1129.67120	565.84290	2	70.0148	2
1130.55755	566.28605	2	47.4064	2
1131.57755	566.79605	2	34.1088	2
1131.62925	566.82190	2	70.4098	2
1131.65485	566.83470	2	81.6866	2
1132.53825	567.27640	2	32.3697	2
1132.55690	567.28570	2	56.9041	2
1132.58845	567.30150	2	61.8443	2
1133.55380	567.78420	2	69.1152	2
1133.57135	567.79295	2	56.0529	2
1133.57220	567.79340	2	72.2696	2
1133.57495	567.79475	2	66.1334	2
1133.60855	567.81155	2	62.2430	2
1133.64545	567.83000	2	68.0437	2
1134.53060	568.27255	2	46.5048	2
1134.53385	568.27420	2	43.9282	2
1134.57825	568.29640	2	46.3181	2
1134.59250	568.30350	2	47.9089	1
1135.59905	568.80680	2	47.3486	2
1136.53585	569.27520	2	53.4116	2
1136.57185	569.29320	2	57.7846	2
1136.57220	569.29335	2	60.9399	2
1137.56460	569.78960	2	82.5763	2
1137.57780	569.79615	2	55.2822	2
1138.56580	570.29020	2	62.2431	2
1138.58680	570.30065	2	34.4583	2
1139.54505	570.77980	2	54.5704	2
1139.56150	570.78800	2	66.5560	3
1139.62995	570.82225	2	39.5796	2
1139.65495	570.83475	2	61.5569	2
1140.52410	571.26930	2	33.0505	2
1141.55740	571.78595	2	71.7328	2
1141.56880	571.79165	2	62.6165	2
1141.59780	571.80620	2	32.2726	2
1141.60975	571.81215	2	59.4273	2
1142.48795	572.25125	2	45.2825	2
1142.52490	572.26970	2	68.5525	3
1142.55580	572.28520	2	90.3458	2
1142.55785	572.28620	2	51.7714	2
1142.61585	572.31520	2	54.8421	2
1142.63345	572.32400	2	33.6729	2
1143.50825	572.76140	2	55.7861	2
1143.57280	572.79370	2	65.6331	1
1143.58890	572.80175	2	34.2911	2
1143.69140	572.85295	2	86.7885	2
1144.58805	573.30130	2	49.6991	2
1144.59555	573.30505	2	60.1408	2
1144.60945	573.31200	2	38.0061	2
1144.63545	573.32500	2	57.2532	2
1145.08435	573.54945	2	57.4469	4
1145.57545	573.79500	2	47.1367	2
1145.67020	573.84240	2	70.6650	1
1145.67040	573.84250	2	70.6403	1
1146.57750	574.29605	2	45.6829	2
1146.58540	574.29995	2	72.5573	2
1146.61275	574.31365	2	52.8823	2
1147.55045	574.78250	2	62.1334	2
1147.55380	574.78415	2	49.0419	2
1147.55540	574.78500	2	43.4886	2
1147.57955	574.79705	2	65.0165	2
1147.58800	574.80130	2	54.8049	2
1147.63985	574.82720	2	87.8362	2
1148.54770	575.28110	2	53.1477	2
1148.56990	575.29220	2	80.0088	2
1148.60855	575.31155	2	62.4646	2
1149.56725	575.79090	2	57.7185	2
1149.56770	575.79110	2	68.0325	1
1150.05710	576.03585	2	58.9608	4
1150.54165	576.27810	2	33.6133	2
1150.58695	576.30075	2	55.3161	2
1150.58825	576.30140	2	48.3979	2
1151.49235	576.75345	2	52.2540	2
1151.65130	576.83290	2	68.8274	2
1151.72835	576.87145	2	75.8158	2
1152.52470	577.26960	2	30.3827	1
1152.53040	577.27250	2	53.9182	2
1152.54330	577.27895	2	91.7750	2
1152.54840	577.28145	2	60.7273	2
1152.55290	577.28370	2	36.9865	2
1152.56350	577.28900	2	44.1325	1
1152.58605	577.30030	2	58.3965	2
1153.51830	577.76640	2	66.9202	1
1154.61905	578.31680	2	59.4665	2
1154.63050	578.32250	2	45.1138	2
1155.56400	578.78930	2	34.7353	2
1155.58225	578.79840	2	88.2935	2
1155.61455	578.81455	2	51.5009	2
1155.62715	578.82085	2	52.3496	2
1155.65020	578.83240	2	49.3485	2
1156.51930	579.26695	2	55.9778	2
1156.51980	579.26720	2	45.0198	2
1156.59175	579.30315	2	85.3613	2
1156.60280	579.30870	2	66.9554	2
1157.57590	579.79525	2	75.5468	2
1157.59270	579.80365	2	58.6506	2
1157.59415	579.80435	2	52.7069	2
1157.63265	579.82360	2	53.5263	2
1158.59880	580.30670	2	42.3478	2
1158.62470	580.31965	2	47.9582	2
1159.57020	580.79240	2	63.7082	1
1159.57270	580.79365	2	64.5761	2
1159.57315	580.79385	2	34.1995	2
1159.58320	580.79890	2	45.8377	2
1159.59530	580.80495	2	41.3924	2
1159.62095	580.81775	2	40.2658	2
1159.63910	580.82680	2	80.1646	2
1160.56575	581.29015	2	37.4633	2
1160.58630	581.30040	2	67.0882	2
1160.58630	581.30045	2	50.0261	2
1160.59290	581.30375	2	73.3098	2
1160.59795	581.30625	2	54.5896	2
1160.60770	581.31110	2	61.8887	3
1160.61565	581.31510	2	36.6519	2
1161.59925	581.80690	2	46.1105	2
1161.59975	581.80715	2	53.9749	2
1161.60700	581.81080	2	73.1793	2
1161.61475	581.81465	2	53.6635	2
1161.66135	581.83795	2	95.5088	2
1162.59880	582.30665	2	72.0464	2
1163.57680	582.79565	2	65.9242	2
1163.58170	582.79810	2	58.9844	1
1163.60730	582.81095	2	67.6668	2
1164.57070	583.29260	2	32.1385	2
1164.60320	583.30885	2	55.2562	2
1164.72395	583.36925	2	70.7163	2
1165.46170	583.73810	2	35.1752	2
1165.57775	583.79615	2	72.8765	2
1165.59850	583.80650	2	47.0456	1
1165.63455	583.82455	2	64.7574	2
1166.54080	584.27770	2	47.1444	2
1166.63700	584.32580	2	49.1580	1
1167.59235	584.80345	2	76.2765	2
1167.61850	584.81655	2	84.9996	2
1168.63200	585.32330	2	78.2249	2
1168.64570	585.33015	2	49.7724	2
1168.68145	585.34800	2	58.7768	2
1168.68170	585.34815	2	70.0808	2
1168.74385	585.37920	2	79.6106	2
1169.57125	585.79290	2	54.6785	2
1170.57705	586.29580	2	46.4696	2
1170.62525	586.31990	2	47.5974	2
1170.65985	586.33720	2	67.1337	2
1170.66055	586.33755	2	70.7696	2
1171.57620	586.79540	2	65.6110	2
1171.62115	586.81785	2	50.5989	2
1171.62445	586.81950	2	56.4700	2
1171.70075	586.85765	2	55.1791	2
1172.59695	587.30575	2	66.1177	2
1172.61485	587.31470	2	40.7367	2
1172.62000	587.31730	2	71.6182	3
1172.62300	587.31880	2	54.1426	1
1172.62895	587.32175	2	74.0333	2
1172.62970	587.32215	2	66.3943	2
1172.63975	587.32715	2	71.2957	2
1173.50150	587.75800	2	60.8431	1
1173.58935	587.80195	2	46.8579	2
1173.61385	587.81420	2	85.4498	2
1173.62460	587.81955	2	67.8141	2
1174.06670	588.04065	2	33.7713	4
1174.51090	588.26275	2	43.7266	2
1174.54320	588.27890	2	32.2335	1
1174.56050	588.28755	2	54.5007	2
1175.53780	588.77620	2	44.5748	1
1175.57365	588.79410	2	60.9470	2
1175.58750	588.80100	2	69.1727	1
1175.61950	588.81700	2	41.9279	2
1175.62820	588.82140	2	80.1910	1
1175.65515	588.83485	2	59.3517	2
1176.57300	589.29380	2	31.3128	1
1176.58130	589.29790	2	53.2402	2
1177.63465	589.82460	2	66.5518	2
1177.66225	589.83840	2	90.2993	2
1177.66250	589.83850	2	95.3052	1
1178.51760	590.26605	2	38.3703	2
1178.54610	590.28035	2	48.2675	2
1178.56840	590.29145	2	29.3857	2
1179.54410	590.77930	2	42.5378	1
1179.61430	590.81445	2	51.1238	2
1180.52390	591.26920	2	62.7238	1
1180.59820	591.30635	2	64.9380	2
1180.70725	591.36090	2	85.7130	2
1181.65230	591.83340	2	55.1719	2
1181.65300	591.83380	2	35.7889	1
1182.54160	592.27805	2	75.0944	2
1182.58790	592.30120	2	72.7129	1
1182.60485	592.30970	2	71.5551	2
1182.62230	592.31840	2	72.6581	2
1182.66470	592.33960	2	58.7690	2
1182.68040	592.34745	2	78.7397	2
1184.58620	593.30040	2	61.4616	2
1184.60585	593.31020	2	50.5203	2
1185.57440	593.79445	2	86.3004	2
1185.57810	593.79635	2	36.3737	2
1185.63940	593.82700	2	79.3278	2
1185.65150	593.83305	2	64.3056	2
1185.67110	593.84280	2	60.2463	1
1186.54370	594.27910	2	45.5366	2
1186.65630	594.33540	2	47.3433	2
1187.58990	594.80220	2	49.9239	2
1187.59680	594.80570	2	65.6154	2
1187.62260	594.81860	2	77.4768	2
1187.70225	594.85840	2	88.0606	2
1187.70335	594.85895	2	80.6038	2
1188.58935	595.30195	2	42.3983	2
1188.59865	595.30660	2	46.3180	2
1188.61495	595.31475	2	50.7604	2
1189.54040	595.77750	2	78.7274	1
1189.63820	595.82640	2	52.4570	2
1189.64635	595.83045	2	70.1332	2
1189.67100	595.84275	2	74.4223	2
1190.56130	596.28795	2	55.5138	2
1190.60060	596.30755	2	64.4565	2
1191.61420	596.81435	2	57.9704	2
1191.66610	596.84035	2	82.4172	2
1192.52815	597.27135	2	46.6434	2
1192.59100	597.30280	2	69.8462	1
1192.59770	597.30610	2	56.2533	1
1192.61625	597.31540	2	66.7054	2
1192.66085	597.33770	2	87.0311	2
1193.61640	597.81550	2	38.4378	2
1193.63330	597.82395	2	67.9834	2
1193.66925	597.84190	2	89.9798	2
1194.51360	598.26410	2	30.8666	2
1195.60960	598.81205	2	60.6923	2
1196.54920	599.28190	2	45.4188	2
1196.57210	599.29330	2	35.1336	2
1196.65095	599.33275	2	49.1994	2
1197.54620	599.78040	2	78.0479	2
1197.56995	599.79225	2	52.6495	2
1197.57450	400.19875	3	35.0741	2
1197.59235	599.80345	2	63.4636	2
1197.62530	599.81990	2	60.0824	2
1197.65530	400.22570	3	49.1276	1
1197.66560	599.84010	2	74.3592	1
1197.69840	599.85650	2	75.2684	1
1198.61990	400.54720	3	52.4684	1
1198.62410	600.31930	2	70.3773	1
1198.65585	400.55920	3	40.6099	2
1198.65675	600.33565	2	40.6782	2
1199.54655	600.78055	2	55.1148	2
1199.71350	600.86405	2	78.4310	2
1200.61905	401.21365	3	42.1017	2
1200.62265	601.31860	2	59.3141	2
1200.62525	601.31990	2	42.0427	2
1200.64615	601.33035	2	52.4777	2
1200.65185	601.33320	2	79.7023	2
1201.09065	601.55260	2	42.8369	4
1201.59740	601.80600	2	66.2566	2
1201.60955	401.54380	3	47.6885	2
1201.61010	601.81235	2	47.8079	2
1201.61975	601.81715	2	74.9726	2
1201.62880	401.55020	3	35.8544	2
1201.63085	601.82270	2	36.5050	2
1201.66600	601.84030	2	56.9771	1
1201.66725	601.84090	2	46.7421	2
1202.58760	602.30110	2	38.9612	1
1202.59000	602.30230	2	40.2105	2
1202.60400	401.87530	3	48.6880	1
1202.60605	602.31030	2	48.7319	2
1202.64095	401.88760	3	39.0725	2
1202.64235	602.32845	2	39.0607	2
1202.65080	602.33270	2	64.9916	2
1203.59875	602.80665	2	41.4813	2
1203.61705	602.81580	2	58.1495	2
1203.67195	602.84325	2	52.0127	2
1204.48215	603.24835	2	42.2794	2
1204.58290	603.29875	2	53.0015	2
1204.60110	603.30780	2	56.9225	1
1204.60830	603.31140	2	57.3223	2
1204.61180	603.31320	2	92.6782	1
1204.61285	603.31370	2	80.0657	2
1204.65635	402.55940	3	48.2333	2
1204.65700	603.33580	2	48.2437	2
1205.56560	402.86245	3	59.7106	2
1205.62930	603.82190	2	56.7672	1
1205.64005	603.82730	2	54.7107	2
1205.71330	402.91170	3	65.2419	2
1205.71345	603.86400	2	65.3084	2
1206.59495	604.30475	2	61.2073	2
1206.60550	604.31000	2	90.4367	1
1206.60730	604.31090	2	72.9055	2
1206.62410	604.31930	2	64.5374	1
1207.57180	604.79320	2	62.7884	2
1207.57595	403.53255	3	37.9841	2
1207.62180	604.81820	2	55.5407	1
1207.62470	604.81965	2	72.5946	2
1207.67170	604.84310	2	84.5222	2
1207.76630	604.89045	2	80.9239	2
1208.52460	605.26960	2	39.1759	2
1208.59495	605.30475	2	82.8631	2
1208.60390	605.30920	2	68.5206	1
1208.67410	605.34430	2	91.1470	1
1209.58875	605.80165	2	48.3304	2
1210.56080	606.28770	2	46.8279	2
1210.59945	606.30700	2	63.2877	2
1210.63075	404.55085	3	37.8337	2
1210.74005	606.37730	2	70.9205	2
1211.59795	606.80625	2	62.4168	2
1211.61915	606.81685	2	78.1236	2
1211.62615	404.88265	3	35.2897	2
1211.65165	606.83310	2	48.8525	2
1211.65190	404.89125	3	48.7912	2
1211.65565	606.83510	2	87.3848	2
1212.56630	405.19600	3	27.2411	1
1212.64880	405.22350	3	56.5854	1
1213.64580	405.55590	3	53.9999	1
1213.66650	607.84050	2	48.5393	2
1213.67120	405.56435	3	81.9437	2
1214.50010	608.25730	2	91.2144	1
1214.59780	608.30620	2	63.6769	1
1214.70325	608.35890	2	63.2089	2
1215.59920	608.80690	2	50.5728	2
1215.64630	608.83040	2	60.4507	2
1215.65060	608.83255	2	82.8866	2
1215.68160	406.23445	3	34.4845	2
1215.68230	608.84840	2	34.5166	2
1216.57640	609.29545	2	39.2566	2
1216.57685	609.29570	2	49.2571	2
1216.62275	609.31865	2	55.4262	2
1216.65700	609.33575	2	69.9789	2
1216.72665	609.37060	2	85.8148	2
1217.56275	609.78865	2	70.2880	2
1217.60725	609.81090	2	57.9048	2
1217.60975	609.81215	2	75.9666	2
1217.67770	406.89985	3	68.4422	2
1218.63060	610.32260	2	59.1246	1
1218.66455	610.33955	2	83.3384	2
1219.61145	610.81300	2	49.9242	2
1219.71850	610.86650	2	86.7647	2
1220.64060	611.32760	2	54.7459	2
1220.64095	611.32775	2	78.3104	2
1220.64140	611.32800	2	49.5162	3
1221.59860	611.80655	2	59.1710	2
1221.61065	611.81260	2	31.1895	2
1221.61290	408.21155	3	31.0573	2
1221.61460	611.81460	2	65.6082	1
1222.12825	612.07140	2	56.8450	4
1222.61240	612.31350	2	67.5656	1
1223.54185	612.77820	2	46.8173	2
1223.62565	612.82010	2	35.7609	2
1223.65100	408.89095	3	48.1230	2
1223.71230	612.86345	2	79.5465	6
1224.55760	613.28610	2	72.1048	1
1224.62460	613.31960	2	68.6455	2
1224.62790	409.21660	3	54.3881	1
1224.62855	613.32155	2	54.2569	2
1224.65760	409.22645	3	36.6906	2
1224.65785	613.33620	2	36.9917	2
1224.68400	613.34925	2	43.6089	2
1225.67310	613.84385	2	69.3927	2
1226.69930	614.35690	2	59.4844	1
1226.70710	614.36080	2	81.4915	2
1227.65790	614.83625	2	59.1099	2
1227.66165	614.83810	2	70.4338	2
1227.67210	614.84330	2	68.3876	3
1227.68220	410.23465	3	50.1430	2
1227.68255	614.84855	2	64.7909	2
1228.68840	615.35150	2	63.9853	1
1228.73895	615.37675	2	82.6652	2
1229.55825	615.78640	2	41.7786	2
1229.61900	615.81675	2	50.0833	2
1229.62535	615.81995	2	45.4268	2
1229.65085	410.89090	3	47.8590	2
1229.65090	615.83275	2	47.9235	2
1229.73820	410.92000	3	59.2509	2
1230.55840	411.19340	3	32.8894	2
1230.58190	616.29820	2	41.9204	2
1230.58715	411.20295	3	35.0162	2
1230.58780	616.30115	2	60.1956	2
1230.62170	616.31810	2	49.1066	2
1230.64040	616.32745	2	79.0435	2
1230.65750	616.33600	2	41.6898	2
1230.66315	616.33885	2	82.8285	2
1231.58685	616.80070	2	36.4115	2
1231.62395	616.81925	2	55.3650	2
1231.62600	616.82030	2	87.8441	2
1231.65635	616.83545	2	60.8197	2
1231.66025	616.83740	2	57.2964	2
1231.69220	411.57130	3	58.2782	2
1232.57220	617.29340	2	33.8609	2
1232.60775	617.31115	2	46.3500	2
1233.60230	412.20805	3	80.1361	2
1233.60240	617.80850	2	80.1856	1
1233.60725	617.81090	2	50.7604	2
1233.62070	617.81765	2	44.2062	2
1233.66160	617.83805	2	57.5280	2
1234.56825	412.53005	3	40.7447	2
1234.59860	618.30655	2	35.2358	2
1235.60700	412.87630	3	39.9749	2
1235.60750	618.81105	2	40.0023	2
1235.64860	618.83160	2	49.4221	1
1235.65065	412.89085	3	49.3801	2
1235.66885	618.84170	2	58.4766	2
1235.66940	412.89710	3	58.4159	2
1235.69885	412.90685	3	53.2720	2
1235.69910	412.90700	3	49.5261	1
1236.56275	619.28865	2	48.5900	2
1237.63530	619.82495	2	37.9145	2
1237.63540	413.55240	3	37.8182	2
1237.64625	619.83040	2	64.2663	2
1237.73980	619.87720	2	67.9783	2
1238.66160	620.33810	2	53.0858	1
1239.59170	620.80310	2	58.9660	2
1239.59540	414.20575	3	35.7030	2
1239.63930	620.82690	2	84.5083	1
1239.68305	620.84880	2	75.4306	2
1239.71995	620.86725	2	74.2445	2
1240.16015	621.08735	2	48.9349	4
1240.58715	414.53630	3	36.3093	2
1240.70390	621.35920	2	71.9027	1
1240.70560	621.36010	2	90.9329	2
1241.59320	621.80385	2	71.3422	2
1241.66300	621.83880	2	62.2090	1
1241.71615	621.86535	2	87.9414	2
1241.77490	414.93220	3	77.5098	2
1241.77560	621.89510	2	77.5761	2
1242.56430	622.28940	2	58.0184	1
1242.63650	415.21940	3	44.2970	1
1242.63745	622.32600	2	44.3469	2
1242.64530	622.32990	2	55.2273	1
1242.70040	622.35750	2	95.3653	1
1244.54175	623.27815	2	52.7119	2
1244.56765	623.29110	2	46.7610	2
1244.61140	415.87775	3	33.7600	2
1244.63325	623.32390	2	66.4279	2
1244.67275	415.89820	3	36.7452	2
1244.67280	623.34365	2	75.5198	2
1245.62110	623.81785	2	47.5810	2
1245.62185	416.21455	3	47.5154	2
1245.65090	623.83270	2	81.8063	2
1245.65905	623.83680	2	43.4289	2
1245.67275	416.23155	3	54.9255	2
1245.67485	623.84470	2	42.5154	2
1246.61285	416.54490	3	54.6527	2
1246.64935	416.55705	3	67.1937	2
1246.69210	624.35330	2	72.5004	2
1247.58185	416.86790	3	29.3755	2
1248.61740	625.31600	2	88.0884	2
1248.67190	625.34320	2	61.0631	2
1248.67370	625.34410	2	63.3000	2
1249.63050	625.82250	2	57.4461	2
1249.65430	625.83445	2	64.0406	2
1249.65635	625.83545	2	82.9157	2
1250.72600	626.37030	2	87.7800	2
1251.66150	626.83800	2	74.8537	2
1251.66530	418.22900	3	50.0532	1
1252.73965	627.37710	2	79.1110	2
1252.75020	418.59065	3	65.8928	2
1252.77700	627.39580	2	91.3351	1
1253.55915	627.78685	2	66.4309	2
1253.63005	418.88395	3	32.2672	2
1253.63050	627.82250	2	32.3416	1
1254.58895	628.30175	2	68.4113	2
1254.60015	628.30735	2	80.1957	2
1254.73020	419.25070	3	40.1037	3
1254.73025	628.37240	2	40.1550	2
1254.73045	628.37250	2	69.3206	2
1254.73325	419.25170	3	52.1948	2
1255.58415	628.79935	2	43.0887	2
1255.62600	628.82030	2	92.7991	1
1255.62770	628.82110	2	70.0099	2
1255.65655	419.55945	3	53.5819	2
1255.66820	628.84140	2	73.8682	2
1255.67865	628.84660	2	50.9960	2
1255.70220	628.85840	2	69.1714	2
1255.71385	419.57855	3	65.1513	2
1256.60620	629.31040	2	58.8434	2
1256.60890	629.31175	2	89.2742	2
1256.61125	629.31290	2	50.2628	2
1256.69770	419.90650	3	47.2325	2
1256.69785	629.35620	2	47.2032	2
1256.70485	629.35970	2	96.6209	2
1257.64660	629.83055	2	42.1651	2
1257.64720	420.22300	3	42.2060	1
1257.67315	629.84385	2	55.6597	4
1257.70290	629.85870	2	88.2912	1
1258.59890	630.30675	2	80.9786	2
1258.67585	630.34520	2	67.2558	2
1258.68805	630.35130	2	52.2514	2
1258.76375	630.38915	2	86.8312	2
1259.63380	630.82420	2	75.1160	2
1259.63525	630.82490	2	58.0657	2
1259.66145	630.83800	2	58.5970	2
1259.72460	630.86960	2	76.6307	1
1260.57370	421.19850	3	37.1317	1
1260.57905	631.29680	2	35.7609	2
1260.58780	631.30120	2	42.2437	2
1260.60230	631.30840	2	45.5266	1
1260.62950	421.21710	3	60.4235	1
1260.67220	631.34340	2	57.0184	2
1261.57935	631.79695	2	50.8480	2
1261.62170	421.54785	3	40.0669	2
1261.67135	421.56435	3	37.4958	2
1261.74485	631.87970	2	95.1001	2
1262.60775	421.87650	3	45.9820	2
1263.61995	422.21395	3	32.9148	2
1263.62000	632.81725	2	32.9227	2
1263.62975	632.82215	2	56.5321	2
1263.67340	632.84395	2	88.5844	2
1263.68395	632.84925	2	66.6948	2
1264.64850	422.55675	3	60.8819	2
1264.64855	633.33155	2	60.8897	2
1264.77655	633.39555	2	92.8612	2
1265.68870	633.85165	2	51.4150	2
1266.56430	634.28940	2	45.7133	2
1266.62110	423.21430	3	37.4014	2
1266.62210	634.31830	2	37.4019	1
1266.62460	634.31960	2	70.4457	2
1267.56680	423.52950	3	34.6978	1
1267.56790	423.52990	3	34.6609	1
1267.64885	634.83170	2	81.9034	2
1267.66130	634.83795	2	92.6204	2
1267.68875	634.85165	2	49.4536	2
1268.61450	423.87875	3	53.0605	2
1268.66250	635.33855	2	50.6924	2
1268.66320	423.89500	3	50.6336	2
1268.69810	635.35635	2	69.6395	2
1269.62550	635.82000	2	80.2323	2
1269.62705	635.82080	2	63.3544	2
1269.65280	424.22490	3	66.9148	1
1269.65840	635.83650	2	46.5499	2
1269.65870	424.22680	3	46.5333	1
1269.70395	635.85925	2	62.7603	2
1269.72940	635.87200	2	77.9141	2
1270.65180	636.33315	2	43.2372	2
1270.69960	424.57380	3	61.8668	2
1270.72875	636.37165	2	91.7750	2
1271.56505	424.86230	3	77.2386	2
1271.62290	636.81870	2	59.5733	1
1271.68755	424.90310	3	59.9615	2
1271.69090	636.85270	2	63.9799	1
1271.76180	636.88820	2	81.7480	2
1272.69275	637.35365	2	64.4170	2
1273.63960	637.82710	2	71.0321	1
1273.66815	637.84135	2	64.8707	2
1273.67710	637.84580	2	86.0722	2
1273.72205	637.86830	2	70.0698	2
1274.62975	425.88385	3	45.6494	2
1274.64420	638.32940	2	84.5729	2
1274.65200	638.33330	2	76.7673	2
1274.66345	638.33900	2	68.2590	2
1275.54235	638.77845	2	44.9076	2
1275.57205	638.79330	2	60.6368	2
1275.69355	426.23845	3	62.5297	2
1276.63325	639.32390	2	77.0812	2
1276.65010	639.33235	2	89.6344	2
1276.66685	639.34070	2	58.1592	2
1276.67385	639.34420	2	85.8390	2
1276.70315	639.35885	2	71.9331	2
1277.67380	639.84415	2	68.6551	2
1277.68835	639.85145	2	75.6669	2
1278.12590	640.07025	2	62.2048	4
1278.65040	640.33250	2	84.7038	2
1279.62475	640.81965	2	63.4716	2
1279.69685	427.57285	3	53.8874	2
1280.57825	641.29640	2	80.8642	2
1280.59990	427.87390	3	37.1109	2
1280.74430	641.37945	2	87.7961	2
1281.55845	641.78650	2	39.3459	2
1281.60850	428.21010	3	35.8688	2
1281.61075	641.81265	2	35.7929	2
1281.70470	428.24220	3	41.2404	1
1282.57535	642.29495	2	71.5278	2
1282.58635	642.30045	2	61.5190	2
1283.61540	642.81500	2	70.4635	2
1283.65165	642.83310	2	65.3681	2
1283.65945	642.83700	2	85.3853	2
1283.70775	428.90985	3	44.0108	2
1283.72150	428.91445	3	43.3387	2
1283.73550	642.87505	2	77.8546	2
1284.61340	429.21175	3	39.8905	2
1284.62635	643.32045	2	90.8596	2
1284.69365	643.35410	2	77.5731	2
1284.70300	429.24160	3	42.6616	2
1284.70365	643.35910	2	68.9203	2
1284.72750	643.37105	2	83.4635	2
1285.66355	643.83905	2	43.1731	2
1285.72370	429.58185	3	45.7713	2
1286.17480	644.09470	2	85.6431	4
1286.64485	429.88885	3	68.5288	2
1286.68420	644.34940	2	85.1284	2
1286.69930	644.35690	2	68.1538	2
1286.78570	644.40010	2	86.0362	2
1287.62995	644.82225	2	84.6414	2
1288.59130	645.30295	2	44.4676	2
1288.60650	645.31055	2	63.7148	2
1288.66260	645.33860	2	45.9511	2
1288.68270	645.34860	2	51.2591	1
1288.68575	645.35015	2	67.0857	2
1288.72220	645.36840	2	83.9385	2
1288.73965	645.37710	2	75.5441	2
1289.58915	645.80185	2	36.0606	2
1289.59290	430.87155	3	36.0191	2
1289.62885	645.82170	2	62.5847	2
1289.62940	645.82195	2	88.9081	2
1289.64730	645.83090	2	49.5631	2
1290.65840	646.33645	2	54.7787	2
1291.53670	646.77565	2	38.1942	2
1291.57915	646.79685	2	44.6975	2
1291.60635	646.81045	2	51.3287	2
1291.66675	646.84065	2	60.0722	2
1292.66205	431.89460	3	61.9785	2
1293.62510	647.81985	2	55.4838	2
1294.62315	648.31885	2	68.2509	2
1294.73335	648.37395	2	82.7344	2
1294.79705	432.60630	3	67.5750	2
1295.66440	432.89540	3	61.8658	1
1295.74630	648.88040	2	64.5591	1
1295.75625	432.92600	3	60.2504	2
1296.68390	649.34920	2	59.7074	2
1296.70435	649.35945	2	68.9733	2
1297.23255	649.62355	2	45.4257	4
1297.72880	433.58355	3	44.6408	2
1297.73680	649.87570	2	65.4584	2
1297.75930	433.59370	3	63.3848	2
1298.59475	433.87215	3	37.6697	2
1298.59490	650.30470	2	37.7125	2
1298.61065	433.87750	3	37.5577	2
1298.69510	650.35485	2	48.2062	2
1298.74655	650.38055	2	92.3904	2
1299.56965	650.79210	2	36.1236	2
1299.63010	650.82230	2	74.3538	1
1299.67950	650.84705	2	41.1329	2
1299.69345	650.85400	2	79.7244	2
1299.71590	650.86525	2	57.8512	2
1300.62220	651.31835	2	86.2033	2
1300.62490	651.31970	2	81.3214	1
1300.70330	651.35895	2	63.1108	2
1300.70950	651.36200	2	92.0461	1
1300.73975	651.37715	2	75.7590	2
1300.76110	651.38780	2	75.0997	2
1300.77510	651.39480	2	85.2023	2
1301.61110	651.81280	2	42.6518	1
1301.63670	434.88615	3	40.7974	2
1301.63725	651.82590	2	40.8379	2
1301.69895	651.85675	2	68.6814	2
1302.65925	652.33690	2	66.8558	2
1303.51385	652.76420	2	65.5490	2
1303.75000	652.88230	2	75.4900	2
1304.61100	653.31275	2	42.9217	2
1304.73460	653.37460	2	79.0112	1
1305.61595	436.21260	3	31.5219	2
1305.62365	653.81910	2	51.5812	2
1305.63260	436.21810	3	61.6883	1
1305.66055	653.83755	2	69.0706	2
1305.70580	653.86020	2	73.6866	2
1306.58250	436.53480	3	40.6461	2
1306.65195	436.55790	3	40.1225	2
1306.66195	654.33825	2	31.8137	2
1306.67770	654.34610	2	75.9559	2
1307.66240	654.83850	2	61.5974	1
1307.66280	654.83870	2	61.5687	1
1308.65970	655.33710	2	63.3180	2
1308.72015	655.36735	2	87.0854	2
1308.72215	437.24795	3	87.1540	2
1308.74125	655.37790	2	60.3713	2
1308.77750	655.39605	2	73.1163	2
1309.63100	655.82280	2	67.7879	3
1309.65245	655.83350	2	63.8368	2
1309.66180	437.56120	3	72.1153	2
1309.77200	655.89330	2	78.2525	2
1310.56050	656.28755	2	36.6043	2
1310.65230	437.89135	3	48.3630	2
1310.68075	656.34765	2	80.7065	2
1311.57100	656.79275	2	59.9172	2
1311.58215	656.79835	2	50.7913	2
1311.71450	438.24540	3	60.6555	1
1311.76530	656.88995	2	84.6230	2
1313.61355	657.81405	2	63.5005	2
1313.69325	438.90505	3	52.7952	2
1313.70235	657.85845	2	87.5774	2
1313.71920	438.91370	3	62.2351	1
1313.71935	657.86695	2	85.2337	2
1314.59930	439.20705	3	33.4208	2
1314.69695	658.35575	2	48.8553	2
1314.69760	658.35610	2	63.1756	2
1314.70215	439.24130	3	48.8754	2
1315.65920	658.83690	2	73.0216	2
1315.68220	658.84840	2	60.4912	2
1315.69885	658.85670	2	73.5137	2
1315.71060	658.86260	2	65.2414	2
1316.56525	659.28990	2	55.8549	2
1316.66695	659.34075	2	76.2113	2
1316.67500	439.89890	3	64.7044	2
1316.71280	659.36370	2	60.3538	1
1316.73450	659.37450	2	68.7113	2
1316.73475	659.37465	2	96.2851	2
1317.61025	440.21065	3	53.3043	2
1317.64350	659.82900	2	43.0087	2
1318.65945	660.33700	2	79.4258	2
1319.63290	660.82370	2	53.9696	1
1319.66300	660.83880	2	54.5193	1
1319.66370	440.89515	3	54.4702	2
1319.69140	660.85295	2	81.9678	2
1320.59950	661.30700	2	72.4435	2
1320.61060	661.31260	2	56.2277	1
1320.62425	441.21535	3	41.3058	2
1320.63530	441.21905	3	51.8664	2
1320.68640	661.35050	2	94.1537	8
1321.61655	661.81555	2	52.5157	2
1321.76435	441.59535	3	81.1437	2
1321.76440	661.88950	2	81.2100	2
1322.66615	662.34035	2	89.3066	2
1322.67265	662.34360	2	64.6716	2
1322.72705	662.37080	2	73.0217	2
1323.71940	442.24710	3	71.6996	2
1324.69215	663.35335	2	78.3695	2
1324.73370	663.37410	2	63.7777	2
1324.78175	442.60120	3	65.7425	2
1326.62095	664.31775	2	61.1470	2
1326.68925	443.23700	3	31.9718	2
1326.69485	664.35470	2	31.9168	2
1326.74070	664.37760	2	76.3174	1
1327.56650	664.79055	2	50.2109	2
1327.65270	443.55815	3	57.5579	2
1327.78810	664.90130	2	95.0697	2
1328.74400	443.92195	3	42.8608	2
1328.75280	443.92485	3	71.7846	2
1328.75305	665.38380	2	71.9115	2
1329.60645	665.81050	2	41.6042	2
1329.65340	665.83400	2	44.1730	2
1329.65370	665.83410	2	59.5786	1
1329.66835	444.23005	3	58.9846	2
1329.69280	444.23820	3	66.4247	2
1329.69400	665.85430	2	77.3843	1
1329.76260	665.88860	2	49.9966	1
1329.76645	665.89050	2	81.4220	2
1330.71425	666.36440	2	62.0998	2
1330.78145	666.39800	2	86.2682	2
1330.78225	444.60135	3	86.3957	2
1331.67620	666.84540	2	74.9645	2
1331.70900	666.86180	2	63.9945	2
1331.70925	666.86190	2	81.1327	2
1331.72825	666.87140	2	92.6232	2
1331.74510	666.87980	2	82.6364	2
1331.76650	444.92940	3	46.2725	1
1331.76755	666.89105	2	46.2290	2
1332.62430	445.21540	3	61.7802	1
1332.64655	667.33055	2	48.3304	2
1332.70090	667.35775	2	83.1440	2
1333.59330	667.80390	2	44.0883	2
1333.69250	667.85350	2	59.7855	1
1334.66240	445.89475	3	46.8743	2
1334.71965	668.36710	2	54.3162	2
1334.72010	445.91395	3	54.3049	2
1334.72400	668.36930	2	76.9815	2
1335.63835	668.82645	2	72.4625	2
1336.74640	446.58940	3	43.8077	2
1336.74850	669.38155	2	43.7457	2
1336.80810	669.41130	2	80.2890	2
1337.57310	669.79380	2	39.6350	3
1337.59850	669.80650	2	59.8119	5
1337.66520	669.83990	2	76.9394	1
1338.61340	670.31395	2	61.4057	2
1338.66685	447.22955	3	58.0286	2
1338.66795	670.34125	2	63.6204	2
1338.71590	447.24590	3	47.8373	2
1338.71940	670.36695	2	73.0548	2
1339.65245	670.83350	2	65.1433	2
1339.74535	447.58905	3	56.2489	2
1339.75340	670.88395	2	82.1974	2
1339.77100	447.59760	3	94.5475	2
1339.77160	670.89310	2	96.5582	7
1340.59855	671.30655	2	50.0573	2
1341.19900	671.60675	2	45.6929	4
1341.62090	671.81770	2	75.5818	2
1341.69850	448.24010	3	46.9051	1
1341.72695	448.24960	3	44.7498	2
1342.65150	448.55780	3	54.8021	2
1342.65230	448.55805	3	38.2480	2
1342.69010	672.35230	2	71.0936	1
1342.70970	448.57720	3	56.9420	2
1342.71145	672.36300	2	63.3258	2
1342.73250	672.37350	2	89.0688	1
1342.73610	672.37530	2	85.8662	9
1343.76740	448.92970	3	55.0786	2
1343.76750	672.89105	2	55.1071	2
1344.68145	673.34800	2	54.1033	2
1344.71360	673.36410	2	66.5844	2
1344.72940	449.25040	3	72.7952	2
1344.74180	673.37820	2	83.9189	2
1344.74390	449.25520	3	82.2803	1
1344.74760	449.25650	3	68.5578	1
1344.79745	673.40600	2	96.7339	2
1345.62185	449.54785	3	33.9793	2
1345.62385	673.81920	2	34.0514	2
1345.73240	673.87350	2	98.5023	1
1346.57840	674.29645	2	40.7107	2
1346.67490	674.34475	2	73.6054	2
1346.68365	674.34910	2	78.4874	2
1346.76705	449.92965	3	69.1250	2
1346.76775	674.39115	2	69.2127	2
1347.57990	674.79720	2	53.7012	2
1347.58555	450.20245	3	44.5522	2
1347.66670	674.84060	2	88.8697	2
1347.74585	450.25585	3	64.0231	2
1347.74740	674.88100	2	64.0988	2
1347.76500	450.26230	3	83.4987	2
1349.56960	675.79210	2	76.8249	1
1349.59230	675.80340	2	33.5438	1
1349.62990	450.88390	3	51.7331	1
1349.64665	675.83060	2	61.3514	2
1349.68415	675.84935	2	70.1018	2
1349.68575	675.85015	2	61.4724	2
1350.60955	676.31205	2	40.5592	2
1350.64070	676.32760	2	76.5696	1
1350.71555	676.36505	2	74.3364	2
1350.75170	676.38310	2	59.1393	2
1351.63840	451.55340	3	34.7931	2
1351.63910	676.82680	2	34.7977	2
1351.64110	676.82785	2	61.1785	2
1351.71350	451.57845	3	50.6725	2
1352.64030	677.32740	2	63.9040	2
1352.73010	451.91730	3	55.6692	2
1352.75580	677.38515	2	68.5962	2
1353.72130	677.86795	2	88.5613	2
1353.72600	677.87025	2	66.1918	2
1354.73080	678.37270	2	92.3334	5
1355.71585	678.86520	2	88.0449	2
1355.71620	678.86535	2	85.8147	2
1355.73020	678.87240	2	57.1391	2
1355.77720	452.93300	3	59.5885	2
1355.77830	678.89645	2	82.5454	2
1356.73565	679.37510	2	60.5958	2
1356.74860	453.25680	3	49.1300	2
1356.75040	679.38250	2	49.1632	2
1357.66345	679.83900	2	50.4234	2
1357.67200	453.56460	3	30.8491	1
1357.67335	679.84395	2	31.0137	2
1357.74520	679.87990	2	59.0231	2
1357.74555	453.58915	3	58.9290	2
1358.15410	453.72530	3	52.2155	4
1358.62900	680.32180	2	60.2700	1
1358.65845	680.33650	2	89.1995	2
1358.66100	680.33775	2	57.4485	2
1358.66760	680.34105	2	46.4150	2
1358.66910	453.89700	3	46.3692	2
1358.67945	453.90045	3	39.3182	2
1358.68050	680.34755	2	39.3562	2
1358.74275	680.37865	2	83.2053	2
1358.75800	680.38625	2	92.8832	2
1359.68225	680.84840	2	67.6892	2
1359.68890	454.23690	3	39.0631	2
1359.83460	454.28550	3	57.4254	1
1360.58635	454.53605	3	34.4193	2
1361.66865	681.84160	2	41.0755	2
1361.67170	681.84315	2	67.4205	2
1361.72015	681.86735	2	69.3662	2
1361.72305	681.86880	2	72.0507	2
1361.72850	681.87150	2	93.5101	1
1362.55980	682.28720	2	50.9120	2
1362.59060	682.30260	2	49.2243	2
1362.71245	682.36350	2	88.1535	2
1362.71440	682.36450	2	58.7111	2
1362.72230	682.36845	2	83.8775	2
1363.65945	682.83700	2	63.4430	2
1363.68440	682.84950	2	73.4179	2
1363.69135	455.57105	3	45.7995	2
1363.69150	682.85300	2	45.8832	1
1364.59170	683.30310	2	51.9507	1
1364.63905	683.32680	2	64.9029	2
1364.65430	683.33440	2	77.2995	2
1364.66745	683.34100	2	45.5968	2
1364.68390	683.34920	2	61.8992	2
1364.71865	683.36660	2	65.3083	2
1364.73615	683.37535	2	69.8893	2
1365.55990	456.19390	3	42.8995	2
1365.66700	683.84075	2	84.7702	2
1365.67900	683.84675	2	56.4618	2
1365.68065	456.23415	3	56.4159	2
1366.73150	456.58440	3	37.1412	2
1366.75875	456.59355	3	37.2328	2
1366.84360	684.42910	2	100.1543	2
1367.65355	456.89175	3	52.0724	2
1367.67270	456.89820	3	50.9342	1
1367.68730	684.85090	2	78.4856	1
1367.68845	456.90340	3	52.3680	2
1367.68985	684.85220	2	52.4339	2
1367.71265	684.86360	2	72.1726	2
1367.76530	684.88990	2	83.7164	2
1367.77915	684.89685	2	75.6123	2
1368.03920	685.02690	2	34.6442	4
1368.64640	457.22270	3	68.1457	1
1368.75160	685.38310	2	75.1709	1
1368.79725	457.27305	3	64.5134	2
1369.67360	457.56515	3	52.7904	2
1369.79270	685.90360	2	55.3095	2
1370.28485	457.76890	3	55.6332	4
1370.72435	686.36945	2	79.6493	2
1370.82030	686.41740	2	94.9036	2
1371.68360	686.84905	2	73.9377	2
1371.71170	686.86310	2	91.6116	1
1371.73530	458.25240	3	50.1770	2
1372.58480	687.29970	2	64.1291	1
1372.68405	687.34930	2	66.7591	2
1372.71800	458.57990	3	55.0584	1
1373.69050	687.85255	2	38.6140	2
1373.74070	687.87765	2	71.2424	2
1373.75340	687.88395	2	57.4953	2
1374.68825	688.35140	2	48.4685	2
1374.68830	459.23670	3	48.4412	2
1374.71030	688.36245	2	73.8057	2
1374.76185	459.26125	3	78.1315	2
1374.76220	688.38835	2	78.1942	2
1374.78785	688.40120	2	84.4783	2
1375.71440	459.57870	3	76.6001	1
1376.70860	689.36160	2	89.7027	3
1376.71290	689.36370	2	83.5992	2
1376.71980	689.36720	2	65.4994	2
1376.72855	459.91680	3	50.4623	2
1376.85015	459.95730	3	66.8962	2
1377.67205	689.84330	2	83.2780	2
1377.67865	689.84660	2	75.9666	2
1377.68700	689.85075	2	33.2960	2
1377.68925	460.23705	3	33.2482	2
1377.69290	460.23820	3	88.4952	2
1377.69650	689.85555	2	89.5749	4
1378.23355	690.12405	2	84.8873	4
1378.55655	690.28555	2	43.5384	2
1378.69865	690.35660	2	60.4037	2
1378.75895	690.38675	2	94.6067	2
1379.57200	690.79330	2	44.2832	1
1379.68660	460.90280	3	40.0597	1
1379.76610	460.92930	3	73.1276	2
1379.77050	690.89250	2	80.3388	2
1381.67470	691.84465	2	66.7343	2
1381.74615	691.88035	2	73.9760	2
1382.65265	692.33360	2	76.7982	2
1382.75950	692.38700	2	77.8179	2
1383.53990	692.77725	2	25.9133	2
1383.67820	462.23335	3	43.7538	2
1383.68230	462.23470	3	59.7909	1
1384.62035	693.31745	2	52.5710	2
1384.66415	693.33935	2	56.5034	2
1384.73375	462.58520	3	64.4927	2
1384.75055	693.38255	2	83.8774	2
1385.73565	693.87510	2	75.4576	2
1385.75225	693.88340	2	62.6545	2
1386.72420	463.24870	3	66.6614	1
1387.56200	694.78830	2	62.0995	2
1387.68840	694.85145	2	82.6073	2
1387.69435	694.85445	2	57.1955	2
1387.69690	694.85570	2	70.9912	1
1387.72870	463.58350	3	83.9436	2
1387.72975	694.87215	2	83.9798	2
1388.55580	695.28520	2	55.7762	1
1388.70450	695.35950	2	52.8255	2
1389.73355	695.87405	2	87.6776	2
1389.75320	695.88390	2	88.8068	2
1390.65090	696.33270	2	38.2352	1
1390.65175	464.55785	3	38.2737	2
1390.70925	464.57700	3	35.8686	2
1390.75690	464.59290	3	68.0688	2
1391.69335	464.90505	3	60.8738	2
1391.69460	696.85460	2	60.7975	3
1391.70550	696.86005	2	53.4193	2
1391.88600	696.95030	2	88.4501	1
1392.61740	465.21305	3	59.6729	2
1392.66865	697.34160	2	63.5348	2
1392.87060	697.44260	2	84.0577	2
1393.64480	697.82970	2	68.7678	2
1393.65100	697.83280	2	71.3098	2
1393.67805	697.84630	2	70.8009	2
1393.69245	697.85350	2	82.5063	2
1393.70205	465.57460	3	56.1200	2
1393.70370	697.85910	2	77.5432	2
1394.54920	698.28190	2	37.1081	2
1395.65145	698.83300	2	58.6610	2
1395.71080	466.24420	3	40.5158	2
1395.71135	698.86295	2	40.5253	2
1396.67835	699.34645	2	77.3277	2
1396.80420	699.40935	2	66.8340	2
1397.60280	466.87490	3	47.1958	2
1397.60505	699.80980	2	47.1817	2
1397.71605	699.86530	2	51.8636	2
1397.78730	466.93635	3	65.8586	2
1397.79575	699.90515	2	79.6745	2
1398.62820	700.32135	2	52.9412	2
1398.70550	700.36000	2	90.1276	2
1398.73520	467.25230	3	51.3751	2
1398.77140	700.39295	2	64.2068	2
1399.69495	700.85475	2	54.9534	2
1399.69765	467.57315	3	48.9068	2
1399.76780	700.89120	2	63.1684	1
1401.57235	701.79345	2	43.1259	2
1401.71120	468.24430	3	42.6813	2
1401.71240	701.86350	2	42.7357	1
1401.76250	468.26140	3	80.8207	1
1401.76300	701.88875	2	80.7315	2
1402.75070	702.38265	2	77.1119	2
1403.63290	702.82375	2	55.6416	2
1403.63960	702.82710	2	61.0957	2
1403.74120	468.92100	3	41.2303	2
1403.74140	702.87800	2	69.5426	2
1403.74200	702.87830	2	41.2601	2
1403.80130	702.90790	2	96.7080	1
1404.72995	703.37225	2	75.8812	2
1404.79975	703.40715	2	68.2801	2
1405.65265	703.83360	2	56.4953	2
1406.66090	469.89420	3	52.2448	1
1406.71510	704.36480	2	74.8751	2
1407.72420	470.24870	3	50.2315	2
1407.72455	704.86955	2	50.3200	2
1407.78425	470.26870	3	66.4984	2
1407.78525	470.26900	3	60.5119	2
1408.65100	705.33275	2	77.6691	2
1408.66195	705.33825	2	70.7375	2
1408.66840	705.34150	2	39.6746	2
1409.68650	705.85055	2	68.8323	2
1409.74025	470.92065	3	49.6035	2
1410.69935	706.35695	2	56.0969	2
1410.72525	471.24900	3	50.9172	2
1410.77175	471.26455	3	57.7570	2
1411.65950	706.83700	2	48.6595	3
1411.67470	706.84460	2	72.7467	1
1411.71685	471.57955	3	70.3160	2
1411.82980	471.61720	3	73.0820	1
1411.83030	706.92245	2	72.9630	2
1412.64345	707.32900	2	89.3065	2
1412.72970	471.91720	3	73.7401	1
1412.77575	707.39515	2	51.5194	2
1412.81475	707.41465	2	83.0539	2
1412.83900	471.95360	3	67.0218	2
1412.83945	707.42700	2	67.1179	2
1413.67530	707.84490	2	37.8866	2
1413.76635	707.89045	2	61.8085	2
1414.72420	708.36940	2	61.0585	1
1414.72985	472.58390	3	47.8967	2
1414.73170	708.37315	2	47.9580	2
1414.73285	708.37370	2	81.8885	2
1415.65005	708.83230	2	92.7509	2
1415.68885	708.85170	2	58.2389	2
1415.72625	708.87040	2	46.4340	2
1415.76275	472.92820	3	40.6887	2
1416.72490	473.24890	3	65.8584	1
1416.72530	473.24900	3	65.8848	1
1416.72625	709.37040	2	65.0476	2
1416.78045	473.26745	3	59.3006	2
1417.66615	709.84035	2	68.6296	2
1417.66915	709.84185	2	55.8725	2
1417.67905	473.56695	3	47.2565	2
1417.70935	709.86195	2	74.4530	2
1418.70865	710.36160	2	58.4515	2
1418.70940	710.36195	2	80.6496	2
1418.72020	710.36740	2	75.1764	1
1419.66370	710.83910	2	57.7184	2
1419.69970	474.24050	3	51.9710	5
1419.70035	710.85745	2	51.7998	2
1419.75360	474.25850	3	52.0128	2
1419.81340	710.91400	2	81.2704	2
1420.65050	711.33255	2	47.3143	6
1421.80230	474.94140	3	63.8476	2
1422.59370	712.30410	2	37.2607	2
1422.59540	475.20575	3	37.1905	2
1422.67345	475.23175	3	41.1553	2
1422.68830	712.35145	2	65.9541	2
1422.75220	712.38340	2	78.8607	2
1423.67065	712.84260	2	82.4840	2
1423.74100	712.87780	2	91.2935	2
1424.66155	713.33805	2	68.5630	2
1424.71915	713.36685	2	67.2876	2
1424.81410	475.94530	3	91.4072	2
1424.81530	713.41490	2	91.4756	1
1425.67180	713.84320	2	73.9265	1
1425.80910	713.91180	2	74.1075	2
1425.81975	476.28050	3	62.5890	2
1426.79050	476.60410	3	43.6034	2
1427.64135	714.82795	2	46.7931	2
1427.72640	714.87050	2	53.2924	2
1427.79810	476.93995	3	58.0150	2
1427.79950	714.90700	2	82.9584	2
1428.71170	477.24450	3	46.4641	2
1428.78175	477.26785	3	76.8954	2
1429.74995	715.88225	2	64.0148	2
1429.75800	715.88625	2	60.5344	2
1429.76125	715.88790	2	52.3468	2
1429.80320	715.90890	2	97.5156	2
1430.24880	477.75690	3	60.9840	4
1430.72960	716.37210	2	88.7338	2
1430.73690	477.91960	3	51.2630	2
1430.76225	716.38840	2	91.0924	2
1431.28495	716.64975	2	86.4328	4
1431.69135	716.85295	2	87.0635	2
1431.78865	478.27015	3	65.8343	2
1431.79855	716.90655	2	80.0086	2
1432.71535	478.57905	3	45.5286	2
1433.62660	717.82060	2	75.2986	1
1434.74795	718.38125	2	73.9043	2
1435.76725	718.89090	2	63.3521	2
1436.15420	719.08435	2	38.7875	4
1436.69340	479.90505	3	56.0302	2
1436.70350	719.35900	2	56.2027	1
1436.70415	719.35935	2	68.8035	2
1436.76265	479.92815	3	52.3126	2
1436.78725	479.93635	3	62.5955	2
1437.69240	719.85350	2	64.0225	2
1438.58980	480.53720	3	30.2710	1
1438.77305	720.39380	2	81.7254	2
1439.64700	720.83080	2	48.8270	2
1439.79925	720.90690	2	73.2496	2
1439.80710	720.91080	2	95.9831	2
1440.82000	721.41730	2	79.6689	2
1441.63160	721.82305	2	77.2330	2
1441.71250	721.86350	2	67.9148	1
1441.83060	721.92255	2	86.4624	2
1442.65085	722.33270	2	84.2574	2
1442.66925	722.34190	2	52.1380	2
1442.68880	722.35170	2	80.2212	2
1442.72910	481.91700	3	50.2485	1
1443.67540	722.84495	2	44.2581	2
1443.80885	722.91170	2	74.1413	2
1443.84595	722.93025	2	79.8164	2
1444.66970	723.34210	2	56.6597	2
1444.67815	723.34635	2	85.2391	2
1444.74210	723.37830	2	71.0360	2
1444.77065	482.59745	3	61.1167	2
1444.81190	723.41320	2	88.0176	3
1446.71170	724.36310	2	62.9737	3
1446.78260	483.26810	3	64.7191	1
1447.73960	724.87710	2	68.2047	3
1447.75575	483.59250	3	57.0748	2
1448.71470	725.36465	2	57.2853	2
1448.73850	725.37650	2	77.4290	2
1448.74515	725.37985	2	83.3984	2
1449.67830	725.84640	2	62.8010	2
1449.71440	725.86450	2	74.3784	1
1449.86790	484.29655	3	60.5070	2
1449.88210	725.94830	2	86.4603	1
1450.72540	726.36995	2	82.0383	2
1450.73870	726.37665	2	89.9536	2
1450.75040	726.38250	2	95.8809	2
1450.81805	484.61325	3	65.8634	2
1451.71245	484.91145	3	34.6186	2
1451.79750	484.93980	3	52.0556	1
1452.69780	727.35620	2	57.6227	1
1452.76740	485.26310	3	57.8793	2
1452.79975	727.40715	2	90.7960	2
1453.76130	727.88795	2	56.6541	2
1454.73015	728.37235	2	79.2786	2
1454.87090	485.96425	3	77.2056	2
1454.87150	728.44300	2	77.0841	2
1455.69755	486.23980	3	68.2910	2
1455.69905	728.85680	2	68.3179	2
1455.83885	728.92670	2	81.2649	2
1457.78800	486.93660	3	81.5684	2
1457.78865	729.90160	2	81.6092	2
1457.81375	729.91415	2	84.7379	2
1458.74660	487.25615	3	76.6838	2
1459.70510	730.85985	2	58.9895	2
1459.70955	730.86205	2	67.8063	2
1459.74475	730.87965	2	63.9210	2
1459.84010	487.62060	3	75.7860	2
1459.84105	730.92780	2	75.8402	2
1461.73900	731.87675	2	65.1828	2
1461.83735	731.92595	2	77.2468	2
1461.83820	488.28665	3	77.0220	2
1462.69485	732.35470	2	65.4861	2
1462.76750	732.39100	2	68.4323	1
1463.27190	732.64320	2	62.0571	2
1463.67495	488.89890	3	63.0169	2
1463.70805	488.90995	3	66.8309	2
1463.70815	732.86135	2	80.1043	2
1463.70945	732.86200	2	66.6414	2
1463.74070	488.92080	3	72.3018	2
1463.75145	732.88300	2	72.3018	2
1464.30115	489.10765	3	65.1646	4
1464.74990	489.25725	3	81.7789	2
1464.77885	733.39670	2	62.4695	2
1464.78330	489.26840	3	62.5253	2
1464.79490	733.40475	2	68.1247	2
1464.79525	733.40490	2	61.9268	2
1465.73485	733.87470	2	87.0497	2
1466.67735	734.34595	2	74.8274	2
1466.74170	734.37810	2	88.8204	1
1466.77395	489.93190	3	44.3443	2
1467.24550	734.63005	2	85.0023	4
1467.82395	490.28195	3	56.3518	2
1468.68680	735.35070	2	53.6305	2
1468.72050	735.36750	2	65.6691	1
1468.77220	735.39340	2	89.7799	1
1468.79740	735.40595	2	74.5852	2
1470.74725	491.25635	3	66.3371	2
1470.74980	491.25720	3	56.4088	2
1470.79800	736.40630	2	89.0252	1
1470.84610	736.43030	2	83.3384	2
1471.70955	736.86205	2	54.6170	2
1471.74150	736.87805	2	65.4939	2
1471.75640	491.59275	3	67.1673	2
1472.71480	491.91220	3	45.5874	1
1472.73650	737.37550	2	57.8714	2
1472.73710	491.91965	3	57.7775	2
1472.77730	491.93300	3	59.5154	1
1473.76230	492.26135	3	71.6112	2
1473.76330	492.26170	3	74.7438	1
1474.76720	738.39090	2	79.3797	2
1475.77415	492.93195	3	63.1730	2
1476.70985	739.36220	2	65.3323	2
1476.78395	739.39925	2	73.2579	2
1477.64860	493.55680	3	32.9473	1
1477.74200	739.87825	2	84.8692	2
1477.76105	739.88780	2	72.5322	2
1477.77005	739.89230	2	88.2420	2
1478.64145	740.32800	2	48.7707	2
1478.77790	740.39625	2	74.5770	2
1479.73820	740.87640	2	77.5689	1
1480.68915	494.57030	3	36.1814	2
1480.71810	741.36635	2	85.4582	2
1480.83690	494.61960	3	59.2013	2
1481.72490	494.91560	3	62.3352	1
1481.73630	494.91940	3	52.8480	1
1482.81285	742.41370	2	89.8197	2
1482.83050	742.42250	2	68.4994	2
1483.71240	495.57805	3	61.7296	2
1483.74630	495.58940	3	29.5867	2
1483.76285	742.88870	2	76.3248	2
1484.68150	743.34800	2	43.8709	2
1484.71480	743.36470	2	59.1648	1
1484.80970	743.41215	2	83.3616	2
1484.82080	495.94755	3	74.8220	2
1484.82085	743.41770	2	74.9124	2
1485.82440	496.28210	3	87.1841	2
1485.82530	743.91990	2	87.1897	2
1486.71930	496.58035	3	75.8402	2
1486.76445	744.38950	2	71.5165	2
1486.77635	496.59940	3	54.2814	2
1486.78270	496.60150	3	67.6239	1
1486.78270	744.39865	2	67.4758	2
1487.71620	744.86540	2	78.7829	3
1488.64880	745.33165	2	49.5736	2
1488.72060	745.36760	2	65.6636	1
1488.74245	497.25475	3	45.3609	2
1488.74370	745.37910	2	45.4353	1
1488.79460	497.27215	3	59.5545	2
1489.74945	745.88200	2	90.4058	2
1490.72940	497.91710	3	58.2222	1
1490.73390	497.91860	3	58.1977	1
1491.80710	746.91080	2	89.5509	1
1492.67970	747.34710	2	81.5252	1
1492.70980	747.36220	2	48.5044	2
1492.73765	498.58650	3	76.1445	2
1492.80640	498.60940	3	76.5390	1
1493.64915	498.89035	3	39.1976	2
1493.65015	747.83235	2	39.2907	2
1493.74770	498.92315	3	56.8031	2
1493.74855	747.88155	2	56.7469	2
1493.78470	498.93550	3	72.6856	1
1495.63500	499.55230	3	41.6977	2
1495.74260	499.58815	3	69.3276	2
1495.84030	748.92745	2	81.8427	2
1495.85450	499.62540	3	82.0735	2
1495.85680	748.93565	2	82.1769	2
1495.87185	499.63125	3	69.7602	2
1496.68770	749.35110	2	85.5471	2
1496.76160	499.92780	3	56.9929	2
1496.76390	749.38925	2	65.2126	2
1496.78630	749.40040	2	71.3963	2
1496.82590	749.42025	2	91.9098	2
1497.70940	749.86200	2	72.9328	1
1498.76100	750.38780	2	75.3028	2
1498.78075	750.39765	2	68.7733	2
1498.84125	750.42790	2	85.1938	2
1499.71380	500.91190	3	56.1201	2
1499.77450	750.89450	2	85.9171	2
1500.76300	501.26160	3	56.3026	2
1500.79505	751.40480	2	59.6142	2
1500.80220	501.27465	3	59.7304	2
1500.81545	501.27905	3	69.4531	2
1500.81555	501.27915	3	65.2844	2
1501.28695	751.65075	2	72.5028	4
1501.71595	501.57925	3	51.5491	2
1501.71800	751.86630	2	51.6135	2
1501.84455	501.62210	3	49.6850	2
1502.64805	752.33130	2	78.7118	2
1502.75300	752.38380	2	88.1972	2
1503.70630	502.24270	3	46.4846	1
1503.79575	752.90515	2	81.1099	2
1504.74855	502.59015	3	54.4981	2
1504.79800	753.40630	2	69.5675	1
1504.87575	502.63250	3	80.4786	2
1505.65390	502.89190	3	47.8694	2
1505.70855	502.91010	3	57.1672	2
1505.72615	502.91595	3	61.5270	2
1505.92130	753.96790	2	93.1356	3
1506.72880	754.37170	2	89.7195	1
1506.79380	754.40420	2	66.6334	2
1506.79440	754.40450	2	60.6976	2
1507.71455	503.57880	3	63.9623	2
1508.74270	503.92150	3	87.2597	2
1508.74275	755.37865	2	87.0935	2
1508.81410	503.94530	3	49.2503	2
1508.81490	755.41470	2	49.2906	2
1509.65815	504.22665	3	47.4841	2
1509.66045	755.83750	2	47.5491	2
1509.74660	504.25610	3	52.6620	2
1510.70550	756.36005	2	70.8902	2
1510.71465	504.57880	3	58.3251	2
1510.71565	756.36510	2	58.3594	2
1510.74610	756.38035	2	75.0056	2
1510.75320	504.59170	3	57.9411	2
1511.71620	756.86540	2	42.9462	2
1511.78970	756.90215	2	98.8051	2
1511.85755	756.93605	2	80.8911	2
1512.20855	505.07680	3	44.0142	4
1512.87605	505.29930	3	85.3585	2
1512.87650	757.44550	2	85.2972	2
1513.69590	757.85525	2	69.1762	2
1513.69810	757.85630	2	68.7290	1
1513.75090	757.88270	2	77.8716	2
1513.87165	757.94310	2	96.5433	2
1513.87250	505.63145	3	96.6513	2
1514.72170	505.91450	3	56.9556	2
1514.79875	758.40665	2	91.6440	2
1514.79890	758.40670	2	66.8639	2
1514.79920	505.94030	3	91.7294	1
1514.85650	505.95945	3	90.2220	2
1514.85740	758.43595	2	90.1415	2
1515.71765	506.24650	3	78.2949	2
1515.75260	506.25810	3	33.2197	2
1515.75300	758.88380	2	51.3403	2
1515.75380	758.88415	2	33.2850	2
1515.76250	758.88855	2	89.4906	2
1515.77155	506.26445	3	78.6391	2
1515.82300	758.91880	2	79.4543	2
1516.20930	759.11190	2	79.6028	4
1516.67090	759.34270	2	84.6717	1
1516.77835	759.39645	2	74.7013	2
1516.79960	759.40710	2	79.8279	2
1516.80200	506.60790	3	49.4166	2
1516.83350	759.42405	2	80.2607	2
1517.71610	506.91260	3	54.9067	1
1517.73070	759.87260	2	62.8013	2
1517.73775	759.87615	2	70.3275	2
1517.80935	506.94370	3	76.7700	2
1517.81000	759.91230	2	76.9195	1
1518.79470	760.40465	2	84.3197	2
1519.74590	760.88025	2	63.7201	2
1519.82855	760.92155	2	92.4068	2
1520.71920	761.36685	2	77.8179	2
1520.73530	761.37495	2	53.5315	2
1523.76495	762.88975	2	93.1435	2
1523.86770	508.96315	3	77.1545	2
1523.88285	762.94870	2	90.2051	2
1524.63340	509.21840	3	54.7083	1
1524.74005	763.37730	2	72.2074	2
1525.76560	509.59580	3	63.8288	1
1525.85360	763.93410	2	97.5702	1
1526.73330	509.91835	3	34.4817	2
1527.70860	510.24345	3	35.8435	2
1527.77955	764.89705	2	90.4143	2
1528.75050	765.38250	2	92.9777	2
1528.79975	765.40715	2	72.9393	2
1528.80950	510.61045	3	69.8185	2
1529.66335	510.89505	3	39.0801	2
1529.66445	765.83950	2	39.1114	2
1529.80980	765.91220	2	87.1238	2
1529.84125	510.95435	3	64.3983	2
1529.85755	510.95975	3	79.6437	2
1530.80160	511.27450	3	66.8036	2
1531.69770	511.57315	3	64.6935	2
1531.77530	766.89490	2	66.0146	2
1531.80060	766.90755	2	68.8639	2
1531.81300	766.91380	2	85.4504	1
1532.77410	767.39435	2	74.1793	2
1532.79695	767.40575	2	72.1806	2
1532.82090	767.41775	2	82.3318	2
1533.74505	512.25560	3	50.7404	2
1533.74510	512.25560	3	35.6573	1
1533.74550	767.88000	2	50.8124	1
1533.74705	767.88080	2	68.4729	2
1533.80035	767.90745	2	97.1772	2
1534.29670	768.15560	2	74.3534	4
1535.67090	512.89755	3	37.8811	2
1535.67840	768.84650	2	60.5711	2
1535.78465	512.93550	3	68.5882	2
1537.72010	513.58065	3	79.6328	2
1537.79470	769.90460	2	76.6055	1
1538.82320	770.41890	2	78.8245	2
1540.80800	514.60990	3	63.4194	1
1540.82080	514.61420	3	48.0018	1
1541.78610	514.93600	3	58.3867	2
1541.80590	514.94260	3	59.7595	1
1541.81730	771.91590	2	69.7548	2
1541.83035	771.92245	2	75.6009	2
1542.77135	515.26435	3	54.4367	2
1542.79040	772.40245	2	61.8768	2
1546.69810	774.35635	2	66.9550	2
1547.67300	774.84375	2	62.9422	2
1547.77360	516.93180	3	54.6248	2
1547.81975	774.91715	2	70.9525	2
1547.82045	774.91750	2	83.5067	2
1547.82520	516.94900	3	62.9052	1
1547.83020	516.95070	3	58.5001	2
1547.83200	774.92325	2	58.5306	2
1547.83700	774.92580	2	82.6317	1
1548.77815	775.39635	2	71.1857	2
1548.77820	517.26665	3	71.2564	2
1548.80180	517.27455	3	61.4135	2
1548.92570	775.47015	2	80.2322	2
1549.60075	775.80765	2	46.0494	2
1549.73850	775.87655	2	63.2609	2
1549.74535	517.58905	3	63.0900	2
1549.82830	775.92145	2	73.4098	2
1550.68870	517.90350	3	33.9792	2
1550.74045	517.92075	3	51.8688	2
1550.74490	776.37970	2	51.9324	2
1550.76945	776.39200	2	57.9101	2
1550.76965	517.93045	3	57.8382	2
1550.84975	776.43215	2	95.5264	2
1551.71730	518.24640	3	36.9252	2
1551.76795	776.89125	2	68.3178	2
1551.77470	518.26550	3	39.8849	2
1551.84800	776.93130	2	90.2106	2
1553.83130	518.95105	3	81.2276	2
1553.83330	777.92390	2	81.2860	1
1555.73855	778.87655	2	72.3986	2
1555.75025	519.59070	3	52.2860	2
1555.79195	778.90325	2	83.4278	2
1555.88305	519.63495	3	77.7799	2
1556.84270	779.42865	2	91.0843	2
1557.78365	779.89910	2	79.9166	2
1557.83020	520.28400	3	72.8387	1
1557.83425	779.92440	2	89.8120	2
1558.76220	780.38840	2	90.9787	1
1558.77425	780.39440	2	67.7492	2
1558.79980	780.40715	2	79.7076	2
1559.61125	780.81290	2	73.6919	2
1559.75195	520.92455	3	71.4825	2
1559.75995	520.92725	3	78.2855	2
1559.82395	780.91925	2	87.7714	2
1559.83670	780.92560	2	86.5140	1
1560.80820	781.41140	2	85.3213	1
1560.83980	521.28720	3	86.2062	2
1560.84170	781.42810	2	79.2378	2
1560.84230	781.42845	2	85.8739	2
1561.78870	781.90165	2	76.7332	2
1561.83605	781.92530	2	87.9955	2
1562.77290	521.93155	3	67.4122	2
1563.80430	522.27535	3	73.8823	2
1564.29845	783.15650	2	74.1178	4
1564.71590	783.36525	2	54.0424	2
1564.71640	522.57940	3	53.9594	1
1564.74245	783.37850	2	56.3598	2
1564.88085	783.44770	2	100.8700	2
1565.78640	522.93605	3	58.1791	2
1565.83085	522.95085	3	67.1490	2
1567.82615	784.92035	2	82.0327	2
1567.89360	523.63850	3	65.9170	1
1567.90010	784.95735	2	97.1222	2
1569.87835	785.94645	2	76.9238	2
1569.91445	785.96450	2	87.5236	2
1570.74545	524.58910	3	52.6000	2
1570.81075	786.41265	2	59.6519	2
1571.68470	524.90215	3	56.1431	2
1572.78285	787.39870	2	59.0449	2
1572.83090	525.28425	3	79.0489	2
1573.77985	787.89720	2	87.2290	2
1573.82800	787.92130	2	81.3658	3
1573.83700	787.92580	2	75.2441	2
1574.71185	788.36320	2	71.5468	2
1575.78340	788.89900	2	71.0017	1
1576.75380	789.38420	2	75.3973	2
1577.77070	789.89265	2	72.4042	2
1577.77160	789.89305	2	90.6302	2
1577.78970	789.90215	2	76.0845	2
1578.26115	527.09435	3	72.9774	4
1578.83640	527.28610	3	70.9418	2
1578.85280	527.29150	3	56.9468	1
1578.87355	527.29845	3	83.6309	2
1578.87385	790.44420	2	83.6860	2
1580.70170	527.90785	3	41.7439	2
1580.80515	527.94230	3	62.5693	2
1580.86160	791.43810	2	94.9980	2
1580.93000	527.98390	3	75.9517	1
1581.76430	791.88940	2	66.5983	1
1582.84840	792.43150	2	78.4309	2
1582.86650	792.44050	2	71.6667	2
1584.74080	529.25420	3	67.0165	1
1585.68840	793.85145	2	64.4563	2
1585.82185	529.61455	3	65.7083	2
1586.86880	794.44170	2	86.1188	3
1587.85770	530.29315	3	65.0841	2
1588.72630	795.37045	2	71.0667	2
1588.84300	795.42880	2	93.2642	1
1589.82100	530.94760	3	84.4201	2
1590.31420	796.16440	2	82.7302	4
1590.76345	796.38900	2	78.7647	2
1590.79245	531.27140	3	86.5415	2
1590.85470	796.43460	2	90.0413	1
1591.74805	531.58995	3	44.7523	2
1591.74915	796.88185	2	44.7822	2
1591.80380	531.60850	3	59.1443	2
1591.80510	796.90985	2	59.2854	2
1591.86245	796.93850	2	86.9503	2
1592.82150	531.94780	3	67.3706	1
1592.83070	797.42260	2	70.6455	1
1592.91495	797.46475	2	72.6775	2
1593.74145	532.25445	3	55.6472	2
1593.74355	797.87905	2	55.7283	2
1593.76515	797.88985	2	84.2171	2
1593.95010	797.98235	2	82.4530	2
1595.80350	798.90900	2	92.2898	2
1595.86310	532.96165	3	51.0594	2
1596.76685	533.26290	3	53.4943	2
1596.77890	799.39670	2	68.6812	2
1596.79980	799.40720	2	54.4446	2
1597.86910	799.94180	2	70.6250	2
1598.83760	533.95310	3	82.7426	2
1598.84710	800.43080	2	82.6971	2
1599.72500	800.86980	2	74.6441	2
1599.78605	800.90030	2	43.6675	2
1599.84890	800.93175	2	75.0111	2
1599.88560	534.30245	3	63.5878	2
1599.89850	534.30675	3	77.4203	2
1600.77890	801.39675	2	77.3556	2
1600.78470	534.60220	3	64.6241	3
1600.84430	534.62200	3	64.9247	2
1600.86770	801.44110	2	64.4638	2
1601.72660	801.87060	2	53.2029	1
1602.80050	802.40755	2	76.8321	2
1602.80450	802.40955	2	63.2419	2
1602.86400	802.43930	2	73.3803	2
1603.81020	802.91240	2	81.4247	2
1604.74400	803.37930	2	64.8787	2
1604.78305	535.93495	3	68.7112	2
1606.76200	536.59460	3	70.2115	1
1607.79750	536.93980	3	48.9259	1
1607.85035	804.93245	2	85.5711	2
1607.90410	536.97530	3	80.0764	2
1609.83670	805.92565	2	89.2380	2
1609.83700	537.61960	3	89.2054	2
1610.72145	806.36800	2	66.0587	2
1610.78270	537.93480	3	65.7956	1
1610.90730	806.46090	2	97.7520	2
1610.97050	537.99740	3	71.2978	1
1611.78940	806.90195	2	65.5565	2
1612.85205	807.43330	2	85.0362	2
1612.85775	538.62655	3	70.6195	2
1612.86945	807.44200	2	89.4029	2
1612.90470	538.64215	3	77.1457	2
1613.85285	807.93370	2	82.9847	2
1613.90500	807.95975	2	81.2332	2
1614.76210	808.38835	2	89.1780	2
1614.84185	808.42820	2	77.7632	2
1615.75950	539.59380	3	57.9554	1
1615.85810	539.62665	3	73.2247	2
1615.89620	808.95540	2	85.3535	1
1616.73265	539.91815	3	48.4190	2
1616.78150	809.39800	2	75.2370	1
1616.84690	809.43070	2	92.6422	2
1617.78910	809.90185	2	45.0435	2
1617.83760	809.92610	2	78.0634	2
1617.91675	809.96565	2	99.1441	2
1619.81665	540.94615	3	66.0255	2
1620.86200	541.29460	3	86.5140	2
1620.86470	811.43965	2	86.4920	2
1621.82860	811.92160	2	84.9373	2
1621.85730	811.93590	2	84.1035	1
1621.87310	811.94385	2	71.2206	2
1622.76595	541.92925	3	38.3701	2
1622.79795	541.93990	3	81.9087	2
1622.80000	812.40730	2	81.9953	1
1622.82785	812.42120	2	68.5100	2
1623.86500	812.93980	2	87.9632	2
1624.95260	813.48360	2	87.1486	1
1625.77435	813.89445	2	77.9755	2
1625.77640	813.89545	2	81.1722	2
1625.83260	542.95150	3	83.3936	1
1626.85755	543.29315	3	57.5535	2
1626.85950	814.43700	2	57.5792	2
1626.90040	814.45750	2	89.3836	2
1627.74910	814.88185	2	67.8615	2
1627.78530	543.60240	3	50.4445	1
1628.79040	543.93740	3	94.8915	2
1628.79150	815.40300	2	94.8365	2
1628.79420	815.40440	2	81.6792	1
1628.81505	543.94560	3	56.9621	2
1628.81710	815.41580	2	57.0189	2
1629.78070	544.26750	3	56.7173	2
1629.87360	815.94405	2	70.0402	2
1629.88310	815.94885	2	89.0712	2
1630.84610	544.62265	3	82.2086	2
1631.88870	544.97020	3	73.9320	1
1631.92495	544.98225	3	71.9012	2
1631.92575	816.97015	2	71.9649	2
1632.77840	545.26675	3	46.8793	2
1633.84230	545.62140	3	79.7812	1
1633.85590	545.62590	3	62.3403	2
1634.80125	818.40790	2	62.9898	2
1634.82910	545.95030	3	45.0756	1
1634.88845	545.97005	3	54.2023	2
1635.76510	546.26230	3	55.1963	1
1636.93750	546.65310	3	92.0117	1
1636.94415	819.47935	2	91.8957	2
1638.83980	547.28720	3	75.9021	2
1639.74110	820.87780	2	62.6413	2
1639.87640	547.63270	3	77.9366	2
1639.87805	820.94630	2	78.0119	2
1639.88015	547.63400	3	95.1673	2
1639.88175	820.94815	2	94.8834	2
1639.92700	820.97080	2	90.4693	2
1640.84870	547.95685	3	47.7763	2
1641.77165	821.89310	2	74.7367	2
1641.88330	821.94895	2	84.5457	2
1642.69025	822.35240	2	47.6641	2
1642.80655	822.41055	2	59.6750	2
1642.85235	548.62470	3	48.9832	2
1642.85260	822.43360	2	49.0472	2
1642.88390	548.63525	3	79.6159	2
1643.79200	548.93790	3	47.7138	1
1643.82455	822.91955	2	45.3124	2
1643.82840	822.92145	2	75.2384	2
1643.83990	548.95390	3	67.1386	2
1644.75830	823.38640	2	77.8361	1
1645.90480	549.64220	3	67.7603	2
1646.83980	549.95385	3	61.8159	2
1648.96890	413.24950	4	58.6068	1
1648.97000	550.66395	3	58.5385	2
1649.72230	825.86840	2	63.8023	1
1649.93540	825.97500	2	77.1399	2
1651.90525	826.95990	2	88.6849	2
1651.92640	551.64940	3	85.1338	2
1651.92800	826.97125	2	85.0741	2
1652.75400	827.38430	2	69.0295	1
1652.78870	551.93680	3	78.5310	2
1653.87170	552.29785	3	76.1720	2
1653.89605	827.95530	2	92.5960	2
1653.92170	552.31450	3	76.7444	2
1654.78825	828.40140	2	71.0975	2
1654.89645	828.45550	2	81.3614	2
1655.76415	552.92865	3	49.6701	2
1657.81830	829.91640	2	88.8781	2
1658.79165	553.93780	3	55.0191	2
1658.83685	830.42570	2	79.2930	2
1659.91140	554.31105	3	79.0800	2
1659.92580	830.97020	2	79.1553	1
1660.74295	554.58825	3	65.4302	2
1660.84385	554.62185	3	62.8009	2
1662.80060	555.27410	3	52.5130	2
1662.82995	832.42225	2	70.1382	2
1662.83165	555.28450	3	70.2332	2
1663.79555	555.60575	3	72.0820	2
1664.72550	833.37000	2	67.1906	1
1664.78020	833.39740	2	83.9852	2
1664.80935	833.41195	2	79.4629	2
1664.84320	833.42885	2	73.5311	2
1666.86900	834.44180	2	77.2937	2
1666.86970	556.63050	3	77.1771	2
1666.87600	834.44525	2	81.0442	2
1666.91850	834.46655	2	82.7653	2
1667.79460	556.93880	3	45.0814	1
1667.81585	556.94590	3	58.4104	2
1667.86420	834.93935	2	77.6120	2
1668.81540	557.27910	3	57.8330	1
1669.85340	835.93400	2	71.8765	2
1670.83785	836.42620	2	96.6151	2
1670.88385	557.96855	3	55.7813	2
1671.71500	558.24560	3	51.4410	2
1673.90010	837.95730	2	76.8636	2
1674.88955	838.45205	2	92.1727	2
1675.73685	559.58620	3	30.7431	2
1675.73770	419.94170	4	30.7816	3
1677.81170	560.27785	3	71.0003	2
1678.00570	560.34250	3	65.9625	2
1681.82100	841.91775	2	76.0488	2
1681.90075	561.64085	3	80.5461	2
1681.90170	841.95815	2	86.2827	4
1681.92695	841.97075	2	93.5428	2
1681.93160	561.65110	3	93.4511	1
1682.79825	842.40640	2	87.9655	2
1682.89330	842.45390	2	79.3646	2
1682.90480	561.97550	3	85.1231	1
1682.92530	561.98240	3	77.8728	1
1682.93460	842.47460	2	71.7475	1
1683.88570	842.95010	2	77.3885	2
1684.91525	843.46490	2	81.1721	2
1685.91445	562.97875	3	65.7006	2
1686.87340	563.29840	3	64.0583	1
1687.91655	844.96555	2	88.3263	2
1687.92080	563.64755	3	88.3352	2
1688.73490	563.91890	3	32.3759	3
1688.88265	845.44860	2	83.8469	2
1689.22535	423.31360	4	32.8303	2
1689.84230	564.28805	3	58.9291	2
1689.91025	564.31065	3	94.0545	2
1689.91255	845.96355	2	94.1173	2
1690.96275	564.66150	3	64.1954	2
1692.81615	565.27930	3	84.2983	2
1692.81940	847.41695	2	84.1789	2
1692.96750	847.49105	2	90.7159	2
1692.96880	565.33020	3	90.7686	2
1693.93680	565.65285	3	63.7831	2
1693.94165	565.65450	3	82.7028	2
1694.80405	565.94195	3	50.8813	2
1695.33020	848.67235	2	69.9510	4
1696.77345	849.39400	2	63.6506	2
1696.84735	849.43095	2	86.6656	2
1696.90945	849.46200	2	85.6857	2
1696.91175	566.64455	3	85.7909	2
1697.83905	566.95360	3	51.1798	2
1697.90245	566.97475	3	77.9055	2
1697.90445	849.95950	2	77.9448	2
1698.00840	567.01005	3	82.8227	2
1698.01035	850.01245	2	82.9610	2
1698.79370	850.40415	2	82.8976	2
1698.88670	567.30280	3	40.5779	1
1698.88820	567.30330	3	81.9684	1
1698.89830	850.45640	2	84.8747	2
1698.89835	567.30670	3	84.9074	2
1698.90385	567.30855	3	59.0285	2
1699.83980	567.62055	3	83.1757	2
1699.86740	567.62970	3	76.1381	1
1700.88750	851.45100	2	66.7563	1
1700.91100	851.46280	2	80.6808	2
1701.87050	568.29740	3	61.3063	1
1703.73955	568.92045	3	62.1580	2
1703.81565	568.94580	3	61.0874	2
1704.72745	569.24975	3	26.2207	2
1704.72920	427.18960	4	26.3402	1
1704.91700	569.31295	3	71.0723	2
1705.83595	569.61925	3	47.6616	2
1705.83880	853.92665	2	47.7500	2
1705.87350	853.94405	2	96.3989	2
1705.88330	569.63500	3	69.7116	3
1705.88405	853.94930	2	69.8184	2
1705.91870	569.64680	3	67.6536	1
1706.88980	854.45220	2	88.6791	2
1706.90415	854.45935	2	83.6531	2
1706.90445	569.97540	3	88.9507	18
1707.80660	854.91060	2	81.3900	2
1707.88775	854.95115	2	94.0407	2
1707.89765	570.30650	3	77.5151	6
1707.97810	570.33330	3	79.1392	2
1707.97920	854.99685	2	79.0092	2
1708.76180	570.59450	3	56.3799	1
1709.98130	571.00100	3	76.2803	1
1710.01990	571.01390	3	80.5836	2
1710.92650	856.47055	2	76.7099	2
1712.89020	857.45235	2	67.0538	2
1712.93970	571.98715	3	69.1785	2
1714.90060	572.64080	3	62.9635	3
1714.90070	858.45765	2	63.0223	2
1714.90460	858.45955	2	71.0359	2
1717.71975	859.86715	2	57.6428	2
1717.86450	573.62875	3	72.3347	2
1717.86505	859.93980	2	72.3720	2
1717.87455	859.94455	2	84.1525	2
1717.89980	859.95720	2	94.2647	2
1720.90460	861.45960	2	77.9950	2
1721.76200	861.88830	2	38.4816	2
1721.86395	861.93925	2	75.3332	2
1722.87300	575.29830	3	75.9909	2
1722.89720	575.30630	3	76.4697	3
1723.02385	575.34855	3	69.9160	2
1723.02610	862.52030	2	69.9498	2
1724.87565	863.44510	2	82.6793	2
1725.82590	863.92020	2	67.4706	1
1725.95285	863.98370	2	86.3713	2
1726.01410	576.34530	3	82.4504	2
1726.93700	576.65295	3	74.0819	2
1728.79050	577.27075	3	63.9382	2
1728.93530	577.31900	3	59.9691	1
1729.00405	577.34195	3	83.0195	2
1730.75695	577.92625	3	65.2175	2
1730.89695	866.45575	2	89.1183	2
1730.89790	866.45625	2	73.3191	2
1731.04580	578.02250	3	89.3693	2
1731.88400	866.94930	2	65.1087	1
1731.92830	866.97140	2	86.8857	1
1733.87335	578.96505	3	76.0188	2
1733.87425	867.94440	2	76.1502	2
1735.78925	868.90190	2	79.2727	2
1735.87870	579.63350	3	79.1022	2
1735.96545	868.99000	2	98.0571	2
1735.96740	579.66305	3	98.1302	2
1736.84765	869.43110	2	80.8248	2
1736.84785	579.95655	3	80.8307	2
1737.92650	580.31610	3	78.9162	2
1737.98870	870.00165	2	91.4693	2
1738.80240	870.40850	2	69.0084	2
1738.81965	580.61380	3	66.2806	2
1738.82125	580.61435	3	60.5429	2
1739.84620	580.95600	3	70.6270	2
1740.84230	871.42840	2	81.3830	1
1742.87350	872.44400	2	67.9796	1
1742.87390	581.96525	3	67.9191	2
1743.80375	872.90915	2	68.1852	2
1743.81095	872.91275	2	51.5866	2
1743.97520	872.99485	2	96.1757	2
1744.90060	582.64080	3	71.8673	1
1745.91550	582.97910	3	74.2443	2
1745.93975	873.97715	2	83.2162	2
1746.79695	874.40575	2	90.3373	2
1748.87445	583.96545	3	63.4128	2
1749.86555	584.29575	3	62.4431	2
1749.86585	875.94020	2	62.3999	2
1750.01110	876.01280	2	56.7172	2
1750.01120	584.34430	3	56.6778	2
1751.93845	876.97650	2	91.3873	2
1752.89100	585.30430	3	49.5953	1
1752.98680	585.33620	3	86.8603	2
1752.98875	877.50165	2	86.8228	2
1753.84825	585.62335	3	53.5000	2
1755.86035	878.93745	2	71.3607	2
1755.90455	878.95955	2	90.9979	2
1756.88990	586.63720	3	79.8981	1
1756.89045	879.45250	2	79.7600	2
1757.81560	879.91510	2	89.7471	1
1757.92500	586.98225	3	74.5603	2
1758.79280	880.40365	2	49.8923	2
1758.83240	587.28470	3	77.7001	2
1759.84330	880.92890	2	90.0036	1
1759.84735	587.62305	3	66.2941	2
1759.90860	880.96160	2	88.9135	2
1760.94185	881.47820	2	88.4634	2
1761.89690	588.30620	3	74.2927	1
1762.84215	882.42835	2	76.6691	2
1763.83330	882.92395	2	62.2802	2
1764.32590	589.11590	3	63.3965	4
1764.99775	589.33985	3	93.3771	2
1765.00290	883.50875	2	93.3223	2
1765.86625	883.94040	2	80.8104	2
1765.89005	883.95230	2	66.0444	2
1766.94850	884.48155	2	84.7091	2
1767.03150	590.01780	3	82.1579	1
1767.82250	590.28145	3	65.2733	2
1767.85695	590.29295	3	89.6530	2
1767.85850	884.93650	2	89.6944	2
1767.97145	590.33105	3	89.2437	2
1768.90190	885.45820	2	80.4140	2
1769.01955	590.68045	3	81.0182	2
1770.00405	886.00930	2	92.0872	2
1770.00525	591.00900	3	74.4841	2
1770.87600	591.29930	3	57.6465	1
1770.88870	591.30350	3	82.0338	1
1772.33515	887.17485	2	77.4964	4
1774.88550	888.45005	2	59.2187	2
1774.88600	592.63590	3	59.1782	3
1776.89660	593.30615	3	67.6838	2
1777.32105	889.66780	2	64.6160	4
1778.86240	890.43850	2	76.6490	2
1778.98950	594.00380	3	72.5646	2
1778.99115	890.50285	2	72.4677	2
1779.80360	445.95820	4	52.0948	1
1780.40375	594.47520	3	54.1941	4
1783.84815	892.93135	2	73.8736	2
1784.88225	595.96800	3	62.7931	2
1784.88295	893.44875	2	62.8602	2
1784.91570	595.97915	3	55.9092	2
1785.89195	893.95325	2	88.7415	2
1788.91245	597.31140	3	36.4056	2
1789.93070	895.97265	2	82.5760	2
1791.84940	598.29040	3	50.5413	1
1792.90995	598.64390	3	62.2860	2
1793.05510	897.53485	2	98.0076	2
1793.87750	897.94600	2	90.1858	2
1793.92120	897.96785	2	84.9782	2
1794.81685	898.41570	2	64.0794	2
1794.85780	898.43620	2	82.3350	2
1794.98395	898.49925	2	79.9510	2
1796.85540	599.95905	3	74.7938	2
1796.88050	599.96740	3	84.5104	2
1796.96740	599.99640	3	85.1288	1
1796.97905	600.00030	3	71.4654	2
1799.92860	600.98350	3	100.1627	2
1799.93130	900.97290	2	100.1856	2
1800.99945	601.34040	3	82.8628	2
1803.92135	602.31440	3	50.8166	2
1804.86770	602.62985	3	66.5168	2
1804.97125	602.66435	3	78.9266	2
1804.97605	903.49530	2	79.2086	2
1805.36015	903.68735	2	66.0229	4
1805.87980	903.94720	2	77.4444	8
1806.03505	603.01895	3	72.5407	2
1806.88405	904.44930	2	69.5748	2
1806.90295	603.30825	3	84.8535	2
1809.91485	905.96470	2	73.5728	2
1809.99775	906.00615	2	73.7823	2
1810.76300	604.59490	3	47.3976	1
1813.95045	907.98250	2	84.2286	2
1814.80235	605.94140	3	80.6978	2
1814.80640	908.41045	2	80.6406	2
1814.96630	605.99600	3	66.7504	1
1814.96960	605.99710	3	66.7728	1
1815.92520	908.96985	2	86.8878	2
1815.94165	606.32115	3	72.8839	2
1817.86340	606.96170	3	70.1622	1
1817.90285	606.97485	3	50.5143	2
1820.86160	911.43810	2	59.9166	1
1820.89670	607.97280	3	73.3047	1
1820.91295	607.97825	3	79.5519	2
1821.00415	608.00865	3	80.6407	2
1821.06210	608.02795	3	84.5811	2
1821.84815	608.29000	3	80.9894	2
1821.89805	608.30660	3	53.8873	2
1823.89140	608.97110	3	84.4121	1
1823.90615	608.97600	3	68.9257	2
1825.86310	913.93885	2	56.2681	2
1825.89620	913.95540	2	67.8426	2
1826.36430	609.79535	3	56.1754	4
1827.94075	610.32085	3	74.4900	2
1827.96850	610.33010	3	66.2216	2
1827.97080	914.99270	2	66.1624	2
1828.91440	915.46450	2	84.8090	2
1828.95280	915.48365	2	74.0985	2
1832.00825	611.67670	3	73.2438	2
1832.86630	917.44045	2	82.2642	2
1832.91705	611.97965	3	76.8635	2
1832.92790	611.98320	3	61.5206	1
1833.93720	917.97585	2	80.7721	2
1833.97060	612.33080	3	88.3657	2
1835.79845	612.94010	3	60.2825	2
1836.04850	613.02345	3	74.0447	2
1836.92690	613.31625	3	86.0503	2
1838.11705	613.71295	3	74.4988	2
1838.95725	613.99300	3	64.6113	2
1839.99410	614.33865	3	65.0809	2
1841.01565	614.67915	3	70.7691	2
1841.01635	921.51545	2	70.7077	2
1841.85760	614.95980	3	50.3478	2
1842.93230	615.31805	3	66.4333	2
1842.97295	615.33160	3	72.3427	2
1843.99590	923.00525	2	83.4334	2
1844.89185	615.97120	3	63.7720	2
1844.91190	615.97790	3	68.1009	2
1845.98815	616.33665	3	86.7267	2
1845.99615	924.00535	2	86.9425	2
1846.79095	924.40275	2	72.8142	2
1846.93705	924.47580	2	75.6120	2
1846.96985	924.49220	2	85.6458	2
1849.89210	925.95330	2	90.6273	1
1849.89750	617.63980	3	90.4973	1
1849.96145	617.66105	3	86.2436	2
1851.89575	618.30585	3	82.2377	2
1852.02265	927.01860	2	83.7755	2
1853.92720	618.98300	3	61.6945	2
1854.92630	928.47045	2	92.8525	2
1856.88045	929.44750	2	83.4927	2
1859.94375	930.97915	2	73.1919	2
1859.96470	620.99550	3	79.2668	2
1860.94945	621.32375	3	89.4961	2
1860.95335	931.48395	2	89.4827	2
1861.00040	621.34070	3	76.2334	2
1861.98665	621.66950	3	83.7450	2
1862.81930	621.94700	3	60.9953	2
1862.86960	932.44205	2	87.6228	2
1863.98920	622.33700	3	88.9415	2
1864.88330	622.63500	3	73.6806	2
1866.01320	623.01165	3	82.3347	2
1867.84400	623.62195	3	54.8125	2
1868.83500	935.42475	2	64.3584	2
1872.89455	625.30545	3	54.5328	2
1873.94665	625.65615	3	76.7011	2
1873.96925	937.99190	2	81.7773	2
1875.87365	626.29845	3	71.7353	2
1880.97470	627.99880	3	63.6249	2
1881.02635	628.01605	3	80.4165	2
1882.97730	628.66640	3	72.0185	1
1882.97780	942.49620	2	71.9404	2
1883.88170	628.96780	3	76.5446	1
1883.88330	942.94895	2	76.4249	2
1884.87680	629.29950	3	67.7188	2
1885.87160	943.94305	2	66.5460	2
1885.91785	629.64655	3	84.7787	2
1885.92055	943.96755	2	84.7483	2
1886.90070	629.97415	3	69.5985	2
1886.90200	944.45830	2	69.6985	2
1887.87230	944.94345	2	83.2804	2
1888.00500	630.34230	3	81.9758	2
1890.93680	631.31950	3	70.5877	2
1890.94750	631.32310	3	74.8826	2
1892.06590	947.04025	2	83.6917	2
1893.96010	947.98730	2	86.1817	2
1893.97900	632.33360	3	59.0799	2
1899.87960	950.94705	2	71.1633	2
1902.89720	952.45585	2	80.4578	2
1903.93220	635.65135	3	78.1857	2
1904.97255	953.49355	2	75.7476	2
1904.97265	635.99815	3	75.6592	2
1908.97190	955.49325	2	87.1952	2
1909.98080	478.50250	4	71.8258	1
1909.98160	637.66780	3	71.8423	1
1909.99205	637.67130	3	76.2960	2
1910.17190	637.73125	3	79.7966	2
1911.89160	956.95310	2	73.6445	1
1911.99830	638.34000	3	82.1064	2
1911.99925	957.00690	2	82.0975	2
1912.89580	957.45520	2	67.9204	1
1912.91385	638.64525	3	33.5484	2
1912.99260	638.67150	3	74.6656	2
1913.09865	638.70680	3	71.4259	2
1914.97920	639.33370	3	69.5232	3
1915.05370	479.77070	4	75.2008	1
1918.85405	640.62530	3	47.7257	2
1919.77110	640.93100	3	40.7674	1
1919.90275	960.95865	2	92.0228	2
1920.96610	641.32930	3	61.8046	1
1920.99860	641.34015	3	83.0797	2
1921.93380	961.97420	2	96.3928	2
1923.88500	962.94980	2	79.4495	1
1923.96385	642.32855	3	73.1216	2
1924.02090	642.34755	3	78.6160	2
1926.99905	643.34025	3	90.4056	2
1930.94260	644.65480	3	83.7480	2
1932.83795	645.28660	3	58.4226	2
1932.83980	967.42720	2	58.5583	1
1933.08450	967.54950	2	87.3226	2
1934.07765	645.69980	3	87.2481	2
1935.07910	646.03365	3	79.4828	2
1935.93310	646.31830	3	66.0801	2
1937.92670	969.97065	2	92.5017	2
1937.92765	969.97110	2	88.6193	2
1937.94510	969.97980	2	79.3200	1
1937.94630	646.98940	3	79.1970	2
1938.93370	970.47415	2	91.5154	2
1938.95250	970.48355	2	80.5864	2
1939.01930	647.34700	3	75.2722	2
1941.98630	648.33600	3	85.0790	3
1942.04150	648.35440	3	76.8260	2
1942.84300	648.62160	3	61.2730	2
1942.97180	972.49320	2	86.7240	1
1943.94260	648.98810	3	74.5288	1
1944.98375	649.33520	3	67.2279	2
1945.89450	649.63880	3	66.8116	1
1947.93200	650.31790	3	72.8539	2
1947.98480	650.33555	3	80.7720	2
1947.98655	975.00055	2	80.7629	2
1950.98100	651.33425	3	72.2346	2
1951.98930	651.67040	3	71.6624	1
1951.99070	651.67080	3	88.1915	1
1951.99310	977.00380	2	88.0659	2
1954.89610	978.45530	2	81.4245	2
1955.94065	652.98750	3	59.6160	2
1956.05810	653.02665	3	81.8105	2
1956.90055	653.30745	3	66.6033	2
1956.99175	979.50315	2	76.0323	2
1957.94210	979.97830	2	86.9400	1
1961.03610	981.52530	2	88.2523	3
1961.04825	654.69005	3	88.3016	2
1963.04880	655.35690	3	75.6838	1
1966.08440	984.04945	2	90.1194	2
1966.93760	656.65315	3	75.0614	2
1966.97800	656.66660	3	96.9107	2
1970.06980	657.69720	3	77.4927	2
1970.98230	658.00140	3	61.1549	2
1973.06930	658.69700	3	60.1301	2
1976.01490	659.67890	3	95.0887	1
1976.02185	989.01820	2	95.0441	2
1976.96920	659.99700	3	84.3474	1
1977.03545	989.52500	2	81.9011	2
1978.89885	660.64020	3	36.4963	2
1979.03340	660.68505	3	87.4816	2
1983.02940	662.01710	3	86.6042	2
1984.02900	662.35030	3	79.5921	1
1984.02960	993.02205	2	79.4913	2
1985.96110	993.98785	2	73.1595	2
1988.04830	663.69005	3	71.4316	2
1989.02540	664.01570	3	74.4023	2
1992.01845	997.01650	2	93.0207	2
1992.05900	665.02695	3	79.8277	2
1994.00375	665.67520	3	93.9473	2
1994.00385	998.00920	2	93.8445	2
2001.00040	668.00740	3	84.0404	2
2002.95900	1002.48680	2	76.1929	1
2002.98580	668.66920	3	67.7398	1
2003.03310	668.68495	3	89.0055	2
2003.03455	1002.52455	2	89.1011	2
2004.09110	669.03760	3	78.9889	2
2009.03530	670.68570	3	58.7482	2
2009.08520	670.70235	3	76.9899	2
2009.99945	1006.00700	2	92.1524	2
2010.00050	671.00740	3	92.1270	2
2010.99830	1006.50645	2	77.0528	2
2016.98770	1009.50110	2	83.4582	1
2016.99315	1009.50385	2	80.1299	2
2019.07125	674.03100	3	94.1783	2
2022.01740	675.01305	3	64.2332	2
2024.89440	1013.45450	2	56.4632	1
2026.12140	676.38105	3	85.7521	2
2026.12365	1014.06910	2	85.7870	2
2031.02950	678.01710	3	87.5175	2
2033.06275	678.69485	3	72.7809	2
2034.06300	679.02830	3	71.5750	1
2035.86255	679.62815	3	58.0015	2
2037.04320	680.02170	3	65.5174	2
2041.07685	681.36620	3	79.9421	2
2041.97595	681.66590	3	72.7294	2
2043.01160	682.01115	3	82.2290	2
2043.01225	1022.51340	2	82.3571	2
2047.98095	683.66755	3	48.3022	2
2048.04860	1025.03160	2	95.2494	2
2048.05050	683.69075	3	95.2695	2
2048.95995	683.99395	3	76.3840	2
2049.04150	684.02110	3	87.0387	1
2049.87430	1025.94440	2	38.1474	1
2050.03340	684.35170	3	88.7337	1
2052.92890	1027.47175	2	75.4029	2
2058.07895	687.03360	3	97.0004	2
2058.07935	1030.04695	2	96.9558	2
2059.00460	687.34215	3	77.1769	2
2059.57580	687.53250	3	88.7612	4
2059.92970	687.65050	3	67.8727	2
2059.96875	1030.99165	2	84.6468	2
2063.99800	1033.00630	2	80.1596	1
2064.02500	1033.01980	2	88.6470	1
2064.04610	1033.03030	2	89.4906	1
2064.96185	1033.48820	2	84.4491	2
2067.99195	690.33790	3	69.0276	2
2070.95900	1036.48675	2	72.4318	2
2071.03415	1036.52435	2	91.6942	2
2071.03520	691.35230	3	67.0485	1
2072.11930	691.71370	3	87.8711	2
2073.10500	692.04230	3	76.6043	2
2075.08140	692.70105	3	72.0272	2
2076.04995	693.02390	3	67.6063	2
2078.06600	693.69595	3	78.5841	2
2079.02890	694.01690	3	74.1072	2
2080.10195	521.03280	4	70.4981	2
2080.10400	694.37525	3	70.7500	2
2086.03995	1044.02725	2	88.5238	2
2092.08630	698.36935	3	74.0386	2
2092.97510	1047.49485	2	87.3253	2
2093.10990	698.71060	3	80.0041	1
2093.11340	1047.56395	2	79.9569	2
2093.97915	699.00035	3	86.0442	2
2093.98185	1047.99820	2	85.9687	2
2094.94200	699.32125	3	51.5326	2
2095.00525	699.34235	3	69.2993	2
2101.86500	701.62890	3	70.9135	1
2104.07165	1053.04310	2	73.0030	2
2104.56385	702.52855	3	73.6212	4
2105.14710	702.72295	3	90.5306	2
2106.02100	703.01430	3	71.3034	1
2114.12960	705.71715	3	95.1163	2
2119.05370	707.35850	3	64.1072	2
2122.10100	708.37425	3	70.2056	2
2125.15890	709.39355	3	93.3778	2
2126.14370	709.72185	3	77.7000	2
2126.14420	1064.07940	2	77.6006	2
2131.18050	711.40075	3	83.5695	2
2136.95545	713.32575	3	76.3643	2
2137.12415	713.38200	3	70.1629	2
2143.09390	715.37190	3	81.5492	2
2148.10730	717.04305	3	61.5265	2
2151.09835	718.04005	3	78.0747	2
2156.01410	719.67865	3	65.7399	2
2165.06520	722.69570	3	76.7935	1
2169.12365	724.04850	3	76.2591	2
2170.03015	724.35065	3	76.0820	2
2180.98085	728.00085	3	66.9656	2
2181.13585	1091.57520	2	80.5135	2
2181.13785	728.05320	3	80.5196	2
2190.06485	731.02890	3	74.7878	2
2190.06755	1096.04105	2	74.7532	2
2201.11735	734.71305	3	73.5077	2
2205.01585	736.01255	3	71.7516	2
2205.10190	1103.55825	2	98.9711	2
2227.05360	743.35850	3	55.5183	2
2227.05385	1114.53420	2	55.5474	2
2236.11110	746.37765	3	85.6797	2
2240.18050	1121.09755	2	84.9489	2
2240.18140	747.73440	3	84.9939	1
2250.02170	751.01450	3	46.5796	2
2269.26195	757.42790	3	83.1116	2
2279.05785	760.69325	3	68.8906	2
2282.08385	761.70185	3	64.1656	2
2284.22680	762.41620	3	90.9138	1
2284.23620	762.41930	3	94.1603	2
2291.01855	1146.51655	2	67.5079	2
2291.01905	764.68025	3	67.5137	2
2295.09215	766.03795	3	79.8554	2
2297.12760	766.71645	3	70.0804	2
2299.15620	767.39270	3	64.7479	1
2306.10610	769.70930	3	78.0290	2
2314.08715	772.36965	3	61.4721	2
2323.19600	1162.60530	2	85.4253	2
2323.29420	775.43870	3	89.3551	2
2347.18800	783.40325	3	59.4349	2
2364.20200	789.07460	3	76.9578	2
2376.10100	793.04090	3	51.8262	1
2379.16550	595.79870	4	63.1058	2
2387.14080	796.72085	3	85.6518	2
2389.99160	797.67115	3	62.0365	2
2391.16490	798.06225	3	81.2096	2
2391.18470	798.06880	3	95.6740	2
2391.18615	1196.60035	2	95.4603	2
2401.30185	801.44120	3	82.1652	2
2404.07655	802.36610	3	71.4908	2
2407.23070	803.41750	3	76.1076	1
2416.24085	806.42090	3	84.6113	2
2427.23985	607.81725	4	61.0057	2
2435.25640	812.75940	3	65.7742	2
2440.34720	814.45630	3	91.4777	2
2453.16460	818.72880	3	77.0461	1
2456.21230	819.74470	3	78.8014	2
2460.19400	821.07195	3	85.7183	2
2519.20580	840.74250	3	65.9226	1
2525.30115	842.77430	3	86.2763	2
2532.23300	845.08495	3	74.2997	2
2548.22800	850.41660	3	66.1851	1
2549.47100	850.83090	3	83.6219	2
2549.96470	638.49845	4	84.3301	4
2578.28960	860.43710	3	69.8732	1
2589.27125	864.09770	3	71.1383	2
2620.21740	656.06165	4	65.3758	2
2660.31760	887.77980	3	64.1605	1
2691.38570	898.13580	3	76.3228	1
2749.47695	917.49955	3	82.1124	2
2804.28100	935.76760	3	77.4201	2
2858.46880	953.83020	3	91.5099	1
3208.56185	803.14775	4	70.5342	2
3536.66480	1179.89555	3	84.7149	2
