mono_mass	mz	charge	rt	n_psm
798.41170	400.21310	2	37.5178	1
798.46010	400.23730	2	42.9860	1
798.48515	400.24985	2	57.2037	2
798.49000	400.25230	2	31.8648	1
799.45520	400.73490	2	48.8911	2
800.43890	401.22675	2	43.2648	2
800.43935	401.22695	2	39.6410	2
800.45470	401.23460	2	50.8356	1
801.43460	401.72455	2	35.9296	2
801.53270	401.77365	2	44.0026	2
802.38630	402.20045	2	38.0338	2
802.49850	402.25655	2	61.3664	2
805.40785	403.71120	2	44.5502	2
805.44515	403.72985	2	50.8925	2
806.39515	404.20485	2	36.7850	2
806.45360	404.23410	2	59.9993	1
806.45510	404.23480	2	50.0667	2
806.48990	404.25220	2	56.3415	2
807.41275	404.71370	2	39.2919	2
808.36175	405.18815	2	35.9371	2
808.39705	405.20580	2	49.0752	2
808.44385	405.22920	2	35.0641	2
811.35420	406.68435	2	36.6749	2
811.49120	406.75290	2	49.3400	2
812.42215	407.21835	2	42.1175	2
812.43900	407.22680	2	39.4059	2
812.47555	407.24505	2	59.8969	2
812.48745	407.25100	2	44.0878	2
812.51170	407.26310	2	48.6941	2
814.45440	408.23445	2	33.6822	2
814.45525	408.23490	2	51.2450	2
814.51640	408.26550	2	58.2323	1
815.44025	408.72740	2	37.9497	2
815.46890	408.74170	2	56.2820	2
815.47565	408.74510	2	41.5371	2
815.47775	408.74615	2	45.9344	2
815.49715	408.75585	2	37.1069	2
815.51200	408.76330	2	45.7144	2
816.38345	409.19900	2	51.0074	2
816.44970	409.23215	2	66.0263	2
816.47050	409.24250	2	36.7899	2
817.42960	409.72205	2	33.8755	2
817.45500	409.73480	2	39.7190	1
817.48120	409.74785	2	66.4258	2
818.43280	410.22370	2	42.7340	1
818.44045	410.22750	2	52.4079	2
818.48995	410.25225	2	73.4972	2
819.39115	410.70285	2	34.2882	2
819.41570	410.71515	2	39.4459	2
819.43090	410.72275	2	62.6497	2
820.43270	411.22360	2	38.2382	2
820.46970	411.24210	2	45.1530	2
820.48840	411.25145	2	71.3181	2
821.42855	411.72155	2	40.1490	2
821.44755	411.73105	2	32.6702	2
822.39130	412.20290	2	30.3115	4
822.42355	412.21905	2	36.1111	2
822.42415	412.21935	2	42.0983	2
823.41840	412.71650	2	35.4901	1
823.42660	412.72060	2	54.2315	2
823.44400	412.72930	2	44.4471	1
824.54875	413.28165	2	70.8121	2
826.49090	414.25275	2	41.6410	2
826.49225	414.25340	2	39.0318	2
826.52725	414.27090	2	49.4280	2
826.52760	414.27105	2	69.2826	2
827.48600	414.75030	2	48.4527	1
828.41670	415.21560	2	30.5301	2
828.44540	415.23000	2	39.2404	3
828.44950	415.23200	2	58.7326	1
828.47680	415.24565	2	38.0440	2
828.50760	415.26110	2	50.9373	1
829.45520	415.73490	2	45.3687	1
829.46480	415.73965	2	41.0879	2
829.46525	415.73990	2	33.8073	2
829.49100	415.75280	2	55.3627	3
829.49140	415.75295	2	38.7908	2
829.50220	415.75840	2	35.8675	2
829.50270	415.75860	2	50.1568	2
830.45140	416.23300	2	39.6842	1
831.46985	416.74220	2	48.2833	2
831.46995	416.74225	2	34.4446	2
831.49660	416.75560	2	69.4706	2
831.49680	416.75570	2	61.5796	2
832.39265	417.20360	2	33.6233	2
832.41250	417.21355	2	42.1998	2
833.42785	417.72120	2	44.9994	4
834.43540	418.22500	2	37.3161	2
835.41120	418.71290	2	46.6599	1
835.44445	418.72950	2	42.7121	2
836.39000	419.20230	2	39.7876	1
836.40195	419.20825	2	40.6541	2
836.43975	419.22715	2	56.1914	2
836.44065	419.22760	2	42.9400	2
837.40255	419.70855	2	47.7471	2
837.40520	419.70985	2	53.9267	2
838.41820	420.21640	2	36.6700	2
839.42975	420.72215	2	54.6610	2
840.47040	421.24245	2	42.4238	2
840.54295	421.27875	2	59.2442	2
840.54340	421.27895	2	74.5540	2
841.96345	421.98900	2	40.7880	4
842.42865	422.22160	2	47.5911	2
842.48550	422.25000	2	51.8000	2
842.48695	422.25075	2	41.8481	2
842.48765	422.25110	2	37.7750	2
842.52225	422.26840	2	48.9557	2
842.52225	422.26840	2	70.5724	2
842.53315	422.27385	2	33.6822	2
842.96505	422.48980	2	39.0986	2
843.45130	422.73290	2	38.6752	2
843.45220	422.73340	2	56.2727	1
843.48145	422.74800	2	44.2003	2
843.48190	422.74820	2	46.2694	2
843.54300	422.77880	2	62.8226	2
844.45535	423.23495	2	53.5283	2
844.46590	423.24020	2	34.5655	2
845.46055	423.73755	2	36.7325	2
845.46100	423.73775	2	43.6785	2
845.46450	423.73955	2	66.9131	2
845.48605	423.75030	2	52.3847	2
845.51260	423.76355	2	64.7276	2
845.53735	423.77595	2	75.8993	2
846.39935	424.20695	2	36.3576	2
846.42730	424.22095	2	42.3074	2
846.44845	424.23150	2	60.7209	2
847.42320	424.71890	2	43.2460	2
847.48030	424.74745	2	45.1228	2
848.43925	425.22690	2	41.3524	2
848.43940	425.22700	2	52.7444	2
848.44405	425.22930	2	35.9000	2
849.42040	425.71750	2	46.4780	1
849.44180	425.72815	2	52.2716	2
850.45425	426.23440	2	46.1063	2
850.50205	426.25835	2	38.9474	2
851.40300	426.70875	2	34.7089	2
851.42160	426.71810	2	45.2441	2
851.43875	426.72665	2	36.3881	2
853.36080	427.68770	2	36.1522	2
854.46080	428.23770	2	39.3715	2
855.51790	428.76620	2	51.0466	1
856.43305	429.22380	2	64.0661	2
856.46945	429.24200	2	49.8351	2
856.51210	429.26335	2	48.1418	2
856.51725	429.26590	2	45.3856	2
856.53885	429.27670	2	57.3689	2
857.46170	429.73810	2	39.6770	2
857.46245	429.73850	2	42.0455	2
857.49620	429.75535	2	46.1665	2
857.49715	429.75585	2	54.6259	2
858.45665	430.23560	2	43.8492	2
858.46990	430.24225	2	43.0861	2
858.96295	430.48875	2	37.3296	4
859.43800	430.72630	2	39.4802	1
859.46520	430.73985	2	46.6086	2
859.50200	430.75825	2	65.8781	2
860.42395	431.21925	2	35.4701	2
860.46060	431.23755	2	32.9178	2
861.44430	431.72940	2	44.1691	2
861.47115	431.74285	2	47.3768	2
861.49955	431.75705	2	48.4928	2
861.50730	431.76095	2	75.1579	2
862.38570	432.20010	2	38.8465	1
863.45065	432.73260	2	34.2531	2
863.45070	432.73260	2	49.0702	2
863.45775	432.73615	2	58.4399	2
864.41985	433.21720	2	49.5270	2
864.43450	433.22455	2	52.5631	2
864.46930	433.24190	2	56.1871	1
864.50700	433.26080	2	63.6022	2
865.41490	433.71475	2	39.2332	2
866.41190	434.21320	2	39.9638	1
866.49760	434.25610	2	41.9906	2
867.41620	434.71540	2	49.8048	2
867.43405	434.72430	2	38.5482	2
868.45930	435.23695	2	37.2260	2
868.51310	435.26380	2	31.6827	2
869.49685	435.75570	2	33.7177	2
869.53350	435.77400	2	52.2321	2
869.53390	435.77420	2	59.5194	2
869.55830	435.78640	2	66.6255	2
870.43730	436.22590	2	33.1381	1
870.44900	436.23175	2	54.1817	2
870.48115	436.24785	2	42.5367	2
870.51755	436.26605	2	57.7369	2
870.55365	436.28410	2	50.6495	2
871.44455	436.72955	2	37.7094	2
871.45105	436.73280	2	40.3246	2
871.53830	436.77645	2	59.1275	2
872.47505	437.24480	2	39.1659	2
872.49590	437.25520	2	55.7494	1
872.49650	437.25550	2	41.6772	2
872.50885	437.26170	2	36.0546	2
872.51525	437.26490	2	63.4855	2
873.47335	437.74395	2	50.3542	2
873.48030	437.74745	2	48.3173	2
873.49610	437.75535	2	67.1261	2
874.43305	438.22380	2	44.3529	2
874.44700	438.23080	2	32.3639	1
874.45815	438.23635	2	49.6424	2
874.46665	438.24060	2	42.4504	2
874.47070	438.24260	2	35.0154	1
875.49000	438.75230	2	29.3409	1
875.52250	438.76850	2	49.8882	2
875.52295	438.76875	2	60.6912	2
876.41285	439.21370	2	38.7663	2
876.43750	439.22600	2	47.8506	2
876.43840	439.22650	2	68.2237	1
876.48110	439.24780	2	53.6781	1
876.49555	439.25505	2	67.5451	2
877.42940	439.72200	2	42.9240	2
877.45470	439.73460	2	64.9765	1
877.45515	439.73485	2	36.6650	2
877.46630	439.74045	2	44.6637	2
877.46650	439.74055	2	49.4727	2
877.46685	439.74070	2	42.1626	2
877.50995	439.76225	2	69.6412	2
878.48610	440.25035	2	50.0338	2
878.48620	440.25040	2	54.3466	2
879.39655	440.70555	2	33.9705	2
879.39820	440.70640	2	41.4654	1
879.41900	440.71680	2	39.8119	1
879.42720	440.72090	2	45.4076	1
879.51730	440.76590	2	44.9185	1
880.41430	441.21440	2	38.2091	1
880.42915	441.22185	2	42.9768	2
880.54940	441.28200	2	53.1663	2
881.41410	441.71430	2	38.2637	1
881.51590	441.76525	2	54.9567	2
881.55740	441.78600	2	63.3371	1
882.48160	442.24810	2	35.7122	1
882.52880	442.27170	2	38.6391	2
883.41800	442.71630	2	45.0356	1
883.53825	442.77640	2	58.3909	2
883.53850	442.77650	2	50.8943	1
883.56025	442.78740	2	38.4497	2
884.44025	443.22740	2	43.7616	2
884.54390	443.27925	2	53.9732	2
884.56980	443.29220	2	73.7548	1
884.57125	443.29290	2	58.9691	2
885.49200	443.75330	2	51.1483	2
885.55350	443.78405	2	64.6700	2
886.40790	444.21120	2	53.1549	1
886.48655	444.25055	2	42.0530	2
886.51230	444.26340	2	47.9585	1
886.51270	444.26360	2	47.6766	1
886.52040	444.26750	2	40.5286	1
887.46010	444.73730	2	35.8041	2
887.53240	444.77350	2	57.8262	2
888.44560	445.23010	2	53.2724	1
888.51025	445.26240	2	53.7174	2
889.45895	445.73675	2	50.7454	2
889.46540	445.74000	2	48.0744	2
889.47695	445.74575	2	40.9351	2
889.48465	445.74960	2	69.9515	2
891.44495	446.72980	2	49.2691	2
891.44920	446.73190	2	46.2295	2
891.48105	446.74780	2	62.6546	2
891.50655	446.76055	2	66.1331	2
892.44050	447.22755	2	39.7605	2
892.48410	447.24930	2	76.5936	2
893.45940	447.73695	2	45.5346	6
893.46270	447.73860	2	40.8476	3
893.60605	447.81030	2	75.4012	2
894.45560	448.23510	2	33.6283	2
895.44735	448.73095	2	59.4825	2
895.46550	448.74000	2	40.8907	1
896.41830	449.21640	2	37.3972	1
896.53360	449.27410	2	54.4880	2
897.40460	449.70955	2	66.3728	2
897.50300	449.75875	2	33.2656	2
898.40800	450.21130	2	65.9028	2
898.42100	450.21780	2	41.8122	1
898.47930	450.24695	2	57.5469	2
898.48650	450.25055	2	34.7437	2
898.49110	450.25285	2	44.1764	2
898.54820	450.28140	2	66.6330	2
898.55975	450.28715	2	54.9732	2
899.43835	450.72645	2	53.3936	2
899.45060	450.73260	2	40.3806	2
899.50790	450.76120	2	55.7327	2
899.51530	450.76495	2	59.9593	2
899.54490	450.77970	2	32.5951	1
900.46420	451.23935	2	41.0096	2
900.49215	451.25335	2	52.5013	2
900.49270	451.25360	2	40.7982	2
900.50305	451.25880	2	50.4123	2
900.53950	451.27705	2	43.5318	2
901.41155	451.71305	2	49.0445	2
901.43355	451.72405	2	38.8538	2
901.47615	451.74535	2	58.3099	2
901.48600	451.75030	2	33.0572	2
901.48660	451.75060	2	46.5471	2
901.52415	451.76935	2	42.1390	2
902.41345	452.21405	2	47.7106	2
902.48040	452.24750	2	39.2408	2
902.50690	452.26070	2	46.0059	1
903.44810	452.73130	2	37.7170	2
903.48130	452.74795	2	52.8119	2
903.52800	452.77125	2	41.8293	2
903.54280	452.77865	2	68.7284	2
904.44260	453.22860	2	30.5801	2
904.53850	453.27650	2	62.9073	2
905.45275	453.73365	2	65.3453	2
905.45280	453.73370	2	43.5833	1
905.45300	453.73380	2	43.5541	1
905.46150	453.73810	2	31.7979	1
906.46745	454.24100	2	31.7292	2
906.51725	454.26590	2	48.0509	2
907.45175	454.73315	2	36.7222	2
907.50090	454.75770	2	48.5045	1
908.00410	455.00930	2	54.6798	4
908.56935	455.29195	2	56.8141	2
909.42655	455.72055	2	55.1191	2
909.45570	455.73520	2	39.6416	1
911.38085	456.69770	2	33.3941	2
911.47570	456.74510	2	60.3942	2
911.48985	456.75220	2	42.7797	2
911.58045	456.79750	2	57.8629	2
912.49110	457.25280	2	46.2521	1
912.54770	457.28110	2	42.1456	1
912.56215	457.28835	2	45.2962	2
912.56520	457.28990	2	64.0597	2
913.42990	457.72220	2	48.5633	1
913.44845	457.73150	2	41.2134	2
913.47340	457.74400	2	71.1426	2
913.48755	457.75105	2	47.2966	2
913.50905	457.76180	2	32.5050	2
913.54820	457.78135	2	53.6223	2
913.55990	457.78725	2	38.7030	2
913.59595	457.80525	2	40.0046	2
914.50770	458.26115	2	40.5331	2
914.51775	458.26615	2	45.9637	2
915.44725	458.73090	2	36.4267	2
915.47110	458.74285	2	35.9568	2
915.50190	458.75820	2	41.1765	1
915.50550	458.76005	2	31.8504	2
915.52065	458.76760	2	49.6500	2
915.53895	458.77675	2	34.6167	2
916.48580	459.25020	2	40.9396	2
916.49785	459.25620	2	37.1597	2
917.46340	459.73900	2	53.8571	1
917.46540	459.74000	2	34.1091	2
917.48110	459.74785	2	39.8515	2
917.48115	459.74785	2	37.7925	2
918.48410	460.24930	2	53.2735	2
918.49210	460.25335	2	63.9521	2
918.49220	460.25340	2	50.2440	2
918.51670	460.26565	2	62.8528	2
918.51795	460.26625	2	56.7032	2
919.40625	460.71040	2	32.5100	2
919.40750	460.71105	2	61.2473	2
919.44370	460.72915	2	47.4701	2
919.47240	460.74345	2	52.3792	2
919.50770	460.76115	2	52.5489	2
919.51235	460.76345	2	46.7061	2
919.51240	460.76350	2	43.4107	1
919.51575	460.76515	2	57.1148	2
919.52200	460.76825	2	64.4755	2
920.49740	461.25595	2	46.8416	2
920.50735	461.26095	2	41.2186	2
921.44495	461.72975	2	40.3636	2
921.44600	461.73030	2	36.9616	3
921.45540	461.73500	2	40.1393	1
921.55300	461.78380	2	61.4602	2
922.43900	462.22680	2	49.5613	2
922.45140	462.23300	2	37.9715	1
923.43540	462.72495	2	43.5098	2
923.47265	462.74360	2	40.5063	2
923.49345	462.75400	2	50.3047	2
924.43775	463.22615	2	48.0509	2
924.53895	463.27675	2	52.3477	2
924.56410	463.28930	2	55.1780	2
925.45120	463.73290	2	43.9353	1
925.46920	463.74190	2	79.0764	1
925.49755	463.75605	2	43.1228	2
926.51845	464.26650	2	38.6065	2
926.58035	464.29745	2	60.0686	2
926.59155	464.30305	2	61.2170	2
927.37260	464.69360	2	28.8108	1
927.44505	464.72980	2	46.4936	2
927.56345	464.78900	2	82.7947	2
928.45425	465.23445	2	50.4963	2
928.52255	465.26855	2	51.3634	2
928.53435	465.27445	2	49.7282	2
928.55945	465.28700	2	62.4445	2
928.55975	465.28715	2	56.7333	2
929.48075	465.74765	2	36.5058	2
929.50685	465.76070	2	54.6811	2
929.51285	465.76370	2	48.2548	2
929.51785	465.76620	2	35.6632	2
929.51810	465.76630	2	42.5952	2
929.51830	465.76640	2	40.5646	2
930.42355	466.21905	2	60.6650	2
930.44110	466.22780	2	32.1758	1
930.46585	466.24020	2	34.6963	2
930.51745	466.26600	2	64.4442	2
930.53860	466.27655	2	37.5799	2
931.47015	466.74235	2	35.5069	2
931.48615	466.75040	2	48.6650	2
931.50210	466.75835	2	55.6123	2
931.51245	466.76350	2	57.6013	2
931.53415	466.77435	2	67.4904	2
932.44480	467.22970	2	32.6115	1
932.46400	467.23930	2	38.4570	2
932.54435	467.27945	2	41.7684	2
933.45620	467.73540	2	36.8248	1
933.46555	467.74005	2	50.9472	2
933.48525	467.74990	2	51.3113	2
933.50330	467.75895	2	52.1439	2
933.52895	467.77175	2	56.0548	2
933.53995	467.77725	2	32.2828	2
934.41450	468.21460	2	39.6455	2
934.45115	468.23285	2	38.9351	2
934.48415	468.24935	2	42.4630	2
934.48715	468.25085	2	54.8018	2
934.48750	468.25100	2	32.8550	2
934.51245	468.26350	2	58.0978	2
934.52385	468.26920	2	59.2469	2
935.47030	468.74245	2	44.7730	2
935.48910	468.75180	2	61.4815	2
937.41455	469.71455	2	34.0953	2
937.48745	469.75100	2	40.3318	2
937.51170	469.76310	2	57.4055	2
938.43415	470.22435	2	37.3086	2
939.43055	470.72255	2	62.0236	2
939.46150	470.73810	2	32.1164	1
939.48120	470.74790	2	80.1170	2
939.51425	470.76440	2	31.6902	2
939.54990	470.78220	2	55.5593	2
939.56415	470.78935	2	80.6037	2
940.44375	471.22915	2	44.8665	2
940.52700	471.27075	2	61.7485	2
940.53480	471.27470	2	34.0541	1
941.43445	471.72450	2	38.0934	2
941.46385	471.73920	2	49.7612	2
941.56640	471.79045	2	61.5788	2
941.57950	471.79705	2	66.3931	2
941.60600	471.81030	2	79.2038	2
942.50245	472.25850	2	35.5583	2
942.51350	472.26405	2	47.9904	2
942.51360	472.26410	2	43.2263	1
943.44800	472.73125	2	60.8185	2
943.46345	472.73900	2	35.3128	2
943.48795	472.75125	2	43.4097	2
943.49770	472.75615	2	35.1499	2
943.53455	472.77455	2	46.1767	2
944.42405	473.21930	2	36.9723	2
944.43120	473.22290	2	63.2573	2
944.49280	473.25370	2	42.7982	2
944.51070	473.26260	2	63.6858	1
944.51750	473.26600	2	52.2253	1
944.51795	473.26625	2	45.1348	2
944.51815	473.26635	2	47.7985	2
944.52040	473.26750	2	62.4119	1
944.52060	473.26760	2	62.3826	1
944.52920	473.27190	2	49.2444	2
944.55445	473.28450	2	54.3694	2
945.46040	473.73745	2	76.9245	2
945.51240	473.76345	2	40.3002	2
945.54980	473.78215	2	58.4140	2
946.50870	474.26160	2	36.6008	2
946.51320	474.26390	2	45.7484	2
946.52750	474.27100	2	69.3337	1
946.53430	474.27440	2	37.5695	2
946.54930	474.28195	2	74.0416	2
947.43450	474.72450	2	37.4825	2
947.48250	474.74850	2	41.2643	1
947.48545	474.75000	2	41.8267	2
947.51535	474.76500	2	71.1507	2
948.46645	475.24050	2	52.6140	2
948.46690	475.24075	2	43.9950	2
949.42970	475.72210	2	33.5865	1
949.48490	475.74975	2	39.1178	2
949.48640	475.75050	2	53.9192	2
949.52440	475.76950	2	39.7239	1
949.52715	475.77085	2	79.4167	2
950.45365	476.23410	2	49.9549	2
950.48215	476.24835	2	46.5802	2
950.48215	476.24835	2	48.8725	2
950.48615	476.25035	2	73.3443	2
950.50125	476.25790	2	59.1542	2
950.50705	476.26080	2	51.4179	2
951.49050	476.75250	2	59.8558	1
952.44985	477.23220	2	46.9420	2
952.45025	477.23240	2	42.6684	2
952.46900	477.24180	2	50.5946	2
952.53480	477.27470	2	41.8482	2
954.44460	478.22960	2	52.1799	2
955.53370	478.77415	2	62.6137	2
955.57095	478.79275	2	60.8765	2
956.50400	479.25925	2	37.9731	2
956.51875	479.26665	2	36.3401	2
956.52905	479.27180	2	46.7061	2
956.52905	479.27180	2	53.1014	2
956.53010	479.27235	2	43.8211	2
956.53665	479.27560	2	66.0791	2
956.57910	479.29680	2	77.4424	2
957.48825	479.75140	2	33.7680	4
957.51360	479.76410	2	43.6453	2
957.52570	479.77010	2	40.5576	1
957.53085	479.77270	2	48.3173	2
957.53610	479.77530	2	31.2287	1
957.56035	479.78745	2	48.0834	2
957.59720	479.80590	2	47.2915	2
958.48775	480.25115	2	56.1351	2
958.50700	480.26080	2	48.4809	1
958.50720	480.26090	2	52.4449	2
958.51035	480.26245	2	56.4463	2
959.50750	480.76105	2	40.6204	2
959.53090	480.77275	2	42.3256	2
959.53320	480.77390	2	68.7879	2
959.55485	480.78470	2	57.6928	2
960.44970	481.23215	2	34.6491	2
960.46190	481.23825	2	30.8648	2
960.47580	481.24520	2	41.5612	2
960.50275	481.25865	2	46.4003	2
960.51305	481.26380	2	38.8208	2
960.53150	481.27300	2	57.2272	2
960.53915	481.27685	2	61.1579	2
961.45410	481.73430	2	33.5437	1
961.50885	481.76170	2	41.1283	2
962.47375	482.24420	2	45.3930	2
962.47395	482.24425	2	47.5367	2
962.50595	482.26025	2	62.1766	2
962.51820	482.26640	2	55.2628	2
962.53855	482.27655	2	86.0839	2
962.54670	482.28070	2	62.0755	1
963.44590	482.73025	2	54.2066	2
963.50195	482.75830	2	39.7606	2
963.50590	482.76020	2	33.8491	2
963.55460	482.78455	2	74.6191	2
964.46215	483.23835	2	37.6587	2
964.47960	483.24710	2	69.0474	2
964.49750	483.25605	2	42.5735	2
964.52275	483.26865	2	53.8555	2
965.44490	483.72975	2	40.9939	2
965.44610	483.73030	2	34.3643	3
965.45980	483.73715	2	37.2104	2
965.48230	483.74840	2	60.4155	2
965.62725	483.82090	2	82.4554	2
966.46615	484.24035	2	41.3271	2
966.46640	484.24045	2	36.0213	2
966.46905	484.24180	2	44.1813	2
966.49290	484.25370	2	75.0397	1
966.50660	484.26060	2	44.3044	1
966.52460	484.26955	2	46.6214	2
967.47935	484.74695	2	57.6582	2
967.52445	484.76950	2	47.3227	2
967.54510	484.77980	2	36.2750	2
967.58165	484.79810	2	56.4001	2
968.44435	485.22945	2	39.7681	2
968.52805	485.27130	2	36.7948	2
968.52860	485.27160	2	48.7915	2
969.43090	485.72275	2	39.1035	2
969.48020	485.74740	2	64.6963	2
969.48130	485.74790	2	75.6773	1
969.48790	485.75120	2	39.8793	2
969.52580	485.77015	2	50.1473	2
969.54870	485.78160	2	40.8837	2
969.56080	485.78770	2	52.5782	2
969.58570	485.80010	2	68.6139	2
969.58680	485.80070	2	63.7466	2
970.48685	486.25070	2	54.2866	2
970.52390	486.26920	2	40.4701	1
970.54385	486.27920	2	55.6223	2
970.58045	486.29750	2	32.6328	2
970.58085	486.29770	2	70.3083	2
970.58100	486.29775	2	44.7912	2
971.50540	486.76000	2	30.8253	2
971.51480	486.76470	2	27.1457	1
971.52835	486.77145	2	48.4566	2
971.52885	486.77170	2	58.4707	2
971.52995	486.77225	2	35.3711	2
971.55380	486.78420	2	57.3165	2
971.56500	486.78980	2	43.7574	1
971.56510	486.78985	2	33.0231	2
972.46660	487.24060	2	32.7634	2
972.57140	487.29295	2	34.5009	2
973.50770	487.76115	2	41.5953	2
973.54330	487.77890	2	33.3029	2
974.50335	488.25895	2	37.4900	2
974.51920	488.26690	2	58.6430	2
974.53900	488.27675	2	41.4107	2
975.47395	488.74430	2	45.0399	2
975.48780	488.75120	2	28.5441	1
975.50270	488.75860	2	52.1394	1
975.53840	488.77650	2	64.5298	2
976.49690	489.25570	2	57.8019	2
976.50890	489.26175	2	47.6538	2
976.54485	489.27970	2	40.6539	2
977.44425	489.72940	2	46.7516	2
977.48135	489.74795	2	45.1866	2
977.48160	489.74805	2	60.3575	2
977.49375	489.75415	2	51.5674	2
977.51815	489.76635	2	51.8573	2
978.46560	490.24010	2	45.5354	1
978.50185	490.25820	2	59.8091	2
979.44980	490.73215	2	66.0212	2
979.46140	490.73800	2	38.1636	2
979.49695	490.75580	2	52.1751	2
979.56985	490.79220	2	39.8217	2
979.57070	490.79260	2	55.8391	1
980.45620	491.23540	2	36.3325	2
980.49620	491.25540	2	51.9698	2
981.52505	491.76980	2	29.1722	2
981.59635	491.80545	2	40.8198	2
982.05225	492.03340	2	39.9952	2
982.45985	492.23720	2	32.9863	2
982.47380	492.24420	2	41.5828	2
982.51930	492.26690	2	37.6487	2
983.47440	492.74450	2	48.1606	2
983.50430	492.75945	2	41.9425	2
983.57645	492.79550	2	63.9322	2
983.58410	492.79935	2	71.3284	2
983.58850	492.80150	2	43.9273	2
983.60135	492.80795	2	57.7470	2
984.43805	493.22630	2	33.4017	2
984.45605	493.23530	2	51.2353	2
984.49290	493.25375	2	51.5052	2
984.63340	493.32395	2	49.9186	2
985.50170	493.75815	2	45.0717	2
985.50200	493.75830	2	44.1698	1
985.53790	493.77625	2	46.0387	2
985.55435	493.78445	2	42.8611	2
986.48965	494.25210	2	67.3052	2
987.49930	494.75695	2	30.6629	2
987.52365	494.76910	2	44.4640	2
987.57135	494.79295	2	58.9501	2
987.60050	494.80750	2	79.5959	1
988.48250	495.24850	2	37.6056	2
988.50170	495.25810	2	64.3804	1
988.50600	495.26030	2	45.0015	1
988.50730	495.26095	2	52.7591	2
988.51960	495.26710	2	42.3435	3
988.54365	495.27910	2	47.0970	2
988.58135	495.29795	2	50.4467	2
989.47710	495.74585	2	32.4030	2
989.55400	495.78430	2	48.1633	2
989.55465	495.78460	2	58.4231	2
989.57530	495.79490	2	65.0773	1
990.45860	496.23655	2	36.4831	2
990.47390	496.24425	2	45.6797	2
990.50700	496.26080	2	60.2386	3
990.51450	496.26450	2	42.1745	1
990.55015	496.28235	2	72.7610	2
991.38605	496.70030	2	33.4679	2
991.50880	496.76170	2	67.1032	2
991.50930	496.76190	2	60.3225	1
991.54525	496.77990	2	69.0153	2
991.57050	496.79250	2	61.0422	2
992.48465	497.24960	2	56.2166	2
992.51570	497.26510	2	41.4956	1
992.53210	497.27335	2	80.8796	2
992.55475	497.28465	2	68.6096	2
992.60155	497.30805	2	70.5344	2
993.44035	497.72745	2	42.3024	2
993.45210	497.73330	2	39.8268	2
993.51315	497.76385	2	52.9959	2
993.54975	497.78215	2	64.2718	2
994.40245	498.20850	2	34.1529	2
994.43900	498.22680	2	36.0596	2
994.45345	498.23400	2	35.1307	2
994.47175	498.24315	2	52.7931	2
994.49735	498.25595	2	48.9261	2
994.50840	498.26145	2	47.4099	2
994.50895	498.26175	2	31.3151	2
994.51585	498.26520	2	72.8452	2
994.54495	498.27975	2	34.3277	2
994.60520	498.30985	2	73.8297	2
994.65315	498.33385	2	46.0566	2
995.49220	498.75335	2	43.0936	2
996.49650	499.25550	2	37.4272	1
996.53195	499.27325	2	68.2715	2
996.57210	499.29330	2	44.9789	2
997.46950	499.74200	2	60.0827	1
997.58145	499.79800	2	38.5863	2
998.58730	500.30090	2	40.3961	2
999.48230	500.74845	2	31.1010	2
999.53435	500.77445	2	42.1108	2
999.53520	500.77485	2	29.2289	2
999.57170	500.79315	2	31.6142	2
1000.49390	501.25425	2	35.4162	2
1000.55545	501.28500	2	85.9684	8
1000.56685	501.29070	2	48.8415	2
1000.59235	501.30345	2	62.2449	2
1001.51485	501.76475	2	43.7070	2
1001.55465	501.78460	2	67.1531	2
1001.56110	501.78785	2	33.1513	2
1001.58695	501.80075	2	47.6359	2
1002.47200	502.24330	2	33.6896	2
1002.48330	502.24890	2	38.4042	2
1002.48655	502.25055	2	41.1205	2
1002.52760	502.27110	2	37.0604	1
1002.54650	502.28055	2	32.5387	2
1002.55955	502.28705	2	35.9672	2
1003.51220	502.76340	2	49.1824	1
1003.51910	502.76685	2	44.0583	2
1003.52490	502.76975	2	34.8031	2
1003.57065	502.79260	2	77.6260	2
1004.44700	503.23080	2	34.3384	1
1004.54040	503.27745	2	47.9195	2
1004.56605	503.29030	2	42.7669	2
1005.46910	503.74185	2	48.8977	2
1005.48115	503.74785	2	37.5256	2
1005.49220	503.75340	2	29.4074	1
1005.51270	503.76360	2	54.6191	1
1005.53155	503.77310	2	68.5038	2
1005.53605	503.77530	2	35.3845	2
1006.45240	504.23350	2	31.5253	1
1006.47175	504.24315	2	41.3200	2
1006.49940	504.25695	2	53.9031	2
1007.45650	504.73555	2	38.1840	2
1007.46810	504.74130	2	40.7137	2
1007.47540	504.74500	2	51.2127	2
1007.50370	504.75910	2	43.4526	2
1007.52265	504.76860	2	64.7828	2
1007.52840	504.77150	2	43.1492	2
1007.53945	504.77700	2	55.7887	2
1007.54425	504.77940	2	68.1287	2
1007.67410	504.84435	2	72.6366	2
1008.47705	505.24580	2	50.2389	2
1008.51200	505.26330	2	60.7359	1
1008.51855	505.26655	2	51.1205	2
1009.44735	505.73095	2	41.9036	2
1009.46120	505.73790	2	44.7128	1
1009.51905	505.76680	2	35.7171	2
1009.54810	505.78135	2	87.7352	2
1010.45255	506.23355	2	38.3938	2
1010.50925	506.26190	2	63.2437	2
1010.51070	506.26260	2	62.3775	1
1010.57490	506.29470	2	68.3843	2
1011.52400	506.76930	2	36.2028	2
1011.53515	506.77485	2	44.9518	2
1011.54655	506.78055	2	42.4287	2
1011.57170	506.79315	2	52.3239	2
1011.60765	506.81110	2	67.4376	2
1012.48735	507.25095	2	58.9212	2
1012.57120	507.29285	2	58.3072	2
1012.57340	507.29400	2	89.1686	5
1012.58180	507.29815	2	60.4748	2
1012.60335	507.30895	2	38.6114	2
1012.63920	507.32690	2	49.2110	2
1013.53965	507.77710	2	43.5686	2
1013.55455	507.78455	2	65.2028	2
1013.56190	507.78825	2	37.2773	2
1013.58690	507.80070	2	63.8940	1
1013.62380	507.81920	2	66.6820	2
1014.53410	508.27430	2	42.7170	2
1014.53425	508.27440	2	37.8863	2
1014.57090	508.29270	2	37.0962	2
1014.57220	508.29335	2	45.9342	2
1015.49305	508.75380	2	39.3499	2
1015.54390	508.77930	2	88.8679	1
1015.58440	508.79945	2	70.9332	2
1015.59170	508.80310	2	65.5464	2
1016.45995	509.23725	2	36.4472	2
1016.53260	509.27360	2	48.4049	2
1016.54790	509.28125	2	49.1254	2
1017.47345	509.74400	2	41.2398	2
1017.51770	509.76615	2	77.0206	2
1017.53470	509.77465	2	38.5124	2
1017.57285	509.79370	2	40.3857	2
1017.60835	509.81145	2	65.4404	2
1017.62210	509.81830	2	66.2191	1
1018.53290	510.27370	2	57.9975	1
1018.54495	510.27975	2	39.7040	2
1019.42040	510.71750	2	43.2063	2
1019.50350	510.75900	2	42.6559	2
1019.53985	510.77720	2	53.8913	2
1019.54045	510.77750	2	34.8295	2
1019.54660	510.78055	2	66.7127	2
1019.55315	510.78385	2	47.4400	2
1020.52360	511.26905	2	49.3023	2
1020.52780	511.27120	2	88.2541	7
1020.53365	511.27410	2	54.5456	2
1021.43900	511.72680	2	37.4371	2
1021.44945	511.73200	2	33.8414	2
1021.49440	511.75450	2	29.9088	1
1021.51170	511.76310	2	43.2601	2
1021.54545	511.78000	2	60.3265	2
1021.60305	511.80880	2	52.0033	2
1022.50325	512.25890	2	53.2108	2
1022.51120	512.26285	2	77.0692	2
1023.48685	512.75070	2	37.6790	2
1023.60815	512.81135	2	68.0029	2
1024.37450	513.19455	2	41.7340	2
1024.48975	513.25215	2	59.1937	2
1024.60340	513.30895	2	52.3749	2
1025.45520	513.73490	2	38.1793	1
1025.50310	513.75880	2	40.4479	2
1025.55100	513.78275	2	34.9092	2
1025.60255	513.80855	2	49.0122	2
1026.44540	514.23000	2	41.9729	2
1027.56610	514.79035	2	35.8999	2
1027.58210	514.79835	2	74.3786	2
1027.59110	514.80280	2	58.5447	1
1027.60260	514.80855	2	68.6702	2
1028.56105	515.28780	2	42.7967	2
1029.47665	515.74560	2	41.5295	2
1029.47690	515.74575	2	56.4182	2
1029.53950	515.77705	2	52.0610	2
1029.54115	515.77785	2	36.8766	2
1029.55700	515.78580	2	29.7374	2
1029.57605	515.79530	2	46.3877	2
1029.58235	515.79845	2	36.2648	2
1030.53090	516.27275	2	34.9627	2
1030.59095	516.30275	2	78.7687	2
1030.60620	516.31040	2	75.4935	2
1031.46330	516.73890	2	63.8633	2
1031.50295	516.75875	2	41.1561	2
1031.50695	516.76075	2	49.0100	2
1031.54535	516.77995	2	51.3844	2
1031.58630	516.80040	2	56.5596	2
1031.58700	516.80080	2	61.8089	1
1032.49835	517.25645	2	41.5876	2
1032.53480	517.27470	2	48.6355	2
1032.56120	517.28790	2	55.0296	1
1032.59705	517.30580	2	73.4027	2
1033.56620	517.79040	2	42.6870	2
1033.58095	517.79775	2	82.0090	2
1033.61715	517.81585	2	69.5374	2
1034.52125	518.26790	2	64.5013	2
1034.56510	518.28980	2	61.9004	1
1035.48800	518.75130	2	60.7816	2
1035.56045	518.78750	2	60.1576	2
1036.51840	519.26650	2	41.1054	1
1036.51895	519.26675	2	42.9953	2
1036.53345	519.27400	2	71.1786	2
1036.53705	519.27580	2	67.4861	2
1036.55570	519.28510	2	63.0488	2
1037.50680	519.76070	2	33.4286	2
1037.62325	519.81890	2	54.4029	2
1037.64880	519.83165	2	70.8120	2
1038.48035	520.24745	2	46.7033	2
1038.54740	520.28095	2	34.4445	2
1039.46465	520.73960	2	47.5033	2
1039.49770	520.75615	2	52.0059	2
1039.56570	520.79015	2	45.7214	2
1039.56600	520.79030	2	47.7634	2
1040.46890	521.24170	2	40.7668	2
1040.49615	521.25535	2	41.4427	2
1040.54975	521.28215	2	53.7761	2
1040.56940	521.29200	2	49.7026	2
1040.59825	521.30640	2	56.5439	2
1040.62280	521.31865	2	73.6093	2
1040.66000	521.33730	2	59.5144	2
1041.44000	521.72725	2	45.0134	2
1041.45505	521.73480	2	35.2962	2
1041.53130	521.77290	2	49.8981	2
1042.51660	522.26560	2	64.1445	2
1042.53000	522.27230	2	37.0758	2
1042.55565	522.28510	2	53.1873	2
1043.54365	522.77910	2	48.3970	2
1043.55065	522.78260	2	78.6496	2
1043.56135	522.78795	2	36.0776	2
1043.56185	522.78820	2	33.1070	2
1043.60280	522.80865	2	63.2244	2
1044.51960	523.26705	2	44.5451	2
1044.53885	523.27670	2	65.7268	2
1044.55700	523.28575	2	43.0619	2
1044.56115	523.28785	2	57.9190	2
1045.51265	523.76360	2	56.7333	2
1045.53270	523.77360	2	46.4352	1
1045.53990	523.77720	2	44.2411	1
1045.54010	523.77730	2	30.6578	2
1045.54025	523.77740	2	32.8939	2
1045.55895	523.78675	2	62.9691	2
1045.60230	523.80845	2	60.1241	2
1046.52430	524.26940	2	35.1963	2
1046.58785	524.30120	2	37.7068	2
1046.59675	524.30565	2	49.1629	2
1047.52750	524.77100	2	59.5428	2
1047.56350	524.78905	2	59.1860	2
1048.47925	525.24690	2	34.7188	2
1048.56060	525.28760	2	31.2845	2
1049.52550	525.77005	2	50.4438	2
1049.53440	525.77450	2	39.6992	1
1049.56200	525.78830	2	37.0502	3
1050.50990	526.26220	2	45.6998	2
1050.51800	526.26630	2	55.9604	1
1050.53440	526.27450	2	47.8814	2
1050.55735	526.28595	2	30.9438	2
1050.57170	526.29315	2	61.8229	2
1050.59625	526.30540	2	68.1854	2
1051.49395	526.75425	2	36.4882	2
1052.46340	527.23895	2	57.2298	2
1052.55250	527.28350	2	54.3654	1
1053.61825	527.81640	2	55.5841	2
1054.49670	528.25565	2	68.4169	2
1054.53470	528.27465	2	74.6460	2
1054.54105	528.27780	2	31.3406	2
1054.60050	528.30750	2	51.4632	1
1054.60260	528.30860	2	56.6334	2
1055.42305	528.71880	2	47.0269	2
1055.49220	528.75335	2	44.2851	2
1055.58580	528.80015	2	67.3740	2
1055.58630	528.80045	2	63.4558	2
1056.53205	529.27330	2	76.7521	2
1056.58155	529.29805	2	54.5427	2
1056.59235	529.30345	2	52.4637	2
1057.49825	529.75640	2	37.6512	2
1057.50750	529.76105	2	43.3904	2
1057.57675	529.79565	2	44.0289	2
1057.57690	529.79570	2	35.4474	2
1057.61860	529.81655	2	37.3314	2
1057.63850	529.82650	2	77.5610	2
1058.08000	530.04725	2	45.6551	4
1058.49275	530.25365	2	50.1488	2
1058.54400	530.27925	2	78.2066	2
1058.55780	530.28615	2	71.7969	2
1058.59430	530.30445	2	39.2572	2
1059.50940	530.76200	2	42.9240	2
1059.53950	530.77700	2	55.0382	2
1059.60120	530.80790	2	56.4563	2
1060.47550	531.24500	2	33.0862	2
1060.52320	531.26890	2	74.0060	2
1060.57350	531.29400	2	65.1074	1
1060.61695	531.31575	2	82.8918	2
1061.55070	531.78260	2	44.3214	2
1061.57630	531.79545	2	74.4385	2
1062.52330	532.26890	2	77.5689	2
1062.53550	532.27505	2	56.0772	2
1062.57070	532.29265	2	59.8968	2
1062.58290	532.29875	2	55.7041	2
1063.52945	532.77200	2	43.4721	2
1063.54130	532.77790	2	45.7787	2
1064.52640	533.27050	2	38.3292	3
1064.58710	533.30085	2	50.6312	2
1064.63450	533.32455	2	53.9756	2
1065.44750	533.73100	2	46.1113	2
1065.55320	533.78390	2	77.8899	1
1065.55340	533.78395	2	60.8952	2
1065.56200	533.78830	2	69.2749	1
1066.45730	534.23595	2	53.3385	2
1066.46780	534.24115	2	31.3821	2
1066.50490	534.25975	2	29.9257	2
1066.50890	534.26175	2	32.2542	2
1066.51840	534.26650	2	55.8775	2
1067.51330	534.76390	2	45.0350	2
1067.57180	534.79315	2	52.0929	2
1068.55045	535.28250	2	36.1521	2
1068.55975	535.28715	2	63.4234	2
1068.57995	535.29725	2	59.6670	2
1068.59260	535.30355	2	56.5097	2
1068.65375	535.33415	2	44.8062	2
1070.60735	536.31095	2	73.8681	2
1070.61970	536.31715	2	40.1881	2
1070.63465	536.32460	2	68.6422	2
1070.65900	536.33680	2	75.6874	2
1071.41770	536.71615	2	39.1351	2
1071.56680	536.79065	2	48.5678	2
1071.58130	536.79790	2	65.8357	1
1071.59265	536.80360	2	53.2221	2
1072.52890	537.27175	2	47.0625	2
1072.57335	537.29395	2	73.0087	2
1072.59550	537.30500	2	38.3115	2
1072.61285	537.31370	2	40.4403	2
1073.49940	537.75700	2	44.1122	2
1073.51815	537.76635	2	53.7387	2
1073.52330	537.76890	2	33.4066	2
1073.58735	537.80095	2	43.2115	2
1073.59115	537.80285	2	58.5542	2
1073.60940	537.81195	2	86.0152	2
1073.65935	537.83695	2	62.8577	2
1074.54535	538.27995	2	42.6610	2
1074.55245	538.28350	2	52.7323	2
1074.57135	538.29295	2	59.2100	2
1075.47840	538.74650	2	32.6976	2
1075.53385	538.77420	2	65.2933	2
1075.59215	538.80335	2	70.0523	2
1075.61250	538.81350	2	57.0749	2
1075.62820	538.82140	2	66.9726	2
1076.46080	539.23770	2	50.8461	1
1076.51410	539.26435	2	48.7759	2
1076.52490	539.26975	2	32.2646	2
1076.56020	539.28740	2	37.0346	1
1076.56035	539.28745	2	53.5624	2
1076.57260	539.29360	2	41.9997	2
1078.47200	540.24325	2	34.2935	2
1078.50380	540.25920	2	40.0638	2
1081.55480	541.78470	2	69.0112	1
1081.62395	541.81925	2	59.2761	2
1082.53205	542.27330	2	54.1284	2
1082.55555	542.28505	2	81.5734	2
1082.64510	542.32985	2	54.3951	2
1084.48675	543.25065	2	37.5850	2
1084.51970	543.26710	2	73.1593	2
1084.54540	543.28000	2	26.7827	1
1084.56930	543.29190	2	44.7322	2
1084.57105	543.29280	2	88.4510	2
1084.57175	543.29315	2	93.2726	2
1084.63775	543.32615	2	78.1453	2
1084.66060	543.33760	2	54.9161	2
1085.60855	543.81155	2	50.7320	2
1085.60900	543.81180	2	53.7369	1
1085.61315	543.81385	2	42.8031	2
1085.62360	543.81905	2	74.3215	2
1085.64365	543.82910	2	66.6209	2
1086.06410	544.03935	2	49.6294	4
1086.55595	544.28525	2	47.1695	2
1086.56665	544.29060	2	32.3169	2
1087.55150	544.78300	2	50.3233	2
1087.56270	544.78865	2	41.3786	2
1087.58770	544.80110	2	40.6228	2
1087.60055	544.80755	2	44.2341	2
1087.61320	544.81385	2	69.6624	2
1088.45570	545.23515	2	35.7505	2
1088.49690	545.25570	2	59.4012	2
1088.51005	545.26230	2	30.2458	2
1088.55465	545.28460	2	70.2723	2
1088.56090	545.28770	2	60.7718	1
1088.57150	545.29300	2	31.2819	2
1088.60820	545.31140	2	34.2530	2
1089.51845	545.76650	2	30.7960	2
1089.53150	545.77305	2	40.8466	2
1089.55645	545.78550	2	32.9279	2
1089.56640	545.79050	2	58.8796	1
1089.56840	545.79150	2	61.9532	1
1089.60260	545.80855	2	43.7382	2
1090.46840	546.24150	2	36.5412	2
1090.60245	546.30850	2	58.2232	2
1091.51665	546.76560	2	54.6805	2
1091.55820	546.78640	2	38.3603	1
1092.53890	547.27670	2	54.3189	2
1092.54470	547.27960	2	29.6497	2
1092.58100	547.29775	2	53.1115	2
1093.54020	547.77740	2	43.0790	1
1093.54050	547.77750	2	57.1147	2
1094.08080	548.04765	2	35.1724	4
1094.55165	548.28310	2	67.2758	2
1094.55510	548.28485	2	76.9005	2
1094.56020	548.28740	2	31.6538	2
1094.56610	548.29035	2	47.2041	2
1094.59800	548.30625	2	56.7409	2
1095.46560	548.74010	2	52.0372	2
1095.55640	548.78550	2	55.3009	2
1095.56330	548.78895	2	68.5929	2
1095.56795	548.79125	2	30.1313	2
1095.58180	548.79820	2	54.7953	1
1096.51940	549.26700	2	47.7203	3
1096.56235	549.28845	2	41.0322	2
1097.60825	549.81140	2	55.6478	2
1097.62000	549.81730	2	35.6036	1
1098.53490	550.27475	2	44.0534	2
1098.57965	550.29710	2	34.5261	2
1098.58240	550.29850	2	49.4207	2
1099.49325	550.75390	2	59.3572	2
1099.56265	550.78860	2	40.8888	2
1100.46035	551.23745	2	65.4352	2
1100.55760	551.28610	2	32.1940	2
1100.57180	551.29320	2	70.4309	2
1101.55615	551.78535	2	69.6946	2
1101.60325	551.80890	2	36.5158	2
1101.65120	551.83290	2	52.1252	2
1102.56850	552.29150	2	32.8545	1
1102.57745	552.29600	2	63.4310	2
1102.58695	552.30075	2	34.9255	2
1103.56115	552.78785	2	38.3316	2
1103.58180	552.79820	2	49.6746	2
1103.63830	552.82640	2	83.7595	1
1104.47575	553.24515	2	33.5746	4
1104.50875	553.26165	2	51.8339	2
1104.51970	553.26710	2	43.7292	1
1104.53120	553.27290	2	43.3190	2
1104.54645	553.28050	2	45.6921	2
1104.54690	553.28070	2	43.0292	2
1104.56340	553.28900	2	47.7672	2
1104.56645	553.29050	2	31.9581	2
1104.59305	553.30380	2	59.0355	2
1104.62535	553.31995	2	86.8431	2
1105.57650	553.79555	2	63.9766	2
1106.53920	554.27690	2	46.7838	2
1106.58570	554.30010	2	82.0419	2
1106.60840	554.31150	2	81.4381	2
1107.53795	554.77625	2	60.3613	2
1107.54445	554.77950	2	53.3703	2
1107.54930	554.78190	2	64.8791	2
1107.55540	554.78500	2	35.8476	2
1107.57820	554.79640	2	92.6155	11
1107.59260	554.80355	2	43.5147	2
1108.51435	555.26445	2	30.4348	2
1108.57110	555.29280	2	77.3860	2
1108.92015	555.46735	2	35.9191	4
1109.50370	555.75910	2	74.3458	2
1109.53285	555.77370	2	77.9572	2
1109.54000	555.77730	2	46.3772	2
1109.54820	555.78140	2	89.2492	2
1109.57540	555.79500	2	31.5071	1
1109.58625	555.80040	2	57.4487	2
1109.61245	555.81350	2	70.3250	2
1109.68060	555.84760	2	77.8131	2
1110.51975	556.26715	2	59.3650	2
1110.59030	556.30240	2	82.3470	2
1110.66485	556.33970	2	73.4361	2
1111.57370	556.79410	2	32.5626	1
1111.66300	556.83880	2	57.1940	1
1112.42210	557.21830	2	34.3693	1
1113.63850	557.82650	2	57.6990	1
1114.55605	558.28530	2	77.2330	2
1114.56200	558.28830	2	45.1369	3
1114.56220	558.28835	2	38.2187	2
1114.56635	558.29045	2	63.5896	2
1114.62365	558.31910	2	61.1650	2
1114.63525	558.32490	2	51.9829	2
1115.51385	558.76420	2	46.3258	2
1115.52520	558.76990	2	31.5771	2
1115.54590	558.78020	2	44.9013	2
1115.55800	558.78625	2	33.3430	2
1115.57925	558.79690	2	40.7592	2
1115.60120	558.80785	2	55.0004	2
1116.50290	559.25870	2	42.7103	1
1116.54210	559.27830	2	32.3424	1
1116.56560	559.29010	2	55.4968	1
1116.56585	559.29020	2	53.3877	2
1116.58170	559.29810	2	71.6449	2
1116.60510	559.30980	2	30.3034	1
1116.61280	559.31370	2	33.7753	2
1116.65400	559.33430	2	82.2423	1
1117.52660	559.77055	2	38.0097	2
1117.54310	559.77880	2	41.2108	2
1117.56210	559.78835	2	50.0096	2
1117.60595	559.81025	2	70.0015	2
1118.01720	560.01585	2	45.3299	4
1118.48500	560.24980	2	31.3769	2
1118.54800	560.28125	2	75.2544	2
1118.63420	560.32435	2	56.0849	2
1119.54225	560.77840	2	68.2884	2
1119.57230	560.79340	2	50.2027	1
1119.58220	560.79835	2	61.6005	2
1119.59545	560.80500	2	66.4155	2
1119.66950	560.84200	2	81.8200	2
1120.05950	561.03700	2	56.5440	4
1120.57610	561.29535	2	59.4178	2
1121.46665	561.74060	2	40.7719	2
1121.53825	561.77640	2	67.6819	2
1121.54770	561.78115	2	41.8874	2
1121.60990	561.81220	2	46.6984	2
1122.51060	562.26255	2	58.6243	2
1123.47840	562.74645	2	45.2178	2
1123.57045	562.79250	2	56.4511	2
1123.58130	562.79795	2	52.8092	2
1124.59040	563.30245	2	61.0159	2
1124.61940	563.31695	2	68.3607	2
1124.62980	563.32220	2	36.2313	7
1124.68025	563.34740	2	79.5524	2
1125.51250	563.76355	2	33.5300	2
1125.57115	563.79285	2	42.0175	2
1125.64010	563.82730	2	60.0056	2
1126.49695	564.25575	2	53.4520	2
1126.53250	564.27350	2	59.4781	1
1126.59800	564.30630	2	50.6118	1
1126.66030	564.33740	2	76.3813	3
1127.47430	564.74445	2	68.0371	2
1127.53370	564.77410	2	65.2552	1
1127.56435	564.78945	2	41.3863	2
1127.61215	564.81335	2	61.1370	2
1127.65470	564.83465	2	58.1667	2
1127.65825	564.83640	2	91.1390	6
1128.54570	565.28010	2	56.3010	1
1128.56570	565.29015	2	40.7376	2
1128.57760	565.29610	2	41.6214	2
1128.58830	565.30145	2	30.6306	2
1128.61500	565.31480	2	85.7954	1
1128.63935	565.32695	2	58.7678	2
1129.57995	565.79725	2	54.7124	2
1129.63390	565.82420	2	33.7435	2
1129.63440	565.82445	2	38.5735	2
1129.67130	565.84295	2	69.1673	2
1130.56065	566.28760	2	46.5043	2
1131.57745	566.79600	2	32.8308	2
1131.62945	566.82200	2	69.5719	2
1131.65390	566.83425	2	80.9447	2
1132.53810	567.27635	2	31.0027	2
1132.55625	567.28540	2	55.9355	2
1132.58920	567.30190	2	60.9266	2
1133.55370	567.78410	2	68.2762	3
1133.57170	567.79310	2	71.4941	2
1133.57175	567.79315	2	55.0568	2
1133.57500	567.79480	2	65.1975	2
1133.60840	567.81150	2	61.3662	2
1133.64480	567.82965	2	67.1893	2
1134.53355	568.27405	2	42.7483	2
1134.53565	568.27510	2	45.5786	2
1134.55140	568.28295	2	33.7100	2
1134.57860	568.29660	2	45.3145	3
1135.59890	568.80670	2	46.5013	2
1136.53565	569.27510	2	52.3528	2
1136.57140	569.29300	2	56.8187	2
1136.57190	569.29325	2	59.9462	2
1137.56530	569.78995	2	81.8504	2
1137.57865	569.79660	2	54.2360	2
1138.55200	570.28330	2	30.7086	1
1138.56615	570.29035	2	61.3878	2
1138.58780	570.30120	2	33.1691	1
1139.54570	570.78010	2	53.5624	2
1139.56200	570.78830	2	65.5882	3
1139.63035	570.82245	2	38.3601	2
1139.65540	570.83495	2	60.6570	2
1140.52320	571.26885	2	31.7497	2
1140.56140	571.28800	2	76.3675	1
1141.55620	571.78540	2	70.8982	2
1141.56785	571.79120	2	61.6906	2
1141.59585	571.80520	2	30.8741	2
1141.61035	571.81245	2	58.4530	2
1142.03320	572.02385	2	64.0111	4
1142.48885	572.25170	2	44.1200	2
1142.55735	572.28595	2	89.6455	2
1142.55750	572.28605	2	50.7104	2
1142.61765	572.31610	2	53.8633	2
1142.63430	572.32445	2	32.4105	2
1143.50845	572.76150	2	54.7705	2
1143.55700	572.78580	2	74.3419	1
1143.57250	572.79350	2	64.5535	2
1143.58790	572.80120	2	33.0442	2
1143.59200	572.80330	2	58.8505	1
1143.69090	572.85270	2	86.0523	2
1144.58815	573.30135	2	48.8097	2
1144.59590	573.30520	2	59.1833	2
1144.60960	573.31210	2	36.7573	2
1144.63665	573.32560	2	56.2999	2
1144.65330	573.33390	2	67.3262	1
1145.08445	573.54950	2	56.5064	4
1145.57495	573.79475	2	46.1994	2
1145.67010	573.84235	2	69.8309	2
1146.57695	574.29575	2	44.6082	2
1146.58545	574.30000	2	71.7357	2
1146.61280	574.31365	2	51.8287	2
1147.55060	574.78260	2	61.2788	2
1147.55320	574.78385	2	48.1123	2
1147.55520	574.78490	2	42.2506	2
1147.57970	574.79710	2	64.1184	2
1147.58785	574.80120	2	53.7760	2
1147.63865	574.82660	2	87.1172	2
1148.51440	575.26450	2	32.7578	1
1148.54785	575.28120	2	52.0877	2
1148.56975	575.29215	2	79.2968	2
1148.60880	575.31170	2	57.2526	1
1148.60910	575.31185	2	61.5385	2
1149.56755	575.79105	2	56.7536	2
1149.56800	575.79130	2	67.0517	1
1150.05700	576.03580	2	58.0176	4
1150.58680	576.30065	2	54.2911	2
1150.58780	576.30115	2	47.5663	2
1150.62340	576.31900	2	59.3580	1
1151.49175	576.75315	2	51.1283	2
1151.59390	576.80420	2	39.8168	1
1151.65160	576.83310	2	67.9447	2
1151.72850	576.87155	2	75.1127	2
1152.52935	577.27195	2	29.2437	2
1152.53050	577.27250	2	52.8687	2
1152.54275	577.27865	2	91.0043	2
1152.54855	577.28155	2	59.8039	2
1152.55220	577.28335	2	35.7118	2
1152.58520	577.29990	2	57.4368	2
1153.51815	577.76635	2	65.9676	2
1154.57235	578.29345	2	62.5657	2
1154.62070	578.31765	2	58.4781	2
1154.63035	578.32245	2	43.9632	2
1155.56360	578.78905	2	33.4948	2
1155.58135	578.79795	2	87.5720	2
1155.61435	578.81445	2	50.4832	2
1155.62620	578.82040	2	51.3147	1
1155.65020	578.83235	2	48.4359	2
1156.51815	579.26635	2	54.8649	2
1156.51940	579.26700	2	43.8802	2
1156.59135	579.30295	2	84.6443	2
1156.60290	579.30870	2	66.0237	2
1157.56380	579.78920	2	48.8491	2
1157.57665	579.79560	2	74.8051	2
1157.59335	579.80395	2	57.6873	2
1157.59380	579.80420	2	51.6805	2
1157.63355	579.82405	2	52.5301	2
1158.59930	580.30690	2	41.1483	2
1158.62365	580.31910	2	46.9994	2
1159.57190	580.79325	2	63.6869	2
1159.57380	580.79420	2	32.9544	2
1159.58350	580.79900	2	44.7508	2
1159.59460	580.80460	2	40.1753	2
1159.61980	580.81715	2	39.0500	2
1159.63930	580.82695	2	79.4718	2
1160.56510	581.28980	2	36.1723	2
1160.58565	581.30010	2	66.2226	2
1160.58680	581.30070	2	49.0730	2
1160.59225	581.30340	2	72.4874	2
1160.59765	581.30610	2	53.5952	2
1160.61555	581.31505	2	35.3819	2
1160.64230	581.32840	2	31.1572	1
1161.59880	581.80670	2	45.0956	2
1161.60010	581.80730	2	52.9647	2
1161.60715	581.81085	2	72.3340	2
1161.61530	581.81490	2	52.6614	2
1161.66450	581.83955	2	95.7682	4
1162.58130	582.29790	2	64.7521	1
1162.59100	582.30280	2	62.6953	1
1162.59885	582.30670	2	71.1926	2
1163.56430	582.78940	2	33.5213	1
1163.57685	582.79570	2	64.9962	2
1163.58200	582.79825	2	58.0149	2
1163.60970	582.81210	2	66.7651	1
1164.56940	583.29200	2	30.7421	2
1164.60315	583.30885	2	60.0788	2
1164.60330	583.30890	2	54.2608	2
1164.72355	583.36905	2	69.8951	2
1165.46110	583.73780	2	33.9408	2
1165.57810	583.79630	2	89.0653	5
1165.59800	583.80625	2	46.0617	2
1165.63430	583.82440	2	63.8709	2
1166.54350	584.27900	2	46.2097	2
1167.61795	584.81625	2	84.2866	2
1168.64595	585.33025	2	48.9001	2
1168.68040	585.34750	2	69.2202	2
1168.68220	585.34840	2	57.7812	2
1168.74430	585.37940	2	78.8978	2
1169.57230	585.79340	2	53.6792	2
1170.52040	586.26750	2	49.9433	1
1170.57710	586.29585	2	45.5143	2
1170.62535	586.31995	2	46.6931	2
1170.63600	586.32525	2	43.6336	2
1170.66095	586.33775	2	69.9384	2
1170.66105	586.33780	2	66.1936	2
1171.62035	586.81745	2	34.6172	2
1171.62045	586.81750	2	49.6225	2
1171.62400	586.81925	2	55.4205	2
1171.70060	586.85755	2	54.1810	2
1172.08560	587.05010	2	64.9233	4
1172.61500	587.31475	2	39.5210	2
1172.62580	587.32020	2	93.9125	12
1172.62760	587.32105	2	73.2141	2
1172.62995	587.32225	2	65.4561	2
1172.63985	587.32720	2	70.4518	2
1173.50175	587.75815	2	59.8900	2
1173.58835	587.80145	2	45.9250	2
1173.61315	587.81385	2	84.7002	2
1173.62425	587.81940	2	66.8662	2
1174.06635	588.04045	2	32.6336	4
1174.51300	588.26380	2	42.4874	2
1174.55120	588.28290	2	31.0402	2
1174.56090	588.28770	2	53.5071	2
1174.60690	588.31070	2	39.8968	1
1175.57330	588.79390	2	59.9772	2
1175.58690	588.80070	2	68.2489	2
1175.61930	588.81690	2	40.7058	2
1175.65600	588.83525	2	58.3985	2
1176.58095	589.29775	2	52.2083	2
1177.63435	589.82445	2	65.6150	2
1177.66400	589.83930	2	89.5765	1
1178.51745	590.26600	2	37.0758	2
1179.54410	590.77930	2	41.2879	1
1179.58810	590.80130	2	44.3384	1
1179.61490	590.81470	2	50.0916	1
1180.52245	591.26850	2	61.8593	2
1180.59805	591.30630	2	64.0595	2
1180.70705	591.36080	2	84.9949	2
1181.65220	591.83340	2	54.1557	2
1182.54155	592.27805	2	74.2944	2
1182.60440	592.30950	2	70.7540	2
1182.62530	592.31995	2	71.7754	2
1182.66480	592.33970	2	57.7945	2
1182.68035	592.34745	2	78.0299	2
1183.62140	592.81795	2	50.1300	2
1184.58645	593.30050	2	60.5400	2
1184.60455	593.30955	2	49.5891	2
1184.67600	593.34530	2	56.5601	1
1185.57410	593.79430	2	85.5542	2
1185.57870	593.79660	2	35.1015	1
1185.64105	593.82780	2	78.5999	2
1185.65180	593.83320	2	63.4964	2
1185.67250	593.84350	2	59.3282	1
1186.54370	594.27915	2	44.4902	2
1186.65665	594.33560	2	46.4703	2
1187.58930	594.80195	2	49.0516	2
1187.59645	594.80550	2	64.7274	2
1187.62285	594.81870	2	76.8027	2
1187.70230	594.85840	2	87.3143	2
1187.70300	594.85875	2	79.8998	2
1188.58875	595.30165	2	41.1811	2
1188.59920	595.30690	2	45.2230	2
1188.61600	595.31525	2	49.7811	2
1188.67505	595.34480	2	60.2783	2
1189.54055	595.77755	2	77.9987	2
1189.63770	595.82610	2	51.4199	2
1189.64615	595.83035	2	69.2743	2
1189.67105	595.84280	2	73.6171	2
1190.56065	596.28760	2	54.4571	2
1190.60065	596.30760	2	63.5788	2
1191.61340	596.81395	2	57.0260	2
1191.66575	596.84015	2	81.7218	2
1192.52885	597.27170	2	45.6623	2
1192.57480	597.29470	2	42.4193	1
1192.58640	597.30050	2	68.9522	1
1192.61675	597.31565	2	65.7526	2
1192.65730	597.33590	2	46.9020	1
1192.66095	597.33775	2	86.3174	2
1193.61620	597.81540	2	37.1673	2
1193.63355	597.82405	2	67.0612	2
1193.66925	597.84190	2	89.2669	2
1194.51250	598.26350	2	29.8209	2
1194.61390	598.31420	2	66.5752	2
1195.60950	598.81205	2	59.7348	2
1196.55030	599.28245	2	44.3449	2
1196.57280	599.29370	2	33.9066	2
1196.65035	599.33245	2	48.3171	2
1197.54620	599.78040	2	77.3190	2
1197.57010	599.79235	2	51.6214	2
1197.57515	400.19900	3	33.9628	2
1197.62440	599.81950	2	59.1350	2
1197.63460	400.21880	3	52.1963	1
1197.66455	599.83955	2	73.6224	2
1197.69740	599.85595	2	74.5940	2
1198.61880	400.54690	3	51.3487	1
1198.65610	600.33535	2	39.4351	2
1198.65625	400.55935	3	39.3818	2
1199.54585	600.78020	2	54.0850	2
1199.71335	600.86395	2	77.8876	2
1200.61830	401.21335	3	40.9156	2
1200.62310	601.31885	2	58.3278	2
1200.62325	601.31890	2	40.8274	2
1200.64590	601.33020	2	51.4228	2
1200.65150	601.33300	2	79.0231	2
1201.09070	601.55260	2	41.6455	4
1201.59850	601.80655	2	65.2985	2
1201.61965	601.81710	2	74.1902	2
1201.63005	601.82230	2	35.2565	2
1201.63040	401.55070	3	34.6472	2
1201.66675	401.56285	3	45.8383	2
1201.66690	601.84075	2	45.8237	2
1202.58980	602.30215	2	38.9917	2
1202.60425	401.87535	3	47.8244	2
1202.60570	602.31015	2	47.8864	2
1202.64265	602.32860	2	37.7975	2
1202.65170	602.33315	2	64.1209	2
1203.59880	602.80665	2	40.2651	2
1203.61680	602.81570	2	74.3403	4
1203.67175	602.84315	2	50.9692	2
1204.48250	603.24850	2	41.0676	2
1204.58280	603.29865	2	51.8941	2
1204.60320	603.30885	2	55.9722	2
1204.61170	603.31310	2	92.0297	2
1204.65700	402.55960	3	47.4066	2
1204.65790	603.33625	2	47.4174	2
1205.56580	603.79020	2	58.8053	2
1205.59190	402.87120	3	58.5159	1
1205.62960	603.82210	2	55.6399	2
1205.64130	603.82790	2	53.7149	2
1205.71310	402.91160	3	64.3790	2
1205.71375	603.86415	2	64.4122	2
1206.55570	604.28510	2	43.1424	1
1206.59580	604.30515	2	60.2212	2
1206.60700	604.31075	2	72.0379	2
1206.62465	604.31960	2	63.6921	2
1206.66600	604.34030	2	90.9321	1
1207.57240	604.79345	2	61.8051	2
1207.57630	403.53270	3	36.7147	1
1207.62060	604.81760	2	54.5107	2
1207.62400	604.81925	2	71.7675	2
1207.66370	604.83910	2	87.7996	1
1207.67360	604.84410	2	83.7332	1
1207.76605	604.89030	2	80.2436	2
1208.52300	605.26880	2	37.8495	1
1208.59370	605.30410	2	82.1372	2
1208.60190	605.30820	2	46.9771	2
1208.60365	605.30910	2	67.6183	2
1208.67535	605.34495	2	90.3544	2
1209.58830	605.80140	2	47.4751	2
1210.56160	606.28810	2	45.8760	2
1210.59925	606.30690	2	62.4108	2
1210.61400	404.54530	3	62.1406	1
1210.63085	404.55090	3	36.5957	2
1210.74210	606.37835	2	70.0778	2
1211.61920	606.81690	2	77.4116	2
1211.62610	404.88265	3	34.0626	2
1211.65100	404.89095	3	47.9362	2
1211.65145	606.83300	2	48.0048	2
1211.65735	606.83595	2	86.7003	2
1212.53200	405.18460	3	50.8512	1
1212.56560	405.19580	3	26.4121	2
1212.64480	405.22220	3	55.6621	1
1213.64660	405.55615	3	53.0590	2
1213.66710	607.84080	2	47.7061	1
1213.67020	405.56400	3	81.2468	2
1214.50070	608.25760	2	90.4881	1
1214.60700	608.31080	2	62.8980	1
1214.70205	608.35830	2	62.3253	2
1215.59835	608.80645	2	49.6105	2
1215.64710	608.83080	2	59.5090	2
1215.65165	608.83310	2	82.1656	2
1215.68225	608.84840	2	33.3324	2
1215.68245	406.23475	3	33.2706	2
1216.57550	609.29500	2	48.3676	2
1216.57565	609.29510	2	38.0335	2
1216.62275	609.31865	2	54.4236	2
1216.65645	609.33550	2	69.1359	2
1216.72565	609.37010	2	85.0925	2
1217.56445	609.78950	2	69.4252	2
1217.60810	609.81130	2	56.9632	2
1217.63980	609.82720	2	101.8701	1
1217.67665	406.89950	3	67.5497	2
1218.62890	610.32170	2	58.1489	1
1218.66460	610.33960	2	82.6059	2
1219.61125	610.81290	2	49.0098	2
1219.71785	610.86620	2	86.0523	2
1220.64105	611.32780	2	77.6179	2
1221.13300	611.57380	2	49.6239	4
1221.51935	611.76695	2	44.5295	2
1221.59825	611.80640	2	58.1835	2
1221.60950	611.81205	2	29.9434	2
1221.61005	408.21060	3	29.8807	2
1221.63610	611.82535	2	55.9302	2
1222.61960	612.31710	2	55.8439	2
1223.54245	612.77850	2	45.8462	2
1223.62620	612.82035	2	34.5360	2
1223.65090	408.89090	3	46.7645	2
1223.71420	612.86440	2	88.9816	12
1224.62385	613.31920	2	67.7321	2
1224.62730	409.21635	3	53.4209	2
1224.62905	613.32180	2	53.3015	2
1224.65735	409.22640	3	35.4472	2
1224.65900	613.33680	2	35.7247	2
1224.68230	613.34840	2	42.3123	2
1225.67335	613.84395	2	68.5347	2
1226.69960	614.35710	2	58.5105	1
1226.70680	614.36065	2	80.7546	2
1227.65685	614.83570	2	58.1249	2
1227.66140	614.83795	2	69.5023	2
1227.68175	410.23455	3	49.2207	2
1227.68245	614.84850	2	63.9246	2
1228.16225	615.08840	2	68.3254	4
1228.68680	615.35070	2	63.1375	1
1228.73960	615.37705	2	81.9723	2
1229.55765	615.78610	2	40.5567	2
1229.61205	615.81330	2	78.2210	2
1229.61865	615.81660	2	49.1549	2
1229.62475	615.81965	2	44.2421	2
1229.65085	410.89090	3	46.9418	2
1229.65110	615.83285	2	47.0242	2
1229.69910	615.85680	2	39.2212	1
1229.73755	410.91980	3	58.2843	2
1230.55820	411.19330	3	31.5706	1
1230.58400	616.29930	2	40.7014	2
1230.58440	616.29950	2	32.8226	1
1230.58745	411.20305	3	33.8199	2
1230.58840	616.30145	2	59.2415	2
1230.62095	616.31775	2	48.2009	2
1230.64000	616.32730	2	78.3027	2
1230.65695	616.33575	2	40.4530	2
1230.66270	616.33860	2	82.1260	2
1231.55110	616.78280	2	77.1923	1
1231.58630	616.80040	2	35.1549	2
1231.62280	616.81870	2	87.1284	2
1231.62355	616.81905	2	54.3412	2
1231.65685	616.83570	2	59.8624	2
1231.65965	616.83710	2	56.3631	2
1231.69235	411.57140	3	57.3087	2
1231.71980	616.86720	2	81.2336	1
1232.57315	617.29385	2	32.6059	2
1232.60730	617.31095	2	45.3318	2
1233.60330	412.20840	3	79.4343	1
1233.60700	617.81080	2	49.7189	2
1233.62195	617.81825	2	42.9817	2
1233.66105	617.83780	2	56.6173	2
1234.56885	412.53020	3	39.5288	2
1234.59760	618.30605	2	34.0049	2
1234.65430	618.33440	2	63.5335	1
1235.60740	618.81100	2	38.7334	2
1235.60745	412.87640	3	38.7609	2
1235.64975	618.83215	2	48.5455	2
1235.65135	412.89105	3	48.5086	2
1235.66805	618.84130	2	57.5151	2
1235.66940	412.89710	3	57.4577	2
1235.69795	618.85625	2	52.4037	2
1235.69820	412.90670	3	48.6578	1
1236.56210	619.28835	2	47.7156	2
1237.63500	413.55225	3	36.5695	2
1237.63565	619.82510	2	36.6596	2
1237.64650	619.83055	2	63.3806	2
1237.74040	619.87750	2	67.0932	2
1238.66200	620.33830	2	52.0568	1
1239.59235	620.80345	2	57.9434	2
1239.59575	414.20585	3	34.4727	2
1239.68295	620.84875	2	74.6791	2
1239.71860	620.86660	2	73.4637	2
1240.16045	621.08750	2	48.0906	4
1240.58420	621.29940	2	35.1170	1
1240.58730	414.53635	3	35.0316	2
1240.61800	621.31630	2	59.8897	1
1240.70360	621.35905	2	90.2270	2
1241.59345	621.80400	2	70.5127	2
1241.66445	621.83950	2	61.3054	2
1241.67300	621.84380	2	42.3391	2
1241.67370	414.89850	3	42.3596	1
1241.71480	621.86470	2	87.1935	2
1241.77475	414.93220	3	76.7970	2
1241.77505	621.89480	2	76.8681	2
1242.63665	415.21950	3	43.1417	2
1242.63715	622.32585	2	43.1760	2
1242.64675	622.33065	2	54.2161	2
1242.70140	622.35800	2	94.6629	2
1243.67700	415.56630	3	60.2039	1
1244.54170	623.27810	2	51.6563	2
1244.56780	623.29120	2	45.8157	2
1244.61060	415.87750	3	32.4844	1
1244.63310	623.32385	2	65.4894	2
1244.67250	415.89810	3	35.4552	2
1244.67375	623.34415	2	74.7658	2
1245.62120	416.21435	3	46.6401	2
1245.62220	623.81840	2	46.7470	1
1245.63840	623.82650	2	62.0513	1
1245.65115	623.83285	2	81.0700	2
1245.65825	623.83640	2	42.1891	2
1245.67175	416.23120	3	53.9192	2
1245.67400	623.84425	2	41.2940	2
1246.65050	416.55745	3	66.2787	2
1246.69130	624.35295	2	71.6744	2
1247.57955	624.79705	2	45.0330	2
1247.60530	624.80990	2	68.9915	2
1248.61805	625.31630	2	87.3124	2
1248.61935	625.31695	2	57.1440	2
1248.67170	625.34315	2	60.0972	2
1248.67330	625.34390	2	62.4403	1
1249.63070	625.82260	2	56.4797	2
1249.65400	625.83430	2	63.1931	2
1249.65590	625.83525	2	82.2003	2
1250.72800	626.37130	2	87.0363	2
1251.66155	626.83805	2	74.0165	2
1251.66490	418.22890	3	49.1360	2
1252.73930	627.37690	2	78.4039	2
1252.74985	418.59055	3	65.0202	2
1252.77645	627.39550	2	90.6084	2
1253.63005	418.88395	3	30.9360	2
1254.58885	628.30170	2	67.4953	2
1254.59965	628.30710	2	79.4820	2
1254.72865	628.37160	2	68.4647	2
1254.73005	419.25060	3	38.8760	2
1254.73005	628.37230	2	38.9393	2
1254.73350	419.25180	3	51.1487	1
1255.58405	628.79930	2	41.8820	2
1255.62790	628.82125	2	69.1623	2
1255.62880	628.82165	2	92.0511	2
1255.65675	419.55950	3	52.6061	2
1255.66785	628.84120	2	73.0620	2
1255.67845	628.84650	2	49.9781	2
1255.70220	628.85835	2	68.2943	2
1255.71410	419.57860	3	64.2955	2
1255.71510	628.86480	2	64.3507	1
1256.60625	629.31040	2	57.8679	2
1256.61090	629.31275	2	49.3584	2
1256.61105	629.31280	2	88.5564	2
1256.69775	419.90650	3	46.3257	2
1256.69825	629.35640	2	46.2857	2
1256.70125	629.35790	2	95.8690	2
1257.18450	629.59955	2	69.0735	8
1257.64640	629.83045	2	40.9765	2
1257.70030	629.85740	2	87.6334	1
1258.59875	630.30665	2	80.2601	2
1258.67675	630.34565	2	66.3114	2
1258.68905	630.35180	2	51.2100	2
1258.76375	630.38915	2	86.1159	2
1259.63350	630.82405	2	74.3705	2
1259.63530	630.82495	2	57.0827	2
1259.66100	420.89430	3	51.6418	1
1259.66120	630.83785	2	57.6400	2
1259.72425	630.86940	2	75.9323	2
1260.57340	421.19840	3	35.8196	2
1260.57760	631.29610	2	34.5306	2
1260.58835	631.30145	2	41.0267	2
1260.60205	631.30830	2	44.4981	2
1260.67245	631.34350	2	56.1059	2
1261.57840	631.79645	2	49.8393	2
1261.62225	421.54805	3	38.8536	2
1261.62420	631.81935	2	88.3142	2
1261.66980	631.84220	2	36.3525	1
1261.67095	421.56425	3	36.2337	2
1261.74455	631.87955	2	94.3776	2
1263.61010	632.81230	2	51.9421	1
1263.62000	422.21390	3	31.5652	1
1263.62005	632.81730	2	31.6220	2
1263.62890	632.82170	2	55.5663	2
1263.67135	632.84295	2	87.8938	2
1263.68395	632.84925	2	65.7526	2
1264.64835	422.55670	3	59.9707	2
1264.64905	633.33180	2	59.9592	2
1264.77995	633.39725	2	92.1677	2
1265.68890	633.85175	2	50.3935	2
1266.56235	634.28845	2	44.6978	2
1266.57390	634.29420	2	39.7289	1
1266.62135	423.21440	3	36.1417	2
1266.62560	634.32010	2	69.6228	1
1266.62820	634.32140	2	70.2346	1
1267.64875	634.83165	2	81.1805	2
1267.65900	634.83680	2	92.0111	1
1267.68890	634.85175	2	48.6135	2
1268.61500	423.87890	3	52.0319	2
1268.66205	423.89465	3	49.6653	2
1268.66230	635.33840	2	49.7280	2
1268.69890	635.35675	2	68.7596	2
1269.62400	635.81930	2	79.5159	2
1269.62720	635.82090	2	62.5046	2
1269.65200	424.22460	3	65.9852	1
1269.65810	635.83635	2	45.6319	2
1269.65945	424.22710	3	45.6268	2
1269.70330	635.85895	2	61.8538	2
1269.72960	635.87210	2	77.2609	2
1270.65245	636.33350	2	42.0526	2
1270.69980	636.35720	2	61.0118	1
1270.69990	424.57390	3	60.9533	2
1270.72910	636.37185	2	91.0310	2
1271.56555	424.86245	3	76.5610	2
1271.61890	636.81670	2	54.5068	1
1271.62240	636.81850	2	58.6676	1
1271.68750	424.90310	3	59.0019	2
1271.69060	636.85260	2	63.1092	2
1271.71070	636.86265	2	70.4597	2
1271.76155	636.88805	2	81.0533	2
1272.69260	637.35355	2	63.5479	2
1273.63485	637.82470	2	72.6751	2
1273.64140	637.82800	2	70.1364	1
1273.65655	637.83555	2	65.3989	2
1273.67035	637.84245	2	63.9455	2
1273.67755	637.84605	2	85.3498	2
1273.72185	637.86820	2	69.2228	2
1274.54660	638.28060	2	71.8859	1
1274.62920	638.32190	2	44.6596	1
1274.62950	425.88380	3	44.6029	2
1274.64425	638.32940	2	83.8292	2
1274.65135	638.33295	2	76.0613	2
1274.66290	638.33875	2	67.3604	2
1275.54185	638.77820	2	43.8052	2
1275.57190	638.79325	2	59.6669	2
1275.69390	426.23855	3	61.6607	2
1276.58620	639.30040	2	34.0264	1
1276.63345	639.32400	2	76.3439	2
1276.64760	639.33110	2	88.9175	2
1276.66700	639.34080	2	57.1958	2
1276.67295	639.34375	2	85.1195	2
1276.70395	639.35925	2	77.4532	2
1276.70400	639.35930	2	71.0784	2
1277.67355	639.84405	2	67.7626	2
1277.68770	639.85110	2	74.9500	2
1278.12540	640.06995	2	61.3023	4
1278.65055	640.33255	2	83.9586	2
1279.62365	640.81910	2	62.5947	2
1279.69605	427.57260	3	52.9076	2
1280.57815	641.29635	2	80.1508	2
1280.60010	427.87395	3	35.7785	2
1280.74545	641.38000	2	87.1477	2
1281.55700	641.78580	2	38.0830	3
1281.61090	641.81275	2	34.5139	2
1282.58650	642.30055	2	60.5961	2
1283.61630	642.81545	2	69.6306	2
1283.65175	642.83315	2	64.4675	2
1283.65910	642.83685	2	84.6128	2
1283.70680	428.90950	3	42.8373	2
1283.70980	642.86220	2	42.8928	2
1283.73425	642.87440	2	77.1991	2
1284.61340	429.21170	3	38.6797	1
1284.62760	643.32110	2	90.1382	3
1284.69400	643.35425	2	76.8655	2
1284.70330	643.35890	2	68.0317	2
1284.70390	429.24190	3	41.4697	2
1284.72670	643.37065	2	82.7349	2
1285.66315	643.83885	2	41.9609	2
1285.72380	429.58185	3	44.6875	2
1286.63670	644.32560	2	67.7614	1
1286.64465	429.88880	3	67.6716	2
1286.68320	644.34885	2	84.3812	2
1286.69930	644.35690	2	67.2388	2
1286.78505	644.39980	2	85.3150	2
1287.63080	644.82265	2	83.8730	2
1287.66815	644.84135	2	44.1199	2
1287.68370	644.84910	2	72.6957	1
1288.59140	645.30300	2	43.2993	2
1288.60475	645.30965	2	62.8465	2
1288.66290	645.33870	2	44.9200	2
1288.68290	645.34870	2	50.2848	1
1288.68635	645.35045	2	66.1697	2
1288.72240	645.36850	2	83.2174	2
1288.73940	645.37695	2	74.8266	2
1289.58950	645.80200	2	34.7770	2
1289.59150	430.87110	3	34.7665	2
1289.63045	645.82250	2	88.1993	2
1289.64695	645.83075	2	48.6570	2
1290.12150	646.06805	2	58.9929	4
1290.65795	646.33625	2	53.7978	2
1291.53670	646.77565	2	36.8480	2
1291.57910	646.79680	2	43.5019	2
1291.60675	646.81065	2	50.3305	2
1291.66600	646.84030	2	59.1221	2
1292.66045	647.33750	2	61.0827	2
1292.66055	431.89410	3	61.0527	2
1293.62470	647.81965	2	54.4624	2
1294.62295	648.31875	2	67.3314	2
1294.73285	648.37370	2	82.0141	2
1294.79735	432.60640	3	66.6550	2
1295.72640	648.87050	2	75.2175	1
1295.74480	648.87970	2	63.6634	2
1295.75585	432.92590	3	59.3043	2
1296.68350	649.34900	2	58.7653	2
1296.68370	433.23520	3	58.7945	2
1296.70380	649.35915	2	68.0887	2
1296.74040	649.37750	2	43.6026	3
1297.59120	433.53770	3	56.3241	1
1297.72455	433.58210	3	44.4767	4
1297.73740	649.87600	2	64.5561	2
1297.76020	433.59400	3	62.5311	2
1298.59305	650.30380	2	36.4549	2
1298.59310	433.87160	3	36.4135	2
1298.60990	433.87725	3	36.2748	2
1298.69470	650.35465	2	47.3472	2
1298.74605	650.38030	2	91.6588	2
1299.56925	650.79190	2	34.8424	2
1299.62850	650.82150	2	73.5587	2
1299.67875	650.84665	2	39.9458	2
1299.69330	650.85395	2	79.0230	2
1299.71505	650.86480	2	56.9133	2
1300.62415	651.31935	2	85.4794	2
1300.70300	651.35875	2	62.2608	2
1300.70860	651.36155	2	91.2814	2
1300.73845	651.37650	2	75.0434	2
1300.77585	651.39520	2	84.4584	2
1301.61050	651.81250	2	41.3769	1
1301.63635	434.88605	3	39.5812	2
1301.63700	651.82580	2	39.5916	2
1302.66065	652.33760	2	65.9240	2
1303.51465	652.76460	2	64.5903	2
1303.60480	652.80970	2	59.8142	2
1303.61950	652.81700	2	47.0827	1
1303.74850	652.88155	2	74.7183	2
1304.61100	653.31280	2	41.7037	2
1304.73505	653.37480	2	78.3056	2
1305.61670	436.21280	3	30.2326	1
1305.62380	653.81915	2	50.5619	2
1305.63450	436.21880	3	60.8133	2
1305.66060	653.83760	2	68.1999	1
1305.70480	653.85965	2	72.8782	2
1306.58220	436.53465	3	39.4109	2
1306.65260	436.55815	3	38.9162	2
1306.67160	654.34310	2	30.4639	1
1306.67545	654.34500	2	75.1624	2
1307.66285	654.83870	2	60.6961	2
1308.65880	655.33670	2	62.4585	3
1308.71965	655.36710	2	86.3737	2
1308.72095	437.24760	3	86.4674	2
1308.74225	655.37840	2	59.4285	2
1308.77775	655.39615	2	72.3093	2
1309.65230	655.83340	2	62.9932	2
1309.66360	437.56180	3	71.2780	1
1310.12245	656.06850	2	67.6877	4
1310.55995	656.28725	2	35.3575	2
1310.65160	437.89110	3	47.5566	1
1310.68030	656.34740	2	79.9903	2
1310.70260	437.90815	3	45.3372	2
1311.57090	656.79270	2	58.9397	2
1311.58345	656.79900	2	49.7864	2
1311.65000	656.83230	2	88.3998	2
1311.71470	438.24550	3	59.7223	2
1311.71780	656.86620	2	40.8765	1
1311.76630	656.89045	2	83.9378	2
1313.54570	657.78010	2	48.4190	1
1313.61310	657.81385	2	62.6239	2
1313.69425	438.90535	3	51.7159	2
1313.70235	657.85845	2	86.8932	2
1313.71920	438.91365	3	61.3107	2
1313.71985	657.86720	2	84.5076	2
1313.74680	438.92290	3	53.3093	2
1314.59880	439.20690	3	32.0880	1
1314.69690	658.35570	2	47.9994	2
1314.69770	658.35610	2	62.2940	2
1314.69970	439.24050	3	47.9945	2
1314.71370	439.24520	3	38.2936	1
1315.65865	658.83660	2	72.1359	2
1315.68145	658.84800	2	59.5752	2
1315.69975	658.85715	2	72.7056	2
1315.71075	658.86265	2	64.3275	2
1316.56420	659.28940	2	54.8331	2
1316.66765	659.34110	2	75.5548	2
1316.67620	439.89930	3	63.8446	2
1316.73375	659.37415	2	95.5274	2
1316.73520	659.37490	2	67.8003	2
1317.61060	440.21080	3	52.2952	2
1317.64265	659.82860	2	41.7920	2
1318.66040	660.33750	2	78.7076	1
1318.66560	660.34010	2	78.5821	1
1319.63295	660.82375	2	53.0268	2
1319.66345	660.83900	2	53.5124	2
1319.66385	440.89520	3	53.5017	2
1319.69140	660.85295	2	81.2758	2
1320.59505	661.30480	2	71.6855	2
1320.61065	661.31260	2	55.2385	2
1320.62280	661.31870	2	70.3573	1
1320.62360	661.31905	2	40.0931	2
1320.62370	441.21520	3	40.2321	2
1320.63505	441.21895	3	50.7991	2
1320.68550	661.35000	2	90.9695	15
1321.61560	661.81510	2	51.4683	1
1321.76505	441.59560	3	80.4528	2
1321.76525	661.88990	2	80.5439	2
1322.66730	662.34095	2	88.6162	2
1322.67210	662.34335	2	63.8121	2
1322.70625	441.90935	3	36.3955	2
1322.72780	662.37115	2	72.1985	2
1323.71940	442.24710	3	70.8759	2
1324.69250	663.35350	2	77.6588	2
1324.73445	663.37450	2	62.9071	2
1324.78320	442.60170	3	64.8345	1
1325.74740	663.88100	2	82.7795	1
1326.62120	664.31790	2	60.2080	2
1326.68985	443.23720	3	30.6524	2
1326.69020	664.35240	2	30.6002	1
1326.74080	664.37770	2	75.6000	2
1327.56410	664.78930	2	49.2692	1
1327.65290	443.55825	3	56.6514	2
1328.66870	443.89680	3	42.5269	1
1328.74500	443.92225	3	41.6477	2
1328.75135	443.92440	3	70.9595	2
1328.75335	665.38395	2	71.1102	2
1329.65305	665.83380	2	58.5922	2
1329.65400	665.83430	2	43.0291	2
1329.69305	665.85380	2	76.6837	2
1329.69345	444.23840	3	65.4657	2
1329.76620	665.89040	2	80.7069	1
1330.71395	666.36425	2	61.2242	2
1330.78195	666.39825	2	85.5782	2
1331.67665	666.84560	2	74.1712	2
1331.70895	666.86175	2	63.1201	2
1331.70930	666.86195	2	80.4446	2
1331.72705	666.87080	2	91.8238	2
1331.74555	666.88005	2	81.9376	2
1331.76640	444.92940	3	45.2361	2
1331.76720	666.89085	2	45.2997	2
1332.64660	667.33060	2	47.5313	2
1332.70135	667.35795	2	82.4151	2
1333.59385	667.80420	2	42.9134	2
1333.69280	667.85365	2	58.8273	2
1334.66190	445.89460	3	46.0459	2
1334.71910	668.36680	2	53.3384	2
1334.71930	445.91370	3	53.4424	2
1334.72500	668.36975	2	76.2752	2
1335.63865	668.82660	2	71.6146	2
1335.64780	668.83120	2	69.7197	1
1336.69860	669.35660	2	54.3935	1
1336.74830	669.38140	2	42.6075	2
1336.80735	669.41095	2	79.5804	2
1337.59910	669.80680	2	58.9038	5
1337.66430	669.83940	2	76.2369	1
1337.67245	669.84350	2	73.0984	2
1338.06600	670.04025	2	38.5958	2
1338.61320	670.31385	2	60.4528	2
1338.66885	670.34170	2	62.7607	2
1338.67090	447.23090	3	62.9161	1
1338.71290	447.24490	3	46.9817	1
1338.71895	670.36675	2	72.2141	2
1339.65320	670.83390	2	64.2636	2
1339.74525	447.58905	3	55.2094	2
1339.75360	670.88410	2	81.5104	2
1339.77060	447.59745	3	93.8170	2
1339.77150	670.89300	2	97.9943	9
1340.59930	671.30690	2	49.1037	2
1340.73015	671.37235	2	61.6916	2
1341.62220	671.81835	2	74.8266	2
1341.68980	671.85220	2	45.1693	5
1341.72700	448.24960	3	43.6431	1
1342.65110	448.55760	3	36.9666	1
1342.65180	448.55785	3	53.7978	2
1342.69480	672.35470	2	70.2651	1
1342.70985	448.57720	3	55.9952	2
1342.71055	672.36255	2	62.4755	2
1342.73690	672.37570	2	85.3048	11
1343.76580	448.92920	3	54.1200	2
1343.76660	672.89055	2	54.0927	2
1344.68185	673.34820	2	53.1402	2
1344.71435	673.36445	2	65.6150	2
1344.72980	449.25055	3	71.9234	2
1344.74085	673.37770	2	83.1919	2
1344.74430	449.25540	3	81.5030	1
1344.74710	449.25630	3	67.5925	2
1344.79525	673.40490	2	95.9710	2
1345.62245	449.54810	3	32.6922	2
1345.62405	673.81930	2	32.7983	2
1346.57800	674.29625	2	39.4702	2
1346.67390	674.34425	2	72.8234	2
1346.68350	674.34900	2	77.7776	2
1346.76700	674.39075	2	68.3524	2
1346.76720	449.92965	3	68.2946	2
1347.58075	674.79765	2	52.6949	2
1347.58445	450.20210	3	43.3598	2
1347.66765	674.84110	2	88.1283	2
1347.74635	450.25605	3	63.2028	2
1347.74735	674.88095	2	63.2802	2
1347.76500	450.26225	3	82.7997	2
1349.56845	675.79150	2	76.1259	2
1349.58890	675.80170	2	32.1538	1
1349.64670	675.83060	2	60.4352	1
1349.68260	675.84855	2	69.2174	2
1349.68465	675.84960	2	60.5703	2
1350.61000	676.31230	2	39.3550	2
1350.64210	676.32830	2	75.9587	1
1350.68630	451.23600	3	73.2710	1
1350.71545	676.36500	2	73.5506	2
1351.63750	451.55310	3	33.5545	2
1351.63815	676.82635	2	33.5894	2
1351.64210	676.82830	2	60.2398	2
1352.59470	451.87220	3	30.1774	1
1352.63985	677.32720	2	63.0558	2
1352.72885	451.91690	3	54.6886	2
1352.75580	677.38515	2	67.7150	2
1353.72195	677.86825	2	87.8578	2
1353.72605	677.87030	2	65.3115	2
1354.72800	678.37130	2	88.9516	3
1355.71640	678.86550	2	87.3422	2
1355.71660	678.86555	2	85.0925	2
1355.73035	678.87245	2	56.2241	2
1355.77780	452.93320	3	57.9043	2
1355.77805	678.89630	2	81.8423	2
1356.73590	679.37520	2	59.6830	2
1356.74805	453.25660	3	48.2227	2
1356.75030	679.38240	2	48.2596	2
1357.66390	679.83925	2	49.4814	2
1357.67200	453.56460	3	29.6502	1
1357.67345	679.84400	2	29.8208	2
1357.74575	679.88015	2	58.0342	2
1357.74585	453.58920	3	57.9737	2
1358.15445	453.72540	3	51.2465	4
1358.65970	680.33710	2	88.4321	2
1358.66205	680.33830	2	56.5065	2
1358.66810	453.89665	3	45.4422	2
1358.66825	680.34140	2	45.4659	2
1358.67820	453.90000	3	38.1262	2
1358.67980	680.34715	2	38.1564	2
1358.74125	680.37790	2	82.5074	2
1358.75550	680.38500	2	92.1490	2
1359.68320	680.84885	2	66.7689	2
1359.68835	454.23670	3	37.8053	2
1359.69130	680.85290	2	37.8549	1
1360.58595	454.53590	3	33.1743	2
1360.58890	681.30170	2	33.2226	1
1360.70070	681.35760	2	75.2843	2
1361.66840	681.84150	2	39.8895	2
1361.67200	681.84330	2	66.4837	2
1361.71885	681.86670	2	68.4428	2
1361.72305	681.86880	2	71.2224	2
1362.59015	682.30235	2	48.3359	2
1362.71330	682.36395	2	87.4400	2
1362.71515	682.36485	2	57.7468	2
1362.71545	682.36500	2	71.7807	2
1362.72245	682.36850	2	83.1280	2
1363.66005	682.83730	2	62.5573	2
1363.68465	682.84960	2	72.5850	2
1363.69105	455.57095	3	44.7801	2
1363.69225	682.85340	2	44.8715	2
1364.59295	683.30375	2	50.8044	2
1364.63940	683.32700	2	64.0106	2
1364.66830	683.34140	2	44.5788	2
1364.68390	683.34920	2	60.9643	2
1364.71960	683.36710	2	64.3889	2
1364.73520	683.37490	2	68.9860	2
1365.55800	456.19325	3	41.6847	2
1365.67830	683.84640	2	55.4739	2
1365.67915	456.23365	3	55.4437	2
1366.73110	456.58430	3	35.8950	1
1366.73120	456.58430	3	35.8600	1
1366.75710	456.59295	3	36.0158	2
1366.84480	684.42965	2	99.3763	2
1367.65385	456.89190	3	51.0043	2
1367.67320	456.89835	3	49.9260	2
1367.68440	684.84950	2	77.7733	1
1367.68770	456.90315	3	51.3677	2
1367.68930	684.85190	2	51.3658	2
1367.71180	684.86315	2	71.3544	2
1367.76865	684.89160	2	82.9844	2
1367.77720	684.89585	2	74.8374	2
1367.77780	456.93320	3	75.5535	1
1368.03730	685.02590	2	32.5655	4
1368.64765	457.22315	3	67.2098	2
1368.75040	685.38250	2	74.4012	1
1368.79820	457.27335	3	63.5859	2
1369.67355	457.56510	3	51.7652	2
1369.79360	685.90410	2	54.3137	2
1370.28580	457.76920	3	54.6742	4
1370.72260	686.36855	2	78.9089	2
1370.81820	686.41635	2	94.2241	2
1371.68365	686.84910	2	73.1538	2
1371.70990	686.86220	2	90.8447	2
1371.73540	458.25240	3	49.2755	2
1372.68510	687.34985	2	65.8038	2
1372.71680	458.57955	3	54.0315	2
1373.69130	687.85290	2	37.3359	1
1373.74075	687.87765	2	70.3892	2
1373.75190	687.88320	2	56.5914	2
1374.68865	688.35160	2	47.6138	2
1374.68900	459.23690	3	47.5857	2
1374.71000	688.36225	2	72.9975	2
1374.76190	459.26125	3	77.4997	2
1374.76385	688.38920	2	77.5109	2
1374.78780	688.40115	2	83.7351	2
1376.70890	689.36175	2	89.0353	2
1376.71950	689.36705	2	64.6631	2
1376.72925	459.91700	3	49.5317	2
1376.85030	459.95740	3	66.0420	2
1377.66975	689.84215	2	82.5745	2
1377.67770	689.84610	2	75.2160	2
1377.68685	689.85070	2	31.9980	2
1377.69030	460.23735	3	31.9847	2
1377.69780	689.85615	2	88.5939	4
1378.23560	690.12505	2	84.1412	4
1378.69805	690.35630	2	59.4581	2
1378.75580	690.38515	2	93.9096	2
1379.68810	460.90330	3	38.9069	1
1379.76680	690.89065	2	72.2882	2
1379.77215	690.89335	2	79.6655	2
1380.79840	691.40645	2	76.3153	2
1381.67495	691.84475	2	65.7876	2
1382.65220	692.33340	2	76.1147	2
1382.75900	692.38675	2	77.1315	2
1383.53995	692.77725	2	24.8896	2
1383.67860	462.23350	3	42.6075	2
1384.61920	693.31685	2	51.5130	2
1384.63940	462.55370	3	54.7374	1
1384.66305	693.33880	2	55.5303	2
1384.67335	693.34395	2	83.0176	2
1384.73525	462.58570	3	63.6262	2
1384.75065	693.38260	2	83.1280	2
1385.66600	693.84030	2	78.8631	1
1385.73510	693.87480	2	74.7370	2
1385.75225	693.88340	2	61.7659	2
1387.56120	694.78790	2	61.2266	2
1387.68675	694.85065	2	81.8585	2
1387.69415	694.85435	2	56.2479	2
1387.69495	694.85475	2	70.1823	2
1387.72750	463.58310	3	83.2125	1
1387.72935	694.87195	2	83.2798	2
1388.55595	695.28525	2	54.7492	2
1388.70565	695.36010	2	51.7460	2
1389.73295	695.87375	2	86.9601	2
1389.75140	695.88295	2	88.0629	2
1390.65020	696.33235	2	36.9426	2
1390.65080	464.55750	3	36.9930	1
1390.70970	464.57720	3	34.5822	1
1390.75790	464.59320	3	67.1527	2
1391.69465	696.85460	2	59.8385	2
1391.70505	696.85980	2	52.4077	2
1392.61730	465.21300	3	58.6819	2
1392.63760	697.32605	2	64.1434	2
1392.66810	697.34130	2	62.7070	2
1392.87085	697.44270	2	83.2880	2
1392.87180	465.29790	3	83.4689	1
1393.64390	697.82925	2	67.8550	2
1393.65180	697.83320	2	70.4859	2
1393.67785	697.84620	2	69.9691	2
1393.69165	697.85310	2	81.7920	2
1393.70150	465.57440	3	55.1482	2
1393.70345	697.85900	2	76.8326	2
1395.65215	698.83335	2	57.7157	2
1395.71140	466.24440	3	39.3139	2
1395.71160	698.86305	2	39.2916	2
1396.67875	699.34665	2	76.6407	2
1396.80520	699.40990	2	65.9319	2
1397.60425	699.80940	2	46.3849	2
1397.78720	466.93630	3	64.9668	2
1397.79590	699.90520	2	78.9592	2
1398.62675	700.32065	2	51.8886	2
1398.70160	700.35805	2	89.4181	2
1398.73520	700.37490	2	50.3814	1
1398.73600	467.25260	3	50.3384	2
1398.77055	700.39255	2	63.3752	2
1399.69525	700.85490	2	53.9701	2
1399.69970	467.57385	3	48.0721	2
1401.57075	701.79265	2	41.9422	2
1401.71160	468.24445	3	41.4972	2
1401.76260	701.88855	2	80.0442	2
1401.77600	468.26595	3	37.9729	2
1402.75150	702.38305	2	76.4065	2
1403.63880	702.82670	2	60.1511	2
1403.74055	468.92075	3	39.9975	2
1403.74110	702.87785	2	68.6971	2
1403.74120	468.92100	3	68.8656	1
1403.74185	702.87820	2	40.0340	2
1404.72940	703.37200	2	75.1299	1
1404.79850	703.40650	2	67.3950	2
1405.65175	703.83315	2	55.5248	2
1405.67395	469.56525	3	43.2697	2
1406.66260	469.89480	3	51.1728	1
1406.71550	704.36505	2	74.0996	2
1407.72405	470.24865	3	49.3293	2
1407.72550	704.87000	2	49.3758	1
1407.78290	470.26820	3	65.6004	2
1407.78390	470.26860	3	59.5848	3
1408.65045	705.33250	2	76.9579	2
1408.66360	705.33910	2	69.9222	3
1408.66890	705.34175	2	38.4567	2
1409.68725	705.85090	2	67.9500	2
1409.74030	470.92070	3	48.7233	2
1410.70020	706.35740	2	55.0686	2
1410.72360	471.24850	3	49.8974	2
1410.72570	706.37010	2	49.9485	1
1410.77185	471.26455	3	56.8734	2
1411.67360	706.84410	2	71.8649	2
1411.71680	471.57955	3	69.5160	2
1411.82845	471.61675	3	72.2250	2
1411.82975	706.92215	2	72.1545	2
1412.15000	707.08230	2	48.4989	4
1412.64380	707.32915	2	88.6162	2
1412.77455	707.39455	2	50.5039	2
1412.81415	707.41435	2	82.3525	2
1412.83920	471.95365	3	66.1010	2
1412.83970	707.42715	2	66.1722	2
1413.67470	707.84460	2	36.6086	2
1413.76640	707.89050	2	60.9116	3
1414.72330	708.36890	2	60.1170	1
1414.73065	472.58415	3	47.1141	2
1414.73140	708.37300	2	47.1772	2
1414.73160	708.37305	2	81.1630	2
1415.65085	708.83270	2	92.0429	2
1415.68960	708.85205	2	57.2532	2
1415.72650	708.87055	2	45.4556	2
1415.76170	472.92780	3	39.4623	2
1415.76800	708.89130	2	60.5605	1
1416.72490	473.24890	3	64.9267	2
1416.72620	709.37040	2	64.1732	2
1416.77965	473.26715	3	58.3381	2
1417.66540	709.84000	2	67.7023	2
1417.66855	709.84155	2	54.8594	2
1417.67970	473.56720	3	46.4041	2
1417.71020	709.86235	2	73.6700	2
1418.69800	473.90660	3	42.2284	1
1418.70845	710.36150	2	57.4885	2
1418.71035	710.36245	2	79.9986	2
1418.72160	710.36810	2	74.4502	1
1419.66370	710.83915	2	56.7850	2
1419.69890	474.24020	3	50.6878	3
1419.70040	710.85745	2	50.7398	2
1419.75560	474.25915	3	50.9396	2
1419.81330	710.91395	2	80.6117	2
1420.65055	711.33255	2	46.4366	6
1421.70430	474.90870	3	57.9724	1
1421.80285	474.94155	3	63.0616	2
1422.59375	475.20515	3	35.8369	2
1422.59380	712.30415	2	35.9951	2
1422.67400	475.23190	3	39.9302	2
1422.68695	712.35075	2	65.0227	2
1422.75230	712.38345	2	78.1757	2
1423.67070	712.84265	2	81.7611	2
1423.73990	712.87720	2	90.6277	1
1424.66120	713.33785	2	67.6449	2
1424.71960	713.36705	2	66.3378	2
1424.81140	713.41300	2	90.7486	1
1425.67190	713.84325	2	73.1038	2
1425.80930	713.91195	2	73.3411	2
1425.82020	476.28070	3	61.7357	2
1426.79080	476.60420	3	42.3965	2
1427.64220	714.82840	2	45.9049	2
1427.72685	714.87070	2	52.2662	2
1427.79795	476.93990	3	57.0534	2
1427.79905	714.90680	2	82.2662	2
1428.71065	477.24415	3	45.5677	2
1429.75025	715.88240	2	63.1670	2
1429.75720	715.88590	2	59.5898	2
1429.76115	715.88785	2	51.3058	2
1429.79985	715.90720	2	96.8199	2
1430.24835	477.75675	3	60.1019	4
1430.73220	716.37335	2	88.0304	2
1430.73725	477.91970	3	50.2490	2
1430.76305	716.38880	2	90.3378	2
1430.77805	716.39630	2	85.5755	2
1431.68910	716.85180	2	86.3715	1
1431.78810	478.26995	3	64.9084	2
1431.79985	716.90720	2	79.3275	2
1432.71640	478.57940	3	44.4638	2
1434.74750	718.38100	2	73.1177	2
1435.66355	718.83905	2	37.5901	2
1435.76775	718.89115	2	62.5045	2
1436.69290	479.90490	3	55.0329	2
1436.69510	719.35480	2	55.1188	2
1436.70210	479.90800	3	68.0876	1
1436.70350	719.35900	2	67.9251	3
1436.76280	479.92820	3	51.2687	2
1436.78760	479.93645	3	61.6950	2
1437.69255	719.85355	2	63.1725	2
1438.58800	480.53660	3	28.9732	2
1438.77255	720.39355	2	80.9998	2
1439.64610	720.83030	2	47.9296	1
1439.79990	720.90725	2	72.3627	2
1439.80595	720.91025	2	95.2816	2
1440.82000	721.41730	2	78.9871	2
1441.63240	721.82350	2	76.5337	2
1442.65285	722.33370	2	83.4877	2
1442.66880	722.34165	2	51.0289	2
1442.68890	722.35175	2	79.5157	2
1442.72850	481.91680	3	49.2978	1
1443.67410	722.84435	2	43.0371	2
1443.80950	722.91205	2	73.3744	2
1443.84560	722.93005	2	79.1407	2
1444.66870	723.34165	2	55.6742	2
1444.67880	723.34670	2	84.5083	1
1444.73320	482.58500	3	50.1972	1
1444.74250	723.37855	2	70.1765	2
1444.77120	482.59770	3	60.1627	2
1444.81230	723.41340	2	87.2688	3
1446.78310	483.26830	3	63.8645	1
1447.20320	724.60885	2	63.0964	4
1447.73185	724.87320	2	67.2971	2
1447.75530	483.59235	3	56.1606	2
1448.71495	725.36475	2	56.3869	2
1448.73885	725.37670	2	76.7065	2
1448.74500	725.37975	2	82.6680	2
1449.67740	725.84600	2	61.8802	2
1449.86640	484.29605	3	59.6024	2
1449.88145	725.94800	2	85.7058	2
1450.72410	726.36935	2	81.3104	2
1450.73620	726.37540	2	89.2722	2
1450.75345	726.38400	2	95.2085	2
1450.81895	484.61355	3	64.9854	2
1451.66455	484.89545	3	48.6028	2
1451.79635	484.93940	3	50.9769	2
1452.69690	727.35570	2	56.6990	1
1452.76890	485.26355	3	56.9581	2
1452.79975	727.40715	2	90.0474	2
1453.75990	727.88720	2	55.7103	1
1454.72975	728.37215	2	78.5865	2
1454.87110	728.44285	2	76.3982	2
1454.87130	485.96440	3	76.5282	2
1455.69950	486.24045	3	67.3657	2
1455.70075	728.85765	2	67.4320	2
1455.83770	728.92615	2	80.5836	2
1457.78885	486.93690	3	80.8217	2
1457.78910	729.90185	2	80.8821	2
1457.81335	729.91395	2	83.9537	2
1458.74615	487.25600	3	76.0009	2
1459.70500	730.85980	2	58.0043	2
1459.70970	730.86215	2	66.8839	2
1459.74455	730.87955	2	63.0610	2
1459.84035	487.62070	3	75.1016	2
1459.84050	730.92750	2	75.1705	2
1461.73985	731.87720	2	64.3006	2
1461.83825	731.92640	2	76.5934	2
1461.83840	488.28675	3	76.4065	2
1462.69595	732.35525	2	64.5848	2
1462.76760	732.39110	2	67.5134	1
1462.78110	732.39780	2	60.2985	3
1463.67430	488.89870	3	62.1122	2
1463.70875	488.91020	3	65.8424	2
1463.70880	732.86170	2	79.3996	2
1463.70985	732.86220	2	65.6958	2
1463.74040	488.92075	3	71.4916	2
1463.75065	732.88260	2	71.4805	2
1464.30135	489.10770	3	64.2711	4
1464.75055	489.25745	3	81.0587	2
1464.78265	489.26815	3	61.6833	2
1464.79400	733.40430	2	61.0472	2
1464.79475	733.40465	2	67.1811	2
1465.73535	733.87495	2	86.3441	2
1466.66240	489.89470	3	43.3753	1
1466.74210	734.37830	2	88.0790	1
1466.77375	489.93185	3	43.1785	2
1468.69370	735.35410	2	53.2217	2
1468.71950	735.36700	2	64.7701	1
1468.79660	735.40560	2	73.8348	2
1468.80750	490.60980	3	55.9737	3
1470.67920	736.34690	2	78.3605	1
1470.74790	491.25655	3	65.3775	2
1470.74930	491.25705	3	55.4358	2
1470.79765	736.40610	2	88.2859	2
1470.84525	736.42990	2	82.6395	2
1471.70980	736.86220	2	53.6221	2
1471.74150	736.87800	2	64.6168	2
1471.75780	491.59320	3	66.2514	2
1472.71370	491.91180	3	44.5841	2
1472.73675	491.91950	3	56.8475	2
1472.73775	737.37615	2	56.9288	2
1472.77640	491.93275	3	58.5408	2
1473.76265	492.26145	3	70.7937	2
1474.76825	738.39140	2	78.6892	2
1475.77400	492.93195	3	62.2662	2
1476.71030	739.36245	2	64.4151	2
1476.78430	739.39945	2	72.4028	2
1477.64380	493.55520	3	31.6614	2
1477.74180	739.87815	2	84.0902	2
1477.76090	739.88775	2	71.7151	2
1477.76770	739.89110	2	87.5728	1
1478.77805	740.39630	2	73.8051	2
1480.69005	494.57060	3	34.9012	2
1480.71735	741.36595	2	84.7114	2
1480.83740	494.61970	3	58.2548	2
1481.72545	494.91575	3	61.4522	2
1481.73570	494.91920	3	51.7666	1
1482.80580	742.41020	2	86.1436	1
1482.81150	742.41300	2	89.0934	2
1482.83035	742.42245	2	67.6100	2
1483.71400	495.57860	3	60.8442	2
1483.74385	495.58855	3	28.2596	2
1483.76240	742.88845	2	75.6256	2
1484.71440	743.36450	2	58.1843	1
1484.81100	743.41275	2	82.6058	2
1484.82120	495.94770	3	74.1001	2
1484.82215	743.41835	2	74.1573	2
1485.82480	496.28220	3	86.5029	2
1485.82545	743.92000	2	86.4983	2
1486.67350	496.56510	3	44.6423	2
1486.71955	496.58045	3	75.1364	2
1486.73390	744.37420	2	75.9277	3
1486.76455	744.38955	2	70.7190	2
1486.77795	496.59990	3	53.2807	2
1486.78160	496.60110	3	66.6892	2
1486.78220	744.39835	2	66.5648	2
1487.79800	744.90630	2	91.9515	1
1488.64900	745.33180	2	48.6937	2
1488.72280	745.36870	2	64.7817	1
1488.74225	497.25470	3	44.2975	2
1488.74300	745.37880	2	44.3791	2
1488.79440	497.27205	3	58.5921	2
1489.74775	745.88115	2	89.5816	2
1490.69420	746.35435	2	79.6168	2
1492.68090	747.34770	2	80.8157	1
1492.71015	747.36235	2	47.6563	2
1492.73835	498.58670	3	75.4093	2
1492.80735	498.60970	3	75.8742	2
1493.64920	747.83190	2	38.0883	1
1493.64950	498.89045	3	38.0576	2
1493.74760	498.92310	3	55.8574	1
1493.74840	747.88145	2	55.7885	2
1493.78220	498.93470	3	71.8252	1
1493.81730	747.91590	2	86.1705	1
1495.63500	499.55230	3	40.4941	1
1495.74055	499.58745	3	68.4716	2
1495.84055	748.92755	2	81.1254	2
1495.85485	499.62555	3	81.3759	2
1495.85690	748.93570	2	81.5549	1
1495.87220	499.63130	3	68.8745	2
1496.68665	749.35060	2	84.7971	2
1496.76285	499.92820	3	56.1449	2
1496.76445	749.38950	2	64.3274	2
1496.78525	749.39990	2	70.5992	2
1496.82600	749.42025	2	91.1757	2
1498.76060	750.38760	2	74.5883	2
1498.78075	750.39765	2	67.8963	2
1498.84145	750.42800	2	84.4473	2
1499.71395	500.91195	3	55.1537	2
1499.71565	750.86510	2	55.2173	2
1499.77090	750.89275	2	85.2471	2
1500.76185	501.26120	3	55.3506	2
1500.79520	751.40490	2	58.6741	2
1500.79970	501.27380	3	58.8788	2
1500.81640	501.27940	3	68.6136	2
1500.81645	501.27940	3	64.4466	2
1501.28700	751.65080	2	71.6913	4
1501.71600	501.57930	3	50.5041	2
1501.71635	751.86545	2	50.5672	2
1501.81400	751.91430	2	77.3760	1
1502.64700	752.33080	2	77.9678	2
1502.75250	752.38350	2	87.4484	2
1503.70600	502.24260	3	45.6040	2
1503.72040	752.86750	2	52.8794	2
1503.79535	752.90495	2	80.4741	2
1504.74990	502.59055	3	53.6328	2
1504.79660	753.40555	2	68.7333	2
1504.87735	502.63305	3	79.8008	2
1505.65290	502.89155	3	47.0347	2
1505.72655	502.91615	3	60.6380	2
1505.92125	753.96790	2	92.4150	2
1506.79405	754.40430	2	65.7164	2
1506.79415	754.40435	2	59.7554	2
1507.71360	503.57845	3	63.1440	2
1508.74175	503.92120	3	86.5724	2
1508.74265	755.37860	2	86.4054	2
1508.81325	503.94500	3	48.4520	2
1508.81440	755.41450	2	48.3781	2
1509.64420	504.22200	3	32.1432	1
1509.65755	504.22645	3	46.6400	2
1509.74715	504.25635	3	51.5915	2
1510.71280	504.57820	3	57.3422	2
1510.71490	756.36475	2	57.3738	2
1510.74575	756.38015	2	74.2492	2
1510.75290	504.59160	3	57.1186	1
1511.71600	504.91260	3	41.7731	3
1511.71600	756.86530	2	41.7362	2
1511.79470	756.90460	2	98.0447	2
1511.85740	756.93600	2	80.2032	2
1512.87640	505.29940	3	84.6495	2
1512.87645	757.44550	2	84.5485	2
1513.69815	757.85635	2	67.8002	2
1513.75080	757.88265	2	77.1653	2
1513.87135	505.63105	3	95.8960	2
1513.87445	757.94450	2	95.8167	2
1514.72335	505.91505	3	56.0193	2
1514.79765	505.93980	3	91.0737	2
1514.79925	758.40690	2	65.9593	2
1514.79940	758.40700	2	90.9372	2
1514.85500	758.43475	2	89.4511	2
1514.85535	505.95905	3	89.5462	2
1515.71735	506.24640	3	77.5686	2
1515.75370	758.88415	2	31.9579	2
1515.75390	758.88420	2	50.2951	1
1515.75400	506.25860	3	31.9180	2
1515.76140	758.88795	2	88.7789	2
1515.77065	506.26415	3	77.9282	2
1515.82160	758.91805	2	78.7461	2
1516.20805	759.11130	2	78.9299	4
1516.67400	759.34430	2	83.9270	1
1516.77815	759.39635	2	73.9507	2
1516.79995	759.40725	2	79.1462	2
1516.80130	506.60770	3	48.5684	1
1516.83310	759.42380	2	79.5468	2
1517.73125	759.87290	2	61.9148	2
1517.73840	759.87650	2	69.5665	2
1517.80845	506.94340	3	76.0922	2
1517.81150	759.91300	2	76.2423	1
1518.79420	760.40440	2	83.5742	2
1518.92495	507.31560	3	62.4494	2
1519.82765	760.92110	2	91.6803	2
1520.71860	761.36660	2	77.1370	2
1520.73610	761.37535	2	52.5575	2
1523.76220	762.88835	2	92.3728	2
1523.86765	508.96315	3	76.4719	2
1523.88115	762.94785	2	89.4808	2
1524.74080	763.37770	2	71.3821	2
1526.73315	509.91830	3	33.2385	2
1527.71030	510.24400	3	34.6490	2
1527.78475	764.89965	2	89.7031	2
1527.79960	764.90710	2	69.2453	1
1527.82630	764.92045	2	67.8329	2
1528.74655	765.38055	2	92.2845	2
1528.79975	765.40715	2	72.0543	2
1528.81070	510.61085	3	68.9589	2
1529.66530	765.83990	2	37.8615	2
1529.80845	765.91150	2	86.4139	2
1529.84150	510.95440	3	63.5811	2
1529.85780	510.95985	3	78.9955	2
1530.15625	511.05935	3	38.4314	4
1530.80390	511.27525	3	65.9052	2
1531.69850	511.57345	3	63.8040	2
1531.77515	766.89485	2	65.1055	2
1531.80140	766.90795	2	68.0026	2
1531.86890	766.94170	2	93.9446	1
1532.77465	767.39460	2	73.4359	2
1532.79935	767.40695	2	71.3418	2
1532.82065	767.41760	2	81.6076	2
1533.74280	512.25485	3	34.4106	2
1533.74645	767.88050	2	67.5550	2
1533.74680	512.25620	3	49.7061	1
1533.74805	767.88130	2	49.8195	2
1533.79980	767.90720	2	96.4243	2
1534.29765	768.15610	2	73.5425	4
1535.67075	512.89755	3	36.5800	2
1535.67890	768.84675	2	59.5724	2
1535.78410	512.93530	3	67.7076	2
1537.72040	513.58070	3	78.9283	2
1537.79355	769.90405	2	75.9377	2
1538.82315	770.41885	2	78.1142	2
1540.80735	514.60970	3	62.6419	2
1540.82065	514.61415	3	47.2437	2
1541.78675	514.93620	3	57.4026	2
1541.78820	771.90140	2	57.5112	1
1541.81710	771.91585	2	68.8977	2
1541.82935	514.95040	3	74.9583	2
1541.82980	771.92220	2	74.8618	2
1542.77065	515.26415	3	53.4519	2
1542.79110	772.40280	2	60.9885	2
1546.69850	774.35650	2	65.9866	2
1547.77410	516.93195	3	53.6520	2
1547.81960	774.91705	2	70.0950	2
1547.82350	516.94845	3	61.9996	2
1547.82405	774.91930	2	82.7868	2
1547.83090	516.95090	3	57.5683	2
1547.83250	774.92350	2	57.6008	2
1548.77640	775.39550	2	70.3614	2
1548.77805	517.26660	3	70.4198	2
1548.80025	517.27400	3	60.5148	2
1548.92420	775.46940	2	79.5694	2
1549.73905	775.87680	2	62.3735	2
1549.74370	517.58850	3	62.1989	1
1549.78255	775.89855	2	81.0360	2
1549.82900	775.92180	2	72.6093	2
1550.68835	517.90340	3	32.7578	2
1550.74100	517.92095	3	50.7934	2
1550.74725	776.38090	2	50.8553	2
1550.76950	517.93045	3	56.8976	2
1550.77080	776.39265	2	56.9685	2
1550.85235	776.43345	2	94.8291	2
1551.71610	518.24600	3	35.6549	2
1551.76760	776.89105	2	67.4264	2
1551.77480	518.26555	3	38.7002	2
1551.84770	776.93110	2	89.4891	2
1552.73360	518.58510	3	66.5880	1
1553.83135	518.95105	3	80.5126	2
1555.73845	778.87650	2	71.5550	2
1555.75005	519.59060	3	51.2152	2
1555.79035	778.90245	2	82.6971	2
1555.88200	519.63460	3	77.1012	2
1556.84215	779.42835	2	90.3594	2
1557.78210	779.89830	2	79.2586	1
1557.83020	779.92240	2	89.1585	2
1557.83110	520.28430	3	72.0215	2
1558.77270	780.39365	2	66.8294	2
1558.77380	780.39420	2	90.2456	1
1558.79860	780.40660	2	79.0707	3
1559.61055	780.81255	2	72.8781	2
1559.75175	520.92450	3	70.6624	2
1559.75870	520.92680	3	77.5888	1
1559.81870	780.91660	2	87.0469	1
1559.83570	780.92510	2	85.6100	2
1561.78965	781.90210	2	76.0240	2
1561.83560	781.92505	2	87.2794	2
1562.77315	521.93165	3	66.4458	2
1563.80400	522.27530	3	73.1644	2
1564.29895	783.15675	2	73.3137	4
1564.71705	783.36580	2	53.0506	2
1564.71720	522.57970	3	52.9716	1
1564.74230	783.37845	2	55.3867	2
1564.87895	783.44675	2	100.0472	2
1565.78675	522.93615	3	57.1777	2
1565.83190	522.95125	3	66.2611	2
1567.82670	784.92065	2	81.3191	2
1567.89155	784.95305	2	96.3684	2
1567.89290	523.63825	3	64.9404	2
1569.87765	785.94610	2	76.2439	2
1569.91285	785.96370	2	86.8317	2
1570.74515	524.58900	3	51.5345	2
1570.81055	786.41255	2	58.7145	2
1572.73650	525.25280	3	56.3426	1
1572.78310	787.39880	2	58.0730	2
1572.82290	787.41870	2	90.0696	1
1572.82955	525.28380	3	78.3620	2
1572.83170	787.42310	2	78.5024	2
1573.76345	787.88900	2	65.2078	2
1573.77900	787.89680	2	86.5670	1
1573.82650	787.92050	2	80.6635	2
1573.83735	787.92595	2	74.5312	2
1574.71145	788.36300	2	70.7243	2
1576.27625	789.14540	2	71.0207	4
1576.75490	789.38470	2	74.6598	2
1577.77065	789.89260	2	71.6171	2
1577.78980	789.90215	2	75.3526	2
1578.26120	527.09435	3	72.1745	4
1578.83715	527.28635	3	70.1109	2
1578.85370	527.29185	3	56.0291	2
1578.87375	790.44415	2	82.9542	2
1578.87440	527.29875	3	82.9218	2
1580.70035	527.90740	3	40.4181	2
1580.80495	527.94225	3	61.6316	2
1580.81840	791.41650	2	71.4452	1
1580.86075	791.43765	2	94.3081	2
1580.92855	527.98345	3	75.2242	2
1581.76550	791.89000	2	65.6604	1
1582.84685	792.43070	2	77.7270	2
1584.74195	529.25460	3	66.0788	2
1585.82195	529.61460	3	64.8173	2
1586.17955	794.09705	2	63.1762	4
1586.86780	794.44120	2	85.4286	3
1587.85200	794.93330	2	85.8491	1
1587.85800	530.29330	3	64.2126	2
1588.72705	795.37080	2	70.2044	2
1588.84665	795.43060	2	92.5424	2
1589.74120	795.87790	2	72.3058	1
1589.82045	530.94745	3	83.7146	2
1590.31455	796.16455	2	82.0010	4
1590.76490	796.38970	2	78.0551	2
1590.85410	796.43435	2	89.3479	2
1591.74860	531.59015	3	43.6476	2
1591.74970	796.88210	2	43.6227	2
1591.80195	531.60795	3	58.2146	2
1591.80430	796.90945	2	58.3618	2
1591.86295	796.93875	2	86.2462	2
1592.91535	797.46495	2	71.9265	2
1593.74195	532.25460	3	54.6537	2
1593.74250	797.87850	2	54.7409	2
1593.95005	797.98230	2	81.7864	2
1595.80640	798.91050	2	91.5358	2
1595.86240	532.96140	3	50.0429	2
1596.69460	533.23880	3	32.4583	1
1596.76745	533.26305	3	52.4927	2
1597.86860	799.94155	2	69.8306	2
1597.88340	799.94900	2	80.9620	1
1598.83700	533.95295	3	82.0995	2
1598.84535	800.42995	2	82.0310	2
1599.72525	800.86990	2	73.8903	2
1599.78690	800.90070	2	42.5077	1
1599.81250	534.27810	3	62.7016	2
1599.84790	800.93125	2	74.2264	2
1599.89405	534.30525	3	62.7904	2
1599.89830	534.30670	3	76.7407	2
1600.83390	801.42420	2	65.1317	1
1600.84315	534.62165	3	64.0654	2
1600.86870	801.44160	2	63.6458	1
1601.72720	801.87090	2	52.1444	1
1602.80135	802.40795	2	76.1541	2
1602.80490	802.40970	2	62.3523	1
1602.86280	802.43865	2	72.5794	2
1603.81050	802.91250	2	80.7277	2
1604.74395	803.37925	2	64.0131	2
1604.78415	535.93535	3	67.8191	2
1606.76250	536.59480	3	69.4193	1
1606.87600	804.44530	2	80.4090	1
1607.79590	536.93925	3	48.1467	2
1607.84940	804.93200	2	84.8636	2
1607.90320	536.97500	3	79.3939	2
1609.83600	537.61925	3	88.5151	2
1609.83855	805.92655	2	88.5262	2
1610.72005	806.36730	2	65.0867	2
1610.78340	537.93510	3	64.8400	1
1610.90880	806.46170	2	97.0158	2
1610.97185	537.99790	3	70.5210	2
1611.79015	806.90235	2	64.6796	2
1611.79060	806.90260	2	74.5494	1
1612.85015	807.43235	2	84.2945	2
1612.85705	538.62630	3	69.8310	2
1612.86855	807.44155	2	88.7426	2
1612.90485	538.64220	3	76.4662	2
1613.85195	807.93325	2	82.3206	2
1613.90385	807.95920	2	80.5493	2
1614.76170	808.38810	2	88.4885	2
1614.84120	808.42790	2	77.0472	2
1615.75940	539.59375	3	56.9925	2
1615.85730	539.62640	3	72.3748	2
1615.89620	808.95540	2	84.5733	1
1616.73225	539.91800	3	47.6232	2
1616.78270	809.39865	2	74.5001	2
1616.84820	809.43135	2	91.9241	2
1617.78795	809.90125	2	43.8855	2
1617.92060	809.96760	2	98.3460	2
1619.81575	540.94585	3	65.0810	2
1620.86170	541.29450	3	85.7733	2
1620.86430	811.43940	2	85.7676	2
1621.82900	811.92175	2	84.1949	2
1621.87300	811.94380	2	70.4005	2
1622.76535	541.92905	3	37.1293	2
1622.79810	541.93995	3	81.1859	2
1622.79850	812.40650	2	81.2447	1
1622.82820	812.42140	2	67.6075	1
1623.86130	812.93790	2	87.2743	1
1625.77450	813.89455	2	77.2938	2
1625.77650	813.89555	2	80.4837	2
1625.83230	542.95140	3	82.7219	1
1626.80910	814.41180	2	62.3095	1
1626.85645	543.29275	3	56.6243	2
1626.85980	814.43715	2	56.6721	2
1626.89970	814.45710	2	88.7403	1
1627.74855	814.88155	2	66.9421	2
1628.78980	543.93720	3	94.2968	2
1628.79120	815.40290	2	94.1717	2
1628.79565	815.40510	2	80.9692	2
1628.81700	543.94630	3	56.0474	2
1628.81735	815.41595	2	56.1083	2
1629.77980	544.26720	3	55.7843	1
1629.87435	815.94445	2	69.0825	2
1629.88365	815.94910	2	88.3555	2
1630.84510	544.62230	3	81.5073	2
1630.84590	816.43020	2	81.6418	2
1631.88750	544.96980	3	73.2396	1
1631.92465	544.98215	3	71.0866	2
1631.92660	816.97055	2	71.1692	2
1632.77735	545.26640	3	46.0260	2
1633.84295	545.62160	3	79.0772	2
1633.85640	545.62605	3	61.3015	2
1634.80025	818.40740	2	62.0930	2
1634.88760	545.96980	3	53.2428	2
1635.01060	546.01080	3	84.0582	1
1635.79735	818.90595	2	81.4552	2
1636.83240	819.42350	2	72.2550	2
1636.94435	819.47945	2	91.1812	2
1638.84125	547.28770	3	75.2542	2
1639.74165	820.87810	2	61.7658	2
1639.87615	547.63265	3	77.2552	2
1639.87685	820.94570	2	77.3243	2
1639.87840	547.63340	3	94.4502	1
1639.87895	820.94675	2	94.3158	2
1639.92940	820.97200	2	89.7087	2
1640.84855	547.95680	3	46.9610	2
1641.77180	821.89320	2	73.9318	2
1641.88315	821.94885	2	83.8024	2
1642.69060	822.35255	2	46.7916	2
1642.80600	822.41030	2	58.7332	2
1642.85110	548.62430	3	48.1312	2
1642.85290	822.43375	2	48.1952	2
1642.88315	548.63495	3	78.9618	2
1643.79075	548.93755	3	46.8244	2
1643.82315	822.91885	2	44.2338	2
1643.82895	822.92175	2	74.5283	2
1643.84050	548.95410	3	66.2225	2
1645.90375	549.64185	3	66.8660	2
1646.83910	549.95360	3	60.9586	2
1648.79330	413.20560	4	43.3845	2
1648.96830	413.24940	4	57.6710	1
1648.96950	550.66375	3	57.6320	2
1649.72135	825.86795	2	62.9471	2
1649.93560	825.97510	2	76.4574	2
1651.83470	826.92460	2	87.8632	1
1651.90680	826.96070	2	87.9950	2
1651.92640	551.64940	3	84.3891	2
1651.92725	826.97090	2	84.3268	2
1652.78710	551.93630	3	77.8459	2
1653.87280	552.29820	3	75.5044	2
1653.89530	827.95490	2	91.8692	1
1653.92250	552.31480	3	76.0978	2
1654.78790	828.40125	2	70.2666	2
1654.89400	828.45430	2	80.6820	1
1654.89880	828.45670	2	80.6563	1
1655.76350	552.92840	3	48.7510	2
1655.85610	552.95930	3	63.7604	2
1656.79960	829.40710	2	84.9575	1
1657.81705	829.91580	2	88.1907	2
1657.91940	553.64705	3	82.8841	2
1658.79090	553.93755	3	53.9832	2
1658.83795	830.42625	2	78.6466	2
1659.91065	554.31085	3	78.3956	2
1659.92550	830.97000	2	78.4743	1
1660.74445	554.58875	3	64.5008	2
1660.84200	554.62130	3	61.9772	1
1661.90430	831.95940	2	77.6798	1
1662.80065	555.27415	3	51.4699	2
1662.82915	832.42185	2	69.3382	2
1662.82925	555.28370	3	69.4435	2
1663.79585	555.60590	3	71.2556	2
1664.78155	833.39805	2	83.2276	2
1664.81015	833.41235	2	78.7516	2
1664.84210	833.42835	2	72.7606	2
1666.86975	834.44215	2	76.6124	2
1666.87110	556.63100	3	76.5350	3
1666.87540	834.44500	2	80.3618	2
1666.91770	834.46615	2	82.0674	2
1667.81575	556.94585	3	57.4341	2
1667.86485	834.93970	2	76.9216	2
1668.81430	557.27870	3	56.9076	2
1669.85330	835.93395	2	71.0533	2
1670.83705	836.42580	2	95.8608	2
1670.88455	557.96880	3	54.7989	2
1670.88525	836.44990	2	54.8943	2
1671.71730	558.24635	3	50.4198	2
1672.72360	558.58180	3	42.0156	1
1673.89905	558.97360	3	76.2834	2
1673.90075	837.95765	2	76.1831	2
1674.88665	838.45060	2	91.3717	2
1675.73750	559.58640	3	29.7194	1
1676.81810	839.41630	2	66.7653	2
1677.81360	560.27845	3	70.1431	2
1678.00590	560.34260	3	65.2495	1
1681.82240	841.91850	2	75.3438	2
1681.90150	561.64110	3	79.8592	2
1681.90260	841.95860	2	79.8082	3
1681.92405	841.96930	2	92.8977	2
1681.92515	561.64900	3	92.8799	2
1682.80000	842.40725	2	87.2171	2
1682.89355	842.45405	2	78.7090	2
1682.90280	561.97490	3	84.3816	1
1682.93220	842.47335	2	70.9675	2
1683.88665	842.95060	2	76.6808	2
1684.91450	843.46450	2	80.5154	2
1685.91445	562.97875	3	64.8177	2
1686.87460	563.29880	3	63.2490	2
1687.91740	844.96600	2	87.6107	2
1687.91740	563.64640	3	87.6923	2
1688.88380	845.44915	2	83.1611	2
1689.22490	564.08220	3	31.5413	4
1689.84040	564.28740	3	57.9185	2
1690.96220	564.66130	3	63.3644	2
1692.81860	565.28010	3	83.5534	2
1692.81985	847.41720	2	83.4732	2
1692.96385	847.48920	2	89.9488	2
1692.96735	565.32970	3	90.0473	2
1693.93550	565.65240	3	62.9565	1
1693.94115	565.65430	3	81.9806	2
1694.80260	565.94145	3	49.8682	2
1695.32905	848.67180	2	69.0981	4
1696.77470	849.39460	2	62.7983	2
1696.84075	849.42765	2	85.7437	2
1696.90650	566.64275	3	85.0683	2
1696.90840	849.46150	2	84.9624	2
1697.83775	566.95320	3	50.1273	2
1697.90185	566.97455	3	77.2217	2
1697.90395	849.95925	2	77.2881	2
1698.00745	567.00975	3	82.1889	2
1698.00890	850.01175	2	82.2661	2
1698.79265	850.40360	2	82.2030	2
1698.88760	567.30315	3	81.2547	2
1698.89690	567.30625	3	84.1345	2
1698.89880	850.45665	2	84.1287	2
1698.90450	567.30880	3	58.0673	2
1699.83985	567.62055	3	82.4840	2
1699.86055	567.62745	3	77.6465	2
1699.86920	567.63035	3	75.4429	2
1700.88495	851.44975	2	65.8093	2
1700.91070	851.46260	2	80.0210	2
1701.86840	568.29670	3	60.4703	1
1703.81570	568.94585	3	60.1528	2
1704.72740	427.18910	4	25.7086	1
1704.72905	569.25030	3	25.5927	2
1704.89570	853.45515	2	90.4833	2
1704.91730	569.31305	3	70.2384	2
1705.83760	569.61980	3	46.8309	3
1705.83905	853.92680	2	46.8752	2
1705.85340	853.93400	2	67.8508	1
1705.87900	853.94680	2	95.7855	1
1705.88410	853.94930	2	68.9530	2
1705.88420	569.63530	3	68.8788	3
1705.92520	569.64900	3	66.7420	2
1706.89015	854.45235	2	87.9588	2
1706.90405	569.97525	3	89.0568	12
1707.39665	854.70560	2	83.9234	4
1707.80755	854.91105	2	80.6749	2
1707.88835	854.95145	2	93.3023	2
1707.89820	570.30670	3	76.7866	5
1707.97810	854.99630	2	78.3081	2
1707.97825	570.33335	3	78.4322	2
1708.75925	570.59370	3	55.4164	2
1709.98265	571.00150	3	75.5602	2
1710.01730	571.01305	3	79.9303	2
1710.92460	856.46960	2	76.0380	2
1712.88995	857.45225	2	66.1614	2
1712.93810	571.98665	3	68.3227	2
1714.90030	572.64070	3	62.0701	3
1714.90115	858.45785	2	62.1468	2
1714.90550	858.46000	2	70.2100	2
1716.89215	859.45335	2	86.3523	2
1717.86360	573.62845	3	71.5289	2
1717.86530	859.93995	2	71.5791	2
1717.86900	859.94180	2	83.4362	1
1717.89935	859.95695	2	93.5209	2
1721.76220	861.88840	2	37.1952	2
1722.87420	575.29865	3	75.3068	2
1722.89760	575.30650	3	82.4306	1
1722.89785	575.30655	3	75.7787	2
1723.02380	575.34855	3	69.0989	2
1723.02530	862.51990	2	69.1359	2
1724.87670	863.44560	2	81.9487	2
1725.82585	863.92020	2	66.4538	2
1725.95045	863.98250	2	85.6847	2
1726.01565	576.34580	3	81.7554	2
1726.93655	576.65280	3	73.2752	2
1728.78970	577.27050	3	63.0845	2
1729.00340	577.34175	3	82.3263	2
1730.75685	577.92620	3	64.2449	2
1730.89555	866.45505	2	72.5276	2
1731.04175	578.02115	3	88.7177	2
1731.92425	866.96940	2	86.1242	2
1733.87370	578.96520	3	75.4303	2
1733.87405	867.94430	2	75.4246	2
1733.89470	867.95460	2	90.4135	1
1735.78615	868.90035	2	78.5894	2
1735.81960	434.96220	4	79.9147	1
1735.87945	579.63375	3	78.4209	2
1735.96550	579.66245	3	97.4344	2
1735.97015	868.99235	2	97.3459	2
1736.84705	579.95625	3	80.1505	2
1736.84715	869.43085	2	80.1701	2
1737.92685	580.31625	3	78.2373	2
1737.98810	870.00135	2	90.7158	2
1738.80380	870.40915	2	68.1498	2
1738.81905	580.61360	3	59.6292	2
1738.82030	580.61405	3	65.3503	2
1739.84380	580.95520	3	69.7694	2
1739.88625	580.96935	3	67.7675	2
1742.87365	581.96515	3	67.0027	2
1743.80380	872.90915	2	67.2672	2
1743.81220	872.91340	2	50.5644	2
1743.98345	872.99900	2	95.3710	2
1744.90015	582.64065	3	71.0502	2
1745.83670	582.95280	3	59.0228	1
1745.91455	582.97875	3	73.5458	2
1745.94110	873.97785	2	82.5418	2
1746.79855	874.40655	2	89.6366	2
1748.87520	583.96570	3	62.5864	2
1749.86470	584.29550	3	61.6439	1
1749.86615	875.94035	2	61.5680	2
1750.00950	584.34375	3	55.7537	2
1750.01205	876.01330	2	55.8180	2
1751.93710	876.97580	2	90.6658	2
1752.89060	585.30410	3	48.7415	1
1752.98625	585.33605	3	86.2080	2
1752.98845	877.50150	2	86.1157	2
1753.84970	585.62380	3	52.5157	1
1754.86415	878.43935	2	74.9302	2
1755.85910	878.93685	2	70.5422	2
1755.90590	878.96020	2	90.3377	2
1755.92820	878.97140	2	71.6716	1
1756.88885	586.63690	3	79.2311	2
1756.89065	879.45260	2	79.1076	2
1757.92360	586.98180	3	73.8594	2
1758.79355	880.40405	2	48.9904	2
1758.83270	587.28480	3	76.9922	2
1759.84625	880.93040	2	89.3070	2
1759.84925	587.62370	3	65.3856	2
1759.91245	880.96350	2	88.1470	2
1760.92370	587.98185	3	80.0934	2
1760.93960	881.47710	2	87.7691	2
1761.89635	588.30605	3	73.4969	2
1762.84250	882.42850	2	75.9922	2
1763.83380	882.92420	2	61.3977	2
1763.91590	882.96520	2	77.8949	1
1764.32530	589.11570	3	62.5268	4
1765.00075	589.34085	3	92.6486	2
1765.00125	883.50790	2	92.6180	2
1766.94670	884.48060	2	83.9802	3
1766.96850	884.49155	2	86.6816	2
1767.03320	590.01835	3	81.4493	2
1767.82380	590.28185	3	64.3570	2
1767.85320	590.29165	3	88.9997	2
1767.85850	884.93655	2	89.0137	2
1767.97310	590.33165	3	88.5562	2
1768.90105	885.45780	2	79.7291	2
1769.01855	590.68010	3	80.3281	2
1769.91695	885.96575	2	66.8079	2
1770.00550	591.00910	3	73.7508	2
1770.88730	591.30300	3	81.3742	1
1771.91500	591.64560	3	75.2772	1
1772.33445	887.17450	2	76.7978	4
1774.88555	888.45005	2	58.2734	2
1774.93490	888.47470	2	88.8934	1
1775.37780	592.79985	3	59.4942	4
1776.89810	593.30665	3	66.7364	2
1777.32140	889.66795	2	63.7417	4
1778.98800	594.00330	3	71.8436	1
1778.99035	890.50245	2	71.7092	2
1779.98900	891.00180	2	73.2840	2
1780.40360	594.47510	3	53.2336	4
1782.87525	595.29905	3	75.6197	2
1783.84580	892.93020	2	73.0925	2
1784.88175	595.96785	3	61.9333	2
1784.88200	893.44825	2	61.9726	2
1784.91580	595.97920	3	54.9483	2
1785.89030	596.30400	3	88.1828	1
1785.89130	893.95290	2	88.0302	2
1788.91240	597.31140	3	35.1901	2
1789.93080	895.97270	2	81.8782	2
1791.84620	598.28930	3	49.5824	1
1792.90985	598.64390	3	61.4250	2
1793.05490	598.69220	3	97.3612	1
1793.05835	897.53645	2	97.2613	2
1793.87355	897.94405	2	89.4180	2
1793.92130	897.96795	2	84.1618	2
1794.81635	898.41545	2	63.2312	2
1794.85980	898.43720	2	81.5730	2
1794.98520	898.49990	2	79.2964	2
1796.85615	599.95930	3	74.0803	2
1796.87990	599.96720	3	83.7669	2
1796.97915	600.00030	3	70.6710	2
1799.92775	600.98320	3	99.3484	2
1799.93175	900.97315	2	99.3543	2
1800.99900	601.34030	3	82.2160	1
1804.86855	602.63015	3	65.5781	2
1804.89700	602.63960	3	77.7152	2
1804.97190	602.66460	3	78.1686	3
1804.97525	903.49490	2	78.5227	2
1805.36055	903.68755	2	65.0691	4
1805.87945	903.94700	2	76.7330	8
1806.03660	603.01950	3	71.7365	1
1806.88210	904.44835	2	68.7225	2
1806.89965	603.30715	3	84.0550	2
1809.91650	905.96550	2	72.8259	2
1809.99920	906.00685	2	73.0277	2
1813.90420	907.95940	2	85.8277	1
1813.95290	907.98370	2	83.4848	2
1814.80100	605.94095	3	79.9191	2
1814.80530	908.40995	2	79.9618	2
1814.97025	605.99735	3	65.8643	2
1815.92430	908.96945	2	86.1782	2
1815.94040	606.32070	3	72.0633	1
1816.88780	606.63650	3	78.6704	1
1817.86340	606.96175	3	69.3329	2
1817.90135	606.97440	3	49.5371	2
1820.86220	911.43835	2	58.9766	2
1820.91370	607.97850	3	78.8645	2
1821.00400	608.00860	3	79.9814	2
1821.06270	608.02815	3	83.8112	2
1821.84765	608.28980	3	80.3222	2
1821.89815	608.30665	3	52.9298	2
1822.90840	912.46150	2	85.1408	1
1822.91580	912.46520	2	72.2643	1
1823.89140	608.97110	3	83.6531	2
1823.90440	608.97540	3	68.0640	2
1825.86365	609.62845	3	55.2311	2
1825.86490	913.93975	2	55.2949	2
1825.89580	913.95520	2	66.9205	2
1826.95565	914.48510	2	78.5020	2
1827.94105	610.32095	3	73.7103	2
1827.96910	610.33030	3	65.3166	2
1827.97035	914.99245	2	65.2534	2
1828.91275	915.46365	2	84.0956	2
1828.95250	915.48355	2	73.3659	2
1832.00825	611.67665	3	72.4677	2
1832.91715	611.97965	3	76.1918	2
1832.92820	611.98335	3	60.5785	2
1833.93875	917.97665	2	80.0584	2
1833.96560	612.32910	3	87.6792	2
1833.97420	917.99440	2	76.7984	1
1835.79745	612.93975	3	59.3952	2
1836.04710	613.02295	3	73.3070	2
1836.92450	613.31540	3	85.3885	2
1838.11560	613.71250	3	73.8858	1
1838.95790	613.99325	3	63.7493	2
1839.99555	614.33915	3	64.2037	2
1840.89340	614.63840	3	77.9397	2
1841.01605	614.67930	3	69.9428	2
1841.01660	921.51560	2	69.8844	2
1841.85890	614.96025	3	49.4016	2
1842.93220	615.31800	3	65.5246	2
1842.97380	615.33190	3	71.5524	2
1843.99480	923.00470	2	82.7027	2
1844.89160	615.97115	3	62.9608	2
1844.91100	615.97760	3	67.2019	2
1845.99345	616.33845	3	85.9937	2
1845.99495	924.00475	2	86.1841	2
1846.79240	924.40350	2	71.9456	2
1846.93690	924.47570	2	74.8899	2
1846.96905	924.49180	2	84.8721	2
1849.89590	925.95520	2	89.8686	1
1849.95900	617.66030	3	85.4769	1
1852.02000	927.01730	2	83.0364	2
1853.92880	618.98355	3	60.8682	2
1854.92635	928.47045	2	92.1118	2
1856.85940	619.96040	3	54.6242	1
1856.88045	929.44750	2	82.7605	2
1860.94970	621.32385	3	88.7875	2
1860.95190	931.48320	2	88.8487	2
1860.99970	621.34050	3	75.5828	2
1861.91650	931.96550	2	87.9200	1
1861.98695	621.66955	3	83.0394	2
1862.81970	621.94720	3	60.0349	2
1862.87125	932.44290	2	86.9351	2
1863.98920	622.33700	3	88.2562	2
1864.88230	622.63470	3	72.9090	2
1866.01495	623.01225	3	81.6016	2
1867.84290	623.62160	3	53.8332	2
1867.90715	934.96085	2	83.4145	2
1868.83480	935.42470	2	63.5151	2
1872.89695	625.30625	3	53.5702	2
1873.94655	625.65615	3	76.0553	2
1873.96845	937.99150	2	81.0930	2
1875.87480	626.29890	3	70.8966	1
1876.99490	626.67220	3	75.0027	1
1880.97540	627.99905	3	62.7715	2
1882.97720	628.66630	3	71.2834	1
1882.97735	942.49595	2	71.1393	2
1883.88250	628.96810	3	75.8480	2
1883.88375	942.94915	2	75.7466	2
1883.92040	628.98070	3	70.6206	1
1884.87660	629.29950	3	66.7961	2
1885.87225	943.94340	2	65.6093	2
1885.92015	629.64730	3	84.0358	2
1885.92230	943.96845	2	83.9997	2
1886.90215	944.45835	2	68.8368	2
1886.90240	629.97470	3	68.7779	2
1887.87435	944.94445	2	82.5476	2
1888.00345	630.34175	3	81.2895	2
1890.93770	631.31980	3	69.7365	2
1890.94870	631.32350	3	74.0979	2
1890.99445	631.33875	3	84.8108	2
1891.98520	631.66900	3	72.6651	1
1892.06800	947.04130	2	82.9783	2
1893.95790	947.98625	2	85.4791	2
1893.97805	632.33330	3	58.1302	2
1895.89210	948.95335	2	72.4342	2
1899.87855	950.94655	2	70.3022	2
1899.98465	634.33550	3	62.2034	2
1902.89655	952.45555	2	79.7622	2
1903.93295	635.65160	3	77.5049	2
1904.96880	953.49170	2	77.2226	1
1904.97020	635.99735	3	74.9216	2
1904.97235	953.49345	2	75.0373	2
1908.96840	955.49150	2	86.5085	2
1909.97910	478.50205	4	70.9891	2
1909.98070	637.66750	3	71.0278	2
1909.99525	637.67235	3	75.6564	2
1910.17200	637.73125	3	79.1708	2
1911.89050	956.95250	2	72.8894	2
1911.99910	638.34030	3	81.4142	2
1912.00015	957.00735	2	81.3756	2
1912.89720	957.45590	2	67.0325	1
1912.91430	638.64535	3	32.2825	2
1912.99055	638.67075	3	73.9205	2
1913.09900	638.70695	3	70.6564	2
1914.98030	639.33400	3	68.6834	3
1915.05395	479.77080	4	74.4657	2
1916.95310	639.99160	3	66.1315	1
1918.85275	640.62485	3	46.9060	2
1919.77200	640.93125	3	39.5058	2
1919.90765	960.96110	2	91.2338	2
1920.96640	641.32940	3	61.0007	1
1920.99650	641.33940	3	82.3608	2
1921.93120	961.97290	2	95.6352	2
1923.88705	962.95080	2	78.6706	2
1923.96375	642.32850	3	72.3409	2
1924.02090	642.34760	3	78.0240	2
1926.99685	643.33955	3	89.6971	2
1930.94130	644.65435	3	83.0671	2
1930.94790	966.48120	2	83.2491	1
1932.83835	645.28670	3	57.4529	2
1932.84130	967.42795	2	57.5519	2
1932.94250	967.47850	2	86.1762	1
1933.09090	967.55270	2	86.6341	2
1934.07970	645.70050	3	86.5663	2
1935.07915	646.03365	3	78.8074	2
1935.93100	646.31760	3	65.1383	2
1937.92600	969.97030	2	91.7901	2
1937.92685	969.97070	2	87.8387	2
1937.93210	646.98460	3	91.8405	2
1937.93610	969.97530	2	85.7495	2
1937.94450	646.98875	3	78.5167	2
1937.94855	969.98155	2	78.6233	2
1938.93780	970.47615	2	90.8142	2
1938.95440	970.48445	2	79.7932	2
1939.01735	647.34640	3	74.5938	2
1941.87980	648.30050	3	57.2612	2
1942.04205	648.35465	3	76.1801	2
1942.47645	648.49945	3	85.1004	4
1942.84180	648.62120	3	60.3665	2
1942.96560	972.49010	2	86.0785	1
1943.94060	648.98750	3	73.7664	2
1944.98440	649.33540	3	66.3061	2
1945.89620	649.63930	3	65.8652	1
1947.93150	650.31775	3	72.0154	2
1947.94530	974.97990	2	85.2832	1
1947.98505	650.33565	3	80.1110	2
1947.98570	975.00015	2	80.0787	2
1948.99500	975.50480	2	85.9769	1
1950.98040	651.33405	3	71.3904	2
1951.98835	651.67005	3	87.4150	2
1951.99070	651.67080	3	70.8605	1
1951.99155	977.00305	2	87.3465	2
1954.89695	978.45575	2	80.7362	2
1955.94045	652.98740	3	58.7058	2
1956.05750	653.02645	3	81.1164	2
1956.90150	653.30775	3	65.6635	2
1956.99265	979.50360	2	75.3211	2
1957.94060	979.97760	2	86.2410	1
1961.03510	981.52480	2	87.5446	4
1961.04500	654.68895	3	87.5803	2
1963.04740	655.35640	3	75.0836	1
1963.05000	982.53230	2	75.0487	2
1966.08230	984.04840	2	89.3777	2
1966.93765	656.65315	3	74.3535	2
1966.97925	984.49690	2	96.1170	2
1966.97980	656.66720	3	96.1410	2
1967.00335	656.67505	3	81.9947	2
1970.05990	657.69390	3	75.9905	1
1970.06930	657.69705	3	76.8106	2
1970.98180	658.00120	3	60.2697	2
1973.06970	494.27470	4	59.2964	1
1973.06970	658.69720	3	59.2957	2
1976.01950	989.01700	2	94.3624	2
1976.02290	659.68155	3	94.4197	2
1976.96540	659.99575	3	83.5473	2
1977.03450	989.52455	2	81.1784	2
1978.89840	660.64010	3	35.2210	2
1979.03375	660.68515	3	86.7962	2
1983.02930	662.01700	3	85.8603	1
1984.02740	662.34975	3	78.9336	2
1984.02855	993.02155	2	78.8133	2
1985.95975	993.98715	2	72.3687	2
1988.04700	663.68960	3	70.6047	2
1989.02470	664.01550	3	73.6756	2
1992.01890	997.01675	2	92.2334	2
1992.05900	665.02690	3	79.1763	2
1994.00455	665.67545	3	93.2005	2
1994.00675	998.01065	2	93.1178	2
2001.00060	668.00750	3	83.3439	2
2002.96235	1002.48845	2	75.5041	2
2002.98455	668.66880	3	66.8659	2
2003.03175	1002.52315	2	88.4207	2
2003.03210	668.68460	3	88.3218	2
2004.09065	669.03750	3	78.3363	2
2009.03610	670.68600	3	57.8069	2
2009.08370	670.70185	3	76.3435	2
2010.00240	1006.00850	2	91.4399	2
2010.99640	1006.50545	2	76.4373	2
2016.99240	1009.50350	2	79.4498	2
2019.07210	674.03130	3	93.4275	2
2022.01840	675.01340	3	63.4390	2
2024.89605	1013.45530	2	55.4491	2
2024.97680	675.99950	3	36.9401	1
2026.12310	1014.06885	2	84.9646	2
2026.12355	676.38180	3	85.2488	2
2027.05565	676.69245	3	86.7720	2
2031.02995	678.01725	3	86.8637	2
2033.06325	678.69500	3	71.9822	2
2034.06410	679.02860	3	70.7737	1
2035.86160	679.62780	3	57.0229	2
2037.04230	680.02135	3	64.6385	2
2039.98500	681.00230	3	69.1867	1
2041.07590	681.36590	3	79.2624	2
2041.97645	681.66605	3	71.9259	2
2043.01020	682.01065	3	81.5360	2
2043.01160	1022.51310	2	81.6331	2
2047.98190	683.66790	3	47.5028	2
2048.04715	683.68965	3	94.6273	2
2048.05170	1025.03315	2	94.6030	2
2048.95860	683.99345	3	75.7065	2
2049.04235	684.02135	3	86.3084	2
2050.03540	684.35240	3	87.9873	1
2052.92955	1027.47205	2	74.6844	2
2054.89660	685.97280	3	68.4191	2
2058.07100	687.03090	3	96.3651	1
2058.07845	1030.04650	2	96.3129	2
2059.00500	687.34225	3	76.5000	2
2059.08370	687.36850	3	90.0028	1
2059.92995	687.65055	3	66.9834	2
2059.97045	1030.99250	2	83.8726	2
2063.99580	1033.00520	2	79.4770	1
2064.03100	1033.02280	2	87.9260	1
2064.04765	689.02315	3	88.8122	2
2064.04785	1033.03120	2	88.7847	2
2064.96050	1033.48755	2	83.6741	2
2067.99085	690.33755	3	68.1771	2
2070.95920	1036.48685	2	71.6143	2
2071.03385	1036.52420	2	90.9860	2
2071.03540	691.35240	3	66.1137	2
2072.12560	691.71580	3	87.1680	2
2073.10375	692.04185	3	75.9574	2
2075.08045	692.70075	3	71.2554	2
2076.04885	693.02355	3	66.6810	2
2078.06600	693.69590	3	77.8996	2
2079.02880	694.01690	3	73.3899	1
2080.10425	521.03335	4	69.6724	2
2080.10440	694.37540	3	70.0186	2
2086.04150	1044.02805	2	87.8012	2
2090.44715	1046.23085	2	85.7026	2
2092.08525	698.36905	3	73.3009	2
2092.97580	1047.49520	2	86.4979	2
2093.11265	1047.56360	2	79.3207	2
2093.11300	698.71160	3	79.3460	1
2093.98085	1047.99770	2	85.2605	2
2093.98290	699.00155	3	85.3551	2
2094.94655	699.32275	3	50.5336	2
2094.99010	1048.50230	2	83.3257	2
2095.00335	699.34170	3	68.4770	2
2097.94480	1049.97970	2	85.9709	1
2100.06670	701.02950	3	91.5094	1
2101.86380	701.62850	3	70.0769	1
2104.07290	1053.04375	2	72.1627	2
2104.56355	702.52845	3	72.8610	4
2105.15040	702.72410	3	89.7837	2
2106.02340	703.01510	3	70.3818	1
2106.94780	703.32320	3	66.5276	1
2114.12730	705.71635	3	94.4110	2
2114.13400	1058.07430	2	94.5710	1
2119.04980	707.35720	3	63.2856	2
2121.13230	708.05140	3	81.9387	1
2122.10160	708.37450	3	69.4677	1
2125.15750	709.39310	3	92.5095	2
2126.14280	1064.07870	2	76.9518	2
2126.14310	709.72165	3	76.9861	2
2131.17970	711.40050	3	82.8566	2
2136.95520	713.32565	3	75.7204	2
2137.12020	713.38065	3	69.3495	2
2143.09250	715.37145	3	80.9114	2
2148.10735	717.04305	3	60.7313	2
2151.09570	718.03915	3	77.4446	2
2156.01520	719.67900	3	64.7852	2
2160.04500	721.02230	3	62.7535	1
2165.06540	722.69570	3	76.1466	1
2169.12305	724.04825	3	75.6453	2
2170.03080	724.35090	3	75.4185	3
2180.97300	1091.49380	2	66.0718	1
2181.13795	1091.57625	2	79.8590	2
2181.13860	728.05350	3	79.8680	2
2190.06615	1096.04035	2	74.0437	2
2190.06620	731.02935	3	74.1072	2
2201.11825	734.71335	3	72.7716	2
2205.01435	736.01205	3	70.9005	2
2205.09815	1103.55635	2	98.1982	2
2205.09825	736.04000	3	98.3998	2
2214.08330	1108.04890	2	79.1062	1
2227.05190	1114.53325	2	54.5692	2
2227.05200	743.35795	3	54.5421	2
2236.11355	746.37845	3	84.9564	2
2240.18190	747.73455	3	84.2334	2
2240.18335	1121.09895	2	84.1948	2
2250.02050	751.01410	3	45.7867	2
2266.18730	567.55410	4	73.7343	1
2269.26135	757.42770	3	82.4726	2
2279.05890	760.69355	3	68.0250	2
2282.08360	761.70180	3	63.3720	2
2282.17600	761.73260	3	79.3400	1
2283.15920	762.06035	3	81.2444	2
2284.24120	762.42100	3	93.4868	2
2291.01890	764.68020	3	66.5787	2
2291.01890	1146.51675	2	66.5700	2
2295.09230	766.03800	3	79.2033	2
2297.12480	766.71550	3	69.2817	2
2298.11180	767.04450	3	51.9238	2
2299.15200	767.39130	3	63.8880	1
2306.10440	769.70870	3	77.3675	2
2314.08810	772.37000	3	60.6172	1
2323.19735	1162.60595	2	84.6788	2
2323.28700	775.43625	3	88.7058	2
2336.17430	779.73200	3	83.2431	1
2347.18800	783.40330	3	58.4971	1
2364.20000	789.07390	3	76.3196	1
2372.21585	791.74590	3	85.6845	2
2376.09810	793.04000	3	50.7034	1
2379.16430	794.06205	3	62.3049	2
2379.16515	595.79855	4	62.2282	2
2387.14240	796.72140	3	84.8991	2
2389.99245	797.67140	3	61.1931	2
2391.16480	798.06220	3	80.5751	2
2391.19025	1196.60240	2	94.8476	2
2401.30140	801.44105	3	81.4725	2
2404.07545	802.36575	3	70.6994	2
2407.22690	803.41625	3	75.4710	2
2416.24085	806.42090	3	83.8640	2
2427.23930	607.81710	4	60.0533	1
2435.25415	812.75865	3	64.8785	2
2440.34810	814.45660	3	90.7483	2
2456.21335	819.74505	3	78.1251	2
2460.19035	821.07070	3	85.0300	2
2519.20360	840.74180	3	65.0461	1
2525.30055	842.77410	3	85.5211	2
2532.23250	845.08475	3	73.5864	2
2549.47095	638.37500	4	84.5002	6
2549.47145	850.83105	3	82.8627	2
2558.30000	853.77390	3	91.6419	1
2578.29600	860.43930	3	69.0402	1
2589.27035	864.09740	3	70.3357	2
2604.28000	869.10060	3	84.5673	1
2620.21705	656.06155	4	64.5374	2
2630.31740	877.77970	3	84.1570	1
2660.31520	887.77900	3	63.3161	2
2682.32000	895.11390	3	54.0856	1
2700.31450	901.11210	3	74.5242	1
2749.48205	917.50130	3	81.3709	2
2769.42530	924.14900	3	85.6390	1
2801.45070	701.37000	4	85.5041	1
2804.28150	935.76780	3	76.7405	2
2813.08280	938.70150	3	68.2287	1
3132.48730	784.12910	4	68.7787	1
3208.56275	803.14795	4	69.7753	2
3536.65500	1179.89230	3	83.9099	1
4062.00240	1016.50790	4	67.0208	1
