mono_mass	mz	charge	rt	n_psm
798.41295	400.21375	2	37.4196	2
798.46040	400.23745	2	42.7716	2
798.48520	400.24990	2	56.8073	2
798.48970	400.25215	2	31.7297	2
799.45520	400.73490	2	48.2807	2
800.43910	401.22685	2	37.3003	2
800.43980	401.22720	2	51.1244	1
800.45470	401.23460	2	50.3088	2
801.43510	401.72485	2	35.8574	2
801.45970	401.73710	2	44.0764	1
801.53275	401.77365	2	43.6197	2
802.38650	402.20055	2	37.9325	2
802.49850	402.25650	2	60.9587	1
802.49880	402.25670	2	60.9300	1
805.40800	403.71125	2	44.2065	2
805.44515	403.72990	2	50.3725	2
806.39585	404.20520	2	36.6880	2
806.45405	404.23430	2	59.6102	2
806.48940	404.25200	2	55.9264	1
807.41280	404.71365	2	39.1542	2
808.36295	405.18875	2	35.8870	2
808.39670	405.20560	2	48.4171	1
808.44020	405.22740	2	34.9486	1
808.44100	405.22780	2	34.9231	1
810.36910	406.19180	2	34.1802	1
811.35440	406.68450	2	36.6738	2
812.42200	407.21825	2	41.8067	2
812.43870	407.22660	2	39.2102	2
812.47550	407.24500	2	59.5547	1
812.51135	407.26295	2	48.0465	2
814.45475	408.23465	2	33.5296	2
814.45525	408.23490	2	50.7533	2
814.51655	408.26555	2	57.8518	2
815.43960	408.72705	2	37.8289	2
815.46880	408.74165	2	55.8784	2
815.47560	408.74510	2	41.3273	2
815.47620	408.74535	2	45.4996	2
815.49775	408.75615	2	36.9345	2
815.51260	408.76355	2	45.2498	2
816.44925	409.23190	2	65.6942	2
816.45865	409.23660	2	56.1845	2
816.47050	409.24255	2	36.6738	2
817.42970	409.72210	2	33.6805	2
817.48030	409.74740	2	66.0780	1
818.44000	410.22730	2	51.9824	2
818.48985	410.25220	2	73.1151	2
819.39125	410.70290	2	34.0573	2
819.41625	410.71540	2	39.2178	2
819.43125	410.72290	2	62.2266	2
820.43265	411.22360	2	38.1159	2
820.46920	411.24190	2	44.7732	2
820.48855	411.25155	2	70.9046	2
821.42790	411.72125	2	39.9310	2
822.39060	412.20260	2	31.1031	3
822.42385	412.21920	2	35.9701	2
822.42410	412.21935	2	41.9033	2
823.41850	412.71650	2	35.4552	1
823.42615	412.72035	2	53.7955	2
823.44430	412.72945	2	44.1433	2
824.43300	413.22380	2	27.1394	1
824.54885	413.28170	2	70.4117	2
826.49100	414.25280	2	38.9462	1
826.49125	414.25295	2	41.4560	2
826.52755	414.27105	2	48.8181	2
826.52805	414.27130	2	68.9236	2
827.49775	414.75615	2	36.4348	2
828.41540	415.21495	2	30.6105	2
828.47715	415.24585	2	37.8557	2
829.44805	415.73130	2	39.2807	4
829.46425	415.73940	2	40.9217	2
829.46555	415.74005	2	33.7187	2
829.49140	415.75300	2	54.9661	1
829.49195	415.75325	2	38.5877	2
829.50245	415.75850	2	35.7084	2
830.48630	416.25040	2	47.3147	1
831.47020	416.74240	2	34.2857	1
831.47035	416.74245	2	47.6822	2
831.49680	416.75565	2	61.1313	2
831.49685	416.75575	2	69.0621	2
832.39305	417.20380	2	33.4425	2
832.41320	417.21390	2	42.0102	1
832.42920	417.22190	2	44.3691	3
833.43995	417.72725	2	62.0881	2
834.43475	418.22465	2	36.9695	2
835.44360	418.72910	2	42.5474	3
836.38895	419.20175	2	39.6255	2
836.40255	419.20855	2	40.4717	2
836.43960	419.22710	2	42.7241	1
836.43995	419.22725	2	55.8522	2
837.40240	419.70845	2	47.0966	2
837.40540	419.70995	2	53.5023	2
838.39000	420.20230	2	34.5938	1
838.41810	420.21630	2	36.6077	2
839.42915	420.72185	2	54.2862	2
839.58450	420.79955	2	72.4310	2
840.46995	421.24225	2	42.2685	2
840.54330	421.27890	2	58.8520	2
840.54335	421.27900	2	74.1621	2
841.46575	421.74015	2	40.1388	2
841.49185	421.75320	2	54.1048	2
842.42820	422.22140	2	46.9367	3
842.46045	422.23750	2	38.9568	2
842.48465	422.24960	2	51.3669	2
842.48710	422.25085	2	41.5978	2
842.48805	422.25130	2	37.6757	2
842.52255	422.26855	2	48.2779	2
842.52285	422.26870	2	70.1608	2
842.53335	422.27395	2	33.5346	2
843.45030	422.73240	2	38.6050	1
843.48140	422.74800	2	43.9021	2
843.54235	422.77845	2	62.4001	2
844.45480	423.23470	2	53.0889	2
844.46495	423.23975	2	34.4012	2
845.45090	423.73270	2	37.4393	2
845.46075	423.73765	2	43.4410	2
845.46080	423.73770	2	36.6637	2
845.46480	423.73970	2	66.4864	2
845.48605	423.75030	2	51.8365	2
845.51245	423.76350	2	64.3667	2
845.53755	423.77605	2	75.4882	2
846.39910	424.20685	2	36.2507	2
846.42795	424.22125	2	42.1013	2
846.44890	424.23175	2	60.3350	2
847.42290	424.71875	2	43.0579	2
847.44455	424.72955	2	40.0649	2
847.48180	424.74820	2	44.8251	1
848.43790	425.22625	2	41.1829	2
848.43955	425.22705	2	52.3596	2
848.44440	425.22950	2	35.8255	2
850.45340	426.23395	2	45.6213	2
850.50290	426.25875	2	38.7254	2
851.36970	426.69210	2	39.9870	1
851.40235	426.70845	2	34.5955	2
851.42155	426.71805	2	44.8609	2
851.43870	426.72660	2	36.2997	2
852.45050	427.23250	2	59.7116	1
853.36125	427.68795	2	36.0677	2
853.39705	427.70580	2	42.1638	2
854.44000	428.22730	2	56.0843	1
854.46085	428.23770	2	39.3016	2
855.51750	428.76600	2	50.5981	1
856.43335	429.22395	2	63.6833	2
856.44840	429.23150	2	64.4945	1
856.46945	429.24200	2	49.2905	2
856.51220	429.26340	2	47.5499	1
856.51320	429.26390	2	47.4607	1
856.51480	429.26465	2	44.9549	2
856.53925	429.27690	2	56.9999	2
857.44320	429.72890	2	38.7504	1
857.46155	429.73805	2	39.5652	2
857.46260	429.73855	2	41.8525	2
857.49505	429.75480	2	45.6809	2
857.49680	429.75570	2	53.7604	1
857.49690	429.75575	2	54.3078	2
858.45560	430.23510	2	43.5340	2
858.46970	430.24210	2	42.9278	2
858.96260	430.48860	2	37.2283	4
859.46505	430.73980	2	46.1086	2
859.50155	430.75805	2	65.5374	2
860.42395	431.21930	2	35.3854	2
860.44170	431.22810	2	44.5199	1
861.44415	431.72935	2	43.9388	2
861.47090	431.74270	2	46.8033	2
861.49935	431.75695	2	47.9279	2
861.50770	431.76110	2	74.7270	2
862.38605	432.20030	2	38.5257	2
863.45050	432.73255	2	48.5019	2
863.45110	432.73280	2	34.1234	2
863.45700	432.73575	2	58.0367	2
864.41925	433.21690	2	48.9065	2
864.43510	433.22485	2	52.1437	2
864.50675	433.26065	2	63.1671	2
865.41590	433.71520	2	39.0218	2
865.45800	433.73630	2	39.6718	1
865.50110	433.75780	2	34.7713	1
865.50200	433.75830	2	34.8077	1
866.41090	434.21280	2	39.8185	1
866.41110	434.21280	2	39.8574	1
866.49845	434.25650	2	41.6568	2
867.41565	434.71510	2	49.2308	2
867.43460	434.72460	2	38.4442	2
868.45910	435.23680	2	37.0860	2
869.49695	435.75575	2	33.5645	2
869.53345	435.77400	2	59.1727	2
869.53405	435.77430	2	51.8065	2
869.55895	435.78675	2	66.2475	2
870.43760	436.22610	2	32.9386	1
870.44900	436.23180	2	53.7892	2
870.48140	436.24800	2	42.2527	2
870.51680	436.26570	2	57.3890	2
870.55365	436.28410	2	50.0574	2
871.44375	436.72915	2	37.5975	2
871.45090	436.73270	2	40.1625	2
871.53910	436.77685	2	58.7385	2
872.47420	437.24440	2	38.9774	1
872.49690	437.25580	2	55.4834	1
872.49720	437.25590	2	41.4913	2
872.51510	437.26485	2	63.0810	2
873.44400	437.72930	2	32.2397	1
873.47075	437.74265	2	44.6789	2
873.47195	437.74325	2	49.7759	2
873.48030	437.74740	2	47.7428	2
873.48085	437.74770	2	45.4252	2
873.49615	437.75535	2	66.7745	2
874.43390	438.22420	2	44.1080	2
874.45855	438.23655	2	49.0536	2
874.46700	438.24080	2	42.2164	1
874.46985	438.24220	2	34.9101	2
875.52205	438.76830	2	49.2090	2
875.52280	438.76870	2	60.3075	2
876.41275	439.21365	2	38.6381	2
876.43820	439.22640	2	67.8575	2
876.49590	439.25520	2	67.1948	2
877.42920	439.72190	2	42.7087	1
877.45475	439.73465	2	36.5749	2
877.46605	439.74030	2	48.8703	2
877.46715	439.74085	2	41.9659	2
877.50930	439.76190	2	69.2653	2
878.43160	440.22310	2	47.1464	1
878.48575	440.25015	2	49.4436	2
878.48600	440.25030	2	53.9336	2
879.39725	440.70590	2	33.8971	2
879.42020	440.71740	2	39.6820	1
880.41470	441.21460	2	38.0192	1
880.42945	441.22200	2	42.8092	2
880.54800	441.28130	2	52.8739	1
881.51600	441.76530	2	54.6382	1
882.48010	442.24730	2	35.6399	1
882.52920	442.27185	2	38.4658	2
883.47640	442.74550	2	46.7735	1
883.53800	442.77630	2	58.0605	2
883.53865	442.77660	2	50.4497	2
883.56025	442.78740	2	38.2041	2
884.44020	443.22740	2	43.5017	2
884.54400	443.27925	2	53.5815	2
884.56980	443.29220	2	73.3415	1
884.57210	443.29335	2	58.5994	2
885.42325	443.71890	2	38.3720	2
885.44465	443.72965	2	34.1522	2
885.48810	443.75130	2	34.6423	1
885.49205	443.75330	2	50.6925	2
885.55335	443.78395	2	64.2641	2
886.48750	444.25105	2	41.8992	2
886.49100	444.25280	2	55.5143	1
886.51200	444.26330	2	47.2581	1
886.51240	444.26350	2	47.0620	1
887.46020	444.73735	2	35.6773	2
887.49110	444.75280	2	40.7176	2
887.53250	444.77350	2	57.5042	2
888.46650	445.24055	2	37.5524	2
889.45855	445.73655	2	50.2411	2
889.46560	445.74010	2	47.4607	2
889.47705	445.74580	2	40.7718	2
889.48420	445.74940	2	69.4383	2
890.50480	446.25965	2	44.0788	2
891.44535	446.72995	2	48.7017	2
891.44845	446.73150	2	45.6734	2
891.48185	446.74820	2	62.3475	2
891.49780	446.75620	2	66.5610	1
891.50660	446.76055	2	65.7117	2
892.44070	447.22760	2	39.5897	3
892.48395	447.24925	2	76.1922	2
893.45895	447.73680	2	45.1518	6
893.50840	447.76150	2	36.7921	1
893.60645	447.81050	2	74.9967	2
894.44370	448.22910	2	42.2479	1
894.45610	448.23535	2	33.5521	2
894.46350	448.23905	2	40.6934	2
895.44700	448.73080	2	59.1168	2
895.46620	448.74040	2	40.7724	1
896.53435	449.27450	2	54.1076	2
897.40485	449.70970	2	66.1195	2
897.50280	449.75865	2	33.1266	2
898.40735	450.21100	2	65.6044	2
898.47865	450.24660	2	57.2511	2
898.48690	450.25075	2	34.6276	2
898.49095	450.25275	2	43.8182	2
898.54885	450.28170	2	66.3123	2
898.56075	450.28765	2	54.5773	2
899.43845	450.72650	2	53.0004	2
899.45085	450.73270	2	40.2273	2
899.50880	450.76165	2	55.3718	2
899.51515	450.76490	2	59.6101	2
900.45935	451.23695	2	40.7251	2
900.49220	451.25340	2	52.0233	1
900.50240	451.25845	2	49.9671	2
900.53940	451.27700	2	43.3346	2
901.41210	451.71335	2	48.4541	2
901.43300	451.72375	2	38.6380	2
901.48620	451.75035	2	32.9464	2
901.48645	451.75055	2	46.0135	2
901.52460	451.76960	2	41.9555	2
901.52730	451.77090	2	74.6097	1
902.41280	452.21365	2	47.0891	2
902.48240	452.24850	2	39.1072	1
902.50690	452.26070	2	45.5570	2
903.48125	452.74790	2	52.4209	2
903.49630	452.75540	2	37.0442	1
903.51005	452.76230	2	64.8615	2
903.52870	452.77160	2	41.6079	2
903.54360	452.77910	2	68.3870	2
904.42605	453.22030	2	31.4007	2
904.53805	453.27635	2	62.5493	2
905.45270	453.73360	2	43.3721	2
905.45270	453.73365	2	65.0568	2
905.46070	453.73760	2	31.7959	2
906.46720	454.24090	2	31.3511	2
906.51760	454.26605	2	47.4047	2
907.45165	454.73310	2	36.6344	2
907.50010	454.75730	2	47.9176	2
907.50100	454.75780	2	54.3850	3
908.43080	455.22270	2	48.6522	2
908.50660	455.26060	2	54.2386	1
908.56960	455.29205	2	56.4653	2
909.42540	455.72000	2	44.2257	2
909.42590	455.72025	2	54.6750	2
909.45630	455.73540	2	39.4980	1
909.47485	455.74470	2	69.8434	2
909.48000	455.74730	2	53.7291	1
911.38090	456.69775	2	33.3220	2
911.47565	456.74510	2	60.0266	2
911.48940	456.75200	2	42.5882	1
911.58070	456.79760	2	58.5084	3
912.54700	457.28080	2	41.7882	1
912.56535	457.28995	2	63.7034	2
913.42920	457.72185	2	47.9534	2
913.44730	457.73095	2	41.0384	2
913.47355	457.74405	2	70.6639	2
913.48705	457.75080	2	46.6640	2
913.50940	457.76200	2	32.4471	2
913.54830	457.78145	2	53.1598	2
913.55995	457.78725	2	38.5182	2
913.59650	457.80550	2	39.7736	2
914.50730	458.26095	2	40.4122	2
914.51815	458.26635	2	45.5365	2
915.44865	458.73160	2	36.3072	2
915.46680	458.74070	2	42.0433	2
915.50445	458.75950	2	31.8213	2
915.52090	458.76770	2	49.0779	1
915.53945	458.77700	2	34.4794	2
916.48600	459.25025	2	40.7811	2
916.49710	459.25585	2	37.0782	2
917.46390	459.73925	2	53.4404	2
917.48125	459.74790	2	37.7326	2
917.96445	459.98950	2	34.0008	4
918.44905	460.23180	2	79.3698	2
918.48340	460.24900	2	52.8569	2
918.49205	460.25330	2	63.6228	2
918.51695	460.26575	2	62.4210	2
918.51795	460.26625	2	56.3457	2
919.40695	460.71075	2	32.3686	2
919.40820	460.71140	2	60.8779	2
919.51180	460.76315	2	51.9195	2
919.51260	460.76360	2	46.2009	2
919.51305	460.76380	2	43.2284	2
919.51555	460.76505	2	56.7138	2
919.52220	460.76835	2	64.1152	2
920.49655	461.25555	2	49.7252	2
920.49725	461.25590	2	46.3151	2
920.50580	461.26020	2	41.0485	2
921.44565	461.73010	2	40.2296	2
921.44650	461.73050	2	36.8274	3
921.45560	461.73505	2	40.0464	2
921.46705	461.74080	2	35.0386	2
922.43925	462.22690	2	48.9968	2
923.43535	462.72495	2	43.2828	2
923.47225	462.74340	2	40.3248	2
923.58040	462.79745	2	77.4124	2
924.43730	463.22590	2	47.4353	2
924.53910	463.27680	2	51.9545	2
924.56425	463.28940	2	54.8217	2
925.46990	463.74220	2	78.7257	1
925.49770	463.75610	2	43.1048	1
926.51915	464.26685	2	38.4923	2
926.57970	464.29710	2	59.7404	2
926.59185	464.30320	2	60.8462	2
927.37340	464.69395	2	28.5846	2
927.44485	464.72975	2	46.0136	2
927.56415	464.78935	2	82.4920	2
928.45475	465.23465	2	50.0575	2
928.51620	465.26535	2	41.2646	2
928.52245	465.26850	2	50.9346	2
928.53415	465.27435	2	49.1713	2
928.55915	465.28685	2	62.0526	2
929.44620	465.73040	2	31.7211	1
929.48045	465.74750	2	36.4196	2
929.50715	465.76085	2	54.3366	2
929.51260	465.76355	2	47.6178	2
929.51700	465.76575	2	42.4393	2
929.51855	465.76655	2	40.4024	2
929.51900	465.76680	2	35.5991	3
929.54370	465.77910	2	59.1952	1
930.42340	466.21895	2	60.2979	2
930.46585	466.24020	2	34.5444	2
930.47810	466.24635	2	41.3173	2
930.51725	466.26590	2	64.1975	2
930.53950	466.27710	2	37.4941	1
931.46975	466.74215	2	35.3924	2
931.48620	466.75040	2	48.0785	2
931.50200	466.75830	2	55.2439	2
931.51200	466.76330	2	57.2589	3
931.53455	466.77460	2	67.1656	2
932.46425	467.23940	2	38.2979	2
932.54490	467.27970	2	41.5428	2
933.45615	467.73535	2	36.7196	2
933.46530	467.73995	2	50.5177	2
933.48445	467.74950	2	50.8806	2
933.50330	467.75895	2	51.7128	2
933.52890	467.77175	2	55.6744	2
933.53970	467.77715	2	32.1907	2
934.41495	468.21475	2	39.5075	2
934.45010	468.23230	2	38.7928	3
934.45110	468.23280	2	40.8586	1
934.48385	468.24920	2	42.3283	2
934.48620	468.25040	2	54.5421	1
934.48750	468.25105	2	32.7609	2
934.51270	468.26365	2	57.7099	2
934.51290	468.26370	2	49.4432	2
934.52405	468.26930	2	58.8829	2
935.45310	468.73380	2	35.9652	1
935.47090	468.74275	2	44.5055	2
937.41470	469.71465	2	33.9608	2
937.48700	469.75075	2	40.1972	2
937.51240	469.76350	2	57.0075	2
938.43455	470.22455	2	37.2280	2
939.43030	470.72245	2	61.6922	2
939.48175	470.74815	2	79.7545	2
939.48210	470.74835	2	58.8727	2
939.51425	470.76440	2	31.6556	2
939.55000	470.78225	2	76.3760	4
939.56430	470.78945	2	80.3101	2
940.44335	471.22895	2	44.4951	2
940.52660	471.27060	2	61.2740	2
941.43435	471.72445	2	37.9910	2
941.46415	471.73935	2	49.1853	2
941.55540	471.78500	2	49.9519	1
941.56580	471.79020	2	61.1313	2
941.57920	471.79685	2	66.0910	2
941.60610	471.81035	2	78.7915	2
942.50245	472.25850	2	35.4646	2
942.51325	472.26390	2	47.3731	2
942.53865	472.27660	2	48.1962	2
943.44760	472.73105	2	60.4440	2
943.46275	472.73865	2	35.2221	2
943.48530	472.74995	2	43.1614	2
943.49760	472.75610	2	34.8422	2
944.42500	473.21975	2	36.7947	2
944.43120	473.22285	2	62.8576	2
944.47530	473.24490	2	54.7465	2
944.49320	473.25390	2	42.6849	2
944.50030	473.25740	2	30.7373	1
944.51680	473.26570	2	62.0193	1
944.51810	473.26635	2	47.1757	2
944.51880	473.26670	2	44.7455	2
944.52885	473.27170	2	48.6754	2
944.55510	473.28485	2	54.0174	2
945.46000	473.73730	2	76.5877	2
945.51245	473.76350	2	40.1696	2
945.54960	473.78205	2	58.0788	2
946.50995	474.26225	2	36.4864	2
946.51305	474.26380	2	45.3307	2
946.52800	474.27125	2	69.0007	2
946.53420	474.27435	2	37.4663	2
946.54940	474.28200	2	73.6003	2
947.43485	474.72470	2	37.6514	2
947.48610	474.75040	2	41.6528	1
947.51485	474.76470	2	70.7899	2
948.46650	475.24055	2	52.1745	2
948.46695	475.24075	2	43.6885	2
948.61180	475.31315	2	55.9368	2
949.42835	475.72145	2	33.4186	2
949.48670	475.75065	2	53.5240	2
949.48695	475.75075	2	39.0609	2
949.49100	475.75280	2	86.1856	2
949.50540	475.76000	2	76.8979	2
949.52230	475.76840	2	46.6779	1
949.52750	475.77100	2	79.0035	2
950.45260	476.23360	2	49.4329	2
950.48180	476.24815	2	48.2870	2
950.48270	476.24865	2	46.1382	2
950.48615	476.25035	2	72.9344	2
950.50110	476.25780	2	58.7914	2
950.50755	476.26105	2	50.9248	2
951.49020	476.75240	2	59.5028	1
951.51810	476.76630	2	79.6709	2
952.44885	477.23170	2	42.4506	2
952.44920	477.23190	2	46.4354	2
952.46925	477.24190	2	50.0882	2
952.53535	477.27495	2	41.6262	2
954.44075	478.22765	2	35.4461	2
954.44525	478.22990	2	51.7692	2
955.53420	478.77440	2	62.2368	2
955.57030	478.79240	2	60.5078	2
956.50275	479.25865	2	37.8556	2
956.51905	479.26680	2	36.2111	2
956.52880	479.27170	2	46.2152	1
956.52900	479.27175	2	52.7453	2
956.52940	479.27200	2	43.5670	2
956.53645	479.27550	2	65.7670	2
956.57960	479.29710	2	77.0735	2
957.48910	479.75180	2	32.6829	4
957.51415	479.76435	2	47.1860	2
957.53150	479.77300	2	47.6968	1
957.53545	479.77500	2	31.2215	2
957.56050	479.78750	2	47.4677	2
957.59550	479.80500	2	46.5289	2
958.47135	480.24295	2	40.8580	2
958.48750	480.25100	2	55.7074	2
958.50735	480.26095	2	52.0521	2
958.51015	480.26235	2	56.0622	2
959.50690	480.76070	2	40.3429	2
959.53010	480.77235	2	42.1059	2
959.53320	480.77390	2	68.4073	1
959.55490	480.78470	2	57.2511	2
959.58260	480.79855	2	83.1793	2
960.44875	481.23165	2	34.5129	2
960.47530	481.24495	2	41.4103	2
960.51325	481.26390	2	38.6938	2
960.53145	481.27300	2	56.8907	2
960.53930	481.27690	2	60.7718	3
961.50900	481.76175	2	40.7760	2
962.47330	482.24390	2	45.0642	1
962.47375	482.24415	2	45.5952	2
962.50675	482.26065	2	61.8157	2
962.51925	482.26690	2	54.9851	2
962.53885	482.27670	2	85.7005	2
963.44455	482.72955	2	53.8210	2
963.50165	482.75810	2	39.5967	2
963.50580	482.76020	2	33.7034	2
963.55475	482.78465	2	74.1926	2
964.46155	483.23805	2	37.5653	2
964.47960	483.24710	2	68.7161	2
964.49785	483.25620	2	42.3206	2
964.52295	483.26875	2	53.4881	2
965.44470	483.72965	2	40.8653	2
965.45995	483.73725	2	37.1668	2
965.48170	483.74810	2	60.0818	2
965.62780	483.82120	2	81.9234	2
966.44085	484.22770	2	34.2139	4
966.46505	484.23980	2	41.1778	2
966.46640	484.24050	2	35.9451	2
966.48035	484.24745	2	43.9714	2
966.49160	484.25310	2	74.6946	1
966.52440	484.26945	2	46.0814	2
967.47900	484.74675	2	57.3039	2
967.50200	484.75825	2	71.4144	2
967.52405	484.76930	2	46.6387	2
967.54470	484.77960	2	36.1520	2
967.58155	484.79805	2	56.0342	2
968.44460	485.22960	2	39.7663	2
968.52845	485.27150	2	36.7519	2
968.52875	485.27170	2	48.2532	2
969.48040	485.74750	2	75.2512	1
969.48755	485.75105	2	39.7099	2
969.51310	485.76380	2	46.3436	1
969.52650	485.77050	2	49.6339	2
969.54900	485.78175	2	40.6096	2
969.56080	485.78770	2	52.1600	2
969.58610	485.80035	2	68.3295	2
969.58645	485.80050	2	63.4009	2
970.48715	486.25085	2	53.8765	2
970.54460	486.27955	2	55.3441	2
970.58110	486.29785	2	44.3504	2
970.58115	486.29785	2	68.6041	2
971.50385	486.75920	2	30.8440	2
971.52865	486.77160	2	47.8642	2
971.52890	486.77170	2	58.0896	2
971.52910	486.77185	2	35.3086	2
971.55435	486.78445	2	56.9484	2
971.56525	486.78990	2	32.8877	2
971.56680	486.79070	2	43.5898	1
972.44010	487.22730	2	30.1552	1
972.46685	487.24070	2	32.5805	2
972.47360	487.24410	2	68.1716	1
972.57195	487.29325	2	34.3108	2
973.50750	487.76105	2	41.4128	2
973.54385	487.77925	2	33.1765	2
974.50425	488.25940	2	37.3823	2
974.51845	488.26650	2	58.3272	2
975.47495	488.74475	2	44.7173	2
975.53845	488.77650	2	64.2323	2
976.49725	489.25590	2	57.4486	2
976.50920	489.26190	2	47.0426	2
976.52245	489.26850	2	59.7168	2
977.44445	489.72950	2	46.2943	2
977.48125	489.74790	2	44.8681	2
977.51925	489.76690	2	51.4183	2
978.46515	490.23985	2	45.1624	2
978.47785	490.24620	2	41.0781	2
978.50205	490.25830	2	59.4887	2
979.44935	490.73195	2	65.7670	2
979.46145	490.73800	2	38.0623	2
979.49680	490.75565	2	51.7126	2
979.51590	490.76520	2	66.4525	1
979.51665	490.76560	2	52.3290	2
979.57015	490.79235	2	55.5639	2
979.57065	490.79260	2	39.5200	2
980.45705	491.23580	2	36.3422	2
980.49695	491.25575	2	51.5664	2
981.50140	491.75800	2	46.7166	1
981.52410	491.76935	2	29.0888	2
981.55990	491.78725	2	39.6330	2
981.59740	491.80595	2	40.6008	2
982.45965	492.23710	2	32.9233	2
982.47590	492.24525	2	41.3455	2
982.51890	492.26675	2	37.5896	2
983.47550	492.74500	2	47.3558	2
983.50480	492.75970	2	41.8480	2
983.57650	492.79550	2	63.5761	2
983.58390	492.79920	2	70.9557	2
983.58855	492.80160	2	43.5970	2
983.60130	492.80790	2	57.4232	2
984.43670	493.22560	2	33.2424	1
984.45500	493.23480	2	50.8387	1
984.49365	493.25410	2	51.1185	2
984.63345	493.32400	2	49.2618	2
985.37570	493.69515	2	33.2912	2
985.53780	493.77620	2	45.6016	2
985.54520	493.77990	2	42.8455	2
985.55555	493.78505	2	42.6626	2
986.49050	494.25255	2	66.9202	2
986.53930	494.27690	2	49.0536	1
987.49925	494.75695	2	30.7409	2
987.52290	494.76875	2	44.1919	2
987.53500	494.77480	2	48.7896	2
987.57110	494.79280	2	58.6448	2
988.48245	495.24850	2	37.5603	2
988.51915	495.26685	2	42.1640	2
988.54365	495.27910	2	46.4970	2
988.55105	495.28280	2	52.2899	2
988.57460	495.29455	2	71.3742	2
988.58110	495.29785	2	49.9938	2
989.47655	495.74555	2	32.2796	2
989.49700	495.75580	2	35.6736	2
989.55380	495.78420	2	47.5849	2
989.55550	495.78500	2	58.1089	2
989.57620	495.79540	2	64.7324	1
990.45825	496.23640	2	36.3674	2
990.47375	496.24415	2	45.2150	2
990.51425	496.26440	2	42.0112	2
990.51540	496.26500	2	47.9688	1
990.54970	496.28215	2	72.3643	2
991.50945	496.76200	2	66.8096	2
991.54455	496.77955	2	68.6872	2
991.57050	496.79250	2	60.6534	2
992.48505	497.24980	2	55.8786	2
992.53250	497.27350	2	80.5459	2
992.60210	497.30835	2	70.2244	2
993.44040	497.72745	2	42.1365	2
993.44385	497.72920	2	28.9070	2
993.45185	497.73320	2	39.6836	2
993.49190	497.75320	2	62.9685	2
993.51220	497.76335	2	52.6707	2
993.53215	497.77335	2	67.6728	2
993.54870	497.78165	2	63.8813	2
994.43930	498.22695	2	35.9801	2
994.47300	498.24380	2	52.3774	1
994.49725	498.25590	2	48.3136	2
994.50760	498.26105	2	46.8155	2
994.50945	498.26200	2	31.2933	2
994.51715	498.26585	2	72.5416	2
994.54520	498.27990	2	34.2206	2
994.60610	498.31035	2	73.4461	2
994.65350	498.33400	2	45.5413	2
996.49810	499.25630	2	37.3448	1
996.52815	499.27135	2	47.4549	2
996.53105	499.27280	2	67.9513	2
996.57200	499.29325	2	44.6409	2
997.58105	499.79780	2	38.3849	2
998.50120	500.25790	2	57.5053	2
998.58700	500.30080	2	40.1279	1
999.48125	500.74790	2	31.0810	2
999.53440	500.77445	2	41.9131	2
999.53450	500.77455	2	29.0940	2
999.57185	500.79320	2	31.6018	2
1000.49325	501.25395	2	35.4100	2
1000.55570	501.28510	2	91.9348	7
1001.51485	501.76470	2	43.4737	2
1001.55450	501.78450	2	66.8623	2
1001.56045	501.78750	2	32.9564	2
1001.58720	501.80090	2	46.9942	1
1001.59160	501.80310	2	69.1112	1
1002.47255	502.24355	2	33.6192	2
1002.48375	502.24915	2	38.2928	2
1002.48670	502.25060	2	40.9754	2
1002.52805	502.27130	2	36.9040	2
1002.54700	502.28080	2	32.4574	2
1002.55900	502.28680	2	35.8507	2
1003.50105	502.75780	2	42.8320	2
1003.51270	502.76360	2	48.5876	1
1003.51880	502.76665	2	43.8507	2
1003.52450	502.76950	2	34.6351	2
1003.57055	502.79255	2	77.2485	2
1004.44580	503.23020	2	34.2155	2
1004.52820	503.27140	2	56.6363	1
1004.54095	503.27775	2	47.3153	2
1004.56630	503.29045	2	42.5081	2
1005.46970	503.74210	2	48.3550	1
1005.48030	503.74740	2	37.5013	2
1005.49355	503.75405	2	30.2889	2
1005.49480	503.75470	2	31.3480	1
1005.51310	503.76380	2	54.3055	2
1005.53095	503.77275	2	68.0995	2
1005.53585	503.77520	2	35.2639	2
1005.56020	503.78740	2	66.4421	1
1006.45260	504.23360	2	31.5379	1
1006.47120	504.24290	2	41.2010	2
1006.49995	504.25725	2	53.5535	2
1007.45630	504.73545	2	38.1283	2
1007.46735	504.74095	2	40.5254	2
1007.47560	504.74505	2	50.8139	2
1007.50520	504.75985	2	43.2284	2
1007.52260	504.76860	2	64.4732	1
1007.52830	504.77145	2	42.9882	2
1007.54030	504.77740	2	55.3643	2
1007.54395	504.77925	2	67.8095	2
1007.67440	504.84445	2	72.3114	2
1008.47610	505.24535	2	49.7202	2
1008.51060	505.26255	2	60.3921	2
1008.51565	505.26510	2	50.6049	2
1009.44745	505.73100	2	41.7360	2
1009.51970	505.76715	2	35.5971	2
1009.54855	505.78155	2	87.3039	2
1010.45160	506.23310	2	38.3116	2
1010.51080	506.26270	2	62.0072	2
1010.55550	506.28500	2	48.7024	1
1010.57540	506.29500	2	68.1933	1
1011.52405	506.76930	2	36.1236	2
1011.53515	506.77485	2	44.6231	2
1011.57230	506.79340	2	51.9168	3
1011.60705	506.81080	2	67.1273	2
1012.48780	507.25120	2	58.6693	1
1012.57045	507.29255	2	57.8331	2
1012.57330	507.29390	2	90.0693	5
1012.58185	507.29820	2	60.0242	2
1012.60330	507.30895	2	38.4583	2
1012.64045	507.32750	2	48.4716	2
1013.46365	507.73910	2	71.5839	2
1013.54030	507.77740	2	43.3922	2
1013.55420	507.78440	2	64.7947	2
1013.56225	507.78840	2	37.1671	2
1013.62380	507.81915	2	66.3428	2
1014.53440	508.27450	2	42.5831	1
1014.53655	508.27560	2	37.8470	2
1014.57115	508.29285	2	36.9594	2
1014.57235	508.29345	2	45.5577	2
1014.58190	508.29825	2	37.7624	2
1015.49235	508.75345	2	39.2459	2
1015.54230	508.77840	2	88.4573	1
1015.58530	508.79990	2	70.6094	2
1015.59155	508.80305	2	65.2152	2
1016.46100	509.23780	2	36.3397	2
1016.51780	509.26620	2	47.1363	1
1016.53165	509.27310	2	47.8362	2
1016.54800	509.28130	2	48.3952	2
1017.46985	509.74220	2	34.9487	2
1017.47325	509.74390	2	41.1223	2
1017.51700	509.76575	2	76.7023	2
1017.53455	509.77455	2	38.4017	2
1017.62300	509.81875	2	65.8533	2
1018.53330	510.27390	2	57.6796	1
1018.54530	510.27990	2	39.5319	2
1018.58120	510.29785	2	70.0543	2
1019.42050	510.71750	2	42.9934	2
1019.50430	510.75945	2	42.4987	2
1019.54015	510.77735	2	34.7793	2
1019.54030	510.77745	2	53.5947	2
1019.54680	510.78065	2	66.4027	2
1019.54960	510.78205	2	46.7508	2
1020.52335	511.26895	2	48.7585	2
1020.52380	511.26920	2	55.7566	2
1020.52420	511.26940	2	87.5627	5
1020.53585	511.27520	2	54.1444	2
1021.43765	511.72610	2	37.3823	2
1021.44985	511.73225	2	33.7725	2
1021.49020	511.75240	2	29.9045	3
1021.51150	511.76305	2	43.0458	2
1021.54465	511.77960	2	60.0746	2
1021.60315	511.80885	2	51.4864	2
1022.50405	512.25935	2	52.8011	2
1022.51010	512.26230	2	85.9872	1
1022.51075	512.26265	2	76.6780	2
1023.44825	512.73140	2	38.6603	2
1023.48750	512.75100	2	37.6194	2
1023.51700	512.76580	2	59.9623	2
1023.57170	512.79310	2	36.2115	1
1023.60770	512.81110	2	67.7247	2
1024.37505	513.19480	2	41.5276	2
1025.45520	513.73485	2	38.0897	2
1025.50330	513.75895	2	40.2892	2
1025.60240	513.80845	2	48.3313	2
1026.44735	514.23095	2	41.7715	2
1027.56630	514.79040	2	32.8063	1
1027.56635	514.79045	2	35.8498	2
1027.58080	514.79770	2	74.0743	1
1027.59060	514.80260	2	58.2136	1
1027.60250	514.80850	2	68.3491	2
1028.56120	515.28790	2	42.6616	2
1029.47655	515.74555	2	41.5212	2
1029.47760	515.74605	2	56.3256	2
1029.53935	515.77695	2	51.6519	2
1029.54305	515.77880	2	36.8451	2
1029.54590	515.78020	2	33.7700	1
1029.57690	515.79570	2	45.7206	1
1029.58235	515.79845	2	36.1894	2
1030.52995	516.27225	2	34.8868	2
1030.59185	516.30320	2	78.3932	2
1030.60635	516.31045	2	75.1143	2
1031.46320	516.73885	2	63.5198	2
1031.48720	516.75090	2	51.8860	1
1031.50320	516.75890	2	40.9832	2
1031.50690	516.76075	2	48.3953	2
1031.54525	516.77990	2	50.9855	2
1031.54930	516.78190	2	54.3648	1
1031.58510	516.79985	2	61.4745	2
1031.58575	516.80015	2	56.1144	2
1032.49790	517.25625	2	41.4078	2
1032.53490	517.27475	2	47.9843	2
1032.56020	517.28740	2	54.7019	1
1032.59680	517.30565	2	73.0259	2
1033.56610	517.79030	2	42.4163	2
1033.58105	517.79780	2	81.6421	2
1033.61685	517.81570	2	69.1965	2
1034.51940	518.26695	2	64.1434	2
1035.48745	518.75100	2	60.5027	2
1035.56140	518.78800	2	59.8373	2
1036.50610	519.26030	2	43.1907	1
1036.51830	519.26640	2	40.8893	2
1036.51830	519.26645	2	42.9541	2
1036.53355	519.27405	2	70.7779	2
1036.53665	519.27560	2	67.1224	2
1036.55525	519.28490	2	62.6516	2
1037.50660	519.76055	2	33.2912	2
1037.52605	519.77030	2	36.7544	2
1037.62325	519.81890	2	54.0822	2
1037.64885	519.83170	2	70.4928	2
1038.54700	520.28080	2	34.3082	2
1039.46480	520.73970	2	46.8960	2
1039.49770	520.75615	2	51.6648	2
1039.56720	520.79090	2	47.0238	4
1040.46920	521.24190	2	40.5677	1
1040.49330	521.25395	2	30.7723	2
1040.49595	521.25525	2	41.2723	2
1040.54915	521.28185	2	53.6744	2
1040.56890	521.29175	2	49.1217	2
1040.59730	521.30595	2	56.2124	2
1040.62245	521.31850	2	73.2082	2
1040.65955	521.33705	2	59.0828	2
1041.44040	521.72750	2	44.7352	1
1041.45485	521.73470	2	35.2009	2
1041.53405	521.77430	2	49.3783	2
1041.58135	521.79795	2	51.3492	2
1042.51420	522.26440	2	63.7665	2
1042.52995	522.27225	2	36.9944	2
1042.54220	522.27840	2	42.3783	1
1042.55480	522.28470	2	52.8827	2
1042.57740	522.29600	2	40.4023	1
1043.54290	522.77870	2	47.8286	2
1043.55015	522.78235	2	78.3631	2
1043.56205	522.78830	2	36.0295	2
1043.56340	522.78895	2	32.9845	2
1043.60295	522.80875	2	62.8255	2
1044.52000	523.26730	2	43.9185	3
1044.53890	523.27675	2	65.4822	2
1044.55560	523.28505	2	42.8698	2
1044.56015	523.28735	2	57.5743	2
1045.51195	523.76325	2	56.4751	2
1045.53975	523.77715	2	32.8012	2
1045.54045	523.77750	2	30.6401	2
1045.55905	523.78680	2	62.5648	2
1045.56360	523.78910	2	49.2280	1
1045.60170	523.80810	2	59.7689	2
1046.52625	524.27040	2	35.0385	2
1046.58825	524.30140	2	37.5948	2
1046.59705	524.30580	2	48.5889	2
1047.50315	524.75885	2	52.5808	2
1047.52750	524.77100	2	59.2331	2
1047.56140	524.78800	2	58.8165	1
1048.47890	525.24675	2	34.6623	2
1048.55845	525.28650	2	31.2677	2
1048.56730	525.29090	2	57.5279	1
1049.52560	525.77005	2	49.9336	2
1049.56200	525.78830	2	36.9142	3
1050.50950	526.26205	2	45.3121	2
1050.53360	526.27410	2	47.2477	1
1050.53420	526.27440	2	47.2254	1
1050.55730	526.28590	2	30.9571	1
1050.57090	526.29275	2	61.4371	2
1050.59530	526.30490	2	67.8207	1
1051.49390	526.75420	2	36.3973	2
1052.46370	527.23915	2	56.9158	2
1053.61845	527.81650	2	55.2484	2
1054.49750	528.25605	2	68.1172	2
1054.53395	528.27425	2	74.2797	2
1054.54070	528.27765	2	31.3237	2
1054.59980	528.30720	2	51.0852	2
1054.60290	528.30875	2	56.3250	2
1055.42320	528.71885	2	46.4691	2
1055.49265	528.75360	2	44.0210	2
1055.58540	528.80000	2	67.1957	2
1055.58615	528.80035	2	63.0855	2
1055.62330	528.81890	2	64.3077	1
1056.53170	529.27310	2	76.3465	2
1056.58085	529.29770	2	54.2797	2
1056.59215	529.30335	2	52.0492	2
1056.62960	529.32210	2	65.5569	1
1057.50770	529.76110	2	43.2193	1
1057.51210	529.76335	2	71.7375	2
1057.55170	529.78315	2	40.3469	2
1057.56805	529.79130	2	37.4121	2
1057.57655	529.79555	2	35.3526	2
1057.57705	529.79580	2	43.8112	2
1057.61460	529.81460	2	37.1385	1
1057.61610	529.81530	2	36.5343	1
1057.63855	529.82655	2	77.1965	2
1058.49250	530.25355	2	49.6596	2
1058.54450	530.27950	2	77.8071	2
1058.55775	530.28615	2	71.4557	2
1058.57240	530.29350	2	46.0814	2
1058.59590	530.30520	2	39.1152	2
1059.50875	530.76165	2	42.7765	2
1059.59965	530.80710	2	56.1538	2
1060.47560	531.24510	2	33.0176	2
1060.52285	531.26870	2	73.6263	2
1060.57470	531.29460	2	64.7221	1
1060.61745	531.31600	2	82.5225	2
1061.55070	531.78260	2	44.0528	2
1061.57555	531.79505	2	74.0785	2
1062.52385	532.26920	2	77.2911	2
1062.53450	532.27450	2	55.7395	2
1062.57170	532.29310	2	59.4964	2
1062.58370	532.29915	2	55.4029	2
1063.52975	532.77215	2	43.2182	2
1063.54110	532.77780	2	45.3973	3
1063.60735	532.81095	2	75.4334	2
1064.56245	533.28850	2	30.4161	2
1064.58720	533.30090	2	50.1701	1
1064.63490	533.32475	2	53.6146	2
1065.44660	533.73055	2	45.6789	2
1065.55230	533.78345	2	77.5367	2
1065.55285	533.78370	2	60.5587	2
1066.45710	534.23580	2	52.9364	2
1066.46775	534.24115	2	31.3903	2
1066.50540	534.25995	2	32.1300	2
1066.51855	534.26655	2	55.6172	2
1066.55590	534.28520	2	71.1729	1
1066.60690	534.31070	2	80.6588	1
1067.51325	534.76390	2	44.6137	2
1067.57220	534.79340	2	51.7691	2
1068.55130	535.28295	2	36.0099	2
1068.56035	535.28745	2	63.0269	2
1068.58060	535.29760	2	59.3160	2
1068.59340	535.30395	2	56.2699	2
1068.65385	535.33420	2	44.4086	2
1070.60790	536.31120	2	43.9234	1
1070.61960	536.31705	2	40.0075	2
1070.63385	536.32420	2	68.3297	2
1070.65825	536.33640	2	75.2747	2
1071.41770	536.71610	2	39.0036	2
1071.56390	536.78920	2	47.9227	2
1071.57900	536.79680	2	65.5338	1
1071.59235	536.80345	2	52.8368	2
1072.52895	537.27175	2	46.5288	2
1072.57455	537.29455	2	72.6406	2
1072.59565	537.30510	2	38.1750	2
1072.61340	537.31400	2	40.2530	2
1073.49905	537.75680	2	43.9592	2
1073.51770	537.76610	2	53.4048	2
1073.52345	537.76900	2	33.2031	2
1073.58685	537.80070	2	43.0501	2
1073.59045	537.80250	2	58.2345	2
1073.60800	537.81130	2	33.6168	1
1073.60890	537.81170	2	85.6897	2
1073.65945	537.83700	2	62.3474	2
1074.54480	538.27965	2	42.5306	2
1074.55050	538.28250	2	52.3800	2
1074.57110	538.29285	2	58.9300	2
1075.47840	538.74645	2	32.5856	2
1075.53370	538.77415	2	64.9987	2
1075.59140	538.80300	2	69.7646	1
1075.61235	538.81345	2	56.7417	2
1075.62815	538.82135	2	66.6506	2
1076.51405	539.26430	2	48.1963	2
1076.56025	539.28740	2	53.2077	2
1076.57200	539.29330	2	41.8440	2
1077.57005	539.79230	2	63.5763	2
1077.60480	539.80970	2	38.2282	2
1078.50355	540.25905	2	39.9518	2
1080.56710	541.29080	2	35.9950	1
1081.45870	541.73660	2	39.4793	1
1081.62415	541.81935	2	58.9351	2
1082.53165	542.27310	2	53.7342	2
1082.55525	542.28490	2	81.2415	2
1082.64580	542.33015	2	54.1393	2
1084.48655	543.25055	2	37.5255	2
1084.51965	543.26710	2	72.8729	2
1084.54450	543.27955	2	26.6618	2
1084.57045	543.29250	2	87.9978	2
1084.57460	543.29460	2	92.8442	1
1084.63855	543.32655	2	77.7825	2
1084.66015	543.33735	2	54.5568	2
1085.60640	543.81050	2	53.2680	1
1085.60875	543.81165	2	50.3264	2
1085.61295	543.81375	2	42.5619	2
1085.62295	543.81875	2	73.9992	2
1085.64490	543.82975	2	66.2800	2
1086.06340	544.03895	2	49.2682	4
1086.55570	544.28510	2	46.5749	2
1086.56500	544.28980	2	49.7911	2
1086.56730	544.29090	2	32.2217	2
1087.55025	544.78240	2	49.8684	2
1087.56260	544.78860	2	41.1362	1
1087.56310	544.78880	2	41.1589	1
1087.58775	544.80115	2	40.4339	2
1087.61310	544.81380	2	69.3125	2
1088.45465	545.23460	2	35.7325	2
1088.50815	545.26135	2	30.3096	2
1088.55495	545.28475	2	69.9322	2
1088.57170	545.29315	2	31.2600	2
1088.60850	545.31155	2	34.1233	2
1089.53190	545.77325	2	40.6303	2
1089.55770	545.78610	2	32.8341	2
1089.56695	545.79075	2	61.6039	2
1089.60230	545.80840	2	43.5414	2
1090.46825	546.24140	2	36.4914	2
1090.60245	546.30850	2	57.8014	2
1091.51660	546.76555	2	54.3172	2
1092.53885	547.27670	2	54.0439	2
1092.54420	547.27940	2	29.5756	1
1092.58235	547.29845	2	52.8134	2
1093.54070	547.77760	2	56.7739	2
1093.54200	547.77830	2	42.8604	1
1094.08130	548.04790	2	35.0603	4
1094.55235	548.28345	2	66.9202	2
1094.55520	548.28485	2	76.5530	2
1094.56105	548.28780	2	31.6606	2
1094.56620	548.29040	2	46.5712	1
1094.59790	548.30620	2	56.4099	2
1095.46510	548.73980	2	51.6280	2
1095.55515	548.78485	2	53.2126	2
1095.56370	548.78915	2	68.2392	2
1095.56930	548.79190	2	30.0888	1
1095.58100	548.79780	2	54.4548	1
1096.51885	549.26670	2	46.9797	2
1096.56235	549.28845	2	40.9266	2
1097.60870	549.81160	2	55.3364	2
1097.61945	549.81700	2	35.5369	2
1098.53545	550.27500	2	43.7906	2
1098.57800	550.29630	2	34.4151	1
1098.58270	550.29865	2	48.7586	2
1099.49355	550.75405	2	59.0777	2
1099.56350	550.78900	2	40.7159	1
1100.45990	551.23725	2	65.1662	2
1100.55810	551.28630	2	32.1527	2
1100.56120	551.28785	2	36.1427	2
1100.57100	551.29280	2	70.1161	2
1101.52380	551.76915	2	54.4984	2
1101.55575	551.78515	2	69.3525	2
1101.60740	551.81095	2	36.4513	2
1101.61850	551.81650	2	57.6207	1
1101.65105	551.83280	2	51.6207	2
1102.50760	552.26105	2	64.7389	2
1102.57750	552.29605	2	63.0347	2
1102.58690	552.30075	2	34.8131	2
1103.56085	552.78770	2	38.1938	2
1103.58270	552.79860	2	49.1511	2
1103.63830	552.82645	2	83.3413	2
1104.45165	553.23310	2	29.5232	2
1104.47595	553.24525	2	33.4959	4
1104.50960	553.26210	2	51.4595	2
1104.53015	553.27235	2	43.1033	2
1104.54665	553.28060	2	42.7433	2
1104.54735	553.28095	2	45.2070	2
1104.56350	553.28905	2	47.0319	2
1104.56680	553.29065	2	31.8989	2
1104.59315	553.30385	2	58.7333	2
1104.62540	553.32000	2	86.5212	2
1105.50660	553.76060	2	50.8049	1
1105.52910	553.77180	2	61.5037	2
1105.57605	553.79530	2	63.6598	2
1106.53895	554.27675	2	46.2519	2
1106.58590	554.30020	2	81.6990	2
1106.60950	554.31200	2	81.0142	2
1107.53835	554.77645	2	60.0143	2
1107.54470	554.77965	2	53.0608	2
1107.54980	554.78220	2	64.5671	2
1107.55785	554.78620	2	35.7982	2
1107.58060	554.79760	2	94.6537	13
1107.59285	554.80370	2	43.2492	2
1108.51640	555.26550	2	30.4418	1
1108.57080	555.29270	2	66.7954	1
1108.57160	555.29310	2	77.0494	2
1108.91990	555.46725	2	35.8754	4
1109.53310	555.77385	2	77.5503	2
1109.54015	555.77735	2	45.9099	2
1109.54885	555.78170	2	88.9253	2
1109.58735	555.80095	2	57.1725	2
1109.61290	555.81375	2	69.9841	2
1109.68070	555.84760	2	77.4929	2
1110.52025	556.26740	2	59.0259	2
1110.59045	556.30250	2	81.9465	2
1110.60915	556.31185	2	75.7688	2
1110.66545	556.34000	2	73.0912	2
1111.57025	556.79240	2	32.4014	2
1114.55640	558.28550	2	76.8592	2
1114.56080	558.28770	2	38.1303	1
1114.56370	558.28915	2	45.3643	6
1114.56690	558.29075	2	63.2635	2
1114.62430	558.31940	2	60.8207	2
1114.63495	558.32475	2	51.6036	2
1115.51370	558.76410	2	45.8385	2
1115.54540	558.78000	2	44.5777	1
1115.55710	558.78585	2	33.2344	2
1115.57755	558.79605	2	40.6072	2
1115.58415	558.79935	2	52.4714	2
1115.60140	558.80800	2	54.7912	2
1116.56515	559.28985	2	53.0372	2
1116.58210	559.29830	2	71.2748	2
1116.60470	559.30960	2	30.2398	1
1116.61340	559.31395	2	33.6525	2
1116.65390	559.33420	2	81.8947	2
1117.52655	559.77055	2	37.8805	2
1117.54250	559.77850	2	41.0664	2
1117.56190	559.78820	2	49.4979	2
1117.58470	559.79960	2	73.3230	1
1117.60575	559.81015	2	69.6979	2
1118.01775	560.01615	2	45.0282	4
1118.48425	560.24940	2	31.3567	2
1118.54785	560.28120	2	74.9071	2
1118.60545	560.31000	2	68.3869	2
1118.63450	560.32450	2	55.6696	1
1119.54220	560.77840	2	68.0132	2
1119.58175	560.79815	2	61.1969	2
1119.59535	560.80495	2	66.1266	2
1119.66940	560.84200	2	81.4664	2
1120.05930	561.03690	2	56.2344	4
1120.57675	561.29565	2	59.1353	2
1121.53500	561.77475	2	67.4341	2
1121.54755	561.78105	2	41.7435	2
1121.60990	561.81220	2	46.1711	2
1122.50890	562.26170	2	58.3451	1
1123.47835	562.74645	2	44.9266	2
1123.56945	562.79200	2	56.1207	2
1123.58185	562.79820	2	52.4103	2
1124.51900	563.26680	2	62.7385	1
1124.59060	563.30260	2	60.7758	1
1124.61920	563.31690	2	68.0665	2
1124.63155	563.32305	2	36.0726	6
1124.68110	563.34780	2	79.1656	2
1125.50940	563.76200	2	33.3848	2
1125.53700	563.77580	2	47.5248	2
1125.57145	563.79300	2	41.8215	2
1125.63915	563.82685	2	59.6602	2
1126.49725	564.25590	2	53.0991	2
1126.59660	564.30560	2	50.2335	1
1126.61790	564.31625	2	82.4524	2
1126.66200	564.33830	2	88.3895	5
1127.47460	564.74460	2	67.7296	2
1127.56465	564.78960	2	41.2126	2
1127.61250	564.81350	2	60.7143	2
1127.65970	564.83710	2	90.6802	7
1128.56570	565.29015	2	40.5764	2
1128.57795	565.29625	2	41.4627	2
1128.58945	565.30200	2	30.6774	2
1128.63915	565.32685	2	58.4445	2
1129.58045	565.79750	2	54.4275	2
1129.63445	565.82450	2	33.5891	2
1129.63445	565.82450	2	38.4365	2
1129.67110	565.84280	2	68.8157	2
1130.55945	566.28700	2	46.0261	2
1130.58220	566.29840	2	62.9242	1
1131.57730	566.79595	2	32.7708	2
1131.62890	566.82175	2	69.2307	2
1131.65370	566.83410	2	80.5280	2
1132.53690	567.27570	2	31.0113	2
1132.55625	567.28540	2	55.6223	2
1132.58910	567.30180	2	60.6486	2
1133.53500	567.77480	2	33.1215	1
1133.55420	567.78440	2	67.9306	3
1133.57160	567.79305	2	71.1137	2
1133.57220	567.79340	2	54.7322	2
1133.57545	567.79500	2	64.9297	2
1133.60835	567.81145	2	61.0757	2
1133.64615	567.83035	2	66.8773	2
1134.53440	568.27445	2	42.6447	2
1134.53760	568.27610	2	45.2082	1
1134.55330	568.28390	2	33.6475	1
1134.57870	568.29665	2	45.0051	2
1135.59865	568.80660	2	45.8743	2
1136.53565	569.27510	2	51.9870	2
1136.57105	569.29280	2	59.6273	2
1136.57110	569.29280	2	56.4990	2
1137.56445	569.78950	2	81.4915	2
1137.57850	569.79655	2	53.9023	2
1138.56620	570.29040	2	61.0333	1
1138.58740	570.30095	2	33.0753	2
1138.60315	570.30885	2	34.0057	2
1139.54645	570.78050	2	53.1499	2
1139.56375	570.78915	2	79.7503	4
1139.63060	570.82260	2	38.2527	2
1139.65515	570.83485	2	60.3299	2
1140.52325	571.26890	2	31.7576	2
1141.55615	571.78535	2	70.5480	2
1141.56795	571.79125	2	61.3103	2
1141.59750	571.80605	2	30.9007	2
1141.61045	571.81250	2	58.1411	2
1142.48870	572.25165	2	43.9713	2
1142.52430	572.26940	2	67.3320	3
1142.55425	572.28440	2	89.3258	2
1142.55735	572.28595	2	50.3593	2
1142.61840	572.31645	2	53.6176	2
1142.63255	572.32355	2	32.3295	2
1143.50725	572.76090	2	54.4879	2
1143.57195	572.79325	2	64.2246	2
1143.58800	572.80125	2	32.9743	2
1143.69045	572.85250	2	85.6688	2
1144.58825	573.30140	2	48.1020	2
1144.59615	573.30535	2	58.9139	2
1144.60920	573.31185	2	36.6978	2
1144.63540	573.32495	2	55.9985	2
1144.65540	573.33500	2	67.0861	1
1145.08475	573.54965	2	56.1939	4
1145.57520	573.79485	2	45.7629	2
1145.67025	573.84240	2	69.4920	2
1146.57650	574.29555	2	44.3179	2
1146.61350	574.31400	2	51.4519	2
1147.55175	574.78315	2	60.9068	2
1147.55375	574.78415	2	47.5299	2
1147.55475	574.78465	2	42.1411	2
1147.57905	574.79680	2	63.8238	2
1147.58780	574.80120	2	53.4653	2
1147.63830	574.82640	2	86.7163	2
1148.54735	575.28095	2	51.7426	2
1148.56960	575.29205	2	78.9086	2
1148.60880	575.31165	2	56.9287	2
1148.60905	575.31180	2	61.2439	2
1149.56685	575.79070	2	66.7455	2
1149.56690	575.79070	2	56.4742	2
1150.05800	576.03630	2	57.7146	4
1150.58795	576.30125	2	46.9734	2
1150.58805	576.30130	2	54.0128	2
1150.62340	576.31900	2	58.9843	1
1151.49140	576.75300	2	50.7055	2
1151.58460	576.79960	2	78.7554	1
1151.59515	576.80485	2	39.6649	2
1151.65115	576.83285	2	67.6880	2
1151.72925	576.87190	2	74.7710	2
1152.52700	577.27080	2	29.1419	1
1152.53035	577.27245	2	52.5410	2
1152.54320	577.27890	2	90.6500	2
1152.54915	577.28185	2	59.5195	2
1152.55195	577.28325	2	35.6541	2
1152.58650	577.30050	2	50.0098	1
1152.58695	577.30075	2	57.1247	2
1154.57200	578.29325	2	62.2087	2
1154.62040	578.31745	2	58.1516	2
1154.63090	578.32270	2	43.7774	2
1155.56340	578.78895	2	33.3481	2
1155.58115	578.79785	2	87.1419	2
1155.61380	578.81415	2	50.1218	2
1155.62615	578.82035	2	50.9293	2
1155.64885	578.83170	2	47.8945	2
1156.51855	579.26655	2	43.6806	2
1156.51900	579.26680	2	54.6329	1
1156.59030	579.30240	2	84.3065	1
1156.60275	579.30865	2	65.6814	2
1157.56420	579.78940	2	48.2594	2
1157.57580	579.79520	2	74.4012	1
1157.59210	579.80330	2	57.3985	2
1157.59420	579.80440	2	51.2717	2
1157.63870	579.82660	2	52.1095	2
1158.59915	580.30685	2	41.0149	2
1158.62475	580.31965	2	44.6657	2
1159.57230	580.79345	2	63.4351	2
1159.57400	580.79430	2	32.8544	2
1159.58350	580.79905	2	44.3814	2
1159.59445	580.80450	2	40.0723	2
1159.62050	580.81755	2	38.8753	2
1159.63915	580.82685	2	79.1313	2
1159.68195	580.84825	2	48.3952	2
1160.56455	581.28955	2	36.1262	2
1160.58605	581.30030	2	65.8762	2
1160.58715	581.30085	2	48.4836	2
1160.59295	581.30375	2	72.1909	2
1160.59750	581.30600	2	53.2411	2
1160.60780	581.31120	2	60.6787	2
1160.61560	581.31505	2	35.3169	2
1161.59935	581.80695	2	44.7660	2
1161.60020	581.80740	2	52.6325	2
1161.60740	581.81100	2	72.0262	3
1161.61485	581.81470	2	52.4388	2
1161.66400	581.83925	2	94.4771	2
1162.59925	582.30690	2	70.9491	2
1163.56670	582.79060	2	33.4920	1
1163.57635	582.79545	2	64.7050	2
1163.58190	582.79820	2	57.7606	1
1163.60800	582.81125	2	66.4890	2
1164.57040	583.29250	2	30.7800	2
1164.60295	583.30875	2	59.8060	2
1164.60325	583.30890	2	53.9619	2
1164.72400	583.36930	2	69.6129	2
1165.46100	583.73775	2	33.8420	2
1165.57610	583.79530	2	82.6637	4
1165.63390	583.82420	2	63.5574	2
1166.53915	584.27685	2	45.7036	2
1167.59195	584.80325	2	75.1823	2
1167.61760	584.81610	2	83.9588	2
1168.63240	585.32350	2	77.1587	1
1168.64590	585.33020	2	48.3497	3
1168.68165	585.34810	2	68.9204	2
1168.68205	585.34830	2	57.5140	2
1168.74330	585.37890	2	78.5526	2
1169.57210	585.79335	2	53.3709	2
1170.57760	586.29610	2	45.1792	1
1170.62545	586.32000	2	46.1385	2
1170.63570	586.32510	2	43.4685	1
1170.66015	586.33735	2	69.6054	2
1170.66080	586.33765	2	65.8885	2
1171.57730	586.79590	2	64.5158	3
1171.62070	586.81765	2	49.0949	2
1171.62495	586.81975	2	55.0727	2
1171.70045	586.85750	2	53.9021	2
1172.59570	587.30510	2	64.8384	1
1172.61480	587.31470	2	39.3655	2
1172.62700	587.32080	2	90.6416	5
1172.62865	587.32160	2	72.9079	2
1172.62970	587.32210	2	65.1593	2
1172.63865	587.32660	2	70.1109	2
1173.50100	587.75780	2	59.6487	1
1173.58840	587.80145	2	45.5266	2
1173.61395	587.81425	2	84.4085	2
1174.06595	588.04025	2	32.6016	4
1174.51185	588.26320	2	42.3281	2
1174.54730	588.28090	2	30.9822	2
1174.56100	588.28780	2	53.1794	2
1174.60875	588.31165	2	39.7226	2
1175.53770	588.77610	2	43.1622	1
1175.57215	588.79335	2	59.6861	2
1175.58670	588.80060	2	67.9964	1
1175.61875	588.81665	2	40.4995	2
1175.65665	588.83560	2	58.1411	2
1176.50290	589.25870	2	30.8342	1
1176.57000	589.29230	2	30.0329	1
1176.58085	589.29770	2	51.9189	2
1177.61110	589.81280	2	62.2532	1
1177.63425	589.82440	2	65.3300	2
1177.66230	589.83845	2	83.7398	2
1177.66260	589.83860	2	89.1090	3
1178.46230	590.23840	2	67.0283	1
1178.51655	590.26555	2	37.0241	2
1178.54615	590.28035	2	46.7821	2
1178.56230	590.28840	2	28.0227	1
1180.52285	591.26870	2	61.4219	2
1180.59725	591.30590	2	63.8575	2
1180.70725	591.36090	2	84.6308	2
1181.65235	591.83345	2	53.8717	2
1182.54235	592.27845	2	73.9302	2
1182.60525	592.30990	2	70.3914	2
1182.62775	592.32115	2	71.4363	2
1182.66425	592.33940	2	57.3916	2
1182.68025	592.34740	2	77.6453	2
1184.58645	593.30050	2	60.2055	2
1184.60495	593.30975	2	49.0324	2
1185.57450	593.79455	2	85.2336	2
1185.57815	593.79635	2	35.0069	2
1185.63965	593.82710	2	78.3007	2
1185.65100	593.83280	2	63.1167	2
1186.54330	594.27895	2	44.2611	2
1186.58560	594.30010	2	55.9011	1
1186.65615	594.33535	2	45.9274	2
1187.59050	594.80250	2	48.4401	1
1187.59515	594.80485	2	64.5287	2
1187.62235	594.81845	2	76.4324	2
1187.70270	594.85860	2	86.9105	2
1187.70275	594.85865	2	79.5330	2
1188.58865	595.30160	2	41.0073	2
1188.59935	595.30695	2	44.9264	2
1188.61580	595.31515	2	49.2684	2
1188.65420	595.33440	2	59.9834	1
1189.54095	595.77775	2	77.6846	2
1189.63785	595.82620	2	51.0190	2
1189.64675	595.83065	2	68.9161	2
1189.67120	595.84285	2	73.3513	2
1190.56030	596.28745	2	54.1638	2
1190.60045	596.30750	2	63.2558	2
1191.61315	596.81385	2	56.6853	2
1191.66545	596.84000	2	81.3362	2
1192.52855	597.27155	2	45.2658	2
1192.61590	597.31525	2	65.4873	2
1192.66095	597.33775	2	85.9212	2
1193.61560	597.81505	2	37.0910	2
1193.63335	597.82395	2	66.7816	2
1193.66770	597.84115	2	88.8611	2
1194.51350	598.26400	2	29.5801	2
1195.60975	598.81215	2	59.4036	2
1196.55005	599.28230	2	44.0856	2
1196.57255	599.29355	2	33.8058	2
1196.65135	599.33295	2	47.7118	2
1197.54565	599.78010	2	76.9557	2
1197.56930	599.79190	2	51.3262	1
1197.57515	400.19900	3	33.8828	2
1197.59155	599.80305	2	62.2879	2
1197.66430	599.83940	2	73.2993	2
1197.69775	599.85615	2	74.3177	2
1198.65510	400.55895	3	39.2101	2
1198.65635	600.33545	2	39.2721	2
1199.51000	600.76230	2	58.9602	1
1199.54600	600.78030	2	53.8442	2
1199.67760	600.84605	2	69.4732	2
1199.71290	600.86370	2	77.4071	2
1200.61880	401.21355	3	40.6620	2
1200.62320	601.31885	2	58.0288	2
1200.62440	601.31950	2	40.6697	2
1200.64595	601.33025	2	51.0480	2
1200.65105	601.33280	2	78.7537	2
1201.09125	601.55290	2	41.5264	4
1201.59860	601.80660	2	65.0640	2
1201.60850	601.81150	2	46.2202	1
1201.60950	401.54375	3	46.1640	2
1201.61925	601.81690	2	73.8999	2
1201.63035	401.55070	3	34.4611	2
1201.63075	601.82265	2	35.1658	2
1201.63200	601.82330	2	34.5589	1
1201.66695	601.84075	2	45.3068	2
1201.66705	401.56295	3	45.3254	2
1202.58850	602.30150	2	38.8700	2
1202.60470	401.87550	3	47.1593	1
1202.60640	602.31050	2	47.2113	2
1202.64115	401.88765	3	37.7077	2
1202.64310	602.32885	2	37.7305	2
1202.65125	602.33290	2	63.7741	2
1202.69250	602.35350	2	68.8583	1
1203.59825	602.80640	2	40.1309	2
1203.61650	602.81550	2	92.8493	7
1203.67235	602.84345	2	50.5487	2
1204.48205	603.24830	2	40.9611	2
1204.58080	603.29770	2	51.5460	2
1204.60935	603.31195	2	56.0643	2
1204.61345	603.31400	2	91.7301	2
1204.65695	603.33575	2	46.7199	2
1204.65725	402.55970	3	46.7151	2
1205.56480	402.86220	3	58.4001	2
1205.59300	402.87160	3	58.1927	1
1205.63000	402.88390	3	50.5876	1
1205.63100	603.82280	2	55.4781	1
1205.63220	603.82340	2	55.5089	1
1205.64030	603.82740	2	53.4282	2
1205.71250	402.91145	3	63.9786	2
1205.71390	603.86420	2	64.0466	2
1206.59640	604.30545	2	59.9338	2
1206.60645	604.31050	2	71.7526	2
1206.62590	604.32020	2	63.3738	2
1207.57185	604.79320	2	61.5366	2
1207.61870	604.81660	2	54.2431	1
1207.62470	604.81960	2	71.4646	2
1207.66250	604.83850	2	87.3508	2
1207.67530	604.84490	2	83.3303	1
1207.76605	604.89030	2	79.9410	2
1208.52385	605.26920	2	37.8002	2
1208.59375	605.30415	2	81.8009	2
1208.60350	605.30900	2	67.3688	1
1209.58795	605.80125	2	46.8642	2
1210.56225	606.28840	2	45.4421	2
1210.59880	606.30665	2	62.0836	2
1210.61265	404.54485	3	61.7580	2
1210.63060	404.55080	3	36.4442	1
1210.74050	606.37750	2	69.7592	1
1211.59830	606.80640	2	61.2535	2
1211.61955	606.81705	2	77.0413	2
1211.62575	404.88250	3	33.9261	2
1211.62660	606.82060	2	33.9789	1
1211.65075	606.83265	2	47.2617	2
1211.65105	404.89095	3	47.2293	2
1211.65690	606.83575	2	86.2856	2
1212.56670	405.19615	3	26.2435	2
1213.64530	405.55570	3	52.7033	2
1213.66670	607.84060	2	47.0989	2
1213.67090	405.56420	3	80.8825	1
1214.59750	608.30600	2	62.4770	2
1214.63870	608.32660	2	63.7256	1
1215.59865	608.80660	2	49.0858	2
1215.64715	608.83085	2	59.2282	2
1215.65085	608.83270	2	81.8323	2
1215.68215	608.84835	2	33.1978	2
1215.68230	406.23470	3	33.1631	2
1216.57550	609.29505	2	37.9663	2
1216.57560	609.29510	2	47.7973	2
1216.62155	609.31805	2	54.1985	2
1216.65750	609.33600	2	68.8029	2
1217.56820	609.79140	2	69.0758	3
1217.60700	609.81080	2	56.6285	2
1217.61035	609.81245	2	74.8528	2
1217.67645	406.89945	3	67.2506	2
1218.66455	610.33955	2	82.2099	2
1219.61220	610.81340	2	48.4510	2
1219.71855	610.86655	2	85.6845	2
1220.64025	611.32740	2	77.2803	2
1220.64130	611.32795	2	53.3813	2
1221.13280	611.57370	2	49.1580	4
1221.51840	611.76645	2	44.3001	2
1221.59855	611.80655	2	57.8861	2
1221.60930	408.21035	3	29.8549	2
1221.61130	611.81295	2	29.9453	2
1221.63665	611.82560	2	55.6198	2
1222.61170	612.31310	2	66.3607	1
1222.61930	612.31690	2	55.5192	1
1223.54275	612.77865	2	45.4462	2
1223.56695	408.86290	3	35.1407	2
1223.62620	612.82035	2	34.4190	2
1223.65120	408.89100	3	46.5875	2
1223.71330	612.86390	2	83.6291	9
1224.62300	613.31880	2	67.4856	2
1224.62740	409.21640	3	53.0444	1
1224.62845	613.32150	2	52.9187	2
1224.65755	409.22645	3	35.3904	2
1224.65830	613.33645	2	35.6851	2
1224.68505	613.34980	2	42.0837	2
1225.63560	613.82510	2	72.7811	1
1225.67285	613.84370	2	68.2757	2
1226.69960	614.35710	2	58.1745	2
1226.70600	614.36030	2	80.4262	1
1227.65740	614.83600	2	57.8911	2
1227.66110	614.83780	2	69.2696	3
1227.67220	614.84340	2	67.1978	3
1227.68215	410.23465	3	48.6200	2
1227.68220	614.84840	2	63.6521	2
1228.73920	615.37685	2	81.6060	2
1229.55740	615.78600	2	40.4435	2
1229.62005	615.81730	2	48.5938	2
1229.64995	615.83225	2	46.4076	2
1229.65070	410.89085	3	46.3510	2
1229.73745	410.91975	3	57.9774	2
1230.58345	616.29900	2	40.5722	2
1230.58835	616.30145	2	58.9885	2
1230.62085	616.31770	2	47.6539	2
1230.63930	616.32695	2	77.9612	2
1230.65695	616.33575	2	40.3418	2
1230.66110	616.33780	2	81.7409	2
1231.58720	616.80090	2	35.0599	2
1231.58725	616.80090	2	51.1157	2
1231.62380	616.81920	2	54.0484	2
1231.62510	616.81980	2	86.8082	2
1231.65695	616.83575	2	59.5769	2
1231.69220	411.57135	3	56.9187	2
1232.57205	617.29330	2	32.5561	2
1232.60735	617.31095	2	44.9867	2
1233.60820	617.81135	2	49.2806	2
1233.61020	617.81240	2	61.2395	1
1233.62175	617.81815	2	42.8141	2
1233.66130	617.83790	2	56.3249	2
1234.56800	412.52995	3	39.3736	2
1234.59780	618.30615	2	33.9096	2
1234.65570	618.33515	2	63.1957	2
1235.60695	412.87625	3	38.5521	2
1235.60735	618.81095	2	38.5795	2
1235.65040	412.89070	3	47.8362	2
1235.66885	618.84170	2	57.1500	2
1235.66975	412.89720	3	57.0911	2
1235.69800	618.85630	2	52.0023	1
1236.56220	619.28840	2	47.1830	2
1236.67160	619.34310	2	72.6011	1
1237.63515	413.55235	3	36.5086	2
1237.63550	619.82505	2	36.5695	2
1237.64685	619.83070	2	62.9734	2
1237.74040	619.87750	2	66.8734	3
1239.59230	620.80345	2	57.6566	2
1239.59640	414.20610	3	34.3640	2
1239.62040	620.81750	2	61.3997	1
1239.68280	620.84870	2	74.3421	2
1239.71820	620.86635	2	73.1417	2
1240.16095	621.08775	2	47.4885	4
1240.58730	414.53640	3	34.9724	2
1240.70095	621.35775	2	89.8571	2
1240.70310	621.35885	2	70.7472	2
1241.59380	621.80420	2	70.2322	2
1241.66495	621.83975	2	61.0214	2
1241.67240	414.89810	3	42.2214	1
1241.77485	414.93225	3	76.4049	2
1242.63660	415.21945	3	42.8925	2
1242.63695	622.32575	2	42.9304	2
1244.54255	623.27855	2	51.2636	2
1244.56720	623.29085	2	45.3930	2
1244.61065	415.87750	3	32.4573	2
1244.63275	623.32365	2	65.1966	2
1244.67195	415.89795	3	35.3854	2
1245.62155	416.21445	3	46.0464	2
1245.62170	623.81810	2	46.1253	1
1245.65070	623.83260	2	80.7605	2
1245.67120	416.23100	3	53.5191	2
1245.67540	623.84500	2	41.0941	2
1245.69310	416.23830	3	42.6144	1
1246.61285	416.54490	3	53.3091	2
1246.65055	416.55745	3	65.8583	2
1246.69315	624.35385	2	71.3118	2
1248.61690	625.31575	2	86.9842	2
1248.61960	625.31705	2	56.8148	2
1248.67170	625.34315	2	59.8010	2
1248.67265	625.34360	2	62.1188	2
1249.63025	625.82240	2	56.1765	2
1249.65350	625.83405	2	62.8527	2
1249.65720	625.83585	2	81.8611	2
1250.66725	626.34090	2	79.3126	2
1250.72670	626.37060	2	86.6735	1
1250.75950	626.38700	2	71.1403	1
1251.66170	626.83815	2	73.7142	2
1251.66500	418.22890	3	48.5247	1
1252.73920	627.37690	2	78.0770	2
1252.75030	418.59070	3	64.6782	2
1252.77420	627.39440	2	90.3142	1
1253.55945	627.78700	2	65.2544	2
1253.63015	418.88400	3	31.0036	2
1253.63110	627.82280	2	31.0868	1
1254.58855	628.30155	2	67.3449	2
1254.59975	628.30715	2	79.1259	2
1254.72950	628.37200	2	68.1991	2
1254.73015	628.37235	2	38.7804	2
1254.73095	419.25090	3	38.7254	2
1254.73370	419.25185	3	50.7266	2
1255.58460	628.79955	2	41.7125	2
1255.62805	628.82130	2	68.8871	2
1255.65670	419.55950	3	52.1042	2
1255.66735	628.84095	2	72.7240	2
1255.67805	628.84630	2	49.5054	2
1255.70275	628.85865	2	68.0027	2
1255.71340	419.57840	3	63.9174	2
1255.71345	628.86400	2	63.9890	2
1256.60950	629.31205	2	88.2053	2
1256.61100	629.31275	2	48.8791	2
1256.67575	629.34515	2	92.4036	8
1256.69745	419.90640	3	45.7632	2
1256.69795	629.35625	2	45.7553	2
1256.70145	629.35800	2	95.5982	2
1257.64680	629.83070	2	40.7842	2
1257.64765	420.22315	3	40.8068	2
1258.59950	630.30705	2	79.9463	2
1258.67555	630.34505	2	66.0310	2
1258.68815	630.35135	2	50.8675	2
1258.76480	630.38965	2	85.7537	2
1259.63310	630.82385	2	74.0123	2
1259.63580	630.82515	2	56.8362	2
1259.66100	630.83775	2	57.3605	2
1259.72380	630.86920	2	75.6004	2
1260.57450	421.19880	3	35.7499	1
1260.57855	631.29655	2	34.4505	2
1260.58820	631.30140	2	40.8969	2
1260.62800	421.21660	3	59.0191	1
1260.67170	631.34310	2	55.8227	2
1261.57805	631.79630	2	49.4496	2
1261.62160	631.81810	2	87.9618	1
1261.62250	421.54810	3	38.6696	2
1261.67020	421.56400	3	36.1665	1
1261.74475	631.87965	2	94.0031	2
1262.60770	421.87650	3	44.6812	2
1263.61975	422.21385	3	31.5884	2
1263.61975	632.81715	2	31.5964	2
1263.62805	632.82130	2	55.3079	2
1263.67255	632.84355	2	87.5036	2
1263.68310	632.84885	2	65.4768	2
1264.64840	422.55675	3	59.5506	2
1264.77350	633.39400	2	91.7986	2
1265.61410	422.87865	3	29.2025	2
1265.68905	633.85180	2	49.9772	2
1266.56260	634.28860	2	44.4546	1
1266.57300	634.29380	2	39.6477	1
1266.62135	423.21440	3	36.0621	2
1266.62610	634.32035	2	69.2968	2
1267.64875	634.83165	2	80.8815	2
1267.66370	634.83910	2	91.5705	1
1267.68890	634.85170	2	47.9920	2
1268.61405	423.87865	3	51.5735	2
1268.66205	635.33830	2	49.1757	2
1268.66275	423.89485	3	49.1149	2
1268.69830	635.35640	2	68.4628	2
1269.62435	635.81945	2	79.1856	2
1269.62850	635.82150	2	62.1681	3
1269.65180	424.22450	3	65.5638	2
1269.65860	635.83660	2	45.1357	3
1269.65860	424.22680	3	45.0922	2
1269.70425	635.85940	2	61.4994	2
1269.72950	635.87200	2	76.9504	2
1270.64150	424.55440	3	47.7635	1
1270.65380	636.33420	2	41.9605	2
1270.69975	424.57385	3	60.6205	2
1270.70020	636.35740	2	60.6473	1
1270.72805	636.37130	2	90.6802	2
1271.61785	636.81620	2	54.2335	2
1271.62260	636.81860	2	58.4393	1
1271.68760	424.90315	3	58.6758	2
1271.69030	636.85240	2	62.7765	2
1271.76145	636.88800	2	80.6986	2
1272.69325	637.35390	2	63.2889	2
1273.64050	637.82750	2	69.8633	1
1273.65630	637.83545	2	65.1040	2
1273.67020	637.84240	2	63.6045	2
1273.67670	637.84560	2	85.0007	2
1273.72200	637.86830	2	68.9445	2
1274.62835	425.88340	3	44.2843	2
1274.64475	638.32965	2	83.4964	2
1274.65125	638.33290	2	75.7876	2
1274.66200	638.33830	2	67.0808	3
1274.76055	638.38755	2	77.5975	2
1275.54125	638.77790	2	43.6267	2
1275.57195	638.79325	2	59.3773	2
1275.69280	426.23820	3	61.3069	2
1276.63390	639.32420	2	76.0376	2
1276.65195	639.33325	2	88.5715	2
1276.66680	639.34065	2	56.8957	2
1276.67355	639.34405	2	84.7641	2
1276.70340	639.35900	2	70.7769	2
1276.70345	639.35900	2	77.1117	2
1277.58065	639.79760	2	49.6698	2
1277.67270	639.84360	2	67.4625	2
1277.68740	639.85100	2	74.6531	3
1278.61870	640.31660	2	61.1827	5
1278.65020	640.33235	2	83.5978	2
1279.69590	427.57260	3	52.5701	2
1280.57860	641.29660	2	79.8729	2
1280.60010	427.87400	3	35.6683	1
1281.55685	641.78570	2	38.0500	2
1281.60960	428.21045	3	34.5038	2
1281.61095	641.81275	2	34.4321	2
1281.76640	428.26270	3	63.1368	1
1282.57490	642.29470	2	70.4086	2
1282.58605	642.30030	2	60.2406	2
1283.61565	642.81510	2	69.3757	2
1283.65125	642.83290	2	64.1703	2
1283.65970	642.83710	2	84.3270	3
1283.70780	428.90990	3	42.6037	1
1283.72160	428.91450	3	41.9814	2
1284.61365	429.21185	3	38.5255	2
1284.62705	643.32080	2	89.7554	2
1284.69415	643.35435	2	76.5927	2
1284.70255	643.35855	2	67.7755	2
1284.70360	429.24180	3	41.2617	2
1284.72775	643.37115	2	82.4046	2
1285.66360	643.83910	2	41.7918	2
1285.72440	429.58210	3	44.3643	1
1286.64485	429.88890	3	67.4047	2
1286.66770	644.34110	2	84.6807	3
1286.68385	644.34920	2	83.9969	2
1286.69900	644.35680	2	66.9846	3
1286.78540	644.40000	2	84.9647	2
1287.62925	644.82190	2	83.5649	2
1287.68260	644.84860	2	72.4359	2
1288.59065	645.30260	2	43.1112	2
1288.60630	645.31045	2	62.5120	2
1288.66250	645.33855	2	44.5928	2
1288.68150	645.34805	2	49.7857	2
1288.68500	645.34980	2	65.9060	2
1288.72215	645.36835	2	82.8252	2
1288.73950	645.37705	2	74.5299	2
1289.59000	645.80230	2	34.7028	1
1289.59080	430.87090	3	34.6125	1
1289.62885	645.82170	2	61.3838	2
1289.62895	645.82175	2	87.9000	2
1289.64725	645.83090	2	48.2025	2
1290.65640	646.33550	2	53.5529	2
1290.67210	431.23130	3	67.3057	1
1291.53630	646.77545	2	36.8300	2
1291.57975	646.79715	2	43.3416	2
1291.60490	646.80970	2	49.9045	2
1291.62890	646.82170	2	83.9153	1
1291.66665	646.84060	2	58.7912	2
1293.62360	647.81905	2	54.1933	2
1294.16285	432.39490	3	60.6443	4
1294.62280	648.31870	2	67.0622	2
1294.62650	432.54940	3	35.1135	1
1294.73310	648.37380	2	81.6988	2
1294.79730	432.60640	3	66.3424	2
1295.58860	648.80155	2	43.2904	2
1295.72670	648.87060	2	74.8384	1
1295.74520	648.87990	2	63.5061	1
1295.75680	432.92620	3	58.8710	2
1296.57440	649.29450	2	71.6960	2
1296.68250	433.23480	3	58.5346	1
1296.68325	649.34890	2	58.4494	2
1296.70240	649.35850	2	67.8423	2
1297.23310	649.62385	2	44.0649	4
1297.72440	433.58210	3	44.6586	1
1297.73680	649.87570	2	64.2788	2
1297.76080	433.59420	3	62.1745	2
1298.59285	650.30370	2	36.4024	2
1298.59385	433.87190	3	36.3594	2
1298.61105	433.87760	3	36.2479	2
1298.69465	650.35460	2	46.7251	2
1298.74620	650.38040	2	91.3508	2
1299.56950	650.79205	2	34.7295	2
1299.62830	650.82145	2	73.2111	2
1299.67970	650.84715	2	39.7841	2
1299.69325	650.85390	2	78.6695	2
1299.71460	650.86460	2	56.6880	2
1300.62220	651.31840	2	80.2441	1
1300.62325	651.31890	2	85.1028	2
1300.69840	434.57340	3	31.9729	2
1300.70295	651.35875	2	61.8768	2
1300.70655	651.36055	2	90.9172	2
1300.73900	651.37675	2	74.7085	2
1300.76100	651.38780	2	74.0689	1
1300.77515	651.39485	2	84.0933	2
1301.60970	651.81210	2	41.2289	1
1301.63650	434.88610	3	39.3926	2
1301.63675	651.82565	2	39.4301	2
1301.69870	651.85660	2	67.5753	2
1302.65970	652.33715	2	65.6497	2
1303.51415	652.76435	2	64.2885	2
1303.60525	652.80990	2	59.4933	2
1303.75005	652.88230	2	74.4106	2
1304.61120	653.31290	2	41.5771	2
1304.73420	653.37440	2	77.9335	2
1305.61685	436.21290	3	30.1597	2
1305.62380	653.81915	2	50.2046	2
1305.66045	653.83750	2	67.8979	2
1305.70535	653.85995	2	72.5748	2
1306.58290	436.53490	3	39.2749	2
1306.65140	436.55770	3	38.8117	2
1306.66360	654.33905	2	30.5281	2
1306.67810	654.34630	2	74.8423	2
1307.66205	654.83830	2	60.3869	2
1308.65840	655.33650	2	62.1224	3
1308.71895	655.36675	2	85.9925	2
1308.72015	437.24730	3	86.0853	2
1308.74105	655.37780	2	59.1456	2
1308.77795	655.39625	2	72.0423	2
1309.65185	655.83320	2	62.6884	2
1309.66425	437.56200	3	70.8462	2
1309.77205	655.89330	2	77.2882	2
1310.12255	656.06855	2	67.4272	4
1310.56075	656.28765	2	35.2348	2
1310.65140	437.89105	3	46.8457	2
1310.68075	656.34765	2	79.6928	2
1311.57055	656.79255	2	58.6128	2
1311.58365	656.79910	2	49.3259	2
1311.64600	656.83030	2	88.0950	1
1311.71465	438.24545	3	59.4090	2
1311.71525	438.24570	3	40.6858	2
1313.61280	657.81365	2	62.3167	2
1313.69370	438.90515	3	51.3003	2
1313.69530	657.85490	2	55.1439	1
1313.70230	657.85845	2	86.6215	2
1313.71945	438.91375	3	61.0011	2
1313.72010	657.86730	2	84.1627	2
1313.74540	438.92240	3	52.9831	1
1314.59875	439.20685	3	32.0356	2
1314.69580	658.35515	2	47.2899	2
1314.69760	658.35610	2	61.9965	2
1314.70265	439.24145	3	47.3418	2
1315.65985	658.83720	2	71.9568	2
1315.68370	658.84915	2	59.2894	2
1315.71040	658.86250	2	64.0414	2
1316.56475	659.28965	2	54.5893	2
1316.65875	659.33665	2	78.7878	4
1316.67590	439.89920	3	63.6462	1
1316.67640	659.34550	2	63.6239	1
1316.73485	659.37470	2	95.2260	2
1316.73510	659.37485	2	67.5545	2
1317.60945	440.21040	3	51.8570	2
1317.64250	659.82850	2	41.6334	2
1317.74855	440.25680	3	74.5895	2
1318.65925	660.33690	2	78.4239	2
1318.68920	660.35190	2	62.9294	1
1319.63345	660.82400	2	52.7605	2
1319.66250	660.83850	2	53.2050	1
1319.66530	440.89570	3	53.1497	2
1319.69130	660.85290	2	80.9474	2
1320.59935	661.30695	2	71.2374	2
1320.62375	441.21520	3	39.8937	2
1320.62390	661.31920	2	39.9464	2
1320.62390	661.31920	2	70.0698	1
1320.63470	441.21880	3	50.3926	2
1320.68570	661.35010	2	92.1192	17
1321.61645	661.81550	2	51.1211	2
1321.76430	661.88945	2	80.1929	2
1321.76515	441.59565	3	80.1216	2
1322.66635	662.34045	2	88.2325	2
1322.67190	662.34320	2	63.5274	2
1322.72650	662.37050	2	71.9302	2
1323.71900	442.24690	3	70.5626	1
1324.69115	663.35285	2	77.3713	2
1324.73585	663.37520	2	62.5983	2
1324.78325	442.60170	3	64.4591	2
1326.62175	664.31815	2	59.8941	2
1326.68945	443.23710	3	30.6347	2
1326.69020	664.35240	2	30.6477	2
1327.56530	664.78995	2	48.6572	2
1327.65235	443.55805	3	56.3342	2
1327.78770	664.90115	2	94.0695	2
1328.74540	443.92240	3	41.4626	2
1328.75285	443.92485	3	70.6013	2
1328.75335	665.38395	2	70.7815	2
1329.60745	665.81100	2	40.2892	2
1329.65330	665.83390	2	58.3246	1
1329.65500	665.83475	2	42.8696	2
1329.66805	444.22995	3	57.6486	2
1329.69305	665.85380	2	76.3492	2
1329.69330	444.23835	3	65.1686	2
1330.71440	666.36450	2	60.9997	3
1330.77960	666.39710	2	85.1668	2
1330.78210	444.60130	3	85.3287	2
1331.67615	666.84535	2	73.8702	2
1331.70905	666.86180	2	80.1541	2
1331.70975	666.86215	2	62.8796	2
1331.72880	666.87170	2	91.5200	2
1331.74500	666.87980	2	81.6340	2
1331.76790	666.89125	2	44.8299	2
1332.64665	667.33060	2	46.8906	2
1332.69980	667.35715	2	82.0757	2
1333.59335	667.80395	2	42.7534	2
1334.66275	445.89485	3	45.4411	2
1334.71865	445.91350	3	53.0286	2
1334.71900	668.36680	2	53.0066	2
1334.72400	668.36930	2	75.9489	2
1335.63850	668.82650	2	71.4571	2
1335.64720	668.83085	2	69.4163	2
1336.59710	669.30585	2	55.0748	4
1336.74655	446.58945	3	42.4728	2
1336.74735	669.38095	2	42.4830	2
1336.80860	669.41155	2	79.1990	2
1337.67235	669.84345	2	72.7905	2
1338.06465	670.03960	2	38.5523	4
1338.61290	670.31370	2	60.1403	2
1338.66800	670.34130	2	62.4260	2
1338.72040	670.36750	2	71.8987	2
1339.65230	670.83340	2	64.0096	2
1339.74505	447.58895	3	54.9096	2
1339.75340	670.88395	2	81.2096	2
1339.77050	670.89250	2	97.4344	9
1340.59765	671.30610	2	48.5417	2
1340.73110	671.37285	2	61.3658	2
1341.19945	671.60700	2	44.3745	4
1341.62175	671.81815	2	74.5245	2
1341.72680	448.24950	3	43.3608	1
1342.65125	448.55765	3	36.9241	2
1342.65155	448.55780	3	53.4652	2
1342.69350	672.35405	2	69.9199	2
1342.70935	448.57705	3	55.7604	2
1342.70995	672.36225	2	62.2007	2
1342.73595	672.37525	2	84.3694	14
1343.76550	448.92910	3	53.8210	2
1343.76675	672.89065	2	53.8488	2
1344.68100	673.34780	2	52.8789	1
1344.70670	673.36060	2	61.9190	1
1344.71425	673.36440	2	65.2971	2
1344.74070	673.37760	2	82.8603	2
1344.74390	449.25520	3	81.1323	1
1344.74640	449.25605	3	67.2818	2
1344.79685	673.40570	2	95.6873	2
1345.62280	449.54820	3	32.6460	2
1345.62340	673.81900	2	32.7094	2
1345.66280	673.83870	2	58.2452	2
1345.73610	673.87530	2	97.5028	1
1346.57790	674.29625	2	39.4006	2
1346.67375	674.34415	2	72.4516	2
1346.68300	674.34875	2	77.4733	2
1346.76705	449.92960	3	67.9517	2
1346.76755	674.39105	2	68.0308	2
1347.58025	674.79740	2	52.5086	2
1347.66820	674.84140	2	87.8335	2
1347.72300	674.86875	2	84.1973	2
1347.74560	450.25580	3	62.8025	2
1347.74690	674.88070	2	62.9124	2
1347.76570	450.26250	3	82.4687	2
1349.64720	675.83090	2	60.1102	2
1349.68440	675.84950	2	68.9163	2
1349.68490	675.84975	2	60.2777	2
1350.61015	676.31235	2	39.2800	2
1350.64165	676.32810	2	75.3644	2
1350.71565	676.36510	2	73.2411	2
1350.75105	676.38280	2	57.9773	2
1351.63790	451.55325	3	33.4344	2
1351.63840	676.82645	2	33.4684	2
1351.64125	676.82790	2	59.9255	2
1351.71140	451.57770	3	49.1414	1
1352.59475	451.87220	3	30.1651	2
1352.63930	677.32690	2	62.7658	2
1352.72940	451.91705	3	54.4068	2
1352.75560	677.38510	2	67.4675	2
1353.72300	677.86880	2	87.5382	2
1353.72505	677.86980	2	65.0522	2
1354.72845	678.37150	2	90.8931	4
1355.71635	678.86545	2	86.9430	2
1355.71685	678.86570	2	84.7058	2
1355.73035	678.87245	2	56.0259	2
1355.77730	452.93305	3	58.3004	2
1355.77775	678.89615	2	81.5481	2
1356.73615	679.37535	2	59.3960	2
1356.74820	453.25665	3	47.5803	2
1356.75090	679.38270	2	47.6429	2
1357.66350	453.56180	3	48.8264	3
1357.66360	679.83905	2	48.8228	2
1357.67390	679.84420	2	29.7591	2
1357.67460	453.56550	3	29.5855	2
1357.74570	453.58920	3	57.6247	2
1357.74680	679.88070	2	57.7198	2
1358.66020	680.33740	2	88.0445	2
1358.66145	680.33800	2	56.2121	2
1358.66760	680.34110	2	45.0709	2
1358.66840	453.89675	3	45.0367	2
1358.67865	453.90015	3	38.0014	2
1358.68000	680.34725	2	38.0553	2
1358.74190	680.37825	2	82.1726	2
1358.75600	680.38530	2	91.8535	2
1359.68285	680.84870	2	66.5141	2
1359.68820	454.23665	3	37.7428	2
1359.83480	454.28550	3	56.2302	1
1360.58685	454.53620	3	33.0980	2
1360.58730	681.30090	2	33.1266	1
1360.70000	681.35725	2	75.0020	2
1361.66905	681.84180	2	39.7786	2
1361.67200	681.84330	2	66.2210	2
1361.72020	681.86735	2	68.1222	2
1361.72395	681.86925	2	70.8667	2
1362.55890	682.28675	2	49.4134	2
1362.59000	682.30230	2	47.7636	2
1362.64430	682.32940	2	52.9976	1
1362.71245	682.36350	2	87.0952	2
1362.71545	682.36500	2	57.4860	2
1362.71555	682.36505	2	71.5172	2
1362.72235	682.36845	2	82.7667	2
1363.68485	682.84970	2	72.2605	2
1363.69080	455.57085	3	44.4358	2
1363.69150	682.85305	2	44.5507	2
1364.59110	455.87100	3	50.2853	1
1364.59330	683.30390	2	50.4183	1
1364.62980	683.32220	2	71.3654	1
1364.63900	683.32680	2	63.7350	2
1364.66710	683.34080	2	44.3101	1
1364.68355	683.34905	2	60.7038	2
1364.71915	683.36685	2	64.1429	2
1364.73470	683.37460	2	68.7268	2
1365.55950	456.19375	3	41.5168	2
1365.66640	683.84045	2	83.6677	2
1365.67835	456.23340	3	55.1516	2
1365.67840	683.84645	2	55.1842	2
1366.73185	456.58455	3	35.8034	2
1366.75840	456.59340	3	35.9118	2
1366.84420	684.42935	2	99.2121	2
1367.54500	684.77980	2	32.5241	3
1367.65420	456.89200	3	50.6373	2
1367.67245	456.89805	3	49.3547	2
1367.68705	456.90295	3	50.8373	2
1367.68890	684.85170	2	50.8979	2
1367.71335	684.86395	2	71.0141	2
1367.76765	684.89110	2	82.6451	2
1367.77895	684.89675	2	74.5625	2
1368.64580	457.22250	3	66.9546	1
1368.75060	685.38260	2	74.1103	2
1368.79790	457.27320	3	63.1599	1
1368.79880	457.27350	3	63.1312	1
1369.67395	457.56525	3	51.3595	2
1369.67410	685.84430	2	51.4131	1
1369.79390	685.90425	2	53.9861	2
1370.28510	457.76900	3	53.9307	4
1370.72370	686.36915	2	78.4963	2
1370.81775	686.41615	2	93.8566	2
1371.68380	686.84920	2	72.8093	2
1371.71030	686.86240	2	90.5190	2
1371.73490	458.25225	3	48.6804	2
1371.74510	458.25560	3	54.1596	2
1372.68375	687.34915	2	65.5108	2
1372.71685	458.57955	3	53.7624	2
1373.69050	687.85250	2	37.2380	2
1373.74040	687.87750	2	70.0733	2
1373.75220	687.88335	2	56.3557	2
1374.68805	459.23660	3	46.9465	2
1374.68845	688.35150	2	46.9470	2
1374.71020	688.36240	2	72.7324	2
1374.76170	459.26115	3	77.0413	2
1374.76300	688.38880	2	77.1063	2
1374.78800	688.40130	2	83.4338	2
1375.71255	459.57810	3	75.6114	2
1376.70825	689.36140	2	88.6924	2
1376.71860	689.36660	2	64.3201	3
1376.73010	459.91730	3	48.9651	2
1376.85030	459.95740	3	65.7389	2
1377.67160	689.84310	2	82.2819	3
1377.67735	689.84595	2	74.9423	2
1377.68555	689.85005	2	31.9960	2
1377.68855	460.23680	3	31.9566	2
1377.69305	460.23825	3	87.4375	2
1377.69760	689.85610	2	89.2581	6
1378.23290	690.12370	2	83.8138	4
1378.55480	690.28470	2	42.2575	2
1378.67715	690.34585	2	58.9429	2
1378.69550	690.35500	2	59.1961	2
1378.75395	690.38425	2	93.6058	2
1379.76595	460.92925	3	72.0214	2
1379.76655	690.89055	2	71.9932	2
1379.77010	690.89235	2	79.3153	2
1380.79880	691.40670	2	75.9948	1
1381.66640	691.84045	2	65.0038	2
1381.74610	691.88030	2	72.9738	1
1382.65200	692.33330	2	75.8176	2
1382.75980	692.38720	2	76.7954	2
1383.54280	692.77870	2	26.4481	3
1383.67980	462.23385	3	42.4620	2
1384.66285	693.33870	2	55.2791	2
1384.67090	693.34270	2	82.7134	2
1384.71100	693.36280	2	69.3140	1
1384.73480	462.58555	3	63.2886	2
1384.75255	693.38355	2	82.8355	2
1385.66460	693.83960	2	78.5735	1
1385.73460	693.87455	2	74.4321	2
1385.75210	693.88335	2	61.4447	2
1386.72440	463.24870	3	65.3597	1
1387.56210	694.78830	2	60.8283	2
1387.63240	694.82350	2	74.3654	1
1387.68705	694.85080	2	81.5481	2
1387.69295	694.85375	2	55.9700	2
1387.69610	694.85530	2	69.9022	2
1387.72785	694.87120	2	82.9545	2
1387.72800	463.58325	3	82.8328	2
1388.55620	695.28540	2	54.5366	1
1388.70535	695.35995	2	51.5124	2
1389.73395	695.87425	2	86.6270	2
1389.75140	695.88300	2	87.7652	2
1390.65130	464.55770	3	36.9594	2
1390.75695	464.59295	3	66.8406	2
1391.69455	696.85455	2	75.3988	4
1391.70510	696.85985	2	52.0412	2
1392.61685	465.21290	3	58.3924	2
1392.66715	697.34085	2	62.3778	2
1392.87150	697.44305	2	82.9908	2
1393.64310	697.82885	2	67.6354	2
1393.65240	697.83345	2	70.1688	2
1393.67870	697.84665	2	69.6625	2
1393.69240	697.85350	2	81.4093	3
1393.70280	465.57485	3	54.7982	2
1393.70315	697.85885	2	76.4915	2
1394.55000	698.28230	2	35.8623	2
1394.75620	698.38540	2	86.2266	2
1395.65300	698.83380	2	57.4805	2
1395.71085	466.24420	3	39.1753	2
1395.71205	698.86330	2	39.1487	2
1396.67755	699.34605	2	76.2783	2
1396.80415	699.40935	2	65.6603	2
1397.60240	466.87470	3	45.7390	1
1397.60430	699.80940	2	45.7683	2
1397.71615	699.86535	2	50.4596	2
1397.79570	699.90510	2	78.6027	2
1398.62770	700.32115	2	51.4860	2
1398.70340	700.35900	2	89.0505	2
1398.73525	467.25235	3	49.8731	2
1398.77265	700.39360	2	63.0906	2
1399.66190	700.83825	2	60.1868	2
1399.69535	700.85495	2	53.6742	2
1399.76900	700.89175	2	61.9808	2
1401.57190	701.79325	2	41.8567	2
1401.71020	468.24400	3	41.4004	2
1401.71120	701.86290	2	41.4565	1
1401.76265	701.88860	2	79.7180	2
1402.70570	468.57580	3	43.1853	1
1402.75135	702.38295	2	76.0321	2
1403.63220	702.82340	2	54.3664	2
1403.63985	702.82720	2	59.8939	2
1403.72270	702.86860	2	86.1071	1
1403.74010	468.92065	3	39.8564	2
1403.74135	702.87795	2	39.9201	2
1403.74185	702.87820	2	68.4069	2
1404.73030	703.37240	2	74.8090	1
1404.79790	703.40625	2	67.1872	2
1405.65135	703.83295	2	55.2736	2
1405.67340	469.56505	3	43.0822	2
1406.66040	469.89410	3	50.7754	1
1406.71550	704.36500	2	73.8626	2
1407.72495	470.24890	3	48.7382	2
1407.72660	704.87060	2	48.8698	1
1407.78305	470.26830	3	65.2830	2
1407.78430	470.26870	3	59.2696	1
1408.65120	705.33290	2	76.6165	2
1408.66250	705.33855	2	79.1897	4
1408.66895	705.34175	2	38.4039	2
1409.68770	705.85110	2	67.6988	2
1409.74000	470.92060	3	48.0836	2
1410.70005	706.35730	2	54.8908	2
1410.72480	471.24885	3	49.3852	2
1410.72580	706.37020	2	49.4977	1
1410.77170	471.26450	3	56.4717	2
1411.65940	706.83700	2	47.1829	2
1411.67330	706.84390	2	71.7054	2
1411.71620	471.57930	3	69.1780	2
1411.82780	471.61655	3	71.9675	2
1411.82915	706.92185	2	71.8701	2
1412.64335	707.32895	2	88.1968	2
1412.77550	707.39505	2	50.0296	2
1412.81320	707.41390	2	82.0095	2
1412.83860	471.95350	3	65.7951	2
1412.84020	707.42740	2	65.8212	2
1413.67500	707.84475	2	36.5799	2
1413.76635	707.89045	2	60.5963	2
1414.72290	708.36870	2	59.8579	1
1414.72975	472.58385	3	46.4355	2
1414.73005	708.37230	2	80.8300	2
1414.73140	708.37300	2	46.4686	2
1415.64965	708.83210	2	91.6414	2
1415.68990	708.85225	2	56.9708	2
1415.72620	708.87040	2	45.1569	2
1415.76210	472.92795	3	39.3375	2
1416.72500	709.36975	2	63.8886	2
1416.72780	709.37120	2	94.0979	5
1417.66540	709.83995	2	67.4444	2
1417.66815	709.84135	2	54.6403	2
1417.68010	473.56730	3	45.8745	2
1417.70910	709.86180	2	73.3843	2
1418.69880	473.90685	3	42.0483	2
1418.70830	710.36140	2	57.1831	2
1419.66355	710.83905	2	56.5320	2
1419.70035	710.85745	2	50.2979	2
1419.75020	474.25735	3	50.5443	2
1419.81255	710.91355	2	80.2822	2
1420.19085	474.40420	3	50.8283	4
1420.65050	711.33255	2	45.9279	6
1421.80330	474.94170	3	62.6795	2
1422.59395	475.20525	3	35.7902	2
1422.59435	712.30445	2	35.9223	2
1422.67390	475.23190	3	39.7980	2
1422.68630	712.35045	2	64.7710	2
1422.75185	712.38320	2	77.8878	2
1423.61000	712.81230	2	70.0447	1
1423.67015	712.84235	2	81.4583	2
1423.74575	712.88015	2	90.1250	2
1424.66110	713.33780	2	67.4095	2
1424.71985	713.36720	2	66.1187	2
1424.75190	713.38325	2	58.2742	2
1424.80590	713.41020	2	90.3887	1
1425.67205	713.84330	2	72.7849	2
1425.80940	713.91200	2	73.0551	2
1425.81910	476.28030	3	61.3336	2
1425.81970	713.91710	2	61.4051	1
1426.78975	476.60385	3	42.2001	2
1427.64285	714.82870	2	45.4515	2
1427.72630	714.87045	2	51.9548	2
1427.79810	476.94000	3	56.7212	2
1427.79925	714.90690	2	81.9516	2
1428.71100	477.24430	3	45.0971	2
1428.78200	477.26790	3	75.8911	2
1429.75015	715.88235	2	62.8846	2
1429.75655	477.59280	3	59.0878	2
1429.75700	715.88580	2	59.2016	2
1429.76030	715.88740	2	50.9983	2
1429.80065	715.90760	2	96.5102	2
1430.73015	716.37235	2	87.7347	2
1430.73615	477.91930	3	49.7298	2
1430.76420	716.38940	2	90.0136	1
1431.28355	716.64905	2	85.3362	4
1431.78855	478.27010	3	64.5953	2
1431.79890	716.90675	2	78.9728	2
1432.68140	478.56770	3	50.5076	1
1432.71520	478.57900	3	44.1700	2
1432.71610	717.36530	2	44.2533	1
1434.74745	718.38100	2	72.8202	2
1435.66245	718.83850	2	37.5894	2
1435.73170	718.87315	2	67.5303	2
1435.76770	718.89115	2	62.2542	2
1436.69405	479.90525	3	54.7361	2
1436.70280	719.35865	2	54.8623	2
1436.70390	719.35920	2	67.6555	3
1436.76225	479.92805	3	50.8724	2
1436.78775	479.93650	3	61.3558	2
1437.69235	719.85345	2	62.8844	2
1438.59135	480.53770	3	28.9221	2
1438.77370	720.39410	2	80.7223	2
1439.64695	720.83075	2	47.2977	2
1439.79880	720.90665	2	72.0799	2
1439.80290	720.90870	2	95.0372	1
1440.81965	721.41710	2	78.6748	2
1441.63300	721.82375	2	76.2250	2
1442.64875	722.33165	2	83.1471	2
1442.66895	722.34175	2	50.7026	2
1442.68820	722.35135	2	79.2162	2
1442.72870	481.91685	3	48.7566	2
1442.77275	481.93150	3	60.9619	2
1443.67440	722.84450	2	42.9328	2
1443.81010	722.91235	2	73.0607	2
1443.84555	722.93005	2	78.8124	2
1444.66875	723.34165	2	55.4240	2
1444.67760	723.34610	2	84.1146	1
1444.74240	723.37845	2	69.8912	2
1444.77075	482.59755	3	59.8295	2
1444.81260	723.41355	2	86.8860	2
1446.71130	724.36290	2	61.7921	3
1446.71400	724.36430	2	61.1009	1
1447.73860	724.87655	2	67.0007	2
1447.75555	483.59245	3	55.8427	2
1447.75740	724.88600	2	55.8955	1
1448.71485	725.36470	2	56.1509	2
1448.73885	725.37670	2	76.3685	2
1448.74440	725.37950	2	82.3734	2
1449.67715	725.84585	2	61.5933	2
1449.71350	725.86405	2	73.2686	2
1449.86690	484.29625	3	59.2560	2
1449.88240	725.94850	2	85.3817	1
1450.72445	726.36950	2	80.9474	2
1450.73735	726.37595	2	88.8876	2
1450.75300	726.38380	2	94.9114	1
1450.81820	484.61330	3	64.6514	2
1451.66410	484.89530	3	48.0363	1
1451.71310	484.91160	3	33.3402	1
1452.75100	727.38275	2	80.5803	2
1452.76685	485.26290	3	56.6216	2
1452.79895	727.40675	2	89.6884	2
1453.76100	727.88775	2	55.4027	2
1454.73075	728.37265	2	78.3401	2
1454.87145	485.96445	3	76.1587	2
1454.87235	728.44345	2	76.0645	2
1455.69885	728.85670	2	67.1871	2
1455.69980	486.24055	3	67.2215	2
1455.79980	728.90715	2	91.4450	2
1455.83750	728.92600	2	80.2539	2
1457.78785	729.90120	2	80.5200	2
1457.78805	486.93660	3	80.4851	2
1457.81445	729.91450	2	83.6791	2
1458.68300	730.34880	2	75.0165	1
1458.74630	487.25600	3	75.6705	2
1458.77900	487.26690	3	41.0909	1
1459.67330	730.84395	2	74.1484	2
1459.70445	730.85950	2	57.7380	2
1459.70950	730.86205	2	66.6002	2
1459.74530	730.87995	2	62.7419	2
1459.84115	730.92785	2	74.7917	2
1459.84120	487.62100	3	74.7575	2
1461.73970	731.87715	2	64.0230	2
1461.83715	731.92585	2	76.1641	2
1461.83755	488.28645	3	76.0101	2
1462.69525	732.35490	2	64.3941	2
1462.76670	732.39060	2	67.3187	2
1463.67400	488.89860	3	61.7843	2
1463.70840	732.86150	2	79.1005	2
1463.71015	732.86235	2	65.4328	2
1463.74055	488.92075	3	71.1751	2
1463.75005	732.88230	2	71.2076	2
1464.30175	489.10785	3	63.9834	4
1464.75015	489.25730	3	80.7550	2
1464.79455	733.40455	2	60.7952	2
1464.79545	733.40500	2	66.9352	2
1465.73470	733.87460	2	85.9925	2
1466.66455	489.89545	3	43.1682	2
1466.67765	734.34610	2	73.8048	2
1466.74150	734.37805	2	87.7018	2
1466.77405	489.93195	3	42.9883	2
1467.24455	734.62955	2	84.0459	4
1468.68770	735.35115	2	52.2290	2
1468.79600	735.40525	2	73.5651	2
1468.80700	490.60960	3	55.6847	3
1470.74765	491.25650	3	65.1195	2
1470.74960	491.25715	3	55.0887	2
1470.79960	736.40705	2	87.8999	2
1470.84590	736.43020	2	82.3341	2
1471.71000	736.86225	2	53.3708	2
1471.74215	736.87835	2	64.3430	2
1471.75765	491.59315	3	65.9737	2
1472.73670	491.91950	3	56.5273	2
1472.73735	737.37595	2	56.5961	2
1472.77625	491.93270	3	58.2083	2
1473.76185	492.26120	3	70.4838	2
1474.76850	738.39150	2	78.4292	2
1475.77320	492.93165	3	61.9478	2
1475.82470	492.94880	3	73.7434	1
1476.69350	739.35400	2	51.7640	1
1476.71025	739.36240	2	64.1634	2
1476.78240	739.39850	2	72.1415	2
1477.64890	493.55690	3	31.6490	1
1477.74265	739.87860	2	83.7343	2
1477.76115	739.88785	2	71.4362	2
1477.76800	739.89130	2	87.1581	1
1478.63980	740.32715	2	47.3675	2
1478.77745	740.39600	2	73.5075	2
1479.73495	740.87475	2	76.5366	2
1480.68870	494.57020	3	34.8472	2
1480.71780	741.36615	2	84.3876	2
1480.78770	494.60320	3	63.7443	1
1480.83790	494.61990	3	58.0084	2
1481.72670	494.91620	3	61.1242	1
1482.81410	742.41435	2	88.7575	2
1482.83065	742.42260	2	67.3707	2
1483.71210	495.57795	3	60.4713	2
1483.74580	495.58920	3	28.5070	2
1483.76275	742.88865	2	75.2968	2
1484.68250	743.34855	2	42.6525	2
1484.80985	743.41220	2	82.3057	2
1484.82050	495.94740	3	73.7420	2
1484.82275	743.41865	2	73.7800	2
1485.82370	743.91915	2	86.1695	2
1485.82410	496.28195	3	86.1549	2
1486.72090	496.58090	3	74.7862	2
1486.76495	744.38975	2	70.4297	2
1486.77700	496.59960	3	52.9183	2
1486.78190	744.39825	2	66.3358	2
1486.78195	496.60125	3	66.4078	2
1487.71680	744.86570	2	77.8270	3
1488.64900	745.33175	2	48.1487	2
1488.74305	497.25495	3	44.0211	2
1488.74540	745.38000	2	44.1366	1
1488.79375	497.27185	3	58.2979	2
1489.74785	745.88120	2	89.2973	2
1490.69670	746.35560	2	79.3027	1
1491.81210	746.91335	2	88.4375	2
1492.70670	747.36060	2	51.5085	1
1492.70955	747.36205	2	47.0371	2
1492.73780	498.58650	3	75.0816	1
1492.80710	498.60960	3	75.5717	1
1493.64915	747.83185	2	37.9716	2
1493.64935	498.89040	3	37.9737	2
1493.74800	747.88125	2	55.4963	2
1495.74175	499.58785	3	68.2084	2
1495.84120	748.92785	2	80.8896	2
1495.85565	499.62580	3	81.0222	2
1495.85730	748.93590	2	81.1641	1
1495.87240	499.63140	3	68.6254	2
1496.68685	749.35070	2	84.4695	2
1496.76235	499.92805	3	55.7924	2
1496.76365	749.38910	2	64.1071	2
1496.78445	749.39950	2	70.2892	2
1496.82750	749.42100	2	90.8584	2
1498.76225	750.38840	2	74.2551	2
1498.77890	750.39675	2	67.7575	2
1498.84040	750.42750	2	84.1250	2
1499.71360	500.91180	3	54.8855	2
1499.71510	750.86480	2	54.9409	1
1499.77050	750.89250	2	84.9319	1
1500.76245	751.38850	2	55.1334	2
1500.76250	501.26145	3	55.0597	2
1500.79460	751.40460	2	58.3925	2
1500.79950	501.27375	3	58.3859	2
1500.81585	501.27925	3	68.2956	2
1500.81595	501.27925	3	64.0808	2
1501.71610	751.86535	2	50.1080	2
1501.71645	501.57945	3	50.0760	2
1501.77870	751.89660	2	71.5773	5
1501.80110	751.90780	2	67.0913	1
1502.64760	752.33110	2	77.7468	2
1502.75280	752.38365	2	87.0762	2
1503.70580	502.24250	3	45.1975	1
1503.79520	752.90490	2	80.2512	2
1504.74930	502.59040	3	53.2491	2
1504.79705	753.40580	2	68.4525	2
1504.87690	502.63290	3	79.4368	2
1505.65345	502.89175	3	46.4129	2
1505.70795	502.90990	3	55.9625	2
1505.72680	502.91620	3	60.3604	2
1505.91925	753.96690	2	92.0571	2
1506.79370	754.40410	2	65.4602	3
1506.79390	754.40425	2	59.4591	2
1507.71250	503.57810	3	62.8047	2
1508.74235	503.92140	3	86.1934	2
1508.74345	755.37900	2	86.0248	2
1508.81345	503.94510	3	47.7025	2
1508.81425	755.41440	2	47.7425	2
1509.64470	504.22220	3	34.7346	1
1509.65775	504.22650	3	46.0742	2
1509.74645	504.25605	3	51.2110	2
1510.70635	756.36045	2	69.7870	2
1510.71465	504.57880	3	57.0585	2
1510.71570	756.36515	2	57.1002	2
1510.74500	756.37980	2	73.9848	2
1510.75145	504.59110	3	56.7416	2
1511.71720	756.86590	2	41.5524	2
1511.79125	756.90290	2	97.7670	2
1511.85660	756.93555	2	79.8872	2
1512.20725	505.07635	3	42.6551	4
1512.87440	505.29870	3	84.2650	2
1512.87725	757.44590	2	84.2184	2
1513.69815	757.85635	2	67.6143	2
1513.75045	757.88250	2	76.8590	2
1513.86905	505.63030	3	95.6346	2
1513.87565	757.94510	2	95.5116	2
1514.72345	505.91505	3	55.6401	2
1514.79870	758.40660	2	90.6198	2
1514.79945	758.40700	2	65.7489	2
1514.85460	505.95880	3	89.2496	1
1514.85840	758.43645	2	89.1510	2
1515.71685	506.24620	3	77.3460	2
1515.75300	506.25825	3	31.9249	2
1515.75395	758.88425	2	31.9356	2
1515.75420	758.88435	2	49.9150	2
1515.76235	758.88845	2	88.5351	2
1515.77095	506.26425	3	77.6142	2
1515.82135	758.91795	2	78.4543	2
1516.20935	759.11195	2	78.6450	4
1516.77695	759.39575	2	73.6314	2
1516.80050	759.40750	2	78.8228	2
1516.83235	759.42345	2	79.2245	2
1517.71420	759.86440	2	53.7184	1
1517.71520	506.91230	3	53.6513	3
1517.72980	759.87220	2	61.5646	2
1517.73945	759.87700	2	69.3443	2
1517.80915	506.94365	3	75.7295	2
1517.80940	759.91200	2	75.8471	1
1518.79465	760.40460	2	83.2223	2
1518.92700	507.31630	3	62.1098	1
1519.74330	760.87895	2	62.5437	2
1519.82570	760.92010	2	91.3396	2
1520.71975	761.36715	2	76.8369	2
1520.73635	761.37545	2	52.2896	2
1521.79335	508.27170	3	43.8690	2
1523.76220	762.88840	2	92.0125	1
1523.86760	508.96315	3	76.0978	2
1523.88145	762.94800	2	89.1174	2
1524.63400	509.21860	3	53.4276	1
1524.74125	763.37790	2	71.0462	2
1525.76730	509.59635	3	62.6037	2
1526.73220	509.91800	3	33.1684	2
1527.71050	510.24410	3	34.5630	2
1527.78130	764.89795	2	89.3561	2
1527.80040	764.90745	2	68.9693	2
1528.74505	765.37980	2	91.8867	2
1528.79995	765.40725	2	71.8185	2
1528.80750	765.41100	2	68.7732	1
1528.80905	510.61030	3	68.6977	2
1529.66465	765.83960	2	37.8000	2
1529.80840	765.91150	2	86.0607	2
1529.84095	510.95425	3	63.2315	2
1529.85745	510.95975	3	78.7022	2
1530.15635	511.05940	3	39.9047	4
1530.80265	511.27480	3	65.6311	2
1531.69755	511.57310	3	63.4277	2
1531.71325	766.86390	2	64.6891	2
1531.77665	766.89560	2	64.8802	2
1532.77435	767.39445	2	73.1780	2
1532.79880	767.40665	2	71.0601	2
1532.82075	767.41765	2	81.3023	2
1533.72440	767.86950	2	70.5330	1
1533.74305	512.25495	3	34.3384	2
1533.74650	767.88055	2	67.3078	2
1533.74820	767.88140	2	49.3475	1
1533.79470	512.27215	3	96.2150	2
1533.79970	767.90710	2	96.1333	2
1534.29675	768.15565	2	73.2863	4
1535.67055	512.89745	3	36.5188	2
1535.67885	768.84670	2	59.3452	2
1535.78425	512.93535	3	67.3712	2
1537.72000	513.58060	3	78.6365	2
1537.79415	769.90435	2	75.6452	2
1538.82315	770.41885	2	77.7988	2
1539.74760	770.88110	2	78.1223	2
1540.80665	514.60945	3	62.2828	2
1541.78670	514.93615	3	57.0953	2
1541.78785	771.90120	2	57.1756	2
1541.80400	514.94190	3	58.5028	1
1541.81720	771.91585	2	68.6575	2
1541.83080	771.92270	2	74.5488	2
1542.77090	515.26425	3	53.1193	2
1542.79085	772.40270	2	60.7423	2
1546.69820	774.35640	2	65.7108	2
1547.77445	516.93210	3	53.3422	2
1547.82020	774.91740	2	69.8079	2
1547.82150	774.91800	2	82.5150	1
1547.82320	516.94830	3	61.6656	1
1547.83120	774.92290	2	57.3297	2
1547.83125	516.95100	3	57.2686	2
1548.77830	517.26670	3	70.1808	1
1548.77840	775.39650	2	70.1058	2
1548.80040	517.27405	3	60.2107	2
1548.92450	775.46955	2	79.2471	2
1549.60185	775.80820	2	44.8041	2
1549.74465	517.58880	3	61.8684	2
1549.74480	775.87965	2	62.0280	2
1549.78195	775.89825	2	80.7717	2
1549.82960	775.92210	2	72.3777	2
1550.68910	517.90360	3	32.6722	2
1550.74060	517.92080	3	50.3642	2
1550.74660	776.38060	2	50.4621	2
1550.76885	517.93020	3	56.5859	2
1550.76940	776.39195	2	56.6536	2
1550.85235	776.43345	2	94.5923	2
1551.71670	518.24615	3	35.5914	2
1551.76775	776.89115	2	67.2504	2
1551.77545	518.26575	3	38.5794	2
1551.84520	776.92990	2	89.1566	2
1553.83100	518.95090	3	80.2274	1
1553.83260	777.92360	2	80.2026	1
1555.73855	778.87655	2	71.2420	2
1555.75065	519.59080	3	50.8136	2
1555.79030	778.90240	2	82.3677	2
1555.84610	778.93035	2	81.5278	2
1555.88160	519.63445	3	76.8233	2
1556.77430	779.39440	2	80.1115	1
1556.84355	779.42905	2	89.9889	2
1557.78270	779.89860	2	78.9543	1
1558.76540	780.39000	2	89.9086	1
1558.77460	780.39460	2	66.5743	2
1559.61060	780.81255	2	72.5801	2
1559.75170	520.92450	3	70.3464	2
1559.75780	520.92650	3	77.3030	1
1559.82190	780.91820	2	86.7269	2
1560.80770	781.41110	2	78.7147	5
1560.84145	781.42800	2	78.2664	2
1560.84385	781.42920	2	84.8389	2
1561.78885	781.90170	2	75.6926	2
1561.83585	781.92520	2	86.8747	2
1562.77330	521.93170	3	66.1704	1
1563.80465	522.27550	3	72.8506	2
1564.29830	783.15645	2	73.0589	4
1564.71480	522.57890	3	52.6734	1
1564.71680	783.36565	2	52.7518	2
1564.74085	783.37770	2	55.1224	2
1564.87750	783.44605	2	99.9114	2
1565.78735	522.93640	3	56.8647	2
1565.83190	522.95125	3	65.8773	2
1567.82595	784.92025	2	81.0425	2
1567.89380	523.63850	3	64.6150	1
1567.89510	784.95485	2	96.1836	2
1569.87740	785.94600	2	75.9488	2
1569.91410	785.96435	2	86.4247	2
1570.74510	524.58900	3	51.2007	2
1570.81085	786.41270	2	58.4834	2
1571.68580	524.90255	3	54.8703	2
1572.78325	787.39890	2	57.8622	2
1572.82900	787.42180	2	78.1893	1
1572.83070	525.28415	3	78.0289	2
1573.77735	787.89595	2	86.0662	2
1573.82625	787.92040	2	80.3365	2
1573.83730	787.92595	2	74.2306	2
1574.71135	788.36295	2	70.4613	2
1576.27425	789.14440	2	70.7441	2
1576.75355	789.38405	2	74.4670	2
1577.77045	789.89250	2	71.3116	2
1577.77165	789.89310	2	89.4952	2
1577.78920	789.90190	2	75.0258	2
1578.26025	527.09405	3	71.8670	4
1578.83640	527.28610	3	69.8032	2
1578.85240	527.29140	3	55.6787	2
1578.87395	527.29860	3	82.6200	2
1578.87610	790.44530	2	82.6536	2
1580.70095	527.90760	3	40.2601	2
1580.80570	527.94250	3	61.2561	2
1580.81775	791.41615	2	71.1377	2
1580.86175	791.43815	2	94.0083	2
1580.92885	527.98355	3	74.8796	2
1581.76590	791.89025	2	65.3686	2
1582.84585	792.43020	2	77.4703	2
1582.86835	792.44145	2	70.6169	2
1584.74120	529.25430	3	65.8057	2
1586.18050	794.09750	2	62.9150	4
1586.86730	794.44090	2	85.0866	3
1587.85240	794.93350	2	85.5074	1
1587.85750	530.29310	3	63.9225	2
1588.72610	795.37035	2	69.9237	2
1588.85165	795.43310	2	92.2065	2
1589.82035	530.94740	3	83.4482	2
1589.82120	795.91790	2	83.3518	3
1590.76460	796.38960	2	77.7384	2
1590.79885	796.40670	2	80.9820	2
1590.85320	796.43385	2	89.0259	2
1591.74825	531.59005	3	43.3876	2
1591.74885	796.88170	2	43.4230	2
1591.80275	796.90865	2	58.0892	2
1591.80285	531.60825	3	57.9199	2
1591.86230	796.93840	2	85.9265	2
1592.82045	531.94745	3	66.2131	2
1592.91515	797.46485	2	71.5565	2
1593.74180	532.25450	3	54.3999	2
1593.74210	797.87830	2	54.4595	2
1593.76600	797.89030	2	83.1252	3
1593.94905	797.98180	2	81.4801	2
1594.74830	532.59000	3	70.3942	1
1595.80670	798.91060	2	91.1884	2
1595.86190	532.96120	3	49.5297	1
1596.69530	533.23900	3	32.4321	2
1596.76880	533.26355	3	52.1941	2
1596.77930	799.39695	2	67.5753	2
1596.80050	799.40755	2	53.2701	2
1597.86860	799.94160	2	69.5322	2
1597.88050	799.94750	2	80.6341	1
1598.83620	533.95265	3	81.7721	2
1598.84790	800.43120	2	81.7794	3
1599.80900	534.27690	3	62.3511	3
1599.84790	800.93120	2	73.9790	1
1599.88755	534.30310	3	62.4238	2
1599.89750	534.30645	3	76.4046	2
1600.77955	801.39705	2	76.3711	2
1600.83835	801.42645	2	64.8315	2
1600.84335	534.62170	3	63.7879	2
1600.86905	801.44180	2	63.3203	2
1601.72560	801.87010	2	51.8542	1
1602.80165	802.40810	2	75.9162	2
1602.86360	802.43905	2	72.3458	2
1603.80945	802.91200	2	80.4056	2
1604.74530	803.37995	2	63.6874	2
1604.78355	535.93515	3	67.5190	2
1606.76250	536.59480	3	69.1288	1
1607.79690	536.93960	3	47.4301	1
1607.84960	804.93210	2	84.5380	2
1607.90365	536.97515	3	79.0690	2
1609.83770	537.61980	3	88.1278	2
1609.83895	805.92675	2	88.1637	2
1610.72270	806.36865	2	64.9488	2
1610.78365	537.93515	3	64.5952	2
1610.90620	806.46040	2	96.7125	2
1610.97030	537.99740	3	70.2738	1
1611.78950	806.90205	2	74.2635	2
1611.79105	806.90280	2	64.4276	2
1611.79755	806.90605	2	85.1447	2
1612.85115	807.43285	2	84.0283	2
1612.85720	538.62635	3	69.5506	2
1612.87115	807.44285	2	88.3274	2
1612.90425	538.64200	3	76.0977	2
1613.85230	807.93340	2	82.0497	2
1613.90420	807.95935	2	80.3202	2
1614.76140	808.38800	2	88.1058	2
1614.83935	539.28705	3	76.7450	2
1614.83960	808.42710	2	76.5309	2
1615.85705	539.62630	3	72.0855	2
1616.73150	539.91775	3	46.9273	2
1616.78395	809.39925	2	74.1689	2
1616.83740	539.95310	3	60.5605	1
1616.84415	809.42935	2	91.6497	2
1617.78755	809.90105	2	43.7530	2
1617.83685	809.92570	2	77.1005	2
1619.81580	540.94585	3	64.8206	2
1620.86165	541.29450	3	85.4308	2
1620.86530	811.43995	2	85.4008	2
1621.82925	811.92190	2	83.8714	2
1621.87355	811.94405	2	70.1740	2
1622.76535	541.92905	3	37.0883	2
1622.79820	541.94000	3	80.8612	2
1623.86560	812.94010	2	86.9484	2
1625.77460	813.89455	2	76.9856	2
1625.77695	813.89575	2	80.1844	2
1625.83120	542.95100	3	82.2982	1
1626.80730	814.41090	2	62.0482	1
1626.85785	543.29320	3	56.2961	2
1626.85870	814.43660	2	56.3511	2
1626.90380	814.45920	2	88.2660	2
1627.74835	814.88145	2	66.7150	2
1627.78590	543.60260	3	48.9810	1
1628.79135	815.40295	2	93.9371	2
1628.79425	815.40440	2	80.6380	2
1628.79965	543.94045	3	93.9702	2
1628.81540	543.94570	3	55.7405	3
1628.81615	815.41535	2	55.7872	2
1629.81135	815.91295	2	69.5510	2
1629.87360	815.94405	2	68.8635	2
1629.88455	815.94955	2	88.0056	2
1630.84560	544.62245	3	81.1715	2
1631.88750	544.96975	3	73.0034	2
1631.92520	544.98230	3	70.8329	2
1631.92635	816.97045	2	70.8932	2
1632.77795	545.26660	3	45.5045	2
1633.84330	545.62170	3	78.7590	2
1633.85645	545.62605	3	61.0268	2
1634.80240	818.40845	2	61.8873	2
1634.82820	545.95000	3	43.7453	1
1634.88705	545.96960	3	52.9406	2
1635.76440	546.26210	3	53.9809	1
1635.79730	818.90590	2	81.1216	2
1636.83245	819.42350	2	72.0269	2
1636.94080	819.47765	2	90.8639	2
1638.84070	547.28750	3	74.9393	2
1639.74130	820.87795	2	61.4472	2
1639.87675	547.63285	3	76.9253	2
1639.87770	820.94610	2	77.0009	1
1639.87925	820.94690	2	93.7412	2
1639.88025	547.63405	3	93.9634	2
1639.92790	820.97125	2	89.4099	2
1640.84830	547.95670	3	46.3463	2
1640.88960	821.45210	2	84.3273	2
1641.77135	821.89295	2	73.6227	2
1641.88380	821.94915	2	83.5318	2
1642.69085	822.35270	2	46.2600	2
1642.80635	822.41045	2	58.5104	2
1642.85180	548.62455	3	47.5202	2
1642.85250	822.43355	2	47.5898	2
1642.88315	548.63500	3	78.6169	2
1643.78860	548.93680	3	46.2525	1
1643.82625	822.92040	2	44.1181	2
1643.82825	822.92140	2	74.2221	2
1643.84070	548.95415	3	65.9436	2
1644.75950	823.38700	2	76.7939	1
1645.90455	549.64210	3	66.5996	2
1646.80100	549.94090	3	48.6453	1
1646.83820	549.95330	3	60.7346	2
1648.96560	413.24870	4	57.3010	2
1648.96900	550.66360	3	57.3375	2
1649.72230	825.86840	2	62.7027	1
1649.93665	825.97560	2	76.1280	2
1651.83080	826.92270	2	87.5246	1
1651.91215	826.96335	2	87.6375	2
1651.92620	551.64930	3	84.0608	2
1651.92700	826.97075	2	84.0340	2
1652.75570	827.38510	2	67.9174	1
1653.87280	552.29820	3	75.1986	2
1653.89310	827.95380	2	91.5533	1
1653.92370	552.31520	3	75.7097	2
1654.78835	828.40145	2	69.9893	2
1654.82080	552.61420	3	77.2319	2
1654.89235	828.45345	2	80.4294	2
1655.76400	552.92860	3	48.1357	2
1656.79910	829.40680	2	84.6644	1
1657.81945	829.91700	2	87.8666	2
1657.91870	553.64680	3	82.5462	1
1658.79075	553.93755	3	53.7694	2
1658.83720	830.42590	2	78.3262	2
1659.91070	554.31085	3	78.0145	2
1659.91155	830.96305	2	78.1422	2
1660.74045	554.58740	3	64.2558	2
1660.84220	554.62135	3	61.6241	2
1661.90540	831.96000	2	77.3700	1
1662.80115	555.27430	3	51.0559	2
1662.82925	832.42190	2	69.1116	2
1662.83165	555.28445	3	69.2014	2
1663.79645	555.60610	3	70.9320	2
1664.72570	833.37010	2	66.0389	2
1664.77900	833.39675	2	82.9291	2
1664.80980	833.41220	2	78.4625	2
1664.84200	833.42830	2	72.4895	2
1666.86880	834.44170	2	76.2501	2
1666.87180	556.63120	3	76.1655	3
1666.87655	834.44555	2	80.0706	2
1666.91750	834.46605	2	81.7608	2
1667.81570	556.94580	3	57.1910	2
1667.86120	556.96100	3	76.7521	1
1667.86325	834.93890	2	76.6415	2
1668.81540	557.27910	3	56.5675	2
1669.85445	835.93450	2	70.8376	2
1670.83500	836.42480	2	95.6261	2
1670.88465	557.96885	3	54.6096	2
1670.88470	836.44965	2	54.6828	2
1671.71520	558.24570	3	50.0151	1
1672.72630	558.58270	3	41.9543	1
1673.89955	837.95705	2	75.8765	2
1674.88790	838.45125	2	91.0197	2
1675.73720	419.94160	4	29.6708	2
1675.73795	559.58660	3	29.6464	2
1675.74180	838.87820	2	29.7491	1
1676.81780	839.41615	2	66.5432	2
1677.81450	560.27875	3	69.8376	2
1678.00475	560.34215	3	64.9116	2
1679.87720	560.96630	3	74.3709	1
1681.82135	841.91795	2	75.0844	2
1681.90095	561.64090	3	79.5962	2
1681.90170	841.95810	2	79.5145	3
1681.92710	561.64965	3	92.4196	2
1681.92950	841.97205	2	92.4834	2
1682.80195	842.40825	2	86.8749	2
1682.87120	842.44290	2	92.0852	2
1682.89350	842.45405	2	78.3627	2
1682.93420	842.47440	2	70.7192	1
1683.88360	842.94905	2	76.4717	2
1684.91520	843.46485	2	80.2736	2
1685.91445	562.97875	3	64.5311	2
1685.91445	843.96450	2	64.6569	2
1686.87520	563.29900	3	62.8763	2
1687.91475	844.96465	2	87.2510	2
1687.91720	563.64635	3	87.3090	2
1688.87230	563.96470	3	57.4458	1
1688.88210	845.44835	2	82.8888	2
1689.22405	423.31330	4	31.5386	2
1689.22560	564.08245	3	31.5888	4
1689.84265	564.28815	3	57.6832	2
1689.90950	564.31040	3	93.1030	2
1689.91075	845.96265	2	93.1862	2
1690.96175	564.66120	3	63.0505	2
1692.81945	847.41700	2	83.2406	2
1692.96740	847.49100	2	89.6630	2
1692.97035	565.33070	3	89.7276	2
1693.93680	565.65290	3	62.6212	1
1693.94095	565.65425	3	81.7068	2
1694.80270	565.94150	3	49.4373	2
1695.32955	848.67205	2	68.8771	4
1696.77325	849.39390	2	62.5328	2
1696.84115	849.42785	2	85.3130	2
1696.90835	849.46145	2	84.6361	2
1696.90870	566.64350	3	84.7419	2
1697.90300	566.97490	3	76.8988	3
1697.90535	849.95995	2	76.9170	2
1698.00820	567.01000	3	81.8210	2
1698.79320	850.40390	2	81.8321	2
1698.89820	567.30665	3	83.8627	2
1698.89835	850.45645	2	83.8267	2
1698.90390	567.30860	3	57.8066	2
1699.83670	567.61950	3	82.1704	1
1699.86230	567.62800	3	77.3392	1
1699.86725	567.62970	3	75.1517	2
1699.98840	851.00150	2	92.4463	1
1700.88500	851.44980	2	65.6216	1
1700.91030	851.46245	2	79.7261	2
1701.86830	568.29670	3	60.1457	2
1703.81625	568.94605	3	59.8604	2
1704.72790	569.24990	3	25.5901	2
1704.84530	853.42990	2	58.5399	1
1704.91640	569.31275	3	70.0207	2
1705.83830	853.92645	2	46.2599	2
1705.88395	853.94925	2	68.6655	2
1705.91960	569.64710	3	66.4613	2
1706.32975	569.78385	3	45.7208	4
1706.37415	569.79865	3	68.5304	4
1706.89050	854.45250	2	87.6287	2
1706.90400	854.45930	2	82.6241	3
1706.90480	569.97550	3	84.3636	9
1707.89010	854.95235	2	92.9734	2
1707.89820	570.30670	3	76.4587	5
1707.97670	570.33280	3	78.2081	2
1707.97785	854.99620	2	78.0486	2
1709.98270	571.00150	3	75.3329	2
1710.01885	571.01355	3	79.6593	2
1710.92620	856.47040	2	75.7986	2
1712.88880	857.45165	2	65.9360	2
1712.93655	571.98610	3	68.0611	2
1714.89310	858.45385	2	78.5801	2
1714.89965	572.64050	3	61.7554	2
1714.90040	858.45750	2	61.8470	2
1714.90485	858.45970	2	69.9536	2
1716.88830	859.45140	2	86.0412	1
1717.86530	859.93990	2	71.3038	2
1717.89940	859.95700	2	93.1664	2
1720.90440	861.45950	2	77.0136	2
1721.76185	861.88820	2	37.1765	2
1721.86320	861.93890	2	74.3445	2
1721.86380	861.93920	2	89.4076	1
1722.87340	575.29840	3	74.9644	2
1722.89735	575.30635	3	75.4581	2
1723.02455	575.34880	3	68.8033	2
1723.02570	862.52010	2	68.8565	2
1724.87530	863.44495	2	81.6320	2
1724.91005	575.97725	3	65.5742	2
1724.94135	575.98775	3	79.9054	2
1725.82670	863.92060	2	66.2391	1
1725.95105	863.98280	2	85.3393	2
1726.01530	576.34570	3	81.3998	2
1726.84440	864.42950	2	84.2434	1
1726.93615	576.65265	3	72.9394	2
1728.79125	577.27105	3	62.7446	2
1728.93530	577.31905	3	58.7430	2
1729.00360	577.34180	3	81.9887	2
1730.75715	577.92630	3	64.0754	2
1730.89735	866.45595	2	88.0918	2
1730.89815	866.45635	2	72.3055	2
1731.04520	578.02230	3	88.3782	1
1731.92480	866.96970	2	85.8549	1
1733.87405	578.96530	3	75.0501	2
1733.87505	867.94480	2	75.1459	2
1733.89195	867.95325	2	90.0112	2
1735.78635	868.90045	2	78.2774	2
1735.87860	579.63350	3	78.1364	2
1735.89990	579.64060	3	92.4805	1
1735.96435	579.66205	3	97.2092	2
1735.96635	868.99045	2	97.0919	2
1736.84705	869.43080	2	79.9068	2
1736.84710	579.95630	3	79.9659	2
1737.92730	580.31640	3	77.9526	2
1737.98520	869.99990	2	90.3971	2
1738.80220	870.40835	2	67.9789	2
1738.81995	580.61390	3	59.3370	2
1738.82075	580.61415	3	65.0837	2
1739.88545	580.96910	3	67.5189	2
1742.87430	581.96535	3	66.8413	2
1743.80060	872.90760	2	67.0302	2
1743.80950	872.91205	2	50.1398	2
1743.97720	872.99585	2	95.1398	2
1744.90050	582.64080	3	70.7584	2
1745.91345	582.97845	3	73.1499	2
1745.93515	873.97485	2	82.2314	2
1746.79615	874.40535	2	89.2860	2
1746.81355	874.41405	2	73.7856	2
1748.87355	583.96515	3	62.2929	2
1749.86470	875.93960	2	61.3049	2
1749.86610	584.29595	3	61.3657	2
1750.01025	584.34405	3	55.4592	2
1750.01195	876.01325	2	55.5501	2
1751.93750	876.97600	2	90.3625	2
1752.98600	585.33590	3	85.8429	2
1752.98860	877.50160	2	85.7894	2
1753.85000	585.62395	3	52.2340	2
1754.83870	878.42660	2	92.7687	1
1754.86330	878.43895	2	74.6545	2
1755.85850	878.93650	2	70.2804	2
1755.90415	878.95935	2	89.9473	2
1755.92825	878.97140	2	71.5285	2
1756.88780	586.63650	3	78.9485	1
1756.89025	879.45240	2	78.8472	2
1757.92260	586.98150	3	73.5460	2
1758.79340	880.40395	2	48.5094	2
1758.83345	587.28505	3	76.7074	2
1759.84610	880.93035	2	88.9900	2
1759.91160	880.96305	2	87.8777	2
1760.93870	881.47660	2	87.4015	2
1761.89530	588.30570	3	73.1779	2
1762.42525	588.48235	3	81.5878	2
1762.84260	882.42855	2	75.6982	2
1762.89580	588.63920	3	56.6776	1
1763.83295	882.92375	2	61.0835	2
1763.83450	588.95210	3	61.0569	3
1764.99955	589.34045	3	92.3815	2
1765.00145	883.50800	2	92.3450	2
1765.86510	883.93985	2	79.8250	2
1765.89140	883.95300	2	64.9487	2
1766.94815	884.48135	2	83.6978	2
1766.96975	884.49215	2	86.3960	2
1767.03550	590.01910	3	81.1696	1
1767.82175	590.28115	3	64.2067	2
1767.84970	590.29050	3	88.6979	2
1767.85215	884.93335	2	88.7065	2
1767.97425	590.33200	3	88.2188	2
1768.90165	885.45810	2	79.4714	2
1769.01890	590.68025	3	80.0397	2
1769.91665	885.96560	2	66.5766	2
1770.00525	591.00905	3	73.4803	2
1770.00530	886.00990	2	90.9805	2
1770.88940	591.30370	3	81.0672	1
1771.91500	591.64560	3	74.9631	1
1772.33545	887.17500	2	76.5039	4
1774.88650	888.45050	2	58.0236	2
1775.37850	592.80010	3	59.2094	4
1776.89680	593.30620	3	66.5088	2
1777.32140	889.66795	2	63.5712	4
1778.99005	594.00395	3	71.6213	2
1778.99110	890.50280	2	71.4876	2
1779.80460	445.95840	4	50.6673	2
1779.98940	891.00200	2	72.9755	2
1780.40335	594.47505	3	52.9322	4
1782.87555	595.29915	3	75.3874	2
1783.84735	892.93095	2	72.8504	2
1784.88105	595.96760	3	61.6242	2
1784.88300	893.44875	2	61.6892	2
1784.91740	595.97970	3	54.7408	2
1785.89060	893.95260	2	87.7015	2
1788.91190	597.31120	3	35.0703	2
1789.93090	895.97275	2	81.6193	2
1792.90945	598.64375	3	61.1650	2
1793.06140	897.53795	2	97.0607	2
1793.87460	897.94455	2	89.0835	2
1793.92215	897.96835	2	83.8713	2
1794.81795	898.41625	2	62.9706	2
1794.85890	898.43670	2	81.2656	1
1794.98420	898.49940	2	79.0084	2
1796.85620	599.95935	3	73.7196	2
1796.87855	599.96680	3	83.5135	2
1796.96880	599.99690	3	84.0882	1
1796.98120	600.00100	3	70.3830	3
1799.92785	600.98320	3	99.1634	2
1799.93230	900.97340	2	99.1574	2
1801.00050	601.34080	3	81.8845	1
1803.92285	602.31490	3	49.3199	2
1804.86640	602.62940	3	65.3110	2
1804.89330	602.63840	3	77.5457	1
1804.97075	602.66420	3	77.8963	2
1804.97915	903.49685	2	78.2484	2
1805.36035	903.68745	2	64.8423	4
1805.88030	903.94745	2	76.4747	8
1806.03560	603.01910	3	71.3875	1
1806.88275	904.44865	2	68.4723	2
1809.91785	905.96620	2	72.5510	2
1809.99430	604.33870	3	72.4136	1
1810.00330	906.00895	2	72.7237	2
1810.76120	604.59430	3	45.9799	1
1810.91970	604.64720	3	79.2768	1
1813.90210	907.95830	2	85.4528	1
1813.95035	907.98245	2	83.1870	2
1814.80155	605.94115	3	79.5802	2
1814.80300	908.40880	2	79.7036	2
1814.96940	605.99710	3	65.5903	2
1815.92170	606.31450	3	85.8349	2
1815.92570	908.97015	2	85.7982	2
1817.86365	606.96185	3	69.0931	2
1817.90285	606.97485	3	49.0321	2
1820.86225	911.43840	2	58.7028	2
1820.89515	607.97235	3	72.2039	2
1820.91340	607.97840	3	78.6167	2
1821.00460	608.00880	3	79.7752	1
1821.06250	608.02810	3	83.5760	2
1821.84790	608.28990	3	80.0085	2
1821.89395	608.30525	3	52.6325	2
1822.91260	912.46360	2	84.8584	2
1823.89120	608.97100	3	83.2464	2
1823.90550	608.97580	3	67.8179	2
1825.86490	913.93970	2	55.0422	2
1825.86510	609.62900	3	54.9906	3
1825.89595	913.95525	2	66.6645	2
1826.95510	914.48480	2	78.2270	1
1827.93920	610.32030	3	73.4185	2
1827.96965	610.33045	3	65.1115	2
1827.96970	914.99215	2	65.0218	2
1828.91345	915.46400	2	83.8020	2
1828.95275	915.48365	2	73.0852	2
1830.79610	611.27260	3	73.6825	1
1830.85780	611.29320	3	63.2097	2
1832.00905	611.67695	3	72.1981	2
1832.86660	917.44055	2	81.2670	2
1832.91710	611.97965	3	75.8538	2
1833.93815	917.97635	2	79.7595	2
1834.46485	612.49555	3	87.3911	2
1835.79695	612.93955	3	59.1453	2
1836.04790	613.02325	3	72.9920	2
1836.92610	613.31595	3	85.0977	2
1838.11555	613.71245	3	73.5375	2
1838.95690	613.99290	3	63.4640	2
1839.99365	614.33850	3	63.9570	2
1840.89260	614.63810	3	77.6379	1
1840.89430	614.63870	3	77.6071	1
1841.01675	921.51565	2	69.6370	2
1841.85860	614.96010	3	48.9333	2
1842.93245	615.31805	3	65.4218	2
1842.97325	615.33170	3	71.2476	2
1843.99440	923.00450	2	82.4472	1
1844.88605	923.45030	2	86.3961	2
1844.89105	615.97095	3	62.6562	2
1844.91125	615.97770	3	66.9695	2
1845.98835	924.00145	2	85.8567	2
1845.99140	616.33775	3	85.6627	2
1846.79205	924.40330	2	71.7570	2
1846.93490	924.47475	2	74.6455	2
1846.97070	924.49265	2	84.5673	2
1849.90240	925.95845	2	89.4864	2
1849.95865	617.66015	3	85.0090	2
1851.89445	618.30540	3	81.2730	2
1852.02135	927.01795	2	82.7413	2
1853.92665	618.98285	3	60.5635	2
1854.92810	928.47135	2	91.7928	2
1856.85885	619.96020	3	54.3916	2
1856.88085	929.44770	2	82.4860	2
1859.94300	930.97880	2	72.1470	2
1860.95095	621.32425	3	88.5095	2
1860.95135	931.48295	2	88.5293	2
1860.99865	621.34015	3	75.2660	2
1861.91830	931.96640	2	87.6037	2
1861.98835	621.67005	3	82.6729	2
1862.81925	621.94700	3	59.6913	2
1862.87040	932.44250	2	86.5609	2
1863.99165	622.33785	3	87.9388	2
1864.88075	622.63415	3	72.6588	2
1866.01445	623.01210	3	81.3106	2
1867.84490	623.62225	3	53.6117	2
1868.83350	935.42405	2	63.2286	2
1872.89820	625.30665	3	53.3087	2
1873.94690	625.65625	3	75.7575	2
1873.97075	937.99265	2	80.7950	2
1875.87275	626.29820	3	70.5586	2
1876.99460	626.67210	3	74.7227	1
1880.97510	627.99895	3	62.4505	2
1881.02670	628.01620	3	79.3908	1
1882.97730	628.66640	3	71.0062	1
1882.97800	942.49625	2	70.8985	2
1883.88240	942.94850	2	75.4520	2
1885.87290	943.94370	2	65.3954	2
1885.91890	629.64690	3	83.9014	2
1885.91965	943.96710	2	83.8048	2
1886.87220	944.44340	2	63.3996	1
1886.90120	944.45790	2	68.5694	2
1886.90225	629.97470	3	68.4729	2
1887.87540	944.94500	2	82.2504	2
1888.00295	630.34160	3	80.9876	2
1888.97140	945.49300	2	82.8870	1
1890.93635	631.31940	3	69.4649	2
1890.94795	631.32325	3	73.7796	2
1892.06690	947.04075	2	82.7043	2
1893.94240	474.49290	4	56.1135	1
1893.95980	947.98715	2	85.1386	2
1893.97820	632.33330	3	57.8905	2
1895.89320	948.95390	2	72.2775	1
1899.87840	950.94650	2	69.9950	2
1899.98525	634.33565	3	61.8734	2
1902.89715	952.45585	2	79.4802	2
1903.93360	635.65180	3	77.2386	1
1904.97070	635.99750	3	74.5812	2
1904.97110	953.49285	2	74.6732	2
1908.96695	955.49075	2	86.1298	2
1909.97940	478.50215	4	70.7231	2
1909.98190	637.66790	3	70.7380	1
1909.99660	637.67280	3	75.3049	2
1910.00215	956.00835	2	75.3698	2
1910.17185	637.73125	3	78.8530	2
1911.88960	956.95210	2	72.6046	2
1912.00000	638.34060	3	81.1394	2
1912.00085	957.00770	2	81.1040	2
1912.89620	957.45540	2	66.6954	2
1912.91405	638.64530	3	32.2158	2
1912.98965	638.67045	3	73.6558	2
1913.09925	638.70700	3	70.3379	2
1914.98030	639.33400	3	68.4519	3
1914.98070	958.49765	2	68.5459	2
1916.95300	639.99160	3	65.9607	2
1917.94810	959.98130	2	61.1298	1
1918.85060	640.62410	3	46.3088	1
1919.90495	960.95975	2	90.9111	2
1920.96620	641.32930	3	60.5395	2
1920.99715	641.33965	3	82.0469	2
1921.93305	961.97380	2	95.4064	2
1923.88660	962.95060	2	78.3272	1
1923.96315	642.32830	3	72.1016	2
1924.02095	642.34755	3	77.8623	2
1926.99900	964.50680	2	89.4608	2
1926.99950	643.34040	3	89.3338	1
1930.94350	644.65510	3	82.6847	2
1932.83765	645.28650	3	57.2091	2
1932.84020	967.42740	2	57.3560	1
1933.08770	967.55110	2	86.3841	2
1933.09230	645.37135	3	86.4640	2
1934.07995	645.70060	3	86.2263	2
1935.08010	646.03400	3	78.5155	2
1935.93280	646.31820	3	64.8824	2
1937.92700	969.97080	2	91.4133	2
1937.92760	969.97110	2	87.4731	2
1937.92785	646.98320	3	91.5254	2
1937.94545	646.98905	3	78.2313	2
1938.94050	970.47750	2	90.4873	2
1938.95310	970.48380	2	79.5701	2
1939.01810	647.34665	3	74.2903	2
1941.88050	648.30080	3	57.0069	2
1942.04160	648.35445	3	75.8227	2
1942.47510	648.49895	3	84.7527	4
1942.84155	648.62110	3	60.1212	2
1943.94180	648.98790	3	73.4741	1
1944.98280	649.33485	3	66.0018	2
1945.89300	649.63830	3	65.5277	1
1947.93180	650.31785	3	71.7920	2
1947.98665	650.33615	3	79.8812	2
1947.98705	975.00080	2	79.8137	2
1950.98080	651.33420	3	71.0788	2
1951.99150	977.00300	2	87.0050	2
1951.99660	651.67280	3	87.0711	1
1953.92185	977.96820	2	83.6369	2
1953.94275	652.32150	3	73.9385	2
1954.89550	978.45500	2	80.4625	2
1955.93990	652.98725	3	58.4572	2
1956.05895	653.02695	3	80.8183	2
1956.90060	653.30745	3	65.3628	2
1956.95650	653.32610	3	62.4758	1
1956.99205	979.50330	2	75.0925	2
1957.94220	979.97835	2	85.8627	2
1961.03270	981.52360	2	87.2561	1
1961.03380	981.52420	2	87.2841	1
1961.04400	654.68860	3	87.2646	2
1963.05300	982.53380	2	74.8728	1
1966.08270	984.04860	2	89.1311	2
1966.93655	656.65275	3	74.0478	2
1966.97580	984.49520	2	95.9667	2
1966.97715	656.66630	3	95.9375	2
1966.98990	984.50225	2	77.8651	2
1970.06960	657.69710	3	76.5401	1
1970.98315	658.00165	3	59.9904	2
1973.06960	658.69710	3	59.0327	1
1973.07180	494.27520	4	59.0636	2
1974.04770	988.03110	2	93.0534	1
1976.02000	989.01725	2	94.0633	2
1976.02105	659.68095	3	94.1061	2
1976.97035	659.99740	3	83.3140	2
1977.03440	989.52445	2	80.9265	2
1978.89710	660.63965	3	35.1597	2
1979.03315	660.68495	3	86.4527	2
1983.02930	662.01705	3	85.4859	2
1984.02825	993.02140	2	78.5466	2
1985.95840	993.98650	2	72.1355	2
1988.04650	663.68945	3	70.3163	2
1989.02335	664.01505	3	73.3929	2
1992.02040	997.01745	2	91.8948	2
1992.05780	665.02655	3	78.8779	2
1994.00405	998.00930	2	92.8237	2
2001.00045	668.00740	3	83.0440	2
2002.96225	1002.48840	2	75.2130	2
2002.98515	668.66900	3	66.6586	2
2003.03320	668.68500	3	87.9611	2
2003.03425	1002.52440	2	88.0606	2
2003.04160	1002.52810	2	90.7468	1
2004.08740	669.03640	3	78.0877	2
2009.03660	670.68615	3	57.5605	2
2009.08370	670.70185	3	75.9986	2
2009.99945	1006.00700	2	91.0567	2
2010.00010	671.00730	3	91.0889	2
2011.00335	1006.50895	2	76.2134	2
2013.12670	672.04950	3	79.2653	1
2016.99270	1009.50365	2	79.1567	2
2019.06860	674.03010	3	93.1374	2
2022.01775	675.01320	3	63.1769	2
2026.12350	1014.06900	2	84.7749	2
2026.12750	676.38310	3	84.8331	2
2026.92760	1014.47105	2	81.9310	2
2027.05420	676.69200	3	86.3841	2
2031.03045	678.01740	3	86.5801	2
2033.06235	678.69470	3	71.6964	2
2037.04340	680.02170	3	64.4018	2
2041.07490	681.36555	3	78.9725	2
2041.97565	681.66585	3	71.6751	2
2043.01025	682.01070	3	81.2124	2
2043.01135	1022.51295	2	81.3609	2
2047.98040	683.66740	3	46.8343	2
2048.04930	1025.03190	2	94.3338	3
2048.05200	683.69125	3	94.3671	2
2048.95875	683.99350	3	75.3872	2
2049.04440	684.02210	3	85.9704	1
2049.87620	1025.94540	2	36.8629	1
2050.03660	684.35280	3	87.7565	1
2052.92885	1027.47170	2	74.5050	2
2054.09365	1028.05410	2	96.0371	2
2054.09960	685.70710	3	96.0659	1
2054.89785	685.97325	3	68.1513	2
2058.07470	687.03215	3	96.2145	2
2058.07765	1030.04610	2	96.1288	2
2059.00490	687.34225	3	76.1585	2
2059.92810	687.64995	3	66.7202	2
2059.97045	1030.99250	2	83.6309	2
2060.00950	687.67710	3	91.6910	1
2060.06560	687.69580	3	85.6387	2
2060.95260	687.99150	3	63.0227	1
2064.03310	1033.02385	2	87.5679	2
2064.04665	689.02280	3	88.4981	2
2064.05150	1033.03300	2	88.4172	1
2064.95975	1033.48715	2	83.4422	2
2065.07570	689.36580	3	82.1380	1
2067.99065	690.33745	3	67.9511	2
2070.95895	1036.48675	2	71.3652	2
2071.03580	1036.52520	2	90.7663	2
2072.11795	691.71325	3	86.8498	2
2073.10340	692.04175	3	75.6364	2
2075.08105	692.70095	3	70.9865	2
2076.04750	693.02310	3	66.4504	2
2077.04400	1039.52930	2	58.5719	1
2078.06670	693.69620	3	77.6842	2
2080.10210	521.03280	4	69.4050	2
2080.10325	694.37500	3	69.5053	2
2081.09640	694.70610	3	83.1418	1
2086.03795	1044.02625	2	87.4644	2
2089.05270	697.35820	3	74.0437	1
2092.08750	698.36975	3	73.0254	2
2092.97910	1047.49685	2	86.1300	2
2093.11100	698.71090	3	79.0470	1
2093.11340	1047.56395	2	79.0338	2
2093.98025	699.00070	3	84.9757	2
2093.98035	1047.99745	2	84.9060	2
2094.94265	699.32145	3	50.1723	2
2094.98985	1048.50220	2	83.0229	2
2095.00385	699.34185	3	68.2700	2
2101.86520	701.62900	3	69.8043	1
2104.07060	1053.04260	2	71.9211	1
2104.56515	702.52900	3	73.3618	6
2105.14620	702.72265	3	89.3898	2
2106.01860	703.01350	3	70.1325	1
2112.13280	1057.07370	2	92.0512	1
2114.12325	1058.06890	2	94.3162	2
2114.12760	705.71650	3	94.0887	2
2119.04570	707.35585	3	62.9706	2
2122.10380	708.37520	3	69.2265	1
2125.15650	709.39275	3	92.2384	2
2126.14330	1064.07895	2	76.6500	2
2126.14340	709.72170	3	76.7133	2
2131.17895	711.40025	3	82.5562	2
2137.12415	713.38200	3	69.0349	2
2143.09230	715.37140	3	80.6044	2
2148.10790	717.04320	3	60.4184	2
2151.09900	718.04025	3	77.1708	2
2156.01525	719.67905	3	64.5359	2
2161.14450	721.38875	3	85.5931	2
2169.12450	724.04875	3	75.3220	2
2170.02905	724.35030	3	75.1405	2
2180.98140	728.00110	3	65.8143	1
2181.13845	1091.57650	2	79.6109	2
2181.13875	728.05350	3	79.6365	2
2190.06650	731.02945	3	73.9242	2
2190.06770	1096.04115	2	73.8755	2
2201.11820	734.71335	3	72.5192	2
2205.01530	736.01240	3	70.6954	2
2205.09850	736.04010	3	98.1287	2
2205.10095	1103.55775	2	97.9582	2
2227.05115	743.35765	3	54.4952	2
2227.05210	1114.53335	2	54.5208	2
2236.11195	746.37790	3	84.6418	2
2238.13000	747.05060	3	72.3308	1
2240.18105	747.73425	3	83.9402	2
2240.18200	1121.09830	2	83.9401	2
2249.19870	1125.60660	2	82.0104	1
2250.02165	751.01445	3	45.2765	2
2269.26075	757.42755	3	82.1371	2
2279.05635	760.69270	3	67.8659	2
2282.08475	761.70220	3	63.1352	2
2284.23050	762.41740	3	89.8042	1
2284.23270	762.41820	3	93.1918	2
2291.01830	764.68005	3	66.3945	2
2291.01890	1146.51675	2	66.3946	2
2295.09250	766.03810	3	78.8838	2
2296.22490	766.41560	3	97.8259	1
2297.12620	766.71600	3	69.0507	2
2299.14875	767.39015	3	63.7171	2
2306.10460	769.70880	3	77.1622	2
2314.08670	772.36950	3	60.4119	1
2323.19715	1162.60585	2	84.4482	2
2323.29055	775.43745	3	88.4284	2
2347.18550	783.40240	3	58.3502	1
2376.10045	793.04075	3	50.5351	2
2379.16300	794.06160	3	62.0677	2
2379.16750	595.79920	4	61.9798	1
2387.13985	796.72055	3	84.6144	2
2389.99220	797.67135	3	60.9276	2
2391.16480	798.06220	3	80.3747	2
2391.18620	1196.60040	2	94.6170	2
2401.30115	801.44100	3	81.2063	2
2404.07460	802.36550	3	70.4694	2
2407.22875	803.41685	3	75.2044	2
2416.24120	806.42100	3	83.5759	2
2427.23850	607.81690	4	59.7670	1
2435.25550	812.75910	3	64.6577	2
2440.34410	814.45530	3	90.3535	2
2456.21580	819.74590	3	77.9817	1
2460.19380	821.07190	3	84.7055	2
2525.29980	842.77385	3	85.2030	2
2532.23330	845.08505	3	73.2988	2
2549.47095	850.83090	3	82.5882	2
2549.47170	638.37520	4	84.1465	7
2589.27100	864.09760	3	70.0511	2
2604.27330	869.09840	3	84.2267	2
2620.21700	656.06150	4	64.3453	2
2749.47800	917.49990	3	81.0994	1
2794.38260	932.46810	3	76.7460	1
2804.27780	935.76655	3	76.4376	2
2858.47610	953.83260	3	90.4644	2
3132.48240	784.12790	4	68.6241	1
3208.55870	803.14695	4	69.6146	2
4062.01330	1016.51065	4	66.7689	2
