mono_mass	mz	charge	rt	n_psm
798.41270	400.21360	2	39.6649	2
798.45990	400.23720	2	44.4164	1
798.48530	400.24995	2	58.1834	2
798.48970	400.25210	2	33.4115	2
799.45550	400.73500	2	49.7616	2
800.43960	401.22705	2	39.2308	2
800.43960	401.22710	2	41.2887	3
800.45455	401.23455	2	51.8099	2
801.43540	401.72500	2	37.9312	2
801.53270	401.77365	2	45.3670	2
802.38640	402.20050	2	39.9215	2
802.45850	402.23650	2	59.8206	1
802.49805	402.25630	2	62.3536	2
805.40840	403.71145	2	45.8858	2
805.44450	403.72950	2	51.9368	1
806.39535	404.20495	2	38.7539	2
806.45415	404.23435	2	60.9596	2
806.45440	404.23445	2	50.9308	2
806.49050	404.25250	2	57.3270	1
807.41280	404.71365	2	41.1025	2
808.36285	405.18870	2	37.9604	2
808.39680	405.20565	2	50.0330	2
808.44060	405.22760	2	37.0378	1
808.44220	405.22840	2	37.0123	1
810.37050	406.19250	2	48.0168	1
811.35410	406.68430	2	38.7034	2
811.49145	406.75300	2	50.1429	2
812.42255	407.21855	2	43.5941	2
812.43920	407.22690	2	41.0508	2
812.47510	407.24480	2	60.8279	1
812.48770	407.25110	2	45.4665	2
812.51230	407.26345	2	49.5879	2
814.45480	408.23470	2	35.5917	2
814.45510	408.23480	2	52.2262	2
814.51685	408.26570	2	59.2632	2
815.43940	408.72700	2	39.8313	2
815.45080	408.73270	2	36.9652	2
815.46925	408.74190	2	57.2252	2
815.47545	408.74500	2	43.1319	2
815.47905	408.74680	2	47.0726	2
815.49760	408.75610	2	38.9711	2
815.51150	408.76305	2	46.9354	2
816.38445	409.19950	2	52.0217	2
816.45025	409.23240	2	66.9717	2
816.47110	409.24280	2	38.6469	2
817.42930	409.72190	2	38.1634	1
817.42950	409.72205	2	35.9075	2
817.48145	409.74800	2	67.3988	2
818.37670	410.19560	2	36.8194	1
818.44030	410.22740	2	53.3621	3
818.48990	410.25220	2	74.3702	2
819.39110	410.70285	2	36.4295	2
819.43025	410.72240	2	63.5701	2
820.43365	411.22410	2	40.0176	2
820.46925	411.24190	2	46.3662	2
820.48880	411.25170	2	72.1607	2
821.44725	411.73090	2	34.5758	2
822.39055	412.20255	2	32.5853	4
822.42460	412.21960	2	38.1168	2
823.41810	412.71630	2	37.5026	1
823.41860	412.71660	2	37.5417	1
823.42650	412.72055	2	55.1791	2
823.44340	412.72900	2	45.7881	1
824.54825	413.28140	2	71.6864	2
826.45510	414.23480	2	48.5846	1
826.49020	414.25235	2	40.7255	2
826.49100	414.25280	2	43.1472	2
826.52730	414.27090	2	50.2584	2
826.52770	414.27115	2	70.1668	2
827.48630	414.75045	2	49.3810	2
828.41670	415.21565	2	32.2866	2
828.44975	415.23215	2	59.7120	2
828.50720	415.26090	2	51.8047	1
829.44815	415.73135	2	41.1023	4
829.45540	415.73500	2	46.7067	1
829.46475	415.73965	2	35.8507	2
829.49090	415.75275	2	56.3542	2
829.50250	415.75850	2	37.8418	2
829.50305	415.75880	2	51.1082	2
831.47000	416.74230	2	49.2194	2
831.47040	416.74250	2	36.4646	1
831.49710	416.75580	2	62.4526	2
831.49725	416.75590	2	70.3162	2
832.39360	417.20410	2	35.6628	2
832.42890	417.22175	2	46.0333	2
834.43540	418.22500	2	39.1414	2
835.44425	418.72940	2	44.2515	2
836.40140	419.20795	2	42.2828	2
836.44045	419.22750	2	57.1637	2
836.44090	419.22770	2	44.3890	2
837.40265	419.70860	2	48.6012	2
837.40525	419.70990	2	54.7856	2
838.41730	420.21590	2	38.6050	1
839.42970	420.72215	2	55.5816	2
839.58470	420.79965	2	73.6105	2
840.47040	421.24245	2	43.9258	2
840.54320	421.27885	2	75.3544	2
840.54350	421.27900	2	60.1650	2
841.46645	421.74050	2	41.8798	2
841.49240	421.75345	2	55.3686	2
841.49425	421.75440	2	52.0706	2
842.42885	422.22170	2	48.4330	2
842.46130	422.23795	2	40.8655	2
842.48580	422.25015	2	52.7133	2
842.48665	422.25060	2	43.2005	2
842.48740	422.25095	2	39.6232	2
842.52280	422.26870	2	49.7877	2
842.52310	422.26880	2	71.4432	2
842.53375	422.27415	2	35.5992	2
843.48130	422.74795	2	45.5638	2
843.54310	422.77885	2	63.7366	2
844.45600	423.23530	2	54.3993	2
844.46510	423.23985	2	36.5983	2
845.46045	423.73750	2	38.7059	2
845.46250	423.73850	2	45.0773	2
845.46525	423.73990	2	67.8185	2
845.48605	423.75030	2	53.2809	2
845.51245	423.76350	2	65.6502	2
845.53745	423.77600	2	76.6584	2
846.42745	424.22100	2	43.8577	2
846.43830	424.22640	2	49.3258	1
846.44915	424.23185	2	61.6566	2
847.42335	424.71895	2	44.7346	2
847.44495	424.72975	2	41.7414	2
847.48020	424.74735	2	46.3889	2
848.43920	425.22690	2	42.8353	2
848.43980	425.22720	2	50.8953	2
848.44010	425.22730	2	53.6085	2
848.44555	425.23005	2	37.8710	2
849.42080	425.71765	2	47.4380	2
849.44215	425.72835	2	53.1949	2
850.45320	426.23390	2	47.1652	2
850.50210	426.25830	2	40.5883	2
851.37010	426.69230	2	41.6427	1
851.40290	426.70875	2	36.7502	2
851.42080	426.71765	2	46.5203	2
851.43895	426.72675	2	38.3798	2
853.36100	427.68775	2	38.2269	2
854.46060	428.23755	2	41.0433	2
856.43310	429.22380	2	64.9993	2
856.46975	429.24215	2	50.7400	2
856.51320	429.26390	2	48.9547	1
856.51360	429.26410	2	48.9367	1
856.51635	429.26545	2	46.5835	2
856.53935	429.27695	2	58.3632	2
857.46180	429.73820	2	41.3096	2
857.46295	429.73875	2	43.5412	2
857.49610	429.75535	2	47.2166	2
857.49800	429.75630	2	55.5183	1
858.45580	430.23515	2	45.2531	2
858.46990	430.24220	2	44.5957	2
858.96260	430.48860	2	39.2413	4
859.46460	430.73960	2	47.6987	2
860.42400	431.21930	2	37.5172	2
860.44225	431.22840	2	46.1256	2
860.46070	431.23760	2	34.9427	2
861.44380	431.72920	2	45.5991	2
861.47100	431.74280	2	48.4641	2
861.50745	431.76100	2	75.9060	2
862.38605	432.20030	2	40.3572	2
863.45030	432.73240	2	49.9396	2
863.45090	432.73270	2	36.3370	2
863.45720	432.73590	2	59.4258	1
864.42015	433.21735	2	50.3767	2
864.43470	433.22465	2	53.5179	2
864.50720	433.26090	2	64.5302	2
865.41535	433.71495	2	40.9124	2
865.41970	433.71710	2	36.8614	1
866.40995	434.21225	2	41.5453	2
866.49815	434.25635	2	43.4028	2
867.41610	434.71535	2	50.7520	2
867.43400	434.72430	2	40.3555	1
868.45850	435.23650	2	39.0509	2
868.49970	435.25710	2	45.4060	2
868.51305	435.26380	2	33.5150	2
869.49660	435.75560	2	35.7212	2
869.53300	435.77375	2	60.4885	2
869.53345	435.77400	2	53.1824	2
869.55895	435.78675	2	67.5309	2
870.43770	436.22610	2	35.0348	1
870.44925	436.23190	2	55.1002	2
870.48075	436.24765	2	43.9676	2
870.51770	436.26615	2	58.7839	2
870.55415	436.28435	2	51.5228	2
871.44315	436.72885	2	39.5010	2
871.45090	436.73270	2	41.8948	2
871.53890	436.77675	2	60.0434	2
872.47490	437.24470	2	40.8519	2
872.49710	437.25585	2	43.1818	2
872.51535	437.26495	2	64.3862	2
873.47385	437.74420	2	51.2750	2
873.48095	437.74775	2	49.2248	2
873.48160	437.74810	2	47.0397	1
873.48250	437.74850	2	47.0683	1
873.49580	437.75515	2	68.0800	2
874.43305	438.22380	2	45.7117	2
874.45830	438.23640	2	50.4923	2
874.46615	438.24035	2	43.9181	2
874.47005	438.24235	2	37.0888	2
875.52290	438.76870	2	61.6013	2
875.52320	438.76885	2	50.6844	2
876.41260	439.21360	2	40.6600	3
876.43800	439.22630	2	69.1379	1
876.44595	439.23025	2	39.1889	2
876.47130	439.24290	2	50.8775	3
876.48015	439.24735	2	54.4969	2
876.49590	439.25525	2	68.4843	2
877.45435	439.73445	2	65.9175	2
877.45450	439.73455	2	38.5802	2
877.46520	439.73990	2	46.0876	1
877.46635	439.74050	2	43.6543	2
877.46665	439.74060	2	50.3094	2
877.50985	439.76220	2	70.5275	2
877.52710	439.77080	2	69.6732	2
878.43150	440.22300	2	48.6280	1
878.43220	440.22340	2	48.6560	1
878.48600	440.25030	2	55.2487	2
878.48650	440.25050	2	51.0001	1
879.39765	440.70610	2	36.0215	2
879.49300	440.75380	2	42.6302	1
880.41430	441.21440	2	39.8871	1
880.42900	441.22180	2	44.4228	2
880.54955	441.28205	2	53.9815	2
881.51590	441.76520	2	55.8776	2
882.48350	442.24900	2	37.9264	1
882.52885	442.27170	2	40.2992	2
883.51170	442.76310	2	40.7211	1
883.53825	442.77640	2	59.3711	2
883.53855	442.77655	2	51.8425	2
883.56120	442.78790	2	40.0608	1
884.44030	443.22745	2	45.1359	2
884.54405	443.27935	2	54.8055	2
884.56985	443.29220	2	74.5967	2
884.57230	443.29345	2	59.8622	2
885.42540	443.72000	2	40.2149	2
885.43420	443.72440	2	43.3456	1
885.44450	443.72955	2	36.2708	2
885.48955	443.75205	2	36.9241	2
885.49090	443.75270	2	50.4551	1
885.49220	443.75340	2	52.0800	2
885.55450	443.78450	2	65.5614	2
886.48760	444.25110	2	43.5416	2
886.51260	444.26360	2	48.6114	2
887.46015	444.73735	2	37.7779	2
887.47060	444.74260	2	44.1680	1
887.48710	444.75080	2	56.2303	1
887.53335	444.77395	2	58.8148	2
888.44950	445.23200	2	61.0042	1
889.45880	445.73670	2	51.6847	2
889.46585	445.74020	2	48.9079	2
889.47660	445.74555	2	42.4226	2
889.48445	445.74950	2	70.7354	2
890.50390	446.25920	2	45.6929	1
890.50490	446.25970	2	45.7157	1
891.44490	446.72975	2	50.0752	2
891.44920	446.73190	2	47.1790	3
891.48165	446.74810	2	63.5986	2
891.50650	446.76050	2	67.0913	2
892.44070	447.22760	2	41.3681	2
892.48405	447.24930	2	77.3594	2
893.45015	447.73235	2	44.3142	2
893.45830	447.73640	2	46.6487	5
893.46125	447.73790	2	43.6807	2
893.60610	447.81035	2	76.1839	2
894.45790	448.23620	2	35.5338	2
895.44765	448.73110	2	60.4355	2
895.46480	448.73965	2	42.4273	2
896.41755	449.21605	2	39.0300	2
896.53355	449.27405	2	55.3995	2
897.40520	449.70985	2	67.3723	2
897.50310	449.75880	2	34.9503	2
898.40745	450.21100	2	66.9131	2
898.47990	450.24720	2	58.5514	1
898.48705	450.25080	2	36.7452	2
898.49150	450.25300	2	45.4510	2
898.54850	450.28155	2	67.6171	2
898.56025	450.28740	2	55.8616	2
899.43835	450.72645	2	54.2160	2
899.45080	450.73270	2	41.8847	2
899.51550	450.76505	2	60.8962	2
900.46320	451.23885	2	42.5188	2
900.49000	451.25225	2	42.3387	2
900.49230	451.25340	2	53.4802	1
900.50290	451.25870	2	51.3246	3
900.53925	451.27690	2	44.9383	2
901.41140	451.71295	2	49.9033	2
901.43420	451.72440	2	40.5046	2
901.47595	451.74525	2	59.3466	2
901.48680	451.75070	2	35.1912	2
901.52380	451.76915	2	43.6278	2
902.41335	452.21395	2	48.5269	2
902.49600	452.25530	2	41.5334	1
902.50730	452.26095	2	47.0440	2
903.48135	452.74795	2	53.6953	2
903.52865	452.77160	2	43.2659	2
903.54305	452.77880	2	69.6159	2
904.42910	453.22180	2	33.5783	1
904.44445	453.22950	2	32.1823	2
904.53765	453.27610	2	63.8079	2
905.45280	453.73370	2	66.3352	2
905.45335	453.73395	2	44.9978	2
905.46105	453.73780	2	33.7829	2
906.49940	454.25700	2	38.3055	1
906.51695	454.26575	2	48.8842	2
907.43935	454.72695	2	53.2109	2
907.45160	454.73310	2	38.6365	2
907.50060	454.75760	2	49.3043	1
908.00430	455.00945	2	55.6416	4
908.53420	455.27440	2	41.7014	1
908.56925	455.29190	2	57.7197	2
909.42635	455.72045	2	56.0851	2
909.45660	455.73560	2	41.2304	1
909.48070	455.74760	2	54.8962	1
911.37985	456.69720	2	35.4464	2
911.44190	456.72820	2	56.8726	1
911.47480	456.74465	2	61.4153	2
911.48960	456.75205	2	44.1179	2
911.58105	456.79780	2	58.8477	2
912.54720	457.28090	2	43.5129	1
912.56540	457.29000	2	64.9679	2
913.45160	457.73305	2	42.7748	2
913.47290	457.74370	2	72.0133	2
913.48635	457.75045	2	48.0766	2
913.50955	457.76205	2	34.3825	2
913.54900	457.78175	2	54.4367	2
913.55985	457.78720	2	40.3915	2
913.59630	457.80540	2	41.5737	2
914.50795	458.26125	2	42.0876	2
914.51830	458.26640	2	47.0177	2
915.44800	458.73130	2	38.4727	2
915.47080	458.74265	2	38.0276	2
915.50450	458.75955	2	33.9058	2
915.52075	458.76765	2	50.4424	2
915.52255	458.76855	2	75.5817	2
915.53910	458.77680	2	36.6222	2
916.49815	459.25635	2	39.1069	2
917.46410	459.73935	2	54.7525	2
917.46600	459.74030	2	36.1339	1
917.46610	459.74030	2	36.2100	1
917.48070	459.74760	2	39.6095	2
917.51835	459.76645	2	41.1942	2
918.42880	460.22170	2	34.3454	1
918.44930	460.23195	2	80.5520	2
918.48380	460.24915	2	54.1528	2
918.49190	460.25320	2	64.8593	2
918.51690	460.26575	2	63.7976	2
918.51785	460.26620	2	57.6889	2
919.40510	460.70985	2	34.4817	2
919.40660	460.71055	2	62.1572	2
919.44370	460.72910	2	48.4306	2
919.47100	460.74280	2	53.3355	3
919.50865	460.76160	2	53.4592	2
919.51270	460.76365	2	47.6140	2
919.51570	460.76515	2	58.0792	2
919.52080	460.76770	2	65.3638	2
920.49710	461.25580	2	47.7857	2
920.50710	461.26085	2	42.7186	2
921.44470	461.72965	2	41.9492	2
921.44585	461.73020	2	38.7884	2
921.46610	461.74030	2	37.1628	1
922.43970	462.22710	2	50.5524	2
922.45205	462.23330	2	39.8387	2
923.43550	462.72505	2	44.9477	2
923.47240	462.74345	2	42.1410	2
924.43050	463.22250	2	39.3031	1
924.43730	463.22595	2	48.8560	2
924.53915	463.27685	2	53.2395	2
924.56465	463.28960	2	56.0168	2
925.47035	463.74245	2	79.8151	2
925.49820	463.75635	2	44.6840	2
926.51845	464.26650	2	40.3286	2
926.57980	464.29720	2	61.0080	2
926.59090	464.30270	2	62.1006	2
927.37820	464.69640	2	31.0089	1
927.44510	464.72980	2	47.4687	2
927.56390	464.78925	2	83.5118	2
928.45485	465.23470	2	51.3732	2
928.51700	465.26580	2	42.9286	2
928.52310	465.26880	2	52.3403	2
928.53420	465.27435	2	50.5828	2
928.55975	465.28715	2	63.3871	2
928.55995	465.28725	2	57.6992	2
929.45670	465.73560	2	31.6479	2
929.45690	465.73570	2	39.7378	3
929.48010	465.74730	2	38.4017	2
929.50045	465.75750	2	53.8444	2
929.51145	465.76300	2	49.0889	2
929.51855	465.76655	2	42.1404	2
929.51865	465.76660	2	44.1672	2
929.51870	465.76665	2	37.6950	2
930.42370	466.21910	2	61.6248	2
930.44040	466.22745	2	33.8109	2
930.46640	466.24045	2	36.6857	2
930.47810	466.24635	2	43.0187	2
930.51730	466.26595	2	65.3826	2
930.53905	466.27680	2	39.4345	2
931.44620	466.73040	2	29.8131	1
931.46975	466.74215	2	37.4020	2
931.48635	466.75045	2	49.5359	2
931.50190	466.75825	2	56.5909	2
931.51240	466.76350	2	58.5937	2
931.53455	466.77455	2	68.4371	2
932.44420	467.22940	2	34.6521	1
932.46430	467.23940	2	40.1924	1
932.54395	467.27925	2	43.2077	2
933.45585	467.73520	2	38.7227	2
933.46430	467.73940	2	51.9381	2
933.48480	467.74965	2	52.3146	2
933.50320	467.75885	2	53.0758	2
933.52925	467.77190	2	57.0492	2
933.54090	467.77770	2	34.1234	2
934.41640	468.21550	2	41.2787	2
934.45065	468.23260	2	40.5599	2
934.47760	468.24610	2	36.1831	1
934.48670	468.25060	2	44.2790	2
934.48750	468.25105	2	55.7427	2
934.48755	468.25105	2	34.7568	2
934.51220	468.26335	2	59.0857	2
934.52420	468.26935	2	60.1650	2
935.40280	468.70870	2	27.7524	1
935.47050	468.74250	2	46.0332	2
935.47135	468.74295	2	61.0080	2
937.41455	469.71455	2	36.1803	2
937.48735	469.75095	2	41.7344	2
937.51275	469.76365	2	58.5194	2
938.43430	470.22445	2	39.1989	2
939.43090	470.72270	2	63.0378	1
939.46005	470.73730	2	34.0037	2
939.48185	470.74820	2	80.8759	2
939.51410	470.76435	2	33.4374	2
939.53845	470.77650	2	54.1903	2
939.54980	470.78215	2	56.5279	2
939.56405	470.78930	2	81.3737	2
940.44310	471.22885	2	46.0695	2
940.52665	471.27060	2	62.6238	2
940.53290	471.27375	2	35.9478	2
941.43500	471.72480	2	39.9214	2
941.46480	471.73970	2	50.6061	1
941.56640	471.79050	2	62.4476	2
941.58000	471.79725	2	67.3329	2
941.60645	471.81050	2	79.9091	2
942.50215	472.25835	2	37.5455	2
942.51375	472.26415	2	48.8269	2
943.44785	472.73120	2	61.7993	2
943.45825	472.73640	2	37.4104	2
943.48730	472.75095	2	44.7929	2
943.52430	472.76945	2	63.2437	2
944.42500	473.21980	2	38.8135	2
944.43165	473.22310	2	64.1774	2
944.49250	473.25350	2	44.2011	2
944.51165	473.26310	2	64.5930	2
944.51780	473.26620	2	46.3661	2
944.51790	473.26625	2	48.6572	2
944.55460	473.28460	2	55.2412	2
944.57040	473.29250	2	79.3198	2
945.46020	473.73735	2	77.7085	2
945.51165	473.76310	2	41.8321	2
945.54955	473.78210	2	59.3668	2
946.50925	474.26190	2	38.5215	2
946.51240	474.26350	2	46.8344	2
946.52660	474.27060	2	70.2207	1
946.53370	474.27410	2	39.3753	2
946.54920	474.28185	2	74.8405	2
947.43390	474.72420	2	39.5857	2
947.46410	474.73930	2	33.1630	1
947.48550	474.75000	2	43.2539	1
947.51450	474.76450	2	72.0184	2
948.46650	475.24055	2	45.3482	2
948.46745	475.24100	2	53.5493	2
948.61315	475.31385	2	57.2202	2
949.48510	475.74985	2	40.7595	2
949.48730	475.75095	2	54.8128	2
949.49085	475.75275	2	87.2738	2
949.50630	475.76045	2	78.0624	2
949.52735	475.77095	2	80.1565	2
950.45345	476.23405	2	50.8468	2
950.48200	476.24830	2	49.7662	2
950.48225	476.24840	2	47.5274	2
950.48650	476.25055	2	74.1893	2
950.50120	476.25785	2	60.0484	2
950.50735	476.26095	2	52.3884	2
951.49060	476.75255	2	60.7824	2
951.51770	476.76615	2	80.7134	2
952.45035	477.23245	2	48.0229	2
952.45040	477.23245	2	44.3065	2
952.46850	477.24150	2	51.4626	2
952.53460	477.27455	2	43.2949	2
954.44495	478.22975	2	53.1431	2
955.53310	478.77380	2	63.5442	2
955.57005	478.79230	2	61.7804	2
956.50385	479.25920	2	39.7209	2
956.51755	479.26605	2	38.1064	2
956.52865	479.27160	2	47.6271	2
956.52955	479.27205	2	53.9520	2
956.53020	479.27240	2	45.1950	2
956.53100	479.27280	2	42.7262	2
956.53580	479.27520	2	67.0343	2
956.57985	479.29720	2	78.2056	2
957.48855	479.75155	2	35.7052	4
957.51425	479.76440	2	48.6983	2
957.53145	479.77300	2	49.1592	2
957.55955	479.78705	2	48.9179	2
957.59670	479.80560	2	48.0716	2
958.48750	480.25105	2	57.1398	2
958.50950	480.26205	2	57.4699	2
959.50785	480.76120	2	42.0510	2
959.53015	480.77235	2	43.8095	2
959.53265	480.77360	2	69.6681	2
959.55550	480.78500	2	58.6546	2
960.44945	481.23200	2	36.6685	2
960.46470	481.23960	2	32.8094	1
960.47600	481.24530	2	43.0925	2
960.51240	481.26350	2	40.5594	2
960.53130	481.27290	2	58.2090	2
960.53905	481.27680	2	62.1727	2
961.45405	481.73430	2	35.3608	2
961.50875	481.76165	2	42.6599	2
962.47390	482.24425	2	47.1259	2
962.50710	482.26085	2	63.1510	2
962.51840	482.26650	2	56.2394	2
962.55450	482.28450	2	57.4363	1
963.44555	482.73005	2	55.1119	2
963.50240	482.75845	2	41.3992	2
963.50595	482.76025	2	35.8740	2
963.55410	482.78430	2	75.3903	2
964.46125	483.23790	2	39.4689	2
964.47350	483.24400	2	34.7258	1
964.47985	483.24720	2	69.9373	2
964.49820	483.25635	2	44.0552	2
964.52165	483.26810	2	54.7116	2
965.44490	483.72980	2	42.5908	1
965.45960	483.73710	2	39.0610	2
965.48185	483.74820	2	61.3559	2
966.44105	484.22780	2	36.3874	4
966.46645	484.24055	2	42.8642	2
966.46665	484.24060	2	37.9999	2
966.48425	484.24940	2	45.6236	2
966.52495	484.26975	2	47.4737	2
967.47935	484.74695	2	58.6477	2
967.51870	484.76660	2	30.7511	1
967.52450	484.76950	2	48.0117	3
967.54540	484.77995	2	38.2372	2
967.58160	484.79805	2	57.3655	2
968.44500	485.22980	2	41.6258	2
968.52820	485.27140	2	38.6957	2
968.52915	485.27185	2	49.5686	2
969.43060	485.72260	2	40.6818	2
969.48085	485.74770	2	76.4430	2
969.48820	485.75135	2	41.4043	2
969.51230	485.76340	2	47.8721	1
969.52530	485.76990	2	51.0598	2
969.56085	485.78770	2	53.4363	2
969.58600	485.80025	2	69.4953	2
969.58640	485.80050	2	64.6621	2
970.48695	486.25075	2	55.1878	2
970.54435	486.27950	2	56.6316	2
970.58025	486.29740	2	45.9654	2
970.58115	486.29785	2	71.2044	2
970.58140	486.29795	2	34.4949	2
971.50340	486.75895	2	32.6996	2
971.52895	486.77175	2	49.4020	2
971.52905	486.77180	2	37.3787	2
971.53005	486.77230	2	59.4565	2
971.55350	486.78405	2	58.3273	2
971.56520	486.78990	2	35.0144	2
972.44130	487.22790	2	32.1132	1
972.46570	487.24015	2	34.6414	2
972.47430	487.24440	2	69.4209	1
972.53910	487.27680	2	70.4614	1
972.57225	487.29340	2	36.3369	2
973.50805	487.76135	2	43.0698	2
973.54250	487.77855	2	35.2017	2
974.50380	488.25920	2	39.3400	2
974.51865	488.26660	2	59.5842	2
975.48940	488.75200	2	30.6060	1
975.49860	488.75660	2	57.4142	1
975.50230	488.75845	2	53.0799	2
975.51360	488.76405	2	45.9136	2
975.53895	488.77675	2	65.4481	2
976.49805	489.25630	2	58.8194	2
976.50850	489.26155	2	48.6061	2
976.52375	489.26915	2	60.9828	2
976.54630	489.28040	2	42.0329	2
977.44445	489.72950	2	47.7668	2
977.48185	489.74820	2	46.4294	2
977.48270	489.74860	2	61.2940	1
977.51810	489.76630	2	52.8335	2
977.55520	489.78490	2	59.7968	1
978.46465	490.23960	2	46.6708	2
978.50230	490.25845	2	60.7823	2
979.44890	490.73175	2	67.0264	2
979.46140	490.73795	2	39.8861	2
979.49725	490.75590	2	53.1315	2
979.57060	490.79260	2	41.2888	2
980.45760	491.23605	2	38.2961	2
980.49710	491.25585	2	52.8824	2
981.45300	491.73380	2	62.9574	2
981.52475	491.76965	2	31.1903	2
981.59670	491.80565	2	42.2595	2
982.46095	492.23775	2	35.0473	2
982.47615	492.24535	2	43.0393	2
982.48350	492.24900	2	31.8074	1
982.51955	492.26705	2	39.4558	2
982.54550	492.28000	2	41.6476	1
983.47495	492.74475	2	48.8119	2
983.50620	492.76040	2	43.3824	2
983.55550	492.78505	2	71.8032	2
983.57685	492.79570	2	64.8387	2
983.58420	492.79935	2	72.1951	2
983.58815	492.80135	2	45.1430	2
983.60145	492.80800	2	58.7348	2
984.43800	493.22630	2	35.4152	2
984.45580	493.23520	2	52.2073	1
984.49330	493.25395	2	52.4492	2
984.63295	493.32375	2	50.7470	2
985.50210	493.75830	2	46.1994	3
985.51930	493.76695	2	44.8887	2
985.53815	493.77635	2	46.9642	2
985.55345	493.78400	2	44.2585	2
985.61770	493.81610	2	46.6119	2
986.48960	494.25205	2	68.2284	2
987.49875	494.75665	2	32.6593	2
987.52400	494.76930	2	45.8106	1
987.53570	494.77510	2	50.2596	2
987.57150	494.79300	2	59.8672	2
987.60180	494.80820	2	80.3445	1
988.48355	495.24905	2	39.5976	2
988.50710	495.26080	2	53.6370	2
988.51920	495.26690	2	43.8324	2
988.54355	495.27905	2	48.0039	2
988.58140	495.29800	2	51.3681	2
989.47975	495.74715	2	34.3802	2
989.49665	495.75560	2	37.7198	2
989.53050	495.77250	2	54.1167	1
989.55440	495.78445	2	49.0279	2
989.55555	495.78505	2	59.4004	2
989.57575	495.79515	2	65.9837	2
990.45850	496.23655	2	38.3449	2
990.47425	496.24440	2	46.7483	2
990.51435	496.26445	2	43.6618	2
990.55035	496.28245	2	73.6026	2
991.38570	496.70010	2	35.3790	2
991.50885	496.76170	2	68.0563	2
991.50930	496.76190	2	61.2445	2
991.54520	496.77985	2	69.9053	2
991.57105	496.79280	2	61.9713	2
992.48545	497.25000	2	57.2480	2
992.53165	497.27310	2	81.6713	2
992.60255	497.30855	2	71.3828	2
993.44040	497.72745	2	43.7970	2
993.45200	497.73330	2	41.5234	1
993.51325	497.76390	2	53.8651	2
993.55100	497.78280	2	65.1759	2
994.40250	498.20850	2	36.1153	2
994.43880	498.22670	2	38.0754	1
994.44930	498.23190	2	37.2048	1
994.49635	498.25550	2	49.7064	2
994.50800	498.26125	2	48.2218	2
994.50860	498.26160	2	33.0789	1
994.51610	498.26530	2	73.7189	2
994.60630	498.31040	2	74.6517	2
994.65320	498.33390	2	46.9833	2
995.49200	498.75330	2	44.5378	2
996.53080	499.27265	2	48.8664	2
996.53165	499.27310	2	69.2063	2
996.57175	499.29315	2	46.1919	2
997.47990	499.74720	2	30.8611	1
997.58115	499.79785	2	40.3386	2
998.58670	500.30065	2	41.8347	2
999.48250	500.74850	2	32.7719	3
999.53365	500.77410	2	43.4963	2
999.53485	500.77470	2	31.2683	2
999.57100	500.79280	2	33.5418	2
1000.49275	501.25365	2	37.4373	2
1000.54595	501.28025	2	44.6251	2
1000.55295	501.28375	2	59.2781	2
1000.55350	501.28400	2	56.8030	1
1000.56635	501.29045	2	49.6824	2
1000.59210	501.30335	2	63.1828	2
1001.51570	501.76510	2	45.0846	2
1001.55440	501.78450	2	68.1047	2
1001.56210	501.78830	2	35.1158	1
1001.58690	501.80075	2	48.4064	2
1001.59195	501.80325	2	70.3446	2
1002.47180	502.24320	2	35.7492	2
1002.48155	502.24805	2	40.1507	2
1002.48700	502.25075	2	42.6053	2
1002.52810	502.27130	2	38.8788	2
1002.54660	502.28055	2	34.4739	2
1002.58750	502.30105	2	65.8591	2
1003.51150	502.76300	2	49.9890	1
1003.51895	502.76675	2	45.4008	2
1003.51995	502.76725	2	36.8299	2
1003.57080	502.79270	2	78.3883	2
1004.54090	503.27770	2	48.4137	2
1004.56580	503.29015	2	44.2088	2
1005.46840	503.74150	2	49.7270	1
1005.48065	503.74760	2	39.3997	2
1005.51280	503.76365	2	55.5640	2
1005.53125	503.77290	2	69.3287	2
1005.53505	503.77485	2	37.3004	2
1006.45205	504.23330	2	33.3553	2
1006.47210	504.24330	2	42.7987	2
1006.49790	504.25625	2	54.8192	2
1007.45660	504.73555	2	39.9008	2
1007.46750	504.74100	2	42.2024	2
1007.47530	504.74490	2	52.1636	2
1007.50375	504.75915	2	44.8354	2
1007.52325	504.76890	2	65.7474	2
1007.52805	504.77130	2	44.5669	2
1007.54050	504.77750	2	56.7500	2
1007.54410	504.77935	2	69.0838	2
1007.67375	504.84415	2	73.4808	2
1008.51300	505.26375	2	61.6617	2
1008.51820	505.26640	2	52.0605	1
1009.44725	505.73090	2	43.3186	2
1009.52015	505.76735	2	37.6731	2
1009.55005	505.78230	2	88.3805	2
1009.97330	505.99390	2	51.5479	4
1010.42580	506.22020	2	36.0853	1
1010.45310	506.23385	2	40.1212	2
1010.51055	506.26255	2	64.1884	2
1010.57580	506.29515	2	69.3157	2
1011.52415	506.76935	2	38.1677	2
1011.53540	506.77500	2	46.2403	2
1011.57150	506.79305	2	53.3035	2
1011.60825	506.81140	2	68.3416	2
1012.50440	507.25950	2	34.8707	1
1012.57090	507.29270	2	59.1663	1
1012.57180	507.29320	2	69.8243	3
1012.58265	507.29860	2	61.2923	2
1012.60340	507.30900	2	40.2372	2
1012.63955	507.32705	2	49.7889	2
1013.46445	507.73950	2	72.7975	2
1013.53985	507.77720	2	44.9679	2
1013.55530	507.78490	2	66.1036	2
1013.56200	507.78830	2	39.0632	3
1013.58785	507.80120	2	64.7467	2
1013.62330	507.81895	2	67.6128	2
1014.50530	508.25990	2	32.3060	1
1014.53480	508.27465	2	44.1256	2
1014.53800	508.27630	2	39.6863	2
1014.57155	508.29305	2	46.9909	2
1014.58060	508.29755	2	39.6329	2
1015.49395	508.75425	2	40.9949	2
1015.54740	508.78095	2	89.5378	2
1015.58490	508.79970	2	71.8866	2
1015.59145	508.80300	2	66.4900	2
1016.46030	509.23740	2	38.4569	2
1016.53220	509.27335	2	49.2804	2
1016.53950	509.27700	2	43.9686	1
1016.54800	509.28130	2	49.9030	2
1017.47365	509.74410	2	42.7441	2
1017.49040	509.75250	2	48.0725	1
1017.51730	509.76590	2	77.8001	2
1017.53440	509.77445	2	40.2771	2
1017.57365	509.79410	2	41.9063	2
1017.62180	509.81815	2	67.2127	2
1018.53425	510.27440	2	58.9410	2
1018.54505	510.27980	2	41.3413	2
1019.41975	510.71715	2	44.5956	2
1019.50335	510.75895	2	60.8107	2
1019.50415	510.75935	2	44.0629	2
1019.54000	510.77725	2	36.7703	2
1019.54030	510.77740	2	54.6903	2
1019.54680	510.78070	2	67.6810	2
1019.55130	510.78290	2	48.1922	2
1020.44570	511.23010	2	30.7611	1
1020.52370	511.26910	2	50.1087	2
1020.52405	511.26930	2	57.1309	2
1020.52405	511.26930	2	64.8269	2
1020.53435	511.27445	2	55.4681	2
1021.44975	511.73220	2	35.8430	2
1021.49270	511.75365	2	31.9220	2
1021.51200	511.76330	2	44.6770	2
1021.54560	511.78010	2	61.2737	2
1021.60385	511.80920	2	52.9179	2
1022.50325	512.25890	2	53.9239	2
1022.51110	512.26280	2	77.8363	2
1023.60720	512.81085	2	68.9329	2
1024.37420	513.19440	2	43.2127	2
1025.45350	513.73400	2	39.8245	1
1025.50385	513.75920	2	41.9679	2
1025.55180	513.78320	2	36.8562	1
1025.60265	513.80860	2	49.7938	2
1026.44915	514.23185	2	43.4623	2
1027.56560	514.79010	2	34.7463	1
1027.56635	514.79045	2	37.8417	2
1027.58190	514.79820	2	75.2390	2
1027.59060	514.80260	2	59.5129	1
1027.60265	514.80860	2	69.5857	2
1028.56085	515.28770	2	44.2890	2
1029.47615	515.74535	2	57.4406	2
1029.47695	515.74575	2	42.9847	2
1029.54010	515.77735	2	52.9600	2
1029.54275	515.77865	2	38.8265	2
1029.54615	515.78035	2	35.7883	2
1029.55845	515.78650	2	31.6824	2
1029.58285	515.79870	2	38.1677	2
1030.52990	516.27220	2	37.0837	2
1030.59145	516.30300	2	79.5593	2
1030.60705	516.31080	2	76.2461	2
1031.46370	516.73910	2	64.7761	2
1031.50340	516.75900	2	42.6676	2
1031.50705	516.76080	2	49.8507	2
1031.54485	516.77970	2	52.2834	2
1031.58635	516.80045	2	57.5524	2
1031.58670	516.80060	2	62.7458	1
1032.49845	517.25650	2	43.0346	2
1032.53440	517.27450	2	49.5024	2
1032.56100	517.28775	2	56.0478	2
1032.59715	517.30585	2	74.2427	2
1033.56360	517.78910	2	71.6223	1
1033.56645	517.79050	2	44.0032	2
1033.58090	517.79775	2	82.7893	2
1033.61730	517.81595	2	70.4067	2
1034.52195	518.26825	2	65.4116	2
1035.48740	518.75095	2	61.7452	2
1035.56110	518.78785	2	61.0989	2
1036.51960	519.26705	2	44.3630	2
1036.53365	519.27410	2	72.0234	2
1036.53815	519.27635	2	68.3983	2
1036.55540	519.28500	2	63.9451	2
1037.50655	519.76055	2	35.4413	2
1037.52490	519.76970	2	38.6888	1
1037.62320	519.81885	2	55.4158	2
1037.64845	519.83150	2	71.6863	2
1038.48105	520.24780	2	47.6799	2
1038.54680	520.28070	2	36.4305	2
1039.46495	520.73975	2	48.4040	2
1039.49775	520.75615	2	52.9669	2
1039.56540	520.79000	2	48.5290	3
1040.46950	521.24200	2	42.2482	1
1040.49340	521.25395	2	32.4939	2
1040.49585	521.25520	2	42.9235	2
1040.55030	521.28240	2	54.5566	2
1040.56895	521.29175	2	50.4969	2
1040.59815	521.30635	2	57.6399	2
1040.62335	521.31895	2	74.4085	2
1040.65930	521.33690	2	60.5005	1
1041.45560	521.73505	2	37.2473	2
1041.53480	521.77470	2	50.7765	2
1041.58250	521.79850	2	65.8525	1
1042.51695	522.26575	2	65.0540	2
1042.53055	522.27255	2	39.0033	2
1042.55580	522.28520	2	53.9993	2
1042.57840	522.29650	2	42.1067	1
1043.54330	522.77890	2	49.2248	3
1043.55045	522.78250	2	79.4618	2
1043.56195	522.78825	2	38.0771	2
1043.56335	522.78895	2	34.9810	2
1043.60340	522.80900	2	64.1227	2
1044.51985	523.26720	2	45.7890	2
1044.53970	523.27710	2	66.6728	2
1044.55575	523.28515	2	44.4760	2
1044.56085	523.28770	2	58.9356	2
1045.51205	523.76330	2	57.7847	2
1045.53860	523.77660	2	45.5268	1
1045.53990	523.77725	2	34.8137	2
1045.54125	523.77790	2	32.4232	2
1045.55895	523.78675	2	63.8538	2
1045.60245	523.80850	2	61.1174	2
1046.52215	524.26835	2	37.1550	2
1046.59655	524.30555	2	49.9717	2
1047.52685	524.77070	2	60.5416	2
1047.56355	524.78905	2	60.1089	2
1048.47840	525.24645	2	36.7202	2
1048.55895	525.28675	2	32.9867	2
1049.52600	525.77030	2	51.3296	3
1049.53430	525.77440	2	41.2552	2
1049.56145	525.78800	2	38.8737	2
1050.50540	526.26000	2	43.2589	1
1050.53385	526.27420	2	48.6878	2
1050.55700	526.28580	2	32.6506	1
1050.57185	526.29320	2	62.7280	2
1050.59615	526.30535	2	69.0915	2
1051.49430	526.75445	2	38.4407	2
1052.46355	527.23905	2	58.2452	2
1053.61850	527.81650	2	56.5605	2
1054.49730	528.25595	2	69.3235	2
1054.53405	528.27430	2	75.4474	2
1054.54100	528.27780	2	33.1271	3
1054.60195	528.30825	2	52.3986	2
1054.60270	528.30860	2	57.6242	2
1055.42285	528.71870	2	47.8786	2
1055.49210	528.75330	2	45.5700	2
1055.50730	528.76090	2	53.9673	1
1055.58635	528.80045	2	64.3565	2
1055.58650	528.80050	2	68.2931	2
1056.53230	529.27340	2	77.5366	2
1056.58140	529.29800	2	55.4581	2
1056.59320	529.30390	2	53.2936	2
1057.49875	529.75665	2	39.3450	2
1057.50760	529.76110	2	44.7302	1
1057.51250	529.76350	2	72.9660	1
1057.56520	529.78990	2	39.2679	1
1057.57645	529.79550	2	37.4566	2
1057.57700	529.79575	2	45.3089	2
1057.61790	529.81620	2	38.5465	1
1057.63825	529.82640	2	78.3238	2
1058.49315	530.25385	2	51.0462	2
1058.54425	530.27940	2	78.9844	2
1058.55885	530.28670	2	72.6555	2
1058.57240	530.29350	2	47.4059	3
1058.59450	530.30455	2	40.9336	2
1059.50930	530.76195	2	44.4557	2
1059.54050	530.77755	2	55.9395	2
1059.59970	530.80710	2	57.4252	2
1060.47705	531.24580	2	35.0749	2
1060.52360	531.26910	2	74.9068	2
1060.61755	531.31605	2	83.6320	2
1061.55025	531.78240	2	45.5921	2
1061.57610	531.79530	2	75.2637	2
1062.52465	532.26960	2	78.4691	2
1062.53540	532.27495	2	57.0267	2
1062.57140	532.29300	2	60.8328	1
1062.58185	532.29820	2	56.6897	2
1063.54095	532.77775	2	46.8128	2
1063.55430	532.78440	2	61.4404	1
1063.60725	532.81090	2	76.5912	2
1064.56075	533.28765	2	32.0858	2
1064.63435	533.32445	2	54.7447	2
1065.44810	533.73135	2	47.1042	2
1065.55295	533.78375	2	61.9163	2
1065.55370	533.78410	2	78.6769	2
1065.56100	533.78780	2	70.0248	2
1066.45665	534.23560	2	54.2486	2
1066.46700	534.24075	2	33.2183	2
1066.50460	534.25960	2	31.7500	2
1066.51185	534.26320	2	34.0471	2
1066.51855	534.26655	2	56.9157	2
1066.60680	534.31065	2	81.7734	2
1066.64030	534.32740	2	80.6695	1
1067.51335	534.76395	2	46.1795	2
1067.57270	534.79365	2	53.0365	2
1068.55030	535.28245	2	37.9869	2
1068.55990	535.28725	2	64.2975	2
1068.58010	535.29735	2	60.6111	2
1068.59310	535.30385	2	57.5263	2
1068.61820	535.31640	2	43.5949	1
1068.65355	535.33405	2	45.9753	2
1070.60850	536.31155	2	45.4560	2
1070.60875	536.31165	2	74.6596	2
1070.62055	536.31755	2	41.7032	2
1070.63375	536.32415	2	69.5276	2
1070.65905	536.33680	2	76.4379	2
1071.41670	536.71565	2	40.7918	2
1071.56610	536.79035	2	49.3759	2
1071.59285	536.80370	2	54.0909	2
1072.52860	537.27160	2	47.9737	2
1072.55540	537.28500	2	72.1288	1
1072.57420	537.29435	2	73.8445	2
1072.59670	537.30560	2	40.0092	2
1072.61300	537.31380	2	41.9132	2
1073.49885	537.75670	2	45.5104	2
1073.51800	537.76630	2	54.5229	2
1073.52450	537.76950	2	35.3712	3
1073.58690	537.80070	2	44.5669	2
1073.59115	537.80285	2	59.4947	2
1073.60875	537.81165	2	86.7478	2
1073.65995	537.83725	2	63.6330	2
1074.54645	538.28050	2	44.0317	2
1074.55125	538.28290	2	53.6033	2
1074.57145	538.29300	2	60.1547	2
1075.47860	538.74660	2	34.9425	1
1075.53330	538.77395	2	66.2203	2
1075.59120	538.80290	2	70.8667	2
1075.61260	538.81355	2	58.0450	2
1075.62820	538.82140	2	67.8989	2
1076.46100	539.23780	2	51.7533	2
1076.51425	539.26440	2	49.5593	2
1076.52475	539.26965	2	34.1268	2
1076.56045	539.28750	2	54.3424	2
1076.57220	539.29340	2	43.4832	2
1077.60460	539.80960	2	40.0388	2
1078.50530	540.25995	2	41.7180	2
1081.45760	541.73605	2	41.2259	2
1081.55700	541.78580	2	69.9011	1
1081.62465	541.81960	2	60.2159	2
1082.53225	542.27340	2	55.0202	2
1082.55560	542.28505	2	82.3145	2
1082.62485	542.31970	2	77.1506	2
1082.63880	542.32670	2	82.2752	1
1082.64525	542.32990	2	55.2487	2
1084.48585	543.25020	2	39.4074	2
1084.52000	543.26725	2	74.0880	2
1084.54375	543.27915	2	29.0552	2
1084.57025	543.29240	2	89.1127	2
1084.57055	543.29255	2	93.9506	2
1084.57080	543.29270	2	45.9342	1
1084.63800	543.32625	2	78.8960	2
1084.66120	543.33790	2	55.7583	2
1085.60820	543.81140	2	54.5357	2
1085.60835	543.81145	2	51.6158	2
1085.61320	543.81390	2	44.0057	2
1085.62375	543.81915	2	75.1175	2
1085.64490	543.82975	2	67.5570	2
1086.55525	544.28490	2	47.9658	2
1086.55580	544.28520	2	50.4895	5
1086.56930	544.29190	2	34.2356	2
1087.55215	544.78335	2	51.1874	2
1087.56290	544.78870	2	42.8642	2
1087.58835	544.80145	2	42.0554	2
1087.61265	544.81360	2	70.5223	2
1088.45545	545.23500	2	37.7612	2
1088.49700	545.25580	2	60.3341	1
1088.50330	545.25890	2	41.7931	1
1088.50805	545.26130	2	32.0909	2
1088.55445	545.28450	2	71.1396	2
1088.57250	545.29350	2	33.1641	2
1088.60820	545.31135	2	36.2396	2
1089.53280	545.77370	2	42.2777	2
1089.55680	545.78565	2	34.7981	2
1089.56755	545.79105	2	62.8611	2
1090.46835	546.24145	2	38.4946	2
1090.60280	546.30865	2	59.2040	2
1091.51560	546.76510	2	55.6176	2
1091.55765	546.78610	2	40.0624	2
1091.59860	546.80660	2	41.2355	1
1092.53875	547.27665	2	55.1552	2
1092.55040	547.28250	2	31.4306	1
1093.54055	547.77755	2	58.1108	2
1094.08040	548.04750	2	37.1418	4
1094.55145	548.28300	2	68.1710	2
1094.55510	548.28485	2	77.6750	2
1094.56530	548.28995	2	47.8708	2
1094.59720	548.30585	2	57.7273	2
1095.46590	548.74025	2	52.9767	2
1095.55640	548.78545	2	54.4736	2
1095.56735	548.79095	2	31.7875	2
1095.58170	548.79810	2	55.7038	1
1096.49835	549.25645	2	60.6380	2
1096.51865	549.26660	2	48.4853	2
1096.56305	549.28880	2	42.4619	2
1097.60880	549.81170	2	56.6008	2
1097.62005	549.81730	2	37.6327	2
1098.52805	550.27130	2	61.5694	2
1098.53540	550.27500	2	45.3140	2
1098.57740	550.29600	2	36.5092	1
1098.58255	550.29855	2	50.1405	2
1099.49360	550.75410	2	60.3031	2
1099.56335	550.78895	2	42.3709	2
1099.61610	550.81530	2	52.1598	1
1100.45995	551.23725	2	66.4293	2
1100.55785	551.28620	2	34.0393	2
1100.57250	551.29355	2	71.3196	2
1101.55620	551.78540	2	70.5576	2
1101.57760	551.79610	2	32.9188	1
1101.60285	551.80870	2	38.4087	2
1101.64920	551.83190	2	86.1627	1
1101.65120	551.83290	2	53.0227	2
1102.57070	552.29265	2	35.0319	2
1102.57780	552.29620	2	64.3268	2
1102.58580	552.30015	2	36.9030	2
1103.56115	552.78785	2	40.0072	2
1103.58185	552.79820	2	50.5244	2
1103.63805	552.82630	2	84.3663	2
1104.45005	553.23230	2	31.5322	2
1104.47630	553.24540	2	35.5913	4
1104.49040	553.25250	2	36.5625	1
1104.51070	553.26260	2	52.7925	1
1104.51930	553.26690	2	45.0505	1
1104.53290	553.27375	2	44.6818	2
1104.54680	553.28070	2	46.6896	2
1104.54700	553.28075	2	44.3733	2
1104.56390	553.28920	2	48.4956	2
1104.56760	553.29110	2	33.8477	2
1104.58870	553.30160	2	84.9179	1
1104.59325	553.30390	2	59.9771	2
1104.62600	553.32030	2	87.5214	2
1105.52990	553.77220	2	62.9465	2
1105.57730	553.79590	2	64.9114	2
1106.53885	554.27670	2	47.6482	2
1106.58655	554.30055	2	82.8426	2
1106.59680	554.30570	2	51.2423	1
1106.60950	554.31200	2	82.1506	2
1107.53850	554.77650	2	61.3269	2
1107.54415	554.77935	2	54.1573	2
1107.54915	554.78185	2	65.7970	2
1107.55550	554.78500	2	37.7876	2
1107.57720	554.79590	2	88.1430	6
1107.59285	554.80370	2	44.8592	2
1108.51685	555.26570	2	32.1882	2
1108.57100	555.29280	2	78.1412	2
1108.92000	555.46725	2	37.9338	4
1109.50350	555.75900	2	75.2038	2
1109.53350	555.77400	2	78.7001	2
1109.53975	555.77715	2	47.2753	2
1109.55000	555.78225	2	90.0376	2
1109.57355	555.79405	2	33.3105	2
1109.58785	555.80120	2	58.5345	2
1109.61270	555.81360	2	71.1934	2
1109.68110	555.84785	2	78.5788	2
1110.46650	556.24055	2	42.4865	2
1110.51995	556.26725	2	60.2814	2
1110.59020	556.30240	2	83.0446	2
1110.60900	556.31180	2	76.8780	1
1110.66590	556.34020	2	74.2507	2
1111.44075	556.72765	2	32.7579	2
1111.57310	556.79380	2	34.4051	2
1114.55645	558.28550	2	78.0206	2
1114.56615	558.29035	2	64.4674	2
1114.62365	558.31910	2	62.0929	2
1114.63555	558.32505	2	52.9540	2
1115.05370	558.53410	2	46.5125	4
1115.51360	558.76405	2	47.1985	2
1115.54480	558.77970	2	46.1482	1
1115.55835	558.78645	2	35.3479	2
1115.58060	558.79755	2	42.2471	2
1115.58420	558.79940	2	53.7188	2
1115.60130	558.80795	2	55.9243	2
1116.50175	559.25815	2	44.0864	2
1116.50385	559.25920	2	47.3864	2
1116.53985	559.27720	2	34.2544	2
1116.56560	559.29005	2	54.1876	2
1116.56570	559.29010	2	56.4678	1
1116.58225	559.29840	2	72.5253	2
1116.60570	559.31015	2	32.0118	2
1116.61185	559.31320	2	35.6830	2
1117.52760	559.77105	2	39.7284	2
1117.54260	559.77855	2	42.6882	2
1117.56205	559.78830	2	50.8722	2
1117.58600	559.80030	2	74.4963	1
1117.60580	559.81020	2	70.8615	2
1118.01785	560.01620	2	46.5656	4
1118.48495	560.24975	2	33.1976	2
1118.54830	560.28140	2	76.0337	2
1118.63420	560.32435	2	57.0736	2
1119.54170	560.77810	2	69.2353	2
1119.58325	560.79890	2	62.5358	2
1119.59590	560.80525	2	67.3643	2
1119.67020	560.84240	2	82.5735	2
1120.06020	561.03735	2	57.5362	4
1120.57530	561.29495	2	60.3652	2
1121.46680	561.74070	2	42.1997	2
1121.53765	561.77610	2	68.6372	2
1121.57210	561.79330	2	66.1789	1
1121.60985	561.81220	2	47.5594	2
1123.47845	562.74650	2	46.3988	2
1123.56920	562.79185	2	57.4175	2
1123.58140	562.79800	2	53.5127	2
1124.59080	563.30270	2	61.9819	2
1124.61930	563.31690	2	69.3038	2
1124.63285	563.32370	2	38.2564	6
1124.68085	563.34770	2	80.3466	2
1125.51395	563.76425	2	35.5413	2
1125.57155	563.79305	2	43.3466	2
1125.64120	563.82785	2	60.9200	2
1126.49840	564.25650	2	54.2696	1
1126.59715	564.30585	2	51.4731	2
1126.66150	564.33800	2	77.1225	3
1127.47450	564.74455	2	68.9943	2
1127.52035	564.76745	2	39.0609	2
1127.53310	564.77385	2	66.1988	2
1127.53870	564.77660	2	44.8086	2
1127.56500	564.78980	2	42.7712	1
1127.61325	564.81390	2	62.0345	2
1127.65515	564.83485	2	52.5949	2
1128.56510	565.28985	2	42.2261	2
1128.57770	565.29610	2	43.0369	2
1128.59020	565.30240	2	32.4423	1
1128.63950	565.32705	2	59.7119	2
1129.58005	565.79730	2	55.6410	2
1129.63425	565.82440	2	35.6042	2
1129.63460	565.82460	2	40.2148	2
1129.67160	565.84310	2	69.9988	2
1130.55590	566.28520	2	27.0246	1
1130.55850	566.28655	2	47.4169	2
1131.57835	566.79645	2	34.8269	2
1131.62965	566.82210	2	70.4118	2
1131.65335	566.83395	2	81.6526	2
1132.53705	567.27580	2	32.7517	2
1132.55320	567.28390	2	44.7353	1
1132.55640	567.28545	2	56.9309	2
1132.58885	567.30170	2	61.8854	2
1133.55420	567.78435	2	69.1394	2
1133.57210	567.79330	2	55.9861	2
1133.57210	567.79330	2	72.2997	2
1133.57470	567.79460	2	66.1279	2
1133.60940	567.81200	2	62.2944	2
1133.64430	567.82940	2	67.9886	1
1134.52860	568.27160	2	46.6292	1
1134.53440	568.27450	2	44.1463	2
1134.55065	568.28260	2	35.7136	2
1134.57910	568.29680	2	46.4937	2
1134.59240	568.30345	2	47.7619	2
1135.59875	568.80665	2	47.3267	2
1136.53580	569.27520	2	53.2445	2
1136.57145	569.29300	2	57.8104	2
1136.57300	569.29380	2	60.8965	2
1137.56580	569.79020	2	82.5547	1
1137.57830	569.79640	2	55.0723	2
1138.56625	570.29040	2	62.2891	2
1138.58900	570.30180	2	35.1081	2
1139.54690	570.78075	2	54.4061	2
1139.56220	570.78835	2	66.5415	2
1139.63020	570.82240	2	40.0072	2
1139.65545	570.83500	2	61.5934	2
1140.52330	571.26895	2	33.5366	2
1141.55540	571.78500	2	71.7660	1
1141.56805	571.79130	2	62.6414	2
1141.59830	571.80645	2	32.6592	2
1141.60995	571.81225	2	59.4051	2
1141.64180	571.82820	2	82.4065	1
1142.03270	572.02360	2	64.9899	4
1142.48890	572.25170	2	45.4896	2
1142.55735	572.28595	2	51.5949	2
1142.55745	572.28600	2	90.4330	2
1142.61395	572.31425	2	54.6558	2
1142.63330	572.32390	2	34.2958	2
1143.50900	572.76175	2	55.6741	2
1143.57225	572.79340	2	65.4165	2
1143.58815	572.80135	2	34.9502	2
1143.69165	572.85310	2	86.7176	2
1144.58835	573.30145	2	49.5333	2
1144.59280	573.30370	2	57.1315	3
1144.59615	573.30535	2	60.1030	2
1144.60950	573.31200	2	38.6093	2
1144.63525	573.32490	2	57.2976	2
1144.65200	573.33330	2	68.2511	1
1145.57485	573.79470	2	47.2240	2
1145.67015	573.84235	2	70.7049	2
1146.57625	574.29540	2	45.8485	2
1146.58590	574.30025	2	72.5894	2
1146.61380	574.31415	2	52.7700	2
1147.55135	574.78295	2	62.2141	2
1147.55345	574.78400	2	48.9405	2
1147.55600	574.78530	2	43.6908	2
1147.58055	574.79755	2	65.0539	2
1147.58760	574.80110	2	54.6217	2
1147.63820	574.82635	2	87.7485	2
1148.51385	575.26420	2	34.6996	2
1148.54725	575.28090	2	53.0270	2
1148.56520	575.28990	2	66.3726	2
1148.56930	575.29195	2	80.0044	2
1148.60890	575.31170	2	58.1912	1
1148.60910	575.31180	2	62.4817	2
1149.56700	575.79075	2	68.0270	2
1149.56730	575.79090	2	57.7533	2
1150.05560	576.03505	2	58.9676	4
1150.58670	576.30065	2	55.1600	2
1150.58890	576.30170	2	48.3230	2
1150.62290	576.31870	2	60.3042	1
1151.49300	576.75380	2	52.1396	2
1151.65390	576.83425	2	68.8138	2
1151.71920	576.86690	2	83.3673	1
1151.72820	576.87140	2	75.9013	2
1152.52680	577.27070	2	31.2393	2
1152.53035	577.27245	2	53.7531	2
1152.54375	577.27915	2	91.7918	2
1152.54905	577.28180	2	60.7215	2
1152.55320	577.28385	2	37.6405	2
1152.58610	577.30035	2	58.3964	2
1153.57400	577.79430	2	52.4723	1
1154.57290	578.29370	2	63.4710	2
1154.62080	578.31765	2	59.4641	2
1154.63005	578.32230	2	45.2770	2
1155.55630	578.78540	2	68.4291	2
1155.56365	578.78910	2	35.4202	2
1155.58275	578.79865	2	88.2282	2
1155.61570	578.81515	2	51.3944	2
1155.64945	578.83200	2	49.2458	2
1156.51930	579.26690	2	55.8082	2
1156.52050	579.26750	2	29.5909	1
1156.52065	579.26760	2	45.2236	2
1156.59270	579.30360	2	85.3611	1
1156.60325	579.30890	2	66.9381	2
1157.57645	579.79550	2	75.6034	2
1157.59370	579.80415	2	58.6978	2
1157.59505	579.80480	2	52.5732	2
1157.63155	579.82305	2	53.3860	2
1158.59955	580.30705	2	42.5482	2
1158.59960	580.30710	2	41.8465	1
1158.62425	580.31940	2	47.9073	2
1159.57010	580.79235	2	63.7441	2
1159.57435	580.79445	2	34.7980	2
1159.57995	580.79725	2	46.0051	2
1159.59545	580.80500	2	41.6838	2
1159.62035	580.81745	2	40.6429	2
1159.63965	580.82710	2	80.2193	2
1160.58600	581.30030	2	67.1463	2
1160.58675	581.30065	2	49.8454	2
1160.59340	581.30395	2	73.4165	2
1160.59670	581.30565	2	54.3342	2
1160.61575	581.31515	2	37.3653	2
1161.06015	581.53735	2	38.4645	4
1161.59945	581.80700	2	53.8013	2
1161.59960	581.80710	2	46.2589	3
1161.60695	581.81075	2	73.2470	2
1161.61505	581.81480	2	53.4649	2
1161.66290	581.83875	2	95.5716	2
1162.58100	582.29780	2	65.6755	1
1162.59890	582.30675	2	72.0468	2
1163.57645	582.79550	2	65.9122	2
1163.58290	582.79870	2	59.0022	2
1163.60820	582.81140	2	67.7346	1
1164.56885	583.29170	2	32.5663	2
1164.60295	583.30875	2	55.1261	2
1164.72280	583.36865	2	70.7117	2
1165.46025	583.73740	2	35.9412	2
1165.57755	583.79605	2	82.0558	4
1165.59900	583.80680	2	47.0055	1
1165.63445	583.82450	2	64.7759	2
1166.54285	584.27870	2	47.1041	2
1167.59275	584.80365	2	76.2542	2
1167.61825	584.81640	2	84.9488	2
1168.63275	585.32365	2	78.2754	2
1168.64515	585.32985	2	49.6178	2
1168.68180	585.34820	2	70.0853	2
1168.68250	585.34850	2	58.7709	2
1168.74415	585.37935	2	79.6540	2
1169.57165	585.79310	2	54.4579	2
1170.52110	586.26780	2	50.7992	1
1170.57810	586.29630	2	46.6189	1
1170.62745	586.32100	2	47.5275	2
1170.66040	586.33745	2	67.1169	2
1170.66050	586.33755	2	70.7993	2
1171.57675	586.79565	2	65.6182	2
1171.62065	586.81760	2	50.3841	2
1171.62415	586.81935	2	56.2654	2
1171.70040	586.85750	2	55.0153	2
1172.59610	587.30530	2	66.0452	2
1172.61330	587.31390	2	34.5996	1
1172.61505	587.31480	2	41.0743	2
1172.61900	587.31680	2	71.6665	3
1172.62950	587.32205	2	66.4213	2
1172.62960	587.32210	2	74.0607	2
1172.64050	587.32750	2	71.2950	2
1173.58860	587.80155	2	46.9037	2
1174.06605	588.04030	2	34.4436	4
1174.51090	588.26275	2	43.9228	2
1174.54755	588.28105	2	32.7517	2
1174.56105	588.28780	2	54.3474	2
1174.60835	588.31145	2	41.4508	2
1175.57395	588.79425	2	60.9483	2
1175.58610	588.80030	2	69.2352	2
1175.61960	588.81710	2	42.1454	2
1175.65530	588.83495	2	59.3492	2
1176.58140	589.29795	2	53.1381	2
1177.63505	589.82480	2	66.5756	2
1177.63600	589.82530	2	55.2942	1
1177.66220	589.83835	2	90.2040	2
1177.66340	589.83900	2	84.6959	2
1178.51740	590.26600	2	38.9358	2
1178.57340	590.29400	2	30.1926	3
1179.61610	590.81530	2	50.9228	1
1180.52310	591.26885	2	62.7185	2
1180.59775	591.30615	2	64.9493	2
1180.70765	591.36110	2	85.7031	2
1181.65225	591.83340	2	54.9862	2
1182.54095	592.27775	2	75.1513	2
1182.60420	592.30940	2	71.6210	2
1182.62710	592.32080	2	72.6664	2
1182.66505	592.33980	2	58.7626	2
1182.68100	592.34775	2	78.7651	2
1184.58610	593.30030	2	61.4718	2
1184.60530	593.30990	2	50.4141	1
1184.61970	593.31715	2	76.3743	2
1184.67680	593.34570	2	70.4857	1
1185.57405	593.79430	2	86.2370	2
1185.57850	593.79650	2	37.0555	2
1185.63970	593.82715	2	79.4334	2
1185.65165	593.83310	2	64.2905	2
1185.67210	593.84330	2	60.2143	1
1186.54475	594.27965	2	45.6494	2
1186.58400	594.29930	2	57.1794	1
1186.65665	594.33560	2	47.2778	2
1187.59750	594.80605	2	65.6181	2
1187.62310	594.81880	2	77.5469	2
1187.70315	594.85885	2	88.0094	2
1187.70340	594.85900	2	80.6134	2
1188.58125	595.29790	2	69.3871	2
1188.59010	595.30230	2	42.5784	2
1188.59940	595.30700	2	46.5133	1
1188.61570	595.31510	2	50.5624	2
1188.67535	595.34495	2	61.2205	2
1189.54095	595.77775	2	78.7731	2
1189.63825	595.82640	2	52.3093	2
1189.64580	595.83015	2	70.1149	2
1189.67210	595.84330	2	74.4365	2
1190.56160	596.28810	2	55.3403	2
1190.59050	596.30250	2	34.5674	1
1190.60010	596.30730	2	64.4848	2
1191.61395	596.81425	2	57.9828	2
1191.66605	596.84030	2	82.4083	2
1192.52825	597.27140	2	46.7482	2
1192.58910	597.30180	2	69.8709	1
1192.59705	597.30580	2	56.2760	2
1192.61625	597.31540	2	66.7203	2
1192.66090	597.33770	2	86.9373	2
1193.61630	597.81540	2	38.9110	2
1193.63330	597.82395	2	67.9951	2
1193.66615	597.84035	2	90.0084	2
1194.51140	598.26295	2	31.5292	2
1194.61400	598.31430	2	67.5811	1
1195.60960	598.81205	2	60.6864	2
1196.55045	599.28250	2	45.5882	2
1196.57170	599.29310	2	35.8142	2
1196.65115	599.33285	2	49.1248	2
1197.54590	599.78025	2	78.0766	2
1197.56975	599.79215	2	52.5062	2
1197.57625	400.19935	3	36.0856	2
1197.62505	599.81980	2	60.0757	2
1197.69795	599.85625	2	75.3369	2
1198.61890	400.54690	3	52.2780	2
1198.65580	400.55920	3	40.9603	2
1198.65610	600.33535	2	40.9894	2
1199.54630	600.78045	2	54.9349	2
1199.54650	600.78055	2	49.6258	2
1199.71290	600.86370	2	78.4849	2
1200.61875	401.21355	3	42.3118	2
1200.62400	601.31925	2	59.3139	2
1200.62475	601.31965	2	42.3118	2
1200.64680	601.33070	2	52.3301	2
1200.65180	601.33320	2	79.7555	2
1201.09105	601.55280	2	43.0864	4
1201.59830	601.80645	2	66.2586	2
1201.61985	601.81720	2	75.0203	2
1201.63040	401.55075	3	36.6204	2
1201.63050	601.82255	2	37.2100	2
1201.63490	601.82470	2	36.7987	1
1201.66745	601.84100	2	46.7612	2
1201.66790	601.84120	2	57.0010	2
1202.59035	602.30245	2	40.6140	2
1202.60460	401.87545	3	48.5468	2
1202.60540	602.30995	2	48.6060	2
1202.64160	401.88780	3	39.5280	2
1202.64265	602.32860	2	39.5226	2
1202.65085	602.33270	2	65.0038	2
1202.69150	602.35300	2	70.0181	1
1203.59835	602.80645	2	41.7726	2
1203.61665	602.81560	2	58.0957	2
1203.67220	602.84340	2	51.8639	2
1204.48245	603.24850	2	42.4917	2
1204.58425	603.29940	2	52.8897	2
1204.60200	603.30830	2	56.9641	1
1204.60880	603.31170	2	57.3308	2
1204.61320	603.31385	2	80.1218	2
1204.61360	603.31410	2	92.8366	1
1204.65650	402.55945	3	48.1297	2
1204.65680	603.33570	2	48.1347	2
1205.56495	402.86225	3	59.6194	2
1205.62985	603.82220	2	56.6209	2
1205.64065	603.82760	2	54.4944	2
1205.71380	402.91190	3	65.2302	2
1205.71395	603.86425	2	65.2926	2
1206.59625	604.30540	2	61.1736	2
1206.60770	604.31115	2	72.9676	2
1206.62450	604.31950	2	64.5689	2
1207.57145	604.79300	2	63.7942	2
1207.57190	604.79320	2	62.7868	1
1207.62060	604.81760	2	55.4240	1
1207.62490	604.81975	2	72.6334	2
1207.66105	604.83780	2	88.4241	2
1207.67360	604.84410	2	84.4008	2
1207.76535	604.88995	2	80.8621	2
1208.52500	605.26980	2	39.6865	1
1208.55660	605.28560	2	45.2435	3
1208.59450	605.30450	2	82.8743	1
1208.60300	605.30880	2	68.5576	1
1209.58820	605.80135	2	48.2323	2
1210.59915	606.30685	2	63.2963	2
1210.61415	404.54535	3	62.9922	2
1210.74040	606.37750	2	70.9181	2
1211.61925	606.81690	2	78.1489	2
1211.62585	404.88255	3	36.0298	2
1211.65110	606.83280	2	48.7161	2
1211.65130	404.89100	3	48.6622	2
1212.53135	405.18435	3	51.7272	2
1212.56760	405.19645	3	28.7898	2
1212.58140	405.20110	3	34.7205	1
1213.64650	405.55610	3	53.7558	2
1213.67125	405.56435	3	81.8980	2
1214.59765	608.30610	2	63.6893	2
1214.70325	608.35890	2	63.2177	2
1215.59865	608.80660	2	50.3699	2
1215.64690	608.83075	2	60.4246	2
1215.65185	608.83320	2	82.8930	2
1215.68195	406.23460	3	35.1939	2
1215.68230	608.84840	2	35.2275	2
1216.57600	609.29530	2	39.7729	2
1216.57660	609.29560	2	49.1511	2
1216.62390	609.31920	2	55.2789	2
1216.65715	609.33585	2	69.9697	2
1216.72540	609.37000	2	85.7686	2
1217.56325	609.78890	2	70.3157	2
1217.60730	609.81090	2	57.9257	2
1217.67665	406.89945	3	68.4629	2
1218.62780	610.32120	2	59.1315	1
1218.66500	610.33980	2	83.2854	1
1219.61215	610.81335	2	49.8193	2
1220.64010	611.32735	2	78.3317	2
1221.13365	611.57410	2	50.4308	4
1221.59825	611.80640	2	59.1700	2
1221.61060	408.21080	3	31.5190	2
1221.61075	611.81265	2	31.5845	2
1221.61520	611.81490	2	65.6171	1
1221.63590	611.82520	2	56.8925	3
1222.56900	408.53030	3	31.0547	1
1222.61950	612.31700	2	56.8081	1
1223.54165	612.77810	2	46.8984	2
1223.62610	612.82030	2	36.4837	2
1223.65160	408.89115	3	47.7118	2
1223.71420	612.86440	2	79.5907	6
1224.62430	613.31940	2	68.6904	2
1224.62975	613.32215	2	54.0308	2
1224.65780	409.22650	3	37.4093	1
1224.65835	613.33645	2	37.7490	2
1224.68355	613.34905	2	43.7488	2
1225.59875	613.80665	2	63.2742	2
1225.67165	613.84310	2	69.4059	2
1226.70040	614.35750	2	59.4567	1
1226.70795	614.36125	2	81.4358	2
1227.65695	614.83575	2	59.1700	2
1227.66180	614.83820	2	70.4024	2
1227.67260	614.84360	2	68.3888	3
1227.68210	614.84835	2	64.8307	2
1228.68550	615.35000	2	64.0193	1
1228.73975	615.37715	2	82.6632	2
1229.55770	615.78615	2	41.9989	2
1229.61170	615.81315	2	78.9925	2
1229.61835	615.81645	2	49.9581	2
1229.65075	410.89085	3	47.8153	2
1229.73835	410.92005	3	59.2327	2
1230.55980	411.19390	3	33.2953	1
1230.58380	616.29920	2	42.1337	2
1230.58815	411.20330	3	35.7778	2
1230.58890	616.30170	2	60.1888	2
1230.62020	616.31735	2	49.0059	2
1230.64095	616.32775	2	79.0767	2
1230.65580	411.22590	3	31.1432	1
1230.65720	616.33590	2	41.9388	2
1230.66395	616.33925	2	82.7253	2
1231.58750	616.80100	2	37.1176	2
1231.62475	616.81965	2	55.2124	2
1231.62660	616.82060	2	87.8250	1
1231.65575	616.83515	2	60.8340	2
1231.66050	616.83750	2	57.3216	1
1231.69235	411.57140	3	58.2987	2
1232.57270	617.29360	2	34.4556	2
1232.60700	617.31080	2	46.5428	1
1233.60410	412.20860	3	80.2246	2
1233.60690	617.81070	2	50.5446	1
1233.62070	617.81765	2	44.4174	2
1233.66130	617.83790	2	57.5809	2
1234.56915	412.53030	3	41.0584	2
1234.60090	618.30770	2	35.9756	2
1234.61000	412.54390	3	56.4320	1
1234.65340	618.33400	2	64.4319	1
1235.60660	412.87610	3	40.4236	2
1235.60785	618.81120	2	40.4581	2
1235.61660	618.81560	2	60.4524	1
1235.64890	618.83175	2	49.2803	2
1235.65125	412.89100	3	49.2165	2
1235.66805	618.84130	2	58.4880	2
1235.66975	412.89715	3	58.4175	2
1235.69960	412.90715	3	53.0316	2
1236.56260	619.28855	2	48.4955	2
1237.61460	413.54545	3	45.3958	2
1237.63520	413.55230	3	38.3724	2
1237.63570	619.82510	2	38.4620	2
1237.64655	619.83055	2	64.2973	2
1237.74025	619.87740	2	67.9900	2
1239.59240	620.80345	2	58.9677	2
1239.59550	414.20580	3	36.4226	2
1239.61850	620.81650	2	62.6808	1
1239.62050	620.81750	2	62.6623	1
1239.63770	620.82610	2	84.4553	1
1239.68300	620.84875	2	75.4829	2
1239.71975	620.86715	2	74.2786	2
1240.15980	621.08720	2	48.8080	4
1240.58755	414.53645	3	37.0197	2
1240.61770	621.31610	2	60.7466	1
1240.68020	621.34740	2	75.8811	2
1240.70395	621.35925	2	91.0011	2
1241.59410	621.80435	2	71.3854	2
1241.66430	621.83940	2	62.2267	1
1241.67200	621.84330	2	43.7055	1
1241.67370	414.89850	3	43.7255	2
1241.67530	414.89900	3	62.1456	1
1241.70000	621.85730	2	78.4429	1
1241.71835	621.86645	2	87.8411	2
1241.77485	414.93220	3	77.5125	2
1241.77530	621.89490	2	77.5866	2
1242.63645	415.21940	3	44.4716	2
1242.63645	622.32550	2	44.5048	2
1242.64550	622.33000	2	55.0709	1
1243.67760	415.56650	3	61.0620	1
1244.54250	623.27850	2	52.5812	2
1244.56680	623.29065	2	46.8074	2
1244.61095	415.87760	3	34.3496	2
1244.63335	623.32395	2	66.4899	2
1244.67245	415.89810	3	37.4270	2
1245.62215	416.21465	3	47.4467	2
1245.65165	623.83310	2	81.7934	2
1245.65930	623.83690	2	43.5728	2
1245.67135	416.23105	3	54.6902	2
1245.67500	623.84475	2	42.6906	2
1246.64975	416.55720	3	67.2023	2
1246.67100	624.34280	2	78.9824	1
1246.69235	624.35345	2	72.5334	2
1247.58200	416.86790	3	30.1489	1
1248.56160	625.28810	2	50.3386	1
1248.61735	625.31595	2	87.9745	2
1248.61890	625.31675	2	58.1215	2
1248.67200	625.34330	2	61.0362	2
1248.67350	625.34400	2	63.3414	2
1249.63020	625.82235	2	57.4798	2
1249.65480	625.83470	2	64.0869	2
1249.65625	625.83540	2	82.9172	2
1250.66540	626.34000	2	80.4416	1
1250.72570	626.37015	2	87.6176	2
1251.66145	626.83800	2	74.8983	2
1251.66515	418.22900	3	49.8558	2
1252.73995	627.37725	2	79.1461	2
1252.75000	418.59060	3	65.8854	2
1252.77670	627.39560	2	91.3971	1
1253.55930	627.78690	2	66.4525	1
1253.63055	418.88410	3	32.4886	2
1254.58890	628.30170	2	68.4709	2
1254.60020	628.30740	2	80.2539	2
1254.72965	628.37210	2	69.3712	2
1254.73110	628.37285	2	40.5043	2
1254.73130	419.25100	3	40.4858	3
1254.73380	419.25185	3	52.0164	2
1255.58440	628.79950	2	43.2872	2
1255.62755	628.82105	2	70.0457	2
1255.65565	419.55915	3	53.3807	2
1255.66810	628.84130	2	73.8721	2
1255.67840	628.84650	2	50.8016	2
1255.70215	628.85835	2	69.1954	2
1255.71395	419.57855	3	65.1192	2
1255.71530	628.86490	2	65.1717	1
1256.60670	629.31065	2	58.8793	2
1256.61065	629.31260	2	50.0902	2
1256.69745	419.90640	3	47.2445	2
1256.69800	629.35630	2	47.2118	2
1256.70375	629.35915	2	96.7201	2
1257.64690	629.83075	2	42.3655	2
1257.67360	629.84410	2	55.5508	4
1257.70090	629.85770	2	88.2416	1
1257.70790	420.24320	3	61.2193	1
1258.59955	630.30705	2	81.0497	2
1258.67615	630.34535	2	67.2639	2
1258.68835	630.35145	2	52.0798	2
1258.76340	630.38900	2	86.7859	2
1259.57450	420.86540	3	36.2990	1
1259.63360	630.82410	2	75.1403	2
1259.63510	630.82480	2	58.1107	2
1259.66125	630.83790	2	58.7030	2
1259.66210	420.89460	3	52.5504	1
1260.57765	631.29610	2	36.5130	2
1260.58930	631.30195	2	42.4564	2
1260.60235	631.30845	2	45.7658	2
1260.67275	631.34365	2	57.0538	2
1261.57900	631.79680	2	50.6789	2
1261.62285	421.54820	3	40.3939	2
1261.67170	421.56450	3	38.1114	2
1261.74325	631.87890	2	95.1638	2
1263.62015	422.21400	3	33.3472	2
1263.62115	632.81785	2	33.3860	2
1263.62865	632.82160	2	56.5098	2
1263.66190	422.22790	3	54.0856	1
1263.67155	632.84305	2	88.6046	2
1263.68390	632.84920	2	66.6960	2
1264.64810	633.33130	2	73.6907	1
1264.64860	422.55680	3	60.8624	2
1264.77450	633.39450	2	92.9082	1
1265.60985	422.87720	3	31.0265	2
1265.68970	633.85215	2	51.1982	2
1266.56375	634.28915	2	45.8197	2
1266.62170	423.21450	3	38.0443	2
1266.62185	634.31820	2	38.0551	2
1266.62445	634.31950	2	70.4683	2
1267.56710	423.52960	3	35.4073	1
1267.64920	634.83190	2	81.9242	2
1267.65940	634.83700	2	92.6548	1
1267.68940	634.85195	2	49.3492	2
1268.61535	423.87905	3	52.8926	2
1268.66280	635.33865	2	50.4348	2
1268.66345	423.89510	3	50.3769	2
1268.69880	635.35670	2	69.6420	2
1269.62550	635.82005	2	80.2916	2
1269.62700	635.82080	2	63.4241	2
1269.65200	424.22460	3	66.8826	2
1269.65830	635.83640	2	46.5784	2
1269.65890	424.22690	3	46.5710	2
1269.70410	635.85935	2	62.7636	2
1269.72945	635.87200	2	77.9920	2
1270.65275	636.33365	2	43.4114	2
1270.69965	424.57385	3	61.8637	2
1270.72805	636.37130	2	91.7917	2
1271.56455	424.86210	3	77.2978	2
1271.61960	636.81710	2	55.2995	1
1271.64720	636.83090	2	84.2109	1
1271.68770	424.90315	3	59.9214	2
1271.69085	636.85270	2	64.0126	2
1271.76190	636.88825	2	81.7424	2
1272.69300	637.35380	2	64.4821	2
1273.63350	637.82400	2	73.5262	1
1273.64060	637.82760	2	71.0990	1
1273.65550	637.83505	2	66.3673	2
1273.66955	637.84205	2	64.8870	2
1273.67800	637.84630	2	86.0315	2
1273.72160	637.86810	2	70.0532	2
1274.54585	638.28020	2	72.8567	2
1274.62800	425.88330	3	45.7732	1
1274.64445	638.32950	2	84.4875	2
1274.65160	638.33310	2	76.8306	2
1274.66280	638.33870	2	68.9318	3
1274.76050	638.38750	2	78.7163	2
1275.54180	638.77815	2	45.0540	2
1275.57230	638.79340	2	60.6701	2
1275.69335	426.23835	3	62.5285	2
1276.60850	426.54340	3	66.7189	1
1276.63345	639.32400	2	77.1453	2
1276.65155	639.33305	2	89.6594	2
1276.66690	639.34075	2	58.1754	2
1276.67460	639.34455	2	85.7334	2
1276.70330	639.35890	2	71.9559	2
1276.70430	639.35940	2	78.2161	2
1277.63785	639.82620	2	62.0298	2
1277.67380	639.84415	2	68.6692	2
1277.68725	639.85090	2	75.7239	2
1278.65045	640.33250	2	84.6526	2
1278.68285	427.23485	3	42.5928	2
1279.62520	640.81985	2	63.5123	2
1279.69645	427.57275	3	53.6689	2
1279.75090	640.88270	2	74.7700	2
1280.57900	641.29675	2	80.9297	2
1280.59990	427.87390	3	37.7292	2
1280.74670	641.38060	2	87.6748	2
1281.55780	641.78615	2	39.8907	2
1281.60755	428.20980	3	36.6033	2
1281.61120	641.81290	2	36.5130	2
1281.76640	428.26270	3	64.4125	1
1282.57585	642.29520	2	71.5738	2
1282.58670	642.30060	2	61.5025	2
1283.61520	642.81485	2	70.4900	2
1283.65120	642.83290	2	65.3559	2
1283.65915	642.83685	2	85.3394	2
1283.70825	428.91000	3	44.1409	2
1283.73190	642.87320	2	77.9145	1
1284.61420	429.21200	3	40.3093	2
1284.62795	643.32125	2	90.8861	2
1284.69375	643.35415	2	77.6414	2
1284.70340	643.35900	2	68.9327	2
1284.70435	429.24205	3	42.8641	2
1284.71830	643.36640	2	86.3193	1
1284.72780	643.37115	2	83.4648	2
1285.66410	643.83935	2	43.3754	2
1285.72345	429.58175	3	45.9061	2
1286.58330	429.86840	3	53.2058	1
1286.64430	429.88870	3	68.5153	2
1286.68395	644.34925	2	85.0794	2
1286.69960	644.35710	2	68.1747	3
1286.78615	644.40035	2	85.9750	2
1287.62965	644.82210	2	84.5882	2
1287.68315	644.84885	2	73.5472	2
1288.59180	645.30320	2	44.6895	2
1288.60635	645.31045	2	63.7184	2
1288.66230	645.33840	2	46.0616	2
1288.68225	645.34840	2	51.0241	2
1288.68555	645.35005	2	67.0881	2
1288.72345	645.36900	2	83.9044	2
1288.73895	645.37675	2	75.5981	2
1289.58965	645.80210	2	36.8089	2
1289.59185	430.87125	3	36.7372	2
1289.62870	645.82160	2	88.9351	2
1289.64725	645.83090	2	49.4709	2
1290.12080	646.06765	2	59.9453	4
1290.54545	431.18910	3	32.5894	2
1290.55110	646.28280	2	32.8469	1
1290.56930	646.29190	2	39.8050	2
1290.65710	646.33585	2	54.5837	2
1291.57855	646.79655	2	44.8911	2
1291.60625	646.81040	2	51.1365	2
1291.66600	646.84030	2	60.0158	2
1292.66135	431.89440	3	61.9727	2
1293.62550	647.82000	2	55.3403	2
1294.62280	648.31870	2	68.2550	2
1294.73395	648.37425	2	82.7037	2
1294.79710	432.60630	3	67.5944	2
1295.66570	432.89585	3	61.8394	2
1295.72520	648.86990	2	75.9644	1
1295.74550	648.88005	2	64.5635	2
1295.75565	432.92580	3	60.1327	2
1296.57420	649.29440	2	72.8749	1
1296.68350	649.34900	2	59.6747	2
1296.68480	433.23550	3	59.7621	1
1296.70350	649.35900	2	69.0269	2
1297.23315	649.62385	2	45.5487	4
1297.72835	433.58340	3	44.7712	2
1297.73655	649.87555	2	65.4427	2
1297.76075	433.59420	3	63.3628	2
1298.59345	650.30400	2	38.3149	2
1298.59440	433.87210	3	38.3102	2
1298.61000	433.87730	3	38.2267	2
1298.69515	650.35485	2	48.1678	2
1299.56830	650.79140	2	36.8375	2
1299.62960	650.82210	2	74.3835	2
1299.68020	650.84740	2	41.4466	1
1299.69380	650.85420	2	79.7474	2
1299.70355	650.85905	2	58.2705	2
1299.71640	650.86550	2	57.8840	1
1300.62320	651.31890	2	81.3330	1
1300.62470	651.31965	2	86.1376	2
1300.70280	651.35870	2	63.1133	2
1300.73885	651.37670	2	75.8208	2
1300.76145	651.38800	2	75.1843	2
1300.77530	651.39490	2	85.1070	2
1301.63550	434.88575	3	41.1073	2
1301.63680	651.82565	2	41.1595	2
1302.66030	652.33740	2	66.8717	2
1302.72810	652.37130	2	75.2362	2
1303.51520	652.76485	2	65.5563	2
1303.60595	652.81025	2	60.7586	2
1303.74230	652.87845	2	75.5462	2
1304.61045	653.31250	2	43.1538	2
1304.73560	653.37510	2	79.0205	2
1305.61580	436.21255	3	31.9755	2
1305.62445	653.81950	2	51.4011	2
1305.63465	436.21880	3	61.7155	2
1305.70595	653.86025	2	73.7226	2
1306.58240	436.53475	3	40.9255	2
1306.65210	436.55795	3	40.4528	2
1306.66865	654.34160	2	32.1610	2
1306.67560	654.34510	2	75.9409	2
1307.66260	654.83860	2	61.6204	1
1307.66350	654.83900	2	61.6391	1
1308.65985	655.33720	2	63.3605	2
1308.72015	655.36735	2	87.0228	2
1308.72380	437.24855	3	87.0976	2
1308.74115	655.37785	2	60.3704	2
1308.77700	655.39580	2	73.1756	2
1309.63165	655.82310	2	67.8059	2
1309.65310	655.83380	2	63.8883	2
1309.66250	437.56145	3	72.0841	2
1310.56040	656.28750	2	37.3133	2
1310.65245	437.89140	3	48.2323	2
1310.68145	656.34800	2	80.7080	2
1310.70220	437.90800	3	46.4370	2
1310.71900	437.91360	3	47.9301	1
1311.57050	656.79250	2	59.8834	2
1311.58375	656.79915	2	50.5956	2
1311.71600	438.24590	3	60.6876	1
1311.76690	656.89075	2	84.5552	2
1313.61205	657.81330	2	63.5388	2
1313.69330	438.90505	3	52.6577	2
1313.69480	657.85465	2	52.7182	2
1313.70250	657.85850	2	87.5545	2
1313.71990	438.91390	3	62.2704	2
1313.72050	657.86755	2	85.1819	2
1313.74910	438.92360	3	54.0272	1
1314.65765	439.22645	3	50.1709	2
1314.69760	658.35605	2	48.7714	2
1314.69810	658.35635	2	63.2070	2
1314.70150	439.24110	3	48.7977	2
1315.65975	658.83715	2	73.0383	2
1315.68020	658.84740	2	60.5056	2
1315.71085	658.86270	2	65.2374	2
1316.56545	659.29000	2	55.7165	2
1316.66680	659.34065	2	76.3158	2
1316.67595	439.89925	3	64.7413	2
1316.73435	659.37445	2	96.4032	2
1316.73490	659.37470	2	68.7221	2
1317.61040	440.21075	3	53.0899	2
1317.64270	659.82865	2	43.2365	2
1317.74965	440.25715	3	75.6760	2
1318.67105	660.34280	2	79.3084	2
1319.63315	660.82385	2	53.7795	2
1319.66490	660.83970	2	54.2905	1
1319.66570	440.89585	3	54.2747	2
1319.69240	660.85350	2	81.9559	2
1319.70965	440.91050	3	64.6229	2
1320.60010	661.30735	2	72.4634	2
1320.60960	661.31205	2	56.1517	2
1320.62480	661.31970	2	41.6204	2
1320.63565	441.21915	3	51.6555	2
1320.68375	661.34915	2	88.5452	6
1321.61690	661.81570	2	52.3722	2
1321.76485	661.88970	2	81.2476	2
1321.76590	441.59590	3	81.1496	2
1322.66435	662.33945	2	89.2940	2
1322.67240	662.34350	2	64.7111	2
1322.70660	441.90950	3	38.1994	2
1322.72705	662.37080	2	73.1037	2
1323.71910	442.24695	3	71.6938	2
1324.69245	663.35350	2	78.3680	2
1324.73370	663.37415	2	63.7759	2
1324.78330	442.60170	3	65.7389	2
1326.62075	664.31765	2	61.1474	2
1326.68950	443.23710	3	32.2759	2
1326.69060	664.35255	2	32.3096	2
1326.74220	664.37840	2	74.9747	1
1327.65260	443.55815	3	57.5634	2
1328.74555	443.92245	3	42.9500	2
1328.75265	665.38360	2	71.9640	2
1328.75355	443.92515	3	71.8030	2
1329.65440	665.83450	2	44.3704	2
1329.65470	665.83460	2	59.5441	1
1329.69265	665.85360	2	77.4467	2
1329.69300	444.23825	3	66.4049	2
1329.76600	665.89030	2	81.4460	1
1330.71320	666.36390	2	62.1491	2
1330.78200	666.39825	2	86.2285	2
1331.67645	666.84550	2	74.9926	2
1331.70905	666.86180	2	64.0449	2
1331.70980	666.86220	2	81.2046	2
1331.72810	666.87130	2	92.7696	2
1331.74635	666.88045	2	82.6927	2
1331.76730	666.89090	2	46.3039	2
1332.62430	445.21540	3	61.7976	1
1332.64590	667.33020	2	48.2513	2
1332.70300	667.35880	2	83.1771	2
1333.57240	445.53140	3	55.0281	2
1333.59440	667.80450	2	44.2885	2
1333.69360	667.85410	2	59.7675	1
1334.66190	445.89460	3	46.8659	2
1334.71980	668.36720	2	54.1242	2
1334.72030	445.91400	3	54.0597	2
1334.72385	668.36920	2	77.0448	2
1335.59630	668.80540	2	52.7537	3
1335.63865	668.82660	2	72.4604	2
1335.64235	668.82845	2	60.4003	2
1336.74695	446.58955	3	43.9100	2
1336.74705	669.38080	2	43.9179	2
1336.80830	669.41145	2	80.3546	2
1337.57320	669.79390	2	40.1433	3
1337.66480	669.83970	2	77.0112	1
1337.67175	669.84315	2	73.9117	2
1338.61205	670.31330	2	61.4099	2
1338.66865	670.34160	2	63.6488	2
1338.71995	670.36725	2	73.0832	2
1339.65415	670.83435	2	65.1486	2
1339.74570	447.58915	3	56.1166	2
1339.75385	670.88420	2	82.1854	2
1339.77190	670.89320	2	94.4480	3
1340.59795	671.30625	2	49.9131	2
1340.72975	671.37215	2	62.5961	2
1341.19975	671.60715	2	45.8029	4
1341.62200	671.81825	2	75.6389	2
1341.72655	448.24945	3	44.9386	2
1342.65085	448.55755	3	54.6214	2
1342.65155	448.55780	3	38.8210	2
1342.69060	672.35260	2	71.0808	2
1342.70900	448.57690	3	56.9956	2
1342.71080	672.36270	2	63.3949	2
1342.73740	672.37595	2	82.8786	4
1343.76600	448.92925	3	54.9239	2
1343.76710	672.89085	2	54.8972	2
1344.71430	673.36440	2	66.6115	2
1344.72960	449.25050	3	72.8077	1
1344.74065	673.37760	2	83.8802	2
1344.74460	449.25550	3	82.1773	1
1344.74685	449.25625	3	68.6034	2
1345.62180	673.81815	2	34.6465	2
1345.62210	449.54800	3	34.5673	2
1346.57845	674.29650	2	41.0243	2
1346.59880	449.87350	3	53.4006	1
1346.67500	674.34475	2	73.6373	2
1346.68375	674.34915	2	80.0354	2
1346.68430	674.34940	2	78.5680	1
1346.71750	449.91310	3	71.7420	1
1346.76685	449.92955	3	69.1154	2
1346.76825	674.39140	2	69.1792	2
1347.58085	674.79770	2	53.4996	2
1347.58540	450.20240	3	44.6322	1
1347.66835	674.84145	2	88.9238	2
1347.72260	674.86855	2	85.2822	2
1347.74615	450.25600	3	64.0631	2
1347.74625	674.88040	2	64.1449	2
1347.76400	450.26195	3	83.4077	2
1347.76570	674.89010	2	83.4657	1
1349.57040	675.79250	2	76.9096	1
1349.58675	675.80065	2	34.0810	2
1349.68330	675.84890	2	70.1040	2
1349.68655	675.85055	2	61.4798	2
1350.60925	676.31190	2	40.9361	2
1350.64310	676.32880	2	76.5132	2
1350.71580	676.36520	2	74.3750	2
1351.63825	451.55335	3	35.4698	2
1351.64135	676.82795	2	61.1835	2
1352.13155	677.07305	2	36.4842	4
1352.59575	451.87255	3	31.8498	2
1352.72915	451.91695	3	55.5280	2
1352.75635	677.38545	2	68.6103	2
1353.71950	677.86705	2	88.5834	2
1353.72550	677.87005	2	66.2148	2
1354.72915	678.37185	2	89.6871	2
1355.71515	678.86485	2	85.7470	2
1355.73195	678.87325	2	57.1912	2
1355.77770	452.93315	3	59.5283	2
1355.77885	678.89670	2	82.5679	2
1356.73560	679.37510	2	60.5687	2
1356.74840	453.25675	3	49.0233	2
1356.75165	679.38310	2	49.0633	2
1357.66285	679.83870	2	50.2507	2
1357.67205	679.84330	2	31.4665	2
1357.67360	453.56515	3	31.3315	2
1357.74585	679.88020	2	59.0233	2
1357.74590	453.58925	3	58.9865	2
1357.75670	453.59280	3	44.7593	1
1358.15485	453.72555	3	52.0702	4
1358.63070	680.32260	2	60.2088	1
1358.65965	680.33710	2	89.1779	2
1358.66150	680.33800	2	57.5057	2
1358.66880	453.89690	3	46.4550	2
1358.67915	453.90030	3	39.7417	2
1358.68030	680.34740	2	39.7782	2
1358.74170	680.37810	2	83.2088	2
1358.75630	680.38540	2	93.0302	2
1359.68195	680.84825	2	67.7101	2
1359.68865	454.23680	3	39.5438	2
1359.83470	454.28550	3	57.4859	1
1360.58625	454.53600	3	35.0949	2
1360.70000	681.35730	2	76.0830	1
1361.66785	681.84120	2	41.3412	2
1361.67250	681.84355	2	67.4648	2
1361.72045	681.86750	2	69.2945	2
1361.72215	681.86835	2	72.0708	2
1362.58960	682.30205	2	49.1196	2
1362.64530	682.32990	2	54.0752	1
1362.71515	682.36485	2	58.7344	2
1362.71670	455.24620	3	51.2475	1
1362.72125	682.36790	2	83.8166	2
1363.65945	682.83700	2	63.4832	2
1363.68510	682.84985	2	73.4176	2
1363.69115	455.57100	3	45.8222	2
1363.69175	682.85315	2	45.9444	2
1363.70920	455.57700	3	60.2987	1
1364.59290	683.30375	2	51.7164	2
1364.59325	455.87170	3	51.6500	2
1364.64020	683.32740	2	64.9123	2
1364.65560	683.33510	2	77.3285	2
1364.66500	683.33980	2	84.0972	1
1364.66820	683.34140	2	45.7114	2
1364.68400	683.34925	2	61.9209	2
1364.71945	683.36700	2	65.2979	2
1364.73500	683.37480	2	69.8503	2
1365.55895	456.19360	3	43.1003	2
1365.67800	683.84625	2	56.4386	2
1365.68095	456.23425	3	56.3925	2
1366.73235	456.58470	3	37.7849	2
1366.75875	456.59355	3	37.8983	2
1367.65450	456.89210	3	51.9060	2
1367.67235	456.89805	3	50.6573	2
1367.68785	456.90325	3	52.2018	2
1367.68930	684.85195	2	52.2515	2
1367.71260	684.86360	2	72.2304	2
1367.76820	684.89135	2	83.6626	2
1367.77850	684.89650	2	75.6112	2
1368.52420	685.26940	2	34.5184	5
1368.64840	457.22340	3	68.1092	2
1368.75105	685.38280	2	75.2169	2
1368.79820	457.27330	3	64.3669	2
1369.67450	457.56545	3	52.6527	2
1369.79330	685.90390	2	55.1069	2
1370.72240	686.36850	2	80.0593	3
1370.77610	457.93260	3	55.0557	5
1370.81905	686.41680	2	95.0101	2
1371.68410	686.84935	2	73.9711	2
1371.73435	458.25205	3	49.9660	2
1371.74635	458.25605	3	55.2998	2
1372.68520	687.34990	2	66.7561	2
1372.71640	458.57940	3	54.8436	2
1373.69010	458.90395	3	38.9679	2
1373.74055	687.87755	2	71.2610	2
1373.75235	687.88345	2	57.5633	2
1374.68860	688.35155	2	48.3796	2
1374.68885	459.23685	3	48.3395	2
1374.70980	688.36220	2	73.8776	2
1374.76125	459.26100	3	78.1129	2
1374.76355	688.38905	2	78.2106	2
1374.78900	688.40180	2	84.3900	2
1375.71450	459.57875	3	76.6380	2
1376.70945	689.36200	2	89.7535	2
1376.71420	689.36440	2	83.5358	2
1376.71995	689.36725	2	65.4980	2
1376.72890	459.91690	3	50.2317	2
1376.85010	459.95730	3	66.9050	2
1377.67105	689.84280	2	83.2430	2
1377.67865	689.84660	2	76.0282	2
1377.68750	460.23640	3	33.7027	2
1377.68865	689.85160	2	33.8138	2
1377.69140	460.23770	3	88.5618	1
1377.69915	689.85685	2	88.1413	2
1378.23480	690.12470	2	84.8514	4
1378.69795	690.35625	2	60.3757	2
1378.75745	690.38600	2	94.6834	2
1379.76735	460.92970	3	73.1128	2
1379.76735	690.89095	2	73.1539	2
1379.77205	690.89330	2	80.4075	2
1380.64195	461.22125	3	54.6132	2
1380.79890	691.40670	2	76.8537	2
1381.67445	691.84450	2	66.7256	2
1382.65115	692.33285	2	76.9140	2
1382.75915	692.38685	2	77.8877	2
1382.85010	461.95730	3	78.2621	1
1383.54025	692.77740	2	28.0676	2
1383.67965	462.23380	3	44.0031	2
1383.68270	462.23480	3	59.7567	1
1384.61935	693.31695	2	52.4625	2
1384.64095	462.55425	3	55.6255	2
1384.66215	693.33835	2	56.5016	2
1384.68095	693.34775	2	83.7681	2
1384.73355	462.58510	3	64.4936	2
1385.73410	693.87435	2	75.5104	2
1385.75210	693.88335	2	62.6480	2
1387.55920	694.78690	2	62.1352	1
1387.66675	463.56285	3	48.3472	2
1387.68920	694.85190	2	82.6556	1
1387.69495	694.85475	2	57.2147	2
1387.69580	694.85520	2	71.0364	1
1387.72885	694.87170	2	83.9395	2
1387.72895	463.58360	3	83.8456	2
1387.74635	694.88045	2	66.3350	2
1388.55615	695.28535	2	55.6508	2
1388.70555	695.36005	2	52.6631	2
1389.73540	695.87500	2	87.6501	2
1389.75490	695.88470	2	88.8578	1
1390.71120	464.57770	3	36.5570	1
1390.75690	464.59290	3	68.0564	2
1391.69430	696.85440	2	68.3989	1
1391.69490	696.85475	2	60.7748	2
1391.70530	696.85995	2	53.2754	2
1392.61690	465.21290	3	59.6243	2
1392.66830	697.34145	2	63.5983	2
1392.87215	697.44335	2	83.9746	2
1393.64400	697.82930	2	68.7943	2
1393.65185	697.83320	2	71.3525	2
1393.67835	697.84645	2	70.8291	2
1393.69165	697.85310	2	82.5067	2
1393.70245	465.57475	3	56.0238	2
1393.70455	697.85955	2	77.6072	2
1395.65220	698.83335	2	58.6543	2
1395.71050	698.86250	2	40.8257	2
1395.71185	466.24455	3	40.8703	2
1396.67970	699.34715	2	77.3901	2
1396.74500	699.37980	2	80.1543	1
1396.80385	699.40920	2	66.8181	2
1397.60490	699.80970	2	47.1267	1
1397.78810	466.93660	3	65.8419	1
1397.79645	699.90550	2	79.6905	2
1398.62605	700.32030	2	52.8017	2
1398.73655	467.25280	3	51.1977	2
1398.77280	700.39370	2	64.2784	2
1399.69445	700.85450	2	54.7523	2
1399.69710	467.57300	3	48.7215	2
1401.57130	701.79290	2	43.3021	2
1401.71105	468.24430	3	42.8057	2
1401.71105	701.86280	2	42.9013	2
1401.76355	701.88905	2	80.7685	2
1402.75135	702.38295	2	77.1755	2
1403.63950	702.82705	2	61.0734	2
1403.74120	468.92100	3	41.4175	2
1403.74145	702.87800	2	69.5806	2
1403.74195	702.87825	2	41.4769	2
1404.72580	469.24920	3	51.6314	2
1404.79995	703.40725	2	68.2847	2
1405.65170	703.83315	2	56.5015	2
1405.68175	469.56785	3	71.9012	2
1406.71525	704.36490	2	74.9232	2
1406.72970	704.37210	2	80.7464	1
1407.72410	704.86930	2	50.0650	1
1407.72420	470.24870	3	50.0170	2
1407.78355	470.26845	3	60.4807	2
1407.78385	470.26855	3	66.5223	2
1408.65000	705.33230	2	77.7340	2
1408.66235	705.33845	2	70.7727	2
1408.66970	705.34210	2	40.0993	2
1409.68710	705.85080	2	68.8784	2
1409.74035	470.92075	3	49.4334	2
1410.70085	706.35770	2	55.9924	2
1410.72375	471.24850	3	50.7111	2
1410.77090	471.26420	3	57.8027	2
1411.65920	706.83690	2	48.5658	3
1411.67345	706.84400	2	72.8046	2
1411.71610	471.57930	3	70.3273	2
1411.82835	706.92145	2	73.0221	2
1411.82915	471.61700	3	73.0914	2
1412.64070	707.32765	2	89.3293	2
1412.77310	471.93160	3	50.1516	1
1412.77580	707.39520	2	51.2855	2
1412.79915	471.94035	3	62.9225	2
1412.81390	707.41420	2	83.0786	2
1412.82470	471.94880	3	75.4116	1
1412.83820	471.95335	3	67.0018	2
1412.83940	707.42700	2	67.0960	2
1413.67465	707.84460	2	38.5212	2
1413.75280	707.88370	2	88.9567	1
1413.76630	707.89040	2	61.8285	2
1413.80910	472.27700	3	65.4623	1
1414.72190	708.36825	2	61.0416	2
1414.73085	472.58420	3	47.7643	2
1414.73130	708.37290	2	81.8634	2
1414.73205	708.37330	2	47.8205	2
1415.68910	708.85185	2	58.2348	2
1415.72560	708.87010	2	46.5373	1
1415.76170	472.92780	3	40.9947	2
1416.72615	709.37035	2	65.0351	2
1416.77975	473.26715	3	59.2871	2
1417.66640	709.84045	2	68.6715	2
1417.66920	709.84190	2	55.7738	2
1417.67880	473.56685	3	47.1576	2
1417.71130	709.86290	2	74.4710	2
1418.70850	710.36150	2	58.4825	2
1418.70875	710.36165	2	80.6996	2
1418.72045	710.36750	2	75.2742	2
1419.66310	710.83885	2	57.7532	2
1419.69875	710.85665	2	51.5544	2
1419.70030	474.24070	3	51.7591	5
1419.75520	474.25900	3	51.8050	2
1419.81375	710.91415	2	81.3030	2
1420.65015	711.33235	2	47.2962	6
1421.67690	474.89960	3	62.9464	1
1421.70560	474.90915	3	58.8981	2
1421.80360	474.94180	3	63.8882	2
1422.59440	475.20540	3	37.8811	2
1422.59535	712.30495	2	37.8787	2
1422.67330	475.23170	3	41.4650	2
1422.68745	712.35100	2	65.9724	2
1422.75280	712.38365	2	78.9188	2
1423.67050	712.84250	2	82.4799	2
1424.66065	713.33760	2	68.5751	2
1424.72060	713.36755	2	67.2776	2
1425.67190	713.84320	2	74.0079	2
1425.80980	713.91220	2	74.1493	2
1425.81950	476.28045	3	62.5621	2
1425.81970	713.91710	2	62.6676	1
1426.79020	476.60400	3	43.7432	2
1427.64250	714.82850	2	46.8002	1
1427.72605	714.87030	2	53.1314	2
1427.79900	476.94030	3	58.0317	1
1427.80150	714.90805	2	82.9631	2
1428.71075	477.24415	3	46.5441	2
1428.78255	477.26810	3	76.9867	2
1429.75040	715.88245	2	64.0628	2
1429.75670	477.59280	3	60.3478	3
1429.75700	715.88575	2	60.5403	2
1429.76155	715.88805	2	52.1923	2
1430.73710	477.91965	3	51.0794	2
1430.77515	716.39485	2	86.2977	2
1431.78710	478.26965	3	65.8000	2
1431.80015	716.90735	2	80.0638	2
1432.71595	478.57925	3	45.6730	2
1432.71630	717.36540	2	45.7435	1
1434.74780	718.38115	2	73.9316	2
1435.66245	718.83850	2	39.3501	2
1435.76810	718.89130	2	63.4161	2
1436.69315	479.90500	3	55.9597	2
1436.69550	719.35505	2	56.0503	2
1436.70370	719.35915	2	68.8711	2
1436.76280	479.92820	3	52.1315	2
1436.78675	479.93615	3	62.5858	2
1437.69260	719.85360	2	64.0798	2
1438.59020	480.53730	3	30.9747	2
1438.77250	720.39350	2	81.7940	1
1439.64535	720.82995	2	48.7506	2
1439.79975	720.90715	2	73.2141	2
1440.67830	481.23340	3	48.4000	1
1440.81960	721.41705	2	79.7191	2
1441.63395	721.82425	2	77.3087	2
1441.82945	721.92200	2	86.5967	2
1442.64880	722.33165	2	84.2300	2
1442.66845	722.34150	2	51.9540	2
1442.68920	722.35185	2	80.2915	2
1442.72880	481.91690	3	50.0250	2
1443.67385	722.84420	2	44.3452	2
1443.80980	722.91220	2	74.1639	2
1443.84590	722.93020	2	79.8687	2
1444.66905	723.34180	2	56.6604	2
1444.68170	723.34815	2	85.2197	2
1444.74225	723.37840	2	71.0408	2
1444.77125	482.59765	3	61.0987	2
1444.81380	723.41420	2	87.9061	1
1446.78490	483.26890	3	64.7041	1
1447.69470	724.85460	2	64.9683	3
1447.73170	724.87315	2	68.2228	2
1447.75565	483.59250	3	57.1348	2
1448.71485	725.36470	2	57.3600	2
1448.73815	725.37635	2	77.4972	2
1448.74340	725.37900	2	83.3424	2
1449.67745	725.84600	2	62.8240	2
1449.71590	725.86520	2	74.4394	2
1449.86690	484.29620	3	60.4300	2
1450.72445	726.36950	2	82.0550	2
1450.73680	726.37565	2	89.9844	2
1450.81945	484.61375	3	65.8508	2
1451.66445	484.89540	3	49.3042	2
1451.71330	484.91170	3	35.3035	1
1451.79725	484.93965	3	51.8475	2
1452.76795	485.26325	3	57.9469	2
1452.79735	727.40595	2	90.8227	2
1453.76150	727.88805	2	56.6524	2
1454.73115	728.37285	2	79.3346	2
1454.76160	485.92780	3	67.0544	1
1454.87145	485.96440	3	77.2727	2
1454.87175	728.44315	2	77.1397	2
1455.69970	486.24050	3	68.2848	2
1455.70080	728.85770	2	68.3521	2
1455.83825	728.92640	2	81.2736	2
1457.78815	729.90135	2	81.5904	2
1457.78870	486.93685	3	81.5567	2
1458.74620	487.25600	3	76.7303	2
1458.74725	730.38090	2	69.5003	2
1459.70520	730.85985	2	59.0180	2
1459.71075	730.86265	2	67.8130	2
1459.74400	730.87930	2	63.9798	2
1459.84020	487.62065	3	75.8207	2
1459.84110	730.92785	2	75.8758	2
1461.74020	731.87735	2	65.2164	2
1461.83835	731.92645	2	77.3700	2
1461.83850	488.28675	3	77.0532	2
1462.69565	732.35510	2	65.4994	2
1462.76715	732.39085	2	68.4511	2
1463.67590	488.89925	3	63.0482	2
1463.70905	732.86180	2	80.1876	2
1463.71085	732.86270	2	66.6360	2
1463.74080	488.92090	3	72.3242	2
1463.75065	732.88260	2	72.3685	2
1463.76330	732.88890	2	62.9037	1
1464.30130	489.10770	3	65.1824	4
1464.75180	489.25785	3	81.7062	2
1464.76520	489.26235	3	84.7262	2
1464.77910	733.39680	2	62.5006	2
1464.79480	733.40470	2	68.1147	2
1464.79535	733.40495	2	61.9817	2
1465.73405	733.87430	2	87.0282	2
1466.77310	489.93160	3	44.5449	1
1467.82260	490.28150	3	56.3371	3
1468.69445	735.35450	2	53.9837	2
1468.79685	735.40570	2	74.6926	2
1470.74635	491.25605	3	66.3130	2
1470.74970	491.25720	3	56.4104	2
1470.79915	736.40685	2	88.9765	2
1470.84545	736.43000	2	83.3095	2
1471.70965	736.86210	2	54.4060	2
1471.74155	736.87805	2	65.5106	2
1471.75790	491.59320	3	67.1707	2
1472.71530	491.91240	3	45.7424	2
1472.73730	491.91970	3	57.8339	2
1472.73900	737.37680	2	57.8959	2
1472.75630	737.38540	2	81.1680	1
1472.77575	491.93250	3	59.4330	2
1473.76135	492.26105	3	71.6345	2
1473.76240	492.26140	3	74.7807	2
1474.76810	738.39130	2	79.4412	2
1475.77415	492.93200	3	63.2069	2
1476.71030	739.36245	2	65.3256	2
1476.78290	739.39870	2	73.2763	2
1477.74180	739.87820	2	84.8173	2
1477.76205	739.88830	2	72.5942	2
1478.77805	740.39630	2	74.5964	2
1479.73685	740.87570	2	77.6180	2
1479.87845	740.94650	2	79.5301	2
1480.68955	494.57045	3	36.9052	2
1480.83660	494.61945	3	59.2326	2
1481.73550	494.91910	3	52.7377	2
1482.81280	742.41370	2	89.8813	2
1482.83045	742.42250	2	68.5262	2
1483.71230	495.57800	3	61.7449	2
1483.74525	495.58900	3	30.1085	2
1483.76270	742.88865	2	76.3885	2
1484.71420	743.36440	2	59.1368	1
1484.80955	743.41205	2	83.3423	2
1484.82085	495.94755	3	74.8629	2
1484.82175	743.41815	2	74.9339	2
1485.68860	743.85160	2	54.3019	1
1485.82655	743.92055	2	87.1476	2
1486.68130	496.56770	3	45.7600	1
1486.72120	496.58100	3	75.8863	2
1486.76480	744.38970	2	71.5605	2
1486.78270	744.39860	2	67.5195	2
1487.22545	744.62000	2	77.7555	4
1488.64805	745.33130	2	49.4442	2
1488.74230	745.37840	2	45.5369	1
1488.74265	497.25480	3	45.4703	2
1488.79460	497.27210	3	59.5206	2
1489.74945	745.88200	2	90.3341	2
1490.73050	497.91740	3	58.2783	1
1490.73200	497.91790	3	58.2533	1
1491.81590	746.91520	2	89.5565	1
1492.70600	747.36030	2	52.7689	1
1492.71155	747.36305	2	48.3201	2
1492.71780	747.36620	2	65.9402	1
1492.73800	498.58660	3	76.1947	2
1492.80750	498.60975	3	76.5755	2
1493.64845	498.89010	3	39.6014	2
1493.64865	747.83160	2	39.6697	2
1493.74860	747.88160	2	56.7500	2
1493.78300	498.93490	3	72.7138	1
1495.74170	499.58780	3	69.3758	2
1495.84105	748.92780	2	81.8336	2
1495.85540	499.62575	3	81.9916	2
1495.85740	748.93600	2	82.1294	2
1495.87275	499.63150	3	69.7339	2
1496.68765	749.35110	2	85.4704	2
1496.76305	499.92825	3	57.0851	2
1496.76420	749.38940	2	65.2082	2
1496.78620	749.40040	2	71.4100	2
1496.82705	749.42080	2	91.9917	2
1498.76175	750.38815	2	75.3621	2
1498.77940	750.39695	2	68.8248	2
1498.79810	500.60660	3	47.4110	1
1498.84095	750.42775	2	85.1201	2
1499.71495	750.86475	2	56.1220	2
1499.71525	500.91235	3	56.0531	2
1500.76220	501.26130	3	56.2949	2
1500.79470	751.40465	2	59.5897	2
1500.79810	501.27330	3	59.6422	2
1500.81480	501.27890	3	61.1712	1
1500.81600	501.27930	3	69.4656	2
1500.81665	501.27950	3	65.2757	2
1501.71670	501.57950	3	51.3629	2
1501.71740	751.86600	2	51.4278	2
1501.77900	751.89675	2	72.7610	6
1501.81540	751.91500	2	78.1081	1
1502.64785	752.33120	2	78.8015	2
1502.75515	752.38485	2	88.1682	2
1504.74930	502.59035	3	54.2430	2
1504.78040	753.39750	2	81.1366	1
1504.78060	753.39760	2	81.1105	1
1504.79760	753.40610	2	69.6419	2
1504.87695	502.63295	3	80.4738	2
1505.65420	502.89200	3	47.7408	2
1505.72595	502.91590	3	61.5333	2
1505.91750	753.96600	2	93.2012	2
1506.79430	754.40445	2	60.6917	2
1506.79545	754.40500	2	66.6598	2
1507.71380	503.57855	3	64.0043	2
1507.73490	503.58560	3	52.9575	1
1508.74495	755.37975	2	87.0480	2
1508.75750	503.92645	3	77.2067	2
1508.81250	503.94475	3	49.0846	2
1508.81435	755.41445	2	49.0688	2
1509.64890	504.22360	3	33.9882	1
1509.65880	504.22685	3	47.3554	2
1509.74695	504.25625	3	52.5140	2
1510.71485	504.57885	3	58.3581	2
1510.71610	756.36530	2	58.3962	2
1510.74605	756.38030	2	75.0829	2
1510.75220	504.59130	3	58.0589	1
1511.71585	756.86520	2	43.1209	2
1511.77060	504.93080	3	73.7136	1
1511.79045	756.90250	2	99.0137	2
1511.85770	756.93610	2	80.9375	2
1512.20875	505.07685	3	44.1605	4
1512.87450	505.29875	3	85.3148	2
1512.87545	757.44500	2	85.2412	2
1513.69715	757.85585	2	68.7332	2
1513.74940	757.88200	2	77.9249	2
1513.87400	757.94430	2	96.6373	2
1514.72220	505.91465	3	56.9633	2
1514.79780	758.40620	2	91.7326	2
1514.79910	758.40685	2	66.8489	2
1514.80375	505.94185	3	46.0901	2
1514.85760	758.43605	2	90.1788	2
1515.71680	506.24620	3	78.3497	1
1515.71885	758.86670	2	78.2306	2
1515.75260	506.25810	3	33.7403	2
1515.75330	758.88395	2	33.7458	2
1515.75445	758.88450	2	51.1130	2
1515.76110	758.88780	2	89.5729	1
1515.77090	506.26425	3	78.7053	2
1515.82310	758.91880	2	79.4936	1
1516.77945	759.39700	2	74.7479	2
1516.80045	759.40750	2	79.8514	2
1516.80240	506.60810	3	49.2085	1
1516.83315	759.42385	2	80.3206	2
1517.73080	759.87270	2	62.8002	2
1517.73800	759.87625	2	70.3475	2
1517.80920	506.94365	3	76.8278	2
1518.79350	760.40400	2	84.3032	2
1518.92465	507.31550	3	63.2796	2
1520.72000	761.36725	2	77.8643	2
1520.73640	761.37545	2	53.3572	2
1523.86860	508.96345	3	77.1506	2
1523.88175	762.94815	2	90.2262	2
1524.74070	763.37760	2	72.2275	2
1525.76540	509.59570	3	63.8469	1
1526.73450	509.91875	3	35.1597	2
1526.73790	764.37625	2	35.2640	2
1527.71045	510.24405	3	36.5902	2
1527.82690	764.92070	2	68.7511	1
1528.79950	765.40705	2	72.9486	2
1528.80970	510.61050	3	69.8418	2
1529.66425	765.83940	2	39.4928	2
1529.84125	510.95435	3	64.3562	2
1529.85825	510.96000	3	79.6257	2
1530.15475	511.05885	3	39.4352	4
1530.77500	766.39480	2	76.6790	1
1530.80310	511.27495	3	66.8096	2
1531.77565	766.89510	2	66.0391	2
1531.80095	766.90775	2	68.8838	2
1531.81590	766.91525	2	85.3797	2
1532.77505	767.39480	2	74.2223	2
1532.80020	767.40740	2	72.1708	2
1532.82015	767.41735	2	82.2881	2
1533.72070	767.86760	2	71.7364	1
1533.74345	512.25510	3	36.3945	2
1533.74450	512.25540	3	50.4601	2
1533.74630	767.88045	2	68.5206	2
1533.79770	767.90615	2	97.2662	2
1533.80515	767.90985	2	75.7316	2
1535.67110	512.89760	3	38.4674	2
1535.67815	768.84635	2	60.5253	2
1535.78565	512.93585	3	68.6049	2
1537.72195	513.58125	3	79.6619	2
1537.79450	769.90450	2	76.7036	2
1538.65685	513.89285	3	49.6593	2
1538.82325	770.41890	2	78.8649	2
1540.80860	514.61010	3	63.4723	2
1540.82085	514.61425	3	47.8497	2
1541.78735	514.93635	3	58.4278	2
1541.78910	771.90180	2	58.5453	2
1541.80490	514.94220	3	59.7297	1
1541.81780	771.91620	2	69.7825	2
1541.82350	514.94840	3	76.0884	1
1541.83060	514.95080	3	75.7838	1
1541.83115	771.92285	2	75.6588	2
1542.77060	515.26410	3	54.2080	2
1542.79020	772.40240	2	61.9264	2
1542.83955	772.42705	2	93.0787	2
1544.75720	515.92630	3	47.9245	1
1546.69875	774.35665	2	66.9661	2
1547.77330	516.93170	3	54.3736	2
1547.81925	774.91690	2	70.9801	2
1547.83060	516.95080	3	58.6035	1
1547.83105	774.92280	2	58.6010	2
1548.77835	517.26670	3	71.3248	2
1548.77860	775.39655	2	71.2239	2
1548.80050	517.27410	3	61.3881	2
1548.92495	775.46975	2	80.2833	2
1549.74010	775.87730	2	63.3331	2
1549.74460	517.58880	3	63.1454	2
1549.82630	775.92045	2	73.4915	2
1550.68810	517.90330	3	34.6309	2
1550.74195	776.37825	2	51.6924	2
1550.76940	776.39200	2	57.9310	2
1550.77065	517.93085	3	57.8618	2
1551.71680	518.24620	3	37.6049	2
1551.76770	776.89115	2	68.3816	2
1551.77575	518.26585	3	40.2690	2
1551.84645	776.93050	2	90.2738	2
1552.73270	518.58480	3	67.5001	1
1553.83150	518.95110	3	81.1942	1
1553.83245	777.92350	2	81.1811	2
1554.79350	778.40400	2	80.4086	1
1555.73840	778.87645	2	72.4272	2
1555.75000	519.59060	3	52.1064	2
1555.76170	519.59450	3	55.8821	1
1555.79095	778.90275	2	83.4076	2
1555.84480	778.92970	2	82.4586	1
1555.88260	519.63480	3	77.8278	2
1556.84160	779.42810	2	91.1534	2
1557.78290	779.89875	2	80.0069	2
1557.83155	520.28445	3	72.8821	2
1558.77460	780.39455	2	67.7755	2
1559.75210	520.92465	3	71.5003	2
1559.75970	520.92715	3	78.3009	2
1559.83650	780.92550	2	86.3247	2
1560.30515	781.15985	2	79.2614	4
1560.83860	781.42660	2	86.1375	2
1561.78930	781.90190	2	76.7958	2
1561.83705	781.92580	2	87.8842	2
1562.77325	521.93170	3	67.3931	2
1563.80455	522.27545	3	73.9454	2
1563.80640	782.91050	2	73.7928	3
1564.71670	522.57950	3	53.7453	2
1564.71745	783.36600	2	53.8118	2
1564.74170	783.37815	2	56.3640	2
1565.78625	522.93605	3	58.1457	2
1565.83150	522.95110	3	67.1571	2
1567.82695	784.92075	2	82.0606	2
1567.89350	523.63840	3	65.8958	2
1569.87760	785.94605	2	77.0100	2
1569.91195	785.96325	2	87.4566	2
1570.74515	524.58900	3	52.4298	2
1570.80955	786.41205	2	59.6568	2
1572.78290	787.39870	2	59.0745	2
1572.83060	525.28410	3	79.0981	1
1572.83215	787.42335	2	79.1830	2
1573.76330	787.88890	2	66.1482	1
1573.82610	787.92030	2	81.3681	2
1574.71110	788.36285	2	71.6262	2
1576.27520	789.14490	2	71.8824	4
1576.75295	789.38375	2	75.4552	2
1577.76990	789.89225	2	72.4381	2
1577.78945	789.90200	2	76.1323	2
1578.26135	527.09440	3	72.9774	4
1578.83615	527.28600	3	70.9452	2
1578.85195	527.29125	3	56.9409	2
1578.87460	527.29880	3	83.5705	2
1578.87460	790.44460	2	83.6083	2
1580.69950	527.90710	3	41.7973	2
1580.80525	527.94235	3	62.5644	2
1580.86660	791.44060	2	95.1611	1
1580.93010	527.98395	3	75.9687	2
1581.76495	791.88975	2	66.6169	2
1582.84720	792.43085	2	78.4927	2
1584.74085	529.25425	3	67.0043	2
1585.68880	793.85165	2	64.4712	2
1585.82230	529.61470	3	65.7185	1
1587.36500	794.68980	2	86.3307	4
1587.85735	530.29305	3	65.1165	2
1588.72625	795.37040	2	71.1005	2
1589.82130	795.91790	2	84.2975	2
1590.76440	796.38945	2	78.8276	2
1590.79390	531.27190	3	86.4369	2
1590.79850	796.40655	2	82.0250	2
1591.74785	531.58990	3	44.8247	2
1591.74945	796.88200	2	44.8564	2
1591.80165	531.60780	3	59.1099	2
1591.80450	796.90950	2	59.3160	2
1591.86550	796.94005	2	86.9102	2
1592.82030	531.94740	3	67.4140	1
1592.82930	797.42190	2	70.6456	1
1592.91480	797.46465	2	72.7210	2
1593.74335	532.25505	3	55.4884	2
1593.74375	797.87915	2	55.5864	2
1593.81920	797.91690	2	83.7193	1
1593.94980	797.98220	2	82.4689	2
1594.74830	532.59000	3	71.5509	1
1595.80625	798.91040	2	92.3496	2
1595.86310	532.96165	3	50.8070	2
1596.69320	533.23830	3	34.3241	2
1596.69360	533.23850	3	37.2687	1
1596.69460	533.23880	3	37.3575	1
1596.76775	533.26320	3	53.3281	2
1597.86825	799.94140	2	70.6839	2
1597.88675	799.95065	2	81.5960	2
1598.83390	533.95190	3	82.7683	2
1598.84800	800.43130	2	82.6183	3
1599.78610	800.90035	2	43.8372	2
1599.84860	800.93160	2	75.0256	2
1599.88185	534.30120	3	63.5598	2
1599.89755	534.30645	3	77.4543	2
1600.78470	534.60220	3	64.6934	1
1600.84290	534.62155	3	64.9719	2
1600.86850	801.44155	2	64.5369	2
1601.72740	801.87100	2	52.9956	1
1602.74080	535.25420	3	61.3813	1
1602.80150	802.40800	2	76.9310	2
1602.86300	802.43875	2	73.3973	2
1603.81075	802.91265	2	81.4412	2
1604.74530	803.37995	2	64.8131	2
1604.78360	535.93515	3	68.7402	2
1606.76335	536.59505	3	70.2624	2
1606.87520	804.44490	2	81.1736	1
1607.79530	536.93900	3	48.7704	1
1607.84445	804.92950	2	85.4156	2
1607.90455	536.97545	3	80.1038	2
1609.83685	537.61955	3	89.1973	2
1609.83870	805.92665	2	89.2332	2
1610.72170	806.36815	2	66.0112	2
1610.78380	537.93520	3	65.8080	2
1610.90880	806.46165	2	98.0211	2
1610.97150	537.99775	3	71.3098	2
1611.79085	806.90270	2	65.5663	2
1612.85215	807.43335	2	85.0188	2
1612.85715	538.62630	3	70.6438	2
1612.86845	807.44150	2	89.4174	2
1612.90460	538.64215	3	77.2442	2
1613.85450	807.93450	2	83.0031	1
1613.90515	807.95985	2	81.2819	2
1614.84255	808.42855	2	77.6235	2
1615.75755	539.59310	3	57.9575	2
1615.85765	539.62650	3	73.2332	2
1616.73200	539.91790	3	48.2815	2
1616.78360	809.39910	2	75.2970	2
1617.78910	809.90185	2	45.2050	2
1619.81610	540.94600	3	66.0366	2
1620.81970	811.41710	2	76.7879	1
1620.86240	541.29475	3	86.4283	2
1620.86510	811.43985	2	86.4226	2
1621.82910	811.92180	2	84.8621	2
1621.87360	811.94405	2	71.2320	2
1622.76535	541.92905	3	38.8408	2
1622.76700	812.39080	2	38.9312	1
1622.79950	541.94045	3	81.8819	2
1622.82620	812.42040	2	68.5438	1
1623.86190	812.93820	2	87.9174	1
1625.77575	813.89515	2	78.0511	2
1625.77685	813.89570	2	81.2390	2
1626.85765	543.29315	3	57.6078	2
1626.85890	814.43670	2	57.6399	2
1627.74890	814.88175	2	67.8685	2
1627.78590	543.60260	3	50.2087	1
1628.79100	543.93760	3	95.0744	1
1628.79480	815.40465	2	94.9471	2
1628.81625	543.94600	3	56.9986	2
1628.81665	815.41560	2	57.0797	2
1629.78000	544.26725	3	56.6948	2
1629.87410	815.94435	2	69.9129	2
1629.88250	815.94850	2	89.1014	2
1630.84570	544.62250	3	82.2668	2
1631.88840	544.97010	3	73.9454	2
1631.92520	544.98230	3	71.8907	2
1631.92635	816.97045	2	71.9556	2
1632.77805	545.26660	3	46.8735	2
1633.84400	545.62190	3	79.8064	2
1633.85840	545.62675	3	62.2702	2
1634.80225	818.40840	2	63.0592	2
1634.88800	545.96990	3	53.9896	1
1635.82710	546.28300	3	82.0858	1
1636.93930	819.47690	2	92.0066	1
1638.84055	547.28745	3	75.9352	2
1639.87555	547.63245	3	77.9570	2
1639.87785	820.94620	2	78.0286	2
1639.88140	820.94795	2	95.2121	2
1640.84850	547.95675	3	47.6425	2
1641.77095	821.89275	2	74.7714	2
1641.88465	821.94960	2	84.5233	2
1642.69120	822.35290	2	47.5591	2
1642.80675	822.41065	2	59.6800	2
1642.85255	548.62480	3	48.8313	2
1642.85365	822.43410	2	48.8893	2
1642.88380	548.63520	3	79.6903	2
1643.78950	548.93710	3	47.5919	2
1643.82560	822.92010	2	45.3937	2
1643.82860	822.92155	2	75.3256	2
1643.84120	548.95430	3	67.1516	2
1644.84400	412.21830	4	42.8111	2
1645.90455	549.64210	3	67.7454	2
1646.83895	549.95355	3	61.8662	2
1646.84880	549.95690	3	72.2832	1
1647.87025	550.29735	3	82.5819	2
1648.79255	550.60480	3	44.5102	2
1648.96785	413.24925	4	58.6433	2
1648.96875	550.66355	3	58.6010	2
1649.93675	825.97565	2	77.2010	2
1651.90540	826.95995	2	88.6806	2
1651.92625	551.64935	3	85.1305	2
1651.92755	826.97105	2	85.0188	2
1653.87375	552.29850	3	76.2146	2
1653.92260	552.31480	3	76.7217	2
1654.78810	828.40135	2	71.1594	2
1654.82110	552.61430	3	78.3552	2
1654.89500	828.45480	2	81.4013	2
1655.76425	552.92870	3	49.4656	2
1655.85565	552.95915	3	64.6946	2
1657.81325	829.91390	2	88.8633	2
1657.91850	553.64680	3	83.4867	1
1658.79080	553.93750	3	54.8431	2
1658.83700	830.42580	2	79.3836	1
1659.91020	554.31065	3	79.1199	2
1659.91375	830.96415	2	79.1829	2
1660.74345	554.58840	3	65.4456	2
1660.84250	554.62145	3	62.7946	2
1660.84570	554.62250	3	65.3806	1
1661.90320	831.95890	2	78.4170	1
1662.80175	555.27450	3	52.3664	2
1662.82845	555.28340	3	70.2324	2
1662.82895	832.42175	2	70.1392	2
1662.89290	555.30490	3	77.0854	2
1663.79815	555.60665	3	72.1373	2
1664.77960	833.39710	2	83.9180	2
1664.81000	833.41230	2	79.4878	1
1664.84340	833.42900	2	73.5666	2
1664.86735	555.96305	3	65.0862	2
1665.89520	833.95490	2	76.7331	2
1666.86950	834.44200	2	77.3928	2
1666.87085	556.63085	3	77.2643	2
1666.87805	834.44630	2	81.1179	2
1666.91735	834.46595	2	82.7596	2
1667.81580	556.94585	3	58.4567	2
1667.86355	834.93905	2	77.6802	2
1668.81455	557.27875	3	57.8931	2
1669.85400	835.93430	2	71.9255	2
1670.83775	836.42615	2	96.6757	2
1670.88430	557.96870	3	55.6820	2
1671.71665	558.24615	3	51.2243	2
1672.72370	558.58185	3	43.3568	2
1673.90000	837.95725	2	76.9486	2
1674.88395	838.44925	2	92.1961	2
1674.88510	559.30230	3	60.6175	1
1676.81690	839.41570	2	67.7073	1
1677.81135	560.27775	3	71.0379	2
1678.00495	560.34225	3	65.9779	2
1679.87870	560.96685	3	75.4327	2
1681.82165	841.91810	2	76.1208	2
1681.89950	561.64045	3	80.6451	2
1681.90155	841.95805	2	80.5402	2
1682.80310	842.40885	2	87.8981	2
1682.89320	842.45385	2	79.3726	2
1683.88525	842.94990	2	77.4191	2
1684.91605	843.46530	2	81.2184	2
1685.91470	562.97880	3	65.6766	2
1686.87280	563.29820	3	64.0995	2
1687.92000	844.96730	2	88.2818	2
1688.73090	423.19000	4	32.4165	2
1688.87280	563.96490	3	58.6940	1
1688.87300	845.44380	2	83.8002	2
1688.87670	563.96620	3	83.8723	1
1689.22535	564.08240	3	33.2080	4
1689.84180	564.28785	3	58.9353	2
1689.85900	423.47200	4	66.0886	1
1690.96235	564.66140	3	64.2039	2
1691.80240	846.90845	2	65.6285	2
1692.81995	847.41725	2	84.1621	2
1692.96915	847.49185	2	90.9094	2
1693.93690	565.65290	3	63.7583	1
1694.80285	565.94155	3	50.6138	2
1694.83825	565.95335	3	48.2872	2
1695.32895	848.67175	2	69.9951	4
1696.77465	849.39460	2	63.6808	2
1696.84235	849.42845	2	86.4828	2
1696.90790	849.46125	2	85.6371	2
1696.90890	566.64360	3	85.7659	1
1697.90265	566.97485	3	77.9673	2
1697.90340	849.95895	2	77.9626	2
1698.00900	567.01030	3	82.8104	1
1698.01260	850.01360	2	82.8691	2
1698.88880	567.30350	3	81.9534	1
1698.89805	567.30660	3	84.8563	2
1698.89820	850.45635	2	84.8258	2
1698.90425	567.30870	3	59.0530	2
1699.84010	567.62065	3	83.1204	2
1699.86835	567.63005	3	76.1947	2
1700.88530	851.44990	2	66.7745	1
1700.91035	851.46245	2	80.7103	2
1701.86940	568.29710	3	61.3370	2
1703.73870	568.92020	3	62.2112	2
1703.81645	568.94610	3	61.0914	2
1704.72800	569.24995	3	28.1141	2
1704.72840	427.18940	4	28.1734	2
1704.91630	569.31270	3	71.1187	1
1705.83810	569.62000	3	47.4938	3
1705.83890	853.92675	2	47.5894	2
1705.88350	569.63510	3	69.7216	3
1705.88405	853.94930	2	69.8228	2
1705.92010	569.64730	3	67.6888	2
1706.88940	854.45195	2	88.7244	2
1706.90455	854.45955	2	83.6262	2
1706.90880	569.97690	3	85.5190	9
1707.40685	570.14285	3	77.0298	4
1707.89260	854.95360	2	94.1115	1
1707.97825	854.99640	2	79.1141	2
1709.98125	571.00100	3	76.3212	2
1710.02060	571.01415	3	80.5868	2
1712.88855	857.45155	2	67.0584	2
1712.93885	571.98685	3	69.1734	2
1714.90010	858.45730	2	63.0863	2
1714.90040	572.64070	3	62.9948	3
1714.90565	858.46010	2	71.0721	2
1717.86455	573.62880	3	72.3599	2
1717.86585	859.94020	2	72.3990	2
1717.87350	859.94400	2	84.0543	1
1721.76065	861.88760	2	38.9925	2
1722.87510	575.29900	3	75.9970	2
1722.89825	575.30670	3	76.5129	2
1723.02445	575.34875	3	69.9293	2
1723.02590	862.52025	2	69.9639	2
1724.87670	863.44560	2	82.6931	2
1724.91030	575.97740	3	66.7998	1
1724.94265	575.98815	3	80.8076	2
1725.82670	863.92060	2	67.4511	1
1725.95345	863.98400	2	86.3708	2
1726.01505	576.34565	3	82.4136	2
1726.84500	864.42980	2	85.3068	1
1728.78960	577.27050	3	63.9525	2
1728.93405	577.31860	3	59.9297	2
1729.00320	577.34165	3	82.9252	2
1730.75820	577.92670	3	65.1756	2
1730.89615	866.45535	2	73.3337	2
1731.04540	578.02240	3	89.3152	1
1733.87410	578.96530	3	76.0640	2
1735.78870	868.90160	2	79.3457	2
1735.87955	579.63380	3	79.2039	2
1735.96705	868.99080	2	98.1972	2
1736.84800	869.43125	2	80.8642	2
1736.84825	579.95670	3	80.8701	2
1737.92745	580.31640	3	78.9841	2
1738.80320	870.40890	2	69.0514	2
1738.81860	580.61345	3	60.5466	2
1738.82055	580.61415	3	66.2801	2
1739.84980	580.95720	3	70.5944	2
1739.95100	870.98280	2	85.4043	1
1742.87375	581.96520	3	67.9291	2
1743.80315	872.90885	2	68.1979	2
1743.81090	872.91275	2	51.4331	2
1743.86520	582.29570	3	49.7211	1
1745.91505	582.97895	3	74.2196	2
1746.80080	874.40770	2	90.4042	2
1748.87480	583.96550	3	63.4534	2
1749.86570	875.94015	2	62.4685	2
1750.00965	584.34380	3	56.7137	2
1750.01230	876.01340	2	56.7579	2
1752.98260	585.33480	3	86.8405	2
1752.98835	877.50145	2	86.7800	2
1755.86070	878.93765	2	71.3824	2
1755.92810	878.97130	2	72.4883	1
1756.89115	879.45285	2	79.8742	2
1756.89180	586.63790	3	79.9653	1
1757.92545	586.98245	3	74.6344	2
1758.79310	880.40385	2	49.6821	2
1758.83275	587.28485	3	77.8025	2
1759.84765	587.62315	3	66.3186	2
1759.91065	880.96260	2	88.8965	2
1760.92490	587.98220	3	80.8243	1
1760.93975	881.47715	2	88.5107	2
1761.89620	588.30600	3	74.2871	2
1762.84165	882.42810	2	76.7597	2
1762.89440	588.63875	3	57.9908	2
1763.83380	882.92415	2	62.3291	2
1763.92550	588.98240	3	84.3138	1
1764.32485	589.11555	3	63.4318	4
1766.94780	884.48115	2	84.6579	2
1767.03300	590.01830	3	82.1512	1
1767.82400	590.28195	3	65.2645	2
1767.97430	590.33205	3	89.4422	2
1768.90475	885.45965	2	80.4794	2
1769.01925	590.68035	3	81.0831	2
1770.00585	591.00920	3	74.5265	2
1770.87550	591.29910	3	57.6900	1
1771.91540	591.64575	3	76.0082	2
1772.33525	887.17490	2	77.5872	4
1774.88560	592.63580	3	59.1795	3
1774.88670	888.45065	2	59.2220	2
1776.89675	593.30615	3	67.6507	2
1777.32190	889.66825	2	64.6575	4
1778.99165	890.50310	2	72.5331	2
1780.40330	594.47505	3	53.9971	4
1782.87515	595.29900	3	76.3638	2
1784.88095	595.96760	3	62.8186	2
1784.88245	893.44850	2	62.8845	2
1784.91685	595.97955	3	55.8400	2
1785.88745	893.95100	2	88.7548	2
1788.91360	597.31180	3	37.1173	2
1789.93220	895.97335	2	82.6685	2
1791.84790	598.28990	3	50.2144	1
1792.90980	598.64385	3	62.3584	2
1793.88100	897.94780	2	90.2232	1
1793.92270	897.96860	2	84.9119	1
1794.81715	898.41585	2	64.1503	2
1794.85855	898.43655	2	82.2962	2
1794.98615	898.50035	2	80.0295	2
1796.85595	599.95925	3	74.8454	2
1796.87950	599.96710	3	84.4820	1
1796.97070	599.99750	3	85.0413	1
1796.98060	600.00080	3	71.5251	3
1798.88760	600.63645	3	48.9793	2
1799.93165	900.97310	2	100.5162	2
1799.93295	600.98495	3	100.4768	2
1803.92265	602.31480	3	50.6544	2
1804.86855	602.63010	3	66.5489	2
1804.96990	602.66390	3	78.9351	2
1804.97655	903.49555	2	79.2511	2
1805.36045	903.68750	2	66.0266	4
1805.87630	903.94540	2	78.4483	5
1806.03730	603.01970	3	72.5692	2
1806.82950	603.28380	3	62.6914	1
1806.90800	603.30990	3	84.7176	1
1809.91580	905.96515	2	73.6625	2
1809.99770	906.00615	2	73.8495	2
1813.94755	907.98105	2	84.1755	2
1814.80125	605.94100	3	80.5754	2
1814.96220	605.99470	3	66.7488	1
1814.96740	605.99640	3	66.7631	1
1815.94160	606.32115	3	72.9100	2
1816.88930	606.63700	3	79.4567	1
1817.86365	606.96180	3	70.1595	2
1817.90230	606.97470	3	50.2933	2
1820.86140	911.43795	2	59.8960	2
1820.89500	607.97225	3	73.3278	2
1820.91335	607.97840	3	79.5383	2
1821.06190	608.02790	3	84.4760	1
1821.84745	608.28975	3	80.9985	2
1821.89405	608.30525	3	53.6872	2
1823.89120	608.97100	3	84.3470	1
1823.90760	608.97650	3	68.9699	2
1825.86400	913.93925	2	56.3030	2
1825.86440	609.62870	3	56.2203	3
1825.89600	913.95525	2	67.8431	2
1827.94095	610.32090	3	74.5354	2
1827.96895	610.33025	3	66.2470	2
1827.97120	914.99285	2	66.1826	2
1828.91045	915.46250	2	84.7896	2
1828.95240	915.48345	2	74.1548	2
1832.00720	611.67630	3	73.2957	2
1832.91710	611.97965	3	76.9543	2
1832.92805	611.98325	3	61.5132	2
1833.90770	612.30980	3	77.7323	1
1833.93875	917.97665	2	80.7771	2
1833.97020	612.33065	3	88.4508	2
1835.79750	612.93975	3	60.2483	2
1836.04885	613.02355	3	74.0911	2
1838.11815	613.71330	3	74.5002	2
1838.95730	613.99305	3	64.6505	2
1839.99485	614.33885	3	65.0673	2
1840.89500	614.63890	3	78.5253	1
1841.01560	921.51510	2	70.7448	2
1841.01565	614.67915	3	70.8100	2
1841.85800	614.95990	3	50.1083	2
1842.93165	615.31780	3	66.4289	2
1842.97395	615.33190	3	72.3906	2
1844.89055	615.97080	3	63.8236	2
1844.91305	615.97830	3	68.1650	2
1845.99070	924.00260	2	86.8302	1
1845.99110	616.33765	3	86.7116	2
1846.79235	924.40345	2	72.8792	2
1846.93605	924.47530	2	75.6699	2
1846.96955	924.49205	2	85.5626	2
1849.95260	617.65810	3	86.0909	1
1852.02060	927.01760	2	83.7575	2
1853.92700	618.98295	3	61.7719	2
1856.86130	619.96105	3	55.4962	2
1856.87910	929.44680	2	83.4429	2
1860.94665	621.32285	3	89.6649	2
1860.95065	931.48260	2	89.6702	2
1861.00025	621.34070	3	76.2830	2
1861.98635	621.66940	3	83.7208	2
1862.81875	621.94685	3	60.9535	2
1862.87095	932.44275	2	87.7183	2
1863.99240	622.33805	3	88.9932	2
1864.88045	622.63410	3	73.7856	2
1866.01320	623.01170	3	82.3440	1
1867.84295	623.62160	3	54.5969	2
1868.83445	935.42450	2	64.4132	2
1872.89735	625.30640	3	54.3096	2
1873.94550	625.65575	3	76.7898	2
1873.96730	625.66300	3	72.7194	1
1875.87260	626.29815	3	71.7508	2
1880.97635	627.99940	3	63.6537	2
1882.97690	942.49570	2	71.9885	2
1883.88375	942.94915	2	76.5339	2
1883.92040	628.98070	3	71.4986	1
1884.87620	629.29930	3	67.7738	1
1885.87145	943.94300	2	66.6027	2
1885.91620	629.64600	3	84.7567	2
1885.91780	943.96615	2	84.7339	2
1886.90150	944.45805	2	69.7308	2
1886.90195	629.97460	3	69.6103	2
1888.00560	630.34245	3	81.9913	2
1890.93690	631.31960	3	70.6495	2
1890.94815	631.32330	3	74.8606	2
1892.06755	947.04105	2	83.7302	2
1893.94460	474.49345	4	57.3622	2
1893.96000	947.98730	2	86.1762	2
1893.97765	632.33315	3	59.1155	2
1895.89105	948.95280	2	73.3421	2
1899.87780	950.94615	2	71.1703	2
1902.89800	952.45630	2	80.5297	1
1903.93285	635.65155	3	78.2666	2
1904.96840	953.49150	2	77.9841	1
1904.97145	635.99775	3	75.6929	2
1904.97365	953.49410	2	75.7847	2
1909.97940	637.66710	3	71.8618	1
1909.98045	478.50240	4	71.8110	2
1909.99385	637.67190	3	76.3796	2
1910.17260	637.73145	3	79.8146	2
1911.89125	956.95290	2	73.7019	2
1911.99885	638.34020	3	82.1292	2
1912.00245	957.00850	2	82.0906	2
1912.91335	638.64505	3	34.1055	2
1912.99035	638.67070	3	74.7119	2
1913.09890	638.70690	3	71.4510	2
1914.98030	639.33405	3	69.5545	2
1915.05390	479.77075	4	75.3081	2
1918.85340	640.62505	3	47.5055	2
1920.96630	641.32940	3	61.8866	1
1920.99825	641.34005	3	83.0898	2
1921.93620	961.97540	2	96.5114	2
1923.96090	642.32760	3	73.1963	1
1924.02260	642.34810	3	78.5893	2
1926.99915	643.34030	3	90.4666	2
1930.94570	644.65580	3	83.8031	1
1932.83830	645.28670	3	58.4518	2
1932.84180	967.42820	2	58.5564	1
1934.07320	645.69835	3	87.1871	2
1935.08025	646.03400	3	79.5540	2
1935.93190	646.31790	3	66.0645	2
1937.92600	969.97030	2	92.6052	2
1937.94545	646.98910	3	79.2697	2
1938.95395	970.48425	2	80.5243	2
1939.01810	647.34660	3	75.3953	2
1941.88140	648.30105	3	58.2628	2
1941.98690	648.33620	3	84.9961	3
1942.04345	648.35505	3	76.8878	2
1942.84295	648.62160	3	61.2707	2
1942.96410	972.48930	2	86.8025	1
1944.98185	649.33455	3	67.2123	2
1945.89505	649.63895	3	66.8571	2
1947.92320	974.96890	2	54.8849	1
1947.98565	650.33585	3	80.8288	2
1947.98595	975.00025	2	80.7682	2
1950.98035	651.33405	3	72.2331	2
1951.99700	977.00580	2	88.0147	2
1953.94460	652.32210	3	75.0465	1
1954.89540	978.45495	2	81.4925	2
1955.93965	652.98715	3	59.5601	2
1956.05935	653.02705	3	81.8333	2
1956.99320	979.50390	2	76.0952	2
1961.05095	654.69090	3	88.3282	2
1961.05150	981.53300	2	88.2526	2
1963.04610	655.35595	3	75.7372	2
1966.93810	656.65330	3	75.1227	2
1970.98245	658.00140	3	61.1528	2
1973.06965	658.69715	3	60.0647	2
1978.89845	660.64010	3	37.2096	2
1979.03465	660.68550	3	87.4203	2
1984.03030	993.02245	2	79.5990	2
1985.95905	993.98680	2	73.2417	2
1988.04835	663.69005	3	71.5000	2
1989.02565	664.01580	3	74.4418	2
1992.05820	665.02670	3	79.8829	2
1994.00660	998.01055	2	93.8477	2
2002.98570	668.66920	3	67.7537	2
2003.03490	668.68560	3	89.0359	1
2003.03660	1002.52560	2	89.2497	1
2004.09195	669.03790	3	79.0583	2
2009.03715	670.68630	3	58.7960	2
2009.08425	670.70200	3	77.0529	2
2009.99350	1006.00405	2	92.1703	2
2016.99250	1009.50355	2	80.2326	2
2019.06960	674.03050	3	94.2826	1
2024.89610	1013.45530	2	56.4616	1
2026.12155	1014.06805	2	85.8875	2
2031.02890	678.01690	3	87.4777	2
2032.91520	1017.46490	2	83.3996	1
2033.06250	678.69475	3	72.8113	2
2035.86070	679.62750	3	58.0263	2
2037.04270	680.02150	3	65.5049	2
2041.07710	681.36630	3	79.9402	2
2042.46845	681.83010	3	73.5479	4
2043.01150	682.01110	3	82.2238	2
2043.01395	1022.51425	2	82.3461	2
2047.98170	683.66785	3	48.1429	2
2048.95995	683.99390	3	76.4690	2
2049.04500	684.02230	3	87.0497	1
2058.08280	1030.04870	2	97.0706	1
2059.00590	687.34260	3	77.2352	2
2059.93060	687.65080	3	67.9096	2
2059.96960	1030.99210	2	84.5658	2
2060.06930	687.69700	3	86.6752	1
2064.96145	1033.48800	2	84.4656	2
2067.99035	690.33735	3	69.0262	2
2070.95840	1036.48645	2	72.4911	2
2073.08620	692.03600	3	76.2539	2
2075.07930	692.70040	3	72.1227	1
2076.04980	693.02385	3	67.6504	2
2078.06605	693.69595	3	78.6476	2
2079.02980	694.01720	3	74.1292	2
2080.10095	521.03255	4	70.5325	2
2080.10275	694.37485	3	70.8117	2
2086.04040	1044.02750	2	88.4748	2
2092.08685	698.36955	3	74.0970	2
2093.97975	1047.99715	2	86.0392	2
2094.94420	699.32200	3	51.3063	2
2095.00590	699.34260	3	69.3664	1
2104.07150	702.36440	3	72.9508	3
2106.02230	703.01470	3	71.2607	2
2114.13110	705.71765	3	95.2814	2
2119.05175	707.35785	3	64.2152	2
2126.14355	1064.07905	2	77.7395	2
2131.17985	711.40055	3	83.4760	2
2137.12390	713.38190	3	70.1802	2
2143.09350	715.37180	3	81.5334	2
2148.10745	717.04305	3	61.5444	2
2156.01555	719.67915	3	65.7172	2
2169.12305	724.04825	3	76.3391	2
2170.02990	724.35055	3	76.1579	2
2177.94500	545.49350	4	44.5307	1
2180.98110	728.00095	3	66.9486	2
2190.06300	731.02830	3	74.9492	1
2190.06800	1096.04125	2	74.8344	2
2201.11710	734.71295	3	73.5469	2
2205.01460	736.01210	3	71.8170	2
2205.10340	1103.55900	2	99.1031	2
2227.05275	743.35820	3	55.3990	2
2227.05285	1114.53370	2	55.4287	2
2250.02065	751.01415	3	46.6277	2
2269.26110	757.42765	3	83.1114	2
2279.05640	760.69270	3	68.9135	2
2282.08470	761.70215	3	64.2372	2
2291.01780	764.67985	3	67.5883	2
2291.02015	1146.51735	2	67.5246	2
2295.09740	766.03970	3	79.9431	2
2297.12575	766.71585	3	70.0849	2
2298.11300	767.04490	3	52.7977	1
2299.15600	767.39260	3	64.7930	1
2317.08520	773.36900	3	42.3635	1
2376.09980	793.04050	3	51.5624	2
2379.16445	595.79840	4	63.1080	2
2389.99085	797.67090	3	62.0877	2
2391.19030	1196.60245	2	95.6328	2
2401.30275	801.44150	3	82.1936	2
2416.24110	806.42100	3	84.5659	2
2427.24070	607.81750	4	60.9183	1
2435.25770	812.75980	3	65.7877	2
2440.34610	814.45595	3	91.5025	2
2460.19600	821.07260	3	85.6093	2
2525.29930	842.77370	3	86.1898	1
2532.23500	845.08560	3	74.3521	2
2549.47120	850.83100	3	83.5596	2
2549.47270	638.37550	4	83.5136	3
2620.21715	656.06155	4	65.3309	2
2643.33810	882.12000	3	86.8880	1
2804.28125	935.76765	3	77.5230	2
3208.56005	803.14730	4	70.6263	2
3536.67065	1179.89745	3	84.5290	2
