mono_mass	mz	charge	rt	n_psm
798.41285	400.21370	2	38.2279	2
798.48515	400.24985	2	57.5716	2
798.49000	400.25230	2	32.4995	1
799.45495	400.73475	2	49.2927	2
800.43865	401.22660	2	43.8196	2
800.43920	401.22690	2	40.2158	3
800.45465	401.23460	2	51.2871	2
801.43515	401.72485	2	36.5151	2
801.53290	401.77370	2	44.4580	2
802.38360	402.19905	2	38.6395	2
802.45950	402.23700	2	59.2127	1
802.49865	402.25660	2	61.6230	2
805.40785	403.71120	2	45.0206	2
805.44485	403.72975	2	51.3582	2
806.39545	404.20500	2	37.3957	2
806.45400	404.23430	2	60.3683	1
806.45490	404.23470	2	50.5750	2
807.41205	404.71335	2	39.8969	2
808.36415	405.18935	2	36.5732	2
808.39810	405.20630	2	49.4970	1
808.43930	405.22690	2	35.6675	1
808.44060	405.22760	2	35.6454	1
811.35425	406.68440	2	37.3284	2
811.49160	406.75305	2	49.7754	2
812.42295	407.21875	2	42.6388	2
812.43940	407.22700	2	39.9585	2
812.47555	407.24505	2	60.2146	2
812.48660	407.25060	2	44.5892	2
812.51160	407.26305	2	49.0628	2
813.43420	407.72440	2	33.4401	1
814.45455	408.23460	2	34.2419	2
814.45530	408.23490	2	51.6818	2
814.51630	408.26545	2	58.6220	2
815.43990	408.72725	2	38.5541	2
815.45030	408.73240	2	35.5705	1
815.46835	408.74145	2	56.6225	2
815.47460	408.74455	2	42.0584	2
815.47615	408.74535	2	46.4235	2
815.49765	408.75610	2	37.6523	2
815.51215	408.76335	2	46.1901	2
816.38405	409.19930	2	51.4698	2
816.44940	409.23195	2	66.2140	2
816.47045	409.24250	2	37.4031	2
817.42960	409.72210	2	34.4982	2
817.45420	409.73440	2	40.3216	1
817.48100	409.74780	2	66.6505	2
818.44025	410.22740	2	52.8872	2
818.48995	410.25225	2	73.6074	2
819.39155	410.70305	2	34.8907	2
819.41660	410.71560	2	39.8897	1
819.43055	410.72255	2	62.8867	2
820.43330	411.22395	2	38.8264	2
820.45570	411.23510	2	33.0333	1
820.46970	411.24210	2	45.6369	2
820.48845	411.25150	2	71.4427	2
821.42870	411.72160	2	40.5287	1
821.44770	411.73110	2	33.3153	2
822.39120	412.20290	2	30.9932	4
822.42385	412.21920	2	36.7036	2
822.42415	412.21935	2	42.6891	2
823.41855	412.71655	2	36.0767	2
823.42575	412.72015	2	54.6633	2
823.44405	412.72930	2	45.0821	2
824.54805	413.28130	2	70.9347	2
826.49110	414.25285	2	42.1666	2
826.49135	414.25295	2	39.6251	2
826.52715	414.27085	2	49.8321	2
826.52795	414.27125	2	69.4520	2
827.48675	414.75065	2	48.8316	2
828.41490	415.21470	2	31.4732	1
828.44490	415.22980	2	39.7895	3
828.44915	415.23185	2	59.1696	2
828.47530	415.24495	2	38.5269	2
828.50770	415.26120	2	51.3421	1
828.50810	415.26130	2	51.3711	1
829.45540	415.73500	2	45.8312	1
829.46390	415.73925	2	41.6433	2
829.46550	415.74000	2	34.4320	2
829.49135	415.75295	2	39.3359	2
829.49140	415.75295	2	55.7512	2
829.50205	415.75835	2	36.3310	2
829.50280	415.75865	2	50.6320	2
830.45100	416.23280	2	40.2460	1
830.48710	416.25080	2	48.2473	1
831.40470	416.70960	2	36.9739	1
831.46955	416.74205	2	35.0661	2
831.46985	416.74220	2	48.6814	2
831.49660	416.75560	2	61.8230	1
831.49665	416.75560	2	69.6288	2
832.39330	417.20395	2	34.2877	2
832.42890	417.22175	2	45.1370	2
833.43245	417.72350	2	44.9030	2
834.43485	418.22470	2	37.7803	2
835.44450	418.72950	2	43.2882	3
836.38940	419.20195	2	40.3561	2
836.40225	419.20840	2	41.3031	2
836.44065	419.22760	2	56.5200	2
836.44090	419.22770	2	43.4563	1
837.40295	419.70875	2	48.1395	2
837.40580	419.71020	2	54.4215	2
838.41795	420.21625	2	37.3054	2
839.42960	420.72210	2	55.1062	1
839.58505	420.79980	2	72.9575	2
840.47025	421.24240	2	42.9890	2
840.54295	421.27875	2	59.5465	2
840.54320	421.27885	2	74.6388	2
841.46635	421.74045	2	40.8717	2
841.50340	421.75900	2	50.5597	1
842.42810	422.22135	2	47.9579	2
842.46180	422.23815	2	39.6870	2
842.48480	422.24965	2	52.2394	2
842.48710	422.25080	2	42.3419	2
842.48770	422.25110	2	38.3759	2
842.52235	422.26845	2	70.7121	2
842.52250	422.26850	2	49.3331	2
842.53400	422.27425	2	34.2494	2
843.45040	422.73250	2	39.2486	2
843.47140	422.74300	2	39.6261	1
843.48160	422.74805	2	44.6946	2
843.48205	422.74830	2	46.7572	2
843.54345	422.77900	2	63.0584	2
844.45530	423.23495	2	53.9600	2
844.46490	423.23975	2	35.1879	2
845.46015	423.73735	2	37.3648	2
845.46170	423.73815	2	44.1797	2
845.46475	423.73965	2	67.0664	2
845.48640	423.75050	2	52.7559	1
845.51220	423.76340	2	64.9672	2
845.53805	423.77630	2	75.9881	2
846.39880	424.20665	2	36.8657	2
846.42745	424.22100	2	42.8397	2
846.43745	424.22600	2	48.9542	2
846.44885	424.23170	2	61.0241	2
847.42250	424.71850	2	43.7540	1
847.44410	424.72930	2	40.7877	1
847.48045	424.74750	2	45.5848	2
848.43955	425.22705	2	41.9106	2
848.43975	425.22715	2	53.1843	2
848.44450	425.22955	2	36.4466	2
849.42070	425.71760	2	46.9044	1
849.44240	425.72850	2	52.7188	1
850.35580	426.18520	2	37.6281	2
850.45445	426.23455	2	46.5656	2
850.50255	426.25860	2	39.4610	2
851.40225	426.70840	2	35.3065	2
851.42200	426.71830	2	45.7296	2
851.43880	426.72670	2	37.0205	2
853.36090	427.68770	2	36.7848	2
854.46120	428.23790	2	39.9585	2
855.51760	428.76610	2	51.5098	1
856.43310	429.22385	2	64.3027	2
856.46985	429.24220	2	50.2835	2
856.51235	429.26345	2	48.5428	2
856.51660	429.26555	2	45.8195	2
856.53920	429.27690	2	57.7325	2
857.44180	429.72820	2	39.7453	1
857.46160	429.73810	2	40.2383	2
857.46295	429.73875	2	42.6011	2
857.49570	429.75510	2	46.5953	2
857.49675	429.75565	2	55.0623	2
858.45655	430.23555	2	44.3218	2
858.46160	430.23810	2	37.8775	3
858.46980	430.24220	2	48.5009	1
858.46990	430.24225	2	43.6208	2
859.43650	430.72550	2	40.0089	1
859.46500	430.73980	2	38.0048	1
859.46535	430.73995	2	47.0457	2
859.50150	430.75800	2	66.0533	1
860.42430	431.21940	2	36.0273	2
860.44255	431.22855	2	45.3284	2
860.46075	431.23765	2	33.5685	2
861.44435	431.72945	2	44.7039	2
861.47120	431.74290	2	60.5144	1
861.47130	431.74295	2	47.8121	2
861.49950	431.75700	2	48.9638	1
861.50720	431.76085	2	75.2585	2
862.38550	432.20000	2	39.2225	1
862.41890	432.21670	2	36.3504	1
863.45090	432.73270	2	34.8857	2
863.45090	432.73270	2	49.4768	2
863.45695	432.73575	2	58.7496	2
864.41930	433.21690	2	49.9421	2
864.43495	433.22475	2	53.0713	2
864.50690	433.26075	2	63.8318	2
865.41430	433.71445	2	39.7472	2
865.50180	433.75820	2	35.4834	1
866.41240	434.21345	2	40.5137	2
866.49795	434.25625	2	42.4660	2
867.41535	434.71495	2	50.2312	2
867.43365	434.72410	2	39.1381	2
868.45900	435.23675	2	37.7793	2
868.51350	435.26405	2	32.4143	2
869.49675	435.75570	2	34.3345	2
869.53345	435.77400	2	59.8830	2
869.53385	435.77420	2	52.7033	2
869.55900	435.78675	2	66.8093	2
870.43700	436.22580	2	33.6953	1
870.44855	436.23155	2	54.6353	2
870.48100	436.24775	2	43.0374	2
870.51725	436.26590	2	58.1211	2
870.55370	436.28410	2	51.0580	2
871.44335	436.72895	2	38.3837	2
871.45105	436.73280	2	40.9017	2
871.53910	436.77680	2	59.4357	2
872.47455	437.24455	2	39.6870	2
872.49645	437.25550	2	56.1793	2
872.49690	437.25570	2	42.2048	2
872.51000	437.26230	2	36.6592	1
872.51505	437.26480	2	63.7030	2
873.46140	437.73800	2	46.1441	1
873.47375	437.74415	2	50.7533	2
873.48040	437.74745	2	48.7155	2
873.49555	437.75505	2	67.3394	2
874.43300	438.22375	2	44.8726	2
874.45855	438.23655	2	50.0858	2
874.46655	438.24055	2	42.9840	2
874.46895	438.24175	2	35.5968	2
874.47800	438.24630	2	36.5016	1
875.52285	438.76870	2	60.9662	2
875.52295	438.76875	2	50.2912	2
876.41270	439.21360	2	39.3768	3
876.43480	439.22470	2	48.2529	2
876.43800	439.22630	2	68.4247	1
876.44580	439.23020	2	37.9569	2
876.47160	439.24310	2	50.4242	3
876.48020	439.24740	2	54.1352	2
876.49565	439.25510	2	67.7444	2
877.42950	439.72200	2	43.4327	1
877.45390	439.73420	2	65.2003	1
877.45490	439.73470	2	37.2746	2
877.46595	439.74025	2	42.7208	2
877.46610	439.74035	2	49.8827	2
877.51005	439.76230	2	69.8143	2
878.48580	440.25020	2	50.5178	1
878.48630	440.25045	2	54.7851	2
879.39730	440.70595	2	34.5927	2
879.41970	440.71710	2	40.3760	1
880.42950	441.22200	2	43.5329	2
880.54910	441.28185	2	53.6097	2
881.51590	441.76520	2	55.3678	1
882.52880	442.27170	2	39.1774	2
883.51270	442.76360	2	39.6157	1
883.53760	442.77610	2	58.7418	2
883.53830	442.77640	2	51.3285	2
883.56025	442.78740	2	38.9571	2
884.44090	443.22775	2	44.2866	2
884.54420	443.27935	2	54.4087	2
884.56960	443.29210	2	73.8975	2
884.57195	443.29325	2	59.3052	2
885.42555	443.72010	2	39.0567	2
885.44475	443.72965	2	34.8780	2
885.48990	443.75220	2	35.4410	1
885.49190	443.75320	2	51.6230	2
885.55315	443.78385	2	64.9023	2
886.40700	444.21080	2	53.6512	1
886.48720	444.25090	2	42.6083	2
886.51270	444.26360	2	48.3342	2
886.51950	444.26700	2	41.0440	1
886.52400	444.26930	2	45.5168	2
887.46025	444.73740	2	36.3533	2
887.49200	444.75330	2	41.4376	1
889.45885	445.73670	2	51.1713	2
889.46570	445.74010	2	48.4422	2
889.47670	445.74565	2	41.4823	2
889.48460	445.74960	2	70.0355	2
890.50425	446.25940	2	44.8932	2
891.44480	446.72965	2	49.7062	2
891.44870	446.73165	2	46.6524	2
891.48215	446.74835	2	62.9510	2
891.50625	446.76040	2	66.3279	2
892.44025	447.22740	2	40.3289	2
892.48360	447.24905	2	76.6883	2
893.45850	447.73650	2	46.0004	6
893.46160	447.73810	2	42.7942	1
893.46250	447.73850	2	41.3942	1
893.60625	447.81040	2	75.5146	2
894.45570	448.23515	2	34.2133	2
894.50350	448.25900	2	31.7060	1
895.44760	448.73110	2	59.8483	2
895.46535	448.73995	2	41.4897	2
895.48020	448.74740	2	62.9122	1
896.41690	449.21575	2	37.7869	2
896.53370	449.27410	2	54.9077	2
897.40500	449.70980	2	66.5859	2
897.50330	449.75895	2	33.7629	2
898.40730	450.21095	2	66.1526	2
898.42180	450.21820	2	42.3570	2
898.47980	450.24720	2	57.9314	1
898.48710	450.25080	2	35.3371	2
898.49035	450.25250	2	44.6159	2
898.54905	450.28180	2	66.8383	2
898.55990	450.28725	2	55.3385	2
899.43820	450.72640	2	53.8648	2
899.45100	450.73280	2	40.9541	2
899.50890	450.76170	2	56.1003	1
899.51530	450.76490	2	60.2640	2
900.46145	451.23800	2	41.4974	2
900.49080	451.25270	2	41.3350	2
900.49190	451.25325	2	52.9542	2
900.50275	451.25865	2	50.8973	2
900.53905	451.27680	2	44.0552	2
901.41230	451.71345	2	49.4472	2
901.43330	451.72395	2	39.3948	2
901.47600	451.74530	2	58.6913	2
901.48590	451.75025	2	33.7084	2
901.48660	451.75060	2	46.8942	2
901.52405	451.76930	2	42.6890	2
902.41300	452.21380	2	48.1102	2
902.48105	452.24780	2	39.8175	2
902.49600	452.25530	2	40.5635	1
902.50700	452.26080	2	46.4423	1
903.48120	452.74790	2	53.2861	2
903.52880	452.77165	2	42.3546	2
903.54305	452.77880	2	68.8827	2
904.44275	453.22865	2	31.2948	2
904.53780	453.27615	2	63.1211	2
905.45250	453.73350	2	65.6001	2
905.45315	453.73385	2	44.1277	2
905.46070	453.73770	2	32.5979	3
906.46770	454.24110	2	32.1395	1
906.49960	454.25710	2	36.6014	1
906.51725	454.26590	2	48.4213	2
907.45165	454.73310	2	37.3363	2
907.50080	454.75770	2	55.1365	3
907.50170	454.75810	2	48.8806	1
908.43005	455.22230	2	49.6893	2
908.50620	455.26040	2	55.0243	1
908.53360	455.27410	2	40.7274	1
908.56855	455.29155	2	57.0965	2
909.42630	455.72040	2	55.5636	2
911.38060	456.69755	2	34.0479	2
911.47525	456.74490	2	60.7611	2
911.48940	456.75200	2	43.2530	2
911.58035	456.79745	2	58.2291	2
912.56500	457.28980	2	64.2932	2
913.44855	457.73160	2	41.8461	2
913.47340	457.74400	2	71.3078	1
913.48690	457.75075	2	47.7777	2
913.54775	457.78115	2	53.9754	2
913.55990	457.78725	2	39.2641	2
914.50805	458.26130	2	41.1363	2
914.51830	458.26645	2	46.4469	2
916.49795	459.25625	2	37.8019	2
917.48115	459.74785	2	38.4349	2
918.48420	460.24940	2	53.7176	2
918.49180	460.25320	2	64.2050	2
918.51825	460.26640	2	63.0921	2
918.51835	460.26645	2	57.0469	2
919.40720	460.71090	2	61.5345	2
919.44325	460.72890	2	47.8961	2
919.48695	460.75075	2	52.8805	2
919.50375	460.75915	2	52.9716	2
919.51225	460.76340	2	47.1500	2
919.51515	460.76490	2	57.4714	2
919.52175	460.76815	2	64.7161	2
920.49785	461.25620	2	47.2689	2
921.44560	461.73010	2	40.9792	3
921.44600	461.73030	2	37.5239	2
921.55350	461.78400	2	61.7535	2
922.43790	462.22625	2	49.9966	2
922.45220	462.23340	2	38.6317	1
923.43475	462.72465	2	44.0650	2
923.47245	462.74350	2	41.0746	2
923.49390	462.75420	2	50.7878	2
923.58000	462.79730	2	77.8802	1
924.43110	463.22280	2	38.0285	2
924.43785	463.22620	2	48.4494	2
924.53925	463.27690	2	52.7999	2
924.56410	463.28935	2	55.5950	2
925.46980	463.74220	2	79.1677	2
926.51830	464.26645	2	39.1724	2
926.57980	464.29720	2	60.4034	2
926.59105	464.30280	2	61.4817	2
927.37510	464.69480	2	29.5218	2
927.44550	464.73005	2	46.9197	2
927.56350	464.78900	2	82.9131	2
928.45455	465.23455	2	50.9877	2
928.51590	465.26520	2	42.0284	2
928.52290	465.26875	2	51.8362	2
928.53425	465.27440	2	50.1672	2
928.55920	465.28685	2	57.0784	2
928.55955	465.28705	2	62.7061	2
929.45610	465.73530	2	38.4697	2
929.45675	465.73565	2	30.1505	2
929.47990	465.74725	2	37.0474	2
929.50005	465.75730	2	53.3687	2
929.51220	465.76340	2	48.6498	2
929.51805	465.76630	2	43.1556	2
929.51845	465.76650	2	36.2587	2
929.51895	465.76675	2	41.1082	2
930.42350	466.21900	2	60.9739	2
930.44160	466.22810	2	32.6870	2
930.46555	466.24005	2	35.2715	2
930.51730	466.26595	2	64.6846	2
930.53925	466.27690	2	38.1780	2
931.46965	466.74210	2	36.0238	2
931.48575	466.75015	2	49.0704	2
931.50200	466.75830	2	55.9848	2
931.51270	466.76365	2	58.0010	2
931.53435	466.77445	2	67.7179	2
932.46355	467.23905	2	39.0491	2
932.54445	467.27950	2	42.2850	2
933.43755	467.72605	2	31.4197	2
933.45580	467.73520	2	37.4217	2
933.46465	467.73960	2	51.4374	2
933.48455	467.74955	2	51.8362	2
933.50370	467.75910	2	52.6109	2
933.52830	467.77145	2	56.3882	2
933.53995	467.77725	2	32.9894	2
934.41625	468.21540	2	40.2030	2
934.45110	468.23285	2	39.5105	2
934.48420	468.24940	2	43.0331	1
934.48610	468.25035	2	43.3896	2
934.48705	468.25080	2	33.5047	2
934.48780	468.25120	2	55.2507	2
934.51265	468.26360	2	58.4433	2
934.52370	468.26915	2	59.5782	2
935.47060	468.74260	2	45.2652	2
935.47155	468.74305	2	60.3876	2
935.48900	468.75180	2	61.7635	1
937.41425	469.71440	2	34.7426	2
937.48700	469.75075	2	40.8692	2
937.51240	469.76350	2	57.8433	1
938.43400	470.22430	2	37.8976	2
939.48160	470.74805	2	80.2264	2
939.51435	470.76445	2	32.4560	2
939.54985	470.78220	2	55.9243	2
939.56370	470.78915	2	80.7377	2
940.44400	471.22930	2	45.3259	2
940.52660	471.27060	2	61.9618	2
940.53350	471.27400	2	34.5244	1
941.42260	471.71860	2	45.8608	1
941.43435	471.72445	2	38.7071	2
941.46390	471.73925	2	50.1979	2
941.55580	471.78515	2	50.9074	2
941.56545	471.79000	2	61.8084	2
941.57925	471.79690	2	66.5544	2
941.60585	471.81020	2	79.3099	2
942.50240	472.25850	2	36.1339	2
942.51300	472.26380	2	48.3862	2
942.51320	472.26385	2	43.7393	2
943.44780	472.73120	2	61.1476	2
943.46375	472.73915	2	35.9160	2
943.48850	472.75150	2	43.9217	1
943.49735	472.75595	2	35.6859	2
943.52355	472.76905	2	62.5818	2
944.42400	473.21925	2	37.4866	2
944.43150	473.22305	2	63.5042	2
944.49270	473.25360	2	43.3607	2
944.51125	473.26290	2	63.9034	2
944.51855	473.26655	2	45.6132	2
944.51890	473.26670	2	48.1662	2
944.52870	473.27165	2	49.6263	2
944.55450	473.28455	2	54.7899	2
944.56990	473.29225	2	78.6830	2
945.45925	473.73695	2	77.0451	2
945.51240	473.76350	2	40.8691	2
945.54870	473.78165	2	58.7623	2
946.50765	474.26110	2	49.9756	2
946.50910	474.26180	2	37.1927	1
946.51305	474.26380	2	46.2097	2
946.52730	474.27090	2	69.5099	1
946.53385	474.27420	2	38.1491	2
946.54820	474.28135	2	74.1020	2
947.51485	474.76470	2	71.3310	2
948.46670	475.24060	2	53.0996	2
948.46690	475.24075	2	44.4983	2
949.48700	475.75080	2	54.3619	2
949.49105	475.75280	2	86.7049	2
949.52740	475.77100	2	79.4784	2
950.45370	476.23410	2	50.4504	2
950.48145	476.24800	2	46.9847	2
950.48155	476.24805	2	49.2455	2
950.48665	476.25060	2	73.4833	2
950.50165	476.25810	2	59.4875	2
950.50735	476.26095	2	51.8886	2
951.49095	476.75280	2	60.1405	2
951.51760	476.76610	2	80.0930	2
952.44950	477.23200	2	47.3945	2
952.45010	477.23235	2	43.2690	2
952.46820	477.24135	2	51.0703	2
952.53500	477.27475	2	42.3736	2
954.44475	478.22965	2	52.6751	2
955.53460	478.77455	2	62.8579	2
955.57010	478.79235	2	61.1526	2
956.50340	479.25895	2	38.5462	2
956.51620	479.26535	2	36.8291	2
956.52885	479.27175	2	47.1039	2
956.52925	479.27190	2	53.5477	2
956.52990	479.27220	2	44.3079	3
956.53530	479.27490	2	66.2990	1
956.57950	479.29700	2	77.5218	2
957.48805	479.75130	2	34.4396	4
957.51530	479.76490	2	44.1993	1
957.51590	479.76520	2	48.2202	1
957.52470	479.76960	2	41.0627	1
957.52995	479.77225	2	48.7154	2
957.56015	479.78735	2	48.4780	2
957.59710	479.80580	2	47.6352	2
958.48790	480.25125	2	56.4870	2
958.50905	480.26180	2	56.8015	2
959.50880	480.76170	2	41.1437	3
959.53010	480.77230	2	42.9135	2
959.53295	480.77375	2	68.9656	2
959.55460	480.78460	2	58.0405	2
960.45020	481.23240	2	35.2594	2
960.46310	481.23880	2	31.7061	2
960.47530	481.24490	2	42.1031	1
960.50415	481.25935	2	46.8108	2
960.51315	481.26385	2	39.4226	2
960.53130	481.27295	2	57.5982	2
960.53895	481.27675	2	61.4443	2
961.45435	481.73445	2	33.9773	2
961.50870	481.76160	2	41.5020	1
962.47360	482.24405	2	45.8833	2
962.47435	482.24445	2	47.9930	2
962.50620	482.26040	2	62.4850	2
962.51880	482.26670	2	55.6556	2
962.53840	482.27645	2	86.1403	2
963.44470	482.72965	2	54.6707	2
963.50190	482.75820	2	40.3213	2
963.50665	482.76060	2	34.4107	2
963.55390	482.78425	2	74.6983	2
964.46185	483.23820	2	38.2794	2
964.48035	483.24745	2	69.2289	2
964.49715	483.25585	2	43.1370	2
964.52280	483.26870	2	54.2863	2
965.44460	483.72955	2	41.5424	2
965.44605	483.73030	2	35.0145	2
965.45650	483.73550	2	43.9078	1
965.45990	483.73725	2	37.8444	2
965.48215	483.74835	2	60.7269	2
965.62820	483.82140	2	82.3830	1
966.46525	484.23990	2	41.9316	2
966.46570	484.24010	2	36.5806	2
966.47380	484.24420	2	44.6916	2
966.50410	484.25940	2	44.8092	1
966.52475	484.26965	2	46.9796	2
967.47905	484.74680	2	58.0332	2
967.51870	484.76660	2	29.3064	1
967.52380	484.76915	2	47.6618	2
967.54560	484.78005	2	36.8839	2
967.58170	484.79810	2	56.7125	2
968.52730	485.27095	2	37.4030	2
968.52900	485.27175	2	49.1847	2
969.43125	485.72290	2	39.7099	2
969.48820	485.75140	2	40.4419	2
969.51260	485.76360	2	47.2989	1
969.52550	485.77005	2	50.6526	2
969.54850	485.78150	2	41.3838	1
969.56100	485.78780	2	53.0325	2
969.58635	485.80050	2	63.9655	2
969.58655	485.80055	2	68.7873	2
970.48670	486.25065	2	54.7302	2
970.54410	486.27930	2	56.0489	2
970.58055	486.29755	2	45.1655	2
970.58070	486.29760	2	33.2540	2
970.58120	486.29790	2	69.1419	1
970.58130	486.29795	2	70.5266	2
971.50485	486.75970	2	31.6858	2
971.52830	486.77140	2	44.9516	1
971.52880	486.77165	2	35.9562	2
971.52885	486.77175	2	58.8255	2
971.52955	486.77205	2	48.8555	2
971.55465	486.78460	2	57.6989	2
971.56535	486.78995	2	33.7967	2
972.44070	487.22760	2	31.1483	1
972.46490	487.23975	2	33.3152	2
972.47400	487.24430	2	68.6936	1
972.57165	487.29310	2	35.0302	2
973.50825	487.76140	2	42.1395	2
973.54300	487.77880	2	33.8880	2
974.50320	488.25885	2	38.0853	2
974.51885	488.26670	2	59.0130	2
974.53980	488.27720	2	41.9131	2
975.47575	488.74515	2	45.5218	2
975.49480	488.75470	2	80.7042	1
975.50220	488.75840	2	52.6260	1
975.51320	488.76385	2	45.1893	2
975.53820	488.77640	2	64.7970	1
976.49700	489.25580	2	58.1885	2
976.50910	489.26180	2	48.0558	2
976.52200	489.26830	2	92.0415	1
976.52325	489.26890	2	60.4111	2
976.54560	489.28010	2	41.0534	2
977.44370	489.72915	2	47.1868	2
977.48135	489.74795	2	45.7079	2
977.51865	489.76660	2	52.3430	2
977.55460	489.78460	2	59.2283	1
978.46475	490.23965	2	46.0634	2
978.50180	490.25820	2	60.1804	2
979.44980	490.73220	2	66.2467	2
979.46130	490.73790	2	38.7304	2
979.49735	490.75595	2	52.6624	2
979.56950	490.79205	2	40.2989	2
980.45750	491.23600	2	36.9555	2
980.49575	491.25515	2	52.4788	2
981.45210	491.73335	2	62.3206	2
981.52335	491.76895	2	29.8240	2
981.56095	491.78775	2	40.3833	2
981.59755	491.80605	2	41.3448	2
982.45985	492.23720	2	33.6665	2
982.47350	492.24405	2	42.1973	2
982.51945	492.26700	2	38.2435	2
983.47440	492.74445	2	48.5315	2
983.50480	492.75965	2	42.5234	2
983.55550	492.78500	2	71.1092	2
983.57600	492.79525	2	64.1545	2
983.58455	492.79955	2	71.4766	2
983.58820	492.80135	2	44.3502	2
983.60115	492.80785	2	58.1311	2
984.43750	493.22605	2	34.0556	2
984.49265	493.25360	2	52.0382	2
984.63365	493.32410	2	50.4245	2
985.50235	493.75845	2	45.5091	2
985.51880	493.76670	2	43.9657	2
985.53865	493.77660	2	46.5101	2
985.55355	493.78405	2	43.3945	2
986.48935	494.25195	2	67.5275	2
986.49445	494.25450	2	40.4857	2
986.53980	494.27720	2	50.0482	1
986.54470	494.27960	2	45.7680	1
987.49940	494.75700	2	31.5485	2
987.52390	494.76925	2	44.9399	2
987.53525	494.77490	2	49.8006	2
987.57155	494.79305	2	59.3316	2
988.48255	495.24855	2	38.2536	2
988.50745	495.26100	2	53.2247	2
988.51955	495.26705	2	42.8930	2
988.54360	495.27905	2	47.4993	2
988.58125	495.29790	2	50.9285	2
989.47875	495.74665	2	33.1099	2
989.49685	495.75570	2	36.3217	2
989.55400	495.78430	2	48.5324	2
989.55460	495.78455	2	58.7920	2
990.45800	496.23630	2	37.0549	2
990.47445	496.24450	2	46.1308	2
990.51360	496.26410	2	42.7503	2
990.54990	496.28225	2	72.8909	2
991.38535	496.69995	2	34.0607	2
991.50830	496.76145	2	60.6405	2
991.50915	496.76185	2	67.3320	2
991.54500	496.77975	2	69.1660	2
991.57070	496.79265	2	61.3247	2
992.48540	497.24995	2	56.5781	2
992.53235	497.27345	2	81.0258	2
992.60155	497.30805	2	70.7043	2
993.44075	497.72765	2	42.8933	2
993.45090	497.73275	2	40.4215	2
993.51270	497.76365	2	53.4849	2
993.54965	497.78210	2	64.4870	2
994.40290	498.20870	2	34.6895	2
994.49700	498.25580	2	49.3045	2
994.50780	498.26120	2	47.7562	2
994.50845	498.26150	2	32.1415	2
994.51600	498.26525	2	73.0366	2
994.60575	498.31015	2	73.9468	2
994.65350	498.33405	2	46.4560	2
995.49250	498.75350	2	43.6257	2
996.49720	499.25590	2	38.0201	1
996.53000	499.27230	2	48.4709	1
996.53135	499.27295	2	68.4287	2
996.57145	499.29300	2	45.4266	2
997.47090	499.74270	2	60.4489	1
997.58045	499.79750	2	39.1199	2
998.58750	500.30105	2	40.8491	2
999.48105	500.74780	2	31.8945	2
999.53485	500.77475	2	42.6673	2
999.53635	500.77545	2	29.8953	2
999.57150	500.79305	2	32.3857	2
1000.49365	501.25410	2	36.0473	2
1000.55595	501.28525	2	89.8143	10
1000.56630	501.29045	2	49.2352	2
1000.59300	501.30375	2	62.5231	2
1001.51525	501.76490	2	44.2269	2
1001.55415	501.78435	2	67.3675	2
1001.56160	501.78805	2	33.7396	2
1001.59240	501.80350	2	69.6539	1
1002.47245	502.24350	2	34.3711	2
1002.47720	502.24590	2	53.5142	1
1002.48140	502.24795	2	39.0225	2
1002.48625	502.25040	2	41.6972	2
1002.52755	502.27105	2	37.5887	2
1002.54690	502.28075	2	33.2412	2
1002.55930	502.28690	2	36.4232	2
1002.58710	502.30085	2	65.2363	2
1003.51240	502.76350	2	49.5159	1
1003.51875	502.76665	2	44.5568	2
1003.52385	502.76920	2	35.3682	2
1003.57155	502.79305	2	77.7067	2
1004.44650	503.23050	2	34.9584	1
1004.54070	503.27765	2	48.2754	2
1004.56625	503.29040	2	43.2789	2
1005.46860	503.74160	2	49.2827	1
1005.48175	503.74815	2	38.1567	2
1005.49190	503.75320	2	30.1430	1
1005.53125	503.77290	2	68.6176	2
1005.53565	503.77510	2	35.9236	2
1006.45080	504.23270	2	32.2776	2
1006.47175	504.24315	2	41.8723	2
1006.49955	504.25705	2	54.3470	2
1007.45685	504.73570	2	38.7715	2
1007.46760	504.74105	2	41.2586	2
1007.47550	504.74500	2	51.7488	2
1007.50480	504.75970	2	44.0208	1
1007.52340	504.76895	2	65.0957	2
1007.52875	504.77165	2	43.6805	2
1007.54055	504.77755	2	56.1430	2
1007.54360	504.77905	2	68.3110	2
1007.67365	504.84410	2	72.7651	2
1008.47715	505.24585	2	50.6964	2
1008.51300	505.26380	2	61.0317	2
1008.51775	505.26615	2	51.6202	2
1009.44745	505.73100	2	42.4609	2
1009.51950	505.76700	2	36.2372	2
1009.54930	505.78195	2	87.7682	2
1010.45205	506.23330	2	38.9808	2
1010.49260	506.25360	2	39.3509	1
1010.50070	506.25760	2	35.2693	1
1010.51155	506.26305	2	63.5181	2
1010.57565	506.29510	2	68.6369	2
1011.52395	506.76925	2	36.7712	2
1011.53445	506.77450	2	45.4188	2
1011.54605	506.78030	2	42.9625	2
1011.57145	506.79300	2	52.8715	2
1011.60750	506.81105	2	67.6859	2
1012.48730	507.25090	2	59.2940	2
1012.57070	507.29260	2	58.5595	1
1012.57430	507.29440	2	94.8547	7
1012.58170	507.29810	2	60.6947	2
1012.60310	507.30885	2	39.1386	2
1012.64050	507.32755	2	49.4395	2
1013.46425	507.73940	2	72.0996	2
1013.53980	507.77715	2	44.1156	2
1013.55460	507.78455	2	65.3924	2
1013.56175	507.78815	2	37.8340	2
1013.58740	507.80095	2	64.1043	2
1013.62355	507.81905	2	66.8457	2
1014.53275	508.27365	2	43.4257	2
1014.53940	508.27700	2	38.4891	2
1014.57085	508.29270	2	37.6471	2
1014.57315	508.29385	2	46.4417	2
1015.49060	508.75260	2	39.9069	2
1015.54090	508.77770	2	36.6224	1
1015.54260	508.77860	2	88.9917	1
1015.56550	508.79000	2	50.9268	1
1015.58500	508.79975	2	71.1019	2
1015.59185	508.80320	2	65.7537	2
1016.45920	509.23690	2	37.0418	2
1016.53230	509.27345	2	48.8264	2
1016.54765	509.28110	2	49.5557	2
1017.47390	509.74425	2	41.7936	2
1017.51710	509.76585	2	77.1415	2
1017.53380	509.77415	2	39.1120	2
1017.57300	509.79380	2	40.9366	2
1017.62250	509.81850	2	66.4782	1
1018.54435	510.27945	2	40.2710	2
1019.42065	510.71760	2	43.7073	2
1019.50370	510.75915	2	43.2145	2
1019.50390	510.75920	2	60.2327	2
1019.54005	510.77730	2	35.3921	2
1019.54010	510.77730	2	54.3849	2
1019.54665	510.78060	2	66.9092	2
1019.55240	510.78345	2	47.8317	2
1020.44600	511.23030	2	29.4077	1
1020.52310	511.26880	2	49.7158	2
1020.52670	511.27060	2	90.6111	7
1020.53390	511.27425	2	54.9770	2
1021.43860	511.72660	2	38.0685	2
1021.44910	511.73185	2	34.4738	2
1021.49460	511.75460	2	30.6911	1
1021.51165	511.76315	2	43.7881	2
1021.54515	511.77990	2	60.6401	2
1021.60275	511.80865	2	52.4254	2
1022.50310	512.25880	2	53.5612	1
1022.51130	512.26295	2	77.1415	2
1023.48780	512.75120	2	38.2819	2
1023.50370	512.75910	2	40.1086	1
1023.60690	512.81075	2	68.1912	2
1024.37410	513.19430	2	42.2371	2
1024.48950	513.25200	2	59.5394	1
1024.60240	513.30850	2	52.8440	1
1025.50325	513.75890	2	41.0187	2
1025.55070	513.78260	2	35.5434	1
1025.60305	513.80880	2	49.3494	2
1026.44655	514.23055	2	42.5432	2
1027.56630	514.79040	2	33.5628	1
1027.56655	514.79055	2	36.4465	2
1027.58130	514.79795	2	74.5123	2
1027.59000	514.80230	2	58.8951	1
1027.59110	514.80280	2	58.9316	1
1027.60310	514.80885	2	68.8244	2
1028.56070	515.28760	2	43.3656	2
1029.47665	515.74560	2	56.7701	2
1029.47720	515.74585	2	42.3616	2
1029.53840	515.77645	2	52.5154	2
1029.54315	515.77885	2	37.5239	2
1029.54590	515.78020	2	34.4421	2
1029.57980	515.79720	2	41.5371	1
1029.58245	515.79850	2	36.8272	2
1030.52945	516.27200	2	35.5968	2
1030.59130	516.30295	2	78.8734	2
1030.60635	516.31045	2	75.5985	2
1031.46315	516.73885	2	64.1206	2
1031.50325	516.75890	2	41.7371	2
1031.50750	516.76105	2	49.4155	2
1031.54600	516.78025	2	51.8648	2
1031.58540	516.79995	2	62.0676	2
1031.58555	516.80005	2	56.8924	2
1032.49810	517.25635	2	42.0828	2
1032.53465	517.27460	2	49.0333	2
1032.59685	517.30570	2	73.5403	2
1033.56655	517.79055	2	43.1650	2
1033.58055	517.79755	2	82.1268	2
1033.61670	517.81565	2	69.6929	2
1034.52155	518.26805	2	64.7429	2
1034.55075	518.28265	2	51.2357	2
1035.48765	518.75110	2	61.1174	2
1035.56115	518.78785	2	60.4705	2
1036.51875	519.26665	2	41.6407	2
1036.51920	519.26690	2	43.6728	2
1036.53490	519.27470	2	71.3853	2
1036.53725	519.27590	2	67.6543	2
1036.55545	519.28500	2	63.2760	2
1037.50645	519.76050	2	34.0829	2
1037.52730	519.77090	2	37.4423	1
1037.62380	519.81920	2	54.8486	2
1037.64915	519.83185	2	70.9853	2
1038.48015	520.24735	2	47.1549	2
1038.54665	520.28060	2	35.0379	2
1039.46435	520.73945	2	47.9283	2
1039.49690	520.75570	2	52.5131	2
1039.56625	520.79040	2	46.2096	2
1039.56690	520.79070	2	48.2468	2
1040.46865	521.24160	2	41.3448	2
1040.49355	521.25405	2	31.5814	2
1040.49540	521.25500	2	41.9957	2
1040.55005	521.28230	2	54.2326	2
1040.56905	521.29180	2	50.0959	2
1040.59750	521.30600	2	56.9014	2
1040.62265	521.31860	2	73.7236	2
1040.65975	521.33715	2	59.8188	2
1041.44015	521.72735	2	45.5458	2
1041.45495	521.73475	2	35.8608	2
1041.52830	521.77140	2	83.5477	1
1041.53320	521.77390	2	50.3504	2
1042.51540	522.26495	2	64.3633	2
1042.53030	522.27240	2	37.7360	3
1042.55580	522.28515	2	53.6281	2
1042.57820	522.29640	2	41.1582	1
1043.54390	522.77920	2	48.8001	2
1043.54965	522.78210	2	78.7817	2
1043.56165	522.78810	2	36.6329	2
1043.56210	522.78830	2	33.7293	2
1043.60345	522.80900	2	63.4487	2
1044.51825	523.26640	2	45.0071	2
1044.53945	523.27700	2	65.9641	2
1044.55590	523.28525	2	43.5674	2
1044.56045	523.28750	2	58.3231	2
1045.51195	523.76325	2	57.1328	2
1045.52670	523.77060	2	37.2567	1
1045.53140	523.77300	2	46.8908	1
1045.53850	523.77650	2	44.7361	3
1045.54005	523.77730	2	31.4147	2
1045.54005	523.77730	2	33.5520	2
1045.55860	523.78655	2	63.1848	2
1045.60225	523.80840	2	60.4865	2
1046.52525	524.26990	2	35.7810	2
1046.58795	524.30125	2	38.2666	2
1046.59710	524.30585	2	49.5913	2
1047.52745	524.77100	2	59.9119	2
1047.56375	524.78915	2	59.5198	2
1048.47870	525.24665	2	35.3140	2
1048.55750	525.28600	2	32.0370	1
1049.52535	525.76995	2	50.8761	2
1049.56165	525.78810	2	37.5913	2
1050.50930	526.26195	2	46.2495	2
1050.53405	526.27430	2	48.3060	2
1050.55620	526.28535	2	31.6934	2
1050.57085	526.29270	2	62.0677	2
1050.59605	526.30530	2	68.3772	2
1051.49355	526.75405	2	37.1187	2
1052.46345	527.23900	2	57.6956	2
1053.61855	527.81655	2	55.9801	2
1054.49735	528.25595	2	68.5831	2
1054.53400	528.27430	2	74.7584	2
1054.53975	528.27715	2	32.1491	2
1054.60160	528.30810	2	52.0006	1
1054.60305	528.30880	2	56.9678	2
1055.42240	528.71845	2	47.4546	2
1055.49230	528.75345	2	44.7825	2
1055.58585	528.80020	2	63.6734	2
1055.58645	528.80050	2	67.5976	2
1056.53190	529.27325	2	76.8224	2
1056.57970	529.29710	2	55.0086	3
1056.59285	529.30370	2	52.9204	2
1057.50170	529.75815	2	38.1279	2
1057.50830	529.76140	2	43.9262	1
1057.51150	529.76300	2	72.1976	2
1057.56810	529.79130	2	38.0470	1
1057.57685	529.79570	2	44.5223	2
1057.57695	529.79575	2	36.0170	2
1057.61700	529.81580	2	37.2357	1
1057.63885	529.82670	2	77.6464	2
1058.49255	530.25355	2	50.6319	2
1058.54430	530.27945	2	78.2816	2
1058.55730	530.28590	2	71.9365	2
1058.57295	530.29375	2	46.9533	2
1058.59535	530.30495	2	39.8069	2
1059.50935	530.76195	2	43.4784	2
1059.53910	530.77680	2	55.4623	1
1059.60000	530.80725	2	56.7803	2
1060.52360	531.26910	2	74.1611	2
1060.61760	531.31610	2	83.0405	2
1061.55065	531.78260	2	44.8132	2
1061.57610	531.79535	2	74.5686	2
1062.52380	532.26920	2	77.7907	2
1062.53480	532.27465	2	56.4270	2
1062.58395	532.29925	2	56.1506	2
1063.52995	532.77225	2	43.9981	2
1063.54075	532.77765	2	46.2664	2
1064.63440	533.32450	2	54.3285	2
1065.44800	533.73125	2	46.5729	2
1065.55375	533.78415	2	61.3149	2
1065.56125	533.78790	2	69.3611	2
1066.45670	534.23565	2	53.8146	2
1066.51875	534.26665	2	56.2397	2
1067.51300	534.76380	2	45.4457	2
1067.57215	534.79335	2	52.5799	2
1068.55070	535.28265	2	36.6957	2
1068.55955	535.28705	2	63.6437	2
1068.57960	535.29705	2	60.0415	2
1068.59210	535.30330	2	56.8963	2
1068.65360	535.33410	2	45.1973	2
1070.60550	536.31000	2	74.0005	1
1070.60840	536.31150	2	44.6134	2
1070.62000	536.31730	2	40.7252	2
1070.63450	536.32455	2	68.8166	2
1070.65935	536.33695	2	75.8034	2
1071.41495	536.71475	2	39.7124	2
1071.56590	536.79025	2	48.9412	2
1071.59280	536.80370	2	53.6579	2
1072.52895	537.27175	2	47.5164	2
1072.57460	537.29455	2	73.1635	2
1072.59550	537.30500	2	38.8654	2
1072.61315	537.31385	2	40.9866	2
1073.49905	537.75680	2	44.6987	2
1073.51785	537.76620	2	54.1898	2
1073.52450	537.76955	2	33.9447	2
1073.58730	537.80090	2	43.7124	2
1073.59015	537.80235	2	58.9133	2
1073.60920	537.81185	2	86.1098	2
1073.61000	537.81225	2	34.3472	2
1073.65955	537.83705	2	62.9510	2
1074.54570	538.28015	2	43.1878	2
1074.55035	538.28245	2	53.2323	2
1074.57125	538.29290	2	59.5679	2
1075.47835	538.74645	2	33.3908	2
1075.55880	538.78670	2	61.2036	1
1075.59225	538.80340	2	70.2087	2
1075.61260	538.81360	2	57.4333	2
1075.62845	538.82150	2	67.1526	2
1076.51405	539.26430	2	49.1773	2
1076.52560	539.27010	2	32.9178	2
1076.56100	539.28780	2	54.0120	1
1076.56120	539.28790	2	54.0386	1
1076.57200	539.29325	2	42.5781	2
1077.60480	539.80970	2	38.9308	2
1078.47140	540.24300	2	34.8427	1
1078.50460	540.25960	2	40.6907	2
1081.45540	541.73500	2	40.2913	1
1081.55480	541.78470	2	69.1902	1
1081.62375	541.81915	2	59.6108	2
1082.53140	542.27300	2	54.6310	1
1082.55540	542.28495	2	81.6770	2
1082.62390	542.31920	2	76.5085	2
1082.64605	542.33030	2	54.8410	2
1084.48615	543.25035	2	38.1885	2
1084.52010	543.26730	2	73.3283	2
1084.54270	543.27860	2	27.6126	1
1084.57135	543.29295	2	88.4920	2
1084.57325	543.29390	2	93.2051	2
1084.63815	543.32635	2	78.2295	2
1084.66105	543.33780	2	55.2845	2
1085.60870	543.81165	2	51.2252	2
1085.61265	543.81360	2	43.2192	2
1085.62260	543.81860	2	74.4262	2
1085.64505	543.82980	2	66.7801	2
1086.06430	544.03945	2	50.0791	4
1086.55555	544.28505	2	47.5717	2
1086.56735	544.29095	2	33.0277	2
1086.64070	544.32760	2	51.5203	1
1087.55160	544.78305	2	50.7877	2
1087.56570	544.79010	2	41.9080	2
1087.58715	544.80085	2	41.1896	2
1087.59740	544.80600	2	44.7520	1
1087.59750	544.80600	2	56.9216	1
1087.60030	544.80740	2	29.9117	1
1087.61275	544.81365	2	69.8091	2
1088.45615	545.23535	2	36.3461	2
1088.50795	545.26125	2	31.1145	2
1088.55515	545.28485	2	70.4314	2
1088.57305	545.29380	2	32.1138	2
1088.60835	545.31145	2	34.8486	2
1089.51860	545.76660	2	31.6096	1
1089.53210	545.77335	2	41.3933	2
1089.55730	545.78595	2	33.6079	2
1089.56860	545.79155	2	62.2556	2
1089.60300	545.80875	2	44.2347	2
1090.46825	546.24140	2	37.1716	2
1090.60195	546.30825	2	58.5725	2
1091.51650	546.76550	2	55.1168	1
1091.55795	546.78625	2	38.8916	2
1092.53905	547.27680	2	54.7803	2
1092.58125	547.29790	2	53.5784	2
1093.54015	547.77735	2	43.5554	2
1093.54030	547.77745	2	57.5008	2
1094.08065	548.04760	2	35.7559	4
1094.55145	548.28300	2	67.4641	2
1094.55515	548.28485	2	76.9856	2
1094.56060	548.28760	2	32.4874	2
1094.56550	548.29000	2	47.5717	2
1094.59720	548.30590	2	57.0834	2
1095.46555	548.74005	2	52.5486	2
1095.56350	548.78900	2	68.7856	1
1095.58190	548.79820	2	55.2101	1
1096.49810	549.25630	2	60.0612	2
1096.51930	549.26695	2	48.0478	2
1096.56200	549.28830	2	41.5500	2
1097.60840	549.81145	2	56.0171	2
1098.52760	550.27110	2	60.9351	1
1098.53475	550.27465	2	44.5491	2
1098.57950	550.29700	2	35.0921	1
1098.58215	550.29835	2	49.7945	2
1099.49290	550.75375	2	59.7271	2
1099.56430	550.78945	2	41.4356	2
1100.46140	551.23795	2	65.6653	2
1100.55755	551.28605	2	32.9231	2
1100.57190	551.29325	2	70.6153	2
1101.55610	551.78530	2	69.8622	2
1101.60310	551.80880	2	37.1108	2
1101.65155	551.83305	2	52.5696	2
1102.57010	552.29230	2	33.6529	1
1102.57690	552.29575	2	63.6437	2
1102.58615	552.30035	2	35.4967	2
1103.56185	552.78820	2	38.8915	2
1103.58270	552.79865	2	50.1413	2
1103.63785	552.82620	2	83.8017	2
1104.47565	553.24510	2	34.2058	4
1104.50940	553.26200	2	52.3690	2
1104.53090	553.27275	2	43.8522	2
1104.54685	553.28070	2	43.5036	2
1104.54710	553.28080	2	46.1130	2
1104.56365	553.28910	2	48.1051	2
1104.56525	553.28990	2	32.6629	2
1104.59340	553.30395	2	59.4005	2
1104.62610	553.32030	2	86.9518	2
1105.52920	553.77190	2	62.3178	2
1105.57665	553.79560	2	64.2095	2
1106.53885	554.27670	2	47.2115	2
1106.58650	554.30055	2	82.1858	2
1106.60910	554.31185	2	81.5077	2
1107.53830	554.77640	2	60.6699	2
1107.54365	554.77910	2	53.8404	2
1107.54930	554.78190	2	65.1416	2
1107.55365	554.78410	2	36.3920	2
1107.57790	554.79620	2	90.2842	11
1107.59255	554.80355	2	44.0305	2
1108.51525	555.26490	2	31.2837	2
1108.57125	555.29290	2	77.4625	2
1108.92055	555.46755	2	36.5485	4
1109.50320	555.75890	2	74.5330	1
1109.53270	555.77365	2	78.0267	2
1109.54005	555.77730	2	46.8056	2
1109.54985	555.78220	2	89.3930	2
1109.57010	555.79230	2	32.3001	1
1109.58705	555.80080	2	57.9444	2
1109.61285	555.81370	2	70.4889	2
1109.68135	555.84795	2	77.9389	2
1110.46615	556.24035	2	41.6741	2
1110.51980	556.26715	2	59.7241	2
1110.59070	556.30260	2	82.4208	2
1110.60990	556.31220	2	76.2448	1
1110.66520	556.33985	2	73.5684	2
1111.57320	556.79385	2	33.2488	2
1112.42260	557.21860	2	34.9375	1
1114.55705	558.28580	2	77.3388	2
1114.56205	558.28830	2	38.8080	2
1114.56680	558.29070	2	63.8287	2
1114.62330	558.31890	2	61.4491	2
1114.63430	558.32440	2	52.4748	1
1115.05375	558.53415	2	46.6587	4
1115.51490	558.76475	2	46.7735	2
1115.52555	558.77005	2	32.3435	2
1115.54500	558.77980	2	45.3920	2
1115.55760	558.78610	2	33.9609	2
1115.58130	558.79795	2	41.3348	2
1115.58315	558.79885	2	53.2938	2
1115.60075	558.80765	2	55.3999	2
1116.50000	559.25730	2	43.2412	1
1116.50275	559.25865	2	47.0112	2
1116.54320	559.27885	2	33.0646	2
1116.56545	559.29000	2	53.8120	2
1116.58235	559.29845	2	71.7819	2
1116.60140	559.30800	2	30.9835	1
1116.61005	559.31230	2	34.3447	2
1116.65360	559.33410	2	82.3778	1
1117.52685	559.77070	2	38.5865	2
1117.54310	559.77885	2	41.7612	2
1117.56220	559.78840	2	50.4836	2
1117.60605	559.81030	2	70.1849	2
1118.01730	560.01595	2	45.8217	4
1118.48375	560.24915	2	32.1837	2
1118.54815	560.28135	2	75.3571	2
1118.63285	560.32370	2	56.3982	2
1119.54200	560.77830	2	68.5292	2
1119.58325	560.79890	2	61.8884	2
1119.59525	560.80490	2	66.5829	2
1119.66965	560.84210	2	81.9433	2
1120.05960	561.03705	2	56.9393	4
1120.57560	561.29505	2	59.7860	2
1121.46640	561.74050	2	41.2856	2
1121.53615	561.77535	2	67.9478	2
1121.54735	561.78095	2	42.4564	2
1121.57210	561.79330	2	65.4781	1
1121.61030	561.81245	2	47.0987	2
1122.51160	562.26305	2	59.0235	2
1123.47895	562.74675	2	45.7636	2
1123.57000	562.79225	2	56.7700	2
1123.58150	562.79800	2	53.2246	2
1124.59025	563.30240	2	61.3353	2
1124.61990	563.31725	2	68.5484	2
1124.63120	563.32290	2	36.9102	5
1124.68055	563.34755	2	79.6786	2
1125.51035	563.76245	2	34.1232	2
1125.57095	563.79275	2	42.5470	2
1125.63995	563.82725	2	60.3159	2
1126.49610	564.25530	2	53.9089	2
1126.66080	564.33765	2	76.4405	2
1127.47525	564.74490	2	68.2508	2
1127.52125	564.76790	2	37.7538	2
1127.56470	564.78960	2	41.9536	1
1127.61250	564.81350	2	61.3839	2
1127.65560	564.83510	2	88.0602	5
1128.56550	565.29005	2	41.3125	2
1128.57790	565.29620	2	42.1498	2
1128.58915	565.30185	2	31.4805	2
1128.63895	565.32675	2	59.1645	2
1129.58005	565.79730	2	55.1474	2
1129.63325	565.82390	2	34.2772	2
1129.63410	565.82430	2	39.1119	2
1129.67145	565.84300	2	69.3324	2
1130.55980	566.28720	2	46.9532	2
1131.57775	566.79615	2	33.5418	2
1131.62910	566.82185	2	69.7010	2
1131.65450	566.83455	2	81.0131	2
1132.53940	567.27700	2	31.9346	2
1132.55660	567.28560	2	56.2945	1
1132.58930	567.30190	2	61.2346	2
1133.54930	567.78190	2	32.3397	1
1133.55350	567.78400	2	68.5879	3
1133.57150	567.79305	2	55.4629	2
1133.57200	567.79325	2	71.5964	2
1133.57500	567.79480	2	65.4605	2
1133.60855	567.81155	2	61.6573	2
1133.64560	567.83010	2	67.3489	2
1134.53385	568.27420	2	43.3051	2
1134.53970	568.27710	2	46.0838	1
1134.55205	568.28330	2	34.3580	2
1134.57670	568.29560	2	45.7967	3
1135.59820	568.80640	2	46.8709	2
1136.53620	569.27540	2	52.8514	2
1136.57115	569.29285	2	57.1923	2
1136.57150	569.29305	2	60.2873	2
1137.56525	569.78990	2	81.9976	2
1137.57780	569.79615	2	54.7203	2
1138.56580	570.29015	2	61.6497	2
1138.58770	570.30115	2	33.8306	2
1139.54575	570.78015	2	53.9962	2
1139.56195	570.78825	2	65.7841	2
1139.63040	570.82250	2	38.9179	2
1139.65465	570.83460	2	60.9364	2
1140.52345	571.26900	2	32.5493	2
1141.55625	571.78540	2	71.0847	2
1141.56790	571.79120	2	61.9816	2
1141.59750	571.80600	2	31.7592	2
1141.60950	571.81200	2	58.8024	2
1142.03295	572.02375	2	64.3427	4
1142.48755	572.25105	2	44.6725	2
1142.55480	572.28465	2	89.7617	2
1142.55760	572.28605	2	51.2060	2
1142.61625	572.31540	2	54.2940	2
1142.63115	572.32285	2	33.1131	2
1143.50810	572.76135	2	55.2151	2
1143.57145	572.79300	2	64.7782	2
1143.58850	572.80150	2	33.6955	2
1143.69050	572.85250	2	86.1046	2
1144.58885	573.30170	2	49.1276	2
1144.59580	573.30520	2	59.5438	2
1144.60935	573.31195	2	37.3363	2
1144.63635	573.32545	2	56.6407	2
1144.65270	573.33360	2	67.5461	1
1145.08405	573.54930	2	56.8681	4
1145.57420	573.79435	2	46.6329	2
1145.67070	573.84260	2	69.9790	2
1146.57605	574.29530	2	45.0976	2
1146.58505	574.29980	2	71.9013	2
1146.61370	574.31415	2	52.3086	2
1147.55040	574.78250	2	61.5595	1
1147.55365	574.78410	2	48.5375	2
1147.55435	574.78445	2	42.8344	2
1147.57940	574.79700	2	64.3818	2
1147.58810	574.80130	2	54.2271	2
1147.63940	574.82700	2	87.1497	2
1148.51320	575.26385	2	33.4509	2
1148.54750	575.28100	2	52.6056	2
1148.56565	575.29010	2	65.6379	2
1148.56970	575.29215	2	79.3825	2
1148.60825	575.31140	2	61.8274	2
1148.60890	575.31170	2	57.5951	1
1149.56660	575.79055	2	67.2572	2
1149.56735	575.79095	2	57.1275	2
1150.05625	576.03540	2	58.3714	4
1150.53740	576.27600	2	33.1142	1
1150.58705	576.30080	2	54.7547	2
1150.58750	576.30105	2	47.9359	2
1150.62310	576.31885	2	59.6709	2
1151.49260	576.75360	2	51.6816	2
1151.59520	576.80490	2	40.3810	1
1151.65275	576.83365	2	68.1306	2
1151.72840	576.87145	2	75.2421	2
1152.52775	577.27115	2	29.8101	2
1152.52995	577.27225	2	53.3607	2
1152.54430	577.27940	2	91.0706	1
1152.54855	577.28155	2	60.1751	2
1152.55330	577.28395	2	36.2344	2
1152.58545	577.30000	2	57.7995	2
1154.57205	578.29330	2	62.8063	2
1154.62080	578.31770	2	58.8501	2
1154.63095	578.32275	2	44.4903	2
1155.55595	578.78525	2	67.7544	2
1155.56315	578.78885	2	34.1180	2
1155.58155	578.79805	2	87.6075	2
1155.61565	578.81510	2	50.9861	2
1155.62670	578.82065	2	51.8410	2
1155.65050	578.83255	2	48.8632	2
1156.51810	579.26635	2	55.3810	2
1156.52035	579.26745	2	44.4000	2
1156.59135	579.30295	2	84.7398	2
1156.60265	579.30860	2	66.1524	2
1157.56335	579.78895	2	49.2162	2
1157.57540	579.79495	2	74.9558	2
1157.59320	579.80390	2	58.0947	2
1157.59385	579.80420	2	52.1598	2
1157.63230	579.82340	2	53.0082	2
1158.59870	580.30665	2	41.7048	2
1158.62470	580.31960	2	47.3995	2
1159.57230	580.79340	2	63.9326	2
1159.57440	580.79450	2	33.6026	2
1159.58330	580.79895	2	45.2313	2
1159.59490	580.80470	2	40.7473	2
1159.62135	580.81795	2	39.5742	2
1159.63895	580.82675	2	79.5724	2
1159.68225	580.84840	2	49.3835	2
1160.56560	581.29010	2	36.7902	2
1160.58565	581.30010	2	66.3589	2
1160.58685	581.30070	2	49.4958	2
1160.59310	581.30380	2	72.6684	2
1160.59760	581.30605	2	54.0329	2
1160.61550	581.31505	2	35.9810	2
1161.59940	581.80700	2	45.5721	2
1161.59955	581.80705	2	53.4264	2
1161.60690	581.81075	2	72.5420	2
1161.61470	581.81460	2	53.1737	1
1161.66410	581.83930	2	94.8433	3
1162.59290	582.30370	2	62.9414	1
1162.59890	582.30670	2	71.3531	2
1163.56750	582.79100	2	34.1728	1
1163.57655	582.79555	2	65.2362	2
1163.58130	582.79790	2	58.4006	1
1163.60840	582.81150	2	66.9683	2
1164.57175	583.29315	2	31.5536	2
1164.60240	583.30850	2	60.4303	1
1164.60285	583.30870	2	54.6952	2
1164.72400	583.36930	2	70.0878	2
1165.46065	583.73760	2	34.5326	2
1165.57820	583.79640	2	79.6528	4
1165.59810	583.80630	2	46.5227	1
1165.63505	583.82480	2	64.0960	2
1166.54005	584.27730	2	46.6302	2
1167.59250	584.80350	2	75.6929	1
1167.61780	584.81615	2	84.3303	2
1168.63200	585.32330	2	77.6069	1
1168.64530	585.32990	2	49.2992	2
1168.68120	585.34790	2	69.4006	2
1168.68250	585.34850	2	58.2208	2
1168.74360	585.37905	2	79.0121	2
1169.57225	585.79340	2	54.1297	2
1170.57790	586.29620	2	45.9929	1
1170.62610	586.32035	2	47.0934	2
1170.66045	586.33750	2	66.3669	2
1170.66100	586.33780	2	70.1190	2
1171.57650	586.79555	2	64.9596	2
1171.62040	586.81750	2	35.2100	1
1171.62080	586.81770	2	50.1019	2
1171.62445	586.81950	2	55.9000	2
1171.70065	586.85760	2	54.5817	2
1172.59660	587.30560	2	65.4153	1
1172.61560	587.31510	2	40.0525	2
1172.62230	587.31845	2	89.4847	8
1172.62915	587.32185	2	73.3560	2
1172.63010	587.32235	2	65.6576	2
1172.64015	587.32735	2	70.6101	2
1173.58935	587.80195	2	46.3706	2
1173.61405	587.81430	2	84.8262	2
1173.62460	587.81960	2	67.0894	1
1174.06635	588.04045	2	33.2028	4
1174.51135	588.26295	2	43.0529	2
1174.54850	588.28150	2	31.9566	1
1174.56125	588.28790	2	53.9988	2
1174.60835	588.31145	2	40.4750	2
1175.53850	588.77650	2	43.9368	1
1175.57310	588.79380	2	60.3235	2
1175.58645	588.80050	2	68.4365	2
1175.61850	588.81650	2	41.2285	2
1175.65505	588.83480	2	58.7971	2
1176.50920	589.26190	2	31.6808	1
1176.57520	589.29490	2	30.7900	1
1176.58165	589.29810	2	52.7242	2
1177.63435	589.82445	2	65.8423	2
1177.66200	589.83830	2	84.1570	2
1177.66310	589.83880	2	89.5872	1
1178.51735	590.26595	2	37.6833	2
1179.54545	590.78000	2	41.8589	2
1179.61510	590.81480	2	50.5958	1
1180.52280	591.26870	2	62.1038	2
1180.59765	591.30610	2	64.3257	2
1180.70775	591.36115	2	85.0614	2
1181.65155	591.83305	2	54.6119	2
1182.54145	592.27800	2	74.4544	2
1182.58150	592.29800	2	72.0557	1
1182.60405	592.30930	2	70.8929	2
1182.62540	592.32000	2	71.9543	2
1182.66455	592.33955	2	58.1568	2
1182.68090	592.34775	2	78.1003	2
1184.58600	593.30030	2	60.8431	2
1184.60475	593.30965	2	49.9705	2
1184.62000	593.31730	2	75.7302	2
1184.67685	593.34570	2	69.8402	2
1185.57395	593.79425	2	85.6355	2
1185.57830	593.79640	2	35.6664	2
1185.63985	593.82720	2	78.7568	2
1185.65105	593.83280	2	63.6812	2
1186.54415	594.27935	2	44.9570	2
1186.58360	594.29910	2	56.5438	1
1186.65700	594.33580	2	72.4820	1
1186.65740	594.33595	2	46.8708	2
1187.59025	594.80240	2	49.3647	2
1187.59520	594.80485	2	64.9964	2
1187.62265	594.81860	2	76.9061	2
1187.70275	594.85865	2	87.3683	2
1187.70285	594.85870	2	79.9991	2
1188.58930	595.30195	2	41.7322	2
1188.59895	595.30675	2	45.7609	2
1188.61470	595.31460	2	50.2310	2
1188.67480	595.34470	2	60.6135	2
1189.54025	595.77740	2	78.1300	2
1189.63790	595.82620	2	51.9259	2
1189.64650	595.83055	2	69.4243	2
1189.67120	595.84290	2	73.7571	2
1190.56060	596.28760	2	54.9403	2
1190.60065	596.30760	2	63.8072	2
1191.61340	596.81400	2	57.3730	2
1191.66555	596.84005	2	81.7749	2
1192.52885	597.27170	2	46.1232	2
1192.59690	597.30570	2	55.6801	1
1192.61695	597.31575	2	65.9428	2
1192.66190	597.33825	2	86.3744	2
1193.61595	597.81525	2	37.7739	2
1193.63320	597.82390	2	67.2491	2
1193.67095	597.84275	2	89.3321	2
1194.51145	598.26300	2	30.3517	2
1195.61075	598.81265	2	60.1159	2
1196.54925	599.28190	2	44.8411	2
1196.57260	599.29360	2	34.5006	2
1196.64950	599.33200	2	48.6863	2
1197.54555	599.78005	2	77.4256	2
1197.57020	599.79240	2	52.1247	2
1197.62505	599.81980	2	59.4925	2
1197.64440	400.22205	3	50.6746	2
1197.66440	599.83950	2	73.7553	1
1197.69755	599.85605	2	74.7009	2
1198.61925	400.54700	3	51.9205	2
1198.62480	600.31970	2	69.6590	1
1198.65525	400.55900	3	39.9262	2
1198.65580	600.33515	2	39.9935	2
1199.54680	600.78065	2	54.5733	2
1199.71405	600.86430	2	77.8410	2
1200.61940	401.21370	3	41.4426	1
1200.62290	601.31875	2	58.6861	2
1200.62475	601.31965	2	41.4009	2
1200.64670	601.33065	2	51.9505	2
1200.65155	601.33305	2	79.1317	2
1201.09055	601.55255	2	42.1964	4
1201.59790	601.80620	2	65.5692	1
1201.61940	601.81695	2	74.3247	2
1201.62985	601.82220	2	35.7959	2
1201.63000	601.82230	2	35.2640	1
1201.63065	401.55085	3	35.7850	2
1201.66665	401.56280	3	46.2663	2
1201.66710	601.84085	2	46.2442	2
1201.66785	601.84120	2	56.3724	2
1202.59015	602.30235	2	39.5660	2
1202.60535	401.87575	3	48.1956	2
1202.60570	602.31015	2	48.2284	2
1202.64200	401.88790	3	38.3938	1
1202.64345	602.32900	2	38.3420	2
1202.65170	602.33310	2	64.3526	2
1203.59840	602.80650	2	40.8082	2
1203.61670	602.81560	2	95.1169	7
1203.67140	602.84295	2	51.4373	2
1204.48230	603.24840	2	41.6663	1
1204.58180	603.29820	2	52.4575	2
1204.60865	603.31160	2	56.6803	2
1204.61205	603.31330	2	79.5455	2
1204.61395	603.31425	2	92.1860	2
1204.65700	402.55960	3	47.7728	2
1204.65705	603.33580	2	47.7852	2
1205.56445	402.86210	3	59.0990	2
1205.59120	402.87100	3	58.8635	2
1205.64050	603.82755	2	54.1601	2
1205.71225	402.91135	3	64.5448	2
1205.71335	603.86395	2	64.6160	2
1206.56150	604.28800	2	43.4428	1
1206.59600	604.30530	2	60.5595	2
1206.60780	604.31120	2	72.2133	2
1206.62425	604.31940	2	63.9033	2
1207.57175	604.79315	2	62.1268	2
1207.61950	604.81700	2	54.9552	1
1207.62365	604.81910	2	71.9363	2
1207.66630	604.84040	2	87.8222	1
1207.76600	604.89025	2	80.3539	2
1208.52480	605.26970	2	38.4955	2
1208.59360	605.30410	2	82.2546	2
1208.60420	605.30940	2	67.8027	1
1209.58815	605.80135	2	47.8763	2
1210.56080	606.28765	2	46.3097	2
1210.58760	606.30110	2	76.4069	1
1210.59920	606.30690	2	62.6733	2
1210.61430	404.54540	3	62.3640	1
1210.63080	404.55085	3	37.1555	2
1210.74100	606.37780	2	70.2409	2
1211.59665	606.80560	2	61.8107	2
1211.61905	606.81680	2	77.4907	2
1211.62570	404.88250	3	34.6842	2
1211.65125	404.89105	3	48.2830	2
1211.65180	606.83320	2	48.3446	2
1213.64600	405.55590	3	53.4821	1
1213.66640	607.84050	2	48.1030	1
1213.67070	405.56420	3	81.3195	2
1214.59845	608.30650	2	63.0450	2
1214.70295	608.35875	2	62.5815	2
1215.59895	608.80675	2	50.0815	2
1215.64690	608.83070	2	59.8751	2
1215.65240	608.83345	2	82.2628	2
1215.68230	406.23470	3	33.8880	2
1215.68250	608.84850	2	33.8986	2
1216.57585	609.29520	2	38.6115	2
1216.57625	609.29540	2	48.7684	2
1216.62360	609.31905	2	54.8793	2
1216.65700	609.33575	2	69.2977	2
1216.72470	609.36960	2	85.2108	1
1217.56300	609.78880	2	69.6012	2
1217.60790	609.81120	2	57.3116	2
1217.67670	406.89950	3	67.7257	2
1218.62840	610.32150	2	58.5289	1
1218.66500	610.33980	2	82.6793	2
1219.61225	610.81340	2	49.4128	2
1219.62290	610.81870	2	69.5346	1
1219.71770	610.86610	2	86.0567	1
1220.64190	611.32820	2	77.7118	2
1221.13345	611.57400	2	50.0742	4
1221.51720	611.76590	2	45.0925	1
1221.58080	611.79770	2	42.4303	1
1221.59775	611.80615	2	58.5586	2
1221.61080	611.81270	2	30.6633	1
1221.61115	408.21095	3	30.5437	2
1221.63560	611.82510	2	56.2578	3
1223.54220	612.77840	2	46.3295	2
1223.62545	612.82000	2	35.1237	2
1223.65040	408.89070	3	47.1798	1
1223.71300	612.86380	2	82.3124	9
1224.62370	613.31910	2	67.9689	2
1224.62885	613.32170	2	53.6917	2
1224.65750	409.22645	3	35.9613	2
1224.65950	613.33705	2	36.2584	2
1224.68335	613.34895	2	42.8446	2
1225.59840	613.80650	2	62.6514	2
1225.67195	613.84325	2	68.7004	2
1226.69845	614.35650	2	58.8554	2
1226.70690	614.36070	2	80.8406	2
1227.65715	614.83585	2	58.5076	2
1227.66085	614.83770	2	69.6876	2
1227.67210	614.84330	2	67.6544	2
1227.68205	614.84830	2	64.1595	2
1227.68230	410.23470	3	49.6112	1
1227.68240	410.23470	3	49.6308	1
1228.68860	615.35160	2	63.3596	1
1228.73835	615.37645	2	82.0726	2
1229.55795	615.78625	2	41.1626	2
1229.61190	615.81325	2	78.3273	2
1229.61900	615.81680	2	49.5609	2
1229.65020	410.89065	3	47.3615	2
1229.65110	615.83285	2	47.4191	2
1229.69790	615.85625	2	39.7896	2
1229.73780	410.91985	3	58.6327	2
1230.55795	411.19325	3	32.3881	2
1230.58265	616.29860	2	41.2756	2
1230.58740	616.30095	2	59.6285	2
1230.58745	411.20310	3	34.4028	2
1230.62050	616.31750	2	48.6017	2
1230.64040	616.32745	2	78.4122	2
1230.65695	616.33575	2	41.0238	2
1230.66270	616.33865	2	82.0082	2
1231.58670	616.80060	2	35.7213	2
1231.58750	616.80100	2	52.0312	1
1231.62395	616.81925	2	54.8150	2
1231.62520	616.81990	2	87.2053	2
1231.65665	616.83560	2	60.2325	2
1231.65905	616.83680	2	56.6828	2
1231.69330	411.57170	3	57.6908	2
1232.57390	617.29420	2	33.2026	1
1232.60660	617.31055	2	45.8217	2
1233.60280	412.20820	3	79.6005	1
1233.60695	617.81075	2	50.2029	2
1233.61070	617.81260	2	61.7021	1
1233.62075	617.81765	2	43.5275	2
1233.66165	617.83810	2	56.9570	2
1234.56945	412.53040	3	40.0816	2
1234.60060	618.30755	2	34.6302	2
1234.65320	618.33390	2	63.7556	1
1235.60690	618.81075	2	39.2998	2
1235.60695	412.87625	3	39.2998	2
1235.64960	618.83205	2	48.9193	2
1235.65085	412.89085	3	48.8821	2
1235.66745	618.84100	2	57.8536	2
1235.67020	412.89735	3	57.8164	2
1235.69740	412.90640	3	49.0139	2
1235.69915	412.90695	3	52.7344	2
1236.56225	619.28840	2	48.1393	2
1237.61385	413.54520	3	44.8411	2
1237.63495	413.55225	3	37.1160	2
1237.63510	619.82485	2	37.2114	2
1237.64630	619.83045	2	63.6134	2
1237.73890	619.87670	2	67.3195	3
1239.59175	620.80315	2	58.3572	2
1239.59550	414.20575	3	35.0711	2
1239.62055	620.81755	2	62.0410	2
1239.68310	620.84885	2	74.7893	2
1239.71940	620.86700	2	73.5991	2
1240.16080	621.08765	2	48.4750	4
1240.58720	414.53635	3	35.6239	2
1240.68100	621.34775	2	75.1989	2
1240.70445	621.35950	2	90.3404	2
1241.59330	621.80390	2	70.6973	1
1241.66490	621.83970	2	61.6132	1
1241.67310	621.84380	2	42.8621	1
1241.69850	621.85650	2	77.8115	2
1241.71690	621.86570	2	87.2581	1
1241.77465	621.89460	2	76.9276	2
1241.77535	414.93240	3	76.8874	2
1242.63685	415.21955	3	43.6420	2
1242.63830	622.32640	2	43.6489	2
1244.54205	623.27830	2	52.1868	2
1244.56785	623.29120	2	46.2992	2
1244.63285	623.32370	2	65.7234	2
1244.67245	415.89810	3	36.0169	2
1245.62075	623.81765	2	47.1331	2
1245.62115	416.21430	3	47.0646	2
1245.65155	623.83305	2	81.1553	2
1245.65845	623.83650	2	42.7875	2
1245.67245	416.23140	3	54.3516	2
1245.67425	623.84440	2	41.7882	2
1245.69350	416.23840	3	43.3413	1
1246.64970	416.55720	3	66.4209	2
1246.69200	624.35325	2	71.8209	2
1247.58070	624.79760	2	45.5716	3
1247.60700	624.81080	2	69.2228	1
1248.61725	625.31590	2	87.4210	2
1248.61920	625.31685	2	57.5114	2
1248.67175	625.34315	2	60.4317	2
1249.59155	625.80305	2	49.6591	2
1249.63030	625.82245	2	56.8390	2
1249.65435	625.83445	2	63.4228	2
1249.65680	625.83565	2	82.3177	2
1250.66490	626.33970	2	79.7955	1
1250.72680	626.37070	2	87.1017	2
1250.76030	626.38740	2	71.6517	1
1251.66165	626.83810	2	74.1692	2
1251.66460	418.22880	3	49.5511	1
1252.73975	627.37715	2	78.4890	2
1252.74950	418.59040	3	65.2040	2
1252.77440	627.39450	2	90.7469	1
1253.55945	627.78700	2	65.6982	2
1253.63030	418.88405	3	31.7948	2
1254.58740	628.30100	2	67.7918	2
1254.59930	628.30695	2	79.6054	2
1254.72970	628.37215	2	39.4778	2
1254.72980	628.37215	2	68.6619	2
1254.73035	419.25070	3	39.4177	2
1254.73300	419.25160	3	51.6536	2
1255.58530	628.79995	2	42.4319	2
1255.62795	628.82125	2	69.3536	2
1255.65675	419.55955	3	53.0423	2
1255.66845	628.84150	2	73.2205	2
1255.67805	628.84630	2	50.4757	2
1255.70200	628.85825	2	68.4578	2
1255.71290	628.86370	2	64.5420	1
1255.71400	419.57860	3	64.4761	2
1256.60830	629.31140	2	58.2475	1
1256.61030	629.31245	2	88.7115	2
1256.61125	629.31290	2	49.8066	2
1256.67525	629.34490	2	73.8565	6
1256.69645	419.90605	3	46.6952	2
1256.69830	629.35640	2	46.6872	2
1256.70385	629.35920	2	95.9734	2
1257.64690	629.83070	2	41.4653	2
1257.64770	420.22320	3	41.5733	1
1258.59825	630.30640	2	80.4164	2
1258.67585	630.34520	2	66.4835	2
1258.68900	630.35180	2	51.7380	2
1258.76285	630.38870	2	86.1765	2
1259.57460	420.86550	3	34.9322	1
1259.63385	630.82420	2	74.4490	2
1259.63545	630.82500	2	57.5060	2
1259.66060	630.83760	2	58.0606	2
1259.72350	630.86900	2	76.0768	1
1260.57770	631.29615	2	35.1532	2
1260.58770	631.30110	2	41.6045	2
1260.67315	631.34385	2	56.4607	2
1261.57975	631.79715	2	50.3498	2
1261.62205	421.54795	3	39.3971	2
1261.67030	421.56400	3	36.8115	1
1261.74435	631.87945	2	94.3553	2
1262.60510	421.87560	3	45.8415	1
1263.61985	422.21390	3	32.3777	2
1263.61985	632.81720	2	32.4480	2
1263.62910	632.82185	2	55.9630	2
1263.66905	632.84180	2	87.9781	2
1263.68450	632.84955	2	65.9639	2
1264.64825	422.55670	3	60.2691	2
1264.64865	633.33160	2	60.2951	2
1264.77150	633.39300	2	92.2380	1
1265.68770	633.85110	2	50.8837	2
1266.56205	634.28830	2	45.2048	2
1266.62100	423.21430	3	36.7294	2
1266.62260	634.31860	2	36.7110	2
1266.62435	634.31945	2	69.7653	2
1267.56800	423.52990	3	34.1120	1
1267.64905	634.83180	2	81.3382	2
1267.68990	634.85225	2	48.9761	2
1268.61375	423.87850	3	52.5178	2
1268.66260	635.33860	2	50.1749	2
1268.66270	423.89485	3	50.1136	2
1268.69875	635.35665	2	68.9178	2
1269.62455	635.81955	2	79.6382	2
1269.62755	635.82105	2	62.7681	2
1269.65170	424.22450	3	66.0841	1
1269.65830	635.83645	2	46.0580	2
1269.70420	635.85935	2	62.1168	2
1269.73050	635.87250	2	77.3674	2
1270.16825	424.39670	3	42.9239	2
1270.65400	636.33425	2	42.6335	2
1270.70040	424.57410	3	61.2427	2
1270.70090	636.35770	2	61.2936	1
1270.72680	636.37070	2	91.1042	2
1271.56510	424.86230	3	76.6584	1
1271.68760	424.90310	3	59.3533	1
1271.69165	636.85310	2	63.3693	2
1271.76135	636.88795	2	81.1732	2
1272.69240	637.35345	2	63.8019	2
1273.63550	637.82500	2	72.8376	2
1273.64150	637.82800	2	70.3406	2
1273.65565	637.83510	2	65.6027	2
1273.66960	637.84205	2	64.1884	2
1273.67720	637.84590	2	85.4285	2
1273.72160	637.86810	2	69.3926	2
1274.62970	425.88385	3	45.0398	2
1274.64455	638.32955	2	83.9201	2
1274.65205	638.33330	2	76.1942	2
1274.66270	638.33860	2	68.2139	3
1274.75840	638.38650	2	78.0187	1
1275.54200	638.77825	2	44.3449	2
1275.57210	638.79330	2	60.0639	2
1275.69420	426.23865	3	61.8951	2
1276.58460	639.29960	2	34.6495	1
1276.63430	639.32440	2	76.4774	2
1276.64940	639.33195	2	89.0378	2
1276.66670	639.34060	2	57.5688	2
1276.67370	639.34415	2	85.1260	2
1276.70395	639.35925	2	77.5962	2
1276.70455	639.35955	2	71.2649	2
1277.63710	639.82580	2	61.4268	3
1277.67375	639.84415	2	67.9438	2
1277.68720	639.85085	2	75.1034	2
1278.65035	640.33245	2	84.0250	2
1279.62440	640.81945	2	62.8629	2
1279.69585	427.57255	3	53.2990	2
1279.75060	640.88255	2	74.0967	2
1280.57850	641.29655	2	80.2958	2
1280.59980	427.87385	3	36.2954	2
1280.74690	641.38075	2	87.1245	2
1281.55750	641.78600	2	38.7069	2
1281.61070	641.81265	2	35.1344	2
1281.70460	428.24215	3	40.5757	2
1282.57465	642.29460	2	70.8730	2
1282.58595	642.30025	2	60.8764	2
1283.61590	642.81525	2	69.8440	2
1283.65175	642.83315	2	64.6844	2
1283.65945	642.83700	2	84.7288	2
1283.70775	428.90985	3	43.3368	2
1283.73480	642.87470	2	77.2737	2
1284.61370	429.21185	3	39.2139	2
1284.62690	643.32075	2	90.2217	2
1284.69335	643.35395	2	77.0163	2
1284.70105	643.35780	2	68.1964	2
1284.70435	429.24205	3	41.9904	2
1284.72845	643.37150	2	82.8483	2
1285.66390	643.83920	2	42.5158	2
1285.72400	429.58190	3	45.1316	2
1286.64540	429.88905	3	67.8409	2
1286.68335	644.34895	2	84.4679	2
1286.69940	644.35700	2	67.4293	2
1286.78525	644.39990	2	85.3926	2
1287.62985	644.82220	2	83.9881	2
1287.66810	644.84130	2	44.6454	2
1287.68305	644.84880	2	72.8937	2
1288.59125	645.30290	2	43.8821	2
1288.60705	645.31080	2	63.0711	2
1288.66295	645.33875	2	45.3840	2
1288.68230	645.34845	2	50.7331	2
1288.68470	645.34965	2	66.3376	2
1288.72235	645.36845	2	83.2907	2
1288.73995	645.37725	2	74.9530	2
1289.58995	645.80225	2	35.4049	2
1289.59200	430.87125	3	35.3292	2
1289.62950	645.82205	2	88.3569	2
1289.64680	645.83070	2	49.0893	2
1290.12085	646.06770	2	59.2994	4
1290.54415	431.18865	3	31.7539	2
1290.55040	646.28250	2	31.8301	2
1290.56930	646.29190	2	38.6809	2
1290.65785	646.33620	2	54.2567	2
1291.53550	646.77505	2	37.5183	2
1291.57855	646.79655	2	44.0648	2
1291.60650	646.81055	2	50.8170	2
1291.66650	646.84050	2	59.4821	2
1292.66060	647.33760	2	61.3524	1
1293.62475	647.81965	2	54.9125	2
1294.62275	648.31865	2	67.5517	2
1294.73275	648.37365	2	82.1319	2
1294.79730	432.60635	3	66.8168	2
1295.66590	432.89590	3	61.2335	1
1295.72625	648.87040	2	75.3263	2
1295.74585	648.88020	2	63.9475	2
1295.75605	432.92595	3	59.6055	2
1296.68245	649.34850	2	59.1087	2
1296.68400	433.23530	3	59.1959	1
1296.70285	649.35870	2	68.3031	2
1297.23245	649.62350	2	44.7900	4
1297.72580	433.58250	3	43.9961	3
1297.73560	649.87505	2	64.8025	2
1297.76095	433.59425	3	62.7436	2
1298.59340	433.87175	3	37.0124	2
1298.59395	650.30425	2	37.0867	2
1298.60980	433.87720	3	36.8916	2
1298.69525	650.35490	2	47.7159	2
1298.74510	650.37985	2	91.7892	2
1299.56780	650.79120	2	35.4886	2
1299.62975	650.82215	2	73.6689	2
1299.67910	650.84685	2	40.4803	2
1299.69400	650.85430	2	79.1316	2
1299.71525	650.86490	2	57.2873	2
1300.62275	651.31865	2	85.5330	2
1300.70215	651.35835	2	62.4769	2
1300.73905	651.37680	2	75.1769	2
1300.77620	651.39540	2	84.5373	2
1301.61000	651.81230	2	41.9884	1
1301.63635	434.88605	3	40.1388	2
1301.63775	651.82615	2	40.1494	2
1302.65945	652.33700	2	66.1166	2
1302.72800	652.37130	2	74.5737	2
1303.51425	652.76440	2	64.9073	2
1303.60530	652.80990	2	60.1706	1
1303.62000	652.81730	2	47.4501	1
1303.74360	652.87910	2	74.8929	2
1304.61120	653.31290	2	42.2900	2
1304.73515	653.37485	2	78.3861	2
1305.62430	653.81945	2	51.0817	2
1305.63405	436.21860	3	61.0644	2
1305.70505	653.85980	2	73.0404	2
1306.58255	436.53480	3	39.9881	2
1306.65215	436.55800	3	39.4910	2
1306.66185	654.33820	2	31.3127	2
1306.67555	654.34505	2	75.2928	2
1307.66250	654.83850	2	60.9931	1
1307.66300	654.83880	2	60.9592	1
1308.66100	655.33780	2	62.7231	3
1308.72035	655.36745	2	86.4663	2
1308.72080	437.24750	3	86.5339	2
1308.74140	655.37800	2	59.7912	2
1308.77720	655.39590	2	72.4862	2
1309.63120	655.82290	2	67.0436	3
1309.65190	655.83320	2	63.2528	1
1309.66395	437.56190	3	71.4084	2
1310.56105	656.28780	2	35.8986	2
1310.68075	656.34765	2	80.0980	2
1310.70170	437.90785	3	45.7755	2
1311.57125	656.79290	2	59.2998	2
1311.58310	656.79885	2	50.2653	2
1311.65030	656.83240	2	88.5860	1
1311.76625	656.89040	2	84.0669	2
1313.61225	657.81340	2	62.8918	2
1313.69330	438.90505	3	52.2249	2
1313.70400	657.85930	2	87.0103	2
1313.71900	438.91360	3	61.5842	1
1313.72020	657.86735	2	84.5993	2
1313.74540	438.92240	3	53.7471	2
1314.69680	658.35570	2	48.3392	2
1314.69705	658.35580	2	62.5485	2
1314.70075	439.24085	3	48.3602	2
1315.59110	658.80280	2	72.3799	1
1315.65755	658.83605	2	72.4278	2
1315.67850	658.84650	2	59.9638	2
1315.69870	658.85660	2	72.8787	1
1315.70955	658.86205	2	64.5798	2
1316.56555	659.29005	2	55.2505	2
1316.66820	659.34140	2	75.6814	3
1316.67645	439.89940	3	64.0906	2
1316.73415	659.37435	2	68.0067	2
1316.73500	659.37475	2	95.5978	2
1317.61055	440.21075	3	52.7663	2
1317.64290	659.82870	2	42.3544	2
1317.74910	440.25700	3	75.0156	2
1318.66315	660.33885	2	78.7620	2
1319.66445	440.89545	3	53.9305	2
1319.66490	660.83970	2	53.9545	1
1319.69150	660.85305	2	81.3736	2
1319.70860	440.91015	3	63.9434	2
1320.59840	661.30645	2	71.7568	2
1320.61110	661.31280	2	55.6662	2
1320.62365	441.21515	3	40.6553	2
1320.62440	661.31950	2	40.6634	2
1320.68600	661.35025	2	90.5409	14
1321.61550	661.81505	2	51.9907	2
1321.76355	661.88905	2	80.6210	2
1321.76445	441.59545	3	80.5446	2
1322.66955	662.34205	2	88.7115	2
1322.67255	662.34355	2	64.0311	2
1322.70600	441.90925	3	36.9155	2
1322.72675	662.37065	2	72.3679	2
1323.71935	442.24705	3	71.0208	2
1324.69235	663.35345	2	77.7431	2
1324.73405	663.37430	2	63.1209	2
1324.78280	442.60150	3	65.0291	2
1325.74880	663.88165	2	82.9077	2
1326.62135	664.31795	2	60.5427	2
1326.68905	443.23695	3	31.4446	2
1326.69020	664.35240	2	31.4170	2
1327.56415	664.78935	2	49.6538	2
1327.65350	443.55840	3	57.0152	2
1328.74560	443.92245	3	42.1205	2
1328.75285	443.92490	3	71.1065	2
1328.75330	665.38390	2	71.2549	2
1329.65340	665.83400	2	58.9754	1
1329.65390	665.83420	2	43.5593	2
1329.69240	665.85350	2	76.7795	1
1329.69405	444.23865	3	65.6732	2
1330.71335	666.36395	2	61.5291	2
1330.78180	666.39815	2	85.5986	2
1331.67600	666.84530	2	74.3193	2
1331.70900	666.86175	2	80.5774	2
1331.70920	666.86190	2	63.3542	1
1331.72855	666.87155	2	91.9911	2
1331.74510	666.87985	2	82.0586	2
1331.76575	444.92915	3	45.6944	2
1331.76725	666.89090	2	45.6752	2
1332.64615	667.33035	2	47.9037	2
1332.70240	667.35850	2	82.5463	2
1333.59415	667.80435	2	43.4435	2
1334.66195	445.89460	3	46.3897	2
1334.71935	668.36695	2	53.7770	2
1334.71940	445.91370	3	53.7477	2
1334.72450	668.36955	2	76.4059	2
1335.63910	668.82680	2	71.8125	2
1335.64380	668.82915	2	59.8138	2
1335.65040	668.83250	2	69.9019	1
1336.59705	669.30580	2	55.8162	4
1336.74660	446.58950	3	43.1226	1
1336.74795	669.38125	2	43.1020	2
1336.80870	669.41160	2	79.7077	2
1337.57290	669.79370	2	39.0117	3
1337.66460	669.83960	2	76.3691	1
1337.67200	669.84330	2	73.2316	2
1338.61280	670.31365	2	60.7802	2
1338.66965	670.34210	2	63.0072	2
1338.71390	447.24520	3	47.3292	1
1338.71945	670.36700	2	72.3652	2
1339.65215	670.83335	2	64.5141	2
1339.74495	447.58890	3	55.6643	2
1339.75350	670.88400	2	81.6468	2
1339.77150	447.59780	3	93.9319	1
1339.77225	670.89340	2	95.8299	6
1340.59765	671.30610	2	49.5414	2
1340.73005	671.37230	2	62.0085	2
1341.62140	671.81795	2	74.9758	2
1341.69180	671.85315	2	45.6442	6
1341.72685	448.24955	3	44.0954	2
1342.65170	448.55785	3	54.2245	2
1342.65195	448.55795	3	37.5563	2
1342.69205	672.35330	2	70.3974	2
1342.70920	448.57700	3	56.3386	2
1342.71140	672.36300	2	62.7409	2
1342.73555	672.37505	2	85.9465	14
1343.76625	448.92935	3	54.5449	2
1343.76745	672.89100	2	54.5117	2
1344.68195	673.34825	2	53.6094	2
1344.71475	673.36465	2	65.8839	2
1344.72970	449.25050	3	72.1446	1
1344.74115	673.37785	2	83.3280	2
1344.74410	449.25530	3	81.5608	1
1344.74670	449.25620	3	67.7701	1
1345.62200	449.54790	3	33.3910	1
1345.62310	673.81880	2	33.4775	2
1345.66310	673.83885	2	58.9267	2
1345.73030	673.87240	2	97.8131	1
1346.57895	674.29675	2	40.0524	2
1346.67365	674.34410	2	72.9492	2
1346.68280	674.34870	2	77.9041	2
1346.76690	449.92955	3	68.4236	2
1346.76750	674.39100	2	68.4964	2
1347.58030	674.79745	2	53.1656	2
1347.58500	450.20230	3	43.9168	2
1347.66825	674.84140	2	88.2891	2
1347.72205	674.86830	2	84.6704	2
1347.74655	450.25615	3	63.3879	2
1347.74690	674.88070	2	63.4584	2
1347.76470	450.26215	3	82.8482	2
1349.56870	675.79160	2	76.2394	1
1349.59160	675.80310	2	32.8689	2
1349.64590	675.83025	2	60.7291	2
1349.68315	675.84885	2	69.4166	2
1349.68640	675.85050	2	60.8484	2
1350.60905	676.31180	2	39.9390	2
1350.64070	676.32760	2	75.9831	2
1350.71540	676.36495	2	73.7003	2
1351.63710	676.82580	2	34.1562	2
1351.63775	451.55320	3	34.1456	2
1351.64115	676.82785	2	60.5755	2
1351.71215	451.57800	3	50.1491	2
1352.59565	451.87245	3	30.9145	2
1352.63960	677.32710	2	63.3130	1
1352.72920	451.91700	3	55.1239	2
1352.75675	677.38565	2	67.9123	2
1353.72075	677.86765	2	87.9781	2
1353.72610	677.87035	2	65.5088	2
1354.72765	678.37110	2	90.1145	4
1355.71530	678.86495	2	87.4097	2
1355.71930	678.86695	2	85.1343	2
1355.73110	678.87285	2	56.5463	2
1355.77810	678.89635	2	81.9921	2
1356.73630	679.37540	2	60.0217	2
1356.74855	453.25680	3	48.6179	2
1356.75040	679.38250	2	48.6310	2
1357.66350	679.83900	2	49.8870	2
1357.67210	679.84330	2	30.5098	1
1357.67410	453.56530	3	30.3362	1
1357.74505	453.58895	3	58.3437	2
1357.74575	679.88015	2	58.4075	2
1358.15415	453.72530	3	51.6698	4
1358.62945	680.32200	2	59.7067	2
1358.65935	680.33695	2	88.5342	2
1358.66170	680.33810	2	56.8389	2
1358.66870	680.34160	2	45.9359	2
1358.66905	453.89695	3	45.9027	2
1358.67865	453.90015	3	38.6703	2
1358.67975	680.34715	2	38.7405	2
1358.74115	680.37785	2	82.6144	2
1358.75400	680.38425	2	92.2438	2
1359.68200	680.84825	2	66.9392	2
1359.68785	454.23655	3	38.3757	2
1360.58615	454.53600	3	33.8200	2
1360.58900	681.30180	2	33.8521	1
1360.70065	681.35760	2	75.4217	2
1361.66760	681.84105	2	40.4240	2
1361.67235	681.84345	2	66.6745	2
1361.71980	681.86720	2	68.6094	2
1361.72455	681.86955	2	71.3799	2
1362.59025	682.30240	2	48.7340	2
1362.71310	682.36380	2	87.4872	1
1362.71380	682.36415	2	58.1617	2
1362.71695	682.36575	2	71.9909	2
1362.72145	682.36800	2	83.2284	2
1363.65950	682.83705	2	62.8310	2
1363.68480	682.84965	2	72.7677	2
1363.69030	455.57070	3	45.1706	2
1363.69225	682.85340	2	45.3177	2
1364.59275	683.30365	2	51.2945	2
1364.59280	455.87150	3	51.2722	1
1364.63960	683.32705	2	64.2908	2
1364.66885	683.34170	2	45.0740	2
1364.68395	683.34925	2	61.2919	2
1364.71885	683.36670	2	64.6466	2
1364.73510	683.37480	2	69.1687	2
1365.55885	456.19355	3	42.2316	2
1365.67735	683.84595	2	55.8672	2
1365.67845	456.23345	3	55.8400	2
1366.73240	456.58470	3	36.3967	1
1366.75860	456.59350	3	36.5413	2
1366.84420	684.42940	2	99.4852	1
1367.54550	684.78000	2	33.2730	3
1367.65370	456.89185	3	51.5250	2
1367.67240	456.89810	3	50.4292	1
1367.68745	456.90310	3	51.7989	2
1367.68935	684.85195	2	51.8936	2
1367.71290	684.86370	2	71.5036	2
1367.71610	456.91260	3	38.0794	1
1367.76815	684.89135	2	83.1038	2
1367.77810	684.89635	2	74.9583	2
1368.64950	457.22380	3	67.4111	1
1368.75045	685.38250	2	74.5151	2
1368.79700	457.27290	3	63.7669	1
1368.79870	457.27350	3	63.7332	1
1369.67335	457.56505	3	52.2491	2
1369.79320	457.60500	3	54.6739	3
1369.79335	685.90395	2	54.7252	2
1370.72330	686.36890	2	78.9811	2
1370.81800	686.41625	2	94.2638	2
1371.68335	686.84895	2	73.2886	2
1371.70560	686.86010	2	90.9610	1
1371.73445	458.25210	3	49.7102	2
1371.74550	458.25580	3	54.8849	1
1372.68395	687.34925	2	65.9968	2
1372.71790	458.57990	3	54.5062	2
1373.68980	687.85215	2	37.9345	2
1373.74135	687.87795	2	70.5580	2
1373.75215	687.88335	2	56.9623	2
1374.68860	459.23680	3	47.9973	1
1374.68860	688.35160	2	47.9680	2
1374.71065	688.36260	2	73.1973	2
1374.76160	459.26115	3	77.5480	2
1374.76240	688.38850	2	77.5588	2
1374.78805	688.40130	2	83.8231	2
1376.70605	689.36030	2	89.1102	2
1376.71330	689.36390	2	82.9596	1
1376.71885	689.36670	2	64.8513	2
1376.84960	459.95715	3	66.2058	2
1377.67075	689.84265	2	82.6792	2
1377.67795	689.84625	2	75.3821	2
1377.68615	689.85035	2	32.7296	2
1377.69735	689.85595	2	88.6018	4
1378.23355	690.12405	2	84.2654	4
1378.69775	690.35615	2	59.8236	2
1378.75705	690.38580	2	93.9563	2
1379.76510	460.92900	3	72.5068	1
1379.76705	690.89080	2	72.4278	2
1379.77140	690.89300	2	79.7620	2
1380.79900	691.40675	2	76.1913	2
1381.67380	691.84420	2	65.9895	1
1381.74490	691.87970	2	73.3967	1
1382.65170	692.33310	2	76.2437	2
1382.75985	692.38720	2	77.2392	2
1383.54065	692.77760	2	25.5550	2
1383.68135	462.23440	3	43.1980	2
1384.61795	693.31625	2	52.0460	2
1384.64030	462.55400	3	55.1777	1
1384.66300	693.33875	2	55.9343	2
1384.66930	693.34190	2	83.1553	1
1384.75200	693.38330	2	83.3071	2
1385.73465	693.87460	2	74.8847	2
1385.75165	693.88310	2	62.0086	2
1387.56070	694.78765	2	61.5157	2
1387.63160	694.82310	2	74.7946	2
1387.66685	463.56285	3	48.0803	2
1387.68810	694.85135	2	82.0028	2
1387.69385	694.85420	2	56.6090	2
1387.69580	694.85515	2	70.3743	2
1387.72840	463.58340	3	83.2960	2
1387.72885	694.87170	2	83.3876	2
1387.74610	694.88030	2	65.6105	2
1388.55655	695.28555	2	55.1884	2
1388.70650	695.36055	2	52.2814	2
1389.73415	695.87435	2	87.0504	2
1390.65430	696.33440	2	37.6147	1
1390.70850	464.57680	3	35.1805	1
1390.75625	464.59270	3	67.3149	2
1391.69480	696.85470	2	60.2136	3
1391.70570	696.86010	2	52.8643	2
1391.88400	696.94930	2	87.8997	1
1392.61605	465.21260	3	59.0470	2
1392.66760	697.34105	2	62.9162	2
1392.87225	697.44340	2	83.3989	2
1393.64250	697.82850	2	68.0659	2
1393.65230	697.83340	2	70.6769	2
1393.67820	697.84635	2	70.1540	2
1393.69130	697.85290	2	81.8688	2
1393.70125	465.57435	3	55.4987	2
1393.70300	697.85880	2	76.9510	2
1395.65200	698.83325	2	58.1000	2
1395.71075	466.24420	3	39.8654	2
1395.71125	698.86290	2	39.8423	2
1396.67820	699.34640	2	76.7521	2
1396.80450	699.40955	2	66.0939	2
1397.60315	466.87500	3	46.7121	2
1397.60510	699.80980	2	46.8009	1
1397.78710	466.93630	3	65.1702	1
1397.79560	699.90505	2	79.0389	2
1398.62650	700.32055	2	52.4199	2
1398.70280	700.35870	2	89.5358	1
1398.73655	467.25280	3	50.8145	2
1398.77235	700.39345	2	63.5828	2
1399.69550	700.85505	2	54.4160	2
1399.70010	467.57400	3	48.4430	1
1401.57275	701.79365	2	42.5285	2
1401.71150	468.24445	3	42.0505	2
1401.76285	701.88870	2	80.1568	2
1402.75055	702.38255	2	76.5137	2
1403.63950	702.82705	2	60.5209	2
1403.74050	702.87755	2	68.8526	2
1403.74075	468.92085	3	40.5631	2
1403.74175	702.87815	2	40.6003	2
1404.79790	703.40620	2	67.6165	2
1405.65190	703.83320	2	55.9237	2
1405.67270	469.56480	3	43.8178	1
1405.68230	469.56805	3	71.2284	2
1406.66160	469.89450	3	51.7020	1
1406.71535	704.36495	2	74.2538	2
1407.72435	470.24870	3	49.7425	2
1407.76440	704.88950	2	86.0226	1
1407.78355	470.26845	3	65.7921	2
1407.78420	470.26865	3	59.9360	2
1408.64965	705.33210	2	77.0797	2
1408.66200	705.33830	2	70.0776	3
1408.66800	705.34125	2	39.0436	2
1409.68740	705.85100	2	68.1607	2
1409.74060	470.92080	3	49.1194	2
1410.69985	706.35720	2	55.5418	2
1410.72480	471.24890	3	50.3839	2
1410.72580	706.37020	2	50.4397	1
1410.77210	471.26465	3	57.1648	2
1411.65945	706.83700	2	48.1712	2
1411.67415	706.84435	2	72.0963	2
1411.71635	471.57940	3	69.6685	2
1411.82840	471.61675	3	72.4250	2
1411.82920	706.92190	2	72.3079	2
1412.64925	707.33190	2	88.6801	2
1412.77490	707.39470	2	50.9954	2
1412.81410	707.41435	2	82.4559	2
1412.82530	471.94900	3	74.7506	1
1412.83870	707.42665	2	66.2716	2
1412.83945	471.95375	3	66.2388	2
1413.67550	707.84500	2	37.2381	2
1413.76670	707.89060	2	61.1767	2
1414.73050	472.58410	3	47.4818	2
1414.73120	708.37285	2	81.2782	2
1414.73150	708.37300	2	47.5397	2
1415.64910	708.83185	2	92.1037	2
1415.68840	708.85145	2	57.6322	2
1415.72660	708.87060	2	45.9438	2
1415.76200	472.92795	3	40.0238	2
1415.76660	708.89060	2	60.8414	1
1416.72450	709.36950	2	64.3896	2
1416.72895	709.37175	2	88.5696	2
1416.78040	473.26740	3	58.6835	2
1417.66540	709.84000	2	67.9395	1
1417.66900	709.84180	2	55.3057	2
1417.67995	473.56725	3	46.8302	2
1417.71115	709.86285	2	73.7885	2
1418.69765	473.90645	3	42.7554	2
1418.70805	710.36130	2	57.8820	2
1418.70990	710.36225	2	80.1093	2
1419.66415	710.83935	2	57.1592	2
1419.69865	474.24015	3	51.1927	2
1419.70020	710.85740	2	51.2667	3
1419.81305	710.91380	2	80.7060	2
1420.65110	711.33285	2	46.8407	6
1421.70500	474.90895	3	58.2853	2
1421.80275	474.94150	3	63.1774	2
1422.59405	712.30430	2	36.4879	2
1422.59415	475.20530	3	36.5069	2
1422.67330	475.23170	3	40.6028	2
1422.68790	712.35120	2	65.2893	2
1422.75255	712.38355	2	78.2867	2
1423.66930	712.84195	2	81.8771	2
1424.66210	713.33830	2	67.8794	2
1424.71925	713.36690	2	66.5186	2
1425.67200	713.84330	2	73.2653	2
1425.80935	713.91195	2	73.4777	2
1425.81930	476.28040	3	61.9494	2
1426.78955	476.60380	3	42.9278	2
1427.64265	714.82860	2	46.3598	2
1427.72620	714.87040	2	52.7901	2
1427.79780	476.93985	3	57.4222	2
1427.79995	714.90725	2	82.3910	2
1428.71160	477.24450	3	46.0001	2
1428.78260	477.26815	3	76.3530	2
1428.78400	715.39930	2	76.3744	1
1429.75070	715.88265	2	63.3931	2
1429.75540	477.59240	3	59.7681	3
1429.75720	715.88585	2	59.9025	2
1429.76145	715.88800	2	51.8041	2
1429.80255	715.90855	2	96.8943	2
1430.73165	716.37310	2	88.1833	2
1430.73785	477.91985	3	50.6936	2
1430.76180	716.38820	2	90.4379	1
1430.77415	716.39435	2	85.6241	2
1431.78800	478.26990	3	65.1499	2
1431.79905	716.90680	2	79.4406	2
1432.71520	478.57900	3	44.9353	1
1432.71790	717.36620	2	44.9784	1
1434.73580	718.37520	2	63.1168	1
1434.74705	718.38080	2	73.2571	2
1435.66230	718.83845	2	38.1883	2
1435.73180	718.87320	2	67.9701	1
1435.76735	718.89095	2	62.7707	2
1436.69320	479.90500	3	55.4071	2
1436.69390	719.35420	2	55.5041	2
1436.70430	719.35940	2	68.1130	3
1436.76350	479.92840	3	51.7514	2
1436.78735	479.93635	3	61.9226	2
1437.69295	719.85375	2	63.4529	2
1438.77270	720.39360	2	81.2062	1
1439.64580	720.83020	2	48.3869	1
1439.79885	720.90670	2	72.5687	2
1440.82005	721.41730	2	79.0972	2
1441.63300	721.82380	2	76.6528	1
1441.83155	721.92305	2	85.7407	2
1442.65025	722.33240	2	83.5979	2
1442.66865	722.34160	2	51.6200	2
1442.68805	722.35130	2	79.6674	2
1442.72845	481.91675	3	49.7751	2
1443.67330	722.84390	2	43.5863	2
1443.80960	722.91210	2	73.5144	2
1443.84565	722.93010	2	79.2471	2
1444.66985	723.34220	2	56.0808	2
1444.67865	723.34660	2	84.5609	2
1444.73180	482.58450	3	50.6571	1
1444.74275	723.37865	2	70.3605	2
1444.77080	482.59755	3	60.4703	2
1444.81130	723.41290	2	87.3200	1
1446.78400	483.26860	3	64.0464	1
1447.20260	724.60860	2	63.3521	4
1447.73305	724.87380	2	67.4972	2
1447.75550	483.59245	3	56.4821	2
1448.71530	725.36490	2	56.7016	2
1448.73755	725.37605	2	76.8332	2
1448.74385	725.37920	2	82.7816	2
1449.67705	725.84580	2	62.1870	2
1449.71385	725.86420	2	73.7371	2
1449.86690	484.29625	3	59.9042	2
1450.72425	726.36940	2	81.4096	2
1450.73620	726.37535	2	89.3594	2
1450.81770	484.61315	3	65.2011	2
1451.66455	484.89545	3	49.0004	2
1451.71280	484.91150	3	34.0039	1
1451.79695	484.93955	3	51.4893	2
1452.69750	727.35600	2	57.0111	1
1452.76840	485.26340	3	57.3062	2
1452.79895	727.40675	2	90.1644	2
1453.76120	727.88790	2	56.0515	2
1454.72975	728.37215	2	78.7131	2
1454.76220	485.92800	3	66.3286	1
1454.87130	485.96440	3	76.6113	2
1454.87135	728.44295	2	76.5030	2
1455.69950	728.85700	2	67.6482	2
1455.69990	486.24055	3	67.6273	2
1455.83830	728.92640	2	80.6771	2
1457.78810	729.90135	2	80.9899	2
1457.78820	486.93665	3	80.9341	2
1457.81480	729.91470	2	84.0783	1
1458.74695	487.25625	3	76.0544	2
1458.74780	730.38115	2	68.7949	2
1458.78000	487.26730	3	41.8159	1
1459.70475	730.85965	2	58.3824	2
1459.70945	730.86200	2	67.0661	2
1459.74340	730.87900	2	63.3239	3
1459.83995	487.62055	3	75.2260	2
1459.84080	730.92770	2	75.2927	2
1461.73860	731.87660	2	64.5742	1
1461.83735	731.92595	2	76.7018	2
1461.83825	488.28665	3	76.4515	2
1462.69550	732.35500	2	64.8712	2
1463.27145	732.64300	2	61.4243	2
1463.67515	488.89900	3	62.4138	2
1463.70730	488.90970	3	66.0984	1
1463.70915	732.86185	2	65.9056	2
1463.70920	732.86185	2	79.5456	2
1463.74155	488.92115	3	71.6246	2
1463.75075	732.88265	2	71.6561	2
1464.30070	489.10750	3	64.5079	4
1464.75095	489.25755	3	81.1552	2
1464.77830	733.39640	2	61.8825	1
1464.79425	733.40440	2	61.3539	2
1464.79545	733.40500	2	67.3934	2
1465.67260	733.84360	2	51.4897	1
1465.73145	733.87300	2	86.4048	2
1466.66385	489.89525	3	43.8573	2
1466.77120	734.39290	2	43.7589	1
1466.77375	489.93185	3	43.7290	2
1467.82300	490.28160	3	55.7651	3
1468.69325	735.35390	2	53.7471	2
1468.79710	735.40580	2	73.9802	2
1470.74590	491.25590	3	65.5757	2
1470.74765	491.25650	3	55.8401	2
1470.79825	736.40640	2	88.3623	2
1470.84605	736.43030	2	82.7491	2
1471.70970	736.86215	2	54.0908	2
1471.74075	736.87765	2	64.8522	2
1471.75685	491.59290	3	66.3942	2
1472.71460	491.91210	3	45.0008	1
1472.73670	491.91950	3	57.1921	2
1472.73790	737.37620	2	57.2817	2
1472.77595	491.93260	3	58.8895	2
1473.76170	492.26120	3	74.0977	1
1474.76785	738.39120	2	78.7868	2
1475.77410	492.93195	3	62.5398	2
1476.69710	739.35580	2	52.6310	1
1476.71000	739.36230	2	64.6741	2
1476.78505	739.39980	2	72.6164	2
1477.64770	493.55650	3	32.4414	1
1477.74195	739.87825	2	84.2257	2
1477.76150	739.88805	2	71.8811	2
1477.76920	739.89190	2	87.6213	1
1478.77750	740.39605	2	73.9218	2
1479.73550	740.87500	2	76.9728	1
1479.87750	740.94605	2	78.9050	2
1480.68945	494.57045	3	35.5265	2
1480.69020	741.35240	2	35.5537	1
1480.71670	741.36565	2	84.7982	2
1480.83620	494.61935	3	58.6325	2
1481.72600	494.91590	3	61.7075	1
1481.73650	494.91940	3	52.3045	1
1482.80180	742.40820	2	86.1679	1
1482.81660	742.41555	2	89.1965	2
1482.83090	742.42275	2	67.8162	2
1483.71320	495.57830	3	61.0923	2
1483.74575	495.58920	3	29.0739	2
1483.76400	742.88930	2	75.7623	2
1484.80980	743.41220	2	82.7436	2
1484.82050	495.94745	3	74.1354	2
1484.82105	743.41780	2	74.2335	2
1485.82460	496.28210	3	86.5842	1
1485.82550	743.92005	2	86.5394	2
1486.71945	496.58040	3	75.2630	2
1486.76535	744.38995	2	70.8677	2
1486.78210	744.39830	2	66.7543	3
1486.78220	496.60130	3	66.8669	1
1487.22545	744.62000	2	77.1258	4
1488.64895	745.33175	2	49.1275	2
1488.74270	497.25485	3	44.7826	2
1488.74380	745.37920	2	44.8660	1
1488.79445	497.27205	3	58.9777	2
1489.74640	745.88050	2	89.6927	2
1490.73070	497.91750	3	57.6432	1
1491.81020	746.91240	2	88.9861	1
1492.68000	747.34730	2	80.9523	1
1492.70690	747.36070	2	52.3910	1
1492.71100	747.36275	2	48.0476	2
1492.73805	498.58660	3	75.5449	2
1492.80640	498.60940	3	75.9490	1
1493.64785	498.88990	3	38.5784	2
1493.64925	747.83190	2	38.6523	2
1493.74840	498.92340	3	56.2104	2
1493.74850	747.88150	2	56.1689	2
1495.74225	499.58805	3	68.6393	2
1495.84070	748.92760	2	81.2510	2
1495.85530	499.62570	3	81.4491	2
1495.85565	748.93510	2	81.5826	2
1495.87175	499.63120	3	69.0682	2
1496.68705	749.35080	2	84.8622	2
1496.76205	499.92795	3	56.4165	2
1496.76355	749.38905	2	64.5798	2
1496.78605	749.40030	2	70.7686	2
1496.82815	749.42135	2	91.2767	2
1498.76185	750.38820	2	74.7034	2
1498.77990	750.39725	2	68.1607	2
1498.84175	750.42815	2	84.5615	2
1499.71405	500.91195	3	55.5339	2
1500.76235	501.26140	3	55.7216	2
1500.79335	751.40395	2	59.0394	2
1500.79800	501.27325	3	59.1018	2
1500.81510	501.27900	3	64.6410	1
1500.81555	501.27915	3	68.7280	2
1501.71650	501.57945	3	50.9876	2
1501.71705	751.86580	2	51.0439	2
1501.77810	751.89630	2	72.0445	5
1501.80040	751.90745	2	67.5622	2
1502.64790	752.33125	2	78.1352	2
1502.75065	752.38260	2	87.5717	2
1502.77600	752.39530	2	57.6274	1
1503.70650	502.24280	3	46.0783	1
1504.74945	502.59040	3	53.9911	2
1504.78050	753.39755	2	80.5146	2
1504.79790	753.40620	2	68.9123	2
1504.87700	502.63290	3	79.8342	2
1505.65350	502.89180	3	47.4047	2
1505.72500	502.91560	3	60.9051	2
1505.91955	753.96705	2	92.5890	2
1506.79425	754.40440	2	65.9001	2
1506.79505	754.40480	2	60.1212	2
1507.71490	503.57890	3	63.3364	2
1507.73340	503.58510	3	52.5641	1
1508.74245	503.92145	3	86.6103	2
1508.74295	755.37875	2	86.4747	2
1508.75655	503.92615	3	76.6343	2
1508.81410	755.41435	2	48.7471	2
1508.81425	503.94535	3	48.7929	2
1509.65780	504.22655	3	47.0325	2
1509.66050	755.83750	2	47.1506	1
1509.74740	504.25640	3	52.1348	2
1510.71415	504.57865	3	57.7558	2
1510.71560	756.36505	2	57.7914	2
1510.74505	756.37980	2	74.3862	2
1511.71640	756.86550	2	42.2953	2
1511.78935	756.90195	2	98.1014	2
1511.85740	756.93600	2	80.3278	2
1512.20835	505.07670	3	43.3580	4
1512.87660	757.44560	2	84.6313	2
1512.87740	505.29975	3	84.7233	2
1513.69705	757.85580	2	68.0404	2
1513.75085	757.88270	2	77.2949	2
1513.87540	757.94495	2	95.8739	2
1514.72290	505.91490	3	56.3263	2
1514.79780	758.40620	2	66.0939	2
1514.79930	758.40690	2	91.0762	2
1514.85740	758.43595	2	89.5928	2
1514.85930	505.96040	3	89.6836	1
1515.71760	506.24650	3	77.7355	2
1515.71785	758.86620	2	77.5850	2
1515.75280	506.25820	3	32.6867	2
1515.75400	758.88430	2	32.7241	2
1515.75445	758.88450	2	50.8074	2
1515.76645	758.89050	2	88.9284	2
1515.77105	506.26425	3	78.0588	2
1515.82225	758.91840	2	78.8758	2
1516.77990	759.39725	2	74.0468	2
1516.80050	759.40750	2	79.2586	2
1516.80420	506.60870	3	48.9098	1
1516.83210	759.42335	2	79.6995	2
1517.73020	759.87235	2	62.1955	2
1517.73770	759.87615	2	69.7514	2
1517.80840	506.94340	3	76.1886	2
1517.81030	759.91240	2	76.2767	1
1518.79415	760.40435	2	83.6932	2
1518.92530	507.31570	3	62.6515	2
1519.82370	760.91915	2	91.7781	2
1520.71880	761.36670	2	77.2446	2
1520.73725	761.37590	2	53.0422	2
1521.80530	761.90990	2	44.6655	1
1523.76400	762.88930	2	92.5059	1
1523.86785	508.96325	3	76.6262	2
1523.88090	762.94775	2	89.5873	2
1524.63550	509.21910	3	54.1703	2
1524.74060	763.37760	2	71.5286	2
1525.76655	509.59615	3	63.1899	2
1526.73290	509.91825	3	33.8629	2
1527.70985	510.24385	3	35.2092	2
1527.78060	764.89760	2	91.1490	1
1527.82120	764.91790	2	68.0614	1
1528.74660	765.38055	2	92.3591	2
1528.79955	765.40705	2	72.2756	2
1528.80960	510.61045	3	69.1362	2
1529.66370	765.83910	2	38.4398	2
1529.80810	765.91130	2	86.5282	1
1529.84070	510.95415	3	63.7106	2
1529.85835	510.96005	3	79.0971	2
1530.64820	511.22335	3	39.5767	6
1530.80270	511.27480	3	66.0545	2
1531.77540	766.89495	2	65.3583	2
1532.77440	767.39450	2	73.5480	2
1532.79720	767.40590	2	71.5398	2
1532.82105	767.41780	2	81.7127	2
1533.72410	767.86930	2	71.0451	1
1533.72440	767.86950	2	70.9780	1
1533.74170	512.25450	3	35.0865	1
1533.74560	512.25580	3	50.2504	2
1533.74750	767.88100	2	67.8106	2
1533.74895	767.88175	2	50.3283	2
1533.79995	767.90725	2	96.5544	2
1534.29735	768.15595	2	73.7534	4
1535.67135	512.89770	3	37.1793	2
1535.67795	768.84625	2	59.9750	2
1535.78430	512.93535	3	67.8794	2
1537.72065	513.58085	3	79.0678	2
1537.79500	769.90475	2	76.0247	2
1538.82330	770.41895	2	78.2212	2
1540.80810	514.60995	3	62.8226	2
1540.82115	514.61435	3	47.6616	2
1541.78605	514.93595	3	57.7896	2
1541.78760	771.90110	2	57.9058	1
1541.80270	514.94150	3	59.1585	1
1541.81800	771.91630	2	69.0925	2
1541.82970	514.95050	3	75.1398	2
1541.83080	771.92270	2	75.0100	2
1542.77105	515.26430	3	53.8716	2
1542.79070	772.40265	2	61.2999	2
1542.80300	515.27490	3	56.5383	1
1542.84260	772.42855	2	92.3790	2
1546.69800	774.35630	2	66.1523	2
1547.77435	516.93205	3	54.1217	2
1547.82065	774.91760	2	70.2759	2
1547.82500	516.94890	3	62.2719	1
1547.83115	516.95100	3	57.9373	2
1547.83195	774.92325	2	57.9746	2
1548.77845	775.39650	2	70.5499	2
1548.77890	517.26690	3	70.6487	2
1548.78110	775.39780	2	84.6587	1
1548.80030	517.27405	3	60.7881	2
1548.92410	775.46930	2	79.6463	2
1549.73980	775.87715	2	62.6838	2
1549.74450	517.58875	3	62.4848	2
1549.82875	775.92165	2	72.7979	2
1549.89480	517.63890	3	57.6219	1
1550.68855	517.90345	3	33.3796	2
1550.74085	517.92090	3	51.3995	2
1550.74665	776.38060	2	51.3828	2
1550.76920	517.93035	3	57.2469	2
1550.77005	776.39230	2	57.3399	2
1550.85540	776.43500	2	94.9734	2
1551.71715	518.24630	3	36.1998	2
1551.76760	776.89110	2	67.7070	1
1551.77545	518.26575	3	39.2353	2
1551.84680	776.93070	2	89.6269	2
1553.83120	518.95100	3	80.6289	1
1553.83245	777.92350	2	80.6098	2
1555.73805	778.87630	2	71.7256	2
1555.75010	519.59065	3	51.7458	2
1555.76255	519.59475	3	55.4068	2
1555.78920	778.90185	2	82.8119	2
1555.88245	519.63475	3	77.2311	2
1556.84260	779.42860	2	90.4437	2
1557.78310	779.89885	2	79.4199	2
1557.83145	520.28440	3	72.2245	2
1558.77480	780.39465	2	67.0305	2
1559.61075	780.81265	2	73.0457	2
1559.75260	520.92480	3	70.8070	2
1559.75990	520.92725	3	77.7070	2
1559.82070	780.91760	2	87.1966	1
1559.83780	780.92615	2	85.6964	2
1560.30550	781.16000	2	78.6274	4
1561.78845	781.90150	2	76.1205	2
1561.83620	781.92540	2	87.3316	2
1562.77330	521.93170	3	66.6094	2
1563.80385	522.27525	3	73.3227	2
1564.29865	783.15660	2	73.4948	4
1564.71580	522.57920	3	53.4179	1
1564.71630	783.36540	2	53.4925	2
1564.74150	783.37800	2	55.8082	2
1565.78720	522.93630	3	57.5389	2
1565.83160	522.95110	3	66.4287	2
1567.82625	784.92040	2	81.4715	2
1567.89385	523.63855	3	65.1768	2
1567.89990	784.95720	2	96.5240	1
1569.87765	785.94610	2	76.3766	2
1569.91620	785.96535	2	86.8408	2
1570.74510	524.58895	3	52.0781	2
1570.80910	786.41180	2	59.1640	1
1572.78245	787.39850	2	58.4675	2
1572.82875	787.42165	2	78.6110	2
1572.83050	525.28410	3	78.4746	2
1573.77490	787.89470	2	86.5676	1
1573.82690	787.92075	2	80.7714	2
1573.83760	787.92610	2	74.6625	1
1574.71040	788.36250	2	70.9260	2
1575.78390	788.89920	2	70.3222	3
1576.75300	789.38380	2	74.8262	2
1577.76985	789.89220	2	71.7512	2
1577.78950	789.90205	2	75.4835	2
1578.26180	527.09450	3	72.3152	4
1578.83690	527.28625	3	70.2955	2
1578.85225	527.29135	3	56.3020	2
1578.87445	790.44450	2	83.0776	2
1578.87465	527.29885	3	83.0484	2
1580.70060	527.90745	3	40.9938	2
1580.80565	527.94245	3	61.9252	2
1580.81980	791.41720	2	71.6197	1
1580.86210	791.43830	2	94.4554	2
1580.92950	527.98375	3	75.3233	2
1581.76490	791.88970	2	65.8838	2
1582.84765	792.43110	2	77.8749	2
1584.73970	529.25380	3	66.2008	1
1585.68815	793.85135	2	63.8414	2
1585.82110	529.61430	3	65.0510	2
1586.86950	794.44200	2	85.4990	2
1587.85755	530.29315	3	64.4212	2
1588.72545	795.37000	2	70.4202	2
1589.81945	530.94705	3	83.8645	2
1589.82175	795.91815	2	83.7575	2
1590.76340	796.38900	2	78.1891	2
1590.80025	796.40740	2	81.4151	2
1591.74940	531.59040	3	44.1412	2
1591.75045	796.88250	2	44.1713	2
1591.80210	531.60795	3	58.5669	2
1591.80310	796.90885	2	58.7414	2
1591.86270	796.93860	2	86.3341	2
1592.82240	531.94810	3	66.6066	1
1592.91525	797.46490	2	72.0348	2
1593.74155	532.25445	3	55.0549	2
1593.74235	797.87845	2	55.1263	2
1593.94880	797.98165	2	81.8687	2
1595.80260	798.90860	2	91.6073	2
1595.86260	532.96145	3	50.5378	2
1596.76750	533.26310	3	52.9751	2
1597.86855	799.94155	2	70.0125	2
1597.88565	799.95010	2	81.0915	2
1598.84585	533.95585	3	82.4152	2
1599.78800	800.90130	2	43.0976	1
1599.83510	800.92480	2	83.4423	5
1599.84780	800.93115	2	74.3917	2
1599.88955	534.30380	3	62.9723	2
1599.89770	534.30650	3	76.8520	2
1600.78490	534.60225	3	63.9987	2
1600.83890	801.42670	2	65.3219	1
1600.84320	534.62165	3	64.2688	2
1600.86810	801.44135	2	63.8735	2
1601.72680	801.87070	2	52.6515	1
1602.80080	802.40770	2	76.3143	2
1602.86325	802.43890	2	72.7379	2
1603.80950	802.91200	2	80.8404	2
1604.74395	803.37925	2	64.2172	2
1604.78280	535.93490	3	68.0066	2
1606.76315	536.59500	3	69.6066	2
1607.79760	536.93980	3	48.4952	1
1607.85100	804.93280	2	84.9008	2
1607.90370	536.97520	3	79.5400	2
1609.83720	537.61965	3	88.5916	2
1609.83830	805.92645	2	88.6255	2
1610.72185	806.36820	2	65.3668	2
1610.78370	537.93520	3	65.1053	1
1610.90630	806.46045	2	97.1860	2
1610.97250	537.99810	3	70.6725	1
1611.78860	806.90160	2	74.6774	1
1611.78890	806.90175	2	64.9374	2
1612.85215	807.43335	2	84.4344	2
1612.85780	538.62650	3	69.9801	3
1612.87170	807.44315	2	88.8025	2
1612.90440	538.64205	3	76.5680	2
1613.85290	807.93375	2	82.4892	2
1613.90505	807.95980	2	80.6799	2
1614.76185	808.38820	2	88.5687	2
1614.83970	539.28720	3	77.1680	1
1614.84120	808.42790	2	76.9616	2
1615.75895	539.59360	3	57.3455	2
1615.85705	539.62630	3	72.5555	2
1616.73200	539.91790	3	48.0149	2
1616.78170	809.39810	2	74.6357	2
1616.84890	809.43170	2	91.9737	2
1617.78925	809.90190	2	44.4078	2
1617.92000	809.96730	2	98.4015	1
1619.81530	540.94570	3	65.3032	2
1620.86170	541.29450	3	85.8398	2
1620.86510	811.43985	2	85.8315	2
1621.82795	811.92125	2	84.2746	2
1621.87370	811.94410	2	70.5894	2
1622.76525	541.92905	3	37.7124	2
1622.79725	541.93970	3	81.3108	2
1622.82910	812.42180	2	67.8408	1
1623.86550	812.94000	2	87.3596	1
1625.77580	813.89520	2	77.4047	2
1625.77675	813.89565	2	80.5884	2
1625.83155	542.95110	3	82.7221	2
1626.85705	543.29295	3	56.9521	2
1626.86080	814.43770	2	57.0102	2
1627.74895	814.88175	2	67.1243	2
1628.79145	815.40300	2	94.2692	2
1628.79450	543.93875	3	94.3216	2
1628.79450	815.40455	2	81.0858	2
1628.81575	543.94585	3	56.3335	2
1628.81650	815.41555	2	56.4214	2
1629.87365	815.94410	2	69.3019	2
1629.88565	815.95010	2	88.4583	2
1630.84550	544.62245	3	81.6103	2
1631.82910	544.95030	3	60.9036	1
1631.88830	544.97000	3	73.4349	1
1631.92510	816.96980	2	71.3201	2
1631.92645	544.98275	3	71.2567	2
1632.77710	545.26630	3	46.5044	2
1633.84400	545.62195	3	79.2186	2
1633.85600	545.62590	3	61.7211	1
1634.80195	818.40825	2	62.3916	2
1634.82870	545.95020	3	44.4409	2
1634.88795	545.96990	3	53.6864	2
1635.80010	818.90735	2	81.5553	2
1635.82980	546.28390	3	81.3710	1
1636.83280	819.42370	2	72.4763	1
1636.93980	819.47715	2	91.2848	2
1638.84055	547.28745	3	75.3487	2
1639.74130	820.87795	2	62.0382	2
1639.87670	820.94560	2	77.4364	2
1639.87755	547.63310	3	77.3647	2
1639.87805	820.94630	2	94.3663	2
1639.88380	547.63520	3	94.6174	2
1640.84755	547.95645	3	47.3279	2
1641.77265	821.89360	2	74.0771	2
1641.88350	821.94900	2	83.9254	2
1642.69080	822.35270	2	47.2192	2
1642.80515	822.40985	2	59.1165	2
1642.85105	548.62430	3	48.4997	2
1642.85385	822.43420	2	48.5664	2
1642.88255	548.63480	3	79.0388	2
1643.79090	548.93755	3	47.2518	2
1643.82355	822.91905	2	44.7916	2
1643.82880	822.92170	2	74.6384	2
1643.84040	548.95405	3	66.3938	2
1644.75760	823.38610	2	77.2953	1
1645.90490	549.64225	3	67.0076	2
1646.83955	549.95375	3	61.2425	2
1648.79275	413.20550	4	43.8298	2
1648.79330	550.60500	3	43.7780	1
1648.96540	413.24860	4	58.0007	2
1648.96970	550.66380	3	57.9828	2
1649.72240	825.86850	2	63.2383	1
1649.93665	825.97560	2	76.5623	2
1651.90475	826.95965	2	88.0998	2
1651.92685	551.64955	3	84.4983	2
1651.92745	826.97100	2	84.4401	2
1653.87265	552.29815	3	75.6291	2
1653.92250	552.31475	3	76.1261	2
1654.78760	828.40105	2	70.4568	2
1654.82280	552.61490	3	77.6701	1
1654.89420	828.45440	2	80.8295	2
1655.76415	552.92865	3	49.1578	2
1657.81780	829.91620	2	88.2972	2
1657.91860	553.64680	3	82.9711	1
1658.79140	553.93770	3	54.4478	2
1658.83765	830.42610	2	78.7377	2
1659.91055	554.31080	3	78.4802	2
1659.91170	830.96315	2	78.5505	2
1660.74265	554.58815	3	64.7400	2
1660.84195	554.62125	3	62.1870	2
1661.90465	831.95960	2	77.7823	2
1662.80055	555.27410	3	51.9798	2
1662.82665	555.28280	3	69.5820	2
1662.82980	832.42215	2	69.5077	2
1663.79810	555.60660	3	71.4024	1
1664.77795	833.39625	2	83.3603	2
1664.81020	833.41240	2	78.8999	1
1664.84245	833.42850	2	72.9155	2
1664.86780	555.96320	3	64.4265	1
1665.89450	833.95450	2	76.1152	1
1666.86905	834.44180	2	76.7277	2
1666.87060	556.63080	3	76.6256	2
1666.87650	834.44550	2	80.4877	2
1666.91715	834.46585	2	82.1910	2
1667.79470	556.93880	3	44.4589	1
1667.81690	556.94620	3	57.8322	1
1667.86225	834.93840	2	77.0501	2
1668.81235	557.27805	3	57.2275	2
1669.85500	835.93475	2	71.2701	2
1670.83885	836.42670	2	95.9677	2
1670.88445	557.96875	3	55.2097	2
1670.88460	836.44960	2	55.3029	1
1671.71750	558.24645	3	50.9657	2
1672.72555	558.58245	3	42.6724	2
1673.80090	837.90770	2	88.2886	1
1673.90155	837.95805	2	76.2815	2
1674.88810	838.45135	2	91.4838	2
1676.81790	839.41620	2	66.9736	2
1677.81445	560.27875	3	70.3293	2
1678.00445	560.34210	3	65.3104	2
1679.87680	560.96620	3	74.8029	2
1681.82110	841.91780	2	75.4834	2
1681.90050	561.64075	3	80.0044	2
1681.90140	841.95800	2	79.9467	3
1682.80260	842.40855	2	87.3088	2
1682.89380	842.45415	2	78.7760	2
1682.90300	561.97490	3	84.4622	1
1683.88390	842.94920	2	76.7927	2
1684.91640	843.46545	2	80.6477	2
1685.91510	562.97895	3	65.0334	2
1686.87030	563.29740	3	63.4014	2
1687.91495	844.96475	2	87.7679	2
1688.72900	423.18950	4	31.8584	1
1688.73510	563.91900	3	31.9168	3
1688.73520	845.37490	2	32.0673	1
1688.88140	845.44800	2	83.2724	2
1689.84155	564.28780	3	58.3489	2
1689.85910	423.47210	4	65.4095	1
1690.96210	564.66130	3	63.5856	2
1691.80190	846.90825	2	64.9748	2
1692.81880	565.28020	3	83.6820	1
1692.81880	847.41665	2	83.6232	2
1692.96530	847.48990	2	90.1530	2
1693.93530	565.65240	3	63.1409	1
1693.94020	565.65400	3	82.1667	2
1694.80335	565.94175	3	50.3894	2
1695.32985	848.67220	2	69.3000	4
1696.77525	849.39490	2	63.0365	2
1696.84490	849.42970	2	85.7789	2
1696.90845	849.46150	2	85.0302	2
1696.90895	566.64360	3	85.1650	2
1697.90280	566.97485	3	77.3302	2
1697.90435	849.95945	2	77.3963	2
1698.00850	567.01010	3	82.2406	2
1698.79320	850.40390	2	82.2626	2
1698.88720	567.30300	3	81.3652	1
1698.89755	567.30645	3	84.2970	2
1698.90035	850.45745	2	84.2660	2
1698.90420	567.30865	3	58.4428	2
1699.83765	567.61980	3	82.5602	2
1699.85820	567.62670	3	77.8010	1
1699.86810	567.62995	3	75.5657	2
1700.88540	851.45000	2	66.0211	1
1700.91145	851.46300	2	80.1324	2
1701.86960	568.29710	3	60.6931	1
1703.73800	568.91990	3	61.5784	1
1703.81555	568.94575	3	60.4904	2
1704.72780	569.24990	3	26.2066	1
1704.91590	569.31255	3	70.4625	2
1705.83960	853.92710	2	47.2780	2
1705.88270	569.63485	3	69.0279	2
1705.88375	853.94915	2	69.1060	2
1705.92200	569.64795	3	66.9171	2
1706.32945	569.78375	3	46.6934	4
1706.89165	854.45310	2	88.0686	2
1706.90400	569.97530	3	91.8452	11
1706.90485	854.45970	2	83.0483	2
1707.40635	570.14270	3	76.4037	4
1707.88715	854.95085	2	93.3706	2
1707.97785	570.33320	3	78.5836	2
1707.97925	854.99690	2	78.4236	2
1708.75820	570.59330	3	55.8044	1
1709.98185	571.00125	3	75.7547	2
1710.01880	571.01355	3	80.0368	2
1712.88745	857.45100	2	66.3023	2
1712.93760	571.98650	3	68.4854	2
1714.90040	572.64070	3	62.3259	3
1714.90140	858.45795	2	62.3804	2
1714.90535	858.45995	2	70.3972	2
1717.86495	573.62890	3	71.6875	2
1717.86525	859.93990	2	71.7198	2
1721.76105	861.88780	2	37.8385	2
1722.87305	575.29830	3	75.4394	2
1722.89705	575.30630	3	75.8966	2
1723.02365	575.34850	3	69.2562	2
1723.02500	862.51975	2	69.2919	2
1724.87380	863.44415	2	82.0699	2
1724.94040	575.98740	3	80.2560	1
1725.82605	863.92030	2	66.6527	2
1725.95130	863.98295	2	85.7405	2
1726.01290	576.34490	3	81.8064	2
1728.78925	577.27035	3	63.3057	2
1728.93700	577.31960	3	59.3790	1
1729.00430	577.34205	3	82.3340	2
1730.75615	577.92595	3	64.5222	2
1730.89745	866.45600	2	72.7095	2
1731.04250	578.02140	3	88.7575	1
1731.92640	866.97050	2	86.1959	1
1733.87390	578.96525	3	75.5651	2
1733.87450	867.94450	2	75.5661	1
1733.89110	867.95280	2	90.5349	1
1735.78515	868.89985	2	78.6770	2
1735.87940	579.63375	3	78.5389	2
1735.96260	579.66150	3	97.5374	1
1735.96620	868.99040	2	97.4024	2
1736.84730	869.43090	2	80.2874	2
1736.84790	579.95660	3	80.3012	2
1737.92690	580.31620	3	78.3455	2
1738.80160	870.40805	2	68.3405	2
1738.81885	580.61355	3	59.9692	2
1738.82045	580.61410	3	65.5421	2
1739.84520	580.95570	3	69.9471	2
1739.88460	580.96880	3	67.9973	2
1742.87375	581.96515	3	67.2125	2
1743.80380	872.90920	2	67.4888	2
1743.81015	872.91235	2	51.0495	2
1743.98515	872.99985	2	95.6213	2
1744.89940	582.64040	3	71.2156	1
1745.91390	582.97855	3	73.5790	2
1745.93800	873.97630	2	82.6763	1
1746.79360	874.40410	2	89.7298	2
1746.81440	874.41445	2	74.2549	2
1748.87415	583.96535	3	62.8033	2
1749.86575	875.94015	2	61.8595	2
1750.01055	584.34415	3	56.0461	2
1750.01285	876.01370	2	56.1078	2
1751.93930	876.97695	2	90.8200	2
1752.98580	585.33585	3	86.3204	2
1752.98875	877.50165	2	86.1706	2
1753.84875	585.62350	3	52.9859	2
1754.86380	878.43920	2	75.0858	2
1755.85840	878.93650	2	70.7364	2
1755.90080	878.95770	2	90.4460	2
1755.92780	878.97120	2	71.8866	2
1756.88905	586.63695	3	79.3822	2
1756.89065	879.45260	2	79.2585	2
1757.92360	586.98180	3	73.9547	2
1758.79390	880.40420	2	49.4763	2
1758.83395	587.28525	3	77.1729	2
1759.84685	880.93070	2	89.4386	2
1759.84840	587.62340	3	65.5076	1
1759.90885	880.96170	2	88.3735	2
1760.92260	587.98150	3	80.2074	2
1760.93705	881.47580	2	87.8386	2
1761.89740	588.30640	3	73.6388	2
1762.84230	882.42845	2	76.1146	2
1762.89535	588.63905	3	57.3837	2
1763.83300	882.92375	2	61.6625	2
1763.83370	588.95180	3	61.6032	3
1765.00240	589.34140	3	92.8030	2
1765.00255	883.50855	2	92.7612	2
1766.94925	884.48190	2	84.0638	2
1766.96800	884.49130	2	86.8408	1
1767.82200	590.28130	3	64.6184	2
1767.84950	884.93200	2	89.1741	1
1767.85645	590.29275	3	89.1268	2
1767.97730	590.33305	3	88.6827	2
1768.90285	885.45870	2	79.8428	2
1769.01885	590.68020	3	80.4818	2
1769.91660	885.96560	2	66.9667	1
1770.00470	591.00885	3	73.8512	2
1771.91435	591.64540	3	75.4131	2
1772.33460	887.17455	2	76.9264	4
1774.88500	592.63560	3	58.6051	3
1774.88670	888.45065	2	58.6512	2
1776.89680	593.30620	3	66.9033	2
1777.32105	889.66780	2	64.0142	4
1778.86280	890.43870	2	76.0822	1
1778.98860	594.00350	3	71.9620	1
1778.99085	890.50270	2	71.8722	2
1779.80315	445.95805	4	51.5601	2
1779.99060	891.00260	2	73.3894	2
1780.40380	594.47520	3	53.6782	4
1782.87560	595.29915	3	75.8242	2
1783.84580	892.93020	2	73.2836	1
1784.88015	595.96730	3	62.1786	2
1784.88305	893.44880	2	62.2442	2
1784.91610	595.97930	3	55.3437	2
1785.89015	893.95235	2	88.1918	2
1788.91340	597.31170	3	35.7266	2
1789.93040	895.97250	2	82.0640	2
1791.84815	598.28995	3	50.0320	2
1792.91020	598.64400	3	61.7115	2
1793.06435	897.53945	2	97.3839	2
1793.87270	897.94360	2	89.5469	3
1793.91990	897.96720	2	84.3355	2
1794.81715	898.41585	2	63.4847	2
1794.85795	898.43625	2	81.6821	2
1794.98450	898.49950	2	79.4404	2
1796.85655	599.95945	3	74.1689	2
1796.87770	599.96650	3	83.8814	1
1796.97965	600.00045	3	70.8335	2
1799.92700	600.98290	3	99.4425	1
1799.92715	900.97085	2	99.4571	2
1800.99940	601.34040	3	82.2791	2
1803.92510	602.31565	3	50.3147	2
1804.86805	602.62995	3	65.7835	2
1804.86870	903.44160	2	65.7022	3
1804.89415	602.63865	3	78.0052	2
1804.97020	602.66400	3	78.2763	3
1804.97520	903.49485	2	78.6223	2
1805.87970	903.94710	2	77.8324	6
1806.03665	603.01950	3	71.8494	2
1806.88415	904.44935	2	68.9389	2
1809.91555	905.96505	2	72.9850	2
1809.99920	906.00690	2	73.1686	2
1813.90010	907.95730	2	85.8902	1
1813.95090	907.98275	2	83.6147	2
1814.80080	605.94085	3	79.9662	2
1814.96945	605.99710	3	66.0197	2
1815.92340	908.96895	2	86.2383	2
1815.94090	606.32090	3	72.2309	2
1816.88940	606.63710	3	78.8186	1
1817.86370	606.96180	3	69.5410	2
1817.90250	606.97480	3	50.0261	2
1820.86210	911.43835	2	59.3602	2
1820.89625	607.97265	3	72.6452	2
1820.91155	607.97780	3	79.0039	2
1821.00320	608.00830	3	80.0878	1
1821.06190	608.02790	3	83.9341	2
1821.84675	608.28955	3	80.4272	2
1821.89695	608.30625	3	53.3547	2
1822.87930	912.44690	2	64.0577	1
1822.91080	912.46270	2	85.2219	1
1823.89125	608.97100	3	83.7266	2
1823.90620	608.97600	3	68.2504	2
1825.86505	913.93980	2	55.6633	2
1825.86570	609.62920	3	55.6056	3
1825.89535	913.95495	2	67.0932	2
1826.95530	914.48490	2	78.6719	1
1827.94080	610.32090	3	73.8273	2
1827.96865	914.99160	2	65.4534	2
1827.97005	610.33060	3	65.5142	2
1828.91575	915.46515	2	84.2312	2
1828.95275	915.48365	2	73.5084	2
1832.00900	611.67690	3	72.6104	2
1832.91745	611.97975	3	76.3141	2
1832.92710	611.98300	3	60.8716	1
1833.93840	917.97645	2	80.1682	2
1833.96875	612.33015	3	87.8047	2
1835.79625	612.93935	3	59.7293	2
1836.04785	613.02320	3	73.4393	2
1838.11595	613.71260	3	73.8657	2
1838.95610	613.99265	3	63.9650	2
1839.99395	614.33855	3	64.4541	2
1841.01600	614.67925	3	70.1480	2
1841.01720	921.51585	2	70.0927	2
1841.85910	614.96030	3	49.9338	2
1842.93130	615.31770	3	65.7491	1
1842.97365	615.33180	3	71.6933	2
1843.99130	923.00290	2	82.8671	1
1844.89170	615.97115	3	63.1761	2
1844.91280	615.97820	3	67.4290	2
1845.98850	616.33680	3	86.0333	1
1845.99640	924.00545	2	86.2383	2
1846.79220	924.40340	2	72.1630	2
1846.93610	924.47535	2	75.0505	2
1846.96870	924.49160	2	84.9964	2
1849.96240	617.66140	3	85.5270	1
1852.02235	927.01845	2	83.1710	2
1853.92710	618.98295	3	61.1224	2
1854.92575	928.47015	2	92.3271	2
1856.85830	619.96000	3	55.0797	1
1856.88100	929.44780	2	82.9099	2
1859.96480	620.99550	3	78.7379	1
1860.94765	621.32315	3	88.9623	2
1860.95180	931.48315	2	88.9683	2
1860.99890	621.34020	3	75.6972	2
1861.98790	621.66990	3	83.1093	2
1862.82000	621.94725	3	60.3709	2
1862.87210	932.44330	2	87.0271	2
1863.98865	622.33680	3	88.3999	2
1864.88065	622.63415	3	73.0958	2
1866.01585	623.01255	3	81.7125	2
1867.84400	623.62190	3	54.2937	2
1868.83365	935.42410	2	63.7383	2
1870.97010	936.49230	2	86.2354	1
1872.89830	625.30670	3	54.0628	2
1873.94670	625.65615	3	76.1798	2
1873.96930	937.99190	2	81.2171	2
1875.87295	626.29825	3	71.0263	2
1879.78310	627.60160	3	34.0469	1
1880.97730	627.99970	3	63.0066	2
1882.97685	942.49570	2	71.3250	2
1883.88170	628.96780	3	75.9856	1
1883.88365	942.94910	2	75.8633	2
1883.92020	628.98070	3	70.8287	1
1884.87720	629.29970	3	66.9978	1
1885.87095	943.94275	2	65.8447	2
1885.91970	943.96710	2	84.1364	2
1885.92145	629.64775	3	84.2052	2
1886.90155	944.45805	2	69.0111	2
1886.90240	629.97475	3	68.9312	2
1888.00295	630.34155	3	81.4122	2
1890.93705	631.31960	3	69.9382	2
1890.94815	631.32330	3	74.2010	2
1892.06525	947.03990	2	83.1153	2
1893.96290	947.98875	2	85.5729	2
1893.97820	632.33335	3	58.5044	2
1895.89150	948.95300	2	72.6641	1
1899.87895	950.94675	2	70.4941	2
1902.89715	952.45585	2	79.9076	2
1903.93280	635.65155	3	77.6142	2
1904.97150	635.99775	3	75.0478	2
1904.97285	953.49370	2	75.1423	2
1908.97040	955.49245	2	86.5756	2
1909.97740	478.50160	4	71.1900	1
1909.98000	637.66730	3	71.2268	1
1909.99655	637.67275	3	75.7678	2
1910.00290	956.00870	2	75.8219	1
1910.17220	637.73130	3	79.1983	2
1911.88925	956.95190	2	73.0189	2
1911.99845	957.00650	2	81.5159	2
1911.99975	638.34055	3	81.5439	2
1912.89750	957.45600	2	67.1948	2
1912.91380	638.64520	3	32.9600	2
1912.99165	638.67115	3	74.0158	2
1913.09875	638.70685	3	70.7980	2
1914.97885	639.33355	3	68.8473	2
1914.98190	958.49820	2	68.9624	1
1916.95165	639.99115	3	66.2800	2
1918.85215	640.62465	3	47.3055	2
1919.77195	640.93125	3	40.0869	2
1920.96585	641.32920	3	61.2398	2
1920.99805	641.33995	3	82.4832	2
1921.93305	961.97380	2	95.7329	2
1923.88605	962.95030	2	78.8489	2
1923.96480	642.32890	3	72.5122	1
1924.01955	642.34715	3	78.1539	2
1927.00265	643.34150	3	89.8139	2
1930.94220	644.65465	3	83.1420	2
1932.83780	645.28650	3	57.8746	2
1932.84180	967.42820	2	57.9364	1
1933.08580	967.55015	2	86.7766	2
1933.09240	645.37140	3	86.8115	2
1934.08055	645.70080	3	86.6363	2
1935.07810	646.03330	3	78.9342	2
1935.93090	646.31755	3	65.3580	2
1937.92645	969.97050	2	87.9441	2
1937.93100	969.97280	2	91.8829	2
1937.93970	969.97710	2	85.7955	1
1937.94555	646.98910	3	78.6383	2
1938.93140	970.47300	2	90.9175	1
1938.95430	970.48440	2	79.9046	2
1939.01885	647.34685	3	74.7318	2
1941.88075	648.30085	3	57.6694	2
1941.98550	648.33580	3	84.4122	3
1942.04310	648.35495	3	76.2492	2
1942.84195	648.62125	3	60.6695	2
1942.97270	972.49360	2	86.1340	1
1944.98265	649.33480	3	66.4512	2
1945.89405	649.63860	3	66.0312	2
1947.92350	974.96900	2	54.4721	1
1947.98400	650.33530	3	80.2314	2
1947.98630	975.00045	2	80.1928	2
1950.97985	651.33385	3	71.5596	2
1951.99340	977.00395	2	87.4318	2
1953.94340	652.32170	3	74.3813	1
1954.89595	978.45525	2	80.9019	2
1955.93825	652.98665	3	59.0777	2
1956.05875	653.02685	3	81.2420	2
1956.89820	653.30670	3	65.8407	1
1956.99280	979.50365	2	75.4508	2
1961.03885	981.52670	2	87.6952	2
1961.04855	654.69010	3	87.7014	2
1963.04765	655.35650	3	75.1765	2
1966.93720	656.65300	3	74.4828	2
1968.02810	985.02130	2	76.0490	1
1969.97580	657.66590	3	79.8904	1
1970.05960	657.69380	3	76.0707	1
1970.06860	657.69680	3	76.9668	1
1970.98375	658.00185	3	60.5534	2
1973.07210	494.27530	4	59.6548	1
1976.02075	989.01765	2	94.3744	2
1978.89950	660.64045	3	35.7614	2
1979.03260	660.68480	3	86.9148	2
1984.02815	993.02135	2	78.9456	2
1984.02950	662.35040	3	79.0921	1
1985.95940	993.98700	2	72.5780	2
1988.04825	663.69000	3	70.7771	2
1989.02430	664.01535	3	73.7971	2
1992.05745	665.02640	3	79.3149	2
1994.00525	665.67570	3	93.2712	2
1994.00870	998.01165	2	93.1989	2
2001.00150	668.00780	3	83.4865	2
2002.96135	1002.48795	2	75.6732	2
2002.98680	668.66950	3	67.0290	1
2003.03180	1002.52315	2	88.5252	2
2003.03365	668.68515	3	88.4235	2
2004.09075	669.03755	3	78.4562	2
2009.03570	670.68585	3	58.1962	2
2009.08510	670.70230	3	76.4454	2
2009.99665	1006.00560	2	91.4509	2
2010.00080	671.00750	3	91.4509	2
2016.99275	1009.50365	2	79.6050	2
2019.07245	674.03140	3	93.5478	2
2024.89360	1013.45410	2	55.8753	2
2026.12280	676.38155	3	85.2873	2
2026.12490	1014.06975	2	85.1538	2
2027.05765	676.69315	3	86.8170	2
2031.03400	678.01860	3	86.9087	1
2032.91470	1017.46460	2	82.8284	1
2033.06300	678.69495	3	72.1488	2
2035.86360	679.62850	3	57.4271	1
2037.04290	680.02155	3	64.8378	2
2041.07510	681.36565	3	79.3821	2
2041.97645	681.66605	3	72.1253	2
2043.00965	1022.51210	2	81.7453	2
2043.01045	682.01075	3	81.6465	2
2047.98190	683.66790	3	47.8650	2
2048.04950	1025.03205	2	94.7263	2
2048.05040	683.69070	3	94.7789	2
2048.95840	683.99340	3	75.8241	2
2049.04335	684.02175	3	86.4383	2
2049.87130	1025.94290	2	37.4525	1
2050.03640	684.35270	3	79.8231	1
2052.92910	1027.47180	2	74.8822	2
2058.07515	687.03230	3	96.3604	2
2059.00515	687.34235	3	76.6024	2
2059.93015	687.65065	3	67.1577	2
2059.96960	1030.99205	2	84.0021	2
2064.05470	1033.03460	2	88.8598	1
2064.95875	1033.48665	2	83.8584	2
2067.99075	690.33750	3	68.3659	2
2070.95895	1036.48675	2	71.8122	2
2072.11825	691.71335	3	87.3086	2
2073.08730	692.03635	3	75.6378	2
2075.08140	692.70105	3	71.4152	2
2076.04960	693.02380	3	66.8721	2
2078.06665	693.69615	3	78.0700	2
2079.03030	694.01740	3	73.4406	1
2080.10330	521.03310	4	69.8744	2
2080.10510	694.37565	3	70.2191	2
2086.03685	1044.02570	2	87.9163	2
2090.94530	1046.47990	2	87.2072	1
2092.08620	698.36935	3	73.4453	2
2093.11190	1047.56320	2	79.4705	2
2093.97665	1047.99560	2	85.3834	2
2093.98050	699.00080	3	85.4735	2
2094.94495	699.32225	3	51.1061	2
2095.00330	699.34170	3	68.6749	2
2104.07030	1053.04240	2	72.3499	1
2104.56495	702.52890	3	73.0180	4
2105.15270	702.72485	3	89.9784	2
2106.02210	703.01465	3	70.5951	2
2114.13050	705.71745	3	94.4556	2
2119.05345	707.35840	3	63.5120	2
2126.14060	709.72080	3	77.1360	1
2126.14110	1064.07785	2	77.0794	2
2131.17875	711.40015	3	82.9681	2
2137.12140	713.38110	3	69.4881	2
2143.09365	715.37185	3	81.0033	2
2148.10685	717.04290	3	60.9133	2
2156.01390	719.67855	3	65.0593	2
2169.12425	724.04865	3	75.7241	2
2170.02895	724.35025	3	75.5726	2
2171.14900	724.72360	3	71.0748	1
2180.98055	728.00080	3	66.1909	2
2181.13785	1091.57620	2	79.9937	2
2181.13950	728.05375	3	80.0293	2
2190.06585	731.02920	3	74.2650	2
2190.06775	1096.04115	2	74.2244	2
2205.01320	736.01165	3	71.1631	2
2205.10330	1103.55895	2	98.2911	2
2205.10640	736.04270	3	98.4380	1
2207.18400	1104.59930	2	75.0079	1
2227.04810	743.35665	3	54.9970	2
2227.04890	1114.53175	2	55.0027	2
2236.11230	746.37805	3	85.1001	2
2240.18075	1121.09765	2	84.3752	2
2250.02040	751.01405	3	46.1790	2
2269.26350	757.42845	3	82.5246	2
2279.05650	760.69275	3	68.2589	2
2282.08435	761.70205	3	63.5714	2
2291.01915	764.68030	3	66.7793	2
2291.01950	1146.51700	2	66.7485	2
2295.09180	766.03785	3	79.3210	2
2297.12575	766.71585	3	69.4569	2
2298.11140	767.04440	3	52.4357	2
2299.15480	767.39220	3	64.0832	1
2323.19650	1162.60555	2	84.8037	2
2376.09995	793.04055	3	51.3239	2
2379.16330	595.79810	4	62.4466	2
2379.16800	794.06330	3	62.5283	1
2389.99000	797.67060	3	61.4758	2
2391.16200	798.06125	3	80.7669	2
2391.19150	1196.60305	2	94.8847	2
2401.30165	801.44115	3	81.6128	2
2404.07450	802.36545	3	70.9341	2
2407.22560	803.41580	3	75.6213	1
2416.24160	806.42115	3	83.9961	2
2427.23850	607.81690	4	60.3618	1
2435.25865	812.76015	3	65.1169	2
2440.35740	814.45970	3	90.9372	1
2460.19100	821.07090	3	85.0527	1
2519.20600	840.74260	3	65.2592	1
2525.30240	842.77470	3	85.5895	2
2532.23380	845.08520	3	73.7027	2
2548.22600	850.41590	3	65.4720	1
2549.47750	850.83310	3	82.9851	2
2549.96600	638.49880	4	83.8814	4
2589.27085	864.09755	3	70.5233	2
2620.21620	656.06130	4	64.7534	2
2660.31930	887.78040	3	63.5352	1
2682.32300	895.11490	3	54.5055	1
2804.28175	935.76785	3	76.8544	2
2858.47630	953.83270	3	90.8601	1
3208.56190	803.14775	4	70.0013	2
