mono_mass	mz	charge	rt	n_psm
798.41290	400.21370	2	37.7413	1
798.46080	400.23770	2	43.1470	2
798.48540	400.24995	2	57.1663	2
798.49020	400.25240	2	31.8291	1
799.45545	400.73500	2	48.9561	2
800.43920	401.22690	2	43.5127	2
800.43930	401.22690	2	39.8797	3
800.45500	401.23475	2	50.9701	2
801.43485	401.72470	2	36.1472	2
801.45950	401.73700	2	44.6120	1
801.53335	401.77395	2	44.1802	2
802.38665	402.20060	2	38.3060	2
802.45380	402.23420	2	42.6447	1
802.49850	402.25650	2	61.4009	2
805.40805	403.71130	2	44.7684	2
805.44495	403.72975	2	51.0302	2
806.39560	404.20510	2	37.0774	2
806.45410	404.23430	2	60.0871	2
806.45435	404.23445	2	50.2251	2
806.49035	404.25245	2	56.3552	2
807.41215	404.71335	2	39.4925	2
808.36325	405.18890	2	36.2304	2
808.39745	405.20600	2	49.1110	2
808.44200	405.22830	2	35.2583	1
808.44280	405.22870	2	35.2329	1
809.41835	405.71645	2	62.1640	2
811.35430	406.68445	2	37.0307	2
811.49145	406.75300	2	49.3929	2
812.42245	407.21850	2	42.2016	2
812.43930	407.22695	2	39.5711	2
812.48745	407.25100	2	44.3416	2
812.51135	407.26295	2	48.7310	2
814.45510	408.23480	2	51.3557	2
814.45540	408.23500	2	33.8249	1
814.51670	408.26560	2	58.2997	1
815.43990	408.72725	2	38.2189	2
815.45025	408.73240	2	35.1986	2
815.46910	408.74180	2	56.2409	2
815.47550	408.74505	2	41.7086	2
815.47725	408.74590	2	46.1059	2
815.49810	408.75630	2	37.3278	2
815.51220	408.76335	2	45.8663	2
816.38340	409.19895	2	51.1786	2
816.44950	409.23205	2	66.0491	2
816.45830	409.23640	2	55.8685	1
816.47110	409.24285	2	37.0897	2
817.42930	409.72190	2	33.9609	2
817.45440	409.73450	2	39.9521	1
817.48170	409.74815	2	66.4385	2
818.37630	410.19545	2	34.9009	2
818.44050	410.22750	2	52.5592	2
818.49010	410.25235	2	73.4658	2
819.39100	410.70275	2	34.4096	2
819.41710	410.71580	2	39.5526	2
819.43105	410.72280	2	62.6925	2
820.43295	411.22375	2	38.4782	2
820.46970	411.24215	2	45.3836	2
820.48755	411.25105	2	71.2693	2
821.42800	411.72130	2	40.2040	2
822.39080	412.20270	2	30.5378	4
822.42370	412.21915	2	36.3777	2
822.42440	412.21945	2	42.3287	2
823.41960	412.71710	2	35.7395	1
823.42585	412.72020	2	54.3294	2
824.54820	413.28140	2	70.7406	2
826.45530	414.23490	2	47.8106	1
826.49120	414.25290	2	39.2287	2
826.49130	414.25295	2	41.8164	2
826.52735	414.27095	2	69.2306	2
826.52755	414.27105	2	49.4782	2
827.48640	414.75050	2	48.4897	1
828.41605	415.21530	2	30.8366	2
828.44600	415.23030	2	39.4380	3
828.44970	415.23210	2	58.7867	1
828.47740	415.24600	2	38.1863	1
829.45510	415.73480	2	45.5810	1
829.46500	415.73980	2	41.3235	2
829.46585	415.74020	2	33.9924	2
829.49135	415.75295	2	55.3732	2
829.49170	415.75310	2	38.9522	1
829.50255	415.75855	2	36.0145	2
829.50330	415.75890	2	50.2723	2
830.45090	416.23270	2	39.9127	1
831.40460	416.70960	2	36.6465	1
831.46950	416.74200	2	34.5531	1
831.47035	416.74245	2	48.3286	2
831.49605	416.75530	2	69.3931	2
831.49680	416.75565	2	61.5875	2
832.39270	417.20360	2	33.8378	2
833.42760	417.72110	2	45.2567	4
833.43190	417.72320	2	44.6965	1
834.43455	418.22455	2	37.5681	2
835.44430	418.72940	2	42.9409	2
836.39030	419.20240	2	39.9881	2
836.40190	419.20825	2	40.8395	2
836.44060	419.22760	2	43.1627	2
836.44165	419.22810	2	56.2046	2
837.40265	419.70860	2	47.8172	2
837.40535	419.70995	2	54.1188	2
838.41830	420.21645	2	36.9906	2
839.42865	420.72160	2	54.7673	2
839.58460	420.79960	2	72.7547	2
840.47000	421.24230	2	42.6516	2
840.54275	421.27865	2	74.4962	2
840.54315	421.27885	2	59.2886	2
841.46590	421.74020	2	40.5594	3
841.49160	421.75310	2	54.5258	1
841.50305	421.75880	2	50.2435	2
842.42880	422.22170	2	47.6442	2
842.46025	422.23740	2	39.2860	2
842.48365	422.24910	2	51.7920	2
842.48690	422.25070	2	41.9897	2
842.48810	422.25130	2	38.0262	2
842.52280	422.26870	2	48.9406	2
842.52320	422.26890	2	70.5185	2
842.53310	422.27385	2	33.7695	2
843.44990	422.73220	2	38.9571	1
843.48130	422.74790	2	44.4169	2
843.48180	422.74820	2	46.4717	1
843.54250	422.77855	2	62.8449	2
844.45490	423.23470	2	53.6097	2
844.46520	423.23990	2	34.6949	2
845.45110	423.73280	2	37.9171	1
845.46025	423.73740	2	37.0580	2
845.46110	423.73780	2	43.9444	1
845.46450	423.73950	2	66.8651	3
845.48660	423.75060	2	52.3988	1
845.51285	423.76370	2	64.7611	2
845.53710	423.77585	2	75.8496	2
846.39910	424.20680	2	36.5547	2
846.42750	424.22110	2	42.5566	2
846.43750	424.22600	2	48.6339	1
846.44875	424.23165	2	60.7696	2
847.42285	424.71870	2	43.4639	2
847.48070	424.74765	2	45.3214	2
848.43925	425.22690	2	41.5890	2
848.43985	425.22720	2	52.8890	2
848.44450	425.22955	2	36.1668	2
849.43480	425.72470	2	53.4508	1
850.42680	426.22070	2	53.8586	1
850.45400	426.23430	2	46.2735	2
850.50250	426.25855	2	39.0618	2
851.37040	426.69250	2	40.3542	1
851.40225	426.70840	2	34.9550	2
851.42115	426.71785	2	45.4700	2
851.43880	426.72665	2	36.6822	2
852.44880	427.23170	2	60.1935	1
853.36120	427.68790	2	36.3876	2
854.46085	428.23770	2	39.5996	2
856.43305	429.22380	2	64.1125	2
856.46950	429.24205	2	49.9570	2
856.51275	429.26365	2	48.2161	2
856.51650	429.26555	2	45.5741	2
856.53930	429.27690	2	57.3938	2
857.46130	429.73795	2	39.9007	2
857.46210	429.73830	2	42.2477	2
857.49575	429.75515	2	46.3028	2
857.49660	429.75555	2	54.7572	2
858.45660	430.23555	2	44.0471	2
858.46975	430.24215	2	48.1643	2
858.47015	430.24235	2	43.3197	2
859.46440	430.73950	2	37.6411	3
859.46535	430.73995	2	46.7446	2
859.50220	430.75840	2	65.9053	1
860.42435	431.21945	2	35.7141	2
860.44180	431.22820	2	45.0769	2
860.46070	431.23765	2	33.0403	2
861.44415	431.72935	2	44.4497	2
861.47100	431.74275	2	47.4700	2
861.50045	431.75750	2	48.5673	2
861.50710	431.76085	2	75.1085	2
862.38595	432.20025	2	38.9494	2
863.43850	432.72650	2	48.6686	1
863.45070	432.73265	2	34.4989	2
863.45100	432.73275	2	49.1630	2
863.45815	432.73635	2	58.4997	2
864.41965	433.21710	2	49.5835	2
864.43450	433.22450	2	52.7364	2
864.50635	433.26045	2	63.6033	2
865.41150	433.71300	2	50.6390	1
865.41430	433.71440	2	39.3844	1
865.45510	433.73480	2	40.0531	1
866.41220	434.21340	2	40.1964	2
866.49820	434.25635	2	42.1009	2
867.41670	434.71560	2	49.8764	2
867.43470	434.72465	2	38.8216	2
868.45975	435.23715	2	37.4222	2
869.49675	435.75570	2	33.8022	2
869.53290	435.77375	2	52.3635	2
869.53320	435.77385	2	59.6218	2
869.55925	435.78690	2	66.5602	2
870.44885	436.23170	2	54.3229	2
870.48130	436.24795	2	42.6755	2
870.51730	436.26590	2	57.8394	2
870.55385	436.28420	2	50.7168	2
871.44335	436.72895	2	37.9368	2
871.45105	436.73280	2	40.5447	2
871.50170	436.75810	2	54.1754	1
871.53920	436.77690	2	59.1711	2
872.47500	437.24480	2	39.3501	1
872.49590	437.25520	2	55.8259	1
872.49715	437.25585	2	41.8521	2
872.50955	437.26205	2	36.3089	2
872.51545	437.26500	2	63.4998	2
873.47255	437.74355	2	50.4403	2
873.48070	437.74765	2	48.3569	2
873.48250	437.74850	2	46.0363	1
873.48290	437.74870	2	46.0070	1
873.49590	437.75520	2	67.1547	2
874.43315	438.22385	2	44.6544	2
874.45835	438.23645	2	49.7289	2
874.46945	438.24200	2	35.2792	2
875.52275	438.76865	2	60.7396	2
875.52355	438.76905	2	49.8789	2
876.41260	439.21355	2	38.9891	2
876.43460	439.22460	2	47.9097	1
876.44540	439.23000	2	37.6535	2
876.47080	439.24270	2	50.0919	3
876.47880	439.24670	2	53.8635	1
876.49570	439.25510	2	67.5256	2
877.42950	439.72205	2	43.1578	2
877.45425	439.73440	2	65.0320	2
877.45430	439.73450	2	36.9381	2
877.46580	439.74015	2	44.9521	2
877.46600	439.74030	2	49.5297	2
877.46625	439.74040	2	42.3621	2
877.50940	439.76200	2	69.5844	2
878.48655	440.25055	2	54.4630	2
878.48690	440.25070	2	50.1664	1
879.39720	440.70590	2	34.1375	1
879.41965	440.71715	2	40.0101	2
880.41355	441.21405	2	38.2845	2
880.43010	441.22230	2	43.2539	2
880.54955	441.28205	2	53.2693	2
881.51620	441.76540	2	55.0318	1
882.48200	442.24825	2	35.9617	2
882.52885	442.27170	2	38.8116	2
883.53820	442.77640	2	51.0044	2
883.53870	442.77665	2	58.4930	2
883.56010	442.78730	2	38.5534	2
884.44070	443.22760	2	44.0285	1
884.54405	443.27930	2	54.0583	2
884.56985	443.29225	2	73.7191	2
884.57235	443.29345	2	59.0239	2
885.42640	443.72045	2	38.7568	2
885.44445	443.72950	2	34.4021	2
885.48955	443.75205	2	35.0462	2
885.49170	443.75315	2	51.2874	2
885.55410	443.78435	2	64.6423	2
886.48675	444.25065	2	42.2784	2
886.49150	444.25300	2	55.9299	1
886.51240	444.26350	2	47.9704	1
886.51310	444.26380	2	47.6962	1
886.52330	444.26890	2	45.2899	2
887.46025	444.73740	2	35.9790	2
887.47110	444.74280	2	40.8993	1
887.49100	444.75280	2	41.1024	1
887.53210	444.77330	2	57.8689	2
889.45905	445.73680	2	50.8795	2
889.46585	445.74020	2	48.1205	2
889.47670	445.74560	2	41.1452	2
889.48475	445.74965	2	69.8129	2
890.50500	446.25975	2	44.6443	2
891.44425	446.72940	2	49.3602	2
891.44875	446.73165	2	46.3318	2
891.48190	446.74820	2	62.7897	2
891.50640	446.76045	2	66.1019	2
892.44020	447.22735	2	39.9830	2
892.48345	447.24900	2	76.5858	2
893.45865	447.73660	2	45.7759	6
893.46090	447.73775	2	42.4714	2
893.46200	447.73830	2	41.0838	1
893.60655	447.81055	2	75.3241	2
894.45565	448.23510	2	33.7662	2
895.44740	448.73100	2	59.6113	2
895.46530	448.73995	2	41.1575	2
896.41690	449.21570	2	37.4846	2
896.53330	449.27390	2	54.5733	2
897.40570	449.71015	2	66.4683	2
897.50325	449.75890	2	33.2287	2
898.40750	450.21100	2	66.0414	2
898.47915	450.24685	2	57.6549	2
898.48705	450.25080	2	34.9601	2
898.49105	450.25280	2	44.4214	2
898.54860	450.28155	2	66.6470	2
898.56080	450.28770	2	54.9688	2
899.43810	450.72635	2	53.5210	2
899.45085	450.73270	2	40.6051	2
899.50825	450.76140	2	55.7501	2
899.51515	450.76485	2	60.0294	2
900.46005	451.23730	2	41.1317	2
900.49055	451.25255	2	40.9539	2
900.49275	451.25365	2	52.6201	2
900.50330	451.25895	2	50.5914	2
900.53890	451.27670	2	43.7806	2
901.41185	451.71320	2	49.1555	2
901.47600	451.74525	2	58.3840	2
901.48660	451.75055	2	33.2792	2
901.48660	451.75060	2	46.6234	2
901.52390	451.76920	2	42.3286	2
901.52720	451.77090	2	74.9834	1
902.41350	452.21400	2	47.7920	2
902.48145	452.24800	2	39.4388	2
902.49640	452.25550	2	40.2476	1
902.50745	452.26100	2	46.1622	2
903.48150	452.74800	2	52.9785	2
903.52890	452.77175	2	42.0505	2
903.54285	452.77870	2	68.6741	2
904.42520	453.21990	2	31.6714	1
904.53850	453.27650	2	62.9643	2
905.45285	453.73370	2	43.8776	2
905.45285	453.73370	2	65.4473	2
905.46145	453.73800	2	32.0175	2
906.51680	454.26565	2	48.0658	2
907.45170	454.73310	2	37.0255	2
907.50030	454.75745	2	48.5674	2
907.50070	454.75760	2	54.8036	3
908.43085	455.22270	2	49.3440	2
908.50790	455.26120	2	54.6797	1
908.53390	455.27420	2	40.3827	1
908.56910	455.29180	2	56.7694	2
909.42690	455.72070	2	55.2191	2
909.50500	455.75975	2	35.7826	2
911.38040	456.69745	2	33.6117	2
911.44200	456.72830	2	55.8990	1
911.47555	456.74505	2	60.4523	2
911.48980	456.75220	2	42.9484	2
911.58060	456.79755	2	57.9678	2
912.56270	457.28860	2	45.5016	1
912.56470	457.28960	2	64.0808	2
913.42900	457.72180	2	48.6410	2
913.44620	457.73040	2	41.4195	2
913.47230	457.74345	2	71.0922	2
913.48715	457.75085	2	47.3480	2
913.50900	457.76175	2	32.5962	2
913.54725	457.78090	2	53.5856	2
913.55990	457.78725	2	38.8412	2
913.59645	457.80550	2	40.1331	2
914.50730	458.26095	2	40.7522	2
914.51850	458.26655	2	46.1369	2
915.44715	458.73085	2	36.6872	2
915.46655	458.74055	2	42.4507	2
915.47160	458.74310	2	36.1813	1
915.50445	458.75950	2	32.0125	2
915.52200	458.76830	2	74.8174	2
915.53880	458.77670	2	34.8171	2
916.48595	459.25025	2	41.1524	2
916.49760	459.25610	2	37.4193	2
917.48080	459.74770	2	40.0881	1
917.48180	459.74820	2	38.0455	2
917.51780	459.76620	2	39.7464	1
918.44875	460.23165	2	79.7312	2
918.48495	460.24975	2	53.3680	2
918.49185	460.25320	2	64.0267	2
918.49250	460.25350	2	50.3848	2
918.51745	460.26600	2	62.8495	2
918.51810	460.26635	2	56.6921	2
919.40630	460.71045	2	32.6539	2
919.40805	460.71130	2	61.3800	2
919.44385	460.72920	2	47.5805	2
919.50930	460.76195	2	52.5288	2
919.51280	460.76370	2	43.6928	1
919.51320	460.76390	2	46.8545	2
919.51560	460.76510	2	57.1268	2
919.52155	460.76805	2	64.5322	2
920.49735	461.25595	2	46.9650	2
920.50715	461.26085	2	41.3935	2
921.44545	461.73000	2	40.6076	2
921.44560	461.73010	2	37.2330	2
921.46620	461.74040	2	35.4551	1
921.55390	461.78420	2	61.5490	1
922.43930	462.22690	2	49.6399	2
922.45060	462.23260	2	38.2383	1
923.43490	462.72475	2	43.8118	2
923.47245	462.74350	2	40.7189	2
923.49410	462.75435	2	50.4802	2
923.58000	462.79730	2	77.7037	1
924.43050	463.22250	2	37.7363	1
924.43770	463.22615	2	48.0970	2
924.53970	463.27715	2	52.4554	2
924.56455	463.28955	2	55.1697	2
925.46985	463.74220	2	79.0454	2
925.49840	463.75645	2	43.3778	2
926.51840	464.26650	2	38.8116	2
926.58020	464.29740	2	60.1401	2
926.59110	464.30285	2	61.2884	2
927.37630	464.69540	2	29.1914	1
927.44535	464.72995	2	46.6494	2
927.56420	464.78935	2	82.7947	2
928.45520	465.23490	2	50.7063	2
928.51685	465.26570	2	41.6500	2
928.52355	465.26905	2	51.4739	2
928.53385	465.27420	2	49.8181	2
928.55980	465.28715	2	56.7208	2
928.55995	465.28725	2	62.4858	2
929.45605	465.73530	2	38.1508	2
929.47250	465.74350	2	50.0225	2
929.48110	465.74780	2	36.7752	2
929.50065	465.75760	2	53.0500	2
929.51220	465.76335	2	48.2949	2
929.51835	465.76645	2	42.7909	2
929.51865	465.76660	2	40.7421	2
929.51890	465.76670	2	35.9022	3
930.42365	466.21910	2	60.7909	2
930.44065	466.22760	2	31.9918	2
930.46645	466.24050	2	34.9227	2
930.47800	466.24630	2	41.7036	2
930.51735	466.26595	2	64.5037	2
930.53940	466.27700	2	37.8520	1
931.46990	466.74225	2	35.7182	2
931.48585	466.75020	2	48.7564	2
931.50205	466.75830	2	55.6260	2
931.51305	466.76380	2	57.6798	2
931.53430	466.77445	2	67.4969	2
932.46360	467.23910	2	38.6616	2
932.54400	467.27925	2	41.9624	2
933.43725	467.72590	2	30.7880	2
933.45590	467.73525	2	37.1092	2
933.46500	467.73975	2	51.1474	2
933.48465	467.74960	2	51.5287	2
933.50330	467.75890	2	52.2753	2
933.52905	467.77180	2	56.0286	2
933.53995	467.77725	2	32.4128	2
934.41535	468.21495	2	39.8695	2
934.45080	468.23270	2	39.1644	2
934.48570	468.25010	2	42.7027	1
934.48730	468.25090	2	43.0847	2
934.48750	468.25100	2	54.9120	2
934.48755	468.25105	2	32.9468	2
934.51265	468.26360	2	58.1671	2
934.52340	468.26895	2	59.3416	2
935.47065	468.74260	2	45.0692	2
935.47155	468.74305	2	60.2024	2
937.41375	469.71415	2	34.2828	2
937.48725	469.75090	2	40.5737	2
937.51230	469.76345	2	57.4572	2
938.43445	470.22450	2	37.5907	2
939.43115	470.72285	2	62.1035	2
939.48135	470.74795	2	80.0768	2
939.51420	470.76440	2	31.8442	1
939.54910	470.78185	2	55.5703	2
939.56420	470.78940	2	80.5348	2
940.44310	471.22885	2	45.0924	2
940.52650	471.27055	2	61.7424	2
940.53405	471.27430	2	34.1384	2
941.43470	471.72460	2	38.3352	2
941.46425	471.73940	2	49.8515	2
941.55625	471.78540	2	50.5914	2
941.56555	471.79005	2	61.5797	2
941.57970	471.79715	2	66.4055	2
941.60645	471.81050	2	79.1330	2
942.48700	472.25080	2	43.8048	1
942.50235	472.25845	2	35.7968	2
942.51310	472.26380	2	43.4345	2
942.51335	472.26395	2	48.0383	2
943.44810	472.73130	2	60.9468	2
943.46580	472.74020	2	35.5847	2
943.48800	472.75125	2	43.6647	2
943.49770	472.75610	2	35.2482	3
943.52465	472.76960	2	62.4039	2
943.53495	472.77475	2	46.3394	2
944.42435	473.21945	2	37.2992	2
944.43140	473.22300	2	63.3363	2
944.49305	473.25380	2	43.0588	2
944.51185	473.26320	2	63.7366	2
944.51775	473.26615	2	47.8377	2
944.51820	473.26640	2	45.3475	2
944.52905	473.27180	2	49.3070	2
944.55555	473.28505	2	54.4825	2
944.56915	473.29185	2	78.5845	2
945.46005	473.73730	2	76.9386	2
945.51235	473.76345	2	40.5178	2
945.55010	473.78235	2	58.5118	2
946.50890	474.26175	2	36.8689	2
946.51325	474.26390	2	45.9459	2
946.53475	474.27465	2	37.7763	2
946.54880	474.28165	2	73.9832	2
947.43435	474.72445	2	37.9588	2
947.48120	474.74790	2	41.4703	1
947.48540	474.75000	2	42.0678	1
947.51415	474.76435	2	71.1511	2
948.46630	475.24045	2	52.7648	2
948.46745	475.24100	2	44.2196	2
949.48610	475.75035	2	39.3530	2
949.48670	475.75065	2	54.0853	2
949.49085	475.75270	2	86.5425	2
949.50570	475.76015	2	77.2408	2
949.52785	475.77120	2	79.3575	2
950.45320	476.23390	2	50.0774	2
950.48200	476.24830	2	48.9406	2
950.48205	476.24830	2	46.7421	2
950.48570	476.25015	2	73.3382	2
950.50135	476.25795	2	59.2600	2
950.50820	476.26140	2	51.5287	2
951.49005	476.75230	2	59.9342	2
951.51785	476.76620	2	79.9156	2
952.44900	477.23175	2	47.0965	2
952.45020	477.23235	2	42.8813	2
952.46890	477.24175	2	50.7696	2
952.49710	477.25580	2	35.4876	1
952.53490	477.27475	2	42.0188	2
954.44430	478.22945	2	52.3585	2
955.53390	478.77425	2	62.6353	2
955.57080	478.79265	2	60.9158	2
956.50390	479.25925	2	38.1902	2
956.51700	479.26575	2	36.5040	2
956.52905	479.27180	2	46.8043	2
956.52925	479.27190	2	53.2270	2
956.52980	479.27215	2	44.0676	2
956.53590	479.27525	2	66.1066	2
956.57925	479.29695	2	77.4151	2
957.48840	479.75150	2	32.2014	3
957.51320	479.76390	2	47.8968	1
957.53095	479.77275	2	48.3596	2
957.53530	479.77490	2	31.4703	1
957.56015	479.78735	2	48.1275	2
957.59665	479.80560	2	47.2969	2
958.47190	480.24320	2	41.2780	1
958.48760	480.25110	2	56.1525	2
958.50925	480.26190	2	56.4621	2
959.50800	480.76130	2	40.7848	3
959.53075	480.77265	2	42.5493	2
959.53250	480.77355	2	68.7906	2
959.55460	480.78455	2	57.7405	2
960.44975	481.23215	2	34.8424	2
960.47490	481.24475	2	41.7669	2
960.50305	481.25880	2	46.5419	2
960.51265	481.26360	2	39.0489	2
960.53120	481.27290	2	57.2456	2
960.53885	481.27670	2	61.2273	2
961.45350	481.73400	2	33.7134	2
961.50900	481.76180	2	41.1639	1
962.47420	482.24440	2	47.6734	2
962.47450	482.24455	2	45.6342	2
962.48410	482.24930	2	50.1262	1
962.50655	482.26060	2	62.2729	2
962.51815	482.26635	2	55.3117	2
962.53795	482.27625	2	86.0240	2
962.54530	482.27990	2	62.1174	1
963.44470	482.72960	2	54.3726	2
963.50190	482.75820	2	39.9515	2
963.50600	482.76030	2	33.9533	2
963.55400	482.78425	2	74.5852	2
964.46190	483.23820	2	38.0185	2
964.47060	483.24260	2	32.7199	1
964.47890	483.24675	2	69.0404	2
964.49790	483.25620	2	42.7978	2
964.52295	483.26875	2	53.9643	2
965.44460	483.72960	2	34.7346	3
965.44470	483.72965	2	41.2055	2
965.45990	483.73725	2	37.5109	2
965.48185	483.74820	2	60.5354	2
965.62715	483.82085	2	82.2662	2
966.46600	484.24025	2	36.2809	2
966.46725	484.24090	2	41.5554	2
966.47670	484.24565	2	44.5003	2
966.50630	484.26050	2	44.6069	1
966.52420	484.26940	2	46.6805	2
967.47935	484.74695	2	57.7580	2
967.50050	484.75760	2	71.7827	1
967.52450	484.76950	2	47.3717	2
967.54530	484.77990	2	36.5724	2
967.58175	484.79815	2	56.3763	2
968.44410	485.22930	2	40.3499	2
968.52865	485.27160	2	37.1397	2
968.52935	485.27195	2	48.8504	2
969.43150	485.72300	2	39.3227	2
969.48665	485.75060	2	40.0168	2
969.51290	485.76375	2	47.0094	2
969.52510	485.76980	2	50.3034	2
969.54930	485.78190	2	41.1074	1
969.56115	485.78785	2	52.7082	2
969.58600	485.80025	2	68.6040	2
969.58630	485.80045	2	63.7932	2
970.48680	486.25070	2	54.4234	2
970.52430	486.26940	2	40.6457	1
970.54440	486.27945	2	55.6613	2
970.58075	486.29765	2	44.9422	2
970.58130	486.29795	2	70.3537	2
971.50390	486.75920	2	31.0719	2
971.52865	486.77165	2	58.5690	2
971.52870	486.77160	2	35.6210	2
971.52920	486.77190	2	48.5283	2
971.55370	486.78410	2	57.3710	2
971.56570	486.79015	2	43.9940	2
971.56580	486.79020	2	33.1443	2
972.43930	487.22690	2	30.5671	1
972.46595	487.24025	2	32.7881	2
972.53930	487.27690	2	69.5764	1
972.57190	487.29320	2	34.5634	2
973.50775	487.76115	2	41.7977	2
973.54430	487.77945	2	33.4471	2
974.50325	488.25890	2	37.7410	2
974.51870	488.26660	2	58.7604	2
974.54040	488.27745	2	41.5377	2
975.47450	488.74450	2	45.3392	1
975.51430	488.76445	2	45.1344	2
975.53875	488.77665	2	64.5594	2
976.49655	489.25555	2	57.8998	2
976.50865	489.26160	2	47.7377	2
976.54620	489.28040	2	40.7120	2
977.44390	489.72920	2	46.9151	2
977.48125	489.74790	2	45.4517	2
977.51120	489.76290	2	80.6273	1
977.51860	489.76660	2	51.9886	2
978.46410	490.23935	2	45.8072	2
978.50215	490.25835	2	59.9395	2
979.44910	490.73180	2	66.1298	2
979.46070	490.73770	2	38.4196	2
979.49685	490.75570	2	52.3048	2
979.51580	490.76520	2	52.8438	1
979.57005	490.79230	2	39.9323	2
980.45665	491.23560	2	36.6310	2
980.49590	491.25525	2	52.1291	2
981.45300	491.73375	2	62.1318	2
981.50380	491.75920	2	47.4293	1
981.52375	491.76915	2	29.5080	2
981.55990	491.78720	2	40.0168	2
981.59705	491.80580	2	41.0835	2
982.46010	492.23730	2	33.1153	2
982.47535	492.24495	2	41.7593	2
982.51920	492.26690	2	37.8973	2
982.51980	492.26720	2	34.3663	1
983.47450	492.74450	2	48.0788	2
983.50395	492.75930	2	42.2731	2
983.57635	492.79545	2	63.9454	2
983.58340	492.79900	2	71.2992	2
983.58870	492.80160	2	44.0752	2
983.60120	492.80785	2	57.8184	2
984.04760	493.03105	2	74.1542	4
984.43680	493.22570	2	33.5169	2
984.49345	493.25400	2	51.7042	2
984.63350	493.32405	2	49.9317	2
985.50225	493.75840	2	44.4602	2
985.51895	493.76675	2	43.7388	2
985.53825	493.77640	2	46.2436	2
985.54450	493.77955	2	43.2897	2
985.55590	493.78520	2	43.0588	2
986.49110	494.25285	2	67.2891	2
986.53940	494.27700	2	49.7308	1
987.50010	494.75730	2	30.9099	2
987.52320	494.76885	2	44.7001	2
987.53450	494.77455	2	49.4147	2
987.57235	494.79345	2	59.0534	2
988.48340	495.24900	2	37.9024	2
988.50705	495.26080	2	52.8938	2
988.50770	495.26120	2	45.2764	1
988.51950	495.26700	2	42.5635	2
988.54380	495.27920	2	47.1883	2
988.58200	495.29830	2	50.5913	2
989.47700	495.74575	2	32.6407	2
989.55400	495.78425	2	48.2344	2
989.55540	495.78500	2	58.5177	2
989.57680	495.79570	2	65.0826	1
990.45905	496.23680	2	36.7519	2
990.47435	496.24445	2	45.8734	2
990.51350	496.26400	2	42.3857	2
990.51350	496.26400	2	48.6635	1
990.55010	496.28230	2	72.7469	2
991.38485	496.69970	2	33.5541	2
991.50840	496.76150	2	67.2110	1
991.50930	496.76190	2	60.4289	1
991.54570	496.78010	2	68.9790	2
991.57045	496.79250	2	61.1187	2
992.48525	497.24990	2	56.2587	2
992.53240	497.27345	2	80.8437	2
992.60280	497.30870	2	70.5185	2
993.44065	497.72760	2	42.5661	2
993.45165	497.73310	2	40.0783	2
993.51300	497.76375	2	53.1723	2
993.54945	497.78200	2	64.2888	2
994.40215	498.20835	2	34.2549	2
994.49725	498.25590	2	48.9954	2
994.50810	498.26130	2	47.4597	2
994.50875	498.26165	2	31.5205	2
994.51565	498.26510	2	72.9075	2
994.60630	498.31045	2	73.7701	2
994.65365	498.33410	2	46.1913	2
995.49155	498.75305	2	43.3848	2
996.49770	499.25610	2	37.6760	1
996.53200	499.27330	2	68.2594	2
996.57230	499.29345	2	45.2291	2
997.58130	499.79790	2	38.7769	1
998.58740	500.30100	2	40.4811	1
999.48040	500.74750	2	31.2597	2
999.53390	500.77420	2	42.3994	2
999.53610	500.77535	2	29.5280	2
999.57135	500.79295	2	31.8230	2
1000.49375	501.25415	2	35.7167	2
1000.55290	501.28370	2	58.4502	3
1000.56655	501.29055	2	48.9079	2
1001.51510	501.76480	2	43.9676	3
1001.55405	501.78430	2	67.1612	2
1001.56100	501.78780	2	33.1468	2
1001.58680	501.80070	2	47.7150	1
1001.59215	501.80335	2	69.4943	2
1002.47190	502.24320	2	33.8855	2
1002.47770	502.24610	2	53.2721	1
1002.48230	502.24845	2	38.6421	2
1002.48655	502.25055	2	41.3559	2
1002.52745	502.27100	2	37.2714	2
1002.54685	502.28070	2	32.6646	2
1002.55980	502.28720	2	36.2226	1
1002.58720	502.30085	2	65.0268	2
1003.51255	502.76355	2	49.2441	2
1003.51990	502.76720	2	44.3242	1
1003.52500	502.76980	2	35.0173	2
1003.57085	502.79270	2	77.6186	2
1004.44640	503.23050	2	34.6419	1
1004.52920	503.27190	2	56.9990	1
1004.54115	503.27785	2	47.9514	2
1004.56565	503.29010	2	42.9357	2
1005.46950	503.74200	2	48.9732	1
1005.48190	503.74820	2	37.8369	2
1005.49100	503.75280	2	29.6313	1
1005.51170	503.76310	2	54.7839	1
1005.53185	503.77320	2	68.4582	2
1005.53595	503.77525	2	35.6287	2
1006.45255	504.23355	2	31.7143	2
1006.47205	504.24330	2	41.5253	2
1006.49850	504.25650	2	54.0518	2
1007.45550	504.73500	2	38.4297	2
1007.46750	504.74100	2	40.8975	2
1007.47585	504.74520	2	51.4123	2
1007.50505	504.75985	2	43.7319	2
1007.52260	504.76860	2	64.8839	2
1007.52810	504.77135	2	43.3970	2
1007.54025	504.77740	2	55.7810	2
1007.54380	504.77920	2	68.1646	2
1007.67465	504.84460	2	72.5955	2
1008.47685	505.24570	2	50.3610	2
1008.51275	505.26365	2	60.8298	2
1008.51640	505.26550	2	51.2697	1
1009.44775	505.73115	2	42.1311	2
1009.51935	505.76695	2	35.8974	2
1009.54985	505.78225	2	87.6061	2
1010.45170	506.23310	2	38.6318	2
1010.49230	506.25340	2	38.9816	1
1010.51085	506.26275	2	63.2744	2
1010.57600	506.29525	2	68.4451	2
1011.52345	506.76900	2	36.4474	2
1011.53560	506.77505	2	45.2241	2
1011.54575	506.78015	2	42.6566	2
1011.57220	506.79335	2	52.4827	2
1011.60825	506.81140	2	67.4122	2
1012.48805	507.25130	2	59.0888	2
1012.50510	507.25980	2	33.0919	1
1012.57010	507.29230	2	58.3444	1
1012.57270	507.29365	2	79.1058	4
1012.58230	507.29840	2	60.4833	2
1012.60340	507.30900	2	38.7766	2
1012.64035	507.32745	2	49.0509	2
1013.46410	507.73935	2	71.9545	2
1013.53935	507.77695	2	43.8483	2
1013.55500	507.78475	2	65.1800	2
1013.56190	507.78825	2	37.5010	2
1013.58800	507.80130	2	63.8809	1
1013.62385	507.81920	2	66.6764	2
1014.53380	508.27420	2	43.0440	2
1014.53720	508.27590	2	38.1608	2
1014.57145	508.29300	2	37.3550	2
1014.57250	508.29350	2	46.1204	1
1015.49110	508.75280	2	39.5525	2
1015.54605	508.78030	2	88.7301	2
1015.58480	508.79970	2	70.9323	2
1015.59110	508.80280	2	57.6466	1
1015.59180	508.80320	2	65.5663	2
1016.45945	509.23700	2	36.7232	2
1016.53280	509.27365	2	48.4726	2
1016.54050	509.27750	2	42.7574	1
1016.54810	509.28130	2	49.1556	2
1017.46970	509.74210	2	35.3476	1
1017.47250	509.74350	2	41.4741	2
1017.51815	509.76635	2	77.0846	2
1017.53405	509.77430	2	38.7216	2
1017.57460	509.79460	2	40.5547	2
1017.62255	509.81860	2	66.1951	2
1018.53375	510.27415	2	58.0588	2
1018.54435	510.27945	2	39.9323	2
1018.58090	510.29770	2	70.3790	1
1019.42080	510.71770	2	43.4363	1
1019.50355	510.75905	2	42.9126	2
1019.50385	510.75920	2	59.9923	2
1019.53975	510.77715	2	54.0902	2
1019.54045	510.77750	2	35.0750	2
1019.54710	510.78085	2	66.7439	2
1019.55240	510.78350	2	47.4891	2
1020.52355	511.26905	2	49.4168	2
1020.52400	511.26930	2	56.1456	2
1020.52410	511.26935	2	63.9670	2
1020.53540	511.27500	2	55.1027	2
1021.43915	511.72685	2	37.7135	2
1021.44890	511.73175	2	34.0215	2
1021.49375	511.75415	2	30.2217	2
1021.51170	511.76315	2	43.4807	2
1021.54490	511.77975	2	60.4730	2
1021.60370	511.80910	2	52.0736	2
1022.50395	512.25925	2	53.3080	2
1022.51210	512.26335	2	77.0765	2
1023.44640	512.73050	2	38.9867	1
1023.48725	512.75090	2	37.9537	2
1023.50150	512.75800	2	39.7162	1
1023.51430	512.76440	2	60.4239	1
1023.60805	512.81130	2	67.9728	2
1024.37405	513.19430	2	41.9086	2
1024.60390	513.30920	2	52.5272	1
1025.45420	513.73435	2	38.4201	2
1025.50380	513.75915	2	40.6632	2
1025.55085	513.78270	2	35.0565	2
1025.60270	513.80860	2	49.0288	2
1026.44615	514.23035	2	42.1939	2
1027.56620	514.79040	2	32.9831	2
1027.56635	514.79045	2	36.1370	2
1027.58110	514.79785	2	74.3747	2
1027.59100	514.80280	2	58.6469	1
1027.60195	514.80825	2	68.6371	2
1027.60280	514.80870	2	51.2451	1
1028.56120	515.28790	2	42.9986	2
1029.47670	515.74565	2	41.9867	2
1029.47740	515.74600	2	56.6300	2
1029.53895	515.77675	2	52.1369	2
1029.54305	515.77880	2	37.2018	2
1029.54650	515.78050	2	33.9526	1
1029.58225	515.79840	2	36.5345	2
1030.52955	516.27205	2	35.2565	2
1030.59205	516.30330	2	78.7913	2
1030.60615	516.31035	2	75.4551	2
1031.46360	516.73905	2	63.9194	2
1031.50340	516.75895	2	41.3487	2
1031.50780	516.76120	2	49.0769	2
1031.54625	516.78040	2	51.5568	2
1031.58650	516.80050	2	61.8978	1
1031.58670	516.80060	2	56.4313	2
1032.49820	517.25635	2	41.7376	2
1032.53425	517.27440	2	48.7098	2
1032.59740	517.30595	2	73.3982	2
1033.56670	517.79060	2	42.8482	2
1033.58155	517.79805	2	81.9688	2
1033.61685	517.81570	2	69.5148	2
1034.52130	518.26790	2	64.5547	2
1034.55030	518.28245	2	50.9471	2
1035.48820	518.75135	2	60.9392	2
1035.56080	518.78765	2	60.2914	2
1036.51925	519.26690	2	43.1913	2
1036.53230	519.27345	2	71.2490	2
1036.53775	519.27615	2	67.4353	2
1036.55585	519.28520	2	63.1019	2
1037.50670	519.76060	2	33.5765	2
1037.62425	519.81940	2	54.5181	2
1037.64855	519.83155	2	70.7968	2
1038.48105	520.24780	2	46.8595	2
1038.54655	520.28055	2	34.5944	2
1039.46560	520.74005	2	47.6098	2
1039.49840	520.75650	2	52.1941	2
1039.56600	520.79030	2	47.7688	3
1040.46755	521.24105	2	41.0110	2
1040.49300	521.25380	2	31.0015	1
1040.49590	521.25520	2	41.6744	2
1040.54925	521.28190	2	54.0350	2
1040.56875	521.29165	2	49.7678	2
1040.59850	521.30655	2	56.5530	2
1040.62280	521.31870	2	73.5845	2
1040.65930	521.33695	2	59.5523	2
1041.44025	521.72740	2	45.2845	2
1041.45505	521.73480	2	35.6000	2
1041.52850	521.77150	2	83.3942	2
1041.53245	521.77350	2	50.0150	2
1042.51605	522.26530	2	64.1992	2
1042.53080	522.27270	2	37.3924	2
1042.55650	522.28555	2	53.3124	2
1042.57740	522.29600	2	40.7852	2
1043.54350	522.77900	2	48.4941	2
1043.55030	522.78240	2	78.7050	2
1043.56205	522.78830	2	36.3164	2
1043.56235	522.78845	2	33.1682	2
1043.60370	522.80910	2	63.2235	2
1044.51860	523.26660	2	44.8158	2
1044.53915	523.27685	2	65.8572	2
1044.55560	523.28505	2	43.2851	2
1044.56050	523.28750	2	58.0183	2
1045.51155	523.76305	2	56.8082	2
1045.53980	523.77720	2	44.5161	1
1045.53990	523.77725	2	32.9881	2
1045.54005	523.77730	2	30.8433	2
1045.55900	523.78680	2	62.9913	2
1045.60235	523.80845	2	60.2200	2
1046.52145	524.26800	2	35.3715	2
1046.58815	524.30135	2	37.9937	2
1046.59660	524.30555	2	49.2456	2
1047.52725	524.77090	2	59.6722	2
1047.56410	524.78930	2	59.2715	1
1048.47835	525.24645	2	34.9154	2
1048.55710	525.28585	2	31.4281	2
1049.52590	525.77025	2	50.6221	2
1049.56200	525.78825	2	37.2921	2
1050.50940	526.26195	2	45.9689	2
1050.50960	526.26210	2	41.9310	1
1050.53485	526.27470	2	47.9361	2
1050.56080	526.28770	2	31.0357	1
1050.57145	526.29300	2	61.9015	2
1050.59565	526.30510	2	68.1380	2
1051.49400	526.75425	2	36.8158	2
1051.51090	526.76270	2	58.2324	2
1052.46340	527.23900	2	57.3023	2
1053.61820	527.81640	2	55.5983	2
1054.49720	528.25585	2	68.4478	2
1054.53420	528.27440	2	74.6498	2
1054.54100	528.27780	2	31.5322	3
1054.60090	528.30770	2	51.6728	2
1054.60265	528.30860	2	56.6121	2
1055.42240	528.71850	2	47.1791	2
1055.45900	528.73680	2	36.7440	1
1055.49270	528.75360	2	44.5593	2
1055.50760	528.76110	2	53.2568	1
1055.58595	528.80025	2	67.4736	2
1055.58610	528.80035	2	63.4734	2
1056.53190	529.27320	2	76.7779	2
1056.55930	529.28690	2	43.1069	1
1056.58200	529.29825	2	54.6627	2
1056.59315	529.30385	2	52.6172	2
1057.49940	529.75700	2	37.8117	2
1057.50730	529.76090	2	43.6877	1
1057.56525	529.78990	2	37.7361	2
1057.57665	529.79560	2	35.6496	2
1057.57680	529.79565	2	44.2744	2
1057.61770	529.81610	2	36.8973	1
1057.63870	529.82665	2	77.5644	2
1058.49270	530.25365	2	50.3346	2
1058.54425	530.27940	2	78.1972	2
1058.55780	530.28615	2	71.7852	2
1058.57170	530.29310	2	46.7024	3
1058.59830	530.30645	2	39.4283	2
1059.50890	530.76175	2	43.1738	2
1059.60070	530.80760	2	56.4440	2
1060.47680	531.24565	2	33.2547	2
1060.52275	531.26865	2	74.0098	2
1060.61765	531.31610	2	82.8341	2
1061.55025	531.78240	2	44.5958	2
1061.57595	531.79525	2	74.4587	2
1062.52340	532.26900	2	77.5968	2
1062.53480	532.27470	2	56.0905	2
1062.57150	532.29300	2	59.9855	1
1062.58170	532.29815	2	55.7551	2
1063.52950	532.77200	2	43.7240	2
1063.54100	532.77780	2	46.0088	2
1063.55460	532.78460	2	60.5924	1
1064.63430	533.32445	2	54.0307	2
1065.44745	533.73100	2	46.3102	2
1065.51060	533.76260	2	38.8614	1
1065.55225	533.78340	2	60.9929	2
1065.55370	533.78410	2	77.9298	2
1065.56055	533.78755	2	69.1441	2
1066.45735	534.23595	2	53.4900	2
1066.46750	534.24105	2	31.6807	2
1066.50930	534.26190	2	32.3578	2
1066.51830	534.26645	2	55.9378	2
1066.60535	534.30995	2	80.9552	2
1067.51360	534.76405	2	45.1877	2
1067.57250	534.79350	2	52.2821	2
1068.55040	535.28250	2	36.3240	2
1068.55990	535.28725	2	63.4759	2
1068.58010	535.29735	2	59.7692	2
1068.59335	535.30395	2	56.5450	2
1068.61995	535.31725	2	58.9979	2
1068.65370	535.33410	2	44.9725	2
1070.57040	536.29250	2	68.0355	1
1070.60690	536.31070	2	73.8892	1
1070.60875	536.31165	2	44.3684	2
1070.61940	536.31700	2	40.3877	1
1070.63380	536.32420	2	68.6070	2
1070.65985	536.33720	2	75.6361	2
1071.41800	536.71625	2	39.3463	2
1071.56465	536.78960	2	48.6119	2
1071.59400	536.80430	2	53.3077	3
1072.52865	537.27160	2	47.1867	2
1072.57345	537.29400	2	73.0054	2
1072.59690	537.30575	2	38.5185	2
1072.61365	537.31410	2	40.6291	2
1073.49935	537.75695	2	44.4757	2
1073.51755	537.76605	2	53.8955	2
1073.52505	537.76980	2	33.3660	2
1073.58660	537.80060	2	43.4562	2
1073.59055	537.80255	2	58.6651	2
1073.60890	537.81175	2	86.0188	2
1073.60990	537.81220	2	33.8859	1
1073.65970	537.83710	2	62.7612	2
1074.54575	538.28015	2	42.8838	2
1074.55455	538.28455	2	52.8572	2
1074.57085	538.29270	2	59.3415	2
1075.47715	538.74585	2	32.8321	2
1075.53350	538.77400	2	65.3590	2
1075.55740	538.78600	2	61.0177	1
1075.59190	538.80320	2	70.0342	2
1075.61225	538.81340	2	57.1217	2
1075.62835	538.82145	2	66.9653	2
1076.51430	539.26445	2	48.8721	2
1076.52545	539.27000	2	32.3920	2
1076.56070	539.28765	2	53.7095	2
1076.57280	539.29365	2	42.1939	2
1077.60470	539.80960	2	38.5874	1
1078.47610	540.24530	2	34.4633	1
1078.50470	540.25960	2	40.3447	2
1081.62315	541.81885	2	59.3734	2
1082.53240	542.27350	2	54.2691	2
1082.55490	542.28475	2	81.5382	2
1082.62505	542.31980	2	76.3842	2
1082.64070	542.32760	2	81.4989	1
1082.64590	542.33020	2	54.5231	2
1084.48595	543.25025	2	37.8697	2
1084.51955	543.26705	2	73.2113	2
1084.56970	543.29215	2	88.2963	2
1084.57260	543.29360	2	97.3960	4
1084.63765	543.32610	2	78.1453	2
1084.66090	543.33775	2	54.9663	2
1085.60860	543.81160	2	50.9368	2
1085.61365	543.81410	2	42.8864	2
1085.62395	543.81925	2	74.2729	2
1085.64430	543.82940	2	66.6173	2
1086.06495	544.03975	2	49.7915	4
1086.55535	544.28495	2	47.2637	2
1086.56790	544.29120	2	50.4412	1
1086.56800	544.29130	2	32.4508	2
1087.55135	544.78295	2	50.4991	2
1087.56350	544.78900	2	41.5489	1
1087.56430	544.78940	2	41.5721	1
1087.58795	544.80125	2	40.8346	2
1087.59850	544.80650	2	44.5212	1
1087.61285	544.81370	2	69.6184	2
1088.45570	545.23515	2	36.0221	2
1088.51030	545.26240	2	30.4684	2
1088.55470	545.28460	2	70.2542	2
1088.56000	545.28730	2	60.8768	1
1088.57235	545.29345	2	31.4590	2
1088.60835	545.31145	2	34.4070	2
1089.53145	545.77300	2	41.0587	2
1089.55705	545.78580	2	32.9751	2
1089.56760	545.79110	2	62.0406	1
1089.60305	545.80880	2	43.9915	2
1090.46805	546.24130	2	36.8767	2
1090.60265	546.30860	2	58.2982	2
1091.55710	546.78585	2	38.5431	2
1092.53940	547.27695	2	54.4555	2
1093.54095	547.77775	2	43.2331	2
1093.54135	547.77795	2	57.1557	2
1094.08045	548.04750	2	35.3905	4
1094.55280	548.28365	2	67.2839	2
1094.55495	548.28475	2	76.9334	2
1094.56105	548.28780	2	31.8582	2
1094.56560	548.29010	2	47.2663	2
1094.59665	548.30560	2	56.7490	2
1095.46570	548.74015	2	52.2435	2
1095.55680	548.78570	2	53.7335	1
1095.56410	548.78930	2	68.5641	1
1095.56790	548.79120	2	30.3579	2
1095.58195	548.79825	2	54.8917	2
1096.49800	549.25630	2	59.8506	2
1096.51905	549.26680	2	47.7004	2
1096.56235	549.28845	2	41.2681	2
1097.60875	549.81165	2	55.6331	2
1097.61990	549.81720	2	35.8574	1
1098.52810	550.27130	2	60.8469	1
1098.53550	550.27505	2	44.3311	2
1098.57885	550.29670	2	34.6869	2
1098.58250	550.29855	2	49.4472	2
1099.49350	550.75400	2	59.5601	2
1099.56180	550.78820	2	41.0597	2
1100.46010	551.23735	2	65.5083	2
1100.55770	551.28610	2	32.3289	2
1100.57210	551.29330	2	70.4576	2
1101.55610	551.78530	2	69.7114	2
1101.58030	551.79740	2	56.7703	1
1101.60325	551.80890	2	36.7878	2
1101.65160	551.83310	2	52.1887	2
1102.56445	552.28950	2	32.9231	2
1102.57690	552.29570	2	63.4445	2
1102.58715	552.30085	2	35.1694	2
1103.56120	552.78790	2	38.5431	2
1103.58185	552.79820	2	49.8179	2
1103.63890	552.82670	2	83.6365	1
1104.45185	553.23320	2	29.7380	2
1104.47555	553.24505	2	33.8575	4
1104.50965	553.26210	2	52.0445	2
1104.53075	553.27265	2	43.5736	2
1104.54690	553.28075	2	43.2200	2
1104.54745	553.28100	2	45.8559	2
1104.56400	553.28930	2	47.7615	2
1104.56630	553.29040	2	32.0914	2
1104.59360	553.30405	2	59.1683	2
1104.62710	553.32080	2	86.8519	1
1104.69150	553.35300	2	87.8939	1
1105.57655	553.79555	2	64.0312	2
1106.53875	554.27665	2	46.9435	2
1106.58695	554.30075	2	82.0497	2
1106.60905	554.31180	2	81.4079	2
1107.53855	554.77655	2	60.4731	2
1107.54405	554.77930	2	53.5180	2
1107.54935	554.78195	2	64.9325	2
1107.55590	554.78520	2	36.0731	2
1107.57540	554.79500	2	86.5969	5
1107.59265	554.80360	2	43.7614	2
1108.51560	555.26510	2	30.6751	2
1108.57150	555.29300	2	77.4151	2
1108.92030	555.46745	2	36.2536	4
1109.50290	555.75870	2	74.3861	1
1109.53365	555.77410	2	77.9516	2
1109.53970	555.77710	2	46.5246	1
1109.54870	555.78165	2	89.2021	2
1109.57240	555.79350	2	31.7054	1
1109.58790	555.80125	2	57.5688	2
1109.61320	555.81390	2	70.3146	2
1109.68080	555.84770	2	77.8023	2
1110.46650	556.24055	2	41.3361	2
1110.52045	556.26750	2	59.4924	2
1110.59020	556.30235	2	82.2835	2
1110.60785	556.31120	2	76.1066	2
1110.66580	556.34020	2	73.4336	2
1112.42250	557.21855	2	34.5554	2
1113.63820	557.82640	2	57.7733	1
1114.55665	558.28560	2	77.2685	2
1114.56245	558.28850	2	38.4590	2
1114.56680	558.29065	2	63.6633	2
1114.62390	558.31925	2	61.2320	2
1114.63460	558.32455	2	52.1681	2
1115.05470	558.53465	2	46.3781	4
1115.51390	558.76425	2	46.5075	2
1115.52510	558.76980	2	31.8317	2
1115.54540	558.77995	2	45.1716	2
1115.55785	558.78620	2	33.4225	2
1115.58125	558.79790	2	41.0036	2
1115.58500	558.79980	2	52.9831	2
1115.60125	558.80790	2	55.0629	2
1116.50415	559.25935	2	46.8042	2
1116.50420	559.25940	2	42.9575	1
1116.54475	559.27965	2	32.5000	2
1116.56655	559.29055	2	53.4874	2
1116.58295	559.29875	2	71.6543	2
1116.60630	559.31040	2	30.5035	1
1116.61200	559.31325	2	33.8907	2
1116.65275	559.33365	2	82.2060	2
1117.52760	559.77105	2	38.2500	2
1117.54370	559.77910	2	41.4453	2
1117.56295	559.78875	2	50.1644	2
1117.60635	559.81045	2	69.9972	2
1118.01720	560.01590	2	45.5977	4
1118.48440	560.24945	2	31.6114	2
1118.54770	560.28110	2	75.2647	2
1118.63375	560.32415	2	56.0592	2
1119.54255	560.77855	2	68.2979	2
1119.58280	560.79870	2	61.6772	2
1119.59610	560.80535	2	66.4383	2
1119.67035	560.84245	2	81.7526	2
1120.06045	561.03750	2	56.6153	4
1120.57595	561.29525	2	59.5845	2
1121.46650	561.74050	2	40.9826	2
1121.53405	561.77430	2	67.7541	2
1121.54720	561.78090	2	42.1413	2
1121.57220	561.79335	2	65.2341	2
1121.61030	561.81245	2	46.8256	2
1122.51035	562.26245	2	58.8022	2
1123.47805	562.74630	2	45.5374	2
1123.57025	562.79240	2	56.4363	2
1123.58185	562.79820	2	52.8861	2
1124.59070	563.30260	2	61.1414	1
1124.61920	563.31685	2	68.3816	2
1124.63085	563.32270	2	36.2832	6
1124.68025	563.34740	2	79.5619	2
1125.51155	563.76305	2	33.6244	2
1125.57185	563.79320	2	42.2145	2
1125.64020	563.82740	2	60.1076	2
1126.59730	564.30590	2	50.6737	1
1126.66130	564.33790	2	76.3271	3
1127.47410	564.74435	2	68.0748	2
1127.52165	564.76810	2	37.4546	2
1127.56135	564.78795	2	76.7502	2
1127.56535	564.78995	2	41.5939	2
1127.61195	564.81325	2	61.1744	2
1127.65545	564.83500	2	69.8762	4
1128.54580	565.28020	2	56.3383	1
1128.56645	565.29050	2	40.9461	2
1128.57855	565.29655	2	41.8470	2
1128.58990	565.30225	2	30.8744	2
1128.63925	565.32690	2	58.8842	2
1129.57980	565.79715	2	54.8145	2
1129.63410	565.82430	2	33.8322	2
1129.63430	565.82445	2	38.7567	2
1129.67085	565.84270	2	69.1105	2
1130.55905	566.28680	2	46.6855	2
1131.57800	566.79625	2	32.9518	2
1131.62885	566.82170	2	69.4942	2
1131.65480	566.83465	2	80.8869	2
1132.53825	567.27640	2	31.2702	2
1132.55600	567.28530	2	55.9613	1
1132.58895	567.30175	2	61.0518	2
1133.53590	567.77520	2	33.4734	1
1133.55385	567.78420	2	68.2305	2
1133.57165	567.79310	2	55.1238	2
1133.57245	567.79350	2	71.4589	2
1133.57520	567.79490	2	65.2867	2
1133.60865	567.81160	2	61.5200	2
1133.64515	567.82985	2	67.1929	2
1134.53410	568.27430	2	42.9932	2
1134.53770	568.27610	2	45.8274	1
1134.55065	568.28260	2	33.9010	2
1134.57645	568.29550	2	45.5453	2
1135.59870	568.80665	2	46.5763	2
1136.53615	569.27535	2	52.5590	2
1136.57135	569.29295	2	56.8372	2
1136.57245	569.29350	2	60.0766	2
1137.46315	569.73885	2	32.3757	2
1137.56445	569.78950	2	81.8329	2
1137.57780	569.79620	2	54.3789	2
1138.56550	570.29005	2	61.4548	2
1138.58630	570.30040	2	33.1916	1
1139.54615	570.78035	2	53.6780	2
1139.56165	570.78810	2	65.6771	2
1139.63030	570.82240	2	38.5674	2
1139.65540	570.83495	2	60.7319	2
1140.52340	571.26900	2	31.9454	2
1141.55520	571.78485	2	70.9600	2
1141.56810	571.79130	2	61.8167	2
1141.59820	571.80640	2	31.0988	2
1141.61005	571.81230	2	58.5796	2
1141.64120	571.82790	2	81.6308	1
1142.03395	572.02425	2	64.1214	4
1142.48880	572.25165	2	44.4831	2
1142.55335	572.28395	2	89.5584	2
1142.55750	572.28600	2	50.9419	2
1142.61780	572.31620	2	54.0030	2
1142.63125	572.32290	2	32.5341	2
1143.50850	572.76150	2	54.8789	2
1143.57240	572.79350	2	64.6153	2
1143.58810	572.80130	2	33.1339	2
1143.69235	572.85345	2	85.9926	2
1144.58850	573.30155	2	48.8156	2
1144.59530	573.30495	2	59.3226	2
1144.60900	573.31180	2	37.0254	2
1144.63610	573.32535	2	56.3164	2
1145.08450	573.54950	2	56.5424	4
1145.57470	573.79460	2	46.3905	2
1145.67055	573.84255	2	69.7867	2
1146.57630	574.29540	2	44.8878	2
1146.58560	574.30010	2	71.8468	2
1146.61665	574.31560	2	51.9621	2
1147.55120	574.78285	2	61.3593	2
1147.55465	574.78460	2	48.1826	2
1147.55530	574.78490	2	42.5325	2
1147.57925	574.79690	2	64.1943	2
1147.58740	574.80095	2	53.9031	2
1147.63945	574.82700	2	87.0300	2
1148.51325	575.26390	2	32.8967	2
1148.54675	575.28065	2	52.3074	2
1148.56520	575.28985	2	65.5083	2
1148.57000	575.29230	2	79.2597	2
1148.60845	575.31150	2	57.2780	2
1148.60895	575.31175	2	61.6438	2
1149.56715	575.79085	2	56.8081	2
1149.56780	575.79115	2	67.1006	2
1150.05790	576.03625	2	58.0991	4
1150.54260	576.27860	2	32.4950	1
1150.58685	576.30070	2	54.4279	2
1150.58900	576.30175	2	47.6200	2
1150.62340	576.31900	2	59.4378	2
1151.49255	576.75355	2	51.3606	2
1151.59460	576.80455	2	40.0512	2
1151.65465	576.83460	2	67.9127	2
1151.72875	576.87165	2	75.0520	2
1152.52885	577.27170	2	29.5180	2
1152.53010	577.27230	2	53.0740	2
1152.54935	577.28195	2	59.9657	2
1152.55280	577.28365	2	35.9563	2
1152.58625	577.30040	2	57.5162	2
1154.57160	578.29305	2	62.6477	2
1154.62045	578.31750	2	58.6444	2
1154.63035	578.32245	2	44.2388	2
1155.55640	578.78550	2	67.5640	2
1155.56285	578.78870	2	33.6168	2
1155.58200	578.79830	2	87.4751	2
1155.61510	578.81485	2	50.7113	2
1155.62745	578.82100	2	51.4737	2
1155.64995	578.83225	2	48.5333	2
1156.52005	579.26730	2	55.0418	2
1156.52030	579.26745	2	44.1847	2
1156.52160	579.26805	2	27.6146	2
1156.59220	579.30340	2	84.6119	1
1156.60315	579.30885	2	66.0412	2
1157.56380	579.78920	2	48.9194	1
1157.57605	579.79530	2	74.8091	2
1157.59290	579.80375	2	57.8132	2
1157.59380	579.80420	2	51.8186	2
1157.63875	579.82665	2	52.6277	2
1158.59950	580.30700	2	41.3636	2
1158.62435	580.31945	2	47.1179	2
1159.57225	580.79340	2	63.7901	2
1159.57445	580.79450	2	33.0452	2
1159.58300	580.79875	2	45.0107	2
1159.59425	580.80440	2	40.4258	2
1159.61980	580.81720	2	39.2517	2
1159.63930	580.82695	2	79.4582	2
1159.68255	580.84855	2	49.0457	2
1160.56520	581.28990	2	36.4705	2
1160.58550	581.30005	2	66.2124	2
1160.58680	581.30070	2	49.1343	2
1160.59275	581.30365	2	72.5249	2
1160.59800	581.30625	2	53.7094	2
1160.61555	581.31505	2	35.6521	2
1161.59950	581.80705	2	45.3523	2
1161.59975	581.80715	2	53.1139	2
1161.60675	581.81065	2	72.3590	2
1161.66455	581.83955	2	94.7969	2
1162.59765	582.30610	2	71.2061	2
1163.54570	582.78010	2	33.2909	1
1163.57625	582.79540	2	65.0293	2
1163.60810	582.81130	2	66.7810	2
1164.57020	583.29240	2	30.9724	1
1164.60260	583.30855	2	60.2352	2
1164.60265	583.30860	2	54.3725	2
1164.72435	583.36945	2	69.8410	2
1165.45970	583.73710	2	34.0615	2
1165.57650	583.79550	2	72.0922	3
1165.59840	583.80650	2	46.2718	1
1165.63420	583.82440	2	63.9142	2
1166.54025	584.27740	2	46.3635	2
1167.61740	584.81600	2	84.2343	2
1167.63560	584.82510	2	44.1521	1
1168.63260	585.32360	2	77.5143	2
1168.68190	585.34825	2	69.2078	2
1168.68245	585.34850	2	57.9323	2
1168.74430	585.37940	2	78.8636	2
1169.13800	585.57630	2	49.5984	4
1169.57190	585.79325	2	53.8069	2
1170.52055	586.26755	2	50.1346	2
1170.57725	586.29590	2	45.6883	2
1170.62670	586.32065	2	46.8203	2
1170.66095	586.33775	2	66.2467	2
1170.66095	586.33775	2	69.9076	2
1171.57730	586.79590	2	64.7852	2
1171.62025	586.81740	2	49.7729	2
1171.62425	586.81940	2	55.4898	2
1171.70005	586.85730	2	54.2401	2
1172.59575	587.30515	2	65.2180	2
1172.61465	587.31460	2	39.7154	2
1172.62160	587.31805	2	88.6313	6
1172.62860	587.32155	2	73.2413	2
1172.63010	587.32235	2	65.5299	2
1172.64030	587.32740	2	70.4496	2
1173.50290	587.75870	2	60.1062	1
1173.58905	587.80180	2	46.2239	2
1173.61330	587.81390	2	84.7320	1
1174.06675	588.04065	2	32.7968	4
1174.51150	588.26305	2	42.7474	2
1174.54755	588.28105	2	31.2226	2
1174.56135	588.28795	2	53.6700	2
1174.60880	588.31165	2	40.1302	2
1175.57345	588.79400	2	60.1348	2
1175.58730	588.80090	2	68.3471	1
1175.61915	588.81685	2	40.8922	2
1175.65540	588.83495	2	58.5485	2
1176.57450	589.29450	2	30.2626	1
1176.58155	589.29805	2	52.4447	2
1177.60970	589.81210	2	62.6936	1
1177.63570	589.82510	2	65.6528	2
1177.66125	589.83790	2	83.9835	2
1177.66380	589.83915	2	89.3745	2
1178.46280	590.23870	2	67.3377	1
1178.51820	590.26635	2	37.3871	2
1179.54680	590.78070	2	41.4933	1
1179.61490	590.81470	2	50.2680	1
1180.52285	591.26870	2	61.9363	2
1180.59790	591.30620	2	64.1463	2
1180.70680	591.36065	2	84.9428	2
1181.65240	591.83345	2	54.2690	2
1182.54160	592.27810	2	74.4131	1
1182.57410	592.29430	2	71.9412	1
1182.60415	592.30935	2	70.7404	2
1182.62760	592.32110	2	71.8086	1
1182.66465	592.33960	2	57.8510	2
1182.68020	592.34740	2	77.9649	2
1184.58715	593.30085	2	60.6661	2
1184.60580	593.31020	2	49.6476	2
1184.61950	593.31700	2	75.5887	2
1184.67785	593.34620	2	69.6525	2
1185.57500	593.79480	2	85.5619	2
1185.57810	593.79630	2	35.3635	2
1185.63980	593.82720	2	78.6044	2
1185.65130	593.83290	2	63.5073	2
1186.54320	594.27885	2	44.7895	2
1186.65645	594.33550	2	46.6309	2
1187.59070	594.80260	2	49.0886	1
1187.59525	594.80490	2	64.8214	2
1187.62275	594.81865	2	76.7999	2
1187.69590	594.85520	2	84.7488	1
1187.70270	594.85860	2	79.8298	2
1187.70310	594.85885	2	87.2242	2
1188.58890	595.30175	2	41.4122	2
1188.59815	595.30635	2	45.4802	2
1188.61660	595.31560	2	49.9062	2
1188.67595	595.34525	2	60.4211	2
1189.54165	595.77810	2	78.0464	2
1189.63830	595.82640	2	51.5828	2
1189.64515	595.82985	2	69.2380	2
1189.67145	595.84300	2	73.6170	2
1190.56120	596.28790	2	54.6352	2
1190.60045	596.30750	2	63.6310	2
1191.61395	596.81425	2	57.0436	2
1191.66530	596.83990	2	81.6447	1
1192.52845	597.27150	2	45.8903	2
1192.57590	597.29520	2	43.1307	1
1192.58310	597.29880	2	68.9737	1
1192.59740	597.30600	2	55.3219	2
1192.61715	597.31585	2	65.8125	2
1192.66375	597.33915	2	86.2511	2
1193.61565	597.81510	2	37.4767	2
1193.63470	597.82460	2	67.0692	2
1193.66860	597.84160	2	89.1620	2
1194.51220	598.26335	2	29.8428	2
1194.61440	598.31450	2	66.6736	1
1195.61005	598.81230	2	59.8748	2
1196.54995	599.28225	2	44.6490	2
1196.57290	599.29375	2	34.0510	2
1196.64990	599.33220	2	48.3804	2
1197.54650	599.78055	2	77.3502	2
1197.57000	599.79230	2	51.7815	2
1197.57575	400.19915	3	34.2915	2
1197.62500	599.81980	2	59.2884	2
1197.66530	599.83990	2	73.6466	1
1197.69775	599.85615	2	74.6314	2
1198.62340	600.31900	2	69.5437	1
1198.65545	400.55905	3	39.5423	2
1198.65615	600.33535	2	39.6072	2
1199.51090	600.76270	2	59.4304	1
1199.54615	600.78035	2	54.2927	2
1199.71280	600.86370	2	77.7435	2
1200.61900	401.21360	3	41.0638	2
1200.62375	601.31915	2	58.4658	2
1200.62470	601.31965	2	41.0424	2
1200.64690	601.33070	2	51.6145	2
1200.65160	601.33305	2	79.0132	2
1201.58280	601.79870	2	43.1015	5
1201.59855	601.80655	2	65.3936	2
1201.62090	601.81770	2	74.2339	2
1201.62840	601.82150	2	34.8034	1
1201.62950	401.55040	3	34.8519	2
1201.63065	601.82260	2	35.4902	2
1201.66690	401.56290	3	45.9788	2
1201.66735	601.84095	2	45.9591	2
1201.66770	601.84110	2	56.0458	1
1202.58930	602.30195	2	39.2207	2
1202.60425	401.87535	3	47.8690	2
1202.60545	602.31000	2	47.9055	2
1202.64150	401.88780	3	38.0656	1
1202.64415	602.32935	2	38.0157	2
1202.65030	602.33240	2	64.1785	2
1203.59865	602.80660	2	40.4829	2
1203.61730	602.81590	2	57.2250	3
1203.67130	602.84290	2	51.1150	2
1204.48280	603.24870	2	41.3134	1
1204.58380	603.29920	2	52.1419	2
1204.60940	603.31200	2	56.3813	2
1204.61150	603.31300	2	92.0233	1
1204.61230	603.31340	2	79.4140	1
1204.65705	402.55965	3	47.4281	2
1204.65715	603.33585	2	47.4383	2
1205.56530	402.86240	3	58.9112	1
1205.59160	402.87110	3	58.6004	1
1205.64085	603.82770	2	53.8396	2
1205.71365	402.91180	3	64.3423	2
1205.71390	603.86425	2	64.4066	2
1206.59690	604.30570	2	60.3329	1
1206.60720	604.31090	2	72.0807	2
1206.62510	604.31980	2	63.7631	2
1207.57140	604.79300	2	61.9712	1
1207.57240	604.79345	2	62.9589	2
1207.57680	403.53290	3	36.9833	1
1207.62075	604.81765	2	54.6425	2
1207.62410	604.81930	2	71.7903	2
1207.67495	604.84475	2	83.6632	2
1207.76595	604.89025	2	80.1152	2
1208.52460	605.26960	2	38.1131	2
1208.59445	605.30450	2	82.1022	2
1208.60400	605.30930	2	67.6462	1
1209.58850	605.80150	2	47.5556	2
1210.56120	606.28790	2	46.0910	1
1210.59960	606.30705	2	62.5187	2
1210.61380	404.54520	3	62.2096	1
1210.63170	404.55120	3	36.8207	1
1210.74070	606.37765	2	70.0519	2
1211.59740	606.80600	2	61.6586	2
1211.61905	606.81680	2	77.4445	2
1211.62450	404.88210	3	34.2102	1
1211.62480	404.88220	3	34.1927	1
1211.65155	606.83305	2	47.9899	2
1211.65205	404.89125	3	47.9284	2
1212.50270	607.25860	2	36.9779	1
1212.54215	607.27835	2	56.1810	2
1212.56660	405.19615	3	26.4173	2
1213.64565	405.55580	3	53.1192	2
1213.67080	405.56420	3	81.1683	1
1214.59690	608.30575	2	62.8749	2
1214.61380	608.31420	2	63.0739	1
1214.70300	608.35880	2	62.4385	2
1215.59875	608.80665	2	49.7606	2
1215.64715	608.83085	2	59.6454	2
1215.65120	608.83285	2	82.1283	2
1215.68265	608.84860	2	33.3877	2
1215.68275	406.23485	3	33.3281	2
1216.57565	609.29510	2	48.4462	2
1216.57620	609.29540	2	38.2767	2
1216.62310	609.31885	2	54.5556	2
1216.65690	609.33575	2	69.1051	2
1217.56145	609.78800	2	69.4516	2
1217.60775	609.81115	2	56.9789	2
1217.67655	406.89945	3	67.5326	2
1218.56770	610.29110	2	44.5318	1
1218.62965	610.32210	2	58.2709	2
1218.66430	610.33945	2	82.5418	2
1219.61290	610.81370	2	49.1081	2
1220.64085	611.32770	2	77.6506	2
1221.13315	611.57385	2	49.7803	4
1221.51750	611.76600	2	44.8468	1
1221.59845	611.80650	2	58.3168	2
1221.60940	408.21040	3	30.0559	2
1221.61100	611.81275	2	30.1156	2
1221.61660	611.81560	2	64.7864	1
1221.63600	611.82525	2	55.9377	2
1222.61985	612.31720	2	55.8498	2
1223.54185	612.77820	2	46.0703	2
1223.56640	408.86270	3	35.5528	1
1223.62640	612.82050	2	34.7195	2
1223.65160	408.89110	3	46.8738	1
1223.71390	612.86420	2	84.0378	11
1224.62390	613.31925	2	67.7464	2
1224.62970	613.32215	2	53.3723	2
1224.65820	409.22670	3	35.6858	2
1224.65905	613.33680	2	36.0096	2
1224.68400	613.34930	2	42.5057	2
1225.59880	613.80670	2	62.4874	1
1225.67280	613.84365	2	68.5160	2
1226.69765	614.35610	2	58.6132	2
1226.70610	614.36030	2	80.6700	2
1227.65725	614.83590	2	58.2928	2
1227.66125	614.83790	2	69.5150	2
1227.67265	614.84360	2	67.4381	2
1227.68210	614.84835	2	63.9972	2
1227.68295	410.23490	3	49.2826	2
1228.73915	615.37685	2	81.9080	2
1229.55810	615.78630	2	40.8317	2
1229.61245	615.81350	2	78.2697	2
1229.62040	615.81745	2	49.2217	2
1229.62650	615.82050	2	44.5264	1
1229.64990	410.89055	3	47.0590	2
1229.65055	615.83255	2	47.1126	2
1229.69900	615.85680	2	39.4189	1
1229.73795	410.91990	3	58.3731	2
1230.55875	411.19350	3	31.7874	2
1230.58350	616.29900	2	40.9731	2
1230.58690	616.30070	2	32.9154	1
1230.58795	616.30125	2	59.4628	2
1230.62135	616.31795	2	48.3284	2
1230.63990	616.32725	2	78.3255	2
1230.65755	616.33605	2	40.6900	2
1230.66190	616.33825	2	82.0449	2
1231.58735	616.80095	2	35.3928	2
1231.58795	616.80125	2	51.6631	2
1231.62510	616.81980	2	54.4899	2
1231.62750	616.82105	2	87.1212	2
1231.65670	616.83560	2	59.9999	2
1231.69275	411.57150	3	57.3657	2
1232.57290	617.29370	2	32.7469	2
1232.60800	617.31125	2	45.6212	2
1233.60910	617.81180	2	49.9392	2
1233.62180	617.81820	2	43.2252	2
1233.66170	617.83815	2	56.6362	2
1234.56900	412.53025	3	39.7507	2
1234.59700	618.30580	2	34.1510	2
1234.65330	618.33390	2	63.5788	1
1235.60645	412.87605	3	38.9072	2
1235.60760	618.81110	2	38.9321	2
1235.64915	618.83185	2	48.5907	2
1235.65040	412.89070	3	48.5518	2
1235.66760	618.84105	2	57.5662	2
1235.67025	412.89735	3	57.5011	2
1235.69790	412.90660	3	48.6979	1
1235.69940	412.90705	3	52.4184	2
1236.56215	619.28835	2	47.8479	2
1237.61445	413.54540	3	44.6594	2
1237.63515	413.55230	3	36.8410	2
1237.63525	619.82490	2	36.9271	2
1237.64640	619.83045	2	63.4364	2
1237.74085	619.87770	2	67.0692	2
1238.66050	620.33750	2	52.2395	1
1239.59175	620.80315	2	58.1119	2
1239.59575	414.20585	3	34.6285	2
1239.62180	620.81820	2	61.8631	1
1239.68430	620.84945	2	74.6606	2
1239.71935	620.86695	2	73.4388	2
1240.16005	621.08730	2	48.1554	4
1240.58740	414.53640	3	35.3005	2
1240.68080	621.34770	2	75.0738	2
1240.70235	621.35845	2	90.1670	2
1241.59385	621.80420	2	70.5988	2
1241.66445	621.83950	2	61.4899	2
1241.67200	414.89790	3	42.5233	1
1241.67370	621.84410	2	42.6153	1
1241.67600	414.89930	3	61.3156	1
1241.69820	621.85635	2	77.7237	2
1241.71470	621.86465	2	87.1326	2
1241.77535	414.93240	3	76.7449	2
1241.77550	621.89500	2	76.8448	2
1242.56640	622.29050	2	57.0881	1
1242.63610	415.21930	3	43.3356	2
1242.63690	622.32575	2	43.3670	2
1243.67830	415.56670	3	60.3436	1
1244.54315	623.27885	2	51.8428	2
1244.56750	623.29100	2	46.0405	2
1244.63380	623.32415	2	65.5634	2
1244.67260	415.89815	3	35.7166	2
1245.60940	416.21040	3	47.0793	1
1245.62155	416.21445	3	46.7632	2
1245.62225	623.81840	2	46.8936	2
1245.64150	623.82800	2	62.1276	1
1245.65140	623.83300	2	81.0150	2
1245.65795	623.83625	2	42.4842	2
1245.67225	416.23135	3	54.0237	2
1245.67505	623.84480	2	41.4505	2
1245.69560	416.23910	3	43.0104	1
1246.65035	416.55740	3	66.2823	2
1246.69280	624.35365	2	71.6596	2
1247.60400	624.80930	2	69.0379	1
1248.61905	625.31680	2	57.1904	2
1248.67185	625.34320	2	60.2516	2
1248.67310	625.34380	2	62.5354	1
1249.63140	625.82300	2	56.4990	2
1249.65410	625.83435	2	63.2543	2
1249.65710	625.83580	2	82.1663	2
1250.72820	626.37135	2	87.0032	2
1250.75980	626.38720	2	71.4183	1
1251.66225	626.83840	2	74.0451	2
1251.66420	418.22865	3	49.2215	2
1252.73880	627.37665	2	78.3971	2
1252.75005	418.59060	3	65.0269	2
1252.78200	627.39830	2	90.5682	1
1253.55970	627.78710	2	65.5688	2
1253.63020	418.88400	3	31.1306	2
1253.63050	627.82250	2	31.2099	1
1254.58830	628.30140	2	67.6359	2
1254.59960	628.30710	2	79.4582	2
1254.73005	628.37230	2	39.1155	2
1254.73050	419.25080	3	39.0905	3
1254.73050	628.37250	2	68.5052	2
1254.73320	419.25170	3	51.2858	1
1255.58470	628.79965	2	42.1359	2
1255.62770	628.82110	2	69.1647	2
1255.65585	419.55920	3	52.6758	2
1255.65710	628.83580	2	52.6721	1
1255.66835	628.84145	2	73.0739	2
1255.67905	628.84680	2	50.1564	2
1255.70250	628.85855	2	68.2872	2
1255.71400	628.86425	2	64.3284	2
1255.71420	419.57865	3	64.2859	2
1256.60770	629.31115	2	57.9943	2
1256.60990	629.31225	2	88.5249	2
1256.61115	629.31285	2	49.5395	2
1256.67400	629.34425	2	54.6056	2
1256.69680	419.90620	3	46.4305	2
1256.69830	629.35640	2	46.4201	2
1256.70350	629.35900	2	95.9497	2
1257.64685	629.83070	2	41.2079	2
1257.64770	420.22320	3	41.1982	1
1258.59840	630.30645	2	80.2292	2
1258.67505	630.34480	2	66.3422	2
1258.69025	630.35240	2	51.4121	2
1258.76310	630.38880	2	86.0584	2
1259.57310	420.86500	3	34.6206	1
1259.63335	630.82395	2	74.3250	2
1259.63615	630.82535	2	57.1821	2
1259.66065	630.83760	2	57.7674	2
1260.57490	421.19890	3	36.0835	2
1260.57715	631.29585	2	34.7517	2
1260.58885	631.30170	2	41.2705	2
1260.62930	421.21705	3	59.5056	2
1260.67210	631.34335	2	56.1229	2
1261.57905	631.79680	2	50.0716	2
1261.62195	421.54795	3	39.0513	2
1261.67075	421.56420	3	36.5012	2
1261.74425	631.87940	2	94.3439	2
1263.61960	632.81705	2	31.7873	2
1263.62005	422.21395	3	31.7481	2
1263.62785	632.82120	2	55.5829	2
1263.67295	632.84375	2	87.8297	2
1263.68430	632.84945	2	65.8284	2
1264.57060	633.29260	2	56.2184	1
1264.64850	633.33155	2	60.0606	2
1264.64885	422.55685	3	60.0581	2
1265.68880	633.85165	2	50.6455	2
1266.56250	634.28855	2	45.0438	2
1266.62120	423.21435	3	36.4056	2
1266.62205	634.31830	2	36.4499	2
1266.62560	634.32010	2	69.6390	1
1266.62875	634.32165	2	70.2216	2
1267.56730	423.52970	3	33.4462	1
1267.64840	634.83150	2	81.1741	2
1267.66140	634.83800	2	91.9135	1
1267.68910	634.85185	2	48.7065	2
1268.61510	423.87895	3	52.1964	2
1268.66240	423.89475	3	49.7882	2
1268.66340	635.33895	2	49.8710	2
1268.69880	635.35665	2	68.7332	2
1269.62505	635.81980	2	79.5288	2
1269.62800	635.82130	2	62.5705	3
1269.65310	424.22500	3	65.9777	1
1269.65810	635.83630	2	45.7995	2
1269.65855	424.22680	3	45.7763	2
1269.70465	635.85960	2	61.9264	2
1269.73010	635.87235	2	77.2956	2
1270.65380	636.33420	2	42.3386	2
1270.70035	424.57405	3	61.0569	2
1270.72665	636.37060	2	90.9631	2
1271.56540	424.86240	3	76.5570	1
1271.68845	424.90345	3	59.0835	2
1271.69135	636.85295	2	63.1740	2
1271.76145	636.88800	2	81.0042	2
1272.69305	637.35380	2	63.6362	2
1273.63510	637.82480	2	72.6745	1
1273.65575	637.83515	2	65.4471	2
1273.67010	637.84230	2	63.9789	2
1273.67730	637.84590	2	85.3288	2
1273.72210	637.86830	2	69.1976	2
1274.62795	425.88325	3	44.8519	2
1274.64470	638.32965	2	83.7747	2
1274.65115	638.33285	2	76.0757	2
1274.66335	638.33895	2	67.3805	2
1274.76050	638.38750	2	77.9649	2
1275.54170	638.77815	2	44.1218	2
1275.57225	638.79340	2	59.8243	2
1275.64590	426.22260	3	53.6701	1
1275.69360	426.23845	3	61.6961	2
1276.58080	639.29770	2	34.2155	1
1276.63460	639.32455	2	76.4081	2
1276.65320	639.33390	2	88.7920	2
1276.66655	639.34055	2	57.2506	2
1276.67370	639.34410	2	85.0383	2
1276.70220	639.35840	2	71.1106	2
1276.70250	639.35850	2	77.4680	1
1277.58040	639.79750	2	50.2972	1
1277.67330	639.84395	2	67.7592	2
1277.68730	639.85095	2	74.9813	2
1277.68810	426.90330	3	75.1600	1
1278.61685	640.31570	2	61.6798	6
1278.65050	640.33255	2	83.9072	2
1279.62480	640.81970	2	62.7056	2
1279.69640	427.57275	3	52.9883	2
1279.75165	640.88310	2	73.9507	2
1280.58000	641.29730	2	80.1430	2
1280.60010	427.87400	3	36.0142	2
1280.75060	641.38260	2	87.1218	1
1281.55775	641.78615	2	38.3652	2
1281.61000	641.81230	2	34.7569	2
1281.65560	428.22580	3	49.2094	1
1281.70360	428.24180	3	40.2087	1
1282.57410	642.29430	2	70.7730	2
1282.58680	642.30065	2	60.7020	2
1283.61650	642.81555	2	69.6765	2
1283.65185	642.83320	2	64.5269	2
1283.65895	642.83675	2	84.5877	2
1283.70710	428.90965	3	43.0010	2
1283.73540	642.87495	2	77.2128	2
1284.61420	429.21200	3	38.8686	2
1284.62795	643.32125	2	90.0567	2
1284.69380	643.35420	2	76.9281	2
1284.70325	643.35890	2	68.0405	2
1284.70415	429.24200	3	41.6204	2
1284.72830	643.37145	2	82.7024	2
1285.66410	643.83935	2	42.1650	2
1285.72360	429.58180	3	44.9245	1
1286.64575	429.88915	3	67.6567	2
1286.68400	644.34925	2	84.3366	2
1286.69900	644.35675	2	67.2471	2
1286.78505	644.39980	2	85.2960	2
1287.63080	644.82270	2	83.8496	2
1287.66790	644.84120	2	44.4003	2
1287.68345	644.84900	2	72.6935	2
1288.59150	645.30305	2	43.5843	2
1288.60575	645.31015	2	62.9078	2
1288.66280	645.33870	2	45.1924	2
1288.68255	645.34855	2	50.4507	2
1288.68575	645.35015	2	66.1898	2
1288.72340	645.36900	2	83.1319	2
1288.73980	645.37715	2	74.8388	2
1289.59075	645.80265	2	35.0250	2
1289.59305	430.87160	3	34.9805	2
1289.62970	645.82210	2	88.1940	2
1289.64705	645.83080	2	48.7856	2
1290.12120	646.06790	2	59.0695	4
1290.54490	431.18890	3	31.0934	2
1290.55160	646.28310	2	31.2260	1
1290.56895	646.29175	2	38.3457	2
1290.65780	646.33615	2	53.9637	2
1291.53640	646.77550	2	37.1784	2
1291.57890	646.79670	2	43.8217	2
1291.60625	646.81040	2	50.5384	2
1291.66670	646.84065	2	59.2273	2
1292.66065	431.89415	3	61.1795	2
1292.66135	647.33795	2	61.1849	2
1293.62475	647.81965	2	54.6050	2
1294.62360	648.31905	2	67.3751	2
1294.73300	648.37375	2	82.0027	2
1294.79715	432.60630	3	66.6268	2
1295.66545	432.89575	3	61.0651	2
1295.72570	648.87010	2	75.2031	2
1295.74585	648.88020	2	63.7762	2
1295.75575	432.92585	3	59.3226	2
1296.57450	649.29450	2	72.0454	1
1296.68300	649.34880	2	58.8604	2
1296.68425	433.23535	3	58.9628	2
1296.70320	649.35885	2	68.1378	2
1297.23325	649.62390	2	44.5816	4
1297.72750	433.58310	3	43.7220	3
1297.73670	649.87560	2	64.6071	2
1297.76100	433.59430	3	62.5530	2
1298.59335	650.30395	2	36.7824	2
1298.59505	433.87230	3	36.7179	2
1298.61020	433.87735	3	36.5722	2
1298.69405	650.35430	2	47.4063	2
1298.74645	650.38050	2	91.6595	2
1299.56845	650.79150	2	35.0901	2
1299.62995	650.82225	2	73.5624	2
1299.67915	650.84685	2	40.1660	2
1299.69355	650.85405	2	79.0348	2
1299.71475	650.86465	2	56.9895	2
1300.62245	651.31850	2	85.4318	2
1300.70310	651.35885	2	62.2827	2
1300.71070	651.36260	2	91.2624	2
1300.73940	651.37695	2	75.0198	2
1300.77555	651.39505	2	84.3984	2
1301.61120	651.81290	2	41.6549	2
1301.63635	434.88605	3	39.7751	2
1301.63670	651.82565	2	39.8105	2
1302.65915	652.33685	2	65.9761	2
1302.72960	652.37210	2	74.4399	3
1303.51455	652.76455	2	64.7079	2
1303.60610	652.81030	2	59.9614	1
1303.74500	652.87980	2	74.7667	1
1304.61055	653.31255	2	41.9694	2
1304.73570	653.37515	2	78.2921	2
1305.59400	436.20530	3	32.7466	1
1305.61535	436.21240	3	30.4428	2
1305.62515	653.81985	2	50.8168	2
1305.63350	436.21845	3	60.8838	2
1305.70450	653.85950	2	72.9141	2
1306.58190	436.53455	3	39.6343	2
1306.65150	436.55780	3	39.1688	2
1306.66675	654.34065	2	30.7343	2
1306.67690	654.34570	2	75.2244	2
1307.66310	654.83885	2	60.8219	2
1308.71945	655.36700	2	86.3174	2
1308.72190	437.24790	3	86.4131	2
1308.74115	655.37785	2	59.5303	2
1308.77660	655.39560	2	72.3319	2
1309.15050	655.58255	2	62.4534	4
1310.12310	656.06885	2	67.7323	4
1310.65825	437.89335	3	47.5277	2
1310.68060	656.34760	2	79.9517	2
1310.70280	437.90820	3	45.5595	2
1311.57065	656.79260	2	59.1081	2
1311.58380	656.79915	2	49.9854	2
1311.71515	438.24565	3	59.8561	2
1313.61400	657.81425	2	62.7557	2
1313.69385	657.85420	2	51.9327	2
1313.69395	438.90525	3	51.8722	2
1313.70180	657.85820	2	86.8971	2
1313.71855	438.91345	3	61.4109	2
1313.72020	657.86735	2	84.4658	2
1313.74655	438.92280	3	53.4019	2
1314.59800	439.20660	3	32.2270	2
1314.69740	658.35595	2	48.0149	2
1314.69835	658.35645	2	62.3985	2
1314.70150	439.24110	3	48.0080	2
1315.65655	658.83555	2	72.3059	2
1315.67940	658.84695	2	59.7284	2
1315.71060	658.86260	2	64.3792	2
1316.56450	659.28955	2	54.9480	2
1316.66820	659.34140	2	75.6141	1
1316.67570	439.89920	3	63.9505	2
1316.73465	659.37460	2	67.8120	2
1316.73750	659.37600	2	95.5354	2
1317.61060	440.21080	3	52.4266	2
1317.64250	659.82855	2	42.0451	2
1317.74900	440.25690	3	74.9162	1
1318.66175	660.33815	2	78.6815	2
1318.68620	660.35040	2	63.2761	1
1319.63330	660.82390	2	53.1649	1
1319.66365	660.83910	2	53.6488	2
1319.66370	440.89515	3	53.6095	2
1319.69110	660.85285	2	81.2107	2
1320.60030	661.30740	2	71.5981	2
1320.62390	441.21525	3	40.3072	2
1320.62455	661.31955	2	40.3369	2
1320.68480	661.34970	2	88.2497	11
1321.61520	661.81490	2	51.6482	2
1321.76440	661.88950	2	80.4239	2
1321.76475	441.59550	3	80.3793	2
1322.66640	662.34050	2	88.4924	2
1322.67220	662.34340	2	63.8847	2
1322.70545	441.90905	3	36.6205	2
1323.72050	442.24740	3	70.8507	1
1324.69120	663.35290	2	77.6837	2
1324.73540	663.37495	2	62.9564	2
1324.78280	442.60150	3	64.8538	2
1325.74850	663.88150	2	82.7710	2
1326.62090	664.31775	2	60.3756	2
1326.68940	443.23710	3	30.8090	2
1326.69015	664.35235	2	30.7825	2
1327.56380	664.78915	2	49.3438	2
1327.65210	443.55795	3	56.6394	2
1328.74510	443.92230	3	41.8230	2
1328.75185	665.38320	2	71.0518	2
1328.75320	443.92500	3	71.4643	2
1329.65355	665.83405	2	58.7443	2
1329.65370	665.83410	2	43.2797	2
1329.69330	665.85395	2	76.6892	2
1329.69365	444.23845	3	65.5162	2
1330.71435	666.36445	2	61.3514	2
1330.78060	666.39755	2	85.4987	2
1330.78295	444.60160	3	85.6225	2
1331.67680	666.84570	2	74.2041	2
1331.70960	666.86210	2	80.4129	2
1331.71020	666.86240	2	63.2196	1
1331.72825	666.87140	2	91.8181	2
1331.74645	666.88050	2	81.9109	2
1331.76610	444.92930	3	45.5610	2
1331.76640	666.89050	2	45.4463	2
1332.62510	445.21560	3	60.9064	1
1332.64580	667.33015	2	47.5637	2
1332.70240	667.35845	2	82.3813	2
1333.59405	667.80430	2	43.1365	2
1334.65730	668.33590	2	74.0999	1
1334.66235	445.89475	3	46.1265	2
1334.71910	445.91360	3	53.4058	1
1334.71930	668.36695	2	53.4303	2
1334.72435	668.36945	2	76.2899	2
1335.63790	668.82625	2	71.7197	2
1335.64840	668.83150	2	69.7366	1
1336.74770	669.38115	2	42.8003	2
1336.80690	446.60960	3	79.5756	1
1336.80790	669.41120	2	79.5871	1
1337.59830	669.80640	2	59.0032	5
1337.67400	669.84430	2	73.1323	1
1338.55800	670.28630	2	39.1931	3
1338.61295	670.31375	2	60.5979	2
1338.66800	670.34125	2	62.8402	2
1338.71420	447.24535	3	47.0643	2
1338.72000	670.36730	2	72.2636	2
1339.65340	670.83400	2	64.3495	2
1339.74535	447.58905	3	55.2610	2
1339.75330	670.88390	2	81.4831	2
1339.77150	670.89305	2	95.7853	6
1339.77160	447.59780	3	93.8339	2
1340.59735	671.30595	2	49.2772	2
1340.70740	671.36100	2	45.4065	5
1340.73025	671.37240	2	61.8263	2
1341.62240	671.81850	2	74.8632	2
1341.72845	448.25005	3	43.9064	2
1342.65125	448.55765	3	53.9298	2
1342.65220	448.55800	3	37.2713	2
1342.69190	672.35325	2	70.1968	2
1342.70915	448.57700	3	56.0034	2
1342.71130	672.36290	2	62.5825	2
1342.73610	672.37530	2	84.6586	14
1343.76585	448.92920	3	54.2110	2
1343.76675	672.89065	2	54.2056	2
1344.68290	673.34870	2	53.3128	1
1344.71550	673.36505	2	65.6343	2
1344.72970	449.25050	3	71.9930	2
1344.74085	673.37770	2	83.1677	2
1344.74470	449.25550	3	81.4453	2
1344.74690	449.25625	3	67.5694	2
1344.79645	673.40550	2	96.0788	2
1345.62200	449.54790	3	32.8208	2
1345.62320	673.81890	2	32.8994	1
1345.66350	673.83900	2	58.6890	1
1345.73540	673.87500	2	97.8262	1
1346.57780	674.29615	2	39.7233	2
1346.60040	449.87405	3	52.7994	2
1346.67420	674.34435	2	72.8140	2
1346.68325	674.34890	2	77.8440	2
1346.72000	449.91390	3	70.8453	1
1346.76740	674.39095	2	68.3207	2
1346.76755	449.92980	3	68.2351	2
1347.58060	674.79760	2	52.9389	1
1347.58485	450.20220	3	43.6393	2
1347.66785	674.84120	2	88.1218	2
1347.72355	674.86905	2	84.5346	2
1347.74515	674.87985	2	63.2825	2
1347.74670	450.25615	3	63.1897	2
1347.76435	450.26205	3	82.7078	2
1349.56975	675.79215	2	76.1688	2
1349.64475	675.82965	2	60.5705	2
1349.68270	675.84860	2	69.2605	2
1349.68490	675.84970	2	60.7046	2
1350.08535	676.04995	2	32.2615	2
1350.61015	676.31235	2	39.6072	2
1350.64240	676.32845	2	75.7341	2
1350.71615	676.36535	2	73.5624	2
1351.63805	451.55330	3	33.7059	2
1351.63860	676.82655	2	33.7140	2
1351.64145	676.82800	2	60.3831	2
1351.71170	451.57780	3	49.8140	1
1351.71310	451.57830	3	49.8372	1
1352.59575	451.87250	3	30.3631	2
1352.64030	677.32740	2	63.1203	1
1352.72900	451.91695	3	54.7942	2
1352.75745	677.38600	2	67.6905	2
1353.71945	677.86700	2	87.7731	2
1353.72470	677.86960	2	65.3589	2
1354.72775	678.37115	2	89.8315	4
1355.71430	678.86440	2	85.0167	2
1355.71605	678.86530	2	87.2536	2
1355.73100	678.87280	2	56.2329	2
1355.77945	678.89700	2	81.8427	2
1356.73615	679.37535	2	59.8143	2
1356.74840	453.25670	3	48.2658	2
1356.75085	679.38270	2	48.3024	2
1357.66340	679.83900	2	49.5290	2
1357.67205	679.84330	2	30.0473	2
1357.67315	453.56500	3	29.8481	2
1357.74555	453.58910	3	58.0726	2
1357.74585	679.88020	2	58.1478	2
1358.15435	453.72540	3	51.3369	4
1358.65710	680.33585	2	88.3595	2
1358.66185	680.33820	2	56.4935	2
1358.66880	680.34170	2	45.6829	2
1358.66915	453.89695	3	45.6531	2
1358.67845	453.90010	3	38.3350	2
1358.67955	680.34705	2	38.3950	2
1358.74045	680.37750	2	82.4806	2
1358.76050	680.38755	2	92.1422	2
1359.68240	680.84845	2	66.8016	2
1359.68840	454.23670	3	38.0726	2
1359.83500	454.28560	3	56.5002	1
1360.58625	454.53600	3	33.2908	2
1360.70045	681.35750	2	75.3291	2
1361.66825	681.84140	2	40.1105	2
1361.67240	681.84350	2	66.5626	2
1361.70510	454.90900	3	43.6270	1
1361.71900	681.86680	2	68.4188	2
1361.72250	681.86850	2	71.2395	2
1362.59000	682.30225	2	48.4119	2
1362.64490	682.32970	2	53.4822	1
1362.71230	682.36345	2	87.3565	2
1362.71485	682.36470	2	57.8761	2
1362.71690	682.36570	2	71.8749	1
1362.72225	682.36840	2	83.0623	2
1363.66130	682.83790	2	62.7001	2
1363.69035	455.57070	3	45.0031	2
1363.69310	682.85380	2	45.1661	2
1363.74230	455.58800	3	59.1281	1
1364.59230	455.87140	3	50.9813	1
1364.59270	683.30360	2	51.0440	1
1364.63060	683.32260	2	71.6520	1
1364.63960	683.32710	2	64.0620	2
1364.66805	683.34130	2	44.8930	2
1364.68365	683.34910	2	61.1132	2
1364.71905	683.36680	2	64.4681	2
1364.73530	683.37495	2	68.9845	2
1365.55905	456.19365	3	41.9006	2
1365.67840	456.23340	3	55.4846	2
1365.67925	683.84690	2	55.5133	2
1366.73290	456.58490	3	36.0729	2
1366.75855	456.59345	3	36.2221	2
1367.65420	456.89200	3	51.2044	2
1367.67200	456.89795	3	50.0480	2
1367.68180	684.84820	2	77.8618	1
1367.68835	456.90335	3	51.4660	2
1367.68960	684.85205	2	51.5907	2
1367.71270	684.86360	2	71.3603	2
1367.76795	684.89125	2	82.8680	2
1367.77840	684.89645	2	74.8686	2
1368.52885	685.27170	2	32.7225	6
1368.64625	457.22270	3	67.2469	2
1368.75125	685.38290	2	74.4399	2
1368.79725	457.27300	3	63.4455	2
1369.67405	457.56530	3	51.9036	2
1369.79270	457.60480	3	54.3558	3
1369.79300	685.90380	2	54.4000	2
1370.72395	686.36925	2	78.8688	2
1370.81650	686.41550	2	94.1695	2
1371.68395	686.84925	2	73.1318	2
1371.70975	686.86215	2	90.8752	2
1371.73450	458.25210	3	49.3358	2
1371.74570	458.25580	3	54.5565	1
1372.68420	687.34935	2	65.8680	2
1372.71595	458.57925	3	54.1767	2
1373.68960	687.85210	2	37.6007	2
1373.74065	687.87760	2	70.4170	2
1373.75250	687.88355	2	56.6659	2
1374.68920	688.35190	2	47.6080	1
1374.68935	459.23705	3	47.6392	2
1374.71000	688.36230	2	73.0932	1
1374.76175	459.26120	3	77.4149	2
1374.76285	688.38870	2	77.4750	2
1374.78890	688.40175	2	83.7128	2
1375.71480	459.57890	3	75.9175	2
1376.62520	689.31990	2	52.5841	1
1376.70770	689.36115	2	88.9151	2
1376.71390	689.36420	2	82.8126	1
1376.71960	689.36705	2	64.6721	2
1376.72930	459.91700	3	49.6714	2
1376.84885	459.95685	3	66.0088	2
1377.67115	689.84285	2	82.5418	2
1377.67615	689.84535	2	75.2699	2
1377.68490	689.84970	2	32.1575	2
1377.68825	460.23665	3	32.1146	2
1377.69445	460.23875	3	87.6381	2
1377.69850	689.85650	2	89.4649	6
1378.23325	690.12390	2	84.1243	4
1378.62700	690.32080	2	49.6412	1
1378.67690	690.34570	2	59.3938	1
1378.69705	690.35580	2	59.6163	2
1378.75955	690.38705	2	93.9260	2
1379.68770	460.90320	3	39.1003	1
1379.76480	460.92885	3	72.3005	2
1379.76800	690.89130	2	72.3526	1
1379.77105	690.89280	2	79.6212	2
1380.64190	461.22125	3	53.9270	2
1380.79790	691.40625	2	76.1264	2
1381.66650	691.84050	2	65.4137	1
1381.67505	691.84480	2	65.8680	2
1381.74570	691.88010	2	73.2787	1
1382.65130	692.33295	2	76.1882	2
1382.75940	692.38700	2	77.1387	2
1382.85000	461.95730	3	77.5242	1
1383.53965	692.77710	2	25.0743	2
1383.67990	462.23390	3	42.8175	2
1384.61930	693.31690	2	51.7181	1
1384.66210	693.33835	2	55.5774	2
1384.66925	693.34190	2	82.9609	2
1384.73495	462.58555	3	63.7016	2
1384.75450	693.38450	2	83.1834	1
1385.73505	693.87480	2	74.7411	2
1385.75235	693.88345	2	61.8724	2
1386.72390	463.24860	3	65.7692	1
1387.56105	694.78780	2	61.3221	2
1387.63210	694.82330	2	74.6823	1
1387.66705	463.56295	3	47.7614	2
1387.68835	694.85145	2	81.8507	2
1387.69360	694.85410	2	56.2873	2
1387.69510	694.85480	2	70.2457	1
1387.72895	463.58355	3	83.1395	2
1387.72915	694.87185	2	83.2253	2
1387.74720	694.88090	2	65.4763	2
1388.55670	695.28560	2	54.8837	2
1388.70605	695.36030	2	51.9884	2
1389.73310	695.87380	2	86.9621	2
1389.75230	695.88340	2	88.0512	1
1390.65190	464.55790	3	37.3175	1
1390.75625	464.59270	3	67.1343	2
1391.56500	464.86225	3	34.4093	2
1391.69760	696.85605	2	73.0379	4
1391.70490	696.85975	2	52.5667	2
1392.61740	465.21305	3	58.8300	2
1392.66840	697.34145	2	62.7807	2
1392.87090	697.44275	2	83.2713	2
1393.64425	697.82940	2	67.9204	2
1393.65285	697.83370	2	70.5466	2
1393.67880	697.84670	2	69.9678	2
1393.69310	697.85380	2	81.7568	2
1393.70155	465.57445	3	55.1330	2
1393.70350	697.85900	2	76.8644	2
1395.65210	698.83335	2	57.9048	2
1395.71160	466.24450	3	39.5118	2
1395.71160	698.86305	2	39.4870	2
1396.67785	699.34620	2	76.6500	2
1396.80485	699.40970	2	65.9540	2
1397.60350	466.87510	3	46.4378	1
1397.60700	699.81080	2	46.4765	1
1397.79670	699.90560	2	78.9469	2
1398.62670	700.32065	2	52.1104	2
1398.70335	700.35895	2	89.3406	2
1398.73595	467.25260	3	50.5305	2
1398.77165	700.39310	2	63.4145	2
1399.66230	700.83840	2	60.6140	2
1399.69485	700.85470	2	54.1184	2
1399.70050	467.57410	3	48.1045	2
1401.57025	701.79240	2	42.2526	2
1401.71065	468.24415	3	41.7858	2
1401.71230	701.86340	2	41.8717	1
1401.76300	701.88880	2	79.9774	2
1402.75180	702.38320	2	76.4134	2
1403.63880	702.82665	2	60.2965	2
1403.72860	702.87160	2	86.4104	1
1403.74045	468.92075	3	68.7956	2
1403.74120	468.92100	3	40.2471	2
1403.74165	702.87810	2	68.6941	2
1403.74225	702.87840	2	40.2879	2
1404.72375	469.24850	3	50.8923	2
1404.73120	703.37285	2	75.1735	2
1404.79880	703.40670	2	67.3778	2
1405.65160	703.83305	2	55.5435	2
1405.67375	469.56520	3	43.5512	2
1405.68065	469.56745	3	71.0838	2
1406.71690	704.36575	2	74.1930	2
1407.72500	470.24895	3	49.4262	2
1407.78390	470.26860	3	59.7018	2
1407.78400	470.26860	3	65.6209	2
1408.64905	705.33180	2	76.9851	2
1408.66260	705.33860	2	69.9418	3
1408.66875	705.34165	2	38.7160	2
1409.68805	705.85130	2	67.9779	2
1409.73960	470.92045	3	48.7963	2
1410.70010	706.35735	2	55.2268	2
1410.72415	471.24865	3	50.0716	2
1410.77125	471.26435	3	56.8001	2
1411.65860	706.83660	2	47.8768	2
1411.67280	706.84365	2	72.0553	2
1411.71605	471.57930	3	69.4274	2
1411.82810	471.61665	3	72.2432	2
1411.83020	706.92240	2	72.1746	2
1412.64245	707.32850	2	88.4843	2
1412.77595	707.39525	2	50.7112	2
1412.81375	707.41415	2	82.3201	2
1412.83910	471.95365	3	66.0966	2
1412.84000	707.42725	2	66.1542	2
1413.67495	707.84475	2	36.9325	2
1413.76480	707.88970	2	61.0007	2
1414.72130	708.36790	2	60.2437	1
1414.72930	472.58370	3	47.1718	2
1414.73090	708.37275	2	81.0862	2
1414.73175	708.37315	2	47.2299	2
1415.64895	708.83175	2	92.0066	2
1415.68935	708.85195	2	57.3578	2
1415.72670	708.87065	2	45.7214	2
1415.76210	472.92795	3	39.6639	2
1416.72595	709.37025	2	64.2338	2
1416.77960	473.26715	3	58.4181	2
1417.66565	709.84010	2	67.7458	2
1417.66860	709.84160	2	54.9762	2
1417.67995	473.56725	3	46.5631	2
1417.71350	709.86405	2	73.6821	2
1417.72570	709.87015	2	82.1078	2
1418.69825	473.90665	3	42.4254	2
1418.70935	710.36195	2	57.5872	2
1418.71060	710.36260	2	79.9323	2
1419.65500	710.83480	2	51.2502	1
1419.66355	710.83905	2	56.8588	2
1419.69960	710.85705	2	50.9988	2
1419.70010	474.24060	3	50.9203	3
1419.75560	474.25910	3	51.1662	2
1419.81325	710.91390	2	80.5454	2
1420.65175	711.33315	2	46.5708	6
1421.67700	474.89960	3	62.1569	1
1421.70580	474.90920	3	58.0503	2
1421.80340	474.94175	3	63.0238	2
1422.59390	475.20520	3	36.1315	2
1422.59615	712.30535	2	36.1993	2
1422.67455	475.23215	3	40.1382	2
1422.68800	712.35125	2	65.1208	2
1422.75280	712.38365	2	78.2080	2
1423.67085	712.84270	2	81.7623	2
1423.74400	712.87930	2	90.5353	1
1424.66235	713.33845	2	67.7198	2
1424.72000	713.36730	2	66.3999	2
1424.75300	713.38380	2	58.6944	1
1425.67105	713.84280	2	73.1731	2
1425.80955	713.91205	2	73.3625	2
1425.81970	476.28050	3	61.7919	2
1426.78970	476.60385	3	42.6169	2
1427.64160	714.82805	2	46.0756	2
1427.72725	714.87090	2	52.5006	2
1427.79820	476.94000	3	57.0677	2
1427.79935	714.90695	2	82.2549	2
1428.71190	477.24455	3	45.7186	2
1428.78175	477.26785	3	76.2650	2
1429.75060	715.88260	2	63.2229	2
1429.75670	477.59285	3	59.5223	2
1429.75700	715.88580	2	59.6828	2
1429.76160	715.88810	2	51.4998	2
1429.80000	715.90725	2	96.8953	2
1430.73290	716.37375	2	88.0135	2
1430.73705	477.91960	3	50.3898	2
1430.76280	716.38870	2	90.2861	1
1430.77575	716.39515	2	85.5374	2
1431.78760	478.26980	3	64.9438	2
1431.79870	716.90665	2	79.2894	2
1434.74745	718.38100	2	73.1675	2
1435.66250	718.83855	2	37.8695	2
1435.73110	718.87280	2	67.8096	1
1435.76780	718.89115	2	62.6092	2
1436.69355	479.90515	3	55.0725	2
1436.69485	719.35470	2	55.1954	2
1436.70460	719.35960	2	67.9415	2
1436.76375	479.92850	3	51.4121	2
1436.78730	479.93635	3	61.7638	2
1437.69165	719.85310	2	63.2771	2
1438.59130	480.53770	3	29.3019	2
1439.64665	720.83060	2	48.0477	2
1439.79845	720.90650	2	72.3985	2
1440.82085	721.41770	2	78.9858	2
1441.63155	721.82305	2	76.5937	2
1442.64830	722.33140	2	83.4565	2
1442.66925	722.34190	2	51.3448	2
1442.68790	722.35125	2	79.5232	2
1442.72870	481.91680	3	49.4031	2
1442.77390	481.93190	3	61.4497	1
1443.67340	722.84395	2	43.3141	2
1443.80890	722.91175	2	73.3761	2
1443.84600	722.93025	2	79.1277	2
1444.66925	723.34190	2	55.7152	2
1444.73245	482.58475	3	50.3318	2
1444.74255	723.37855	2	70.1830	2
1444.77020	482.59735	3	60.2859	2
1444.81170	723.41315	2	87.1919	2
1447.69340	724.85400	2	64.1954	3
1447.73215	724.87335	2	67.3427	2
1447.75500	483.59225	3	56.1211	2
1448.71605	725.36530	2	56.3785	2
1448.73780	725.37620	2	76.7251	2
1448.74420	725.37940	2	82.6680	2
1449.67705	725.84580	2	62.0207	2
1449.71520	725.86485	2	73.6284	2
1449.86670	484.29615	3	59.6720	2
1450.72460	726.36960	2	81.2772	2
1450.73720	726.37585	2	89.1379	2
1450.81690	484.61290	3	64.9761	2
1451.66435	484.89540	3	48.6991	2
1452.69690	727.35570	2	56.7139	1
1452.76850	485.26345	3	56.9523	2
1452.79945	727.40700	2	90.0033	2
1453.76110	727.88785	2	55.6874	2
1454.73065	728.37260	2	78.6848	2
1454.87120	485.96435	3	76.4684	2
1454.87245	728.44350	2	76.3786	2
1455.69950	486.24045	3	67.4453	2
1455.70100	728.85780	2	67.5098	2
1455.83790	728.92620	2	80.4810	2
1457.78770	486.93650	3	80.7502	2
1457.78820	729.90135	2	80.7892	2
1457.81690	729.91570	2	83.9621	1
1458.74700	730.38080	2	68.6660	2
1458.74770	487.25650	3	75.9708	2
1459.70455	730.85955	2	58.1372	2
1459.70975	730.86215	2	66.9049	2
1459.74455	730.87955	2	63.1411	2
1459.83950	487.62045	3	75.1029	2
1459.84120	730.92790	2	75.1369	2
1461.73985	731.87720	2	64.3791	2
1461.83830	488.28670	3	76.3478	2
1461.83870	731.92665	2	76.5971	2
1462.69485	732.35470	2	64.7270	2
1463.67500	488.89895	3	62.2462	2
1463.70560	488.90910	3	66.0073	1
1463.70970	732.86215	2	65.8021	2
1463.70985	732.86220	2	79.4276	2
1463.74135	488.92105	3	71.4939	2
1463.74910	732.88180	2	71.5241	2
1464.30100	489.10760	3	64.3044	4
1464.74995	489.25725	3	80.9768	2
1464.78345	489.26845	3	61.7846	2
1464.79355	733.40405	2	61.1692	2
1464.79450	733.40455	2	67.1850	2
1465.73370	733.87410	2	86.2901	2
1466.66340	489.89505	3	43.6035	2
1466.74080	734.37770	2	88.0403	1
1466.77155	734.39305	2	43.4958	2
1466.77360	489.93180	3	43.3871	1
1467.82340	490.28170	3	55.3838	3
1468.69280	735.35370	2	53.4248	2
1468.79670	735.40560	2	73.8657	2
1470.74645	491.25610	3	65.4577	2
1470.74855	491.25680	3	55.4532	2
1470.76890	736.39170	2	73.4930	1
1470.79790	736.40620	2	88.1940	2
1470.84435	736.42945	2	82.6104	2
1471.71025	736.86240	2	53.7737	2
1471.74245	736.87850	2	64.6776	2
1471.75755	491.59310	3	66.3071	2
1472.71435	491.91205	3	44.7999	2
1472.73655	491.91945	3	56.8614	2
1472.73785	737.37620	2	56.9788	2
1472.77600	491.93260	3	58.6389	2
1473.74740	737.88100	2	65.6142	1
1473.76300	492.26160	3	73.9908	2
1474.76825	738.39140	2	78.7414	2
1475.77410	492.93195	3	62.3678	2
1475.82730	492.94970	3	74.0383	1
1476.69550	739.35500	2	52.3425	2
1476.71025	739.36240	2	64.4956	2
1476.78365	739.39910	2	72.4698	2
1477.74180	739.87820	2	84.0693	2
1477.76050	739.88755	2	71.7587	2
1478.77770	740.39615	2	73.8329	2
1479.73610	740.87530	2	76.8885	1
1479.87765	740.94610	2	78.8020	2
1480.68895	494.57025	3	35.1745	2
1480.71765	741.36610	2	84.6946	2
1480.78840	494.60340	3	64.1433	2
1480.83710	494.61965	3	58.3837	2
1481.72620	494.91600	3	61.6065	1
1481.73655	494.91945	3	51.9820	2
1482.80770	742.41110	2	86.1144	1
1482.81420	742.41435	2	89.0087	2
1482.83105	742.42280	2	67.5959	2
1483.71340	495.57840	3	60.9340	2
1483.74570	495.58920	3	28.6636	2
1483.76380	742.88915	2	75.6580	2
1484.81000	743.41230	2	82.6049	2
1484.82145	495.94775	3	74.0397	2
1484.82230	495.94800	3	55.4235	1
1484.82245	743.41850	2	74.1010	2
1485.82400	496.28190	3	86.4434	2
1485.82495	743.91975	2	86.3885	2
1486.72105	496.58095	3	75.1623	2
1486.76410	744.38930	2	70.7301	2
1486.77900	496.60030	3	53.3664	1
1486.78220	496.60130	3	66.7359	1
1486.78340	744.39900	2	66.5997	3
1487.71520	744.86490	2	78.1381	3
1488.64830	745.33140	2	48.8330	1
1488.74280	497.25485	3	44.5695	2
1488.74500	745.37980	2	44.7014	1
1488.79500	497.27225	3	58.7326	2
1489.74700	745.88080	2	89.5197	2
1490.72450	746.36950	2	57.4156	1
1490.73690	497.91960	3	57.3195	1
1490.73700	497.91960	3	57.3491	1
1491.80760	746.91110	2	88.7380	1
1491.81250	746.91350	2	88.7705	1
1492.70660	747.36055	2	52.0549	2
1492.70995	747.36225	2	47.7322	2
1492.73750	498.58640	3	75.4684	2
1492.80730	498.60970	3	75.9119	2
1493.65100	498.89090	3	38.2568	2
1493.74715	498.92300	3	55.8730	2
1493.74940	747.88200	2	55.8125	2
1493.78480	498.93550	3	71.9085	1
1495.74320	499.58835	3	68.4810	2
1495.84070	748.92760	2	81.1092	2
1495.85560	499.62580	3	81.2568	2
1495.85800	748.93630	2	81.4091	1
1495.86980	499.63050	3	68.8773	1
1496.68730	749.35095	2	84.7799	2
1496.76190	499.92790	3	56.0874	2
1496.76375	749.38915	2	64.4371	2
1496.78530	749.39990	2	70.6094	2
1498.76210	750.38835	2	74.5930	2
1498.78095	750.39775	2	67.9546	2
1498.84170	750.42815	2	84.4296	2
1499.71445	500.91210	3	55.1876	2
1499.77390	750.89420	2	85.2603	1
1500.76235	501.26140	3	55.3402	2
1500.79485	751.40470	2	58.8018	2
1500.80000	501.27390	3	58.8232	2
1500.81685	501.27955	3	64.4176	2
1500.81700	501.27960	3	68.5761	2
1501.28730	751.65095	2	71.6824	4
1501.71605	751.86530	2	50.7611	2
1501.71660	501.57945	3	50.7010	2
1501.81540	751.91500	2	77.3788	1
1502.64875	752.33165	2	78.0547	2
1502.75180	752.38320	2	87.4162	2
1503.70510	502.24230	3	45.8218	1
1503.79565	752.90510	2	80.5425	2
1504.74875	502.59020	3	53.6196	2
1504.78010	753.39730	2	80.3649	2
1504.79815	753.40635	2	68.7331	2
1504.87745	502.63310	3	79.6584	2
1505.65255	502.89145	3	47.1693	2
1505.72645	502.91605	3	60.7668	2
1505.92040	753.96745	2	92.4355	2
1506.79430	754.40440	2	65.7702	2
1506.79435	754.40445	2	59.9101	2
1507.71405	503.57860	3	63.1684	2
1508.74215	755.37835	2	86.3472	2
1508.74310	503.92165	3	86.4517	2
1508.75760	503.92645	3	76.5334	2
1508.81355	503.94510	3	48.4363	2
1508.81465	755.41460	2	48.4802	2
1509.64280	504.22150	3	35.1664	2
1509.65850	504.22680	3	46.7729	2
1509.74630	504.25600	3	51.8104	2
1510.71410	504.57865	3	57.4463	2
1510.71680	756.36570	2	57.5109	2
1510.74505	756.37980	2	74.2943	2
1510.75250	504.59145	3	57.2202	2
1511.71660	756.86555	2	42.0236	2
1511.78890	756.90170	2	98.0923	2
1511.85775	756.93615	2	80.1737	2
1512.20810	505.07660	3	43.1030	4
1512.79810	757.40630	2	83.5487	1
1512.87790	757.44625	2	84.5236	2
1512.87830	505.30005	3	84.5694	2
1513.69715	757.85585	2	67.8557	2
1513.75100	757.88280	2	77.2048	2
1513.87230	505.63140	3	95.9823	1
1513.87660	757.94555	2	95.8459	2
1514.72265	505.91480	3	55.9919	2
1514.79790	758.40625	2	90.9326	2
1514.79870	758.40665	2	65.9659	2
1514.85870	758.43665	2	89.3952	2
1515.71820	506.24665	3	77.6315	2
1515.71845	758.86650	2	77.5281	2
1515.75280	506.25820	3	32.0828	2
1515.75380	758.88420	2	32.1230	2
1515.75490	758.88470	2	50.5533	1
1515.76250	758.88850	2	88.7783	2
1515.77115	506.26430	3	77.9842	2
1515.82375	758.91915	2	78.7744	2
1516.67570	759.34510	2	83.8414	1
1516.77770	759.39615	2	73.9505	2
1516.80010	759.40730	2	79.1379	2
1516.83380	759.42420	2	79.5341	2
1517.73020	759.87235	2	61.9913	2
1517.73870	759.87660	2	69.6078	2
1517.80830	506.94340	3	76.0701	2
1517.80980	759.91220	2	76.1742	2
1518.79665	760.40560	2	83.5271	2
1518.92555	507.31575	3	62.4604	2
1519.82740	760.92100	2	91.6418	2
1520.71950	761.36700	2	77.1767	2
1520.73670	761.37565	2	52.7308	2
1523.86725	508.96300	3	76.4803	2
1523.88145	762.94800	2	89.4203	2
1524.63580	509.21920	3	53.8366	2
1524.73995	763.37725	2	71.3930	2
1525.76665	509.59615	3	63.0238	2
1526.73360	509.91845	3	33.3334	2
1526.73490	764.37470	2	33.5753	1
1527.70980	510.24390	3	34.8781	2
1527.78640	764.90045	2	89.5972	2
1527.79830	764.90640	2	69.1951	1
1528.74280	765.37870	2	92.2599	2
1528.80005	765.40730	2	72.1486	2
1528.80965	510.61050	3	68.9760	2
1529.66540	765.84000	2	38.1364	2
1529.80715	765.91085	2	86.3556	2
1529.84045	510.95410	3	63.5648	2
1529.85835	510.96005	3	78.9581	2
1530.15555	511.05910	3	38.7093	4
1530.80320	511.27500	3	65.9595	2
1531.69740	511.57310	3	63.8944	1
1531.77695	766.89575	2	65.1827	2
1531.80025	766.90740	2	68.0430	2
1532.77450	767.39450	2	73.5030	2
1532.79845	767.40650	2	71.3684	2
1532.82055	767.41755	2	81.5725	2
1533.72310	767.86880	2	70.8825	1
1533.72890	767.87170	2	70.8561	1
1533.74310	512.25495	3	34.6604	2
1533.74615	512.25595	3	49.9241	2
1533.74685	767.88070	2	67.5904	2
1533.79650	512.27275	3	96.5448	2
1533.79965	767.90710	2	96.4788	2
1534.29665	768.15560	2	73.6373	4
1535.67075	512.89750	3	36.8765	2
1535.67810	768.84630	2	59.7874	2
1535.78585	512.93590	3	67.6517	2
1537.72130	513.58105	3	78.9774	2
1537.79365	769.90410	2	75.9510	2
1538.82205	770.41830	2	78.1369	2
1538.82390	513.94860	3	78.2487	1
1540.80780	514.60985	3	62.6364	2
1540.82010	514.61400	3	47.3698	1
1541.78735	514.93635	3	57.5058	2
1541.78825	771.90140	2	57.5976	2
1541.80480	514.94220	3	58.9436	1
1541.81575	771.91515	2	68.9114	2
1541.82975	514.95050	3	74.9315	2
1541.83045	771.92250	2	74.8685	2
1542.77085	515.26420	3	53.5487	2
1542.79020	772.40240	2	61.1238	2
1542.80420	515.27530	3	56.2861	1
1542.84350	772.42905	2	92.3177	2
1546.69870	774.35660	2	66.0726	2
1547.77455	516.93210	3	53.7686	2
1547.77540	774.89500	2	53.8259	1
1547.82005	774.91730	2	70.0909	2
1547.82460	516.94880	3	62.0736	2
1547.83160	516.95110	3	57.6730	2
1547.83170	774.92310	2	57.7065	2
1548.77860	517.26680	3	70.4789	2
1548.77895	775.39675	2	70.4116	2
1548.80075	517.27415	3	60.6385	2
1548.92575	775.47015	2	79.4951	2
1549.73930	775.87690	2	62.4866	2
1549.74525	517.58900	3	62.3097	2
1549.82940	775.92200	2	72.6876	2
1549.89770	517.63985	3	57.3101	2
1550.68845	517.90340	3	32.8535	2
1550.73970	517.92050	3	51.0776	2
1550.74385	776.37920	2	51.0907	2
1550.76985	517.93055	3	56.9170	2
1550.77020	776.39240	2	57.0350	2
1550.85425	776.43440	2	94.9501	2
1551.71705	518.24630	3	35.9225	2
1551.76640	776.89050	2	67.4889	1
1551.77480	518.26550	3	38.8991	2
1551.84890	776.93170	2	89.4230	2
1552.73400	518.58530	3	66.6091	1
1553.83130	518.95105	3	80.4439	2
1553.83340	777.92395	2	80.4838	2
1553.83460	777.92460	2	96.7438	1
1555.73915	778.87685	2	71.5622	2
1555.75120	519.59100	3	51.4419	2
1555.76370	519.59520	3	55.0515	1
1555.78985	778.90220	2	82.6735	2
1555.88205	519.63460	3	77.1387	2
1556.84335	779.42895	2	90.2885	2
1557.78330	779.89890	2	79.2840	1
1557.82970	520.28380	3	72.0552	2
1557.83520	779.92485	2	89.0797	2
1558.76750	780.39100	2	90.2089	2
1558.77475	780.39465	2	66.8689	2
1559.61025	780.81240	2	72.9195	2
1559.75195	520.92455	3	70.6724	2
1559.76000	520.92730	3	77.6140	1
1559.82045	780.91750	2	87.0671	2
1559.83775	780.92615	2	85.5962	2
1560.30570	781.16015	2	78.5171	4
1560.84240	781.42850	2	85.4600	1
1561.78885	781.90170	2	76.0328	2
1561.83545	781.92500	2	87.1861	2
1562.77295	521.93155	3	66.4965	2
1563.80475	522.27550	3	73.1458	2
1564.29805	783.15630	2	73.3935	4
1564.71600	522.57925	3	53.1399	2
1564.71690	783.36570	2	53.2269	1
1564.74100	783.37780	2	55.4579	2
1564.89030	783.45240	2	100.1463	1
1565.78675	522.93615	3	57.2330	2
1565.83215	522.95130	3	66.2591	2
1567.82525	784.91990	2	81.3134	2
1567.89345	523.63845	3	65.0002	2
1567.89860	784.95655	2	96.5377	2
1569.87785	785.94620	2	76.2896	2
1569.91390	785.96420	2	86.7361	2
1570.74585	524.58920	3	51.7376	2
1570.81110	786.41280	2	58.9083	2
1572.78360	787.39910	2	58.2291	2
1572.82090	787.41770	2	90.0819	1
1572.83095	525.28425	3	78.3914	2
1572.83170	787.42310	2	78.5144	2
1573.68630	525.56940	3	42.0962	1
1573.78120	787.89790	2	86.4048	1
1573.82625	787.92040	2	80.5979	2
1573.82780	525.61650	3	80.7130	1
1573.83650	787.92550	2	74.5526	1
1574.71175	788.36315	2	70.8286	2
1576.27610	789.14530	2	71.0546	4
1576.75350	789.38405	2	74.7191	2
1577.77220	789.89340	2	71.6144	3
1577.77220	789.89340	2	89.9324	1
1577.78935	789.90195	2	75.3912	2
1578.26055	527.09415	3	72.1925	4
1578.83585	527.28590	3	70.1152	2
1578.85265	527.29145	3	55.9632	2
1578.87475	527.29885	3	82.8931	2
1578.87525	790.44490	2	82.9234	2
1580.70115	527.90765	3	40.6629	2
1580.80445	527.94210	3	61.7343	2
1580.85795	791.43625	2	94.3801	2
1580.93075	527.98420	3	75.1975	2
1581.76475	791.88965	2	65.7480	2
1582.84600	792.43030	2	77.7852	2
1584.74150	529.25440	3	66.1530	1
1585.82160	529.61445	3	64.8454	2
1586.18050	794.09750	2	63.3162	4
1586.86805	794.44130	2	85.3653	2
1587.85240	794.93350	2	85.7829	1
1587.85640	530.29270	3	64.2557	2
1588.72685	795.37070	2	70.2786	2
1589.82160	530.94780	3	83.6521	2
1589.82200	795.91830	2	83.5900	2
1590.76360	796.38905	2	78.1145	2
1590.80070	796.40765	2	81.2511	2
1590.84830	796.43140	2	89.2486	1
1591.74840	531.59005	3	43.9253	2
1591.74965	796.88210	2	43.9376	2
1591.80225	531.60805	3	58.3829	2
1591.80455	796.90955	2	58.5483	2
1591.86435	796.93945	2	86.2127	2
1592.82025	531.94735	3	66.5020	2
1592.91595	797.46525	2	71.8750	2
1593.74170	532.25450	3	54.7263	2
1593.74255	797.87855	2	54.8238	2
1593.95060	797.98260	2	81.7238	2
1593.95140	532.32440	3	81.8229	2
1595.80540	798.90995	2	91.5078	2
1595.86265	532.96145	3	50.1873	2
1596.69325	533.23835	3	32.6356	2
1596.76955	533.26375	3	52.6702	2
1598.83885	533.95355	3	82.0763	2
1598.84650	800.43055	2	81.9766	2
1599.72475	800.86965	2	73.9286	2
1599.78590	800.90020	2	42.8490	1
1599.84810	800.93130	2	74.2917	1
1599.88695	534.30290	3	62.7240	2
1599.89705	534.30630	3	76.7142	2
1600.78525	534.60235	3	63.8495	2
1600.83670	801.42560	2	65.1699	1
1600.84415	534.62195	3	64.0900	2
1600.86900	801.44180	2	63.6265	2
1601.72650	801.87050	2	52.3945	2
1602.80105	802.40780	2	76.2536	2
1602.86320	802.43885	2	72.6290	2
1603.80995	802.91225	2	80.6949	2
1604.74445	803.37950	2	64.0103	2
1604.78325	535.93505	3	67.8119	2
1607.79760	536.93980	3	48.1586	2
1607.84940	804.93200	2	84.8512	2
1607.90430	536.97535	3	79.3939	2
1609.83575	537.61920	3	88.3871	2
1609.83630	805.92540	2	88.3983	2
1610.72260	806.36855	2	65.3039	2
1610.78485	537.93555	3	64.9193	2
1610.90780	806.46115	2	97.1220	2
1610.97290	537.99820	3	70.4117	1
1611.78965	806.90210	2	64.7430	2
1611.79050	806.90250	2	74.5852	1
1612.85200	807.43330	2	84.3012	2
1612.85760	538.62645	3	69.8075	2
1612.87070	807.44265	2	88.5831	2
1612.90580	538.64255	3	76.4740	2
1613.85360	807.93410	2	82.3576	2
1613.90505	807.95980	2	80.5148	2
1614.75640	808.38545	2	88.3649	2
1614.84110	808.42785	2	76.8784	2
1615.75900	539.59360	3	57.0171	1
1615.85775	539.62650	3	72.4270	2
1616.73235	539.91805	3	47.6731	2
1616.78215	809.39835	2	74.5304	2
1616.84760	809.43105	2	91.9566	2
1617.79130	809.90295	2	44.1926	2
1619.81570	540.94580	3	65.1520	2
1619.83590	540.95260	3	64.0479	1
1620.81970	811.41710	2	76.0343	1
1620.86245	541.29475	3	85.7554	2
1620.86480	811.43965	2	85.7497	2
1621.82930	811.92190	2	84.1738	2
1621.87290	811.94375	2	70.4411	2
1622.76555	541.92915	3	37.4438	2
1622.79760	541.93980	3	81.1458	2
1623.86560	812.94010	2	87.2457	1
1625.77415	813.89435	2	77.3555	2
1625.77695	813.89575	2	80.4237	2
1626.85815	543.29335	3	56.6045	2
1626.85945	814.43700	2	56.6607	2
1626.90160	814.45805	2	88.6116	2
1627.74985	814.88220	2	67.0257	2
1628.79345	815.40400	2	94.2798	2
1628.79380	543.93850	3	94.3323	2
1628.79420	815.40440	2	80.9332	1
1628.81595	543.94590	3	55.9987	2
1628.81690	815.41575	2	56.0590	2
1629.81195	815.91325	2	69.8025	2
1629.87335	815.94395	2	69.1334	2
1629.88370	815.94910	2	88.2606	2
1630.84545	544.62240	3	81.4538	2
1631.92335	544.98170	3	71.1436	2
1631.92490	816.96970	2	71.1795	2
1632.77835	545.26670	3	46.1910	2
1633.84310	545.62165	3	79.0979	2
1633.85660	545.62610	3	61.4723	2
1634.80155	818.40805	2	62.3178	2
1634.82820	409.71435	4	44.2847	2
1634.82820	545.95000	3	44.2396	1
1634.88920	545.97030	3	53.3336	1
1635.82510	546.28230	3	81.3117	1
1635.82640	546.28270	3	81.3324	1
1636.93905	819.47680	2	91.1917	2
1638.83935	547.28705	3	75.2644	2
1639.74190	820.87825	2	61.8750	2
1639.87600	820.94530	2	94.1518	2
1639.87705	547.63295	3	77.2599	2
1639.87715	820.94585	2	77.3199	2
1639.87930	547.63370	3	94.4384	2
1639.93690	820.97570	2	89.6763	2
1640.84875	547.95685	3	47.0227	2
1640.88945	821.45200	2	84.6308	2
1641.77135	821.89295	2	73.9637	2
1641.88205	821.94830	2	83.7829	2
1642.69095	822.35275	2	46.9512	2
1642.80615	822.41035	2	58.9003	2
1642.80830	548.61000	3	45.5172	1
1642.85270	822.43360	2	48.2469	2
1642.85275	548.62485	3	48.1773	2
1642.88405	548.63530	3	78.9277	2
1643.78930	548.93700	3	46.9826	1
1643.82370	822.91910	2	44.6538	2
1643.82795	822.92125	2	74.5549	2
1643.84115	548.95435	3	66.2516	2
1645.90540	549.64240	3	66.8339	2
1645.94820	549.65670	3	69.0647	1
1646.83910	549.95365	3	61.0865	2
1648.79300	550.60495	3	43.5232	2
1648.79315	413.20560	4	43.5428	2
1648.96715	413.24910	4	57.7280	2
1648.96925	550.66365	3	57.7121	2
1649.72135	825.86795	2	63.0564	2
1649.93710	825.97585	2	76.4655	2
1651.90730	826.96090	2	87.9016	2
1651.92600	551.64925	3	84.3419	2
1651.92765	826.97110	2	84.3068	2
1652.78650	551.93610	3	77.8924	1
1653.87235	552.29805	3	75.5519	2
1653.92460	552.31545	3	76.0102	2
1654.78885	828.40170	2	70.2923	2
1654.81960	552.61380	3	77.5898	1
1654.89550	828.45505	2	80.6560	2
1655.76415	552.92865	3	48.8815	2
1657.81905	829.91680	2	88.0975	2
1657.92090	553.64755	3	82.8679	2
1658.79095	553.93760	3	54.1481	2
1658.83755	830.42605	2	78.6677	2
1659.91070	554.31085	3	78.3857	2
1659.91205	830.96330	2	78.4853	2
1660.74135	554.58770	3	64.5878	2
1660.84220	554.62135	3	62.0127	2
1662.80045	555.27410	3	51.6670	2
1662.82740	555.28310	3	69.4597	2
1662.82870	832.42160	2	69.3609	2
1664.77905	833.39680	2	83.2337	2
1664.84270	833.42860	2	72.7835	2
1664.86815	555.96330	3	64.2515	2
1666.86900	834.44175	2	76.6188	2
1666.87160	556.63110	3	76.5401	3
1666.87660	834.44560	2	80.3563	2
1666.91805	834.46630	2	82.0362	2
1667.81635	556.94605	3	57.5605	2
1667.86230	834.93840	2	76.9850	2
1668.81415	557.27865	3	56.9252	2
1669.85255	835.93355	2	71.1508	2
1670.83420	836.42435	2	95.9320	2
1670.88275	557.96815	3	54.8526	2
1671.71625	558.24600	3	50.6560	2
1672.72230	558.58140	3	42.3786	1
1673.90020	558.97400	3	76.3283	2
1673.90200	837.95830	2	76.1936	2
1674.88450	838.44955	2	91.3927	2
1677.81395	560.27855	3	70.1555	2
1677.82580	560.28250	3	45.9105	1
1678.00590	560.34260	3	65.0584	2
1679.87885	560.96690	3	74.6890	2
1681.82175	841.91815	2	75.4222	2
1681.90075	561.64085	3	79.8241	2
1681.90170	841.95815	2	79.7900	2
1681.92470	841.96965	2	92.8507	2
1681.92580	561.64920	3	92.8121	1
1682.80025	842.40740	2	87.2001	2
1682.86260	842.43855	2	92.4438	2
1682.89590	842.45525	2	78.6765	2
1682.93420	842.47440	2	70.9806	1
1683.88445	842.94950	2	76.7830	2
1684.91535	843.46495	2	80.4809	2
1685.91480	562.97885	3	64.8216	2
1686.87380	563.29850	3	63.2421	1
1687.91455	844.96455	2	87.5392	2
1687.91750	563.64640	3	87.5978	1
1688.87915	845.44685	2	83.1153	2
1688.87970	563.96720	3	83.2044	2
1689.22435	423.31340	4	31.6943	2
1689.22590	564.08260	3	31.7156	4
1689.84100	564.28760	3	58.1120	2
1690.96180	564.66120	3	63.3542	2
1691.80290	846.90870	2	64.7948	2
1692.81770	565.27980	3	83.5764	1
1692.81990	847.41725	2	83.4920	2
1692.96915	847.49185	2	89.9783	2
1692.97215	565.33130	3	90.1029	2
1693.93850	565.65340	3	62.9547	1
1693.94270	565.65480	3	81.9637	1
1694.80160	565.94110	3	50.1033	2
1695.32955	848.67205	2	69.1404	4
1696.77505	849.39480	2	62.8938	2
1696.83805	849.42630	2	85.6989	2
1696.90810	849.46135	2	84.9106	2
1696.90895	566.64355	3	85.0164	2
1697.90295	566.97490	3	77.1962	2
1697.90600	849.96030	2	77.2598	2
1698.00850	850.01150	2	82.2101	1
1698.00970	567.01050	3	82.0678	2
1698.79260	850.40355	2	82.1336	2
1698.81920	567.28030	3	34.1650	1
1698.89880	567.30690	3	84.1410	2
1698.90005	850.45730	2	84.1079	2
1698.90470	567.30885	3	58.2097	2
1699.83905	567.62025	3	82.3925	2
1699.86910	567.63030	3	75.5180	1
1700.88620	851.45040	2	65.9102	1
1700.91055	851.46255	2	79.9856	2
1703.81590	568.94590	3	60.3124	2
1704.72780	569.24990	3	25.5823	1
1704.84460	853.42960	2	58.9654	1
1704.89830	853.45640	2	90.4861	2
1704.91770	569.31315	3	70.2923	2
1705.83605	569.61930	3	46.9383	2
1705.83875	853.92665	2	47.0006	2
1705.88105	853.94780	2	68.9195	2
1705.88180	569.63450	3	68.8623	3
1705.91950	569.64710	3	66.7808	2
1706.89065	854.45260	2	87.9260	2
1706.90350	854.45905	2	82.8873	2
1706.90490	569.97555	3	85.8939	12
1707.80980	854.91220	2	80.6571	1
1707.89770	570.30650	3	76.8362	6
1707.89870	854.95665	2	93.2741	2
1707.97805	570.33330	3	78.4566	2
1707.97860	854.99655	2	78.3540	2
1708.76130	570.59435	3	55.3985	2
1709.98075	571.00085	3	75.6969	2
1710.01870	571.01350	3	79.8608	2
1710.92330	856.46890	2	76.1275	1
1712.88975	857.45215	2	66.1921	2
1712.93970	571.98720	3	68.2795	1
1714.89955	572.64045	3	62.1585	2
1714.90050	858.45750	2	62.2517	2
1714.90630	858.46045	2	70.2158	2
1717.86450	573.62875	3	71.6357	2
1717.86600	859.94030	2	71.5950	2
1717.89835	859.95645	2	93.5426	2
1721.76040	861.88750	2	37.5349	2
1722.87390	575.29855	3	75.2914	2
1722.89865	575.30680	3	75.7671	2
1723.02310	575.34830	3	69.1366	2
1723.02530	862.51990	2	69.0726	2
1724.87600	863.44525	2	81.9190	2
1724.94240	575.98810	3	80.0373	1
1725.95125	863.98290	2	85.6833	2
1726.01535	576.34570	3	81.6375	2
1728.78945	577.27040	3	63.1141	2
1729.00295	577.34160	3	82.2002	2
1730.75750	577.92640	3	64.4370	2
1730.89785	866.45620	2	72.6231	2
1731.04550	578.02240	3	88.5247	2
1731.92470	866.96960	2	86.1086	1
1733.87380	578.96520	3	75.3616	2
1733.87530	867.94490	2	75.4954	2
1735.78660	868.90055	2	78.6122	2
1735.87885	579.63355	3	78.4455	2
1735.96265	579.66150	3	97.5206	2
1735.96740	868.99095	2	97.3838	2
1736.84650	869.43050	2	80.1123	2
1736.84830	579.95670	3	80.1679	2
1737.92690	580.31620	3	78.2736	2
1737.98840	870.00145	2	90.6949	2
1738.80330	870.40890	2	68.1994	2
1738.81950	580.61380	3	59.7365	2
1738.82045	580.61405	3	65.4150	2
1739.83960	580.95380	3	69.7649	1
1739.88600	580.96930	3	67.8230	2
1742.87460	581.96545	3	67.0615	2
1743.80515	872.90985	2	67.3044	2
1743.81100	872.91275	2	50.7610	2
1743.98090	872.99770	2	95.4787	2
1744.89905	582.64025	3	71.0918	2
1745.91455	582.97875	3	73.4942	2
1745.93925	873.97690	2	82.4861	2
1746.79730	874.40590	2	89.5581	2
1746.81405	874.41430	2	74.1351	2
1748.87420	583.96535	3	62.6418	2
1749.86520	584.29565	3	61.8099	2
1749.86560	875.94005	2	61.7284	2
1750.00925	584.34370	3	55.6794	2
1750.01325	876.01390	2	55.7756	2
1751.93575	876.97515	2	90.6611	2
1752.89100	585.30425	3	48.8287	2
1752.98450	585.33545	3	86.1463	2
1752.98870	877.50160	2	86.0799	2
1753.84985	585.62390	3	52.6811	2
1755.85925	878.93690	2	70.6122	2
1755.91240	878.96350	2	90.2802	3
1756.88925	586.63700	3	79.2200	2
1756.89010	879.45235	2	79.1617	2
1757.92425	586.98200	3	73.8655	2
1758.79380	880.40415	2	49.1679	2
1758.83460	587.28545	3	77.0897	2
1759.84425	880.92940	2	89.2344	2
1759.91005	880.96230	2	88.1331	2
1760.94040	881.47750	2	87.6764	2
1761.89640	588.30610	3	73.4863	2
1762.84380	882.42915	2	76.0101	2
1762.89500	588.63890	3	57.0637	1
1763.83305	882.92380	2	61.5250	2
1764.81560	589.27910	3	61.4741	5
1764.99850	589.34010	3	92.6538	1
1765.00315	883.50885	2	92.6179	2
1766.94810	884.48130	2	84.0045	2
1767.03200	590.01790	3	81.3710	1
1767.82290	590.28160	3	64.4763	2
1767.85110	884.93280	2	88.9604	1
1767.85265	590.29145	3	88.9065	2
1767.97635	590.33270	3	88.3951	2
1768.90055	885.45755	2	79.6995	2
1769.01910	590.68030	3	80.3028	2
1769.91750	885.96600	2	66.8256	1
1770.00550	591.00910	3	73.8023	2
1771.91700	591.64630	3	75.3211	1
1772.33460	887.17460	2	76.8516	4
1774.88650	592.63610	3	58.4457	3
1774.88685	888.45070	2	58.4656	2
1776.89685	593.30625	3	66.7676	2
1777.32185	889.66820	2	63.9051	4
1778.99030	890.50240	2	71.7279	2
1778.99070	594.00420	3	71.8520	2
1779.80350	445.95815	4	51.2950	2
1779.98880	891.00170	2	73.2963	1
1780.40295	594.47495	3	53.3329	4
1782.87510	595.29895	3	75.7223	2
1783.84620	892.93040	2	73.1974	1
1784.88045	595.96740	3	62.0389	2
1784.88220	893.44840	2	62.0761	2
1784.91735	595.97970	3	55.0052	2
1785.88775	893.95115	2	87.9618	2
1785.89360	596.30510	3	88.0568	1
1788.91295	597.31160	3	35.4276	2
1789.93005	895.97230	2	81.8846	2
1791.84805	598.28995	3	49.7122	2
1792.91090	598.64425	3	61.5525	2
1793.05900	897.53675	2	97.3212	2
1793.87420	897.94435	2	89.3507	2
1793.92410	897.96935	2	84.1737	2
1794.81750	898.41605	2	63.3182	2
1794.85925	898.43690	2	81.5433	2
1794.98565	898.50010	2	79.3261	2
1796.85550	599.95910	3	74.0726	2
1796.88065	599.96750	3	83.7829	2
1796.96800	599.99660	3	84.3638	1
1796.97935	600.00035	3	70.6780	2
1799.93170	900.97315	2	99.4156	2
1799.93260	600.98480	3	99.4341	2
1800.99835	601.34005	3	82.1395	2
1803.92405	602.31530	3	49.9879	2
1804.86850	602.63010	3	65.6581	2
1804.89650	602.63945	3	77.8302	2
1804.97185	602.66455	3	78.2105	2
1804.97620	903.49540	2	78.5259	2
1805.36075	903.68765	2	65.1702	4
1805.87920	903.94690	2	77.7225	7
1806.03535	603.01905	3	71.7280	2
1806.88315	904.44885	2	68.7561	2
1809.91520	905.96485	2	72.8797	2
1809.99410	604.33860	3	72.6684	1
1809.99510	604.33900	3	72.6953	1
1810.00050	906.00755	2	73.0736	2
1813.94870	907.98160	2	83.4591	2
1814.80095	605.94090	3	79.7665	2
1814.80250	908.40850	2	79.9112	1
1814.96875	605.99685	3	65.8867	2
1815.92030	606.31400	3	86.1804	1
1815.92360	908.96910	2	86.1683	1
1815.94040	606.32075	3	72.1200	2
1817.86125	606.96105	3	69.3581	2
1817.90225	606.97465	3	49.7062	2
1820.86160	911.43810	2	59.1406	2
1820.89560	607.97250	3	72.5056	2
1820.91400	607.97860	3	78.9042	1
1821.06155	608.02780	3	83.8493	2
1821.84690	608.28955	3	80.2401	2
1821.89805	608.30660	3	53.0418	2
1822.91135	912.46295	2	85.2144	2
1823.89330	608.97170	3	83.5839	2
1823.90480	608.97555	3	68.0402	2
1825.86420	913.93940	2	55.2946	2
1825.86480	609.62885	3	55.2797	2
1825.89520	913.95490	2	66.9374	2
1826.95155	914.48305	2	78.5868	2
1827.94085	610.32090	3	73.7374	2
1827.96910	610.33030	3	65.3909	2
1827.97030	914.99245	2	65.3258	2
1828.91385	915.46420	2	84.1078	2
1828.95195	915.48325	2	73.4060	2
1830.85720	611.29300	3	63.5564	1
1832.00840	611.67675	3	72.4699	2
1832.91690	611.97955	3	76.2249	2
1832.92825	611.98335	3	60.6796	2
1833.90820	612.31000	3	76.9777	1
1833.93965	917.97710	2	80.0149	2
1833.96900	612.33030	3	87.6436	2
1835.79810	612.94000	3	59.5799	1
1836.04765	613.02315	3	73.3015	2
1838.95685	613.99290	3	63.7980	2
1839.99220	614.33800	3	64.2488	1
1841.01585	614.67925	3	69.9596	2
1841.01705	921.51580	2	69.8727	2
1841.85870	614.96015	3	49.5883	2
1842.92995	615.31725	3	65.7228	2
1842.97210	615.33130	3	71.5319	2
1844.88940	923.45200	2	86.7000	1
1844.89230	615.97140	3	63.0126	2
1844.91105	615.97760	3	67.2133	2
1845.99035	616.33740	3	85.9498	2
1845.99360	924.00405	2	86.0886	2
1846.79200	924.40325	2	72.1140	2
1846.93550	924.47505	2	74.9621	2
1846.96950	616.66380	3	85.0719	1
1846.96990	924.49220	2	84.8808	2
1849.89820	925.95640	2	89.9264	1
1849.96215	617.66135	3	85.4042	2
1852.02180	927.01820	2	83.0120	2
1853.92725	618.98305	3	60.9729	2
1854.92730	928.47095	2	92.0849	2
1856.86035	619.96075	3	54.7075	2
1856.88070	929.44760	2	82.8051	2
1860.94560	621.32245	3	88.6997	2
1860.95130	931.48295	2	88.8489	2
1861.00010	621.34060	3	75.5940	2
1861.98610	621.66930	3	82.9488	2
1862.81915	621.94695	3	60.1696	2
1862.87245	932.44350	2	86.9403	2
1863.98840	622.33675	3	88.1659	2
1864.88050	622.63410	3	73.0402	2
1866.01465	623.01215	3	81.5201	2
1867.84420	623.62200	3	54.0026	2
1868.83370	935.42415	2	63.6024	2
1870.95420	936.48440	2	86.1359	1
1872.89870	625.30685	3	53.7383	2
1873.94545	625.65575	3	76.0725	2
1873.96945	937.99200	2	81.0860	2
1876.99480	626.67220	3	75.0664	1
1880.97500	627.99895	3	62.8134	2
1882.97455	942.49455	2	71.2105	2
1882.97580	628.66590	3	71.3196	1
1883.88330	628.96840	3	75.8830	2
1883.88390	942.94925	2	75.7925	2
1883.91980	628.98050	3	70.6711	1
1884.87710	629.29960	3	66.8591	1
1885.87115	943.94285	2	65.7364	2
1885.91950	943.96705	2	84.0451	2
1885.91955	629.64710	3	84.2126	2
1886.90100	629.97430	3	68.7512	2
1886.90250	944.45855	2	68.8245	2
1888.00560	630.34245	3	81.2189	2
1890.93745	631.31975	3	69.7447	2
1890.94800	631.32325	3	74.1065	2
1890.99650	631.33940	3	84.7803	1
1892.06405	947.03930	2	82.9548	2
1893.95855	947.98655	2	85.4708	2
1893.95950	632.32710	3	85.5263	1
1893.97835	632.33340	3	58.2571	2
1899.87815	950.94635	2	70.3476	2
1899.98530	634.33570	3	62.2489	2
1902.89575	952.45515	2	79.7750	2
1903.93310	635.65165	3	77.5640	2
1904.97110	635.99760	3	74.9353	3
1904.97360	953.49410	2	75.0137	2
1908.96930	955.49195	2	86.4764	2
1909.97820	478.50185	4	71.0217	2
1909.99595	637.67260	3	75.6635	2
1910.00220	956.00840	2	75.7195	1
1910.17175	637.73115	3	79.0723	2
1911.89130	956.95290	2	72.9066	2
1911.99865	638.34015	3	81.3842	2
1912.00055	957.00755	2	81.3781	2
1912.89820	957.45640	2	67.0261	1
1912.91200	638.64460	3	32.3917	2
1912.99035	638.67070	3	73.9284	2
1913.09965	638.70715	3	70.5818	2
1915.47175	639.49785	3	69.3445	4
1918.85305	640.62495	3	47.0312	2
1919.77300	640.93160	3	39.8057	1
1919.90590	960.96020	2	91.2924	1
1920.96670	641.32950	3	61.0235	2
1920.99780	641.33990	3	82.3198	2
1921.93420	961.97440	2	95.7003	2
1923.96545	642.32910	3	72.4040	2
1924.02145	642.34775	3	78.0856	2
1927.00055	643.34080	3	89.6165	2
1930.94570	644.65585	3	83.0120	2
1932.83855	645.28680	3	57.6243	2
1932.83960	967.42710	2	57.8120	1
1933.08660	967.55055	2	86.6690	2
1934.07945	645.70040	3	86.5175	2
1935.07980	646.03385	3	78.8268	2
1935.93200	646.31790	3	65.2419	2
1937.92990	969.97220	2	91.7611	2
1937.92995	969.97225	2	87.7945	2
1937.93240	646.98470	3	91.8616	1
1937.94605	646.98930	3	78.5435	2
1937.94800	969.98130	2	78.6443	2
1938.94425	970.47940	2	90.8371	2
1938.95260	970.48360	2	79.9416	2
1939.01870	647.34680	3	74.6253	2
1941.88180	648.30120	3	57.4457	2
1942.04075	648.35420	3	76.1345	2
1942.47590	648.49920	3	85.0440	4
1942.84105	648.62095	3	60.5432	2
1942.97070	972.49260	2	85.9726	1
1943.94290	648.98820	3	73.7984	1
1944.98340	649.33505	3	66.3165	2
1945.89600	649.63930	3	65.9355	1
1946.05100	974.03280	2	69.2872	1
1947.98475	650.33555	3	80.0560	2
1947.98690	975.00075	2	80.0445	2
1950.98010	651.33395	3	71.4012	2
1951.98950	651.67040	3	70.8881	1
1951.99545	977.00500	2	87.3158	2
1953.94310	652.32160	3	74.3246	1
1954.89640	978.45545	2	80.7582	2
1955.94015	652.98730	3	58.9191	2
1956.05885	653.02685	3	81.0430	2
1956.90070	653.30750	3	65.7139	2
1956.99130	979.50295	2	75.3998	2
1961.03690	981.52575	2	87.5258	2
1961.05220	654.69130	3	87.5784	2
1966.07975	984.04715	2	89.4341	2
1966.93735	656.65305	3	74.3936	2
1966.98080	656.66750	3	96.2195	2
1966.98350	984.49900	2	96.2741	1
1970.05740	657.69310	3	75.9665	1
1970.06800	657.69660	3	76.8824	1
1970.98260	658.00145	3	60.3885	2
1973.06955	658.69715	3	59.4291	2
1976.02155	989.01805	2	94.3682	2
1976.02210	659.68130	3	94.4382	2
1978.89885	660.64020	3	35.5227	2
1979.03415	660.68530	3	86.7417	2
1983.02860	662.01680	3	85.8240	2
1984.02980	993.02215	2	78.8854	2
1985.96035	993.98745	2	72.4325	2
1988.04750	663.68980	3	70.6426	2
1989.02285	664.01485	3	73.6788	2
1992.02010	997.01730	2	92.3960	1
1992.05755	665.02645	3	79.1353	2
1994.00500	998.00975	2	93.1598	2
1994.00610	665.67595	3	93.2221	2
2001.00055	668.00745	3	83.2893	2
2002.96180	1002.48820	2	75.5523	1
2002.98460	668.66880	3	66.9313	2
2003.03430	668.68535	3	88.1937	2
2003.03660	1002.52560	2	88.2902	2
2004.09020	669.03735	3	78.3808	2
2009.03785	670.68655	3	57.9319	2
2009.08360	670.70180	3	76.3475	2
2009.99755	1006.00605	2	91.4237	2
2009.99880	671.00690	3	91.4438	2
2011.00480	1006.50970	2	76.5867	1
2016.99260	1009.50355	2	79.4662	2
2019.06915	674.03030	3	93.5274	2
2022.01940	675.01370	3	63.5288	1
2024.89400	1013.45430	2	55.5280	1
2026.12310	676.38165	3	85.2164	2
2026.12395	1014.06925	2	85.0492	2
2026.92920	1014.47190	2	82.2528	1
2027.05850	676.69345	3	86.7026	2
2031.02875	678.01685	3	86.8617	2
2032.91490	1017.46470	2	82.6660	1
2033.06255	678.69475	3	72.0120	2
2035.86010	679.62730	3	57.1169	1
2037.04460	680.02215	3	64.6746	2
2041.07545	681.36575	3	79.2538	2
2041.97635	681.66605	3	71.9927	2
2043.01135	682.01105	3	81.5032	2
2043.01235	1022.51345	2	81.5780	2
2047.98260	683.66810	3	47.5470	2
2048.05160	1025.03310	2	94.6785	2
2048.05300	683.69160	3	94.6865	2
2048.96025	683.99405	3	75.7552	2
2049.04140	684.02105	3	86.2840	2
2049.87550	1025.94500	2	37.1991	1
2052.92800	1027.47130	2	74.7967	1
2054.09450	1028.05450	2	96.3857	2
2054.89800	685.97330	3	68.3947	2
2058.08760	1030.05110	2	96.4416	1
2059.00610	687.34265	3	76.5019	2
2059.09000	687.37060	3	91.3497	1
2059.93005	687.65060	3	67.0032	2
2059.96780	687.66320	3	83.9355	1
2059.96985	1030.99220	2	83.8850	2
2064.03030	1033.02240	2	87.7917	1
2064.04600	689.02260	3	88.8411	1
2064.05165	1033.03310	2	88.6667	2
2064.96070	1033.48765	2	83.7183	2
2067.99120	690.33765	3	68.1694	2
2070.95900	1036.48675	2	71.6914	2
2071.03540	1036.52500	2	90.9962	1
2072.12110	691.71430	3	87.1265	2
2073.08670	692.03620	3	75.5661	2
2076.04995	693.02390	3	66.7147	2
2078.06690	693.69625	3	78.0234	2
2079.02950	694.01710	3	73.3566	1
2080.10290	521.03305	4	69.6760	2
2086.04100	1044.02775	2	87.7354	2
2092.08660	698.36950	3	73.3015	2
2092.97900	1047.49680	2	86.5852	1
2093.11400	1047.56430	2	79.3851	1
2093.11600	698.71260	3	79.3515	1
2093.97800	698.99995	3	85.3677	2
2093.98045	1047.99750	2	85.3039	2
2094.94505	699.32230	3	50.8247	2
2094.98965	1048.50210	2	83.3673	2
2095.00505	699.34230	3	68.5157	2
2101.86250	701.62810	3	70.1094	1
2104.07060	1053.04260	2	72.2267	1
2104.56495	702.52895	3	72.9101	4
2105.14675	702.72285	3	89.6790	2
2114.12530	705.71570	3	94.4107	2
2119.05315	707.35830	3	63.3180	2
2126.14300	1064.07880	2	77.0221	2
2126.14550	709.72240	3	77.0411	1
2131.17845	711.40010	3	82.7445	2
2137.12240	713.38140	3	69.2952	2
2143.09350	715.37180	3	80.8781	2
2156.01340	719.67840	3	64.8806	2
2169.12355	724.04845	3	75.6521	2
2170.02845	724.35005	3	75.4867	2
2177.94810	545.49435	4	43.6475	2
2180.98140	728.00110	3	66.1469	1
2181.13695	1091.57575	2	79.8666	2
2181.13890	728.05360	3	79.8540	2
2190.06715	731.02965	3	74.2336	2
2190.06990	1096.04225	2	74.1665	2
2201.11735	734.71305	3	72.8221	2
2205.01335	736.01170	3	71.0157	2
2205.10500	1103.55975	2	98.3327	2
2205.10600	736.04260	3	98.5193	1
2227.05225	743.35805	3	54.6956	2
2227.05245	1114.53350	2	54.7338	2
2236.11230	746.37805	3	84.9507	2
2240.18020	747.73400	3	84.2505	2
2250.02090	751.01425	3	45.9587	2
2269.25950	757.42710	3	82.3810	2
2279.05345	760.69175	3	68.1033	2
2282.08290	761.70155	3	63.4058	2
2283.15720	762.05970	3	81.6755	1
2284.23035	762.41740	3	93.4752	2
2291.01905	764.68030	3	66.7092	2
2291.01965	1146.51710	2	66.6803	2
2295.09400	766.03860	3	79.1901	2
2297.12390	766.71525	3	69.2893	2
2298.10850	767.04340	3	52.2592	2
2306.10625	769.70935	3	77.5056	2
2323.19660	1162.60560	2	84.6553	2
2347.18875	783.40350	3	58.7382	2
2376.10045	793.04075	3	51.1052	2
2379.16565	595.79870	4	62.3344	2
2379.16600	794.06260	3	62.3964	1
2389.99220	797.67130	3	61.3435	2
2391.16200	798.06130	3	80.6087	2
2391.18335	1196.59895	2	94.9132	2
2401.30250	801.44145	3	81.4450	2
2404.07505	802.36560	3	70.8073	2
2407.22705	803.41625	3	75.5231	2
2416.24135	806.42105	3	83.8406	2
2427.23900	607.81700	4	60.1695	2
2435.25590	812.75920	3	64.9377	2
2440.34665	814.45615	3	90.6693	2
2460.19350	821.07175	3	84.9834	2
2483.18970	828.73720	3	62.3660	1
2519.20715	840.74300	3	65.0950	2
2525.30000	842.77395	3	85.4953	2
2532.23370	845.08515	3	73.6223	2
2549.46970	638.37470	4	82.6176	3
2549.47350	850.83180	3	82.7625	2
2589.27110	864.09765	3	70.3587	2
2620.21680	656.06145	4	64.6230	2
2643.33960	882.12050	3	86.1742	1
2749.47865	917.50015	3	81.3603	2
2804.27700	702.07650	4	76.9837	1
2804.28000	935.76725	3	76.8050	2
3208.56175	803.14770	4	69.8728	2
3536.66650	1179.89610	3	83.9155	2
