mono_mass	mz	charge	rt	n_psm
798.41210	400.21330	2	38.4709	1
798.46010	400.23730	2	43.4649	1
798.48455	400.24955	2	57.8022	2
799.45540	400.73500	2	49.1382	2
800.43930	401.22690	2	40.2138	2
800.43930	401.22695	2	43.7442	2
800.45470	401.23460	2	51.2265	2
801.43485	401.72470	2	36.6602	2
801.53315	401.77385	2	44.4609	2
802.38605	402.20030	2	38.7176	2
802.49845	402.25655	2	61.8908	2
805.40865	403.71160	2	44.9440	2
805.44610	403.73030	2	51.3292	1
806.39580	404.20520	2	37.5480	2
806.45410	404.23430	2	50.4120	2
806.45415	404.23435	2	60.5197	2
807.41330	404.71390	2	39.9604	2
808.36285	405.18870	2	36.8163	2
808.44220	405.22840	2	35.7824	1
808.44420	405.22940	2	35.7511	1
810.36890	406.19170	2	35.0987	1
810.36960	406.19210	2	35.1524	1
811.35415	406.68435	2	37.4421	2
812.42240	407.21850	2	42.6713	1
812.43915	407.22685	2	39.9858	2
812.47545	407.24500	2	60.3571	2
812.51195	407.26325	2	48.9549	2
813.49590	407.75520	2	28.2381	1
814.45185	408.23320	2	42.7485	2
814.45480	408.23470	2	34.3582	2
814.45565	408.23510	2	51.6175	2
814.51660	408.26560	2	58.7610	2
815.43895	408.72675	2	38.6601	2
815.46915	408.74185	2	56.7734	2
815.47630	408.74540	2	46.3030	2
815.47645	408.74550	2	42.1895	2
815.49675	408.75565	2	37.8034	2
816.38400	409.19930	2	51.4255	1
816.44940	409.23195	2	66.5621	2
816.47040	409.24250	2	37.4663	2
817.42980	409.72215	2	34.6100	2
817.45450	409.73450	2	40.2659	1
817.48100	409.74775	2	66.9540	2
818.37650	410.19550	2	35.4954	2
818.44005	410.22730	2	52.8338	2
818.48980	410.25220	2	74.0396	2
819.39190	410.70325	2	35.0209	2
819.43100	410.72280	2	63.1180	2
820.43285	411.22370	2	38.8677	2
820.45530	411.23490	2	33.3282	1
820.47020	411.24240	2	45.4891	2
820.48845	411.25150	2	71.7851	2
821.42830	411.72140	2	40.6892	2
821.44730	411.73090	2	33.5945	1
822.39095	412.20275	2	30.4021	2
822.42385	412.21920	2	36.7794	2
823.41760	412.71610	2	36.1767	1
823.42630	412.72040	2	54.7416	2
823.44380	412.72920	2	44.8430	1
824.54870	413.28160	2	71.2900	2
826.49155	414.25305	2	42.1801	2
826.49160	414.25310	2	39.6152	2
826.52715	414.27085	2	69.7489	2
826.52790	414.27125	2	49.7214	2
828.41655	415.21555	2	31.2260	2
828.47580	415.24520	2	38.6269	1
829.44820	415.73135	2	40.0146	4
829.46390	415.73925	2	41.6277	2
829.49095	415.75280	2	55.8755	2
829.49160	415.75310	2	39.3572	1
829.50260	415.75860	2	50.5238	1
829.50285	415.75870	2	36.5718	2
831.47080	416.74270	2	48.5018	1
831.49680	416.75565	2	69.9219	2
832.39225	417.20340	2	34.3358	2
832.42815	417.22140	2	45.0625	2
833.43960	417.72710	2	62.8940	2
834.43535	418.22495	2	37.9283	2
835.44365	418.72910	2	43.2349	2
836.38895	419.20175	2	40.3948	2
836.40085	419.20770	2	41.2782	2
836.44005	419.22730	2	56.7080	2
836.44065	419.22760	2	43.4105	2
837.40225	419.70840	2	47.9878	2
837.40630	419.71040	2	54.4845	1
838.41800	420.21630	2	37.3811	2
839.42930	420.72195	2	55.1892	2
839.58480	420.79965	2	73.3198	2
840.47025	421.24240	2	42.9613	2
840.54295	421.27875	2	59.7531	2
840.54310	421.27880	2	75.0280	2
841.46650	421.74055	2	40.9040	2
841.49155	421.75310	2	54.9445	2
841.50240	421.75850	2	50.4068	1
842.42890	422.22175	2	47.7590	2
842.46160	422.23810	2	39.7395	3
842.48615	422.25035	2	52.2789	2
842.48650	422.25055	2	42.2724	2
842.48855	422.25155	2	38.4312	2
842.52235	422.26845	2	49.1470	2
842.52240	422.26845	2	71.0487	2
842.53285	422.27370	2	34.4238	2
843.45270	422.73360	2	39.3521	3
843.48200	422.74830	2	44.6184	3
843.54240	422.77845	2	63.2872	2
844.45505	423.23480	2	53.9441	2
844.46515	423.23985	2	35.2819	2
845.46055	423.73755	2	37.4951	2
845.46100	423.73775	2	44.1120	2
845.46465	423.73960	2	67.4014	2
845.51170	423.76315	2	65.2533	2
845.53705	423.77580	2	76.3515	2
846.39880	424.20665	2	37.0099	2
846.42760	424.22105	2	42.8638	2
846.44860	424.23160	2	61.2301	2
847.42305	424.71880	2	43.7832	2
847.44480	424.72970	2	40.7512	1
847.48095	424.74775	2	45.5518	2
848.43860	425.22655	2	41.8689	2
848.44010	425.22730	2	53.2405	2
848.44395	425.22925	2	36.5505	2
849.42055	425.71755	2	46.6943	2
849.44235	425.72845	2	52.6968	2
850.45315	426.23385	2	46.3798	2
850.50145	426.25800	2	39.5561	2
851.37020	426.69240	2	40.6299	1
851.40300	426.70880	2	35.3985	2
851.42180	426.71815	2	45.6108	2
851.43900	426.72680	2	37.1326	2
853.36115	427.68785	2	36.9132	2
853.39775	427.70615	2	42.8109	2
854.46100	428.23780	2	39.9556	2
856.43340	429.22400	2	64.5586	2
856.44760	429.23105	2	65.3742	2
856.47020	429.24240	2	50.3493	2
856.51300	429.26375	2	48.3278	2
856.51510	429.26480	2	45.7825	1
856.53940	429.27695	2	57.9038	2
857.44240	429.72850	2	39.6961	2
857.46155	429.73805	2	40.2207	2
857.49605	429.75530	2	55.1504	2
857.49635	429.75545	2	46.4405	2
858.45650	430.23555	2	44.2648	2
858.46990	430.24220	2	43.6023	2
858.48045	430.24750	2	33.1135	2
858.96310	430.48880	2	38.0275	4
859.43860	430.72655	2	40.0523	2
859.46530	430.73990	2	46.9406	3
859.50230	430.75845	2	66.3724	2
860.42420	431.21940	2	36.0810	2
860.44175	431.22815	2	45.1920	2
860.46060	431.23760	2	33.7339	1
861.44450	431.72955	2	44.6074	2
861.47160	431.74310	2	47.7259	1
861.50050	431.75750	2	48.7839	1
861.50735	431.76100	2	75.6240	2
862.38590	432.20025	2	39.2383	2
862.41890	432.21670	2	36.4492	1
863.45065	432.73260	2	34.9600	2
863.45135	432.73295	2	49.2867	2
863.45640	432.73550	2	58.9551	1
864.41980	433.21720	2	49.7790	2
864.43425	433.22440	2	53.0021	2
864.50690	433.26070	2	64.0895	2
865.50150	433.75800	2	35.6250	1
865.50180	433.75820	2	35.6615	1
866.41060	434.21260	2	40.4979	1
866.49725	434.25590	2	42.4890	2
867.39590	434.70520	2	37.4858	1
867.41640	434.71550	2	50.1091	2
867.43435	434.72445	2	39.1027	2
868.45915	435.23685	2	37.9049	2
868.50195	435.25825	2	44.5197	2
868.51330	435.26395	2	32.5829	2
869.45350	435.73410	2	34.1166	1
869.49665	435.75560	2	34.5153	2
869.53340	435.77400	2	60.0486	2
869.53370	435.77410	2	52.6747	1
869.55880	435.78670	2	67.1440	2
870.43825	436.22640	2	33.9324	2
870.44905	436.23180	2	54.6907	2
870.48100	436.24780	2	43.0189	2
870.51640	436.26550	2	58.3084	2
870.55350	436.28400	2	51.0042	2
871.44365	436.72910	2	38.2752	2
871.45165	436.73310	2	40.8771	2
871.53810	436.77630	2	59.6098	2
872.47430	437.24440	2	39.7445	1
872.47480	437.24470	2	39.7685	1
872.49690	437.25570	2	56.3174	1
872.49730	437.25595	2	42.2663	2
872.51520	437.26485	2	63.9537	2
873.47085	437.74270	2	45.3368	2
873.47285	437.74370	2	50.6577	2
873.48080	437.74770	2	48.5299	2
873.49545	437.75500	2	67.6442	2
874.43285	438.22370	2	44.7570	2
874.45860	438.23655	2	49.9004	2
874.46945	438.24200	2	35.7458	2
875.48960	438.75210	2	30.3054	1
875.52170	438.76810	2	50.1682	1
875.52260	438.76860	2	61.1974	2
876.41265	439.21360	2	39.4011	2
876.43540	439.22500	2	48.0553	1
876.47050	439.24250	2	50.3021	3
876.49600	439.25525	2	68.0238	2
877.42950	439.72200	2	43.3807	1
877.45555	439.73505	2	37.3735	2
877.46630	439.74045	2	49.7435	2
877.46635	439.74045	2	45.0085	2
877.46730	439.74090	2	42.6453	1
877.50950	439.76205	2	70.1262	2
878.48630	440.25040	2	50.3619	1
878.48700	440.25080	2	54.8615	2
879.39695	440.70575	2	34.7032	2
880.42915	441.22185	2	43.4728	2
880.54980	441.28220	2	53.5695	2
882.48190	442.24820	2	36.3361	1
882.52865	442.27160	2	39.2424	2
883.53785	442.77620	2	58.9323	2
883.53840	442.77645	2	51.3087	2
884.43970	443.22715	2	44.2029	2
884.54445	443.27950	2	54.4567	2
884.57080	443.29270	2	59.5211	2
885.42325	443.71890	2	39.0632	2
885.44410	443.72930	2	34.9525	2
885.48945	443.75200	2	35.5420	2
885.49195	443.75325	2	51.5268	2
885.55370	443.78415	2	65.1943	2
886.40800	444.21130	2	53.5861	1
886.48600	444.25025	2	42.5482	2
886.51205	444.26330	2	48.1609	2
887.46005	444.73730	2	36.4832	2
887.48690	444.75070	2	55.7840	2
887.49040	444.75250	2	41.4267	1
888.44495	445.22975	2	53.7060	2
888.46665	445.24060	2	38.2215	2
889.45815	445.73635	2	51.1641	2
889.46580	445.74020	2	48.2619	2
889.47725	445.74590	2	41.4698	2
889.48445	445.74950	2	70.3718	2
891.44470	446.72965	2	49.4807	2
891.44860	446.73160	2	46.5006	2
891.48155	446.74805	2	63.1696	2
891.49735	446.75595	2	67.2253	2
891.50590	446.76030	2	66.6476	2
892.44080	447.22765	2	40.2993	2
892.48360	447.24910	2	77.0752	1
893.45790	447.73630	2	45.8455	7
893.46100	447.73780	2	42.7372	1
893.46170	447.73810	2	36.6676	2
893.60670	447.81065	2	75.8690	2
894.45735	448.23600	2	34.3358	2
894.50315	448.25885	2	31.7909	2
895.44700	448.73075	2	60.0387	2
895.46520	448.73985	2	41.4485	2
896.53430	449.27440	2	54.9871	1
897.40485	449.70970	2	66.9291	2
897.50290	449.75870	2	34.0239	2
898.40800	450.21125	2	66.4641	2
898.47890	450.24670	2	58.1014	1
898.48685	450.25070	2	35.4259	2
898.49135	450.25295	2	44.5432	2
898.54885	450.28175	2	67.1701	2
898.56065	450.28760	2	55.4474	2
899.43795	450.72625	2	53.8485	2
899.45090	450.73275	2	40.8886	2
899.50810	450.76130	2	56.2818	1
899.51545	450.76500	2	60.4690	2
900.46510	451.23985	2	41.5672	2
900.49070	451.25260	2	41.3036	2
900.49210	451.25330	2	52.9164	2
900.50260	451.25860	2	50.7831	2
900.52190	451.26820	2	54.5400	1
900.53925	451.27690	2	43.9807	2
901.41175	451.71315	2	49.2542	2
901.43310	451.72380	2	39.3589	2
901.47670	451.74560	2	58.9085	2
901.48665	451.75060	2	33.9366	2
901.48670	451.75060	2	46.8024	1
901.52395	451.76925	2	42.6918	2
902.41365	452.21410	2	47.8524	2
903.48145	452.74800	2	53.2381	2
903.52810	452.77130	2	42.3137	1
903.54315	452.77885	2	69.2199	2
904.42270	453.21860	2	32.3138	1
904.44325	453.22890	2	31.1194	2
904.53855	453.27655	2	63.3461	2
905.45280	453.73370	2	65.8578	2
905.45295	453.73375	2	44.0636	2
906.46770	454.24110	2	32.5064	2
906.51810	454.26635	2	48.2155	2
907.45185	454.73320	2	37.4319	2
907.50085	454.75770	2	48.6678	2
908.00350	455.00905	2	55.2196	4
908.43145	455.22300	2	49.5541	2
909.42675	455.72065	2	44.6954	2
909.42680	455.72070	2	55.6531	1
909.45600	455.73530	2	40.2093	1
909.47500	455.74480	2	70.6872	3
911.38060	456.69755	2	34.1803	2
911.47505	456.74480	2	60.9135	2
911.58070	456.79765	2	58.4078	2
912.54660	457.28060	2	42.5904	1
912.56515	457.28985	2	64.5781	2
913.45150	457.73305	2	41.7889	2
913.47370	457.74420	2	71.6609	1
913.48640	457.75050	2	47.4681	2
913.50945	457.76200	2	33.3828	2
913.54785	457.78120	2	54.0346	2
913.55975	457.78715	2	39.3353	2
913.59665	457.80560	2	40.5741	2
914.50760	458.26110	2	41.0783	2
914.51845	458.26650	2	46.2668	2
915.44845	458.73150	2	37.2330	2
915.47060	458.74260	2	36.7399	1
915.50715	458.76085	2	32.7885	2
915.52130	458.76795	2	49.9370	2
915.53820	458.77640	2	35.3050	2
916.48580	459.25020	2	41.4602	1
916.49890	459.25670	2	37.9288	2
917.46440	459.73950	2	54.3207	2
917.46530	459.73995	2	34.8607	2
917.48070	459.74760	2	40.5267	1
917.48090	459.74775	2	38.4262	2
918.48440	460.24945	2	53.6787	2
918.49170	460.25310	2	64.4357	2
918.51670	460.26565	2	63.3555	2
918.51680	460.26570	2	57.2261	2
919.40610	460.71030	2	33.3593	2
919.40680	460.71070	2	61.7400	2
919.47190	460.74320	2	52.8246	2
919.50625	460.76040	2	52.9624	2
919.51230	460.76345	2	46.9864	2
919.51570	460.76510	2	57.6603	2
919.52075	460.76765	2	64.9946	2
920.49690	461.25575	2	47.0970	2
920.49710	461.25580	2	50.5195	1
920.50720	461.26085	2	41.7433	2
921.44460	461.72955	2	40.9961	2
921.44555	461.73005	2	37.6349	2
921.45650	461.73550	2	40.6698	1
921.46770	461.74110	2	35.9168	1
922.43935	462.22695	2	49.8762	2
922.45040	462.23245	2	38.7969	2
923.43490	462.72470	2	43.9524	2
923.47255	462.74355	2	41.0528	2
923.58070	462.79770	2	78.2236	1
924.43745	463.22600	2	48.2105	2
924.54000	463.27730	2	52.7858	1
924.56425	463.28940	2	55.6986	2
926.51860	464.26660	2	39.2111	2
926.58065	464.29760	2	60.6286	2
926.59055	464.30255	2	61.7095	2
927.37840	464.69650	2	29.8305	1
927.44485	464.72970	2	46.7517	2
927.56405	464.78930	2	83.2481	2
928.45480	465.23465	2	50.8721	2
928.51680	465.26570	2	42.0063	1
928.52280	465.26870	2	48.4006	1
928.52325	465.26890	2	51.7662	2
928.53420	465.27440	2	50.0265	2
928.55935	465.28695	2	62.9467	2
928.55970	465.28710	2	57.2856	1
929.44595	465.73025	2	32.8567	2
929.45685	465.73570	2	30.4496	2
929.48050	465.74750	2	37.1914	2
929.50635	465.76045	2	55.2164	2
929.51240	465.76350	2	48.4434	2
929.51790	465.76620	2	43.1701	2
929.51835	465.76645	2	41.1409	2
929.51875	465.76665	2	36.3757	2
930.42350	466.21900	2	61.1974	2
930.46660	466.24060	2	35.3716	2
930.47795	466.24625	2	42.1361	2
930.51705	466.26580	2	64.9845	2
930.53970	466.27710	2	38.2891	2
931.46980	466.74215	2	36.1364	2
931.48630	466.75045	2	48.9179	2
931.50135	466.75795	2	56.1383	2
931.51220	466.76340	2	58.1693	2
931.53425	466.77440	2	67.9983	2
932.46440	467.23950	2	39.0414	2
932.54455	467.27955	2	42.2773	2
933.45560	467.73505	2	37.5139	2
933.46570	467.74010	2	51.3394	1
933.48480	467.74965	2	51.7331	2
933.50305	467.75880	2	52.5791	2
933.50650	467.76050	2	87.3900	1
933.52880	467.77170	2	56.5653	2
933.53920	467.77690	2	33.1384	2
934.41495	468.21475	2	40.1584	2
934.45120	468.23290	2	39.5029	2
934.48685	468.25070	2	43.3221	2
934.48685	468.25070	2	55.3653	2
934.48715	468.25085	2	33.6565	2
934.51265	468.26360	2	50.2585	2
934.51320	468.26390	2	58.6429	2
934.52360	468.26910	2	59.7815	2
935.47080	468.74265	2	45.1512	2
937.41470	469.71460	2	34.8715	2
937.48635	469.75045	2	40.7612	2
937.51185	469.76320	2	57.9628	2
938.43445	470.22450	2	37.9856	2
939.48160	470.74805	2	59.6920	2
939.48165	470.74810	2	80.5693	2
939.51435	470.76445	2	32.5904	2
939.54970	470.78210	2	56.1059	2
939.56445	470.78950	2	81.0481	2
940.44335	471.22895	2	45.2174	2
940.52580	471.27020	2	62.2556	2
940.53470	471.27465	2	34.7553	2
941.43385	471.72420	2	38.7225	2
941.46425	471.73940	2	50.0139	2
941.57950	471.79700	2	66.9215	2
941.60725	471.81090	2	79.6372	2
942.50245	472.25850	2	36.2329	2
942.51310	472.26380	2	43.6566	1
942.51415	472.26435	2	48.1789	2
942.53825	472.27640	2	48.9411	2
943.44785	472.73120	2	61.3464	2
943.46485	472.73970	2	36.0126	2
943.48755	472.75105	2	43.8276	2
943.53640	472.77550	2	46.4676	1
944.42460	473.21955	2	37.5262	2
944.43145	473.22300	2	63.7417	2
944.47360	473.24410	2	38.0428	1
944.47455	473.24455	2	55.5178	2
944.49225	473.25340	2	43.2350	2
944.51150	473.26300	2	64.1922	2
944.51750	473.26600	2	47.9924	2
944.51955	473.26705	2	45.4887	2
944.52865	473.27160	2	49.4590	2
944.55505	473.28480	2	54.8852	2
945.45945	473.73700	2	77.3973	2
945.51295	473.76375	2	40.8543	2
945.54920	473.78190	2	58.9853	2
946.50860	474.26160	2	49.7964	1
946.50900	474.26175	2	37.3177	2
946.51300	474.26380	2	46.0477	2
946.52700	474.27080	2	69.8844	1
946.53395	474.27430	2	38.2140	2
946.54875	474.28165	2	74.5276	2
947.43450	474.72455	2	38.5404	2
947.48520	474.74990	2	42.3087	1
947.51480	474.76465	2	71.6448	2
948.46575	475.24015	2	53.0632	2
948.46705	475.24080	2	44.4533	2
949.48620	475.75040	2	39.7038	2
949.48725	475.75090	2	54.3810	2
949.49060	475.75260	2	86.9534	2
949.50450	475.75950	2	77.6607	1
949.52780	475.77120	2	79.8531	2
950.45255	476.23355	2	50.2727	2
950.48155	476.24805	2	46.7881	2
950.48240	476.24850	2	49.0600	2
950.48655	476.25055	2	73.8917	2
950.50035	476.25745	2	59.6965	2
950.50755	476.26105	2	51.8125	2
951.51745	476.76600	2	80.4414	2
952.44950	477.23200	2	47.2679	1
952.44955	477.23205	2	43.1766	2
952.46935	477.24195	2	50.9587	2
952.53540	477.27495	2	42.3517	2
954.44040	478.22750	2	36.1574	2
954.44450	478.22950	2	52.6111	2
955.53415	478.77435	2	63.1206	2
955.57030	478.79245	2	61.3699	2
956.50335	479.25895	2	38.5671	2
956.51585	479.26520	2	36.9492	2
956.52930	479.27195	2	44.2347	2
956.52940	479.27200	2	53.5347	2
956.53450	479.27450	2	41.7852	1
956.53670	479.27560	2	66.6150	1
956.57995	479.29725	2	77.9402	2
957.48845	479.75150	2	32.9419	2
957.51550	479.76500	2	48.0706	1
957.52595	479.77025	2	41.0478	2
957.53525	479.77490	2	32.1150	2
957.56050	479.78750	2	48.2578	1
957.59705	479.80580	2	47.4707	2
958.48720	480.25085	2	56.6747	2
958.51025	480.26240	2	56.9752	2
959.50725	480.76090	2	41.0989	2
959.53150	480.77305	2	42.8944	2
959.53300	480.77380	2	69.3130	2
959.55465	480.78460	2	58.2317	2
959.58120	480.79785	2	83.9987	2
960.45080	481.23270	2	35.3665	2
960.46125	481.23790	2	31.7709	2
960.47115	481.24285	2	45.4751	2
960.47615	481.24535	2	42.1258	2
960.50340	481.25900	2	46.6064	1
960.51245	481.26350	2	39.4992	2
960.53145	481.27300	2	57.7846	2
960.53830	481.27645	2	61.7460	2
961.45540	481.73500	2	34.2387	1
961.50865	481.76160	2	41.6226	2
962.47385	482.24420	2	46.3292	2
962.50625	482.26045	2	62.6845	2
962.51900	482.26680	2	55.8227	2
962.53845	482.27650	2	86.4853	2
963.44560	482.73010	2	54.7224	2
963.50220	482.75835	2	40.3312	2
963.50625	482.76040	2	34.6644	2
963.55460	482.78460	2	75.0951	2
964.46155	483.23805	2	38.2625	2
964.47970	483.24710	2	69.5616	2
964.49780	483.25620	2	43.0602	2
964.52265	483.26860	2	54.3078	2
965.44480	483.72970	2	41.5594	2
965.44590	483.73020	2	35.0683	3
965.46010	483.73730	2	37.8555	2
965.48110	483.74780	2	60.9384	2
965.62720	483.82090	2	82.8884	1
966.46425	484.23940	2	41.8970	2
966.46590	484.24025	2	36.6993	2
966.51215	484.26335	2	44.8884	2
966.52465	484.26960	2	46.8667	2
967.47935	484.74695	2	58.2216	2
967.52410	484.76930	2	47.5017	2
967.54480	484.77970	2	36.9834	2
967.58145	484.79800	2	56.9208	2
968.44500	485.22975	2	40.4945	2
968.52820	485.27140	2	37.5186	2
968.52920	485.27190	2	49.0291	2
969.43130	485.72295	2	39.6486	2
969.48815	485.75135	2	40.4517	2
969.51280	485.76370	2	47.1521	1
969.52495	485.76975	2	50.5729	2
969.54790	485.78120	2	41.3686	1
969.56015	485.78735	2	52.9923	2
969.58615	485.80040	2	64.2507	2
969.58625	485.80040	2	69.0897	2
970.48720	486.25085	2	54.8026	2
970.54410	486.27930	2	56.2036	2
970.58020	486.29735	2	45.0900	2
970.58085	486.29770	2	70.8186	2
970.58150	486.29800	2	33.4685	1
971.50360	486.75905	2	31.7264	2
971.52850	486.77150	2	59.0166	2
971.52880	486.77165	2	36.1076	2
971.52905	486.77180	2	48.6626	2
971.55395	486.78425	2	57.8769	2
971.56520	486.78985	2	33.8512	2
972.43940	487.22700	2	31.0548	2
972.46605	487.24030	2	33.5576	2
972.53920	487.27690	2	70.0331	1
973.50795	487.76125	2	42.1023	2
973.54290	487.77875	2	34.0653	2
974.50245	488.25850	2	38.1619	2
974.51915	488.26685	2	59.1934	2
975.50245	488.75850	2	52.5838	2
975.53845	488.77650	2	65.0667	2
976.50860	489.26155	2	47.9075	2
976.52330	489.26890	2	60.6552	1
976.54595	489.28030	2	41.0859	2
977.44530	489.72990	2	47.0416	2
977.48160	489.74810	2	60.9076	1
977.48165	489.74810	2	45.5723	2
977.49215	489.75335	2	51.9924	2
978.46505	490.23985	2	45.8534	2
978.47820	490.24635	2	41.6825	2
978.50140	490.25800	2	58.3473	2
978.50225	490.25845	2	60.3774	2
979.44950	490.73205	2	66.5906	2
979.46100	490.73775	2	38.7409	2
979.49745	490.75600	2	52.6290	2
979.50170	490.75810	2	27.1201	1
979.56960	490.79210	2	56.3736	1
979.57010	490.79235	2	40.3270	2
980.45755	491.23605	2	37.0892	2
980.49595	491.25525	2	52.4093	2
981.52410	491.76930	2	30.0621	2
981.59760	491.80610	2	41.3086	2
982.45975	492.23715	2	33.8159	2
982.47495	492.24475	2	42.0728	2
982.51925	492.26690	2	38.2788	2
983.47470	492.74460	2	48.4562	2
983.50505	492.75980	2	42.4126	2
983.57585	492.79520	2	64.4420	2
983.58400	492.79930	2	71.7923	2
983.58820	492.80140	2	44.3443	2
983.60040	492.80745	2	58.3177	2
984.49335	493.25395	2	51.9302	2
984.56480	493.28970	2	28.7995	1
984.63350	493.32400	2	50.2054	2
985.37510	493.69485	2	34.0959	2
985.53845	493.77650	2	46.2601	2
985.55170	493.78315	2	43.3263	2
986.49005	494.25230	2	67.8082	2
987.49985	494.75720	2	31.4875	2
987.50320	494.75890	2	56.3787	1
987.52490	494.76975	2	44.8406	2
987.53525	494.77490	2	49.5752	2
988.48305	495.24880	2	38.2916	2
988.54355	495.27905	2	47.3255	2
988.55230	495.28345	2	53.1411	2
988.57440	495.29450	2	72.2206	2
988.58060	495.29760	2	50.8161	2
989.49660	495.75560	2	36.4097	3
989.51685	495.76570	2	42.7904	4
989.52970	495.77210	2	53.6076	1
989.55475	495.78465	2	58.9910	2
989.55520	495.78490	2	48.3487	2
990.45825	496.23640	2	37.1721	2
990.47395	496.24430	2	45.9892	2
990.54995	496.28225	2	73.2940	2
991.50910	496.76180	2	60.8161	1
991.50920	496.76190	2	60.8499	1
991.50940	496.76200	2	67.6126	1
991.54540	496.78000	2	69.5254	2
991.56985	496.79220	2	61.5657	2
992.48535	497.24995	2	56.7380	2
992.53330	497.27390	2	81.3248	2
992.60155	497.30805	2	71.0139	2
993.44085	497.72770	2	42.8149	2
993.44380	497.72920	2	29.8654	2
993.45175	497.73315	2	40.3706	2
993.49200	497.75330	2	63.8281	2
993.51225	497.76345	2	53.4296	2
993.54680	497.78070	2	64.7727	2
994.43930	498.22690	2	36.7623	2
994.49730	498.25590	2	49.0887	2
994.50760	498.26110	2	47.5829	2
994.50840	498.26150	2	32.1995	1
994.51585	498.26520	2	73.3759	2
994.54580	498.28020	2	35.0084	1
994.60630	498.31040	2	74.3207	2
994.65330	498.33395	2	46.2912	2
996.49545	499.25500	2	38.1923	2
996.53030	499.27240	2	48.2295	1
996.53210	499.27335	2	68.7483	2
996.57195	499.29325	2	45.3645	2
997.46880	499.74170	2	60.6223	1
997.58070	499.79760	2	39.2259	2
998.50015	500.25740	2	58.1087	2
999.48185	500.74820	2	31.9053	2
999.51840	500.76650	2	35.8185	1
999.53430	500.77445	2	42.5744	2
999.53525	500.77490	2	30.1026	2
999.57105	500.79280	2	32.5904	2
1000.49350	501.25405	2	36.0809	2
1000.55240	501.28350	2	58.9854	2
1000.59185	501.30320	2	62.7487	2
1001.51440	501.76445	2	44.1422	2
1001.55445	501.78450	2	67.6727	2
1001.56060	501.78760	2	33.9315	1
1001.58670	501.80065	2	47.8129	2
1001.59180	501.80320	2	69.9467	1
1002.47135	502.24295	2	34.4590	2
1002.48330	502.24890	2	39.0096	2
1002.48685	502.25070	2	41.6440	2
1002.52710	502.27085	2	37.7038	2
1002.54690	502.28070	2	33.4165	2
1002.56010	502.28730	2	36.6165	2
1003.51200	502.76330	2	49.4238	1
1003.51870	502.76660	2	44.4887	2
1003.52285	502.76870	2	35.5185	2
1003.57035	502.79245	2	78.0822	2
1004.44680	503.23070	2	35.0632	1
1004.52960	503.27210	2	57.5185	1
1004.54060	503.27755	2	48.0970	2
1004.56565	503.29010	2	43.2671	2
1005.46910	503.74180	2	49.1284	1
1005.48200	503.74825	2	38.1448	2
1005.49115	503.75285	2	30.4246	2
1005.53180	503.77315	2	68.9754	2
1005.53540	503.77495	2	36.0229	2
1006.45375	504.23415	2	32.5255	2
1006.47105	504.24280	2	41.8395	2
1006.50005	504.25730	2	54.3686	2
1007.45650	504.73550	2	38.7846	2
1007.46795	504.74125	2	41.2227	2
1007.47545	504.74500	2	51.6123	2
1007.50300	504.75875	2	43.8672	2
1007.52250	504.76850	2	65.3021	1
1007.52920	504.77185	2	43.6072	2
1007.54035	504.77745	2	56.2917	2
1007.54460	504.77960	2	68.6410	2
1007.67475	504.84465	2	73.1388	2
1008.47720	505.24590	2	50.6223	2
1008.51565	505.26510	2	51.4915	2
1009.44815	505.73135	2	42.3797	2
1009.51965	505.76710	2	36.3756	2
1009.54835	505.78145	2	88.0846	2
1010.45345	506.23405	2	38.9459	2
1010.51220	506.26340	2	63.7970	1
1010.57565	506.29510	2	68.8888	2
1011.52420	506.76940	2	36.9028	2
1011.53515	506.77485	2	45.3906	2
1011.57200	506.79330	2	52.7608	2
1011.60790	506.81125	2	67.9706	2
1012.48760	507.25110	2	59.4809	1
1012.57035	507.29245	2	69.4006	2
1012.57120	507.29290	2	58.8209	2
1012.58170	507.29810	2	60.9906	2
1012.60330	507.30890	2	39.1567	2
1012.63950	507.32705	2	49.4231	2
1013.46450	507.73950	2	72.4471	1
1013.53965	507.77710	2	44.0081	2
1013.55500	507.78475	2	65.7202	2
1013.56215	507.78835	2	37.9325	2
1013.62350	507.81900	2	67.1932	2
1014.50990	508.26220	2	31.3140	1
1014.57040	508.29245	2	37.7887	2
1014.57165	508.29310	2	46.2457	2
1015.49230	508.75340	2	39.9093	2
1015.53520	508.77490	2	39.6281	4
1015.58590	508.80020	2	71.4408	2
1015.59080	508.80270	2	66.0492	3
1016.45965	509.23710	2	37.1983	2
1016.51760	509.26610	2	47.9589	1
1016.53310	509.27380	2	48.6045	2
1016.54770	509.28115	2	49.3686	2
1017.47215	509.74335	2	41.7608	2
1017.51650	509.76555	2	77.4857	2
1017.53450	509.77455	2	39.1218	2
1017.57160	509.79310	2	40.9559	2
1017.60830	509.81140	2	65.9411	1
1018.54465	510.27960	2	40.2752	2
1019.42015	510.71735	2	43.6582	2
1019.50345	510.75900	2	43.1202	2
1019.54000	510.77730	2	54.3876	2
1019.54020	510.77735	2	35.4183	2
1019.54670	510.78060	2	67.2666	2
1019.55195	510.78325	2	47.5878	2
1020.43890	511.22670	2	29.5899	2
1020.52360	511.26910	2	49.5533	1
1020.52375	511.26915	2	64.4293	2
1020.53435	511.27445	2	55.0698	2
1021.43835	511.72645	2	38.1147	2
1021.44990	511.73220	2	34.5745	2
1021.49310	511.75380	2	30.7229	2
1021.51195	511.76325	2	43.7136	2
1021.54535	511.78000	2	60.8482	2
1021.60365	511.80910	2	52.4392	2
1022.50435	512.25945	2	53.4806	2
1022.51125	512.26290	2	77.5375	2
1023.60760	512.81105	2	68.5084	2
1024.37455	513.19455	2	42.2702	2
1024.60390	513.30920	2	52.7821	2
1025.45360	513.73410	2	38.6849	1
1025.50365	513.75910	2	40.9623	2
1025.55110	513.78280	2	35.6040	1
1025.60270	513.80860	2	49.1720	2
1026.44480	514.22965	2	42.5397	2
1027.56620	514.79040	2	33.6821	1
1027.56630	514.79040	2	36.5504	2
1027.58190	514.79825	2	74.9103	2
1027.59115	514.80285	2	59.1090	2
1027.60365	514.80910	2	69.1873	2
1028.55090	515.28270	2	46.3634	2
1029.47685	515.74570	2	56.9439	2
1029.53905	515.77680	2	52.4698	2
1029.54300	515.77875	2	37.6100	2
1029.55710	515.78585	2	30.5584	2
1029.58220	515.79835	2	36.9563	2
1030.52935	516.27195	2	35.7061	2
1030.59150	516.30305	2	79.2518	2
1030.60650	516.31055	2	75.9532	2
1031.46335	516.73895	2	64.3700	2
1031.48890	516.75170	2	52.7628	1
1031.50345	516.75900	2	41.7357	2
1031.50715	516.76085	2	49.2335	2
1031.54575	516.78015	2	51.7788	2
1031.58620	516.80040	2	62.3230	1
1031.58705	516.80080	2	57.0848	2
1032.49855	517.25655	2	42.0776	2
1032.53460	517.27455	2	48.8582	2
1032.59685	517.30570	2	73.9208	2
1033.56625	517.79040	2	43.1159	2
1033.58160	517.79805	2	82.4674	2
1033.61755	517.81605	2	70.0112	2
1034.52105	518.26780	2	65.0189	2
1034.55910	518.28680	2	80.8542	1
1034.56570	518.29010	2	62.3940	1
1035.48780	518.75115	2	61.3061	2
1035.56110	518.78780	2	60.6949	2
1036.51840	519.26650	2	41.6201	2
1036.53395	519.27425	2	71.7204	2
1036.53760	519.27610	2	67.9665	2
1036.55545	519.28500	2	63.5217	2
1037.50660	519.76055	2	34.2131	2
1037.52655	519.77055	2	37.5750	2
1037.64810	519.83135	2	71.3159	2
1038.48055	520.24755	2	47.1063	2
1038.54670	520.28065	2	35.1586	2
1039.46470	520.73965	2	47.7326	2
1039.49690	520.75570	2	52.5202	2
1039.56585	520.79020	2	46.6896	2
1040.46900	521.24180	2	41.2517	2
1040.49280	521.25365	2	31.5534	2
1040.49595	521.25525	2	41.9602	2
1040.55035	521.28245	2	54.2562	2
1040.56875	521.29165	2	50.0214	2
1040.58600	521.30030	2	50.8339	1
1040.59810	521.30630	2	57.0694	2
1040.62240	521.31850	2	74.1270	2
1040.65925	521.33690	2	60.0683	2
1041.44015	521.72735	2	45.3869	2
1041.45485	521.73470	2	35.9246	2
1041.53335	521.77395	2	50.2008	2
1041.58210	521.79835	2	52.1527	2
1042.51530	522.26490	2	64.6451	2
1042.52965	522.27210	2	37.6987	2
1042.55595	522.28525	2	53.6173	2
1042.57740	522.29600	2	41.0949	1
1043.54355	522.77905	2	48.5942	2
1043.55005	522.78230	2	79.1176	2
1043.56255	522.78855	2	36.7843	2
1043.56320	522.78885	2	33.8762	2
1043.60355	522.80905	2	63.7047	2
1044.52005	523.26730	2	44.8733	2
1044.53905	523.27680	2	66.2701	2
1044.55570	523.28510	2	43.5368	2
1044.56045	523.28750	2	58.4953	2
1045.51185	523.76320	2	57.2903	2
1045.52770	523.77110	2	37.3539	1
1045.53300	523.77380	2	46.6680	1
1045.53960	523.77710	2	44.6316	1
1045.53965	523.77710	2	33.6872	2
1045.54055	523.77755	2	31.4242	2
1045.55845	523.78650	2	63.4309	2
1045.60260	523.80855	2	60.6834	2
1046.52545	524.27000	2	35.8623	2
1046.59695	524.30575	2	49.3736	2
1047.50890	524.76170	2	41.9248	1
1047.52735	524.77095	2	60.0925	2
1048.47845	525.24650	2	35.4590	2
1048.55490	525.28470	2	32.1420	1
1049.52495	525.76975	2	50.8136	2
1049.53240	525.77350	2	40.2281	2
1049.56100	525.78775	2	37.7013	2
1050.50890	526.26170	2	46.0474	1
1050.53420	526.27440	2	48.0603	1
1050.53440	526.27450	2	48.0377	1
1050.55695	526.28575	2	31.7050	2
1050.57085	526.29270	2	62.3108	2
1050.59625	526.30540	2	68.6884	2
1051.49365	526.75410	2	37.1428	2
1052.46355	527.23905	2	57.8075	2
1053.61800	527.81625	2	56.1147	2
1054.49755	528.25605	2	68.9197	2
1054.53390	528.27425	2	75.1480	2
1054.54055	528.27755	2	32.2513	2
1054.60140	528.30800	2	51.9185	1
1054.60245	528.30850	2	57.1720	2
1055.42230	528.71845	2	47.2163	2
1055.49205	528.75330	2	44.6368	2
1055.58620	528.80040	2	67.9518	2
1055.58625	528.80040	2	63.9464	2
1056.53185	529.27320	2	77.2174	2
1056.58105	529.29780	2	55.0897	2
1056.59300	529.30380	2	52.8796	2
1057.55190	529.78325	2	40.8838	2
1057.57645	529.79550	2	36.1364	2
1057.57825	529.79640	2	44.4184	2
1057.63875	529.82665	2	78.0181	2
1058.49175	530.25315	2	50.4790	2
1058.54435	530.27945	2	78.6863	2
1058.55805	530.28630	2	72.2996	2
1058.57210	530.29330	2	46.7594	2
1058.59600	530.30530	2	39.8703	2
1059.50855	530.76155	2	43.4823	2
1059.60040	530.80745	2	56.9870	2
1060.47655	531.24555	2	33.8737	2
1060.52375	531.26915	2	74.5916	2
1060.61765	531.31610	2	83.3367	2
1061.55075	531.78265	2	44.6644	2
1061.57645	531.79550	2	74.9644	2
1062.52390	532.26920	2	78.0232	2
1062.53480	532.27465	2	56.5607	2
1062.57080	532.29270	2	60.4330	2
1062.58280	532.29865	2	56.3016	2
1063.52930	532.77190	2	43.8911	2
1063.54095	532.77775	2	46.0554	2
1063.55470	532.78460	2	59.9494	1
1063.55470	532.78460	2	59.9775	1
1064.56110	533.28780	2	31.1222	2
1064.63490	533.32475	2	54.4668	2
1065.44775	533.73115	2	46.3558	2
1065.50920	533.76190	2	39.0975	2
1065.55220	533.78340	2	78.3718	1
1065.55370	533.78415	2	61.4228	2
1066.45670	534.23560	2	53.7669	2
1066.46695	534.24075	2	32.2269	2
1066.50445	534.25950	2	30.6767	2
1066.50820	534.26135	2	33.1683	2
1066.51755	534.26605	2	56.4204	2
1067.51350	534.76405	2	45.2989	2
1067.53645	534.77550	2	39.2239	2
1067.57135	534.79295	2	52.5316	2
1068.55045	535.28250	2	36.8510	2
1068.56070	535.28760	2	63.8679	2
1068.58100	535.29775	2	60.2105	2
1068.59225	535.30340	2	57.0339	2
1068.65340	535.33400	2	45.0969	2
1070.60750	536.31100	2	74.3947	1
1070.60800	536.31130	2	44.5091	1
1070.62020	536.31740	2	40.7332	1
1070.63395	536.32425	2	69.1144	2
1071.41560	536.71510	2	39.7204	1
1071.56440	536.78950	2	48.7311	2
1072.08495	537.04975	2	53.6486	4
1072.53165	537.27310	2	47.3596	2
1072.57400	537.29425	2	73.5570	2
1072.59515	537.30485	2	38.8995	2
1072.61340	537.31400	2	40.9314	2
1073.49930	537.75690	2	44.5431	2
1073.51785	537.76620	2	54.1891	2
1073.52435	537.76945	2	34.1520	2
1073.58615	537.80035	2	43.6659	2
1073.59085	537.80270	2	59.1042	2
1073.60920	537.81185	2	86.4486	2
1073.65860	537.83660	2	63.2939	2
1074.54620	538.28040	2	43.0886	2
1074.54975	538.28215	2	53.2480	2
1074.57055	538.29255	2	59.7480	2
1075.47720	538.74590	2	33.6330	2
1075.53365	538.77410	2	65.7820	2
1075.59135	538.80295	2	70.5225	2
1075.61255	538.81355	2	57.6281	2
1075.62785	538.82120	2	67.4706	2
1076.51345	539.26400	2	48.9714	2
1076.55900	539.28680	2	37.6635	1
1076.56030	539.28740	2	54.0047	2
1076.57130	539.29295	2	42.5156	2
1077.57015	539.79235	2	64.3412	2
1077.60435	539.80945	2	38.9560	2
1078.50380	540.25920	2	40.6311	2
1081.62420	541.81935	2	59.8101	2
1082.53270	542.27360	2	54.6150	2
1082.55480	542.28470	2	82.0354	2
1082.64515	542.32985	2	54.9518	2
1084.48720	543.25085	2	38.2287	2
1084.52020	543.26740	2	73.7144	2
1084.57020	543.29235	2	93.7468	2
1084.57020	543.29240	2	45.0216	3
1084.57150	543.29300	2	88.8280	2
1084.63860	543.32655	2	78.6065	2
1084.66055	543.33755	2	55.4576	2
1085.60800	543.81130	2	51.1216	2
1085.61245	543.81350	2	43.2069	2
1085.64440	543.82950	2	67.1363	2
1086.06415	544.03935	2	49.9714	4
1086.55560	544.28505	2	47.3545	2
1086.56720	544.29085	2	33.2518	2
1087.55205	544.78330	2	50.6577	2
1087.56155	544.78805	2	41.8460	2
1087.58770	544.80115	2	41.1286	2
1087.59770	544.80610	2	30.1203	1
1087.61210	544.81335	2	70.0952	2
1088.45445	545.23450	2	36.4663	2
1088.50240	545.25850	2	31.0821	1
1088.55425	545.28440	2	70.7444	2
1088.56030	545.28740	2	61.2996	1
1088.57250	545.29350	2	32.2217	2
1088.60795	545.31125	2	34.9548	2
1089.53200	545.77325	2	41.3247	2
1089.55760	545.78605	2	33.7517	2
1089.60265	545.80860	2	44.1501	2
1090.46810	546.24130	2	37.2602	2
1090.60305	546.30880	2	58.7922	2
1092.53965	547.27710	2	54.8331	2
1092.58190	547.29820	2	53.5473	2
1093.54075	547.77765	2	57.6676	2
1094.08115	548.04785	2	35.8286	4
1094.55115	548.28285	2	67.7749	2
1094.55440	548.28445	2	77.3921	2
1094.56580	548.29020	2	47.3026	2
1094.59680	548.30570	2	57.3100	1
1095.46455	548.73955	2	52.4997	2
1095.56350	548.78900	2	69.1347	1
1095.56840	548.79150	2	30.7830	2
1096.51935	549.26695	2	47.8445	2
1096.56250	549.28850	2	41.5325	2
1097.60850	549.81150	2	56.1703	2
1098.53590	550.27525	2	44.3948	2
1098.58290	550.29875	2	49.6282	2
1099.49365	550.75410	2	59.8899	2
1100.46020	551.23740	2	65.9570	2
1100.55760	551.28610	2	33.0473	2
1100.56205	551.28830	2	36.6410	2
1100.57190	551.29320	2	70.9052	2
1100.62660	551.32060	2	94.1095	1
1101.52400	551.76925	2	55.2725	2
1101.55550	551.78500	2	70.1501	2
1101.60695	551.81075	2	37.2548	2
1101.65070	551.83265	2	52.5746	2
1102.50815	552.26135	2	65.5959	2
1102.56355	552.28905	2	33.8536	2
1102.57750	552.29600	2	63.9255	2
1102.58580	552.30020	2	35.5759	2
1103.56095	552.78775	2	38.8599	2
1103.58310	552.79880	2	49.9913	2
1104.45340	553.23400	2	30.3103	1
1104.47610	553.24530	2	34.3133	4
1104.50865	553.26160	2	52.3264	2
1104.51915	553.26685	2	44.0965	2
1104.53315	553.27385	2	43.7235	2
1104.54700	553.28075	2	43.4192	2
1104.54725	553.28090	2	45.9330	2
1104.56365	553.28910	2	47.9074	2
1104.56650	553.29055	2	32.9239	2
1104.59325	553.30390	2	59.5753	2
1104.62585	553.32020	2	87.2214	2
1104.69150	553.35300	2	88.4003	1
1105.57595	553.79525	2	64.4863	2
1106.53900	554.27675	2	47.0121	2
1106.58645	554.30050	2	82.5034	2
1106.60895	554.31175	2	81.8814	2
1107.53785	554.77620	2	60.9058	2
1107.54400	554.77925	2	53.8566	2
1107.54840	554.78150	2	65.3861	2
1107.55910	554.78680	2	36.6035	2
1107.57400	554.79430	2	66.8090	3
1107.57640	554.79550	2	94.5664	1
1107.59240	554.80350	2	43.9231	2
1108.51310	555.26385	2	31.1937	2
1108.57100	555.29280	2	47.8142	1
1108.57165	555.29310	2	77.8841	2
1108.91970	555.46715	2	36.6492	4
1109.50280	555.75870	2	74.8327	2
1109.53375	555.77415	2	78.4113	2
1109.53930	555.77690	2	46.5659	2
1109.54940	555.78200	2	89.7306	2
1109.57005	555.79230	2	32.3681	2
1109.58675	555.80065	2	58.0360	2
1109.61150	555.81300	2	70.8013	2
1109.68105	555.84780	2	78.3029	2
1110.52015	556.26735	2	59.8975	2
1110.59090	556.30275	2	82.7428	2
1110.66530	556.33995	2	73.9506	2
1111.44290	556.72870	2	31.9267	1
1111.57410	556.79430	2	33.4633	1
1114.55610	558.28535	2	77.7608	2
1114.56680	558.29070	2	64.0382	2
1114.62320	558.31890	2	61.6565	2
1114.63480	558.32470	2	52.4801	2
1115.05365	558.53410	2	45.7090	4
1115.51355	558.76405	2	46.5346	2
1115.55710	558.78585	2	34.2182	2
1115.57920	558.79685	2	41.2676	2
1115.58335	558.79895	2	53.2943	2
1115.60100	558.80775	2	55.5761	2
1116.56570	559.29010	2	53.7968	2
1116.58240	559.29850	2	72.1406	2
1116.60160	559.30810	2	31.0464	1
1116.61295	559.31375	2	34.4793	2
1117.52740	559.77095	2	38.5800	2
1117.54340	559.77900	2	41.7305	2
1117.56215	559.78835	2	50.3265	2
1117.60595	559.81025	2	70.4822	2
1118.01690	560.01570	2	45.6613	4
1118.48510	560.24985	2	32.2640	2
1118.54835	560.28145	2	75.7443	2
1118.60755	560.31105	2	69.0294	2
1118.63390	560.32420	2	56.6244	2
1119.54185	560.77820	2	68.7695	2
1119.58170	560.79810	2	86.0694	2
1119.59535	560.80495	2	66.9215	2
1119.66925	560.84190	2	82.2598	2
1120.05950	561.03700	2	57.1136	4
1120.57600	561.29525	2	59.9556	2
1121.53735	561.77595	2	68.2019	2
1121.54730	561.78095	2	42.4074	2
1121.61065	561.81260	2	46.9036	2
1122.51190	562.26325	2	59.2027	2
1123.47860	562.74660	2	45.5746	2
1123.56975	562.79215	2	56.9794	2
1123.58115	562.79785	2	53.2684	2
1124.59010	563.30235	2	61.5657	2
1124.61975	563.31715	2	68.8635	2
1124.63090	563.32270	2	37.0270	6
1124.68030	563.34745	2	80.0396	2
1125.51440	563.76450	2	34.3285	1
1125.53840	563.77650	2	48.2685	2
1125.57080	563.79270	2	42.4588	2
1125.63930	563.82690	2	60.5401	2
1126.49680	564.25570	2	53.9001	1
1126.61750	564.31605	2	83.1900	2
1126.66035	564.33745	2	76.8152	2
1127.47465	564.74460	2	68.5474	2
1127.56420	564.78940	2	41.8905	1
1127.61235	564.81345	2	61.6487	2
1127.65420	564.83435	2	52.0235	2
1128.56570	565.29015	2	41.2439	2
1128.57810	565.29635	2	42.0527	2
1128.58970	565.30210	2	31.4438	1
1128.63875	565.32665	2	59.3437	2
1129.57940	565.79695	2	55.2396	2
1129.63380	565.82420	2	34.3936	2
1129.63415	565.82435	2	39.1567	2
1129.67110	565.84285	2	69.6268	2
1130.55780	566.28620	2	46.7054	2
1131.57765	566.79610	2	33.6951	2
1131.62870	566.82160	2	70.0373	2
1131.65325	566.83390	2	81.4095	2
1132.53530	567.27495	2	31.8248	2
1132.55570	567.28515	2	56.4747	2
1132.58930	567.30190	2	61.4532	2
1133.55435	567.78445	2	68.7149	2
1133.57140	567.79300	2	55.5723	2
1133.57180	567.79315	2	71.9128	2
1133.57490	567.79470	2	65.7435	2
1133.60865	567.81160	2	61.8932	2
1133.64600	567.83030	2	67.6073	1
1134.53325	568.27390	2	43.2118	2
1134.57890	568.29675	2	45.6699	2
1134.59155	568.30305	2	47.1824	2
1135.59810	568.80630	2	46.6462	2
1136.53595	569.27525	2	52.7744	2
1136.57080	569.29265	2	57.3504	2
1136.57185	569.29320	2	60.4610	2
1137.56480	569.78970	2	82.2875	2
1137.57830	569.79645	2	54.7748	2
1138.56600	570.29025	2	61.8832	2
1138.58750	570.30100	2	33.9750	2
1139.54540	570.77995	2	53.9713	2
1139.56200	570.78825	2	66.1165	2
1139.62950	570.82205	2	38.8891	2
1139.65525	570.83490	2	61.1687	2
1140.52360	571.26910	2	32.6462	2
1141.53960	571.77710	2	60.9576	3
1141.55700	571.78580	2	71.4876	1
1141.56870	571.79165	2	62.1955	2
1141.59760	571.80610	2	31.7367	2
1141.61000	571.81230	2	59.0440	2
1142.48845	572.25150	2	44.5532	2
1142.55625	572.28540	2	90.0294	2
1142.55775	572.28615	2	51.0978	2
1142.61675	572.31565	2	54.3124	2
1142.63315	572.32385	2	33.2629	2
1143.50710	572.76085	2	55.3281	2
1143.57165	572.79310	2	65.0777	2
1143.58840	572.80145	2	33.8111	2
1143.69000	572.85225	2	86.4433	2
1144.58765	573.30110	2	49.0035	2
1144.59580	573.30520	2	59.7246	2
1144.60940	573.31195	2	37.4050	2
1144.63650	573.32555	2	56.8239	2
1145.08400	573.54925	2	57.0357	4
1145.57630	573.79545	2	46.4506	2
1145.66970	573.84210	2	70.2644	1
1146.57695	574.29575	2	44.9362	2
1146.58525	574.29990	2	72.2360	2
1146.61315	574.31385	2	52.2763	2
1147.55050	574.78250	2	61.7605	1
1147.55435	574.78445	2	48.2979	2
1147.55520	574.78485	2	42.7891	2
1147.57930	574.79690	2	64.6399	2
1147.58855	574.80155	2	54.2535	2
1147.63920	574.82690	2	87.4969	2
1148.54770	575.28110	2	52.5264	2
1148.56955	575.29205	2	79.7627	2
1148.60805	575.31130	2	62.1054	2
1149.56630	575.79040	2	57.2854	2
1149.56720	575.79085	2	67.5617	2
1150.05860	576.03655	2	58.5734	4
1150.58690	576.30070	2	54.8332	2
1150.58910	576.30180	2	47.6793	2
1151.49225	576.75340	2	51.5619	2
1151.65250	576.83355	2	68.4305	2
1151.72785	576.87120	2	75.5686	2
1152.52880	577.27165	2	30.1002	2
1152.53035	577.27245	2	53.3073	2
1152.54235	577.27845	2	91.3943	2
1152.54885	577.28170	2	60.3493	2
1152.55300	577.28375	2	36.3155	2
1152.56600	577.29025	2	43.3545	2
1152.58645	577.30050	2	57.9630	2
1153.51910	577.76685	2	66.4981	2
1154.61905	578.31680	2	59.0440	2
1154.63075	578.32265	2	44.3579	2
1155.56395	578.78925	2	34.2486	2
1155.58185	578.79820	2	87.9810	2
1155.61570	578.81510	2	50.8990	1
1155.62635	578.82045	2	51.7019	2
1155.64995	578.83225	2	48.6359	2
1156.51750	579.26600	2	55.4167	1
1156.51840	579.26650	2	28.4702	1
1156.51925	579.26690	2	44.2698	2
1156.59230	579.30345	2	84.9903	2
1156.60260	579.30855	2	66.5543	2
1156.68950	579.35200	2	82.2177	1
1157.57585	579.79520	2	75.2764	2
1157.59275	579.80365	2	58.2800	2
1157.59435	579.80445	2	52.0956	2
1157.63565	579.82510	2	52.9495	2
1158.60020	580.30735	2	41.6847	2
1158.62460	580.31960	2	47.2770	2
1159.57260	580.79355	2	64.1812	2
1159.57350	580.79400	2	33.6976	2
1159.58260	580.79855	2	45.0725	2
1159.59485	580.80470	2	40.7027	2
1159.61970	580.81710	2	39.5897	2
1159.63990	580.82720	2	79.9539	2
1160.56570	581.29010	2	36.8880	3
1160.58605	581.30030	2	66.7065	2
1160.58705	581.30080	2	49.2614	2
1160.59250	581.30355	2	73.0087	2
1160.59745	581.30600	2	54.0345	2
1160.60760	581.31105	2	61.4785	2
1160.61545	581.31500	2	36.0128	2
1161.52580	581.77020	2	34.6643	1
1161.59920	581.80685	2	53.3996	2
1161.59945	581.80700	2	45.3997	2
1161.60760	581.81105	2	72.8427	2
1161.61395	581.81425	2	53.0885	2
1161.66055	581.83755	2	95.9409	4
1162.59960	582.30710	2	71.6760	3
1163.57620	582.79540	2	65.5331	2
1163.60865	582.81160	2	67.2571	2
1164.57110	583.29285	2	31.6248	2
1164.60355	583.30905	2	54.7703	2
1164.72365	583.36910	2	70.3910	2
1165.46060	583.73760	2	34.6589	2
1165.57760	583.79610	2	72.5199	2
1165.63410	583.82430	2	64.3778	2
1166.54270	584.27860	2	46.4137	2
1167.59300	584.80380	2	76.0193	1
1167.61735	584.81595	2	84.6546	2
1168.64550	585.33005	2	49.0809	2
1168.68010	585.34735	2	69.6860	2
1168.68260	585.34855	2	58.3764	2
1168.74325	585.37890	2	79.3350	2
1169.57125	585.79290	2	54.1559	2
1170.57675	586.29565	2	45.8058	2
1170.62525	586.31990	2	46.8931	2
1170.66060	586.33755	2	66.7091	2
1170.66060	586.33760	2	70.3866	2
1171.57640	586.79550	2	65.2223	2
1171.62105	586.81780	2	49.9317	2
1171.62440	586.81945	2	56.0576	2
1171.70105	586.85780	2	54.7266	2
1172.59680	587.30570	2	65.7308	2
1172.61535	587.31495	2	40.0393	2
1172.61955	587.31705	2	71.2593	2
1172.62380	587.31920	2	53.5911	1
1172.62960	587.32205	2	73.7410	2
1172.62960	587.32210	2	65.9746	2
1172.64000	587.32725	2	70.9171	2
1173.50200	587.75830	2	60.4291	1
1173.58925	587.80190	2	46.1880	2
1173.61245	587.81350	2	85.1269	2
1173.62450	587.81950	2	67.3936	1
1174.06630	588.04040	2	33.3218	4
1174.51055	588.26255	2	43.0030	2
1174.54740	588.28100	2	31.7881	1
1174.56100	588.28780	2	53.9436	2
1174.60750	588.31105	2	40.4210	2
1175.53720	588.77590	2	43.8403	2
1175.57335	588.79395	2	60.5195	2
1175.58730	588.80090	2	68.8210	1
1175.61900	588.81680	2	41.2242	3
1175.65630	588.83545	2	58.9660	2
1176.50570	589.26010	2	31.4490	1
1176.57350	589.29400	2	30.8134	1
1176.58195	589.29825	2	52.6584	2
1177.63490	589.82470	2	66.1357	2
1177.66110	589.83780	2	89.9880	1
1178.51760	590.26605	2	37.7311	2
1178.54600	590.28025	2	47.5253	2
1178.56680	590.29070	2	29.0349	1
1179.54570	590.78010	2	41.8131	1
1180.52280	591.26865	2	62.3130	2
1180.59810	591.30630	2	64.6073	2
1180.70625	591.36040	2	85.3853	2
1181.65105	591.83280	2	54.6625	2
1182.54160	592.27810	2	74.8193	2
1182.60425	592.30940	2	71.2588	2
1182.62725	592.32090	2	72.2789	2
1182.66540	592.33995	2	58.3672	2
1182.68020	592.34740	2	78.5305	1
1183.62020	592.81740	2	50.4635	1
1184.58580	593.30020	2	61.0601	2
1184.60615	593.31035	2	49.8426	2
1185.57415	593.79435	2	85.9776	2
1185.57845	593.79650	2	35.6980	2
1185.63975	593.82715	2	79.0614	2
1185.65160	593.83310	2	63.9730	1
1185.67260	593.84360	2	59.8621	1
1186.54365	594.27910	2	44.7645	2
1186.65710	594.33580	2	46.6153	2
1187.59005	594.80230	2	49.2095	2
1187.59540	594.80495	2	65.2578	2
1187.62295	594.81875	2	77.2361	2
1187.70250	594.85855	2	80.3494	2
1187.70260	594.85860	2	87.7216	2
1188.58020	595.29740	2	68.9948	1
1188.58990	595.30220	2	41.6750	2
1188.59940	595.30700	2	45.6446	2
1188.61645	595.31550	2	50.0783	2
1189.54105	595.77780	2	78.4870	2
1189.63765	595.82610	2	51.8433	2
1189.64510	595.82980	2	69.7487	2
1189.67090	595.84270	2	74.1377	2
1190.54580	596.28020	2	52.2929	1
1190.56090	596.28775	2	55.0056	2
1190.60070	596.30760	2	64.0609	2
1191.61300	596.81380	2	57.5602	1
1191.66530	596.83995	2	82.1282	2
1192.52820	597.27140	2	45.9838	2
1192.61585	597.31520	2	66.2987	2
1192.66260	597.33860	2	86.7312	2
1193.61565	597.81510	2	37.7992	2
1193.63305	597.82380	2	67.5616	2
1193.66935	597.84195	2	89.6643	2
1194.51090	598.26270	2	30.4324	2
1195.60945	598.81200	2	60.2611	2
1196.54990	599.28225	2	44.7001	2
1196.57280	599.29370	2	34.5796	2
1196.64990	599.33220	2	48.5092	2
1197.54655	599.78055	2	77.8125	2
1197.57120	599.79290	2	52.0395	2
1197.57480	400.19890	3	34.6390	2
1197.59200	599.80325	2	63.0280	2
1197.62480	599.81970	2	59.7016	2
1197.66520	599.83990	2	74.0990	1
1197.69760	599.85610	2	75.0355	2
1198.62010	400.54730	3	51.8266	1
1198.65590	400.55920	3	39.9275	2
1198.65645	600.33550	2	39.9907	2
1199.54685	600.78070	2	54.6016	2
1199.71355	600.86405	2	78.1754	2
1200.62015	401.21400	3	41.3880	2
1200.62350	601.31905	2	58.8747	2
1200.62490	601.31970	2	41.3349	2
1200.64595	601.33025	2	51.8436	2
1200.65120	601.33290	2	79.4254	2
1201.09095	601.55275	2	42.0976	4
1201.59875	601.80665	2	65.8083	2
1201.60865	601.81160	2	46.9861	2
1201.60965	401.54380	3	46.9269	2
1201.61950	601.81705	2	74.7042	2
1201.62985	401.55055	3	35.3394	2
1201.63055	601.82255	2	35.8261	2
1201.66800	601.84130	2	56.5813	1
1202.58845	602.30150	2	39.5391	2
1202.60415	401.87530	3	47.9604	2
1202.60510	602.30980	2	48.0231	2
1202.64155	401.88780	3	38.3788	2
1202.64350	602.32900	2	38.3787	2
1202.65080	602.33265	2	64.6704	2
1203.59790	602.80620	2	40.7705	2
1203.61660	602.81555	2	57.6578	2
1203.67225	602.84340	2	51.3468	2
1204.48180	603.24820	2	41.5402	2
1204.57930	603.29695	2	52.3862	2
1204.60120	603.30790	2	56.4911	1
1204.60905	603.31180	2	56.8590	2
1204.61225	603.31340	2	92.3724	2
1204.61315	603.31385	2	79.8585	2
1204.65670	402.55950	3	47.5496	2
1204.65740	603.33600	2	47.5567	2
1205.56440	402.86205	3	59.2907	2
1205.63010	603.82230	2	56.2555	2
1205.64080	603.82770	2	54.2128	2
1205.71230	402.91140	3	64.8652	2
1205.71305	603.86380	2	64.9274	2
1206.59615	604.30535	2	60.7754	2
1206.60705	604.31080	2	72.5848	2
1206.62570	604.32010	2	64.2028	1
1206.66630	604.34040	2	91.2928	1
1207.57125	604.79290	2	63.3639	2
1207.62090	604.81775	2	55.0422	2
1207.62490	604.81975	2	72.2713	2
1207.67415	604.84435	2	84.1241	2
1207.76580	604.89020	2	80.6588	2
1208.52600	605.27030	2	38.5392	1
1208.55800	605.28630	2	44.3554	1
1208.59450	605.30455	2	82.5986	2
1208.60345	605.30900	2	68.1127	2
1208.67480	605.34470	2	90.8219	2
1209.58875	605.80165	2	47.6172	2
1210.56130	606.28790	2	46.0792	1
1210.59855	606.30655	2	62.8869	2
1210.61240	404.54470	3	62.6147	1
1210.74035	606.37745	2	70.5436	2
1211.59765	606.80610	2	62.0195	2
1211.61920	606.81685	2	77.8788	2
1211.62615	404.88265	3	34.7606	2
1211.62630	606.82040	2	34.8054	1
1211.65025	606.83240	2	48.1390	2
1211.65110	404.89100	3	48.1015	2
1211.65655	606.83555	2	87.0563	2
1212.56655	405.19615	3	27.6405	2
1213.64620	405.55600	3	53.4934	2
1213.66650	607.84050	2	47.8206	2
1213.67100	405.56430	3	81.6817	1
1214.50005	608.25730	2	90.8587	2
1214.70275	608.35865	2	62.8060	2
1215.59885	608.80670	2	49.8963	2
1215.64640	608.83050	2	60.0635	2
1215.65105	608.83280	2	82.6265	2
1215.68190	608.84820	2	34.0831	2
1215.68205	406.23460	3	34.0600	2
1216.57555	609.29505	2	48.5368	2
1216.57580	609.29515	2	38.5983	2
1216.62230	609.31840	2	54.9789	2
1216.65760	609.33605	2	69.6214	2
1216.72635	609.37045	2	85.4527	2
1217.56350	609.78905	2	69.9189	2
1217.60815	609.81135	2	57.5083	2
1217.60915	609.81185	2	75.6675	2
1217.67670	406.89950	3	68.0512	2
1218.66460	610.33960	2	83.0035	2
1218.67660	610.34560	2	86.9112	1
1219.61220	610.81340	2	49.2375	3
1219.71755	610.86605	2	86.4222	2
1220.64020	611.32735	2	54.1562	2
1220.64050	611.32755	2	78.0551	2
1220.64170	611.32810	2	48.7998	3
1221.59775	611.80615	2	58.7324	2
1221.61065	611.81260	2	30.5833	2
1221.61085	408.21090	3	30.5202	2
1221.63645	611.82550	2	56.4446	2
1222.56935	408.53040	3	29.9857	2
1222.61325	612.31390	2	67.0805	2
1223.22080	612.61770	2	78.7884	4
1223.54225	612.77840	2	46.1159	2
1223.56590	408.86260	3	35.8547	1
1223.62610	612.82035	2	35.1946	2
1223.65055	408.89080	3	47.4393	2
1224.62375	613.31915	2	68.2198	2
1224.62785	409.21655	3	53.7872	2
1224.62845	613.32150	2	53.7346	2
1224.65780	613.33615	2	36.3154	2
1224.65825	409.22670	3	36.0507	2
1224.68430	613.34940	2	42.9040	2
1225.67210	613.84335	2	69.0038	2
1226.70140	614.35800	2	59.0644	1
1227.65765	614.83610	2	58.7008	2
1227.66150	614.83805	2	69.9742	2
1227.67165	614.84310	2	67.9370	2
1227.68190	614.84820	2	64.4350	2
1227.68240	410.23475	3	49.4302	2
1228.68600	615.35030	2	63.6087	1
1228.73935	615.37695	2	82.4083	2
1229.55750	615.78600	2	41.0140	2
1229.61130	615.81290	2	78.6520	1
1229.61985	615.81720	2	49.3392	2
1229.65010	615.83235	2	47.2452	2
1229.65050	410.89080	3	47.1533	2
1229.73845	410.92005	3	58.8524	2
1230.55910	411.19360	3	32.4350	1
1230.58355	616.29905	2	41.1842	2
1230.58750	411.20310	3	34.4948	2
1230.58825	616.30140	2	59.7813	2
1230.62195	616.31825	2	48.3904	2
1230.64025	616.32740	2	78.7842	2
1230.65690	616.33575	2	40.9621	2
1230.66150	616.33805	2	82.5644	2
1231.58680	616.80070	2	51.9524	1
1231.58705	616.80080	2	35.8001	2
1231.62485	616.81970	2	54.8901	2
1231.62610	616.82035	2	87.5351	2
1231.65675	616.83565	2	60.4076	2
1231.65940	616.83700	2	56.8926	2
1231.69275	411.57155	3	57.8690	2
1232.60735	617.31095	2	45.6499	2
1233.60380	412.20850	3	79.9100	1
1233.61000	617.81230	2	50.0737	1
1233.62100	617.81780	2	43.4444	2
1233.66150	617.83805	2	57.1193	2
1234.56890	412.53020	3	40.0443	2
1234.59825	618.30640	2	34.7659	2
1234.65445	618.33450	2	64.0097	2
1235.60700	412.87625	3	39.3031	2
1235.60700	618.81080	2	39.3109	2
1235.64830	618.83140	2	48.7151	1
1235.65155	412.89110	3	48.6306	2
1235.66895	618.84175	2	58.0756	2
1235.66905	412.89695	3	57.9857	2
1236.56240	619.28845	2	47.8758	2
1237.63465	413.55215	3	37.2034	2
1237.63485	619.82470	2	37.3095	2
1237.64660	619.83055	2	63.8887	2
1237.74030	619.87745	2	67.5825	2
1238.60870	620.31160	2	54.7549	2
1239.59230	620.80345	2	58.5343	2
1239.59600	414.20590	3	35.1323	2
1239.68405	620.84930	2	75.1807	2
1239.71885	620.86670	2	73.9775	2
1239.71965	620.86710	2	70.7526	2
1240.16095	621.08775	2	48.2371	4
1240.58800	414.53660	3	35.6431	2
1240.70205	621.35830	2	90.6406	2
1241.59315	621.80385	2	70.9953	2
1241.66410	621.83935	2	61.8317	2
1241.67290	414.89820	3	42.7777	1
1241.67680	414.89950	3	61.7037	1
1241.69800	621.85630	2	78.1375	1
1241.71500	621.86480	2	87.6258	1
1241.77500	621.89480	2	77.3224	1
1241.77520	414.93235	3	77.2467	2
1242.63620	415.21930	3	43.5479	1
1242.63755	622.32605	2	43.5734	2
1242.70280	622.35870	2	94.9987	2
1244.54220	623.27840	2	52.1008	2
1244.56775	623.29115	2	46.0262	2
1244.61020	415.87735	3	33.2934	2
1244.63325	623.32390	2	66.0050	2
1244.67230	415.89805	3	36.0705	2
1245.62075	623.81765	2	46.8717	2
1245.62140	416.21440	3	46.8066	2
1245.65005	623.83230	2	81.5786	2
1245.65955	623.83705	2	42.6709	2
1245.67170	416.23115	3	54.4272	2
1245.67460	623.84455	2	41.7886	2
1246.61295	416.54490	3	54.0979	2
1246.61385	624.31420	2	54.1939	2
1246.64955	416.55710	3	66.7986	2
1246.69305	624.35380	2	72.1488	2
1247.57620	416.86600	3	28.9871	1
1248.61975	625.31715	2	87.7356	2
1248.67175	625.34315	2	60.6609	2
1248.67320	625.34390	2	62.8878	1
1249.63065	625.82260	2	57.0052	2
1249.65280	625.83365	2	63.6446	2
1249.65640	625.83545	2	82.6494	2
1250.72780	626.37120	2	87.3981	2
1251.66175	626.83815	2	74.5570	2
1251.66550	418.22910	3	49.3379	1
1252.73945	627.37700	2	78.8481	2
1252.75010	418.59060	3	65.5622	1
1252.77755	627.39605	2	91.0139	2
1253.55940	627.78700	2	66.0050	2
1253.62990	418.88390	3	31.6568	2
1253.63180	627.82320	2	31.7143	1
1254.58875	628.30165	2	68.0337	2
1254.60045	628.30750	2	79.9485	2
1254.72985	628.37220	2	39.5020	2
1254.73030	628.37245	2	68.9381	2
1254.73375	419.25185	3	51.5780	2
1255.22205	419.41465	3	40.1191	4
1255.58565	628.80010	2	42.3517	2
1255.62550	628.82000	2	92.3805	2
1255.62795	628.82125	2	69.6446	2
1255.65580	419.55920	3	53.0019	2
1255.66740	628.84100	2	73.5953	2
1255.67750	628.84600	2	50.2941	2
1255.70255	628.85855	2	68.7689	2
1255.71365	419.57850	3	64.7984	2
1256.60720	629.31090	2	58.4231	1
1256.60920	629.31185	2	88.9617	2
1256.61150	629.31300	2	49.5698	2
1256.69765	419.90650	3	46.5345	2
1256.69855	629.35655	2	46.5031	2
1256.70480	629.35970	2	96.3276	2
1257.64610	629.83030	2	41.4223	2
1257.64790	420.22325	3	41.4843	2
1257.67265	629.84360	2	55.1956	4
1258.59845	630.30650	2	80.6907	2
1258.67565	630.34510	2	66.8336	2
1258.68955	630.35205	2	51.6356	2
1258.76470	630.38965	2	86.5054	2
1259.61860	630.81660	2	96.6339	2
1259.63360	630.82405	2	74.8751	2
1259.63605	630.82530	2	57.6896	2
1259.66100	630.83780	2	58.2278	2
1259.72390	630.86925	2	76.3240	2
1260.57725	631.29590	2	35.2132	2
1260.58910	631.30180	2	41.5026	2
1260.67225	631.34340	2	56.6165	2
1261.57885	631.79670	2	50.1492	2
1261.62155	421.54780	3	39.3930	2
1261.67130	421.56440	3	36.8827	1
1261.74485	631.87970	2	94.7729	2
1262.60720	632.31090	2	45.6953	1
1262.60735	421.87635	3	45.2709	2
1263.61920	422.21365	3	32.5147	2
1263.61975	632.81715	2	32.5201	2
1263.62880	632.82165	2	56.1141	2
1263.67165	632.84310	2	88.2682	2
1263.68330	632.84890	2	66.2699	2
1264.64915	422.55700	3	60.4610	2
1264.64940	633.33200	2	60.5132	1
1264.77420	633.39440	2	92.5581	2
1265.68920	633.85190	2	50.7595	2
1266.56390	634.28925	2	44.9691	2
1266.62165	423.21450	3	36.8379	2
1266.62560	634.32005	2	70.0743	2
1267.64895	634.83175	2	81.6240	2
1267.66410	634.83930	2	92.3057	1
1267.69030	634.85245	2	48.7652	2
1268.61505	423.87895	3	52.4697	2
1268.66220	635.33835	2	50.0137	2
1268.66270	423.89480	3	49.9545	2
1268.69775	635.35615	2	69.2538	2
1269.62460	635.81960	2	80.0062	2
1269.62775	635.82115	2	62.9567	2
1269.65835	424.22670	3	45.8273	2
1269.65840	635.83650	2	45.8638	2
1269.70385	635.85920	2	62.3640	2
1269.72975	635.87215	2	77.6890	2
1270.65115	636.33285	2	42.5009	2
1270.70000	636.35730	2	61.5285	1
1270.70050	424.57410	3	61.4605	2
1270.72875	636.37165	2	91.4287	2
1271.56670	424.86280	3	77.0206	1
1271.62330	636.81890	2	59.2175	1
1271.68780	424.90320	3	59.5805	2
1271.69050	636.85255	2	63.5873	2
1271.70890	636.86170	2	70.9397	2
1271.76145	636.88800	2	81.5044	2
1272.69310	637.35380	2	64.0150	2
1273.63350	637.82400	2	73.1923	1
1273.65545	637.83500	2	65.9299	2
1273.66985	637.84220	2	64.4372	2
1273.67825	637.84640	2	85.7708	2
1273.72120	637.86785	2	69.6860	2
1274.64415	638.32935	2	84.2057	2
1274.65120	638.33290	2	76.5095	2
1274.66380	638.33915	2	67.8617	2
1274.75950	638.38700	2	78.3823	1
1275.54150	638.77805	2	44.1796	2
1275.57305	638.79380	2	60.2154	2
1275.69375	426.23850	3	62.1746	2
1276.63320	639.32385	2	76.8201	2
1276.65005	639.33230	2	89.3552	2
1276.66670	639.34060	2	57.7592	1
1276.67305	639.34380	2	85.4788	2
1276.70310	639.35885	2	71.5802	2
1277.63070	426.88420	3	79.4762	1
1277.67360	639.84410	2	68.2787	2
1277.68755	639.85105	2	75.4170	2
1278.12535	640.06995	2	61.8153	4
1278.65050	640.33250	2	84.3658	2
1279.62485	640.81970	2	63.0900	2
1279.69655	427.57280	3	53.3653	2
1280.57950	641.29705	2	80.6023	2
1280.60020	427.87400	3	36.3677	2
1280.74625	641.38040	2	87.4914	2
1281.55735	641.78595	2	38.6888	2
1281.61060	428.21080	3	35.3244	1
1281.61195	641.81325	2	35.1947	2
1281.70510	428.24230	3	40.5214	1
1282.57420	642.29435	2	71.2085	2
1282.58635	642.30045	2	61.1131	2
1283.61515	642.81485	2	70.1004	2
1283.65100	642.83280	2	64.9844	2
1283.72120	428.91430	3	42.5813	3
1283.73435	642.87445	2	77.6369	2
1284.61350	429.21180	3	39.2591	1
1284.62755	643.32105	2	90.5444	2
1284.69320	643.35390	2	77.3262	2
1284.70310	643.35885	2	68.5183	2
1284.70480	429.24220	3	42.0010	1
1284.72860	643.37160	2	83.1504	2
1285.66360	643.83905	2	42.4099	2
1286.17460	644.09460	2	85.2580	4
1286.64455	429.88875	3	68.1631	2
1286.68380	644.34915	2	84.8445	2
1286.69900	644.35680	2	67.7354	2
1286.78555	644.40005	2	85.7034	2
1287.62875	644.82165	2	84.3017	2
1287.68335	644.84895	2	73.2109	2
1288.59115	645.30285	2	43.7286	2
1288.60620	645.31040	2	63.3181	2
1288.66290	645.33870	2	45.2121	2
1288.68240	645.34850	2	50.5986	2
1288.68520	645.34990	2	66.6821	2
1288.72145	645.36800	2	83.6029	2
1288.73960	645.37705	2	75.3002	2
1289.59030	430.87070	3	35.3585	2
1289.62920	645.82190	2	88.6286	2
1289.62940	645.82200	2	62.1777	3
1289.64720	645.83085	2	48.8555	2
1290.65720	646.33585	2	54.2795	2
1291.53820	646.77640	2	37.6026	1
1291.57820	646.79640	2	43.9444	2
1291.60730	646.81095	2	50.6675	2
1291.66695	646.84075	2	59.6630	2
1292.66200	431.89460	3	61.5451	2
1293.62455	647.81955	2	55.0348	2
1294.62300	648.31875	2	67.8563	2
1294.73375	648.37415	2	82.4418	2
1294.79740	432.60640	3	67.2026	2
1295.58820	648.80135	2	43.9015	2
1295.74590	648.88025	2	64.1526	2
1295.75650	648.88550	2	59.9205	1
1295.75695	432.92625	3	59.8419	2
1296.68310	649.34880	2	59.3245	2
1296.70360	649.35910	2	68.5769	2
1296.74075	649.37765	2	44.0362	2
1297.59190	433.53790	3	56.8459	1
1297.72740	433.58310	3	43.9056	3
1297.73620	649.87540	2	65.0773	2
1297.75990	433.59390	3	63.0103	2
1298.59315	650.30385	2	37.1083	2
1298.59375	433.87185	3	37.0735	2
1298.60930	433.87705	3	36.9754	2
1298.69410	650.35435	2	47.4989	2
1298.74550	650.38005	2	92.0035	2
1299.56945	650.79200	2	35.5212	2
1299.62920	650.82190	2	74.0936	1
1299.67960	650.84710	2	40.4170	1
1299.69320	650.85385	2	79.4828	2
1299.70310	650.85880	2	57.8149	2
1299.71480	650.86470	2	57.4621	1
1300.62390	651.31925	2	85.8712	2
1300.70255	651.35855	2	62.7380	2
1300.70730	651.36095	2	91.6326	2
1300.73925	651.37690	2	75.5106	2
1300.76190	651.38820	2	74.9034	2
1300.77530	651.39490	2	84.8553	2
1301.60930	651.81195	2	41.8511	2
1301.63600	434.88595	3	40.0759	2
1301.63650	651.82555	2	40.1340	2
1301.69840	651.85645	2	68.2293	2
1302.65955	652.33705	2	66.4563	2
1303.51510	652.76480	2	65.1363	2
1303.60565	652.81010	2	60.3876	2
1303.75025	652.88240	2	75.2415	2
1304.61130	653.31290	2	42.1892	2
1305.61655	436.21280	3	30.9463	2
1305.62380	653.81915	2	50.9391	2
1305.70480	653.85965	2	73.4056	2
1306.58285	436.53490	3	39.8986	2
1306.65175	436.55785	3	39.4554	2
1306.66685	654.34070	2	31.1960	2
1307.63500	654.82480	2	67.6362	1
1307.66190	654.83825	2	61.2049	2
1308.65870	655.33660	2	62.9214	2
1308.71970	437.24720	3	86.8568	2
1308.72160	655.36810	2	86.7681	2
1308.74220	655.37840	2	59.9813	2
1308.77750	655.39600	2	72.7880	2
1309.65215	655.83335	2	63.4597	2
1309.77280	655.89365	2	77.9664	2
1309.77330	655.89390	2	87.8448	1
1310.12235	656.06845	2	68.1938	4
1310.55965	656.28710	2	35.9608	2
1310.65380	437.89190	3	47.6564	3
1310.68145	656.34800	2	80.4411	2
1311.57095	656.79275	2	59.5137	2
1311.58330	656.79890	2	50.0860	2
1311.71440	438.24540	3	60.2573	1
1311.71450	656.86450	2	41.3497	1
1311.76390	656.88920	2	84.2870	2
1313.61400	657.81430	2	63.0902	2
1313.69365	438.90515	3	52.1603	2
1313.69475	657.85465	2	52.2128	2
1313.70155	657.85805	2	87.2499	2
1313.72020	438.91400	3	61.8523	1
1313.72080	657.86765	2	84.8779	2
1313.74490	438.92220	3	53.7766	1
1314.59840	439.20670	3	33.0027	1
1314.69705	658.35580	2	62.8006	2
1314.69770	658.35615	2	48.1876	2
1314.70190	439.24120	3	48.1539	2
1315.65815	658.83635	2	72.6788	2
1315.68180	658.84820	2	60.1458	1
1315.68300	658.84880	2	60.1122	1
1315.69980	658.85720	2	73.2189	1
1315.70995	658.86225	2	64.8304	2
1316.56420	659.28940	2	55.3554	1
1316.66560	659.34010	2	76.0139	3
1316.67540	439.89905	3	64.3490	2
1316.73355	659.37405	2	95.9775	2
1316.73435	659.37445	2	68.2917	2
1317.61090	440.21090	3	52.6939	2
1317.64250	659.82855	2	42.3176	2
1318.65975	660.33715	2	79.1845	2
1318.68820	660.35140	2	63.7048	1
1319.66380	440.89520	3	54.0018	2
1319.69145	660.85300	2	81.6889	2
1320.59940	661.30695	2	72.0889	2
1320.62350	441.21510	3	40.5778	1
1320.63520	441.21900	3	51.2006	2
1320.68340	661.34895	2	81.6215	4
1321.61540	661.81495	2	51.8771	2
1321.62115	661.81785	2	40.5779	2
1321.76455	441.59545	3	80.8998	2
1321.76460	661.88960	2	80.9988	2
1322.66560	662.34010	2	88.9913	2
1322.67210	662.34335	2	64.3091	2
1322.72825	662.37140	2	72.7208	2
1323.71940	442.24710	3	71.3796	2
1324.69130	663.35290	2	78.1088	2
1324.73465	663.37460	2	63.3459	2
1324.78120	442.60100	3	65.3438	1
1325.68790	442.90320	3	56.2086	1
1325.73170	663.87310	2	58.6671	1
1325.74925	663.88190	2	83.2173	2
1326.62205	664.31830	2	60.7367	2
1326.68875	664.35165	2	31.3209	2
1326.68980	443.23720	3	31.3509	2
1326.74150	664.37800	2	76.0529	1
1327.65175	443.55785	3	57.1521	2
1327.78755	664.90105	2	94.6983	2
1328.74485	443.92220	3	42.1307	2
1328.75320	665.38385	2	71.5756	2
1328.75335	443.92505	3	71.4329	2
1329.60640	665.81050	2	40.8185	2
1329.65405	665.83430	2	43.4217	2
1329.65430	665.83440	2	59.1577	1
1329.66855	444.23015	3	58.5220	2
1329.66900	665.84180	2	58.5900	2
1329.69310	444.23830	3	66.0161	2
1329.76595	665.89025	2	81.1445	2
1330.71305	666.36380	2	61.7624	2
1330.77980	666.39720	2	85.9591	2
1330.78185	444.60125	3	86.0526	2
1331.67610	666.84535	2	74.6990	2
1331.70870	666.86160	2	63.6140	1
1331.70935	666.86195	2	80.8639	2
1331.72850	666.87155	2	92.1800	2
1331.74530	666.87995	2	82.3713	2
1331.76755	666.89105	2	45.5516	2
1332.62350	445.21510	3	61.3928	1
1332.64745	667.33100	2	47.6415	2
1332.70170	667.35815	2	82.8362	2
1333.57175	445.53120	3	54.6725	2
1333.59425	667.80440	2	43.3597	2
1334.66260	445.89480	3	46.1743	2
1334.71870	445.91350	3	53.8483	2
1334.71880	668.36670	2	53.8292	2
1334.72345	668.36900	2	76.7213	2
1335.59610	668.80530	2	52.3105	3
1335.63830	668.82640	2	72.2402	2
1335.64855	668.83155	2	70.1954	2
1336.74620	446.58935	3	43.0234	2
1336.74830	669.38140	2	43.0600	2
1336.80820	669.41135	2	80.0753	2
1337.57060	669.79260	2	38.9213	2
1337.67260	669.84355	2	73.6279	2
1338.61305	670.31380	2	60.9952	2
1338.66770	447.22980	3	57.5754	1
1338.66855	670.34155	2	63.2092	2
1338.71340	447.24510	3	47.1807	1
1338.72030	670.36740	2	72.7236	2
1339.65210	670.83335	2	64.7648	2
1339.74570	447.58920	3	55.8492	2
1339.75380	670.88420	2	81.9181	2
1339.77060	670.89260	2	98.1605	9
1339.77135	447.59775	3	94.2527	2
1340.59875	671.30665	2	49.3124	2
1340.72920	671.37190	2	62.2428	1
1341.19845	671.60650	2	44.9851	4
1341.62120	671.81785	2	75.3241	2
1341.70000	448.24060	3	46.1741	1
1341.72605	448.24930	3	44.0014	2
1342.65140	448.55775	3	37.6347	2
1342.65180	448.55785	3	54.2455	2
1342.69260	672.35360	2	70.7037	1
1342.70900	448.57690	3	56.5238	1
1342.70940	672.36200	2	62.9766	2
1342.73570	672.37510	2	81.2165	3
1343.54680	448.85620	3	62.2684	1
1343.76625	672.89040	2	54.6386	2
1343.76695	448.92955	3	54.6097	2
1344.68260	673.34855	2	53.5994	2
1344.71470	673.36465	2	66.2116	2
1344.72895	449.25025	3	72.4622	2
1344.74120	673.37790	2	83.5776	2
1344.74320	449.25500	3	81.9979	1
1344.74695	449.25625	3	68.0341	2
1344.79295	673.40375	2	96.4495	2
1345.62260	449.54810	3	33.4942	1
1345.62370	673.81910	2	33.5630	1
1345.73490	673.87470	2	98.2325	1
1346.57765	674.29610	2	40.0202	2
1346.67450	674.34455	2	73.3257	2
1346.68315	674.34885	2	78.2333	2
1346.76735	449.92970	3	68.7764	2
1346.76775	674.39115	2	68.8325	2
1347.57970	674.79710	2	53.1256	2
1347.66820	674.84135	2	88.5688	2
1347.74625	674.88040	2	63.7165	2
1347.74670	450.25620	3	63.6602	2
1349.56870	675.79160	2	76.5967	1
1349.61050	675.81250	2	54.5686	1
1349.64500	675.82980	2	60.9521	1
1349.68295	675.84875	2	69.7148	2
1349.68450	675.84950	2	61.0890	2
1350.60905	676.31180	2	39.8778	2
1350.71580	676.36520	2	74.0756	2
1350.75100	676.38275	2	58.7272	2
1351.63810	451.55330	3	34.2689	2
1351.63880	676.82670	2	34.2881	3
1351.64115	676.82785	2	60.7938	2
1351.71070	451.57750	3	49.9733	1
1352.59465	451.87215	3	30.8261	2
1352.72845	451.91675	3	55.2537	2
1352.75675	677.38565	2	68.1763	2
1353.72210	677.86830	2	88.2799	2
1353.72565	677.87010	2	65.8005	2
1354.72905	678.37180	2	89.3201	2
1355.71400	678.86425	2	87.6742	2
1355.71675	678.86565	2	85.4895	2
1355.73030	678.87240	2	56.7935	2
1355.77860	452.93345	3	59.1754	2
1355.77865	678.89660	2	82.2514	2
1356.73685	679.37570	2	60.2282	2
1356.74920	453.25700	3	48.4109	2
1356.75095	679.38275	2	48.4507	2
1357.66365	679.83910	2	49.6696	2
1357.67255	453.56480	3	30.4167	2
1357.67475	679.84465	2	30.4390	2
1357.74575	453.58920	3	58.5567	2
1357.74705	679.88080	2	58.6162	2
1358.15445	453.72540	3	51.5713	4
1358.62930	680.32190	2	59.8910	1
1358.65870	680.33660	2	88.8654	2
1358.66140	680.33800	2	57.0335	2
1358.66820	680.34140	2	45.7281	1
1358.66840	453.89675	3	45.6645	2
1358.67810	453.90000	3	38.5969	1
1358.68010	680.34735	2	38.6546	2
1358.74105	680.37780	2	82.9287	2
1358.75485	680.38470	2	92.5132	2
1359.68165	680.84810	2	67.2544	2
1359.68835	454.23670	3	38.3971	2
1359.83680	454.28620	3	57.0747	1
1360.58630	454.53605	3	33.9311	2
1360.70090	681.35770	2	75.7802	2
1361.66880	681.84170	2	40.3121	2
1361.67285	681.84370	2	67.0231	2
1361.72035	681.86745	2	68.9195	2
1361.72220	681.86840	2	71.6932	2
1362.55945	682.28700	2	50.1672	2
1362.59065	682.30260	2	48.4739	2
1362.64370	682.32910	2	53.7570	1
1362.71135	682.36295	2	87.8235	2
1362.71405	682.36430	2	58.3881	2
1362.71600	682.36530	2	72.3102	2
1362.72160	682.36810	2	83.5216	2
1362.72855	682.37155	2	57.4976	2
1363.65925	682.83690	2	63.0355	2
1363.68480	682.84970	2	73.1598	1
1363.69135	455.57105	3	45.1172	2
1363.69345	682.85400	2	45.1561	2
1363.71090	455.57760	3	60.0065	1
1364.59170	455.87120	3	51.1481	1
1364.59270	683.30365	2	51.2130	2
1364.64000	683.32730	2	64.5278	2
1364.65400	683.33430	2	77.0565	1
1364.66750	683.34100	2	44.8474	2
1364.68400	683.34930	2	61.5085	2
1364.71880	683.36665	2	64.9272	2
1364.73560	683.37510	2	69.5514	2
1365.66675	683.84065	2	84.4067	2
1365.67785	683.84620	2	56.0495	2
1365.67800	456.23330	3	56.0129	2
1366.73270	456.58480	3	36.5082	1
1366.76035	456.59405	3	36.6115	2
1366.84470	684.42965	2	99.7752	2
1367.54465	684.77960	2	33.3800	2
1367.65480	456.89220	3	51.4372	2
1367.67220	456.89800	3	50.2529	1
1367.68745	456.90310	3	51.7229	2
1367.68915	684.85185	2	51.7838	2
1367.71320	684.86390	2	71.8207	2
1367.76805	684.89130	2	83.3875	2
1367.77805	684.89630	2	75.3352	2
1368.64770	457.22320	3	67.7201	1
1368.74980	685.38220	2	74.8417	1
1368.79740	457.27310	3	64.0546	1
1369.65310	685.83380	2	55.7852	1
1369.67365	457.56515	3	52.1889	2
1369.79370	457.60515	3	54.8025	2
1369.79475	685.90465	2	54.8524	2
1370.72480	686.36970	2	79.4665	2
1370.81865	686.41660	2	94.6064	2
1371.68305	686.84880	2	73.6463	2
1371.70880	686.86165	2	91.2132	2
1371.73465	458.25215	3	49.4641	2
1372.68435	687.34945	2	66.3040	2
1372.71575	458.57920	3	54.5515	2
1373.68980	458.90390	3	37.7978	1
1373.74100	687.87775	2	70.8745	2
1373.75335	687.88395	2	57.0938	2
1374.68800	688.35130	2	47.7789	1
1374.68925	459.23700	3	47.7249	2
1374.70975	688.36215	2	73.5265	2
1374.76230	459.26140	3	77.9137	2
1374.76300	688.38880	2	77.9784	1
1374.78570	688.40010	2	84.1443	2
1375.71310	459.57830	3	76.4002	1
1376.70750	689.36105	2	89.4143	2
1376.71360	689.36410	2	83.2689	1
1376.71940	689.36695	2	65.1987	2
1376.72990	459.91725	3	49.8044	2
1376.85030	459.95735	3	66.4928	2
1377.67210	689.84330	2	83.0105	3
1377.67740	689.84595	2	75.6878	2
1377.68860	460.23680	3	32.8404	2
1377.69260	460.23810	3	88.1879	2
1377.69625	689.85540	2	88.9595	4
1378.23315	690.12385	2	84.5432	4
1378.55550	690.28505	2	42.7547	2
1378.69835	690.35645	2	60.0127	2
1378.75520	690.38490	2	94.3074	2
1379.57115	690.79285	2	43.5418	2
1379.76580	460.92920	3	72.7934	2
1379.76945	690.89200	2	80.0696	2
1380.79810	691.40630	2	76.5246	1
1381.66635	691.84045	2	65.8421	2
1381.74620	691.88040	2	73.6995	1
1382.65085	692.33270	2	76.5677	2
1382.76005	692.38730	2	77.5732	2
1383.54155	692.77805	2	26.5779	2
1383.67830	462.23335	3	42.9976	2
1384.61970	693.31715	2	51.9561	2
1384.66350	693.33905	2	56.0776	2
1384.68160	693.34810	2	83.4504	1
1384.73430	462.58535	3	64.1193	2
1384.74945	693.38200	2	83.5132	2
1385.66500	693.83980	2	79.3309	1
1385.73535	693.87495	2	75.2044	2
1385.75150	693.88305	2	62.2777	2
1387.56035	694.78745	2	61.7398	2
1387.68815	694.85135	2	82.3129	2
1387.69455	694.85455	2	56.7655	2
1387.72770	694.87110	2	83.6753	2
1387.72910	463.58360	3	83.5860	2
1388.55620	695.28540	2	55.3251	1
1388.70570	695.36015	2	52.2421	2
1389.73335	695.87395	2	87.3459	2
1389.75055	695.88255	2	88.4410	2
1390.70810	464.57660	3	35.2388	1
1390.75625	464.59270	3	67.6532	2
1391.69325	464.90500	3	60.4916	2
1391.69480	696.85470	2	60.4147	3
1391.70480	696.85965	2	52.8334	2
1392.61690	465.21290	3	59.2612	2
1392.66830	697.34145	2	63.1485	2
1392.87070	697.44260	2	83.7298	1
1393.64210	697.82830	2	68.3721	2
1393.65080	697.83265	2	70.9660	2
1393.67865	697.84660	2	70.4474	2
1393.69135	697.85295	2	82.1920	2
1393.70280	465.57485	3	55.6710	2
1393.70410	697.85935	2	77.2732	2
1394.55015	698.28235	2	36.3898	2
1395.65210	698.83330	2	58.2850	2
1395.71045	466.24410	3	39.8404	2
1395.71235	698.86345	2	39.8217	2
1396.67905	699.34680	2	77.1178	2
1396.80510	699.40980	2	66.4350	2
1397.60370	466.87515	3	46.4668	2
1397.60490	699.80970	2	46.4908	1
1397.71550	699.86505	2	51.2164	2
1397.78750	466.93640	3	65.4453	2
1397.79510	699.90485	2	79.3760	2
1398.62790	700.32120	2	52.3550	2
1398.70470	700.35965	2	89.7712	2
1398.73660	700.37560	2	50.7465	1
1398.73675	467.25285	3	50.7464	2
1398.77235	700.39345	2	63.9175	2
1399.69595	700.85525	2	54.4614	2
1401.57325	701.79390	2	42.3615	2
1401.71150	468.24440	3	41.9257	2
1401.71170	701.86315	2	42.0210	2
1401.76245	701.88850	2	80.4658	2
1401.77640	468.26610	3	38.4987	1
1402.75050	702.38250	2	76.8751	2
1403.63095	702.82275	2	55.1207	2
1403.63985	702.82720	2	60.7442	2
1403.74115	468.92100	3	40.4448	2
1403.74180	702.87815	2	40.4802	2
1403.74215	702.87835	2	69.1701	2
1403.79690	702.90575	2	96.3169	2
1404.79845	703.40650	2	67.8851	2
1405.65105	703.83280	2	56.1166	2
1406.71550	704.36505	2	74.6069	2
1407.72350	470.24840	3	49.5166	2
1407.72575	704.87015	2	49.6069	2
1407.78360	470.26845	3	66.1544	2
1407.78420	470.26870	3	60.1630	1
1408.65130	705.33290	2	77.4209	2
1408.66260	705.33855	2	70.3593	2
1408.66860	705.34155	2	38.9850	2
1409.68675	705.85065	2	68.4586	2
1409.74050	470.92080	3	48.8790	1
1410.70060	706.35760	2	55.6455	2
1410.72360	471.24850	3	50.2350	2
1410.77025	471.26405	3	57.3833	2
1411.67345	706.84400	2	72.4073	2
1411.71640	471.57940	3	69.9295	2
1411.82900	471.61695	3	72.7878	2
1411.82990	706.92225	2	72.6560	2
1412.15040	707.08245	2	48.7123	4
1412.64200	707.32830	2	88.9913	2
1412.77530	707.39490	2	50.8795	2
1412.81380	707.41420	2	82.7876	2
1412.83845	471.95340	3	66.6169	2
1412.83890	707.42670	2	66.7052	1
1413.67460	707.84455	2	37.2900	2
1413.76790	707.89125	2	61.4227	2
1414.72160	708.36810	2	60.6270	1
1414.72915	472.58365	3	47.2087	2
1414.73110	708.37285	2	47.2663	2
1414.73230	708.37345	2	81.6352	2
1414.81360	708.41410	2	101.6820	1
1415.64875	708.83165	2	92.4017	2
1415.68930	708.85195	2	57.8072	2
1415.72660	708.87060	2	45.7360	2
1415.76050	472.92740	3	40.0107	1
1416.72550	473.24910	3	65.4992	1
1416.72560	709.37010	2	64.7030	2
1416.78040	473.26740	3	58.8858	1
1417.66595	709.84025	2	68.2320	2
1417.66865	709.84160	2	55.3955	2
1417.67905	473.56695	3	46.5532	2
1417.68050	709.84750	2	46.5719	1
1417.70945	709.86200	2	74.1865	2
1418.70850	710.36150	2	58.0242	2
1418.70960	710.36210	2	80.4371	1
1418.72020	710.36740	2	74.9357	1
1419.66325	710.83890	2	57.3453	2
1419.70060	710.85760	2	51.1321	2
1419.75030	474.25735	3	51.3706	2
1419.81325	710.91390	2	81.0530	2
1420.19115	474.40430	3	51.6549	4
1420.65105	711.33280	2	46.6388	6
1421.80440	474.94210	3	63.4833	1
1422.59435	475.20540	3	36.5153	2
1422.59440	712.30450	2	36.5963	1
1422.67365	475.23180	3	40.3944	2
1422.68765	712.35110	2	65.5673	2
1422.75270	712.38360	2	78.6307	2
1423.67015	712.84235	2	82.2217	2
1423.74140	712.87795	2	90.9280	2
1424.66100	713.33775	2	68.1446	2
1424.71865	713.36660	2	66.8622	2
1424.81435	475.94535	3	91.1011	2
1425.67195	713.84325	2	73.6603	2
1425.80955	713.91205	2	73.8361	2
1425.81935	476.28035	3	62.2207	2
1426.79050	476.60410	3	42.8759	2
1427.64270	714.82860	2	46.0737	1
1427.72595	714.87025	2	52.7120	2
1427.72600	476.91590	3	52.8730	1
1427.79790	476.93990	3	57.6047	2
1427.79910	714.90680	2	82.7200	2
1428.71105	477.24430	3	45.7606	2
1428.78140	477.26770	3	76.6654	2
1429.74995	715.88225	2	63.6491	2
1429.75665	477.59280	3	60.0077	2
1429.75675	715.88565	2	60.1030	2
1429.76050	715.88755	2	51.7071	2
1429.79720	715.90590	2	69.0814	2
1429.79970	715.90715	2	97.2355	2
1430.72800	716.37130	2	88.3453	2
1430.73655	477.91945	3	50.5647	2
1430.75880	716.38665	2	90.7478	2
1431.28705	716.65080	2	86.1529	4
1431.78840	478.27005	3	65.4398	2
1431.79935	716.90695	2	79.7626	2
1432.71555	478.57915	3	44.7823	2
1434.74740	718.38100	2	73.6466	2
1435.66255	718.83855	2	38.1669	2
1435.76750	718.89105	2	62.9714	2
1436.69220	479.90465	3	55.5534	2
1436.70415	719.35935	2	68.4232	2
1436.71850	719.36650	2	55.7066	2
1436.76290	479.92825	3	51.6722	2
1436.78800	479.93660	3	62.2039	2
1437.69280	719.85370	2	63.6546	2
1438.58640	480.53605	3	29.9363	2
1438.77295	720.39375	2	81.4488	2
1439.64710	720.83080	2	48.0978	1
1439.79925	720.90690	2	72.9524	2
1439.80730	720.91090	2	95.7227	2
1440.81975	721.41715	2	79.3951	2
1441.63360	721.82405	2	76.9999	2
1442.64990	722.33220	2	83.9237	2
1442.66925	722.34190	2	51.4942	2
1442.68770	722.35110	2	79.9706	2
1442.72810	481.91665	3	49.5166	2
1443.67370	722.84410	2	43.5159	2
1443.80950	722.91200	2	73.8640	2
1443.84610	722.93035	2	79.5718	2
1444.66920	723.34185	2	56.2373	2
1444.67610	723.34530	2	84.8453	1
1444.74230	723.37845	2	70.6437	2
1444.77185	482.59790	3	60.7116	2
1444.81305	723.41380	2	87.6627	2
1446.71080	724.36270	2	62.5714	3
1447.75055	724.88255	2	67.7925	2
1447.75510	483.59230	3	56.6789	2
1448.71450	725.36450	2	56.9179	2
1448.73815	725.37635	2	77.1529	2
1448.74460	725.37960	2	83.0617	2
1449.67715	725.84585	2	62.3738	2
1449.86700	484.29630	3	60.1446	2
1449.88390	725.94920	2	86.0481	1
1450.72435	726.36945	2	81.7553	2
1450.73835	726.37645	2	89.6407	2
1450.75005	726.38230	2	95.5997	2
1450.81895	484.61355	3	65.4716	2
1451.71040	484.91070	3	34.1415	1
1451.79550	484.93910	3	51.4030	2
1452.76795	485.26325	3	57.5012	2
1452.80085	727.40770	2	90.4510	2
1453.76020	727.88740	2	56.2292	2
1454.72980	728.37220	2	79.1037	2
1454.87135	728.44295	2	76.8469	2
1454.87140	485.96440	3	76.9757	2
1455.69790	486.23990	3	67.9133	2
1455.69970	728.85710	2	68.0208	2
1455.83890	728.92675	2	81.0290	2
1457.78910	486.93695	3	81.3194	2
1457.78925	729.90190	2	81.3596	2
1458.74730	487.25640	3	76.4433	1
1459.70565	730.86010	2	58.5852	2
1459.70945	730.86200	2	67.3963	2
1459.74310	730.87885	2	63.5547	2
1459.83950	487.62040	3	75.5872	2
1459.84100	730.92780	2	75.6263	2
1461.73910	731.87685	2	64.8536	2
1461.83825	488.28665	3	76.7986	2
1462.69515	732.35485	2	65.1076	2
1463.67395	488.89860	3	62.5904	2
1463.70905	732.86180	2	66.2338	2
1463.70940	732.86200	2	79.8983	3
1463.74060	488.92080	3	71.9587	2
1463.75050	732.88250	2	71.9478	2
1464.30115	489.10765	3	64.7818	4
1464.75085	489.25755	3	81.5386	2
1464.77700	733.39580	2	62.1004	1
1464.78645	489.26940	3	62.1369	2
1464.79420	733.40440	2	61.5681	2
1464.79615	733.40535	2	67.7043	2
1465.73460	733.87455	2	86.7311	2
1466.67720	734.34590	2	74.5273	2
1466.74290	734.37870	2	88.4973	2
1466.77425	489.93205	3	43.5944	2
1467.73845	734.87650	2	84.9486	6
1468.68715	735.35085	2	53.0219	2
1468.79740	735.40600	2	74.3491	2
1468.80680	490.60950	3	56.5094	1
1470.74675	491.25620	3	65.9208	2
1470.74835	491.25670	3	55.9560	2
1470.79845	736.40650	2	88.6637	2
1470.84770	736.43110	2	83.0311	2
1471.70955	736.86205	2	54.0949	2
1471.74190	736.87825	2	65.1413	2
1471.75735	491.59305	3	66.7694	2
1472.71330	491.91170	3	44.8374	1
1472.73600	491.91930	3	57.4058	2
1472.73645	737.37550	2	57.4698	2
1472.77575	491.93250	3	59.1166	2
1473.74660	737.88060	2	66.0892	1
1473.76200	492.26130	3	71.3238	2
1473.76440	492.26210	3	74.4906	1
1474.76815	738.39135	2	79.1595	2
1475.77360	492.93180	3	62.7485	2
1476.71035	739.36245	2	64.9277	2
1476.78360	739.39910	2	72.9743	1
1477.74285	739.87870	2	84.4717	2
1477.76105	739.88780	2	72.2121	2
1477.76640	739.89050	2	87.8959	2
1478.64040	740.32745	2	48.0176	2
1478.77815	740.39635	2	74.3204	2
1480.68875	494.57020	3	35.5496	2
1480.71900	741.36675	2	85.1044	2
1480.83735	494.61970	3	58.8468	2
1481.72770	494.91650	3	61.9456	1
1481.73660	494.91950	3	52.2411	1
1482.81475	742.41465	2	89.4772	2
1482.83030	742.42245	2	68.0832	2
1483.71270	495.57815	3	61.3379	2
1483.74400	495.58860	3	29.1585	1
1483.76295	742.88875	2	76.0943	2
1484.68190	743.34825	2	43.1464	2
1484.81020	743.41240	2	83.0355	3
1484.82110	495.94765	3	74.5889	2
1484.82150	743.41800	2	74.6698	2
1485.82275	743.91865	2	86.9641	2
1485.82300	496.28160	3	86.8921	2
1486.72020	496.58065	3	75.6208	2
1486.76450	744.38950	2	71.1739	2
1486.77635	496.59935	3	53.7106	2
1486.78200	744.39825	2	67.0732	2
1486.78830	496.60340	3	78.4126	1
1488.64775	745.33115	2	48.8181	2
1488.71720	745.36590	2	65.2758	1
1488.74210	745.37830	2	44.7208	1
1488.74305	497.25495	3	44.6392	2
1488.79630	497.27270	3	59.1673	2
1489.74400	745.87930	2	90.1208	1
1492.71035	747.36245	2	47.7639	2
1492.73830	498.58670	3	75.9024	2
1492.80745	498.60975	3	76.3032	2
1493.64890	498.89025	3	38.4900	2
1493.64960	747.83205	2	38.5455	2
1493.74700	498.92290	3	56.3937	1
1493.74805	747.88130	2	56.3245	2
1495.74225	499.58805	3	68.9703	2
1495.84005	748.92730	2	81.5700	2
1495.85550	499.62575	3	81.8233	2
1495.87175	499.63120	3	69.4351	2
1496.68700	749.35080	2	85.1913	2
1496.76260	499.92815	3	56.6243	2
1496.76295	749.38875	2	64.8591	2
1496.78490	749.39975	2	71.0779	2
1496.82565	749.42010	2	91.5860	2
1498.76180	750.38820	2	75.0653	2
1498.77990	750.39720	2	68.4100	2
1498.84070	750.42760	2	84.8157	2
1499.71425	500.91205	3	55.7013	2
1500.76000	751.38730	2	56.0075	1
1500.76485	501.26220	3	55.8973	2
1500.79515	751.40485	2	59.2303	2
1500.80115	501.27430	3	59.3129	2
1500.81580	501.27920	3	69.0892	2
1501.28615	751.65035	2	72.1632	4
1501.71695	501.57960	3	50.8722	2
1501.71735	751.86595	2	50.9336	2
1501.84365	501.62180	3	49.0008	2
1502.64775	752.33115	2	78.4869	2
1502.70090	501.90760	3	53.1602	1
1502.75140	752.38295	2	87.8496	2
1503.70480	502.24220	3	45.7924	1
1503.79485	752.90470	2	80.8718	2
1504.74930	502.59040	3	54.0586	1
1504.79940	753.40700	2	69.2136	1
1504.87710	502.63300	3	80.2529	2
1505.65395	502.89190	3	47.1292	2
1505.70990	502.91055	3	56.7328	2
1505.72700	502.91625	3	61.1401	2
1505.92180	753.96820	2	92.8504	3
1506.79310	754.40385	2	60.3205	2
1506.79405	754.40430	2	66.2092	2
1507.71390	503.57855	3	63.5926	2
1507.73395	503.58525	3	52.5613	2
1508.74100	503.92090	3	87.0169	1
1508.74335	755.37895	2	86.7973	2
1508.81305	503.94495	3	48.5324	2
1508.81480	755.41470	2	48.5730	2
1509.65705	504.22625	3	46.7515	2
1509.65930	755.83690	2	46.8167	2
1509.74785	504.25655	3	52.0473	2
1510.70585	756.36020	2	70.4820	2
1510.71365	504.57850	3	57.9034	2
1510.71460	756.36460	2	57.9329	2
1510.74605	756.38030	2	74.7650	2
1510.75200	504.59130	3	57.6232	2
1511.71635	756.86545	2	42.1891	2
1511.79125	756.90290	2	98.5398	2
1511.81700	756.91580	2	92.2721	1
1511.85730	756.93595	2	80.6267	2
1512.20835	505.07670	3	43.2936	4
1512.87640	505.29940	3	85.0334	2
1512.87815	757.44635	2	84.9144	2
1513.69605	757.85530	2	68.8247	2
1513.69890	757.85670	2	68.3248	1
1513.74970	757.88210	2	77.6286	2
1513.87165	505.63115	3	96.3634	2
1513.87270	757.94360	2	96.2949	2
1514.72250	505.91480	3	56.5266	2
1514.79810	505.94000	3	91.4583	1
1514.79955	758.40705	2	91.2974	2
1514.80050	758.40750	2	66.3991	2
1514.80480	505.94220	3	45.2929	1
1514.85525	505.95900	3	89.9040	2
1514.85740	758.43595	2	89.8252	2
1515.71680	506.24620	3	78.0404	2
1515.75270	506.25820	3	32.8104	2
1515.75400	758.88430	2	50.7091	1
1515.75415	758.88435	2	32.8512	2
1515.76535	758.88995	2	89.1237	2
1515.77080	506.26420	3	78.4193	2
1515.82310	758.91880	2	79.1997	1
1516.20890	759.11175	2	79.3714	4
1516.67220	759.34335	2	84.2869	2
1516.73170	506.58450	3	53.2175	3
1516.77810	759.39630	2	74.4336	2
1516.79825	759.40640	2	79.5557	2
1516.83335	759.42395	2	80.0114	2
1517.71560	759.86510	2	54.5107	1
1517.73100	759.87275	2	62.4602	2
1517.73780	759.87620	2	69.9789	2
1517.80865	506.94350	3	76.5400	2
1518.79420	760.40435	2	83.9673	2
1518.92525	507.31570	3	62.9209	2
1519.82720	760.92085	2	92.0602	2
1520.23825	761.12640	2	64.2471	4
1520.71960	761.36710	2	77.6037	2
1520.73525	761.37490	2	53.0576	2
1521.79585	508.27255	3	44.4257	2
1523.76070	762.88760	2	92.7538	2
1523.86760	508.96315	3	76.9630	2
1523.88140	762.94800	2	89.8599	2
1524.74095	763.37775	2	71.8501	2
1525.76490	509.59560	3	63.4570	1
1525.85290	763.93370	2	97.0686	2
1526.73220	509.91800	3	33.9952	2
1527.70905	510.24365	3	35.2452	2
1527.77780	764.89620	2	90.0897	2
1528.74540	765.37995	2	92.6505	2
1528.79925	765.40690	2	72.5633	2
1528.80950	510.61045	3	69.4587	2
1529.66350	510.89510	3	38.3224	3
1529.66435	765.83945	2	38.3682	2
1529.80815	765.91135	2	86.8058	2
1529.84020	510.95400	3	64.0601	1
1529.85775	510.95985	3	79.4526	2
1530.78770	766.40110	2	93.0433	1
1530.80420	511.27535	3	66.4344	2
1531.69830	511.57335	3	64.2715	2
1531.77560	766.89505	2	65.6035	2
1531.80045	766.90750	2	68.4900	2
1531.81500	766.91480	2	85.1227	1
1531.87350	766.94400	2	94.3332	1
1532.77375	767.39415	2	73.9314	2
1532.79900	767.40680	2	71.8001	2
1532.81995	767.41725	2	82.0718	2
1533.74305	512.25495	3	35.1051	2
1533.74595	767.88025	2	68.0776	2
1533.74635	512.25605	3	50.0739	2
1533.74720	767.88090	2	50.1300	1
1533.79895	512.27355	3	96.9180	2
1533.80110	767.90780	2	96.8694	2
1534.29760	768.15605	2	74.0586	4
1535.67110	512.89765	3	37.2521	2
1535.67910	768.84680	2	60.1234	2
1535.68275	768.84865	2	67.4324	2
1535.78505	512.93560	3	68.1709	2
1537.71990	513.58060	3	79.3951	2
1537.79320	769.90390	2	76.3805	1
1538.82410	770.41930	2	78.5648	2
1540.80770	514.60980	3	63.0563	2
1540.82105	514.61430	3	47.3104	2
1541.78615	514.93600	3	58.0173	2
1541.78760	771.90110	2	58.0958	1
1541.81740	771.91600	2	69.3733	2
1541.83040	771.92245	2	75.3484	2
1541.83060	514.95080	3	75.4390	1
1542.77000	515.26390	3	53.9049	2
1542.79100	772.40275	2	61.5138	2
1546.69775	774.35615	2	66.5539	2
1547.67205	774.84330	2	62.5215	2
1547.77265	516.93150	3	54.1275	2
1547.81955	774.91705	2	70.6084	2
1547.82340	516.94840	3	62.4920	2
1547.83090	516.95090	3	58.1626	2
1547.83105	774.92280	2	58.1737	2
1548.77670	775.39560	2	70.8399	2
1548.80000	517.27390	3	61.0378	1
1548.92430	775.46945	2	79.9759	2
1549.60120	775.80785	2	45.3080	2
1549.73925	775.87690	2	62.8655	2
1549.74415	517.58865	3	62.7153	2
1549.78200	775.89830	2	81.4790	2
1549.83190	775.92320	2	73.1148	2
1550.68895	517.90355	3	33.4680	2
1550.74105	517.92095	3	51.2210	2
1550.74575	776.38015	2	51.2928	2
1550.76795	517.92990	3	57.4128	2
1550.76915	776.39185	2	57.5136	2
1550.85215	776.43335	2	95.1923	2
1551.71655	518.24610	3	36.2577	2
1551.76755	776.89105	2	67.9188	2
1551.77575	518.26585	3	39.2182	2
1551.84770	776.93115	2	89.8655	2
1552.73180	518.58450	3	67.1333	1
1553.83160	518.95115	3	80.9618	2
1553.83615	777.92535	2	97.1431	2
1555.73870	778.87665	2	72.0473	2
1555.74975	519.59055	3	51.6666	2
1555.79010	778.90230	2	83.1163	2
1555.84450	778.92950	2	82.1266	1
1555.84720	778.93090	2	82.1878	1
1555.88195	519.63455	3	77.5425	2
1556.84305	779.42880	2	90.7371	2
1557.78500	779.89980	2	79.7253	1
1557.83315	779.92385	2	89.5357	2
1558.77400	780.39430	2	67.3372	2
1559.61040	780.81245	2	73.3846	2
1559.75145	520.92445	3	71.1737	2
1559.75910	520.92700	3	78.0311	2
1559.80415	780.90935	2	79.4335	4
1559.81990	780.91720	2	87.4238	2
1560.80530	521.27570	3	85.0598	1
1560.84060	521.28750	3	85.7520	1
1560.84190	781.42825	2	78.9711	2
1560.84380	781.42915	2	85.5446	2
1561.78810	781.90135	2	76.4815	2
1561.83585	781.92520	2	87.6248	2
1563.80460	522.27550	3	73.7050	1
1564.29915	783.15685	2	73.8634	4
1564.71550	522.57910	3	53.4296	2
1564.71795	783.36625	2	53.5133	2
1564.74195	783.37825	2	55.9504	2
1564.87965	783.44710	2	100.4871	2
1565.78580	522.93590	3	57.7329	1
1565.83160	522.95115	3	66.7788	2
1567.82410	523.61530	3	81.8160	1
1567.82555	784.92005	2	81.7260	2
1567.89480	523.63890	3	65.4875	1
1567.89655	784.95555	2	96.8339	2
1567.89720	523.63970	3	96.8642	1
1569.87780	785.94620	2	76.6737	2
1569.91390	785.96425	2	87.1837	2
1570.74590	524.58925	3	52.0330	2
1570.81005	786.41230	2	59.2682	2
1571.68550	786.85000	2	55.7296	2
1571.68655	524.90280	3	55.6326	2
1572.78365	787.39910	2	58.6681	2
1572.83020	525.28400	3	78.8602	1
1573.77935	787.89695	2	86.9035	2
1573.82665	787.92060	2	81.1109	2
1573.83745	787.92600	2	74.9695	2
1574.71095	788.36275	2	71.2270	2
1576.75410	789.38435	2	75.1737	2
1576.76575	789.39015	2	72.3903	2
1577.76950	526.93040	3	72.0261	3
1577.77035	789.89245	2	90.2523	2
1577.77170	789.89310	2	72.0972	3
1577.78940	789.90200	2	75.8347	2
1578.83710	527.28630	3	70.5735	2
1578.85240	527.29140	3	56.5310	2
1578.87305	527.29830	3	83.3093	2
1578.87540	790.44500	2	83.3691	2
1580.80520	527.94230	3	62.1461	2
1580.86030	791.43745	2	94.6632	2
1580.92790	527.98325	3	75.6821	2
1581.76610	791.89030	2	66.1972	1
1582.84725	792.43090	2	78.1752	2
1582.86315	792.43885	2	71.2896	2
1585.68820	793.85140	2	64.0823	3
1586.86760	794.44105	2	85.7819	2
1587.85400	794.93430	2	86.2279	1
1587.85790	530.29320	3	64.7358	2
1588.72635	795.37045	2	70.6816	2
1588.84090	795.42775	2	92.9056	2
1589.82095	530.94760	3	84.0642	2
1590.31310	796.16380	2	82.4639	4
1590.76295	796.38875	2	78.5399	2
1590.79130	531.27105	3	86.2691	2
1590.85380	796.43420	2	89.6914	1
1591.74765	531.58980	3	44.0013	2
1591.74920	796.88185	2	44.0127	2
1591.80250	531.60810	3	58.7751	2
1591.80410	796.90935	2	58.9292	2
1591.86085	796.93770	2	86.6339	2
1592.82030	531.94740	3	66.9719	1
1592.82970	797.42210	2	70.2696	1
1592.91550	797.46505	2	72.3656	2
1593.74275	532.25485	3	55.2972	2
1593.74275	797.87865	2	55.2768	2
1593.76580	797.89015	2	83.8561	2
1593.78440	797.89950	2	94.5715	1
1593.95140	797.98295	2	82.1640	2
1595.80430	798.90940	2	91.9142	2
1595.86450	532.96210	3	50.3856	2
1596.77030	533.26400	3	52.9387	2
1596.77845	799.39650	2	68.2523	2
1596.80005	799.40730	2	53.9101	2
1597.86840	799.94150	2	70.2795	2
1598.83950	533.95375	3	82.5335	2
1598.84680	800.43065	2	82.4671	2
1599.72480	800.86970	2	74.4093	2
1599.84815	800.93135	2	74.8007	2
1599.89150	534.30445	3	63.2247	2
1599.89685	534.30620	3	77.1841	2
1600.29700	534.43960	3	63.7109	2
1600.78035	801.39745	2	77.0326	2
1600.84365	534.62185	3	64.5551	2
1600.86850	801.44155	2	64.1301	2
1601.72580	801.87020	2	52.6300	1
1602.80160	802.40810	2	76.5727	2
1602.80540	802.41000	2	62.8592	1
1602.86420	802.43940	2	73.1066	2
1603.80965	802.91210	2	81.1813	2
1604.74360	803.37905	2	64.5017	2
1604.78295	535.93495	3	68.3072	2
1607.79910	536.94030	3	48.2346	1
1607.81980	804.91720	2	71.3648	1
1607.85045	804.93250	2	85.2282	2
1607.90450	536.97540	3	79.8802	2
1609.83615	537.61930	3	88.9374	2
1609.83760	805.92610	2	88.9209	2
1610.72250	806.36850	2	65.6965	2
1610.90800	806.46125	2	97.4548	2
1610.97140	537.99770	3	71.0155	1
1612.85000	807.43230	2	84.6598	2
1612.85890	538.62690	3	70.2887	3
1612.87000	807.44230	2	89.0872	2
1612.90485	538.64220	3	76.9114	2
1613.85275	807.93365	2	82.7143	2
1613.90465	807.95960	2	80.9674	2
1614.76220	808.38840	2	88.8331	2
1614.84080	808.42770	2	77.4908	2
1615.85690	539.62620	3	72.9197	2
1615.89480	808.95470	2	84.9385	1
1616.73195	539.91790	3	47.7004	2
1616.84655	809.43055	2	92.2716	2
1617.78845	809.90150	2	44.3010	2
1617.83835	809.92645	2	77.7824	2
1617.91830	809.96645	2	98.7905	2
1619.81575	540.94585	3	65.6730	2
1620.86100	541.29430	3	86.1581	2
1620.86465	811.43960	2	86.1524	2
1621.82930	811.92195	2	84.5915	2
1621.87385	811.94420	2	70.8716	2
1622.76390	541.92855	3	37.6680	2
1622.79865	541.94015	3	81.6605	2
1622.82760	812.42110	2	68.1189	1
1623.86140	812.93795	2	87.6042	2
1624.95190	813.48320	2	86.8519	1
1625.77385	813.89420	2	77.7659	2
1625.77675	813.89565	2	80.9052	2
1625.83260	542.95150	3	83.1145	1
1626.75700	814.38580	2	71.1363	1
1626.85640	543.29270	3	57.1675	2
1626.85940	814.43700	2	57.1981	2
1626.90235	814.45845	2	89.0291	2
1627.74865	814.88160	2	67.4564	2
1628.79015	543.93730	3	94.5739	2
1628.79235	815.40345	2	94.5384	2
1628.79280	815.40370	2	81.4336	1
1628.81580	543.94585	3	56.5825	2
1628.81620	815.41535	2	56.6420	2
1629.81145	815.91300	2	70.2086	2
1629.87280	815.94365	2	69.6777	2
1629.88500	815.94975	2	88.7326	2
1630.84605	544.62265	3	81.9552	2
1631.92455	544.98215	3	71.5769	2
1631.92615	816.97035	2	71.6369	2
1632.77895	545.26690	3	46.1823	2
1632.88750	545.30310	3	92.8840	1
1633.84360	545.62180	3	79.5828	2
1633.85700	545.62630	3	61.9399	1
1634.80035	818.40745	2	62.6220	2
1634.83010	545.95060	3	44.3497	1
1634.88630	545.96940	3	53.6986	2
1635.79870	818.90660	2	81.8798	1
1636.94270	819.47860	2	91.5915	2
1638.84045	547.28740	3	75.7061	2
1639.74040	820.87750	2	62.2454	2
1639.87675	547.63285	3	77.6998	2
1639.87680	820.94570	2	94.5140	2
1639.87985	547.63390	3	94.8161	2
1639.87995	820.94725	2	77.8206	2
1639.93305	820.97380	2	90.0953	2
1640.84990	547.95725	3	47.0712	2
1640.88940	821.45200	2	84.9696	1
1641.77345	821.89400	2	74.4723	2
1641.88350	821.94905	2	84.1848	2
1642.69075	822.35265	2	46.9602	2
1642.80600	822.41030	2	59.3360	2
1642.85265	548.62485	3	48.2909	2
1642.85285	822.43370	2	48.3274	2
1642.88290	548.63490	3	79.3620	2
1643.67160	822.84310	2	65.8653	2
1643.78940	548.93710	3	47.0078	1
1643.82580	822.92020	2	44.5715	1
1643.82870	822.92160	2	75.0002	2
1643.84090	548.95425	3	66.7407	2
1644.75770	823.38615	2	77.6145	2
1644.84360	412.21820	4	41.9310	2
1645.90360	549.64180	3	67.3328	1
1646.83860	549.95345	3	61.4857	2
1648.96960	413.24970	4	58.2376	1
1648.96985	550.66390	3	58.2327	2
1649.93625	825.97540	2	76.8836	2
1651.90480	826.95965	2	88.3695	2
1651.92640	551.64940	3	84.7512	2
1651.92665	826.97060	2	84.7198	2
1652.75500	827.38480	2	68.6207	1
1653.87195	552.29790	3	75.9882	2
1653.88635	827.95045	2	92.1937	2
1653.92100	552.31425	3	76.6905	2
1654.78805	828.40130	2	70.7387	2
1654.89665	828.45560	2	81.1106	2
1655.76415	552.92865	3	48.9176	2
1657.81990	829.91725	2	88.5744	2
1658.79055	553.93745	3	54.5143	2
1658.83680	830.42570	2	79.0556	2
1659.91090	554.31090	3	78.8810	2
1659.92830	830.97140	2	78.9331	1
1660.74170	554.58785	3	65.0462	2
1660.84185	554.62125	3	62.3861	2
1662.80225	555.27470	3	51.9007	2
1662.82880	832.42170	2	69.7981	2
1662.85460	832.43460	2	97.1781	1
1663.79525	555.60570	3	71.7331	2
1664.72650	833.37055	2	66.7406	2
1664.78030	833.39740	2	83.6159	2
1664.81070	833.41260	2	79.2113	1
1664.84220	833.42840	2	73.2641	2
1666.86820	834.44135	2	77.0654	2
1666.87045	556.63075	3	76.9646	2
1666.87670	834.44565	2	80.8053	2
1666.91810	834.46635	2	82.5031	2
1667.81500	556.94560	3	58.0144	1
1667.86240	834.93845	2	77.3430	2
1668.81270	557.27820	3	57.4296	1
1669.85300	835.93375	2	71.5476	2
1670.83550	836.42500	2	96.2706	2
1670.88475	557.96885	3	55.3577	2
1671.71510	558.24565	3	50.8549	2
1672.72265	558.58150	3	42.4682	2
1673.89830	558.97340	3	76.7357	2
1673.89940	837.95700	2	76.6259	2
1674.89300	838.45380	2	91.7920	2
1675.73845	838.87650	2	30.2261	2
1676.22925	420.06460	4	30.6534	4
1676.23310	559.75165	3	30.6258	4
1677.81280	560.27820	3	70.6166	2
1677.82710	560.28300	3	45.9086	1
1678.00380	560.34190	3	65.6062	2
1681.82320	841.91885	2	75.7970	2
1681.90040	561.64075	3	80.2871	2
1681.90160	841.95810	2	80.2342	3
1681.92475	841.96965	2	93.2231	2
1681.92590	561.64920	3	93.1288	1
1682.79945	842.40700	2	87.6304	2
1682.87490	842.44470	2	92.7956	1
1682.89340	842.45400	2	79.1256	2
1682.90310	561.97500	3	84.7441	1
1682.93140	561.98440	3	81.1036	1
1682.93430	842.47440	2	71.4696	2
1683.88355	842.94905	2	77.1897	2
1684.74075	422.19250	4	26.0147	2
1684.74115	562.58765	3	25.9874	2
1684.91510	843.46480	2	80.9363	2
1685.91355	562.97845	3	65.3121	2
1686.87555	563.29910	3	63.7364	2
1687.91740	844.96595	2	87.9543	2
1687.91845	563.64675	3	87.9892	2
1688.72740	423.18910	4	31.6204	1
1688.73410	845.37430	2	32.0800	1
1688.87260	563.96480	3	58.2780	1
1688.88160	845.44810	2	83.5495	2
1689.22580	564.08255	3	32.3564	4
1689.84290	564.28825	3	58.5561	2
1689.91015	564.31065	3	93.7785	2
1689.91260	845.96355	2	93.8207	2
1690.96155	564.66110	3	63.8261	2
1692.81895	847.41675	2	83.8618	2
1692.96700	847.49075	2	90.3199	2
1692.97075	565.33085	3	90.4509	2
1693.93650	565.65280	3	63.4255	1
1693.94020	565.65400	3	82.3827	2
1694.80285	565.94155	3	50.2128	2
1695.32960	848.67210	2	69.5807	4
1696.77315	849.39385	2	63.2579	2
1696.84715	849.43085	2	86.1903	2
1696.90755	566.64310	3	85.4949	2
1696.90935	849.46195	2	85.3557	2
1697.84000	566.95390	3	50.4992	1
1697.90285	566.97490	3	77.7219	2
1697.90465	849.95960	2	77.7521	2
1698.00795	567.00990	3	82.5871	2
1698.88700	567.30290	3	81.6870	1
1698.89945	567.30705	3	84.5360	2
1698.89960	850.45710	2	84.5272	2
1698.90530	567.30900	3	58.6387	1
1699.86060	567.62750	3	78.0778	1
1699.99100	851.00280	2	93.2279	2
1700.88575	851.45015	2	66.3364	2
1700.91130	851.46290	2	80.4490	2
1701.86730	568.29640	3	60.9771	2
1701.93030	851.97240	2	89.7281	1
1703.73840	568.92005	3	61.7981	2
1703.81595	568.94595	3	60.6830	2
1704.72730	569.24970	3	26.8123	1
1704.72815	427.18935	4	26.8518	2
1704.89535	853.45495	2	90.8667	2
1704.91655	569.31280	3	70.7087	2
1705.83605	569.61925	3	46.9552	2
1705.83990	853.92720	2	47.0412	2
1705.87490	853.94475	2	96.0297	2
1705.88205	569.63460	3	69.3665	2
1705.88430	853.94940	2	69.4586	2
1705.92005	569.64725	3	67.2806	2
1706.88945	854.45200	2	88.3337	2
1706.90210	569.97465	3	86.1961	6
1706.90460	854.45955	2	83.3282	2
1707.80470	854.90960	2	81.1658	1
1707.89060	570.30410	3	93.7352	1
1707.89240	854.95345	2	93.6632	2
1707.89760	570.30650	3	77.2664	5
1707.97700	854.99580	2	78.7506	2
1707.97815	570.33335	3	78.9062	2
1708.76030	570.59400	3	55.9754	1
1709.98240	571.00140	3	76.0665	2
1710.01910	571.01360	3	80.3547	2
1710.92640	856.47045	2	76.4897	2
1712.88880	857.45170	2	66.6515	2
1712.93910	571.98695	3	68.7811	2
1714.89975	858.45715	2	62.6194	2
1714.89990	572.64060	3	62.5667	3
1714.90505	858.45980	2	70.6493	2
1716.88770	859.45110	2	86.7289	1
1717.22755	859.62105	2	56.5995	4
1717.86355	573.62845	3	71.9802	2
1717.86560	859.94010	2	72.0202	2
1717.87215	859.94335	2	83.7741	2
1717.89915	859.95685	2	93.8897	2
1720.90445	861.45950	2	77.7054	2
1721.75980	861.88715	2	37.7908	2
1722.35550	862.18505	2	75.7682	4
1722.87290	575.29825	3	75.7385	2
1722.89760	575.30645	3	76.2271	2
1723.02375	575.34855	3	69.5565	2
1723.02580	862.52020	2	69.5874	2
1724.87735	863.44595	2	82.3854	2
1725.82620	863.92035	2	67.0173	2
1726.01575	576.34585	3	82.1640	2
1726.93630	576.65270	3	73.7579	1
1728.78990	577.27055	3	63.5602	2
1729.00340	577.34175	3	82.7284	2
1730.75650	577.92610	3	64.8385	2
1730.89700	866.45575	2	73.0450	2
1730.89975	866.45715	2	88.7383	2
1731.04420	578.02200	3	89.0959	2
1731.93020	866.97240	2	86.5997	1
1733.87580	578.96590	3	75.7974	2
1733.87630	867.94545	2	75.9184	2
1735.78650	868.90050	2	79.0387	2
1735.87910	579.63365	3	78.8697	2
1735.96565	579.66250	3	97.8994	2
1735.96880	868.99170	2	97.7609	2
1736.84805	579.95665	3	80.5689	2
1736.84850	869.43155	2	80.5910	2
1737.92820	580.31665	3	78.6668	2
1737.98895	870.00175	2	91.1431	2
1738.80215	870.40835	2	68.6244	2
1738.81995	580.61390	3	60.1770	2
1738.82040	580.61405	3	65.9035	2
1739.84380	580.95520	3	70.2829	1
1739.88430	580.96870	3	68.3303	1
1742.87295	581.96495	3	67.5208	2
1743.80295	872.90875	2	67.7692	2
1743.81045	872.91250	2	50.9361	2
1743.98465	872.99960	2	95.7988	2
1744.89950	582.64040	3	71.5560	2
1745.91380	582.97855	3	74.0067	2
1745.92505	873.96980	2	82.9116	2
1746.79640	874.40545	2	90.0204	2
1748.87425	583.96535	3	63.0638	2
1749.86550	584.29575	3	62.0844	2
1749.86615	875.94035	2	62.0413	2
1750.01015	584.34400	3	56.3172	2
1750.01230	876.01340	2	56.3806	2
1751.84240	584.95475	3	57.4514	2
1751.93655	876.97555	2	91.1152	2
1752.89090	585.30420	3	48.9102	1
1752.98690	585.33620	3	86.5361	2
1752.98885	877.50170	2	86.4767	2
1755.85920	878.93690	2	71.0189	2
1755.90330	878.95890	2	90.6861	2
1756.89050	879.45250	2	79.5186	2
1757.92300	586.98160	3	74.3733	2
1758.79385	880.40420	2	49.2011	2
1758.83115	587.28430	3	77.4550	2
1759.73850	880.87650	2	59.3993	1
1759.84520	880.92990	2	89.6751	2
1759.84800	587.62330	3	65.9030	2
1759.91230	880.96345	2	88.5715	2
1760.92305	587.98165	3	80.5464	2
1760.93910	881.47680	2	88.1519	2
1761.89760	588.30650	3	73.9952	1
1762.84205	882.42830	2	76.4187	2
1763.83335	882.92395	2	61.8957	2
1763.83470	588.95220	3	61.8371	3
1763.91750	882.96600	2	78.3513	1
1763.93260	882.97360	2	72.5420	1
1764.99830	589.34000	3	92.9744	2
1765.00055	883.50755	2	92.9935	2
1765.86495	883.93975	2	80.3826	2
1765.89045	883.95250	2	65.6300	2
1766.94770	884.48110	2	84.3741	2
1766.96980	884.49220	2	87.1134	2
1767.03105	590.01760	3	81.8893	2
1767.82250	590.28145	3	64.8927	2
1767.85095	590.29090	3	89.3789	2
1767.85510	884.93485	2	89.3929	2
1767.97260	590.33145	3	88.9293	2
1768.90090	885.45775	2	80.1600	2
1769.01750	590.67980	3	80.7674	1
1769.91660	885.96560	2	67.3030	1
1770.00560	591.00910	3	74.2478	2
1770.00600	886.01030	2	91.6510	2
1772.33545	887.17500	2	77.2536	4
1774.88630	888.45040	2	58.8387	2
1774.88700	592.63630	3	58.7964	3
1774.93350	888.47405	2	89.2456	2
1776.89650	593.30610	3	67.3083	2
1777.32140	889.66795	2	64.2361	4
1778.86315	890.43885	2	76.4129	2
1778.99180	890.50315	2	72.1754	2
1779.80335	445.95815	4	51.5290	2
1779.98965	891.00210	2	73.7794	2
1780.40310	594.47495	3	53.6823	4
1782.87555	595.29910	3	76.0578	2
1783.84580	892.93020	2	73.5866	2
1784.88050	595.96745	3	62.3985	2
1784.88280	893.44870	2	62.4625	2
1784.91595	595.97925	3	55.5124	2
1785.88790	893.95125	2	88.4320	2
1785.89210	596.30460	3	88.5309	1
1788.02660	597.01610	3	86.3427	1
1788.91295	597.31160	3	35.7112	2
1789.92925	895.97190	2	82.2790	2
1790.90820	896.46135	2	90.5419	2
1791.84845	598.29005	3	49.8178	2
1792.91120	598.64435	3	61.9498	2
1793.05695	897.53575	2	97.6522	2
1793.87595	897.94525	2	89.7653	2
1793.92240	897.96845	2	84.5448	2
1794.81775	898.41615	2	63.7258	2
1794.85810	898.43635	2	82.0622	2
1794.98515	898.49985	2	79.7260	2
1796.85750	599.95980	3	74.6314	1
1796.88050	599.96745	3	84.1817	2
1796.98020	600.00070	3	71.1558	3
1799.92970	600.98380	3	99.8254	2
1799.93250	900.97350	2	99.7806	2
1800.99800	601.33990	3	82.6192	1
1802.90235	601.97475	3	96.8259	2
1803.92205	602.31465	3	50.1405	2
1804.86725	602.62965	3	66.0952	2
1804.86730	903.44090	2	66.0442	3
1804.89625	602.63935	3	78.2582	2
1804.97085	602.66425	3	78.6363	2
1804.97305	903.49380	2	79.0045	2
1805.87980	903.94720	2	77.2035	8
1806.03630	603.01940	3	72.1995	1
1806.88425	904.44940	2	69.1648	2
1806.90120	603.30770	3	84.4585	1
1809.91570	905.96510	2	73.3312	2
1809.99960	906.00705	2	73.5345	2
1813.90045	907.95750	2	86.2200	2
1813.94730	907.98090	2	83.8703	2
1814.80165	605.94115	3	80.3156	2
1814.80490	908.40970	2	80.3884	2
1814.96680	605.99620	3	66.3416	1
1815.92420	908.96940	2	86.5683	2
1815.92910	606.31700	3	86.5875	1
1815.94290	606.32160	3	72.5720	1
1816.88930	606.63700	3	79.1634	1
1817.86230	606.96135	3	69.7788	2
1817.90240	606.97475	3	49.8367	2
1820.86290	911.43870	2	59.5260	2
1820.91335	607.97840	3	79.3076	2
1821.00455	608.00880	3	80.4498	2
1821.06175	608.02785	3	84.3552	2
1821.84920	608.29030	3	80.7487	2
1821.89655	608.30610	3	53.3708	2
1822.91135	912.46295	2	85.5556	2
1822.91615	912.46535	2	72.7582	2
1823.90630	608.97605	3	68.5470	2
1825.86445	913.93950	2	55.9046	2
1825.86490	609.62890	3	55.8408	2
1825.89565	913.95510	2	67.4646	2
1827.94200	610.32130	3	74.2535	2
1827.96850	610.33010	3	65.8107	2
1827.96990	914.99225	2	65.7508	2
1828.91445	915.46450	2	84.4363	2
1828.95300	915.48375	2	73.8553	2
1832.00820	611.67670	3	72.9845	2
1832.86775	917.44115	2	81.9408	2
1832.91585	611.97925	3	76.6469	2
1833.90940	612.31040	3	77.4482	1
1833.93735	917.97595	2	80.5117	2
1833.96565	612.32915	3	88.1432	2
1833.97660	917.99560	2	77.2317	1
1835.79800	612.93995	3	59.9264	2
1836.04770	613.02315	3	73.7991	2
1836.92770	613.31650	3	85.7817	2
1838.11615	613.71265	3	74.3348	2
1838.95740	613.99305	3	64.2419	2
1839.99530	614.33900	3	64.7085	2
1841.01605	614.67930	3	70.4180	2
1841.01660	921.51560	2	70.3333	2
1841.85830	614.96005	3	49.6636	2
1842.93110	615.31760	3	66.0396	2
1842.97340	615.33175	3	71.9908	2
1843.99530	923.00495	2	83.0900	2
1844.89075	615.97085	3	63.4015	2
1844.91135	615.97775	3	67.6794	2
1845.98985	616.33725	3	86.4110	2
1845.99275	924.00365	2	86.5906	2
1846.79155	924.40305	2	72.4803	2
1846.93615	924.47535	2	75.3567	2
1846.96980	924.49220	2	85.2865	2
1849.89690	925.95570	2	90.2657	2
1851.89590	618.30590	3	81.9208	2
1852.02215	927.01835	2	83.4259	2
1853.92755	618.98315	3	61.3376	2
1854.93130	928.47295	2	92.4367	2
1856.85795	619.95990	3	55.2213	2
1856.87990	929.44720	2	83.1839	2
1859.94365	930.97910	2	72.8492	2
1860.94860	621.32350	3	89.1878	2
1860.94875	931.48165	2	89.1965	2
1860.99870	621.34015	3	76.0216	2
1861.91350	931.96400	2	88.3015	1
1861.98505	621.66895	3	83.4571	2
1862.81730	621.94640	3	60.5588	1
1862.87130	932.44290	2	87.2790	2
1863.99140	622.33775	3	88.6720	2
1864.88260	622.63480	3	73.4360	2
1866.01285	623.01155	3	82.0157	2
1867.84355	623.62180	3	54.3453	2
1867.89330	623.63840	3	89.3149	1
1867.90810	934.96130	2	83.7868	1
1868.83515	935.42485	2	64.0007	2
1872.89815	625.30665	3	54.0634	2
1873.94580	625.65590	3	76.4756	2
1873.96885	937.99170	2	81.5153	2
1880.97595	627.99925	3	63.2342	2
1881.02755	628.01645	3	80.1230	2
1882.97700	942.49575	2	71.6075	2
1883.88305	942.94880	2	76.1885	2
1883.92190	628.98120	3	71.1047	1
1884.87595	629.29925	3	67.3013	2
1884.97290	943.49370	2	89.6331	1
1885.87310	943.94385	2	66.1263	2
1885.91730	943.96590	2	84.3932	2
1885.91765	629.64645	3	84.4639	2
1886.90100	629.97425	3	69.2405	2
1886.90170	944.45815	2	69.3099	2
1888.00435	630.34205	3	81.7229	2
1888.97040	945.49250	2	83.4937	2
1890.93745	631.31975	3	70.2197	2
1890.94855	631.32345	3	74.6382	2
1890.99475	631.33885	3	85.2280	2
1892.06585	947.04020	2	83.3417	2
1893.96145	947.98800	2	85.9093	2
1893.97930	632.33370	3	58.7110	2
1899.87930	950.94695	2	70.7765	2
1899.98440	634.33540	3	62.7074	1
1902.89560	952.45510	2	80.1945	2
1903.93445	635.65210	3	77.9369	2
1904.96940	635.99710	3	75.4115	2
1904.97300	953.49375	2	75.5017	2
1908.96735	955.49095	2	86.8708	2
1909.97960	478.50220	4	71.4759	1
1909.98170	637.66780	3	71.5166	1
1909.99670	637.67285	3	76.1276	2
1910.17165	637.73115	3	79.5467	2
1911.89140	956.95300	2	73.3902	2
1911.99970	638.34050	3	81.8174	2
1912.00100	957.00775	2	81.7878	2
1912.91310	638.64500	3	33.1001	2
1912.98950	638.67045	3	74.4334	2
1913.09815	638.70665	3	71.0834	2
1914.98050	639.33410	3	69.1409	2
1915.05185	479.77025	4	74.9780	2
1919.90440	960.95950	2	91.6598	2
1920.96530	641.32900	3	61.4216	1
1920.96560	641.32910	3	61.3868	1
1921.00010	641.34065	3	82.7817	2
1921.93370	961.97415	2	96.0579	2
1921.93590	641.65255	3	96.1414	2
1923.88740	962.95100	2	79.1926	2
1923.96215	642.32800	3	72.8551	2
1924.02040	642.34740	3	78.4752	2
1927.00005	643.34060	3	90.0924	2
1930.94515	644.65565	3	83.4385	2
1932.83900	967.42680	2	58.1319	1
1932.83935	645.28705	3	58.0452	2
1933.08895	967.55175	2	87.0163	2
1933.91080	967.96270	2	76.3499	1
1934.08230	645.70140	3	86.9324	2
1935.07915	646.03365	3	79.2428	2
1935.93235	646.31805	3	65.6617	2
1937.92900	646.98360	3	92.2661	1
1937.92940	969.97200	2	92.1023	2
1937.93240	969.97350	2	88.2080	2
1937.94510	646.98900	3	78.9625	2
1937.94620	969.98040	2	79.0512	1
1938.93910	970.47685	2	91.1768	2
1938.95305	970.48380	2	80.2006	2
1939.01765	647.34650	3	75.0351	2
1939.83950	647.62040	3	27.6356	1
1941.88030	648.30070	3	57.8482	2
1942.04130	648.35435	3	76.6032	2
1942.47630	648.49935	3	85.4835	4
1942.84060	648.62080	3	60.8845	2
1943.94185	648.98790	3	74.2847	2
1944.98295	649.33490	3	66.8283	2
1945.89600	649.63925	3	66.3992	2
1947.93005	650.31725	3	72.5483	2
1947.98585	650.33590	3	80.5319	2
1947.98630	975.00045	2	80.4996	2
1950.98195	651.33460	3	71.8583	2
1951.99410	977.00435	2	87.6976	2
1954.89595	978.45525	2	81.1781	2
1955.93950	652.98710	3	59.2688	1
1955.93970	652.98720	3	59.2426	1
1956.05835	653.02670	3	81.5613	2
1956.90130	653.30770	3	66.1794	2
1956.99400	979.50425	2	75.7740	2
1961.02540	981.51995	2	87.8898	2
1961.04860	981.53160	2	88.0915	2
1961.04880	654.69020	3	88.0189	2
1963.05290	655.35820	3	75.5534	1
1963.05300	982.53380	2	75.5377	2
1966.08910	984.05180	2	89.7767	2
1966.93670	656.65285	3	74.8800	2
1966.98010	656.66730	3	96.5311	2
1966.98445	984.49950	2	96.5808	2
1966.98920	984.50185	2	78.5061	2
1967.00660	656.67610	3	82.4289	1
1970.05880	657.69350	3	76.4056	1
1970.07050	657.69740	3	77.3037	2
1970.98285	658.00155	3	60.8013	2
1973.07135	658.69775	3	59.8309	2
1974.04370	988.02910	2	93.7080	1
1976.01855	659.68015	3	94.8024	2
1976.02540	989.01995	2	94.7283	2
1976.96950	659.99710	3	83.9322	2
1977.03430	989.52440	2	81.6010	2
1978.19410	660.40530	3	93.0268	3
1978.89865	660.64015	3	35.7606	2
1979.03275	660.68485	3	87.1455	2
1983.03115	662.01765	3	86.1961	2
1984.02880	993.02165	2	79.2512	2
1985.95995	993.98725	2	72.8825	2
1988.04660	663.68950	3	71.1086	2
1989.02525	664.01570	3	74.1946	2
1992.01960	997.01710	2	92.6888	2
1992.05950	665.02710	3	79.6073	2
1994.00495	998.00975	2	93.5249	2
1994.00510	665.67565	3	93.5752	2
2001.00085	668.00755	3	83.6957	2
2001.00550	1001.51000	2	83.8246	1
2002.96315	1002.48885	2	75.9665	2
2002.98390	668.66860	3	67.3268	1
2003.03360	1002.52410	2	88.7657	2
2003.03445	668.68540	3	88.6996	2
2003.04340	1002.52895	2	91.3243	2
2004.08935	669.03705	3	78.7923	2
2009.03745	670.68640	3	58.3760	2
2009.08505	670.70230	3	76.7814	2
2010.00130	671.00770	3	91.7698	2
2010.00375	1006.00915	2	91.7550	2
2010.99915	1006.50685	2	76.8552	2
2016.99240	1009.50350	2	79.9139	2
2019.07040	674.03070	3	93.8450	2
2022.01800	675.01325	3	63.9016	2
2024.89270	1013.45360	2	56.0130	1
2026.01320	1014.01390	2	88.0868	2
2026.12525	676.38235	3	85.3963	2
2026.12550	1014.07005	2	85.3344	2
2027.05650	676.69275	3	87.1211	2
2031.02915	678.01700	3	87.2153	2
2033.06335	678.69505	3	72.4863	2
2034.05980	679.02720	3	71.2550	1
2035.86080	679.62750	3	57.6017	2
2037.04355	680.02175	3	65.1391	2
2041.07745	681.36640	3	79.7004	2
2041.97720	681.66630	3	72.4355	3
2043.01005	1022.51230	2	82.0716	2
2043.01060	682.01080	3	81.9746	2
2047.98180	683.66785	3	47.6114	2
2048.04660	1025.03055	2	94.8997	2
2048.05140	683.69105	3	94.9302	2
2048.95775	683.99320	3	76.1526	2
2049.04200	684.02130	3	86.6587	1
2050.03670	684.35280	3	88.4050	2
2052.92750	1027.47105	2	75.1558	2
2054.09885	1028.05670	2	96.6539	2
2054.89840	685.97340	3	68.9107	1
2057.90430	1029.95940	2	79.9410	1
2058.07625	687.03270	3	96.7414	2
2058.07870	1030.04660	2	96.7640	2
2059.00585	687.34255	3	76.9391	2
2059.57175	687.53120	3	88.4101	4
2059.92870	687.65020	3	67.5205	1
2059.96840	1030.99150	2	84.2754	2
2060.01330	687.67840	3	92.3133	2
2064.03225	1033.02340	2	88.2903	2
2064.04470	689.02215	3	89.1880	2
2064.96110	1033.48785	2	84.0582	2
2067.99245	690.33810	3	68.6564	2
2070.95815	1036.48635	2	72.0800	2
2071.03420	691.35200	3	66.6595	2
2071.03625	1036.52540	2	91.3078	2
2072.11585	691.71255	3	87.5082	2
2073.10465	692.04215	3	76.3564	2
2075.07905	692.70030	3	71.6985	2
2076.04880	693.02355	3	67.1971	2
2078.03515	693.68565	3	92.7508	2
2078.06475	693.69550	3	78.3527	2
2079.02780	694.01650	3	73.8569	1
2080.10240	521.03290	4	70.1553	2
2080.10475	694.37555	3	70.4609	2
2085.08940	696.03710	3	78.9269	1
2086.03880	1044.02670	2	88.1788	2
2090.94045	1046.47750	2	87.4721	2
2092.08620	698.36935	3	73.7931	2
2092.97595	1047.49525	2	86.8352	2
2093.11280	698.71155	3	79.7962	2
2093.11365	1047.56410	2	79.7319	2
2093.92885	1047.97170	2	89.1323	2
2093.98170	1047.99815	2	85.6437	2
2093.98175	699.00120	3	85.7117	2
2094.94615	699.32265	3	50.9716	2
2094.98915	1048.50185	2	83.7045	2
2095.00510	699.34230	3	68.9421	2
2100.07130	701.03100	3	91.8638	1
2104.07250	702.36480	3	72.5850	3
2104.07280	1053.04370	2	72.6758	1
2105.14315	702.72165	3	90.2166	2
2112.14330	1057.07890	2	92.7120	1
2114.12320	1058.06885	2	95.0060	2
2114.12750	705.71645	3	94.7802	2
2119.04865	707.35680	3	63.7775	2
2121.13620	708.05270	3	82.3345	1
2122.10425	708.37535	3	69.8402	2
2125.14800	709.38990	3	92.8421	2
2126.14160	1064.07810	2	77.3646	2
2126.14220	709.72135	3	77.4264	2
2131.17810	711.40000	3	83.2654	2
2136.95520	713.32570	3	76.1664	2
2137.12120	713.38100	3	69.8095	2
2137.94600	1069.98030	2	72.8970	3
2143.09500	715.37230	3	81.3299	2
2148.10910	717.04360	3	61.1645	1
2156.01295	719.67825	3	65.3478	2
2156.15720	1079.08590	2	97.8174	1
2160.04535	721.02240	3	63.1773	2
2161.14250	721.38810	3	85.9983	2
2165.06540	722.69570	3	76.5358	1
2169.12370	724.04850	3	76.0856	2
2169.20900	724.07690	3	89.9764	1
2170.03005	724.35065	3	75.8918	2
2180.97140	1091.49300	2	66.6089	1
2180.98195	728.00125	3	66.5350	2
2181.13810	1091.57635	2	80.2326	2
2181.13890	728.05360	3	80.2613	2
2190.06675	1096.04065	2	74.5188	2
2190.06690	731.02960	3	74.5857	2
2201.11745	734.71310	3	73.2448	2
2205.01440	736.01210	3	71.4063	2
2205.09740	1103.55600	2	98.6637	2
2205.09985	736.04055	3	98.7846	2
2214.07960	1108.04710	2	79.5214	2
2227.04895	743.35690	3	55.1570	2
2227.05125	1114.53290	2	55.1831	2
2236.11165	746.37780	3	85.3229	2
2238.12820	747.05000	3	73.0696	1
2240.18070	747.73415	3	84.6002	2
2240.18180	1121.09820	2	84.5358	2
2249.20010	1125.60730	2	82.6599	2
2250.02075	751.01415	3	45.9110	2
2269.25925	757.42700	3	82.8416	2
2279.05565	760.69245	3	68.5654	2
2282.08455	761.70210	3	63.8329	2
2282.17360	761.73180	3	79.7862	1
2284.23130	762.41770	3	93.7842	2
2284.23730	762.41970	3	90.5359	2
2291.01820	764.68000	3	67.1360	2
2291.01915	1146.51685	2	67.0805	2
2295.09535	766.03905	3	79.6130	2
2296.23540	766.41910	3	98.4962	1
2297.12365	766.71515	3	69.7406	2
2299.15530	767.39240	3	64.3935	1
2306.10820	769.71000	3	77.8607	1
2314.08925	772.37035	3	61.1100	2
2316.20530	773.07570	3	80.7298	1
2323.19775	1162.60615	2	85.0402	2
2323.29140	775.43775	3	89.0506	2
2336.17580	779.73250	3	83.5677	1
2347.18810	783.40330	3	59.0777	2
2364.20215	789.07465	3	76.7267	2
2379.16430	595.79835	4	62.6793	2
2379.16550	794.06245	3	62.7806	2
2387.14170	796.72115	3	85.2925	2
2389.99130	797.67105	3	61.6795	2
2391.16365	798.06180	3	80.9928	2
2391.18580	798.06920	3	95.3063	1
2391.19000	1196.60230	2	95.1694	2
2401.30260	801.44150	3	81.8523	2
2404.07410	802.36530	3	71.1795	2
2407.22875	803.41685	3	75.9281	2
2416.24195	806.42125	3	84.2403	2
2419.18900	807.40360	3	75.1574	1
2433.24120	812.08770	3	81.4087	1
2435.25670	812.75950	3	65.4131	2
2440.35060	814.45745	3	91.0789	2
2450.21830	1226.11640	2	92.8222	1
2453.16550	818.72910	3	76.7776	1
2456.21465	819.74550	3	78.5758	2
2460.19335	821.07170	3	85.4172	2
2519.20690	840.74290	3	65.5118	2
2525.30150	842.77445	3	85.8975	2
2532.23475	845.08555	3	74.0696	2
2548.22500	850.41560	3	65.7724	1
2549.46970	850.83050	3	83.2875	3
2549.47085	638.37500	4	83.9174	4
2558.29490	853.77225	3	91.9461	2
2589.27085	864.09755	3	70.8096	2
2604.27210	869.09800	3	84.7946	2
2611.30500	871.44230	3	83.1400	1
2620.21340	656.06065	4	65.0567	2
2630.31600	877.77930	3	84.4900	1
2643.33680	882.11955	3	86.6126	2
2694.40360	899.14180	3	82.9599	1
2724.43950	909.15380	3	88.6288	1
2749.48045	917.50075	3	81.7608	2
2801.44700	701.36900	4	85.8521	1
2804.27865	935.76685	3	77.1781	2
3000.54200	1001.18795	3	86.3342	2
3132.48470	784.12845	4	69.2478	2
3208.55735	803.14660	4	70.2137	2
3536.65720	1179.89300	3	84.3448	2
4062.00260	1016.50795	4	67.4565	2
