mono_mass	mz	charge	rt	n_psm
798.41280	400.21370	2	39.4875	1
798.46060	400.23760	2	44.6943	1
798.48460	400.24960	2	58.7418	2
798.49050	400.25250	2	34.0353	1
799.45515	400.73485	2	50.1839	2
800.43920	401.22690	2	44.9330	2
800.43985	401.22720	2	41.4333	2
800.45480	401.23470	2	52.2141	2
801.43555	401.72505	2	37.9097	2
801.45950	401.73700	2	45.9087	1
801.53255	401.77355	2	46.0031	2
802.38635	402.20045	2	39.9795	2
802.42470	402.21960	2	35.6414	1
802.49850	402.25655	2	62.8662	2
805.44575	403.73015	2	52.5042	2
806.39635	404.20545	2	38.7866	2
806.45345	404.23400	2	51.2343	2
806.45370	404.23410	2	61.4334	2
807.41345	404.71400	2	41.1809	2
808.36270	405.18860	2	38.0560	2
808.39920	405.20690	2	31.2996	1
808.43830	405.22640	2	37.5874	1
811.35545	406.68500	2	38.7019	2
811.49125	406.75290	2	50.5206	2
812.42280	407.21865	2	43.8899	2
812.43975	407.22715	2	41.1733	2
812.44380	407.22920	2	56.3300	1
812.47550	407.24500	2	61.0069	1
812.48720	407.25085	2	45.7798	2
812.48740	407.25100	2	38.5507	1
812.51180	407.26320	2	50.0725	2
814.45475	408.23465	2	35.8610	2
814.45610	408.23535	2	52.6173	2
814.51655	408.26555	2	59.7543	2
815.43895	408.72675	2	39.9269	2
815.46980	408.74220	2	57.7505	1
815.47620	408.74540	2	43.4216	3
815.47675	408.74565	2	47.4984	2
815.49720	408.75590	2	39.2323	2
815.51095	408.76275	2	47.3185	2
816.44960	409.23210	2	67.5056	1
816.47070	409.24260	2	38.7568	2
817.43005	409.72230	2	35.9406	2
817.48140	409.74800	2	67.9495	2
818.44010	410.22730	2	53.6667	2
818.48995	410.25225	2	74.9858	2
819.39155	410.70305	2	36.4052	2
819.43100	410.72275	2	64.0895	2
820.43410	411.22430	2	40.0476	1
820.45540	411.23500	2	34.3164	1
820.46870	411.24165	2	46.6475	2
820.48835	411.25145	2	72.7014	2
821.39510	411.70480	2	29.0821	1
821.42740	411.72100	2	41.9179	1
821.44640	411.73050	2	34.8649	2
822.39110	412.20285	2	32.4215	4
822.42400	412.21925	2	38.2341	2
823.42665	412.72060	2	55.7764	2
823.44420	412.72940	2	46.1466	1
824.43320	413.22390	2	29.4715	1
824.54855	413.28155	2	72.1876	2
826.43680	414.22570	2	42.6490	1
826.45480	414.23470	2	49.0942	1
826.49170	414.25310	2	43.3992	2
826.52745	414.27100	2	70.6229	2
826.52790	414.27125	2	50.7570	2
827.48630	414.75040	2	49.7917	1
828.41760	415.21605	2	32.0944	2
828.47685	415.24570	2	40.0899	2
829.44865	415.73160	2	41.2216	4
829.46525	415.73990	2	42.7803	2
829.46560	415.74010	2	35.9823	1
829.49105	415.75280	2	56.7879	2
829.50150	415.75800	2	51.5012	1
829.50260	415.75855	2	37.9945	2
831.46920	416.74190	2	49.6387	1
831.49695	416.75580	2	70.8677	2
832.39260	417.20355	2	35.5662	2
832.93020	417.47240	2	46.1569	4
833.47650	417.74550	2	55.2417	1
834.43500	418.22475	2	39.1193	2
835.41030	418.71240	2	48.0655	1
835.44455	418.72955	2	44.4745	2
836.38670	419.20060	2	41.5724	1
836.40045	419.20750	2	42.5991	2
836.44130	419.22790	2	57.4370	2
836.44150	419.22800	2	44.5855	2
837.40200	419.70830	2	48.9628	1
837.40605	419.71030	2	55.2876	2
838.41865	420.21660	2	38.5941	2
839.42930	420.72190	2	56.1183	2
839.58475	420.79970	2	74.2082	2
840.47210	421.24330	2	44.0302	1
840.54305	421.27880	2	60.7788	2
840.54310	421.27885	2	75.8945	2
841.46600	421.74025	2	42.0081	2
841.49155	421.75305	2	55.8337	2
841.49330	421.75390	2	52.4626	2
842.42860	422.22160	2	48.8038	2
842.45730	422.23590	2	43.0889	1
842.46190	422.23820	2	41.0401	1
842.48670	422.25060	2	53.1444	1
842.48695	422.25075	2	43.5146	2
842.48740	422.25100	2	39.6683	2
842.52225	422.26840	2	71.9543	2
842.52280	422.26865	2	50.2520	2
842.53355	422.27405	2	35.8082	2
843.45260	422.73360	2	40.5199	2
843.48145	422.74800	2	45.8551	2
843.54250	422.77855	2	64.2477	2
844.45555	423.23505	2	54.9615	2
844.46575	423.24015	2	36.7511	2
845.46025	423.73740	2	38.7044	2
845.46105	423.73780	2	45.3436	2
845.46485	423.73970	2	68.3432	2
845.48605	423.75030	2	53.6732	2
845.51150	423.76305	2	66.1727	2
845.53765	423.77610	2	77.3575	2
846.42885	424.22170	2	44.0379	2
846.44880	424.23170	2	62.1022	2
847.42405	424.71930	2	44.9953	2
847.42840	424.72150	2	31.7807	1
847.48050	424.74755	2	46.7076	2
848.43940	425.22695	2	53.8234	2
848.43940	425.22700	2	42.9515	2
848.44335	425.22895	2	37.8697	2
849.42040	425.71745	2	47.8863	2
849.43470	425.72460	2	54.4795	2
849.44260	425.72860	2	53.5433	1
850.45380	426.23420	2	47.5889	2
850.50285	426.25870	2	40.9866	2
851.40295	426.70875	2	36.8531	2
851.42200	426.71830	2	46.8474	2
851.43915	426.72685	2	38.4052	2
852.44930	427.23190	2	61.6531	1
853.36110	427.68780	2	38.3089	1
854.45995	428.23725	2	41.1074	2
856.43265	429.22360	2	65.4610	2
856.46995	429.24225	2	51.0241	2
856.48170	429.24810	2	46.9080	1
856.51295	429.26375	2	49.3705	2
856.51705	429.26580	2	46.9719	2
856.53850	429.27655	2	58.8221	2
857.44040	429.72750	2	40.8449	1
857.46170	429.73815	2	43.7586	2
857.46225	429.73840	2	41.4094	2
857.49600	429.75530	2	47.5614	2
857.49660	429.75560	2	56.0330	2
858.45675	430.23565	2	45.5313	2
858.46985	430.24220	2	44.8597	2
859.43900	430.72680	2	41.2115	2
859.46450	430.73955	2	39.3426	2
859.46495	430.73975	2	48.1112	2
860.42395	431.21925	2	37.4627	2
860.46060	431.23755	2	34.8863	2
860.46120	431.23790	2	43.6560	1
861.44400	431.72930	2	45.6775	2
861.47160	431.74310	2	48.9101	2
861.50780	431.76115	2	76.5855	2
861.53260	431.77360	2	51.3328	2
862.38655	432.20055	2	40.4854	2
862.41850	432.21655	2	38.0315	2
863.45040	432.73245	2	50.2519	2
863.45090	432.73275	2	36.3717	2
864.41965	433.21710	2	50.8175	2
864.43485	433.22470	2	53.7007	2
864.47110	433.24280	2	57.5731	1
864.50735	433.26095	2	65.0476	2
865.41475	433.71465	2	41.2717	2
865.50225	433.75840	2	37.1983	2
866.49840	434.25650	2	43.8902	2
867.39560	434.70510	2	38.7523	1
867.41580	434.71520	2	51.1112	2
867.43415	434.72435	2	40.3071	2
868.45885	435.23670	2	39.2712	2
868.51245	435.26350	2	33.7693	2
869.49435	435.75450	2	35.7167	2
869.53340	435.77395	2	60.9405	2
869.53350	435.77400	2	53.4277	2
869.55850	435.78655	2	68.0905	2
870.43795	436.22625	2	35.2372	2
870.44885	436.23170	2	55.6609	2
870.51825	436.26640	2	59.1595	2
870.55395	436.28425	2	52.2534	2
871.44450	436.72950	2	39.7117	1
871.45140	436.73295	2	42.0680	2
871.53865	436.77660	2	60.4536	2
872.47450	437.24450	2	41.1422	2
872.49730	437.25590	2	43.4813	2
872.51540	437.26495	2	64.9229	2
873.47480	437.74470	2	51.5436	2
873.48130	437.74790	2	47.2836	1
873.49595	437.75525	2	68.5231	2
874.43355	438.22405	2	45.9778	2
874.45805	438.23630	2	50.8174	2
874.46605	438.24030	2	44.3860	2
874.47110	438.24280	2	37.3518	1
874.47690	438.24570	2	38.1382	1
875.52280	438.76865	2	62.0754	2
876.41280	439.21370	2	40.8137	3
876.43930	439.22690	2	49.0386	3
876.47040	439.24250	2	51.2753	3
876.48000	439.24730	2	55.0286	2
876.49575	439.25515	2	68.9142	2
877.45500	439.73475	2	38.6128	2
877.46565	439.74010	2	50.6743	2
877.46660	439.74060	2	46.1950	2
877.50980	439.76220	2	71.0570	2
877.52760	439.77110	2	70.1245	2
878.43250	440.22350	2	48.9088	1
878.48650	440.25055	2	55.8844	2
878.48660	440.25060	2	51.3661	1
880.42960	441.22210	2	44.5704	2
880.54925	441.28190	2	54.4128	2
881.51530	441.76495	2	56.2830	2
882.48175	442.24815	2	37.8084	2
882.52840	442.27145	2	40.5681	2
883.53825	442.77640	2	52.1577	2
883.53825	442.77640	2	59.8179	2
884.44000	443.22730	2	45.3722	2
884.50970	443.26210	2	48.9038	1
884.54370	443.27910	2	55.3713	2
884.57065	443.29260	2	60.4586	2
885.42380	443.71915	2	40.2450	2
885.48330	443.74890	2	44.9634	1
885.48760	443.75110	2	36.9093	2
885.49190	443.75325	2	52.4348	2
885.55400	443.78430	2	66.0146	2
886.48680	444.25070	2	43.7267	2
886.51180	444.26320	2	49.0992	1
886.51240	444.26350	2	49.2367	1
887.45995	444.73725	2	37.7215	2
888.44560	445.23010	2	54.5558	1
889.45795	445.73625	2	51.9746	2
889.46565	445.74010	2	49.2714	2
889.47660	445.74560	2	42.6009	2
889.48435	445.74945	2	71.3181	2
891.44430	446.72945	2	50.1346	2
891.44950	446.73200	2	47.7877	3
891.48215	446.74835	2	63.9007	2
891.50665	446.76060	2	67.6274	2
892.44150	447.22805	2	41.4960	2
892.48455	447.24955	2	78.0075	2
893.45140	447.73300	2	44.4369	1
893.45890	447.73670	2	46.8971	5
893.46075	447.73765	2	43.8900	2
893.60595	447.81025	2	76.8387	2
894.45860	448.23660	2	35.7088	1
895.44755	448.73105	2	60.9343	2
895.46510	448.73990	2	42.5631	1
895.46530	448.73990	2	42.5398	1
896.53375	449.27415	2	55.9144	2
897.47365	449.74410	2	46.6499	2
897.50300	449.75875	2	35.2911	2
898.40775	450.21115	2	67.1330	2
898.47855	450.24655	2	58.8573	2
898.48780	450.25120	2	36.8748	2
898.49100	450.25280	2	45.9058	2
898.54865	450.28165	2	68.0286	2
898.55960	450.28710	2	56.5167	2
899.43860	450.72660	2	54.6949	2
899.45040	450.73250	2	42.0212	2
899.51515	450.76485	2	61.3594	2
900.46480	451.23965	2	42.7875	2
900.48940	451.25195	2	42.4686	2
900.49130	451.25290	2	53.9426	2
900.50330	451.25890	2	51.5993	2
900.53905	451.27680	2	45.1907	2
901.41150	451.71305	2	50.1959	2
901.43285	451.72370	2	40.5362	2
901.47615	451.74535	2	59.7901	2
901.48665	451.75060	2	35.0904	2
901.48710	451.75080	2	57.6348	1
901.52375	451.76915	2	43.9491	2
902.41345	452.21400	2	48.7987	2
902.48210	452.24835	2	41.0919	2
902.49655	452.25555	2	41.8742	2
902.50795	452.26130	2	47.4383	2
902.50850	452.26155	2	55.1937	2
903.48160	452.74805	2	54.0841	2
903.52915	452.77185	2	43.6799	2
903.54350	452.77905	2	70.0596	2
904.44400	453.22930	2	32.1038	1
905.45250	453.73350	2	45.1682	2
905.45290	453.73375	2	66.5041	2
906.46820	454.24140	2	33.0348	1
906.51675	454.26565	2	49.3048	2
907.43990	454.72720	2	53.4207	1
907.45480	454.73465	2	38.6470	2
908.00395	455.00925	2	56.1471	4
908.43090	455.22275	2	50.5622	2
908.57000	455.29225	2	58.2477	2
909.42685	455.72070	2	56.5859	2
911.37770	456.69620	2	31.2435	1
911.38075	456.69765	2	35.4152	2
911.47615	456.74535	2	61.9858	2
911.49015	456.75235	2	44.6842	2
911.58020	456.79740	2	59.3309	2
912.54735	457.28095	2	43.9490	2
912.56300	457.28880	2	46.9366	1
912.56470	457.28965	2	65.4884	2
913.42930	457.72190	2	49.6698	1
913.45360	457.73405	2	42.9722	2
913.47290	457.74370	2	72.4936	1
913.48725	457.75090	2	48.4666	2
913.50755	457.76105	2	34.5610	2
913.54750	457.78105	2	54.9072	2
913.56015	457.78735	2	40.7697	2
913.59615	457.80535	2	42.1246	2
914.50800	458.26130	2	42.2094	2
914.51800	458.26625	2	47.3824	2
915.44275	458.72865	2	38.3887	2
915.46665	458.74060	2	43.7381	2
915.47025	458.74240	2	38.0634	2
915.50455	458.75955	2	33.9869	2
915.52075	458.76765	2	50.8818	2
915.52105	458.76780	2	76.1813	2
915.53980	458.77715	2	36.8851	2
916.48500	459.24975	2	42.5747	2
916.49800	459.25630	2	39.1408	2
917.46400	459.73930	2	55.3288	1
917.47465	459.74460	2	36.0368	2
917.48095	459.74775	2	39.6078	2
917.48145	459.74800	2	41.6909	2
917.96405	459.98930	2	36.2947	2
918.44860	460.23155	2	81.1297	2
918.48390	460.24925	2	54.6309	2
918.49120	460.25290	2	65.1886	2
918.51760	460.26610	2	64.2175	2
918.51780	460.26615	2	58.1562	2
919.40625	460.71040	2	34.5169	2
919.40740	460.71100	2	62.5135	1
919.46895	460.74175	2	53.5744	2
919.51110	460.76285	2	53.9084	2
919.51220	460.76340	2	48.0109	2
919.51565	460.76510	2	58.5315	2
919.52065	460.76760	2	65.9268	2
920.49665	461.25560	2	48.1940	2
920.50755	461.26105	2	43.1211	2
921.44540	461.73000	2	38.9886	3
921.44555	461.73005	2	42.1321	2
922.43990	462.22725	2	50.9024	2
922.44980	462.23220	2	39.8272	1
922.47585	462.24520	2	48.8563	2
923.43520	462.72490	2	45.0570	2
923.47125	462.74290	2	42.2935	2
923.57980	462.79720	2	79.2144	1
924.43690	463.22570	2	49.1690	2
924.53960	463.27705	2	53.6180	2
924.56435	463.28945	2	56.5496	2
925.47010	463.74235	2	80.5154	2
925.49790	463.75620	2	44.9174	2
926.49770	464.25610	2	64.4791	1
926.51850	464.26650	2	40.3909	2
926.57945	464.29700	2	61.4456	2
926.59075	464.30265	2	62.6107	2
927.37745	464.69600	2	30.7165	2
927.44440	464.72950	2	47.6585	1
927.56410	464.78930	2	84.1744	2
928.45495	465.23475	2	51.6284	2
928.51720	465.26590	2	43.5084	2
928.52170	465.26810	2	52.6657	1
928.52280	465.26865	2	49.3704	2
928.53480	465.27470	2	50.9608	2
928.55920	465.28685	2	63.8728	2
929.45645	465.73550	2	39.9996	2
929.47280	465.74370	2	51.2294	1
929.48075	465.74765	2	38.4614	2
929.50665	465.76060	2	56.0682	2
929.51280	465.76370	2	49.4608	2
929.51840	465.76650	2	37.6644	2
929.51840	465.76650	2	42.3564	2
929.51865	465.76660	2	44.3770	2
929.52990	465.77220	2	27.1719	1
930.42300	466.21875	2	62.0388	2
930.44180	466.22820	2	33.8144	1
930.46695	466.24075	2	36.7200	2
930.47795	466.24625	2	43.3526	2
930.51690	466.26570	2	65.7434	2
930.53975	466.27715	2	39.6430	2
931.44280	466.72870	2	29.4271	1
931.47060	466.74260	2	37.6148	2
931.48580	466.75020	2	49.8321	2
931.50160	466.75810	2	56.9134	2
931.51300	466.76380	2	59.0025	2
931.53370	466.77410	2	68.8244	2
932.44470	467.22960	2	34.7434	1
932.46360	467.23910	2	40.2499	2
932.54440	467.27945	2	43.7074	2
933.43770	467.72615	2	32.7240	2
933.45620	467.73540	2	38.7230	2
933.46530	467.73990	2	52.1528	2
933.48510	467.74985	2	52.6476	2
933.50315	467.75885	2	53.3625	2
933.52895	467.77175	2	57.4678	2
933.54165	467.77810	2	34.1830	2
934.42150	468.21800	2	41.3165	2
934.45030	468.23240	2	40.6024	2
934.48675	468.25065	2	44.4676	2
934.48695	468.25075	2	56.1461	2
934.48765	468.25110	2	34.9204	2
934.51255	468.26355	2	59.5917	2
934.52375	468.26915	2	60.6434	2
935.45300	468.73380	2	37.8950	1
935.47125	468.74290	2	46.2307	2
935.50900	468.76180	2	51.1716	2
937.41435	469.71445	2	36.2653	2
937.48735	469.75095	2	41.9510	2
937.51205	469.76330	2	58.7895	2
938.43400	470.22430	2	39.1472	2
939.43075	470.72265	2	63.5045	2
939.46385	470.73920	2	34.0805	2
939.48145	470.74800	2	81.4960	2
939.51385	470.76420	2	33.6240	2
939.53840	470.77650	2	54.5378	1
939.55000	470.78230	2	56.9852	3
939.56415	470.78935	2	81.8062	2
940.44315	471.22885	2	46.4086	2
940.52140	471.26800	2	57.6471	2
940.52725	471.27090	2	63.0717	2
940.53610	471.27530	2	36.0567	1
941.43425	471.72440	2	39.9191	2
941.46460	471.73960	2	50.9220	1
941.57940	471.79695	2	67.8224	2
941.60655	471.81055	2	80.6667	2
942.48780	472.25115	2	44.9903	2
942.50255	472.25855	2	37.5164	2
942.51365	472.26410	2	44.7170	2
943.46130	472.73795	2	37.2159	2
943.48760	472.75110	2	45.1429	2
943.50920	472.76190	2	37.4105	1
943.51610	472.76535	2	49.1006	4
944.42960	473.22210	2	38.9885	2
944.43110	473.22280	2	64.5830	2
944.49250	473.25355	2	44.2541	2
944.51205	473.26330	2	65.0192	2
944.51755	473.26605	2	46.6774	2
944.52925	473.27190	2	50.3738	2
944.55505	473.28480	2	55.8243	2
945.42720	473.72090	2	55.2367	1
945.46005	473.73730	2	78.0288	2
945.51295	473.76375	2	41.9555	2
945.54990	473.78225	2	59.8386	2
946.50965	474.26210	2	38.5814	2
946.51305	474.26380	2	47.1657	2
946.53705	474.27585	2	39.5526	2
946.54955	474.28205	2	75.4448	2
947.43575	474.72515	2	39.4914	2
947.51515	474.76485	2	72.3894	2
948.46630	475.24045	2	53.8261	2
948.46730	475.24090	2	45.5854	2
948.61150	475.31305	2	58.0133	2
949.48440	475.74950	2	41.0151	1
949.48660	475.75060	2	55.2825	2
949.49140	475.75295	2	88.0288	2
949.50530	475.75995	2	78.4571	2
949.52730	475.77095	2	80.8117	2
950.45270	476.23365	2	51.1059	2
950.48185	476.24820	2	47.8048	2
950.48190	476.24820	2	50.0440	2
950.48590	476.25025	2	74.6933	2
950.50180	476.25815	2	60.5474	2
950.50805	476.26130	2	52.7939	2
951.51730	476.76595	2	81.4662	2
952.44905	477.23180	2	48.3851	2
952.44995	477.23225	2	44.3887	2
952.46950	477.24205	2	51.7913	2
952.53425	477.27440	2	43.6205	2
954.44495	478.22975	2	53.3672	2
955.53440	478.77445	2	63.9346	2
956.50485	479.25970	2	39.7232	2
956.51650	479.26550	2	38.2893	2
956.52800	479.27125	2	48.0156	2
956.52845	479.27150	2	54.3306	2
956.52970	479.27210	2	45.4364	2
956.53640	479.27550	2	67.5165	1
956.57865	479.29660	2	78.8782	2
957.49035	479.75245	2	33.8875	2
957.51420	479.76440	2	49.0167	1
957.53440	479.77450	2	33.2400	1
957.59735	479.80595	2	48.8337	2
958.48800	480.25130	2	57.5279	2
958.50260	480.25860	2	57.8111	2
959.51115	480.76285	2	42.4871	2
959.53060	480.77255	2	43.9840	2
959.53300	480.77375	2	70.0233	2
959.55480	480.78465	2	59.0329	2
959.58060	480.79755	2	85.2179	2
960.45015	481.23235	2	36.7057	2
960.47595	481.24525	2	43.2097	2
960.51245	481.26350	2	40.6439	2
960.53175	481.27315	2	58.6513	2
960.53805	481.27635	2	62.6360	2
962.47270	482.24365	2	47.5636	2
962.48620	482.25040	2	51.1563	1
962.50500	482.25975	2	63.4729	2
962.53765	482.27610	2	87.7508	2
963.44485	482.72970	2	55.6689	2
963.50180	482.75820	2	41.6186	3
963.50615	482.76035	2	36.0597	2
963.55455	482.78455	2	75.9860	2
964.46175	483.23815	2	39.4654	2
964.47985	483.24720	2	70.3464	2
964.49775	483.25615	2	44.3227	2
964.52280	483.26870	2	55.2571	1
965.44465	483.72960	2	42.6684	2
965.44520	483.72990	2	53.7478	1
965.44605	483.73030	2	36.5874	2
965.46015	483.73735	2	39.0230	2
965.48225	483.74840	2	61.7181	2
965.62770	483.82110	2	84.0403	1
966.46400	484.23925	2	42.9882	2
966.46635	484.24045	2	37.9674	2
966.49175	484.25315	2	76.2413	2
966.51425	484.26440	2	46.2898	2
966.52465	484.26960	2	48.1707	2
967.47960	484.74710	2	58.9987	2
967.52505	484.76980	2	48.6366	2
967.58170	484.79815	2	57.8048	2
968.44530	485.22990	2	41.9128	3
968.52740	485.27095	2	38.6684	2
968.52865	485.27160	2	49.8297	2
969.48770	485.75110	2	41.6144	2
969.52530	485.76995	2	51.3960	2
969.54980	485.78220	2	33.9808	1
969.56050	485.78755	2	53.7846	2
969.58630	485.80040	2	69.8191	2
969.58660	485.80060	2	65.1292	2
970.48695	486.25075	2	55.7212	2
970.54410	486.27930	2	56.9555	2
970.58035	486.29745	2	46.4385	2
970.58170	486.29810	2	70.2212	2
971.50375	486.75915	2	32.5812	2
971.52890	486.77175	2	49.7014	2
971.52905	486.77180	2	59.9020	2
971.52975	486.77215	2	37.4950	2
971.55340	486.78395	2	58.7343	2
971.56560	486.79005	2	35.1755	2
972.44020	487.22740	2	31.9237	2
972.46590	487.24025	2	34.7037	2
973.50765	487.76110	2	43.2374	2
973.50860	487.76160	2	40.9179	1
973.52210	487.76830	2	47.8274	1
973.54235	487.77845	2	35.3581	2
974.50300	488.25875	2	39.4203	2
974.51865	488.26660	2	60.0065	2
975.50215	488.75835	2	53.3340	2
975.51395	488.76425	2	46.2158	2
976.49785	489.25620	2	59.1565	2
976.50770	489.26110	2	48.9534	1
976.50840	489.26150	2	48.9213	1
976.54585	489.28020	2	42.4060	2
977.44405	489.72930	2	48.0187	2
977.48205	489.74830	2	61.7455	2
977.48220	489.74840	2	46.5998	3
977.51850	489.76650	2	53.0887	1
978.46530	490.23990	2	46.8723	1
978.48210	490.24830	2	42.8664	2
978.50205	490.25830	2	61.1043	2
979.44995	490.73225	2	67.2047	2
979.46165	490.73810	2	39.8884	2
979.49685	490.75570	2	53.4510	2
979.51590	490.76525	2	68.2178	2
979.57000	490.79230	2	41.8504	2
980.45825	491.23640	2	38.1803	2
980.48870	491.25160	2	36.3292	1
980.49705	491.25585	2	53.1265	2
981.52380	491.76920	2	30.9806	2
981.59685	491.80570	2	42.5849	2
982.45985	492.23720	2	34.9646	2
982.47525	492.24490	2	43.2235	2
982.51935	492.26695	2	39.4399	2
983.47340	492.74400	2	49.3604	1
983.50590	492.76020	2	43.4893	2
983.57660	492.79560	2	65.3650	2
983.58345	492.79900	2	72.7526	2
983.58780	492.80120	2	45.6897	2
983.60205	492.80830	2	59.0992	2
984.43810	493.22630	2	35.3657	2
984.45455	493.23455	2	58.5583	2
984.55940	493.28700	2	29.8807	1
984.63235	493.32350	2	51.2924	2
985.50150	493.75805	2	46.5168	2
985.50300	493.75880	2	45.6445	1
985.53965	493.77710	2	47.2668	2
985.54850	493.78150	2	44.5211	2
985.61690	493.81570	2	47.0477	1
986.48935	494.25195	2	68.6982	2
987.49895	494.75675	2	32.2652	2
987.52395	494.76925	2	45.9828	2
987.53480	494.77470	2	50.4940	2
988.48370	495.24910	2	39.5063	2
988.50150	495.25800	2	65.7045	1
988.50765	495.26110	2	54.0274	2
988.52000	495.26730	2	43.8562	2
988.54345	495.27900	2	48.3701	2
988.57395	495.29425	2	73.0518	2
988.58080	495.29770	2	51.6696	2
989.47565	495.74510	2	34.2555	2
989.52930	495.77190	2	54.4743	1
989.55495	495.78475	2	59.8699	2
989.55530	495.78490	2	49.3476	2
990.45865	496.23660	2	38.5550	2
990.47450	496.24450	2	47.1735	2
990.50260	496.25860	2	44.9052	1
990.50560	496.26005	2	61.3766	2
990.55075	496.28265	2	74.2929	2
991.38555	496.70005	2	35.2550	2
991.50840	496.76150	2	68.3837	1
991.50940	496.76195	2	61.6612	2
991.54610	496.78035	2	70.4708	2
991.57020	496.79235	2	62.5181	2
992.48560	497.25005	2	57.5756	2
992.53300	497.27375	2	82.2630	2
992.55410	497.28430	2	69.8702	1
992.60245	497.30850	2	71.7577	2
993.44180	497.72820	2	43.8297	2
993.45265	497.73360	2	41.4724	2
993.51235	497.76345	2	50.5149	2
993.51265	497.76360	2	54.1218	2
993.54945	497.78200	2	65.7637	2
994.40115	498.20785	2	36.1012	2
994.47235	498.24345	2	53.9227	2
994.49530	498.25490	2	49.9557	2
994.50865	498.26160	2	48.6183	2
994.50960	498.26210	2	33.1014	2
994.51545	498.26500	2	74.0243	2
994.54480	498.27970	2	36.7483	1
994.60560	498.31005	2	75.1587	2
994.65330	498.33390	2	47.6381	2
995.49260	498.75360	2	44.7349	1
996.52665	499.27060	2	49.1395	2
996.53170	499.27310	2	69.5983	1
996.57260	499.29360	2	46.6048	1
997.47110	499.74280	2	61.5588	1
999.48160	500.74810	2	33.0525	3
999.53420	500.77440	2	43.7023	2
999.53480	500.77470	2	31.0684	1
999.55475	500.78465	2	39.8700	2
999.57140	500.79295	2	33.6055	2
1000.49405	501.25430	2	37.3125	2
1000.54655	501.28055	2	45.0028	2
1000.55145	501.28300	2	75.8541	4
1000.56725	501.29090	2	50.1883	2
1000.59190	501.30320	2	63.6802	1
1001.51550	501.76500	2	45.2744	3
1001.55450	501.78450	2	68.5161	2
1001.56145	501.78800	2	35.2295	2
1001.58725	501.80090	2	48.7524	2
1001.59110	501.80280	2	70.7621	1
1002.47000	502.24225	2	35.5943	2
1002.48205	502.24830	2	40.1312	2
1002.48615	502.25035	2	42.6582	2
1002.52770	502.27115	2	39.0634	2
1002.54690	502.28075	2	34.6030	2
1002.56130	502.28790	2	37.9725	2
1003.50135	502.75795	2	44.5041	2
1003.51880	502.76670	2	45.5675	1
1003.52515	502.76985	2	36.9757	2
1003.57000	502.79230	2	79.0298	2
1004.54005	503.27730	2	49.2149	2
1004.56400	503.28930	2	44.6744	2
1005.46920	503.74190	2	50.0768	2
1005.48115	503.74785	2	39.3238	2
1005.49060	503.75255	2	31.3036	2
1005.51210	503.76335	2	55.9825	2
1005.53150	503.77305	2	69.8778	2
1005.53525	503.77490	2	37.4036	2
1005.56000	503.78730	2	47.0234	1
1006.45340	504.23400	2	33.4747	1
1006.47125	504.24290	2	42.8595	2
1006.49855	504.25655	2	55.1774	2
1007.45615	504.73535	2	39.8363	2
1007.45625	504.73540	2	49.9926	2
1007.46755	504.74105	2	42.1653	2
1007.47540	504.74500	2	52.5037	2
1007.50040	504.75750	2	45.0028	2
1007.52390	504.76920	2	66.1106	2
1007.54020	504.77735	2	57.2209	2
1007.54455	504.77955	2	69.5780	2
1007.67420	504.84440	2	73.9616	2
1008.47750	505.24605	2	51.5366	2
1008.51300	505.26380	2	61.9576	2
1009.44760	505.73110	2	43.4563	2
1009.46175	505.73815	2	46.1338	2
1009.51960	505.76710	2	37.8064	3
1009.54910	505.78180	2	89.2563	2
1010.43110	506.22280	2	36.1295	1
1010.49940	506.25695	2	40.2664	2
1010.57605	506.29530	2	69.3889	2
1011.52410	506.76930	2	38.1223	1
1011.53520	506.77490	2	46.3469	2
1011.54640	506.78050	2	44.2827	1
1011.57240	506.79345	2	53.5683	2
1011.60745	506.81100	2	68.8017	2
1012.57070	507.29260	2	59.8972	1
1012.57090	507.29270	2	70.2133	3
1012.58185	507.29820	2	62.0630	2
1012.59160	507.30310	2	48.8522	1
1012.60325	507.30890	2	40.4853	2
1012.63945	507.32700	2	50.5516	2
1013.46445	507.73950	2	73.0838	2
1013.53955	507.77705	2	45.1071	2
1013.55515	507.78485	2	66.7292	2
1013.56175	507.78815	2	39.2564	2
1013.62350	507.81905	2	68.1160	2
1014.50870	508.26160	2	32.3257	1
1014.54310	508.27880	2	39.8172	4
1014.57035	508.29245	2	47.3394	2
1014.57080	508.29265	2	39.1706	2
1015.48700	508.75075	2	40.8998	2
1015.54540	508.77995	2	90.4517	2
1015.58500	508.79980	2	72.2501	2
1015.59255	508.80355	2	66.9467	2
1016.46010	509.23735	2	38.4711	2
1016.53205	509.27330	2	49.6439	2
1016.54685	509.28070	2	50.7333	2
1017.47205	509.74330	2	42.6924	2
1017.51765	509.76610	2	78.1771	2
1017.53480	509.77465	2	40.4232	2
1017.57140	509.79300	2	42.3176	1
1017.62190	509.81820	2	67.6912	2
1018.54385	510.27920	2	41.7026	2
1019.42050	510.71750	2	44.7721	2
1019.50480	510.75970	2	44.1968	2
1019.53980	510.77715	2	36.8183	2
1019.54080	510.77765	2	55.1561	2
1019.54705	510.78085	2	68.0948	2
1019.55260	510.78360	2	48.6481	2
1020.44760	511.23105	2	30.4504	2
1020.52405	511.26930	2	57.5047	2
1020.52460	511.26960	2	65.2558	3
1020.52600	511.27030	2	50.3992	2
1020.53490	511.27470	2	55.9697	1
1020.53510	511.27480	2	56.4239	2
1021.43740	511.72600	2	39.3432	1
1021.44930	511.73195	2	35.6907	2
1021.49375	511.75415	2	31.5339	2
1021.51185	511.76320	2	44.8781	2
1021.54415	511.77935	2	61.5948	2
1021.60345	511.80900	2	53.5354	2
1022.50325	512.25890	2	54.2951	2
1022.51120	512.26285	2	78.4269	2
1023.51650	512.76550	2	61.8390	2
1023.60710	512.81080	2	69.2815	2
1024.37485	513.19470	2	43.0954	2
1024.55050	513.28250	2	39.8322	1
1025.45320	513.73390	2	39.7404	1
1025.50310	513.75885	2	42.0981	2
1025.54940	513.78200	2	37.0124	1
1025.60310	513.80880	2	50.4039	2
1026.44800	514.23130	2	43.5421	2
1027.56600	514.79030	2	40.3586	1
1027.56640	514.79050	2	34.8072	1
1027.56645	514.79050	2	37.8132	2
1027.58170	514.79815	2	75.7414	2
1027.59215	514.80335	2	59.9674	2
1027.60240	514.80845	2	69.9634	2
1027.62680	514.82065	2	65.3802	2
1028.55900	515.28680	2	44.3467	1
1029.47635	515.74545	2	57.6645	2
1029.47775	515.74615	2	43.0876	2
1029.53900	515.77675	2	53.3075	2
1029.54305	515.77880	2	38.8832	2
1029.58230	515.79845	2	38.1997	2
1030.52975	516.27215	2	37.1340	2
1030.59130	516.30295	2	80.1161	2
1030.60690	516.31070	2	76.7695	2
1031.46405	516.73930	2	65.1292	2
1031.50320	516.75890	2	42.7879	2
1031.50655	516.76055	2	50.2210	2
1031.54815	516.78135	2	52.5845	2
1031.58645	516.80050	2	57.8855	2
1031.58650	516.80050	2	62.9769	1
1032.49880	517.25665	2	43.1764	2
1032.53445	517.27450	2	49.8547	2
1032.56100	517.28780	2	56.3368	2
1032.59735	517.30595	2	74.7641	2
1033.56670	517.79060	2	44.4217	3
1033.58120	517.79790	2	83.5077	2
1033.61790	517.81625	2	70.8376	2
1034.52205	518.26830	2	65.8392	2
1034.56600	518.29025	2	63.2199	2
1035.48770	518.75115	2	61.9501	2
1035.56080	518.78770	2	61.4455	2
1036.51860	519.26660	2	42.7167	2
1036.53405	519.27430	2	72.3615	2
1036.53745	519.27600	2	68.7611	2
1036.55480	519.28465	2	64.3561	2
1037.50490	519.75975	2	35.3554	2
1037.52600	519.77025	2	38.8449	2
1037.52990	519.77220	2	61.7520	2
1037.62360	519.81910	2	55.8841	2
1037.64880	519.83170	2	72.1273	2
1038.48115	520.24785	2	48.1007	2
1038.54740	520.28095	2	36.6229	2
1039.46510	520.73980	2	48.7395	2
1039.49720	520.75590	2	53.2469	2
1039.56520	520.78990	2	48.8251	2
1039.56530	520.78990	2	47.0774	1
1040.46970	521.24210	2	42.4018	1
1040.49310	521.25385	2	32.4935	2
1040.49645	521.25550	2	43.0330	2
1040.55090	521.28275	2	55.1247	2
1040.56845	521.29150	2	50.9737	2
1040.59775	521.30615	2	57.8341	2
1040.62290	521.31875	2	74.9181	2
1040.65870	521.33665	2	61.1622	2
1041.44020	521.72740	2	46.3566	2
1041.45525	521.73490	2	37.2871	2
1041.52860	521.77160	2	85.2964	1
1041.53100	521.77280	2	51.0526	2
1042.51500	522.26475	2	65.4939	2
1042.53000	522.27225	2	38.9057	2
1042.55485	522.28470	2	54.4183	2
1042.57765	522.29610	2	42.2755	2
1043.54320	522.77890	2	49.4906	2
1043.55025	522.78240	2	79.6862	2
1043.56165	522.78810	2	38.0802	2
1043.56170	522.78815	2	35.1392	2
1043.60370	522.80915	2	64.4839	2
1044.52040	523.26745	2	45.8864	2
1044.53875	523.27665	2	66.8898	2
1044.55990	523.28725	2	59.3178	2
1045.51180	523.76320	2	58.0303	1
1045.53975	523.77715	2	45.6821	2
1045.54080	523.77765	2	32.4986	2
1045.54150	523.77800	2	34.8281	2
1045.60305	523.80880	2	61.4988	2
1046.52585	524.27020	2	37.2771	2
1046.59660	524.30560	2	50.2996	2
1047.52730	524.77090	2	60.8933	2
1047.56315	524.78885	2	60.5213	2
1048.48120	525.24785	2	36.3476	2
1048.55740	525.28600	2	33.1873	1
1049.52455	525.76955	2	51.7291	2
1049.53170	525.77310	2	41.3172	1
1049.56240	525.78850	2	39.0978	3
1050.50900	526.26180	2	47.2249	1
1050.53385	526.27420	2	48.9905	2
1050.55810	526.28630	2	32.6752	1
1050.57080	526.29270	2	63.1571	2
1050.59500	526.30480	2	69.5322	1
1051.49355	526.75405	2	38.4129	2
1052.46255	527.23855	2	58.5634	2
1053.61865	527.81660	2	56.8831	2
1054.53345	528.27400	2	75.9782	2
1054.54180	528.27815	2	33.0208	2
1054.60250	528.30850	2	57.9915	2
1055.42280	528.71865	2	48.1064	2
1055.49300	528.75380	2	45.7393	2
1055.58605	528.80030	2	68.6445	2
1055.58635	528.80045	2	64.7648	2
1055.62270	528.81860	2	65.9509	1
1056.52155	529.26805	2	53.1012	2
1056.53245	529.27350	2	78.0219	2
1056.58195	529.29825	2	55.8532	2
1056.59250	529.30355	2	60.2099	2
1056.59355	529.30405	2	53.6395	2
1057.46000	529.73730	2	32.8409	1
1057.49910	529.75680	2	39.3725	1
1057.57700	529.79575	2	37.5798	2
1057.57770	529.79615	2	45.4933	2
1057.61765	529.81610	2	38.7068	2
1057.63800	529.82630	2	78.9144	2
1058.49190	530.25325	2	51.3232	2
1058.52940	530.27200	2	40.8608	1
1058.54420	530.27935	2	79.5509	2
1058.55890	530.28670	2	73.0115	2
1058.57190	530.29320	2	47.6738	3
1058.59750	530.30600	2	41.1120	2
1059.50945	530.76200	2	44.6235	2
1059.53965	530.77710	2	56.3961	2
1060.47510	531.24480	2	34.7988	2
1060.52295	531.26875	2	75.3887	2
1060.61770	531.31615	2	84.4209	2
1061.55065	531.78260	2	45.7643	2
1061.57580	531.79520	2	75.6413	2
1062.52425	532.26940	2	78.6458	2
1062.53450	532.27450	2	57.3151	2
1062.57060	532.29260	2	61.2303	2
1062.58290	532.29870	2	57.0402	2
1063.53050	532.77255	2	45.2822	2
1063.54200	532.77830	2	47.1196	2
1063.55360	532.78410	2	61.6850	1
1063.60700	532.81080	2	77.1740	2
1064.56170	533.28815	2	32.0479	2
1064.58710	533.30080	2	51.8245	2
1064.63455	533.32455	2	55.5565	2
1065.01640	533.51550	2	40.0771	4
1065.44720	533.73085	2	47.3354	2
1065.55310	533.78380	2	62.2647	2
1065.55350	533.78400	2	79.2456	2
1065.56130	533.78790	2	70.5775	1
1066.45725	534.23590	2	54.6100	2
1066.46755	534.24105	2	33.2334	2
1066.50500	534.25980	2	31.6863	1
1066.50805	534.26130	2	34.1239	2
1066.51760	534.26610	2	57.1299	2
1066.60720	534.31090	2	82.5289	2
1067.51355	534.76405	2	46.3158	2
1067.57245	534.79350	2	53.1951	2
1068.55110	535.28280	2	38.2749	3
1068.55970	535.28715	2	64.6785	2
1068.58125	535.29790	2	60.9366	2
1068.59305	535.30380	2	57.7010	2
1068.65290	535.33370	2	46.4020	2
1069.54050	535.77750	2	54.3819	1
1070.60750	536.31100	2	75.2037	1
1070.63410	536.32435	2	69.9705	2
1070.65900	536.33680	2	76.9612	2
1071.47510	536.74480	2	34.6271	1
1071.56615	536.79035	2	49.7063	2
1072.53040	537.27250	2	48.3199	2
1072.57435	537.29445	2	74.4343	2
1072.57575	537.29515	2	54.5777	6
1072.60310	537.30880	2	40.2088	1
1072.61430	537.31440	2	42.1829	2
1073.49985	537.75720	2	45.5036	2
1073.53090	537.77270	2	35.2604	3
1073.58660	537.80055	2	44.7413	2
1073.59050	537.80255	2	59.9023	2
1073.60815	537.81135	2	35.9767	2
1073.60860	537.81160	2	87.4831	2
1073.65895	537.83675	2	64.3889	2
1074.54675	538.28065	2	44.1019	2
1074.55585	538.28520	2	53.9151	2
1074.57095	538.29275	2	60.5790	2
1075.47880	538.74670	2	34.7402	2
1075.52200	538.76830	2	69.0032	1
1075.53400	538.77430	2	66.5654	2
1075.59180	538.80320	2	71.3255	2
1075.61305	538.81380	2	58.3754	2
1075.62820	538.82140	2	68.2700	2
1076.46120	539.23790	2	52.0005	1
1076.51405	539.26430	2	49.7736	2
1076.52610	539.27035	2	34.1880	2
1076.56045	539.28750	2	54.8104	2
1076.57145	539.29300	2	43.6520	2
1077.60475	539.80965	2	40.2473	2
1078.47080	540.24265	2	36.1925	2
1078.50525	540.25990	2	41.8188	2
1080.56745	541.29100	2	38.1752	2
1082.53285	542.27370	2	55.4338	2
1082.55505	542.28480	2	83.0505	2
1084.48495	543.24975	2	39.4399	2
1084.52070	543.26765	2	74.1849	2
1084.54035	543.27745	2	28.8498	2
1084.56960	543.29210	2	46.1008	2
1084.57010	543.29235	2	90.1204	2
1084.57470	543.29460	2	94.9906	2
1084.63885	543.32670	2	79.4606	2
1084.66080	543.33770	2	56.4884	2
1085.60880	543.81170	2	51.8472	2
1085.61360	543.81405	2	44.6207	2
1085.62230	543.81845	2	75.6175	2
1085.64470	543.82960	2	67.9961	2
1086.06390	544.03920	2	50.7576	4
1086.55570	544.28515	2	48.2546	2
1086.56715	544.29085	2	34.2084	2
1087.55165	544.78310	2	51.4114	2
1087.56225	544.78840	2	43.1260	2
1087.58795	544.80125	2	42.3165	2
1087.59110	544.80280	2	45.7291	1
1087.59670	544.80560	2	57.8583	1
1087.61290	544.81375	2	70.8679	2
1088.45580	545.23520	2	37.6720	2
1088.50305	545.25880	2	32.0207	2
1088.55540	545.28500	2	71.4826	1
1088.57095	545.29275	2	33.2414	2
1088.60850	545.31150	2	36.3976	2
1089.51820	545.76640	2	32.5718	1
1089.55830	545.78640	2	34.8992	2
1089.56800	545.79130	2	63.2761	1
1089.60295	545.80875	2	45.3257	2
1090.46825	546.24140	2	38.3759	2
1090.60250	546.30850	2	59.8327	2
1092.53870	547.27665	2	55.5487	2
1092.58180	547.29815	2	54.2718	2
1093.54120	547.77790	2	58.3754	2
1094.55185	548.28320	2	68.5273	2
1094.55510	548.28485	2	78.1191	2
1094.55990	548.28720	2	33.4798	1
1094.56510	548.28985	2	48.3250	2
1094.57520	548.29490	2	37.2617	3
1094.59740	548.30595	2	58.1324	2
1095.46650	548.74055	2	53.1650	2
1095.56400	548.78925	2	69.9062	2
1096.52600	549.27030	2	48.9581	3
1096.56190	549.28820	2	42.5199	2
1097.57200	549.79330	2	67.3280	1
1097.60865	549.81160	2	56.9206	2
1098.53665	550.27560	2	45.4315	2
1098.57920	550.29685	2	36.7157	2
1098.58205	550.29830	2	50.6765	2
1099.49340	550.75395	2	60.6382	2
1100.45985	551.23720	2	66.7950	2
1100.48060	551.24760	2	31.1095	1
1100.55785	551.28620	2	34.0834	2
1100.57235	551.29345	2	71.4908	2
1100.62290	551.31870	2	95.3743	1
1101.55595	551.78525	2	70.8117	2
1101.60290	551.80870	2	38.5004	2
1101.64820	551.83140	2	87.2274	1
1101.65190	551.83320	2	53.6066	2
1102.57730	552.29590	2	64.6502	2
1102.58715	552.30085	2	36.9705	2
1103.56105	552.78780	2	40.1260	2
1103.58255	552.79855	2	50.8913	2
1103.63830	552.82645	2	85.1817	2
1104.45355	553.23405	2	31.0899	2
1104.47575	553.24515	2	35.4097	4
1104.50930	553.26195	2	52.9450	2
1104.51870	553.26665	2	45.1171	2
1104.54565	553.28010	2	44.7336	2
1104.54645	553.28050	2	47.2023	2
1104.56470	553.28960	2	49.0452	2
1104.56580	553.29020	2	33.9319	2
1104.58665	553.30060	2	85.6021	2
1104.59240	553.30350	2	60.3893	2
1104.61890	553.31670	2	83.2012	1
1104.62595	553.32025	2	88.2625	2
1105.52940	553.77200	2	63.3348	1
1105.57765	553.79610	2	65.1526	2
1106.53930	554.27695	2	47.9457	2
1106.58700	554.30080	2	83.4572	2
1106.60880	554.31170	2	82.8954	2
1107.53850	554.77650	2	61.7779	2
1107.54400	554.77930	2	54.5133	2
1107.54835	554.78145	2	66.1488	2
1107.55680	554.78570	2	37.8477	2
1107.55680	554.78570	2	55.3334	1
1107.57870	554.79665	2	83.2763	4
1107.59225	554.80340	2	45.3177	2
1108.51625	555.26540	2	32.0358	2
1108.57095	555.29275	2	78.7364	2
1108.57100	555.29280	2	48.7183	2
1108.92085	555.46770	2	37.8551	4
1109.53315	555.77385	2	79.2455	2
1109.53915	555.77685	2	47.5085	2
1109.55000	555.78225	2	90.7051	2
1109.57120	555.79285	2	33.2173	2
1109.58635	555.80045	2	58.8114	2
1109.61240	555.81350	2	71.5847	2
1110.46530	556.23990	2	42.6590	1
1110.52005	556.26730	2	60.7655	2
1110.59000	556.30230	2	83.8173	2
1110.66580	556.34020	2	74.7640	2
1111.43580	556.72520	2	32.7869	1
1111.57250	556.79350	2	34.3415	2
1113.63880	557.82670	2	59.0409	1
1114.55560	558.28505	2	78.7011	2
1114.56635	558.29045	2	64.7307	2
1114.62345	558.31900	2	62.3962	2
1114.63610	558.32535	2	53.1549	2
1115.05500	558.53475	2	46.7164	4
1115.51350	558.76405	2	47.5033	2
1115.52490	558.76970	2	33.4959	2
1115.54630	558.78040	2	46.1819	1
1115.55605	558.78530	2	35.3373	2
1115.58285	558.79870	2	42.3489	2
1115.60110	558.80780	2	56.2678	2
1116.54155	559.27805	2	34.1575	2
1116.56470	559.28965	2	54.5773	2
1116.58200	559.29830	2	72.8855	2
1116.60560	559.31005	2	31.9693	2
1116.61250	559.31355	2	35.8181	2
1116.65485	559.33470	2	83.7385	2
1117.52675	559.77065	2	39.7840	2
1117.54270	559.77865	2	42.8338	2
1117.56195	559.78825	2	51.1410	2
1117.59765	559.80610	2	49.9320	2
1117.60535	559.80995	2	71.1507	2
1118.01655	560.01555	2	46.6245	4
1118.48365	560.24910	2	33.0722	2
1118.54770	560.28115	2	76.5672	2
1118.63405	560.32430	2	57.5250	2
1119.54175	560.77815	2	69.5344	2
1119.57130	560.79290	2	51.4528	2
1119.58315	560.79885	2	62.9570	2
1119.59550	560.80500	2	67.6861	2
1119.67100	560.84275	2	83.3377	2
1120.05925	561.03690	2	57.7850	4
1120.57635	561.29545	2	60.6748	2
1121.53535	561.77495	2	68.8502	2
1121.54725	561.78090	2	43.4628	2
1121.60840	561.81150	2	47.9802	2
1122.51380	562.26420	2	59.9869	2
1123.47875	562.74665	2	46.5285	2
1123.57110	562.79285	2	57.7291	2
1123.58190	562.79825	2	54.2411	2
1124.59095	563.30275	2	62.3315	2
1124.61995	563.31725	2	69.6383	2
1125.12430	563.56940	2	37.3381	2
1125.51260	563.76360	2	35.5461	2
1125.57030	563.79245	2	43.6156	2
1125.64005	563.82730	2	61.3468	2
1126.59845	564.30650	2	51.7937	2
1126.65990	564.33720	2	77.6905	2
1127.47395	564.74425	2	69.3238	2
1127.52165	564.76810	2	38.9133	2
1127.53330	564.77390	2	66.6589	1
1127.56435	564.78945	2	43.0409	2
1127.61210	564.81330	2	62.6727	2
1127.65440	564.83450	2	59.4530	1
1127.65620	564.83535	2	91.5677	10
1128.56580	565.29020	2	42.3795	2
1128.57830	565.29645	2	43.2486	2
1128.58985	565.30220	2	32.3544	2
1128.63925	565.32690	2	60.1416	2
1129.57985	565.79720	2	56.0354	2
1129.63430	565.82445	2	40.4039	2
1129.63440	565.82450	2	35.7268	2
1129.67150	565.84300	2	70.4385	2
1130.55760	566.28610	2	26.0785	2
1130.56120	566.28790	2	47.7077	2
1131.57745	566.79600	2	34.6985	2
1131.62895	566.82175	2	70.7699	2
1131.65410	566.83435	2	82.3921	2
1132.53810	567.27630	2	32.7476	2
1132.55585	567.28520	2	57.1932	2
1132.58765	567.30110	2	62.1751	2
1133.54810	567.78130	2	33.6030	2
1133.55450	567.78450	2	69.4450	2
1133.57190	567.79320	2	72.5388	2
1133.57195	567.79325	2	56.3599	2
1133.57560	567.79510	2	66.5280	2
1133.60825	567.81140	2	62.5514	2
1134.53390	568.27420	2	44.2318	2
1134.53645	568.27550	2	46.8258	2
1134.55105	568.28280	2	35.5711	2
1134.57700	568.29575	2	46.6473	2
1134.59135	568.30295	2	48.1710	2
1135.59850	568.80650	2	47.8402	1
1136.53645	569.27550	2	53.3971	2
1136.57095	569.29275	2	61.4069	2
1136.57150	569.29300	2	58.0635	2
1137.56515	569.78985	2	83.3908	2
1137.57755	569.79605	2	55.5986	2
1138.56550	570.29000	2	62.6183	2
1138.58700	570.30080	2	35.2501	1
1138.58720	570.30090	2	35.3221	1
1139.54525	570.77990	2	54.8149	2
1139.56180	570.78820	2	66.8161	3
1139.63030	570.82240	2	40.0918	2
1139.65595	570.83525	2	61.9831	2
1140.52375	571.26915	2	33.6523	2
1141.54140	571.77800	2	61.9092	3
1141.55615	571.78535	2	72.1636	2
1141.56855	571.79155	2	62.9916	2
1141.59925	571.80690	2	32.6263	2
1141.60955	571.81205	2	59.7177	2
1142.48925	572.25190	2	45.4414	2
1142.55725	572.28590	2	51.7911	2
1142.55825	572.28640	2	91.2619	2
1142.61735	572.31595	2	55.0876	2
1142.63070	572.32260	2	34.3973	2
1143.50795	572.76125	2	56.0095	2
1143.55730	572.78590	2	75.4360	1
1143.57310	572.79385	2	65.8411	2
1143.58855	572.80155	2	34.9806	2
1143.69060	572.85260	2	87.5813	2
1144.58960	573.30210	2	50.0151	2
1144.59180	573.30320	2	57.4482	3
1144.59710	573.30585	2	60.3579	2
1144.61040	573.31250	2	38.5864	2
1144.63780	573.32620	2	57.5591	3
1145.57520	573.79485	2	47.4699	2
1145.67000	573.84230	2	70.9835	1
1145.67020	573.84240	2	71.0100	1
1146.57745	574.29600	2	45.9802	2
1146.58535	574.29995	2	72.9494	2
1146.61410	574.31430	2	53.0063	2
1147.55455	574.78455	2	49.2773	2
1147.55660	574.78555	2	43.8189	2
1147.57915	574.79685	2	65.3978	2
1147.58815	574.80135	2	55.0565	2
1147.60790	574.81120	2	39.8607	1
1147.63900	574.82675	2	88.6514	2
1148.51465	575.26460	2	34.8013	2
1148.54670	575.28065	2	53.2155	2
1148.56975	575.29215	2	80.7574	2
1148.60870	575.31160	2	62.7664	2
1148.61000	575.31230	2	58.4604	1
1149.56675	575.79065	2	57.9813	2
1149.56700	575.79080	2	68.3888	1
1149.62685	575.82070	2	42.4348	2
1150.05845	576.03650	2	59.2992	4
1150.58730	576.30095	2	55.5217	2
1151.49235	576.75345	2	52.3839	2
1151.57900	576.79680	2	80.4417	2
1151.59520	576.80490	2	41.5773	1
1151.65230	576.83345	2	69.1678	2
1151.72880	576.87170	2	76.4226	1
1152.52670	577.27060	2	31.1337	1
1152.53040	577.27245	2	53.9990	2
1152.54610	577.28030	2	92.6463	2
1152.54810	577.28135	2	61.0706	2
1152.55270	577.28360	2	37.6422	2
1152.58425	577.29940	2	51.8914	2
1152.58595	577.30025	2	58.7092	2
1153.51930	577.76695	2	67.3386	2
1154.62160	578.31805	2	59.6968	2
1154.63050	578.32250	2	45.3785	2
1155.56380	578.78915	2	35.5109	2
1155.58265	578.79860	2	89.0327	2
1155.61455	578.81455	2	51.5761	2
1155.62620	578.82040	2	52.5575	2
1155.65025	578.83240	2	49.4587	2
1156.51825	579.26640	2	56.1540	2
1156.51935	579.26695	2	45.2596	2
1156.51990	579.26725	2	29.3912	2
1156.59100	579.30280	2	86.1913	2
1156.60350	579.30900	2	67.5451	2
1157.59320	579.80385	2	58.9466	2
1157.59515	579.80485	2	52.8563	2
1158.59980	580.30715	2	41.9604	2
1158.62370	580.31915	2	46.1414	2
1158.62500	580.31980	2	48.3545	2
1159.56955	580.79205	2	64.2502	2
1159.57230	580.79345	2	34.8622	2
1159.58250	580.79855	2	46.3463	2
1159.59450	580.80450	2	41.7520	2
1159.62090	580.81775	2	40.7774	2
1159.63980	580.82720	2	81.0141	2
1159.68245	580.84850	2	50.4339	2
1160.56450	581.28955	2	38.0187	2
1160.58570	581.30015	2	67.3927	2
1160.58640	581.30050	2	50.1266	2
1160.59315	581.30385	2	73.5499	2
1160.59775	581.30615	2	54.7825	2
1160.61570	581.31515	2	37.2798	2
1161.52715	581.77085	2	35.8552	2
1161.59805	581.80630	2	46.4623	2
1161.59955	581.80705	2	54.1487	2
1161.61480	581.81465	2	53.6932	2
1161.66300	581.83880	2	96.7085	1
1162.58180	582.29815	2	66.0874	2
1162.58400	582.29930	2	54.2643	1
1162.59115	582.30285	2	64.0336	2
1162.59895	582.30675	2	72.3568	2
1163.57565	582.79510	2	66.3843	2
1163.60850	582.81150	2	67.9386	2
1164.56770	583.29110	2	32.6065	1
1164.60300	583.30880	2	55.5421	2
1164.72365	583.36910	2	71.1144	2
1165.46075	583.73765	2	35.9480	2
1165.57710	583.79585	2	73.2446	2
1165.63435	583.82445	2	65.2226	2
1166.54390	584.27920	2	47.5958	2
1167.61810	584.81630	2	85.6832	2
1168.68180	585.34820	2	70.5191	1
1168.68325	585.34890	2	59.0992	2
1168.74425	585.37940	2	80.3255	2
1169.13815	585.57635	2	50.4433	4
1169.57105	585.79280	2	54.8419	2
1170.52090	586.26775	2	50.9349	2
1170.62620	586.32035	2	47.8627	2
1170.66080	586.33770	2	67.4647	2
1170.66105	586.33780	2	71.2372	2
1171.57660	586.79555	2	65.8942	2
1171.61985	586.81720	2	50.6553	2
1171.62160	586.81810	2	36.6728	1
1171.62310	586.81880	2	56.8335	2
1171.69980	586.85715	2	55.6409	2
1172.61910	587.31680	2	71.9466	2
1172.62465	587.31960	2	74.3930	2
1172.63075	587.32265	2	66.6985	2
1172.64130	587.32790	2	71.5904	2
1173.10805	587.56130	2	41.3188	4
1173.58875	587.80165	2	47.1905	2
1173.61365	587.81410	2	85.8490	2
1174.06740	588.04100	2	34.2194	4
1174.51280	588.26365	2	43.9715	2
1174.54610	588.28030	2	32.4920	1
1174.56175	588.28815	2	54.7573	2
1174.60805	588.31130	2	41.6923	2
1175.57385	588.79420	2	61.2225	2
1175.58530	588.79990	2	69.5193	2
1175.61950	588.81700	2	42.4058	2
1175.65625	588.83540	2	59.6889	2
1176.50290	589.25870	2	32.4567	1
1176.58065	589.29760	2	53.1874	2
1177.63420	589.82440	2	66.9362	2
1177.66135	589.83795	2	85.7000	2
1177.66195	589.83825	2	91.2181	2
1178.46280	590.23870	2	68.3018	1
1178.51820	590.26640	2	38.8880	3
1179.54430	590.77940	2	42.8879	1
1179.59025	590.80240	2	45.6262	2
1179.61390	590.81425	2	51.2085	2
1180.52350	591.26900	2	63.1371	2
1180.59935	591.30695	2	65.1396	2
1180.70750	591.36105	2	86.4587	2
1181.65335	591.83395	2	55.4286	2
1182.54110	592.27780	2	75.5831	2
1182.60380	592.30920	2	71.9541	2
1182.62465	592.31960	2	72.9520	2
1182.66415	592.33935	2	59.3049	2
1182.68085	592.34770	2	79.4076	2
1185.57465	593.79460	2	86.8405	2
1185.57800	593.79630	2	37.0997	2
1185.64020	593.82740	2	79.8937	2
1185.65120	593.83290	2	64.7311	1
1185.67205	593.84330	2	60.5264	2
1186.54405	594.27930	2	45.7961	2
1186.65570	594.33510	2	47.7129	2
1187.58920	594.80190	2	50.1079	2
1187.62275	594.81865	2	77.9361	2
1187.69555	594.85505	2	86.4534	2
1187.70285	594.85870	2	88.9328	2
1187.70360	594.85905	2	81.3763	2
1188.58930	595.30195	2	42.7754	2
1188.59835	595.30645	2	46.7154	2
1188.61520	595.31485	2	50.8076	2
1188.67400	595.34430	2	61.6214	1
1189.54075	595.77765	2	79.0711	2
1189.63560	595.82510	2	51.1823	2
1189.64695	595.83075	2	70.6806	2
1189.67080	595.84270	2	74.9020	2
1190.56095	596.28775	2	55.7803	2
1190.59120	596.30290	2	34.6482	2
1190.60040	596.30750	2	64.7989	2
1191.61380	596.81420	2	58.2152	1
1191.66565	596.84010	2	83.1748	2
1192.52795	597.27125	2	46.9717	2
1192.57640	597.29550	2	44.1915	1
1192.61575	597.31515	2	67.0091	2
1192.66305	597.33880	2	87.9056	2
1193.61605	597.81530	2	38.9707	2
1193.63390	597.82425	2	68.3428	2
1193.67055	597.84255	2	90.8601	2
1194.51275	598.26365	2	31.2729	2
1194.61490	598.31470	2	67.8697	1
1195.60810	598.81130	2	61.0474	2
1196.55075	599.28265	2	45.7735	2
1196.57300	599.29375	2	35.9090	2
1196.65200	599.33330	2	49.3929	2
1197.54585	599.78020	2	78.5471	2
1197.55270	400.19150	3	45.8442	1
1197.56965	599.79210	2	52.7014	2
1197.57525	400.19900	3	36.2117	2
1197.62410	599.81935	2	60.3578	2
1197.66380	599.83920	2	74.8585	2
1197.69720	599.85585	2	75.6946	2
1198.62005	400.54725	3	52.6607	2
1198.65435	400.55875	3	41.2320	2
1198.65570	600.33510	2	41.2638	2
1199.54645	600.78050	2	55.2744	2
1199.67150	600.84300	2	90.9359	3
1199.71295	600.86375	2	79.0296	2
1200.62085	601.31770	2	59.5991	2
1200.62165	401.21450	3	42.5848	2
1200.62325	601.31890	2	42.6108	2
1200.64680	601.33065	2	52.5505	2
1200.65070	601.33265	2	80.2050	2
1201.09190	601.55325	2	42.8664	4
1201.59870	601.80665	2	66.4434	2
1201.61970	601.81715	2	75.2147	2
1201.62850	601.82150	2	37.0283	1
1201.63015	401.55065	3	36.7995	2
1201.63160	601.82310	2	37.1494	1
1201.66785	601.84120	2	57.2904	2
1201.66905	601.84180	2	47.2556	2
1202.58860	602.30155	2	40.5992	2
1202.59610	602.30530	2	51.9693	1
1202.60400	401.87525	3	48.9620	2
1202.60535	602.30995	2	48.9978	2
1202.64205	401.88795	3	39.6155	2
1202.64305	602.32880	2	39.5844	2
1202.65080	602.33265	2	65.4984	2
1203.59920	602.80690	2	41.8639	2
1203.61725	602.81590	2	77.5264	4
1203.67240	602.84350	2	52.1250	2
1204.48260	603.24860	2	42.5251	2
1204.58370	603.29910	2	53.0702	2
1204.60865	603.31160	2	57.5805	2
1204.61300	603.31380	2	80.5991	2
1204.61550	603.31500	2	93.4763	1
1204.65700	402.55960	3	48.6302	2
1204.65745	603.33600	2	48.6391	2
1205.56530	402.86235	3	60.2607	2
1205.62910	603.82180	2	56.9451	2
1205.64000	603.82730	2	54.8993	2
1205.71345	402.91175	3	65.8632	2
1205.71430	603.86440	2	65.9267	2
1206.59460	604.30460	2	61.6106	1
1206.60715	604.31085	2	73.3007	2
1206.62465	604.31960	2	64.8431	2
1207.57190	604.79325	2	64.0892	2
1207.57240	604.79350	2	63.0055	1
1207.57290	604.79370	2	44.2227	1
1207.62070	604.81765	2	55.8334	2
1207.62420	604.81940	2	72.9546	2
1207.67225	604.84340	2	85.2694	2
1207.76680	604.89070	2	81.6168	2
1208.52335	605.26895	2	39.5602	2
1208.59320	605.30390	2	83.6543	2
1208.60360	605.30910	2	68.7401	2
1208.67660	605.34560	2	92.0844	2
1209.58875	605.80165	2	48.4845	2
1210.56070	606.28760	2	47.0624	2
1210.59970	606.30710	2	63.5985	2
1210.61340	404.54510	3	63.6232	1
1210.74065	606.37760	2	71.3670	2
1211.61985	606.81720	2	78.7285	2
1211.62585	404.88255	3	36.1846	2
1211.65125	404.89105	3	49.1928	2
1211.65580	606.83520	2	88.1311	2
1212.53120	405.18430	3	52.0678	2
1212.54120	607.27790	2	57.2592	2
1212.56705	405.19630	3	28.4214	2
1212.65115	405.22430	3	57.0065	2
1213.64550	607.83000	2	54.3871	1
1213.64650	405.55610	3	54.3717	1
1213.66730	607.84095	2	48.6890	2
1213.67050	405.56410	3	82.7313	1
1214.50160	608.25810	2	91.6450	1
1214.59960	608.30710	2	63.9394	1
1214.60140	608.30800	2	63.9817	1
1214.63960	608.32710	2	65.2651	1
1214.70200	608.35830	2	63.5578	1
1215.59885	608.80670	2	50.6112	2
1215.64635	608.83045	2	60.7661	2
1215.65135	608.83295	2	83.5496	2
1215.68235	406.23470	3	35.2961	2
1215.68260	608.84855	2	35.3297	2
1216.57575	609.29515	2	49.3352	2
1216.57630	609.29545	2	39.6865	2
1216.62305	609.31880	2	55.7211	2
1216.65705	609.33580	2	70.4009	2
1216.72605	609.37030	2	86.6228	2
1217.56210	609.78830	2	70.7149	2
1217.60870	609.81160	2	58.1945	2
1217.67680	406.89950	3	68.8950	2
1218.66395	610.33925	2	84.1153	2
1219.61050	610.81255	2	49.9898	2
1219.71845	610.86650	2	87.5570	2
1220.64050	611.32750	2	78.8506	2
1221.13360	611.57405	2	50.6258	4
1221.51920	611.76690	2	45.8549	1
1221.57850	611.79650	2	43.5887	1
1221.58790	611.80120	2	52.3864	1
1221.59825	611.80640	2	59.3992	2
1221.61025	408.21070	3	31.3856	2
1221.61135	611.81295	2	31.4308	2
1221.61440	611.81450	2	65.9778	1
1221.63570	611.82510	2	57.1404	3
1223.22080	612.61770	2	79.5869	4
1223.54300	612.77880	2	47.1171	2
1223.62600	612.82030	2	36.6527	2
1223.65140	408.89110	3	48.5444	1
1223.65170	408.89120	3	48.5094	1
1224.56120	613.28790	2	72.3555	1
1224.62490	613.31975	2	68.9102	2
1224.62820	409.21670	3	54.7239	2
1224.62850	613.32150	2	54.6946	2
1224.65720	409.22630	3	37.4155	1
1224.65885	613.33670	2	37.6992	2
1224.68410	613.34935	2	44.1333	2
1225.67140	613.84300	2	69.7784	1
1226.70625	614.36040	2	82.1786	2
1227.65780	614.83620	2	59.3407	2
1227.66200	614.83825	2	70.7062	2
1227.67255	614.84355	2	68.6743	2
1227.68240	614.84845	2	65.1837	2
1228.68590	615.35020	2	64.4157	1
1228.73875	615.37665	2	83.5564	2
1229.55770	615.78610	2	42.0674	2
1229.61220	615.81340	2	79.3609	1
1229.61940	615.81695	2	50.2389	2
1229.62490	615.81970	2	58.0869	1
1229.65065	410.89080	3	48.2850	2
1229.65135	615.83295	2	48.3440	2
1229.73755	410.91975	3	59.7255	2
1230.55940	411.19370	3	33.3524	2
1230.58520	616.29985	2	42.1786	2
1230.58890	411.20360	3	35.7606	2
1230.58905	616.30180	2	60.4241	2
1230.64010	616.32730	2	79.6777	2
1230.65470	411.22550	3	31.0588	2
1230.65580	616.33520	2	41.9918	2
1230.66190	616.33820	2	83.3960	2
1231.58725	616.80090	2	37.1929	2
1231.58750	616.80105	2	52.4123	2
1231.62405	616.81930	2	55.7212	2
1231.62555	616.82005	2	88.5216	2
1231.65570	616.83515	2	61.1667	2
1231.69220	411.57135	3	58.7619	2
1231.71900	616.86680	2	82.6516	1
1232.57205	617.29330	2	34.3169	2
1233.60220	412.20800	3	80.8131	1
1233.60900	617.81180	2	50.5846	2
1233.61040	617.81250	2	62.7289	1
1233.62180	617.81820	2	44.5650	2
1233.66180	617.83815	2	57.8068	2
1234.56940	412.53040	3	41.1497	2
1234.59490	618.30475	2	36.0352	2
1235.60750	618.81100	2	40.7086	2
1235.64850	618.83155	2	49.6829	2
1235.65115	412.89100	3	49.6124	2
1235.66980	412.89720	3	58.9125	2
1235.67305	618.84380	2	58.9785	2
1235.69845	412.90675	3	53.4911	2
1236.56365	619.28910	2	48.5796	2
1237.61360	413.54510	3	46.0332	1
1237.63495	413.55225	3	38.4925	2
1237.63545	619.82500	2	38.5251	2
1237.64575	619.83015	2	64.8574	2
1237.74040	619.87745	2	68.3330	2
1239.59295	620.80375	2	59.2438	2
1239.59550	414.20575	3	36.5563	2
1239.61910	620.81680	2	62.9475	1
1239.68310	620.84880	2	75.8339	2
1239.71905	620.86680	2	74.7010	2
1240.16080	621.08770	2	49.0921	4
1240.58850	414.53675	3	37.0628	2
1240.70300	621.35880	2	72.3829	1
1240.70435	621.35945	2	91.7822	2
1241.59330	621.80390	2	71.5980	2
1241.61875	621.81665	2	84.2114	2
1241.66490	621.83970	2	62.5750	1
1241.67450	621.84455	2	43.9714	2
1241.67580	414.89920	3	69.2145	1
1241.77480	621.89465	2	78.2780	2
1241.77535	414.93240	3	78.2135	2
1242.63630	415.21940	3	44.7928	2
1242.63655	622.32555	2	44.8489	2
1242.64665	622.33060	2	55.4687	2
1242.65075	622.33265	2	35.6101	2
1242.70195	622.35825	2	96.4023	2
1244.54295	623.27875	2	52.7984	2
1244.56665	623.29060	2	47.0250	2
1244.60980	415.87720	3	34.4026	2
1244.63310	623.32380	2	66.7637	2
1244.67150	415.89775	3	37.4327	2
1245.62005	623.81730	2	47.8363	2
1245.62165	416.21450	3	47.8050	2
1245.65155	623.83305	2	82.3923	2
1245.67200	416.23125	3	55.3740	2
1245.67430	623.84445	2	43.0065	2
1246.64930	416.55705	3	67.7781	2
1246.69320	624.35385	2	72.8318	2
1247.58390	416.86860	3	29.9649	2
1248.57450	625.29455	2	44.3225	2
1248.61785	625.31620	2	88.7731	2
1248.62000	625.31730	2	58.3681	1
1248.67160	625.34305	2	61.3815	2
1248.67185	625.34320	2	63.6920	2
1249.63220	625.82340	2	57.7893	2
1249.65185	625.83320	2	64.3626	2
1249.65610	625.83535	2	83.6309	2
1250.72625	626.37040	2	88.6239	2
1251.66155	626.83805	2	75.3454	2
1252.73945	627.37700	2	79.6471	2
1252.77535	627.39495	2	92.3339	2
1253.55970	627.78710	2	66.6535	1
1253.63005	627.82230	2	32.5333	2
1253.63070	418.88420	3	32.4253	2
1254.60070	628.30760	2	80.9130	2
1254.72985	419.25055	3	40.6277	2
1254.72990	628.37225	2	69.6589	2
1254.73010	628.37230	2	40.6598	2
1254.73485	419.25220	3	52.5290	2
1255.58455	628.79955	2	43.4029	2
1255.62735	628.82095	2	70.3076	2
1255.65650	628.83550	2	53.9650	1
1255.65715	419.55965	3	53.8831	2
1255.66760	628.84110	2	74.3576	2
1255.67855	628.84655	2	51.0329	2
1255.70170	628.85815	2	69.5373	2
1255.71390	419.57860	3	65.8696	2
1255.72690	628.87070	2	71.7494	1
1256.60975	629.31215	2	90.0656	2
1256.61175	629.31315	2	50.2735	2
1256.67750	629.34600	2	89.7532	7
1256.69825	419.90665	3	47.7707	2
1256.69830	629.35645	2	47.7423	2
1256.70490	629.35975	2	97.7378	2
1257.64720	629.83085	2	42.7027	2
1257.64755	420.22310	3	42.7243	2
1257.70215	629.85835	2	89.0976	2
1258.59955	630.30705	2	81.4145	2
1258.67160	630.34310	2	56.2006	1
1258.67780	630.34620	2	67.5774	2
1258.68890	630.35175	2	52.3093	2
1258.76495	630.38975	2	87.6492	2
1259.57440	630.79450	2	36.2542	2
1259.63230	630.82345	2	75.6095	2
1259.63625	630.82540	2	58.2273	2
1259.66090	420.89420	3	52.9352	1
1259.66135	630.83795	2	58.8901	2
1259.72515	630.86985	2	77.0242	2
1260.57835	631.29645	2	36.5000	2
1260.58940	631.30195	2	42.4965	2
1260.60345	631.30900	2	45.9284	2
1260.67175	631.34315	2	57.1350	2
1261.57880	631.79670	2	50.7566	2
1261.62230	421.54800	3	40.5784	2
1261.67020	421.56400	3	38.2169	1
1261.74430	631.87945	2	96.1331	2
1263.61045	632.81250	2	52.9861	2
1263.62020	422.21400	3	33.4135	2
1263.62260	632.81860	2	33.3896	2
1263.62855	632.82155	2	56.7693	2
1263.66105	422.22760	3	54.6431	2
1263.67455	632.84455	2	89.3508	2
1263.68320	632.84885	2	66.9982	2
1264.64895	422.55690	3	61.5219	2
1264.77700	633.39575	2	93.7632	2
1265.60940	422.87710	3	30.8474	1
1265.68810	633.85130	2	51.7342	2
1266.52160	634.26810	2	34.4542	1
1266.56275	634.28865	2	46.0355	2
1266.62100	423.21425	3	38.0801	2
1266.62250	634.31850	2	38.1204	2
1266.62890	634.32170	2	71.3909	1
1267.64820	634.83135	2	82.4060	2
1267.66220	634.83840	2	93.4441	1
1267.68990	634.85220	2	49.4798	2
1268.61410	635.31430	2	53.3326	1
1268.61475	423.87885	3	53.2531	2
1268.66255	423.89480	3	50.8114	2
1268.66315	635.33885	2	50.8741	2
1268.69730	635.35595	2	69.9424	2
1269.62500	635.81975	2	80.8763	2
1269.62835	635.82145	2	63.5418	4
1269.65960	424.22715	3	47.1100	2
1269.65960	635.83710	2	47.1223	2
1269.70320	635.85885	2	63.1824	2
1269.72965	635.87210	2	78.3909	2
1270.65315	636.33385	2	43.5368	2
1270.69920	424.57370	3	62.3011	2
1270.69950	636.35705	2	62.3394	2
1270.72810	636.37130	2	92.7312	2
1271.68735	424.90305	3	60.4872	2
1271.71005	636.86230	2	71.5637	2
1271.76090	636.88770	2	82.5974	2
1272.69205	637.35330	2	64.6102	2
1273.66745	637.84100	2	65.2660	2
1273.67710	637.84585	2	86.7414	2
1273.72195	637.86825	2	70.5192	2
1274.64405	638.32930	2	85.2014	2
1274.66280	638.33870	2	68.6368	1
1274.70920	425.91030	3	47.0665	1
1274.76040	638.38745	2	79.2782	2
1275.54085	638.77770	2	45.0542	2
1275.57310	638.79380	2	60.8344	2
1275.69395	426.23860	3	63.0671	2
1276.58560	639.30010	2	36.0296	1
1276.63460	639.32460	2	77.3901	2
1276.65385	639.33420	2	90.5778	2
1276.66655	639.34055	2	58.4426	2
1276.67330	639.34390	2	86.5801	2
1276.70260	639.35860	2	78.7740	1
1276.70330	639.35895	2	72.2986	2
1277.63235	639.82345	2	80.2741	2
1277.63730	639.82590	2	62.3291	2
1277.67340	639.84395	2	69.1024	2
1277.68750	639.85100	2	76.0435	2
1278.65100	640.33280	2	85.3653	2
1278.68205	427.23465	3	42.7590	2
1279.69685	427.57290	3	54.2120	2
1280.57920	641.29685	2	81.1943	2
1280.74380	641.37920	2	88.5007	1
1281.55795	641.78625	2	39.6971	2
1281.60855	428.21010	3	36.6101	2
1281.61130	641.81290	2	36.5924	2
1281.70495	428.24225	3	41.8108	2
1282.57465	642.29460	2	71.8934	2
1282.58665	642.30060	2	61.8313	2
1283.61590	642.81520	2	70.6533	2
1283.65180	642.83320	2	65.7436	2
1283.73475	642.87465	2	78.3743	2
1284.61440	429.21210	3	40.4134	1
1284.62865	643.32160	2	91.7180	2
1284.69360	643.35410	2	77.9441	2
1284.70250	643.35850	2	69.2555	2
1284.70290	429.24160	3	43.1549	2
1284.71630	643.36540	2	87.1243	1
1284.72780	643.37115	2	84.1691	2
1285.66350	643.83900	2	43.5083	2
1285.72310	429.58160	3	46.2585	2
1286.64180	644.32820	2	69.0298	1
1286.64465	429.88885	3	68.9791	2
1286.65100	429.89090	3	54.2946	1
1286.68395	644.34925	2	85.8831	2
1286.69875	644.35665	2	68.4093	2
1286.78555	644.40005	2	86.8055	2
1287.62955	644.82205	2	85.3276	2
1287.68180	644.84820	2	73.9422	2
1288.59020	645.30240	2	44.7745	2
1288.60590	645.31020	2	63.9396	2
1288.66245	645.33850	2	46.2513	2
1288.68565	645.35010	2	67.4006	2
1288.72285	645.36870	2	84.7420	2
1289.58970	645.80210	2	36.7704	2
1289.59045	430.87075	3	36.7864	2
1289.62870	645.82165	2	62.8310	2
1289.62890	645.82170	2	89.4663	2
1289.64720	645.83085	2	49.5483	2
1289.70645	430.90945	3	67.1001	2
1290.65745	646.33600	2	54.9406	2
1291.57910	646.79680	2	44.9378	2
1291.60520	646.80985	2	51.2746	2
1291.66560	646.84005	2	60.3945	2
1292.66090	431.89420	3	62.4712	3
1293.62425	647.81940	2	55.7424	2
1294.62360	648.31905	2	68.5906	2
1294.73340	648.37400	2	83.4571	2
1294.79730	432.60635	3	68.1523	2
1295.66330	432.89500	3	62.3752	1
1295.72415	648.86935	2	76.3463	2
1295.74585	648.88020	2	64.7724	2
1295.75650	432.92610	3	60.8722	2
1295.77440	648.89450	2	88.8040	1
1296.68235	649.34845	2	60.1468	2
1296.70280	649.35865	2	69.2507	2
1296.73880	433.25350	3	45.1350	2
1297.23305	649.62380	2	45.8785	4
1297.59170	433.53780	3	57.6590	1
1297.73550	649.87505	2	65.8070	2
1297.76120	433.59430	3	63.9133	1
1298.59405	650.30430	2	38.3157	2
1298.59460	433.87215	3	38.2630	2
1298.61025	433.87735	3	38.1400	2
1298.69425	650.35440	2	48.4665	2
1298.74530	650.37990	2	93.0532	2
1299.56825	650.79140	2	36.8287	2
1299.62840	650.82150	2	74.9685	1
1299.67860	650.84660	2	41.5373	1
1299.69375	650.85415	2	80.4153	2
1299.70450	650.85955	2	58.4983	2
1299.71350	650.86400	2	58.0558	1
1300.62365	651.31910	2	86.9044	2
1300.62550	651.32000	2	81.8974	1
1300.70320	651.35890	2	63.6580	2
1300.70855	651.36155	2	92.8990	2
1300.74060	651.37755	2	76.1704	2
1300.77570	651.39515	2	86.0385	2
1301.60980	651.81220	2	42.8441	2
1301.63520	651.82485	2	41.3832	2
1301.63620	434.88600	3	41.3479	2
1302.66080	652.33765	2	67.1689	2
1302.72935	652.37195	2	75.8061	2
1303.51430	652.76445	2	65.8118	2
1303.60490	652.80970	2	61.1277	1
1304.61100	653.31280	2	43.2311	1
1304.73375	653.37415	2	79.6761	2
1305.61575	436.21250	3	31.9706	2
1305.62445	653.81950	2	51.5108	2
1305.63490	436.21890	3	62.2045	2
1305.66050	653.83755	2	69.3564	2
1305.67645	653.84550	2	62.0067	2
1305.70515	653.85985	2	74.0815	2
1306.58250	436.53480	3	40.9479	1
1306.65200	436.55790	3	40.4583	2
1306.66960	654.34205	2	31.9113	2
1306.67235	654.34345	2	76.3184	2
1307.66180	654.83815	2	61.8675	2
1308.72020	655.36735	2	87.8705	2
1308.72035	437.24740	3	87.9716	2
1308.74250	655.37855	2	60.7395	2
1308.77755	655.39605	2	73.4258	2
1309.14935	655.58195	2	63.5232	4
1310.12305	656.06880	2	68.8321	4
1310.64840	437.89010	3	48.7803	2
1310.67970	656.34715	2	81.4388	2
1310.70215	437.90800	3	46.7718	2
1311.57180	656.79315	2	60.2412	2
1311.58350	656.79900	2	50.6234	2
1311.64840	656.83145	2	89.7074	2
1311.71605	656.86530	2	42.4684	2
1311.76600	656.89025	2	85.2934	2
1313.61390	657.81425	2	63.7736	2
1313.69355	438.90510	3	53.0364	2
1313.69450	657.85455	2	53.0701	2
1313.70195	657.85825	2	88.0338	2
1313.71880	438.91350	3	62.7315	2
1313.71980	657.86715	2	85.9795	2
1313.74515	438.92230	3	54.6731	2
1314.69665	658.35560	2	49.3149	2
1314.69685	658.35570	2	63.5788	2
1314.69930	439.24040	3	49.2232	2
1315.65965	658.83710	2	73.3293	2
1315.68070	658.84765	2	60.7736	2
1315.69935	658.85695	2	73.9123	2
1315.70960	658.86210	2	65.5510	2
1316.67630	439.89940	3	65.0473	2
1316.73390	659.37425	2	97.4338	2
1316.73460	659.37455	2	69.0820	2
1317.61060	440.21080	3	53.5511	2
1317.64225	659.82840	2	43.3497	2
1318.66310	660.33885	2	79.8386	2
1319.63380	660.82420	2	54.0604	2
1319.66365	440.89515	3	54.8471	2
1319.69120	660.85290	2	82.7058	2
1320.59505	661.30480	2	72.9578	2
1320.62455	661.31955	2	41.8107	2
1320.62500	441.21560	3	41.7811	2
1320.63480	441.21885	3	52.0300	2
1320.68420	661.34935	2	84.6433	4
1321.61570	661.81510	2	52.5791	1
1321.76500	441.59560	3	82.0231	2
1321.76575	661.89015	2	82.1216	2
1322.66765	662.34110	2	90.1444	2
1322.67250	662.34355	2	65.0138	2
1322.70745	441.90975	3	38.3236	2
1322.72700	662.37075	2	73.4363	2
1324.69210	663.35330	2	78.8174	2
1324.73555	663.37505	2	64.0252	2
1324.78325	442.60170	3	66.2392	2
1325.74940	663.88195	2	84.2282	2
1326.62075	664.31765	2	61.4383	2
1326.68915	443.23695	3	32.2218	2
1326.69000	664.35225	2	32.1946	2
1327.65235	443.55805	3	57.9237	2
1327.66030	664.83740	2	80.1306	1
1328.74510	443.92230	3	43.2677	2
1328.75235	665.38345	2	72.4411	2
1328.75290	443.92490	3	72.3106	2
1329.65375	665.83415	2	44.4414	2
1329.69335	665.85395	2	77.8230	2
1329.69360	444.23850	3	66.8896	2
1329.76695	665.89075	2	82.1474	2
1330.71405	666.36430	2	62.3909	2
1330.78240	444.60140	3	87.2262	2
1330.78240	666.39850	2	87.1295	2
1331.67650	666.84550	2	75.2836	2
1331.70950	666.86200	2	81.6903	2
1331.72885	666.87170	2	93.4814	2
1331.74630	666.88040	2	83.3264	2
1331.76695	444.92960	3	46.7615	2
1331.76695	666.89075	2	46.7663	2
1332.64700	667.33075	2	48.5159	2
1332.66025	667.33740	2	87.0374	2
1332.70240	667.35850	2	83.8224	2
1333.57190	445.53120	3	55.5986	1
1333.59480	667.80470	2	44.3711	1
1334.66180	445.89455	3	47.2824	2
1334.71935	445.91375	3	54.6946	2
1334.71965	668.36710	2	54.7501	2
1334.72445	668.36950	2	77.4178	2
1335.59425	668.80440	2	52.7335	2
1335.63775	668.82615	2	72.6272	2
1336.74690	446.58955	3	44.2539	2
1336.74695	669.38075	2	44.2317	2
1336.80850	669.41150	2	81.1255	1
1338.55785	670.28620	2	40.5196	2
1338.61370	670.31410	2	61.7231	2
1338.66890	670.34175	2	63.9869	2
1338.71990	670.36725	2	73.4672	2
1339.65200	670.83325	2	65.4031	2
1339.74660	447.58945	3	56.6449	2
1339.75320	670.88390	2	82.8266	2
1339.77055	447.59745	3	95.4647	2
1339.77140	670.89300	2	97.3169	5
1340.59910	671.30685	2	50.0818	2
1340.61720	447.87970	3	68.6625	1
1340.73040	671.37250	2	62.8959	2
1341.19780	671.60620	2	45.9683	4
1341.62125	671.81790	2	75.9919	2
1341.69840	448.24010	3	47.3590	1
1342.65130	448.55770	3	38.8220	2
1342.65245	448.55805	3	55.1138	2
1342.69170	672.35310	2	71.3962	1
1342.70850	448.57680	3	57.2616	1
1342.71050	672.36250	2	63.5311	2
1342.73610	672.37530	2	82.0974	3
1343.76630	448.92935	3	55.4850	2
1343.76745	672.89100	2	55.4900	2
1344.68240	673.34850	2	54.2892	1
1344.71440	673.36445	2	66.9515	2
1344.72940	449.25040	3	73.0783	2
1344.74005	673.37730	2	84.6410	2
1344.74400	449.25530	3	83.2568	1
1344.74745	449.25640	3	68.9789	2
1344.79695	673.40575	2	97.9522	2
1345.62385	673.81920	2	34.6349	2
1345.66260	673.83860	2	59.6354	2
1346.57885	674.29670	2	40.9657	2
1346.60060	449.87410	3	53.7790	1
1346.67530	674.34495	2	74.0294	2
1346.68375	674.34915	2	79.0133	2
1346.71970	449.91380	3	72.0077	1
1346.76750	674.39105	2	69.7856	2
1346.76765	449.92980	3	69.7187	2
1347.66825	674.84140	2	89.4716	2
1347.74730	674.88090	2	64.6786	2
1347.74735	450.25640	3	64.5549	2
1349.56885	675.79170	2	77.3301	2
1349.58970	675.80210	2	34.0318	2
1349.62900	450.88360	3	51.9163	2
1349.68315	675.84885	2	70.4311	2
1349.68925	675.85190	2	61.7518	2
1350.61025	676.31240	2	40.8684	2
1350.64275	676.32865	2	77.0379	2
1350.68685	451.23620	3	74.6714	2
1350.71460	676.36460	2	74.6634	2
1351.63880	451.55355	3	35.5039	2
1351.63920	676.82690	2	35.4931	3
1351.64200	676.82830	2	61.4980	2
1352.59385	451.87190	3	31.7410	2
1352.63920	677.32690	2	64.1471	2
1352.75615	677.38535	2	68.8899	2
1353.72165	677.86810	2	89.1739	2
1353.72650	677.87050	2	66.4356	2
1354.72830	678.37140	2	90.5564	3
1355.71625	678.86540	2	88.8473	2
1355.71630	678.86545	2	86.6491	2
1355.73100	678.87280	2	57.3728	2
1355.77930	678.89695	2	83.1135	2
1356.73685	679.37570	2	60.9531	2
1356.74885	453.25685	3	49.4563	2
1356.75145	679.38300	2	49.5161	2
1357.66260	453.56150	3	50.6842	3
1357.66330	679.83895	2	50.7309	2
1357.67230	453.56470	3	31.1429	2
1357.67285	679.84370	2	31.3377	2
1357.70035	453.57405	3	53.7371	2
1357.74590	453.58925	3	59.3436	2
1357.74605	679.88030	2	59.4128	2
1357.75680	453.59290	3	44.9579	1
1358.66175	680.33815	2	57.6708	2
1358.66420	680.33940	2	89.9473	2
1358.66830	453.89670	3	46.7297	2
1358.66940	680.34195	2	46.8310	2
1358.67865	453.90015	3	39.7466	2
1358.67980	680.34715	2	39.7839	2
1358.74005	680.37730	2	83.8829	2
1358.75795	680.38625	2	93.6175	2
1359.68215	680.84835	2	67.9751	2
1359.68855	454.23680	3	39.5176	2
1359.83620	454.28600	3	57.9429	1
1360.58715	454.53630	3	35.1079	2
1360.69995	681.35725	2	76.4666	2
1361.66690	681.84075	2	41.3560	2
1361.67120	681.84285	2	67.6959	2
1361.71975	681.86715	2	69.6740	2
1361.72375	681.86915	2	72.4101	2
1362.59065	682.30260	2	49.2511	2
1362.64470	682.32965	2	54.4435	2
1362.71230	682.36345	2	88.9092	2
1362.71465	682.36460	2	58.9544	2
1362.71735	682.36595	2	72.8614	2
1362.72060	682.36760	2	84.5766	2
1363.65980	682.83720	2	63.7293	2
1363.68490	682.84970	2	73.8190	2
1363.69080	455.57085	3	46.2179	2
1363.69255	682.85355	2	46.2843	2
1364.59240	683.30345	2	52.0990	2
1364.63880	683.32665	2	65.0756	2
1364.65540	683.33495	2	77.6715	2
1364.66800	683.34130	2	45.8041	2
1364.68210	683.34830	2	62.1551	2
1364.71925	683.36690	2	65.5882	2
1364.73480	683.37465	2	70.1559	2
1365.67865	683.84660	2	56.7998	2
1365.67980	456.23390	3	56.7263	2
1366.73275	456.58485	3	37.7886	2
1366.75685	456.59290	3	37.9017	2
1366.84300	684.42875	2	101.4383	2
1367.65420	456.89200	3	52.2504	2
1367.67300	456.89825	3	51.0829	2
1367.68675	684.85065	2	52.6778	2
1367.68885	456.90355	3	52.6177	2
1367.71300	684.86375	2	72.5727	2
1367.76850	684.89150	2	84.2924	2
1367.77730	684.89595	2	76.1077	2
1368.52840	685.27150	2	34.3759	5
1368.64590	457.22260	3	68.4931	2
1368.75050	685.38250	2	75.3268	2
1368.79930	457.27370	3	64.9368	1
1369.67405	457.56530	3	53.0017	2
1369.79420	685.90440	2	55.7963	2
1369.79470	457.60550	3	55.7811	3
1370.72360	686.36905	2	80.2438	2
1370.81975	686.41715	2	95.8921	2
1371.68315	686.84885	2	74.3307	2
1371.70895	686.86175	2	92.2976	2
1371.73450	458.25210	3	50.3073	2
1371.74650	458.25610	3	55.6625	2
1371.76380	686.88920	2	84.2265	1
1372.58250	687.29850	2	64.4582	2
1372.68455	687.34955	2	67.0673	2
1372.71770	458.57985	3	55.3641	2
1373.69005	458.90395	3	38.9627	2
1373.69125	687.85290	2	39.0632	2
1373.74125	687.87790	2	71.5290	2
1373.75360	687.88410	2	57.7772	2
1374.68855	459.23680	3	48.6299	2
1374.68945	688.35200	2	48.6915	2
1374.70770	688.36115	2	74.1148	2
1374.76190	459.26120	3	78.9387	2
1374.76205	688.38830	2	79.0050	2
1374.78585	688.40020	2	85.2067	2
1375.56820	459.53000	3	40.5437	2
1375.71410	459.57860	3	77.1158	1
1375.71755	688.86605	2	80.3394	2
1376.71870	689.36665	2	65.8985	2
1376.72980	459.91720	3	50.6180	2
1376.85035	459.95735	3	67.3685	2
1377.20465	689.60960	2	90.7858	4
1377.67110	689.84280	2	84.0234	3
1377.67815	689.84635	2	76.2028	2
1377.68535	689.84995	2	33.7970	2
1377.68700	460.23625	3	33.7573	2
1377.69180	460.23790	3	89.3600	2
1377.69680	689.85565	2	88.9671	2
1378.23335	690.12395	2	85.5690	4
1378.67750	690.34600	2	60.4793	1
1378.69850	690.35655	2	60.7069	2
1378.75810	690.38630	2	95.3558	2
1379.76460	460.92880	3	73.5903	2
1379.76710	690.89085	2	73.6530	2
1379.77070	690.89260	2	81.0055	2
1380.79915	691.40685	2	77.2269	2
1381.66740	691.84095	2	66.6008	2
1381.74610	691.88030	2	74.0525	1
1382.65930	692.33695	2	77.0435	2
1382.75895	692.38675	2	78.2698	2
1383.54115	692.77785	2	27.2505	2
1383.68090	462.23425	3	44.1677	2
1384.64040	462.55405	3	56.1538	2
1384.66295	693.33875	2	56.7336	2
1384.67000	693.34230	2	84.4760	1
1384.73335	462.58505	3	64.8961	2
1384.75640	693.38550	2	84.2021	2
1385.66615	693.84035	2	80.1516	2
1385.73445	693.87450	2	75.8562	2
1385.75155	693.88305	2	62.9240	2
1386.72425	463.24870	3	67.0091	2
1387.56100	694.78780	2	62.4632	2
1387.63275	694.82365	2	75.8057	2
1387.68650	694.85050	2	83.2876	1
1387.69455	694.85455	2	57.4068	2
1387.72740	463.58305	3	84.8775	2
1387.72900	694.87180	2	84.9800	2
1388.55670	695.28565	2	55.9491	2
1388.70375	695.35915	2	52.7403	2
1389.73415	695.87435	2	88.2915	2
1389.75415	695.88435	2	89.4044	2
1390.75790	464.59320	3	68.5752	2
1391.69310	464.90495	3	61.1397	2
1391.69460	696.85460	2	61.0106	2
1391.70435	696.85945	2	53.4882	2
1391.88640	696.95045	2	89.3252	2
1392.61835	465.21335	3	60.0807	2
1392.63760	697.32605	2	65.3075	2
1392.66810	697.34135	2	63.8381	2
1392.87180	697.44320	2	85.0437	1
1393.64405	697.82930	2	69.2271	2
1393.65200	697.83325	2	71.5925	2
1393.67810	697.84630	2	71.0490	2
1393.69095	697.85275	2	83.2608	2
1393.70225	465.57470	3	56.5163	2
1393.70325	697.85890	2	77.9360	2
1393.82030	697.91740	2	75.7645	1
1395.65260	698.83355	2	58.8017	2
1395.71120	466.24435	3	41.0459	2
1395.71175	698.86315	2	41.0221	2
1396.67930	699.34695	2	77.7811	2
1396.80530	699.40995	2	67.2045	2
1397.60250	466.87480	3	47.5863	2
1397.78960	466.93710	3	66.3407	1
1397.79645	699.90550	2	80.2438	2
1398.62725	700.32090	2	52.9805	2
1398.70255	700.35855	2	90.8709	2
1398.77230	700.39345	2	64.6032	2
1399.66365	700.83910	2	61.6609	2
1399.69465	700.85460	2	55.0284	2
1399.70015	467.57400	3	49.0578	2
1401.57080	701.79270	2	43.2926	2
1401.71195	701.86325	2	42.9854	2
1401.71305	468.24495	3	42.8915	2
1401.76140	468.26105	3	81.5373	2
1401.76310	701.88880	2	81.3816	2
1401.77690	468.26620	3	39.7878	1
1402.75135	702.38295	2	77.5977	2
1403.63925	702.82690	2	61.2898	2
1403.74120	468.92100	3	70.0235	1
1403.74120	702.87790	2	69.8548	3
1403.74145	468.92110	3	41.5766	2
1403.74160	702.87805	2	41.6352	2
1403.80020	702.90735	2	97.8337	2
1404.72550	469.24910	3	51.9481	2
1404.72770	703.37110	2	76.1651	1
1404.79875	703.40665	2	68.6109	2
1405.65180	703.83315	2	56.7030	2
1406.71625	704.36540	2	75.0013	2
1407.72415	470.24865	3	50.3365	2
1407.72640	704.87050	2	50.4495	1
1407.78310	470.26830	3	66.9412	2
1407.78395	470.26860	3	60.9291	2
1408.65055	705.33255	2	78.0552	2
1408.66260	705.33860	2	71.0310	3
1408.66935	705.34195	2	39.9506	2
1409.68680	705.85065	2	69.0818	2
1409.73970	470.92050	3	49.7703	2
1410.69910	706.35685	2	56.2747	2
1410.72455	471.24880	3	51.0213	2
1410.77230	706.39340	2	58.3319	1
1411.66030	706.83740	2	48.7583	3
1411.67190	706.84320	2	72.7498	1
1411.71650	471.57945	3	70.7777	2
1411.82820	471.61665	3	73.4104	2
1411.82925	706.92190	2	73.3047	2
1412.64385	707.32920	2	90.2217	2
1412.73000	471.91730	3	74.2335	1
1412.77465	707.39460	2	51.7007	2
1412.81310	707.41385	2	83.7583	2
1412.83890	707.42670	2	67.5710	1
1412.83935	471.95375	3	67.5150	2
1413.67500	707.84475	2	38.3511	2
1413.76605	707.89030	2	62.2068	2
1413.80960	472.27710	3	66.0150	1
1414.72360	708.36910	2	61.3228	2
1414.73020	472.58400	3	48.1619	2
1414.73090	708.37275	2	48.2006	2
1414.73305	708.37380	2	82.5287	2
1414.77235	708.39345	2	81.8328	2
1414.81930	708.41690	2	101.7480	1
1415.64950	708.83200	2	93.7054	2
1415.67760	472.89980	3	44.8714	1
1415.68965	708.85210	2	58.4297	2
1415.72740	708.87095	2	46.7724	2
1415.76090	472.92760	3	41.0835	2
1416.71470	473.24550	3	75.7164	2
1416.72655	709.37055	2	65.3415	2
1416.78040	473.26740	3	59.7541	2
1417.66650	709.84050	2	68.9433	2
1417.66945	709.84200	2	56.0939	2
1417.67975	473.56715	3	47.4007	2
1417.68115	709.84785	2	47.4433	2
1417.71000	709.86230	2	74.8023	1
1417.71220	709.86340	2	74.7825	1
1417.76900	473.59690	3	35.6149	1
1418.69885	473.90685	3	43.7709	2
1418.70930	710.36190	2	58.6711	2
1418.70930	710.36195	2	81.2306	2
1418.71920	710.36690	2	89.8236	1
1418.77760	710.39605	2	90.4808	2
1419.66345	710.83900	2	57.8915	2
1419.69980	474.24050	3	51.8475	2
1419.70020	710.85735	2	51.9056	2
1419.75685	474.25955	3	52.1252	2
1419.81335	710.91395	2	81.9660	2
1420.65095	711.33275	2	47.5242	6
1421.80220	474.94130	3	64.3836	1
1422.59370	712.30415	2	37.9126	2
1422.59510	475.20565	3	37.7981	2
1422.67250	475.23145	3	41.7037	2
1422.68500	712.34975	2	66.1438	2
1422.75185	712.38320	2	79.3147	2
1423.66995	712.84225	2	83.1471	2
1423.74155	712.87805	2	91.9643	2
1424.66070	713.33760	2	68.8318	2
1424.71935	713.36695	2	67.4645	2
1424.75100	713.38275	2	59.6299	2
1424.81445	475.94545	3	92.5164	2
1424.81485	713.41470	2	92.5547	2
1425.80980	713.91215	2	74.4920	2
1425.81950	476.28040	3	63.0385	2
1427.64170	714.82815	2	47.0006	2
1427.72610	714.87035	2	53.2756	2
1427.79960	476.94050	3	58.4192	1
1427.80035	714.90745	2	83.6414	2
1428.71120	477.24430	3	46.8792	2
1428.78045	477.26740	3	77.4022	2
1429.74930	715.88190	2	64.3370	2
1429.75610	715.88530	2	61.0472	2
1429.75655	477.59280	3	60.9391	2
1429.76050	715.88755	2	52.4415	2
1429.80225	715.90840	2	98.7167	2
1430.72600	716.37030	2	89.1272	1
1430.73705	477.91965	3	51.4185	2
1430.76100	716.38775	2	91.9631	2
1430.77910	716.39680	2	86.9769	2
1431.69070	716.85265	2	87.8491	2
1431.78710	478.26965	3	66.5199	2
1431.79980	716.90720	2	80.6612	2
1432.71540	717.36495	2	46.0408	2
1433.62380	717.81920	2	75.7043	1
1434.74725	718.38090	2	74.2996	2
1435.66275	718.83865	2	39.2026	2
1435.76825	718.89140	2	63.6245	2
1436.69340	479.90510	3	56.3637	2
1436.69420	719.35435	2	56.4567	2
1436.70350	719.35900	2	69.0669	2
1436.76350	479.92845	3	52.5010	2
1436.78750	479.93645	3	62.9813	2
1437.69375	719.85415	2	64.3003	2
1438.58965	480.53715	3	30.7110	2
1438.77250	720.39355	2	82.2681	2
1439.64560	720.83010	2	48.8804	1
1439.80065	720.90760	2	73.5289	2
1439.80705	720.91080	2	97.0134	2
1440.67710	481.23300	3	48.7116	1
1440.81960	721.41710	2	80.1854	2
1441.63260	721.82360	2	77.7256	2
1441.83135	721.92295	2	87.2912	2
1442.64850	722.33155	2	84.9162	2
1442.66885	722.34170	2	52.0402	2
1442.68780	722.35115	2	80.7575	2
1442.72845	481.91675	3	50.3445	2
1443.67440	722.84450	2	44.4313	1
1443.81010	722.91235	2	74.4975	2
1443.84560	722.93010	2	80.4453	2
1444.66895	723.34175	2	56.8252	2
1444.74205	723.37830	2	71.3044	2
1444.77015	482.59735	3	61.5580	2
1444.81200	723.41325	2	88.8390	2
1447.20215	724.60835	2	64.1537	4
1447.73155	724.87305	2	68.4646	2
1447.75630	483.59270	3	57.4018	2
1448.71170	725.36315	2	57.4937	2
1448.73825	725.37640	2	77.8886	2
1448.74395	725.37925	2	83.9436	2
1449.67750	725.84605	2	63.0431	2
1449.71440	725.86445	2	74.7284	2
1449.86565	484.29580	3	61.1578	2
1449.88300	725.94880	2	87.0999	2
1450.72475	726.36965	2	82.7611	2
1450.73570	726.37515	2	90.7361	2
1450.75035	726.38245	2	96.8267	2
1450.78925	484.60365	3	52.2559	4
1450.81910	484.61365	3	66.3609	2
1451.66305	484.89495	3	49.5776	2
1451.81960	484.94710	3	66.9877	1
1452.69560	727.35510	2	57.8688	2
1452.77015	485.26400	3	58.2475	2
1452.79900	727.40675	2	91.6500	2
1453.76210	727.88830	2	56.8956	2
1454.70950	485.91040	3	85.1715	1
1454.72930	728.37190	2	79.8076	2
1454.87220	728.44340	2	77.5377	2
1454.87225	485.96470	3	77.6122	2
1455.69995	486.24055	3	68.5800	2
1455.70100	728.85780	2	68.6391	2
1455.83755	728.92605	2	81.9100	2
1457.66350	729.83900	2	41.7480	1
1457.78780	486.93650	3	82.4590	2
1457.78960	729.90210	2	82.4697	2
1458.74625	487.25600	3	77.1400	2
1459.70480	730.85970	2	59.1861	2
1459.70940	730.86200	2	68.1471	2
1459.74370	730.87915	2	64.1789	2
1459.84030	487.62070	3	76.4614	2
1459.84065	730.92760	2	76.5022	2
1461.72250	488.24810	3	52.6044	1
1461.83835	488.28670	3	77.7894	2
1461.83855	731.92655	2	78.0940	2
1462.69175	732.35315	2	65.6122	2
1462.71280	732.36370	2	66.0923	1
1462.73100	732.37280	2	71.0152	1
1462.76730	732.39090	2	68.6958	1
1463.26880	732.64165	2	62.2097	4
1463.67520	488.89900	3	63.4045	2
1463.70850	488.91010	3	67.1055	2
1463.70910	732.86185	2	66.8816	2
1463.70950	732.86205	2	80.7353	2
1463.74065	488.92085	3	72.6904	2
1463.75250	732.88355	2	72.5387	2
1464.74915	489.25700	3	82.6086	2
1464.78720	489.26970	3	63.0080	2
1464.79315	489.27165	3	66.3793	6
1464.79450	733.40455	2	68.3961	2
1464.79480	733.40470	2	62.2714	2
1465.73425	733.87440	2	87.7217	2
1465.75620	733.88540	2	81.5867	1
1466.66495	489.89560	3	44.6511	2
1466.74280	734.37870	2	89.6442	1
1466.77330	489.93170	3	44.7925	2
1467.82255	490.28145	3	56.8490	2
1468.69445	735.35450	2	54.2408	2
1468.76990	735.39220	2	90.6690	1
1468.79700	735.40580	2	74.9828	2
1469.67760	490.89980	3	37.7170	1
1470.68040	736.34750	2	79.5215	1
1470.74640	491.25610	3	66.6642	2
1470.74830	491.25670	3	56.7644	2
1470.79805	736.40630	2	89.8232	2
1470.82505	736.41980	2	85.7784	2
1470.84615	736.43035	2	84.0132	2
1471.70920	736.86185	2	54.7497	2
1471.72700	491.58290	3	41.5303	2
1471.74135	736.87795	2	65.6883	2
1471.75780	491.59320	3	67.6003	2
1472.73670	491.91950	3	58.1021	2
1472.73870	737.37665	2	58.1894	2
1472.75575	737.38515	2	81.5996	2
1472.77490	491.93220	3	60.0549	2
1473.76280	492.26155	3	72.0781	2
1474.76810	738.39130	2	79.8048	2
1475.77385	492.93185	3	63.5125	2
1475.82620	492.94930	3	75.2811	1
1476.69755	739.35605	2	53.1340	2
1476.70920	739.36185	2	65.5568	2
1476.78450	739.39950	2	73.5191	1
1477.74420	739.87935	2	85.5267	2
1477.76170	739.88810	2	72.7846	2
1477.76740	739.89095	2	89.0302	2
1478.77735	740.39595	2	74.9748	2
1479.58780	740.80120	2	41.9227	1
1480.68960	494.57050	3	36.8701	1
1480.71910	741.36680	2	86.1677	2
1480.78840	494.60340	3	65.2729	2
1480.83720	494.61965	3	59.5337	2
1482.73945	742.37700	2	59.4716	2
1482.80470	742.40960	2	87.6415	1
1482.81325	742.41390	2	90.6391	2
1482.83020	742.42240	2	68.8600	2
1483.71315	495.57835	3	62.2712	2
1483.74680	495.58955	3	30.1613	2
1483.76420	742.88940	2	76.8258	2
1484.80940	743.41200	2	83.9550	2
1484.82205	495.94795	3	75.4749	2
1484.82320	743.41890	2	75.5447	2
1485.82160	496.28110	3	88.1763	2
1485.82725	743.92090	2	88.1714	2
1486.67800	496.56660	3	46.0595	1
1486.72010	496.58065	3	76.3974	2
1486.76505	744.38980	2	71.7871	2
1486.77720	496.59970	3	54.5597	1
1486.78130	744.39795	2	67.7450	2
1486.78210	496.60130	3	67.8712	2
1488.64900	745.33175	2	49.5215	2
1488.72170	745.36810	2	65.9831	1
1488.74340	497.25510	3	45.7052	2
1488.74490	745.37970	2	45.7638	1
1488.79485	497.27220	3	59.9991	2
1489.70580	497.57585	3	58.4628	2
1489.74755	745.88105	2	91.1227	2
1490.73265	497.91815	3	58.6149	2
1491.80995	746.91225	2	90.5161	2
1492.71055	747.36255	2	48.5240	2
1492.73800	498.58660	3	76.7417	2
1492.80815	498.61000	3	77.1961	2
1493.64890	498.89025	3	39.5739	2
1493.74560	498.92245	3	57.0635	2
1493.74795	747.88125	2	56.9770	2
1493.81520	747.91490	2	87.5165	1
1495.63400	499.55190	3	42.1225	1
1495.74225	499.58800	3	69.7290	2
1495.84100	748.92775	2	82.3320	2
1495.85510	499.62565	3	83.0307	2
1495.85690	748.93575	2	83.2080	2
1495.87370	499.63180	3	70.1189	1
1496.68655	749.35055	2	86.2613	2
1496.76235	499.92805	3	57.2848	2
1496.76310	749.38880	2	65.4377	2
1496.78705	749.40080	2	71.6270	2
1496.82415	749.41935	2	92.6982	2
1497.84390	749.92920	2	93.5415	1
1498.76115	750.38785	2	75.7382	2
1498.77975	750.39715	2	69.0110	2
1498.84150	750.42805	2	85.8572	2
1499.71290	500.91160	3	56.4384	1
1499.77720	750.89590	2	86.5428	1
1500.76095	501.26090	3	56.6655	2
1500.79445	751.40450	2	60.0501	2
1500.79450	501.27210	3	60.0188	2
1500.81530	501.27900	3	69.9162	1
1500.81755	501.27980	3	65.9880	2
1501.28670	751.65060	2	72.7590	4
1501.71610	751.86535	2	51.7522	2
1501.71655	501.57945	3	51.6904	2
1501.81360	751.91405	2	78.5229	2
1502.64720	752.33085	2	79.1020	2
1502.74775	752.38115	2	88.8718	2
1503.71980	752.86715	2	53.8414	2
1503.75055	752.88255	2	76.3104	2
1503.79470	752.90460	2	86.8064	1
1503.79575	752.90515	2	81.5544	2
1504.74925	502.59035	3	54.8729	2
1504.79730	753.40590	2	69.8494	2
1504.87670	502.63280	3	81.4091	2
1505.65265	502.89150	3	48.0491	2
1505.72520	502.91565	3	61.9189	2
1505.91985	753.96720	2	94.0707	2
1506.72720	754.37085	2	90.3551	2
1506.79330	754.40390	2	61.0965	1
1506.79405	754.40430	2	66.8763	2
1507.71340	503.57840	3	64.4262	2
1507.73400	503.58525	3	53.2292	2
1508.74200	755.37825	2	87.8143	2
1508.74260	503.92150	3	87.9977	1
1508.81250	503.94475	3	49.4521	2
1508.81380	755.41415	2	49.4309	2
1509.65750	504.22640	3	47.6179	2
1509.65920	755.83690	2	47.7048	1
1509.74505	504.25560	3	52.7400	2
1510.71405	504.57865	3	58.6148	2
1510.71550	756.36505	2	58.6459	2
1510.74510	756.37985	2	75.3505	2
1510.75190	504.59125	3	58.3091	2
1511.71600	756.86530	2	43.3204	2
1511.71730	504.91300	3	43.2723	3
1511.78880	756.90170	2	100.1999	2
1511.81810	756.91635	2	93.4601	2
1511.85710	756.93585	2	81.5040	2
1512.87610	505.29930	3	86.0650	1
1512.87690	757.44575	2	85.9765	2
1513.69595	757.85525	2	69.4498	2
1513.75075	757.88265	2	78.3007	2
1513.87210	505.63130	3	97.8496	2
1513.87345	757.94400	2	97.7699	2
1514.72300	505.91490	3	57.3406	2
1514.72450	758.36950	2	57.3994	1
1514.79790	758.40625	2	92.3865	2
1514.79990	758.40725	2	67.0673	2
1514.85660	505.95950	3	91.0497	2
1514.85970	758.43710	2	90.9541	2
1515.71740	758.86600	2	78.5422	2
1515.71745	506.24640	3	78.6733	2
1515.75130	758.88295	2	33.7311	2
1515.75320	506.25830	3	33.7201	2
1515.75440	758.88445	2	51.2339	2
1515.76195	758.88825	2	89.9607	2
1515.77145	506.26440	3	79.1587	2
1515.79060	506.27080	3	51.4742	1
1515.82375	758.91915	2	79.9697	2
1516.77855	759.39655	2	75.0979	2
1516.79750	506.60640	3	49.5697	1
1516.80130	759.40795	2	80.3852	2
1516.83365	759.42410	2	80.9505	2
1517.73205	759.87330	2	63.1036	2
1517.73910	759.87685	2	70.4678	2
1517.80860	506.94350	3	77.3269	2
1517.80930	759.91190	2	77.4670	1
1518.79345	760.40400	2	84.9913	2
1518.92440	507.31540	3	63.7997	2
1519.82720	760.92090	2	93.1766	2
1520.72030	761.36740	2	78.2516	1
1520.73550	761.37505	2	53.4936	2
1521.79340	508.27175	3	45.5239	2
1523.76410	762.88935	2	94.0319	2
1523.86810	508.96330	3	77.7619	2
1523.88245	762.94850	2	90.9856	2
1524.73990	763.37725	2	72.5014	2
1525.76610	509.59600	3	64.2697	1
1526.73310	509.91830	3	35.1468	2
1526.73440	764.37450	2	35.2290	1
1527.71120	510.24430	3	36.6121	2
1527.78335	764.89895	2	91.3223	2
1527.85140	510.29110	3	92.6088	1
1528.74965	765.38210	2	93.8224	2
1528.79940	765.40700	2	73.1136	2
1528.81035	510.61070	3	70.0917	2
1529.66320	510.89500	3	39.3740	2
1529.66355	765.83905	2	39.4109	2
1529.80810	765.91130	2	87.8522	2
1529.84090	510.95425	3	64.8929	2
1529.85630	510.95935	3	80.5376	2
1529.85690	765.93570	2	80.6289	1
1530.78550	766.40000	2	94.3981	1
1530.80300	511.27490	3	67.2539	1
1531.69710	511.57295	3	65.0658	2
1531.77515	766.89485	2	66.1984	2
1531.80030	766.90740	2	69.0374	2
1531.81360	766.91410	2	86.2210	1
1532.77450	767.39455	2	74.5371	2
1532.79755	767.40605	2	72.4203	2
1532.81985	767.41720	2	83.0196	2
1533.72750	767.87105	2	71.8312	2
1533.74365	512.25515	3	36.4691	2
1533.74455	512.25545	3	50.7856	2
1533.74590	767.88025	2	68.7294	2
1533.79780	767.90620	2	73.7236	2
1533.79940	767.90695	2	98.3077	2
1533.80205	512.27465	3	98.3951	2
1534.29700	768.15575	2	74.5980	4
1535.67130	512.89770	3	38.4366	2
1535.67925	768.84690	2	60.6799	2
1535.78440	512.93540	3	69.0743	2
1537.72085	513.58085	3	80.2930	2
1538.82355	770.41905	2	79.3344	2
1540.80800	514.60995	3	63.8621	2
1540.82180	514.61450	3	48.2520	1
1541.78675	514.93620	3	58.7919	2
1541.78750	771.90105	2	58.8570	2
1541.81735	771.91595	2	69.9698	2
1541.82990	771.92220	2	76.0354	2
1542.77105	515.26430	3	54.8223	2
1542.78995	772.40225	2	62.1265	2
1542.80530	515.27570	3	57.6036	1
1546.69820	774.35635	2	67.2344	2
1546.79975	774.40715	2	62.4277	2
1547.77390	516.93190	3	54.9610	2
1547.81930	774.91695	2	71.2429	2
1547.82045	774.91750	2	84.1354	2
1547.82535	516.94905	3	63.3103	2
1547.83195	516.95125	3	58.9254	2
1547.83235	774.92345	2	58.9192	2
1547.89025	516.97065	3	86.6812	2
1548.77825	775.39640	2	71.4264	2
1548.77830	517.26670	3	71.4637	2
1548.80060	517.27415	3	61.8151	2
1548.92440	775.46950	2	80.8449	2
1549.74555	517.58915	3	63.7362	2
1549.74570	775.88015	2	63.8080	2
1549.78140	775.89800	2	82.3402	2
1549.82755	775.92105	2	73.6858	2
1550.68895	517.90355	3	34.5395	2
1550.74115	517.92100	3	51.9690	2
1550.74440	776.37950	2	52.0863	1
1550.76940	517.93040	3	58.0924	2
1550.77055	776.39255	2	58.1556	2
1550.84895	776.43175	2	96.4952	2
1551.71715	518.24630	3	37.4652	2
1551.76835	776.89145	2	68.5568	2
1551.77450	518.26540	3	40.3576	2
1551.84590	776.93025	2	91.0176	2
1552.73510	518.58560	3	67.8850	1
1553.83120	518.95100	3	82.0895	2
1553.83270	777.92360	2	82.1555	2
1553.83655	777.92555	2	98.6289	2
1555.73685	778.87570	2	72.6375	2
1555.75125	519.59100	3	52.4938	2
1555.76180	519.59450	3	56.2871	1
1555.78905	778.90180	2	84.1096	2
1555.84530	778.92990	2	82.8880	1
1555.85790	519.62660	3	34.9120	1
1555.88240	519.63470	3	78.3963	2
1556.84325	779.42890	2	91.7523	2
1557.78420	779.89935	2	80.4539	2
1557.83490	779.92470	2	90.6151	2
1558.76200	780.38830	2	91.9525	1
1558.77385	780.39420	2	68.0351	2
1559.61015	780.81235	2	73.9751	2
1559.75245	520.92475	3	72.0091	2
1559.75905	520.92695	3	78.9469	2
1559.81900	780.91680	2	88.4356	1
1559.83505	780.92480	2	86.9713	2
1560.30540	781.15995	2	79.5769	4
1560.77830	781.39640	2	65.7096	1
1560.84790	521.28990	3	65.6716	1
1561.78935	781.90195	2	77.1400	2
1561.83620	781.92535	2	88.6722	2
1563.80320	522.27500	3	74.2279	1
1563.80730	782.91090	2	74.0714	3
1564.71640	522.57940	3	54.1269	1
1564.71695	783.36575	2	54.1834	2
1564.74315	783.37885	2	56.5751	2
1565.83180	522.95120	3	67.6245	2
1567.82535	784.91995	2	82.5973	2
1567.89180	523.63790	3	98.2827	1
1567.89375	523.63850	3	66.2679	2
1567.89715	784.95585	2	98.2100	2
1569.87750	785.94600	2	77.2900	2
1569.91445	785.96450	2	88.2914	2
1570.81045	786.41250	2	59.8497	2
1570.82300	786.41880	2	84.7698	1
1572.78160	787.39805	2	59.2172	2
1572.83040	525.28405	3	79.8103	2
1573.68460	525.56880	3	43.1695	1
1573.76350	787.88900	2	66.3038	1
1573.77950	787.89700	2	88.1174	1
1573.82745	787.92100	2	82.0232	2
1573.83555	787.92505	2	75.6226	2
1573.86330	525.62840	3	75.8517	1
1574.71155	788.36305	2	71.7189	2
1575.78420	788.89940	2	71.1988	3
1576.75465	789.38460	2	75.6734	2
1577.78940	789.90200	2	76.5019	2
1578.26150	527.09440	3	73.3583	4
1578.26290	790.13875	2	73.4436	4
1578.83765	527.28645	3	71.3381	2
1578.85380	527.29190	3	57.4736	1
1578.87380	527.29850	3	84.4115	1
1578.87500	790.44480	2	84.4527	2
1580.69965	527.90715	3	42.0129	2
1580.80495	527.94225	3	62.9244	2
1580.86640	791.44045	2	95.9175	2
1580.92970	527.98385	3	76.5981	2
1582.84720	792.43090	2	78.7977	2
1583.86740	528.96310	3	71.2707	1
1584.74120	529.25430	3	67.4194	1
1585.82125	529.61435	3	66.2098	2
1586.18100	794.09780	2	64.2063	4
1586.86870	794.44160	2	86.8592	3
1587.85350	794.93400	2	87.2162	1
1587.85765	530.29315	3	65.5936	2
1588.72690	795.37075	2	71.1766	2
1588.75810	530.59330	3	59.4579	2
1588.84750	795.43100	2	94.1098	2
1589.82340	530.94840	3	85.0540	2
1590.31335	796.16395	2	83.2705	4
1590.76370	796.38915	2	79.1931	2
1590.79490	531.27220	3	87.2218	1
1590.85375	796.43415	2	90.8021	2
1591.74695	531.58955	3	45.0469	2
1591.74925	796.88190	2	45.0829	2
1591.80435	796.90945	2	59.6566	2
1591.86415	796.93935	2	87.6573	2
1592.91540	797.46500	2	73.0220	2
1593.74215	532.25465	3	55.9418	2
1593.74235	797.87845	2	56.0199	2
1593.94905	797.98180	2	83.1470	2
1594.80570	532.60920	3	56.3135	1
1595.80405	798.90930	2	93.1468	2
1595.86270	532.96150	3	51.1255	1
1596.76830	533.26340	3	53.5457	2
1597.86980	799.94220	2	70.9193	1
1597.88550	799.95000	2	82.2132	2
1598.84015	533.95395	3	83.5184	2
1598.84690	800.43070	2	83.4306	3
1599.78885	800.90170	2	43.8320	2
1599.80110	534.27430	3	63.9604	2
1599.84850	800.93155	2	75.3211	2
1599.89780	534.30655	3	77.9966	2
1599.89910	534.30695	3	64.1126	2
1600.84340	534.62175	3	65.3416	2
1600.86885	801.44170	2	64.7382	2
1601.72715	801.87085	2	53.0413	2
1602.80235	802.40845	2	77.0434	2
1602.86285	802.43870	2	73.6561	2
1603.81050	802.91255	2	82.0373	2
1604.74255	803.37855	2	65.1049	2
1604.78170	535.93450	3	69.1231	1
1607.81800	804.91630	2	89.8897	1
1607.85105	804.93280	2	86.2258	2
1607.90420	536.97530	3	80.8816	2
1609.83575	537.61920	3	90.1811	2
1609.83840	805.92645	2	90.2457	2
1610.71990	806.36720	2	66.1803	2
1610.78445	537.93540	3	66.0250	2
1610.90925	806.46190	2	98.9910	2
1610.97325	537.99835	3	71.8198	2
1611.78915	806.90185	2	65.6551	2
1611.79110	806.90280	2	75.5639	1
1612.85160	807.43310	2	85.6884	2
1612.85850	538.62680	3	71.0675	3
1612.86870	807.44160	2	90.1657	2
1612.90490	538.64220	3	77.7255	2
1613.85240	807.93350	2	83.5086	1
1613.90405	807.95930	2	81.7558	2
1614.76145	808.38800	2	89.8644	2
1614.84160	808.42805	2	78.1421	2
1615.75965	539.59380	3	58.2825	2
1615.85810	539.62660	3	73.5780	2
1616.73200	539.91790	3	48.5481	2
1616.78000	809.39730	2	75.5422	1
1616.84570	809.43015	2	93.4196	2
1617.78585	809.90020	2	45.1759	2
1617.91750	809.96605	2	100.4856	2
1619.81775	540.94650	3	66.3223	2
1620.82200	811.41830	2	77.1016	1
1620.86265	541.29480	3	87.1702	2
1620.86540	811.44000	2	87.1645	2
1621.82815	811.92135	2	85.5617	2
1621.87240	811.94350	2	71.4333	2
1622.76560	541.92915	3	38.7564	2
1622.76840	812.39150	2	38.8730	1
1622.79835	812.40645	2	82.8089	2
1622.80725	541.94305	3	82.7087	2
1622.82755	812.42105	2	68.7685	2
1623.86545	812.94000	2	88.7517	2
1624.95175	813.48315	2	87.9399	2
1625.77495	813.89475	2	78.3351	2
1625.77730	813.89595	2	81.7441	2
1625.83400	542.95190	3	84.2529	1
1625.87300	542.96490	3	67.0619	1
1626.80750	814.41100	2	63.3559	2
1626.85715	543.29295	3	57.9166	2
1626.85920	814.43690	2	57.9500	2
1627.74810	814.88135	2	67.9723	2
1628.79090	815.40275	2	95.4073	2
1628.79435	543.93870	3	95.4578	2
1628.81675	543.94620	3	57.3085	2
1628.81695	815.41575	2	57.3471	2
1629.87425	815.94440	2	70.1642	2
1629.88240	815.94850	2	89.8286	2
1630.84585	544.62255	3	83.0139	2
1631.83200	544.95130	3	62.0051	1
1631.88815	544.97000	3	74.3361	2
1631.92490	544.98225	3	72.3028	2
1631.92590	816.97025	2	72.3329	2
1632.77950	545.26710	3	47.1732	2
1633.84315	545.62165	3	80.5683	2
1634.80185	818.40820	2	63.2516	2
1634.88760	545.96980	3	54.4278	2
1635.76440	546.26205	3	55.4020	2
1635.79680	818.90570	2	82.7619	1
1636.83120	819.42290	2	73.2655	1
1636.94580	819.48015	2	92.7395	2
1638.84055	547.28745	3	76.5358	2
1639.74125	820.87790	2	62.8606	2
1639.87615	820.94535	2	78.6758	2
1639.87660	547.63280	3	78.6106	2
1639.88080	820.94770	2	95.7927	2
1639.88090	547.63425	3	95.9732	2
1639.93285	820.97370	2	91.2472	2
1640.84805	547.95660	3	48.0704	2
1641.88355	821.94905	2	85.1471	2
1642.69100	822.35275	2	47.7498	2
1642.80655	822.41055	2	59.8121	2
1642.85235	548.62470	3	49.1268	2
1642.85530	822.43495	2	49.2281	2
1642.88425	548.63535	3	80.3361	2
1643.79130	548.93770	3	47.9590	2
1643.82630	822.92045	2	45.5183	2
1643.82895	822.92175	2	75.5531	2
1643.84095	548.95425	3	67.4563	2
1644.75660	823.38555	2	78.2527	2
1644.84120	412.21760	4	42.9773	2
1645.90390	549.64190	3	68.2175	2
1646.83770	549.95315	3	62.1816	2
1646.87260	549.96480	3	74.1447	1
1648.96930	413.24960	4	59.1494	2
1648.97195	550.66455	3	59.0909	2
1649.93635	825.97545	2	77.5320	2
1651.83510	826.92480	2	89.1381	2
1651.90555	826.96005	2	89.5056	2
1651.92620	551.64935	3	85.7831	2
1651.92800	826.97130	2	85.7472	2
1653.87355	552.29845	3	76.7109	2
1653.89330	827.95390	2	93.4383	1
1653.92040	552.31405	3	77.4481	2
1654.78785	828.40120	2	71.2485	2
1654.82110	552.61430	3	78.9525	2
1654.89540	828.45500	2	81.9419	1
1654.89710	828.45580	2	81.9223	1
1655.76320	552.92830	3	49.7384	2
1657.82050	829.91755	2	89.6011	2
1657.92040	553.64740	3	84.4171	1
1658.79235	553.93805	3	55.1243	2
1658.83660	553.95280	3	79.6703	2
1658.83805	830.42630	2	79.5898	2
1659.91145	830.96300	2	80.0323	2
1659.91150	554.31110	3	79.9275	2
1660.73850	554.58680	3	65.7559	2
1660.84200	554.62125	3	63.1621	2
1661.90580	831.96020	2	78.7793	1
1662.79920	555.27365	3	52.6856	2
1662.82920	832.42185	2	70.3149	2
1663.79640	555.60610	3	72.4584	1
1664.81045	833.41250	2	79.9078	2
1664.84275	833.42865	2	73.7840	2
1665.89470	833.95460	2	77.1942	1
1666.86910	556.63030	3	77.6604	2
1666.87690	834.44570	2	81.6565	2
1666.91800	834.46625	2	83.4487	2
1667.81605	556.94595	3	58.6764	2
1667.86450	834.93950	2	77.8706	2
1668.81320	557.27835	3	58.1376	2
1669.85415	835.93435	2	72.0666	2
1670.83290	836.42375	2	97.6797	2
1670.88405	557.96865	3	56.0848	2
1671.71450	558.24540	3	51.4901	1
1672.72275	558.58150	3	43.4382	2
1672.90510	837.45980	2	73.7235	2
1673.79580	837.90520	2	89.7474	1
1673.90105	837.95780	2	77.2295	2
1674.88705	838.45080	2	92.8886	2
1675.74200	559.58790	3	31.0494	1
1676.81585	839.41520	2	67.8767	2
1677.81440	560.27875	3	71.2811	2
1678.00455	560.34210	3	66.5353	2
1681.82170	841.91810	2	76.3674	2
1681.90110	841.95780	2	81.0312	2
1681.90120	561.64100	3	81.0994	2
1681.92425	561.64865	3	94.3492	2
1681.92755	841.97105	2	94.3398	2
1682.79905	842.40680	2	88.5769	2
1682.85750	842.43600	2	93.8975	1
1682.89370	842.45415	2	79.9388	2
1682.93295	842.47375	2	72.0482	2
1683.88525	842.94990	2	77.7534	2
1684.91490	843.46475	2	81.6791	2
1685.91505	562.97895	3	66.2549	2
1686.87595	563.29925	3	64.5752	2
1687.91640	844.96550	2	88.9725	2
1687.91835	563.64675	3	89.0679	2
1688.73490	563.91890	3	32.6301	3
1688.87280	563.96490	3	59.0251	1
1688.88225	845.44840	2	84.5148	2
1689.22330	423.31310	4	33.1812	2
1689.84060	564.28750	3	59.1563	2
1689.88730	564.30300	3	84.5684	1
1692.81945	847.41700	2	84.7780	2
1692.96460	847.48960	2	91.3842	2
1692.97040	565.33075	3	91.5407	2
1693.93670	565.65280	3	64.1873	2
1693.94190	565.65455	3	83.4874	2
1694.80250	565.94145	3	50.8657	2
1695.32995	848.67225	2	70.0883	4
1696.77480	849.39470	2	63.8693	2
1696.84760	849.43105	2	87.2708	2
1696.90765	849.46110	2	86.3850	2
1696.90870	566.64350	3	86.5317	1
1697.90315	566.97500	3	78.7227	2
1697.90360	849.95910	2	78.7610	2
1698.00830	567.01005	3	83.8827	2
1698.01020	850.01235	2	83.9520	2
1698.89180	567.30455	3	82.5910	2
1698.89870	850.45665	2	85.4909	2
1698.89875	567.30685	3	85.5321	2
1698.90455	567.30880	3	59.2834	2
1699.86815	567.63000	3	76.6457	2
1700.90945	851.46200	2	81.1689	2
1701.86940	568.29710	3	61.7920	1
1703.73800	568.91990	3	62.4657	1
1703.81590	852.91520	2	61.3147	1
1703.81620	568.94600	3	61.2177	2
1703.92020	568.98070	3	64.1447	1
1704.72730	569.24970	3	27.5686	2
1704.72850	427.18940	4	27.5629	2
1704.91710	569.31295	3	71.2155	2
1705.83930	853.92695	2	47.9532	2
1705.88310	853.94880	2	70.2545	2
1705.88490	569.63560	3	70.1672	3
1706.32910	569.78365	3	47.3889	4
1706.89340	854.45395	2	89.3590	2
1706.90370	854.45910	2	84.4012	3
1706.90600	569.97590	3	85.9666	5
1706.91380	854.46420	2	78.1881	2
1707.80560	854.91010	2	82.0033	2
1707.88875	854.95165	2	94.9438	2
1707.89830	570.30670	3	78.1133	6
1707.97790	570.33320	3	79.5747	2
1707.97955	854.99705	2	79.4632	2
1709.98135	571.00105	3	76.8848	2
1710.01795	571.01325	3	81.3282	2
1710.92720	856.47090	2	77.0802	2
1712.88905	857.45180	2	67.2622	2
1712.88960	571.97050	3	67.3494	1
1712.93925	571.98700	3	69.4788	2
1714.90060	572.64080	3	63.3558	3
1714.90115	858.45785	2	63.4154	2
1714.90445	858.45950	2	71.2068	2
1717.86390	573.62855	3	72.5066	2
1717.86565	859.94010	2	72.5672	2
1717.87210	859.94330	2	84.7032	1
1717.90290	859.95870	2	95.0980	2
1721.76125	861.88790	2	38.8136	2
1722.87490	575.29890	3	76.6159	2
1722.89775	575.30650	3	76.8936	2
1723.02375	575.34850	3	70.3907	2
1723.02670	862.52065	2	70.3686	2
1724.83590	575.95260	3	48.7976	1
1724.87685	863.44570	2	83.3373	2
1724.94285	575.98820	3	81.6222	2
1725.95160	863.98305	2	87.0096	2
1726.01620	576.34600	3	83.3262	2
1726.93650	576.65280	3	74.4530	1
1728.78980	577.27050	3	64.3270	2
1728.93570	577.31920	3	60.3362	1
1729.00405	577.34195	3	83.8939	2
1730.75605	577.92595	3	65.4988	2
1730.89625	866.45540	2	89.8152	2
1730.89635	866.45545	2	73.5230	2
1731.04320	866.52890	2	90.6368	1
1731.04600	578.02260	3	90.4890	2
1731.89000	866.95230	2	69.6837	1
1731.92450	866.96950	2	87.4281	2
1733.87440	578.96540	3	76.5306	2
1733.87600	867.94525	2	76.6770	2
1735.78520	868.89990	2	79.7372	1
1735.87895	579.63360	3	79.7361	2
1735.96660	579.66280	3	99.3795	1
1735.96910	868.99185	2	99.2850	2
1736.84045	579.95410	3	81.3164	2
1736.84565	869.43010	2	81.3106	2
1737.92820	580.31670	3	79.4943	2
1737.99140	870.00300	2	92.3223	2
1738.80355	870.40905	2	69.1759	2
1738.82025	580.61400	3	60.8286	2
1738.82030	580.61400	3	66.6953	2
1739.84875	580.95685	3	70.8961	2
1739.88590	580.96925	3	68.9488	2
1742.87390	581.96525	3	68.1839	2
1743.79865	872.90660	2	68.3426	2
1743.81140	872.91295	2	51.6665	2
1743.86520	582.29565	3	50.0253	2
1743.98085	872.99770	2	97.1865	2
1744.90250	582.64140	3	72.2706	1
1745.83790	582.95320	3	60.3525	1
1745.91440	582.97875	3	74.8039	2
1745.94540	873.97995	2	83.9259	2
1746.79855	874.40655	2	91.1530	2
1746.81370	874.41415	2	75.2226	2
1748.87470	583.96550	3	63.8136	2
1748.96890	583.99690	3	68.2383	1
1749.86380	875.93920	2	62.6678	2
1749.86565	584.29585	3	62.7014	2
1749.96140	584.32770	3	76.3946	1
1750.00920	876.01185	2	57.1009	2
1750.01035	584.34405	3	57.0295	2
1751.84230	584.95470	3	58.0612	1
1751.93850	876.97655	2	92.1549	2
1752.89145	585.30440	3	49.7142	2
1752.98510	585.33565	3	87.6195	2
1752.98930	877.50190	2	87.5182	2
1754.86370	878.43910	2	76.0432	2
1755.86015	878.93735	2	71.5288	2
1755.90580	878.96015	2	91.8992	2
1756.88995	879.45225	2	80.2325	2
1757.92510	586.98230	3	75.0422	2
1758.79260	880.40360	2	49.7598	1
1758.83285	587.28485	3	78.0633	2
1759.84680	880.93070	2	90.8104	2
1759.84875	587.62350	3	66.5950	2
1759.90810	880.96130	2	89.5707	2
1760.93970	881.47715	2	89.2641	2
1761.89685	588.30625	3	74.8327	2
1762.84360	882.42905	2	77.0128	2
1763.83240	882.92350	2	62.6099	2
1763.83310	588.95160	3	62.5131	2
1764.99920	589.34035	3	94.1040	2
1764.99995	883.50725	2	94.0649	2
1766.94685	884.48070	2	85.3329	2
1767.03390	590.01860	3	83.0094	1
1767.82150	590.28110	3	65.5378	1
1767.85040	590.29070	3	90.4099	2
1767.85570	884.93510	2	90.4213	2
1767.97260	590.33145	3	90.2952	2
1768.90320	885.45885	2	80.9358	2
1769.01905	590.68030	3	81.8169	2
1769.91850	885.96650	2	67.9225	1
1770.00550	591.00910	3	74.9176	2
1770.89230	591.30470	3	82.6624	1
1772.33565	887.17510	2	77.8365	4
1774.88660	888.45055	2	59.5028	2
1774.88740	592.63640	3	59.4957	2
1774.93505	888.47480	2	90.3606	2
1775.96640	888.99050	2	88.4734	1
1776.89725	593.30635	3	68.0056	2
1777.32100	889.66775	2	64.6392	4
1778.98900	594.00360	3	72.8095	1
1778.99010	890.50235	2	72.6640	2
1779.80360	445.95820	4	52.2770	1
1780.40335	594.47505	3	54.4303	4
1782.87620	595.29935	3	76.7662	2
1783.84730	892.93090	2	74.1513	2
1784.88115	595.96765	3	63.1243	2
1784.88300	893.44875	2	63.2489	2
1784.91620	595.97935	3	56.2082	2
1785.88905	893.95180	2	89.5619	2
1788.91295	597.31155	3	37.1281	2
1789.93025	895.97240	2	83.2021	2
1791.84670	598.28950	3	50.5746	1
1792.91100	598.64425	3	62.5512	2
1793.05820	897.53640	2	99.1958	2
1793.06070	598.69420	3	99.2796	1
1793.87585	897.94520	2	90.8255	2
1793.92135	897.96795	2	85.5407	2
1794.81740	898.41595	2	64.2443	2
1794.85990	898.43725	2	82.9260	2
1794.98520	898.49990	2	80.4811	2
1796.88050	599.96745	3	85.2661	2
1796.98120	600.00100	3	71.8986	3
1799.93000	900.97230	2	101.5056	1
1799.93070	600.98420	3	101.5233	1
1801.00165	601.34115	3	83.6983	2
1802.89795	601.97325	3	98.5484	2
1804.86785	602.62990	3	66.7548	2
1804.89635	602.63935	3	78.8862	2
1804.97110	602.66430	3	79.5254	2
1804.97285	903.49370	2	79.8702	2
1805.36075	903.68765	2	66.1920	4
1805.88180	903.94820	2	78.8171	6
1806.03630	603.01940	3	72.9064	1
1806.88470	904.44960	2	69.7230	2
1809.91310	905.96385	2	73.9120	2
1809.99640	604.33940	3	74.1736	2
1809.99660	906.00560	2	74.2583	1
1813.90900	605.64360	3	53.9591	1
1813.94835	907.98145	2	84.8908	2
1814.80220	908.40835	2	81.4466	2
1814.80250	605.94140	3	81.3480	2
1814.97240	605.99810	3	67.1935	2
1815.92460	908.96960	2	87.6145	1
1815.94090	606.32090	3	73.2123	2
1817.86290	606.96160	3	70.3514	2
1817.90075	606.97420	3	50.5016	2
1819.89920	607.64030	3	59.4583	1
1820.86195	911.43825	2	60.1786	2
1820.89490	607.97220	3	73.7755	2
1820.91355	607.97845	3	80.1740	2
1821.00525	608.00900	3	81.5163	2
1821.06205	608.02795	3	85.3707	2
1821.84800	608.28990	3	81.7499	2
1821.90060	608.30745	3	54.0524	2
1822.91610	912.46530	2	73.2073	1
1823.90590	608.97590	3	69.3234	2
1825.86395	609.62855	3	56.4568	2
1825.86425	913.93940	2	56.5773	2
1825.89640	913.95550	2	68.1419	2
1827.94080	610.32085	3	75.0395	2
1827.96920	610.33035	3	66.4052	2
1827.97270	914.99360	2	66.3593	3
1828.91485	915.46470	2	85.4303	2
1828.95160	915.48305	2	74.4011	2
1828.99320	915.50390	2	84.9420	1
1832.00820	611.67670	3	73.6472	2
1832.91705	611.97965	3	77.4173	2
1833.91115	612.31100	3	78.2103	2
1833.93910	917.97680	2	81.3275	2
1833.96695	612.32960	3	89.2963	2
1833.97470	917.99465	2	77.8140	2
1835.79890	612.94025	3	60.7151	2
1836.04845	613.02340	3	74.5535	2
1836.92685	613.31620	3	86.8163	2
1837.85170	919.93310	2	95.0036	1
1838.95715	613.99300	3	64.9800	2
1839.99410	614.33860	3	65.4400	2
1840.89265	614.63815	3	79.1272	2
1841.01540	614.67910	3	70.9593	2
1841.01685	921.51570	2	70.9190	2
1841.85940	614.96040	3	50.3652	2
1842.93330	615.31840	3	66.5118	2
1842.97345	615.33175	3	72.6958	2
1843.99880	923.00670	2	84.0596	1
1844.89215	615.97130	3	64.0970	2
1844.91085	615.97755	3	68.4314	2
1845.98895	924.00175	2	87.6893	2
1845.99335	616.33840	3	87.5922	2
1846.79275	924.40365	2	72.8528	2
1846.93575	924.47515	2	75.8993	2
1846.96955	924.49205	2	86.2640	2
1849.95670	617.65950	3	86.9988	1
1852.02155	927.01805	2	84.3683	2
1852.93360	618.65180	3	64.0440	1
1853.92615	618.98265	3	62.0464	2
1854.92750	928.47100	2	93.5245	2
1856.85975	619.96055	3	55.9210	2
1856.87990	929.44720	2	84.0186	2
1860.94710	621.32295	3	90.2298	2
1860.94920	931.48190	2	90.2810	2
1861.00125	621.34100	3	76.7049	2
1861.98610	621.66930	3	84.5933	2
1862.81950	621.94710	3	61.2840	2
1862.86885	932.44170	2	88.3267	2
1863.98795	622.33655	3	89.8947	2
1864.88485	622.63555	3	73.9749	2
1866.01330	623.01170	3	83.1496	2
1867.84295	623.62160	3	54.9936	2
1867.89430	623.63870	3	90.5083	1
1868.83295	935.42375	2	64.6151	2
1872.89595	625.30590	3	54.6406	2
1873.94590	625.65590	3	77.1398	2
1873.94820	937.98140	2	77.2667	2
1873.97075	937.99265	2	82.3039	2
1875.87355	626.29845	3	72.1108	2
1876.99445	626.67210	3	76.1756	2
1880.97540	627.99905	3	64.0490	2
1882.97655	628.66610	3	72.1688	2
1882.97760	942.49610	2	72.0969	2
1883.88260	628.96810	3	76.8751	1
1883.88425	942.94940	2	76.7996	2
1883.92060	628.98080	3	71.6599	2
1884.87170	943.44315	2	77.5772	2
1884.87515	629.29900	3	68.0699	2
1885.87560	943.94510	2	66.6312	2
1885.91825	943.96640	2	85.3575	2
1885.92380	629.64855	3	85.4389	2
1886.86985	944.44220	2	64.5246	2
1886.90195	944.45825	2	69.9620	2
1886.90255	629.97480	3	69.8139	2
1888.00440	630.34205	3	82.8291	2
1890.93650	631.31940	3	70.9402	1
1890.94710	631.32300	3	75.2559	2
1890.99540	631.33910	3	86.3192	1
1892.06450	631.69540	3	84.2789	1
1892.06650	947.04050	2	84.2336	2
1893.96355	947.98905	2	86.8834	2
1893.98050	632.33410	3	59.3775	2
1902.89825	952.45640	2	80.9736	2
1903.93220	635.65135	3	78.6619	2
1904.97200	635.99795	3	76.2329	2
1904.97240	953.49350	2	76.3315	2
1908.96965	955.49210	2	87.8840	2
1909.98070	478.50250	4	72.2537	1
1909.99475	637.67220	3	76.9217	2
1910.00480	956.00970	2	76.9783	1
1910.17285	637.73155	3	80.5764	2
1911.89140	956.95295	2	73.8552	2
1912.00025	638.34065	3	82.7027	2
1912.00085	957.00770	2	82.6626	2
1912.91375	638.64515	3	34.0936	2
1912.99085	638.67090	3	75.0759	2
1913.09940	638.70705	3	71.8476	2
1914.98110	639.33430	3	69.7937	3
1915.05295	479.77050	4	75.6790	2
1915.05370	639.35850	3	75.7901	1
1916.95300	639.99160	3	67.2995	2
1917.08420	640.03530	3	82.5257	1
1917.94340	959.97900	2	62.4497	1
1918.85185	640.62455	3	47.8847	2
1919.77260	640.93150	3	40.9835	1
1919.91650	960.96550	2	92.7226	1
1920.99945	641.34040	3	83.8280	2
1921.93310	961.97385	2	97.3110	2
1923.88800	962.95130	2	79.8731	2
1923.96190	642.32790	3	73.3629	1
1924.02045	642.34740	3	79.1528	2
1926.99280	964.50370	2	91.4197	1
1927.00240	643.34140	3	91.2692	1
1930.94605	644.65595	3	84.5147	2
1932.83785	645.28655	3	58.5809	2
1933.08795	967.55125	2	88.0597	2
1934.07630	645.69935	3	88.1547	2
1935.07940	646.03375	3	80.0822	2
1935.93045	646.31740	3	66.4746	2
1937.92920	969.97190	2	93.2515	2
1937.94710	646.98965	3	79.7730	2
1938.93810	970.47630	2	92.3082	2
1938.95280	970.48365	2	80.8223	2
1939.01845	647.34675	3	75.7661	2
1941.88185	648.30125	3	58.4111	2
1942.04395	648.35525	3	77.3841	2
1942.47625	648.49935	3	86.5989	4
1942.84130	648.62100	3	61.5683	2
1944.98330	649.33500	3	67.5243	2
1945.89450	649.63880	3	67.1604	1
1946.04790	974.03120	2	70.2758	1
1947.92270	974.96865	2	55.2139	2
1947.92645	650.31605	3	73.1503	2
1947.98610	975.00030	2	81.2500	2
1947.98725	650.33635	3	81.2904	2
1950.98000	651.33390	3	72.5987	2
1951.98100	651.66760	3	61.2815	1
1951.98950	651.67040	3	88.8364	1
1951.99380	977.00420	2	88.7160	2
1953.94310	652.32160	3	75.4412	1
1954.89600	978.45530	2	81.9716	2
1955.94030	652.98735	3	59.9345	2
1956.05745	653.02640	3	82.5741	2
1956.90015	653.30735	3	66.8248	2
1956.99095	979.50275	2	76.3015	2
1961.03480	981.52470	2	88.8691	1
1961.04810	654.68995	3	89.0323	2
1961.04810	981.53130	2	88.9915	1
1963.04950	655.35710	3	75.9736	2
1966.08060	984.04760	2	91.0152	1
1966.93695	656.65290	3	75.5165	2
1970.07030	657.69740	3	77.9648	1
1970.98415	658.00200	3	61.5109	2
1973.06920	658.69700	3	60.5763	2
1973.06930	494.27460	4	60.5733	1
1974.05740	988.03600	2	94.8306	1
1976.01755	659.67980	3	95.9865	2
1976.02390	989.01920	2	95.8975	2
1976.96810	659.99660	3	84.9710	1
1978.19090	660.40425	3	94.4045	2
1978.89880	660.64020	3	37.0652	2
1979.03340	660.68510	3	88.2565	2
1984.02940	662.35040	3	80.1007	1
1984.02975	993.02215	2	79.9890	2
1985.96000	993.98730	2	73.3102	2
1986.00830	663.01000	3	92.4114	1
1988.04705	663.68965	3	71.6846	2
1989.02625	664.01600	3	74.8209	2
1992.02780	997.02120	2	93.8409	2
1992.05725	665.02635	3	80.5091	2
1994.00405	665.67530	3	94.6646	2
1994.00565	998.01010	2	94.5906	2
2001.00040	668.00740	3	84.6774	2
2002.96035	1002.48745	2	76.4447	2
2002.98515	668.66900	3	67.9086	2
2003.03395	1002.52425	2	90.0539	2
2003.03540	668.68575	3	89.9547	2
2004.09020	669.03735	3	79.6494	2
2009.03770	670.68650	3	59.0612	2
2009.08600	670.70260	3	77.6290	2
2009.99990	1006.00720	2	92.9656	1
2010.00010	671.00730	3	93.2938	2
2011.00230	1006.50840	2	77.3394	1
2015.97020	672.99730	3	77.2828	1
2016.99275	1009.50365	2	80.6748	2
2019.06970	674.03050	3	95.0500	2
2022.01945	675.01375	3	64.5184	2
2026.12510	676.38230	3	86.4451	2
2026.12680	1014.07070	2	86.3296	2
2027.05575	676.69250	3	88.3812	2
2031.03055	678.01745	3	88.2243	2
2033.06250	678.69480	3	73.1785	2
2034.06280	679.02820	3	71.8592	2
2037.04290	680.02155	3	65.7763	2
2037.09340	1019.55400	2	82.5196	1
2041.07695	681.36625	3	80.6948	2
2041.97750	681.66640	3	72.9922	3
2043.01120	682.01100	3	82.9556	2
2043.01125	1022.51290	2	83.0875	2
2047.98120	683.66765	3	48.4321	2
2048.05065	683.69080	3	96.0307	2
2048.05140	1025.03295	2	96.0673	2
2048.95850	683.99345	3	76.8305	2
2049.04300	684.02160	3	87.7420	2
2054.09250	685.70480	3	98.0008	1
2054.09380	1028.05420	2	97.9541	2
2054.89840	685.97340	3	69.4951	1
2058.08030	687.03400	3	97.9352	1
2059.00520	687.34235	3	77.6952	2
2059.57180	687.53120	3	89.5580	2
2060.94715	687.98965	3	64.1871	2
2062.06180	688.36120	3	73.2712	1
2063.05050	1032.53250	2	96.5793	3
2064.04760	1033.03110	2	90.0218	1
2064.96105	1033.48780	2	85.0188	2
2066.09670	689.70620	3	74.5480	1
2067.99110	690.33760	3	69.3152	2
2070.95765	1036.48610	2	72.6318	2
2071.03385	691.35185	3	67.2707	2
2072.12015	691.71400	3	88.6128	2
2075.08015	692.70065	3	72.2792	2
2076.05040	693.02410	3	67.8141	2
2078.06570	693.69585	3	79.0622	2
2079.02970	694.01715	3	74.5940	2
2080.10300	521.03305	4	70.9016	2
2080.10325	694.37505	3	71.0619	2
2086.03810	1044.02635	2	89.1946	2
2089.05320	697.35835	3	75.4825	2
2092.08850	698.37010	3	74.4557	2
2092.14115	698.38765	3	83.5717	2
2093.11430	1047.56440	2	80.5050	1
2093.97875	1047.99665	2	86.5644	2
2093.97910	699.00030	3	86.6868	2
2094.94345	699.32175	3	51.4498	2
2095.00330	699.34170	3	69.5415	2
2100.07000	701.03060	3	93.0901	1
2104.56400	702.52860	3	74.0347	4
2105.14050	702.72075	3	91.4758	2
2106.02275	703.01485	3	71.4985	2
2114.12960	705.71710	3	95.9944	2
2114.13125	1058.07290	2	96.1962	2
2125.15165	709.39115	3	94.2832	2
2126.14135	1064.07795	2	77.8451	2
2126.14180	709.72120	3	77.9161	2
2131.12940	533.78960	4	85.4922	1
2131.18040	711.40075	3	84.3389	2
2136.96040	713.32740	3	76.7345	1
2137.12155	713.38115	3	70.5549	2
2143.09375	715.37185	3	82.2846	2
2148.10585	717.04255	3	61.8995	2
2151.08980	718.03720	3	64.1386	1
2151.09460	718.03880	3	78.5824	2
2156.01500	719.67895	3	66.2307	2
2156.13660	1079.07555	2	99.1505	2
2169.12365	724.04850	3	76.8303	2
2170.03050	724.35080	3	76.6162	2
2180.97270	1091.49360	2	67.1269	1
2180.98095	728.00090	3	67.3079	2
2181.13750	728.05310	3	81.0137	2
2181.14005	1091.57730	2	80.9472	2
2190.06705	731.02965	3	74.9286	2
2190.06810	1096.04135	2	74.8837	2
2201.11770	734.71320	3	73.8382	2
2205.01510	736.01230	3	71.9842	2
2205.09985	736.04055	3	100.2431	2
2205.10060	1103.55755	2	100.0813	2
2227.05075	1114.53265	2	55.6054	2
2227.05175	743.35785	3	55.5759	2
2236.11110	746.37760	3	86.3572	2
2238.12920	747.05030	3	73.6392	1
2240.18240	747.73470	3	85.4861	1
2240.18395	1121.09925	2	85.4694	2
2248.17530	750.39900	3	95.6946	1
2250.02225	751.01470	3	46.7959	2
2269.26245	757.42810	3	83.9839	2
2279.05700	760.69290	3	69.1359	2
2282.08540	761.70240	3	64.5125	2
2282.23140	571.56510	4	70.1021	1
2283.15870	762.06020	3	83.1092	1
2284.23535	762.41905	3	91.7314	2
2291.01915	764.68035	3	67.6381	2
2291.01980	1146.51715	2	67.6104	2
2295.09315	766.03830	3	80.4235	2
2296.23445	766.41875	3	99.9956	2
2297.12470	766.71550	3	70.4080	2
2306.10655	769.70945	3	78.3089	2
2314.08700	772.36960	3	61.6844	2
2316.21040	773.07740	3	81.7059	1
2323.19920	1162.60690	2	86.0335	1
2323.28940	775.43710	3	90.1597	2
2344.13010	782.38400	3	71.7164	1
2347.18615	783.40265	3	59.5709	2
2376.10275	793.04150	3	51.6095	2
2379.16470	595.79845	4	63.4392	2
2379.16750	794.06310	3	63.4933	1
2387.14530	796.72240	3	86.4190	1
2389.99170	797.67120	3	62.3572	2
2391.16500	798.06230	3	81.8428	2
2391.18430	798.06870	3	96.1003	2
2391.18910	1196.60180	2	95.9582	2
2401.30000	801.44060	3	82.8666	2
2404.07445	802.36540	3	71.6875	2
2405.99220	803.00470	3	53.8782	1
2407.22890	803.41690	3	76.6514	2
2416.24235	806.42140	3	85.4243	2
2427.24135	607.81760	4	61.2562	2
2435.25645	812.75945	3	65.9555	2
2440.34705	814.45630	3	92.3498	2
2456.21590	819.74590	3	79.2862	2
2460.19655	821.07280	3	86.3663	2
2483.19100	828.73760	3	63.3019	1
2497.30990	833.44390	3	97.2850	2
2525.29815	842.77330	3	86.9388	2
2532.23610	845.08600	3	74.6321	2
2548.22660	850.41610	3	66.3153	1
2549.47170	850.83115	3	84.5057	2
2549.96535	638.49860	4	85.0864	4
2589.27470	864.09880	3	71.3638	1
2620.21470	656.06095	4	65.6254	2
2621.24440	874.75540	3	69.4101	1
2682.32435	895.11535	3	55.1874	2
2801.45970	701.37220	4	87.0866	1
2804.28015	935.76730	3	77.8794	2
2858.47120	953.83100	3	92.0382	1
3015.57280	1006.19820	3	100.6325	1
3024.61380	1009.21190	3	99.4390	1
3208.56140	803.14765	4	70.8324	2
3536.66455	1179.89545	3	85.2561	2
3544.65530	1182.55900	3	99.7101	1
