mono_mass	mz	charge	rt	n_psm
798.41210	400.21330	2	38.6268	2
798.46010	400.23730	2	43.5739	1
798.48495	400.24975	2	57.5372	2
799.45475	400.73465	2	49.1527	2
800.43930	401.22690	2	40.2850	2
800.43930	401.22690	2	42.3680	1
800.45570	401.23515	2	51.1897	2
801.43435	401.72445	2	36.7481	2
801.53305	401.77380	2	44.4749	2
802.38495	402.19975	2	38.8855	2
802.45910	402.23680	2	59.3206	1
802.49820	402.25640	2	61.7568	1
802.49950	402.25700	2	61.7273	1
805.40760	403.71110	2	45.0861	1
805.44490	403.72975	2	51.3303	2
806.39580	404.20515	2	37.6445	2
806.41745	404.21600	2	71.5399	2
806.45370	404.23410	2	60.4490	1
806.45485	404.23470	2	50.4114	2
807.41260	404.71360	2	40.0517	2
808.36615	405.19035	2	36.8354	2
808.39715	405.20585	2	49.4294	2
808.44060	405.22760	2	35.8316	1
809.41840	405.71650	2	62.4337	2
810.36935	406.19195	2	47.2203	2
811.35365	406.68410	2	37.6372	2
811.49170	406.75310	2	49.5978	1
812.42195	407.21825	2	42.7324	2
812.43955	407.22705	2	40.0332	2
812.47620	407.24540	2	60.2952	1
812.48750	407.25105	2	44.6732	2
812.51185	407.26320	2	48.9252	2
814.45535	408.23495	2	51.5956	2
814.51640	408.26545	2	58.6983	2
815.44045	408.72750	2	38.8035	2
815.45060	408.73260	2	35.6770	1
815.46910	408.74185	2	56.5962	2
815.47570	408.74515	2	42.2145	2
815.47625	408.74540	2	46.3512	2
815.49760	408.75610	2	38.0230	2
815.51155	408.76305	2	46.0678	2
816.38300	409.19880	2	51.4526	2
816.44990	409.23230	2	66.4178	2
816.47040	409.24250	2	37.6201	2
817.42950	409.72200	2	34.7542	2
817.48100	409.74780	2	66.8156	1
818.44000	410.22725	2	52.8666	2
818.49030	410.25245	2	73.7065	2
819.39195	410.70325	2	34.9178	2
819.42990	410.72220	2	63.0246	3
820.43305	411.22380	2	39.0131	2
820.46955	411.24205	2	45.5693	2
820.48820	411.25140	2	71.5348	2
821.42855	411.72155	2	40.7073	2
822.39055	412.20255	2	30.9086	4
822.42350	412.21905	2	42.7125	2
822.42395	412.21925	2	36.9282	2
823.42615	412.72035	2	54.6895	2
824.54835	413.28145	2	71.0583	2
826.49115	414.25285	2	39.7069	2
826.49135	414.25295	2	42.2585	2
826.52760	414.27105	2	69.6125	2
826.52795	414.27125	2	49.6974	2
828.41650	415.21550	2	30.8521	3
829.44770	415.73110	2	40.2226	4
829.49080	415.75270	2	55.7840	2
829.50235	415.75845	2	36.7704	2
829.50245	415.75855	2	50.4582	2
831.46980	416.74220	2	35.1782	1
831.46985	416.74220	2	48.5241	2
831.49685	416.75570	2	61.9239	2
831.49690	416.75580	2	69.7350	2
832.39315	417.20385	2	34.5361	2
832.42835	417.22145	2	45.2110	2
834.43465	418.22460	2	38.0279	2
835.44400	418.72930	2	43.3578	2
836.39000	419.20230	2	40.4733	2
836.39990	419.20720	2	41.4854	1
836.44010	419.22735	2	56.5606	2
836.44100	419.22780	2	43.5521	2
837.40260	419.70860	2	47.9523	1
837.40525	419.70990	2	54.4258	2
837.50710	419.76080	2	46.4028	1
838.41775	420.21615	2	37.5582	2
839.42935	420.72195	2	55.1190	2
839.58415	420.79935	2	72.9973	2
840.47050	421.24255	2	43.0530	2
840.54315	421.27885	2	74.7331	2
840.54345	421.27900	2	59.6579	2
841.46610	421.74035	2	40.9870	2
841.49180	421.75315	2	54.9077	2
842.42855	422.22155	2	47.7878	2
842.46205	422.23830	2	39.7669	2
842.48515	422.24985	2	52.2220	2
842.48670	422.25065	2	42.3953	2
842.48755	422.25105	2	38.5960	2
842.52210	422.26835	2	49.1431	2
842.52235	422.26845	2	70.8546	2
843.44705	422.73080	2	47.6418	2
843.45175	422.73315	2	39.4016	2
843.48180	422.74820	2	44.7264	2
843.54290	422.77870	2	63.1546	2
844.45485	423.23470	2	70.9709	4
844.46485	423.23970	2	35.3339	2
845.45995	423.73725	2	37.5853	2
845.46170	423.73810	2	44.2382	2
845.46545	423.74000	2	67.2223	2
845.48575	423.75015	2	52.8092	2
845.51235	423.76345	2	65.1381	2
845.53735	423.77600	2	76.0273	2
846.39820	424.20635	2	37.1351	2
846.42750	424.22100	2	42.9364	2
846.43740	424.22600	2	48.7567	1
846.44855	424.23155	2	61.1112	2
846.47810	424.24630	2	35.7401	1
847.42310	424.71885	2	43.9106	2
847.44480	424.72970	2	40.8307	1
847.48040	424.74750	2	45.6003	1
848.43900	425.22675	2	41.9732	2
848.43905	425.22680	2	53.1332	2
848.43935	425.22695	2	50.3499	2
848.44470	425.22965	2	36.8032	2
849.44245	425.72850	2	52.7112	2
850.42770	426.22110	2	54.1728	1
850.45365	426.23410	2	46.4306	2
850.50215	426.25835	2	39.5719	2
851.36940	426.69200	2	40.7423	1
851.42105	426.71780	2	45.6960	2
851.42140	426.71800	2	49.4433	1
851.43880	426.72665	2	37.2565	2
853.36110	427.68785	2	37.1079	2
854.46035	428.23745	2	40.0807	2
856.43245	429.22350	2	64.4378	2
856.46975	429.24215	2	50.1466	2
856.51220	429.26340	2	48.4013	2
856.51610	429.26535	2	45.7062	2
856.53810	429.27630	2	57.7855	1
857.44240	429.72850	2	39.8145	1
857.46260	429.73855	2	42.6803	2
857.49560	429.75510	2	46.4638	2
857.49675	429.75565	2	55.1118	2
858.45680	430.23565	2	44.4199	2
858.46950	430.24205	2	43.7625	2
858.96285	430.48870	2	38.1344	2
859.43800	430.72630	2	40.1626	1
859.46530	430.73990	2	46.9490	2
859.50200	430.75830	2	66.2473	1
861.44430	431.72945	2	44.7862	2
861.47095	431.74275	2	60.5451	2
861.49990	431.75720	2	48.7671	1
861.50715	431.76085	2	75.3073	2
862.38530	432.19990	2	39.4411	1
863.45015	432.73240	2	49.3416	2
863.45805	432.73630	2	58.8465	2
864.41960	433.21705	2	49.8191	2
864.43540	433.22495	2	53.0427	2
864.50710	433.26080	2	63.9245	2
865.41490	433.71470	2	39.8520	2
866.41130	434.21290	2	40.6615	1
866.49800	434.25630	2	42.4813	2
867.41670	434.71570	2	50.1213	2
867.43540	434.72500	2	39.2207	2
868.45890	435.23670	2	37.9524	2
869.49750	435.75605	2	34.4684	2
869.53360	435.77405	2	52.6777	2
869.53365	435.77410	2	60.0283	2
869.55935	435.78695	2	66.9522	2
870.45015	436.23235	2	85.6408	6
870.48140	436.24795	2	43.1628	2
870.51685	436.26570	2	58.1998	2
870.55405	436.28430	2	50.8636	2
871.44340	436.72900	2	38.6597	2
871.45110	436.73285	2	40.9610	2
871.50220	436.75840	2	54.5375	1
871.53845	436.77650	2	59.5577	2
872.47470	437.24465	2	39.8184	2
872.49650	437.25550	2	56.1971	1
872.49690	437.25570	2	42.3132	2
872.50900	437.26180	2	36.8828	1
872.51430	437.26445	2	63.8283	2
873.47390	437.74425	2	50.6264	2
873.48090	437.74775	2	48.5871	2
873.49555	437.75505	2	67.4999	2
874.43325	438.22390	2	44.9064	2
874.45815	438.23635	2	49.9427	2
874.46640	438.24050	2	43.0598	1
874.46900	438.24180	2	35.8338	2
875.48990	438.75220	2	53.9062	2
875.52270	438.76860	2	61.0833	2
875.52290	438.76875	2	50.0601	2
876.41220	439.21340	2	39.6021	2
876.44555	439.23005	2	38.1214	2
876.49575	439.25515	2	67.9203	2
877.45425	439.73440	2	37.4932	2
877.45435	439.73445	2	65.3863	2
877.46590	439.74025	2	49.7869	2
877.46720	439.74090	2	42.8338	1
877.47825	439.74640	2	50.3016	4
877.50975	439.76215	2	69.9521	2
878.48555	440.25005	2	54.7886	2
880.41560	441.21510	2	38.8524	1
880.42965	441.22210	2	43.6402	2
880.54895	441.28175	2	53.6017	2
882.48265	442.24860	2	36.6865	2
882.52870	442.27165	2	39.2959	2
883.47580	442.74520	2	47.6841	1
883.53820	442.77640	2	51.3234	2
883.54395	442.77925	2	60.4143	4
883.56055	442.78755	2	39.0695	2
884.44015	443.22735	2	44.3202	2
884.54390	443.27920	2	54.3967	2
884.57035	443.29245	2	73.9733	2
884.57265	443.29360	2	59.3771	2
885.44420	443.72935	2	35.1574	2
885.48320	443.74890	2	43.5475	1
885.49205	443.75330	2	51.5566	2
885.55295	443.78375	2	65.0138	2
886.48660	444.25060	2	42.6806	2
886.49040	444.25250	2	56.2586	1
886.51230	444.26340	2	47.9979	2
887.45995	444.73725	2	36.5865	2
887.46995	444.74225	2	43.3083	2
887.48710	444.75080	2	55.6489	1
887.49200	444.75330	2	41.5151	1
889.45940	445.73700	2	51.1299	2
889.46555	445.74005	2	48.3044	2
889.47665	445.74560	2	41.5607	2
889.48480	445.74965	2	70.1386	2
890.48370	446.24910	2	71.6745	1
890.50450	446.25950	2	44.8405	1
891.44515	446.72985	2	49.5469	2
891.44910	446.73185	2	46.4900	2
891.48185	446.74820	2	63.0763	2
891.50645	446.76050	2	66.5018	2
892.44040	447.22750	2	40.4217	3
892.48315	447.24885	2	76.7260	2
893.44915	447.73185	2	43.4774	2
893.46085	447.73770	2	42.8852	2
893.60610	447.81030	2	75.5415	2
893.95270	447.98360	2	46.1091	4
894.45570	448.23510	2	34.4631	1
895.44730	448.73095	2	59.9663	2
895.46480	448.73970	2	41.5848	1
895.46560	448.74010	2	41.5561	1
896.41715	449.21585	2	37.9418	2
896.53360	449.27405	2	54.9396	2
897.40490	449.70975	2	66.8257	2
898.40815	450.21135	2	66.4127	2
898.42075	450.21765	2	42.4678	2
898.47915	450.24685	2	57.9758	2
898.48650	450.25050	2	35.5073	2
898.49080	450.25270	2	44.6081	2
898.54885	450.28170	2	67.0356	2
898.56015	450.28735	2	55.3514	2
899.43800	450.72625	2	53.8662	2
899.45040	450.73245	2	41.0192	2
899.51525	450.76490	2	60.4097	2
900.45945	451.23700	2	41.5970	2
900.49060	451.25260	2	41.4249	2
900.49225	451.25340	2	52.9287	2
900.50305	451.25880	2	50.7822	2
900.53940	451.27700	2	44.1061	2
901.41135	451.71295	2	49.3288	2
901.43330	451.72395	2	39.5734	2
901.47700	451.74580	2	58.7449	1
901.52420	451.76935	2	42.7680	2
902.41330	452.21395	2	47.9306	2
902.49760	452.25610	2	40.6954	1
902.50760	452.26110	2	46.3248	2
903.48150	452.74800	2	53.2742	2
903.48855	452.75155	2	32.0925	2
903.51040	452.76250	2	65.6575	1
903.52790	452.77120	2	42.3485	2
903.54290	452.77870	2	69.0445	2
904.44475	453.22965	2	31.1081	2
904.53900	453.27680	2	63.2178	2
905.45260	453.73355	2	65.8248	2
905.45280	453.73365	2	44.1936	2
906.46720	454.24090	2	32.3825	1
906.49980	454.25720	2	37.1303	1
906.51735	454.26595	2	48.2792	2
907.45130	454.73290	2	37.5283	2
907.49965	454.75710	2	48.7024	2
908.00445	455.00950	2	55.1434	4
908.53330	455.27395	2	40.7333	2
908.56910	455.29180	2	57.1311	2
909.42720	455.72090	2	55.5972	1
909.48115	455.74785	2	54.4965	2
909.50530	455.75990	2	36.2959	2
911.37950	456.69700	2	34.3397	2
911.46550	456.74000	2	72.8110	2
911.47505	456.74480	2	60.8410	2
911.49025	456.75240	2	43.2828	2
911.57935	456.79695	2	58.2727	2
912.56555	457.29005	2	64.4048	2
913.42930	457.72190	2	48.8619	1
913.44860	457.73155	2	41.8601	2
913.47250	457.74350	2	71.3340	1
913.48725	457.75090	2	47.4634	2
913.54815	457.78135	2	54.0863	2
913.55995	457.78725	2	39.3583	2
913.59615	457.80535	2	40.5561	2
914.50765	458.26115	2	41.1952	2
914.51825	458.26640	2	46.2852	2
915.44920	458.73185	2	37.4136	2
915.46660	458.74060	2	42.8714	1
915.52070	458.76760	2	49.9094	1
915.52230	458.76845	2	74.9965	2
916.49760	459.25610	2	38.5642	5
917.44340	459.72900	2	39.9818	1
917.48140	459.74800	2	38.5819	1
918.44940	460.23200	2	79.9084	2
918.48460	460.24960	2	53.7049	2
918.49200	460.25325	2	64.3464	2
918.51740	460.26595	2	57.0499	2
918.51785	460.26620	2	63.2800	2
919.40725	460.71090	2	61.6592	2
919.44310	460.72880	2	47.8608	1
919.51010	460.76230	2	52.8111	2
919.51275	460.76365	2	46.9774	2
919.51620	460.76540	2	57.4673	2
919.52175	460.76815	2	64.8483	2
920.49685	461.25570	2	47.0899	2
920.50720	461.26085	2	41.8060	2
921.44525	461.72990	2	37.7047	2
921.44605	461.73030	2	41.0813	2
921.46670	461.74060	2	36.0364	2
921.55360	461.78410	2	61.8578	1
922.43905	462.22680	2	49.9086	2
922.45120	462.23285	2	38.8910	2
923.43515	462.72485	2	44.1387	2
923.47215	462.74335	2	41.1977	2
923.58065	462.79760	2	77.9078	2
924.42960	463.22210	2	38.1092	2
924.43770	463.22615	2	48.2842	2
924.53910	463.27685	2	52.7651	2
924.56465	463.28960	2	55.6359	2
925.46950	463.74200	2	79.2050	1
925.49885	463.75670	2	43.8481	2
926.51905	464.26680	2	39.3288	2
926.57985	464.29720	2	60.5409	2
926.59085	464.30270	2	61.5937	2
927.44470	464.72965	2	46.8359	2
927.56370	464.78915	2	82.9741	2
928.45485	465.23470	2	50.8980	2
928.52260	465.26860	2	51.7436	2
928.53375	465.27415	2	50.0078	2
928.55905	465.28680	2	57.0819	2
928.56005	465.28730	2	62.8275	2
929.45535	465.73495	2	38.6009	2
929.48050	465.74750	2	37.3405	2
929.50045	465.75750	2	53.2561	2
929.51185	465.76325	2	48.4554	2
929.51815	465.76635	2	43.2154	2
929.51820	465.76640	2	36.4789	3
929.51825	465.76640	2	41.1952	2
930.42305	466.21880	2	61.0877	2
930.46725	466.24090	2	35.4694	2
930.47690	466.24570	2	52.3373	1
930.47840	466.24645	2	42.2651	2
930.51735	466.26595	2	64.8755	2
930.54000	466.27730	2	38.3701	1
931.47045	466.74250	2	36.2554	2
931.48640	466.75050	2	48.9400	2
931.50165	466.75815	2	56.0219	2
931.51265	466.76360	2	58.0353	2
931.53435	466.77445	2	67.8674	2
932.54420	467.27940	2	42.3180	2
933.45580	467.73520	2	37.6396	2
933.46490	467.73970	2	51.3911	2
933.48470	467.74960	2	51.8007	2
933.50360	467.75905	2	52.5625	2
933.52855	467.77155	2	56.4171	2
933.53995	467.77725	2	33.1182	2
934.42370	468.21915	2	40.4166	2
934.45080	468.23270	2	39.6038	3
934.45350	468.23400	2	41.8540	1
934.47405	468.24430	2	34.9201	2
934.48630	468.25045	2	43.4442	2
934.48725	468.25090	2	55.3002	2
934.48740	468.25095	2	33.5963	2
934.51255	468.26355	2	58.5126	2
934.52385	468.26920	2	59.7145	2
935.46970	468.74215	2	60.4861	2
935.47035	468.74245	2	45.2440	2
935.48690	468.75070	2	61.8888	1
937.41405	469.71430	2	35.1358	2
937.48720	469.75085	2	40.9011	2
937.51195	469.76325	2	57.8068	2
938.43410	470.22435	2	38.1314	2
939.48200	470.74825	2	80.2750	2
939.54970	470.78215	2	55.9606	2
939.56325	470.78890	2	80.7335	2
940.44315	471.22885	2	45.2738	2
940.52710	471.27085	2	62.0831	2
941.43570	471.72510	2	38.8659	1
941.46415	471.73935	2	50.0375	2
941.55700	471.78580	2	50.7860	1
941.56600	471.79030	2	61.8938	2
941.57950	471.79700	2	66.7750	2
941.60580	471.81015	2	79.2804	2
942.44490	472.22970	2	57.6763	1
942.50240	472.25845	2	36.4334	2
942.51505	472.26480	2	48.2113	2
943.44770	472.73110	2	61.2646	2
943.46605	472.74030	2	36.1261	2
943.48645	472.75050	2	43.9854	2
943.49680	472.75570	2	35.7730	3
943.52360	472.76910	2	62.6731	2
944.42420	473.21940	2	37.7628	2
944.43155	473.22305	2	63.6144	2
944.49285	473.25370	2	43.4184	2
944.51230	473.26340	2	64.0502	2
944.51760	473.26610	2	52.8123	1
944.51805	473.26630	2	48.0164	2
944.52910	473.27185	2	49.5205	2
944.55465	473.28460	2	54.8420	2
944.56980	473.29220	2	78.7028	2
945.45990	473.73720	2	77.1185	2
945.51290	473.76370	2	40.9320	2
945.54995	473.78225	2	58.8609	2
946.50670	474.26060	2	49.8473	1
946.50875	474.26165	2	37.4028	2
946.51310	474.26380	2	46.0812	2
946.52735	474.27095	2	69.6872	2
946.53440	474.27445	2	38.2751	2
946.54935	474.28195	2	74.1947	2
947.43505	474.72480	2	38.6342	2
947.48545	474.75000	2	42.4601	2
947.48665	474.75060	2	45.5053	2
947.51395	474.76425	2	71.4068	2
948.46655	475.24055	2	53.0504	2
948.46660	475.24055	2	44.5452	2
949.48555	475.75005	2	39.7744	2
949.48675	475.75065	2	54.3963	2
949.49035	475.75245	2	86.6761	2
949.50570	475.76015	2	77.4255	2
949.52625	475.77040	2	40.3563	2
949.52745	475.77100	2	79.5072	2
950.45355	476.23405	2	50.2978	2
950.48105	476.24780	2	46.8434	2
950.48595	476.25025	2	73.5772	2
950.50185	476.25820	2	59.6268	2
950.50765	476.26110	2	51.8210	2
951.49080	476.75265	2	60.2500	2
951.51830	476.76640	2	80.0942	2
952.44910	477.23180	2	47.2580	1
952.45035	477.23245	2	43.3291	2
952.46895	477.24175	2	50.9269	2
952.53430	477.27445	2	42.4265	2
954.44480	478.22965	2	52.6238	2
954.53880	478.27670	2	46.7472	1
955.53430	478.77445	2	63.0735	2
955.57075	478.79265	2	61.2389	2
956.50290	479.25875	2	38.6818	2
956.51790	479.26625	2	37.0268	2
956.52900	479.27180	2	53.5679	2
956.52955	479.27205	2	46.9308	2
956.53030	479.27240	2	44.3969	3
956.53610	479.27530	2	66.4937	2
956.57910	479.29685	2	77.5890	2
957.48930	479.75190	2	34.4218	5
957.51310	479.76380	2	48.0669	1
957.53085	479.77270	2	48.5296	2
957.55750	479.78600	2	48.2566	2
957.59705	479.80580	2	47.3731	2
958.48675	480.25065	2	56.4821	2
958.51015	480.26235	2	56.8236	2
959.53080	480.77270	2	42.9558	2
959.53295	480.77375	2	69.1558	2
959.55465	480.78460	2	58.1219	2
960.44900	481.23175	2	35.4003	2
960.50825	481.26140	2	41.4634	4
960.51270	481.26360	2	39.5355	2
960.53165	481.27310	2	57.6209	2
960.53985	481.27720	2	61.5607	2
962.47375	482.24415	2	45.7714	2
962.47470	482.24460	2	48.1109	2
962.50715	482.26085	2	62.6134	2
962.51890	482.26675	2	55.7239	2
962.53720	482.27585	2	86.1644	2
963.44530	482.72990	2	54.7155	2
963.50235	482.75845	2	40.4047	2
963.50540	482.76000	2	34.6664	2
963.55445	482.78450	2	74.7954	2
964.46215	483.23835	2	38.3977	2
964.47910	483.24680	2	69.3737	2
964.49755	483.25605	2	43.1700	2
964.52305	483.26880	2	54.3299	2
965.44500	483.72980	2	41.6692	3
965.46005	483.73730	2	38.0586	2
965.48145	483.74800	2	60.8364	2
965.62680	483.82070	2	82.3982	1
966.46480	484.23970	2	42.0430	1
966.46695	484.24075	2	36.8677	2
966.52395	484.26925	2	46.7480	2
967.47930	484.74695	2	58.0881	2
967.52440	484.76950	2	47.4405	2
967.58140	484.79795	2	56.7404	2
968.44425	485.22940	2	40.7519	2
968.52780	485.27115	2	37.6494	2
968.52940	485.27200	2	48.9981	2
969.43030	485.72240	2	39.7349	1
969.48720	485.75090	2	40.4412	2
969.51360	485.76410	2	47.1367	1
969.52455	485.76955	2	50.4685	2
969.56065	485.78760	2	52.9871	2
969.58595	485.80025	2	64.1071	2
969.58635	485.80045	2	68.9832	2
970.48750	486.25105	2	54.7450	2
970.52390	486.26920	2	41.0647	1
970.54430	486.27940	2	56.0873	2
970.58100	486.29780	2	45.1788	2
970.58110	486.29780	2	70.6329	1
971.50400	486.75930	2	31.7652	1
971.52935	486.77195	2	48.7127	2
971.52945	486.77200	2	36.1206	2
971.52975	486.77215	2	58.9174	2
971.55370	486.78415	2	57.7157	2
972.57180	487.29320	2	35.0991	2
973.50835	487.76145	2	42.2328	2
973.54350	487.77905	2	34.0149	2
974.50325	488.25890	2	38.2426	2
974.51830	488.26645	2	59.1331	2
974.53915	488.27685	2	42.0069	2
975.49570	488.75510	2	80.6687	1
975.51400	488.76425	2	45.0376	2
975.53840	488.77645	2	64.9360	2
976.49605	489.25530	2	58.2349	2
976.50895	489.26175	2	47.8779	2
976.52250	489.26855	2	60.5214	2
976.54590	489.28025	2	41.1051	2
977.44350	489.72905	2	47.0993	2
977.46760	489.74110	2	33.2729	1
977.51965	489.76710	2	52.2917	2
977.97345	489.99400	2	45.8026	4
978.50265	490.25860	2	60.3218	2
979.44975	490.73215	2	66.5308	2
979.46175	490.73815	2	38.9390	2
979.49715	490.75585	2	52.6169	2
979.51600	490.76530	2	53.1446	1
979.57035	490.79245	2	40.2659	2
980.45860	491.23660	2	37.2038	2
980.49635	491.25545	2	52.4218	2
981.45315	491.73385	2	62.4061	2
981.52500	491.76980	2	29.8899	2
981.56050	491.78750	2	40.4147	2
981.59765	491.80610	2	41.3647	2
982.45970	492.23710	2	33.9153	2
982.47540	492.24500	2	42.2021	2
982.51950	492.26705	2	38.3900	2
983.47390	492.74420	2	48.3609	2
983.50495	492.75975	2	42.6225	2
983.55600	492.78530	2	71.0844	3
983.57595	492.79525	2	64.2926	2
983.58465	492.79960	2	71.5938	2
983.58720	492.80090	2	44.3011	2
983.60085	492.80770	2	58.2059	2
984.43805	493.22630	2	34.1845	2
984.45540	493.23500	2	51.7315	1
984.49325	493.25390	2	51.9664	2
984.63315	493.32385	2	50.0979	2
985.50125	493.75790	2	45.3972	2
985.51895	493.76675	2	44.0117	2
985.53880	493.77670	2	46.3341	2
985.55325	493.78395	2	43.4440	2
986.49100	494.25275	2	67.6589	2
986.49730	494.25590	2	69.8889	2
987.49760	494.75610	2	31.3210	2
987.50320	494.75890	2	56.2324	1
987.52260	494.76860	2	44.9785	1
987.53510	494.77485	2	49.6123	2
987.57185	494.79320	2	59.4105	2
987.60030	494.80740	2	79.7295	1
988.48280	495.24870	2	38.4222	2
988.50675	495.26065	2	53.1909	2
988.51935	495.26695	2	42.9595	2
988.54395	495.27930	2	47.3218	2
988.57470	495.29460	2	71.9770	1
988.58210	495.29830	2	50.8051	2
989.49670	495.75560	2	36.5547	2
989.55420	495.78440	2	48.3338	2
989.55480	495.78470	2	58.8915	2
989.57460	495.79460	2	65.4195	2
990.45860	496.23655	2	37.2811	2
990.47375	496.24415	2	45.9981	2
990.51420	496.26440	2	48.8941	1
990.51495	496.26475	2	42.7948	2
990.54975	496.28215	2	72.9608	2
991.38455	496.69955	2	34.0868	2
991.50840	496.76150	2	67.5515	1
991.50870	496.76160	2	60.7340	1
991.54535	496.77995	2	69.3425	2
991.57070	496.79265	2	61.4097	2
992.48565	497.25010	2	56.6221	2
992.53280	497.27370	2	81.0644	2
992.60220	497.30835	2	70.8309	2
993.44035	497.72745	2	42.9438	2
993.46675	497.74070	2	58.5960	2
993.51285	497.76370	2	53.5061	2
993.54830	497.78145	2	64.6185	2
994.40250	498.20850	2	34.9426	2
994.49680	498.25570	2	49.1353	2
994.50745	498.26100	2	47.5786	2
994.51555	498.26505	2	73.1115	2
994.60600	498.31030	2	74.0312	2
994.65285	498.33370	2	46.2342	2
995.49240	498.75350	2	43.7624	2
996.50070	499.25760	2	42.8240	2
996.53025	499.27240	2	68.6462	2
996.53155	499.27305	2	48.2183	2
996.57200	499.29330	2	45.3667	2
997.51650	499.76550	2	34.3318	1
997.58150	499.79800	2	39.1956	1
998.58690	500.30075	2	40.8822	2
999.53420	500.77440	2	29.8997	1
999.53455	500.77455	2	42.7420	2
999.57215	500.79335	2	32.2845	2
1000.49345	501.25400	2	36.2296	2
1000.55620	501.28540	2	90.4973	13
1000.56655	501.29055	2	49.0462	2
1000.59235	501.30345	2	62.6554	2
1001.51485	501.76470	2	44.2688	2
1001.55375	501.78415	2	67.5297	2
1001.56270	501.78860	2	33.8463	1
1001.58705	501.80080	2	47.8168	2
1001.59200	501.80330	2	69.8276	1
1002.47250	502.24350	2	34.5283	2
1002.47680	502.24570	2	53.6077	1
1002.48185	502.24820	2	39.1233	2
1002.48605	502.25030	2	41.7435	2
1002.52800	502.27125	2	37.7985	2
1002.54620	502.28040	2	33.3963	1
1002.58745	502.30105	2	65.1475	2
1003.51945	502.76700	2	44.6105	2
1003.52670	502.77065	2	35.6268	2
1003.57040	502.79245	2	77.7498	2
1004.44675	503.23065	2	35.0991	2
1004.54000	503.27730	2	48.0985	2
1004.56580	503.29015	2	43.3007	2
1005.46900	503.74180	2	49.1403	2
1005.48495	503.74975	2	38.3276	2
1005.49270	503.75360	2	30.0507	3
1005.51260	503.76360	2	55.1099	1
1005.53065	503.77260	2	68.8002	2
1005.53555	503.77505	2	36.1652	2
1006.45060	504.23260	2	32.2915	1
1006.47150	504.24305	2	41.9659	2
1006.49860	504.25660	2	54.4045	2
1007.45745	504.73605	2	38.9050	2
1007.46730	504.74095	2	41.2788	2
1007.47470	504.74460	2	51.6889	2
1007.50280	504.75870	2	44.0702	1
1007.52265	504.76860	2	65.2388	2
1007.52880	504.77170	2	43.7931	2
1007.54005	504.77735	2	56.1409	2
1007.54475	504.77965	2	68.5206	2
1007.67505	504.84480	2	72.8701	2
1008.47790	505.24625	2	50.5711	2
1008.51250	505.26355	2	61.1454	2
1009.44700	505.73075	2	42.5379	2
1009.51885	505.76670	2	36.5070	2
1009.54880	505.78165	2	87.8422	2
1010.49780	506.25620	2	39.4461	1
1010.51210	506.26330	2	63.5582	2
1010.57515	506.29485	2	68.8589	2
1011.52380	506.76915	2	37.0194	2
1011.53570	506.77515	2	45.4830	2
1011.54635	506.78045	2	42.9987	2
1011.57170	506.79315	2	52.7533	2
1011.60760	506.81105	2	67.7825	2
1012.48720	507.25090	2	59.4541	1
1012.56965	507.29210	2	58.5450	2
1012.57380	507.29420	2	89.2507	9
1012.58165	507.29810	2	60.7441	2
1012.60325	507.30890	2	39.2349	2
1012.63945	507.32700	2	49.1681	2
1013.46380	507.73920	2	72.2280	1
1013.54030	507.77740	2	44.1956	3
1013.55465	507.78460	2	65.5434	2
1013.56165	507.78810	2	38.0011	2
1013.58720	507.80090	2	64.2434	2
1013.62375	507.81915	2	67.0358	2
1014.53410	508.27435	2	43.5086	2
1014.53570	508.27510	2	38.6753	2
1014.57090	508.29270	2	37.9319	1
1014.57235	508.29345	2	46.3100	2
1014.58135	508.29800	2	38.5683	2
1015.49160	508.75310	2	40.0328	2
1015.54170	508.77820	2	88.9502	1
1015.58415	508.79935	2	71.2261	2
1015.59060	508.80260	2	58.0000	1
1015.59235	508.80345	2	65.9128	2
1016.45930	509.23690	2	37.2641	2
1016.51810	509.26630	2	47.9572	1
1016.53150	509.27300	2	48.6532	2
1016.54090	509.27770	2	43.1336	1
1016.54725	509.28090	2	49.2642	2
1017.47260	509.74355	2	41.9113	2
1017.49125	509.75290	2	47.4998	2
1017.51680	509.76565	2	77.2096	2
1017.53460	509.77455	2	39.3209	2
1017.57645	509.79550	2	40.9420	2
1017.62370	509.81915	2	66.6880	2
1018.54440	510.27945	2	40.3189	2
1019.42080	510.71770	2	43.8192	2
1019.50445	510.75950	2	43.2731	2
1019.50450	510.75955	2	60.3122	2
1019.54020	510.77735	2	35.6141	2
1019.54055	510.77755	2	54.3690	2
1019.54690	510.78070	2	67.1055	2
1019.55075	510.78265	2	47.5518	2
1020.52360	511.26910	2	49.5821	2
1020.52390	511.26920	2	56.5129	3
1020.52730	511.27090	2	91.6132	7
1020.53560	511.27510	2	55.5153	2
1021.43870	511.72660	2	38.2950	1
1021.43920	511.72690	2	38.2351	1
1021.44990	511.73220	2	34.5974	2
1021.49425	511.75440	2	30.6396	2
1021.51160	511.76310	2	43.8668	2
1021.54380	511.77920	2	60.8072	2
1021.60320	511.80885	2	52.3555	2
1022.50280	512.25865	2	53.6168	2
1022.51050	512.26250	2	77.2100	2
1023.48735	512.75095	2	38.4548	2
1023.51465	512.76460	2	60.7535	2
1023.60665	512.81060	2	68.3639	2
1024.37335	513.19395	2	42.3485	2
1024.60350	513.30900	2	52.8393	1
1025.50335	513.75895	2	41.0686	2
1025.55155	513.78305	2	35.6298	2
1025.60280	513.80865	2	49.3935	2
1026.44515	514.22985	2	42.6206	2
1027.56600	514.79025	2	36.7070	2
1027.56630	514.79045	2	33.5695	2
1027.58090	514.79775	2	74.6180	2
1027.59070	514.80260	2	59.0245	1
1027.60180	514.80820	2	51.4929	1
1027.60250	514.80850	2	69.0209	3
1028.56100	515.28775	2	43.4516	2
1029.47660	515.74560	2	42.4054	2
1029.47740	515.74600	2	56.7997	2
1029.53920	515.77685	2	52.4619	2
1029.54075	515.77765	2	37.7150	2
1029.58255	515.79855	2	37.0471	2
1030.52965	516.27210	2	35.8444	2
1030.59120	516.30290	2	78.9114	2
1030.60635	516.31045	2	75.6320	2
1031.46315	516.73885	2	64.2631	2
1031.49060	516.75260	2	52.8072	1
1031.50310	516.75885	2	41.7827	2
1031.50835	516.76145	2	49.2711	2
1031.54585	516.78020	2	51.7955	2
1031.58620	516.80035	2	56.9353	2
1032.49890	517.25675	2	42.1500	2
1032.53425	517.27440	2	48.8642	2
1032.59695	517.30575	2	73.6050	2
1033.56680	517.79070	2	43.1678	2
1033.58105	517.79780	2	82.1539	2
1033.61720	517.81585	2	69.8357	2
1034.52165	518.26810	2	64.8994	2
1034.55050	518.28255	2	51.0986	2
1035.48770	518.75115	2	61.2619	2
1035.56090	518.78770	2	60.6106	2
1036.51905	519.26680	2	43.5803	2
1036.53235	519.27345	2	71.4144	2
1036.53740	519.27600	2	67.8029	2
1036.55540	519.28495	2	63.3983	2
1037.50835	519.76145	2	34.2475	2
1037.62400	519.81930	2	54.9076	2
1037.64950	519.83205	2	71.1002	2
1038.48055	520.24755	2	47.0907	2
1038.54755	520.28105	2	35.3114	2
1039.46510	520.73985	2	47.7613	2
1039.49745	520.75600	2	52.4793	2
1039.56620	520.79035	2	46.6696	2
1040.46950	521.24205	2	41.3960	2
1040.49620	521.25535	2	42.0880	2
1040.54975	521.28215	2	54.2817	2
1040.56890	521.29175	2	49.8869	2
1040.59765	521.30610	2	56.9135	2
1040.62330	521.31890	2	73.7954	2
1040.65960	521.33710	2	59.9466	2
1041.44010	521.72730	2	45.4362	1
1041.45370	521.73410	2	36.1206	1
1041.52890	521.77170	2	83.5026	1
1041.53325	521.77390	2	50.2020	2
1041.58090	521.79770	2	65.4040	1
1042.51475	522.26465	2	64.5068	2
1042.53015	522.27235	2	37.8954	2
1042.55575	522.28515	2	53.6708	2
1042.57655	522.29555	2	41.3413	2
1043.54350	522.77905	2	48.6742	2
1043.54960	522.78210	2	78.8792	2
1043.56155	522.78805	2	36.8652	2
1043.56360	522.78910	2	33.8200	2
1043.60300	522.80880	2	63.5588	2
1044.52005	523.26730	2	45.0277	2
1044.53845	523.27650	2	66.1943	2
1044.55630	523.28545	2	43.6737	2
1044.56020	523.28740	2	58.3849	2
1045.51070	523.76265	2	57.1861	2
1045.53810	523.77630	2	44.7557	3
1045.53975	523.77715	2	33.6090	2
1045.55920	523.78690	2	63.2853	2
1045.60175	523.80815	2	60.5760	2
1046.52265	524.26860	2	36.0998	2
1046.58890	524.30170	2	38.4999	1
1046.59710	524.30580	2	49.4276	2
1047.52685	524.77070	2	60.1025	2
1048.47920	525.24690	2	35.4821	2
1049.52525	525.76990	2	50.7482	2
1049.56140	525.78800	2	37.8063	3
1050.51005	526.26230	2	46.0910	2
1050.53430	526.27445	2	48.1332	2
1050.57015	526.29235	2	62.2196	2
1050.59710	526.30580	2	68.5515	2
1051.49375	526.75415	2	37.2965	2
1051.50980	526.76220	2	58.5504	1
1052.46400	527.23930	2	57.6158	1
1053.61775	527.81615	2	55.9974	2
1054.49660	528.25555	2	68.8003	2
1054.53475	528.27465	2	74.8321	2
1054.54100	528.27775	2	32.1544	2
1054.60090	528.30775	2	51.9103	2
1054.60295	528.30875	2	56.9725	2
1055.42355	528.71905	2	47.2960	2
1055.49235	528.75345	2	44.8159	2
1055.50690	528.76075	2	53.4862	2
1055.58600	528.80025	2	63.8036	2
1055.58605	528.80030	2	67.8124	2
1055.62290	528.81870	2	64.9831	1
1056.53240	529.27345	2	76.9659	2
1056.55995	529.28725	2	43.5060	2
1056.58180	529.29815	2	55.0506	2
1056.59310	529.30380	2	52.9028	2
1057.49915	529.75685	2	38.2700	2
1057.50730	529.76090	2	43.9495	1
1057.56520	529.78990	2	38.1998	1
1057.57640	529.79545	2	44.5402	2
1057.57645	529.79550	2	36.1950	2
1057.61780	529.81620	2	37.4613	1
1057.61805	529.81630	2	38.0133	2
1057.63850	529.82650	2	77.7095	2
1058.49250	530.25350	2	50.5166	2
1058.54415	530.27935	2	78.3505	2
1058.55775	530.28615	2	72.0135	2
1058.57245	530.29350	2	46.7898	2
1058.59540	530.30500	2	39.9182	2
1059.50965	530.76210	2	43.5932	2
1059.53975	530.77715	2	55.5499	2
1059.60100	530.80780	2	56.8301	2
1060.52350	531.26900	2	74.2617	2
1060.57390	531.29420	2	65.4686	1
1060.61715	531.31585	2	83.0338	2
1061.55035	531.78245	2	44.8190	2
1061.57645	531.79550	2	74.6390	2
1062.52415	532.26935	2	77.8013	2
1062.53500	532.27475	2	56.4483	2
1062.58260	532.29855	2	56.1570	2
1063.52890	532.77175	2	44.0426	2
1063.54130	532.77790	2	46.1191	2
1063.55500	532.78480	2	60.9239	1
1064.63460	533.32455	2	54.3096	2
1065.44770	533.73115	2	46.4404	2
1065.55300	533.78375	2	78.0261	2
1065.55340	533.78395	2	61.3490	2
1065.56150	533.78805	2	69.4632	2
1066.45700	534.23580	2	53.8115	2
1066.51795	534.26625	2	56.2764	2
1067.51300	534.76380	2	45.3903	2
1067.57240	534.79345	2	52.5724	2
1068.55000	535.28230	2	36.9481	2
1068.56055	535.28755	2	63.7678	2
1068.58045	535.29750	2	60.1963	2
1068.59200	535.30325	2	56.9164	2
1068.62060	535.31760	2	59.3361	1
1068.65390	535.33425	2	45.1472	2
1070.57020	536.29240	2	68.3763	1
1070.60825	536.31140	2	44.6680	2
1070.61830	536.31640	2	40.7473	1
1070.63275	536.32365	2	69.0025	2
1070.65820	536.33640	2	75.8535	2
1071.41645	536.71550	2	39.8193	2
1071.56470	536.78965	2	48.7722	2
1071.59230	536.80340	2	53.6667	3
1072.52925	537.27190	2	47.3567	2
1072.57435	537.29445	2	73.2444	2
1072.59640	537.30550	2	38.9759	2
1072.61310	537.31380	2	41.0149	2
1073.49930	537.75690	2	44.7583	2
1073.51765	537.76610	2	54.2154	2
1073.52430	537.76945	2	34.1395	2
1073.58715	537.80085	2	43.8115	2
1073.59080	537.80270	2	59.0075	2
1073.60780	537.81120	2	86.1593	2
1073.65860	537.83660	2	63.0170	2
1074.54570	538.28010	2	43.2473	2
1074.55480	538.28465	2	53.1644	2
1074.57140	538.29295	2	59.7144	2
1075.47860	538.74660	2	33.7234	1
1075.53330	538.77390	2	65.7248	1
1075.56020	538.78740	2	61.3197	1
1075.59190	538.80320	2	70.3568	2
1075.61330	538.81395	2	57.4625	2
1075.62790	538.82120	2	67.3427	2
1076.51430	539.26445	2	49.0136	2
1076.56030	539.28740	2	37.8222	1
1076.56110	539.28780	2	54.0508	2
1076.57255	539.29355	2	42.6326	2
1077.60420	539.80940	2	39.0521	1
1078.47525	540.24490	2	35.0463	2
1078.50400	540.25930	2	40.7941	2
1080.56640	541.29050	2	36.8578	1
1081.45710	541.73585	2	40.3485	2
1081.62440	541.81950	2	59.7274	2
1082.53240	542.27350	2	54.5544	2
1082.55535	542.28495	2	81.6967	2
1082.62485	542.31970	2	76.5139	2
1082.64480	542.32965	2	54.8748	2
1084.48610	543.25035	2	38.3900	2
1084.57040	543.29250	2	88.5286	3
1084.57320	543.29385	2	93.2779	2
1084.63915	543.32685	2	78.2649	2
1084.66020	543.33740	2	55.2299	1
1085.60945	543.81200	2	51.1507	2
1085.61340	543.81395	2	43.1999	2
1085.62380	543.81920	2	74.4873	2
1085.64485	543.82970	2	66.9831	2
1086.55530	544.28490	2	49.9673	5
1086.55535	544.28495	2	47.3773	2
1086.56575	544.29015	2	33.0653	2
1086.56750	544.29105	2	50.5695	2
1087.55115	544.78285	2	50.6859	2
1087.56100	544.78780	2	41.9566	1
1087.56370	544.78910	2	41.9335	1
1087.58730	544.80095	2	41.1850	2
1087.61290	544.81375	2	69.9544	2
1088.45975	545.23715	2	36.5969	2
1088.51140	545.26300	2	36.2732	1
1088.51220	545.26340	2	36.2476	1
1088.55400	545.28430	2	70.5787	2
1088.56080	545.28770	2	61.1656	1
1088.60820	545.31140	2	34.9527	2
1089.53165	545.77310	2	41.4412	2
1089.55735	545.78595	2	33.6729	2
1089.60195	545.80825	2	44.3061	2
1090.46810	546.24130	2	37.3779	2
1090.60230	546.30845	2	58.7029	2
1091.55755	546.78605	2	38.9975	2
1091.59900	546.80680	2	40.2463	1
1092.53855	547.27655	2	54.7932	2
1092.58090	547.29775	2	53.6017	2
1093.54100	547.77775	2	57.4976	2
1094.08005	548.04730	2	35.9173	4
1094.55225	548.28340	2	67.6508	2
1094.55585	548.28520	2	77.0592	2
1094.56590	548.29025	2	47.2983	2
1095.46635	548.74045	2	52.5315	2
1095.55620	548.78540	2	54.0810	1
1095.58140	548.79800	2	55.2598	1
1096.49755	549.25605	2	60.1629	2
1096.51905	549.26680	2	47.8168	2
1096.56340	549.28900	2	41.6317	2
1097.60855	549.81155	2	56.0561	2
1097.62150	549.81800	2	36.3569	1
1098.52775	550.27115	2	60.9964	2
1098.53480	550.27470	2	44.5502	2
1098.57940	550.29695	2	35.2633	2
1098.58295	550.29875	2	49.5780	2
1099.49315	550.75385	2	59.8790	2
1099.56315	550.78885	2	41.4515	2
1099.61570	550.81515	2	51.5878	2
1100.46110	551.23785	2	65.8822	2
1100.55750	551.28600	2	32.9751	2
1100.57160	551.29310	2	70.7692	2
1101.55670	551.78565	2	70.0215	2
1101.60320	551.80885	2	37.3208	2
1101.61700	551.81580	2	58.4114	1
1101.65140	551.83300	2	52.4790	2
1102.57790	552.29620	2	63.7756	2
1102.58700	552.30080	2	35.6508	2
1103.47405	552.74430	2	34.0505	2
1103.56150	552.78800	2	39.0053	2
1103.58275	552.79865	2	49.9774	2
1103.63875	552.82665	2	83.7628	2
1104.50860	553.26155	2	52.3357	2
1104.52035	553.26745	2	44.3605	2
1104.53210	553.27330	2	43.9094	1
1104.54690	553.28070	2	43.5423	3
1104.54775	553.28115	2	45.9353	2
1104.56410	553.28935	2	47.8488	2
1104.56620	553.29035	2	32.7967	2
1104.59300	553.30375	2	59.4971	2
1104.62595	553.32025	2	86.9992	2
1105.52965	553.77210	2	62.4632	2
1105.57645	553.79550	2	64.3554	2
1106.53960	554.27705	2	47.0343	2
1106.58635	554.30045	2	82.1957	2
1106.60965	554.31210	2	81.5029	2
1107.53760	554.77610	2	60.8029	2
1107.54390	554.77925	2	53.8758	2
1107.54900	554.78180	2	65.3180	2
1107.55445	554.78450	2	36.6507	2
1107.57520	554.79490	2	91.8954	1
1107.57700	554.79580	2	93.9989	15
1107.59230	554.80345	2	44.0769	2
1108.57100	555.29275	2	77.5379	2
1108.92035	555.46745	2	36.9018	4
1109.50260	555.75855	2	74.6180	2
1109.53350	555.77400	2	78.0734	2
1109.53960	555.77710	2	46.6154	2
1109.54710	555.78085	2	89.4125	2
1109.58620	555.80040	2	58.0650	2
1109.61275	555.81365	2	70.6080	2
1109.68060	555.84755	2	77.9571	2
1110.46600	556.24025	2	41.6317	2
1110.51980	556.26720	2	59.8580	1
1110.59060	556.30260	2	82.4329	2
1110.66510	556.33980	2	73.6317	2
1111.56970	556.79210	2	33.2571	1
1111.66360	556.83910	2	57.6459	1
1114.55620	558.28540	2	77.3909	2
1114.56330	558.28895	2	69.3097	6
1114.56705	558.29080	2	63.9591	2
1114.62365	558.31910	2	61.5893	2
1114.63435	558.32445	2	52.4912	2
1115.51365	558.76410	2	46.5766	2
1115.54470	558.77960	2	45.3691	2
1115.55660	558.78560	2	34.1754	2
1115.58130	558.79790	2	41.3834	2
1115.58425	558.79940	2	53.3004	2
1115.60140	558.80800	2	55.4844	2
1116.50240	559.25850	2	43.2715	1
1116.50310	559.25880	2	46.7742	2
1116.54060	559.27760	2	33.2104	1
1116.56535	559.28995	2	53.8462	2
1116.58225	559.29840	2	71.8819	2
1116.61320	559.31385	2	34.4631	2
1116.65275	559.33365	2	82.3724	2
1117.52745	559.77100	2	38.7675	2
1117.54325	559.77890	2	41.8804	2
1117.56130	559.78795	2	50.3280	2
1117.58600	559.80030	2	73.8555	1
1117.60565	559.81010	2	70.3200	2
1118.01725	560.01590	2	45.8261	4
1118.48420	560.24940	2	32.2194	2
1118.54850	560.28150	2	75.4391	2
1118.63390	560.32420	2	56.3625	2
1119.54200	560.77830	2	68.7088	2
1119.58350	560.79900	2	62.0245	2
1119.59510	560.80480	2	66.8559	2
1119.67105	560.84280	2	81.8626	2
1120.05855	561.03655	2	56.9775	4
1120.57645	561.29550	2	59.9343	2
1121.46645	561.74050	2	41.3077	2
1121.53500	561.77480	2	68.1099	2
1121.57190	561.79320	2	65.6268	1
1121.57190	561.79320	2	41.8345	2
1121.61175	561.81315	2	46.8973	2
1122.51040	562.26250	2	59.1242	1
1123.47815	562.74635	2	45.6441	2
1123.57050	562.79250	2	56.7994	2
1123.58135	562.79795	2	53.1020	2
1124.61945	563.31700	2	68.7370	2
1124.63100	563.32280	2	37.9357	6
1124.68150	563.34805	2	79.7680	2
1125.51180	563.76320	2	34.2994	1
1125.57200	563.79330	2	42.5169	2
1125.63970	563.82715	2	60.4323	2
1126.49600	564.25530	2	53.9266	1
1126.59680	564.30570	2	50.9597	2
1127.15810	564.58635	2	81.3583	4
1127.47440	564.74445	2	68.4553	2
1127.52085	564.76770	2	37.8877	2
1127.53915	564.77685	2	43.9983	2
1127.56130	564.78790	2	76.8990	1
1127.56510	564.78985	2	41.9164	2
1127.61265	564.81360	2	61.4393	2
1127.65810	564.83630	2	89.9104	13
1128.55740	565.28600	2	53.4198	1
1128.56585	565.29020	2	41.3595	2
1128.57845	565.29650	2	42.2147	2
1128.61430	565.31440	2	85.8955	1
1128.63885	565.32670	2	59.2471	2
1129.58060	565.79760	2	55.1993	2
1129.63360	565.82405	2	34.3686	2
1129.63485	565.82470	2	39.1831	2
1129.67125	565.84290	2	69.4698	2
1130.55910	566.28680	2	46.7846	2
1131.57775	566.79615	2	33.6038	2
1131.62975	566.82215	2	69.8687	2
1131.65420	566.83440	2	81.0434	2
1132.53830	567.27640	2	31.9509	1
1132.54720	567.28090	2	32.1476	1
1132.55520	567.28490	2	56.3828	1
1132.58960	567.30210	2	61.3815	2
1133.53520	567.77490	2	34.3369	1
1133.55530	567.78490	2	95.1523	6
1133.57180	567.79315	2	71.7277	2
1133.57215	567.79335	2	55.5068	2
1133.57505	567.79480	2	65.6325	2
1133.60865	567.81160	2	61.8087	2
1133.64440	567.82950	2	67.5463	1
1134.52680	568.27070	2	45.8872	2
1134.53440	568.27450	2	43.3953	2
1134.55060	568.28255	2	34.5110	2
1134.57750	568.29605	2	45.6959	2
1134.59240	568.30350	2	47.2290	1
1135.59890	568.80675	2	46.6642	2
1136.53725	569.27590	2	52.8155	2
1136.55800	569.28630	2	58.3091	1
1136.57170	569.29310	2	57.1931	2
1136.57180	569.29315	2	60.4026	2
1137.46180	569.73820	2	32.3825	2
1137.56495	569.78975	2	81.9952	2
1137.57875	569.79665	2	54.7356	2
1138.56530	570.28995	2	61.8009	2
1138.58650	570.30050	2	33.8723	1
1139.54635	570.78045	2	54.0219	2
1139.56155	570.78805	2	66.0291	2
1139.62980	570.82220	2	39.0294	2
1139.65495	570.83475	2	61.0531	2
1141.55655	571.78555	2	71.1660	2
1141.56730	571.79095	2	62.1059	2
1141.59810	571.80630	2	31.6502	2
1141.61070	571.81260	2	58.9245	2
1142.03265	572.02360	2	64.4620	4
1142.48910	572.25185	2	44.7927	2
1142.55660	572.28560	2	89.7962	2
1142.55850	572.28650	2	51.1612	2
1142.61850	572.31650	2	54.4488	1
1142.62970	572.32210	2	33.1547	2
1142.63020	572.32240	2	51.8749	1
1143.50830	572.76145	2	55.2623	2
1143.57180	572.79315	2	64.9334	2
1143.58815	572.80135	2	33.7561	2
1143.68910	572.85185	2	86.1312	2
1144.58860	573.30155	2	48.9321	2
1144.59680	573.30570	2	59.7067	1
1144.60935	573.31195	2	37.5529	2
1144.62920	573.32190	2	42.1136	1
1144.63570	573.32515	2	56.6806	2
1144.68100	573.34780	2	45.4522	1
1145.08425	573.54940	2	56.8878	4
1145.57605	573.79530	2	46.5001	2
1145.62980	573.82220	2	36.0789	1
1145.67000	573.84230	2	70.1346	1
1145.67070	573.84260	2	70.1523	1
1146.57565	574.29510	2	45.0881	2
1146.58530	574.29990	2	72.0402	2
1146.61330	574.31395	2	52.2839	2
1147.55050	574.78250	2	61.7020	1
1147.55355	574.78405	2	48.3417	2
1147.55515	574.78485	2	42.9079	2
1147.57865	574.79660	2	64.5338	2
1147.58835	574.80145	2	54.2717	2
1147.63805	574.82630	2	87.1942	2
1148.51730	575.26590	2	33.5585	1
1148.54710	575.28080	2	52.5926	2
1148.56555	575.29005	2	65.6705	2
1148.56985	575.29220	2	79.4131	2
1148.60845	575.31150	2	57.6504	2
1148.60895	575.31175	2	61.9865	2
1149.56700	575.79080	2	67.4510	2
1149.56790	575.79125	2	57.1690	2
1149.62560	575.82010	2	41.2985	1
1150.05645	576.03550	2	58.4724	4
1150.58675	576.30065	2	54.8092	2
1150.58875	576.30165	2	47.7042	2
1150.62390	576.31920	2	59.8059	1
1151.49285	576.75370	2	51.6104	2
1151.59730	576.80590	2	40.3632	1
1151.60885	576.81170	2	73.3034	2
1151.65325	576.83390	2	68.2989	2
1151.72830	576.87140	2	75.2887	2
1152.52160	577.26805	2	77.0262	2
1152.53030	577.27245	2	53.3628	2
1152.54275	577.27865	2	91.1369	2
1152.54960	577.28210	2	60.3218	2
1152.55265	577.28360	2	36.4991	2
1152.58630	577.30045	2	57.8376	2
1154.57140	578.29300	2	62.9166	1
1154.62220	578.31840	2	58.9849	2
1154.63010	578.32235	2	44.5117	2
1155.55670	578.78560	2	67.8947	2
1155.56230	578.78845	2	34.2580	2
1155.58120	578.79790	2	87.6777	2
1155.61365	578.81410	2	50.8393	2
1155.62610	578.82030	2	51.7301	2
1155.64995	578.83225	2	48.7078	2
1156.51855	579.26655	2	55.3901	2
1156.51915	579.26685	2	44.4563	2
1156.59220	579.30340	2	84.7521	2
1156.60340	579.30900	2	66.3771	2
1157.56380	579.78920	2	49.0462	2
1157.57695	579.79575	2	75.0015	2
1157.59205	579.80330	2	58.1513	2
1157.59490	579.80470	2	52.0870	2
1157.63510	579.82480	2	52.9337	2
1158.59910	580.30685	2	41.7434	2
1158.62480	580.31970	2	47.2723	2
1159.57020	580.79240	2	63.2072	1
1159.57210	580.79330	2	64.1019	2
1159.57405	580.79430	2	33.6652	2
1159.58260	580.79860	2	45.2108	2
1159.59485	580.80470	2	40.8133	2
1159.62055	580.81755	2	39.6750	2
1159.63910	580.82685	2	79.6381	2
1159.68120	580.84790	2	49.2112	2
1160.56470	581.28960	2	37.0243	3
1160.58530	581.29990	2	66.5873	2
1160.58730	581.30090	2	49.3046	2
1160.59310	581.30380	2	72.7648	2
1160.59780	581.30620	2	54.0608	2
1160.59900	581.30680	2	67.3666	1
1160.61425	581.31440	2	36.0936	2
1161.52730	581.77090	2	34.6956	2
1161.60000	581.80730	2	45.5017	3
1161.60035	581.80745	2	53.4236	2
1161.60675	581.81065	2	72.6003	2
1161.61500	581.81480	2	53.2411	2
1161.66130	581.83790	2	101.6825	3
1162.57010	582.29230	2	53.0980	1
1162.59810	582.30630	2	71.4378	2
1162.69340	582.35400	2	88.1236	1
1163.57635	582.79545	2	65.3861	2
1163.58145	582.79800	2	58.4589	2
1163.60885	582.81170	2	67.1644	2
1164.60300	583.30880	2	54.7586	2
1164.72405	583.36930	2	70.1667	2
1165.46090	583.73775	2	34.8117	2
1165.57780	583.79620	2	94.7666	10
1165.59815	583.80635	2	46.2690	2
1165.63420	583.82440	2	64.2382	2
1166.54165	584.27810	2	46.4403	2
1167.59220	584.80335	2	75.7009	2
1167.61735	584.81595	2	84.3941	2
1168.63220	585.32340	2	77.6630	2
1168.64535	585.32995	2	49.0971	2
1168.68085	585.34770	2	58.2646	2
1168.68195	585.34825	2	69.5775	2
1168.74365	585.37910	2	79.0192	2
1169.57115	585.79285	2	54.1806	2
1170.52040	586.26745	2	50.2641	2
1170.57665	586.29560	2	45.8550	2
1170.62950	586.32205	2	46.9153	2
1170.65930	586.33695	2	66.6189	2
1170.66030	586.33745	2	70.2823	2
1171.57690	586.79575	2	65.1408	2
1171.62030	586.81745	2	49.9721	2
1171.62240	586.81850	2	35.4353	3
1171.62420	586.81935	2	55.9082	2
1171.70040	586.85745	2	54.6041	2
1172.59680	587.30570	2	65.5704	1
1172.61565	587.31510	2	40.1100	2
1172.62150	587.31800	2	90.1326	7
1172.62960	587.32210	2	73.4695	2
1172.62995	587.32225	2	65.8751	2
1172.64050	587.32750	2	70.7354	2
1173.58840	587.80145	2	46.1511	2
1173.61385	587.81420	2	84.8684	2
1173.62415	587.81935	2	67.2935	2
1174.06655	588.04055	2	33.4198	4
1174.51095	588.26275	2	43.1164	2
1174.54855	588.28155	2	31.8633	2
1174.56140	588.28795	2	54.0298	2
1174.60855	588.31155	2	40.5001	2
1175.53640	588.77550	2	43.9546	1
1175.57190	588.79320	2	60.4858	2
1175.61955	588.81705	2	41.2496	2
1175.65540	588.83500	2	58.8978	2
1176.58135	589.29795	2	52.7265	2
1177.63440	589.82450	2	54.9004	1
1177.63470	589.82465	2	66.0387	2
1177.66185	589.83820	2	84.1375	2
1177.66400	589.83925	2	89.5680	2
1178.46190	590.23820	2	67.7064	1
1178.51740	590.26600	2	37.8578	2
1180.52285	591.26870	2	62.2481	2
1180.59685	591.30570	2	64.4959	2
1180.70650	591.36050	2	85.0937	2
1181.65220	591.83335	2	54.6320	2
1182.54215	592.27835	2	74.5163	2
1182.60470	592.30960	2	71.0171	2
1182.62880	592.32165	2	72.0346	2
1182.66465	592.33960	2	58.1805	2
1182.68025	592.34740	2	78.1430	2
1184.58575	593.30015	2	60.9580	2
1184.60470	593.30965	2	49.8555	2
1184.61910	593.31680	2	75.7547	2
1184.67640	593.34545	2	69.9012	2
1185.57410	593.79430	2	85.6470	2
1185.64150	593.82805	2	78.7640	2
1185.65015	593.83235	2	63.8408	2
1186.54350	594.27905	2	44.9369	2
1186.65690	594.33570	2	46.6722	2
1187.58950	594.80205	2	49.2162	2
1187.59610	594.80530	2	65.1764	2
1187.62315	594.81885	2	76.9430	2
1187.69580	594.85520	2	84.9275	1
1187.70240	594.85850	2	79.9979	2
1187.70255	594.85855	2	87.4206	2
1188.54410	595.27930	2	51.2967	1
1188.58955	595.30205	2	41.7677	2
1188.59755	595.30605	2	45.6441	2
1188.61675	595.31565	2	50.0674	2
1188.67710	595.34580	2	60.7090	1
1189.54135	595.77795	2	78.1704	2
1189.63685	595.82570	2	51.8520	2
1189.64640	595.83050	2	69.5577	2
1189.67170	595.84315	2	73.8303	2
1190.56085	596.28770	2	54.9914	2
1190.58960	596.30210	2	33.4526	1
1190.60070	596.30765	2	63.9541	2
1191.55260	596.78360	2	41.0407	1
1191.61300	596.81375	2	57.3758	2
1191.66460	596.83960	2	81.7876	2
1192.52840	597.27145	2	46.0303	2
1192.61615	597.31535	2	66.2258	2
1192.66155	597.33805	2	86.4168	2
1193.61685	597.81570	2	37.8828	2
1193.63310	597.82385	2	67.4457	2
1193.66870	597.84165	2	89.3484	2
1194.51245	598.26350	2	30.2445	2
1194.61540	598.31500	2	67.0038	1
1195.61000	598.81230	2	60.2446	1
1196.55025	599.28240	2	44.8472	2
1196.57245	599.29350	2	34.6244	2
1196.65010	599.33235	2	48.4933	2
1197.54580	599.78015	2	77.4740	2
1197.57070	599.79265	2	52.0766	2
1197.57485	400.19885	3	34.7334	2
1197.62520	599.81990	2	59.6811	1
1197.66640	599.84050	2	73.8607	1
1197.69765	599.85610	2	74.7483	2
1198.61905	400.54695	3	51.8208	2
1198.65540	400.55905	3	39.9671	2
1198.65680	600.33570	2	40.0330	2
1199.54580	600.78020	2	49.0984	1
1199.54635	600.78045	2	54.6582	2
1199.71300	600.86380	2	77.8563	1
1200.61710	401.21300	3	41.4957	1
1200.62395	601.31925	2	58.8371	2
1200.62500	601.31980	2	41.4170	2
1200.64540	601.32995	2	51.8759	2
1200.65160	601.33310	2	79.1568	2
1201.09050	601.55250	2	42.2700	4
1201.62000	601.81725	2	74.4213	2
1201.63010	601.82230	2	35.9686	2
1201.63065	401.55085	3	35.5033	2
1201.66755	601.84105	2	46.0032	2
1202.58940	602.30195	2	39.6537	2
1202.60485	602.30970	2	48.0267	2
1202.60490	401.87555	3	47.9561	2
1202.64105	401.88765	3	38.5174	2
1202.64250	602.32855	2	38.4547	2
1202.64985	602.33220	2	64.4959	2
1203.59845	602.80650	2	40.8768	2
1203.61580	602.81520	2	92.7589	10
1203.67250	602.84355	2	51.3599	2
1204.48230	603.24845	2	41.6865	2
1204.58335	603.29895	2	52.4263	2
1204.60845	603.31150	2	56.7403	2
1204.61150	603.31300	2	92.2073	1
1204.65605	402.55925	3	47.5156	2
1204.65700	603.33575	2	47.5204	2
1205.56550	402.86245	3	59.1670	2
1205.59205	402.87130	3	58.9575	2
1205.62830	603.82140	2	56.1600	1
1205.64035	603.82745	2	54.2134	2
1205.71310	402.91160	3	64.6786	2
1205.71385	603.86420	2	64.7145	2
1206.59610	604.30530	2	60.7143	1
1206.60670	604.31065	2	72.3222	2
1206.62535	604.31995	2	64.0807	2
1207.57370	604.79415	2	62.2858	2
1207.62115	604.81785	2	55.0301	2
1207.62410	604.81930	2	72.0132	2
1207.66030	604.83740	2	87.8715	1
1207.67450	604.84455	2	83.7911	2
1207.76600	604.89025	2	80.2879	2
1208.59400	605.30430	2	82.2261	2
1208.60470	605.30965	2	68.0266	2
1209.58825	605.80140	2	47.6664	2
1210.56070	606.28760	2	46.2517	1
1210.56090	606.28770	2	46.2861	1
1210.59900	606.30680	2	62.7967	2
1210.63160	404.55110	3	37.3405	1
1210.74035	606.37745	2	70.3793	2
1211.59920	606.80690	2	61.9814	1
1211.61855	606.81655	2	77.5378	2
1211.62445	404.88210	3	34.7540	2
1211.65035	606.83245	2	48.0753	2
1211.65070	404.89085	3	48.0448	2
1212.50265	607.25860	2	37.4355	2
1212.54150	607.27800	2	56.5214	1
1213.64505	405.55560	3	53.3656	2
1213.66635	607.84045	2	47.8777	2
1213.67070	405.56420	3	81.3219	1
1214.51170	405.84450	3	72.8116	1
1214.59805	608.30630	2	63.1670	2
1214.70250	608.35850	2	62.7456	2
1215.59400	406.20530	3	37.4859	1
1215.59830	608.80645	2	49.9099	2
1215.64680	608.83065	2	60.0190	2
1215.65155	608.83305	2	82.2832	2
1215.68205	608.84830	2	34.0227	2
1215.68235	406.23470	3	33.9794	2
1216.57615	609.29535	2	48.5897	2
1216.57700	609.29580	2	38.7376	2
1216.62350	609.31900	2	54.9663	2
1216.65750	609.33605	2	69.4407	2
1217.56285	609.78870	2	69.7659	2
1217.60910	609.81180	2	57.3210	2
1217.63720	609.82590	2	101.9186	1
1217.67705	406.89965	3	67.8997	2
1218.62930	610.32190	2	58.6540	1
1218.66515	610.33985	2	82.6867	2
1219.61500	610.81480	2	49.2811	3
1219.62120	610.81790	2	69.6972	1
1219.71840	610.86650	2	86.1321	2
1220.64070	611.32760	2	48.8464	3
1220.64075	611.32765	2	77.7445	2
1221.59825	611.80640	2	58.6914	2
1221.60950	408.21045	3	30.5217	2
1221.63550	611.82505	2	56.3092	2
1222.61870	612.31660	2	56.2532	1
1223.54240	612.77845	2	46.2069	2
1223.62630	612.82040	2	35.2330	2
1223.65060	408.89080	3	47.4264	1
1223.71395	612.86425	2	88.8113	20
1224.62415	613.31935	2	68.1408	2
1224.62885	613.32170	2	53.6815	2
1224.65670	613.33565	2	36.3855	2
1224.65740	409.22640	3	36.1923	2
1224.68410	613.34935	2	42.8849	2
1225.59810	613.80635	2	62.7329	2
1225.67190	613.84325	2	68.8903	2
1226.70005	614.35730	2	58.9574	2
1226.70710	614.36080	2	80.8637	2
1227.65660	614.83560	2	58.6795	1
1227.66110	614.83780	2	69.9043	3
1227.67180	614.84320	2	67.8325	2
1227.68165	614.84810	2	64.3236	2
1228.68765	615.35110	2	63.5045	2
1228.73975	615.37715	2	82.0632	2
1229.55700	615.78580	2	41.1847	2
1229.61170	615.81310	2	78.3586	2
1229.62005	615.81730	2	49.3959	2
1229.65070	615.83265	2	47.2068	2
1229.65100	410.89095	3	47.1461	2
1229.69930	615.85690	2	39.8774	1
1229.73870	410.92015	3	58.7545	2
1230.55880	411.19350	3	32.5110	1
1230.58330	616.29890	2	41.3267	2
1230.58705	411.20295	3	34.5386	2
1230.58890	616.30170	2	59.7769	2
1230.62115	616.31785	2	48.4626	2
1230.64005	616.32730	2	78.4403	2
1230.65620	616.33540	2	41.0737	2
1230.66290	616.33875	2	82.1028	2
1231.58625	616.80040	2	51.9421	2
1231.58760	616.80105	2	35.9059	2
1231.62435	616.81945	2	54.8495	2
1231.65660	616.83555	2	60.3707	2
1231.66080	616.83770	2	56.6192	1
1231.69205	411.57130	3	57.6508	2
1231.69260	616.85360	2	57.7362	1
1232.57225	617.29340	2	33.2180	2
1232.60785	617.31120	2	45.7169	2
1233.60240	412.20810	3	79.6104	2
1233.60820	617.81140	2	50.1001	2
1233.62190	617.81825	2	43.6087	2
1233.66075	617.83765	2	56.9911	2
1234.56935	412.53035	3	40.1719	2
1234.59875	618.30665	2	34.7311	2
1234.60970	412.54380	3	55.8114	2
1234.65320	618.33390	2	63.9046	1
1235.60620	412.87600	3	39.3938	2
1235.60695	618.81075	2	39.3884	2
1235.61360	618.81410	2	60.0728	1
1235.64960	618.83205	2	48.7203	2
1235.65060	412.89080	3	48.6479	2
1235.66740	618.84100	2	57.8835	2
1235.67020	412.89730	3	57.8386	1
1235.69920	412.90700	3	52.6845	1
1236.56320	619.28885	2	47.9924	2
1237.61405	413.54530	3	44.6630	2
1237.63475	413.55220	3	37.3156	2
1237.63545	619.82500	2	37.4080	2
1237.64720	619.83085	2	63.7419	2
1237.73950	413.58710	3	67.6125	1
1237.74000	619.87730	2	91.5156	7
1238.66250	620.33850	2	52.5337	1
1239.59180	620.80315	2	58.4505	2
1239.59535	414.20570	3	35.1674	2
1239.62050	620.81750	2	62.1780	1
1239.66860	620.84160	2	47.3937	3
1239.68425	620.84940	2	74.8610	2
1239.71920	620.86690	2	73.6672	2
1240.58775	414.53650	3	35.7812	2
1240.58985	621.30220	2	66.1587	2
1240.67960	621.34705	2	75.2117	2
1240.70445	621.35950	2	90.3661	2
1241.59190	621.80320	2	70.7922	1
1241.60820	621.81140	2	42.5104	1
1241.66420	621.83940	2	61.7666	1
1241.77495	621.89475	2	76.9726	2
1241.77530	414.93240	3	76.8812	2
1242.56550	622.29005	2	57.4046	2
1242.63685	415.21955	3	43.6641	2
1242.63725	622.32590	2	43.7001	2
1244.54205	623.27830	2	52.1163	2
1244.56720	623.29085	2	46.1430	2
1244.63385	623.32420	2	65.9126	2
1244.67240	415.89810	3	36.2027	2
1244.68840	415.90340	3	46.7419	1
1245.62100	416.21425	3	46.8362	2
1245.62115	623.81785	2	46.8942	2
1245.65105	623.83280	2	81.2324	2
1245.65890	623.83670	2	42.8024	2
1245.67240	416.23140	3	54.3342	2
1245.67560	623.84510	2	41.8241	2
1246.65025	416.55735	3	66.5705	2
1246.69275	624.35365	2	71.9235	2
1247.57920	624.79685	2	45.4308	2
1247.60470	624.80960	2	69.3684	1
1248.61680	625.31570	2	87.4446	1
1248.61920	625.31690	2	57.5341	2
1248.66320	625.33890	2	78.2278	1
1248.67175	625.34315	2	60.5756	2
1248.67405	625.34430	2	62.8704	2
1249.59255	625.80355	2	49.4633	2
1249.62985	625.82220	2	56.8795	2
1249.65360	625.83405	2	63.5517	2
1249.65480	417.55890	3	82.4965	1
1249.65560	625.83510	2	82.3148	2
1250.61470	626.31460	2	67.2015	1
1250.72720	626.37090	2	87.1375	2
1250.76070	626.38760	2	71.6531	1
1251.66155	626.83805	2	74.2856	2
1252.73955	627.37705	2	78.5334	2
1252.75090	418.59090	3	65.3475	1
1253.55980	627.78715	2	65.9463	2
1253.63020	418.88400	3	31.7103	2
1254.58940	628.30200	2	67.9812	1
1254.59910	628.30685	2	79.6077	2
1254.72870	628.37165	2	68.8519	2
1254.72985	628.37220	2	39.5638	2
1254.73000	419.25060	3	39.5194	3
1254.73300	419.25160	3	51.5346	2
1255.58435	628.79945	2	42.4883	2
1255.62795	628.82125	2	69.4980	2
1255.65630	419.55935	3	52.9390	2
1255.65660	628.83560	2	53.0118	1
1255.66870	628.84165	2	73.2761	2
1255.67750	628.84600	2	50.3177	2
1255.70095	628.85775	2	68.6714	2
1255.71285	419.57820	3	64.5934	2
1255.71295	628.86375	2	64.6573	2
1256.60475	629.30965	2	58.3349	2
1256.61185	629.31320	2	49.6443	2
1256.61325	629.31390	2	88.7136	2
1256.67750	629.34600	2	94.6331	13
1256.69740	419.90640	3	46.5239	2
1256.69820	629.35635	2	46.4924	2
1256.70470	629.35960	2	96.0905	2
1257.64710	629.83080	2	41.4808	2
1257.70275	629.85865	2	87.7276	2
1258.59895	630.30675	2	80.4259	2
1258.67645	630.34550	2	66.7076	2
1258.68875	630.35165	2	51.6791	2
1258.76250	630.38855	2	86.1982	2
1259.63370	630.82410	2	74.5408	2
1259.63515	630.82485	2	57.5602	2
1259.66090	630.83770	2	58.1418	2
1260.57685	631.29570	2	35.2796	2
1260.58820	631.30135	2	41.6486	2
1260.62890	421.21690	3	59.8269	1
1260.67150	631.34300	2	56.4814	2
1261.57875	631.79665	2	50.2384	2
1261.62215	421.54800	3	39.4534	2
1261.67040	421.56410	3	36.9684	1
1261.74405	631.87930	2	94.4804	2
1263.61975	422.21385	3	32.3896	2
1263.62030	632.81745	2	32.3621	2
1263.62840	632.82150	2	56.0286	2
1263.66150	422.22780	3	53.7790	1
1263.67235	632.84345	2	87.9996	2
1263.68350	632.84900	2	66.1889	2
1264.64950	422.55710	3	60.3631	1
1264.77670	633.39560	2	92.2899	2
1265.58825	633.80140	2	41.5106	2
1265.68900	633.85180	2	50.7247	2
1266.56210	634.28830	2	45.1369	1
1266.62105	423.21430	3	36.9203	2
1266.62160	634.31810	2	36.9737	1
1266.62765	634.32110	2	70.4783	2
1266.63950	634.32700	2	85.5717	1
1267.56670	423.52950	3	34.1338	1
1267.64865	634.83160	2	81.3277	2
1267.68955	634.85205	2	48.8088	2
1268.61455	423.87880	3	52.4342	2
1268.66205	635.33830	2	49.9974	2
1268.66300	423.89490	3	49.9287	3
1268.69835	635.35645	2	69.0987	2
1269.62460	635.81960	2	79.6824	2
1269.62790	635.82125	2	62.8932	2
1269.65750	424.22640	3	45.8173	2
1269.65815	635.83635	2	45.8470	2
1269.70470	635.85960	2	62.2551	2
1269.72995	635.87225	2	77.4119	2
1270.65310	636.33385	2	42.6602	2
1270.70045	424.57405	3	61.3554	2
1270.72770	636.37110	2	91.1642	2
1271.56570	424.86250	3	76.7220	1
1271.61920	636.81685	2	55.0035	2
1271.68745	424.90310	3	59.4386	2
1271.69175	636.85315	2	63.4718	2
1271.76165	636.88810	2	81.1630	2
1272.60060	425.20750	3	56.5578	1
1272.69300	637.35375	2	63.9838	2
1273.63460	637.82460	2	72.9207	1
1273.65580	637.83520	2	65.8173	2
1273.66965	637.84210	2	64.3548	2
1273.67850	637.84650	2	85.4640	3
1273.72225	637.86840	2	69.5474	2
1274.62925	425.88370	3	45.0275	2
1274.64450	638.32955	2	83.9419	2
1274.65140	638.33295	2	76.2674	2
1274.66325	638.33890	2	68.4031	2
1274.76050	638.38755	2	78.0871	2
1275.54175	638.77815	2	44.3864	2
1275.57270	638.79360	2	60.2013	2
1275.60400	638.80930	2	79.0999	2
1275.69385	426.23855	3	62.0169	2
1276.63395	639.32425	2	76.5791	2
1276.64720	639.33085	2	89.0151	2
1276.66680	639.34070	2	57.5958	2
1276.67345	639.34400	2	85.1551	2
1276.70195	639.35825	2	71.3418	2
1276.70330	639.35890	2	77.6024	2
1277.67405	639.84430	2	68.1128	2
1277.68770	639.85110	2	75.1479	2
1278.12635	640.07045	2	61.7262	4
1278.65055	640.33255	2	84.0711	2
1278.68260	427.23480	3	41.7190	2
1279.62550	640.82000	2	62.9948	1
1279.69555	427.57245	3	53.3083	2
1279.75095	640.88275	2	74.1293	2
1280.57900	641.29675	2	80.3680	2
1280.74480	641.37970	2	87.1703	2
1281.55865	641.78660	2	38.8300	2
1281.60755	428.20975	3	35.4570	2
1281.61025	641.81240	2	35.2425	2
1282.57715	642.29585	2	71.0000	2
1282.58550	642.30005	2	60.9888	2
1283.61540	642.81500	2	69.9850	2
1283.65145	642.83300	2	64.8680	2
1283.66010	642.83735	2	84.7439	2
1283.70680	428.90950	3	43.3508	1
1283.70935	642.86195	2	43.3418	2
1284.61430	429.21200	3	39.3389	2
1284.62620	643.32035	2	90.2598	2
1284.69355	643.35405	2	77.0917	2
1284.70405	643.35930	2	68.4205	2
1284.70430	429.24205	3	42.0230	2
1284.72870	643.37165	2	82.8743	2
1285.66290	643.83870	2	42.5707	2
1286.64555	429.88910	3	67.9808	2
1286.68410	644.34935	2	84.4602	2
1286.69950	644.35700	2	67.6275	3
1286.78520	644.39985	2	85.4159	2
1287.62905	644.82180	2	84.0072	2
1287.66690	644.84070	2	44.6623	1
1287.68330	644.84890	2	72.9627	2
1288.59345	645.30400	2	43.8911	2
1288.60690	645.31075	2	63.2125	2
1288.66270	645.33865	2	45.3040	2
1288.68310	645.34885	2	50.5762	2
1288.68555	645.35005	2	66.5627	2
1288.72260	645.36860	2	83.2838	2
1288.74085	645.37770	2	74.9884	2
1289.58925	645.80190	2	35.5301	2
1289.59340	430.87175	3	35.4890	2
1289.62775	645.82115	2	79.5815	4
1289.62900	645.82180	2	88.3963	3
1289.64705	645.83080	2	48.9590	2
1290.54485	431.18885	3	31.6776	2
1290.54560	646.28005	2	31.7156	2
1290.56920	646.29190	2	38.7708	2
1290.65760	646.33605	2	54.3415	2
1291.53625	646.77540	2	37.6497	2
1291.57960	646.79705	2	44.1334	2
1291.60535	646.80995	2	50.6988	2
1291.66715	646.84085	2	59.5922	2
1292.66140	431.89440	3	61.4343	3
1293.62475	647.81965	2	54.9982	2
1294.62245	648.31850	2	67.7430	2
1294.73315	648.37385	2	82.1282	2
1294.79805	432.60660	3	66.9829	2
1295.74505	648.87980	2	64.1675	2
1295.75700	432.92630	3	59.6757	1
1296.68275	649.34865	2	59.2144	2
1296.70330	649.35890	2	68.4893	2
1297.23300	649.62380	2	44.7224	4
1297.68920	433.57030	3	62.4859	1
1297.73030	433.58400	3	43.9899	2
1297.73655	649.87555	2	64.9580	2
1297.76105	433.59430	3	62.8376	2
1298.59415	433.87200	3	37.2212	2
1298.59440	650.30450	2	37.2287	2
1298.61030	433.87735	3	37.1076	2
1298.69380	650.35415	2	47.5257	2
1298.74530	650.37990	2	91.8511	2
1299.56870	650.79165	2	35.7111	2
1299.62820	650.82140	2	73.7575	1
1299.67910	650.84680	2	40.6081	1
1299.69415	650.85435	2	79.1515	2
1299.71560	650.86510	2	57.3505	2
1300.62275	651.31865	2	80.7744	2
1300.62410	651.31930	2	85.5526	2
1300.70265	651.35860	2	62.5599	2
1300.71350	651.36400	2	91.4254	1
1300.73945	651.37700	2	75.2249	2
1300.76110	651.38780	2	74.5413	1
1300.77645	651.39550	2	84.5246	2
1301.61015	651.81235	2	42.0068	2
1301.63685	434.88625	3	40.1424	2
1301.63910	651.82685	2	40.2014	2
1302.66045	652.33750	2	66.3460	2
1302.72770	652.37110	2	74.5811	2
1303.51450	652.76450	2	65.0569	2
1304.61060	653.31255	2	42.3692	2
1304.73450	653.37450	2	78.3831	2
1305.62380	653.81915	2	51.0056	2
1305.63285	436.21825	3	61.1709	2
1305.66040	653.83750	2	68.5754	1
1305.70440	653.85950	2	73.1209	2
1306.58375	436.53515	3	40.0199	2
1306.65175	436.55785	3	39.5455	2
1306.66255	654.33855	2	31.3451	2
1306.67650	654.34555	2	75.3727	2
1307.66210	654.83830	2	61.1062	1
1307.66360	654.83910	2	61.1254	1
1308.65825	655.33640	2	62.8578	2
1308.72010	437.24730	3	86.5525	2
1308.72135	655.36795	2	86.4558	2
1308.74180	655.37815	2	59.9391	2
1308.77815	655.39635	2	72.5476	2
1309.65285	655.83370	2	63.3749	2
1309.66185	437.56120	3	71.4744	2
1310.55995	656.28725	2	36.0758	2
1310.61380	656.31420	2	68.9293	5
1310.65280	437.89150	3	47.6118	2
1310.68155	656.34805	2	80.0940	2
1310.70135	437.90770	3	45.6361	2
1311.57065	656.79260	2	59.4310	2
1311.58380	656.79915	2	50.1571	2
1311.76530	656.88990	2	84.0216	2
1313.61265	657.81360	2	63.0170	2
1313.69350	438.90510	3	52.1459	2
1313.70280	657.85870	2	87.0729	2
1313.71920	438.91365	3	61.7142	2
1313.72030	657.86745	2	84.6170	2
1313.74820	438.92330	3	53.7178	1
1314.59910	439.20700	3	32.8730	1
1314.69610	658.35535	2	48.1081	2
1314.69710	658.35585	2	62.7094	2
1314.70340	439.24175	3	48.1538	2
1315.56895	439.53025	3	46.0571	2
1315.67945	658.84700	2	60.0826	2
1315.70995	658.86225	2	64.7434	2
1316.56395	659.28925	2	55.3305	2
1316.64670	659.33060	2	82.7993	3
1316.67510	439.89895	3	64.2329	2
1316.73360	659.37405	2	95.7061	2
1316.73460	659.37460	2	68.2010	2
1317.61105	440.21095	3	52.6774	2
1317.64215	659.82835	2	42.4337	2
1317.74780	440.25655	3	75.0609	2
1318.65930	660.33695	2	78.8843	2
1318.67540	660.34500	2	78.6613	1
1319.63350	660.82400	2	53.5045	1
1319.66350	660.83900	2	53.9701	2
1319.66400	440.89525	3	53.9958	2
1319.69150	660.85305	2	81.3634	2
1319.71015	440.91065	3	64.0426	2
1320.59985	661.30720	2	71.8519	2
1320.61080	661.31265	2	55.7014	2
1320.62320	661.31890	2	40.6758	2
1320.62370	441.21515	3	40.6442	2
1320.63520	441.21900	3	51.2155	2
1320.68440	661.34950	2	89.6673	14
1321.61455	661.81455	2	51.9154	2
1321.76355	661.88905	2	80.5859	2
1321.76545	441.59575	3	80.5445	2
1322.66830	662.34140	2	88.7404	2
1322.67175	662.34315	2	64.2014	2
1322.70560	662.36005	2	37.1649	2
1322.70680	441.90950	3	37.0798	2
1322.72540	662.36995	2	72.4654	2
1323.72050	442.24745	3	71.1053	2
1324.69120	663.35285	2	77.7738	2
1324.73515	663.37485	2	63.2511	2
1324.78235	442.60135	3	65.2065	2
1325.74790	663.88120	2	82.9560	1
1326.62125	664.31790	2	60.6544	2
1326.68930	443.23700	3	31.4894	1
1326.69045	664.35250	2	31.4098	2
1327.56470	664.78960	2	49.5102	1
1327.65180	443.55785	3	56.9454	2
1328.74470	443.92215	3	42.1445	2
1328.75215	665.38335	2	71.2905	2
1328.75265	443.92480	3	71.1578	2
1329.65390	665.83420	2	59.0876	1
1329.65460	665.83460	2	43.6166	2
1329.69240	665.85350	2	76.8439	1
1329.69285	444.23820	3	65.8518	2
1329.76315	665.88885	2	49.2455	2
1330.71305	666.36380	2	61.6765	2
1330.78220	666.39835	2	85.6122	2
1330.78240	444.60140	3	85.7055	2
1331.67660	666.84555	2	74.4128	2
1331.71010	666.86230	2	80.6082	2
1331.72850	666.87150	2	92.0140	2
1331.74655	666.88055	2	82.0661	2
1331.76765	666.89110	2	45.5102	2
1332.64630	667.33040	2	47.6388	2
1332.70075	667.35765	2	82.5588	2
1333.57230	445.53140	3	54.5858	2
1333.59405	667.80430	2	43.4956	2
1334.66205	445.89460	3	46.1965	2
1334.71920	445.91370	3	53.7459	1
1334.71995	668.36725	2	53.7826	2
1334.72435	668.36945	2	76.4534	2
1335.63910	668.82680	2	71.9450	2
1335.64300	668.82880	2	59.9042	2
1336.59690	669.30575	2	55.8550	4
1336.70030	669.35740	2	54.8695	1
1336.74665	446.58945	3	43.1345	2
1336.74825	669.38140	2	43.0791	2
1336.80800	669.41130	2	79.7241	1
1337.67200	669.84325	2	73.3682	2
1338.06625	670.04040	2	39.3880	4
1338.61225	670.31340	2	60.8922	2
1338.66875	670.34165	2	63.1278	2
1338.71520	447.24570	3	47.1472	1
1338.71925	670.36690	2	72.4785	2
1339.65335	670.83395	2	64.6832	2
1339.74630	447.58935	3	55.6960	2
1339.75350	670.88405	2	81.6370	2
1339.77110	447.59760	3	93.9430	2
1339.77170	670.89310	2	95.9926	6
1340.59860	671.30655	2	49.4350	2
1340.72935	671.37195	2	62.1338	2
1341.19890	671.60670	2	45.0743	4
1341.62255	671.81855	2	75.0907	2
1341.72620	448.24930	3	44.0675	2
1342.65150	448.55780	3	54.2714	2
1342.65270	448.55815	3	37.7374	2
1342.68995	672.35225	2	70.5324	2
1342.70880	672.36170	2	62.8903	2
1342.70935	448.57705	3	56.3625	2
1342.73520	672.37490	2	85.6950	15
1343.76605	448.92930	3	54.6041	2
1343.76705	672.89080	2	54.5728	2
1344.68070	673.34760	2	53.6401	1
1344.71455	673.36455	2	66.0664	2
1344.72925	449.25035	3	72.1869	2
1344.74100	673.37780	2	83.3190	2
1344.74210	673.37835	2	95.0225	2
1344.74430	449.25540	3	81.5604	1
1344.74730	449.25640	3	67.8697	2
1344.80130	673.40790	2	96.2386	1
1345.62235	449.54805	3	33.4021	2
1345.62530	673.81995	2	33.5028	2
1345.66180	673.83815	2	59.0473	2
1346.57815	674.29635	2	40.1153	2
1346.67305	674.34380	2	73.0262	2
1346.68380	674.34920	2	77.9681	2
1346.76585	674.39020	2	68.6407	2
1346.76645	449.92940	3	68.5805	2
1347.58070	674.79765	2	53.2251	2
1347.58525	450.20235	3	43.8479	2
1347.66715	674.84085	2	88.3128	2
1347.72325	674.86890	2	84.6542	2
1347.74720	674.88090	2	63.6115	2
1347.74835	450.25675	3	63.4918	2
1347.76540	450.26240	3	82.8458	2
1349.56950	675.79200	2	76.3175	1
1349.58980	675.80220	2	32.9832	2
1349.62840	450.88340	3	51.0548	1
1349.64640	675.83050	2	60.8557	1
1349.68280	675.84870	2	69.5801	2
1349.68390	675.84920	2	60.9961	2
1350.60960	676.31205	2	40.0013	2
1350.64190	676.32820	2	76.0675	2
1350.71540	676.36500	2	73.7736	2
1351.63825	676.82640	2	34.2552	2
1351.63840	451.55340	3	34.1953	1
1351.64105	676.82780	2	60.6886	2
1352.63995	677.32725	2	63.4590	2
1352.73050	451.91745	3	55.1813	2
1352.75585	677.38520	2	68.0788	2
1353.72150	677.86800	2	88.0050	2
1353.72575	677.87015	2	65.7269	2
1354.72810	678.37130	2	91.3324	5
1355.64705	452.88965	3	32.5510	2
1355.71595	678.86525	2	75.4190	2
1355.71675	678.86565	2	85.1605	2
1355.71690	678.86575	2	87.4634	2
1355.73120	678.87290	2	56.6243	2
1355.77830	678.89645	2	81.9995	2
1356.73525	679.37490	2	60.1338	2
1356.74830	453.25670	3	48.3937	2
1356.74930	679.38195	2	48.4011	2
1357.66410	679.83935	2	49.6721	2
1357.67110	453.56430	3	30.2907	1
1357.67235	679.84345	2	30.5484	2
1357.74455	453.58880	3	58.4429	2
1357.74550	679.88000	2	58.5121	2
1358.15495	453.72560	3	51.5853	4
1358.65685	680.33570	2	88.5560	2
1358.66260	680.33860	2	56.8596	2
1358.66810	680.34130	2	45.7604	2
1358.66890	453.89690	3	45.7321	2
1358.67940	453.90040	3	38.7653	2
1358.68040	680.34750	2	38.7980	2
1358.73935	453.92040	3	82.7310	2
1358.74160	680.37810	2	82.6242	2
1358.75725	680.38590	2	92.3483	2
1359.68295	680.84875	2	67.1562	2
1359.68825	454.23665	3	38.5094	2
1359.83580	454.28590	3	56.8372	1
1360.58595	454.53590	3	33.9224	2
1360.70040	681.35750	2	75.4855	1
1361.66820	681.84140	2	40.4678	2
1361.67130	681.84290	2	66.9293	2
1361.71990	681.86725	2	68.7922	2
1361.72190	681.86820	2	71.4659	2
1362.59040	682.30245	2	48.5794	2
1362.71300	682.36380	2	58.2593	2
1362.71415	682.36435	2	87.5528	2
1362.72080	682.36765	2	83.2204	2
1363.65845	682.83650	2	62.9569	2
1363.68920	455.57030	3	45.0908	2
1363.69135	682.85295	2	45.2209	2
1364.59245	683.30350	2	51.2154	2
1364.59380	455.87190	3	51.1754	1
1364.63880	683.32665	2	64.4334	2
1364.65545	683.33500	2	76.7638	2
1364.66900	683.34180	2	45.0374	2
1364.68365	683.34910	2	61.4141	2
1364.71875	683.36665	2	64.8116	2
1364.73480	683.37465	2	69.3215	2
1365.67860	683.84660	2	55.9027	2
1365.67870	456.23350	3	55.8744	2
1366.73270	456.58480	3	36.6146	1
1366.75810	456.59330	3	36.7701	2
1366.84380	684.42920	2	99.6454	1
1367.65480	456.89220	3	51.4145	2
1367.67280	456.89820	3	50.1832	2
1367.68735	456.90305	3	51.6758	2
1367.69025	684.85240	2	51.7670	2
1367.71240	684.86345	2	71.6016	2
1367.71560	456.91250	3	38.2245	1
1367.76820	684.89140	2	83.0667	2
1367.77805	684.89630	2	75.0202	2
1368.52810	685.27130	2	33.3515	5
1368.75045	685.38250	2	74.6416	2
1368.79660	457.27280	3	63.8505	1
1368.79820	457.27330	3	63.8716	1
1369.67445	457.56540	3	52.1644	2
1369.79325	685.90390	2	54.7633	2
1369.79420	457.60530	3	54.7192	3
1370.72345	686.36900	2	79.0151	2
1370.81755	686.41605	2	94.3293	2
1371.68305	686.84880	2	73.3433	2
1371.73565	458.25245	3	49.4916	2
1371.74665	458.25615	3	54.9303	2
1372.68245	687.34850	2	66.2522	2
1372.71790	458.57990	3	54.5556	1
1373.68810	687.85130	2	38.0831	1
1373.74195	687.87825	2	70.6735	2
1373.75220	687.88340	2	57.0239	2
1374.68815	688.35135	2	47.7397	2
1374.68930	459.23700	3	47.7537	2
1374.71175	688.36315	2	73.2844	2
1374.76250	459.26140	3	77.4795	2
1374.76265	688.38860	2	77.5457	2
1374.79005	688.40230	2	83.8482	2
1375.71360	459.57850	3	76.0566	2
1376.62670	689.32060	2	52.8680	1
1376.70955	689.36205	2	89.1632	2
1376.71325	689.36390	2	82.9712	2
1376.71855	689.36655	2	64.9932	2
1376.72900	459.91695	3	49.7629	2
1376.85040	459.95740	3	66.3536	2
1377.67040	689.84250	2	82.6866	2
1377.67840	689.84650	2	75.4444	2
1377.68240	689.84845	2	32.7789	2
1377.69865	689.85660	2	89.7769	6
1378.23475	690.12465	2	84.2800	4
1378.69735	690.35595	2	59.9995	2
1378.75845	690.38650	2	94.0698	2
1379.69410	690.85430	2	48.6426	1
1379.76560	460.92915	3	72.4578	2
1379.76700	690.89080	2	72.5503	2
1379.77090	690.89275	2	79.7759	2
1380.64135	461.22105	3	54.2179	2
1380.79940	691.40700	2	76.2589	2
1381.67500	691.84480	2	66.2149	1
1381.74640	691.88045	2	73.5057	2
1382.65145	692.33300	2	76.3227	2
1382.76020	692.38735	2	77.2946	2
1382.84120	692.42790	2	77.6503	1
1382.84850	461.95680	3	77.6396	1
1383.53770	692.77615	2	26.7401	4
1383.64510	692.82980	2	52.6425	1
1383.67965	462.23380	3	43.0870	2
1384.61985	693.31720	2	51.9743	2
1384.66255	693.33855	2	55.9696	2
1384.67165	693.34310	2	83.1615	2
1384.73320	462.58500	3	63.9618	2
1384.73990	693.37720	2	83.2452	1
1385.73405	693.87430	2	74.9231	2
1385.75150	693.88300	2	62.1648	2
1386.72560	463.24910	3	66.0584	1
1387.55970	694.78710	2	61.6356	1
1387.66785	463.56320	3	47.6988	2
1387.68735	694.85095	2	82.0153	2
1387.69435	694.85445	2	56.6547	2
1387.72770	463.58315	3	83.2534	2
1387.72815	694.87135	2	83.3577	2
1387.74640	694.88050	2	65.7852	2
1388.55710	695.28585	2	55.2667	2
1388.70565	695.36010	2	52.2915	2
1389.73380	695.87415	2	87.1020	2
1389.75220	695.88340	2	88.2535	1
1390.65230	696.33340	2	37.7907	1
1390.70770	464.57650	3	35.3071	2
1390.75640	464.59270	3	67.5017	2
1391.56140	464.86105	3	34.8519	2
1391.69340	464.90505	3	60.4023	2
1391.69645	696.85550	2	92.4740	10
1391.70540	696.86000	2	52.8710	2
1392.61635	465.21270	3	59.1514	2
1392.66870	697.34160	2	63.0904	2
1392.87160	697.44310	2	83.4104	1
1393.64240	697.82850	2	68.2465	2
1393.65155	697.83305	2	70.7972	2
1393.67755	697.84605	2	70.2636	2
1393.69200	697.85330	2	81.8847	2
1393.70270	465.57480	3	55.5419	2
1393.70375	697.85915	2	76.9941	2
1395.65180	698.83315	2	58.2104	2
1395.71135	466.24440	3	39.9343	2
1395.71225	698.86340	2	39.8840	2
1396.67725	699.34590	2	76.7887	2
1396.80535	699.40995	2	66.3193	2
1397.60395	699.80925	2	46.5554	2
1397.79565	699.90510	2	79.0916	2
1398.62640	700.32050	2	52.3778	2
1398.70425	700.35940	2	89.5605	2
1398.73520	467.25235	3	50.6642	2
1398.77305	700.39380	2	63.7754	2
1399.66210	700.83830	2	60.9556	1
1399.67430	700.84445	2	70.9574	2
1399.69495	700.85475	2	54.4538	2
1399.70180	467.57450	3	48.1916	2
1401.57340	701.79395	2	42.5528	2
1401.71030	701.86245	2	42.1229	2
1401.71230	468.24470	3	42.0606	2
1401.76330	701.88890	2	80.1466	2
1402.75165	702.38310	2	76.5492	2
1403.63975	702.82715	2	60.6789	2
1403.74085	468.92090	3	40.5489	2
1403.74165	702.87810	2	40.6097	2
1403.74190	702.87825	2	69.0613	2
1404.72265	469.24815	3	51.0481	2
1404.79785	703.40620	2	67.7720	2
1405.65075	703.83265	2	55.9643	2
1405.68060	469.56745	3	71.2468	2
1406.66250	469.89480	3	51.6276	2
1406.71540	704.36500	2	74.3778	2
1407.29150	470.10445	3	58.7530	4
1407.72415	470.24865	3	49.5577	2
1407.78365	470.26850	3	65.9722	2
1408.65060	705.33255	2	77.1235	2
1408.66160	705.33810	2	89.2968	5
1408.66910	705.34180	2	39.1452	2
1409.68590	705.85025	2	68.3320	2
1409.73985	470.92055	3	48.8984	2
1410.70125	706.35790	2	55.6617	2
1410.72405	471.24860	3	50.2122	2
1410.72570	706.37015	2	50.2715	2
1410.77165	471.26450	3	57.1116	2
1411.65975	706.83715	2	47.9922	2
1411.67355	706.84405	2	72.2429	2
1411.71700	471.57960	3	69.8036	2
1411.82785	471.61655	3	72.4496	2
1411.82920	706.92185	2	72.3805	2
1412.64605	707.33030	2	88.7051	2
1412.77630	707.39540	2	50.8605	2
1412.81290	707.41375	2	82.4665	2
1412.83910	471.95365	3	66.4669	2
1412.83985	707.42720	2	66.5057	2
1413.67460	707.84455	2	37.4408	2
1413.74400	707.87930	2	88.3130	1
1413.76525	472.26235	3	61.5072	2
1413.76700	707.89080	2	61.3211	2
1413.80910	472.27700	3	64.8941	1
1414.73025	472.58400	3	47.2072	2
1414.73125	708.37290	2	47.2617	2
1414.73215	708.37335	2	81.3026	2
1415.64975	708.83215	2	92.1589	2
1415.68905	708.85180	2	57.6830	2
1415.72680	708.87070	2	45.7955	2
1415.76070	472.92750	3	40.0910	2
1416.72265	473.24815	3	65.2950	2
1416.72435	709.36945	2	64.5675	2
1416.72910	709.37180	2	97.0483	5
1416.78100	473.26760	3	58.7730	1
1417.66425	709.83940	2	68.0866	2
1417.66795	709.84125	2	55.3613	2
1417.67960	473.56715	3	46.6029	2
1417.71115	709.86285	2	73.8971	2
1417.77040	473.59740	3	34.2939	1
1418.69880	473.90690	3	42.7679	2
1418.70840	710.36150	2	57.9438	2
1418.70960	710.36210	2	80.0939	2
1419.66310	710.83880	2	57.1933	2
1419.69910	474.24030	3	51.2250	4
1419.70050	710.85750	2	51.1348	2
1419.75450	474.25875	3	51.3786	2
1419.81315	710.91385	2	80.7033	2
1420.64995	711.33225	2	46.6645	6
1420.70315	711.35885	2	59.8109	2
1421.67640	474.89940	3	62.4331	2
1421.70485	474.90885	3	58.3503	2
1421.80465	474.94215	3	63.2876	2
1422.59330	475.20500	3	36.6505	2
1422.59380	712.30420	2	36.7628	1
1422.67385	475.23190	3	40.5271	2
1422.68720	712.35085	2	65.4815	2
1422.75215	712.38335	2	78.3172	2
1423.67055	712.84255	2	81.8901	2
1424.66060	713.33760	2	68.0443	2
1424.71970	713.36715	2	66.7667	2
1424.80800	713.41130	2	90.8070	1
1424.81350	475.94510	3	90.7744	1
1425.67205	713.84330	2	73.3790	2
1425.80915	713.91185	2	73.5393	2
1425.81865	713.91660	2	62.1393	2
1425.82025	476.28065	3	62.0716	2
1427.64295	714.82875	2	46.1748	2
1427.72595	714.87025	2	52.7573	2
1427.80035	714.90745	2	82.3799	2
1428.71185	477.24455	3	45.7874	2
1428.78265	477.26815	3	76.3676	2
1429.74950	715.88200	2	63.5581	2
1429.75590	477.59260	3	59.8687	2
1429.75680	715.88565	2	59.9704	2
1429.76145	715.88800	2	51.7353	2
1429.80055	715.90755	2	97.0168	2
1430.72825	716.37140	2	88.2128	2
1430.73735	477.91970	3	50.5445	2
1430.77075	716.39265	2	85.6176	2
1431.78595	478.26925	3	65.2595	2
1431.79900	716.90680	2	79.4678	2
1432.71590	717.36520	2	44.9733	2
1432.71595	478.57925	3	44.9012	2
1434.74735	718.38095	2	73.3377	2
1435.66190	718.83825	2	38.3326	2
1435.73090	718.87270	2	68.1802	2
1435.76785	718.89120	2	62.9175	2
1436.69370	479.90520	3	55.4842	2
1436.69525	719.35490	2	55.5759	2
1436.70370	719.35910	2	68.3405	3
1436.76325	479.92835	3	51.6658	2
1436.78815	479.93665	3	62.0787	2
1437.69245	719.85350	2	63.5840	2
1439.64710	720.83085	2	48.1659	2
1439.79945	720.90700	2	72.6270	2
1439.80180	720.90820	2	95.5258	1
1440.81975	721.41715	2	79.1214	2
1441.63260	721.82360	2	76.6966	2
1441.83015	721.92235	2	85.8387	2
1442.64950	722.33205	2	83.6299	2
1442.66930	722.34190	2	51.5344	2
1442.68770	722.35115	2	79.6740	2
1442.72925	481.91700	3	49.5307	2
1443.67385	722.84420	2	43.6478	2
1443.80930	722.91190	2	73.5768	2
1443.84560	722.93005	2	79.2422	2
1444.66910	723.34185	2	56.1211	2
1444.67810	723.34630	2	84.5035	2
1444.74245	723.37850	2	70.5025	2
1444.77060	482.59750	3	60.6058	2
1444.81080	723.41270	2	87.3293	2
1446.71070	724.36260	2	62.5058	1
1446.78280	483.26820	3	64.1963	1
1447.73205	724.87330	2	67.7113	2
1447.75480	483.59220	3	56.4723	2
1447.75630	724.88540	2	56.5268	1
1448.71515	725.36485	2	56.7745	2
1448.74390	725.37925	2	82.8174	2
1449.67825	725.84640	2	62.3406	2
1449.71605	725.86530	2	73.8085	2
1449.86690	484.29625	3	60.0188	2
1450.72360	726.36905	2	81.4316	2
1450.73775	726.37615	2	89.3775	2
1450.81850	484.61345	3	65.3523	2
1451.71145	484.91110	3	34.0810	2
1451.79730	484.93970	3	51.3858	2
1452.77025	485.26400	3	57.3110	2
1452.80040	727.40750	2	90.1994	2
1453.75945	727.88700	2	56.0898	2
1454.73095	728.37275	2	78.7542	2
1454.76380	485.92850	3	66.4716	2
1454.87175	485.96450	3	76.6727	2
1454.87300	728.44380	2	76.5436	2
1455.69865	486.24015	3	67.7511	2
1455.70100	728.85780	2	67.8419	2
1455.83800	728.92625	2	80.6700	2
1457.78810	486.93665	3	80.9375	2
1457.78850	729.90155	2	80.9778	2
1457.80860	729.91160	2	84.1036	1
1458.74685	487.25620	3	76.1232	2
1458.74695	730.38075	2	68.9536	2
1459.70480	730.85970	2	58.5124	2
1459.70965	730.86210	2	67.2804	2
1459.74390	730.87925	2	63.4356	2
1459.84005	487.62060	3	75.2460	2
1459.84055	730.92755	2	75.2804	2
1460.78320	731.39890	2	59.7745	1
1461.62630	731.82040	2	78.6875	1
1461.74010	731.87730	2	64.7409	1
1461.83705	731.92580	2	76.7021	2
1461.83800	488.28660	3	76.4367	2
1462.69555	732.35505	2	65.0772	2
1462.76635	732.39045	2	67.9347	2
1463.67590	488.89925	3	62.5244	2
1463.70755	488.90980	3	66.2870	2
1463.70910	732.86185	2	79.5483	2
1463.70935	732.86195	2	66.1364	2
1463.74085	488.92090	3	71.6904	2
1463.74890	732.88170	2	71.7627	2
1464.30115	489.10765	3	64.6530	4
1464.74835	489.25670	3	81.1356	2
1464.76565	489.26250	3	84.1484	2
1464.79390	733.40420	2	61.4728	2
1464.79490	733.40470	2	67.5536	2
1465.73475	733.87465	2	86.4611	2
1466.74040	734.37750	2	88.2374	1
1466.77390	489.93190	3	43.7278	2
1467.82270	490.28150	3	55.8162	2
1468.69420	735.35440	2	53.7826	2
1468.79725	735.40590	2	74.1010	2
1470.74650	491.25610	3	65.8148	2
1470.74895	491.25695	3	55.8743	2
1470.79795	736.40625	2	88.3164	2
1470.84675	736.43065	2	82.7513	2
1471.70930	736.86190	2	54.1512	2
1471.74105	736.87780	2	65.0266	2
1471.75655	491.59275	3	66.6463	2
1472.71315	491.91165	3	44.9604	2
1472.73600	491.91925	3	57.1939	2
1472.73730	737.37595	2	57.2538	2
1472.77645	491.93275	3	58.9799	2
1473.74700	737.88080	2	65.9517	2
1473.76270	492.26150	3	74.1521	1
1474.76740	738.39100	2	78.8263	2
1475.77385	492.93185	3	62.6782	2
1476.69650	739.35550	2	52.5855	2
1476.71010	739.36235	2	64.8405	2
1476.78150	739.39800	2	72.7095	2
1477.74185	739.87820	2	84.1983	2
1477.76160	739.88810	2	71.9585	2
1477.76970	739.89210	2	87.6404	1
1478.77850	740.39650	2	74.0362	2
1479.73700	740.87580	2	77.0194	1
1479.87750	740.94605	2	78.8546	2
1480.68970	494.57050	3	35.7141	2
1480.71770	741.36610	2	84.8070	2
1480.83680	494.61955	3	58.8049	2
1481.73630	494.91935	3	52.2036	2
1482.81270	742.41360	2	89.2296	2
1482.83145	742.42300	2	67.9884	2
1483.71235	495.57805	3	61.2036	2
1483.76205	742.88830	2	75.8196	2
1484.81015	743.41235	2	82.7482	2
1484.82135	495.94770	3	74.2159	2
1484.82235	743.41845	2	74.2802	2
1485.68750	743.85105	2	53.9617	2
1485.82435	496.28205	3	86.5524	2
1485.82480	743.91965	2	86.5607	2
1486.71960	496.58045	3	75.3145	2
1486.73510	744.37480	2	76.0757	3
1486.76600	744.39025	2	70.9870	2
1486.77810	496.60000	3	53.7226	1
1486.78080	496.60090	3	67.0819	1
1486.78225	744.39840	2	66.9833	2
1488.64980	745.33220	2	48.9788	1
1488.74365	497.25515	3	44.7381	2
1488.79165	497.27115	3	59.0394	2
1488.79490	745.40470	2	59.0991	1
1489.74815	745.88135	2	89.7127	2
1490.73160	497.91780	3	57.7059	2
1491.81050	746.91250	2	88.9553	1
1492.70535	747.35995	2	52.3462	2
1492.71045	747.36250	2	47.8245	2
1492.80700	498.60960	3	75.9962	2
1493.64950	498.89040	3	38.6491	2
1493.64995	747.83225	2	38.7100	2
1493.74830	498.92340	3	56.2837	1
1493.74865	747.88160	2	56.2020	2
1493.78420	498.93530	3	72.1371	1
1495.74160	499.58780	3	68.8307	2
1495.84030	748.92740	2	81.2693	2
1495.85400	499.62530	3	81.4001	2
1495.85630	748.93545	2	81.5058	2
1495.87290	499.63160	3	69.1970	2
1496.68720	749.35085	2	84.9028	2
1496.76230	499.92805	3	56.4215	2
1496.76415	749.38935	2	64.7746	2
1496.78500	749.39980	2	70.8937	2
1496.82865	749.42160	2	91.3339	2
1498.76205	750.38830	2	74.7716	2
1498.77860	750.39660	2	68.3091	2
1498.84085	750.42770	2	84.5557	2
1499.71450	500.91210	3	55.6122	1
1500.76140	501.26105	3	55.7562	2
1500.79465	751.40460	2	59.1330	2
1500.79870	501.27350	3	59.1565	2
1500.81540	501.27910	3	60.5686	1
1500.81610	501.27930	3	68.9162	2
1500.81685	501.27955	3	64.6940	2
1501.28665	751.65060	2	71.9189	4
1501.71665	501.57950	3	50.8901	2
1501.71810	751.86630	2	50.9452	2
1502.64785	752.33120	2	78.1813	2
1502.70030	501.90740	3	53.1681	1
1502.74760	752.38110	2	87.5746	2
1503.70520	502.24235	3	45.8816	2
1504.74995	502.59055	3	53.9884	2
1504.77890	753.39670	2	80.1771	2
1504.79715	753.40585	2	69.0986	2
1504.87775	502.63320	3	79.8087	2
1505.65355	502.89180	3	47.1884	2
1505.72575	502.91585	3	61.0245	2
1505.77280	502.93150	3	62.3703	2
1505.91895	753.96675	2	92.5507	2
1506.79390	754.40425	2	66.1257	2
1506.79400	754.40430	2	60.2622	2
1507.71290	503.57825	3	63.4412	2
1507.73390	503.58520	3	52.4988	1
1508.74360	755.37905	2	86.5146	2
1508.76050	503.92745	3	76.5547	2
1508.81215	503.94465	3	48.5642	2
1508.81440	755.41445	2	48.5552	2
1508.90375	503.97520	3	64.3022	2
1509.64075	504.22085	3	35.5845	2
1509.65760	504.22645	3	46.8052	2
1509.66050	755.83750	2	46.8828	1
1509.74705	504.25630	3	52.1083	2
1510.71370	504.57850	3	57.7733	2
1510.71600	756.36525	2	57.8281	2
1510.74635	756.38045	2	74.4790	2
1511.71550	504.91240	3	42.2972	3
1511.71590	756.86520	2	42.2973	2
1511.78905	756.90180	2	98.2837	2
1511.85735	756.93595	2	80.3405	2
1512.87620	505.29935	3	84.7335	2
1512.87780	757.44615	2	84.6541	2
1513.69900	757.85680	2	68.2088	2
1513.75040	757.88250	2	77.3616	2
1513.87120	757.94290	2	95.9999	2
1514.72250	505.91480	3	56.3241	2
1514.79950	758.40705	2	66.3588	2
1514.80045	758.40750	2	91.1014	2
1514.80465	505.94215	3	45.3303	2
1514.80620	758.41035	2	45.4306	2
1514.85230	505.95800	3	89.6759	1
1514.85760	758.43605	2	89.5577	2
1515.71690	506.24625	3	77.7174	2
1515.71725	758.86590	2	77.6245	2
1515.75280	758.88370	2	32.7032	2
1515.75350	506.25840	3	32.6857	1
1515.75415	758.88435	2	50.6697	2
1515.76240	758.88850	2	89.0363	2
1515.77150	506.26445	3	78.0509	2
1515.81250	758.91350	2	69.3000	1
1515.82260	758.91860	2	78.8922	2
1516.77860	759.39660	2	74.1545	2
1516.80045	759.40750	2	79.2534	2
1516.83390	759.42420	2	79.7101	2
1517.73205	759.87330	2	62.3777	2
1517.73740	759.87595	2	69.8932	2
1517.80870	506.94350	3	76.2255	2
1517.80995	759.91225	2	76.3062	2
1518.79535	760.40495	2	83.6976	2
1518.92435	507.31535	3	62.7761	2
1519.82570	760.92010	2	91.8404	1
1520.72000	761.36725	2	77.2755	2
1520.73665	761.37560	2	53.0424	2
1522.75800	762.38625	2	64.7824	2
1523.75660	762.88560	2	92.5064	1
1523.86805	508.96330	3	76.5574	2
1523.88050	762.94750	2	89.5908	2
1524.63585	509.21925	3	54.2529	2
1524.74015	763.37735	2	71.6283	2
1524.75580	509.25920	3	72.1179	2
1525.76390	509.59520	3	63.3313	1
1525.85250	763.93350	2	96.9794	1
1526.73070	764.37260	2	34.0775	1
1526.73260	509.91810	3	33.9573	2
1527.71075	510.24415	3	35.3759	2
1527.78220	764.89840	2	89.8684	2
1528.74640	765.38045	2	92.4464	2
1528.79890	765.40675	2	72.3297	2
1528.81050	510.61075	3	69.3077	2
1529.66420	510.89535	3	38.5342	2
1529.66525	765.83990	2	38.5443	2
1529.83930	510.95370	3	63.8326	2
1529.85730	510.95970	3	79.0314	2
1530.80290	511.27490	3	66.2870	2
1531.77465	766.89460	2	65.5754	2
1531.81305	766.91380	2	84.8502	2
1532.77455	767.39455	2	73.6454	2
1532.79590	767.40520	2	71.6554	2
1532.82060	767.41755	2	81.7278	2
1533.74280	512.25490	3	35.1727	2
1533.74620	512.25600	3	50.0729	2
1533.74785	767.88120	2	67.9572	2
1533.80605	767.91030	2	96.6143	2
1534.29780	768.15615	2	73.8691	4
1535.67080	512.89755	3	37.3777	2
1535.67790	768.84620	2	60.1405	2
1535.78540	512.93570	3	68.0166	2
1537.71995	513.58060	3	79.0647	2
1537.79425	769.90440	2	76.1035	2
1538.82470	770.41960	2	78.2566	2
1540.80730	514.60970	3	62.9467	2
1540.82115	514.61435	3	47.2914	2
1541.78590	514.93590	3	57.8566	2
1541.78695	771.90075	2	57.8935	2
1541.80410	514.94195	3	59.2807	2
1541.81685	771.91570	2	69.2759	2
1541.83005	514.95060	3	75.1260	2
1541.83120	771.92290	2	75.0552	2
1542.77130	515.26440	3	53.9006	2
1542.79035	772.40245	2	61.4699	2
1542.84025	772.42740	2	92.4158	2
1544.71630	773.36545	2	56.6876	2
1546.69955	774.35705	2	66.4070	2
1547.77395	516.93190	3	54.1184	2
1547.77400	774.89430	2	54.1777	1
1547.81990	774.91725	2	70.4099	2
1547.83110	516.95095	3	58.0290	2
1547.83180	774.92315	2	58.0391	2
1548.77750	517.26640	3	70.7140	1
1548.77770	775.39610	2	84.6783	1
1548.77965	775.39710	2	70.6653	2
1548.80000	517.27390	3	60.9131	1
1548.92430	775.46945	2	79.6739	2
1548.92480	517.31550	3	79.7567	1
1549.74260	775.87860	2	62.7092	2
1549.82840	775.92150	2	72.9151	1
1550.68620	776.35040	2	33.4912	1
1550.68855	517.90345	3	33.4973	2
1550.74350	776.37900	2	51.2468	2
1550.76920	517.93030	3	57.3237	2
1550.77170	776.39315	2	57.3157	2
1550.85210	776.43335	2	95.1628	2
1550.91420	776.46440	2	89.4044	2
1551.71710	518.24630	3	36.4438	2
1551.77525	518.26570	3	39.3059	2
1551.84725	776.93090	2	89.6237	2
1553.83190	518.95120	3	80.5777	2
1553.83300	777.92380	2	80.6474	2
1555.73815	778.87635	2	71.8218	2
1555.75030	519.59070	3	51.6466	2
1555.76390	519.59520	3	55.4359	1
1555.78890	778.90175	2	82.8384	2
1555.85705	519.62630	3	33.6596	2
1555.88185	519.63455	3	77.2392	2
1556.84255	779.42855	2	90.4723	2
1557.78280	779.89865	2	79.3458	2
1557.83060	520.28410	3	72.2577	1
1558.77570	780.39515	2	67.2299	2
1559.61135	780.81295	2	73.1520	2
1559.75205	520.92460	3	70.9237	2
1559.75850	520.92675	3	77.6903	2
1559.82035	780.91745	2	87.1994	2
1559.83690	780.92570	2	85.6523	2
1560.80850	781.41150	2	84.7253	1
1561.78895	781.90175	2	76.1655	2
1561.80970	781.91210	2	78.1498	1
1561.83595	781.92525	2	87.3857	2
1563.80420	522.27530	3	73.3901	1
1564.29820	783.15640	2	73.5869	4
1564.71560	522.57910	3	53.4491	1
1564.71685	783.36570	2	53.5458	2
1564.74205	783.37830	2	55.8462	2
1565.78725	522.93635	3	57.5288	2
1565.83420	522.95200	3	66.5504	1
1567.82610	784.92030	2	81.4662	2
1569.87765	785.94610	2	76.4223	2
1569.91380	785.96420	2	86.9013	2
1570.74595	524.58925	3	51.9981	2
1570.81060	786.41260	2	59.2267	2
1572.78435	787.39945	2	58.6322	2
1572.83110	787.42280	2	78.6049	2
1572.83120	525.28430	3	78.4456	2
1573.82570	787.92015	2	80.7883	2
1574.71130	788.36295	2	71.0500	2
1576.27515	789.14485	2	71.3310	4
1576.75420	789.38435	2	74.9000	2
1577.76900	526.93030	3	71.7331	3
1577.76960	789.89210	2	71.7977	2
1577.78935	789.90195	2	75.5996	2
1578.83630	527.28605	3	70.3743	2
1578.85240	527.29140	3	56.3306	2
1578.87420	527.29865	3	83.0066	2
1578.87445	790.44450	2	83.0666	2
1580.69960	527.90715	3	40.9987	2
1580.80545	527.94240	3	62.0521	2
1580.81920	791.41690	2	71.6474	1
1580.86400	791.43930	2	94.6192	2
1580.92870	527.98350	3	75.3647	1
1581.76550	791.89005	2	66.1045	2
1582.84610	792.43030	2	77.9196	2
1584.74145	529.25440	3	66.4511	2
1585.68880	793.85170	2	64.0120	2
1585.82060	529.61410	3	65.2138	1
1586.86900	794.44180	2	85.5176	2
1587.85240	794.93350	2	85.9437	1
1587.85650	530.29275	3	64.5619	2
1588.72520	795.36985	2	70.5429	2
1588.85490	795.43470	2	92.6557	1
1589.82200	795.91830	2	83.7572	2
1590.76490	796.38970	2	78.1980	2
1590.80155	796.40805	2	81.4084	2
1591.74850	531.59010	3	44.1545	2
1591.74980	796.88220	2	44.1641	2
1591.80360	531.60850	3	58.6431	1
1591.80470	796.90960	2	58.8126	2
1591.86410	796.93935	2	86.3753	2
1592.82080	531.94750	3	66.8857	1
1592.91480	797.46470	2	72.1203	1
1593.74135	532.25440	3	55.1388	2
1593.74395	797.87925	2	55.2119	2
1593.94980	797.98215	2	81.8789	2
1595.80475	798.90965	2	91.7124	2
1595.86280	532.96155	3	50.3749	2
1596.76865	533.26350	3	52.9520	2
1597.86900	799.94180	2	70.1747	2
1598.84065	533.95415	3	82.2460	2
1598.84575	800.43015	2	82.0999	2
1599.84875	800.93165	2	74.4896	2
1599.88845	534.30345	3	63.0344	2
1599.89950	534.30710	3	76.8479	2
1600.78490	534.60220	3	64.1806	1
1600.84415	534.62195	3	64.4085	2
1600.86920	801.44190	2	64.0222	2
1601.72700	801.87080	2	52.6712	1
1602.80110	802.40785	2	76.3940	2
1602.86450	802.43950	2	72.8645	2
1603.81040	802.91245	2	80.8552	2
1604.74455	803.37955	2	64.3866	2
1604.78355	535.93515	3	68.1714	2
1607.80000	536.94060	3	48.2109	1
1607.85100	804.93275	2	84.9927	2
1607.90255	536.97480	3	79.4849	2
1609.83620	537.61930	3	88.5933	1
1609.83850	805.92655	2	88.6129	2
1610.72160	806.36805	2	65.6167	2
1610.91455	806.46455	2	97.3300	2
1610.97330	537.99840	3	70.6923	1
1611.78995	806.90225	2	65.0873	2
1612.85055	807.43255	2	84.4075	2
1612.85890	538.62690	3	70.0708	3
1612.86870	807.44165	2	88.8384	2
1612.90565	538.64245	3	76.6062	2
1613.85275	807.93365	2	82.5036	2
1613.90430	807.95940	2	80.7032	2
1614.75870	808.38660	2	88.6325	1
1614.84115	808.42785	2	77.0397	2
1615.85725	539.62635	3	72.6070	2
1615.89595	808.95525	2	84.6915	2
1616.73255	539.91815	3	47.7315	2
1616.78370	809.39910	2	74.7009	1
1616.84840	809.43150	2	92.0340	1
1617.78755	809.90105	2	44.4558	2
1619.81535	540.94570	3	65.5135	2
1620.82150	811.41800	2	76.1883	1
1620.86320	541.29500	3	85.8735	2
1620.86510	811.43980	2	85.8679	2
1621.83030	811.92240	2	84.2756	2
1621.87280	811.94365	2	70.7113	2
1622.76425	541.92870	3	37.8268	2
1622.79770	541.93985	3	81.2692	2
1625.77445	813.89450	2	77.4519	2
1625.77805	813.89630	2	80.6162	2
1625.83120	542.95100	3	82.6539	1
1626.85695	543.29290	3	56.9638	2
1626.85935	814.43695	2	56.9973	2
1626.90185	814.45820	2	88.8251	2
1627.74865	814.88160	2	67.3719	2
1627.78455	543.60210	3	49.7628	2
1628.79190	543.93790	3	94.4446	2
1628.79435	815.40445	2	94.3706	2
1628.81520	543.94570	3	56.3981	3
1628.81660	815.41560	2	56.4194	2
1629.81210	815.91330	2	70.1100	2
1629.87385	815.94420	2	69.5267	2
1629.88740	815.95095	2	88.5202	2
1630.84520	816.42990	2	81.7888	1
1630.84585	544.62255	3	81.6339	2
1631.92335	544.98170	3	71.3086	2
1631.92475	816.96965	2	71.3491	2
1632.77755	545.26645	3	46.2339	2
1633.84290	545.62155	3	79.1840	2
1633.85570	545.62580	3	61.7609	1
1634.80145	818.40800	2	62.6212	2
1634.82820	545.95000	3	44.5060	1
1634.88785	545.96990	3	53.7220	2
1635.79910	818.90680	2	81.6006	1
1635.82545	546.28240	3	81.1713	2
1636.94030	819.47740	2	91.3515	2
1638.83970	547.28715	3	75.3724	2
1639.74025	820.87740	2	62.1989	2
1639.87695	547.63295	3	77.3619	2
1639.87815	820.94635	2	77.4197	2
1639.87830	547.63335	3	94.7850	2
1639.87840	820.94645	2	94.4838	2
1640.84850	547.95675	3	47.0658	2
1641.77165	821.89310	2	74.1626	2
1641.88395	821.94925	2	83.9208	2
1642.69195	822.35325	2	47.0066	2
1642.80625	822.41040	2	59.2747	2
1642.85290	548.62490	3	48.2719	2
1642.85295	822.43375	2	48.3415	2
1642.88260	548.63480	3	79.0428	2
1643.78305	822.89880	2	61.2111	2
1643.79040	548.93740	3	47.0092	2
1643.82370	822.91910	2	44.7044	2
1643.82785	822.92120	2	74.7373	2
1643.83910	548.95365	3	66.6260	2
1645.90450	549.64210	3	67.1748	1
1645.94970	549.65720	3	69.3943	1
1646.83925	549.95370	3	61.3857	2
1648.79195	550.60460	3	43.7000	2
1648.79420	413.20585	4	43.7808	2
1648.85360	413.22070	4	52.5783	1
1648.96800	413.24925	4	58.0585	2
1648.96925	550.66370	3	58.0343	2
1649.93720	825.97585	2	76.6368	2
1651.90715	826.96085	2	88.1101	2
1651.92570	826.97010	2	84.4337	2
1651.92670	551.64950	3	84.4684	2
1653.87320	552.29830	3	75.6643	2
1653.90660	827.96060	2	80.7839	1
1653.92260	552.31480	3	76.1230	2
1654.78775	828.40115	2	70.6022	2
1654.82230	552.61470	3	77.6754	1
1654.89400	828.45430	2	80.8227	2
1655.76425	552.92870	3	48.9854	2
1655.76500	828.88980	2	49.0688	1
1657.82030	829.91740	2	88.3183	2
1657.91920	553.64700	3	82.9250	1
1658.79065	553.93750	3	54.4856	2
1658.83900	830.42680	2	78.7533	2
1659.91105	554.31095	3	78.4769	2
1659.91280	830.96365	2	78.5444	2
1660.74165	554.58780	3	64.9257	2
1660.84350	554.62175	3	62.2810	2
1661.90405	831.95930	2	77.8123	2
1662.80080	555.27420	3	51.8809	2
1662.82860	555.28345	3	69.7740	2
1662.82925	832.42190	2	69.6708	2
1662.86280	832.43870	2	82.4226	1
1663.79350	555.60510	3	71.4962	1
1664.77990	833.39720	2	83.4159	1
1664.79455	417.20590	4	38.7486	2
1664.84220	833.42840	2	73.0151	2
1664.86605	555.96265	3	64.5545	2
1665.89470	833.95465	2	76.1316	2
1666.86895	834.44175	2	76.7524	2
1666.87095	556.63095	3	76.6674	2
1666.87585	834.44520	2	80.5221	2
1666.91890	834.46670	2	82.1645	2
1667.81605	556.94595	3	57.9161	2
1667.86295	834.93875	2	77.1116	2
1668.81275	557.27820	3	57.2614	2
1669.85235	835.93345	2	71.3747	2
1670.83505	836.42480	2	96.0847	2
1670.88415	836.44935	2	55.3954	2
1670.88570	557.96920	3	55.3053	1
1671.71665	558.24615	3	50.7933	2
1672.72270	558.58150	3	42.6064	2
1673.89990	558.97390	3	76.4947	2
1673.90090	837.95775	2	76.3588	2
1674.88325	838.44890	2	91.5869	2
1677.81595	560.27925	3	70.4394	2
1678.00440	560.34205	3	65.4406	2
1681.82075	841.91765	2	75.5912	2
1681.89990	561.64055	3	79.9921	2
1681.90165	841.95810	2	85.7411	4
1681.91980	841.96720	2	93.0643	1
1682.79775	842.40615	2	87.3775	2
1682.89285	842.45370	2	78.8146	2
1683.88470	842.94960	2	76.8809	2
1684.91590	843.46525	2	80.6446	2
1685.91190	843.96320	2	65.2852	1
1685.91405	562.97860	3	65.1939	2
1686.87360	563.29845	3	63.5219	2
1687.91610	844.96535	2	87.7494	2
1688.73510	563.91900	3	31.8452	3
1688.88260	845.44855	2	83.2968	2
1689.71720	423.43660	4	32.8029	1
1689.84250	564.28810	3	58.4766	2
1689.85750	423.47165	4	65.5080	2
1689.85915	564.29365	3	65.5218	2
1690.96250	564.66140	3	63.7020	2
1691.80020	846.90740	2	65.1099	2
1692.81910	847.41680	2	83.5946	2
1692.82200	565.28130	3	83.6758	1
1692.96910	847.49180	2	90.0779	2
1692.97170	565.33120	3	90.2457	1
1693.93805	565.65325	3	63.2281	2
1693.94170	565.65450	3	82.1182	1
1693.95615	565.65930	3	63.9584	2
1694.80235	565.94135	3	50.2120	2
1694.83850	565.95345	3	47.8415	2
1695.32905	848.67180	2	69.4832	4
1696.77400	849.39425	2	63.1612	2
1696.84395	849.42925	2	85.8582	2
1696.90640	566.64270	3	85.1659	2
1696.90850	849.46155	2	85.0934	2
1697.83795	566.95325	3	50.4964	2
1697.90305	566.97495	3	77.3118	2
1697.90585	849.96020	2	77.3293	2
1698.00930	567.01040	3	82.1871	2
1698.79435	850.40445	2	82.2830	2
1698.89805	567.30660	3	84.2668	2
1698.89850	850.45655	2	84.2367	2
1698.90390	567.30860	3	58.6088	2
1699.83730	567.61970	3	82.5382	2
1699.85850	567.62680	3	77.7997	1
1700.91070	851.46260	2	80.1522	2
1701.86820	568.29670	3	60.8027	1
1703.73950	568.92040	3	61.7147	2
1703.81520	568.94570	3	60.5990	2
1704.72955	569.25045	3	26.1201	2
1704.91540	569.31240	3	70.5729	2
1705.83960	853.92710	2	47.0711	2
1705.88350	853.94900	2	69.2528	2
1705.88360	569.63515	3	69.2126	2
1705.92120	569.64765	3	67.1054	2
1706.32940	569.78375	3	46.4611	4
1706.89425	854.45440	2	88.0990	2
1706.90340	854.45895	2	83.0336	2
1706.90520	569.97570	3	89.8151	13
1707.89285	854.95370	2	93.4448	2
1707.89760	570.30650	3	76.9250	5
1707.97860	854.99655	2	78.4826	2
1707.97870	570.33350	3	78.5444	2
1709.98020	571.00065	3	75.7978	2
1710.01930	571.01370	3	80.0289	2
1712.88810	857.45130	2	66.5872	2
1712.93635	571.98605	3	68.6760	2
1714.90000	858.45725	2	62.5495	2
1714.90035	572.64070	3	62.4862	2
1714.90480	858.45970	2	70.5158	2
1717.86395	573.62860	3	71.7814	2
1717.86610	859.94030	2	71.8162	2
1717.89465	859.95460	2	93.7995	2
1721.76045	861.88750	2	37.9519	2
1722.87390	575.29860	3	75.4643	2
1722.89770	575.30650	3	75.8915	2
1723.02515	575.34895	3	69.4596	2
1723.02610	862.52035	2	69.4335	2
1724.87715	863.44585	2	82.0927	2
1724.94045	575.98745	3	80.2248	2
1725.95450	863.98450	2	85.7625	1
1726.01265	576.34480	3	81.7929	2
1728.79045	577.27075	3	63.4074	2
1728.93770	577.31980	3	59.4864	1
1729.00310	577.34165	3	82.3457	2
1730.75650	577.92610	3	64.7513	2
1730.89845	866.45650	2	72.7778	2
1731.04495	578.02225	3	88.7700	2
1733.87410	578.96530	3	75.5286	2
1733.87480	867.94470	2	75.6559	1
1733.89330	867.95390	2	90.5944	1
1735.78610	868.90030	2	78.7069	1
1735.87905	579.63365	3	78.5961	2
1735.96605	579.66260	3	97.6945	2
1735.96980	868.99215	2	97.5412	2
1736.84700	579.95625	3	80.3347	2
1736.84740	869.43100	2	80.3015	2
1737.92775	580.31650	3	78.3311	2
1737.98570	870.00010	2	90.8126	1
1738.80235	870.40845	2	68.5797	2
1738.81935	580.61370	3	60.0775	2
1738.82060	580.61415	3	65.7620	2
1739.84570	580.95585	3	70.0912	2
1739.88600	580.96930	3	68.1663	1
1742.87290	581.96490	3	67.4358	2
1743.80285	872.90870	2	67.6738	2
1743.81040	872.91245	2	50.9507	2
1743.97830	872.99645	2	95.7310	2
1744.89890	582.64020	3	71.2718	1
1745.91430	582.97870	3	73.6368	2
1746.79655	874.40555	2	89.7850	2
1748.87515	583.96565	3	62.9564	2
1749.86685	875.94070	2	62.0168	2
1750.01005	584.34395	3	56.0846	2
1750.01155	876.01305	2	56.1786	2
1751.93880	876.97670	2	90.8325	2
1752.89145	585.30440	3	48.8721	2
1752.98445	585.33545	3	86.3171	2
1752.98815	877.50135	2	86.2189	2
1753.84935	585.62370	3	52.9866	2
1755.85905	878.93680	2	70.8646	2
1755.90450	878.95955	2	90.5046	2
1756.88840	586.63670	3	79.3843	1
1756.88925	879.45190	2	79.2717	2
1756.89010	586.63730	3	74.2801	1
1757.92420	586.98200	3	74.0678	2
1758.79410	880.40430	2	49.3099	2
1758.83295	587.28495	3	77.2118	2
1759.84890	587.62360	3	65.7796	1
1759.91005	880.96230	2	88.3769	2
1760.93830	881.47645	2	87.9028	2
1761.89640	588.30610	3	73.7029	2
1762.84205	882.42830	2	76.1996	2
1763.83450	588.95210	3	61.7520	3
1763.83460	882.92460	2	61.8307	2
1765.00080	883.50765	2	92.8194	2
1765.00660	589.34280	3	92.8717	1
1766.94645	884.48050	2	84.1056	2
1767.82165	590.28115	3	64.8113	2
1767.85355	590.29180	3	89.1305	2
1767.97215	590.33130	3	88.7295	2
1768.90290	885.45870	2	79.8708	2
1769.01930	590.68035	3	80.4592	2
1770.00605	591.00925	3	73.9311	2
1771.91460	591.64545	3	75.4077	2
1772.33480	887.17465	2	76.9969	4
1774.88540	888.45000	2	58.7754	2
1774.88780	592.63650	3	58.7593	3
1776.89820	593.30670	3	67.1255	2
1777.81115	889.91285	2	64.4725	2
1778.98750	594.00310	3	72.0396	1
1778.99170	890.50315	2	71.9530	2
1779.80325	445.95810	4	51.4712	2
1779.99070	891.00260	2	73.5337	1
1780.40220	594.47465	3	53.6893	4
1782.87355	595.29845	3	75.8009	2
1784.88220	595.96800	3	62.3359	2
1784.88325	893.44890	2	62.3977	2
1784.91735	595.97970	3	55.4463	2
1785.88895	893.95175	2	88.1936	2
1788.91275	597.31150	3	35.9000	2
1789.93075	895.97265	2	82.0685	2
1791.84720	598.28970	3	49.8156	1
1792.91210	598.64465	3	61.8649	2
1793.05235	897.53345	2	97.5793	2
1793.87530	897.94490	2	89.5715	2
1793.92335	897.96895	2	84.3085	2
1794.81785	898.41620	2	63.6453	2
1794.85840	898.43650	2	81.7046	2
1794.98505	898.49980	2	79.4454	2
1795.85600	599.62590	3	85.2807	1
1796.85715	599.95965	3	74.2262	2
1796.87950	599.96710	3	83.8932	1
1796.96870	599.99685	3	84.4949	2
1796.98000	600.00060	3	70.9518	1
1799.92820	600.98330	3	99.6369	2
1799.93140	900.97295	2	99.6074	2
1800.99980	601.34055	3	82.2942	2
1803.92310	602.31495	3	50.1511	2
1804.86745	602.62975	3	66.0083	2
1804.86800	903.44130	2	65.9519	3
1804.89585	602.63925	3	77.8904	2
1804.97230	602.66470	3	78.2948	2
1804.97395	903.49425	2	78.6047	2
1805.87575	903.94515	2	77.8317	6
1806.03645	603.01940	3	71.8901	2
1806.88120	904.44790	2	69.1194	1
1809.91260	905.96355	2	73.0839	2
1809.99390	604.33860	3	72.9034	1
1809.99765	906.00610	2	73.2172	2
1810.76400	604.59530	3	46.7359	1
1813.94870	907.98165	2	83.6322	2
1814.80045	605.94075	3	79.9393	2
1814.97070	605.99750	3	66.2624	1
1815.92650	908.97050	2	86.2570	2
1815.94180	606.32120	3	72.2666	2
1816.88855	606.63680	3	78.8203	2
1817.86300	606.96160	3	69.6602	1
1817.90180	606.97450	3	49.8495	2
1820.86000	911.43730	2	59.4753	1
1820.89495	607.97225	3	72.7340	2
1820.91320	607.97835	3	79.0036	2
1821.00420	608.00870	3	80.1167	1
1821.06265	608.02815	3	83.9207	2
1821.84840	608.29010	3	80.4034	2
1821.89330	608.30505	3	53.4180	2
1822.78420	608.60200	3	64.0703	1
1823.89210	608.97130	3	83.7243	2
1823.90760	608.97645	3	68.4257	2
1825.86310	913.93885	2	55.7829	2
1825.89500	913.95475	2	67.3158	2
1826.36520	609.79565	3	55.6708	4
1826.95440	914.48445	2	78.6684	2
1827.94170	610.32115	3	73.9056	2
1827.96910	610.33030	3	65.7317	2
1827.97030	914.99245	2	65.6939	2
1828.91580	915.46520	2	84.2097	2
1828.95125	915.48290	2	73.5683	2
1830.85910	611.29360	3	63.8886	1
1832.00820	611.67665	3	72.6730	2
1832.91705	611.97960	3	76.3310	2
1832.92850	611.98340	3	60.9496	1
1833.93825	917.97640	2	80.1637	2
1833.97095	612.33090	3	87.8790	2
1835.79720	612.93970	3	59.8808	2
1836.04930	613.02370	3	73.4444	2
1836.92900	613.31690	3	85.4481	1
1838.11300	460.53550	4	73.9940	1
1838.11830	613.71335	3	73.9427	2
1838.95755	613.99315	3	64.1148	2
1839.99200	614.33795	3	64.6312	2
1840.89330	614.63840	3	77.8813	1
1841.01520	921.51490	2	70.2251	2
1841.01525	614.67900	3	70.2552	2
1841.85840	614.96005	3	49.7306	2
1842.97360	615.33180	3	71.7569	2
1844.89075	615.97085	3	63.3056	2
1844.91330	615.97835	3	67.5894	2
1845.99000	616.33725	3	86.0925	2
1845.99160	924.00310	2	86.2869	2
1846.79205	924.40330	2	72.3034	2
1846.93745	924.47600	2	75.1258	2
1846.96180	924.48820	2	88.1933	1
1846.96560	616.66250	3	85.2092	1
1846.96925	924.49190	2	85.0371	2
1849.95930	617.66035	3	85.4907	2
1852.01990	927.01725	2	83.1613	2
1853.92780	618.98320	3	61.2592	2
1854.93035	928.47245	2	92.4098	2
1856.85910	619.96030	3	55.0784	1
1856.87995	929.44725	2	82.9485	2
1859.96390	620.99520	3	78.7178	1
1860.94230	621.32140	3	88.9763	2
1860.95135	931.48295	2	88.9604	2
1860.99945	621.34040	3	75.7462	2
1861.91250	931.96350	2	88.0533	1
1861.98670	621.66950	3	83.0860	2
1862.81750	621.94645	3	60.4688	2
1862.86930	932.44195	2	87.1315	2
1863.98925	622.33700	3	88.3572	2
1864.88220	622.63470	3	73.1732	2
1866.01515	623.01230	3	81.7236	2
1867.84460	623.62210	3	54.4181	1
1868.83380	935.42420	2	63.8932	2
1872.89770	625.30650	3	54.1179	2
1873.94595	625.65590	3	76.1880	2
1873.96950	625.66375	3	72.0763	2
1875.87010	626.29730	3	71.1564	1
1879.78300	627.60160	3	34.1444	1
1880.97715	627.99965	3	63.0979	2
1882.97560	942.49510	2	71.4090	2
1883.88190	942.94825	2	75.9310	2
1883.88255	628.96810	3	75.9993	2
1884.87890	629.30020	3	67.2117	1
1885.87195	943.94325	2	66.0901	2
1885.91955	629.64715	3	84.2862	2
1885.91995	943.96725	2	84.1715	2
1886.90145	629.97440	3	69.1195	2
1886.90320	944.45890	2	69.1837	2
1888.00255	630.34145	3	81.4055	2
1890.93620	631.31935	3	70.0541	2
1890.95180	631.32450	3	74.2158	1
1890.99950	631.34040	3	84.8687	1
1892.06405	947.03930	2	83.0976	2
1893.94460	474.49340	4	56.7018	1
1893.95940	947.98700	2	85.6735	1
1893.97950	632.33380	3	58.6594	1
1895.88950	948.95200	2	72.7259	1
1899.88090	950.94770	2	70.6404	2
1902.89580	952.45515	2	79.9715	2
1903.93260	635.65150	3	77.6639	1
1904.97020	635.99735	3	75.0853	2
1904.97265	953.49360	2	75.1586	2
1908.96740	955.49100	2	86.6215	2
1909.97850	637.66680	3	71.2462	1
1909.98000	478.50230	4	71.1872	2
1909.99660	637.67280	3	75.7647	2
1910.17235	637.73140	3	79.2117	2
1911.99920	638.34035	3	81.5687	2
1912.00040	957.00745	2	81.5397	2
1912.89660	957.45560	2	67.4043	1
1912.91305	638.64495	3	33.0115	2
1912.98940	638.67040	3	74.1007	2
1913.09865	638.70680	3	70.8939	2
1914.98140	639.33440	3	69.0446	3
1914.98170	958.49810	2	69.1449	1
1918.85300	640.62495	3	47.0175	2
1919.90520	960.95990	2	91.4527	1
1920.96660	641.32945	3	61.3005	2
1921.00030	641.34070	3	82.4491	2
1921.93500	961.97480	2	95.8821	2
1922.92820	641.98330	3	73.2652	1
1922.93465	641.98550	3	79.3794	2
1923.88710	962.95080	2	78.8158	1
1923.96280	642.32820	3	72.5943	1
1924.02100	642.34760	3	78.1146	2
1927.00025	643.34070	3	89.8821	2
1930.94035	644.65405	3	83.1526	2
1932.83870	645.28685	3	57.9487	2
1932.83910	967.42680	2	58.0970	2
1933.08780	967.55120	2	86.8787	2
1934.07860	645.70015	3	86.6518	2
1935.08035	646.03405	3	78.9411	2
1935.93125	646.31770	3	65.5748	2
1937.92300	969.96880	2	87.9995	1
1937.92675	969.97065	2	91.9459	2
1937.94460	646.98880	3	78.6596	2
1937.94930	969.98190	2	78.7540	1
1938.95270	970.48360	2	79.9776	2
1939.01810	647.34660	3	74.8265	1
1941.87905	648.30025	3	57.7152	2
1942.04155	648.35445	3	76.2671	2
1942.83960	648.62050	3	60.7968	1
1942.96290	972.48870	2	86.0492	3
1942.96770	648.66320	3	85.9830	3
1944.89215	973.45335	2	59.0793	2
1944.98610	649.33595	3	66.6796	2
1947.98560	650.33580	3	80.2162	2
1947.98590	975.00025	2	80.2100	2
1950.97965	651.33385	3	71.5933	2
1951.97960	651.66715	3	53.4011	2
1951.99675	977.00565	2	87.4845	2
1953.94480	652.32220	3	74.4239	2
1954.89640	978.45545	2	80.9327	2
1955.93905	652.98695	3	59.2143	2
1956.05895	653.02690	3	81.2378	2
1956.90060	653.30750	3	66.0852	1
1956.99225	979.50340	2	75.5044	2
1961.03935	981.52695	2	87.6830	2
1961.05170	654.69115	3	87.7325	2
1963.04790	655.35660	3	75.2751	1
1963.04980	982.53220	2	75.2433	1
1966.93735	656.65305	3	74.5540	2
1966.97360	656.66510	3	96.3533	1
1966.98210	984.49835	2	96.3585	2
1969.97750	657.66640	3	79.8979	1
1970.07130	657.69770	3	77.0435	1
1970.98365	658.00185	3	60.6660	2
1973.06645	494.27390	4	59.7478	2
1976.01830	659.68000	3	94.5467	1
1976.02480	989.01965	2	94.5079	2
1978.89830	660.64005	3	35.9766	2
1979.03290	660.68490	3	86.9369	2
1983.03150	662.01780	3	85.9107	1
1984.02935	993.02195	2	78.9750	2
1985.96055	993.98755	2	72.6393	2
1988.04790	663.68990	3	70.9292	2
1989.02270	664.01485	3	73.8631	2
1992.05770	665.02650	3	79.2226	2
1994.00595	665.67595	3	93.3428	2
1994.00725	998.01090	2	93.2513	2
1999.91750	1000.96600	2	53.0406	1
2001.00215	668.00795	3	83.4510	2
2002.96370	1002.48910	2	75.6894	1
2002.98675	668.66950	3	67.2597	2
2003.03405	668.68525	3	88.4452	2
2003.03655	1002.52555	2	88.4813	2
2004.09070	669.03750	3	78.4229	2
2009.03325	670.68500	3	58.2928	2
2009.08440	670.70210	3	76.4589	2
2010.00170	671.00780	3	91.6071	1
2010.00175	1006.00815	2	91.5778	2
2016.99255	1009.50355	2	79.6100	2
2019.07105	674.03095	3	93.6382	2
2024.89710	1013.45585	2	55.9446	2
2026.12005	1014.06730	2	85.2580	2
2026.12180	676.38120	3	85.3076	2
2027.05480	676.69220	3	86.8487	2
2031.02885	678.01690	3	86.9724	2
2032.91735	1017.46595	2	82.7594	2
2033.06225	678.69470	3	72.1696	2
2035.86255	679.62810	3	57.4618	2
2037.04210	680.02130	3	65.0466	2
2041.07615	681.36600	3	79.4040	2
2041.97490	681.66560	3	72.1975	3
2043.00950	682.01045	3	81.6426	2
2043.01190	1022.51325	2	81.7363	2
2047.98145	683.66775	3	47.5866	2
2048.04800	683.68990	3	94.8806	1
2048.05725	1025.03590	2	94.8021	2
2048.95875	683.99355	3	75.8554	2
2049.54015	684.18730	3	83.1498	2
2052.93100	1027.47280	2	74.9531	1
2054.89800	685.97330	3	68.7579	1
2058.07540	1030.04500	2	96.5209	2
2059.00635	687.34275	3	76.6366	2
2059.92980	687.65050	3	67.3531	2
2059.96915	1030.99185	2	83.9829	2
2059.96920	687.66370	3	84.0606	1
2064.05130	1033.03290	2	88.9608	1
2064.96105	1033.48780	2	83.8563	2
2067.99085	690.33755	3	68.5204	2
2070.95730	1036.48595	2	71.8900	2
2071.02760	1036.52110	2	91.1257	1
2072.11735	691.71305	3	87.2939	2
2073.08765	692.03645	3	75.6585	2
2075.07915	692.70035	3	71.4740	2
2076.04895	693.02355	3	67.0918	2
2077.04600	1039.53030	2	59.3043	1
2078.06690	693.69625	3	78.0410	2
2079.02730	694.01640	3	73.5221	1
2080.10375	521.03325	4	70.0160	2
2086.03940	1044.02695	2	87.9384	2
2092.08785	698.36990	3	73.4778	2
2092.96880	1047.49170	2	86.7339	1
2093.11450	1047.56450	2	79.5566	1
2093.98330	1047.99895	2	85.3622	2
2093.98540	699.00240	3	85.4807	1
2094.94285	699.32155	3	50.9591	2
2095.00135	699.34105	3	68.8667	2
2096.92500	699.98230	3	81.8194	1
2104.07365	1053.04410	2	72.3913	2
2105.05740	702.69310	3	73.8273	5
2105.15170	702.72450	3	89.9152	2
2106.02220	703.01470	3	70.6657	1
2114.12840	705.71675	3	94.5956	2
2119.05265	707.35815	3	63.6479	2
2126.14230	709.72135	3	77.1901	2
2126.14355	1064.07905	2	77.1539	2
2131.18040	711.40070	3	82.9088	2
2137.12230	713.38140	3	69.6495	2
2143.09390	715.37190	3	81.0535	2
2148.10600	717.04260	3	61.0477	1
2152.00000	718.34060	3	41.5254	1
2156.01360	719.67845	3	65.2534	2
2161.14100	721.38760	3	85.5127	1
2165.06450	722.69540	3	76.2226	1
2169.12245	724.04810	3	75.7248	2
2170.02985	724.35055	3	75.5695	2
2173.17565	1087.59510	2	80.9180	2
2177.94895	545.49455	4	43.7330	2
2181.13820	728.05330	3	80.0565	1
2181.13840	1091.57645	2	80.0376	2
2190.06520	731.02900	3	74.3558	2
2190.06705	1096.04080	2	74.3202	2
2201.11670	734.71280	3	72.9472	1
2205.01500	736.01230	3	71.1955	2
2205.10165	1103.55810	2	98.4660	2
2205.10475	736.04215	3	98.5573	2
2227.05225	743.35805	3	55.1452	2
2227.05300	1114.53375	2	55.1753	2
2236.10840	746.37670	3	85.0591	1
2240.18065	1121.09760	2	84.3411	2
2250.02075	751.01415	3	45.9405	2
2269.26050	757.42745	3	82.5006	2
2279.05750	760.69310	3	68.4605	2
2279.33700	570.84150	4	81.4573	1
2282.08460	761.70210	3	63.7098	2
2291.01990	764.68055	3	67.0469	2
2291.02000	1146.51730	2	67.0416	2
2295.09060	766.03750	3	79.3059	2
2297.12385	766.71520	3	69.5870	2
2306.10520	769.70900	3	77.5899	1
2323.19780	1162.60620	2	84.8124	2
2323.29440	775.43870	3	88.8275	1
2376.10060	793.04080	3	51.2735	2
2379.16200	794.06130	3	62.6650	1
2379.16490	595.79855	4	62.6084	2
2386.27135	478.26155	5	70.4452	2
2389.99050	797.67075	3	61.6204	2
2391.18835	1196.60145	2	95.0502	2
2401.29945	801.44040	3	81.6103	2
2416.24095	806.42090	3	83.9531	2
2427.23825	607.81685	4	60.4605	2
2435.25550	812.75910	3	65.3255	2
2440.34605	814.45595	3	90.9047	2
2460.19205	821.07130	3	85.1045	2
2519.20560	840.74250	3	65.4409	1
2525.30545	842.77575	3	85.5934	2
2532.23300	845.08495	3	73.7398	2
2548.22500	850.41560	3	65.6625	1
2549.47355	850.83180	3	82.8825	2
2549.47560	638.37620	4	86.7277	1
2549.96310	638.49805	4	83.8442	4
2574.37840	644.60190	4	74.3780	1
2600.20950	1301.11200	2	88.6047	3
2620.21515	656.06105	4	64.9874	2
2643.33805	882.11995	3	86.3533	2
2660.31860	887.78010	3	63.6702	1
2804.28150	935.76775	3	76.9115	2
3208.56130	803.14760	4	70.1093	2
3536.66235	1179.89470	3	84.0155	2
