mono_mass	mz	charge	rt	n_psm
798.41245	400.21350	2	37.5769	2
798.48410	400.24935	2	57.1570	2
799.45505	400.73480	2	48.4939	2
800.43890	401.22675	2	43.1370	2
800.43900	401.22680	2	37.1968	1
800.43905	401.22680	2	39.8613	2
800.45430	401.23440	2	50.5385	1
801.43545	401.72500	2	35.7871	2
801.46000	401.73725	2	44.0748	2
801.53275	401.77365	2	43.6726	2
802.38615	402.20035	2	37.8972	2
802.49770	402.25615	2	61.2671	2
805.40805	403.71130	2	44.3019	2
805.44510	403.72980	2	50.5479	1
806.39565	404.20510	2	36.6323	2
806.45440	404.23445	2	59.9694	2
806.45525	404.23490	2	49.8809	2
807.41220	404.71340	2	39.0618	2
808.36305	405.18880	2	35.8161	2
808.44000	405.22730	2	34.9287	1
808.44070	405.22760	2	34.8987	1
811.35400	406.68430	2	36.6205	2
811.49245	406.75355	2	49.0989	2
812.42155	407.21805	2	41.7406	2
812.43915	407.22685	2	39.0619	2
812.47520	407.24490	2	59.8606	1
812.48800	407.25130	2	43.8046	2
812.51125	407.26295	2	48.2368	2
814.51640	408.26550	2	58.1790	1
815.43935	408.72695	2	37.7503	2
815.47540	408.74500	2	41.3270	2
815.47580	408.74515	2	45.6191	2
815.49760	408.75610	2	36.8398	2
815.51175	408.76315	2	45.3911	2
816.44965	409.23210	2	65.9775	2
816.45880	409.23670	2	56.4616	3
816.47105	409.24280	2	36.6086	2
817.42920	409.72190	2	33.7571	2
817.45440	409.73450	2	39.4558	3
817.48140	409.74795	2	66.3506	2
818.44045	410.22750	2	52.3031	2
818.48940	410.25200	2	73.4196	2
819.39145	410.70300	2	33.9832	2
819.41790	410.71625	2	39.0668	2
819.43070	410.72260	2	62.5799	2
820.43310	411.22385	2	37.9805	2
820.46950	411.24200	2	44.8642	2
820.48775	411.25115	2	71.1857	2
821.42845	411.72150	2	39.8318	2
822.39150	412.20300	2	31.1010	3
822.42385	412.21920	2	35.8959	2
822.42440	412.21945	2	41.8942	2
823.41855	412.71655	2	35.3495	2
823.42635	412.72045	2	54.0600	2
823.44445	412.72950	2	44.2224	2
824.54825	413.28140	2	70.7074	2
826.49110	414.25280	2	41.4287	2
826.49210	414.25335	2	38.6941	2
826.52680	414.27070	2	69.1847	2
826.52715	414.27085	2	49.0464	2
827.48615	414.75035	2	48.0032	2
828.41660	415.21555	2	30.5165	2
828.47770	415.24610	2	37.8037	1
829.44820	415.73135	2	39.1623	4
829.46390	415.73925	2	40.8700	2
829.49160	415.75310	2	55.2646	1
829.49235	415.75345	2	38.4426	2
829.50295	415.75875	2	35.7284	2
829.50340	415.75900	2	49.9004	1
831.40460	416.70960	2	36.1993	2
831.49625	416.75540	2	61.4727	2
831.49635	416.75550	2	69.3258	2
832.39190	417.20320	2	33.4950	2
832.41260	417.21360	2	42.0010	1
833.42740	417.72095	2	44.8098	4
833.44000	417.72725	2	62.4612	2
834.43495	418.22475	2	36.9993	2
835.44420	418.72935	2	42.5555	2
836.38885	419.20170	2	39.5272	2
836.40270	419.20865	2	40.3970	2
836.44035	419.22745	2	56.2188	2
836.44045	419.22750	2	42.7730	2
837.40265	419.70860	2	47.2971	2
837.40570	419.71010	2	53.8298	1
838.41740	420.21595	2	36.5433	2
839.42915	420.72185	2	54.5847	2
839.58420	420.79935	2	72.6728	2
840.47045	421.24250	2	42.2980	2
840.54300	421.27875	2	74.4649	2
840.54300	421.27880	2	59.1536	2
841.46615	421.74035	2	40.0687	2
841.49080	421.75270	2	54.3774	1
841.50290	421.75870	2	49.8853	1
842.42875	422.22165	2	47.1336	2
842.46040	422.23750	2	41.0359	1
842.46110	422.23780	2	38.8215	1
842.48360	422.24910	2	51.7157	1
842.48510	422.24980	2	51.6810	1
842.48740	422.25095	2	41.5978	2
842.48765	422.25110	2	37.5768	2
842.52230	422.26840	2	48.5158	1
842.52245	422.26850	2	70.4310	2
842.53320	422.27385	2	33.5617	2
843.44570	422.73010	2	47.0355	1
843.45200	422.73330	2	38.4234	1
843.48140	422.74800	2	43.9758	2
843.54350	422.77900	2	62.7292	2
844.45560	423.23510	2	53.3927	3
844.46505	423.23980	2	34.4146	2
845.45080	423.73265	2	37.2943	2
845.45995	423.73725	2	36.6063	2
845.46135	423.73795	2	43.4831	2
845.46465	423.73960	2	66.7860	2
845.51220	423.76335	2	64.6721	2
845.53710	423.77585	2	75.8034	2
846.39825	424.20640	2	36.0817	2
846.42740	424.22100	2	42.1445	1
846.44835	424.23145	2	60.6136	2
847.42315	424.71885	2	43.0893	2
847.44470	424.72965	2	39.9991	2
847.48050	424.74755	2	44.8412	2
848.43925	425.22690	2	41.1255	2
848.44030	425.22740	2	52.8089	1
848.44430	425.22945	2	35.7209	2
849.43590	425.72520	2	53.3201	1
850.35600	426.18530	2	36.9460	1
850.45400	426.23430	2	45.7338	2
850.50230	426.25845	2	38.5294	2
851.40255	426.70855	2	34.6763	2
851.42190	426.71820	2	48.7933	1
851.42190	426.71825	2	44.9593	2
851.43850	426.72655	2	36.2530	2
853.36045	427.68750	2	35.9921	2
853.39740	427.70600	2	42.1902	2
854.46100	428.23775	2	39.1476	2
856.43270	429.22360	2	64.0082	2
856.44825	429.23140	2	64.7820	2
856.47060	429.24260	2	49.5263	2
856.53880	429.27665	2	57.3224	2
857.44290	429.72870	2	38.8830	1
857.46175	429.73815	2	39.4314	2
857.46310	429.73885	2	41.8105	2
857.49590	429.75520	2	45.8175	2
857.49605	429.75530	2	54.6069	2
858.45990	430.23725	2	36.9553	2
858.47015	430.24240	2	42.9373	2
859.46410	430.73930	2	37.2303	2
859.46520	430.73990	2	46.2002	3
860.42410	431.21930	2	35.2929	2
860.44240	431.22850	2	44.6301	1
860.46010	431.23730	2	32.9382	1
861.44390	431.72920	2	44.0411	2
861.47210	431.74330	2	46.9746	1
861.50020	431.75740	2	48.1429	1
861.50725	431.76090	2	75.0618	2
862.38635	432.20050	2	38.3512	2
863.45060	432.73260	2	34.2758	1
863.45185	432.73325	2	48.7276	2
864.42025	433.21740	2	49.1223	2
864.50705	433.26080	2	63.5060	2
865.41520	433.71490	2	38.8729	1
866.41270	434.21360	2	39.7156	1
866.49865	434.25660	2	41.5921	2
867.41785	434.71620	2	49.4703	2
867.43445	434.72450	2	38.2719	2
868.45875	435.23665	2	36.9474	2
869.49665	435.75560	2	33.5692	2
869.53340	435.77400	2	52.1353	2
869.53370	435.77410	2	59.5044	2
869.55920	435.78685	2	66.5053	2
870.45285	436.23370	2	90.0188	6
870.48185	436.24820	2	42.2825	2
870.51720	436.26590	2	57.7300	2
870.55440	436.28450	2	50.2537	2
871.44350	436.72905	2	37.6605	2
871.45130	436.73295	2	40.1112	2
871.53870	436.77660	2	59.0628	2
872.38160	437.19810	2	90.3923	1
872.47370	437.24410	2	38.7891	1
872.47520	437.24490	2	38.8168	1
872.49630	437.25545	2	41.4574	2
872.50920	437.26190	2	35.8520	1
872.51505	437.26480	2	63.3967	2
873.47045	437.74250	2	44.7751	2
873.47050	437.74250	2	50.0089	1
873.47240	437.74350	2	50.0279	1
873.47950	437.74700	2	45.5290	1
873.47965	437.74710	2	47.8809	2
873.49600	437.75525	2	67.0596	2
874.43340	438.22400	2	44.1879	2
874.45715	438.23590	2	49.2965	2
874.46680	438.24070	2	42.2308	2
874.46890	438.24170	2	34.8838	1
874.46940	438.24200	2	34.9137	1
874.47860	438.24660	2	35.7699	1
875.49020	438.75240	2	29.3465	1
875.52250	438.76855	2	60.6320	2
875.52405	438.76930	2	49.4814	2
876.41330	439.21395	2	38.4738	2
876.49615	439.25535	2	67.4678	2
877.45420	439.73440	2	36.4762	1
877.46670	439.74060	2	41.9206	1
877.46685	439.74070	2	49.0950	2
877.46690	439.74070	2	41.9333	1
877.47875	439.74665	2	49.6735	2
877.51005	439.76230	2	69.5409	2
878.43300	440.22380	2	47.3418	1
878.48590	440.25025	2	54.1999	2
878.48710	440.25080	2	49.7087	1
879.39730	440.70595	2	41.1816	2
879.42000	440.71730	2	39.5132	1
879.49335	440.75395	2	40.7931	2
880.41375	441.21415	2	37.8439	2
880.42940	441.22200	2	42.8618	2
880.54955	441.28205	2	53.1188	2
882.48320	442.24890	2	35.4566	1
882.52870	442.27165	2	38.2618	2
883.53765	442.77610	2	58.3639	2
883.53860	442.77660	2	50.6343	1
883.56030	442.78745	2	38.0140	2
884.44110	443.22780	2	43.5583	2
884.54355	443.27905	2	53.8611	2
884.56980	443.29220	2	73.6707	1
884.57320	443.29385	2	58.8841	2
885.42380	443.71920	2	38.2320	1
885.44020	443.72740	2	41.7565	1
885.44455	443.72955	2	34.1119	2
885.48255	443.74855	2	42.7526	2
885.49090	443.75270	2	34.7019	2
885.49250	443.75355	2	50.9676	2
886.40690	444.21070	2	53.1007	1
886.48670	444.25065	2	41.8463	2
886.48910	444.25180	2	55.4707	1
886.51330	444.26395	2	47.2480	2
886.52320	444.26890	2	44.7828	2
887.45990	444.73720	2	35.6050	2
887.49100	444.75280	2	40.6677	2
888.46675	445.24065	2	37.3765	2
889.45935	445.73695	2	50.4659	2
889.46620	445.74035	2	47.6359	2
889.47670	445.74565	2	40.7234	2
889.48440	445.74945	2	69.7252	2
890.50460	446.25960	2	44.1087	1
891.44480	446.72965	2	48.9558	2
891.44810	446.73135	2	45.7890	2
891.48180	446.74820	2	62.7290	2
891.49790	446.75620	2	66.7444	1
891.50660	446.76060	2	66.0119	3
892.44065	447.22760	2	39.5197	2
892.48350	447.24905	2	76.6109	2
893.45825	447.73640	2	45.2755	6
893.60640	447.81045	2	75.3164	2
894.44380	448.22920	2	42.2776	1
894.44400	448.22930	2	42.3084	1
894.45630	448.23545	2	33.4719	2
895.44675	448.73065	2	59.4441	2
895.46490	448.73970	2	40.6865	3
896.53305	449.27380	2	54.4137	2
897.40520	449.70990	2	66.3291	2
897.50245	449.75850	2	33.0440	2
898.40735	450.21095	2	65.9481	2
898.42120	450.21790	2	41.6445	1
898.47945	450.24700	2	57.5804	2
898.48705	450.25080	2	34.6085	2
898.49080	450.25270	2	43.9193	2
898.54805	450.28130	2	66.6135	2
898.56095	450.28775	2	54.8560	2
899.43875	450.72665	2	53.3204	2
899.45080	450.73265	2	40.1671	2
899.50770	450.76120	2	55.6903	1
899.51470	450.76465	2	59.9187	2
900.45715	451.23585	2	40.6830	2
900.49110	451.25290	2	40.5547	1
900.50305	451.25885	2	50.2585	2
900.53890	451.27675	2	43.3922	2
901.41295	451.71380	2	48.7191	2
901.43290	451.72375	2	38.5569	2
901.48645	451.75050	2	33.2305	2
901.48665	451.75060	2	46.1561	2
901.52395	451.76925	2	41.9017	2
902.41330	452.21395	2	47.2897	2
902.48270	452.24860	2	39.0192	1
902.48280	452.24870	2	39.0008	1
902.50750	452.26100	2	45.6731	2
903.48090	452.74775	2	52.7115	2
903.48605	452.75030	2	31.1826	2
903.49570	452.75510	2	36.9176	1
903.52875	452.77170	2	41.5189	2
903.54260	452.77860	2	68.6205	2
905.45290	453.73375	2	65.3684	2
905.45330	453.73395	2	43.4013	2
906.45600	454.23530	2	43.0521	1
906.46610	454.24030	2	31.4914	1
906.51730	454.26590	2	47.5687	1
907.45130	454.73295	2	36.5433	2
907.50000	454.75730	2	48.0671	2
907.50050	454.75760	2	54.6418	3
908.43015	455.22235	2	48.9113	2
908.50630	455.26050	2	54.5390	1
908.53380	455.27420	2	39.7711	2
908.56925	455.29190	2	56.7738	2
909.42560	455.72010	2	44.2372	2
909.42620	455.72035	2	54.9780	2
909.45610	455.73530	2	39.4040	1
909.47440	455.74450	2	70.1483	2
911.38000	456.69725	2	33.3829	2
911.47590	456.74520	2	60.3119	2
911.48905	456.75180	2	42.5107	2
911.58000	456.79730	2	57.7758	1
912.56515	457.28985	2	64.0004	2
913.43005	457.72230	2	48.1802	2
913.44895	457.73175	2	40.9897	2
913.47385	457.74420	2	70.9842	2
913.48675	457.75065	2	46.8677	2
913.51000	457.76230	2	32.4871	2
913.54860	457.78160	2	53.4377	2
913.55950	457.78705	2	38.3536	2
913.59640	457.80545	2	39.6315	2
914.50790	458.26120	2	40.3433	2
914.51795	458.26625	2	45.6501	2
915.44895	458.73175	2	36.3154	2
915.45840	458.73650	2	33.2045	2
915.46680	458.74070	2	42.0400	2
915.47080	458.74270	2	35.7451	1
915.50310	458.75885	2	31.7959	2
915.53865	458.77660	2	34.4379	2
916.48585	459.25020	2	40.7323	2
916.49885	459.25670	2	37.0293	2
917.44400	459.72930	2	38.9462	1
917.46470	459.73960	2	53.7462	1
917.46485	459.73970	2	33.9595	2
917.48110	459.74780	2	33.5519	1
917.48145	459.74800	2	37.5853	2
918.44890	460.23175	2	79.7685	2
918.48405	460.24930	2	53.1618	2
918.49170	460.25310	2	63.9507	2
918.51740	460.26600	2	56.6574	3
918.51755	460.26605	2	62.7893	2
919.40675	460.71065	2	32.5237	2
919.40735	460.71095	2	61.2454	2
919.44320	460.72885	2	47.1068	2
919.51260	460.76360	2	52.1961	3
919.51280	460.76370	2	43.2955	1
919.51280	460.76370	2	46.3512	2
919.51480	460.76470	2	57.0818	1
919.52115	460.76785	2	64.4239	2
920.49740	461.25595	2	49.9928	2
920.49790	461.25620	2	46.4502	2
920.50710	461.26080	2	40.9310	2
921.44575	461.73015	2	40.1743	2
921.45645	461.73550	2	39.9523	2
921.46620	461.74040	2	35.0807	2
921.94855	461.98155	2	37.2662	4
922.43880	462.22665	2	49.1873	2
922.47560	462.24510	2	47.0249	1
923.43530	462.72495	2	43.3438	2
923.47265	462.74360	2	40.2804	2
923.58040	462.79745	2	77.8041	2
924.43760	463.22610	2	47.6093	2
924.53980	463.27720	2	52.2427	2
924.56485	463.28970	2	55.1433	2
925.46980	463.74220	2	79.1346	1
925.49770	463.75610	2	43.1081	1
926.51865	464.26660	2	38.3191	2
926.58005	464.29730	2	60.1633	2
926.59060	464.30260	2	61.1589	2
927.37490	464.69470	2	28.8763	1
927.44495	464.72975	2	46.1813	2
927.51460	464.76460	2	41.7008	1
927.56390	464.78920	2	82.8511	2
928.45420	465.23435	2	50.3503	2
928.52340	465.26895	2	51.1159	2
928.53530	465.27495	2	49.3674	2
928.55945	465.28700	2	62.4013	2
929.48090	465.74770	2	36.3060	2
929.50635	465.76045	2	54.6324	2
929.51260	465.76360	2	47.7860	2
929.51860	465.76660	2	42.3475	2
929.51890	465.76670	2	35.5410	3
929.51900	465.76680	2	40.3053	2
930.42300	466.21880	2	60.6320	2
930.46650	466.24060	2	34.5692	1
930.47900	466.24680	2	41.2335	2
930.51695	466.26575	2	64.4492	2
930.53910	466.27680	2	37.3137	1
931.46965	466.74210	2	35.3260	2
931.48625	466.75040	2	48.3249	2
931.50260	466.75860	2	55.5454	1
931.51270	466.76360	2	57.6118	3
931.53455	466.77455	2	67.4674	2
932.46435	467.23945	2	38.1757	2
932.54395	467.27925	2	41.5411	2
933.43600	467.72525	2	30.5508	2
933.45620	467.73540	2	36.6106	1
933.45620	467.73540	2	36.6393	1
933.46430	467.73945	2	50.7659	2
933.48590	467.75025	2	51.1570	2
933.50260	467.75860	2	52.0153	2
933.52865	467.77160	2	55.9795	2
933.53985	467.77720	2	32.1706	2
934.41480	468.21470	2	39.4082	2
934.45115	468.23285	2	38.6327	2
934.47440	468.24450	2	34.0086	3
934.48350	468.24900	2	42.6029	1
934.48560	468.25010	2	42.6918	1
934.48735	468.25095	2	32.7953	2
934.51205	468.26330	2	58.0287	2
934.51380	468.26415	2	49.6666	2
934.52405	468.26930	2	59.2114	2
935.45210	468.73330	2	35.8622	1
935.47040	468.74250	2	44.5409	2
937.41390	469.71425	2	34.1219	2
937.48695	469.75075	2	40.0866	2
937.51120	469.76285	2	57.3772	2
938.43400	470.22425	2	37.1206	2
939.43065	470.72260	2	62.0191	2
939.48160	470.74805	2	80.1386	2
939.48195	470.74825	2	59.1777	2
939.51450	470.76450	2	31.6293	1
939.54940	470.78200	2	55.5189	3
939.56425	470.78940	2	80.6219	2
940.44405	471.22930	2	44.5605	2
940.52620	471.27040	2	61.6216	2
941.43455	471.72455	2	37.8643	2
941.46520	471.73990	2	49.3972	2
941.55625	471.78540	2	50.2328	2
941.56545	471.79000	2	61.4728	2
941.57935	471.79695	2	66.3460	2
941.60635	471.81045	2	79.1734	2
942.48595	472.25025	2	43.3667	2
942.50275	472.25865	2	35.3962	2
942.51365	472.26410	2	47.5504	2
942.53935	472.27695	2	48.2940	2
943.44875	472.73165	2	60.7752	2
943.46595	472.74025	2	35.1618	2
943.48700	472.75080	2	43.2489	2
943.49810	472.75630	2	34.8477	3
943.53450	472.77450	2	45.8534	2
944.42570	473.22010	2	36.6977	3
944.43120	473.22290	2	63.2459	2
944.47570	473.24515	2	55.0376	2
944.49325	473.25395	2	42.7211	2
944.51770	473.26610	2	62.3842	2
944.51840	473.26645	2	44.8642	2
944.51850	473.26650	2	47.3497	2
944.52870	473.27160	2	48.9326	2
944.55570	473.28515	2	54.3027	2
945.45955	473.73705	2	76.9609	2
945.51235	473.76345	2	40.1200	2
945.54910	473.78185	2	58.3873	2
946.50870	474.26165	2	36.4022	2
946.51290	474.26375	2	45.4759	2
946.52730	474.27090	2	69.2612	1
946.53445	474.27450	2	37.2430	2
946.54810	474.28130	2	73.8964	2
947.43510	474.72485	2	37.5714	2
947.51485	474.76475	2	71.0452	2
948.46680	475.24065	2	52.5261	2
948.46730	475.24090	2	43.7620	2
948.61205	475.31330	2	56.1936	2
949.48640	475.75045	2	38.8380	2
949.48765	475.75110	2	53.8126	2
949.49060	475.75255	2	86.4606	2
949.50520	475.75990	2	77.2928	1
949.52730	475.77090	2	79.4226	2
950.45340	476.23395	2	49.6055	2
950.48195	476.24825	2	46.2705	2
950.48245	476.24850	2	48.5295	2
950.48665	476.25060	2	73.2313	2
950.50140	476.25795	2	59.1189	2
950.50895	476.26175	2	51.1888	2
951.49020	476.75240	2	59.8260	2
951.51730	476.76590	2	80.0408	1
952.44860	477.23155	2	46.5729	2
952.44950	477.23205	2	42.5007	2
952.47005	477.24230	2	50.3187	2
952.53520	477.27485	2	41.5918	2
954.44025	478.22740	2	35.3416	2
954.44535	478.22995	2	52.1085	2
955.53370	478.77415	2	62.5911	2
955.57050	478.79250	2	60.8074	2
956.50360	479.25910	2	37.6933	2
956.51715	479.26585	2	36.0427	2
956.52880	479.27165	2	53.0517	2
956.52900	479.27180	2	46.3507	2
956.52940	479.27195	2	43.6436	2
956.53710	479.27580	2	66.0320	2
956.57930	479.29695	2	77.3976	2
957.48785	479.75120	2	31.9387	2
957.51330	479.76390	2	43.5569	1
957.52895	479.77175	2	47.8503	2
957.56035	479.78745	2	47.6161	2
957.59625	479.80540	2	46.6346	2
958.47160	480.24305	2	40.8064	2
958.48730	480.25095	2	56.0572	2
958.50750	480.26100	2	52.3667	2
958.50890	480.26170	2	48.1728	1
958.51085	480.26270	2	56.4228	2
959.50760	480.76110	2	40.2361	2
959.53015	480.77235	2	42.1029	2
959.53220	480.77335	2	68.6512	2
959.58080	480.79770	2	83.5608	2
960.44995	481.23225	2	34.5273	2
960.47580	481.24520	2	41.3729	2
960.50410	481.25940	2	46.0424	1
960.51235	481.26345	2	38.5544	2
960.53135	481.27295	2	57.2084	2
960.53875	481.27665	2	61.0924	2
961.50845	481.76150	2	40.7274	2
962.47340	482.24400	2	45.1524	3
962.47490	482.24475	2	47.2173	2
962.50725	482.26095	2	62.2061	2
962.51945	482.26700	2	55.2857	2
962.53740	482.27595	2	86.0171	2
962.54610	482.28030	2	62.0414	1
963.44540	482.72995	2	54.1131	2
963.50260	482.75860	2	39.4886	2
963.50565	482.76010	2	33.7495	2
963.55480	482.78470	2	74.5262	2
964.46220	483.23840	2	37.4247	2
964.48015	483.24735	2	69.0052	2
964.49820	483.25635	2	42.3572	2
964.52290	483.26870	2	53.7731	1
965.44400	483.72930	2	34.3666	1
965.44445	483.72950	2	40.8114	2
965.45965	483.73710	2	37.0867	2
965.48110	483.74780	2	60.4206	2
965.62750	483.82100	2	82.4082	1
966.46695	484.24080	2	41.1304	2
966.46710	484.24085	2	35.8450	2
966.46835	484.24145	2	44.0181	2
966.49110	484.25280	2	75.0316	1
966.50705	484.26080	2	44.1590	2
966.52400	484.26930	2	46.1334	2
967.47925	484.74690	2	57.6759	2
967.52405	484.76930	2	46.8352	2
967.54570	484.78010	2	36.1743	1
967.58195	484.79825	2	56.3933	2
968.44440	485.22950	2	39.8406	2
968.52825	485.27140	2	36.6585	2
968.52900	485.27180	2	48.4841	3
969.43105	485.72280	2	38.7875	2
969.48190	485.74820	2	64.6054	1
969.48790	485.75125	2	39.5504	2
969.52495	485.76975	2	50.0178	2
969.54880	485.78170	2	40.5466	2
969.56055	485.78755	2	52.4694	2
969.58570	485.80015	2	63.7158	2
969.58620	485.80040	2	68.5986	2
970.48710	486.25085	2	54.1692	2
970.54390	486.27920	2	55.6319	2
970.58060	486.29760	2	44.4309	2
970.58065	486.29765	2	70.2831	2
971.50290	486.75875	2	30.8082	2
971.52825	486.77140	2	58.4188	2
971.52865	486.77160	2	35.2311	2
971.52880	486.77170	2	48.0575	2
971.55335	486.78395	2	57.2975	2
971.56540	486.79000	2	33.0951	1
971.56640	486.79050	2	43.6258	2
972.44560	487.23010	2	30.3094	1
972.46600	487.24030	2	32.6205	2
972.48550	487.25000	2	40.7738	1
972.57095	487.29275	2	34.3193	2
973.50800	487.76130	2	41.3449	2
973.54370	487.77910	2	33.1655	2
974.50340	488.25895	2	37.2402	2
974.51845	488.26650	2	58.6487	2
975.47470	488.74460	2	44.8182	1
975.49440	488.75450	2	80.5906	1
975.50265	488.75860	2	52.2427	2
975.53790	488.77625	2	64.5015	2
976.49685	489.25570	2	57.7834	2
976.50965	489.26210	2	47.2433	2
976.52455	489.26955	2	60.0238	2
976.54690	489.28070	2	40.2432	1
977.44360	489.72910	2	46.4331	2
977.48150	489.74805	2	44.9872	2
977.48220	489.74840	2	60.3617	1
977.51945	489.76700	2	51.6980	2
978.46440	490.23950	2	45.3563	1
978.47895	490.24675	2	41.0073	2
978.50220	490.25835	2	59.8285	2
979.45060	490.73255	2	66.0605	2
979.46120	490.73785	2	37.8875	2
979.49710	490.75585	2	52.0458	2
979.51530	490.76490	2	66.7248	1
979.56960	490.79210	2	55.8391	2
979.57035	490.79245	2	39.3515	2
980.45740	491.23600	2	36.1992	2
980.49670	491.25560	2	51.8752	2
981.52445	491.76950	2	29.3342	2
981.56070	491.78760	2	39.4700	2
981.59830	491.80640	2	40.5240	2
982.46040	492.23750	2	32.9763	2
982.47350	492.24405	2	41.3862	2
982.51995	492.26725	2	37.4077	2
983.47370	492.74415	2	47.6952	2
983.50440	492.75945	2	41.8393	2
983.57620	492.79535	2	63.8731	2
983.58335	492.79895	2	71.2196	2
983.58840	492.80145	2	43.5626	2
983.60105	492.80780	2	57.7583	2
984.43870	493.22660	2	33.2819	1
984.49295	493.25375	2	51.4998	2
984.63515	493.32485	2	49.4973	2
985.37515	493.69485	2	33.3231	2
985.53805	493.77630	2	45.7336	2
985.54780	493.78120	2	42.7894	1
985.55560	493.78510	2	42.7046	1
986.48980	494.25215	2	67.2246	2
986.49390	494.25420	2	39.5816	2
986.54070	494.27760	2	49.2667	1
987.49805	494.75630	2	30.6648	2
987.52380	494.76915	2	44.2743	2
987.53430	494.77440	2	48.9878	2
987.57095	494.79275	2	58.9699	2
988.48315	495.24885	2	37.4154	2
988.51960	495.26710	2	42.1974	2
988.54365	495.27915	2	46.6988	2
988.55220	495.28340	2	52.6275	3
988.57455	495.29455	2	71.6205	2
988.58165	495.29815	2	50.2233	2
989.49680	495.75565	2	35.5748	2
989.53870	495.77660	2	34.1089	1
989.55395	495.78425	2	58.4190	2
989.55560	495.78505	2	47.7007	2
989.57520	495.79490	2	64.9497	1
990.45765	496.23610	2	36.2530	2
990.47415	496.24435	2	45.3625	2
990.51425	496.26440	2	41.9579	2
990.51450	496.26450	2	48.1934	1
990.54960	496.28205	2	72.6042	2
991.50920	496.76190	2	67.1505	2
991.50940	496.76200	2	60.3318	1
991.51030	496.76240	2	60.3566	1
991.54475	496.77965	2	68.9412	2
991.57000	496.79230	2	60.9797	2
992.48530	497.24990	2	56.2461	2
992.53175	497.27315	2	80.8913	2
992.55400	497.28430	2	68.5321	1
992.60205	497.30830	2	70.4942	2
993.44075	497.72765	2	42.1668	2
993.45155	497.73305	2	39.6740	2
993.49180	497.75320	2	63.3310	2
993.51340	497.76400	2	53.0010	2
993.53140	497.77300	2	67.9359	1
993.54850	497.78150	2	64.1814	2
994.49740	498.25595	2	48.5548	2
994.50870	498.26160	2	31.3537	1
994.50890	498.26175	2	46.9526	2
994.51600	498.26525	2	72.8159	2
994.54470	498.27960	2	34.1806	2
994.60535	498.30995	2	73.7099	2
994.65290	498.33375	2	45.6240	2
995.49245	498.75350	2	43.0030	2
996.53060	499.27260	2	68.2441	2
996.53065	499.27260	2	47.5931	2
996.57190	499.29325	2	44.7222	2
997.58155	499.79805	2	38.2668	2
998.49950	500.25700	2	57.7767	2
998.58705	500.30080	2	40.0145	2
999.48115	500.74785	2	31.0382	2
999.53355	500.77405	2	29.2257	2
999.53525	500.77490	2	41.9016	2
999.57110	500.79280	2	31.5549	2
1000.49315	501.25385	2	35.2928	2
1000.55675	501.28565	2	91.8284	18
1001.51590	501.76520	2	43.5422	3
1001.55455	501.78455	2	67.1189	2
1001.56105	501.78780	2	32.9611	2
1001.58710	501.80080	2	47.2492	1
1001.59180	501.80320	2	69.4090	1
1002.47225	502.24340	2	33.6237	2
1002.48165	502.24810	2	38.1378	2
1002.48680	502.25065	2	40.9544	2
1002.52780	502.27120	2	36.8088	2
1002.54660	502.28055	2	32.4636	2
1002.55900	502.28680	2	35.7216	1
1003.50145	502.75800	2	42.8841	2
1003.51930	502.76690	2	49.5784	1
1003.51970	502.76710	2	43.8871	1
1003.52800	502.77130	2	34.6160	2
1003.57060	502.79260	2	77.6273	2
1004.44600	503.23030	2	34.1755	2
1004.54040	503.27750	2	47.4989	2
1004.56510	503.28985	2	42.5009	2
1005.47000	503.74230	2	48.5910	1
1005.48025	503.74740	2	37.3498	2
1005.49155	503.75305	2	30.2782	2
1005.51195	503.76325	2	54.6415	2
1005.53020	503.77240	2	68.3986	2
1005.53515	503.77485	2	35.2057	2
1006.45260	504.23360	2	31.4699	2
1006.47190	504.24325	2	41.1453	2
1006.49835	504.25645	2	53.8849	2
1007.45650	504.73550	2	37.8856	2
1007.46735	504.74095	2	40.4248	2
1007.47685	504.74570	2	51.1257	2
1007.50505	504.75980	2	43.2810	2
1007.52230	504.76840	2	64.8043	1
1007.52885	504.77170	2	43.0297	2
1007.54080	504.77765	2	55.6510	2
1007.54375	504.77915	2	68.0963	2
1007.67360	504.84405	2	72.5387	2
1008.47715	505.24585	2	49.9658	2
1008.51030	505.26245	2	60.6954	2
1008.51705	505.26580	2	50.9538	2
1009.44745	505.73100	2	41.7557	2
1009.46020	505.73740	2	44.6768	1
1009.51955	505.76705	2	35.4908	2
1009.54850	505.78155	2	87.6308	2
1010.45300	506.23380	2	38.1188	2
1010.49645	506.25550	2	38.4191	2
1010.51040	506.26250	2	62.3724	1
1010.51055	506.26255	2	63.1573	2
1010.55420	506.28440	2	48.8945	1
1010.57570	506.29510	2	68.2972	1
1011.52360	506.76910	2	35.9972	2
1011.53495	506.77475	2	44.7705	2
1011.54650	506.78050	2	42.2462	1
1011.57240	506.79345	2	52.1879	2
1011.60745	506.81100	2	67.3848	2
1012.48825	507.25140	2	58.9480	2
1012.57125	507.29290	2	93.8607	6
1012.57145	507.29300	2	58.0850	2
1012.58200	507.29830	2	60.3144	2
1012.59150	507.30300	2	59.6970	1
1012.60315	507.30885	2	38.2313	2
1012.64095	507.32775	2	48.6627	2
1013.46390	507.73920	2	71.8634	2
1013.53990	507.77720	2	43.4553	2
1013.55385	507.78420	2	65.0732	2
1013.56195	507.78825	2	37.0039	2
1013.62330	507.81895	2	66.6158	2
1014.53395	508.27425	2	42.6146	2
1014.53590	508.27520	2	37.6764	3
1014.57105	508.29280	2	36.8321	2
1014.57255	508.29355	2	45.6864	2
1014.58180	508.29820	2	37.5524	2
1015.49290	508.75375	2	39.0925	2
1015.54450	508.77955	2	88.7347	2
1015.58530	508.79990	2	70.8506	2
1015.59185	508.80320	2	65.4513	2
1016.45950	509.23700	2	36.3102	2
1016.50190	509.25820	2	39.9716	1
1016.51900	509.26680	2	47.3464	1
1016.53130	509.27290	2	47.9452	2
1016.54130	509.27790	2	42.3448	1
1016.54740	509.28100	2	48.6003	3
1017.47050	509.74250	2	34.8936	2
1017.47355	509.74405	2	41.0699	2
1017.51680	509.76570	2	77.0925	2
1017.53475	509.77465	2	38.2152	2
1017.57710	509.79585	2	40.0329	2
1017.62280	509.81870	2	66.1184	2
1018.54495	510.27975	2	39.3848	2
1019.42040	510.71750	2	43.0560	2
1019.50440	510.75945	2	42.5280	2
1019.53985	510.77720	2	34.6686	2
1019.53995	510.77725	2	53.9006	2
1019.54630	510.78045	2	66.6783	2
1019.55135	510.78295	2	46.9225	2
1020.52300	511.26880	2	49.0121	2
1020.52375	511.26915	2	56.0815	2
1020.52390	511.26920	2	92.1954	7
1020.53500	511.27480	2	54.4642	1
1020.53510	511.27480	2	54.9752	2
1021.43920	511.72690	2	37.3308	2
1021.44935	511.73195	2	33.6929	2
1021.49265	511.75360	2	30.0163	2
1021.51145	511.76300	2	43.1073	2
1021.54420	511.77940	2	60.3930	2
1021.60420	511.80940	2	51.7545	2
1022.50390	512.25920	2	53.1099	2
1022.51155	512.26305	2	77.0606	2
1023.48750	512.75105	2	37.4441	2
1023.51735	512.76595	2	60.2822	2
1023.60800	512.81125	2	67.9754	2
1024.37430	513.19445	2	41.5723	2
1024.50210	513.25830	2	39.5883	1
1024.60330	513.30890	2	52.3238	1
1025.45180	513.73320	2	37.8321	1
1025.48190	513.74820	2	49.5213	1
1025.50365	513.75910	2	40.2244	2
1025.55035	513.78245	2	34.7766	2
1025.60305	513.80880	2	48.5114	2
1026.44510	514.22980	2	41.7924	2
1027.56615	514.79035	2	32.7703	2
1027.56680	514.79065	2	35.6998	2
1027.58165	514.79810	2	74.3501	2
1027.59325	514.80390	2	58.5060	2
1027.60260	514.80855	2	68.5927	2
1028.56060	515.28755	2	42.6756	2
1029.47610	515.74535	2	41.5457	2
1029.47735	515.74595	2	56.5827	2
1029.53930	515.77690	2	51.9291	1
1029.54270	515.77865	2	36.7581	2
1029.58235	515.79845	2	36.0745	2
1030.52950	516.27200	2	34.9186	2
1030.59160	516.30310	2	78.8129	2
1030.60665	516.31060	2	75.4382	2
1031.46280	516.73870	2	63.8999	2
1031.50355	516.75905	2	40.9637	2
1031.50835	516.76145	2	48.6433	2
1031.54575	516.78015	2	51.2631	2
1031.58555	516.80005	2	61.8502	2
1031.58670	516.80065	2	56.4168	2
1032.49805	517.25630	2	41.3222	2
1032.53405	517.27430	2	48.2434	2
1032.59670	517.30560	2	73.3220	2
1033.56660	517.79055	2	42.4088	2
1033.58055	517.79755	2	82.0239	2
1033.61780	517.81620	2	69.4497	2
1034.52000	518.26725	2	64.4775	2
1034.55850	518.28650	2	80.4172	2
1035.48775	518.75115	2	60.8620	2
1035.56135	518.78795	2	60.1467	2
1036.51840	519.26650	2	40.8699	2
1036.51890	519.26670	2	42.9114	2
1036.53480	519.27465	2	71.0191	2
1036.53665	519.27560	2	67.4048	2
1036.55505	519.28480	2	63.0159	2
1037.50630	519.76040	2	33.2870	2
1037.52970	519.77210	2	60.4129	1
1037.62280	519.81870	2	54.4312	1
1037.64875	519.83165	2	70.7390	2
1038.48015	520.24735	2	46.3423	2
1038.54695	520.28075	2	34.3010	2
1039.46430	520.73945	2	47.0775	2
1039.49760	520.75610	2	51.9317	2
1039.56810	520.79130	2	48.2625	5
1040.47005	521.24230	2	40.5071	2
1040.49595	521.25525	2	41.2411	2
1040.54965	521.28210	2	53.9184	2
1040.57010	521.29230	2	49.3573	2
1040.59825	521.30640	2	56.5367	2
1040.62285	521.31870	2	73.5171	2
1040.65985	521.33720	2	59.3817	2
1041.45480	521.73465	2	35.1109	2
1041.53370	521.77410	2	49.6234	1
1041.58180	521.79820	2	51.6529	1
1042.51330	522.26390	2	64.0927	2
1042.53070	522.27265	2	36.8980	2
1042.55530	522.28495	2	53.2256	2
1042.57730	522.29590	2	40.4414	1
1043.54375	522.77915	2	48.0259	2
1043.55030	522.78240	2	78.7494	1
1043.56150	522.78805	2	35.9329	2
1043.56350	522.78905	2	32.9814	2
1043.60330	522.80890	2	63.1668	2
1044.52000	523.26730	2	43.9650	3
1044.53910	523.27680	2	65.7552	2
1044.55595	523.28525	2	42.9182	2
1044.55895	523.28675	2	57.9039	2
1045.53995	523.77725	2	32.7753	2
1045.55835	523.78645	2	62.9310	2
1045.60090	523.80770	2	60.0830	2
1046.52455	524.26955	2	35.0756	2
1046.58760	524.30110	2	37.3037	1
1046.59670	524.30565	2	48.8422	2
1047.50450	524.75950	2	52.9027	1
1047.52675	524.77065	2	59.5608	2
1048.47830	525.24640	2	34.5445	2
1049.52500	525.76980	2	50.1979	2
1049.56160	525.78810	2	36.8018	2
1050.50955	526.26205	2	45.4540	2
1050.53415	526.27435	2	47.4490	2
1050.57100	526.29275	2	61.7895	2
1050.59610	526.30530	2	68.1230	2
1051.49355	526.75405	2	36.3706	2
1051.50850	526.76150	2	58.1308	1
1052.46340	527.23900	2	57.2516	1
1053.61815	527.81635	2	55.5528	2
1054.49580	528.25520	2	68.4094	1
1054.53375	528.27415	2	74.5917	2
1054.54030	528.27745	2	31.2648	2
1054.60005	528.30730	2	51.3748	2
1054.60235	528.30845	2	56.6155	2
1055.42275	528.71865	2	46.6591	2
1055.45840	528.73650	2	36.2485	1
1055.49225	528.75340	2	44.1546	2
1055.58585	528.80020	2	63.4199	2
1055.58600	528.80030	2	67.4046	1
1056.53175	529.27315	2	76.7469	2
1056.56190	529.28820	2	42.7603	2
1056.58090	529.29775	2	54.5829	2
1056.59210	529.30330	2	52.4174	2
1057.50825	529.76140	2	43.2634	2
1057.51120	529.76290	2	71.9474	1
1057.55250	529.78355	2	40.2758	2
1057.57655	529.79555	2	35.2855	2
1057.57670	529.79560	2	43.9192	2
1057.63825	529.82640	2	77.5684	2
1058.49240	530.25350	2	49.9593	1
1058.54460	530.27955	2	78.2382	2
1058.55790	530.28620	2	71.6953	1
1058.57250	530.29350	2	46.2455	2
1058.59620	530.30535	2	38.9823	2
1059.50775	530.76115	2	42.8283	2
1059.54240	530.77850	2	55.0803	1
1059.59990	530.80720	2	56.4946	1
1060.47725	531.24590	2	33.0490	2
1060.52305	531.26880	2	73.9548	2
1060.61700	531.31575	2	82.9086	2
1061.55090	531.78270	2	44.1570	2
1061.57555	531.79505	2	74.4098	2
1062.53530	532.27495	2	56.0350	2
1062.58410	532.29930	2	55.7575	1
1063.53025	532.77240	2	43.2529	2
1063.54085	532.77770	2	45.5331	2
1064.58640	533.30050	2	50.4608	1
1064.63495	533.32475	2	53.8102	2
1065.44770	533.73110	2	45.8275	2
1065.55265	533.78360	2	60.8622	2
1065.55305	533.78380	2	77.9596	2
1066.45750	534.23600	2	53.2664	1
1066.46700	534.24080	2	31.4535	1
1066.50445	534.25950	2	32.0712	2
1066.51820	534.26640	2	55.8981	2
1067.51380	534.76420	2	44.7074	2
1067.57255	534.79355	2	52.1043	2
1068.55050	535.28255	2	35.9035	2
1068.55960	535.28710	2	63.4124	1
1068.58085	535.29770	2	59.6145	2
1068.59290	535.30370	2	56.6113	2
1068.65345	535.33400	2	44.5034	2
1070.57130	536.29290	2	67.9951	1
1070.60840	536.31150	2	44.0105	2
1070.61940	536.31700	2	39.9147	1
1070.63415	536.32435	2	68.5926	2
1070.65980	536.33720	2	75.6928	1
1071.41640	536.71550	2	38.8895	2
1071.56445	536.78950	2	48.1453	2
1071.59335	536.80395	2	53.1325	2
1072.52930	537.27195	2	46.7171	2
1072.57505	537.29480	2	72.9165	2
1072.59540	537.30495	2	37.9543	2
1072.61315	537.31385	2	40.1448	2
1073.49895	537.75675	2	44.0659	2
1073.51840	537.76650	2	53.7534	2
1073.52540	537.77000	2	33.1941	3
1073.58695	537.80075	2	43.0891	2
1073.59105	537.80280	2	58.5587	2
1073.60860	537.81160	2	33.6465	1
1073.60885	537.81170	2	86.0119	2
1073.65885	537.83670	2	62.6697	2
1074.54535	538.27995	2	42.5554	2
1074.55165	538.28310	2	52.6761	2
1074.57150	538.29300	2	59.2352	2
1075.47950	538.74700	2	32.6990	1
1075.53350	538.77400	2	65.2582	2
1075.59175	538.80315	2	70.0005	2
1075.61185	538.81320	2	57.0969	2
1075.62790	538.82120	2	66.9288	2
1076.51390	539.26420	2	48.4424	2
1076.56175	539.28815	2	53.5232	2
1076.57250	539.29355	2	41.7950	2
1077.56970	539.79215	2	63.8938	2
1077.60445	539.80950	2	38.0692	2
1078.50415	540.25935	2	39.8707	2
1081.45730	541.73595	2	39.4609	2
1081.62425	541.81940	2	59.2622	2
1082.53210	542.27330	2	54.0684	2
1082.55535	542.28495	2	81.6140	2
1082.64445	542.32950	2	54.4478	2
1084.48670	543.25060	2	37.3549	2
1084.51905	543.26680	2	73.1686	2
1084.54280	543.27870	2	26.5641	1
1084.57005	543.29230	2	44.6303	2
1084.57060	543.29260	2	88.3385	2
1084.63855	543.32655	2	78.2066	2
1084.66110	543.33785	2	54.8385	2
1085.60690	543.81070	2	53.5691	1
1085.60815	543.81135	2	50.6128	2
1085.61260	543.81355	2	42.4446	2
1085.64490	543.82975	2	66.5562	2
1086.06470	544.03960	2	49.4919	4
1086.55555	544.28505	2	46.7738	2
1086.56710	544.29085	2	32.2430	2
1087.05815	544.53635	2	50.1152	2
1087.55210	544.78330	2	50.1474	1
1087.56260	544.78860	2	41.0648	2
1087.58750	544.80105	2	40.3308	2
1087.59340	544.80400	2	47.0565	2
1087.59850	544.80650	2	56.5548	1
1087.61380	544.81420	2	69.5813	1
1088.45525	545.23490	2	35.5891	2
1088.55485	545.28470	2	70.2143	2
1088.56090	545.28770	2	60.7709	1
1088.60890	545.31170	2	34.0777	2
1089.52510	545.76980	2	43.7282	1
1089.53105	545.77280	2	40.5841	2
1089.55770	545.78610	2	32.8307	2
1089.56650	545.79050	2	61.9539	1
1089.60290	545.80875	2	43.5923	2
1090.46780	546.24115	2	36.4263	2
1090.60145	546.30800	2	58.1356	2
1091.51605	546.76530	2	54.6364	2
1092.53820	547.27640	2	54.3826	2
1092.58060	547.29755	2	53.1526	2
1093.53960	547.77710	2	57.1496	2
1093.54050	547.77750	2	42.8829	1
1094.08155	548.04805	2	34.9940	4
1094.55110	548.28285	2	67.2337	2
1094.55490	548.28475	2	76.9298	2
1094.56140	548.28795	2	31.5765	2
1094.59875	548.30665	2	56.7253	2
1095.46530	548.73990	2	51.9881	2
1095.55705	548.78580	2	53.5203	2
1095.56375	548.78915	2	68.5118	2
1095.56685	548.79070	2	30.1587	2
1096.51970	549.26710	2	47.1649	2
1096.56250	549.28850	2	40.8991	2
1097.60840	549.81150	2	55.6197	2
1098.53535	550.27495	2	43.8966	2
1098.57930	550.29690	2	34.3432	1
1098.58270	550.29860	2	72.2329	4
1099.49335	550.75395	2	59.4138	2
1099.56430	550.78940	2	40.6404	1
1100.46055	551.23755	2	65.4041	2
1100.55870	551.28665	2	32.1365	2
1100.56195	551.28825	2	35.9236	2
1100.57155	551.29305	2	70.4066	2
1101.52450	551.76950	2	54.8014	2
1101.55500	551.78480	2	69.6349	2
1101.60770	551.81110	2	36.3442	2
1101.65170	551.83315	2	51.8753	2
1102.50885	552.26170	2	65.0249	2
1102.56880	552.29170	2	32.8997	2
1102.57735	552.29595	2	63.4266	2
1102.58640	552.30045	2	34.7607	2
1102.61020	552.31240	2	57.8742	1
1103.56070	552.78765	2	38.0037	2
1103.58375	552.79915	2	49.4196	2
1104.45200	553.23330	2	29.6511	1
1104.47610	553.24530	2	33.4539	4
1104.50895	553.26175	2	51.7908	2
1104.53050	553.27250	2	43.1708	2
1104.54670	553.28065	2	42.7787	2
1104.54710	553.28085	2	45.3325	2
1104.56465	553.28960	2	47.1892	2
1104.56630	553.29045	2	31.9053	2
1104.59325	553.30390	2	59.0629	2
1104.62630	553.32040	2	86.8477	2
1104.69110	553.35285	2	87.9691	2
1105.50840	553.76150	2	51.1186	1
1105.53140	553.77300	2	61.8823	1
1105.57580	553.79515	2	64.0079	2
1106.53915	554.27685	2	46.4280	2
1106.55960	554.28710	2	35.1260	1
1106.58605	554.30030	2	82.0866	2
1106.60915	554.31185	2	81.4204	2
1107.53910	554.77680	2	60.3101	2
1107.54525	554.77990	2	53.3831	2
1107.54940	554.78200	2	64.8761	1
1107.55740	554.78595	2	54.0393	2
1107.55905	554.78680	2	35.6371	2
1107.57650	554.79550	2	93.3179	11
1107.59215	554.80335	2	43.3385	2
1108.42820	555.22140	2	35.1876	3
1108.51555	555.26505	2	30.5372	2
1108.57120	555.29290	2	77.4053	2
1109.50390	555.75920	2	74.3709	1
1109.53355	555.77405	2	77.9750	2
1109.53980	555.77720	2	46.0487	2
1109.54910	555.78180	2	89.2680	2
1109.57255	555.79355	2	31.4474	2
1109.58750	555.80100	2	57.4297	1
1109.61290	555.81370	2	70.2409	2
1109.68180	555.84820	2	77.8468	1
1110.52080	556.26770	2	59.3901	2
1110.55615	556.28535	2	53.9472	2
1110.59030	556.30245	2	82.3149	2
1110.60840	556.31150	2	76.0875	1
1110.66485	556.33970	2	73.3825	2
1111.56380	556.78920	2	32.2915	1
1113.63270	557.82360	2	61.6451	1
1114.55655	558.28555	2	77.2544	2
1114.56195	558.28825	2	37.9567	2
1114.56575	558.29015	2	63.5993	2
1114.57010	558.29230	2	46.9050	6
1114.62410	558.31930	2	61.1645	1
1114.63405	558.32430	2	51.9661	2
1115.51500	558.76480	2	45.9898	2
1115.54555	558.78005	2	44.7170	2
1115.55665	558.78560	2	33.3438	2
1115.57980	558.79720	2	40.5535	2
1115.58590	558.80025	2	52.7685	2
1115.60085	558.80770	2	55.1101	2
1116.50180	559.25820	2	42.5626	2
1116.56680	559.29070	2	53.3264	2
1116.58205	559.29830	2	71.5464	2
1116.61270	559.31365	2	33.5964	2
1117.52700	559.77075	2	37.7211	2
1117.54305	559.77880	2	41.0145	2
1117.56185	559.78820	2	49.8168	2
1117.60555	559.81005	2	69.9657	2
1118.01770	560.01615	2	45.1357	4
1118.48385	560.24920	2	31.3703	2
1118.54870	560.28165	2	75.2532	2
1118.60600	560.31025	2	68.5964	2
1118.63490	560.32475	2	55.9788	2
1119.54210	560.77830	2	68.3065	2
1119.56700	560.79080	2	55.5828	3
1119.58370	560.79910	2	61.5765	1
1119.59515	560.80485	2	66.4057	2
1119.66840	560.84145	2	81.8651	2
1120.57600	561.29525	2	59.4395	2
1121.53450	561.77455	2	67.7647	2
1121.56310	561.78880	2	33.3491	1
1121.61030	561.81245	2	46.3251	2
1122.51085	562.26270	2	58.7074	2
1123.47750	562.74600	2	45.0812	2
1123.57075	562.79265	2	56.4713	2
1123.58075	562.79765	2	52.7018	2
1124.51820	563.26640	2	63.0712	1
1124.61890	563.31675	2	68.3328	2
1124.63205	563.32330	2	36.3622	8
1124.67995	563.34725	2	79.6524	2
1125.51105	563.76280	2	33.4165	2
1125.53845	563.77650	2	47.6957	2
1125.57160	563.79310	2	41.7354	2
1125.64060	563.82760	2	60.0041	1
1126.49710	564.25580	2	53.4203	1
1126.59870	564.30665	2	50.4403	2
1126.61675	564.31565	2	82.8132	2
1126.66040	564.33750	2	76.3269	3
1127.47510	564.74480	2	68.0405	2
1127.53320	564.77390	2	65.2060	2
1127.56180	564.78820	2	76.7199	1
1127.56515	564.78985	2	41.1277	2
1127.61125	564.81290	2	60.9606	2
1127.65750	564.83600	2	91.0309	5
1128.55430	565.28440	2	52.9079	1
1128.56645	565.29050	2	40.5326	2
1128.57830	565.29640	2	41.4134	2
1128.58905	565.30180	2	30.6932	2
1128.63905	565.32680	2	58.7573	2
1129.57945	565.79700	2	54.7151	2
1129.63380	565.82415	2	33.5072	2
1129.63495	565.82475	2	38.2100	2
1129.67125	565.84290	2	69.0919	2
1130.56125	566.28790	2	46.2184	2
1130.58165	566.29810	2	63.2772	2
1131.57745	566.79600	2	32.7372	2
1131.62920	566.82190	2	69.4798	2
1132.53810	567.27630	2	31.0192	2
1132.58790	567.30125	2	60.9798	2
1133.55240	567.78350	2	68.1967	3
1133.57195	567.79325	2	71.3896	2
1133.57385	567.79420	2	55.0542	2
1133.57530	567.79495	2	65.1919	2
1133.60840	567.81145	2	61.4417	2
1133.64540	567.83000	2	67.1573	1
1134.53305	568.27380	2	42.6757	2
1134.57810	568.29630	2	45.1417	3
1135.59905	568.80680	2	46.0206	2
1136.53585	569.27520	2	52.3287	2
1136.57105	569.29280	2	56.8371	2
1136.57165	569.29310	2	59.9373	2
1137.56530	569.78995	2	81.8891	2
1137.57785	569.79620	2	54.2495	2
1138.56460	570.28960	2	61.3989	1
1138.58750	570.30100	2	33.1157	2
1138.61110	570.31280	2	33.9513	1
1139.54695	570.78075	2	53.4641	2
1139.56200	570.78825	2	65.5719	2
1139.63020	570.82240	2	38.0297	2
1139.65435	570.83445	2	60.6587	2
1140.52350	571.26900	2	31.7297	2
1141.55680	571.78570	2	70.8302	2
1141.56820	571.79140	2	61.6756	2
1141.59625	571.80540	2	30.8366	2
1141.61005	571.81230	2	58.4457	2
1142.03205	572.02330	2	64.0580	4
1142.48795	572.25125	2	44.0912	2
1142.55385	572.28420	2	89.6509	2
1142.55745	572.28600	2	50.6461	2
1142.61675	572.31565	2	53.8804	2
1142.63000	572.32225	2	51.3572	2
1142.63140	572.32295	2	32.3270	2
1143.50820	572.76140	2	54.8282	2
1143.57075	572.79265	2	64.5266	2
1143.58785	572.80120	2	32.9201	2
1143.69080	572.85265	2	85.9869	2
1144.58910	573.30185	2	48.3009	2
1144.59240	573.30350	2	56.1518	3
1144.59470	573.30460	2	59.2546	1
1144.60885	573.31170	2	36.5748	2
1144.63620	573.32540	2	56.3368	2
1145.57580	573.79515	2	45.9076	2
1145.66930	573.84190	2	69.7506	1
1145.67050	573.84250	2	69.7704	1
1146.57665	574.29560	2	44.5075	2
1146.58455	574.29955	2	71.7630	2
1146.61460	574.31460	2	51.7348	2
1147.55110	574.78280	2	61.2448	2
1147.55460	574.78460	2	42.1388	2
1147.55545	574.78500	2	47.7049	2
1147.57885	574.79670	2	64.1438	2
1147.58830	574.80140	2	53.7839	2
1147.63870	574.82660	2	87.0707	3
1148.51300	575.26375	2	32.6887	2
1148.54845	575.28150	2	52.0745	2
1148.56935	575.29195	2	79.3614	2
1148.60910	575.31185	2	61.5874	2
1149.56710	575.79080	2	56.8596	2
1149.56720	575.79085	2	67.0293	2
1150.05715	576.03585	2	58.0255	4
1150.54070	576.27760	2	32.2734	2
1150.58740	576.30100	2	54.3300	2
1150.58790	576.30120	2	47.1301	1
1151.49275	576.75365	2	51.0707	2
1151.59470	576.80460	2	39.5555	2
1151.64775	576.83115	2	68.0010	2
1152.52965	577.27210	2	52.8829	2
1152.54260	577.27860	2	90.9713	2
1152.54835	577.28145	2	59.8772	2
1152.55315	577.28385	2	35.4855	2
1152.56360	577.28910	2	42.8271	1
1152.58805	577.30130	2	57.4908	2
1154.57245	578.29350	2	62.5306	2
1154.62210	578.31835	2	58.5105	2
1154.63115	578.32285	2	43.8553	2
1155.56250	578.78855	2	33.3307	2
1155.58110	578.79785	2	87.5022	2
1155.61445	578.81450	2	50.3373	2
1155.62895	578.82175	2	51.2676	2
1155.64935	578.83195	2	48.1199	2
1156.52015	579.26735	2	43.7697	2
1156.59200	579.30330	2	84.5700	1
1156.60315	579.30885	2	65.9102	2
1157.56360	579.78905	2	48.5015	2
1157.57580	579.79520	2	74.8080	1
1157.59275	579.80365	2	57.7361	2
1157.59385	579.80420	2	51.5858	2
1157.63680	579.82565	2	52.4246	2
1158.59945	580.30700	2	40.9643	2
1158.62535	580.31995	2	44.8640	2
1159.57175	580.79315	2	63.7825	2
1159.57400	580.79425	2	32.8307	2
1159.58335	580.79895	2	44.4686	2
1159.59445	580.80450	2	39.9781	2
1159.62055	580.81755	2	38.6889	2
1159.63930	580.82690	2	79.5550	2
1159.68290	580.84870	2	48.6117	2
1160.56485	581.28970	2	36.0212	2
1160.58660	581.30060	2	66.1262	2
1160.58745	581.30100	2	48.6953	2
1160.59285	581.30370	2	72.4780	2
1160.59740	581.30595	2	53.5746	2
1160.60770	581.31110	2	61.0187	3
1160.61540	581.31500	2	35.2235	2
1161.52575	581.77015	2	33.8130	2
1161.60040	581.80750	2	52.9387	2
1161.60045	581.80750	2	44.9202	2
1161.60660	581.81060	2	72.2909	2
1161.61445	581.81450	2	52.7597	2
1161.66240	581.83850	2	96.4494	5
1162.57680	582.29570	2	52.6416	1
1162.59890	582.30670	2	71.2680	2
1163.56510	582.78980	2	33.4116	1
1163.57635	582.79545	2	64.9495	2
1163.60800	582.81125	2	66.7314	2
1164.60150	583.30805	2	60.1122	2
1164.60465	583.30960	2	54.2762	2
1164.72390	583.36925	2	69.8810	2
1165.46010	583.73735	2	33.9043	2
1165.57665	583.79560	2	71.9219	2
1165.63350	583.82405	2	63.8440	2
1166.54030	584.27745	2	45.8222	2
1167.59290	584.80370	2	75.5443	2
1167.61785	584.81620	2	84.2742	2
1168.63205	585.32330	2	77.5193	2
1168.64580	585.33020	2	48.5854	2
1168.68165	585.34810	2	57.7929	2
1168.74375	585.37915	2	78.9349	2
1169.57180	585.79315	2	53.6998	2
1170.52090	586.26770	2	49.7509	1
1170.57680	586.29570	2	45.3000	1
1170.62555	586.32005	2	46.3218	2
1170.66070	586.33760	2	66.2009	2
1170.66125	586.33790	2	69.8508	2
1171.61950	586.81700	2	34.4337	1
1171.62165	586.81810	2	49.4495	2
1171.62375	586.81915	2	55.4230	2
1171.70000	586.85730	2	54.1443	2
1172.08475	587.04965	2	64.9446	4
1172.61520	587.31485	2	39.2071	2
1172.62570	587.32010	2	93.0635	7
1172.62870	587.32160	2	73.2027	2
1172.63025	587.32240	2	65.3924	2
1172.64000	587.32725	2	70.3992	2
1173.58885	587.80170	2	45.7048	2
1173.61305	587.81380	2	84.7417	2
1173.62470	587.81965	2	66.9111	2
1174.06615	588.04035	2	32.4008	4
1174.54690	588.28075	2	30.9894	2
1174.56360	588.28905	2	53.4710	2
1174.61060	588.31255	2	39.6101	2
1175.57380	588.79420	2	60.0239	2
1175.61955	588.81705	2	40.3894	2
1175.65530	588.83495	2	58.4456	2
1176.49950	589.25700	2	30.7439	2
1176.58050	589.29750	2	52.2445	2
1177.63405	589.82430	2	65.5476	2
1177.66120	589.83785	2	89.5546	2
1177.66210	589.83830	2	88.8890	2
1178.46260	590.23860	2	67.3440	1
1178.51775	590.26615	2	36.8927	2
1178.54645	590.28050	2	46.9819	2
1179.54280	590.77870	2	41.1043	1
1179.61440	590.81450	2	49.8410	1
1180.52310	591.26880	2	61.8129	1
1180.59685	591.30570	2	64.1568	2
1180.70685	591.36070	2	84.9611	2
1181.65220	591.83335	2	54.1694	2
1182.54280	592.27870	2	74.2549	2
1182.60315	592.30885	2	70.6721	2
1182.66515	592.33985	2	57.7077	2
1182.68070	592.34760	2	78.0444	2
1184.58685	593.30070	2	60.5425	2
1184.60415	593.30935	2	49.2882	2
1185.57470	593.79465	2	85.5963	2
1185.57805	593.79630	2	34.9596	2
1185.63945	593.82700	2	78.6973	2
1185.65040	593.83250	2	63.4714	1
1186.54480	594.27965	2	44.3928	2
1186.65705	594.33580	2	46.1027	2
1187.59150	594.80305	2	48.6619	2
1187.59530	594.80495	2	64.8133	2
1187.62265	594.81860	2	76.8262	2
1187.70245	594.85850	2	87.1876	2
1187.70290	594.85875	2	79.9273	2
1188.54230	595.27845	2	50.7707	2
1188.58960	595.30210	2	40.9547	2
1188.59865	595.30660	2	45.0459	2
1188.61745	595.31600	2	49.5562	2
1189.54115	595.77785	2	78.1130	2
1189.63810	595.82630	2	51.3176	2
1189.64470	595.82960	2	69.1758	2
1189.67160	595.84305	2	73.5755	2
1190.53820	596.27635	2	53.5894	2
1190.56025	596.28740	2	54.4949	2
1190.58960	596.30210	2	32.5673	1
1190.59995	596.30725	2	63.5706	2
1191.66670	596.84060	2	81.7004	1
1192.52850	597.27155	2	45.4193	2
1192.61620	597.31540	2	65.7631	2
1192.66100	597.33775	2	86.2446	2
1193.61595	597.81525	2	36.9215	2
1193.63365	597.82410	2	67.0635	2
1193.67030	597.84240	2	89.2028	2
1194.51310	598.26385	2	29.7019	2
1194.61320	598.31390	2	66.6346	1
1195.60945	598.81200	2	59.7331	2
1196.54970	599.28215	2	44.2142	2
1196.57230	599.29340	2	33.7442	2
1196.65005	599.33230	2	47.9064	2
1197.54690	599.78075	2	77.3094	2
1197.57170	599.79310	2	51.6049	1
1197.57555	400.19915	3	34.0616	2
1197.59155	599.80305	2	62.6633	2
1197.59360	599.80410	2	92.8432	1
1197.62410	599.81930	2	59.2598	1
1197.66435	599.83945	2	73.5532	2
1197.69775	599.85615	2	74.5841	2
1198.62130	400.54770	3	51.2727	1
1198.62190	600.31825	2	51.3247	2
1198.65570	400.55920	3	39.0283	2
1198.65615	600.33535	2	39.0692	2
1199.50870	600.76160	2	59.2911	1
1199.54655	600.78055	2	54.1957	2
1199.71325	600.86390	2	77.8177	2
1200.61880	401.21355	3	40.6156	2
1200.62240	601.31850	2	58.3926	2
1200.62450	601.31955	2	40.5918	2
1200.64555	601.33005	2	51.4052	2
1200.65115	601.33285	2	79.1703	2
1201.09090	601.55275	2	41.1855	4
1201.60900	401.54360	3	46.2952	2
1201.60930	601.81190	2	46.3771	2
1201.61940	601.81700	2	74.1971	2
1201.62970	401.55050	3	34.4980	2
1201.63055	601.82255	2	35.0474	2
1201.66730	401.56300	3	45.4408	2
1201.66775	601.84115	2	45.4193	2
1201.66790	601.84125	2	56.0369	2
1202.58930	602.30195	2	38.7250	2
1202.60420	602.30940	2	47.3741	1
1202.60470	401.87550	3	47.3653	1
1202.60470	602.30960	2	47.3937	1
1202.64125	401.88770	3	37.5001	2
1202.64455	602.32955	2	37.4677	2
1202.64935	602.33195	2	64.1236	2
1203.59845	602.80650	2	40.0633	2
1203.61665	602.81560	2	94.1587	8
1203.67185	602.84320	2	50.8239	2
1204.48130	603.24790	2	40.8361	1
1204.58135	603.29795	2	51.9235	2
1204.60870	603.31165	2	56.4160	2
1204.61395	603.31425	2	91.9830	2
1204.65750	603.33605	2	46.8676	2
1204.65825	402.56000	3	46.8911	2
1205.11610	603.56530	2	55.8791	2
1205.59260	402.87145	3	58.5349	2
1205.63100	402.88430	3	50.8405	1
1205.63100	603.82280	2	55.7864	1
1205.64130	603.82790	2	53.7534	2
1205.71245	402.91140	3	64.2716	2
1205.71265	603.86360	2	64.3001	2
1206.60650	604.31055	2	85.6062	4
1206.62405	604.31930	2	63.7205	2
1207.57230	604.79345	2	61.8776	2
1207.57610	403.53260	3	36.5246	2
1207.61880	604.81670	2	54.5482	1
1207.62375	604.81915	2	71.7030	2
1207.76625	604.89040	2	80.3132	2
1208.52330	605.26890	2	37.6470	2
1208.59420	605.30440	2	82.1893	2
1208.60410	605.30935	2	67.6786	2
1208.67315	605.34385	2	90.3254	2
1209.58810	605.80130	2	47.0842	2
1210.59910	606.30680	2	95.3877	5
1210.61365	404.54515	3	62.0867	2
1210.63080	404.55085	3	36.3757	2
1210.74040	606.37750	2	70.0355	2
1211.59670	606.80560	2	61.6170	1
1211.61930	606.81690	2	77.4233	2
1211.62520	404.88235	3	33.8689	2
1211.65090	404.89090	3	47.3695	1
1211.65105	606.83280	2	47.4436	2
1211.65555	606.83505	2	86.5825	2
1212.54175	607.27815	2	56.1999	2
1212.56710	405.19630	3	26.0310	2
1212.64820	405.22330	3	55.5598	1
1213.64660	405.55610	3	52.9367	1
1213.66000	607.83730	2	95.3546	1
1213.66600	607.84030	2	47.2908	1
1214.49885	608.25670	2	90.4232	2
1214.59695	608.30575	2	62.8396	2
1214.70240	608.35850	2	62.3957	1
1215.60040	608.80750	2	49.3928	2
1215.64595	608.83025	2	59.5566	2
1215.65145	608.83300	2	82.1977	2
1215.68200	406.23460	3	33.1366	2
1215.68240	608.84845	2	33.1706	2
1216.57570	609.29510	2	48.0082	2
1216.57680	609.29570	2	37.7788	2
1216.62065	609.31760	2	54.4995	2
1216.65725	609.33590	2	69.0920	2
1217.56535	609.78995	2	69.3584	2
1217.60725	609.81090	2	57.0100	2
1217.60990	609.81220	2	75.1869	2
1217.67675	406.89955	3	67.5233	2
1218.62815	610.32135	2	58.1744	2
1218.66460	610.33960	2	82.6077	2
1219.61440	610.81445	2	48.7276	2
1219.71785	610.86620	2	85.9518	2
1220.64085	611.32770	2	77.6854	2
1220.64095	611.32775	2	53.7094	2
1220.64180	611.32820	2	48.2770	3
1221.59745	611.80600	2	58.2220	2
1221.60890	408.21025	3	29.9223	2
1221.61160	611.81305	2	29.9875	2
1221.63670	611.82560	2	55.9456	3
1222.61285	612.31370	2	66.5948	2
1223.54210	612.77830	2	45.5955	2
1223.62530	612.81990	2	34.3754	2
1223.65015	408.89065	3	46.7511	2
1223.71335	612.86395	2	78.8770	6
1224.62420	613.31935	2	67.7604	2
1224.62935	613.32195	2	53.2132	2
1224.65795	613.33625	2	35.5159	2
1224.65850	409.22675	3	35.2388	2
1224.68400	613.34930	2	42.0776	2
1225.67290	613.84375	2	68.5414	2
1226.69850	614.35650	2	58.4783	2
1226.70750	614.36100	2	80.7614	1
1227.65640	614.83550	2	58.2412	1
1227.66115	614.83785	2	69.5077	2
1227.67370	614.84410	2	67.4474	3
1227.68165	614.84810	2	63.9775	2
1229.55695	615.78575	2	40.3632	2
1229.61865	615.81660	2	48.8418	2
1229.62550	615.82000	2	44.1519	1
1229.65000	410.89060	3	46.5147	2
1229.65075	615.83265	2	46.5620	2
1229.69885	615.85670	2	38.8971	2
1229.73705	410.91960	3	58.2865	2
1230.55960	411.19380	3	31.5575	1
1230.58285	616.29870	2	40.4976	2
1230.58870	411.20350	3	33.6593	2
1230.58870	616.30165	2	59.3243	2
1230.61665	616.31560	2	47.8449	2
1230.64025	616.32740	2	78.3853	2
1230.65760	616.33605	2	40.2612	2
1230.66185	616.33820	2	82.1224	2
1231.58675	616.80065	2	51.4429	2
1231.58680	616.80065	2	34.9772	2
1231.62335	616.81895	2	54.3865	2
1231.62440	616.81950	2	87.1363	2
1231.65655	616.83555	2	59.9416	2
1231.65995	616.83725	2	56.2581	2
1231.69270	411.57150	3	57.2684	2
1232.57290	617.29370	2	32.4327	2
1232.60690	617.31070	2	45.1351	2
1233.60945	617.81200	2	49.6129	2
1233.61180	617.81320	2	61.5816	1
1233.62110	617.81780	2	42.8666	2
1233.66105	617.83780	2	56.6914	2
1234.56895	412.53025	3	39.2314	2
1234.59820	618.30635	2	33.8794	2
1234.65485	618.33470	2	63.5365	2
1235.60705	618.81080	2	38.3854	2
1235.60715	412.87630	3	38.3802	2
1235.64995	618.83225	2	48.1222	2
1235.65100	412.89095	3	48.0821	2
1235.66955	412.89715	3	57.4020	2
1235.67060	618.84260	2	57.4682	2
1236.56265	619.28860	2	47.4151	2
1237.63480	413.55220	3	36.3631	2
1237.63520	619.82485	2	36.4342	2
1237.64685	619.83070	2	63.3351	2
1237.73990	413.58725	3	67.2597	2
1237.74035	619.87745	2	81.9192	4
1238.60900	620.31180	2	54.3492	1
1238.61560	620.31510	2	45.9574	1
1238.66100	620.33780	2	51.9863	1
1239.59270	620.80365	2	58.0145	2
1239.59615	414.20600	3	34.3009	2
1239.61900	620.81675	2	61.7660	2
1239.66860	620.84160	2	46.8156	3
1239.68320	620.84885	2	74.6536	2
1239.71825	620.86640	2	73.4245	2
1240.58700	414.53630	3	34.8630	2
1240.70140	621.35800	2	71.0895	1
1240.70275	621.35865	2	90.2322	2
1241.59280	621.80365	2	70.5291	2
1241.66470	621.83960	2	61.3644	1
1241.67300	621.84380	2	42.2513	1
1241.69890	621.85670	2	77.7771	1
1241.77430	414.93200	3	76.7679	2
1241.77520	621.89490	2	76.8673	2
1242.63720	415.21965	3	42.9361	2
1242.63795	622.32625	2	42.9682	2
1242.64520	622.32985	2	54.1885	2
1242.70010	622.35735	2	94.5577	2
1243.58670	622.80060	2	64.3773	1
1244.54235	623.27845	2	51.5807	2
1244.56775	623.29115	2	45.5668	2
1244.61030	415.87735	3	32.4000	2
1244.63200	623.32325	2	65.4306	2
1244.67250	415.89810	3	35.2559	2
1245.62110	623.81780	2	46.3136	1
1245.62140	416.21440	3	46.2361	2
1245.65120	623.83285	2	81.1554	2
1245.65750	623.83600	2	42.1233	1
1245.67175	416.23120	3	53.8305	2
1245.67525	623.84490	2	41.0393	2
1246.60690	416.54290	3	40.0573	1
1246.61370	416.54515	3	53.6372	2
1246.65115	416.55765	3	66.0892	2
1246.69200	624.35325	2	71.5540	2
1247.58130	416.86770	3	27.7510	1
1248.61760	625.31605	2	87.2888	2
1248.67255	625.34355	2	60.1465	2
1248.67350	625.34405	2	62.4710	2
1249.63095	625.82275	2	56.5013	2
1249.65490	625.83475	2	63.2188	2
1249.65680	625.83565	2	82.2506	2
1250.66490	626.33970	2	79.6860	1
1250.72730	626.37095	2	86.9767	2
1250.76110	626.38780	2	71.3584	1
1251.66160	626.83810	2	74.0219	2
1252.73885	627.37670	2	78.4791	2
1252.75040	418.59070	3	64.9044	1
1252.77550	627.39500	2	90.5658	1
1253.56080	627.78765	2	65.4865	2
1253.63030	418.88405	3	30.9196	2
1254.58860	628.30160	2	67.6460	2
1254.59990	628.30725	2	79.5496	2
1254.72960	628.37205	2	38.5772	2
1254.72960	628.37210	2	68.4445	2
1254.73000	419.25060	3	38.5339	3
1254.73325	419.25170	3	51.0066	2
1255.58320	628.79885	2	41.7044	2
1255.62440	628.81950	2	92.0177	1
1255.62705	628.82080	2	69.1452	2
1255.65460	419.55880	3	52.4245	2
1255.66700	628.84080	2	73.0370	2
1255.67830	628.84640	2	49.8435	2
1255.70200	628.85825	2	68.2751	2
1255.71275	419.57820	3	64.2077	2
1255.71360	628.86410	2	64.2873	1
1256.60695	629.31075	2	57.9305	2
1256.61110	629.31280	2	49.1516	2
1256.61275	629.31365	2	88.5066	2
1256.67690	629.34570	2	97.0416	9
1256.69835	419.90670	3	45.9026	2
1256.69900	629.35675	2	45.8717	2
1256.70425	629.35940	2	95.8430	2
1257.64650	629.83055	2	40.6750	2
1258.59910	630.30685	2	80.3426	2
1258.67385	630.34420	2	66.2886	2
1258.69165	630.35310	2	51.2048	2
1258.76315	630.38885	2	86.0446	2
1259.57375	420.86520	3	34.1858	2
1259.63305	630.82380	2	74.3079	2
1259.63550	630.82505	2	57.2035	2
1259.66100	630.83780	2	57.7067	2
1260.57370	421.19850	3	35.6327	1
1260.57760	631.29610	2	34.4066	2
1260.58740	631.30095	2	40.8403	2
1260.67285	631.34370	2	56.1680	2
1261.57995	631.79725	2	49.7834	2
1261.62290	421.54825	3	38.4632	2
1261.67040	421.56410	3	36.0159	2
1261.67090	631.84270	2	36.1305	1
1261.74460	631.87955	2	94.3062	2
1262.60350	632.30900	2	45.1286	1
1262.60720	421.87635	3	44.8025	2
1263.61965	422.21385	3	31.5633	2
1263.62005	632.81730	2	31.5356	2
1263.62915	632.82185	2	55.6244	2
1263.67170	632.84315	2	87.8255	2
1263.68240	632.84845	2	65.7300	2
1264.64760	422.55645	3	59.8820	2
1264.77465	633.39460	2	92.1391	2
1265.68955	633.85205	2	50.2853	2
1266.56305	634.28880	2	44.5654	2
1266.62095	423.21425	3	35.9302	2
1266.62180	634.31820	2	35.9746	1
1266.62535	634.31995	2	69.5786	2
1267.56735	423.52970	3	33.2716	2
1267.64880	634.83165	2	81.2474	2
1267.66460	634.83960	2	91.8790	1
1267.68920	634.85185	2	48.3291	2
1268.61445	423.87875	3	51.9122	2
1268.64050	635.32750	2	59.6671	3
1268.66360	635.33910	2	49.4478	2
1268.66430	423.89535	3	49.4156	2
1268.69780	635.35620	2	68.7063	2
1269.62500	635.81980	2	79.5882	2
1269.65220	424.22470	3	65.8482	1
1269.65845	635.83650	2	45.2450	2
1269.65900	424.22695	3	45.2192	2
1269.70440	635.85950	2	61.8436	2
1269.73030	635.87240	2	77.3303	2
1270.65305	636.33380	2	41.9525	2
1270.69960	424.57380	3	60.9443	1
1270.70055	636.35755	2	61.0200	2
1270.72900	636.37180	2	91.0140	3
1271.61825	636.81640	2	54.5592	2
1271.62200	636.81825	2	58.7378	2
1271.68755	424.90315	3	59.0028	2
1271.69100	636.85280	2	63.1142	2
1271.76135	636.88795	2	81.0860	2
1272.69235	637.35345	2	63.6258	2
1273.65570	637.83510	2	65.3378	2
1273.66935	637.84195	2	63.9524	2
1273.67730	637.84595	2	85.3399	2
1273.72110	637.86785	2	69.1802	2
1274.62895	425.88360	3	44.4183	2
1274.64495	638.32975	2	83.8625	2
1274.65170	638.33315	2	76.1238	2
1274.66210	638.33830	2	67.3948	1
1274.75900	638.38680	2	78.0338	1
1275.54215	638.77835	2	43.7306	2
1275.57185	638.79320	2	59.7042	2
1275.64500	426.22230	3	53.5450	1
1275.69225	426.23800	3	61.6460	2
1276.63240	639.32345	2	76.4207	2
1276.65180	639.33315	2	88.8914	2
1276.66650	639.34050	2	57.2728	2
1276.67345	639.34400	2	85.0819	2
1276.70285	639.35870	2	71.0358	2
1276.70380	639.35915	2	77.4915	2
1277.63670	639.82560	2	61.1921	3
1277.67430	639.84440	2	67.7316	2
1277.68605	639.85030	2	74.9693	2
1278.65045	640.33250	2	83.9575	2
1279.62335	640.81895	2	62.6626	2
1279.69565	427.57250	3	52.8540	2
1280.57800	641.29625	2	80.2390	2
1280.59935	427.87370	3	35.5474	2
1281.55695	641.78575	2	37.8641	2
1281.60685	428.20955	3	34.4714	2
1281.60985	641.81220	2	34.3912	2
1281.70460	428.24210	3	39.7048	1
1282.57305	642.29380	2	70.6516	2
1282.58660	642.30060	2	60.6020	2
1283.61585	642.81520	2	69.6604	2
1283.65035	642.83245	2	64.4732	2
1283.65970	642.83710	2	84.6306	3
1283.70740	428.90970	3	42.5923	1
1283.72060	428.91410	3	41.9766	2
1283.73470	642.87460	2	77.2070	1
1284.62785	643.32120	2	90.1047	2
1284.69290	643.35375	2	76.9844	2
1284.70325	429.24165	3	41.2019	2
1284.70390	643.35925	2	68.0351	2
1284.72730	643.37095	2	82.7581	2
1285.66425	643.83940	2	41.7897	2
1286.64520	429.88900	3	67.6466	2
1286.66710	644.34080	2	85.0028	3
1286.68335	644.34895	2	84.3425	2
1286.69865	644.35660	2	67.2598	2
1286.78590	644.40025	2	85.2749	2
1287.62925	644.82190	2	83.8996	2
1287.66800	644.84130	2	44.0361	1
1287.68315	644.84885	2	72.7006	2
1288.59160	645.30305	2	43.1970	2
1288.60635	645.31045	2	62.9034	2
1288.66260	645.33860	2	44.7398	2
1288.68185	645.34820	2	50.0794	2
1288.68595	645.35025	2	66.1474	2
1288.72105	645.36780	2	83.1835	2
1288.74035	645.37745	2	74.8214	2
1289.59010	645.80230	2	34.6213	2
1289.59295	430.87160	3	34.5516	2
1289.62825	645.82140	2	61.7590	2
1289.62950	645.82205	2	88.2386	2
1289.64685	645.83070	2	48.4488	2
1290.65635	646.33545	2	53.8907	2
1291.53595	646.77525	2	36.7255	2
1291.57925	646.79690	2	43.4241	2
1291.60490	646.80970	2	50.2058	2
1291.66685	646.84070	2	59.1142	2
1292.66110	431.89430	3	61.0038	3
1293.62400	647.81930	2	54.5275	2
1294.62285	648.31870	2	67.3490	2
1294.73320	648.37385	2	82.0564	2
1294.79765	432.60650	3	66.5651	2
1295.66410	648.83930	2	60.9198	1
1295.72490	648.86970	2	75.1846	1
1295.74415	648.87935	2	63.8367	2
1295.75650	432.92610	3	59.1141	1
1296.68225	649.34840	2	58.7311	2
1296.70420	649.35940	2	68.1305	2
1297.23305	649.62380	2	44.1437	4
1297.59110	433.53760	3	56.3028	1
1297.72860	433.58350	3	43.3245	3
1297.73620	649.87535	2	64.5527	2
1297.76085	433.59420	3	62.5012	2
1298.59265	650.30360	2	36.2919	2
1298.59505	433.87225	3	36.2184	2
1298.60940	433.87705	3	36.1105	2
1298.69510	650.35480	2	46.9319	2
1298.74575	650.38015	2	91.7578	2
1299.56925	650.79190	2	34.7585	2
1299.62845	650.82150	2	73.4955	2
1299.67990	650.84725	2	39.7007	2
1299.69425	650.85440	2	79.0798	2
1299.70320	650.85885	2	57.3284	2
1299.71640	650.86545	2	57.0436	2
1300.62360	651.31910	2	85.4384	2
1300.70310	651.35880	2	62.1962	2
1300.71200	651.36325	2	91.2680	2
1300.73910	651.37680	2	75.0359	2
1300.76170	651.38815	2	74.3499	2
1300.77600	651.39530	2	84.4474	2
1301.61000	651.81225	2	41.2411	2
1301.63625	434.88600	3	39.2883	2
1301.63680	651.82570	2	39.2749	2
1301.69815	651.85635	2	67.8177	2
1302.65950	652.33700	2	65.9143	2
1303.51480	652.76465	2	64.6079	2
1303.60690	652.81070	2	59.7858	1
1303.74975	652.88215	2	74.6951	2
1304.61070	653.31260	2	41.5771	2
1304.73450	653.37455	2	78.3663	2
1305.61650	436.21280	3	30.2241	2
1305.62440	653.81945	2	50.4998	2
1305.66050	653.83750	2	68.1512	1
1305.70475	653.85965	2	72.8775	2
1306.58350	436.53510	3	39.1212	2
1306.65160	436.55780	3	38.6116	2
1306.66440	654.33950	2	30.4863	2
1306.67570	654.34510	2	75.1383	1
1307.66020	654.83740	2	60.7231	1
1307.66300	654.83880	2	60.7044	1
1308.72005	655.36730	2	86.3036	2
1308.72015	437.24730	3	86.3903	2
1308.74100	655.37775	2	59.4724	2
1308.77785	655.39620	2	72.2441	2
1309.14935	655.58195	2	62.3932	4
1309.66310	437.56160	3	71.1207	1
1309.77210	655.89330	2	77.6371	2
1310.12290	656.06870	2	67.7006	4
1310.55970	656.28710	2	35.1617	1
1310.68220	656.34835	2	80.0898	2
1311.57090	656.79275	2	58.9407	2
1311.58440	656.79950	2	49.6800	2
1311.65200	656.83330	2	88.4011	1
1313.61285	657.81370	2	62.6727	2
1313.69430	438.90540	3	51.6172	2
1313.69670	657.85560	2	55.4756	1
1313.70315	657.85885	2	86.9380	2
1313.71750	438.91310	3	61.3211	1
1313.72095	657.86775	2	84.4975	2
1313.74755	438.92310	3	53.2753	2
1314.59930	439.20705	3	32.0046	2
1314.65620	658.33540	2	49.2349	1
1314.69675	658.35565	2	47.4703	2
1314.69740	658.35600	2	62.3416	1
1314.70205	439.24130	3	47.4948	2
1315.65780	658.83620	2	72.2101	2
1315.68160	658.84810	2	59.6259	1
1315.69860	658.85660	2	72.7162	1
1315.70915	658.86185	2	64.3573	2
1315.77110	439.59760	3	62.4298	1
1316.56455	659.28955	2	54.9218	2
1316.66760	659.34110	2	75.6288	3
1316.71310	659.36380	2	59.5236	3
1316.73410	659.37430	2	67.8278	2
1316.73595	659.37525	2	95.4542	2
1317.64190	659.82825	2	41.6456	2
1317.74680	440.25620	3	74.9348	1
1318.65920	660.33690	2	78.8390	2
1319.63210	660.82330	2	53.0485	1
1319.66485	440.89555	3	53.4900	2
1319.66535	660.83995	2	53.5252	2
1319.69125	660.85290	2	81.3173	2
1320.59950	661.30705	2	71.5412	2
1320.62370	441.21520	3	39.8723	1
1320.62400	661.31930	2	39.8130	2
1320.63510	441.21900	3	50.8265	2
1320.63710	661.32580	2	50.7885	1
1320.68520	661.34990	2	94.5421	13
1321.61505	661.81480	2	51.3998	2
1321.76445	661.88950	2	80.5678	2
1321.76495	441.59560	3	80.4716	2
1322.57740	441.86640	3	32.6096	1
1322.66655	662.34055	2	88.5592	2
1322.67165	662.34310	2	63.9043	2
1322.72770	662.37110	2	72.1772	2
1323.77690	662.89570	2	101.7465	1
1324.69150	663.35300	2	77.7882	2
1324.73655	663.37555	2	62.9604	2
1324.78160	442.60110	3	64.7360	1
1324.78250	442.60140	3	64.7154	1
1325.74875	663.88165	2	82.8211	2
1326.62120	664.31790	2	60.2544	2
1326.68960	443.23715	3	30.6058	2
1326.68975	664.35215	2	30.5822	2
1327.56510	664.78980	2	48.9280	1
1327.65375	443.55850	3	56.7095	2
1327.78800	664.90125	2	94.3091	2
1328.74530	443.92240	3	41.4080	2
1328.75235	443.92470	3	71.0620	2
1328.75395	665.38425	2	70.9790	2
1329.60690	665.81075	2	40.1998	2
1329.65260	665.83360	2	58.6384	1
1329.65465	665.83460	2	42.9450	2
1329.66650	444.22945	3	57.9945	2
1329.76450	665.88950	2	48.7594	2
1330.71330	666.36395	2	61.3260	2
1330.78125	666.39790	2	85.5062	2
1330.78265	444.60150	3	85.5959	2
1331.67555	666.84505	2	74.1887	2
1331.70915	666.86185	2	80.5325	2
1331.72975	666.87215	2	91.6508	2
1331.74430	666.87940	2	81.9881	2
1331.76710	666.89085	2	44.9795	2
1332.64615	667.33035	2	47.1380	2
1332.70240	667.35845	2	82.4420	2
1333.59355	667.80405	2	42.8333	2
1333.69170	667.85310	2	58.8345	1
1334.66205	445.89460	3	45.5903	2
1334.71980	445.91385	3	53.3755	2
1334.72035	668.36745	2	53.3018	2
1334.72370	668.36915	2	76.3154	2
1335.63930	668.82695	2	71.6436	2
1336.59750	669.30605	2	55.4346	4
1336.74640	669.38045	2	42.4445	2
1336.80585	669.41020	2	79.6847	2
1336.80680	446.60950	3	79.6672	1
1337.57320	669.79390	2	38.0732	3
1337.67160	669.84305	2	73.0782	2
1338.61300	670.31380	2	60.4808	2
1338.66865	670.34160	2	62.7772	2
1338.67015	447.23065	3	62.9239	2
1338.71390	447.24520	3	46.5619	1
1338.72005	670.36730	2	72.1672	2
1339.65130	670.83295	2	64.3252	2
1339.74550	447.58910	3	55.2292	2
1339.75310	670.88385	2	81.5836	2
1339.77050	670.89250	2	96.7176	8
1339.77165	447.59780	3	93.7554	2
1340.59580	671.30515	2	48.8764	2
1340.69750	671.35600	2	49.6039	1
1340.72925	671.37190	2	61.7393	2
1341.19945	671.60700	2	44.5026	4
1341.62170	671.81815	2	74.8506	2
1341.72755	448.24980	3	43.4549	2
1342.65180	448.55785	3	36.7499	2
1342.65220	448.55800	3	53.8235	2
1342.70885	448.57685	3	56.0872	2
1342.71040	672.36250	2	62.5555	2
1342.73575	672.37515	2	85.2117	12
1343.76615	448.92935	3	54.1172	2
1343.76640	672.89050	2	54.1216	2
1344.68095	673.34775	2	53.1962	2
1344.70670	673.36065	2	62.2611	2
1344.71415	673.36435	2	65.5112	2
1344.74020	673.37740	2	83.2225	2
1344.74440	449.25540	3	81.5120	1
1344.74745	449.25640	3	67.5523	2
1344.79690	673.40575	2	95.8512	2
1345.62160	449.54780	3	32.6310	1
1345.62440	673.81950	2	32.6936	1
1345.66235	673.83845	2	58.6292	2
1346.57950	674.29705	2	39.2639	2
1346.67375	674.34415	2	72.7292	2
1346.68360	674.34905	2	77.8868	2
1346.76665	449.92950	3	68.2157	2
1346.76685	674.39070	2	68.2511	2
1347.57990	674.79725	2	52.8260	2
1347.58445	450.20210	3	43.2330	2
1347.66700	674.84075	2	88.1774	2
1347.72300	674.86880	2	84.5501	1
1347.74600	674.88030	2	63.2409	2
1347.74675	450.25620	3	63.1625	2
1347.76635	450.26275	3	82.7938	2
1349.56860	675.79160	2	76.1658	2
1349.58980	675.80220	2	32.0325	1
1349.64575	675.83015	2	60.4493	2
1349.68350	675.84905	2	69.2079	2
1349.68430	675.84945	2	60.6239	2
1350.60865	676.31160	2	39.1187	2
1350.63960	676.32710	2	75.7066	2
1350.71615	676.36535	2	73.5504	2
1350.75105	676.38280	2	58.2792	2
1351.63800	451.55330	3	33.3489	2
1351.63810	676.82630	2	33.3905	2
1351.64120	676.82790	2	60.2588	2
1352.59480	451.87220	3	30.2147	1
1352.63960	677.32710	2	63.1317	2
1352.72825	451.91670	3	54.6934	2
1352.75740	677.38600	2	67.7141	2
1353.72215	677.86835	2	87.8628	2
1353.72465	677.86960	2	65.2873	2
1354.72840	678.37150	2	90.8975	5
1355.64920	452.89030	3	31.7018	2
1355.71600	678.86530	2	85.0270	2
1355.71620	678.86540	2	87.2887	2
1355.73010	678.87230	2	56.3648	2
1355.77830	452.93335	3	58.5893	2
1355.77920	678.89690	2	81.9213	2
1356.56870	679.29160	2	53.6349	1
1356.73610	679.37535	2	59.7265	2
1356.74980	453.25720	3	47.7533	2
1356.75075	679.38265	2	47.7901	2
1357.66210	453.56130	3	49.0513	3
1357.66330	679.83895	2	49.0207	2
1357.67285	453.56485	3	29.7111	2
1357.67495	679.84475	2	29.8611	2
1357.74365	453.58850	3	57.9988	2
1357.74775	679.88115	2	58.0586	2
1358.65910	680.33685	2	88.4666	2
1358.66235	680.33845	2	56.5926	2
1358.66815	453.89665	3	45.1848	2
1358.66860	680.34160	2	45.2293	2
1358.68000	680.34730	2	37.8049	2
1358.74210	680.37835	2	82.5413	2
1358.75610	680.38535	2	92.1336	2
1359.68260	680.84860	2	66.7901	2
1359.68720	454.23635	3	37.5027	2
1359.83520	454.28570	3	56.5726	1
1360.58670	454.53615	3	33.0463	2
1360.69970	681.35710	2	75.3314	1
1361.66835	681.84145	2	39.6686	2
1361.67245	681.84350	2	66.4972	2
1361.71960	681.86710	2	68.3916	2
1361.72260	681.86860	2	71.1254	2
1362.56160	682.28810	2	49.7660	3
1362.59020	682.30240	2	47.9959	2
1362.64550	682.33000	2	53.3415	1
1362.71180	682.36320	2	58.0068	1
1362.71520	682.36490	2	87.4489	2
1362.71605	682.36530	2	71.7385	2
1362.72210	682.36835	2	83.1209	2
1362.72580	682.37020	2	57.0053	1
1362.72950	682.37200	2	56.9471	1
1363.68460	682.84960	2	72.5523	2
1363.69170	455.57120	3	44.5857	2
1363.69300	682.85380	2	44.6249	2
1363.74010	455.58730	3	58.9651	1
1364.59280	683.30370	2	50.6930	1
1364.63850	683.32655	2	64.0628	2
1364.68425	683.34940	2	61.0354	2
1364.71865	683.36660	2	64.4140	2
1364.73465	683.37460	2	69.0724	2
1365.55965	456.19380	3	41.4827	2
1365.66720	683.84090	2	84.0245	2
1365.67815	683.84635	2	55.5104	2
1365.67960	456.23380	3	55.4801	2
1366.73370	456.58515	3	35.6423	2
1366.75860	456.59350	3	35.7791	2
1366.84435	684.42945	2	99.3075	2
1367.65510	456.89230	3	50.9438	2
1367.67315	456.89830	3	49.7292	2
1367.69095	456.90425	3	51.1211	2
1367.69120	684.85290	2	51.1843	2
1367.71200	684.86330	2	71.2742	2
1367.76970	684.89215	2	82.9738	2
1367.77815	684.89635	2	74.9136	2
1368.03785	685.02620	2	33.2555	4
1368.75050	685.38255	2	74.4148	2
1368.79680	457.27290	3	63.4767	1
1368.79830	457.27340	3	63.4953	1
1369.67370	457.56515	3	51.6428	2
1369.67440	685.84450	2	51.7540	1
1369.79275	457.60485	3	54.2455	2
1369.79285	685.90370	2	54.2558	2
1370.72180	686.36815	2	78.9327	2
1370.81515	686.41485	2	94.1078	2
1371.68355	686.84905	2	73.0965	2
1371.71015	686.86235	2	90.8442	2
1371.73515	458.25235	3	48.9923	2
1371.74010	686.87730	2	54.4927	1
1371.74430	458.25535	3	54.4646	2
1372.68430	687.34945	2	65.8185	2
1372.71760	458.57980	3	54.0871	2
1373.69200	687.85330	2	37.0941	2
1373.73985	687.87720	2	70.3343	2
1373.75215	687.88335	2	56.6482	2
1374.68875	459.23685	3	47.1556	2
1374.68930	688.35195	2	47.1941	2
1374.70850	688.36150	2	73.0145	2
1374.76215	459.26130	3	77.4491	2
1374.76285	688.38870	2	77.4835	2
1374.78800	688.40130	2	83.7731	2
1375.71250	459.57810	3	75.9634	2
1376.70855	689.36155	2	89.0427	2
1376.71895	689.36675	2	64.5596	2
1376.72835	459.91670	3	49.3033	2
1376.85005	459.95730	3	65.9192	2
1377.67130	689.84290	2	82.6297	2
1377.67930	689.84695	2	75.2902	2
1377.68410	689.84930	2	31.9104	2
1377.68590	460.23590	3	31.8971	2
1377.69415	460.23865	3	87.6972	2
1377.69800	689.85630	2	89.5204	7
1377.74100	689.87780	2	83.5959	3
1378.55620	690.28535	2	42.2875	2
1378.67740	690.34600	2	59.2799	1
1378.69620	690.35540	2	59.5305	2
1378.75885	690.38670	2	93.8740	2
1379.56950	690.79200	2	42.9934	1
1379.68680	460.90290	3	38.5153	1
1379.76600	460.92930	3	72.2331	2
1379.76620	690.89040	2	72.3003	2
1379.77025	690.89240	2	79.7067	2
1380.79880	691.40670	2	76.1398	1
1381.67460	691.84460	2	65.7844	1
1382.65030	692.33240	2	76.1801	2
1382.75940	692.38695	2	77.1805	2
1383.53910	692.77680	2	26.5586	5
1383.67995	462.23390	3	42.4134	2
1384.64120	462.55430	3	54.7411	1
1384.66320	693.33890	2	55.5662	2
1384.67275	693.34365	2	83.0937	2
1384.70940	693.36200	2	69.5357	1
1384.73375	462.58520	3	63.5775	2
1384.75100	693.38280	2	83.1963	2
1385.73485	693.87470	2	74.7481	2
1385.75285	693.88370	2	61.8220	2
1386.72380	463.24855	3	65.6109	2
1387.56100	694.78780	2	61.1891	2
1387.68780	694.85115	2	81.8915	2
1387.69335	694.85395	2	56.3362	2
1387.69425	694.85440	2	70.1846	2
1387.72790	463.58325	3	83.2171	2
1387.72850	694.87150	2	83.2973	1
1388.55685	695.28570	2	54.8896	2
1388.70550	695.36005	2	51.8556	2
1389.73465	695.87460	2	86.9094	2
1389.75440	695.88450	2	88.0818	2
1390.65065	464.55750	3	36.7798	2
1390.65090	696.33270	2	36.8026	1
1390.70820	464.57665	3	34.5029	2
1390.75670	464.59280	3	67.1185	2
1391.69370	696.85410	2	92.9548	9
1391.69380	464.90520	3	59.9912	2
1391.70510	696.85985	2	52.3887	2
1392.61700	465.21295	3	58.7032	2
1392.63660	697.32560	2	64.2023	1
1392.66745	697.34100	2	62.8076	2
1393.64200	697.82830	2	67.8854	2
1393.65190	697.83320	2	70.4559	2
1393.67875	697.84665	2	69.9358	2
1393.69180	697.85315	2	81.8020	2
1393.70175	465.57450	3	55.1186	2
1393.70455	697.85955	2	76.8621	2
1394.54960	698.28205	2	35.6726	2
1395.65215	698.83335	2	57.8414	2
1395.71150	466.24440	3	38.9731	2
1395.71200	698.86330	2	38.9518	2
1396.67755	699.34605	2	76.6699	2
1396.80480	699.40970	2	65.9387	2
1397.60530	699.80995	2	45.8846	2
1397.71595	699.86525	2	50.7885	2
1397.79630	699.90540	2	78.9885	2
1398.62865	700.32160	2	51.8503	2
1398.70445	700.35950	2	89.3632	2
1398.73585	467.25255	3	50.1347	2
1398.77170	700.39315	2	63.4563	2
1399.66300	700.83880	2	60.5645	1
1399.69575	700.85515	2	54.0031	2
1399.76870	700.89160	2	62.3120	1
1401.57080	701.79270	2	41.8707	2
1401.71070	468.24420	3	41.4015	2
1401.71190	701.86320	2	41.4812	1
1401.76270	701.88860	2	80.0725	2
1402.70460	468.57550	3	43.3005	1
1402.74990	702.38220	2	76.4095	2
1403.63135	702.82295	2	54.6839	2
1403.63930	702.82690	2	60.2032	2
1403.72340	702.86900	2	86.3595	1
1403.74010	468.92065	3	68.8292	2
1403.74070	468.92085	3	39.7473	2
1403.74095	702.87775	2	68.6708	2
1403.74180	702.87820	2	39.7796	2
1403.79670	702.90565	2	95.8809	2
1404.72950	703.37200	2	75.1511	2
1404.79895	703.40675	2	67.4396	2
1405.65185	703.83320	2	55.5950	2
1405.67320	469.56500	3	43.1417	2
1406.71495	704.36475	2	74.1812	2
1407.72390	470.24860	3	49.0683	2
1407.72475	704.86965	2	49.1516	2
1407.78320	470.26835	3	65.5251	2
1407.78370	470.26850	3	59.5837	2
1408.65165	705.33310	2	76.9659	2
1408.66280	705.33870	2	89.2319	5
1408.66905	705.34180	2	38.1833	2
1409.68690	705.85070	2	67.9531	2
1410.70050	706.35750	2	55.1712	2
1410.72500	471.24895	3	49.7271	2
1410.72615	706.37035	2	49.7964	2
1410.77025	471.26400	3	56.8087	2
1410.77300	706.39380	2	56.9179	1
1411.65865	706.83660	2	47.4095	2
1411.67190	706.84320	2	72.0267	2
1411.71795	471.57990	3	69.4242	2
1411.82940	471.61710	3	72.1774	2
1411.82990	706.92225	2	72.1063	2
1412.64490	707.32975	2	88.5066	2
1412.77465	707.39460	2	50.3404	2
1412.79945	471.94040	3	62.1112	2
1412.81405	707.41430	2	82.3809	2
1412.83905	471.95360	3	66.0278	2
1412.83975	707.42715	2	66.0606	2
1413.67465	707.84460	2	36.4800	2
1413.76580	707.89020	2	60.9197	2
1413.80830	472.27670	3	64.5190	1
1414.72120	708.36790	2	60.1851	1
1414.72970	472.58385	3	46.6247	2
1414.73110	708.37285	2	46.6663	2
1414.73230	708.37345	2	81.2277	2
1414.81090	708.41270	2	101.6880	1
1415.65155	708.83305	2	91.9685	2
1415.68960	708.85210	2	57.3285	2
1415.72620	708.87040	2	45.3091	2
1415.76240	472.92805	3	39.1757	2
1416.72335	709.36895	2	64.2100	2
1416.72440	473.24870	3	64.8560	1
1416.72860	709.37160	2	97.7014	7
1416.78365	709.39910	2	90.9077	2
1417.66675	709.84065	2	67.7035	2
1417.66865	709.84160	2	54.9703	2
1417.68025	473.56735	3	46.0746	2
1417.70905	709.86180	2	73.7016	2
1417.77120	473.59770	3	33.4372	1
1418.69810	473.90665	3	42.0477	2
1418.70745	710.36100	2	57.5398	2
1419.66310	710.83880	2	56.8967	2
1419.69940	710.85695	2	50.6153	2
1419.75475	474.25885	3	50.8455	2
1419.81315	710.91385	2	80.6597	2
1420.19145	474.40445	3	51.1580	4
1420.64870	711.33165	2	46.1054	6
1420.70410	711.35930	2	101.7915	1
1421.80380	474.94185	3	62.9986	2
1422.59480	475.20555	3	35.6618	2
1422.59485	712.30470	2	35.7649	2
1422.67445	475.23210	3	39.6539	2
1422.68715	712.35085	2	65.0445	2
1422.75280	712.38365	2	78.2959	2
1423.67015	712.84235	2	81.8344	2
1423.74175	712.87815	2	90.5341	2
1424.66270	713.33865	2	67.7010	2
1424.72045	713.36750	2	66.3772	2
1424.75325	713.38390	2	58.5966	2
1424.81425	475.94535	3	90.6747	2
1425.67175	713.84315	2	73.0727	2
1425.80835	713.91145	2	73.3296	2
1425.81895	476.28025	3	61.7048	2
1425.81910	713.91680	2	61.7843	1
1426.79025	476.60400	3	42.2255	2
1427.64140	714.82800	2	45.6380	1
1427.72505	476.91560	3	52.3640	2
1427.72680	714.87070	2	52.2985	2
1427.79935	714.90695	2	82.3260	2
1428.71205	477.24465	3	45.2500	2
1428.78220	477.26800	3	76.2600	2
1429.74975	715.88215	2	63.2249	2
1429.75690	477.59290	3	59.3882	2
1429.75720	715.88590	2	59.4724	2
1429.76165	715.88810	2	51.2701	2
1429.79610	715.90530	2	68.6414	1
1429.79970	715.90710	2	96.7391	2
1430.72835	716.37145	2	88.0083	2
1430.73760	477.91980	3	50.0249	2
1430.75920	716.38685	2	90.3706	2
1431.28415	716.64935	2	85.6943	4
1431.78755	478.26980	3	64.9023	2
1431.79920	716.90690	2	79.3878	2
1432.71600	478.57930	3	44.2611	1
1432.71615	717.36535	2	44.3618	2
1434.74740	718.38100	2	73.1309	2
1435.66205	718.83830	2	37.3625	2
1435.73120	718.87290	2	67.8180	1
1435.76645	718.89050	2	62.6076	2
1436.69615	479.90600	3	55.0579	2
1436.69720	719.35590	2	55.1139	2
1436.70420	719.35940	2	67.9564	3
1436.76470	479.92880	3	51.2326	2
1436.78700	479.93625	3	61.7089	2
1437.69295	719.85375	2	63.2518	2
1438.58890	480.53690	3	29.1077	2
1438.77180	720.39315	2	81.0582	2
1439.64640	720.83045	2	47.5328	2
1439.79900	720.90675	2	72.3339	2
1439.80935	720.91195	2	95.2247	2
1440.82085	721.41770	2	79.0745	2
1441.63290	721.82370	2	76.6028	1
1442.64910	722.33180	2	83.5227	2
1442.67115	722.34285	2	51.0884	2
1442.68650	722.35055	2	79.6174	2
1442.73035	481.91740	3	49.1317	2
1442.77110	481.93100	3	61.3120	1
1443.67340	722.84395	2	42.9948	2
1443.80950	722.91205	2	73.3640	2
1443.84595	722.93025	2	79.2268	2
1444.66930	723.34190	2	55.7472	2
1444.67940	723.34700	2	84.4930	1
1444.74220	723.37835	2	70.1481	2
1444.77050	482.59745	3	60.1671	2
1444.81190	723.41325	2	87.1929	2
1446.71030	724.36240	2	62.1506	1
1447.74110	724.87785	2	67.2868	2
1447.75585	483.59255	3	56.1681	2
1447.75770	724.88615	2	56.2505	2
1448.71625	725.36540	2	56.5299	2
1448.73840	725.37650	2	76.7016	2
1448.74525	725.37990	2	82.7332	2
1449.67665	725.84560	2	61.9631	2
1449.71455	725.86455	2	73.6118	2
1449.86660	484.29615	3	59.5238	2
1449.88120	725.94790	2	85.6617	1
1450.72420	726.36935	2	81.3481	2
1450.73775	726.37615	2	89.2108	2
1450.74915	726.38185	2	95.1619	2
1450.81785	484.61325	3	64.9242	2
1451.66425	484.89535	3	48.2035	2
1451.71120	484.91100	3	33.2250	1
1451.79680	484.93950	3	50.8638	1
1452.69735	727.35595	2	56.7274	2
1452.74940	727.38200	2	81.0473	1
1452.76750	485.26310	3	56.9813	2
1452.79990	727.40720	2	90.0465	2
1454.70870	485.91020	3	83.6450	1
1454.72945	728.37200	2	78.8444	2
1454.87155	728.44305	2	76.4096	2
1454.87175	485.96450	3	76.5147	2
1455.69885	486.24020	3	67.4578	2
1455.70020	728.85735	2	67.5231	2
1455.80220	728.90835	2	91.9086	2
1455.83780	728.92615	2	80.5920	2
1457.78870	486.93685	3	80.8555	2
1457.78885	729.90170	2	80.9146	2
1457.81405	729.91430	2	84.0386	2
1458.74535	487.25570	3	75.9963	2
1459.70610	730.86030	2	58.0778	2
1459.70925	730.86190	2	66.8758	2
1459.74390	730.87920	2	63.1218	3
1459.83920	487.62030	3	75.0718	2
1459.83980	730.92720	2	75.1247	2
1461.73790	731.87625	2	64.3374	2
1461.83670	731.92560	2	76.6349	1
1461.83835	488.28675	3	76.3857	2
1462.69545	732.35500	2	64.6910	2
1462.76615	732.39035	2	67.5876	2
1463.67475	488.89885	3	62.1436	2
1463.70830	732.86140	2	79.5306	2
1463.70855	488.91015	3	65.8402	2
1463.70940	732.86195	2	65.7057	2
1463.74135	488.92105	3	71.3971	2
1463.74850	732.88150	2	71.4271	2
1464.30155	489.10775	3	64.2878	4
1464.74995	489.25725	3	81.1189	2
1464.79450	733.40450	2	61.1012	2
1464.79465	733.40460	2	67.2025	2
1465.73425	733.87440	2	86.2699	2
1466.66395	489.89525	3	43.1945	2
1466.67690	734.34575	2	74.0867	2
1466.74165	734.37810	2	88.0213	2
1466.75350	734.38400	2	81.6949	3
1466.77355	489.93175	3	43.0507	2
1467.82290	490.28160	3	55.3764	1
1468.68775	735.35115	2	52.5831	2
1468.79815	735.40635	2	73.8349	2
1470.74685	491.25620	3	65.3350	2
1470.74860	491.25680	3	55.4159	2
1470.79700	736.40575	2	88.2179	2
1470.84690	736.43075	2	82.6912	2
1471.70890	736.86170	2	53.7045	2
1471.74075	736.87765	2	64.6412	2
1471.75765	491.59315	3	66.2126	2
1472.71480	491.91220	3	44.3619	2
1472.73580	491.91920	3	56.9050	3
1472.73890	737.37670	2	56.9519	2
1472.77870	491.93350	3	58.5030	2
1473.76270	492.26150	3	70.7664	2
1474.76800	738.39125	2	78.7940	2
1475.77370	492.93185	3	62.3212	2
1476.68930	493.23700	3	37.0026	1
1476.70895	739.36175	2	64.4671	2
1476.78375	739.39915	2	72.4013	2
1477.74250	739.87855	2	84.0838	2
1477.76070	739.88760	2	71.6822	2
1477.77075	739.89265	2	87.4227	2
1478.64135	740.32795	2	47.6277	2
1478.77785	740.39620	2	73.8041	2
1480.68900	494.57030	3	34.7684	2
1480.71830	741.36645	2	84.6841	2
1480.78680	494.60285	3	64.0895	2
1480.83715	494.61965	3	58.3429	2
1481.72660	494.91610	3	61.4955	1
1482.81365	742.41410	2	89.0794	2
1482.82410	742.41930	2	75.4976	1
1482.83035	742.42245	2	67.6187	2
1483.71310	495.57830	3	60.8005	2
1483.76315	742.88885	2	75.6337	2
1484.68145	743.34800	2	42.6426	2
1484.80985	743.41220	2	82.6627	2
1484.82075	495.94750	3	73.9898	2
1484.82225	743.41840	2	74.0543	2
1485.82320	496.28165	3	86.3987	2
1485.82415	743.91935	2	86.4632	2
1486.72060	496.58080	3	75.1299	2
1486.76340	744.38900	2	70.6723	2
1486.77755	496.59980	3	53.2454	2
1486.78125	744.39790	2	66.6114	2
1486.78250	496.60140	3	66.6908	3
1487.80630	744.91040	2	91.9098	1
1488.74160	497.25445	3	44.2970	2
1488.79290	497.27155	3	58.6170	2
1489.74725	745.88090	2	89.6617	2
1489.76950	497.59710	3	74.6542	1
1490.73245	497.91810	3	57.3449	2
1491.80910	746.91180	2	88.7781	1
1491.81040	746.91250	2	88.7505	1
1492.71045	747.36250	2	47.2966	2
1492.73870	498.58685	3	75.4507	2
1492.80730	498.60970	3	75.9328	2
1493.64850	498.89010	3	37.6385	2
1493.64980	747.83220	2	37.7406	1
1493.74670	498.92285	3	55.8855	2
1493.74830	747.88145	2	55.8298	2
1493.78365	498.93515	3	71.8427	2
1495.74240	499.58805	3	68.4773	2
1495.84150	748.92800	2	81.2586	2
1495.85470	499.62550	3	81.3954	2
1495.87160	499.63115	3	68.9408	2
1496.68595	749.35025	2	84.7806	2
1496.76265	749.38860	2	64.3901	2
1496.76335	499.92840	3	56.1357	2
1496.78515	749.39985	2	70.5812	2
1496.82625	749.42040	2	91.1923	2
1498.76300	750.38880	2	74.5651	2
1498.78050	750.39755	2	68.0007	2
1498.84090	750.42775	2	84.4640	2
1499.71300	750.86380	2	55.2495	1
1499.71490	500.91225	3	55.2001	2
1499.77190	750.89320	2	85.2444	1
1500.76235	751.38845	2	55.3931	2
1500.76485	501.26220	3	55.3628	2
1500.79570	751.40515	2	58.6784	2
1500.79960	501.27380	3	58.6724	2
1500.81390	501.27855	3	64.3899	2
1500.81730	501.27970	3	68.5512	1
1501.28650	751.65050	2	71.6030	4
1501.71615	501.57930	3	50.3601	2
1501.71735	751.86595	2	50.4016	2
1501.84355	501.62180	3	48.3563	2
1502.64845	752.33150	2	78.1512	2
1502.75345	752.38400	2	87.4091	2
1503.70460	502.24210	3	45.3790	1
1503.79530	752.90495	2	80.6328	2
1504.74900	502.59025	3	53.5792	2
1504.79745	753.40600	2	68.6849	2
1504.87720	502.63300	3	79.8247	2
1505.65260	753.83360	2	46.8604	1
1505.65390	502.89190	3	46.6038	2
1505.70765	502.90980	3	56.3025	2
1505.72620	502.91600	3	60.6884	2
1505.91830	753.96645	2	92.3886	2
1506.79310	754.40380	2	65.6936	2
1506.79460	754.40460	2	59.7955	2
1507.73270	503.58480	3	52.0095	1
1508.74230	503.92135	3	86.4657	2
1508.74250	755.37850	2	86.3325	2
1508.81325	503.94500	3	47.9634	2
1508.81420	755.41440	2	47.9368	2
1509.63890	504.22020	3	32.1288	3
1509.65710	504.22630	3	46.2703	2
1509.74690	504.25625	3	51.5277	2
1510.70640	756.36045	2	70.0606	2
1510.71515	504.57900	3	57.4321	2
1510.71695	756.36575	2	57.4617	2
1510.74570	756.38015	2	74.2807	2
1510.75125	504.59100	3	57.0908	2
1511.71465	504.91215	3	41.5369	2
1511.71710	756.86585	2	41.6218	2
1511.79125	756.90290	2	97.9131	2
1511.85740	756.93595	2	80.2775	2
1512.87655	505.29945	3	84.5931	2
1512.87720	757.44585	2	84.5316	2
1513.69795	757.85625	2	67.8854	2
1513.75045	757.88250	2	77.2463	2
1513.87115	505.63100	3	95.8266	2
1513.87345	757.94400	2	95.7437	2
1514.72240	505.91475	3	55.9732	2
1514.72500	758.36980	2	56.1189	2
1514.79880	505.94020	3	91.0767	2
1514.79985	758.40720	2	66.0106	2
1514.80020	758.40735	2	90.9685	2
1514.85390	505.95860	3	89.5521	1
1514.85670	758.43560	2	89.4930	2
1515.71695	506.24625	3	77.6906	2
1515.71860	758.86660	2	77.5913	3
1515.75350	758.88405	2	31.8713	2
1515.75360	506.25850	3	31.8319	2
1515.76170	758.88810	2	88.8567	2
1515.77195	506.26460	3	78.0390	2
1515.82125	758.91790	2	78.8500	2
1516.67290	759.34370	2	83.9270	1
1516.68980	506.57050	3	31.1112	1
1516.73190	506.58460	3	52.8775	3
1516.77705	759.39580	2	73.9304	2
1516.80060	759.40760	2	79.2313	2
1516.83310	759.42385	2	79.6254	2
1517.72985	759.87220	2	61.9294	2
1517.74190	759.87825	2	69.6044	2
1517.80915	506.94365	3	76.0896	2
1518.79460	760.40460	2	83.5942	2
1518.92490	507.31560	3	62.4531	1
1519.74440	760.87950	2	62.8939	1
1519.82650	760.92050	2	91.6888	2
1520.73645	761.37550	2	52.6190	2
1523.76180	762.88815	2	92.2740	2
1523.86835	508.96340	3	76.4822	2
1523.88150	762.94800	2	89.4553	2
1524.74015	763.37735	2	71.3039	2
1525.85605	763.93530	2	96.7446	2
1526.73375	509.91850	3	33.1049	2
1527.70995	510.24395	3	34.4902	2
1527.78320	764.89885	2	89.6587	2
1527.79815	764.90635	2	69.2324	2
1528.74190	765.37825	2	92.1978	2
1528.79975	765.40715	2	72.0523	2
1528.80995	510.61060	3	68.9778	2
1529.66480	765.83970	2	37.5851	2
1529.80790	765.91120	2	86.3539	1
1529.84120	510.95435	3	63.5437	2
1529.85825	510.96000	3	79.0849	2
1530.15575	511.05920	3	39.7851	4
1530.78690	766.40070	2	92.5344	1
1530.80280	511.27485	3	65.8558	2
1531.69755	511.57315	3	63.7751	2
1531.71060	766.86260	2	64.9442	1
1531.77625	766.89540	2	65.1047	2
1531.79960	766.90710	2	68.0811	1
1532.77355	767.39405	2	73.4540	2
1532.79755	767.40605	2	71.3319	2
1532.82225	767.41840	2	81.6527	2
1533.74340	512.25505	3	34.2656	2
1533.74555	767.88005	2	67.5849	2
1533.74725	512.25635	3	49.5516	2
1533.74875	767.88165	2	49.6128	2
1533.79520	512.27230	3	96.4098	1
1533.80065	767.90760	2	96.3291	2
1534.29715	768.15585	2	73.5966	4
1535.67045	512.89740	3	36.4235	2
1535.67935	768.84695	2	59.6742	2
1535.78520	512.93570	3	67.6240	1
1537.72190	513.58125	3	79.0428	2
1537.79415	769.90435	2	76.0019	2
1538.82355	770.41905	2	78.2066	2
1539.75260	770.88355	2	78.5798	2
1540.80580	514.60920	3	62.6122	2
1541.78805	771.90130	2	57.5187	2
1541.78820	514.93665	3	57.4616	2
1541.80640	514.94270	3	58.8039	1
1541.81715	771.91585	2	68.9107	2
1541.83060	771.92255	2	74.8715	2
1542.77270	515.26485	3	53.4304	2
1542.79060	772.40260	2	61.1009	2
1546.69855	774.35655	2	65.9700	2
1546.79820	774.40640	2	61.3792	1
1547.67500	774.84480	2	62.2657	1
1547.77350	516.93175	3	53.6879	2
1547.82030	774.91745	2	70.0526	2
1547.83100	516.95095	3	57.6206	2
1547.83120	774.92285	2	57.6511	2
1547.89130	516.97105	3	84.9408	2
1548.77815	517.26665	3	70.3991	2
1548.77930	775.39695	2	70.3665	2
1548.92305	775.46880	2	79.6441	2
1549.60200	775.80825	2	44.9264	2
1549.74330	517.58835	3	62.2252	2
1549.74695	775.88075	2	62.3740	2
1549.78110	775.89780	2	81.1407	1
1549.83020	775.92235	2	72.6418	2
1550.68805	517.90325	3	32.6094	2
1550.74110	517.92095	3	50.7009	2
1550.74480	776.37970	2	50.7333	2
1550.76880	517.93020	3	56.9625	1
1550.76985	776.39220	2	57.0101	2
1550.85705	776.43580	2	94.6858	2
1551.71780	518.24655	3	35.4385	2
1551.76650	776.89055	2	67.4955	2
1551.77520	518.26565	3	38.3506	2
1551.84685	776.93070	2	89.4609	2
1553.83070	518.95080	3	80.5405	2
1553.83830	777.92645	2	96.5973	2
1555.73855	778.87655	2	71.4629	2
1555.75120	519.59100	3	51.1753	2
1555.79000	778.90230	2	82.7250	2
1555.88160	519.63445	3	77.1587	2
1556.84180	779.42815	2	90.3595	2
1557.78300	779.89880	2	79.3450	1
1557.82980	520.28390	3	72.0082	1
1557.83870	779.92665	2	89.1452	2
1558.76150	780.38800	2	90.2588	1
1558.77375	780.39415	2	66.8708	2
1559.61000	780.81225	2	72.8534	2
1559.75210	520.92465	3	70.6123	2
1559.75810	520.92665	3	77.7316	2
1559.80245	780.90850	2	81.8794	2
1559.82120	780.91790	2	87.0452	3
1559.83630	780.92540	2	85.7389	1
1560.84045	521.28740	3	85.4092	2
1560.84170	781.42810	2	78.6670	2
1560.84460	781.42960	2	85.1576	2
1561.78890	781.90170	2	76.0206	2
1561.83605	781.92530	2	87.2135	2
1563.80415	522.27535	3	73.0969	2
1564.29820	783.15635	2	73.3570	4
1564.71605	522.57930	3	53.0264	2
1564.71700	783.36575	2	53.0804	2
1564.74055	783.37755	2	55.4508	2
1564.88065	783.44760	2	100.0318	2
1565.78660	522.93610	3	57.2470	1
1565.83250	522.95145	3	66.1181	2
1567.82555	784.92005	2	81.4148	2
1567.89440	523.63870	3	64.9192	1
1567.89470	784.95460	2	96.3657	2
1567.89580	523.63920	3	96.4327	2
1569.87760	785.94610	2	76.2950	2
1569.91420	785.96440	2	86.7146	2
1570.81095	786.41275	2	58.7907	2
1571.68720	524.90300	3	55.1622	2
1572.78305	787.39880	2	58.2262	2
1572.82010	787.41730	2	90.1255	1
1572.82960	525.28380	3	78.4516	2
1573.68460	525.56880	3	41.7188	1
1573.77905	787.89680	2	86.3380	2
1573.82480	525.61550	3	80.8189	1
1573.82675	787.92065	2	80.7108	2
1573.83735	787.92595	2	74.5024	2
1574.71255	788.36355	2	70.7387	2
1575.78380	788.89920	2	70.1029	1
1576.75450	789.38455	2	74.7578	2
1577.77110	789.89280	2	89.8490	2
1577.77170	789.89310	2	71.5384	3
1577.78890	789.90175	2	75.3552	2
1578.26155	527.09445	3	72.1102	4
1578.83725	527.28635	3	70.0457	2
1578.85030	527.29070	3	55.9724	1
1578.87450	527.29875	3	82.9680	2
1578.87465	790.44460	2	83.0541	2
1580.70080	527.90750	3	40.1653	1
1580.80345	527.94175	3	61.6542	2
1580.86425	791.43940	2	94.2062	2
1581.76410	791.88935	2	65.6710	2
1582.84610	792.43035	2	77.9085	2
1582.86845	792.44150	2	70.8298	2
1584.74340	529.25510	3	66.0818	1
1585.82120	529.61430	3	64.7768	1
1586.17905	794.09680	2	63.2861	4
1586.86800	794.44130	2	85.3775	2
1587.85400	794.93430	2	85.8026	1
1588.72520	795.36985	2	70.2140	2
1588.84555	795.43005	2	92.4875	2
1589.82110	530.94765	3	83.7207	2
1589.82145	795.91800	2	83.6747	2
1590.76350	796.38900	2	78.1770	2
1590.79895	796.40675	2	81.3591	2
1590.85330	796.43390	2	89.3523	1
1591.74815	531.58995	3	43.5010	2
1591.75020	796.88240	2	43.5128	2
1591.80180	531.60790	3	58.2603	1
1591.80405	796.90930	2	58.3426	2
1591.86195	796.93825	2	86.2155	2
1592.91590	797.46520	2	71.8060	2
1593.74270	797.87865	2	54.7742	2
1593.74295	532.25490	3	54.7833	2
1593.76560	797.89005	2	83.5170	2
1593.78330	797.89895	2	94.1028	2
1593.95020	532.32400	3	81.9439	1
1593.95020	797.98235	2	81.8541	2
1595.80350	798.90900	2	91.5855	2
1596.69455	533.23880	3	32.3718	2
1596.76900	533.26360	3	52.5328	2
1596.77775	799.39615	2	67.8506	2
1596.80110	799.40780	2	53.6093	2
1597.86940	799.94195	2	69.8232	2
1598.83645	533.95275	3	82.1307	2
1598.84590	800.43020	2	82.1808	2
1599.72375	800.86915	2	73.9013	2
1599.78650	800.90050	2	42.5789	1
1599.84790	800.93120	2	74.3018	1
1599.88670	534.30280	3	62.7344	1
1599.89735	534.30640	3	76.7676	2
1600.78015	801.39735	2	76.7674	2
1600.83720	801.42590	2	65.0996	1
1600.84680	534.62290	3	64.0607	2
1600.86765	801.44110	2	63.6301	2
1601.72760	801.87110	2	52.2730	2
1602.80125	802.40790	2	76.2837	2
1602.86250	802.43850	2	72.6034	2
1603.80965	802.91210	2	80.7731	2
1604.74395	803.37925	2	64.0321	2
1604.78355	535.93515	3	67.7940	2
1606.76510	536.59560	3	69.3788	1
1607.79970	536.94050	3	47.6633	1
1607.84890	804.93175	2	84.8723	2
1607.90410	536.97530	3	79.5196	2
1608.87820	805.44640	2	96.8186	1
1609.83650	537.61945	3	88.4375	2
1609.83745	805.92600	2	88.4982	2
1610.72085	806.36770	2	65.1714	2
1610.90265	806.45860	2	96.8916	2
1611.79020	806.90240	2	74.5893	1
1611.79070	806.90265	2	64.6973	2
1612.85125	807.43290	2	84.3369	2
1612.85840	538.62670	3	69.7811	2
1612.86885	807.44170	2	88.6570	2
1612.90480	538.64220	3	76.4872	1
1613.85330	807.93395	2	82.4253	2
1613.90430	807.95945	2	80.6925	2
1614.76050	808.38755	2	88.4402	2
1614.84030	808.42745	2	77.0767	2
1615.75850	539.59340	3	57.0343	1
1615.85790	539.62660	3	72.3414	1
1616.73315	539.91835	3	47.2121	2
1616.84480	809.42965	2	91.9579	2
1617.78900	809.90180	2	43.8496	1
1617.83745	809.92600	2	77.4538	2
1617.92345	809.96900	2	98.1716	2
1618.87940	540.63370	3	45.7872	1
1619.81400	540.94525	3	65.0534	2
1620.82030	811.41740	2	76.0541	1
1620.86240	541.29470	3	85.7603	2
1620.86585	811.44020	2	85.7286	2
1621.82945	811.92200	2	84.2192	2
1621.87265	811.94360	2	70.4635	2
1622.76595	541.92925	3	36.8658	2
1622.79850	541.94010	3	81.2554	2
1623.86320	812.93885	2	87.2539	2
1625.77360	813.89410	2	77.4140	2
1625.77685	813.89570	2	80.5405	2
1626.85735	543.29305	3	56.6628	2
1626.85940	814.43695	2	56.6953	2
1626.90150	814.45805	2	88.5939	2
1627.74860	814.88160	2	67.0320	2
1627.78300	543.60160	3	49.2959	1
1628.78975	815.40215	2	94.2061	2
1628.79480	543.93885	3	94.2383	2
1628.79510	815.40485	2	81.0221	2
1628.81370	543.94520	3	90.8005	5
1628.81730	815.41590	2	56.1100	2
1629.77890	544.26690	3	55.7970	1
1629.81275	815.91365	2	69.8161	2
1629.87295	815.94375	2	69.1272	2
1629.88395	815.94925	2	88.3436	2
1630.84590	544.62255	3	81.5274	2
1631.83140	544.95110	3	60.5548	2
1631.88760	544.96980	3	73.2876	1
1631.92395	544.98195	3	71.0679	2
1631.92520	816.96990	2	71.1252	2
1632.77795	545.26660	3	45.6780	2
1633.84280	545.62150	3	79.1679	2
1633.85630	545.62600	3	61.3743	1
1634.78950	818.40200	2	91.0383	2
1634.80065	818.40760	2	62.2556	2
1634.82885	545.95025	3	43.8339	2
1634.88760	545.96980	3	53.2682	2
1635.76570	546.26250	3	54.3250	1
1636.94080	819.47765	2	91.1978	2
1637.71740	819.86600	2	67.9102	1
1637.81850	819.91650	2	74.1439	1
1638.84170	547.28785	3	75.2800	2
1639.74140	820.87795	2	61.8152	2
1639.87690	820.94570	2	94.0006	2
1639.87720	547.63300	3	77.2809	2
1639.87790	820.94625	2	77.3379	2
1639.87935	547.63370	3	94.2760	2
1639.93175	820.97315	2	89.7243	2
1640.84765	547.95650	3	46.5048	2
1641.77265	821.89360	2	73.9684	2
1641.80050	821.90750	2	95.8079	1
1641.88150	821.94800	2	83.8070	2
1642.69025	822.35240	2	46.4841	2
1642.80685	822.41070	2	58.8213	2
1642.85400	548.62525	3	47.7225	2
1642.85435	822.43445	2	47.7577	2
1642.88390	548.63525	3	79.0676	2
1643.79005	548.93730	3	46.4378	2
1643.82555	822.92005	2	44.2220	2
1643.82950	822.92205	2	74.5364	2
1643.84100	548.95430	3	66.2079	2
1645.90580	549.64250	3	66.8293	1
1646.83960	549.95380	3	61.0672	2
1648.96770	413.24920	4	57.6288	2
1648.96930	550.66370	3	57.6571	2
1649.93740	825.97595	2	76.5063	2
1651.82930	826.92190	2	87.8551	1
1651.90685	826.96070	2	87.9550	2
1651.92675	551.64950	3	84.4014	2
1651.92740	826.97100	2	84.3728	2
1653.87335	552.29840	3	75.5355	2
1653.89245	827.95350	2	91.8599	2
1653.92320	552.31500	3	76.0484	1
1654.78790	828.40125	2	70.2689	2
1654.89250	828.45355	2	80.7990	2
1655.76320	552.92835	3	48.4143	2
1656.80160	829.40810	2	85.0512	1
1657.81805	829.91630	2	88.1858	2
1657.91850	553.64680	3	82.9320	1
1658.83565	553.95250	3	78.7555	2
1658.83755	830.42605	2	78.7165	2
1659.90915	554.31030	3	78.4458	2
1659.91330	830.96395	2	78.5712	2
1660.73910	554.58700	3	64.5199	2
1660.84130	554.62105	3	61.9537	2
1662.80180	555.27450	3	51.3996	1
1662.83010	832.42235	2	69.3842	2
1662.83670	555.28620	3	69.4293	1
1662.85110	832.43285	2	96.6875	2
1663.79395	555.60525	3	71.1660	2
1664.72475	833.36965	2	66.2961	2
1664.78245	833.39850	2	83.2917	2
1664.84270	833.42860	2	72.7611	2
1666.86900	834.44175	2	76.6345	2
1666.87170	556.63115	3	76.5417	2
1666.87705	834.44580	2	80.4739	2
1666.91765	834.46610	2	82.1166	2
1667.79530	556.93900	3	43.8230	1
1667.81580	556.94590	3	57.5713	2
1667.86270	834.93860	2	77.0191	2
1669.85265	835.93360	2	71.0941	2
1669.91480	557.64550	3	89.4178	1
1670.83625	836.42540	2	95.8104	2
1670.88410	557.96860	3	54.9098	2
1670.88650	836.45050	2	55.0160	1
1671.71880	558.24690	3	50.3691	1
1672.72370	558.58185	3	41.9629	2
1673.90025	837.95740	2	76.2209	2
1674.88665	838.45060	2	91.3933	2
1675.73730	559.58640	3	29.7803	3
1675.73740	419.94165	4	29.7593	2
1676.81865	839.41660	2	66.8221	2
1677.81480	560.27885	3	70.1078	2
1677.82640	560.28270	3	45.4715	1
1678.00565	560.34250	3	64.9876	2
1679.87790	560.96660	3	74.6860	1
1681.82115	841.91785	2	75.4088	2
1681.90120	841.95790	2	79.9023	3
1681.90190	561.64120	3	79.9513	2
1681.92655	841.97055	2	92.7163	2
1681.92800	561.64995	3	92.7025	2
1682.79885	842.40670	2	87.2245	2
1682.87075	842.44265	2	92.3723	2
1682.89340	842.45400	2	78.7799	2
1682.90300	561.97490	3	84.3941	1
1683.80200	562.27460	3	74.4532	1
1683.88490	842.94970	2	76.8260	1
1684.91470	843.46465	2	80.6512	2
1685.91325	562.97835	3	64.7546	2
1685.91530	843.96490	2	64.8316	1
1686.87120	563.29770	3	63.1823	1
1687.91535	844.96495	2	87.5726	2
1687.91565	563.64580	3	87.6101	2
1688.73600	563.91930	3	30.9183	3
1688.87115	563.96430	3	57.8467	2
1688.88300	845.44875	2	83.2526	2
1689.84445	564.28875	3	58.0473	2
1689.87700	564.29960	3	89.5356	1
1689.90910	564.31030	3	93.3812	2
1689.91175	845.96315	2	93.4223	2
1690.96180	564.66120	3	63.3653	2
1692.81895	847.41675	2	83.5859	2
1692.96620	847.49040	2	90.0112	2
1692.96955	565.33045	3	90.0522	2
1693.94095	565.65425	3	82.0533	2
1694.80405	565.94195	3	49.7887	2
1695.32930	848.67195	2	69.1343	4
1696.77400	849.39425	2	62.8957	2
1696.84220	849.42840	2	85.7240	1
1696.90780	566.64320	3	85.0613	2
1696.90910	849.46185	2	84.9664	2
1697.83670	566.95280	3	50.0717	1
1697.90240	566.97475	3	77.2152	2
1697.90430	849.95945	2	77.2541	2
1698.00885	567.01020	3	82.1558	2
1698.79450	850.40455	2	82.2587	2
1698.89765	850.45610	2	84.1463	2
1698.89865	567.30680	3	84.1843	2
1698.90340	567.30840	3	58.1543	1
1699.83790	567.61990	3	82.4784	2
1699.86045	567.62740	3	77.7184	2
1699.86830	567.63005	3	75.5026	2
1699.98800	851.00130	2	92.7221	2
1700.88570	851.45010	2	65.8799	1
1700.91065	851.46260	2	80.1137	2
1703.81580	568.94585	3	60.2210	2
1704.73200	569.25130	3	25.3085	1
1704.84440	853.42950	2	58.8579	2
1704.89785	853.45620	2	90.5153	2
1704.91615	569.31265	3	70.2747	2
1705.83720	569.61970	3	46.3836	3
1705.83845	853.92650	2	46.4837	2
1705.87305	853.94380	2	95.6339	2
1705.88380	569.63520	3	68.7882	3
1705.88525	853.94990	2	68.8910	2
1705.92180	569.64785	3	66.7341	2
1706.88925	854.45190	2	88.1426	2
1706.90385	569.97525	3	88.0768	14
1706.90505	854.45980	2	82.9626	2
1707.40700	570.14295	3	76.3133	4
1707.80480	854.90970	2	80.8245	1
1707.88990	854.95225	2	93.2226	2
1707.89620	570.30600	3	93.3449	1
1707.97745	854.99600	2	78.4400	2
1707.97900	570.33360	3	78.5780	1
1709.98135	571.00105	3	75.6066	2
1710.01870	571.01350	3	80.0452	2
1710.92760	856.47105	2	76.1319	2
1712.88915	857.45185	2	66.2007	2
1712.93730	571.98640	3	68.3119	1
1714.89375	858.45415	2	78.9913	2
1714.90025	572.64070	3	62.1016	2
1714.90140	858.45800	2	62.1683	2
1714.90525	858.45990	2	70.2029	2
1716.88825	859.45140	2	86.3034	2
1717.72170	859.86810	2	56.8588	1
1717.86350	573.62845	3	71.4840	2
1717.86595	859.94025	2	71.5151	2
1717.89745	859.95600	2	93.4358	2
1720.90455	861.45955	2	77.3891	2
1721.76060	861.88760	2	36.9778	2
1721.86330	861.93890	2	74.6616	2
1721.86330	861.93890	2	89.7956	2
1721.86475	861.93965	2	93.1427	2
1722.87525	575.29900	3	75.2615	2
1722.89705	575.30630	3	75.7980	2
1723.02320	575.34835	3	69.0319	2
1723.02560	862.52010	2	69.0624	2
1724.87500	863.44475	2	82.0126	2
1725.82580	863.92020	2	66.5045	2
1725.95425	863.98440	2	85.6744	2
1726.01550	576.34580	3	81.7369	2
1726.84720	864.43090	2	84.5555	1
1726.93645	576.65275	3	73.2366	2
1728.78885	577.27020	3	63.0758	2
1728.93770	577.31980	3	59.0207	1
1729.00500	577.34225	3	82.3596	2
1730.75510	577.92560	3	64.3297	2
1730.89810	866.45635	2	72.5699	2
1730.89840	866.45645	2	88.4140	2
1731.04710	578.02295	3	88.6388	2
1731.89000	866.95230	2	68.7578	1
1731.92380	866.96920	2	86.0662	1
1733.87290	578.96490	3	75.3737	2
1733.87475	867.94465	2	75.4733	2
1733.89380	867.95420	2	90.3382	2
1735.78960	868.90210	2	78.7120	1
1735.87855	579.63345	3	78.5318	2
1735.96320	579.66165	3	97.3435	2
1735.97085	868.99270	2	97.2651	2
1736.84680	579.95620	3	80.3076	2
1736.84745	869.43100	2	80.2774	2
1736.93550	579.98580	3	73.9875	1
1737.92640	580.31605	3	78.3518	2
1737.99255	870.00355	2	90.7029	2
1738.80110	870.40780	2	68.2436	2
1738.81930	580.61370	3	59.6411	2
1738.81955	580.61380	3	65.3111	2
1739.84155	580.95445	3	69.7605	2
1742.87295	581.96490	3	67.0881	2
1743.79815	872.90635	2	67.3150	2
1743.81100	872.91275	2	50.4320	2
1743.97650	872.99555	2	95.3297	2
1744.90180	582.64120	3	71.0110	2
1745.91340	582.97840	3	73.4784	2
1745.93385	873.97420	2	82.5495	2
1746.79800	874.40630	2	89.6230	2
1746.81310	874.41385	2	74.1007	2
1748.87305	583.96495	3	62.6431	2
1749.86365	584.29515	3	61.7319	2
1749.86500	875.93980	2	61.6817	2
1750.01020	438.50980	4	55.8975	2
1750.01150	584.34445	3	55.7672	2
1750.01230	876.01345	2	55.8291	2
1751.94080	876.97765	2	90.7137	2
1752.89100	585.30425	3	48.3914	2
1752.98735	585.33635	3	86.1681	2
1752.98880	877.50170	2	86.1030	2
1753.84970	585.62380	3	52.5950	2
1754.83395	878.42425	2	93.0486	2
1754.86330	878.43890	2	75.0203	1
1755.85910	878.93680	2	70.5807	2
1755.90065	878.95760	2	90.3033	2
1755.92910	878.97180	2	71.7310	1
1756.88960	586.63710	3	79.3339	1
1756.89050	879.45250	2	79.2636	2
1757.92385	586.98190	3	73.8670	2
1758.79350	880.40405	2	48.8240	2
1758.83085	587.28420	3	77.1223	2
1759.84670	880.93065	2	89.3047	2
1759.84790	587.62320	3	65.2483	1
1759.90980	880.96220	2	88.1857	2
1760.92430	587.98200	3	80.1711	1
1760.94065	881.47760	2	87.7056	2
1761.89575	588.30585	3	73.4595	2
1762.84235	882.42845	2	76.0564	2
1763.83265	882.92360	2	61.4414	2
1764.32580	589.11585	3	63.0142	4
1765.00035	883.50745	2	92.6201	2
1765.00310	589.34165	3	92.6501	2
1765.86535	883.93995	2	80.1687	2
1765.89115	883.95285	2	65.1408	2
1766.94835	884.48145	2	83.9985	2
1766.97040	884.49250	2	86.6934	2
1767.82280	590.28150	3	64.4306	1
1767.85290	590.29155	3	89.0139	2
1767.85805	884.93630	2	89.0277	2
1767.97090	590.33090	3	88.4961	2
1767.97140	884.99300	2	88.7180	1
1768.90225	885.45840	2	79.8636	2
1769.01850	590.68010	3	80.4083	2
1769.91670	885.96565	2	66.8829	2
1770.00465	591.00880	3	73.7675	2
1770.00740	886.01095	2	91.3216	2
1770.87560	591.29910	3	56.8895	1
1771.91560	591.64580	3	75.3109	1
1772.33475	887.17465	2	76.8787	4
1774.88570	888.45010	2	58.3336	2
1774.88600	592.63590	3	58.3171	3
1774.93300	888.47375	2	88.8650	2
1775.87220	592.96470	3	60.7996	1
1776.89605	593.30595	3	66.7959	2
1777.32115	889.66785	2	63.9028	4
1778.98880	594.00350	3	71.7205	1
1778.98965	890.50210	2	71.6715	2
1779.86060	594.29410	3	93.3335	1
1780.40345	594.47505	3	53.2346	4
1782.87555	595.29910	3	75.6949	2
1783.84735	892.93095	2	73.1042	2
1784.88110	595.96760	3	61.9971	1
1784.88230	893.44840	2	62.0188	2
1784.91830	893.46645	2	55.2286	2
1784.91835	595.98005	3	55.0850	2
1785.88920	893.95185	2	88.0154	2
1785.89030	596.30400	3	88.1326	1
1788.91310	597.31165	3	34.9827	2
1789.92940	895.97200	2	81.9908	2
1790.90770	896.46115	2	90.1419	2
1791.76610	598.26260	3	41.9950	1
1791.84630	598.28940	3	49.3359	2
1792.91005	598.64395	3	61.5001	2
1793.05590	598.69260	3	97.3291	1
1793.06105	897.53780	2	97.2070	2
1793.87540	897.94495	2	89.3900	2
1793.92165	897.96810	2	84.2160	2
1794.81630	898.41540	2	63.3155	2
1794.86050	898.43750	2	81.6344	1
1794.98530	898.49995	2	79.4220	2
1796.85585	599.95925	3	74.0597	2
1796.87975	599.96720	3	83.8389	2
1796.96780	599.99650	3	84.4262	1
1796.97885	600.00020	3	70.6175	2
1797.96140	600.32770	3	72.7059	1
1799.93040	600.98410	3	99.2769	1
1799.93050	900.97255	2	99.2851	2
1802.89860	601.97350	3	96.1592	1
1803.92405	602.31525	3	49.6723	2
1804.86650	602.62940	3	65.5279	1
1804.89540	602.63910	3	77.8786	2
1804.97145	602.66440	3	78.2927	2
1804.97835	903.49645	2	78.6300	2
1805.36110	903.68785	2	65.0983	4
1805.87870	903.94660	2	77.7825	7
1806.03820	603.02000	3	71.6119	2
1806.88235	904.44845	2	68.7282	2
1806.90200	603.30790	3	84.1045	1
1809.91495	905.96475	2	72.8219	2
1810.00480	906.00970	2	72.9922	3
1813.90330	907.95890	2	85.8010	2
1813.94825	907.98140	2	83.5335	2
1814.80040	908.40750	2	80.0193	2
1814.80165	605.94115	3	79.9221	2
1814.96975	605.99720	3	65.8187	2
1815.92250	606.31475	3	86.1800	2
1815.92400	908.96925	2	86.1088	2
1816.88940	606.63705	3	78.8393	2
1817.90360	606.97510	3	49.3519	1
1818.89470	607.30550	3	91.1290	1
1820.89650	607.97275	3	72.4553	2
1820.91320	607.97830	3	79.0444	1
1821.06260	608.02810	3	83.8764	2
1821.84715	608.28965	3	80.4024	2
1821.89170	608.30450	3	52.9700	2
1822.91445	912.46450	2	85.1517	2
1822.91580	912.46520	2	72.2667	2
1823.89335	608.97170	3	83.6259	2
1823.90800	608.97660	3	68.0607	1
1825.86465	913.93960	2	55.3421	2
1825.86600	609.62930	3	55.3179	3
1825.89540	913.95495	2	66.9649	2
1826.95300	914.48380	2	78.6199	1
1827.94000	610.32060	3	73.7544	1
1827.96890	610.33020	3	65.2801	2
1827.97015	914.99235	2	65.2488	2
1828.91450	915.46450	2	84.1521	2
1828.95195	915.48325	2	73.3874	2
1832.00750	611.67645	3	72.4215	2
1832.86580	917.44020	2	81.6686	2
1832.91710	611.97960	3	76.2206	2
1833.90580	612.30920	3	76.9841	1
1833.93790	917.97620	2	80.1464	2
1833.96540	612.32910	3	87.6734	2
1835.79590	612.93920	3	59.4362	1
1836.04775	613.02320	3	73.2603	2
1836.92880	613.31685	3	85.3539	2
1838.11650	613.71280	3	73.8592	1
1838.95605	613.99260	3	63.7873	2
1839.99285	614.33820	3	64.2457	2
1841.01555	614.67910	3	69.9286	2
1841.01590	921.51525	2	69.9022	2
1841.85810	614.95995	3	49.2676	2
1842.92970	615.31715	3	65.6421	2
1842.97260	615.33150	3	71.4550	2
1843.99360	923.00410	2	82.7852	2
1844.88580	923.45015	2	86.6816	2
1844.89100	615.97095	3	63.0151	2
1844.91055	615.97745	3	67.1978	2
1845.99300	616.33830	3	85.9459	2
1845.99400	924.00430	2	86.0853	2
1846.79095	924.40275	2	72.0240	2
1846.93445	924.47450	2	74.9801	2
1846.96930	924.49195	2	84.9005	2
1847.90825	924.96140	2	94.8257	2
1849.89480	617.63885	3	89.8863	2
1849.89500	925.95475	2	89.7896	2
1849.95690	617.65955	3	85.4817	2
1851.89375	618.30520	3	81.5946	2
1852.02040	927.01750	2	83.0906	2
1853.92725	618.98300	3	60.8711	2
1854.92750	928.47105	2	92.0368	2
1856.87980	929.44720	2	82.8506	2
1859.94330	930.97895	2	72.4295	2
1860.94590	621.32255	3	88.8329	2
1860.95025	931.48240	2	88.8349	2
1860.99935	621.34040	3	75.6227	2
1861.91530	931.96495	2	87.8863	2
1861.98715	621.66965	3	83.0226	2
1862.82105	621.94760	3	60.0546	2
1862.86945	932.44200	2	86.7812	2
1863.98985	622.33725	3	88.2467	2
1864.88180	622.63450	3	72.9398	2
1866.01405	623.01195	3	81.6438	2
1867.84380	623.62185	3	53.9421	2
1867.89400	623.63860	3	88.9132	1
1867.91045	934.96250	2	83.4229	2
1868.83295	935.42375	2	63.5917	2
1870.96060	936.48760	2	86.1149	2
1872.89775	625.30650	3	53.6706	2
1873.94675	625.65615	3	76.0948	2
1873.96905	937.99180	2	81.1578	2
1875.87330	626.29840	3	70.8810	1
1876.99495	626.67225	3	75.0712	2
1880.97520	627.99900	3	62.7815	2
1881.02760	628.01645	3	79.7710	2
1882.97545	942.49500	2	71.1556	2
1883.88170	628.96780	3	75.8824	1
1883.88305	942.94880	2	75.7690	2
1885.87215	943.94335	2	65.6338	2
1885.91970	629.64720	3	84.2725	2
1885.92020	943.96740	2	84.1639	2
1886.86760	944.44110	2	63.7443	1
1886.90115	629.97430	3	68.7879	2
1886.90225	944.45840	2	68.8493	2
1887.87275	944.94365	2	82.6411	2
1888.00360	630.34180	3	81.3952	2
1888.96700	945.49080	2	83.1720	1
1888.97340	630.66510	3	83.1517	1
1890.93695	631.31960	3	69.7250	2
1890.94870	631.32350	3	74.0624	2
1890.99500	631.33890	3	84.7680	2
1892.06500	947.03975	2	83.0255	2
1893.94510	474.49360	4	56.4707	1
1893.96025	632.32735	3	85.5170	2
1893.96080	947.98770	2	85.4437	2
1893.97890	632.33355	3	58.2143	2
1899.87815	950.94635	2	70.3037	2
1899.98550	634.33575	3	62.1954	2
1902.89665	952.45560	2	79.8947	2
1903.93215	635.65130	3	77.5955	2
1904.96810	953.49130	2	77.3607	1
1904.96950	635.99710	3	74.9055	2
1904.97090	953.49270	2	74.9772	2
1908.96805	955.49130	2	86.4312	2
1909.97775	478.50175	4	70.9515	2
1909.99605	637.67260	3	75.6392	2
1910.17275	637.73150	3	79.2389	2
1911.89035	956.95245	2	72.8589	2
1911.99960	957.00710	2	81.4856	2
1912.00040	638.34070	3	81.4917	2
1912.91340	638.64505	3	32.1646	2
1912.95920	957.48690	2	87.4703	1
1912.99180	638.67120	3	73.9492	1
1913.09805	638.70660	3	70.5469	2
1914.98095	958.49775	2	68.7652	2
1915.05160	479.77020	4	74.4645	1
1915.47215	639.49795	3	69.3350	4
1916.95285	639.99155	3	66.1522	2
1918.85190	640.62455	3	46.5025	2
1919.77300	640.93160	3	39.2394	2
1919.90620	960.96040	2	91.2563	2
1920.96500	641.32890	3	60.8243	1
1920.96640	641.32940	3	60.8890	1
1921.00130	641.34105	3	82.3923	2
1921.93280	961.97370	2	95.6057	2
1921.93285	641.65155	3	95.7167	2
1923.96235	642.32805	3	72.3525	2
1924.02180	642.34790	3	78.2926	2
1926.99840	643.34010	3	89.6854	2
1926.99905	964.50680	2	89.7809	2
1930.94110	644.65430	3	83.0315	2
1932.83885	645.28690	3	57.6022	2
1932.83985	967.42720	2	57.6843	2
1933.08755	967.55105	2	86.6460	2
1934.07825	645.70005	3	86.5178	2
1935.07935	646.03370	3	78.9275	2
1935.90110	968.95780	2	87.2464	1
1935.93190	646.31790	3	65.1330	2
1937.92870	646.98350	3	87.9202	1
1937.92940	646.98375	3	91.7874	2
1937.92965	969.97210	2	87.7611	2
1937.92985	969.97220	2	91.7247	2
1937.94635	646.98940	3	78.6555	2
1937.94710	969.98080	2	78.7306	2
1938.93685	970.47570	2	90.8381	2
1938.95355	970.48405	2	80.0807	2
1939.01785	647.34655	3	74.5967	2
1940.85450	647.95880	3	90.8334	1
1940.98570	648.00250	3	73.1608	1
1941.88000	648.30060	3	57.3985	2
1942.04175	648.35450	3	76.1847	2
1942.47450	648.49880	3	85.0680	4
1942.83955	648.62045	3	60.4573	2
1942.96690	972.49070	2	85.9735	1
1943.94155	648.98780	3	73.7466	2
1944.98090	649.33425	3	66.2616	2
1947.93200	650.31790	3	71.9877	2
1947.94240	974.97850	2	85.2703	1
1947.98580	650.33585	3	80.2444	2
1947.98640	975.00050	2	80.2062	2
1950.98015	651.33400	3	71.3036	2
1951.98830	651.67000	3	70.8750	1
1951.99260	977.00360	2	87.3091	2
1951.99350	651.67175	3	87.3473	2
1953.92190	977.96825	2	83.9367	2
1954.89575	978.45515	2	80.9228	2
1955.93970	652.98720	3	58.7549	1
1955.94040	652.98740	3	58.7735	1
1955.94080	978.97770	2	58.8456	1
1956.05865	653.02685	3	81.1803	2
1956.90075	653.30755	3	65.6028	2
1956.99115	979.50285	2	75.4165	2
1957.94730	979.98095	2	86.1471	2
1961.04080	654.68750	3	87.6315	1
1961.04250	654.68810	3	87.6571	1
1961.04315	981.52885	2	87.6168	4
1963.05365	982.53410	2	75.2290	2
1966.08485	984.04970	2	89.3715	2
1966.93860	656.65345	3	74.3730	2
1966.98075	656.66750	3	96.0989	2
1966.98170	984.49815	2	96.0989	2
1966.99180	984.50320	2	78.2705	2
1967.00510	656.67560	3	82.0808	1
1967.04170	656.68780	3	92.4474	1
1970.07145	657.69775	3	76.8998	2
1970.98365	658.00180	3	60.3684	2
1973.06985	494.27475	4	59.3343	2
1973.07125	658.69770	3	59.3241	2
1974.04620	988.03040	2	93.2955	2
1976.01730	659.67970	3	94.3446	2
1976.02050	989.01750	2	94.2970	2
1976.96775	659.99650	3	83.6544	2
1977.03385	989.52420	2	81.2889	2
1978.19670	660.40615	3	92.5420	2
1978.89855	660.64015	3	35.0126	2
1979.03490	660.68555	3	86.7202	2
1983.03590	662.01920	3	85.7817	1
1984.02865	662.35015	3	78.9940	2
1984.02960	993.02205	2	78.9401	2
1985.96010	993.98735	2	72.3663	2
1988.04735	663.68975	3	70.5574	2
1989.02440	664.01540	3	73.6751	2
1992.01615	997.01535	2	92.1228	2
1992.05810	665.02665	3	79.2914	2
1993.92110	665.64760	3	63.5053	1
1994.00455	998.00955	2	93.1550	2
1994.00505	665.67560	3	93.1887	2
1999.91780	1000.96620	2	52.6711	1
2001.00135	668.00775	3	83.3467	2
2002.96180	1002.48815	2	75.5439	2
2002.98500	668.66895	3	66.9364	2
2003.03130	1002.52295	2	88.3493	2
2003.03240	668.68470	3	88.3028	2
2003.05040	1002.53250	2	91.0957	1
2004.08910	669.03695	3	78.5065	2
2009.03545	670.68575	3	57.8522	2
2009.08565	670.70245	3	76.3467	2
2009.99865	671.00680	3	91.4327	2
2009.99930	1006.00695	2	91.3990	2
2010.03000	671.01730	3	77.2124	1
2011.00040	671.34070	3	76.5831	2
2011.00360	1006.50905	2	76.5744	2
2016.99185	1009.50320	2	79.5877	2
2019.07010	674.03065	3	93.3619	2
2022.01855	675.01345	3	63.5144	2
2024.89480	1013.45470	2	55.6873	2
2026.01560	1014.01510	2	87.7702	2
2026.12360	676.38180	3	85.0454	2
2026.12375	1014.06915	2	85.1780	2
2026.92900	1014.47175	2	82.2920	2
2027.05975	676.69385	3	86.6250	2
2031.02930	678.01700	3	86.8547	1
2033.06115	678.69430	3	71.8945	2
2035.86180	679.62790	3	57.1983	1
2037.04195	680.02125	3	64.6365	2
2041.07495	681.36555	3	79.3612	2
2041.97630	681.66605	3	71.9003	2
2043.01000	682.01060	3	81.5836	2
2043.01205	1022.51330	2	81.7011	2
2047.98030	683.66740	3	47.0720	2
2048.05045	683.69075	3	94.5784	2
2048.05560	1025.03510	2	94.5655	2
2048.95900	683.99360	3	75.7279	2
2049.04065	684.02080	3	86.2357	2
2050.03390	684.35190	3	87.9281	2
2050.03660	684.35280	3	79.8565	1
2052.92810	1027.47130	2	74.8127	2
2054.09440	1028.05450	2	96.2496	2
2054.09695	685.70625	3	96.2884	2
2054.89710	685.97295	3	68.3994	2
2058.07815	1030.04635	2	96.4207	2
2058.07875	687.03350	3	96.3930	2
2059.00595	687.34260	3	76.5471	2
2059.07870	687.36685	3	89.9787	2
2059.92720	687.64970	3	67.0827	1
2059.96775	687.66320	3	83.9719	2
2059.96865	1030.99160	2	83.9307	2
2060.00845	687.67675	3	91.9768	2
2062.04265	688.35480	3	86.5558	2
2064.02965	1033.02210	2	87.8682	2
2064.04695	689.02290	3	88.7888	2
2064.05250	1033.03350	2	88.7060	1
2064.96005	1033.48730	2	83.7119	2
2067.99075	690.33755	3	68.1912	2
2070.95985	1036.48720	2	71.6062	2
2071.03370	1036.52410	2	91.1175	1
2071.03485	691.35225	3	66.2070	2
2072.11735	691.71305	3	87.1273	2
2073.10335	692.04170	3	75.9630	2
2075.07930	692.70040	3	71.2211	2
2076.04895	693.02360	3	66.7267	2
2078.03300	693.68490	3	92.2814	1
2078.06500	693.69560	3	78.0796	2
2079.02700	694.01630	3	73.3136	1
2080.10305	521.03305	4	69.6704	2
2081.09670	694.70615	3	83.4483	2
2086.03975	1044.02715	2	87.7936	2
2090.94200	1046.47830	2	87.1025	1
2092.08570	698.36915	3	73.2901	2
2092.97640	1047.49550	2	86.4042	2
2093.11315	1047.56385	2	79.4520	2
2093.11450	698.71210	3	79.4580	2
2093.97985	1047.99720	2	85.2138	2
2093.98395	699.00190	3	85.2802	2
2094.94790	699.32325	3	50.5017	2
2094.98935	1048.50195	2	83.3579	2
2095.00410	699.34195	3	68.5066	2
2100.07105	701.03095	3	91.5583	2
2101.86380	701.62850	3	70.0968	1
2104.07375	1053.04415	2	72.1116	2
2104.08150	702.36780	3	73.6310	5
2105.14575	702.72250	3	89.7182	2
2112.14020	1057.07740	2	92.2680	2
2114.12500	1058.06975	2	94.4512	2
2114.12840	705.71670	3	94.3443	3
2119.04930	707.35705	3	63.3072	2
2121.13130	708.05100	3	81.9157	1
2121.13400	708.05190	3	81.9377	1
2122.10700	708.37630	3	69.4441	1
2125.14800	709.38990	3	92.4083	2
2126.14170	709.72120	3	77.0864	2
2126.14350	1064.07905	2	77.0546	2
2127.10620	710.04270	3	70.3319	1
2131.17870	711.40015	3	82.9136	2
2136.95310	713.32500	3	75.9158	1
2137.12355	713.38180	3	69.3046	2
2143.09205	715.37130	3	80.9830	2
2148.10500	717.04230	3	60.7274	1
2151.09670	718.03950	3	77.5406	2
2156.01440	719.67875	3	64.7700	2
2160.04210	721.02130	3	62.8393	2
2161.14325	721.38835	3	85.4213	2
2169.12350	724.04840	3	75.6603	2
2169.20850	724.07680	3	89.5731	1
2170.02840	724.35005	3	75.4681	2
2181.13695	1091.57575	2	80.0072	2
2181.13755	728.05310	3	79.9819	2
2190.06635	1096.04045	2	74.1884	2
2190.06710	731.02960	3	74.2440	2
2190.17000	731.06390	3	91.0461	1
2195.99780	733.00650	3	76.1745	1
2201.11720	734.71300	3	72.7612	2
2205.01340	736.01175	3	70.9203	2
2205.09705	736.03960	3	98.2293	2
2205.09815	1103.55635	2	98.0914	2
2209.10670	737.37620	3	79.7951	1
2214.08090	1108.04770	2	79.2990	2
2227.05395	743.35860	3	54.8323	2
2227.05420	1114.53440	2	54.8599	2
2236.11160	746.37780	3	84.9551	2
2238.13060	747.05080	3	72.5624	1
2240.18120	747.73430	3	84.2855	2
2240.18320	1121.09890	2	84.2537	2
2245.07700	749.36630	3	89.1202	1
2249.19735	1125.60595	2	82.3594	2
2250.02100	751.01430	3	45.5327	2
2269.26090	757.42755	3	82.4811	2
2279.05710	760.69295	3	68.1304	2
2282.08375	761.70185	3	63.4513	2
2283.16060	762.06080	3	81.8061	1
2284.23585	762.41920	3	93.2559	2
2284.23635	762.41940	3	90.2084	2
2285.25535	762.75905	3	89.1536	2
2291.01790	764.67990	3	66.6755	2
2291.01865	1146.51660	2	66.6678	2
2295.09375	766.03850	3	79.2915	2
2297.12265	766.71480	3	69.2918	2
2299.25560	1150.63510	2	92.7023	1
2306.10420	1154.05940	2	77.5962	1
2306.10495	769.70890	3	77.5466	2
2314.08640	772.36940	3	60.7491	2
2323.19690	1162.60575	2	84.7180	2
2323.28855	775.43680	3	88.6327	2
2336.17770	779.73320	3	83.1400	1
2364.20260	789.07480	3	76.3746	1
2372.20985	791.74390	3	85.6103	2
2376.09960	793.04045	3	50.8831	2
2377.08600	793.36930	3	75.9097	1
2379.16460	794.06210	3	62.3613	1
2379.16535	595.79860	4	62.3123	2
2387.14140	796.72110	3	84.9190	1
2389.98900	797.67025	3	61.2933	2
2391.16495	798.06225	3	80.6447	2
2391.18120	798.06770	3	95.1249	1
2391.18835	1196.60145	2	94.8562	2
2399.31100	800.77760	3	88.7897	1
2401.30130	801.44100	3	81.5472	2
2401.30825	1201.66140	2	81.7768	2
2404.07225	802.36470	3	70.6848	2
2407.22960	803.41715	3	75.5628	2
2416.24220	806.42135	3	83.8737	2
2433.24025	812.08735	3	81.0219	2
2435.25530	812.75900	3	64.8730	2
2440.34315	814.45495	3	90.6832	2
2450.20950	1226.11200	2	92.4196	1
2456.21305	819.74495	3	78.3266	2
2460.19380	821.07185	3	84.9980	2
2519.20690	840.74290	3	64.9932	2
2525.29980	842.77385	3	85.5058	2
2532.23660	845.08610	3	73.6059	2
2546.24000	849.75390	3	78.6259	1
2549.47080	850.83090	3	82.8807	2
2549.47240	638.37540	4	84.5126	5
2558.29490	853.77225	3	91.6453	2
2574.29275	859.10485	3	88.7146	2
2589.27250	864.09810	3	70.3421	2
2604.27125	869.09770	3	84.4100	2
2620.21630	656.06135	4	64.5789	2
2620.26660	874.42945	3	81.2641	2
2630.31230	877.77800	3	84.2061	1
2691.39180	898.13790	3	75.7522	1
2694.40245	899.14140	3	82.6709	2
2724.43900	909.15360	3	88.3037	1
2726.43480	909.81890	3	74.1496	1
2749.48060	917.50080	3	81.4538	2
2769.42700	924.14960	3	85.6014	2
2794.38210	932.46795	3	77.1222	2
2801.44870	701.36950	4	85.4366	1
2801.45170	701.37020	4	85.5278	1
2804.28035	935.76735	3	76.8046	2
2851.40505	951.47560	3	87.4808	2
2858.47400	953.83190	3	90.7679	1
3000.54905	1001.19030	3	85.6682	2
3080.54080	1027.85420	3	80.3668	1
3132.48525	784.12860	4	68.8240	2
3208.56425	803.14835	4	69.7908	2
3536.65895	1179.89360	3	83.9980	2
4062.00700	1016.50900	4	66.9969	2
