mono_mass	mz	charge	rt	n_psm
798.41255	400.21360	2	37.6982	2
798.48490	400.24970	2	56.7961	2
798.49020	400.25240	2	31.8869	1
799.45530	400.73490	2	48.3377	2
799.51820	400.76640	2	37.5617	1
800.43910	401.22685	2	37.4319	2
800.43945	401.22700	2	39.6090	2
800.45445	401.23455	2	50.3625	2
801.43555	401.72505	2	36.0542	2
801.46040	401.73750	2	44.1218	1
801.53300	401.77375	2	43.6994	2
802.38675	402.20065	2	38.0540	2
802.41780	402.21620	2	40.9500	1
802.49780	402.25620	2	60.8840	2
805.40860	403.71160	2	44.3349	2
805.44540	403.73000	2	50.4539	2
806.39580	404.20520	2	36.8890	2
806.41730	404.21590	2	70.8143	2
806.45410	404.23435	2	59.5344	2
806.45560	404.23510	2	49.6434	1
807.41315	404.71385	2	39.2586	2
808.36230	405.18845	2	36.1083	2
808.39680	405.20570	2	48.5676	1
811.35440	406.68445	2	36.7878	2
812.42320	407.21890	2	41.9294	1
812.43930	407.22695	2	39.3121	2
812.47510	407.24480	2	59.4711	1
812.48745	407.25100	2	43.8952	2
812.51145	407.26300	2	48.1393	2
814.45450	408.23450	2	33.9299	3
814.45490	408.23470	2	50.7923	1
814.51590	408.26525	2	57.8482	2
815.43920	408.72690	2	37.9932	1
815.46950	408.74200	2	55.8571	3
815.47505	408.74480	2	41.4472	2
815.47625	408.74540	2	45.6121	2
815.49755	408.75605	2	37.0693	2
815.51185	408.76320	2	45.4519	2
816.38410	409.19930	2	50.5925	1
816.44930	409.23195	2	65.5795	2
816.47080	409.24265	2	36.8433	2
817.42940	409.72200	2	34.0603	2
817.48130	409.74795	2	65.9325	2
818.44030	410.22740	2	51.9745	2
818.48960	410.25205	2	72.8908	2
819.39160	410.70305	2	34.4296	2
819.41700	410.71580	2	39.3043	1
819.43155	410.72305	2	62.1579	2
820.43345	411.22400	2	38.2632	2
820.46950	411.24205	2	44.8895	2
820.48810	411.25130	2	70.7174	2
821.42845	411.72150	2	40.0971	2
822.39120	412.20290	2	30.0331	4
822.42395	412.21925	2	36.3139	2
822.42415	412.21935	2	42.0194	2
823.41890	412.71670	2	35.7014	2
823.42690	412.72075	2	53.7694	2
823.44460	412.72960	2	44.2087	1
824.54880	413.28165	2	70.2293	2
826.49115	414.25285	2	41.5752	2
826.49155	414.25305	2	39.0059	2
826.52735	414.27095	2	48.8947	2
826.52745	414.27100	2	68.7535	2
827.49770	414.75610	2	36.5687	1
828.41640	415.21550	2	30.6766	3
828.44970	415.23210	2	58.5067	2
828.47640	415.24550	2	37.9981	1
829.44765	415.73110	2	39.4430	4
829.46360	415.73905	2	41.0176	2
829.46510	415.73980	2	34.0479	2
829.49120	415.75285	2	54.9465	2
829.49155	415.75305	2	38.7319	2
829.50285	415.75870	2	35.9292	2
831.47005	416.74230	2	47.7463	2
831.47015	416.74240	2	34.6419	2
831.49690	416.75570	2	61.0283	2
831.49705	416.75580	2	68.8760	2
832.39270	417.20365	2	33.8847	2
832.41360	417.21410	2	42.1629	1
832.42850	417.22155	2	44.4815	2
833.43990	417.72720	2	62.0162	2
834.43595	418.22525	2	37.2659	2
835.40790	418.71120	2	46.4614	1
835.44440	418.72950	2	42.6369	2
836.38940	419.20200	2	39.7267	2
836.40190	419.20820	2	40.5726	2
836.44075	419.22765	2	42.8280	2
836.44090	419.22775	2	55.8121	2
837.40315	419.70885	2	47.1905	2
837.40570	419.71015	2	53.4875	2
838.39040	420.20250	2	34.8994	1
838.41890	420.21680	2	36.7535	2
839.42935	420.72195	2	54.2302	2
839.58440	420.79945	2	72.2054	2
840.47085	421.24270	2	42.3992	2
840.54300	421.27880	2	73.9181	2
841.46610	421.74030	2	40.2795	3
841.49100	421.75275	2	54.0256	2
842.42860	422.22160	2	47.0209	3
842.48440	422.24950	2	51.3202	2
842.48670	422.25065	2	37.9233	2
842.48685	422.25070	2	41.6875	2
842.52250	422.26855	2	48.3485	2
842.52290	422.26875	2	69.9842	2
842.53355	422.27405	2	33.9070	2
843.44990	422.73220	2	38.6875	1
843.48130	422.74795	2	44.0033	2
843.54255	422.77855	2	62.3556	2
844.45470	423.23465	2	53.0568	2
844.46535	423.23995	2	34.7349	2
845.45090	423.73275	2	37.6032	2
845.46030	423.73745	2	36.8647	2
845.46080	423.73770	2	43.5255	2
845.46445	423.73950	2	66.3503	2
845.48600	423.75030	2	51.8733	2
845.51210	423.76335	2	64.3285	2
845.53800	423.77630	2	75.2431	2
846.39940	424.20695	2	36.4209	2
846.42740	424.22095	2	42.2534	2
846.44840	424.23150	2	60.2105	2
847.42390	424.71920	2	43.1239	1
847.44460	424.72955	2	40.1461	2
848.43850	425.22650	2	41.2937	1
848.44025	425.22740	2	52.3624	2
848.44435	425.22945	2	36.0441	2
849.42055	425.71755	2	45.9874	2
849.43530	425.72490	2	52.9126	2
849.44190	425.72820	2	51.7941	1
850.45415	426.23435	2	45.7002	2
850.50200	426.25825	2	38.8097	2
851.37060	426.69260	2	40.0502	1
851.40305	426.70880	2	34.8748	2
851.42155	426.71805	2	44.9205	2
851.43875	426.72665	2	36.5179	2
853.36125	427.68790	2	36.2581	2
853.39715	427.70585	2	42.2600	2
854.46065	428.23760	2	39.3799	2
856.43245	429.22350	2	63.5992	2
856.44920	429.23190	2	64.3767	2
856.46990	429.24225	2	49.3771	2
856.51280	429.26370	2	47.6630	2
856.51575	429.26515	2	45.0410	2
856.53880	429.27670	2	56.9818	1
856.53940	429.27700	2	56.9468	1
857.44150	429.72800	2	39.1212	1
857.46125	429.73790	2	39.6631	2
857.46250	429.73850	2	41.9621	2
857.49270	429.75360	2	45.7492	1
857.49695	429.75575	2	54.2258	2
858.45800	430.23630	2	43.6654	1
858.46965	430.24210	2	43.0304	2
858.96255	430.48855	2	37.3655	4
859.46500	430.73980	2	46.2057	3
860.42395	431.21925	2	35.6467	2
860.44185	431.22820	2	44.6216	2
860.46080	431.23770	2	33.1586	1
861.44405	431.72930	2	44.0401	2
861.47160	431.74310	2	46.9228	1
861.50725	431.76090	2	74.4215	2
862.38640	432.20050	2	38.6412	2
863.45090	432.73275	2	34.4894	2
863.45130	432.73295	2	48.5357	2
863.45660	432.73555	2	57.9957	2
864.41975	433.21715	2	48.9555	2
864.43460	433.22460	2	52.1627	2
864.50700	433.26080	2	63.0931	2
865.41185	433.71320	2	49.9396	2
865.41520	433.71485	2	39.1034	2
866.49800	434.25630	2	41.7487	2
867.41715	434.71585	2	49.2761	2
867.43390	434.72420	2	38.5662	1
868.45990	435.23720	2	37.2226	2
869.49685	435.75570	2	33.9640	2
869.53345	435.77400	2	51.7766	2
869.53370	435.77410	2	59.1135	2
869.55935	435.78695	2	66.1107	2
870.43830	436.22640	2	33.3216	1
870.44900	436.23175	2	53.7384	2
870.48140	436.24800	2	42.4043	2
870.51725	436.26590	2	57.3436	2
870.55345	436.28400	2	50.0591	2
871.44390	436.72920	2	37.8854	2
871.45135	436.73295	2	40.2576	2
871.53835	436.77645	2	58.7054	2
872.47425	437.24440	2	39.0647	2
872.49720	437.25585	2	41.6122	2
872.51520	437.26490	2	63.0055	2
873.47095	437.74275	2	44.7740	2
873.47365	437.74410	2	49.8669	2
873.48030	437.74740	2	47.8377	2
873.49620	437.75535	2	66.6132	2
874.43325	438.22390	2	44.1834	2
874.45120	438.23290	2	32.2234	1
874.45860	438.23655	2	49.1021	2
874.46625	438.24040	2	42.3228	2
874.47800	438.24630	2	35.9779	1
875.43480	438.72470	2	33.2602	1
875.49020	438.75240	2	29.1143	1
875.52245	438.76850	2	60.2307	2
875.52320	438.76890	2	49.2229	2
876.41250	439.21350	2	38.7252	2
876.48000	439.24730	2	53.2324	1
876.49535	439.25495	2	67.0191	2
877.42990	439.72220	2	42.8289	1
877.45475	439.73465	2	36.7752	2
877.46625	439.74040	2	48.9776	2
877.46670	439.74060	2	42.1015	1
877.47835	439.74645	2	49.4871	2
877.50990	439.76225	2	69.0673	2
878.48530	440.24990	2	49.5164	1
878.48650	440.25055	2	53.8771	2
879.39695	440.70575	2	34.2722	2
880.41500	441.21480	2	38.1392	1
880.42960	441.22210	2	42.8850	2
880.54950	441.28205	2	52.7135	2
881.51615	441.76535	2	54.5978	2
882.52865	442.27160	2	38.5732	2
883.53835	442.77645	2	58.0161	2
883.53880	442.77665	2	50.4808	2
883.56075	442.78765	2	38.3208	2
884.43960	443.22710	2	43.5902	1
884.54400	443.27930	2	53.5114	2
884.57215	443.29335	2	58.5602	2
885.42325	443.71890	2	38.4605	2
885.43430	443.72440	2	41.8504	1
885.44455	443.72955	2	34.4735	2
885.48910	443.75180	2	35.0180	2
885.49190	443.75320	2	49.0944	1
885.49200	443.75330	2	50.7097	2
885.55410	443.78435	2	64.1887	2
886.40740	444.21100	2	52.7611	1
886.48730	444.25090	2	42.0153	2
886.51325	444.26390	2	47.1324	2
886.52340	444.26900	2	44.7971	1
887.46055	444.73760	2	35.9039	2
887.48665	444.75060	2	54.8864	2
887.49095	444.75275	2	40.8144	2
888.46670	445.24065	2	37.7118	2
889.45875	445.73665	2	50.2737	2
889.46615	445.74035	2	47.5439	2
889.47680	445.74570	2	40.8706	2
889.48450	445.74955	2	69.2709	2
890.50500	446.25975	2	44.1334	2
891.44515	446.72990	2	48.7241	2
891.44880	446.73165	2	45.6998	2
891.48155	446.74805	2	62.2733	2
891.49725	446.75590	2	66.3918	2
891.50710	446.76085	2	65.6024	2
892.44020	447.22740	2	39.7056	3
892.48375	447.24915	2	75.9635	2
893.45885	447.73670	2	45.2373	6
893.46090	447.73770	2	36.1543	1
893.46190	447.73820	2	42.2128	1
893.60610	447.81035	2	74.7814	2
894.45570	448.23510	2	33.9645	1
895.44685	448.73070	2	59.0247	2
895.46530	448.73990	2	40.8845	2
896.53320	449.27385	2	54.0752	2
897.40510	449.70980	2	65.9119	1
897.50340	449.75895	2	33.4178	2
897.52790	449.77120	2	45.7777	1
898.40735	450.21100	2	65.5717	2
898.48000	450.24730	2	57.1572	1
898.48720	450.25090	2	34.9653	2
898.49060	450.25255	2	43.8851	2
898.54900	450.28180	2	66.1738	2
898.56100	450.28775	2	54.4937	2
899.43810	450.72630	2	52.9626	2
899.45080	450.73265	2	40.3178	2
899.50865	450.76160	2	55.3662	2
899.51545	450.76500	2	59.5344	2
900.45695	451.23575	2	40.8220	2
900.49160	451.25310	2	52.0511	1
900.50305	451.25880	2	49.9934	2
900.53955	451.27705	2	43.4248	2
901.41205	451.71330	2	48.5061	2
901.43240	451.72350	2	38.7583	2
901.48640	451.75045	2	33.3622	2
901.48690	451.75070	2	46.0835	2
901.52385	451.76920	2	42.0741	2
902.41345	452.21400	2	47.1859	2
902.50680	452.26070	2	45.6334	1
903.48175	452.74815	2	52.3951	2
903.51000	452.76230	2	64.7482	1
903.52850	452.77155	2	41.6701	2
903.54315	452.77885	2	68.1472	2
904.42540	453.22000	2	31.5893	1
904.53870	453.27660	2	62.4940	1
905.45240	453.73345	2	43.5089	2
905.45265	453.73360	2	64.9952	2
905.46120	453.73790	2	32.0806	1
906.46745	454.24100	2	31.8014	2
906.51760	454.26605	2	47.4889	2
907.45190	454.73320	2	36.8306	2
907.49970	454.75710	2	47.9379	2
907.50120	454.75790	2	54.2751	3
908.50700	455.26080	2	54.1287	1
908.53300	455.27380	2	39.9766	1
908.56885	455.29170	2	56.4884	2
909.42630	455.72045	2	44.3006	2
909.42655	455.72055	2	54.6234	2
909.45650	455.73550	2	39.5791	1
909.47505	455.74480	2	69.6492	2
911.38075	456.69765	2	33.7234	2
911.47480	456.74470	2	59.9069	2
911.48975	456.75220	2	42.6041	2
911.58050	456.79755	2	57.4153	2
912.56535	457.28995	2	63.6227	2
913.42985	457.72220	2	48.0238	2
913.44845	457.73150	2	41.1326	2
913.47325	457.74390	2	70.4839	2
913.48675	457.75065	2	46.7542	2
913.50960	457.76210	2	32.7320	2
913.54850	457.78155	2	53.1849	2
913.55970	457.78710	2	38.6037	2
913.59680	457.80565	2	39.8695	2
914.50815	458.26135	2	40.4881	2
914.51820	458.26640	2	45.6147	2
915.44860	458.73155	2	36.5518	2
915.46770	458.74110	2	42.1655	2
915.50630	458.76050	2	32.0193	1
915.52040	458.76750	2	49.0893	1
915.53895	458.77675	2	34.8181	2
916.48615	459.25035	2	40.8794	2
916.49765	459.25610	2	37.2489	2
917.46350	459.73900	2	53.3815	1
917.46420	459.73940	2	34.2926	3
917.48120	459.74790	2	37.8989	2
917.51750	459.76600	2	39.5216	1
918.44905	460.23180	2	79.1641	2
918.48405	460.24930	2	52.8451	2
918.49160	460.25305	2	63.5387	2
918.51760	460.26605	2	56.3095	2
918.51780	460.26615	2	62.3841	2
919.40620	460.71040	2	32.7705	2
919.40755	460.71105	2	60.7638	2
919.44380	460.72920	2	46.9857	1
919.51205	460.76330	2	51.8914	2
919.51240	460.76350	2	43.3543	1
919.51365	460.76410	2	46.2792	2
919.51510	460.76485	2	56.6663	2
919.52190	460.76820	2	64.0578	2
920.49730	461.25590	2	49.7745	2
920.49755	461.25605	2	46.3843	2
920.50735	461.26095	2	41.0465	2
921.44605	461.73030	2	40.2928	2
921.45600	461.73530	2	40.1020	2
921.46730	461.74090	2	35.3465	1
921.94810	461.98130	2	37.5244	4
922.43955	462.22705	2	49.0412	2
923.43550	462.72500	2	43.3894	2
923.47245	462.74350	2	40.4179	2
923.58070	462.79765	2	77.1564	2
924.43690	463.22575	2	47.5192	2
924.53980	463.27720	2	51.9184	2
924.56485	463.28970	2	54.7808	2
925.49840	463.75645	2	43.2025	2
926.51850	464.26650	2	38.6041	2
926.57960	464.29710	2	59.7186	2
926.59120	464.30290	2	60.7677	2
927.37770	464.69610	2	28.5638	1
927.44485	464.72970	2	46.0832	2
927.56385	464.78920	2	82.2769	2
928.45465	465.23460	2	50.0866	2
928.51700	465.26580	2	41.3506	2
928.52285	465.26870	2	50.9200	2
928.53445	465.27450	2	49.2156	2
928.55930	465.28695	2	56.3441	2
928.55955	465.28705	2	61.9861	2
929.44610	465.73035	2	32.0105	2
929.45700	465.73580	2	29.3529	1
929.48065	465.74760	2	36.5967	2
929.50690	465.76075	2	54.2922	2
929.51135	465.76295	2	47.7114	2
929.51795	465.76625	2	42.5183	2
929.51820	465.76640	2	35.8539	3
929.51865	465.76660	2	40.4756	2
930.42330	466.21895	2	60.2232	2
930.46600	466.24025	2	34.9331	2
930.47885	466.24670	2	41.4083	2
930.51800	466.26630	2	64.1200	2
930.53920	466.27690	2	37.5907	1
931.44330	466.72890	2	27.0850	1
931.46965	466.74210	2	35.5534	2
931.48620	466.75040	2	48.2020	2
931.50185	466.75820	2	55.2392	2
931.51265	466.76360	2	57.2025	2
931.53385	466.77420	2	67.0238	2
932.46370	467.23910	2	38.4555	2
932.54440	467.27950	2	41.6303	2
933.45600	467.73525	2	36.9209	2
933.46520	467.73985	2	50.5413	2
933.48430	467.74945	2	50.8940	2
933.50325	467.75890	2	51.6779	2
933.50610	467.76030	2	86.5136	1
933.52840	467.77145	2	55.6648	2
933.53955	467.77705	2	32.5632	2
934.42115	468.21785	2	39.7077	4
934.45085	468.23270	2	38.8887	2
934.48655	468.25055	2	42.7533	2
934.48710	468.25085	2	54.4121	2
934.48770	468.25115	2	33.1687	2
934.51300	468.26375	2	49.4801	2
934.51305	468.26380	2	57.6497	2
934.52335	468.26895	2	58.8155	2
935.47075	468.74265	2	44.5995	2
936.49330	469.25400	2	41.1846	1
937.41410	469.71435	2	34.3007	2
937.48715	469.75085	2	40.2353	2
937.51235	469.76345	2	57.0311	2
938.43520	470.22490	2	37.3925	2
939.43065	470.72260	2	61.5948	2
939.46135	470.73800	2	32.2428	2
939.48200	470.74830	2	79.4991	2
939.48210	470.74835	2	58.7846	2
939.51450	470.76455	2	31.8727	2
939.55010	470.78230	2	55.1744	2
939.56395	470.78925	2	80.0924	2
940.44320	471.22890	2	44.6145	2
940.52625	471.27040	2	61.2111	2
941.43455	471.72455	2	38.1405	2
941.46310	471.73880	2	49.2365	1
941.56555	471.79005	2	61.0543	2
941.57965	471.79710	2	65.9579	2
941.60650	471.81055	2	78.5349	2
942.50235	472.25845	2	35.7505	2
942.51355	472.26405	2	47.4619	2
942.53820	472.27640	2	48.2239	2
943.44810	472.73135	2	60.3455	2
943.46300	472.73880	2	35.5150	2
943.48440	472.74950	2	43.2615	1
943.48610	472.75030	2	43.2891	1
943.49770	472.75615	2	35.2023	2
943.53560	472.77510	2	45.7961	1
944.42480	473.21970	2	36.9775	2
944.43115	473.22285	2	62.7922	2
944.47645	473.24550	2	54.7401	2
944.49305	473.25380	2	42.7486	2
944.51795	473.26625	2	61.9331	2
944.51825	473.26640	2	44.8674	2
944.51835	473.26645	2	47.2652	2
944.52905	473.27180	2	48.7304	2
944.55410	473.28435	2	53.9356	2
945.46030	473.73745	2	76.3300	2
945.51250	473.76355	2	40.2860	2
945.54960	473.78205	2	58.0103	2
946.50790	474.26120	2	49.0333	1
946.50955	474.26205	2	36.6642	2
946.51275	474.26365	2	45.4155	2
946.53405	474.27430	2	37.5982	2
946.54860	474.28160	2	73.3736	2
947.43380	474.72415	2	37.5200	2
947.48560	474.75010	2	41.7668	1
947.51455	474.76455	2	70.6041	2
948.46585	475.24020	2	52.1884	2
948.46645	475.24050	2	43.7898	2
948.61230	475.31345	2	55.8367	2
949.48635	475.75050	2	39.0778	2
949.48695	475.75075	2	53.5070	2
949.49105	475.75280	2	85.9309	2
949.50635	475.76045	2	76.6386	2
949.52730	475.77095	2	78.7546	2
950.45290	476.23370	2	49.5149	2
950.48210	476.24830	2	46.1684	2
950.48240	476.24850	2	48.3464	2
950.48605	476.25030	2	72.7406	2
950.50095	476.25775	2	58.7004	2
950.50825	476.26140	2	50.9448	2
951.49105	476.75280	2	59.3605	2
951.51795	476.76625	2	79.3556	2
952.44915	477.23185	2	46.5616	2
952.45055	477.23255	2	42.5824	2
952.46940	477.24200	2	50.1196	2
952.53495	477.27475	2	41.7415	2
954.44095	478.22775	2	35.7014	2
954.44455	478.22955	2	51.7176	2
955.53430	478.77445	2	62.1514	2
955.57050	478.79255	2	60.3991	2
956.50400	479.25930	2	38.0260	2
956.51695	479.26575	2	36.3065	2
956.52915	479.27185	2	52.6795	2
956.52925	479.27195	2	46.2597	2
956.53025	479.27240	2	43.6703	2
956.53640	479.27550	2	65.6357	2
956.57980	479.29720	2	76.7862	2
957.48840	479.75150	2	32.2811	3
957.51420	479.76435	2	47.2804	2
957.53150	479.77300	2	47.7999	1
957.53525	479.77490	2	31.4266	2
957.55970	479.78715	2	47.5264	2
957.59600	479.80530	2	46.5889	2
958.47120	480.24285	2	40.9544	2
958.48760	480.25105	2	55.6763	2
958.50740	480.26100	2	52.0360	1
958.50920	480.26185	2	56.0768	2
959.50780	480.76120	2	40.4357	3
959.53080	480.77270	2	42.3309	2
959.53250	480.77350	2	68.2510	1
959.55440	480.78450	2	57.3070	1
959.58140	480.79795	2	82.9996	2
960.45000	481.23230	2	34.8349	2
960.46130	481.23790	2	30.9963	2
960.47080	481.24270	2	45.0032	1
960.47580	481.24520	2	41.5320	1
960.50390	481.25920	2	45.9477	1
960.51255	481.26355	2	38.8349	2
960.53120	481.27290	2	56.8422	2
960.53845	481.27650	2	60.6795	2
961.50870	481.76160	2	40.8881	1
962.47425	482.24440	2	45.6752	2
962.50690	482.26070	2	61.7870	2
962.51795	482.26625	2	54.9143	2
962.53795	482.27625	2	85.3893	2
962.54490	482.27970	2	61.6159	1
963.44510	482.72980	2	53.7470	2
963.50185	482.75825	2	39.7015	2
963.50630	482.76040	2	34.0332	2
963.55425	482.78440	2	73.9494	2
964.46165	483.23810	2	37.6982	2
964.46950	483.24200	2	32.8475	1
964.47935	483.24695	2	68.5120	2
964.49765	483.25610	2	42.4594	2
964.52320	483.26890	2	53.4316	1
965.44440	483.72950	2	40.9911	2
965.44680	483.73070	2	34.4401	5
965.45670	483.73560	2	43.2484	1
965.45975	483.73715	2	37.3068	2
965.48220	483.74835	2	59.9598	2
965.62735	483.82095	2	81.8409	2
966.46420	484.23940	2	41.2834	1
966.46740	484.24100	2	36.1615	2
966.47435	484.24445	2	44.0473	2
966.50590	484.26020	2	44.1121	1
966.52410	484.26930	2	46.0634	2
967.47910	484.74680	2	57.2548	2
967.52400	484.76930	2	46.7238	2
967.54545	484.78000	2	36.4597	2
967.58210	484.79835	2	56.0225	2
968.52825	485.27140	2	36.9528	2
968.52890	485.27175	2	48.2874	2
969.43080	485.72270	2	39.1262	1
969.48830	485.75140	2	39.8355	2
969.51250	485.76350	2	46.4335	1
969.52505	485.76980	2	49.6913	2
969.54890	485.78175	2	40.7312	2
969.56060	485.78755	2	52.1279	2
969.58585	485.80025	2	68.1425	2
969.58655	485.80055	2	63.3243	2
970.48665	486.25065	2	53.8469	2
970.54340	486.27900	2	55.3069	2
970.58050	486.29750	2	44.5026	2
970.58060	486.29760	2	32.7115	2
970.58060	486.29760	2	69.7983	1
970.58130	486.29790	2	68.3753	1
971.50400	486.75925	2	31.0034	2
971.52880	486.77170	2	47.9577	2
971.52910	486.77185	2	58.0431	2
971.52930	486.77190	2	35.5840	2
971.55380	486.78415	2	56.9115	2
971.56540	486.79000	2	33.3114	1
971.56630	486.79040	2	43.6944	1
972.44240	487.22850	2	30.2241	1
972.46560	487.24010	2	33.1280	1
972.48890	487.25170	2	40.9217	1
972.57240	487.29350	2	34.5850	2
973.50785	487.76120	2	41.5004	2
973.54395	487.77925	2	33.5939	2
974.50345	488.25900	2	37.5394	2
974.51845	488.26650	2	58.2626	2
975.47560	488.74510	2	44.7920	1
975.49550	488.75500	2	79.9319	1
975.53935	488.77695	2	64.1574	2
976.49710	489.25580	2	57.3825	2
976.50875	489.26165	2	47.1604	2
976.52305	489.26880	2	59.6260	2
976.54590	489.28020	2	40.3775	2
977.44485	489.72970	2	46.3932	2
977.48210	489.74830	2	44.9738	3
977.49090	489.75270	2	51.1870	1
977.51825	489.76640	2	51.4025	2
978.46530	490.23990	2	45.2798	1
978.47725	490.24590	2	41.1835	2
978.50250	490.25850	2	59.4280	2
979.44960	490.73210	2	65.6587	2
979.46065	490.73765	2	38.1951	2
979.49700	490.75575	2	51.7094	2
979.57000	490.79230	2	39.5596	2
979.57060	490.79260	2	55.5150	1
980.45710	491.23580	2	36.5058	1
980.49620	491.25540	2	51.5405	2
981.52370	491.76915	2	29.0803	2
981.56050	491.78755	2	39.7551	2
981.59680	491.80570	2	40.6790	2
982.46025	492.23740	2	33.3976	2
982.47540	492.24500	2	41.4650	2
982.51940	492.26700	2	37.7430	2
983.47595	492.74525	2	47.4581	2
983.50425	492.75940	2	41.9860	2
983.57670	492.79565	2	63.4646	2
983.58415	492.79935	2	70.7455	2
983.58925	492.80190	2	43.6401	2
983.60110	492.80780	2	57.3750	2
984.45600	493.23525	2	50.8402	2
984.49195	493.25325	2	51.1078	2
984.63360	493.32405	2	49.3055	2
985.37530	493.69495	2	33.6928	2
985.53830	493.77645	2	45.6706	2
985.54760	493.78110	2	42.8446	1
985.55410	493.78430	2	42.7870	1
986.49000	494.25230	2	66.7822	1
986.49270	494.25365	2	39.7913	2
987.49925	494.75690	2	30.7186	2
987.50170	494.75810	2	55.4832	1
987.52350	494.76905	2	44.3674	2
987.53455	494.77455	2	48.8390	2
987.57175	494.79315	2	58.5599	2
988.48315	495.24885	2	37.6643	2
988.51935	495.26695	2	42.3078	2
988.54365	495.27910	2	46.6063	2
988.55080	495.28270	2	52.2514	2
988.57430	495.29445	2	71.1366	2
988.58140	495.29795	2	50.0226	2
989.47820	495.74640	2	32.6399	1
989.49710	495.75580	2	35.8974	2
989.55355	495.78405	2	47.6301	2
989.55495	495.78475	2	58.0159	2
989.57530	495.79495	2	64.5882	2
990.45830	496.23645	2	36.5127	2
990.47440	496.24450	2	45.3239	2
990.51430	496.26445	2	42.1087	2
990.55050	496.28250	2	72.1337	2
991.50880	496.76165	2	66.6713	2
991.50950	496.76200	2	59.8529	1
991.54515	496.77985	2	68.4723	2
991.56995	496.79225	2	60.5462	2
992.48490	497.24970	2	55.8647	2
992.55465	497.28460	2	68.0686	2
992.60160	497.30810	2	70.0399	2
993.44045	497.72750	2	42.2597	2
993.44460	497.72960	2	28.8764	1
993.45150	497.73300	2	39.7812	2
993.49285	497.75370	2	62.9043	2
993.51315	497.76385	2	52.6153	2
993.53215	497.77335	2	67.4673	2
993.54870	497.78160	2	63.7754	2
994.43930	498.22690	2	36.2184	1
994.45450	498.23455	2	35.1539	2
994.49730	498.25595	2	48.3992	2
994.50730	498.26095	2	46.8457	2
994.50915	498.26185	2	31.5383	2
994.51545	498.26500	2	72.3103	2
994.54455	498.27955	2	34.5172	2
994.60595	498.31025	2	73.2266	2
994.65350	498.33405	2	45.5551	2
995.49160	498.75310	2	43.0493	1
996.49960	499.25710	2	37.4782	1
996.52900	499.27180	2	47.5553	2
996.53120	499.27285	2	67.7701	2
996.57220	499.29335	2	44.7488	2
997.58135	499.79795	2	38.4971	2
998.49940	500.25700	2	57.3805	2
998.58715	500.30085	2	40.1803	2
999.48280	500.74865	2	31.1918	2
999.53465	500.77465	2	42.0545	2
999.53510	500.77480	2	29.1494	2
999.57215	500.79335	2	31.7653	2
1000.49340	501.25395	2	35.6730	2
1000.54610	501.28030	2	43.1058	1
1000.55465	501.28460	2	89.6048	6
1000.56790	501.29120	2	48.4494	2
1001.51520	501.76485	2	43.5538	2
1001.55430	501.78440	2	66.6992	2
1001.56165	501.78810	2	33.4589	2
1001.58680	501.80070	2	47.1216	2
1002.47215	502.24335	2	34.0159	2
1002.48290	502.24870	2	38.4106	2
1002.48655	502.25055	2	41.0755	2
1002.52800	502.27125	2	37.0742	2
1002.54650	502.28050	2	32.8229	2
1003.50105	502.75780	2	42.9218	2
1003.51875	502.76665	2	43.8719	2
1003.52385	502.76920	2	34.9556	2
1003.57070	502.79265	2	76.9695	2
1004.44655	503.23055	2	34.5825	2
1004.52820	503.27140	2	56.5463	1
1004.54190	503.27820	2	47.3939	2
1004.56560	503.29010	2	42.5920	2
1005.46970	503.74210	2	48.3590	1
1005.48055	503.74755	2	37.6540	2
1005.49765	503.75610	2	31.2458	2
1005.51240	503.76345	2	54.2009	2
1005.53105	503.77280	2	67.9549	2
1005.53590	503.77525	2	35.5200	2
1006.45330	504.23395	2	31.7057	2
1006.47155	504.24305	2	41.2514	2
1006.49970	504.25715	2	53.4783	2
1006.50920	504.26190	2	57.9547	1
1007.45640	504.73545	2	38.2315	2
1007.46705	504.74080	2	40.6258	2
1007.47450	504.74455	2	50.8091	2
1007.50535	504.75995	2	43.3378	2
1007.52300	504.76880	2	64.4311	1
1007.52800	504.77130	2	43.0556	2
1007.54035	504.77745	2	55.3325	2
1007.54450	504.77950	2	67.6323	2
1007.67485	504.84470	2	72.1102	2
1008.47695	505.24575	2	49.7540	2
1008.51130	505.26290	2	60.2522	1
1008.51630	505.26540	2	50.6363	1
1009.44775	505.73115	2	41.8492	2
1009.51915	505.76685	2	35.8220	2
1009.54895	505.78180	2	87.1076	2
1010.45275	506.23365	2	38.3979	2
1010.49470	506.25460	2	38.7158	1
1010.51090	506.26270	2	61.9638	1
1010.51110	506.26285	2	62.7334	2
1010.55520	506.28485	2	48.6804	2
1010.57580	506.29515	2	67.8404	2
1011.52395	506.76925	2	36.3699	2
1011.53535	506.77495	2	44.8270	2
1011.54510	506.77980	2	42.3641	1
1011.57165	506.79310	2	51.8631	2
1011.60675	506.81065	2	66.9392	2
1012.48630	507.25040	2	58.5816	1
1012.57045	507.29250	2	57.6878	2
1012.57130	507.29290	2	68.4543	3
1012.58250	507.29850	2	59.8706	2
1012.59140	507.30300	2	59.3038	1
1012.60300	507.30875	2	38.5427	2
1012.63940	507.32695	2	48.3988	2
1013.46420	507.73940	2	71.3465	2
1013.53945	507.77700	2	43.4999	2
1013.55485	507.78470	2	64.6700	2
1013.56165	507.78810	2	37.3024	2
1013.62350	507.81905	2	66.2001	2
1014.53400	508.27425	2	42.6745	2
1014.53625	508.27540	2	37.9974	2
1014.57135	508.29295	2	37.1582	2
1014.57315	508.29385	2	45.5918	2
1014.58175	508.29820	2	37.8680	2
1015.49275	508.75365	2	39.3536	2
1015.54445	508.77950	2	88.2128	2
1015.58465	508.79960	2	70.3968	2
1015.59150	508.80305	2	65.1000	2
1016.46005	509.23730	2	36.5725	2
1016.51830	509.26640	2	47.2275	1
1016.53185	509.27325	2	47.9025	2
1016.54885	509.28170	2	69.7974	4
1017.47020	509.74240	2	35.2643	1
1017.47275	509.74365	2	41.2198	2
1017.51690	509.76575	2	76.4596	2
1017.53495	509.77475	2	38.5239	2
1017.57930	509.79690	2	40.1922	1
1017.62360	509.81910	2	65.7376	1
1018.54480	510.27965	2	39.6186	2
1019.42035	510.71745	2	43.0836	2
1019.50425	510.75940	2	42.5778	2
1019.53975	510.77715	2	53.5656	2
1019.53995	510.77725	2	34.9662	2
1019.54725	510.78090	2	66.2642	2
1019.55105	510.78280	2	46.8383	2
1020.52345	511.26900	2	48.8059	2
1020.52380	511.26920	2	63.4690	3
1020.52410	511.26935	2	55.7236	2
1020.53545	511.27500	2	54.6185	2
1020.53590	511.27530	2	54.0747	1
1021.43755	511.72605	2	37.5200	2
1021.44925	511.73190	2	34.1438	2
1021.49360	511.75410	2	29.9026	2
1021.51210	511.76335	2	43.1617	2
1021.54430	511.77945	2	59.9861	2
1021.60345	511.80900	2	51.4130	2
1022.50390	512.25925	2	52.7953	2
1022.51070	512.26260	2	76.4127	2
1023.48765	512.75110	2	37.7722	2
1023.51740	512.76600	2	59.8454	2
1023.60725	512.81090	2	67.5675	2
1024.37470	513.19460	2	41.6451	2
1024.60380	513.30920	2	51.9285	2
1025.45480	513.73470	2	38.1963	2
1025.50330	513.75890	2	40.3723	2
1025.55045	513.78250	2	35.1052	2
1025.60255	513.80855	2	48.3187	2
1026.44780	514.23120	2	41.9861	1
1027.56650	514.79050	2	33.3213	2
1027.56710	514.79085	2	36.0491	2
1027.58120	514.79790	2	73.8183	1
1027.59170	514.80315	2	58.1355	2
1027.60280	514.80865	2	68.1214	2
1027.60290	514.80870	2	50.6820	1
1028.56090	515.28775	2	42.7804	2
1029.47700	515.74575	2	56.0454	2
1029.47780	515.74620	2	41.7624	2
1029.53910	515.77680	2	51.5735	2
1029.54175	515.77815	2	37.0202	2
1029.54490	515.77970	2	34.1027	1
1029.57930	515.79690	2	45.7727	1
1029.58150	515.79800	2	40.9267	1
1029.58255	515.79855	2	36.3725	2
1030.52975	516.27215	2	35.2105	2
1030.59145	516.30300	2	78.1702	2
1030.60670	516.31065	2	74.8428	2
1031.46350	516.73900	2	63.4123	2
1031.48860	516.75160	2	51.8233	1
1031.50315	516.75885	2	41.0781	2
1031.50805	516.76130	2	48.4817	2
1031.54595	516.78025	2	50.9747	2
1031.58500	516.79980	2	61.4502	1
1031.58635	516.80045	2	56.1949	2
1032.49785	517.25620	2	41.4752	2
1032.53475	517.27465	2	48.0833	2
1032.59710	517.30580	2	72.7958	2
1033.56700	517.79080	2	42.4691	2
1033.58185	517.79820	2	81.4023	2
1033.61700	517.81580	2	69.0052	2
1034.52215	518.26835	2	64.0935	2
1034.55820	518.28640	2	79.7464	1
1035.48785	518.75120	2	60.4284	2
1035.56005	518.78730	2	59.7501	2
1036.50560	519.26010	2	43.3033	1
1036.51815	519.26635	2	40.9860	2
1036.51850	519.26650	2	43.0226	2
1036.53405	519.27430	2	70.5695	2
1036.53710	519.27580	2	66.9291	2
1036.55540	519.28495	2	62.5813	2
1037.50610	519.76030	2	33.7310	2
1037.52620	519.77040	2	36.9135	1
1037.62320	519.81890	2	54.0281	2
1037.64820	519.83135	2	70.3036	2
1038.48140	520.24800	2	46.2997	1
1038.54705	520.28080	2	34.6172	2
1039.46435	520.73945	2	47.0063	2
1039.49765	520.75610	2	51.5911	2
1039.56650	520.79050	2	47.3142	4
1040.47000	521.24230	2	40.6724	1
1040.49625	521.25540	2	41.3899	2
1040.54900	521.28180	2	53.6042	2
1040.56915	521.29185	2	49.1608	2
1040.59795	521.30625	2	56.1724	2
1040.62285	521.31870	2	73.0069	2
1040.65940	521.33700	2	58.9909	2
1041.45520	521.73485	2	35.4945	2
1041.53430	521.77445	2	49.4246	2
1041.58125	521.79790	2	51.3475	2
1042.51355	522.26405	2	63.6857	2
1042.53055	522.27255	2	37.1633	2
1042.55630	522.28545	2	52.7896	2
1042.57870	522.29665	2	40.5022	2
1043.54295	522.77875	2	47.9232	2
1043.54965	522.78210	2	78.1753	2
1043.56190	522.78820	2	33.4127	2
1043.56215	522.78835	2	36.2255	2
1043.60365	522.80910	2	62.7827	2
1044.53890	523.27675	2	65.3689	2
1044.55315	523.28385	2	42.9436	2
1044.56095	523.28775	2	57.5275	2
1045.02920	523.52185	2	44.0093	4
1045.51265	523.76360	2	56.4291	2
1045.52750	523.77100	2	36.7921	1
1045.53995	523.77725	2	33.2035	2
1045.54030	523.77745	2	30.6810	2
1045.55880	523.78670	2	62.4977	2
1045.60240	523.80850	2	59.6887	2
1046.52485	524.26970	2	35.3339	2
1046.58700	524.30080	2	37.7076	1
1046.59680	524.30565	2	48.6412	2
1047.52690	524.77070	2	59.1411	2
1048.47860	525.24655	2	34.9979	2
1048.55780	525.28615	2	31.4707	2
1048.56750	525.29100	2	57.4888	1
1049.52540	525.77000	2	49.9602	2
1049.53270	525.77360	2	39.6590	1
1049.56215	525.78835	2	37.0424	2
1050.50960	526.26210	2	45.4687	1
1050.53375	526.27415	2	47.3237	2
1050.55635	526.28545	2	31.0661	2
1050.57130	526.29295	2	61.3759	2
1050.59590	526.30525	2	67.6401	2
1051.49355	526.75405	2	36.6086	2
1051.50920	526.76190	2	57.7427	1
1052.46315	527.23885	2	56.7909	2
1053.61790	527.81625	2	55.2437	2
1054.49715	528.25585	2	67.9217	2
1054.53325	528.27390	2	74.0098	2
1054.54140	528.27800	2	31.5723	2
1054.59995	528.30725	2	51.0479	2
1054.60275	528.30865	2	56.2568	2
1055.42230	528.71845	2	46.5541	2
1055.49250	528.75355	2	44.1242	2
1055.58635	528.80045	2	63.0411	2
1055.58660	528.80055	2	67.1049	2
1055.62450	528.81950	2	64.2344	1
1056.53185	529.27320	2	76.1052	2
1056.58065	529.29760	2	54.2087	2
1056.59210	529.30335	2	58.6821	2
1056.59350	529.30400	2	51.9816	2
1057.55210	529.78335	2	40.4264	2
1057.57670	529.79560	2	43.8872	2
1057.57690	529.79570	2	35.5840	2
1057.61710	529.81580	2	36.7139	1
1057.63875	529.82665	2	76.9373	2
1058.49260	530.25360	2	49.6913	2
1058.54440	530.27950	2	77.5534	2
1058.55815	530.28635	2	71.2525	2
1058.57230	530.29340	2	46.1545	1
1058.59590	530.30525	2	39.2261	2
1059.50915	530.76185	2	42.8898	2
1059.60050	530.80755	2	56.1142	2
1060.47610	531.24535	2	33.4839	2
1060.52370	531.26910	2	73.4053	2
1060.57435	531.29445	2	64.6171	2
1060.61730	531.31595	2	82.3105	2
1061.55050	531.78255	2	44.1550	2
1061.57635	531.79545	2	73.8521	2
1062.52385	532.26920	2	77.0513	2
1062.53460	532.27460	2	55.7229	2
1062.57165	532.29310	2	59.3994	2
1062.58305	532.29880	2	55.4000	2
1063.52945	532.77200	2	43.3071	2
1063.54100	532.77775	2	45.4440	2
1063.55520	532.78490	2	60.0503	1
1064.52580	533.27020	2	38.3700	1
1064.58750	533.30100	2	50.2030	1
1064.63470	533.32460	2	53.4285	2
1065.44730	533.73090	2	45.7506	2
1065.55320	533.78385	2	77.2752	2
1065.55335	533.78395	2	60.4701	2
1066.45785	534.23620	2	52.9125	2
1066.46810	534.24130	2	31.6683	2
1066.50580	534.26020	2	32.4633	2
1066.51850	534.26655	2	55.5535	2
1067.51370	534.76410	2	44.7372	2
1067.57220	534.79335	2	51.7414	2
1068.55100	535.28280	2	36.2031	3
1068.56040	535.28750	2	62.9721	2
1068.57990	535.29720	2	59.2333	2
1068.59265	535.30360	2	56.2007	2
1068.65395	535.33425	2	44.5102	2
1070.57090	536.29270	2	67.5058	1
1070.60895	536.31175	2	43.9793	2
1070.62005	536.31730	2	40.0463	2
1070.63435	536.32445	2	68.1168	2
1070.65905	536.33680	2	75.0612	2
1071.41695	536.71575	2	39.1314	2
1071.56355	536.78905	2	47.9930	2
1071.59320	536.80385	2	52.7956	2
1072.52995	537.27225	2	46.6202	2
1072.55500	537.28480	2	70.7135	1
1072.57410	537.29435	2	72.4100	2
1072.59575	537.30515	2	38.2581	2
1072.61310	537.31380	2	40.3181	2
1073.49890	537.75675	2	44.0348	2
1073.51795	537.76625	2	53.3338	2
1073.52315	537.76885	2	33.7469	2
1073.58785	537.80120	2	43.1356	2
1073.59090	537.80275	2	58.1637	2
1073.60900	537.81180	2	85.6333	1
1073.65975	537.83715	2	62.2731	2
1074.54615	538.28035	2	42.6114	2
1074.55125	538.28290	2	52.3440	2
1074.57120	538.29290	2	58.8439	2
1075.47900	538.74675	2	32.9302	2
1075.53410	538.77435	2	64.8727	2
1075.59210	538.80330	2	69.5162	2
1075.61170	538.81310	2	56.6867	2
1075.62860	538.82160	2	66.4800	2
1076.51365	539.26410	2	48.2543	2
1076.56070	539.28760	2	53.1444	2
1076.57315	539.29385	2	41.9426	2
1077.57005	539.79230	2	63.4868	2
1077.60465	539.80960	2	38.3207	2
1078.50400	540.25930	2	40.0250	2
1080.56740	541.29100	2	36.1840	1
1081.45610	541.73530	2	39.6496	2
1081.55730	541.78590	2	68.4699	1
1081.62410	541.81935	2	58.8517	2
1082.53245	542.27350	2	53.6933	2
1082.55510	542.28485	2	81.0255	2
1082.64495	542.32975	2	54.0229	2
1084.48670	543.25060	2	37.6591	2
1084.51970	543.26710	2	72.6525	2
1084.54100	543.27780	2	26.4243	1
1084.57030	543.29245	2	87.7771	2
1084.57090	543.29270	2	92.6460	2
1084.63760	543.32605	2	77.5584	2
1084.66110	543.33780	2	54.5530	1
1085.60830	543.81145	2	50.3249	2
1085.61280	543.81365	2	42.5247	2
1085.62410	543.81930	2	73.7623	1
1085.64510	543.82980	2	66.1109	2
1086.06420	544.03935	2	49.2898	4
1086.55555	544.28505	2	46.6645	2
1086.56580	544.29020	2	49.8312	1
1086.56760	544.29105	2	32.5682	2
1087.55120	544.78285	2	49.8992	2
1087.56455	544.78955	2	41.2199	2
1087.58810	544.80130	2	40.5057	2
1087.59190	544.80320	2	46.9647	1
1087.59510	544.80480	2	29.2317	1
1087.61280	544.81370	2	69.1040	2
1088.45580	545.23520	2	35.9553	2
1088.49720	545.25590	2	58.9899	1
1088.50870	545.26160	2	30.3110	2
1088.57260	545.29355	2	31.4435	2
1088.60860	545.31155	2	34.4893	2
1089.50830	545.76140	2	38.8305	1
1089.51430	545.76440	2	30.9143	1
1089.53190	545.77320	2	40.7309	2
1089.55740	545.78595	2	33.2601	2
1089.56805	545.79130	2	61.5378	2
1089.60360	545.80910	2	43.6046	1
1090.46885	546.24170	2	36.6882	2
1090.60270	546.30865	2	57.7188	2
1091.51700	546.76580	2	54.2238	1
1092.53845	547.27650	2	53.9282	2
1093.53990	547.77725	2	56.7255	2
1093.54150	547.77800	2	42.9319	1
1094.08095	548.04775	2	35.3572	4
1094.55170	548.28315	2	66.7899	2
1094.55545	548.28500	2	76.2920	2
1094.56120	548.28790	2	31.9444	2
1094.56645	548.29050	2	46.6422	2
1094.59645	548.30550	2	56.3640	2
1095.46570	548.74010	2	51.6190	2
1095.56360	548.78910	2	68.0324	2
1095.56740	548.79095	2	30.1646	2
1096.51880	549.26670	2	47.0881	2
1096.56195	549.28825	2	41.0225	2
1097.60805	549.81130	2	55.3017	2
1098.53505	550.27480	2	43.8597	2
1098.57870	550.29660	2	34.7859	1
1098.58315	550.29885	2	48.7582	2
1099.49340	550.75395	2	58.9288	2
1099.56350	550.78900	2	40.7870	1
1100.46010	551.23735	2	65.0506	2
1100.55855	551.28655	2	32.5003	2
1100.56120	551.28785	2	36.4303	2
1100.57225	551.29340	2	69.9554	2
1100.62580	551.32015	2	93.1992	2
1101.52415	551.76935	2	54.4074	2
1101.55570	551.78510	2	69.1385	2
1101.60625	551.81040	2	36.6297	2
1101.64620	551.83040	2	84.8259	1
1101.65125	551.83290	2	51.5693	2
1102.50820	552.26135	2	64.6327	2
1102.56575	552.29015	2	33.1838	2
1102.57720	552.29585	2	62.9823	2
1102.58660	552.30055	2	35.1155	2
1103.56120	552.78785	2	38.2814	2
1103.58265	552.79860	2	49.1967	2
1103.63930	552.82690	2	83.1108	1
1104.47625	553.24540	2	33.9620	4
1104.50915	553.26185	2	51.4619	2
1104.53120	553.27290	2	43.1920	2
1104.54720	553.28090	2	42.8077	2
1104.54755	553.28105	2	45.2472	2
1104.56395	553.28925	2	47.1220	2
1104.56675	553.29065	2	32.1987	2
1104.59360	553.30410	2	58.6511	2
1104.62565	553.32010	2	86.3409	2
1105.57665	553.79560	2	63.5710	2
1106.53865	554.27660	2	46.3383	2
1106.58715	554.30085	2	81.4901	2
1106.60875	554.31165	2	80.7977	2
1107.53925	554.77690	2	59.9245	2
1107.54425	554.77940	2	52.9697	2
1107.54905	554.78180	2	64.4627	2
1107.55810	554.78630	2	35.9779	2
1107.57900	554.79680	2	92.7205	7
1107.59205	554.80330	2	43.3302	2
1108.51600	555.26525	2	30.5474	2
1108.57110	555.29285	2	76.7515	2
1108.92115	555.46785	2	36.1381	4
1109.50305	555.75880	2	73.8327	2
1109.53370	555.77415	2	77.2944	2
1109.53915	555.77685	2	45.9031	2
1109.54975	555.78215	2	88.7435	2
1109.57340	555.79400	2	31.8259	1
1109.58680	555.80065	2	57.2370	2
1109.61260	555.81360	2	69.7964	2
1109.68125	555.84790	2	77.2245	2
1110.51985	556.26720	2	58.9370	2
1110.59010	556.30230	2	81.7030	2
1110.66480	556.33970	2	72.8856	2
1111.57165	556.79310	2	32.8044	2
1114.55655	558.28555	2	76.5780	2
1114.56340	558.28900	2	38.2537	1
1114.56690	558.29070	2	63.1639	2
1114.62425	558.31940	2	60.7395	2
1114.63370	558.32410	2	51.5659	1
1115.05360	558.53410	2	45.1556	4
1115.51485	558.76470	2	45.8902	2
1115.54630	558.78040	2	44.6648	1
1115.55775	558.78615	2	33.7026	2
1115.57720	558.79590	2	40.7073	2
1115.58550	558.80005	2	52.4281	2
1115.60180	558.80815	2	54.7080	2
1116.56595	559.29025	2	52.9775	2
1116.58250	559.29850	2	71.0723	2
1116.61340	559.31395	2	34.0229	2
1116.65490	559.33470	2	81.6671	1
1117.52695	559.77075	2	38.0334	2
1117.54305	559.77880	2	41.1629	2
1117.56200	559.78825	2	49.5119	2
1117.60610	559.81035	2	69.5054	2
1118.01795	560.01625	2	45.1174	4
1118.48505	560.24980	2	31.6332	2
1118.54825	560.28140	2	74.6114	2
1118.60450	560.30950	2	68.1750	2
1118.63445	560.32450	2	55.6047	2
1119.54125	560.77790	2	67.8092	2
1119.58235	560.79845	2	61.1423	2
1119.59490	560.80475	2	65.9837	2
1119.67070	560.84265	2	81.2835	2
1120.05905	561.03680	2	56.1967	4
1120.57665	561.29560	2	59.0195	2
1121.53530	561.77490	2	67.2524	2
1121.60975	561.81215	2	46.2457	2
1122.51300	562.26380	2	58.3096	1
1123.47860	562.74655	2	45.0054	2
1123.57065	562.79260	2	56.0548	2
1123.58205	562.79830	2	52.3189	2
1124.61965	563.31710	2	67.8587	2
1124.63085	563.32270	2	35.8519	4
1124.68110	563.34785	2	78.9767	2
1125.51030	563.76245	2	33.8138	2
1125.53755	563.77605	2	47.5996	2
1125.57215	563.79335	2	41.8562	2
1125.63965	563.82710	2	59.5948	2
1126.49465	564.25460	2	53.0290	2
1126.59875	564.30665	2	50.2156	2
1126.61750	564.31600	2	82.2114	2
1126.66040	564.33750	2	75.6914	3
1127.47480	564.74465	2	67.5409	2
1127.53900	564.77680	2	43.2844	2
1127.56550	564.79000	2	41.2726	2
1127.61320	564.81390	2	60.5806	2
1127.65530	564.83490	2	51.2024	3
1128.56565	565.29010	2	40.6764	2
1128.57840	565.29645	2	41.5789	2
1128.58900	565.30175	2	30.7770	2
1128.63975	565.32715	2	58.3455	2
1129.58065	565.79760	2	54.3388	2
1129.63385	565.82420	2	33.9715	2
1129.63470	565.82465	2	38.5264	2
1129.67090	565.84270	2	68.6376	2
1130.56090	566.28770	2	46.1182	2
1130.58230	566.29845	2	62.8569	2
1131.57710	566.79580	2	33.2705	2
1131.62985	566.82220	2	69.0100	2
1131.65440	566.83445	2	80.3065	2
1132.53875	567.27665	2	31.1865	2
1132.55580	567.28520	2	55.5714	1
1132.58810	567.30130	2	60.5711	2
1133.54905	567.78180	2	31.8066	2
1133.55365	567.78410	2	67.7206	2
1133.57135	567.79295	2	54.6773	2
1133.57145	567.79300	2	70.9196	2
1133.57535	567.79495	2	64.8019	2
1133.60895	567.81175	2	60.9727	2
1133.64490	567.82970	2	66.6793	2
1134.53415	568.27435	2	42.7002	2
1134.53440	568.27450	2	45.2667	1
1134.55255	568.28355	2	34.0951	2
1134.58030	568.29740	2	45.1082	3
1135.59890	568.80670	2	45.9285	2
1136.53540	569.27495	2	51.9513	2
1136.56020	569.28740	2	57.4406	2
1136.57205	569.29330	2	56.4241	2
1136.57235	569.29345	2	59.5074	2
1137.56430	569.78940	2	81.2752	2
1137.57905	569.79680	2	53.8013	2
1138.56660	570.29060	2	60.9648	2
1138.58830	570.30140	2	33.5037	1
1139.54575	570.78015	2	53.1121	2
1139.56225	570.78840	2	65.1929	2
1139.63070	570.82260	2	38.3395	2
1139.65540	570.83500	2	60.2560	2
1140.52340	571.26900	2	31.9639	2
1141.55580	571.78515	2	70.3411	2
1141.56860	571.79155	2	61.2551	2
1141.59885	571.80670	2	31.0637	2
1141.60985	571.81220	2	58.0703	2
1142.03295	572.02375	2	63.6001	4
1142.48780	572.25120	2	44.0924	1
1142.55380	572.28420	2	89.1025	2
1142.55765	572.28610	2	50.3323	2
1142.61935	572.31695	2	53.5451	2
1142.63140	572.32295	2	32.7627	2
1143.50835	572.76145	2	54.3998	2
1143.57230	572.79340	2	64.1245	2
1143.58865	572.80160	2	33.4737	2
1143.69100	572.85275	2	85.4458	2
1144.58830	573.30145	2	48.1736	2
1144.59515	573.30485	2	58.8283	2
1144.60880	573.31165	2	36.8721	2
1144.63585	573.32520	2	55.9557	2
1145.08405	573.54930	2	56.1465	4
1145.57615	573.79535	2	45.8412	2
1145.67025	573.84240	2	69.3348	2
1146.57660	574.29555	2	44.4224	2
1146.61225	574.31340	2	51.4027	2
1147.55090	574.78270	2	60.8262	2
1147.55345	574.78400	2	47.6074	2
1147.55570	574.78515	2	42.2505	2
1147.57905	574.79680	2	63.7419	2
1147.58775	574.80115	2	53.3894	2
1147.63935	574.82695	2	86.4600	2
1148.54710	575.28080	2	51.7133	2
1148.57035	575.29245	2	78.6939	2
1148.60825	575.31140	2	61.1955	2
1148.60830	575.31140	2	56.8696	1
1149.56735	575.79095	2	66.5851	2
1149.56760	575.79105	2	56.3935	2
1150.05775	576.03615	2	57.6283	4
1150.53860	576.27660	2	32.6038	1
1150.58710	576.30085	2	53.9009	2
1150.58760	576.30110	2	47.0881	1
1150.62350	576.31900	2	58.9008	1
1151.49140	576.75300	2	50.6939	2
1151.58300	576.79880	2	78.5037	1
1151.64880	576.83165	2	67.4831	2
1151.72895	576.87175	2	74.5205	2
1152.52645	577.27050	2	29.1123	2
1152.53000	577.27230	2	52.4930	2
1152.54250	577.27855	2	90.4240	2
1152.54890	577.28175	2	59.4175	2
1152.55265	577.28360	2	35.8516	2
1152.58665	577.30060	2	57.0571	2
1154.57275	578.29365	2	62.1319	2
1154.62085	578.31770	2	58.1043	2
1154.63020	578.32240	2	43.8502	2
1155.56325	578.78890	2	33.7825	2
1155.58125	578.79790	2	86.9698	2
1155.61470	578.81460	2	50.1664	1
1155.62580	578.82015	2	50.8837	2
1155.64940	578.83195	2	47.9877	2
1156.51820	579.26640	2	54.5014	2
1156.51995	579.26725	2	43.7605	2
1156.60320	579.30885	2	65.5105	2
1157.56370	579.78915	2	48.2920	2
1157.59280	579.80365	2	57.3237	2
1157.59415	579.80435	2	51.2538	2
1157.63615	579.82535	2	52.0773	2
1158.59930	580.30690	2	41.1095	2
1158.62360	580.31905	2	46.5333	2
1158.62460	580.31960	2	44.7563	1
1159.57030	580.79240	2	62.2950	1
1159.57280	580.79365	2	63.3132	2
1159.57365	580.79410	2	33.3542	2
1159.58315	580.79885	2	44.4836	2
1159.59430	580.80440	2	40.1536	2
1159.62055	580.81755	2	38.9443	2
1159.63955	580.82705	2	78.8803	2
1159.68330	580.84890	2	48.4518	2
1160.56480	581.28965	2	36.3482	2
1160.58615	581.30035	2	65.7762	2
1160.58715	581.30085	2	48.5085	2
1160.59270	581.30360	2	71.9907	2
1160.59705	581.30580	2	53.1514	2
1160.60770	581.31110	2	60.5978	2
1160.61590	581.31525	2	35.6093	2
1160.64470	581.32960	2	31.3321	1
1161.59945	581.80700	2	44.8360	2
1161.59970	581.80710	2	52.5559	2
1161.60660	581.81060	2	71.7765	2
1161.61540	581.81500	2	52.3318	2
1161.64750	581.83100	2	95.9164	3
1162.59795	582.30625	2	70.6692	2
1163.57610	582.79535	2	64.5680	2
1163.58170	582.79810	2	57.6497	1
1163.60900	582.81180	2	66.3004	1
1164.57220	583.29335	2	30.8556	2
1164.60265	583.30860	2	59.6549	2
1164.60305	583.30880	2	53.8725	2
1164.72375	583.36915	2	69.3926	2
1165.46055	583.73755	2	34.1592	2
1165.57760	583.79610	2	81.7356	4
1165.63440	583.82450	2	63.4670	2
1166.54050	584.27755	2	45.7271	2
1167.59270	584.80360	2	74.9087	2
1167.61780	584.81620	2	83.6985	2
1168.63235	585.32345	2	76.8716	2
1168.64530	585.32990	2	48.4021	3
1168.68120	585.34790	2	68.7034	2
1168.68200	585.34830	2	57.4640	2
1168.74390	585.37925	2	78.3246	2
1169.57165	585.79310	2	53.2688	2
1170.57810	586.29635	2	45.1929	2
1170.62515	586.31985	2	46.2234	2
1170.63460	586.32460	2	43.5478	1
1170.66085	586.33770	2	69.3847	2
1170.66110	586.33780	2	65.7789	2
1171.57635	586.79545	2	64.3243	2
1171.62085	586.81770	2	49.1675	2
1171.62530	586.81990	2	55.1255	2
1171.70035	586.85745	2	53.7611	2
1172.59510	587.30480	2	64.7021	2
1172.61460	587.31455	2	39.4619	2
1172.61930	587.31690	2	70.2591	3
1172.62850	587.32150	2	72.6794	2
1172.63040	587.32250	2	65.0434	2
1172.63945	587.32700	2	69.9213	2
1173.58930	587.80195	2	45.5658	2
1173.61285	587.81370	2	84.1837	2
1173.62440	587.81950	2	66.4399	1
1174.06585	588.04020	2	32.9958	4
1174.54520	588.27990	2	31.1171	1
1174.56110	588.28785	2	53.1244	2
1174.60895	588.31175	2	39.8093	2
1175.53680	588.77570	2	43.2287	2
1175.57365	588.79410	2	59.5622	2
1175.58590	588.80025	2	67.7572	2
1175.62010	588.81735	2	40.5672	2
1175.65640	588.83545	2	58.0730	2
1176.50280	589.25870	2	30.8178	1
1176.58170	589.29815	2	51.8579	2
1177.62000	589.81730	2	72.2062	1
1177.63550	589.82500	2	65.1925	2
1177.65995	589.83725	2	89.0423	2
1177.66150	589.83800	2	83.5450	2
1178.51790	590.26620	2	37.2173	2
1178.54635	590.28045	2	46.8769	2
1180.52315	591.26885	2	61.3784	2
1180.59780	591.30620	2	63.7497	2
1180.70705	591.36080	2	84.4034	2
1181.65295	591.83375	2	53.7896	2
1182.54205	592.27830	2	73.7113	2
1182.60475	592.30965	2	70.1855	2
1182.62805	592.32130	2	71.2203	2
1182.66440	592.33950	2	57.3144	2
1182.67990	592.34725	2	77.3901	2
1184.58645	593.30050	2	60.1100	2
1184.60530	593.30990	2	49.1136	2
1185.57415	593.79435	2	84.9632	2
1185.57825	593.79640	2	35.3027	2
1185.64010	593.82730	2	78.0817	2
1185.67140	593.84300	2	58.9304	1
1186.54375	594.27915	2	44.3054	2
1186.65710	594.33585	2	46.0069	2
1187.59130	594.80290	2	48.4454	1
1187.59495	594.80475	2	64.4425	2
1187.62260	594.81860	2	76.1735	2
1187.70255	594.85855	2	86.6808	2
1187.70305	594.85880	2	79.2846	2
1188.58905	595.30180	2	41.1019	2
1188.59890	595.30670	2	37.4974	1
1188.59910	595.30685	2	45.0105	2
1188.61545	595.31500	2	49.3345	2
1189.54080	595.77770	2	77.5015	1
1189.63730	595.82595	2	51.0028	2
1189.64580	595.83015	2	68.6649	2
1189.67145	595.84300	2	73.0675	2
1190.56045	596.28750	2	54.0793	2
1190.60045	596.30750	2	63.1897	2
1191.61385	596.81420	2	56.6303	2
1191.66560	596.84010	2	81.1243	2
1192.52845	597.27150	2	45.3553	2
1192.61560	597.31510	2	65.3485	2
1192.66235	597.33845	2	85.6711	2
1193.61635	597.81545	2	37.2537	2
1193.63325	597.82390	2	66.6402	2
1193.67045	597.84250	2	88.6705	2
1194.51380	598.26420	2	29.8347	2
1195.60945	598.81200	2	59.3481	2
1196.54980	599.28220	2	44.1829	2
1196.57300	599.29375	2	34.1770	2
1196.65080	599.33270	2	47.7740	2
1197.54545	599.78000	2	76.6810	2
1197.57045	599.79250	2	51.2538	2
1197.57555	400.19910	3	34.3667	2
1197.59230	599.80345	2	62.2097	2
1197.62525	599.81990	2	58.7974	2
1197.66480	599.83965	2	73.0786	2
1197.69800	599.85630	2	74.0360	2
1198.62060	600.31760	2	51.0006	1
1198.65615	600.33535	2	39.3222	2
1198.65630	400.55935	3	39.2837	2
1199.54620	600.78040	2	53.7421	2
1199.67180	600.84320	2	88.6020	1
1199.71330	600.86390	2	77.1575	1
1200.61955	401.21380	3	40.7677	2
1200.62250	601.31855	2	57.9528	2
1200.62485	601.31970	2	40.7413	2
1200.64575	601.33015	2	51.0343	2
1200.65175	601.33315	2	78.4742	2
1201.58280	601.79870	2	42.7738	5
1201.59780	601.80620	2	64.9597	1
1201.60960	401.54380	3	46.2287	2
1201.60960	601.81210	2	46.3062	2
1201.61960	601.81710	2	73.6754	2
1201.63090	401.55090	3	34.9087	2
1201.63125	601.82290	2	35.4582	2
1201.66600	401.56260	3	45.3895	2
1201.66740	601.84100	2	55.7181	1
1201.66780	601.84120	2	45.3371	2
1202.58930	602.30190	2	38.9800	2
1202.60460	602.30960	2	47.2897	1
1202.60530	401.87570	3	47.2229	1
1202.60580	602.31020	2	47.2612	1
1202.64190	401.88790	3	37.8360	2
1202.64365	602.32910	2	37.8065	2
1202.65105	602.33280	2	63.6570	2
1203.59945	602.80700	2	40.2114	2
1203.61650	602.81555	2	96.0733	6
1203.67230	602.84345	2	50.5412	2
1204.48225	603.24840	2	41.0565	2
1204.58205	603.29830	2	51.5206	2
1204.60925	603.31190	2	56.0393	2
1204.61310	603.31385	2	91.4735	2
1204.65705	402.55960	3	46.7770	2
1204.65720	603.33590	2	46.7843	2
1205.56505	402.86230	3	58.2287	2
1205.63015	603.82235	2	55.3920	2
1205.64050	603.82755	2	53.3271	2
1205.71255	402.91145	3	63.8722	2
1205.71360	603.86405	2	63.9362	2
1206.59465	604.30460	2	59.8145	2
1206.60675	604.31065	2	71.5203	2
1206.62525	604.31990	2	63.2921	2
1207.57235	604.79345	2	61.4705	2
1207.61950	604.81700	2	54.1460	2
1207.62415	604.81935	2	71.2150	2
1207.66530	604.83990	2	87.1982	1
1207.67570	604.84510	2	83.0851	1
1207.76595	604.89025	2	79.6684	2
1208.52295	605.26875	2	37.9489	2
1208.59420	605.30440	2	81.5886	2
1208.60380	605.30920	2	67.2168	1
1209.58830	605.80140	2	46.9646	2
1210.59910	606.30680	2	62.0068	2
1210.61280	404.54485	3	61.6726	2
1210.63090	404.55090	3	36.6666	2
1210.74030	606.37745	2	69.5631	2
1211.61890	606.81670	2	76.7809	2
1211.62550	404.88240	3	34.3296	2
1211.65105	404.89095	3	47.3012	2
1211.65140	606.83300	2	47.3288	2
1211.65540	606.83495	2	86.0626	2
1213.64565	405.55585	3	52.5245	2
1213.67100	405.56430	3	80.6378	1
1214.50170	608.25810	2	89.9556	1
1214.59690	608.30575	2	62.4165	2
1214.70190	608.35820	2	61.9689	1
1215.59920	608.80685	2	49.1290	2
1215.64670	608.83065	2	59.1335	2
1215.65155	608.83305	2	81.6487	2
1215.68240	608.84845	2	33.6352	2
1215.68265	406.23480	3	33.6276	2
1216.57565	609.29510	2	47.8684	2
1216.57585	609.29520	2	38.1114	2
1216.62265	609.31860	2	54.0839	2
1216.65710	609.33580	2	68.5673	2
1217.56500	609.78980	2	68.8990	3
1217.60795	609.81125	2	56.5682	2
1217.60935	609.81195	2	74.6033	2
1217.63900	609.82680	2	101.8967	1
1217.67670	406.89950	3	67.0548	2
1218.62920	610.32190	2	57.7695	1
1218.66510	610.33980	2	81.9695	2
1219.61380	610.81415	2	48.5281	2
1220.64100	611.32775	2	53.3340	2
1220.64130	611.32795	2	76.9937	2
1221.13230	611.57340	2	49.2084	4
1221.59795	611.80625	2	57.8165	2
1221.61020	611.81235	2	29.9829	2
1221.61070	408.21085	3	29.8917	2
1221.63665	611.82560	2	55.5831	2
1222.61250	612.31350	2	66.1659	1
1223.54185	612.77820	2	45.5080	2
1223.62590	612.82020	2	34.7558	2
1223.65105	408.89095	3	46.6722	2
1223.71390	612.86420	2	82.1652	8
1224.62375	613.31915	2	67.3029	2
1224.62970	613.32215	2	52.8255	2
1224.65785	409.22655	3	35.6465	2
1224.66020	613.33740	2	35.9246	1
1224.68430	613.34940	2	42.2030	2
1225.67250	613.84350	2	68.0375	2
1226.70020	614.35740	2	58.1226	1
1227.65600	614.83530	2	57.8647	1
1227.66185	614.83820	2	69.0385	2
1227.67160	614.84310	2	67.0008	3
1227.68165	614.84810	2	63.5432	2
1227.68260	410.23480	3	48.6122	1
1228.68630	615.35040	2	62.7553	1
1229.55785	615.78620	2	40.5387	2
1229.61880	615.81665	2	48.6462	2
1229.64930	410.89040	3	46.4516	1
1229.65105	615.83280	2	46.4965	2
1229.70000	615.85730	2	39.1772	1
1229.73810	410.91995	3	57.8990	2
1230.55845	411.19345	3	31.9390	2
1230.58125	616.29790	2	40.6440	2
1230.58490	411.20225	3	40.7360	2
1230.58845	616.30150	2	58.8725	2
1230.62155	616.31805	2	47.7488	2
1230.63980	616.32715	2	77.6991	2
1230.65695	616.33575	2	40.4097	2
1230.66225	616.33840	2	81.5604	2
1231.58690	616.80070	2	51.0841	1
1231.58700	616.80080	2	35.3080	2
1231.62275	616.81865	2	53.9631	2
1231.62560	616.82005	2	86.5211	2
1231.65690	616.83570	2	59.4796	2
1231.65920	616.83685	2	55.8774	2
1231.69245	411.57145	3	56.8450	2
1231.69250	616.85350	2	56.9014	1
1232.57075	617.29265	2	32.9774	2
1232.60725	617.31090	2	45.0770	2
1233.60910	617.81180	2	49.3155	2
1233.61105	617.81280	2	61.1393	2
1233.62095	617.81775	2	42.9149	2
1233.63350	617.82400	2	101.7732	1
1233.66145	617.83800	2	56.2566	2
1234.56820	412.53000	3	39.4462	2
1234.59900	618.30675	2	34.3400	2
1234.65615	618.33535	2	63.0997	2
1235.60675	412.87615	3	38.6598	2
1235.60705	618.81080	2	38.6678	2
1235.65045	412.89075	3	47.8975	2
1235.66925	412.89700	3	56.9918	2
1235.66970	618.84215	2	57.0524	2
1236.56300	619.28875	2	47.2442	2
1237.63535	619.82495	2	36.7182	2
1237.63550	413.55240	3	36.6538	2
1237.64740	619.83100	2	62.9398	2
1237.73850	413.58680	3	66.8723	1
1237.74015	619.87735	2	66.6946	2
1239.59240	620.80350	2	57.5689	2
1239.59615	414.20600	3	34.6992	2
1239.62110	620.81785	2	61.3230	2
1239.68265	620.84860	2	74.0988	2
1239.71945	620.86700	2	72.9202	2
1240.16055	621.08755	2	47.5594	4
1240.58720	414.53635	3	35.2666	2
1240.70310	621.35885	2	89.6786	2
1241.66380	621.83920	2	60.9149	2
1241.77495	414.93225	3	76.1119	2
1241.77530	621.89490	2	76.2098	2
1242.63660	622.32560	2	43.0022	2
1242.63690	415.21955	3	42.9929	2
1242.70020	622.35740	2	94.0153	1
1243.67720	415.56630	3	59.6705	1
1244.54210	623.27830	2	51.2274	2
1244.56765	623.29110	2	45.4700	2
1244.61200	415.87790	3	32.9059	3
1244.63325	623.32390	2	65.0814	2
1244.67260	415.89815	3	35.6389	2
1245.62140	416.21440	3	46.1185	2
1245.62155	623.81805	2	46.2035	2
1245.65115	623.83285	2	80.5879	2
1245.65840	623.83650	2	42.1937	1
1245.67185	416.23120	3	53.4483	2
1245.67455	623.84455	2	41.1628	2
1246.61280	416.54490	3	53.2075	2
1246.64940	416.55705	3	65.6900	2
1246.69245	624.35350	2	71.1011	2
1248.61930	625.31690	2	56.7774	1
1248.62020	625.31740	2	86.7429	1
1248.67200	625.34330	2	59.6884	2
1248.67270	625.34360	2	62.0889	1
1249.63160	625.82305	2	56.1143	2
1249.65350	625.83405	2	62.7924	2
1249.65740	625.83595	2	81.6140	2
1250.72750	626.37100	2	86.4171	1
1250.75900	626.38680	2	70.8833	1
1251.66165	626.83810	2	73.4873	2
1252.73935	627.37695	2	77.8545	2
1252.77730	627.39595	2	90.0663	2
1253.55830	627.78640	2	65.1197	1
1253.62990	418.88390	3	31.2099	2
1253.63050	627.82250	2	31.2786	2
1254.58935	628.30195	2	67.1389	2
1254.60025	628.30740	2	78.9002	2
1254.72920	419.25035	3	38.8099	2
1254.72965	628.37210	2	67.9713	2
1254.72975	628.37215	2	38.8603	2
1254.73290	419.25160	3	50.6715	1
1255.58540	628.80000	2	41.8264	2
1255.62410	628.81930	2	91.5266	1
1255.62765	628.82110	2	68.6885	2
1255.65660	419.55950	3	52.0879	1
1255.66860	628.84160	2	72.5257	2
1255.67880	628.84665	2	49.5613	2
1255.70170	628.85810	2	67.8014	2
1255.71335	419.57840	3	63.8069	2
1256.60800	629.31130	2	57.4939	1
1256.61005	629.31230	2	88.0214	2
1256.61025	629.31240	2	48.8748	2
1256.67240	629.34345	2	54.1364	2
1256.69665	419.90615	3	45.8126	2
1256.69845	629.35650	2	45.8050	2
1256.70390	629.35920	2	95.3502	2
1257.64650	420.22280	3	40.9112	1
1257.64810	629.83130	2	40.8270	2
1257.70290	629.85870	2	87.0033	1
1258.59845	630.30650	2	79.7136	2
1258.67710	630.34585	2	65.8879	2
1258.68930	630.35195	2	50.8245	2
1258.76435	630.38945	2	85.4825	2
1259.63365	630.82410	2	73.7605	2
1259.63560	630.82510	2	56.7855	2
1259.66150	630.83805	2	57.2847	2
1259.72415	630.86935	2	75.3010	2
1260.57640	631.29550	2	34.8153	2
1260.58820	631.30135	2	40.9694	2
1260.67270	631.34360	2	55.7837	2
1261.57905	631.79680	2	49.4601	2
1261.62165	421.54785	3	38.7484	2
1261.62280	631.81870	2	87.8560	1
1261.67125	421.56435	3	36.3377	2
1261.74590	631.88025	2	93.7773	2
1262.60800	421.87660	3	44.6859	2
1263.61960	422.21380	3	31.8649	2
1263.61985	632.81720	2	31.8777	2
1263.62855	632.82155	2	55.2732	2
1263.67140	632.84300	2	87.2995	2
1263.68275	632.84865	2	65.3635	2
1264.64250	633.32850	2	54.4556	1
1264.64870	422.55680	3	59.4278	2
1264.64880	633.33170	2	59.4474	1
1264.77440	633.39445	2	91.6764	2
1265.61230	422.87800	3	29.1546	1
1265.68890	633.85175	2	49.9653	2
1266.56250	634.28850	2	44.4743	1
1266.57400	634.29430	2	39.7485	1
1266.59970	634.30710	2	58.4679	1
1266.62140	634.31800	2	36.2925	2
1266.62220	423.21465	3	36.2473	2
1266.62530	634.31995	2	69.0775	2
1267.64820	634.83140	2	80.6680	2
1267.66300	634.83880	2	91.4312	1
1267.68950	634.85205	2	48.0598	2
1268.61345	423.87840	3	51.4933	2
1268.66260	635.33855	2	49.1874	2
1268.66345	423.89505	3	49.1351	2
1268.69875	635.35665	2	68.2310	2
1269.62450	635.81950	2	78.9346	2
1269.63000	635.82225	2	62.1007	2
1269.65160	424.22450	3	65.4519	2
1269.65675	424.22620	3	45.1302	2
1269.65800	635.83630	2	45.1560	2
1269.70410	635.85930	2	61.4608	2
1269.72960	635.87210	2	76.6910	2
1270.65305	636.33380	2	42.0492	2
1270.69930	424.57370	3	60.5176	2
1270.72800	636.37130	2	90.4958	3
1271.56640	424.86270	3	75.8603	1
1271.61730	636.81590	2	54.1637	1
1271.62380	636.81915	2	58.3535	2
1271.68805	424.90325	3	58.5853	2
1271.69100	636.85280	2	62.7499	1
1271.70980	636.86220	2	69.9146	1
1271.76165	636.88810	2	80.5034	2
1272.69260	637.35355	2	63.1975	2
1273.65555	637.83505	2	64.9955	2
1273.66940	637.84200	2	63.5202	2
1273.67805	637.84630	2	84.7927	2
1273.72145	637.86800	2	68.7254	2
1274.62915	425.88365	3	44.3548	2
1274.64500	638.32980	2	83.2921	1
1274.65115	638.33285	2	75.5637	2
1274.66250	638.33855	2	66.9391	2
1274.76035	638.38745	2	77.3384	2
1275.54300	638.77880	2	43.7262	2
1275.57265	638.79360	2	59.2791	2
1275.66050	638.83750	2	85.1315	1
1275.69320	426.23835	3	61.2058	2
1276.63375	639.32415	2	75.8314	2
1276.65150	639.33305	2	88.3194	2
1276.66655	639.34055	2	56.8519	2
1276.67400	639.34430	2	84.5288	2
1276.70325	639.35890	2	70.5746	2
1276.70340	639.35895	2	76.8532	2
1277.67445	639.84450	2	67.2443	2
1277.68680	639.85070	2	74.3609	2
1278.61630	640.31540	2	61.0743	5
1278.65010	640.33235	2	83.3732	2
1279.62440	640.81950	2	62.2089	1
1279.69595	427.57260	3	52.4565	2
1280.57875	641.29665	2	79.6443	2
1280.59990	427.87390	3	35.8727	2
1280.74870	641.38160	2	86.5083	1
1281.55780	641.78615	2	38.1738	2
1281.61075	641.81265	2	34.7948	2
1281.70560	428.24250	3	39.8920	1
1282.57550	642.29505	2	70.1666	2
1282.58605	642.30030	2	60.1393	2
1283.61455	642.81455	2	69.1600	2
1283.65180	642.83315	2	64.0610	2
1283.65990	642.83720	2	84.0656	3
1283.70790	428.90990	3	42.7086	1
1283.72155	428.91445	3	42.1021	2
1283.73570	642.87510	2	76.6237	1
1284.62745	643.32100	2	89.5926	2
1284.69430	643.35440	2	76.3545	2
1284.70180	643.35820	2	67.5199	2
1284.70420	429.24200	3	41.3438	1
1284.72955	643.37205	2	82.1813	2
1285.66465	643.83960	2	41.9068	2
1285.72415	643.86935	2	44.4127	2
1285.72420	429.58200	3	44.4304	1
1286.64515	429.88900	3	67.1047	2
1286.64990	429.89060	3	52.5745	1
1286.66670	644.34060	2	84.4488	3
1286.68365	644.34910	2	83.7656	2
1286.69920	644.35690	2	66.8266	3
1286.78490	644.39975	2	84.6956	2
1287.62885	644.82170	2	83.3195	2
1287.66740	644.84100	2	43.9972	1
1287.68330	644.84890	2	72.1929	2
1288.59240	645.30345	2	43.2208	2
1288.60640	645.31045	2	62.4482	2
1288.66300	645.33880	2	44.6753	2
1288.68265	645.34860	2	49.7838	2
1288.68590	645.35025	2	65.7516	2
1288.72305	645.36880	2	82.6081	2
1288.73990	645.37720	2	74.3015	1
1289.59075	645.80265	2	35.0305	2
1289.59170	430.87115	3	34.9573	2
1289.62810	645.82135	2	61.3154	2
1289.62995	645.82225	2	87.7050	2
1289.64680	645.83065	2	48.2345	2
1290.65755	646.33605	2	53.3992	2
1291.53520	646.77490	2	37.0076	1
1291.57865	646.79660	2	43.4563	2
1291.60530	646.80990	2	49.9291	2
1291.66720	646.84090	2	58.7263	2
1293.62350	647.81905	2	54.1113	2
1294.16270	432.39485	3	60.5251	4
1294.62250	648.31850	2	66.8733	2
1294.73315	648.37385	2	81.4619	2
1294.79755	432.60645	3	66.1431	2
1295.58835	648.80145	2	43.3684	2
1295.66210	648.83830	2	60.4863	1
1295.74580	648.88020	2	63.4039	2
1295.75730	432.92640	3	58.7660	2
1296.68335	433.23505	3	58.4144	2
1296.68350	649.34900	2	58.3171	2
1296.70410	649.35935	2	67.6661	2
1296.74040	649.37750	2	43.4648	3
1297.72735	433.58305	3	44.0164	2
1297.73690	649.87575	2	64.1760	2
1297.76090	433.59425	3	62.0739	2
1298.59400	433.87195	3	36.5392	2
1298.59420	650.30440	2	36.5917	1
1298.61035	433.87735	3	36.4249	2
1298.69440	650.35445	2	46.8149	2
1298.74355	650.37905	2	91.2248	2
1299.56965	650.79210	2	35.0948	2
1299.62880	650.82170	2	72.9695	1
1299.67900	650.84680	2	39.9207	1
1299.69395	650.85425	2	78.3802	2
1299.70540	650.86000	2	60.3983	1
1299.71490	650.86475	2	56.5892	2
1300.62170	651.31810	2	80.0554	1
1300.62430	651.31945	2	84.8982	2
1300.70360	651.35910	2	61.7799	2
1300.71145	651.36300	2	90.6950	2
1300.73880	651.37670	2	74.4616	2
1300.77515	651.39485	2	83.8684	2
1301.60990	651.81220	2	41.3324	2
1301.63570	434.88585	3	39.4668	2
1301.63690	651.82570	2	39.5042	2
1301.69790	651.85625	2	67.3426	2
1302.65945	652.33700	2	65.5158	2
1303.51450	652.76455	2	64.1833	2
1303.60665	652.81060	2	59.3735	2
1303.75065	652.88260	2	74.1368	2
1304.61135	653.31295	2	41.6945	2
1304.73490	653.37470	2	77.6923	1
1305.61570	436.21250	3	30.2082	1
1305.62420	653.81940	2	50.1795	2
1305.63355	436.21845	3	60.3135	2
1305.68095	653.84775	2	60.4657	2
1305.70480	653.85970	2	72.3462	2
1306.58310	436.53495	3	39.3429	2
1306.65195	436.55790	3	38.8678	2
1306.66615	654.34035	2	30.7442	2
1306.67750	654.34600	2	74.5837	2
1307.66215	654.83835	2	60.2867	2
1308.65815	655.33635	2	62.0390	2
1308.71985	655.36720	2	85.7402	2
1308.72025	437.24735	3	85.8099	2
1308.74250	655.37855	2	59.0851	2
1308.77755	655.39605	2	71.8379	2
1309.63100	655.82275	2	66.4097	2
1309.65280	655.83365	2	62.6436	2
1309.66360	437.56180	3	70.6857	1
1309.77245	655.89350	2	77.0046	2
1310.65260	437.89150	3	46.9276	1
1310.68015	656.34735	2	79.4150	2
1311.57115	656.79285	2	58.5273	2
1311.58375	656.79915	2	49.3684	2
1311.64770	656.83110	2	87.9205	1
1311.71520	438.24565	3	59.2842	2
1313.61305	657.81380	2	62.2415	2
1313.69360	438.90510	3	51.2826	2
1313.70280	657.85870	2	86.4252	2
1313.71960	438.91380	3	60.8838	2
1313.72035	657.86745	2	83.9242	2
1314.69710	658.35580	2	61.9340	1
1314.69800	658.35630	2	47.3821	2
1314.70115	439.24095	3	47.4331	2
1315.65915	658.83685	2	71.7267	2
1315.68260	658.84860	2	59.2015	2
1315.69965	658.85710	2	72.1734	2
1315.70950	658.86205	2	63.9682	2
1315.77150	439.59780	3	62.0022	1
1316.56570	659.29015	2	54.5032	2
1316.66850	659.34150	2	74.9610	3
1316.67525	439.89900	3	63.5202	2
1316.71310	659.36380	2	59.0598	1
1316.73445	659.37450	2	67.3163	2
1316.73445	659.37450	2	94.9388	2
1317.61060	440.21080	3	51.7715	2
1317.64285	659.82870	2	41.7705	2
1317.74850	440.25680	3	74.3324	1
1318.65965	660.33710	2	78.2052	2
1319.63390	660.82420	2	52.5928	2
1319.66295	440.89490	3	53.0317	2
1319.66385	660.83920	2	53.0887	2
1319.69110	660.85280	2	80.7370	2
1320.59945	661.30700	2	71.0771	2
1320.61020	661.31235	2	54.9265	2
1320.62350	441.21510	3	40.1681	1
1320.62415	661.31935	2	40.0108	2
1320.63520	441.21900	3	50.3899	2
1320.68480	661.34970	2	91.6708	9
1321.61460	661.81460	2	51.0895	1
1321.76450	661.88955	2	79.8737	2
1321.76490	441.59560	3	79.8123	2
1322.57800	441.86660	3	33.1075	1
1322.66715	662.34085	2	88.0214	2
1322.67215	662.34335	2	63.4372	2
1322.72695	662.37075	2	71.7005	2
1323.71900	442.24695	3	70.2844	2
1324.69145	663.35300	2	77.1152	2
1324.73560	663.37505	2	62.5568	2
1324.78300	442.60160	3	64.3980	2
1325.74990	663.88225	2	82.2455	2
1326.62080	664.31770	2	59.7753	2
1326.68990	443.23720	3	30.7838	2
1326.69060	664.35260	2	30.7567	2
1326.74060	664.37760	2	75.0542	1
1327.56550	664.79005	2	48.7109	2
1327.65260	443.55815	3	56.2331	2
1327.78780	664.90120	2	93.8656	2
1328.74485	443.92220	3	41.5279	2
1328.75250	443.92475	3	70.3704	2
1328.75365	665.38410	2	70.5212	2
1329.60785	665.81120	2	40.3489	2
1329.65310	665.83385	2	42.9689	2
1329.66855	444.23010	3	57.5872	2
1329.69360	444.23845	3	65.0505	2
1330.72075	666.36765	2	61.2697	2
1330.77780	666.39615	2	84.8657	2
1330.78165	444.60115	3	84.9865	2
1331.67595	666.84525	2	73.6483	2
1331.70995	666.86225	2	79.9302	2
1331.72880	666.87170	2	91.2577	2
1331.74670	666.88060	2	81.3940	2
1331.76710	666.89080	2	44.8960	2
1332.64605	667.33030	2	46.9726	2
1332.70045	667.35750	2	81.8375	2
1333.57235	445.53135	3	53.6984	2
1333.59440	667.80450	2	42.8362	2
1333.69240	667.85350	2	58.4302	1
1334.66185	445.89455	3	45.5008	2
1334.71980	668.36720	2	52.9048	2
1334.71985	445.91390	3	52.8806	2
1334.72475	668.36965	2	75.6867	2
1335.63985	668.82720	2	71.1579	2
1336.59725	669.30590	2	55.0111	4
1336.69780	669.35620	2	53.9863	1
1336.74580	446.58920	3	42.4885	1
1336.74705	669.38080	2	42.5323	2
1336.80830	669.41140	2	78.9766	2
1337.57185	669.79320	2	38.4104	2
1337.66410	669.83930	2	75.6153	1
1337.67140	669.84300	2	72.5635	2
1338.61325	670.31390	2	60.0483	2
1338.66840	670.34150	2	62.3266	2
1338.71950	670.36705	2	71.6951	2
1339.65320	670.83385	2	63.9011	2
1339.74570	447.58915	3	54.8938	2
1339.75375	670.88415	2	81.0025	2
1339.77060	447.59745	3	93.2535	2
1339.77170	670.89310	2	97.2222	10
1340.59700	671.30580	2	48.6181	2
1340.73010	671.37235	2	61.3149	2
1341.19900	671.60675	2	44.4496	4
1341.62185	671.81820	2	74.2544	2
1342.65140	448.55770	3	53.3639	2
1342.65280	448.55820	3	37.1067	2
1342.69345	672.35400	2	69.6896	2
1342.70885	448.57685	3	55.6715	2
1342.71075	672.36265	2	62.1265	2
1342.73720	672.37590	2	84.4812	10
1343.72330	448.91500	3	71.1867	1
1343.76575	448.92920	3	53.6834	2
1343.76715	672.89085	2	53.6878	2
1344.68235	673.34845	2	52.7428	2
1344.70580	673.36015	2	61.8776	2
1344.71455	673.36455	2	65.1311	2
1344.73000	449.25060	3	71.4204	1
1344.74075	673.37765	2	82.6430	2
1344.74390	449.25525	3	80.8378	2
1344.74795	449.25660	3	67.0811	2
1344.79475	673.40465	2	95.4184	2
1345.62290	449.54820	3	33.1225	1
1346.57850	674.29650	2	39.4963	2
1346.67525	674.34490	2	72.2262	2
1346.68380	674.34915	2	77.2061	2
1346.76705	674.39080	2	67.7518	2
1346.76730	449.92970	3	67.6899	2
1347.58075	674.79765	2	52.4231	2
1347.58400	450.20190	3	43.2760	1
1347.66795	674.84125	2	87.6259	2
1347.74650	674.88055	2	62.8514	2
1347.74700	450.25630	3	62.7335	2
1347.76450	450.26210	3	82.1506	2
1349.56880	675.79170	2	75.4849	1
1349.59070	675.80260	2	32.4314	1
1349.64640	675.83050	2	60.0257	2
1349.68290	675.84870	2	68.7208	2
1349.68390	675.84920	2	60.1735	2
1350.60965	676.31210	2	39.3771	2
1350.63960	676.32710	2	75.0847	1
1350.71630	676.36545	2	73.0455	2
1350.75155	676.38305	2	57.9066	2
1351.59140	676.80300	2	49.6228	1
1351.63800	451.55330	3	33.8591	1
1351.63805	676.82630	2	33.9119	2
1351.64130	676.82790	2	59.8351	2
1352.59475	451.87220	3	30.1932	2
1352.63945	677.32700	2	62.6999	2
1352.72920	451.91700	3	54.3095	1
1352.75720	677.38585	2	67.2575	2
1353.72415	677.86935	2	87.3717	2
1353.72565	677.87010	2	64.9312	2
1354.72860	678.37160	2	90.4398	4
1355.71370	678.86410	2	86.7639	1
1355.71725	678.86590	2	84.4439	2
1355.73170	678.87315	2	55.9626	2
1355.77850	452.93345	3	58.1327	2
1355.77950	678.89705	2	81.3310	2
1356.73630	679.37545	2	59.2487	2
1356.74745	453.25645	3	47.6794	2
1356.75030	679.38245	2	47.6910	2
1357.66280	679.83870	2	48.8651	2
1357.67350	453.56510	3	29.6689	2
1357.67455	679.84455	2	29.8266	2
1357.74590	453.58920	3	57.5947	2
1357.74640	679.88050	2	57.6567	2
1358.15460	453.72545	3	50.7507	4
1358.65880	680.33670	2	87.9359	3
1358.66210	680.33830	2	56.1549	1
1358.66670	680.34060	2	45.1521	1
1358.66850	453.89675	3	45.0668	2
1358.67920	453.90030	3	38.0941	1
1358.68030	680.34740	2	38.1218	2
1358.74060	680.37755	2	81.9295	2
1358.75420	680.38440	2	91.6763	2
1359.68140	680.84800	2	66.3237	2
1359.68830	454.23670	3	37.8678	2
1359.83515	454.28565	3	56.1421	2
1360.58635	454.53605	3	33.5409	2
1360.69960	681.35710	2	74.6941	2
1361.66955	681.84205	2	39.8745	2
1361.67270	681.84360	2	66.0525	2
1361.72030	681.86740	2	67.9215	2
1361.72340	681.86900	2	70.6621	2
1362.55920	682.28685	2	49.4530	2
1362.59025	682.30240	2	47.8326	2
1362.64640	682.33050	2	52.9321	1
1362.71415	682.36435	2	57.4304	2
1362.71535	682.36495	2	86.8121	2
1362.71545	682.36500	2	71.2825	2
1362.72180	682.36820	2	82.5300	2
1363.68530	682.84990	2	72.0012	2
1363.69120	455.57100	3	44.5036	2
1364.59255	683.30355	2	50.4001	2
1364.64000	683.32730	2	63.6368	2
1364.66870	683.34165	2	44.4276	2
1364.68395	683.34925	2	60.6022	2
1364.71825	683.36640	2	64.0352	2
1364.73530	683.37495	2	68.5461	2
1365.55975	456.19385	3	41.6120	2
1365.66810	683.84135	2	83.4443	2
1365.67820	456.23335	3	55.1177	2
1365.67890	683.84670	2	55.1481	2
1366.73270	456.58480	3	35.9899	2
1366.75830	456.59335	3	36.1000	2
1366.75960	684.38710	2	36.1593	1
1366.84570	684.43015	2	98.9056	2
1367.54520	684.77990	2	33.0327	3
1367.65605	456.89260	3	50.5671	2
1367.67235	456.89805	3	49.4167	2
1367.68460	684.84960	2	77.2654	1
1367.68810	456.90330	3	50.7695	2
1367.69010	684.85230	2	50.8580	2
1367.71225	684.86340	2	70.7982	2
1367.76730	684.89090	2	82.4228	2
1367.77820	684.89640	2	74.3055	2
1368.75065	685.38260	2	73.8904	2
1368.79770	457.27320	3	63.1508	1
1368.79790	457.27320	3	63.1176	1
1369.67335	457.56505	3	51.3125	2
1369.79295	685.90375	2	53.8465	2
1369.79420	457.60530	3	53.8258	3
1370.72485	686.36970	2	78.6968	2
1370.82225	686.41840	2	93.6009	2
1371.68340	686.84895	2	72.5798	2
1371.70665	686.86060	2	90.3547	2
1371.73455	458.25210	3	48.6981	2
1371.74505	458.25560	3	54.0164	2
1372.68455	687.34955	2	65.3977	2
1372.71590	458.57920	3	53.6276	2
1372.72060	687.36760	2	53.6562	1
1373.69020	687.85240	2	37.3733	2
1373.74040	687.87745	2	69.8613	2
1373.75195	687.88325	2	56.2801	2
1374.68815	688.35135	2	47.0694	2
1374.68860	459.23680	3	47.0417	1
1374.70945	688.36200	2	72.5204	2
1374.76205	459.26130	3	76.6991	2
1374.76240	688.38850	2	76.7646	2
1374.78850	688.40150	2	83.1909	2
1375.71260	459.57810	3	75.3215	1
1376.70855	689.36155	2	88.5123	2
1376.71910	689.36680	2	64.2255	2
1376.72950	459.91710	3	48.9861	2
1376.84985	459.95720	3	65.5481	2
1377.67175	689.84315	2	81.9928	2
1377.67795	689.84625	2	74.6912	2
1377.68805	689.85130	2	32.3290	2
1377.69015	460.23730	3	32.3008	2
1377.69305	460.23830	3	87.2030	2
1377.69740	689.85600	2	89.1270	7
1378.23360	690.12410	2	83.5862	4
1378.55495	690.28475	2	42.3761	2
1378.69695	690.35575	2	59.0796	2
1378.75335	690.38395	2	93.4205	2
1379.76525	460.92900	3	71.7266	2
1379.76735	690.89095	2	71.7635	2
1379.77165	690.89310	2	79.1269	2
1380.79920	691.40690	2	75.7386	1
1381.66670	691.84060	2	64.8952	1
1381.67470	691.84460	2	65.3857	1
1381.74560	691.88010	2	72.8035	2
1382.65180	692.33315	2	75.5551	2
1382.75950	692.38705	2	76.5725	2
1383.54080	692.77770	2	24.5188	3
1383.68125	462.23435	3	42.5421	2
1384.66375	693.33915	2	55.2178	2
1384.66950	693.34205	2	82.4942	2
1384.73370	462.58520	3	63.1636	2
1384.75495	693.38475	2	82.6126	2
1385.73485	693.87470	2	74.1555	2
1385.75200	693.88330	2	61.4040	2
1386.72410	463.24860	3	65.2412	1
1387.56165	694.78810	2	60.7188	2
1387.68800	694.85130	2	81.3030	2
1387.69435	694.85445	2	55.9255	2
1387.69555	694.85505	2	69.6815	2
1387.72765	463.58315	3	82.5188	2
1388.55650	695.28555	2	54.4370	2
1388.70550	695.36000	2	51.4301	2
1389.73485	695.87470	2	86.3959	2
1389.75180	695.88320	2	87.5625	2
1390.65205	464.55795	3	37.1067	2
1390.75700	464.59295	3	66.6098	2
1391.69325	464.90505	3	59.5673	2
1391.69530	696.85490	2	59.4891	3
1391.70610	696.86035	2	51.9866	2
1392.61690	465.21290	3	58.2624	2
1392.63730	697.32590	2	63.7702	1
1392.66735	697.34095	2	62.3061	2
1392.86975	465.29720	3	82.7640	2
1392.87155	697.44305	2	82.7439	2
1393.64355	697.82905	2	67.4014	2
1393.65195	697.83325	2	70.0076	2
1393.67775	697.84615	2	69.4457	2
1393.69055	697.85255	2	81.1893	2
1393.70290	465.57490	3	54.7150	2
1393.70350	697.85905	2	76.2294	2
1394.54985	698.28220	2	35.9979	2
1395.65270	698.83360	2	57.3746	2
1395.71175	466.24450	3	39.2495	2
1395.71260	698.86360	2	39.1978	2
1396.67715	699.34585	2	76.0450	2
1396.80440	699.40950	2	65.5386	2
1397.60400	699.80930	2	45.7867	2
1397.71685	699.86570	2	50.4465	2
1397.78660	466.93610	3	64.4876	1
1397.79645	699.90550	2	78.3855	2
1398.62770	700.32115	2	51.4564	2
1398.70265	700.35860	2	88.8366	2
1398.73535	467.25240	3	49.8764	2
1398.77240	700.39345	2	63.0692	2
1399.69415	700.85435	2	53.6009	2
1399.69800	467.57330	3	47.4547	1
1401.57420	701.79440	2	41.9121	2
1401.71025	468.24405	3	41.4907	2
1401.71045	701.86250	2	41.5564	2
1401.76280	468.26155	3	79.5127	2
1401.76295	701.88875	2	79.4342	2
1402.75075	702.38265	2	75.7678	2
1403.63225	702.82340	2	54.2821	2
1403.63930	702.82695	2	59.7804	2
1403.74020	468.92070	3	39.9339	1
1403.74060	702.87755	2	68.1720	2
1403.74075	702.87765	2	39.9524	2
1403.79440	702.90450	2	95.4497	1
1404.72985	703.37220	2	74.5445	2
1404.79780	703.40620	2	66.9937	2
1405.65200	703.83330	2	55.2072	2
1406.66270	469.89480	3	50.7389	1
1406.71525	704.36490	2	73.6407	2
1407.72450	470.24875	3	48.7577	2
1407.72585	704.87020	2	48.8197	2
1407.78305	470.26830	3	59.1643	2
1407.78365	470.26850	3	65.1860	2
1408.65155	705.33305	2	76.3873	2
1408.66235	705.33845	2	69.3559	2
1408.66830	705.34145	2	38.5157	2
1409.68660	705.85060	2	67.4883	2
1409.73960	470.92050	3	48.1435	2
1410.70050	706.35755	2	54.8361	2
1410.72380	471.24850	3	49.4019	2
1410.77235	471.26470	3	56.3861	2
1411.65950	706.83705	2	47.2753	2
1411.71690	471.57955	3	68.9457	2
1411.82890	471.61690	3	71.7580	2
1411.82975	706.92215	2	71.6632	2
1412.64375	707.32915	2	87.9611	2
1412.77525	707.39490	2	50.0272	2
1412.81325	707.41390	2	81.8347	2
1412.83895	471.95360	3	65.6277	2
1412.83940	707.42695	2	65.6848	2
1413.67535	707.84495	2	36.7507	2
1413.76430	472.26200	3	60.6530	1
1413.76630	707.89045	2	60.5199	2
1414.73035	472.58405	3	46.4997	2
1414.73045	708.37250	2	46.5306	2
1414.73155	708.37305	2	80.6422	2
1415.64840	708.83145	2	91.4008	2
1415.68975	708.85215	2	56.9061	2
1415.72775	708.87115	2	45.2136	2
1415.76105	472.92760	3	39.4407	2
1416.72410	473.24860	3	64.5057	1
1416.72540	709.37000	2	63.8068	2
1416.73110	709.37280	2	95.4552	1
1416.78170	473.26780	3	57.9242	1
1416.78480	709.39970	2	90.3601	2
1417.66630	709.84045	2	67.2206	2
1417.67015	709.84235	2	54.5287	2
1417.67935	473.56705	3	45.9482	2
1417.71245	709.86350	2	73.1321	2
1418.69945	473.90705	3	42.1392	2
1418.70800	710.36125	2	79.4359	2
1418.70980	710.36220	2	57.1442	2
1419.66375	710.83915	2	56.4503	2
1419.69995	710.85725	2	50.2658	2
1419.75200	474.25790	3	50.5057	2
1419.81225	710.91340	2	80.0341	2
1420.19165	474.40450	3	50.8070	4
1420.65055	711.33255	2	46.0291	6
1421.80245	474.94140	3	62.5297	2
1422.59490	712.30475	2	36.0807	2
1422.59505	475.20560	3	36.0118	2
1422.67375	475.23185	3	39.8717	2
1422.68735	712.35095	2	64.6647	2
1422.75265	712.38360	2	77.6369	2
1423.67050	712.84250	2	81.2163	2
1423.73970	712.87710	2	89.9231	2
1424.66070	713.33760	2	67.1940	2
1424.71995	713.36725	2	65.9499	2
1424.81400	475.94525	3	90.1206	2
1425.67070	713.84260	2	72.5580	2
1425.80940	713.91200	2	72.8276	2
1425.81965	476.28050	3	61.2594	2
1426.79000	476.60395	3	42.3148	2
1427.64345	714.82900	2	45.5336	2
1427.72545	476.91575	3	52.0123	2
1427.72605	714.87030	2	51.8914	2
1427.79890	714.90675	2	81.7139	2
1427.79920	476.94030	3	56.6380	1
1428.71115	477.24430	3	45.1556	2
1428.78250	477.26810	3	75.6038	1
1429.74915	715.88185	2	62.8439	2
1429.75675	715.88565	2	59.0557	2
1429.75780	477.59320	3	58.9733	3
1429.76180	715.88820	2	50.9822	2
1429.80095	715.90775	2	96.2523	2
1430.73045	716.37250	2	87.5354	2
1430.73715	477.91965	3	49.7510	2
1430.76075	716.38765	2	89.7835	2
1431.28385	716.64920	2	85.1319	4
1431.78695	478.26960	3	64.4601	2
1431.79920	716.90690	2	78.7460	2
1432.71565	478.57915	3	44.2372	2
1432.71630	717.36540	2	44.3254	2
1434.74780	718.38115	2	72.5907	2
1435.66325	718.83890	2	37.7190	2
1435.73125	718.87290	2	67.3776	2
1435.76890	718.89170	2	62.1525	2
1436.69315	479.90500	3	54.6567	2
1436.70350	719.35900	2	54.7449	2
1436.70430	719.35940	2	67.4414	3
1436.76230	479.92805	3	50.8296	2
1436.78665	479.93615	3	61.3081	2
1436.78830	719.40140	2	61.3679	1
1437.69235	719.85345	2	62.8437	2
1438.58850	480.53675	3	28.9097	2
1438.77220	720.39340	2	80.5061	1
1439.64895	720.83175	2	47.4149	2
1439.79915	720.90685	2	71.8823	2
1439.80485	720.90970	2	94.7192	2
1440.82010	721.41730	2	78.4186	2
1441.63185	721.82320	2	75.8670	2
1441.81870	721.91660	2	96.6105	1
1442.65055	722.33255	2	82.9677	2
1442.66860	722.34160	2	50.6830	2
1442.68815	722.35135	2	78.9657	2
1442.72925	481.91705	3	48.7898	2
1442.77000	481.93060	3	60.8946	1
1443.67395	722.84425	2	42.9795	2
1443.81005	722.91230	2	72.8332	2
1443.84580	722.93020	2	78.5914	2
1444.66850	723.34150	2	55.4001	2
1444.74310	723.37880	2	69.7059	2
1444.77005	482.59730	3	59.7232	2
1444.81240	723.41350	2	86.6676	3
1446.71055	724.36255	2	61.7136	2
1446.78380	483.26850	3	63.3707	1
1447.74545	724.88000	2	66.8924	4
1447.75530	483.59235	3	55.7764	2
1447.75820	724.88640	2	55.8316	1
1448.71535	725.36495	2	56.1066	2
1448.73875	725.37665	2	76.0787	2
1448.74500	725.37975	2	82.1190	2
1449.67730	725.84590	2	61.5241	2
1449.86675	484.29620	3	59.1110	2
1449.88260	725.94855	2	85.1211	2
1450.72425	726.36940	2	80.7340	2
1450.73715	726.37585	2	88.6813	2
1450.75015	726.38235	2	94.6829	2
1450.81790	484.61320	3	64.5533	2
1451.71120	484.91100	3	33.7746	1
1451.79775	484.93985	3	50.5148	2
1451.82000	484.94730	3	65.2466	1
1452.75070	727.38260	2	80.3877	1
1452.76845	485.26340	3	56.5635	2
1452.79840	727.40650	2	89.5264	2
1453.76215	727.88835	2	55.4026	2
1454.70830	485.91000	3	83.0471	1
1454.72960	728.37210	2	78.1132	2
1454.87125	485.96435	3	75.9549	2
1454.87250	728.44350	2	75.8012	2
1455.69915	486.24030	3	66.9132	2
1455.69940	728.85700	2	67.0245	2
1455.79540	728.90500	2	91.2742	2
1455.83780	728.92615	2	80.0005	2
1457.78745	729.90100	2	80.2374	2
1457.78845	486.93675	3	80.1854	2
1458.74710	487.25630	3	75.3742	2
1459.70580	730.86015	2	57.6569	2
1459.70995	730.86225	2	66.4450	2
1459.74370	730.87910	2	62.7050	2
1459.83940	487.62040	3	74.4321	2
1459.84185	730.92820	2	74.4800	2
1461.73975	731.87715	2	63.9469	2
1461.83865	488.28680	3	75.7144	2
1461.83900	731.92680	2	75.8490	1
1462.69495	732.35475	2	64.2999	2
1463.67395	488.89855	3	61.6908	2
1463.70750	488.90980	3	65.4770	1
1463.70900	732.86180	2	78.8802	2
1463.70995	732.86225	2	65.3131	2
1463.74110	488.92095	3	70.9221	2
1463.74920	732.88190	2	70.9782	2
1464.30095	489.10760	3	63.8619	4
1464.75035	489.25740	3	80.4504	2
1464.79470	733.40465	2	66.7616	2
1464.79490	733.40470	2	60.7342	2
1465.73465	733.87460	2	85.7456	2
1466.67745	734.34600	2	73.5266	2
1466.77070	734.39265	2	43.1484	2
1466.77470	489.93215	3	43.0764	2
1467.24500	734.62975	2	83.8214	4
1467.82320	490.28170	3	55.0349	3
1468.68640	735.35050	2	52.1804	2
1468.79690	735.40575	2	73.2834	2
1470.74640	491.25610	3	64.9853	2
1470.74895	491.25695	3	55.0818	2
1470.79825	736.40640	2	87.7318	2
1470.84625	736.43040	2	82.0905	2
1471.70920	736.86185	2	53.2689	2
1471.74015	736.87735	2	64.2792	2
1471.75760	491.59315	3	65.7790	2
1472.71630	491.91270	3	44.2615	1
1472.73700	737.37575	2	56.5114	2
1472.73715	491.91965	3	56.4458	2
1472.77555	491.93245	3	58.0755	2
1473.74680	737.88070	2	65.1310	1
1473.76215	492.26130	3	70.2843	2
1474.76765	738.39110	2	78.2106	2
1475.77360	492.93180	3	61.8982	2
1476.69320	739.35390	2	51.6785	1
1476.71055	739.36255	2	64.0670	2
1476.78390	739.39925	2	71.9434	2
1477.65335	493.55835	3	31.9335	2
1477.74240	739.87850	2	83.4798	2
1477.76140	739.88795	2	71.2256	2
1477.77120	739.89290	2	86.9313	1
1478.64220	740.32835	2	47.3927	2
1478.77660	740.39555	2	73.2560	2
1479.70280	740.85870	2	54.1943	1
1479.73620	740.87540	2	76.2879	1
1480.68935	494.57040	3	35.2123	2
1480.71855	741.36655	2	84.0898	2
1480.78625	494.60270	3	63.6828	2
1480.83680	494.61955	3	57.9576	2
1481.72690	494.91620	3	61.0334	2
1482.81250	742.41355	2	88.5807	2
1482.83035	742.42245	2	67.1652	2
1483.71350	495.57845	3	60.3452	2
1483.74685	495.58955	3	28.3566	2
1483.76330	742.88890	2	75.0276	2
1484.68250	743.34850	2	42.6639	2
1484.80915	743.41185	2	82.0820	2
1484.82160	495.94780	3	73.4267	2
1484.82250	743.41855	2	73.4956	2
1485.82350	496.28175	3	85.8389	2
1485.82550	743.92000	2	85.8683	2
1486.72050	496.58075	3	74.4909	2
1486.76515	744.38985	2	70.2182	2
1486.78200	496.60125	3	66.2351	2
1486.78250	744.39850	2	66.1662	2
1487.22515	744.61985	2	76.4656	2
1488.74250	497.25475	3	44.1068	2
1488.74280	745.37870	2	44.1782	1
1488.79450	497.27210	3	58.1712	2
1489.74545	745.88000	2	89.0667	2
1491.80740	746.91100	2	88.2811	1
1492.70620	747.36040	2	51.4789	1
1492.70985	747.36220	2	47.1268	2
1492.73825	498.58665	3	74.7358	2
1492.80790	498.60990	3	75.2722	1
1493.64870	747.83160	2	38.0522	1
1493.64915	498.89030	3	37.9715	2
1493.74935	747.88195	2	55.4570	2
1493.78530	498.93570	3	71.3165	2
1495.74190	499.58790	3	67.9529	2
1495.84060	748.92755	2	80.6791	2
1495.85525	499.62570	3	80.7716	2
1495.85600	748.93530	2	80.9247	1
1495.87225	499.63135	3	68.4225	2
1496.68660	749.35060	2	84.2122	2
1496.76235	499.92805	3	55.7558	2
1496.76385	749.38920	2	63.9978	2
1496.78465	749.39960	2	70.0750	2
1496.82630	749.42045	2	90.7141	2
1497.70920	749.86190	2	71.6218	1
1498.76135	750.38795	2	74.0095	2
1498.77970	750.39715	2	67.5545	2
1498.84115	750.42785	2	83.8890	2
1499.71490	500.91220	3	54.8031	2
1499.71580	750.86520	2	54.8571	1
1500.76165	751.38810	2	55.0666	2
1500.76300	501.26160	3	54.9963	2
1500.79425	751.40440	2	58.2816	2
1500.79680	501.27290	3	58.2511	2
1500.81580	501.27920	3	63.9897	1
1500.81630	501.27935	3	68.0580	2
1501.28680	751.65065	2	71.1688	4
1501.71575	501.57920	3	50.0790	2
1501.71695	751.86575	2	50.1110	2
1501.80090	751.90770	2	66.9016	1
1501.84310	501.62160	3	48.1655	2
1502.64765	752.33110	2	77.4293	2
1502.75170	752.38310	2	86.8739	2
1503.70685	502.24285	3	45.2785	2
1503.79520	752.90490	2	79.9921	2
1503.79610	752.90530	2	84.9231	1
1504.74960	502.59045	3	53.0941	2
1504.79835	753.40645	2	68.2622	2
1504.87695	502.63295	3	79.1299	2
1505.65270	502.89150	3	46.4756	2
1505.70910	502.91030	3	55.8954	2
1505.72525	502.91570	3	60.1970	2
1505.92025	753.96740	2	91.9479	2
1506.79505	754.40480	2	59.3445	2
1506.79575	754.40515	2	65.3134	2
1507.71460	503.57880	3	62.6843	2
1508.74190	503.92125	3	85.9533	2
1508.74300	755.37875	2	85.7751	2
1508.81330	503.94505	3	47.8002	2
1508.81480	755.41470	2	47.7819	2
1509.64500	504.22230	3	35.0687	1
1509.65745	504.22640	3	46.1362	2
1509.65970	755.83710	2	46.1926	1
1509.74675	504.25620	3	51.1785	2
1510.70570	756.36010	2	69.5684	2
1510.71415	504.57865	3	56.9987	2
1510.71625	756.36540	2	57.0296	2
1510.74540	756.38000	2	73.7057	2
1510.75150	504.59110	3	56.6867	2
1511.71625	756.86540	2	41.6619	2
1511.71630	504.91270	3	41.7257	3
1511.79350	756.90405	2	97.4612	2
1511.85790	756.93625	2	79.6261	2
1512.87760	505.29980	3	84.0291	2
1512.87770	757.44615	2	83.9622	2
1513.69770	757.85615	2	67.3669	2
1513.75130	757.88290	2	76.6082	2
1513.87155	505.63110	3	95.3214	2
1513.87305	757.94380	2	95.2235	2
1514.72305	505.91495	3	55.6055	2
1514.79570	505.93920	3	90.6011	1
1514.79820	758.40635	2	65.6379	2
1514.80060	758.40755	2	90.4850	2
1514.80500	505.94225	3	44.7168	2
1514.85535	505.95905	3	89.0037	2
1514.85810	758.43630	2	88.9403	2
1515.71830	506.24670	3	77.0290	2
1515.75365	506.25850	3	32.3064	2
1515.75400	758.88425	2	32.3410	2
1515.75430	758.88440	2	49.9264	1
1515.76240	758.88845	2	88.3596	2
1515.77140	506.26440	3	77.3298	2
1515.82335	758.91895	2	78.2445	2
1516.21040	759.11245	2	78.4055	4
1516.68800	506.56990	3	31.4640	1
1516.77845	759.39650	2	73.4051	2
1516.80030	759.40745	2	78.5752	2
1516.83365	759.42410	2	78.9991	2
1517.71585	506.91255	3	53.5376	2
1517.73090	759.87270	2	61.5010	2
1517.74060	759.87755	2	69.0985	2
1517.80915	506.94365	3	75.4346	2
1517.80920	759.91190	2	75.5841	1
1518.79370	760.40410	2	83.0518	2
1518.92590	507.31590	3	62.0470	2
1519.74425	760.87940	2	62.4742	2
1519.82575	760.92015	2	91.1775	2
1520.73575	761.37515	2	52.1933	2
1521.80190	761.90825	2	43.9870	2
1523.76420	762.88935	2	91.7476	2
1523.88275	762.94865	2	88.9292	2
1524.63505	509.21895	3	53.3081	2
1524.73900	763.37675	2	70.8296	2
1525.76550	509.59575	3	62.5352	2
1525.85375	763.93415	2	96.1616	2
1526.73140	764.37300	2	33.8431	1
1526.73325	509.91835	3	33.6613	2
1527.71065	510.24415	3	34.8981	2
1527.78355	764.89905	2	89.1691	2
1527.79850	764.90650	2	68.7480	1
1528.74455	765.37955	2	91.6762	2
1528.80070	765.40765	2	71.5777	2
1528.81005	510.61065	3	68.4773	2
1529.66380	765.83920	2	37.9162	2
1529.80680	765.91070	2	85.8606	1
1529.84195	510.95460	3	63.0773	2
1529.85745	510.95975	3	78.3000	2
1530.15575	511.05920	3	38.4311	4
1530.80260	511.27480	3	65.4557	2
1530.80310	766.40880	2	91.9727	1
1530.84080	511.28750	3	47.3506	1
1531.69805	511.57330	3	63.3398	2
1531.71260	766.86360	2	64.6143	2
1531.77685	766.89570	2	64.7547	2
1531.80055	766.90755	2	67.6290	2
1531.81530	766.91490	2	84.1415	1
1531.86560	766.94010	2	93.4480	1
1532.77370	767.39410	2	72.9511	2
1532.79695	767.40575	2	70.8654	2
1532.82205	767.41830	2	81.0621	2
1533.74335	512.25505	3	34.7045	2
1533.74685	512.25620	3	49.2716	2
1533.74765	767.88110	2	67.1100	2
1533.74870	767.88160	2	49.2712	1
1533.79280	512.27150	3	95.8993	1
1533.79880	767.90665	2	95.8565	2
1534.29680	768.15565	2	73.0912	4
1535.67075	512.89750	3	36.7180	2
1535.67865	768.84660	2	59.2198	2
1535.78500	512.93560	3	67.1574	2
1537.72065	513.58085	3	78.3299	2
1537.79365	769.90410	2	75.3173	2
1538.82370	770.41910	2	77.5746	2
1539.75000	770.88230	2	77.9047	1
1540.80925	514.61035	3	62.1832	2
1541.78750	514.93640	3	57.0249	2
1541.78815	771.90135	2	57.0859	2
1541.81830	771.91645	2	68.4143	2
1541.83030	514.95070	3	74.3268	1
1541.83040	771.92250	2	74.2816	2
1542.77020	515.26400	3	53.0522	2
1542.79000	772.40225	2	60.6330	2
1546.69840	774.35645	2	65.5211	2
1547.67275	774.84365	2	61.7532	2
1547.77335	516.93170	3	53.2100	2
1547.81990	774.91725	2	69.5970	2
1547.82430	516.94870	3	61.5894	2
1547.83095	516.95090	3	57.1982	2
1547.83190	774.92325	2	57.2374	2
1548.77830	517.26670	3	69.9498	2
1548.77910	775.39680	2	69.8896	2
1548.80100	517.27430	3	60.0737	1
1548.92440	775.46950	2	79.0249	2
1549.60130	775.80795	2	44.8354	2
1549.74485	517.58890	3	61.8317	2
1549.74785	775.88120	2	61.9275	2
1549.78200	775.89830	2	80.5130	2
1549.83245	775.92350	2	72.1208	2
1550.68785	517.90325	3	33.2623	2
1550.74045	517.92075	3	50.3622	2
1550.74495	776.37975	2	50.4281	2
1550.76780	517.92990	3	56.5214	1
1550.77060	776.39255	2	56.5962	2
1550.84805	776.43130	2	94.2557	2
1551.71670	518.24615	3	35.8113	2
1551.76700	776.89080	2	67.0464	2
1551.77475	518.26550	3	38.6350	2
1551.84755	776.93105	2	88.9347	2
1552.73340	518.58510	3	66.0901	1
1553.83200	518.95130	3	79.8836	1
1553.83410	777.92430	2	96.1619	2
1555.73770	778.87610	2	71.0392	2
1555.75060	519.59080	3	50.7747	2
1555.79000	778.90230	2	82.1347	3
1555.84730	778.93095	2	81.3269	2
1555.85815	519.62665	3	33.4508	2
1555.88200	519.63460	3	76.5073	2
1556.84285	779.42870	2	89.8421	2
1557.78240	779.89845	2	78.6756	2
1557.83130	520.28440	3	71.4857	1
1557.83520	779.92490	2	88.6496	2
1558.76480	780.38965	2	89.7140	2
1558.77455	780.39455	2	66.4169	2
1558.79930	780.40690	2	78.4419	3
1559.60950	780.81205	2	72.3461	2
1559.75145	520.92440	3	70.0666	2
1559.75880	520.92685	3	76.9424	2
1559.82115	780.91785	2	86.4598	2
1559.83700	780.92580	2	85.2016	1
1560.80370	521.27520	3	84.0506	1
1560.84195	781.42825	2	78.0472	2
1560.84595	781.43025	2	84.6089	2
1561.78895	781.90175	2	75.4346	2
1561.83580	781.92520	2	86.7098	2
1562.77320	521.93170	3	66.0310	1
1562.87930	782.44690	2	88.1453	1
1563.80465	522.27550	3	72.6217	2
1564.29810	783.15635	2	72.8295	4
1564.71610	522.57930	3	52.5477	1
1564.71700	783.36580	2	52.6500	2
1564.74180	783.37815	2	55.0893	2
1564.87760	783.44610	2	99.7016	2
1565.78675	522.93620	3	56.7669	2
1565.83165	522.95115	3	65.7748	2
1567.82710	784.92080	2	80.8291	2
1567.89445	523.63875	3	64.5438	2
1567.89600	523.63930	3	95.9442	1
1567.89655	784.95555	2	95.9217	2
1569.87695	785.94575	2	75.7424	2
1569.91500	785.96475	2	86.2032	2
1570.74510	524.58900	3	51.1406	2
1570.80960	786.41205	2	58.3767	2
1571.68570	524.90250	3	54.7958	2
1572.78330	787.39890	2	57.7960	1
1572.81740	787.41600	2	89.6680	1
1572.83020	525.28400	3	77.7350	2
1573.76440	787.88950	2	64.8659	1
1573.77945	787.89700	2	85.8126	2
1573.82695	787.92075	2	80.0842	2
1573.83685	787.92570	2	73.9491	2
1574.71130	788.36290	2	70.2496	2
1576.75420	789.38435	2	74.2157	2
1576.76660	789.39060	2	71.4566	3
1577.77025	789.89240	2	71.0230	2
1577.77225	789.89340	2	89.3276	2
1577.78965	789.90210	2	74.7569	2
1578.26110	527.09430	3	71.6219	4
1578.83685	527.28620	3	69.5867	2
1578.85260	527.29145	3	55.6166	2
1578.87385	790.44420	2	82.4013	2
1578.87410	527.29860	3	82.3733	2
1580.70045	527.90745	3	40.3433	2
1580.80500	527.94230	3	61.2566	2
1580.81790	791.41620	2	70.9182	1
1580.86380	791.43920	2	93.6881	2
1580.93070	527.98420	3	74.5704	1
1581.76640	791.89050	2	65.2865	2
1582.84635	792.43045	2	77.2171	2
1582.86700	792.44080	2	70.4019	2
1584.74080	529.25420	3	65.5982	1
1585.68910	793.85180	2	63.2179	3
1586.86760	794.44105	2	84.7711	2
1587.85275	794.93365	2	85.2506	2
1587.85795	530.29325	3	63.8180	2
1588.72645	795.37050	2	69.7169	2
1588.84330	795.42890	2	92.0033	2
1589.82105	530.94760	3	83.1911	2
1590.31480	796.16470	2	81.4999	4
1590.76450	796.38955	2	77.4858	2
1590.85710	796.43580	2	88.7432	2
1591.74790	531.58990	3	43.4693	2
1591.74925	796.88190	2	43.4994	2
1591.80200	531.60790	3	57.8086	2
1591.80395	796.90925	2	57.9630	2
1591.86415	796.93935	2	85.6823	2
1592.82030	531.94740	3	66.0098	1
1592.91565	797.46510	2	71.3992	2
1593.74200	532.25460	3	54.2578	2
1593.74320	797.87885	2	54.3458	2
1593.76590	797.89020	2	82.9280	2
1593.94990	797.98225	2	81.2696	2
1595.80630	798.91045	2	91.0007	2
1595.86310	532.96165	3	49.5689	2
1596.69760	533.23980	3	32.9753	1
1596.76770	533.26320	3	52.0969	2
1596.77835	799.39645	2	67.3343	2
1596.80105	799.40780	2	53.1768	2
1597.86825	799.94140	2	69.3400	2
1598.84015	533.95395	3	81.5265	2
1598.84740	800.43100	2	81.5927	3
1599.72435	800.86945	2	73.3460	2
1599.81080	534.27750	3	62.2511	3
1599.84790	800.93120	2	73.7413	2
1599.88775	534.30320	3	62.3240	2
1599.89825	534.30670	3	76.1172	2
1600.77980	801.39720	2	76.0868	2
1600.83440	801.42450	2	64.7533	1
1600.84545	534.62240	3	63.6542	2
1600.86720	801.44090	2	63.2552	2
1602.80165	802.40810	2	75.6533	2
1602.86370	802.43910	2	72.1099	2
1603.81035	802.91245	2	80.1880	2
1604.74385	803.37920	2	63.6037	2
1604.78300	535.93490	3	67.2839	2
1606.76420	536.59530	3	68.8624	1
1607.79680	536.93950	3	47.4738	2
1607.85090	804.93270	2	84.2831	2
1607.90330	536.97500	3	78.8493	2
1609.83560	537.61915	3	87.8875	2
1609.83720	805.92590	2	87.9579	2
1610.72325	806.36890	2	64.8216	2
1610.78380	537.93520	3	64.4966	2
1610.90630	806.46045	2	96.4466	2
1610.97200	537.99795	3	69.9027	2
1611.78900	806.90180	2	64.3409	1
1612.85095	807.43275	2	83.7998	2
1612.85720	538.62635	3	69.2625	2
1612.86975	807.44215	2	88.1563	2
1612.90460	538.64215	3	75.8123	2
1613.85190	807.93320	2	81.8319	2
1613.90375	807.95915	2	80.0623	2
1614.76055	808.38755	2	87.9015	2
1614.84155	808.42805	2	76.3355	2
1615.85720	539.62635	3	71.8766	2
1616.73145	539.91775	3	47.0358	2
1616.84640	809.43050	2	91.3760	2
1617.78845	809.90150	2	43.7843	2
1617.83685	809.92570	2	76.8190	2
1617.91930	809.96695	2	97.8884	2
1619.81705	540.94630	3	64.6751	2
1620.86280	541.29485	3	85.1852	2
1620.86500	811.43975	2	85.1556	2
1621.82645	811.92050	2	83.6185	2
1621.87325	811.94390	2	70.0183	2
1622.76490	541.92890	3	37.1925	2
1622.79785	541.93990	3	80.5762	2
1622.82810	812.42130	2	67.1589	1
1623.86130	812.93790	2	86.7238	2
1624.95285	813.48370	2	85.8824	2
1625.77300	813.89375	2	76.7267	2
1625.77770	813.89615	2	79.9357	2
1625.83200	542.95130	3	82.1145	2
1626.75710	814.38580	2	70.1871	1
1626.85760	543.29315	3	56.2263	2
1626.85875	814.43665	2	56.2868	2
1626.90020	814.45735	2	88.0869	2
1627.74875	814.88165	2	66.5379	2
1628.79040	815.40250	2	93.7384	2
1628.79395	815.40425	2	80.4249	2
1628.79825	543.94000	3	93.7496	2
1628.81545	543.94575	3	55.6649	2
1628.81675	815.41565	2	55.7226	2
1629.81130	815.91295	2	69.3268	2
1629.87395	815.94425	2	68.6701	2
1629.88360	815.94905	2	87.8370	2
1630.84495	544.62225	3	80.9351	2
1631.83030	544.95070	3	60.1667	1
1631.88740	544.96975	3	72.7764	2
1631.92455	544.98210	3	70.5712	2
1631.92655	816.97055	2	70.6300	2
1632.77765	545.26650	3	45.5579	2
1633.84340	545.62175	3	78.4435	2
1633.85720	545.62635	3	60.9464	2
1634.79055	818.40255	2	90.5259	2
1634.80075	818.40765	2	61.8428	2
1634.82820	545.95000	3	43.7872	1
1634.88785	545.96990	3	52.8513	2
1635.79760	818.90610	2	80.8805	1
1636.83260	819.42360	2	71.8368	1
1636.93900	819.47675	2	90.6893	2
1637.71750	819.86600	2	67.4470	1
1638.84160	547.28780	3	74.5716	2
1638.84190	820.42820	2	74.6541	1
1639.74100	820.87775	2	61.3676	2
1639.87350	820.94405	2	93.4737	2
1639.87685	547.63285	3	76.6026	2
1639.87715	820.94585	2	76.6576	2
1639.87785	547.63320	3	93.6525	2
1639.93160	820.97310	2	89.2024	2
1640.84875	547.95685	3	46.4125	2
1640.88810	821.45130	2	84.0636	2
1641.77175	821.89315	2	73.4372	2
1641.88350	821.94905	2	83.2903	2
1642.69075	822.35265	2	46.3633	2
1642.80645	822.41050	2	58.3850	2
1642.85155	548.62445	3	47.5949	2
1642.85325	822.43390	2	47.6551	2
1642.88315	548.63500	3	78.3633	2
1643.78800	548.93660	3	46.3580	1
1643.82580	822.92020	2	44.2670	1
1643.82845	822.92150	2	73.9823	2
1643.84070	548.95415	3	65.8306	2
1645.90435	549.64205	3	66.3833	2
1646.83885	549.95355	3	60.6277	2
1648.96850	413.24940	4	57.2329	2
1648.96865	550.66345	3	57.2656	2
1649.72170	825.86815	2	62.6518	2
1649.93665	825.97560	2	75.9237	2
1651.83035	826.92245	2	87.3354	2
1651.90755	826.96105	2	87.4298	2
1651.92665	551.64945	3	83.8340	2
1651.92780	826.97115	2	83.7998	2
1653.87310	552.29830	3	74.8969	2
1653.89380	827.95420	2	91.3123	2
1653.90700	827.96080	2	80.1332	1
1653.92330	552.31505	3	75.3741	2
1654.78800	828.40125	2	69.7773	2
1654.82060	552.61410	3	76.9333	1
1654.89625	828.45540	2	80.1740	2
1655.76360	552.92845	3	48.1736	2
1656.80265	829.40860	2	84.4726	2
1657.81820	829.91635	2	87.6653	2
1658.79110	553.93765	3	53.6326	2
1658.83595	553.95260	3	78.0472	2
1658.83715	830.42585	2	78.0127	2
1659.91040	554.31070	3	77.7293	2
1659.91065	830.96260	2	77.8628	2
1660.74205	554.58795	3	64.1295	2
1660.84300	554.62160	3	61.5243	2
1660.86000	554.62730	3	63.9952	1
1661.90480	831.95970	2	77.1135	1
1662.80045	555.27405	3	51.0421	2
1662.83005	832.42230	2	68.8784	2
1662.83360	555.28515	3	68.9459	2
1662.85580	832.43520	2	96.1927	1
1663.79615	555.60600	3	70.6502	2
1664.72675	833.37065	2	65.8668	2
1664.78105	833.39780	2	82.7036	2
1664.84315	833.42885	2	72.2855	2
1666.86845	834.44150	2	75.9934	2
1666.87115	556.63100	3	75.8894	2
1666.87695	834.44575	2	79.8231	2
1666.91950	834.46700	2	81.5207	2
1667.81620	556.94600	3	57.1087	2
1667.86380	834.93915	2	76.4509	2
1668.81410	557.27860	3	56.5021	1
1669.85300	835.93380	2	70.6325	2
1669.91350	557.64510	3	88.8971	1
1670.83465	836.42460	2	95.3500	2
1670.88495	836.44975	2	54.5605	2
1670.88515	557.96900	3	54.4936	2
1671.71610	558.24600	3	50.0189	1
1672.72490	558.58220	3	42.0120	1
1673.90220	837.95835	2	75.6136	2
1674.88885	838.45170	2	90.8280	2
1675.73800	419.94180	4	29.7064	1
1676.23115	559.75100	3	30.2319	4
1676.81770	839.41610	2	66.3784	1
1677.81585	560.27920	3	69.6214	2
1678.00500	560.34230	3	64.8215	2
1681.82140	841.91800	2	74.8106	2
1681.90045	561.64075	3	79.3157	2
1681.90300	841.95880	2	79.2629	3
1681.92465	561.64880	3	92.1567	2
1681.92755	841.97105	2	92.2011	2
1682.79825	842.40640	2	86.7180	2
1682.89375	842.45415	2	78.1421	2
1682.90370	561.97520	3	83.7953	1
1682.93290	842.47370	2	70.5008	1
1683.80680	562.27620	3	73.8472	1
1683.88435	842.94945	2	76.1845	2
1684.91500	843.46480	2	80.0256	2
1685.91585	562.97920	3	64.4039	2
1686.87480	563.29890	3	62.8107	1
1687.91615	844.96535	2	87.0520	2
1687.91885	563.64690	3	87.0441	2
1687.93500	563.65230	3	64.2227	1
1688.72940	423.18960	4	31.3264	1
1688.73460	563.91880	3	31.3870	2
1688.88210	845.44830	2	82.6484	2
1689.84280	564.28820	3	57.5941	2
1689.90805	564.30995	3	92.7284	2
1689.90930	845.96190	2	92.7952	2
1690.96220	564.66130	3	63.0159	1
1692.81950	847.41705	2	82.9938	2
1692.96700	847.49075	2	89.5016	2
1692.96850	565.33010	3	89.5652	2
1693.93580	565.65255	3	62.5622	2
1693.94080	565.65420	3	81.4561	2
1694.80220	565.94130	3	49.4070	2
1695.32945	848.67200	2	68.6648	4
1696.77295	849.39375	2	62.4347	2
1696.84750	849.43100	2	85.0851	1
1696.90820	849.46140	2	84.4087	2
1696.90830	566.64340	3	84.5507	1
1697.83780	566.95320	3	49.7139	1
1697.90250	566.97480	3	76.5389	2
1697.90455	849.95955	2	76.5475	2
1698.00835	567.01005	3	81.5461	2
1698.79475	850.40465	2	81.6484	2
1698.89905	850.45680	2	83.5738	2
1698.89925	567.30700	3	83.6336	2
1698.90425	567.30870	3	57.7503	2
1699.84080	567.62090	3	81.8301	1
1699.86165	567.62780	3	77.0225	2
1699.86990	567.63060	3	74.8986	1
1699.99030	851.00240	2	92.1815	2
1700.88650	851.45050	2	65.4518	1
1700.91100	851.46280	2	79.4709	2
1701.86755	568.29645	3	60.0592	2
1703.73600	568.91930	3	60.9001	1
1703.81465	568.94550	3	59.7406	2
1704.72950	569.25040	3	25.3600	2
1704.84700	853.43080	2	58.4355	1
1704.89590	853.45520	2	90.0297	2
1704.91590	569.31255	3	69.7747	2
1705.83785	853.92620	2	46.3271	2
1705.83870	569.62020	3	46.2632	3
1705.87760	853.94610	2	95.0108	3
1705.88420	569.63530	3	68.2681	3
1705.88425	853.94940	2	68.3825	2
1705.92115	569.64765	3	66.3023	2
1706.89080	854.45265	2	87.4632	2
1706.90455	854.45955	2	82.3927	2
1706.90465	569.97550	3	86.2423	14
1707.40645	570.14275	3	75.6763	4
1707.80620	854.91040	2	80.1389	1
1707.88835	854.95145	2	92.7225	2
1707.89170	570.30450	3	92.7696	1
1707.97800	570.33325	3	77.8859	2
1707.97885	854.99670	2	77.7947	2
1708.02110	855.01780	2	101.7383	1
1709.98155	571.00115	3	75.0078	2
1710.01935	571.01370	3	79.3468	2
1710.92625	856.47040	2	75.5003	2
1712.88885	857.45170	2	65.7957	2
1712.93810	571.98660	3	67.7947	1
1714.89900	572.64025	3	61.7092	2
1714.90135	858.45795	2	61.7740	2
1714.90515	858.45985	2	69.7416	2
1716.88880	859.45165	2	85.7538	2
1717.86435	573.62875	3	71.0118	2
1717.86505	859.93980	2	71.0448	2
1717.89565	859.95510	2	92.9633	2
1720.90430	861.45945	2	76.8132	2
1721.76075	861.88765	2	37.3146	2
1721.86350	861.93905	2	74.0902	2
1721.86670	861.94060	2	89.2282	1
1721.86950	861.94200	2	92.5929	3
1722.87505	575.29895	3	74.6352	2
1722.89645	575.30605	3	75.2151	2
1722.89770	575.30650	3	81.7349	1
1723.02350	575.34845	3	68.5970	2
1723.02535	862.51995	2	68.6327	2
1724.87675	863.44565	2	81.4048	2
1725.82575	863.92015	2	66.0580	2
1725.94810	863.98130	2	85.1481	1
1726.01270	576.34480	3	81.1523	2
1726.93555	576.65245	3	72.6847	2
1728.78945	577.27040	3	62.6704	2
1728.93665	577.31945	3	58.6818	2
1729.00380	577.34190	3	81.7773	2
1730.75680	577.92620	3	63.9359	2
1730.89695	866.45575	2	72.0565	2
1730.90045	866.45750	2	87.8579	2
1731.04730	578.02305	3	88.1174	2
1731.92610	866.97030	2	85.5171	2
1733.87440	578.96540	3	74.7217	2
1733.87485	867.94470	2	74.8536	2
1733.89045	867.95250	2	89.8848	2
1735.87880	579.63350	3	77.8201	2
1735.90040	579.64070	3	92.2266	1
1735.96530	579.66235	3	96.8822	2
1735.96675	868.99065	2	96.7906	2
1736.84670	579.95615	3	79.6625	2
1736.84730	869.43090	2	79.6512	2
1737.92690	580.31620	3	77.6682	2
1737.99055	870.00255	2	90.1983	2
1738.80105	870.40780	2	67.7459	2
1738.81935	580.61370	3	59.1930	2
1738.82000	580.61390	3	64.9513	2
1739.84265	580.95480	3	69.2597	2
1739.88380	580.96850	3	67.2989	1
1742.87380	581.96520	3	66.6032	2
1742.87380	872.44420	2	66.6582	1
1743.80265	872.90860	2	66.8492	2
1743.81160	872.91310	2	50.1462	2
1743.98095	872.99775	2	94.8300	2
1744.89990	582.64055	3	70.5530	2
1745.91410	582.97865	3	72.9200	2
1745.93675	873.97565	2	81.9608	2
1746.79755	874.40605	2	89.0609	2
1746.81470	874.41460	2	73.5542	2
1748.87465	583.96545	3	62.2175	2
1749.86485	584.29555	3	61.2671	2
1749.86575	875.94015	2	61.2000	2
1750.01000	584.34395	3	55.4211	2
1750.01235	876.01345	2	55.4852	2
1751.93770	876.97615	2	90.1983	2
1752.89090	585.30420	3	48.1012	1
1752.98790	585.33655	3	85.6107	2
1752.98980	877.50215	2	85.5414	2
1753.84935	585.62370	3	52.1369	2
1754.83850	878.42650	2	92.5468	1
1754.86180	878.43820	2	74.3932	1
1755.85995	878.93725	2	70.0747	2
1755.90240	878.95850	2	89.7776	2
1755.92460	586.31550	3	64.2285	1
1755.92960	878.97210	2	71.2161	1
1756.88750	586.63640	3	78.6976	1
1756.89050	879.45250	2	78.6239	2
1757.92230	586.98140	3	73.2831	2
1758.79320	880.40390	2	48.5608	2
1758.83265	587.28480	3	76.4845	2
1759.84840	880.93145	2	88.7194	2
1759.84930	587.62370	3	64.9153	2
1759.91200	880.96330	2	87.6740	2
1760.93940	881.47695	2	87.2287	2
1761.89660	588.30615	3	72.9593	2
1762.84265	882.42860	2	75.4690	2
1763.83265	882.92360	2	61.0015	2
1763.91470	882.96460	2	77.3566	1
1763.93040	882.97250	2	71.6032	1
1764.32665	589.11615	3	62.6004	4
1765.00225	589.34135	3	92.1647	2
1765.00410	883.50930	2	92.1096	2
1765.86630	883.94040	2	79.5739	2
1765.89155	883.95305	2	64.8214	2
1766.94970	884.48210	2	83.4930	3
1766.96710	589.99630	3	86.2364	2
1766.97045	884.49250	2	86.2030	2
1767.03200	590.01790	3	80.8863	1
1767.82250	590.28145	3	64.0350	2
1767.85135	590.29105	3	88.4509	2
1767.86140	884.93795	2	88.4648	2
1767.97350	590.33180	3	87.9636	2
1768.90305	885.45880	2	79.1953	2
1769.01855	590.68010	3	79.7430	2
1769.91655	885.96555	2	66.4857	2
1770.00660	591.00950	3	73.1908	2
1770.00720	886.01085	2	90.8025	2
1770.89090	591.30420	3	80.7959	1
1771.91435	591.64540	3	74.6662	2
1772.33520	887.17485	2	76.2473	4
1774.88640	888.45050	2	57.8990	2
1774.88640	592.63610	3	57.8796	3
1774.93255	888.47355	2	88.3943	2
1776.89625	593.30600	3	66.3076	2
1777.32100	889.66780	2	63.4731	4
1778.86410	890.43930	2	75.4027	2
1778.99025	594.00400	3	71.3378	2
1778.99045	890.50250	2	71.2768	2
1779.80410	445.95830	4	50.6414	1
1779.99100	891.00280	2	72.7331	1
1780.40330	594.47505	3	52.8239	4
1780.78960	594.60380	3	61.1624	1
1782.85030	892.43240	2	77.9157	1
1782.87625	595.29935	3	75.0428	2
1783.84730	892.93090	2	72.6157	2
1784.88010	595.96730	3	61.5686	1
1784.88170	893.44810	2	61.5915	2
1784.91755	595.97980	3	54.6561	2
1785.88760	596.30315	3	87.5680	2
1785.88940	893.95195	2	87.4994	2
1788.91295	597.31160	3	35.3937	2
1789.93140	895.97300	2	81.4270	2
1790.90015	896.45735	2	89.7225	2
1791.84810	598.29000	3	49.0062	1
1792.90960	598.64380	3	61.0539	2
1793.05470	598.69215	3	96.8601	2
1793.05845	897.53650	2	96.7847	2
1793.87455	897.94455	2	88.8773	2
1793.92215	897.96835	2	83.6748	2
1794.81860	898.41655	2	62.9150	2
1794.85970	898.43710	2	81.0518	1
1794.98440	898.49950	2	78.7596	2
1796.85535	599.95905	3	73.4955	2
1796.88130	599.96770	3	83.1263	2
1796.98070	600.00085	3	70.1361	2
1799.92680	600.98285	3	98.9487	2
1799.93050	900.97255	2	98.9318	2
1803.92530	602.31570	3	49.3398	2
1804.86865	602.63015	3	65.2001	2
1804.86880	903.44170	2	65.1251	3
1804.89580	602.63920	3	77.1809	2
1804.97035	602.66405	3	77.6454	2
1804.97645	903.49550	2	77.9516	2
1805.87985	903.94720	2	76.1720	8
1806.03795	603.01990	3	71.1659	2
1806.88310	904.44885	2	68.2230	2
1806.90070	603.30750	3	83.5096	2
1809.91430	905.96440	2	72.3282	3
1810.00635	906.01045	2	72.4648	2
1813.90280	907.95865	2	85.3197	2
1814.80115	605.94100	3	79.1839	2
1814.80240	908.40850	2	79.2899	2
1814.97110	605.99760	3	65.4653	1
1815.92195	606.31460	3	85.6359	2
1815.92660	908.97055	2	85.5777	2
1815.94210	606.32130	3	71.5395	1
1816.88820	606.63670	3	78.1205	1
1816.96170	909.48815	2	91.5321	2
1817.86380	606.96190	3	68.8307	1
1817.90300	606.97490	3	49.0405	2
1820.86270	911.43865	2	58.6181	2
1820.89480	607.97220	3	71.9956	2
1821.00510	608.00900	3	79.4551	1
1821.06325	608.02835	3	83.3032	2
1821.84780	608.28985	3	79.7191	2
1821.89410	608.30530	3	52.5168	2
1822.87760	912.44610	2	63.5112	1
1822.91470	912.46465	2	71.8156	2
1822.91515	912.46485	2	84.5760	2
1823.89185	608.97120	3	83.0307	2
1823.90550	608.97575	3	67.5780	2
1825.86495	913.93975	2	54.9783	2
1825.89510	913.95480	2	66.5127	2
1826.36500	609.79560	3	54.8837	4
1826.95445	914.48450	2	77.9604	2
1827.94215	610.32135	3	73.1319	2
1827.96880	610.33020	3	64.9603	2
1827.97065	914.99260	2	64.8991	2
1828.91540	915.46495	2	83.6094	2
1828.95245	915.48350	2	72.8580	2
1832.00850	611.67675	3	71.9600	2
1832.86870	917.44160	2	81.0815	2
1832.91615	611.97935	3	75.5351	2
1833.90145	612.30775	3	76.3350	2
1833.93965	917.97710	2	79.5067	2
1833.97155	612.33115	3	87.0691	2
1833.97820	917.99640	2	76.2692	2
1835.79860	612.94015	3	58.9717	2
1836.04795	613.02325	3	72.7124	2
1836.92740	613.31640	3	84.8037	2
1838.95595	613.99260	3	63.3798	2
1839.99485	614.33890	3	63.8767	2
1840.89380	614.63850	3	77.3826	1
1841.01535	614.67905	3	69.4728	2
1841.01555	921.51505	2	69.4219	2
1841.85780	614.95985	3	48.9256	2
1842.93180	615.31785	3	65.2534	2
1842.97255	615.33145	3	70.9865	2
1843.99360	923.00405	2	82.2534	2
1844.88550	923.45005	2	86.1446	2
1844.89150	615.97110	3	62.5859	2
1844.91040	615.97740	3	66.7320	2
1845.99010	616.33730	3	85.4134	2
1845.99515	924.00485	2	85.5414	2
1846.79255	924.40355	2	71.5196	2
1846.93550	924.47505	2	74.3720	2
1846.97060	924.49260	2	84.3461	2
1847.91075	924.96265	2	94.3074	2
1849.89330	617.63840	3	89.4595	1
1849.90210	925.95830	2	89.3735	2
1849.95995	617.66055	3	84.7600	2
1851.89485	618.30555	3	80.9643	2
1852.02260	927.01855	2	82.5486	2
1852.93250	618.65140	3	62.5228	1
1853.92750	618.98310	3	60.4390	2
1854.92745	928.47100	2	91.5759	2
1856.85890	619.96025	3	54.2613	2
1856.87960	929.44710	2	82.2395	2
1859.94545	930.98000	2	71.9374	2
1859.96210	620.99460	3	78.0270	2
1860.94555	621.32245	3	88.2576	2
1860.94935	931.48195	2	88.2916	2
1860.99965	621.34050	3	74.9706	2
1861.91395	931.96425	2	87.4325	2
1861.98785	621.66985	3	82.4322	2
1862.81945	621.94710	3	59.5939	2
1862.87015	932.44235	2	86.2756	2
1863.98950	622.33710	3	87.6344	2
1864.88055	622.63410	3	72.3984	2
1864.88120	933.44790	2	72.4611	1
1866.01440	623.01205	3	81.0561	2
1867.84440	623.62205	3	53.4603	2
1867.89360	934.95410	2	88.3141	1
1867.91020	934.96235	2	82.8624	2
1868.83515	935.42485	2	63.1312	2
1870.96410	936.48930	2	85.5394	1
1872.89800	625.30660	3	53.2371	2
1873.94715	625.65635	3	75.4602	2
1873.96930	937.99190	2	80.5818	2
1875.87210	626.29800	3	70.3340	1
1876.99445	626.67205	3	74.4317	2
1879.78250	627.60140	3	33.8320	1
1880.97410	627.99860	3	62.3783	2
1881.02745	628.01645	3	79.0921	2
1882.97490	628.66560	3	70.8585	1
1882.97755	942.49605	2	70.6911	2
1883.88390	942.94925	2	75.1867	2
1884.87595	629.29925	3	66.3292	2
1885.87430	943.94440	2	65.2779	2
1885.92005	629.64725	3	83.6747	2
1885.92065	943.96760	2	83.6094	2
1886.87020	944.44240	2	63.2826	1
1886.90135	944.45795	2	68.3447	2
1886.90295	629.97490	3	68.2789	2
1887.87295	944.94375	2	82.0003	2
1888.00380	630.34185	3	80.7424	2
1888.97080	945.49265	2	82.6857	2
1890.93715	631.31965	3	69.2348	2
1890.94900	631.32360	3	73.4705	2
1890.99465	631.33880	3	84.1219	2
1892.07100	947.04275	2	82.4633	2
1893.94560	474.49365	4	55.9937	2
1893.96070	632.32750	3	84.9871	1
1893.96345	947.98900	2	84.8685	2
1893.97800	632.33330	3	57.7581	1
1895.88990	948.95220	2	72.0770	1
1899.87760	950.94610	2	69.8324	2
1899.98550	634.33575	3	61.8129	2
1902.89785	952.45620	2	79.2500	2
1904.97060	635.99745	3	74.2734	2
1904.97375	953.49415	2	74.3357	2
1907.92940	636.98370	3	64.7168	1
1908.96680	955.49065	2	85.9360	2
1909.97850	478.50190	4	70.4261	2
1909.98060	637.66750	3	70.4674	2
1909.99890	637.67355	3	74.9616	2
1910.00270	956.00860	2	75.0481	1
1910.17265	637.73150	3	78.6050	2
1911.89000	956.95225	2	72.3764	2
1911.99880	638.34020	3	80.9292	2
1911.99940	957.00695	2	80.9231	2
1912.91410	638.64530	3	32.8280	2
1912.91490	479.23600	4	33.0594	1
1912.98890	638.67020	3	73.3459	2
1913.09920	638.70700	3	70.1249	2
1914.97960	639.33380	3	68.2068	3
1914.98100	958.49780	2	68.3422	1
1915.05290	479.77055	4	73.8654	2
1916.95205	639.99130	3	65.6950	2
1918.85245	640.62475	3	46.3539	2
1919.90500	960.95975	2	90.7332	2
1920.96740	641.32970	3	60.4069	2
1920.99825	641.34000	3	81.7713	2
1921.93330	961.97390	2	95.1449	2
1923.88420	962.94940	2	78.1378	1
1923.96670	642.32950	3	71.8706	2
1924.02055	642.34745	3	77.5228	2
1926.99775	964.50615	2	89.2364	2
1927.00000	643.34060	3	89.1689	2
1928.03380	965.02420	2	89.7114	1
1930.94445	644.65545	3	82.4322	2
1932.83920	645.28700	3	57.1118	2
1932.83980	967.42720	2	57.1972	1
1932.93750	967.47600	2	85.7046	1
1933.08730	967.55090	2	86.1333	2
1933.09070	645.37085	3	86.2139	2
1934.07795	645.69995	3	85.9449	2
1935.07950	646.03380	3	78.2273	2
1935.93075	646.31755	3	64.7544	2
1937.92315	969.96885	2	91.2302	2
1937.92650	646.98275	3	91.3342	2
1937.92785	969.97120	2	87.2991	2
1937.94170	646.98780	3	87.4610	1
1937.94540	646.98910	3	77.9778	2
1937.94605	969.98030	2	78.0897	2
1938.94050	970.47755	2	90.2894	2
1938.95325	970.48390	2	79.4088	2
1939.01850	647.34675	3	73.9763	2
1939.83695	970.92575	2	26.2099	2
1939.83720	647.61970	3	26.2554	1
1941.87935	648.30040	3	56.9056	2
1941.98440	648.33540	3	83.7467	3
1942.04205	648.35460	3	75.5204	2
1942.84190	648.62120	3	59.9988	2
1942.96620	972.49040	2	85.4109	1
1943.94270	648.98815	3	73.1960	2
1944.98360	649.33515	3	65.8589	2
1945.89650	649.63940	3	65.4098	1
1947.93470	650.31885	3	71.4893	2
1947.98555	650.33580	3	79.5916	2
1947.98800	975.00125	2	79.5572	2
1950.97910	651.33365	3	70.8598	2
1951.98955	651.67045	3	86.8525	2
1951.99265	977.00360	2	86.8060	2
1953.92315	977.96885	2	83.3814	2
1954.89685	978.45570	2	80.2459	2
1955.94110	652.98765	3	58.3116	2
1956.06030	653.02735	3	80.5496	2
1956.90200	653.30795	3	65.2445	2
1956.99205	979.50330	2	74.8211	2
1957.94870	979.98160	2	85.6272	1
1961.02690	981.52070	2	87.0518	3
1961.04695	654.68955	3	87.0494	2
1961.05240	981.53350	2	86.9367	1
1963.05270	982.53360	2	74.5349	1
1966.08410	984.04930	2	88.9208	2
1966.93675	656.65285	3	73.7934	2
1966.97920	984.49685	2	95.6124	2
1966.98255	656.66810	3	95.6404	2
1966.98950	984.50200	2	77.5982	1
1967.00665	656.67615	3	81.4698	2
1970.07005	657.69725	3	76.2349	2
1970.98260	658.00145	3	59.9010	2
1973.06790	494.27425	4	58.9069	2
1974.05350	988.03400	2	92.8887	2
1976.02025	659.68065	3	93.8462	2
1976.02195	989.01825	2	93.8100	2
1976.96690	659.99625	3	83.0631	2
1977.03470	989.52465	2	80.6418	2
1978.19630	660.40605	3	92.0155	2
1978.89880	660.64020	3	35.4228	2
1979.03305	660.68495	3	86.1607	2
1983.02905	662.01695	3	85.2619	2
1984.02890	662.35020	3	78.3631	2
1984.02945	993.02200	2	78.2665	2
1985.95925	993.98690	2	71.9285	2
1986.00540	663.00910	3	90.2432	1
1988.04755	663.68975	3	70.1055	2
1989.02540	664.01575	3	73.1033	2
1992.02165	997.01810	2	91.5845	2
1992.05900	665.02695	3	78.5074	2
1994.00520	665.67565	3	92.6731	2
1994.00635	998.01045	2	92.6368	2
1994.90220	665.97470	3	60.4802	1
2001.00045	668.00740	3	82.8289	2
2002.96165	1002.48810	2	74.9334	2
2002.98520	668.66900	3	66.4766	2
2003.03375	1002.52415	2	87.7927	2
2003.03485	668.68555	3	87.6960	2
2003.04810	1002.53130	2	90.5782	1
2004.09070	669.03750	3	77.7631	2
2009.03615	670.68600	3	57.4719	2
2009.08465	670.70215	3	75.6864	2
2009.99975	1006.00715	2	90.8864	2
2010.00160	671.00780	3	90.8927	2
2011.00200	671.34130	3	75.9480	1
2011.00375	1006.50915	2	75.9067	2
2013.12400	672.04860	3	79.0260	1
2016.99225	1009.50340	2	78.9137	2
2019.06940	674.03040	3	92.9067	2
2024.89440	1013.45450	2	55.2045	1
2026.01225	1014.01340	2	87.3108	2
2026.12315	676.38165	3	84.5972	2
2026.12340	1014.06900	2	84.3849	2
2026.92995	1014.47225	2	81.6851	2
2027.05540	676.69240	3	86.0971	2
2031.02895	678.01690	3	86.2943	2
2033.06505	678.69560	3	71.4294	2
2034.06370	679.02850	3	70.3046	1
2035.85930	679.62700	3	56.6837	1
2037.04200	680.02130	3	64.2774	1
2037.04350	680.02180	3	64.3067	1
2037.09345	1019.55400	2	80.8757	2
2041.07705	681.36625	3	78.6603	2
2041.97795	681.66660	3	71.4383	2
2043.01175	1022.51315	2	81.1154	2
2043.50535	682.17575	3	82.4660	4
2047.98285	683.66820	3	46.9090	2
2048.04955	683.69045	3	94.0926	2
2048.05395	1025.03425	2	94.0727	2
2048.95950	683.99375	3	75.0832	2
2049.04370	684.02185	3	85.7096	2
2050.03610	684.35260	3	87.4078	2
2052.92970	1027.47215	2	74.1939	2
2054.09545	1028.05500	2	95.7862	2
2054.09670	685.70620	3	95.8713	1
2054.89835	685.97340	3	67.8688	2
2058.07650	687.03275	3	95.9215	2
2059.00570	687.34250	3	75.9006	2
2059.57285	687.53155	3	87.4349	4
2059.92955	687.65045	3	66.5464	2
2059.96800	1030.99125	2	83.3515	2
2060.00690	687.67620	3	91.4563	2
2060.95070	687.99080	3	62.9048	1
2062.03685	688.35285	3	86.0064	2
2064.02940	1033.02195	2	87.3655	2
2064.04735	689.02305	3	88.2204	2
2064.05260	1033.03360	2	88.1953	2
2064.95920	1033.48690	2	83.1559	2
2067.99180	690.33790	3	67.6865	2
2070.95950	1036.48700	2	71.1281	2
2071.03430	691.35205	3	65.7220	2
2071.03840	1036.52650	2	90.6181	2
2072.12020	691.71400	3	86.5638	2
2073.10435	692.04205	3	75.3622	2
2075.07970	692.70050	3	70.7532	2
2076.04950	693.02375	3	66.2639	2
2077.04600	1039.53030	2	58.4619	1
2078.03600	693.68590	3	91.7252	1
2078.06500	693.69560	3	77.3582	2
2079.03030	694.01740	3	72.7580	1
2080.10265	521.03295	4	69.2263	2
2080.10300	694.37495	3	69.4124	2
2081.09700	694.70625	3	82.8732	2
2086.03785	1044.02620	2	87.2662	2
2089.05260	697.35815	3	73.8024	2
2090.94240	1046.47850	2	86.5768	1
2092.08830	698.37005	3	72.7624	2
2092.97620	1047.49535	2	85.9257	2
2093.11425	698.71200	3	78.8300	2
2093.11500	1047.56475	2	78.8110	2
2093.98135	1047.99795	2	84.6599	2
2093.98290	699.00155	3	84.7283	2
2094.94510	699.32230	3	50.1436	2
2094.98585	1048.50020	2	82.8046	2
2095.00380	699.34185	3	67.9779	2
2100.06980	701.03050	3	90.9158	1
2101.86380	701.62850	3	69.6324	2
2104.07075	1053.04265	2	71.6473	2
2104.56435	702.52875	3	72.3215	4
2105.14480	702.72220	3	89.2448	3
2106.02400	703.01530	3	69.8909	1
2112.13660	1057.07555	2	91.8585	2
2114.12900	705.71695	3	93.8931	2
2114.13340	1058.07400	2	94.0072	2
2119.04655	707.35615	3	62.9149	2
2121.13090	708.05090	3	81.3608	1
2121.14160	708.05450	3	81.3238	1
2122.10525	708.37570	3	68.9181	2
2125.15220	709.39135	3	91.9418	2
2126.14170	709.72120	3	76.4728	2
2126.63620	1064.32540	2	76.9447	4
2127.10740	710.04310	3	69.8385	2
2131.17895	711.40025	3	82.3383	2
2136.95705	713.32630	3	75.1286	2
2137.12290	713.38155	3	68.7890	2
2143.09275	715.37155	3	80.3275	2
2148.10720	717.04300	3	60.3090	1
2151.09835	718.04005	3	76.8755	2
2156.01810	719.68000	3	64.3784	2
2160.04265	721.02145	3	62.3890	2
2161.14465	721.38880	3	84.7376	2
2165.06640	722.69610	3	75.4215	1
2169.12315	724.04835	3	74.9904	2
2170.03015	724.35065	3	74.7546	2
2181.13820	1091.57640	2	79.3491	2
2181.13985	728.05390	3	79.3777	2
2190.06745	1096.04100	2	73.6128	2
2190.06790	731.02990	3	73.6214	2
2195.99880	733.00690	3	75.5163	1
2201.11840	734.71340	3	72.2615	2
2205.01355	736.01180	3	70.4562	2
2205.10255	1103.55855	2	97.8240	2
2214.08180	1108.04820	2	78.6321	2
2220.21800	741.07990	3	75.6464	1
2222.02535	1112.01995	2	80.4620	2
2227.05190	1114.53320	2	54.3790	2
2227.05235	743.35805	3	54.3487	2
2236.11300	746.37825	3	84.3704	2
2240.18155	747.73445	3	83.7449	2
2240.18380	1121.09920	2	83.7128	2
2241.03340	561.26560	4	53.9498	1
2249.19885	1125.60670	2	81.7741	2
2250.02090	751.01420	3	45.3655	2
2269.26030	757.42740	3	81.8688	2
2279.05660	760.69280	3	67.6081	2
2282.08510	761.70230	3	63.0359	2
2284.23450	762.41880	3	92.8056	2
2284.23965	762.42045	3	89.6845	2
2291.01795	764.67990	3	66.2301	2
2291.01925	1146.51690	2	66.2041	2
2295.09440	766.03870	3	78.5692	2
2297.12440	766.71540	3	68.7806	2
2299.14870	767.39020	3	63.5812	2
2306.10660	769.70950	3	76.8785	2
2314.08860	772.37010	3	60.2800	1
2316.20920	773.07700	3	79.7090	1
2323.19485	1162.60470	2	84.1860	2
2323.29015	775.43730	3	88.1834	2
2336.17660	779.73280	3	82.5907	2
2347.18900	783.40360	3	58.2101	1
2364.20215	789.07465	3	75.7510	2
2372.21180	791.74450	3	85.0361	2
2379.16365	794.06180	3	61.9646	2
2379.16380	595.79825	4	61.8642	2
2387.14260	796.72150	3	84.3356	1
2389.99085	797.67090	3	60.7925	2
2391.16380	798.06185	3	79.9414	2
2391.19080	1196.60265	2	94.4101	2
2401.30175	801.44115	3	80.9909	2
2401.30410	1201.65930	2	81.2010	2
2404.07545	802.36575	3	70.1934	2
2407.22935	803.41705	3	74.8745	2
2416.23960	806.42050	3	83.3106	2
2427.23890	607.81700	4	59.6256	2
2433.24175	812.08785	3	80.3938	2
2435.25500	812.75895	3	64.5472	2
2440.34855	814.45675	3	90.1951	2
2456.21180	819.74455	3	77.6051	2
2460.19700	821.07290	3	84.4786	2
2519.20480	840.74220	3	64.6729	2
2525.30080	842.77420	3	84.9306	2
2525.36820	632.34930	4	88.6972	1
2532.23615	845.08600	3	73.0368	2
2549.47085	850.83085	3	82.3259	2
2549.96560	638.49870	4	83.1507	4
2558.29450	853.77210	3	91.1657	2
2574.28430	859.10200	3	88.2351	2
2578.29100	860.43760	3	68.5964	1
2589.27160	864.09780	3	69.8446	2
2604.27050	869.09745	3	83.8999	2
2620.21520	656.06110	4	64.2378	2
2620.26600	874.42930	3	80.7001	1
2630.31055	877.77745	3	83.6184	2
2643.29930	882.10700	3	77.0468	1
2694.40735	899.14305	3	82.0611	2
2726.43360	909.81850	3	73.5446	1
2749.47885	917.50025	3	80.8639	2
2769.42870	924.15015	3	85.0270	2
2794.38610	932.46930	3	76.5187	2
2801.44850	701.36940	4	84.8786	1
2804.28000	935.76730	3	76.1422	2
2851.40230	951.47470	3	86.9584	1
2858.48100	953.83430	3	90.2868	1
3000.54430	1001.18870	3	85.1937	2
3080.53760	1027.85310	3	79.7769	1
3132.48355	784.12815	4	68.3171	2
3208.56015	803.14730	4	69.2973	2
3536.66150	1179.89445	3	83.4411	2
4062.01860	1016.51190	4	66.5386	1
