mono_mass	mz	charge	rt	n_psm
798.41225	400.21345	2	39.5656	2
798.48495	400.24975	2	59.0029	2
798.49040	400.25250	2	34.2964	2
799.45540	400.73495	2	50.3729	2
800.43850	401.22650	2	45.0249	2
800.43920	401.22690	2	39.3224	1
800.43960	401.22705	2	41.4598	2
800.45440	401.23445	2	52.4511	2
801.43575	401.72515	2	37.9862	2
801.46020	401.73740	2	46.0839	1
801.46060	401.73760	2	46.1122	1
801.53235	401.77345	2	46.3483	2
802.38635	402.20045	2	40.0505	2
802.49830	402.25650	2	63.1443	2
805.40780	403.71120	2	46.3040	1
805.44520	403.72990	2	52.8771	1
806.39565	404.20510	2	38.8359	2
806.41720	404.21590	2	72.4026	1
806.45410	404.23435	2	61.6517	2
806.45510	404.23485	2	51.4678	2
807.41245	404.71350	2	41.2616	2
808.36270	405.18865	2	38.1390	2
808.43885	405.22670	2	37.5550	2
811.35515	406.68485	2	38.7523	2
812.42260	407.21860	2	43.9980	2
812.43865	407.22660	2	41.2356	2
812.47535	407.24495	2	61.0024	2
812.48640	407.25045	2	45.9264	2
812.51190	407.26325	2	50.2552	2
813.43500	407.72480	2	35.4058	2
814.45520	408.23490	2	35.9019	2
814.45550	408.23505	2	52.8055	2
814.51690	408.26570	2	60.0040	2
815.43905	408.72680	2	39.9962	2
815.47135	408.74295	2	43.6347	4
815.47700	408.74580	2	47.5943	1
815.49710	408.75585	2	39.4796	2
815.51010	408.76230	2	47.4957	1
816.40920	409.21190	2	34.5345	1
816.44965	409.23210	2	67.6530	2
816.45960	409.23710	2	58.5048	2
816.47065	409.24260	2	38.7835	2
817.42950	409.72200	2	36.1346	3
817.44750	409.73105	2	35.0501	2
818.44080	410.22765	2	53.8944	2
818.48985	410.25220	2	75.2634	2
819.39165	410.70310	2	36.4175	2
819.43160	410.72305	2	64.2897	2
820.43525	411.22490	2	40.1189	2
820.46960	411.24210	2	46.7660	2
820.48815	411.25135	2	72.9745	2
821.39640	411.70550	2	29.8379	1
821.42830	411.72140	2	41.9220	1
821.44715	411.73085	2	35.2261	2
822.39055	412.20255	2	31.6400	2
822.42425	412.21940	2	38.2215	2
823.41890	412.71670	2	37.6020	1
823.42610	412.72030	2	55.9830	2
823.44385	412.72920	2	46.3834	2
824.54905	413.28180	2	72.4357	2
826.43660	414.22560	2	42.8027	1
826.49115	414.25285	2	43.4120	2
826.52725	414.27090	2	50.9794	2
826.52735	414.27095	2	70.8228	2
827.48590	414.75020	2	50.0092	1
827.49745	414.75600	2	39.0815	2
828.41705	415.21580	2	32.5647	2
828.47280	415.24365	2	40.0606	2
828.50730	415.26090	2	52.5921	2
829.44830	415.73140	2	41.2204	4
829.46515	415.73985	2	42.8438	2
829.46545	415.74005	2	36.0931	2
829.46640	415.74050	2	49.0243	1
829.49145	415.75300	2	57.0341	2
829.50230	415.75845	2	38.1886	2
829.50310	415.75885	2	51.8411	2
831.46985	416.74220	2	49.8361	2
831.49700	416.75580	2	63.3951	2
831.49720	416.75590	2	71.1426	2
832.39325	417.20390	2	35.6946	2
832.93080	417.47265	2	46.2233	4
833.43990	417.72725	2	63.9060	2
834.42520	418.21990	2	47.1176	1
834.43440	418.22450	2	39.1185	2
835.44450	418.72950	2	44.5294	2
835.52720	418.77090	2	42.7590	2
836.39070	419.20265	2	41.7837	2
836.40080	419.20770	2	42.6682	2
836.44080	419.22765	2	44.7071	2
836.44095	419.22775	2	57.6199	2
837.40215	419.70835	2	49.1144	2
837.40570	419.71010	2	55.4745	2
838.41800	420.21630	2	38.5851	2
839.42890	420.72170	2	56.3083	2
839.45300	420.73380	2	35.5029	1
839.58440	420.79945	2	74.4592	2
840.47015	421.24235	2	44.1403	2
840.54310	421.27885	2	76.1495	2
840.54350	421.27900	2	60.9771	2
841.46590	421.74020	2	42.0455	2
841.49160	421.75310	2	56.0598	1
841.49430	421.75440	2	52.6379	3
842.42835	422.22145	2	48.8907	2
842.46200	422.23830	2	41.1080	3
842.48590	422.25025	2	53.2203	2
842.48680	422.25065	2	43.5827	2
842.48765	422.25110	2	39.7310	2
842.52225	422.26840	2	72.2579	2
842.52255	422.26855	2	50.4593	2
842.53370	422.27410	2	36.0068	2
843.45260	422.73360	2	40.6191	1
843.48120	422.74790	2	45.9843	2
843.54245	422.77850	2	64.4780	2
844.45525	423.23490	2	55.1902	2
844.46395	423.23925	2	36.7112	2
845.46055	423.73755	2	38.7785	2
845.46120	423.73785	2	45.4975	2
845.46605	423.74030	2	68.5926	2
845.51215	423.76335	2	66.3328	2
845.53770	423.77620	2	77.6477	2
846.42745	424.22100	2	44.1598	2
846.44880	424.23170	2	62.3400	1
847.42430	424.71940	2	45.1313	3
847.44380	424.72915	2	41.8998	2
847.48070	424.74765	2	46.8577	2
848.43890	425.22670	2	43.0111	2
848.43940	425.22700	2	54.0028	2
848.44335	425.22895	2	37.9488	2
849.42030	425.71750	2	48.0135	2
849.44185	425.72820	2	53.8078	2
850.45425	426.23445	2	47.7293	2
850.50255	426.25855	2	41.0271	2
851.37000	426.69225	2	41.6955	2
851.40285	426.70870	2	36.8487	2
851.42175	426.71815	2	47.0094	2
851.43760	426.72610	2	35.3038	1
851.43930	426.72695	2	38.3664	2
853.36120	427.68785	2	38.2848	2
853.39710	427.70585	2	44.1048	2
854.43970	428.22710	2	58.2638	2
854.45985	428.23720	2	41.1415	2
855.54320	428.77890	2	54.7708	1
856.43330	429.22395	2	65.5773	2
856.44850	429.23150	2	66.6191	2
856.47040	429.24245	2	51.3061	2
856.51200	429.26330	2	58.2211	1
856.51320	429.26385	2	49.4865	2
856.51585	429.26520	2	47.0980	2
856.53920	429.27690	2	59.0262	2
857.44050	429.72750	2	40.9618	1
857.46140	429.73795	2	43.9832	2
857.46200	429.73830	2	41.3809	2
857.49590	429.75525	2	47.6685	2
857.49720	429.75590	2	56.2356	1
858.45655	430.23555	2	45.6517	2
858.47005	430.24230	2	44.9446	2
858.48110	430.24780	2	34.5640	1
859.43890	430.72670	2	41.1951	1
859.46440	430.73950	2	39.4107	1
859.46470	430.73960	2	39.4345	1
859.46570	430.74010	2	48.2303	3
859.50105	430.75780	2	40.2647	2
860.42435	431.21945	2	37.4363	2
860.46025	431.23740	2	35.1049	2
861.44425	431.72940	2	45.7984	2
861.49650	431.75550	2	46.9798	2
861.50735	431.76095	2	76.9000	2
861.53190	431.77320	2	51.8653	1
862.38685	432.20070	2	40.5771	2
862.41785	432.21620	2	37.8578	2
863.45060	432.73255	2	36.3940	2
863.45060	432.73260	2	50.4424	1
864.42035	433.21745	2	51.0707	2
864.43550	433.22500	2	53.9040	2
864.50720	433.26085	2	65.2690	2
865.41380	433.71420	2	41.1664	1
865.41860	433.71655	2	36.7633	2
866.45655	434.23555	2	76.6675	2
866.49735	434.25595	2	44.1533	2
867.39690	434.70575	2	38.8543	2
867.41635	434.71545	2	51.3432	2
867.43445	434.72450	2	40.3372	2
868.45855	435.23655	2	39.4978	2
868.51325	435.26390	2	33.9684	2
869.49280	435.75370	2	35.9019	2
869.53320	435.77390	2	61.1155	2
869.53370	435.77415	2	53.6710	2
869.55890	435.78675	2	68.2613	2
870.43800	436.22625	2	35.4798	2
870.44965	436.23210	2	55.9480	2
870.48110	436.24780	2	44.0788	2
870.48740	436.25100	2	37.0642	1
870.51740	436.26600	2	59.2961	2
870.55320	436.28385	2	52.7127	2
871.45110	436.73280	2	42.1097	2
871.53830	436.77645	2	60.6294	2
872.46920	437.24190	2	37.2055	2
872.47470	437.24460	2	41.2001	1
872.49705	437.25580	2	43.5537	2
872.51505	437.26480	2	65.1179	2
873.47115	437.74285	2	46.7352	2
873.47480	437.74470	2	51.8042	2
873.49535	437.75495	2	68.7095	2
874.43385	438.22420	2	46.1133	2
874.45855	438.23655	2	51.0417	2
874.46615	438.24035	2	44.5369	2
874.46950	438.24200	2	37.3429	2
875.52290	438.76875	2	62.2719	2
876.41275	439.21365	2	40.6953	2
876.43775	439.22615	2	49.2033	2
876.47100	439.24280	2	51.5117	3
876.47900	439.24680	2	55.2883	2
876.49565	439.25510	2	69.1104	2
877.45420	439.73440	2	66.3249	1
877.45475	439.73465	2	38.6361	2
877.46590	439.74025	2	50.8873	2
877.46610	439.74035	2	46.3246	2
877.50990	439.76225	2	71.3278	2
877.52730	439.77090	2	70.3377	2
878.43190	440.22320	2	49.1029	1
878.48635	440.25045	2	56.1662	2
878.48700	440.25080	2	51.6004	1
879.39710	440.70580	2	36.2012	1
880.41375	441.21415	2	40.0037	2
880.42860	441.22160	2	44.6226	2
880.54920	441.28190	2	54.5307	2
881.47210	441.74330	2	34.3638	2
882.52930	442.27195	2	40.7154	2
883.51050	442.76250	2	41.0005	2
883.53780	442.77620	2	52.3789	1
883.53850	442.77650	2	60.0279	3
884.43960	443.22710	2	45.5218	2
884.50830	443.26140	2	49.0357	2
884.54410	443.27930	2	55.6011	2
884.56910	443.29180	2	75.5409	2
884.57015	443.29235	2	60.6930	2
885.42395	443.71930	2	40.2943	2
885.43415	443.72435	2	43.6163	2
885.44445	443.72950	2	36.3111	2
885.49050	443.75250	2	36.9509	1
885.49225	443.75340	2	52.6559	2
885.49230	443.75340	2	50.9419	1
885.55405	443.78430	2	66.2041	2
886.40710	444.21080	2	54.4512	1
886.48775	444.25115	2	43.8128	2
886.51295	444.26375	2	49.2649	2
887.45975	444.73715	2	37.7652	2
887.48720	444.75090	2	56.8322	1
887.53235	444.77345	2	59.4942	2
888.45580	445.23520	2	35.7969	2
888.46615	445.24035	2	39.4411	2
889.45790	445.73625	2	52.2132	2
889.46585	445.74020	2	49.3959	2
889.47775	445.74615	2	42.6627	2
889.48480	445.74965	2	71.6030	2
890.47725	446.24590	2	73.0587	2
890.48565	446.25010	2	47.8364	2
890.50425	446.25940	2	46.6166	2
891.44480	446.72970	2	50.2866	2
891.44930	446.73195	2	47.9638	2
891.48145	446.74800	2	63.9927	2
891.49755	446.75605	2	68.4153	2
891.50660	446.76055	2	67.8124	2
892.44015	447.22735	2	41.5515	2
892.48410	447.24935	2	78.2426	2
893.45070	447.73260	2	44.5837	1
893.45485	447.73470	2	46.5351	4
893.46110	447.73780	2	43.9929	2
893.50730	447.76090	2	39.0463	1
893.60715	447.81085	2	77.0575	2
894.50310	448.25885	2	33.0935	2
895.44730	448.73090	2	61.1233	2
895.46575	448.74015	2	42.5762	2
895.48060	448.74760	2	64.3484	1
896.53395	449.27425	2	56.1378	2
897.40580	449.71020	2	67.9308	1
897.47385	449.74420	2	46.8918	2
897.50320	449.75890	2	35.6115	1
898.40810	450.21130	2	67.1765	2
898.48705	450.25080	2	37.0960	2
898.49050	450.25250	2	46.2212	2
898.54895	450.28175	2	68.1635	2
898.56005	450.28730	2	56.8714	2
899.43905	450.72680	2	54.8672	2
899.45015	450.73235	2	42.0504	2
899.49810	450.75630	2	48.2170	1
899.51515	450.76485	2	61.5820	2
900.46160	451.23805	2	42.7540	2
900.49320	451.25390	2	42.6262	1
900.50330	451.25895	2	51.7836	2
900.53910	451.27685	2	45.2310	2
901.41125	451.71290	2	50.3981	2
901.43310	451.72385	2	40.5421	2
901.47770	451.74610	2	60.1844	1
901.48660	451.75055	2	35.3327	2
902.41380	452.21415	2	48.9413	2
902.48150	452.24800	2	41.0851	1
902.50710	452.26080	2	55.4376	1
902.50750	452.26100	2	47.5307	2
903.44790	452.73120	2	39.7557	1
903.48205	452.74830	2	54.2657	2
903.51040	452.76250	2	66.9980	1
903.52940	452.77200	2	43.9036	2
903.54320	452.77885	2	70.2689	2
904.44350	453.22905	2	32.3502	2
905.45220	453.73335	2	66.5223	2
905.45270	453.73365	2	45.2899	2
905.46145	453.73805	2	34.1055	2
906.46790	454.24125	2	33.5771	2
906.51685	454.26570	2	49.4763	2
907.43975	454.72715	2	53.6995	2
907.45255	454.73355	2	38.6941	2
908.00385	455.00920	2	56.4012	4
908.41700	455.21580	2	54.0830	1
908.43265	455.22360	2	50.7946	2
908.53250	455.27350	2	42.4615	2
908.56920	455.29190	2	58.6563	2
909.42660	455.72055	2	46.0415	2
909.42660	455.72055	2	56.8688	2
909.47545	455.74500	2	71.8286	2
911.37980	456.69715	2	35.7767	2
911.47505	456.74480	2	62.1641	2
911.48970	456.75215	2	44.8596	2
911.51410	456.76430	2	34.7840	1
911.54380	456.77920	2	44.0416	1
911.58030	456.79740	2	59.6399	1
912.54550	457.28000	2	44.1993	1
912.56505	457.28980	2	65.6576	2
913.42910	457.72180	2	49.8466	1
913.45360	457.73410	2	43.0756	3
913.48705	457.75080	2	48.5477	2
913.50960	457.76205	2	34.8900	2
913.54845	457.78150	2	55.1256	2
913.55940	457.78695	2	40.9377	2
914.50740	458.26100	2	42.1715	2
914.51820	458.26635	2	47.4997	2
915.44530	458.72995	2	38.4261	2
915.46665	458.74060	2	43.7227	2
915.47080	458.74265	2	38.0355	2
915.50855	458.76155	2	34.2408	2
915.52235	458.76845	2	76.3782	2
915.53885	458.77670	2	36.9457	2
916.48625	459.25040	2	42.5961	2
916.49805	459.25630	2	39.1410	2
917.48025	459.74740	2	39.6143	2
917.48130	459.74790	2	41.6869	2
918.44860	460.23160	2	81.1626	2
918.48415	460.24935	2	54.8367	2
918.49155	460.25305	2	65.2972	2
918.51700	460.26580	2	58.4442	2
918.51830	460.26645	2	64.3908	2
919.40435	460.70945	2	34.7916	2
919.40620	460.71040	2	62.6846	1
919.46840	460.74150	2	53.7764	2
919.51005	460.76230	2	54.1689	2
919.51210	460.76335	2	48.0781	2
919.51515	460.76485	2	58.8414	2
919.52075	460.76765	2	66.0284	2
920.43800	461.22630	2	29.4427	1
920.49625	461.25545	2	48.3052	2
920.50890	461.26170	2	43.4410	1
921.44480	461.72970	2	42.1337	1
921.44605	461.73030	2	39.0891	2
921.45340	461.73400	2	41.8981	1
922.43945	462.22700	2	51.1299	2
922.45170	462.23310	2	39.9665	2
922.47750	462.24600	2	48.9491	2
923.43545	462.72500	2	45.1750	2
923.47230	462.74340	2	42.3396	2
923.53335	462.77395	2	60.5537	2
923.58045	462.79750	2	79.4733	2
924.43765	463.22610	2	49.3620	2
924.53975	463.27715	2	53.7811	2
924.56460	463.28960	2	56.7584	2
925.47035	463.74245	2	80.6210	2
925.49810	463.75630	2	45.0977	2
926.51830	464.26645	2	40.4746	2
926.55500	464.28475	2	32.3807	2
926.58000	464.29730	2	61.5870	2
926.59060	464.30255	2	62.7869	2
927.37460	464.69460	2	31.0654	1
927.44505	464.72980	2	47.6136	2
927.56400	464.78930	2	84.1816	2
928.45520	465.23490	2	51.7734	2
928.51630	465.26540	2	43.5676	2
928.52370	465.26910	2	49.5308	1
928.53425	465.27445	2	51.1943	2
928.55930	465.28690	2	64.0262	2
928.55960	465.28710	2	58.4105	1
929.44600	465.73030	2	34.0346	1
929.45700	465.73580	2	31.5723	1
929.48010	465.74735	2	38.4801	2
929.50660	465.76060	2	56.2551	2
929.51330	465.76395	2	49.6402	2
929.51840	465.76645	2	44.4611	2
929.51850	465.76650	2	42.4279	2
929.51855	465.76655	2	37.7335	2
930.42385	466.21920	2	62.3022	2
930.46615	466.24035	2	36.7683	2
930.47775	466.24615	2	43.3669	2
930.51380	466.26420	2	44.3228	1
930.51665	466.26560	2	65.8250	2
930.53915	466.27685	2	39.7938	2
931.44260	466.72855	2	30.0479	2
931.47085	466.74270	2	37.6555	2
931.48580	466.75020	2	49.9570	2
931.50250	466.75855	2	57.1252	2
931.51275	466.76365	2	59.2359	2
931.53375	466.77415	2	68.9992	2
932.44480	467.22970	2	35.0582	1
932.46415	467.23935	2	40.3242	2
932.54450	467.27950	2	43.9332	2
933.43920	467.72690	2	33.1922	1
933.45620	467.73540	2	38.6720	1
933.45670	467.73560	2	38.7011	1
933.46470	467.73960	2	52.2234	2
933.48455	467.74955	2	52.8548	2
933.50300	467.75880	2	53.6048	2
933.52910	467.77185	2	57.7002	2
933.54100	467.77775	2	34.5542	2
934.41680	468.21570	2	41.3438	2
934.45030	468.23245	2	40.6310	2
934.48560	468.25010	2	44.4989	2
934.48625	468.25045	2	56.3432	2
934.48740	468.25095	2	35.1987	2
934.51290	468.26370	2	59.8232	2
934.51345	468.26400	2	51.3687	2
934.52365	468.26910	2	60.8616	2
935.45470	468.73460	2	38.0280	1
935.47045	468.74250	2	46.3784	2
935.47990	468.74720	2	31.1911	1
935.48420	468.74940	2	45.1415	1
936.45675	469.23565	2	33.1809	2
937.41480	469.71470	2	36.4014	2
937.48795	469.75125	2	41.9887	2
937.51260	469.76360	2	59.0230	2
938.43480	470.22470	2	39.2156	3
939.46070	470.73760	2	34.5444	1
939.48110	470.74785	2	81.5141	2
939.48205	470.74830	2	60.7407	2
939.51385	470.76420	2	33.8921	2
939.53925	470.77690	2	54.7230	2
939.54950	470.78200	2	57.2020	2
939.56365	470.78910	2	81.7616	2
940.44375	471.22915	2	46.6251	2
940.52680	471.27070	2	63.1726	2
940.53430	471.27440	2	36.2224	2
941.42490	471.71970	2	36.3571	1
941.43460	471.72460	2	39.9320	1
941.57930	471.79690	2	67.9618	1
941.60655	471.81055	2	80.8158	2
942.48785	472.25120	2	45.1408	2
942.50265	472.25860	2	37.5401	2
942.51340	472.26395	2	44.7490	2
942.53835	472.27650	2	50.1413	2
943.44780	472.73120	2	62.4145	2
943.48710	472.75085	2	45.3506	2
943.51615	472.76535	2	49.2274	4
944.42580	473.22020	2	38.5895	1
944.43185	473.22320	2	64.7466	2
944.47540	473.24500	2	56.4378	2
944.49330	473.25395	2	44.2731	2
944.50430	473.25940	2	32.1521	1
944.51730	473.26590	2	53.7160	1
944.51865	473.26660	2	46.7988	2
944.52865	473.27160	2	50.5450	2
944.55525	473.28490	2	56.0450	2
945.45990	473.73720	2	78.1733	2
945.51340	473.76400	2	41.9738	2
945.54995	473.78225	2	60.0126	2
946.50800	474.26130	2	50.8514	1
946.50825	474.26140	2	36.1599	2
946.50935	474.26195	2	38.6411	2
946.51320	474.26390	2	47.2120	2
946.52800	474.27130	2	70.8793	2
946.53600	474.27525	2	39.6480	2
946.54935	474.28195	2	75.7183	2
947.43555	474.72505	2	39.6907	2
947.47635	474.74545	2	32.6028	2
947.51580	474.76520	2	72.7390	2
948.46700	475.24075	2	54.0618	2
948.46730	475.24090	2	45.7152	2
948.61185	475.31320	2	58.4845	2
949.48540	475.75000	2	41.1714	1
949.48690	475.75070	2	55.4429	2
949.49090	475.75270	2	88.0281	1
949.50630	475.76045	2	78.5267	2
949.52745	475.77100	2	80.9435	2
950.45240	476.23345	2	51.2553	2
950.48195	476.24825	2	47.8484	2
950.48275	476.24865	2	50.2029	2
950.48605	476.25035	2	74.8646	2
950.50135	476.25795	2	60.7482	2
950.50695	476.26075	2	53.0880	2
951.51770	476.76615	2	81.5386	2
952.45020	477.23235	2	44.4372	2
952.45020	477.23240	2	48.4768	1
952.50385	477.25920	2	54.9010	2
952.53465	477.27465	2	43.7528	2
954.44115	478.22785	2	37.4389	2
954.44410	478.22935	2	53.6123	2
955.53395	478.77425	2	64.0318	2
955.57030	478.79240	2	62.4020	1
956.50405	479.25930	2	39.7834	2
956.51640	479.26550	2	38.3714	2
956.52885	479.27170	2	54.4920	2
956.52910	479.27185	2	48.1042	2
956.52955	479.27205	2	45.6153	2
956.53710	479.27585	2	67.7011	2
956.57950	479.29700	2	79.1363	2
957.48940	479.75200	2	34.2033	2
957.51325	479.76390	2	49.0636	2
957.52480	479.76970	2	42.3873	1
957.59705	479.80580	2	49.1520	2
958.47685	480.24570	2	42.4774	2
958.48750	480.25100	2	57.8040	2
958.50565	480.26010	2	58.0502	2
959.50975	480.76215	2	42.6553	2
959.53150	480.77305	2	44.0481	2
959.53255	480.77355	2	70.2020	2
959.55620	480.78535	2	59.3878	2
959.58085	480.79770	2	85.2301	2
960.45070	481.23260	2	36.7895	2
960.46260	481.23860	2	33.1758	2
960.47490	481.24470	2	43.2230	1
960.51250	481.26355	2	40.6827	2
960.53130	481.27295	2	58.9051	2
960.53890	481.27675	2	62.8428	2
961.45395	481.73425	2	35.7295	2
962.47130	482.24295	2	47.6473	2
962.48630	482.25040	2	51.3962	1
962.50645	482.26050	2	63.5952	2
962.51885	482.26670	2	56.5914	2
962.53765	482.27610	2	87.8855	2
963.44600	482.73030	2	55.8890	2
963.50195	482.75825	2	65.0041	2
963.50245	482.75850	2	41.6430	2
963.50650	482.76050	2	36.2766	2
963.55395	482.78425	2	76.2411	2
964.46180	483.23820	2	39.5313	2
964.48060	483.24760	2	70.5667	2
964.49725	483.25590	2	44.4988	2
964.52330	483.26890	2	55.4223	1
965.44475	483.72970	2	42.7779	2
965.44545	483.73000	2	53.9506	2
965.44635	483.73045	2	36.8839	2
965.45965	483.73710	2	39.0232	2
965.48200	483.74830	2	61.8765	2
965.62710	483.82080	2	84.0742	1
966.46630	484.24040	2	43.1076	2
966.46760	484.24110	2	37.9861	2
966.49240	484.25345	2	76.4842	2
966.52420	484.26935	2	48.3931	2
967.47955	484.74705	2	59.2061	2
967.52000	484.76730	2	30.8016	1
967.52370	484.76915	2	48.8693	2
967.58175	484.79815	2	57.9990	2
968.44440	485.22950	2	41.5165	2
968.52800	485.27130	2	38.6284	2
968.52860	485.27160	2	49.9492	2
969.48810	485.75130	2	41.6268	1
969.52495	485.76975	2	51.6251	2
969.54900	485.78180	2	34.2987	1
969.55100	485.78280	2	42.2721	1
969.56120	485.78785	2	54.0548	2
969.58615	485.80035	2	69.9313	2
969.58660	485.80060	2	65.3300	2
970.46515	486.23985	2	33.8808	2
970.48715	486.25085	2	55.9251	2
970.51895	486.26675	2	42.5374	2
970.54540	486.27995	2	57.1856	2
970.58020	486.29740	2	70.3812	1
970.58105	486.29780	2	35.0708	2
970.58115	486.29785	2	71.8528	2
970.58155	486.29805	2	46.6208	2
971.50415	486.75940	2	32.8262	2
971.51425	486.76440	2	29.7980	2
971.52860	486.77160	2	49.8545	2
971.52900	486.77180	2	60.1594	2
971.52925	486.77190	2	37.5327	2
971.55370	486.78410	2	58.9668	2
971.56380	486.78920	2	35.4235	2
972.44130	487.22790	2	32.2603	1
972.46625	487.24045	2	35.0550	2
973.50770	487.76115	2	43.2888	2
973.51060	487.76260	2	40.9102	1
973.54135	487.77795	2	35.6038	2
974.50265	488.25865	2	39.4695	2
974.51840	488.26645	2	60.0472	2
975.48870	488.75160	2	30.6982	1
975.48930	488.75190	2	30.6307	1
975.50235	488.75845	2	53.5999	2
975.53945	488.77700	2	65.9644	2
976.49800	489.25625	2	59.4387	2
976.50760	489.26110	2	49.0421	1
976.50820	489.26140	2	49.0699	1
976.52340	489.26895	2	61.5235	2
976.52685	489.27070	2	70.5865	2
976.53940	489.27700	2	34.3923	1
976.54565	489.28010	2	42.5437	2
977.44480	489.72965	2	47.9124	2
977.48160	489.74810	2	61.9088	1
977.48200	489.74825	2	46.7023	2
977.51860	489.76660	2	53.5335	1
978.46485	490.23970	2	46.9183	2
978.47610	490.24535	2	42.7143	2
978.50245	490.25850	2	61.2295	2
979.44965	490.73210	2	67.2373	2
979.46110	490.73785	2	39.9012	2
979.49680	490.75565	2	53.7152	2
979.50020	490.75735	2	28.7166	2
979.51640	490.76550	2	68.3780	1
980.45650	491.23550	2	38.4806	1
980.49625	491.25540	2	53.3778	2
981.52240	491.76845	2	31.2364	2
982.45900	492.23680	2	35.1335	2
982.47640	492.24550	2	43.1836	2
982.51930	492.26690	2	39.4511	2
982.54630	492.28040	2	41.8330	1
983.50540	492.75995	2	43.5047	2
983.57610	492.79530	2	65.5080	2
983.58395	492.79925	2	72.9794	2
983.58720	492.80085	2	45.9650	2
983.60150	492.80805	2	59.3291	2
984.49345	493.25400	2	52.8962	2
984.63380	493.32420	2	51.6173	2
985.37470	493.69465	2	35.4158	2
985.50180	493.75820	2	45.6944	1
985.53775	493.77615	2	47.3805	2
985.54770	493.78110	2	44.5376	1
985.54850	493.78150	2	44.4808	1
985.61795	493.81625	2	47.3008	2
986.48850	494.25155	2	68.8835	2
987.49925	494.75690	2	32.7756	2
987.52400	494.76925	2	46.1327	2
987.53540	494.77500	2	50.7041	2
988.48200	495.24830	2	39.5460	2
988.50800	495.26130	2	54.2216	3
988.51985	495.26720	2	43.8770	2
988.54460	495.27955	2	48.5051	2
988.55230	495.28345	2	54.3961	2
988.57395	495.29425	2	73.3631	2
988.57910	495.29680	2	51.8989	2
989.47705	495.74580	2	34.6887	2
989.55465	495.78460	2	49.5259	2
989.55470	495.78460	2	60.0793	2
990.45875	496.23665	2	38.6385	2
990.47415	496.24435	2	47.2662	2
990.55075	496.28265	2	74.5136	2
991.50865	496.76160	2	61.8608	2
991.50895	496.76175	2	68.4863	2
991.54550	496.78005	2	70.7071	2
991.57000	496.79225	2	62.7529	2
992.48465	497.24960	2	57.7535	2
992.53315	497.27385	2	82.3121	2
992.55470	497.28465	2	69.9954	2
992.60150	497.30805	2	71.9195	2
993.44115	497.72785	2	43.8692	2
993.44330	497.72890	2	31.1100	1
993.45120	497.73290	2	41.4668	2
993.49315	497.75385	2	64.9641	2
993.51295	497.76375	2	54.2048	2
993.54980	497.78220	2	65.9565	2
994.43800	498.22630	2	38.0886	1
994.47370	498.24410	2	54.1411	1
994.49625	498.25540	2	50.1536	2
994.50770	498.26115	2	48.7250	2
994.50825	498.26140	2	33.3731	2
994.51630	498.26545	2	74.2127	2
994.54495	498.27975	2	36.6818	2
994.60680	498.31070	2	75.3786	2
994.65335	498.33395	2	47.8195	2
996.52710	499.27080	2	49.2455	1
997.58195	499.79825	2	40.7456	2
998.50010	500.25735	2	59.2770	2
998.58790	500.30120	2	42.3130	2
999.48350	500.74900	2	33.2145	3
999.53395	500.77425	2	31.3876	2
999.53445	500.77450	2	43.7227	2
999.55535	500.78495	2	40.0257	2
999.57195	500.79325	2	33.9787	2
1000.49295	501.25375	2	37.2875	2
1000.55270	501.28360	2	60.5671	2
1000.56690	501.29075	2	50.5760	2
1000.59290	501.30375	2	63.7080	2
1001.51465	501.76460	2	45.4074	2
1001.55515	501.78485	2	68.6524	2
1001.56115	501.78785	2	35.5054	2
1001.58695	501.80075	2	48.8856	2
1001.59090	501.80270	2	70.9782	1
1002.46995	502.24225	2	35.7267	2
1002.48225	502.24840	2	40.1743	2
1002.48775	502.25115	2	42.6308	2
1002.52805	502.27130	2	39.1829	2
1002.54635	502.28050	2	34.9504	2
1003.48235	502.74845	2	32.2615	2
1003.50080	502.75765	2	44.5577	2
1003.51945	502.76700	2	45.6231	2
1003.52540	502.77000	2	37.0047	2
1003.57070	502.79265	2	79.2204	2
1004.54075	503.27765	2	49.3142	2
1004.56510	503.28980	2	44.8809	2
1005.46930	503.74190	2	50.2069	1
1005.48115	503.74785	2	39.3597	2
1005.49180	503.75320	2	31.7472	3
1005.53235	503.77345	2	70.0033	2
1005.53530	503.77490	2	37.5052	2
1006.45380	504.23420	2	33.8830	2
1006.47195	504.24325	2	42.8643	2
1006.49795	504.25625	2	55.3122	2
1007.45640	504.73550	2	50.0978	1
1007.46805	504.74130	2	42.1950	2
1007.47515	504.74485	2	52.6884	2
1007.52395	504.76925	2	66.2701	2
1007.54020	504.77740	2	57.5161	2
1007.54405	504.77930	2	69.7650	2
1007.67435	504.84445	2	74.1552	2
1008.47740	505.24595	2	51.7414	2
1008.51255	505.26355	2	62.0492	2
1008.51840	505.26650	2	52.5248	1
1008.52865	505.27160	2	84.9253	2
1009.44755	505.73105	2	43.5001	2
1009.52010	505.76730	2	37.9341	3
1009.54740	505.78100	2	89.2095	2
1010.49605	506.25530	2	40.3540	2
1010.57505	506.29480	2	69.4466	2
1011.52370	506.76910	2	38.1382	1
1011.53445	506.77455	2	46.4641	2
1011.57105	506.79280	2	53.7196	2
1011.60740	506.81095	2	69.0354	2
1012.57015	507.29235	2	70.4308	2
1012.57150	507.29305	2	60.2048	2
1012.60300	507.30875	2	40.6253	2
1012.63950	507.32705	2	50.9420	2
1013.46450	507.73955	2	73.3332	2
1013.47290	507.74370	2	27.2621	1
1013.54015	507.77735	2	45.1776	2
1013.55470	507.78465	2	66.9163	2
1013.56180	507.78820	2	39.3866	2
1013.58710	507.80080	2	65.3234	1
1013.62350	507.81900	2	68.2920	2
1014.50845	508.26155	2	32.6674	2
1014.53585	508.27520	2	39.6695	2
1014.56550	508.29005	2	47.3931	2
1014.57130	508.29290	2	39.2636	2
1015.48990	508.75225	2	40.9139	2
1015.54450	508.77955	2	90.4022	2
1015.58485	508.79970	2	72.5215	2
1015.59380	508.80420	2	67.0994	3
1016.42520	509.21990	2	29.3746	1
1016.45975	509.23715	2	38.5174	2
1016.51860	509.26660	2	49.1130	1
1016.53195	509.27325	2	49.7966	2
1016.54775	509.28115	2	51.1020	2
1017.47285	509.74370	2	42.6677	2
1017.51730	509.76590	2	78.3312	2
1017.53415	509.77435	2	40.5147	2
1017.57145	509.79300	2	42.4564	2
1017.60810	509.81130	2	67.2656	1
1017.62215	509.81835	2	67.8240	2
1018.53310	510.27380	2	57.6655	1
1018.54480	510.27965	2	41.8155	2
1018.58090	510.29775	2	71.9832	2
1019.42040	510.71750	2	44.8308	2
1019.50410	510.75930	2	44.2443	2
1019.53945	510.77705	2	36.8213	2
1019.54035	510.77745	2	55.3463	2
1019.54750	510.78105	2	68.1936	2
1019.55250	510.78350	2	48.8327	2
1020.43980	511.22720	2	30.8945	1
1020.52400	511.26930	2	65.3790	2
1020.52435	511.26945	2	57.6918	2
1020.52445	511.26950	2	50.5523	2
1020.53505	511.27480	2	56.6541	2
1021.43830	511.72645	2	39.2993	2
1021.44885	511.73170	2	35.8731	2
1021.48800	511.75125	2	32.4632	2
1021.51180	511.76320	2	44.9735	2
1021.54455	511.77955	2	61.6956	2
1021.60280	511.80870	2	53.8566	3
1021.70210	511.85840	2	68.9089	1
1022.43850	512.22650	2	65.0152	1
1022.50360	512.25905	2	54.4036	2
1022.51155	512.26310	2	78.6430	2
1023.51725	512.76590	2	62.0149	2
1023.60795	512.81125	2	69.4914	2
1024.37480	513.19470	2	43.1273	2
1025.48270	513.74860	2	51.2755	1
1025.50300	513.75880	2	42.1381	2
1025.55050	513.78250	2	37.1588	1
1025.60270	513.80860	2	50.7689	2
1026.44500	514.22980	2	43.5625	2
1026.48000	514.24730	2	57.4160	1
1027.56625	514.79040	2	35.1152	2
1027.56695	514.79075	2	37.8278	2
1027.59115	514.80285	2	60.1307	2
1027.60130	514.80795	2	70.1396	2
1028.56080	515.28765	2	44.4399	2
1028.56990	515.29220	2	81.7695	2
1029.47620	515.74540	2	57.8340	2
1029.47775	515.74615	2	43.1008	2
1029.53965	515.77710	2	53.5189	2
1029.54325	515.77890	2	38.8667	2
1029.55725	515.78590	2	31.8649	2
1029.57570	515.79510	2	48.1828	1
1029.58230	515.79845	2	38.2486	2
1030.52945	516.27200	2	37.1952	2
1030.59135	516.30295	2	80.2251	2
1030.60710	516.31080	2	76.9908	2
1031.46375	516.73915	2	65.2789	2
1031.50335	516.75895	2	42.8573	2
1031.50670	516.76065	2	50.4050	2
1031.54755	516.78105	2	52.8027	2
1031.58640	516.80045	2	58.0776	2
1031.58650	516.80055	2	63.0939	2
1032.49840	517.25645	2	43.1785	2
1032.53380	517.27420	2	49.9987	1
1032.56080	517.28770	2	56.5802	1
1032.59775	517.30615	2	75.0142	2
1033.56675	517.79065	2	44.5866	2
1033.58080	517.79765	2	83.5192	2
1033.61660	517.81555	2	71.0192	2
1034.52200	518.26825	2	65.9767	2
1034.55880	518.28670	2	82.0878	1
1034.56645	518.29050	2	63.2746	2
1035.48790	518.75120	2	62.0043	2
1035.56095	518.78775	2	61.6076	2
1036.51850	519.26650	2	42.7728	2
1036.53420	519.27435	2	72.6246	2
1036.53755	519.27605	2	68.9384	2
1036.55575	519.28515	2	64.4953	2
1037.50485	519.75970	2	35.5701	2
1037.52600	519.77030	2	38.9175	1
1037.53100	519.77280	2	61.9141	2
1037.62420	519.81940	2	56.0749	2
1037.64920	519.83190	2	72.2917	2
1038.48090	520.24775	2	48.1682	2
1038.54615	520.28035	2	36.7266	2
1039.49720	520.75590	2	53.4867	2
1039.56580	520.79020	2	47.1583	2
1039.56665	520.79060	2	49.1948	2
1040.49305	521.25380	2	32.6738	2
1040.49585	521.25520	2	43.0425	2
1040.59835	521.30645	2	58.0298	2
1040.62295	521.31875	2	75.1643	2
1040.65950	521.33700	2	61.4498	2
1041.43920	521.72690	2	46.4222	1
1041.45390	521.73425	2	37.1692	2
1041.53365	521.77410	2	51.2456	2
1041.57800	521.79630	2	53.2488	2
1042.51510	522.26480	2	65.6338	2
1042.53040	522.27250	2	38.8713	2
1042.55525	522.28490	2	54.6134	2
1042.57685	522.29570	2	42.2268	2
1043.54415	522.77935	2	49.6372	2
1043.54950	522.78205	2	79.6348	2
1043.56130	522.78795	2	35.4107	2
1043.56280	522.78865	2	38.0986	2
1043.60310	522.80880	2	64.6401	2
1044.52010	523.26735	2	45.9522	2
1044.53875	523.27665	2	66.9492	2
1044.56085	523.28770	2	59.5910	2
1045.51140	523.76300	2	58.1002	1
1045.53985	523.77720	2	32.7414	2
1045.53995	523.77725	2	45.7362	2
1045.54070	523.77765	2	35.1779	2
1045.55880	523.78670	2	64.5636	1
1045.60210	523.80830	2	61.6657	2
1046.52425	524.26940	2	37.3672	2
1046.59715	524.30585	2	50.4280	2
1047.52760	524.77110	2	61.0624	2
1048.48035	525.24745	2	36.3937	2
1048.55860	525.28660	2	33.5981	2
1049.52535	525.76995	2	51.9346	2
1049.52560	525.77010	2	31.4741	1
1049.53450	525.77455	2	41.3593	2
1049.56180	525.78820	2	39.2459	3
1050.50990	526.26220	2	47.2738	2
1050.53390	526.27420	2	49.0851	1
1050.53550	526.27500	2	49.0292	1
1050.55830	526.28640	2	33.0190	2
1050.57115	526.29285	2	63.3075	2
1051.49390	526.75420	2	38.4285	2
1052.46310	527.23880	2	58.8976	2
1053.61930	527.81690	2	57.0898	2
1054.49740	528.25600	2	69.7024	2
1054.53295	528.27375	2	76.2126	2
1054.54100	528.27775	2	33.3323	2
1054.60335	528.30895	2	58.1485	2
1055.42320	528.71890	2	48.1361	2
1055.49260	528.75355	2	45.8053	2
1055.58605	528.80030	2	64.8941	2
1055.58795	528.80125	2	68.6056	2
1055.62165	528.81810	2	66.0679	2
1056.52055	529.26755	2	53.4713	2
1056.53165	529.27310	2	78.2396	2
1056.58235	529.29845	2	55.9831	2
1056.59320	529.30385	2	53.8343	2
1057.55125	529.78290	2	41.9290	2
1057.57665	529.79560	2	37.6754	2
1057.57910	529.79685	2	45.5869	2
1057.61530	529.81495	2	38.8130	2
1057.63890	529.82675	2	79.1312	2
1058.49255	530.25355	2	51.4942	2
1058.54445	530.27950	2	79.6902	2
1058.55875	530.28665	2	73.2698	2
1058.57225	530.29340	2	47.7081	2
1058.59735	530.30595	2	41.1992	2
1059.50920	530.76190	2	44.6899	2
1059.53930	530.77695	2	56.5565	2
1059.60050	530.80750	2	57.9555	1
1059.61000	530.81230	2	86.5586	1
1060.47815	531.24635	2	35.0787	2
1060.52320	531.26890	2	75.6262	2
1060.61765	531.31610	2	84.4013	2
1061.55095	531.78275	2	45.8595	2
1061.57500	531.79480	2	75.8424	2
1062.52380	532.26920	2	78.7024	2
1062.53500	532.27475	2	57.4672	2
1062.57075	532.29265	2	61.3631	2
1062.58215	532.29835	2	57.2460	2
1063.53010	532.77235	2	45.4341	2
1063.54085	532.77770	2	47.1532	2
1063.55410	532.78430	2	61.7955	1
1063.56750	532.79100	2	65.3520	1
1063.60685	532.81070	2	77.3761	2
1064.56190	533.28825	2	32.4549	2
1064.58675	533.30065	2	52.0656	2
1064.63495	533.32475	2	55.8727	2
1065.44825	533.73140	2	47.3907	2
1065.50930	533.76190	2	40.1112	3
1065.55300	533.78380	2	62.4528	2
1065.55320	533.78390	2	79.3835	2
1066.45715	534.23585	2	54.7807	2
1066.46810	534.24130	2	33.3988	2
1066.50400	534.25930	2	31.9216	2
1066.50850	534.26150	2	34.6674	1
1066.51815	534.26635	2	57.3033	2
1066.60705	534.31080	2	82.5547	2
1067.51290	534.76375	2	46.4429	2
1067.57260	534.79355	2	53.2905	2
1068.55045	535.28250	2	38.3663	2
1068.55995	535.28725	2	64.8391	2
1068.58185	535.29820	2	61.0391	2
1068.59250	535.30355	2	57.8383	2
1068.65425	535.33440	2	46.5882	2
1069.54060	535.77760	2	54.4714	2
1070.60980	536.31220	2	75.4190	2
1070.62050	536.31750	2	42.1907	1
1070.62990	536.32220	2	49.0013	1
1070.63460	536.32460	2	70.1702	2
1070.65850	536.33650	2	77.2156	2
1071.56710	536.79085	2	49.8882	2
1072.08455	537.04955	2	56.1035	4
1072.53080	537.27270	2	48.4008	2
1072.57430	537.29440	2	74.6436	2
1072.59865	537.30660	2	40.3593	2
1072.61315	537.31385	2	42.2480	2
1073.50015	537.75735	2	45.5559	2
1073.52570	537.77010	2	35.4771	2
1073.58590	537.80020	2	44.7672	2
1073.59080	537.80270	2	60.0718	2
1073.60830	537.81140	2	36.0879	1
1073.60920	537.81190	2	87.4291	2
1073.65955	537.83705	2	64.5835	2
1074.54555	538.28005	2	44.1327	2
1074.55640	538.28550	2	54.1185	2
1074.57090	538.29270	2	60.7206	2
1075.47915	538.74685	2	34.9947	2
1075.53410	538.77430	2	66.6942	2
1075.59110	538.80280	2	71.6738	1
1075.61295	538.81375	2	58.6019	2
1075.62800	538.82130	2	68.5171	2
1076.46040	539.23745	2	52.2182	2
1076.51360	539.26410	2	49.8911	2
1076.56195	539.28825	2	54.9591	2
1076.57240	539.29350	2	43.7058	2
1077.57095	539.79275	2	65.3249	2
1077.60495	539.80975	2	40.3925	2
1078.47215	540.24335	2	36.2868	2
1078.50400	540.25930	2	41.8531	2
1081.62500	541.81980	2	60.9514	2
1082.53215	542.27335	2	55.6087	2
1082.55535	542.28495	2	83.0454	2
1082.64610	542.33035	2	55.9035	2
1084.48545	543.25000	2	39.5053	2
1084.51945	543.26700	2	74.2495	2
1084.54490	543.27970	2	29.6153	1
1084.56990	543.29220	2	90.1979	2
1084.57060	543.29260	2	46.1741	3
1084.63795	543.32625	2	79.5958	2
1084.66040	543.33750	2	56.8760	2
1085.60860	543.81155	2	51.9950	2
1085.61280	543.81370	2	44.9098	2
1085.62300	543.81880	2	75.7898	2
1085.64465	543.82960	2	68.1630	2
1086.55590	544.28520	2	50.7013	5
1086.55605	544.28530	2	48.2817	2
1086.56755	544.29105	2	34.4920	2
1086.59290	544.30370	2	39.3172	1
1086.63920	544.32690	2	52.4175	1
1087.55235	544.78345	2	51.5569	2
1087.56330	544.78890	2	43.2680	2
1087.58820	544.80140	2	42.3941	2
1087.59070	544.80260	2	45.7978	1
1087.60110	544.80780	2	31.4155	2
1087.61245	544.81350	2	71.0517	2
1088.45585	545.23520	2	37.6552	2
1088.50375	545.25915	2	32.4078	2
1088.55385	545.28420	2	71.6906	2
1088.57135	545.29295	2	33.8246	2
1088.60860	545.31160	2	36.4569	2
1089.52140	545.76800	2	32.9741	1
1089.53320	545.77390	2	42.3642	1
1089.55855	545.78655	2	35.2695	2
1089.56650	545.79050	2	63.3899	1
1089.60095	545.80775	2	45.3610	2
1090.46800	546.24125	2	38.3421	2
1090.60275	546.30865	2	60.1438	2
1092.53915	547.27685	2	55.6696	2
1092.58195	547.29825	2	54.4086	2
1093.54130	547.77790	2	58.5742	2
1094.55165	548.28310	2	68.6913	2
1094.55525	548.28490	2	78.3034	2
1094.56150	548.28800	2	33.8045	1
1094.56565	548.29010	2	48.6075	2
1094.56980	548.29220	2	82.0982	1
1094.57480	548.29465	2	37.3176	2
1094.59680	548.30570	2	58.3327	2
1095.46435	548.73945	2	53.3778	2
1095.56230	548.78840	2	70.1073	2
1095.56845	548.79150	2	31.9508	2
1096.52895	549.27175	2	49.1984	2
1096.56310	549.28880	2	42.5437	2
1097.57290	549.79370	2	67.4216	1
1097.60945	549.81200	2	57.1549	2
1097.62100	549.81780	2	37.6428	1
1098.53550	550.27500	2	45.5284	2
1098.57820	550.29640	2	36.6704	1
1098.58185	550.29820	2	51.0062	2
1099.49410	550.75430	2	60.7738	2
1100.45990	551.23720	2	66.8670	2
1100.47990	551.24720	2	31.4792	1
1100.55780	551.28615	2	34.4539	2
1100.56340	551.28895	2	38.0455	2
1100.57195	551.29325	2	71.6259	2
1101.52345	551.76900	2	56.2802	2
1101.55655	551.78555	2	70.8766	2
1101.60445	551.80950	2	38.5225	2
1101.64815	551.83135	2	87.3389	2
1101.65110	551.83280	2	53.9781	2
1102.50885	552.26170	2	66.6538	2
1102.57635	552.29545	2	64.8021	2
1102.58730	552.30095	2	37.0073	2
1103.56165	552.78810	2	40.2397	2
1103.59450	552.80450	2	48.9961	1
1103.63785	552.82620	2	85.1776	2
1104.44690	553.23070	2	31.5534	1
1104.47640	553.24550	2	35.4903	4
1104.50865	553.26160	2	53.1217	2
1104.51675	553.26565	2	45.2386	2
1104.53005	553.27230	2	44.8597	2
1104.54420	553.27940	2	44.9967	2
1104.54735	553.28095	2	47.4416	2
1104.56435	553.28945	2	49.2846	2
1104.56650	553.29050	2	34.2880	2
1104.58815	553.30135	2	85.5379	2
1104.59315	553.30385	2	60.5483	2
1104.61960	553.31710	2	83.2339	2
1104.62485	553.31970	2	88.1166	2
1104.72785	553.37120	2	78.7977	2
1105.52990	553.77225	2	63.4550	2
1105.57760	553.79610	2	65.2149	2
1106.53980	554.27715	2	47.9915	2
1106.56100	554.28780	2	67.5256	2
1106.58685	554.30070	2	83.4190	2
1106.60895	554.31175	2	82.9191	2
1107.53865	554.77660	2	61.9510	2
1107.54480	554.77965	2	54.6538	2
1107.54925	554.78190	2	66.2933	2
1107.55690	554.78575	2	55.4118	2
1107.55700	554.78575	2	48.1973	2
1107.55775	554.78615	2	37.9291	2
1107.57525	554.79490	2	67.7906	2
1107.59360	554.80410	2	45.5586	2
1108.51570	555.26515	2	32.3552	2
1108.54475	555.27965	2	33.0087	2
1108.57050	555.29255	2	48.8696	2
1108.57060	555.29260	2	78.9177	2
1108.92000	555.46725	2	37.8667	4
1109.53355	555.77405	2	79.4197	2
1109.53930	555.77690	2	47.5900	2
1109.55080	555.78265	2	90.6337	2
1109.58650	555.80055	2	58.9667	2
1109.61210	555.81335	2	71.7713	2
1110.52050	556.26755	2	60.8897	2
1110.59075	556.30265	2	83.8642	2
1110.60895	556.31175	2	77.6582	2
1110.66535	556.33995	2	74.9432	2
1111.44100	556.72780	2	32.9690	1
1113.60180	557.80820	2	60.8552	1
1113.63940	557.82695	2	59.2986	2
1114.55670	558.28565	2	78.8868	2
1114.56665	558.29060	2	64.8600	2
1114.62310	558.31885	2	62.5320	2
1115.05500	558.53475	2	46.7384	4
1115.51360	558.76410	2	47.5616	2
1115.52540	558.77000	2	33.7037	2
1115.55700	558.78575	2	35.5465	2
1115.58305	558.79880	2	42.3633	2
1115.60190	558.80825	2	56.4307	2
1116.56455	559.28955	2	54.7121	2
1116.58240	559.29850	2	73.1466	2
1116.60495	559.30975	2	32.3933	2
1116.61330	559.31390	2	35.9989	2
1116.65375	559.33415	2	83.7377	2
1117.52590	559.77020	2	39.8499	2
1117.54265	559.77860	2	42.8359	2
1117.56255	559.78855	2	51.3097	2
1117.59740	559.80600	2	50.0711	1
1117.60635	559.81045	2	71.3043	2
1118.01750	560.01600	2	46.6616	4
1118.48400	560.24930	2	33.3374	2
1118.54820	560.28140	2	76.7574	2
1118.60295	560.30875	2	70.2070	2
1118.63380	560.32415	2	57.7768	2
1119.54220	560.77840	2	69.6985	2
1119.58280	560.79865	2	63.0585	2
1119.58540	560.80000	2	86.6811	1
1119.59665	560.80560	2	67.7657	2
1119.66975	560.84215	2	83.3278	2
1120.05925	561.03690	2	57.9697	4
1120.57620	561.29540	2	60.7947	2
1121.53510	561.77480	2	68.8925	2
1121.54665	561.78060	2	43.4790	2
1121.57210	561.79330	2	43.1324	2
1121.58950	561.80200	2	69.1709	1
1121.60855	561.81155	2	48.0732	2
1122.51355	562.26405	2	60.1101	2
1123.47925	562.74690	2	46.5655	2
1123.56965	562.79210	2	57.9266	2
1123.58115	562.79785	2	54.5868	2
1124.59000	563.30225	2	62.4756	2
1124.61940	563.31700	2	69.7933	2
1124.63210	563.32330	2	36.3519	3
1124.68100	563.34780	2	81.0555	1
1125.51315	563.76385	2	35.8298	2
1125.53730	563.77590	2	49.4177	2
1125.57155	563.79305	2	43.6981	2
1125.64005	563.82730	2	61.4875	2
1126.59790	564.30620	2	51.8964	1
1126.62255	564.31855	2	84.4656	2
1126.65995	564.33725	2	77.9326	2
1127.47485	564.74470	2	69.4701	2
1127.53260	564.77360	2	66.8551	1
1127.61295	564.81375	2	62.9820	2
1127.65570	564.83515	2	53.1854	2
1128.55790	565.28620	2	54.3401	1
1128.56660	565.29060	2	42.3471	2
1128.58935	565.30195	2	32.6260	2
1128.61600	565.31530	2	87.3145	1
1128.63960	565.32710	2	60.3335	2
1129.58135	565.79795	2	56.2166	2
1129.63425	565.82440	2	40.5147	2
1129.63445	565.82450	2	35.9354	2
1129.67125	565.84290	2	70.6433	2
1130.55785	566.28620	2	26.9217	2
1130.56210	566.28830	2	47.8262	1
1131.57765	566.79610	2	34.9820	2
1131.62865	566.82160	2	70.9374	2
1131.65430	566.83445	2	82.4320	2
1132.53820	567.27640	2	33.0474	2
1132.55560	567.28505	2	57.3953	2
1132.58880	567.30170	2	62.2909	2
1133.55360	567.78405	2	69.6110	2
1133.57150	567.79305	2	56.5238	2
1133.57190	567.79320	2	72.7046	2
1133.57525	567.79490	2	66.6140	2
1133.60825	567.81140	2	62.6574	2
1134.53335	568.27395	2	44.2164	2
1134.53880	568.27670	2	46.8483	1
1134.57735	568.29595	2	46.6800	2
1134.59245	568.30350	2	48.3355	2
1136.53590	569.27520	2	53.5477	2
1136.57140	569.29295	2	61.5446	2
1136.57165	569.29310	2	58.2558	2
1137.56485	569.78970	2	83.4142	2
1137.57795	569.79625	2	55.7238	2
1138.56615	570.29035	2	62.7271	2
1138.58760	570.30110	2	35.3904	2
1139.54580	570.78015	2	55.0394	2
1139.56230	570.78840	2	66.9261	3
1139.63110	570.82285	2	40.1743	2
1139.65475	570.83465	2	62.1311	2
1140.52420	571.26935	2	33.9734	2
1140.56000	571.28730	2	77.9283	1
1141.54130	571.77790	2	62.0993	1
1141.55610	571.78535	2	72.4038	2
1141.56770	571.79115	2	63.0817	2
1141.59770	571.80610	2	32.9518	2
1141.60955	571.81205	2	59.8866	2
1141.64100	571.82780	2	83.1935	1
1142.48880	572.25170	2	45.4322	1
1142.52530	572.26990	2	68.7544	1
1142.55315	572.28385	2	91.2816	2
1142.55795	572.28625	2	52.0237	2
1142.61760	572.31610	2	55.2592	2
1142.63000	572.32230	2	52.8243	1
1142.63015	572.32235	2	34.7304	2
1143.50900	572.76180	2	56.1614	2
1143.55650	572.78550	2	75.5408	2
1143.57370	572.79410	2	65.9433	2
1143.58905	572.80180	2	35.2318	2
1143.69120	572.85290	2	87.5925	2
1144.59055	573.30255	2	50.2601	2
1144.59695	573.30575	2	60.4043	2
1144.60975	573.31215	2	38.5525	2
1144.63695	573.32575	2	57.7223	2
1145.08335	573.54895	2	57.9254	4
1145.53020	573.77240	2	53.0568	1
1145.57490	573.79470	2	47.5306	2
1145.67070	573.84260	2	71.1721	2
1146.57685	574.29570	2	46.0694	2
1146.58555	574.30005	2	73.2399	2
1146.61410	574.31435	2	53.1924	2
1146.66535	574.33995	2	76.6674	2
1147.54960	574.78210	2	62.5879	1
1147.55410	574.78435	2	49.3670	2
1147.55560	574.78510	2	43.8426	2
1147.57905	574.79680	2	65.4819	2
1147.58780	574.80120	2	55.2254	2
1147.63950	574.82700	2	88.6855	2
1148.51350	575.26400	2	35.0105	1
1148.54650	575.28055	2	53.3983	2
1148.57045	575.29250	2	80.8501	2
1148.60835	575.31145	2	62.8501	2
1149.56660	575.79055	2	58.1153	2
1150.57030	576.29245	2	59.6455	2
1150.58680	576.30070	2	55.6323	2
1150.58875	576.30165	2	48.6892	2
1151.57920	576.79690	2	80.5636	2
1151.65085	576.83270	2	69.3409	2
1151.72885	576.87170	2	76.5449	2
1152.52855	577.27155	2	31.4272	2
1152.53020	577.27240	2	54.1184	2
1152.54280	577.27865	2	92.6691	2
1152.54885	577.28170	2	61.1819	2
1152.55310	577.28385	2	37.6502	2
1152.58550	577.30000	2	58.9050	2
1153.51875	577.76665	2	67.3893	2
1153.57200	577.79330	2	52.5353	1
1154.62155	578.31805	2	59.8333	2
1154.62995	578.32225	2	45.4991	2
1155.56315	578.78885	2	35.7593	2
1155.58140	578.79800	2	89.0585	2
1155.61405	578.81430	2	51.7245	2
1155.62700	578.82075	2	52.7072	2
1155.65025	578.83240	2	49.5803	2
1156.51725	579.26590	2	56.3430	2
1156.51870	579.26665	2	45.2977	2
1156.59175	579.30315	2	86.1980	2
1156.60525	579.30990	2	67.8038	2
1157.59260	579.80355	2	59.1500	2
1157.59385	579.80420	2	53.0587	2
1158.60025	580.30740	2	41.9720	2
1158.62380	580.31920	2	46.2596	2
1158.62460	580.31960	2	48.4296	2
1159.57005	580.79230	2	64.5018	2
1159.57410	580.79430	2	35.1702	2
1159.59525	580.80490	2	41.7323	2
1159.61975	580.81715	2	40.8288	2
1159.63915	580.82685	2	81.0086	2
1159.68220	580.84835	2	50.7119	2
1160.56670	581.29060	2	38.0177	3
1160.58610	581.30035	2	67.4564	2
1160.58655	581.30055	2	50.2551	2
1160.59330	581.30390	2	73.5407	2
1160.59865	581.30660	2	54.9292	2
1160.60745	581.31100	2	62.3747	2
1160.61520	581.31490	2	37.2522	2
1161.52510	581.76985	2	35.9151	2
1161.59925	581.80690	2	46.5572	2
1161.59975	581.80715	2	54.2952	2
1161.60435	581.80945	2	73.7547	2
1161.60640	581.81050	2	58.0768	1
1161.61550	581.81505	2	53.8634	2
1161.66640	581.84050	2	96.8436	1
1162.58010	582.29730	2	54.5949	2
1162.58170	582.29810	2	66.2752	2
1162.59030	582.30240	2	64.1673	1
1162.59895	582.30675	2	72.6112	2
1163.57615	582.79535	2	66.5598	2
1163.58220	582.79840	2	59.4929	1
1163.60820	582.81140	2	68.0372	2
1164.57400	583.29430	2	32.8704	1
1164.60285	583.30870	2	61.5286	2
1164.60305	583.30880	2	55.6877	2
1164.72405	583.36930	2	71.2934	2
1165.46115	583.73785	2	36.0980	2
1165.57750	583.79600	2	73.4956	2
1165.63465	583.82460	2	65.3578	2
1166.54760	584.28105	2	47.7080	2
1167.61820	584.81640	2	85.5559	2
1168.54220	585.27840	2	87.2706	1
1168.63220	585.32340	2	79.0302	1
1168.64595	585.33025	2	50.0405	2
1168.68110	585.34780	2	70.6537	2
1168.68300	585.34880	2	59.4018	1
1168.74410	585.37930	2	80.4395	2
1169.57175	585.79315	2	54.9857	2
1170.62670	586.32065	2	47.9017	2
1170.63370	586.32410	2	45.1014	1
1170.66095	586.33775	2	67.5735	2
1170.66110	586.33785	2	71.3979	2
1171.57650	586.79555	2	65.9695	2
1171.62130	586.81795	2	50.7993	2
1171.62360	586.81910	2	57.2096	2
1171.70060	586.85760	2	55.8452	2
1172.61945	587.31700	2	72.1079	2
1172.62190	587.31825	2	74.5176	2
1172.63085	587.32270	2	66.7704	2
1172.64065	587.32760	2	71.7092	2
1173.10805	587.56130	2	41.3153	4
1173.57500	587.79480	2	34.2244	5
1173.58870	587.80160	2	84.2111	1
1173.58870	587.80165	2	47.2418	2
1173.61390	587.81420	2	85.6684	1
1174.51085	588.26270	2	44.0479	2
1174.54920	588.28185	2	32.8822	2
1174.56165	588.28810	2	54.8767	2
1174.60920	588.31185	2	41.7540	2
1175.57350	588.79400	2	61.2952	2
1175.58650	588.80050	2	69.7508	1
1175.61935	588.81695	2	42.5087	2
1175.65585	588.83520	2	59.8333	2
1176.58090	589.29775	2	53.3083	2
1177.61670	589.81560	2	54.1647	1
1177.63470	589.82460	2	67.0018	2
1177.65990	589.83725	2	85.8338	2
1177.66170	589.83815	2	91.2300	2
1178.51850	590.26655	2	38.8740	2
1178.54635	590.28045	2	48.5106	2
1178.56720	590.29085	2	30.3286	2
1179.54320	590.77890	2	42.9170	1
1179.59040	590.80250	2	45.6861	2
1179.61540	590.81500	2	51.4757	2
1180.59815	591.30635	2	65.1826	2
1180.70710	591.36080	2	86.4378	2
1181.65270	591.83365	2	55.5723	2
1182.54155	592.27805	2	75.9384	2
1182.60420	592.30940	2	72.1660	2
1182.62580	592.32015	2	73.1517	2
1182.68045	592.34750	2	79.5219	2
1184.58560	593.30010	2	62.0680	2
1184.60520	593.30985	2	50.8046	2
1184.65780	593.33620	2	58.2572	1
1185.57500	593.79475	2	86.7859	2
1185.57800	593.79630	2	37.1036	2
1185.64020	593.82740	2	79.9696	2
1185.65115	593.83285	2	64.9075	2
1186.54510	594.27980	2	45.8668	2
1186.65605	594.33530	2	47.8142	2
1187.58970	594.80210	2	50.3134	2
1187.59725	594.80590	2	65.8927	2
1187.62280	594.81865	2	78.0868	2
1187.70265	594.85860	2	81.4724	2
1187.70355	594.85905	2	88.9887	2
1188.54200	595.27830	2	52.1153	1
1188.58095	595.29775	2	69.5618	2
1188.58965	595.30210	2	42.8596	2
1188.59880	595.30670	2	46.7631	1
1188.59890	595.30670	2	39.3119	1
1188.61480	595.31470	2	50.9565	2
1189.63460	595.82460	2	51.3056	1
1189.63800	595.82625	2	52.7420	2
1189.64635	595.83045	2	70.9350	2
1189.67100	595.84275	2	75.0787	2
1190.53915	596.27685	2	55.3908	2
1190.56185	596.28820	2	55.8931	2
1190.60025	596.30740	2	64.9260	2
1191.61340	596.81400	2	76.5349	1
1191.61360	596.81405	2	58.4234	2
1191.66635	596.84045	2	83.1755	2
1192.52880	597.27170	2	47.0015	2
1192.61665	597.31560	2	67.0950	2
1192.66235	597.33845	2	87.9543	2
1193.61670	597.81560	2	38.9925	2
1193.63375	597.82415	2	68.4810	2
1193.67040	597.84245	2	90.8901	2
1194.51140	598.26300	2	31.6252	2
1194.61410	598.31430	2	67.9565	1
1195.60770	598.81110	2	61.2035	2
1196.54955	599.28205	2	45.8950	2
1196.57350	599.29400	2	36.0593	2
1196.65285	599.33370	2	49.5384	2
1197.54600	599.78025	2	78.7245	2
1197.57095	599.79275	2	52.8808	2
1197.57520	400.19900	3	36.0145	1
1197.59225	599.80340	2	63.8724	2
1197.62490	599.81970	2	60.4554	2
1197.69765	599.85610	2	75.8804	2
1198.62400	600.31930	2	70.7827	1
1198.65505	400.55895	3	41.2901	2
1198.65540	600.33495	2	41.3244	2
1199.54640	600.78045	2	55.3219	2
1199.66915	600.84185	2	90.9781	2
1199.71355	600.86405	2	79.1663	2
1200.62270	401.21485	3	42.6947	2
1200.62315	601.31885	2	59.7570	2
1200.62365	601.31910	2	42.7220	2
1200.64705	601.33080	2	52.6858	2
1200.65140	601.33300	2	80.2968	2
1201.58100	601.79780	2	44.2704	5
1201.59805	601.80630	2	66.4670	2
1201.60920	401.54365	3	48.2578	2
1201.60965	601.81210	2	48.3175	2
1201.62000	601.81730	2	75.3239	2
1201.63060	401.55080	3	36.9455	2
1201.63095	601.82275	2	37.1355	2
1201.66660	601.84060	2	47.4853	1
1201.67015	601.84235	2	57.5292	2
1202.59000	602.30230	2	40.5716	2
1202.59140	602.30300	2	39.3471	1
1202.60495	401.87560	3	49.1397	2
1202.60555	602.31005	2	49.1818	2
1202.64110	401.88765	3	39.7018	2
1202.64145	602.32800	2	39.7070	2
1202.65140	602.33300	2	65.5794	2
1203.59930	602.80695	2	41.8373	2
1203.61750	602.81605	2	58.5645	2
1203.67130	602.84290	2	52.3089	2
1204.48350	603.24905	2	42.5760	2
1204.58330	603.29895	2	53.2567	2
1204.60690	603.31075	2	57.7300	2
1204.61105	603.31280	2	93.3751	2
1204.61260	603.31355	2	80.5909	2
1204.65650	402.55945	3	48.8278	2
1204.65735	603.33595	2	48.8590	2
1205.56550	402.86245	3	60.5098	2
1205.63150	603.82300	2	57.1027	2
1205.64005	603.82730	2	55.0323	2
1205.71270	402.91150	3	66.0574	2
1205.71415	603.86435	2	66.1178	2
1206.60750	604.31105	2	73.4828	2
1206.62440	604.31945	2	64.9666	2
1206.65825	604.33640	2	89.5472	2
1207.57220	604.79335	2	63.1517	2
1207.57300	604.79380	2	44.2388	1
1207.62130	604.81795	2	55.9588	2
1207.62405	604.81930	2	73.2067	2
1207.66900	604.84180	2	89.3037	1
1207.67205	604.84330	2	85.2405	2
1207.76580	604.89015	2	81.6965	2
1208.59550	605.30500	2	83.5737	1
1208.60520	605.30990	2	68.7974	2
1209.58865	605.80160	2	48.5423	2
1210.56220	606.28840	2	47.1847	2
1210.59880	606.30670	2	63.7002	2
1210.61265	404.54480	3	63.7984	2
1210.63050	404.55075	3	38.5772	2
1210.74060	606.37760	2	71.5720	2
1211.61955	606.81705	2	78.8896	2
1211.62660	404.88280	3	36.2657	1
1211.65100	404.89095	3	49.4226	2
1211.65170	606.83310	2	49.5200	2
1211.65590	606.83520	2	88.1611	1
1212.53130	405.18435	3	52.3670	2
1212.54200	607.27830	2	57.3693	2
1212.56710	405.19630	3	29.1636	2
1213.64555	405.55580	3	54.6881	2
1213.66720	607.84090	2	48.7233	2
1213.67110	405.56430	3	82.7271	2
1214.60255	608.30855	2	64.0614	2
1214.67290	608.34370	2	73.8756	1
1214.70060	608.35760	2	63.6275	1
1215.59885	608.80670	2	50.7358	2
1215.64680	608.83070	2	60.8536	2
1215.65075	608.83265	2	83.4933	2
1215.68190	406.23460	3	35.5335	2
1215.68260	608.84855	2	35.5700	2
1216.57565	609.29510	2	49.4275	2
1216.57665	609.29560	2	39.6478	2
1216.62240	609.31850	2	55.8400	2
1216.65740	609.33600	2	70.6179	2
1216.72605	609.37030	2	86.6040	2
1217.56120	609.78790	2	70.9320	2
1217.60810	609.81135	2	58.3839	2
1217.60850	609.81150	2	76.6349	2
1217.62520	406.88230	3	37.2055	1
1217.67685	406.89955	3	69.0883	2
1218.66550	610.34005	2	84.1548	2
1219.61225	610.81340	2	50.1083	2
1220.63995	611.32725	2	55.1897	2
1220.64075	611.32765	2	79.0372	2
1220.64360	611.32910	2	49.7391	3
1220.68910	407.90360	3	48.2015	1
1221.51835	611.76645	2	45.9340	2
1221.59875	611.80665	2	59.5833	2
1221.61085	408.21085	3	31.7246	2
1221.61140	611.81295	2	31.7643	2
1221.61570	611.81510	2	66.1139	1
1221.63580	611.82520	2	57.3269	2
1222.56790	408.52990	3	31.1662	1
1222.56975	612.29215	2	31.2940	2
1222.61280	612.31370	2	68.2184	1
1223.22120	612.61785	2	79.6779	4
1223.54225	612.77840	2	47.1242	2
1223.62635	612.82045	2	36.6771	2
1224.56080	613.28765	2	72.5354	2
1224.62445	613.31950	2	69.0230	2
1224.62820	409.21670	3	54.9786	2
1224.62900	613.32180	2	54.9739	2
1224.65755	613.33605	2	37.7159	2
1224.65765	409.22650	3	37.4062	2
1224.68320	613.34885	2	44.2805	2
1225.67175	613.84315	2	69.9363	2
1226.70685	614.36070	2	82.2181	2
1227.62890	410.21690	3	64.7258	1
1227.65810	614.83635	2	59.4701	2
1227.66120	614.83785	2	70.6718	2
1227.68320	410.23500	3	50.5992	1
1227.68345	614.84900	2	65.2420	2
1228.16465	615.08960	2	69.5644	4
1228.68730	615.35090	2	64.5396	1
1228.73940	615.37700	2	83.6211	2
1229.55800	615.78630	2	41.9963	2
1229.61965	615.81710	2	50.3511	2
1229.65010	410.89060	3	48.4165	2
1229.65190	615.83320	2	48.4897	1
1229.73800	410.91995	3	59.9542	2
1230.55855	411.19345	3	33.6188	2
1230.58330	411.20170	3	42.3011	1
1230.58470	616.29965	2	42.1618	2
1230.58920	616.30185	2	60.5146	2
1230.58945	411.20375	3	35.8472	2
1230.63985	616.32720	2	79.8089	2
1230.66075	616.33765	2	83.3330	2
1231.55200	616.78330	2	78.3520	1
1231.58720	616.80085	2	37.2289	2
1231.58795	616.80125	2	52.5771	2
1231.62385	616.81920	2	55.8058	2
1231.62810	616.82130	2	88.4952	2
1231.65605	616.83530	2	61.3061	2
1231.69275	411.57150	3	59.0846	2
1231.71900	616.86680	2	82.6880	1
1232.56810	617.29130	2	34.6043	1
1232.59900	617.30680	2	28.7092	1
1233.60220	412.20800	3	80.8995	1
1233.60895	617.81175	2	50.6441	2
1233.60930	617.81190	2	62.8108	1
1233.62130	617.81795	2	44.5913	2
1233.66065	617.83760	2	57.9581	2
1234.56895	412.53025	3	41.2093	2
1234.60185	618.30820	2	36.1965	2
1235.60670	618.81060	2	40.7973	2
1235.61505	618.81480	2	60.8978	2
1235.65095	412.89090	3	49.7913	2
1235.66940	412.89705	3	59.2014	2
1235.67200	618.84325	2	59.2666	2
1235.70000	412.90730	3	53.8802	1
1236.56225	619.28840	2	48.5940	2
1237.63500	413.55225	3	38.5123	2
1237.63550	619.82500	2	38.5693	2
1237.64605	619.83030	2	64.9905	2
1237.74030	619.87745	2	68.4421	2
1239.59295	620.80375	2	59.4437	2
1239.59620	414.20600	3	36.6148	2
1239.62335	620.81895	2	63.0036	2
1239.63780	620.82620	2	85.2195	1
1239.68445	620.84950	2	76.0515	2
1239.71905	620.86680	2	74.8592	2
1240.16080	621.08770	2	49.1888	4
1240.58840	414.53675	3	37.0362	2
1240.70390	621.35925	2	91.7475	2
1240.70425	621.35940	2	72.5020	2
1241.59440	621.80450	2	71.7171	2
1241.67705	414.89965	3	69.5341	2
1241.71970	621.86710	2	88.7720	1
1241.77520	621.89490	2	78.6042	2
1241.77540	414.93240	3	78.5460	2
1242.59575	415.20585	3	28.9657	2
1242.63635	415.21940	3	44.9663	2
1242.63710	622.32585	2	45.0324	2
1242.64540	622.33000	2	55.7468	1
1243.67680	415.56620	3	61.7470	1
1244.54205	623.27830	2	52.9989	2
1244.56770	623.29110	2	47.0686	2
1244.61100	415.87760	3	34.7407	2
1244.63130	623.32290	2	66.8385	1
1244.67265	415.89815	3	37.4920	2
1244.68670	623.35065	2	69.9122	2
1245.61730	623.81590	2	47.9574	1
1245.62180	416.21455	3	47.8747	2
1245.65115	623.83285	2	82.3851	2
1245.66190	623.83820	2	43.6387	1
1245.67185	416.23120	3	55.6402	2
1245.67575	623.84515	2	43.0955	2
1246.61300	416.54495	3	55.1998	2
1246.65000	416.55730	3	68.0665	2
1246.69190	624.35320	2	73.0985	2
1247.58500	416.86890	3	30.4590	1
1248.56320	625.28890	2	50.3036	3
1248.57370	625.29410	2	44.3598	1
1248.61835	625.31645	2	88.7576	2
1248.67210	625.34330	2	61.4923	2
1248.67235	625.34345	2	63.7403	2
1249.63100	625.82275	2	57.9909	2
1249.65455	625.83455	2	64.4659	2
1249.65550	625.83505	2	83.6075	2
1250.59790	626.30620	2	30.6253	1
1250.66530	626.33990	2	80.9048	1
1250.72995	626.37225	2	88.6716	2
1251.66220	626.83840	2	75.4678	2
1251.66350	418.22840	3	50.5419	1
1252.73905	627.37680	2	79.7176	2
1252.75000	418.59060	3	66.5819	1
1252.77675	627.39565	2	92.3512	2
1253.56090	627.78770	2	66.7402	1
1253.62900	627.82180	2	32.8164	1
1253.63005	418.88395	3	32.7361	2
1254.59000	628.30230	2	68.5887	1
1254.59925	628.30690	2	80.9976	2
1254.72945	419.25040	3	40.6596	2
1254.72950	628.37200	2	69.8255	1
1254.72980	628.37220	2	40.7103	2
1254.73390	419.25190	3	52.7744	2
1255.58395	628.79925	2	43.4159	2
1255.62715	628.82085	2	70.4629	2
1255.62960	628.82210	2	93.3559	1
1255.65665	419.55950	3	54.1736	2
1255.66800	628.84130	2	74.5766	2
1255.67835	628.84645	2	51.1860	2
1255.70210	628.85835	2	69.6976	2
1255.71340	628.86400	2	66.1431	1
1255.71355	419.57845	3	66.0860	2
1256.60880	629.31170	2	90.0308	1
1256.61185	629.31320	2	50.3407	2
1256.67295	629.34375	2	55.7507	2
1256.69800	419.90660	3	47.9592	2
1256.69890	629.35675	2	47.9095	2
1256.70080	629.35765	2	97.7859	2
1257.64655	420.22275	3	42.8095	2
1257.64750	629.83100	2	42.8973	2
1258.60040	630.30750	2	81.3501	2
1258.67100	420.56430	3	56.6182	1
1258.67235	630.34345	2	56.4712	2
1258.67735	630.34595	2	67.6451	2
1258.68825	630.35140	2	52.4459	2
1258.76360	630.38910	2	87.6694	2
1259.63405	630.82430	2	75.8422	2
1259.63470	630.82465	2	58.2990	2
1259.66160	630.83810	2	59.0891	2
1259.66610	630.84030	2	69.4343	1
1260.57825	631.29640	2	36.4673	2
1260.58895	631.30175	2	42.5140	2
1260.60305	631.30880	2	46.0240	2
1260.62915	421.21700	3	61.3658	2
1260.67215	631.34335	2	57.2693	2
1261.57910	631.79680	2	50.7432	2
1261.62260	421.54810	3	40.6617	2
1261.67055	421.56410	3	38.2213	2
1261.74645	631.88050	2	96.2406	2
1262.60800	421.87660	3	46.8312	2
1262.64750	421.88980	3	30.7497	1
1263.61900	632.81675	2	33.7743	2
1263.62045	422.21410	3	33.7089	2
1263.62800	632.82125	2	56.9550	2
1263.67605	632.84530	2	89.3086	2
1263.68475	632.84965	2	67.0312	2
1264.64805	422.55660	3	61.7298	2
1264.64850	633.33155	2	61.7942	2
1264.64965	633.33210	2	74.3080	2
1265.68930	633.85190	2	52.0289	2
1266.56365	634.28910	2	46.1003	2
1266.59830	634.30640	2	60.4820	1
1266.62090	423.21425	3	38.1284	2
1266.62330	634.31895	2	38.1388	2
1266.62550	634.32000	2	70.8914	1
1266.62710	634.32080	2	71.6491	1
1267.56690	423.52960	3	35.5335	1
1267.64935	634.83195	2	82.3486	2
1267.65930	634.83690	2	93.4215	1
1267.69005	634.85230	2	49.6500	2
1268.61420	423.87865	3	53.4905	2
1268.66290	635.33870	2	51.1544	2
1268.66355	423.89510	3	51.0640	2
1268.69745	635.35600	2	70.0808	2
1269.62495	635.81975	2	80.9352	2
1269.63295	635.82375	2	63.6373	2
1269.66000	424.22730	3	47.3370	3
1269.70080	635.85770	2	63.3109	3
1269.72965	635.87210	2	78.5460	2
1270.15085	636.08270	2	48.7529	4
1270.65205	636.33330	2	43.4905	2
1270.69315	636.35385	2	73.3739	2
1270.69900	424.57360	3	62.4701	2
1270.69910	636.35680	2	62.5556	1
1270.73040	636.37245	2	92.7537	2
1271.56450	424.86210	3	78.1839	2
1271.64780	636.83120	2	85.0597	1
1271.68795	424.90325	3	60.6375	2
1271.69380	636.85420	2	64.5510	1
1271.70970	636.86215	2	71.7819	2
1271.76145	636.88800	2	82.5625	2
1272.69255	637.35355	2	64.6444	2
1273.63390	637.82425	2	73.9851	2
1273.65575	637.83515	2	66.7820	2
1273.66830	637.84140	2	71.9182	1
1273.66910	637.84185	2	65.3855	2
1273.67850	637.84650	2	86.6840	2
1273.68800	637.85130	2	59.5164	1
1273.72195	637.86825	2	70.6992	2
1274.54590	638.28020	2	73.1479	1
1274.57060	425.86410	3	42.9459	1
1274.64435	638.32945	2	85.1028	2
1274.65095	638.33275	2	76.9720	2
1274.66170	638.33810	2	69.2123	2
1274.70960	425.91045	3	47.2092	2
1274.76070	638.38760	2	79.4095	1
1275.54090	638.77770	2	45.0809	2
1275.57100	638.79280	2	60.9460	2
1275.69295	426.23825	3	63.2384	2
1276.60610	639.31030	2	37.6069	1
1276.60935	426.54370	3	67.1571	2
1276.63450	639.32455	2	77.4590	2
1276.65140	639.33300	2	90.6283	2
1276.66650	639.34050	2	58.6260	1
1276.67360	639.34410	2	86.4650	2
1276.70390	639.35920	2	72.4685	2
1276.70425	639.35940	2	78.8279	2
1277.63740	639.82600	2	62.4686	2
1277.67360	639.84405	2	69.2900	2
1277.68680	639.85065	2	76.2335	2
1278.65120	640.33290	2	85.3659	2
1279.69545	427.57245	3	54.4560	2
1280.57940	641.29695	2	81.0998	2
1280.74835	641.38145	2	88.6280	2
1281.55825	641.78640	2	39.6783	2
1281.61010	428.21065	3	36.6201	2
1281.61205	641.81330	2	36.5639	2
1281.70475	428.24215	3	41.8777	2
1282.57410	642.29435	2	72.0828	2
1282.58645	642.30050	2	61.9430	2
1282.66720	428.56300	3	57.7961	1
1283.61580	642.81520	2	70.7524	2
1283.65125	642.83290	2	65.8823	2
1283.65900	642.83680	2	85.8134	2
1283.70685	428.90955	3	44.6567	2
1283.71560	428.91250	3	52.0836	1
1283.72100	642.86780	2	43.9105	1
1283.72115	428.91430	3	43.8123	2
1283.73450	642.87450	2	78.5594	2
1284.61560	429.21250	3	40.4545	2
1284.62800	643.32125	2	91.6839	2
1284.69325	643.35390	2	78.0254	2
1284.70275	429.24150	3	43.2507	2
1284.70425	643.35940	2	69.4957	2
1284.72910	643.37185	2	84.1470	2
1285.65310	429.55830	3	51.2092	1
1285.66295	643.83875	2	43.5022	2
1285.66305	429.56160	3	43.6109	2
1285.68160	643.84810	2	86.1678	2
1286.64445	644.32950	2	69.3582	2
1286.64545	429.88905	3	69.2694	2
1286.65010	429.89060	3	54.5119	1
1286.68335	644.34895	2	85.9075	2
1286.69885	644.35670	2	68.5398	2
1286.78615	644.40035	2	86.7806	2
1287.63025	644.82240	2	85.3334	2
1287.68275	644.84865	2	74.1296	2
1288.59000	645.30225	2	44.7989	2
1288.60550	645.31005	2	64.0357	2
1288.66235	645.33845	2	46.3403	2
1288.68680	645.35065	2	67.4644	2
1288.72265	645.36860	2	84.7470	2
1289.59000	430.87060	3	36.7842	2
1289.62830	645.82145	2	89.3724	2
1289.62850	645.82155	2	62.9022	2
1289.64700	645.83075	2	49.5750	2
1290.65650	646.33550	2	55.0671	2
1291.57905	646.79680	2	45.0061	2
1291.60555	646.81005	2	51.4302	2
1291.66755	646.84105	2	60.5199	2
1293.62355	647.81905	2	55.8349	2
1294.16250	432.39480	3	62.6599	2
1294.62255	648.31855	2	68.7218	2
1294.73285	648.37370	2	83.3957	2
1294.79765	432.60645	3	68.3475	2
1295.66260	432.89480	3	62.5711	1
1295.72650	648.87055	2	76.5121	2
1295.74585	648.88020	2	64.8311	2
1295.75710	432.92630	3	61.2585	1
1295.77220	648.89340	2	88.9511	1
1296.68150	433.23440	3	60.4310	2
1296.68360	649.34905	2	60.3698	2
1296.70355	649.35905	2	69.4116	2
1296.73995	433.25390	3	45.2898	2
1296.74120	649.37790	2	45.3698	3
1297.73520	649.87490	2	65.8927	2
1297.76015	433.59400	3	64.1149	2
1298.59325	650.30390	2	38.3068	2
1298.59330	433.87170	3	38.2436	2
1298.61005	433.87730	3	38.1611	2
1298.68410	650.34930	2	48.7796	1
1298.69450	650.35450	2	48.5065	1
1298.74760	650.38105	2	92.9849	2
1299.56970	650.79215	2	36.8536	2
1299.62920	650.82190	2	75.1454	2
1299.69335	650.85395	2	80.5353	2
1299.70175	650.85815	2	58.7699	2
1299.71530	650.86490	2	58.2364	2
1300.62550	651.32005	2	86.8045	2
1300.70405	651.35930	2	63.8541	2
1300.70540	651.36000	2	92.9008	2
1300.74070	651.37765	2	76.3214	2
1300.76160	651.38810	2	75.8226	2
1300.77660	651.39560	2	85.9932	1
1301.60965	651.81210	2	42.9578	2
1301.63290	651.82370	2	41.5293	2
1301.63595	434.88590	3	41.4355	2
1301.69890	651.85670	2	69.0535	2
1302.65945	652.33700	2	67.2479	2
1303.51440	652.76450	2	65.8624	2
1303.75070	652.88260	2	76.1735	1
1304.60990	653.31220	2	43.2158	2
1304.73560	653.37510	2	79.7862	2
1305.59600	436.20590	3	34.6878	1
1305.61670	436.21280	3	32.1952	2
1305.62425	653.81940	2	51.6486	2
1305.63670	436.21950	3	62.3719	1
1305.66050	653.83750	2	69.5826	1
1305.67590	653.84520	2	62.1100	2
1305.70500	653.85975	2	74.2441	2
1306.58270	436.53485	3	40.9762	2
1306.65145	436.55775	3	40.5067	2
1306.66895	654.34175	2	32.2665	2
1306.67645	654.34550	2	76.5217	2
1307.66170	654.83810	2	61.9509	2
1308.65800	655.33630	2	63.7416	3
1308.71935	655.36695	2	87.9197	2
1308.71945	437.24710	3	88.0228	2
1308.74330	655.37895	2	60.8079	2
1308.77725	655.39590	2	73.6039	2
1309.65270	655.83360	2	64.1681	2
1309.77245	655.89350	2	78.9456	2
1310.12235	656.06845	2	68.9201	4
1310.64805	437.88995	3	48.9812	2
1310.68030	656.34745	2	81.4492	2
1310.71870	437.91350	3	48.5943	2
1311.57040	656.79245	2	60.4202	2
1311.58305	656.79880	2	50.6494	2
1311.76565	656.89010	2	85.2605	2
1313.61275	657.81365	2	63.8827	2
1313.66020	657.83740	2	58.5334	1
1313.69305	657.85380	2	53.3777	2
1313.69350	438.90510	3	53.3135	2
1313.70175	657.85815	2	87.8587	2
1313.71845	438.91340	3	62.9096	2
1313.72075	657.86765	2	85.9450	2
1313.74660	438.92280	3	54.9266	2
1314.69645	658.35550	2	63.6812	2
1314.69695	658.35575	2	49.5069	2
1314.69715	439.23965	3	49.4515	2
1315.65850	658.83655	2	73.5510	2
1315.67900	658.84680	2	60.9112	2
1315.71075	658.86265	2	65.5427	2
1315.77120	439.59770	3	64.2073	2
1316.66660	659.34060	2	76.7421	2
1316.67575	439.89920	3	65.1615	2
1316.73400	659.37425	2	97.4533	2
1316.73550	659.37500	2	69.2494	1
1317.60995	440.21060	3	53.8446	2
1317.64205	659.82830	2	43.3590	2
1317.74950	440.25710	3	76.7116	1
1318.66030	660.33745	2	79.8808	2
1318.69080	660.35270	2	64.4080	1
1319.63335	660.82395	2	54.2359	2
1319.66370	660.83915	2	88.6006	2
1319.66435	440.89540	3	55.0470	2
1319.69150	660.85300	2	82.6229	2
1320.59215	661.30335	2	73.1306	2
1320.62380	441.21520	3	42.0463	1
1320.63575	441.21915	3	52.2717	2
1320.68295	661.34875	2	75.2557	2
1321.12025	661.56740	2	41.8328	4
1321.76460	441.59550	3	82.1355	2
1321.76560	661.89010	2	82.2545	2
1322.66460	662.33960	2	90.1386	2
1322.67185	662.34320	2	65.1031	2
1322.72670	662.37060	2	73.7180	1
1322.76555	441.92910	3	53.1353	2
1324.69170	663.35310	2	78.9826	2
1324.78325	442.60170	3	66.4015	2
1325.74850	663.88150	2	84.2131	2
1326.62125	664.31790	2	61.5491	2
1326.68940	443.23705	3	32.5333	2
1326.69030	664.35245	2	32.5122	2
1327.65175	443.55785	3	58.1480	2
1327.78830	664.90145	2	96.1327	2
1328.74475	443.92215	3	43.2743	2
1328.75300	443.92495	3	72.6213	2
1328.75325	665.38390	2	72.8568	2
1329.60650	665.81050	2	41.7540	2
1329.65350	665.83400	2	44.4029	2
1329.65360	665.83405	2	59.9271	2
1329.66860	444.23015	3	59.6711	2
1329.69370	444.23850	3	67.0688	2
1329.76810	665.89130	2	82.1437	2
1330.71320	666.36385	2	62.5269	2
1330.78215	666.39835	2	87.2048	2
1331.67595	666.84525	2	75.4348	2
1331.70790	666.86120	2	64.4386	1
1331.70945	666.86200	2	81.7254	2
1331.72800	666.87125	2	93.6789	2
1331.74545	666.88000	2	83.2905	2
1331.76605	444.92930	3	46.8814	2
1331.76640	666.89050	2	46.8916	2
1332.64640	667.33050	2	48.6020	2
1332.66040	667.33750	2	87.0234	1
1332.70330	667.35895	2	83.8588	2
1333.57310	445.53165	3	55.7874	2
1333.59390	667.80420	2	44.3145	2
1334.66240	445.89470	3	47.4467	2
1334.72010	445.91395	3	54.8666	2
1334.72020	668.36740	2	54.9188	2
1334.72525	668.36990	2	77.5568	2
1335.59595	668.80525	2	52.8003	2
1335.63915	668.82685	2	72.7895	2
1336.74590	446.58925	3	44.3653	2
1336.74745	669.38100	2	44.3705	2
1337.57060	669.79255	2	39.9663	2
1337.67215	669.84335	2	74.4066	2
1338.61280	670.31365	2	61.8166	2
1338.66550	447.22910	3	58.6850	1
1338.66885	670.34170	2	64.0830	2
1338.66930	447.23040	3	64.2467	1
1338.71525	447.24565	3	48.4592	2
1338.71925	670.36690	2	73.6590	2
1339.65240	670.83345	2	65.4477	2
1339.74580	447.58920	3	57.0063	2
1339.75345	670.88400	2	82.7612	2
1339.77040	447.59740	3	95.4658	1
1339.77175	670.89315	2	95.3351	2
1339.78240	447.60140	3	49.8963	2
1340.59940	671.30700	2	50.1589	1
1340.72890	671.37175	2	62.9982	2
1341.19825	671.60640	2	46.0473	4
1341.62050	671.81750	2	76.1163	1
1342.65150	448.55775	3	55.2518	2
1342.65210	448.55795	3	38.8459	2
1342.69310	672.35385	2	71.5117	2
1342.70830	448.57670	3	57.4463	1
1342.71070	672.36265	2	63.5898	2
1342.73580	672.37520	2	82.0828	3
1343.76655	448.92945	3	55.6695	2
1343.76755	672.89105	2	55.6971	2
1344.68255	673.34855	2	54.3967	2
1344.71485	673.36470	2	66.9701	2
1344.72950	449.25045	3	73.3330	2
1344.74370	449.25515	3	83.3876	2
1344.74515	673.37985	2	83.4825	2
1344.74815	449.25665	3	69.2721	2
1345.62235	673.81845	2	34.9265	2
1345.62300	449.54830	3	34.8688	1
1345.66315	673.83885	2	59.7417	2
1345.73070	673.87260	2	100.1907	1
1345.74170	449.58780	3	58.9723	1
1346.57790	674.29620	2	40.8608	2
1346.67570	674.34510	2	74.2202	2
1346.68340	674.34900	2	80.6854	2
1346.71850	449.91340	3	72.2566	1
1346.76720	674.39090	2	70.0533	2
1346.76740	449.92975	3	70.0190	2
1347.57940	674.79695	2	53.5529	2
1347.66725	674.84090	2	89.4049	2
1347.72415	674.86935	2	86.1818	2
1347.74710	450.25630	3	64.7713	2
1347.74755	674.88105	2	64.8729	2
1347.76470	450.26215	3	84.5953	2
1349.59020	675.80240	2	34.2669	1
1349.63090	450.88420	3	52.1789	1
1349.63930	675.82690	2	61.7655	1
1349.68410	675.84935	2	70.5867	2
1350.64180	676.32815	2	77.2827	2
1350.68640	451.23610	3	75.0068	1
1350.71535	676.36495	2	74.7660	2
1350.75100	676.38275	2	59.5735	2
1351.63850	676.82650	2	35.6619	2
1351.63890	451.55360	3	35.6726	3
1351.64135	676.82795	2	61.6126	2
1352.59610	451.87260	3	32.0020	1
1352.72815	451.91665	3	56.2877	2
1352.75620	677.38540	2	68.9673	2
1353.72105	677.86780	2	89.0986	2
1353.72585	677.87020	2	66.4610	2
1354.73230	678.37340	2	90.5295	1
1355.71510	678.86485	2	88.9058	2
1355.71535	678.86495	2	86.6336	2
1355.73065	678.87260	2	57.4590	2
1355.77815	678.89635	2	82.9840	2
1355.77900	452.93360	3	60.3149	2
1356.73585	679.37520	2	61.0284	2
1356.75015	453.25730	3	49.6629	2
1356.75140	679.38300	2	49.7017	2
1357.66260	679.83860	2	51.0147	2
1357.67290	453.56490	3	31.4271	2
1357.67420	679.84440	2	31.5261	2
1357.74530	453.58900	3	59.5539	2
1357.74560	679.88005	2	59.6654	2
1357.75680	453.59290	3	45.0771	1
1358.15520	453.72565	3	52.7324	2
1358.63010	680.32230	2	60.6257	1
1358.66180	680.33815	2	57.8656	2
1358.66455	680.33955	2	89.9697	2
1358.66925	453.89705	3	46.7986	2
1358.66930	680.34190	2	46.8535	1
1358.67855	453.90015	3	39.8150	2
1358.67910	680.34685	2	39.8445	2
1358.74080	680.37770	2	83.8062	2
1358.75485	680.38470	2	93.5652	2
1359.68265	680.84860	2	68.0692	2
1359.68820	454.23665	3	39.5550	2
1360.58720	454.53630	3	35.3215	2
1360.69970	681.35710	2	76.6102	2
1361.66855	681.84155	2	41.3514	2
1361.67220	681.84340	2	67.7036	2
1361.72005	681.86730	2	69.8774	2
1361.72365	681.86910	2	72.6724	2
1362.55970	682.28715	2	51.0970	2
1362.59010	682.30230	2	49.3388	2
1362.64590	682.33020	2	54.5491	1
1362.71150	682.36300	2	89.0196	2
1362.71470	682.36465	2	59.1447	2
1362.71690	682.36575	2	73.0838	2
1362.72080	682.36770	2	84.5707	1
1362.72915	455.25035	3	58.4490	2
1363.65980	682.83720	2	63.7904	2
1363.68350	682.84900	2	74.0887	1
1363.69085	455.57090	3	46.4019	2
1363.69170	682.85310	2	46.4925	2
1364.59240	683.30345	2	52.3407	2
1364.59315	455.87165	3	52.2823	2
1364.65550	683.33500	2	77.7917	3
1364.66890	683.34175	2	45.8384	2
1364.68350	683.34905	2	62.2407	2
1364.71865	683.36660	2	65.6388	2
1364.73430	683.37440	2	70.2334	2
1365.66755	683.84105	2	85.3280	2
1365.67895	683.84675	2	57.0180	2
1365.68085	456.23420	3	56.9790	2
1366.73250	456.58480	3	37.7875	1
1366.75180	456.59120	3	37.8850	2
1367.54620	684.78040	2	34.6380	2
1367.65470	456.89215	3	52.5046	2
1367.67225	456.89800	3	51.2551	2
1367.68695	684.85075	2	53.0043	2
1367.68780	456.90320	3	52.9438	2
1367.71335	684.86395	2	72.8003	2
1367.76760	684.89110	2	84.2868	2
1367.77940	684.89700	2	76.3025	2
1368.64670	457.22285	3	68.6572	2
1368.75195	685.38325	2	75.3867	2
1368.79795	457.27325	3	65.1906	2
1369.67430	457.56540	3	53.2748	2
1369.79345	685.90400	2	56.0149	2
1370.28540	457.76910	3	56.3667	4
1370.72300	686.36875	2	80.3267	2
1370.82050	686.41750	2	95.9484	2
1371.68300	686.84875	2	74.5546	2
1371.70940	686.86200	2	92.2747	1
1371.73540	458.25240	3	50.4862	2
1371.74755	458.25645	3	55.7767	2
1372.58280	687.29870	2	64.5799	1
1372.68415	687.34935	2	67.1189	2
1372.71925	458.58035	3	55.4794	2
1373.69045	458.90410	3	38.9583	2
1373.69050	687.85255	2	39.0560	2
1373.69380	687.85420	2	75.5896	1
1373.74090	687.87770	2	71.7196	2
1373.75215	687.88335	2	57.9627	2
1374.68815	688.35135	2	48.7754	2
1374.68840	459.23670	3	48.6933	1
1374.70770	688.36110	2	74.2740	2
1374.76185	459.26120	3	79.2859	2
1374.76310	688.38880	2	79.3551	2
1374.78950	688.40205	2	85.1668	2
1375.56880	459.53020	3	40.5989	2
1375.71330	459.57840	3	77.2376	1
1375.71880	688.86665	2	80.3902	2
1376.70995	689.36225	2	90.5401	2
1376.71420	689.36440	2	84.2784	2
1376.71965	689.36710	2	66.0014	2
1376.72945	459.91710	3	50.8304	2
1376.84980	459.95720	3	67.5144	2
1377.67205	689.84330	2	84.0202	2
1377.67800	689.84630	2	76.2671	2
1377.68650	689.85050	2	34.1525	2
1377.68965	460.23715	3	34.0721	2
1377.69580	460.23920	3	89.4270	1
1377.69795	689.85625	2	88.9589	2
1378.23400	690.12425	2	85.5318	4
1378.55485	690.28470	2	43.7910	2
1378.69940	690.35695	2	60.8025	2
1378.75915	690.38685	2	95.2774	2
1379.56860	690.79160	2	44.7749	2
1379.76510	460.92900	3	73.8192	2
1379.76570	690.89015	2	73.8333	2
1379.77195	690.89325	2	81.0370	2
1380.79890	691.40675	2	77.4248	2
1381.67445	691.84450	2	67.1243	2
1381.74450	691.87950	2	74.0714	1
1382.65100	692.33280	2	77.1243	2
1382.75915	692.38685	2	78.4235	2
1382.84980	461.95720	3	79.2660	2
1383.53910	692.77685	2	27.8909	2
1383.68115	462.23430	3	44.4423	2
1384.64045	462.55410	3	56.4096	2
1384.66225	693.33840	2	56.9290	2
1384.66980	693.34220	2	84.3818	2
1384.73405	462.58530	3	65.0587	2
1384.75870	693.38665	2	84.0922	2
1385.73545	693.87500	2	76.0530	2
1385.75155	693.88305	2	62.9645	2
1386.72475	463.24885	3	67.0339	2
1387.56050	694.78750	2	62.6196	1
1387.62975	694.82215	2	75.9105	2
1387.68850	694.85150	2	83.1987	1
1387.69420	694.85440	2	57.5763	2
1387.72795	463.58325	3	85.0118	2
1387.72980	694.87220	2	85.1434	2
1388.55900	695.28680	2	56.0962	1
1388.70530	695.35990	2	52.9366	2
1389.73305	695.87380	2	88.2270	2
1389.75060	695.88260	2	89.2718	1
1390.75760	464.59315	3	68.7718	2
1391.69430	696.85440	2	61.0834	2
1391.70600	696.86025	2	53.6654	2
1392.61725	465.21300	3	60.2783	2
1392.63770	697.32610	2	65.4399	1
1392.66850	697.34150	2	63.8737	2
1393.64480	697.82965	2	69.3649	2
1393.65140	697.83295	2	71.7658	2
1393.67860	697.84660	2	71.2411	2
1393.69245	697.85350	2	83.1754	2
1393.70280	697.85865	2	78.0812	2
1393.70370	465.57520	3	56.7839	2
1394.54970	698.28210	2	37.4926	1
1395.65210	698.83335	2	58.9357	2
1395.71155	466.24445	3	41.0835	2
1395.71265	698.86360	2	41.0881	2
1396.67830	699.34645	2	77.9656	2
1396.80455	699.40955	2	67.3032	2
1397.60290	466.87490	3	47.7241	2
1397.60500	699.80980	2	47.7831	1
1397.71620	699.86535	2	51.9661	2
1397.79615	699.90535	2	80.3267	2
1398.62720	700.32090	2	53.1615	2
1398.70255	700.35855	2	90.9193	2
1398.77200	700.39325	2	64.7119	2
1399.69445	700.85450	2	55.1383	2
1399.70125	467.57435	3	49.2568	2
1400.75530	701.38490	2	80.1108	2
1401.56970	701.79215	2	43.1942	2
1401.71110	701.86280	2	42.9817	2
1401.71310	468.24500	3	42.9302	1
1401.76260	468.26150	3	81.5649	1
1401.76300	701.88875	2	81.4116	2
1401.77570	468.26585	3	39.9061	2
1402.72080	468.58090	3	43.6094	1
1402.75020	702.38235	2	77.8071	2
1403.63320	702.82390	2	56.0981	2
1403.63970	702.82710	2	61.3894	2
1403.74185	702.87820	2	41.6088	2
1403.74235	468.92140	3	41.6637	2
1403.74245	702.87850	2	69.9926	2
1404.72915	703.37185	2	76.3882	2
1404.79725	703.40590	2	68.7089	2
1405.65105	703.83280	2	56.9260	2
1406.71615	704.36535	2	75.0478	2
1407.69040	704.85250	2	76.6871	1
1407.72395	470.24860	3	50.4915	2
1407.72655	704.87055	2	50.5888	2
1407.78355	470.26845	3	61.0625	2
1407.78365	470.26845	3	66.9726	2
1408.65075	705.33265	2	78.1564	2
1408.66275	705.33865	2	71.2301	2
1408.66865	705.34160	2	39.9116	2
1409.68685	705.85070	2	69.1502	2
1409.74010	470.92065	3	49.9568	2
1410.69985	706.35720	2	56.3777	2
1410.72380	471.24850	3	51.1518	1
1410.72420	706.36940	2	51.2345	1
1410.77190	471.26460	3	58.6324	2
1411.65930	706.83695	2	48.8003	2
1411.71670	471.57950	3	70.9306	2
1411.82955	706.92205	2	73.5177	2
1412.64370	707.32910	2	90.2974	2
1412.73070	471.91750	3	74.4246	1
1412.77395	707.39425	2	51.9606	2
1412.81600	707.41530	2	83.6748	2
1412.83980	471.95385	3	67.6718	2
1412.84050	707.42750	2	67.7306	2
1413.67435	707.84445	2	38.3092	2
1413.76690	707.89075	2	62.3194	2
1413.80990	472.27725	3	66.2433	2
1414.72365	708.36910	2	61.4308	2
1414.73055	472.58410	3	48.2501	2
1414.73120	708.37285	2	48.3095	2
1414.73185	708.37320	2	82.4748	2
1415.64875	708.83165	2	93.7599	2
1415.67815	472.90000	3	44.9495	2
1415.69000	708.85230	2	58.5687	2
1415.72670	708.87060	2	46.7576	1
1415.76315	472.92830	3	41.0965	2
1416.72575	709.37015	2	65.4155	2
1416.77950	473.26710	3	59.9323	1
1417.66685	709.84070	2	69.0614	2
1417.66975	709.84215	2	56.1983	2
1417.68080	473.56755	3	47.4373	2
1417.68080	709.84765	2	47.4729	2
1417.68700	473.56960	3	59.7834	1
1417.71000	709.86230	2	74.9310	1
1417.71080	709.86270	2	74.8998	1
1418.69825	473.90670	3	43.9086	2
1418.70780	710.36120	2	58.7868	2
1418.70890	710.36175	2	81.2324	2
1418.77690	710.39575	2	90.4752	2
1419.66385	710.83920	2	58.0218	2
1419.69825	710.85640	2	52.1494	2
1419.69930	474.24040	3	52.1154	2
1419.75995	474.26055	3	52.3910	2
1419.81285	710.91370	2	81.9721	2
1420.65120	711.33290	2	47.5520	6
1421.80435	474.94205	3	64.5275	2
1422.59390	712.30420	2	37.8654	2
1422.59445	475.20540	3	37.8223	2
1422.67360	475.23180	3	41.7124	2
1422.68770	712.35110	2	66.1490	2
1422.75280	712.38370	2	79.4141	2
1423.67055	712.84255	2	83.0855	2
1424.66240	713.33845	2	68.9488	2
1424.71970	713.36715	2	67.4533	2
1424.75320	713.38390	2	59.7202	1
1425.67330	713.84390	2	74.5143	1
1425.80930	713.91190	2	74.6377	2
1425.81970	476.28050	3	63.2069	2
1426.79020	476.60400	3	44.2229	1
1427.64225	714.82840	2	47.0382	2
1427.72685	714.87070	2	53.4311	2
1427.79770	476.93980	3	58.6795	1
1427.79935	714.90695	2	83.5813	2
1428.71155	477.24445	3	46.9774	2
1428.78180	477.26785	3	77.5222	2
1428.78500	715.39980	2	77.5836	1
1429.75025	715.88240	2	64.3823	2
1429.75645	477.59275	3	61.1662	2
1429.75670	715.88565	2	61.2661	2
1429.76035	715.88745	2	52.6273	2
1429.79820	715.90640	2	98.8050	2
1430.73655	477.91945	3	51.6565	2
1430.76100	716.38775	2	91.9725	2
1431.28475	716.64965	2	87.0270	4
1431.69200	716.85330	2	87.8852	1
1431.78765	478.26980	3	66.6830	2
1431.79930	716.90695	2	80.6937	2
1432.71555	478.57915	3	46.2471	2
1432.71680	717.36570	2	46.2160	1
1433.62580	717.82015	2	75.9105	2
1434.74680	718.38065	2	74.4259	2
1435.66175	718.83815	2	39.1474	2
1435.76800	718.89130	2	63.6702	2
1436.69360	479.90515	3	56.6181	2
1436.69425	719.35440	2	56.6940	2
1436.70405	719.35930	2	69.1748	2
1436.76200	479.92795	3	52.7473	2
1436.78780	479.93655	3	63.1139	2
1436.78810	719.40130	2	63.1697	1
1437.69240	719.85345	2	64.3522	2
1438.58960	480.53715	3	31.0724	2
1439.64690	720.83075	2	48.9756	2
1439.79995	720.90725	2	73.7643	2
1439.80440	720.90950	2	97.0990	1
1440.81990	721.41720	2	80.2582	2
1441.63235	721.82345	2	77.9074	2
1441.83140	721.92300	2	87.2158	2
1442.64790	722.33125	2	84.8363	2
1442.66920	722.34190	2	52.1815	2
1442.68810	722.35130	2	80.7810	2
1442.72930	481.91705	3	50.4942	2
1443.67365	722.84410	2	44.3813	2
1443.77185	482.26455	3	65.7650	2
1443.81005	722.91230	2	74.6714	2
1443.84580	722.93020	2	80.5036	2
1444.66890	723.34170	2	56.9865	2
1444.67775	723.34615	2	85.9374	2
1444.73435	482.58540	3	51.5992	2
1444.74280	723.37865	2	71.4547	2
1444.76990	482.59725	3	61.7244	2
1444.81080	723.41270	2	88.8441	2
1446.71435	724.36445	2	62.5662	2
1447.69600	724.85530	2	65.2267	1
1447.74055	724.87755	2	68.5500	2
1447.75590	483.59255	3	57.6411	2
1448.71405	725.36430	2	57.5842	2
1448.73725	725.37590	2	78.0646	2
1448.74545	725.38000	2	83.8855	2
1449.67830	725.84640	2	63.1136	2
1449.71325	725.86390	2	74.8588	2
1449.86660	484.29610	3	61.3245	2
1449.86680	725.94070	2	61.4173	1
1449.88585	725.95020	2	87.0451	2
1450.72490	726.36975	2	82.7843	2
1450.73710	726.37580	2	90.6930	2
1450.78905	484.60360	3	52.5095	4
1451.66445	484.89545	3	49.7584	2
1451.82150	484.94780	3	67.0461	1
1452.76995	485.26390	3	58.4791	2
1452.79770	727.40615	2	91.6560	2
1453.76255	727.88855	2	57.0740	2
1454.72960	728.37205	2	79.9097	2
1454.87045	485.96410	3	77.8044	2
1454.87180	728.44320	2	77.7125	2
1455.69500	486.23895	3	68.6627	2
1455.69970	728.85710	2	68.7395	2
1455.83700	728.92580	2	81.9490	2
1457.66320	729.83890	2	41.7200	1
1457.78895	729.90175	2	82.5709	2
1457.78920	486.93700	3	82.5305	2
1458.68320	730.34890	2	76.4317	1
1458.74570	487.25580	3	77.3118	2
1459.67270	730.84360	2	75.8048	1
1459.70570	730.86015	2	59.3211	2
1459.70975	730.86215	2	68.2531	2
1459.74255	730.87855	2	64.2317	2
1459.84005	487.62065	3	76.7519	2
1459.84135	730.92795	2	76.8092	2
1461.72120	488.24770	3	52.8480	1
1461.83795	731.92625	2	78.2696	2
1461.83805	488.28665	3	78.1509	2
1462.68965	732.35210	2	65.5997	2
1462.73120	732.37290	2	71.1957	1
1462.76780	732.39120	2	68.7937	1
1463.27095	732.64275	2	62.3160	4
1463.67470	488.89885	3	63.5219	2
1463.70890	488.91020	3	67.1570	2
1463.70960	732.86205	2	66.9211	2
1463.70995	732.86225	2	80.7575	2
1463.74135	488.92105	3	72.9382	2
1463.75280	732.88365	2	72.7097	2
1464.75065	489.25750	3	82.6868	2
1464.76340	733.38900	2	69.4048	1
1464.79310	489.27165	3	66.4879	6
1464.79520	733.40485	2	68.4755	2
1464.79570	733.40510	2	62.3262	2
1465.73595	733.87525	2	87.6989	2
1465.75840	733.88650	2	81.5913	1
1466.66410	489.89530	3	44.7157	2
1466.67865	734.34660	2	75.3542	2
1466.74240	734.37850	2	89.6344	1
1466.77350	489.93180	3	44.8493	2
1467.24555	734.63005	2	85.4031	4
1468.31520	490.44565	3	57.2859	4
1468.68765	735.35110	2	53.9528	2
1470.74680	491.25620	3	66.8117	2
1470.74740	491.25640	3	57.0100	2
1470.79815	736.40635	2	89.7756	2
1470.84695	736.43075	2	83.9665	2
1471.70925	736.86190	2	54.7753	2
1471.72670	491.58285	3	41.5921	2
1471.74210	736.87835	2	65.7295	2
1471.75815	491.59330	3	67.7549	2
1472.71495	491.91225	3	46.1556	2
1472.73660	737.37555	2	58.4127	2
1472.73685	491.91955	3	58.3505	2
1472.75650	737.38550	2	81.7872	1
1472.77500	491.93225	3	60.2860	2
1473.76205	492.26130	3	72.3487	2
1473.76210	492.26130	3	75.5841	1
1474.76730	738.39090	2	79.8226	2
1475.77405	492.93195	3	63.6481	2
1476.68930	739.35190	2	53.3367	1
1476.70905	739.36180	2	65.6022	2
1477.74480	739.87970	2	85.4998	2
1477.76040	739.88745	2	73.0063	2
1478.64175	740.32815	2	48.9195	2
1478.77855	740.39655	2	75.1122	2
1479.73495	740.87475	2	78.0646	2
1480.68885	494.57025	3	36.8211	2
1480.71680	741.36570	2	86.1761	2
1480.78880	494.60350	3	65.3908	2
1480.83640	494.61940	3	59.6999	2
1482.80710	742.41080	2	87.6253	1
1482.81150	742.41305	2	90.6634	2
1482.83125	742.42290	2	68.9780	2
1483.71230	495.57805	3	62.4860	2
1483.74565	495.58915	3	30.4406	2
1483.76425	742.88940	2	76.9772	2
1484.68190	743.34825	2	44.2713	2
1484.80940	743.41200	2	83.8984	2
1484.82205	495.94795	3	75.7842	2
1484.82300	743.41875	2	75.8528	2
1485.82220	496.28135	3	88.3236	2
1485.82620	743.92040	2	88.3044	2
1486.72025	496.58070	3	76.6016	2
1486.76300	744.38875	2	71.9497	2
1486.77725	496.59970	3	54.8108	2
1486.78290	744.39870	2	67.8188	2
1486.78320	496.60170	3	67.9195	1
1488.64875	745.33165	2	49.5775	2
1488.74310	497.25495	3	45.7875	2
1488.74330	745.37890	2	45.8596	1
1488.79470	497.27215	3	60.2237	2
1489.70340	745.85900	2	58.7105	1
1489.70480	497.57550	3	58.6751	1
1490.72880	497.91685	3	58.7773	2
1491.81235	746.91345	2	90.4426	2
1492.71080	747.36270	2	48.6021	2
1492.74020	498.58730	3	77.0654	2
1492.80710	498.60960	3	77.4672	2
1493.64890	498.89020	3	39.5825	3
1493.64940	747.83200	2	39.6415	1
1493.74680	498.92290	3	57.2095	2
1493.75035	747.88245	2	57.1498	2
1493.78395	498.93525	3	73.2232	2
1495.74160	499.58780	3	69.8895	1
1495.84035	748.92745	2	82.2844	2
1495.85560	499.62580	3	83.1353	2
1495.85720	748.93585	2	83.2544	2
1495.87135	499.63105	3	70.3725	2
1496.68645	749.35050	2	86.2332	2
1496.73020	499.91730	3	65.7812	1
1496.76265	499.92815	3	57.5236	2
1496.76410	749.38935	2	65.4476	2
1496.78515	749.39985	2	71.7764	2
1496.82495	749.41975	2	92.6689	2
1498.76210	750.38835	2	75.9301	2
1498.77950	750.39705	2	69.1231	2
1498.79820	500.60670	3	47.8704	1
1498.84055	750.42755	2	85.7813	2
1499.71395	500.91190	3	56.6255	2
1499.77890	750.89670	2	86.5206	1
1499.80320	500.94170	3	83.7326	1
1500.76245	501.26140	3	56.9239	2
1500.79450	751.40450	2	60.2238	2
1500.79535	501.27235	3	60.1924	2
1500.81600	501.27925	3	70.1754	2
1500.81680	501.27950	3	66.0508	1
1501.28725	751.65090	2	72.9493	4
1501.71660	501.57950	3	51.8990	2
1501.71705	751.86580	2	51.9712	2
1501.81455	751.91455	2	78.7103	2
1501.84460	501.62210	3	50.3720	2
1502.70140	501.90770	3	54.1255	1
1502.74820	752.38140	2	88.8441	2
1503.71850	752.86650	2	53.9986	1
1503.75060	752.88255	2	76.4556	2
1503.79410	752.90430	2	86.7429	1
1503.79455	752.90455	2	81.5730	2
1504.74945	502.59040	3	55.1015	2
1504.79800	753.40625	2	69.9444	2
1504.87640	502.63275	3	81.4834	2
1505.65315	502.89165	3	48.1092	2
1505.70855	502.91015	3	57.7482	2
1505.72630	502.91600	3	62.0728	2
1505.91935	753.96695	2	94.1057	2
1506.73600	754.37530	2	90.3309	1
1506.79420	754.40440	2	66.8849	2
1506.79460	754.40460	2	61.0953	2
1507.71340	503.57840	3	64.6535	2
1507.73410	503.58530	3	53.4363	2
1508.74295	755.37875	2	87.8230	2
1508.81380	503.94520	3	49.6767	2
1508.81500	755.41480	2	49.6578	2
1509.65780	504.22650	3	47.6370	2
1509.65915	755.83685	2	47.6759	2
1509.74720	504.25630	3	52.9159	2
1510.70635	756.36045	2	71.2441	2
1510.71240	504.57805	3	58.8058	2
1510.71480	756.36470	2	58.8361	2
1510.74600	756.38030	2	75.5015	2
1510.75290	504.59160	3	58.7002	1
1511.71480	504.91220	3	43.3107	3
1511.71480	756.86465	2	43.3348	2
1511.79185	756.90320	2	100.2901	2
1511.85625	756.93540	2	81.5085	2
1512.79980	757.40720	2	84.8771	1
1512.87775	757.44615	2	85.8866	2
1512.87800	505.29990	3	86.0676	1
1513.69520	757.85485	2	69.6158	2
1513.75055	757.88255	2	78.4180	2
1513.87335	757.94395	2	97.8941	2
1514.72275	505.91485	3	57.6368	2
1514.72440	758.36950	2	57.6925	1
1514.80005	758.40730	2	67.0511	2
1514.80095	758.40775	2	92.3426	2
1514.85680	758.43570	2	90.9993	2
1515.71820	758.86635	2	78.6649	2
1515.71910	506.24695	3	78.7634	2
1515.75260	506.25815	3	34.0352	2
1515.75375	758.88415	2	34.0460	2
1515.75440	758.88450	2	51.4219	1
1515.76365	758.88910	2	89.7811	2
1515.77150	506.26445	3	79.3198	2
1515.82285	758.91870	2	79.9437	2
1516.77890	759.39675	2	75.2366	2
1516.79880	506.60685	3	49.7393	2
1516.80060	759.40755	2	80.4393	2
1516.83370	759.42410	2	80.9799	2
1517.22350	506.74845	3	54.5798	4
1517.73030	759.87245	2	63.2091	2
1517.73785	759.87620	2	70.5300	2
1517.80995	506.94390	3	77.5281	2
1517.81005	759.91230	2	77.6277	2
1518.79465	760.40460	2	84.9873	2
1518.92495	507.31560	3	63.9382	2
1519.74615	760.88035	2	64.3217	2
1520.71840	761.36650	2	78.3829	1
1520.73720	761.37585	2	53.6569	2
1520.78810	761.40130	2	71.2012	1
1521.79215	508.27130	3	45.6437	2
1523.86825	508.96335	3	77.9999	2
1523.88225	762.94840	2	90.9725	2
1524.63350	509.21840	3	54.8310	1
1524.74085	763.37770	2	72.7388	2
1524.82960	509.28380	3	70.2281	1
1526.72170	764.36810	2	86.0947	1
1526.73235	509.91805	3	35.3270	2
1526.73580	764.37520	2	35.4717	1
1527.71115	510.24430	3	36.5813	2
1528.80005	765.40730	2	73.2777	2
1528.81110	510.61095	3	70.2686	2
1529.66340	765.83900	2	39.4145	2
1529.66380	510.89520	3	39.3666	3
1529.80910	765.91180	2	87.7817	1
1529.84050	510.95410	3	65.0945	2
1529.85695	510.95960	3	80.7490	2
1530.72030	511.24735	3	50.9142	2
1530.80405	511.27530	3	67.4005	2
1531.69815	511.57330	3	65.1778	2
1531.77490	766.89475	2	66.2065	2
1531.80040	766.90745	2	69.1419	2
1531.81555	766.91505	2	86.1082	2
1532.79695	767.40575	2	72.6212	2
1532.82010	767.41730	2	82.9839	2
1533.72770	767.87115	2	71.9578	2
1533.74375	512.25520	3	36.4329	2
1533.74445	512.25540	3	50.9859	2
1533.74770	767.88110	2	68.8281	2
1533.79835	767.90645	2	98.4315	2
1533.79905	767.90680	2	73.9348	2
1534.29735	768.15595	2	74.7105	4
1535.67060	512.89745	3	38.3984	2
1535.67880	768.84665	2	60.6874	2
1535.78505	512.93565	3	69.2979	2
1537.72105	513.58095	3	80.4093	2
1538.82360	770.41905	2	79.4397	2
1540.80700	514.60960	3	63.9601	2
1541.78785	514.93655	3	59.0496	2
1541.78800	771.90130	2	59.1224	2
1541.81705	771.91580	2	70.0477	2
1541.82975	771.92215	2	76.2018	2
1541.83155	514.95110	3	76.2914	2
1542.77180	515.26455	3	55.0121	2
1542.79005	772.40230	2	62.1714	2
1546.69825	774.35640	2	67.3002	2
1547.67370	774.84415	2	63.2327	2
1547.77270	516.93150	3	55.1256	2
1547.81935	774.91695	2	84.0317	2
1547.82115	774.91785	2	71.4491	2
1547.82590	516.94920	3	63.4529	1
1547.83140	516.95105	3	59.1102	2
1547.83185	774.92320	2	59.1194	2
1548.77885	517.26690	3	71.6500	2
1548.77900	775.39675	2	71.5904	2
1548.80035	517.27405	3	62.1418	2
1548.92440	775.46950	2	80.8752	2
1549.59990	775.80725	2	46.3141	2
1549.74335	775.87895	2	63.9737	2
1549.74510	517.58900	3	63.8142	2
1549.83135	775.92295	2	73.9040	2
1550.68890	517.90355	3	34.8201	2
1550.74060	517.92080	3	52.2766	2
1550.74335	776.37895	2	52.3461	2
1550.76960	517.93045	3	58.3174	2
1550.76985	776.39220	2	58.3552	2
1551.71705	518.24630	3	37.4386	2
1551.76970	776.89210	2	68.6222	1
1551.77510	518.26565	3	40.4464	2
1551.84575	776.93015	2	91.0646	2
1552.73330	518.58500	3	68.0151	1
1553.83120	777.92290	2	82.2005	2
1553.83230	518.95140	3	82.2313	1
1555.73945	778.87700	2	72.8512	2
1555.74890	519.59020	3	52.7150	2
1555.76330	519.59505	3	56.5051	2
1555.79010	778.90230	2	84.1316	2
1555.84630	778.93040	2	82.7508	1
1555.85740	519.62640	3	35.1254	1
1555.88385	519.63520	3	78.6427	2
1556.84480	779.42970	2	91.6837	2
1557.78375	779.89915	2	80.4723	2
1558.77475	780.39465	2	68.0935	2
1559.61070	780.81260	2	73.9873	1
1559.82245	780.91850	2	88.4626	2
1560.30655	781.16055	2	79.6760	4
1560.80730	781.41090	2	85.9876	1
1560.84070	781.42765	2	86.5984	2
1560.84200	781.42830	2	79.8196	2
1560.84630	521.28940	3	65.8139	1
1561.78160	521.60110	3	82.9437	1
1561.78910	781.90180	2	77.3002	2
1561.83580	781.92520	2	88.6497	2
1562.77265	521.93150	3	67.9665	2
1563.80490	522.27560	3	74.3641	2
1563.80655	782.91055	2	74.1905	2
1564.71665	522.57950	3	54.3132	2
1564.71695	783.36575	2	54.3750	2
1564.74215	783.37835	2	56.7472	2
1565.83215	522.95135	3	67.7388	2
1567.82655	784.92055	2	82.4956	2
1569.87785	785.94620	2	77.4044	2
1569.91505	785.96480	2	88.2930	2
1570.74490	524.58890	3	53.0459	1
1570.80965	786.41210	2	59.8918	2
1570.82365	786.41910	2	84.6973	2
1571.68580	524.90255	3	56.7476	2
1572.78325	787.39890	2	59.3581	2
1572.83115	525.28430	3	80.0388	2
1572.83480	787.42470	2	80.1583	1
1573.68585	525.56920	3	43.1617	2
1573.76365	787.88910	2	66.3377	2
1573.78290	787.89870	2	88.1026	2
1573.82815	787.92135	2	82.0442	2
1574.71145	788.36300	2	71.8283	2
1576.75430	789.38445	2	75.7583	2
1577.77075	789.89265	2	91.5434	2
1577.78895	789.90175	2	76.6593	2
1578.26180	527.09455	3	73.6068	4
1578.75380	790.38420	2	74.3007	1
1578.83845	527.28675	3	71.5665	2
1578.85285	527.29155	3	57.7219	2
1578.87400	527.29860	3	84.4995	2
1578.87550	790.44505	2	84.5052	2
1580.70000	527.90730	3	42.0799	2
1580.80480	527.94220	3	63.0505	2
1580.86120	791.43790	2	96.0842	1
1580.92930	527.98370	3	76.7872	2
1581.76580	791.89015	2	66.7168	2
1582.87050	792.44250	2	72.2077	2
1583.86770	528.96315	3	71.5033	2
1584.74170	529.25450	3	67.5433	1
1585.82220	529.61465	3	66.4014	2
1586.18115	794.09785	2	64.2336	4
1586.87000	794.44230	2	86.8127	3
1587.85470	794.93460	2	87.1611	1
1587.85690	530.29290	3	65.7593	2
1588.72835	795.37145	2	71.3541	2
1588.75755	530.59310	3	59.5671	2
1589.82110	530.94765	3	84.9433	2
1589.82170	795.91810	2	84.8793	2
1590.76330	796.38890	2	79.3679	1
1590.79445	531.27210	3	87.2429	2
1590.79650	796.40555	2	82.6283	2
1591.74780	531.58985	3	45.2043	2
1591.74940	796.88200	2	45.2383	2
1591.80320	531.60830	3	59.8046	1
1591.80335	796.90895	2	59.8363	2
1591.86055	796.93755	2	87.6580	2
1592.82065	531.94750	3	67.9086	2
1592.83020	797.42235	2	71.0028	2
1592.91490	797.46470	2	73.1900	2
1593.74270	532.25480	3	56.1274	2
1593.74350	797.87905	2	56.1961	2
1593.76260	797.88860	2	84.9433	2
1593.94915	797.98185	2	83.0769	2
1594.74830	532.59005	3	72.0166	2
1595.80375	798.90915	2	93.1384	2
1595.86410	532.96195	3	51.3149	2
1596.76765	533.26315	3	53.7485	2
1596.77865	799.39660	2	69.0069	2
1596.80130	799.40790	2	54.6535	2
1597.86860	799.94160	2	71.1377	2
1597.88140	799.94800	2	82.2897	2
1598.84365	533.95515	3	83.4533	2
1598.84990	800.43220	2	83.2911	3
1599.78810	800.90130	2	43.8106	1
1599.84865	800.93160	2	75.4732	2
1599.89820	534.30670	3	78.2118	2
1599.90195	534.30790	3	64.2889	2
1599.90360	800.95910	2	64.3372	1
1600.29225	534.43800	3	64.5788	4
1600.77890	801.39670	2	77.7471	2
1600.84240	534.62140	3	65.4715	2
1600.86835	801.44145	2	64.7784	2
1601.72660	801.87060	2	53.1919	2
1602.73860	535.25350	3	62.0673	1
1602.80150	802.40805	2	77.1272	2
1602.86225	802.43840	2	73.8246	2
1603.81055	802.91255	2	82.0151	2
1604.74650	803.38050	2	65.2376	1
1604.78310	535.93500	3	69.4032	2
1605.81560	803.91510	2	77.7340	1
1606.87430	804.44440	2	81.8169	1
1607.84560	804.93010	2	86.1054	2
1607.90400	536.97530	3	80.9743	2
1609.83670	537.61950	3	90.2330	2
1609.83850	805.92655	2	90.3336	2
1610.72050	806.36750	2	66.2301	1
1610.78360	537.93515	3	66.0937	2
1610.90940	806.46195	2	99.1342	2
1610.97250	537.99810	3	72.1342	1
1611.79015	806.90235	2	75.6604	2
1611.79050	806.90255	2	65.7048	2
1612.87255	807.44355	2	90.1089	2
1612.90500	538.64225	3	77.9655	2
1613.84140	538.95440	3	70.4172	1
1613.90575	807.96015	2	81.6727	2
1614.76275	808.38865	2	89.8720	2
1614.84160	808.42810	2	78.3112	2
1615.75990	539.59390	3	58.5097	2
1615.85790	539.62655	3	73.7643	2
1616.73180	539.91790	3	48.6496	2
1616.78015	809.39735	2	75.6948	2
1616.84420	809.42940	2	93.4105	1
1616.92600	539.98260	3	62.6461	1
1617.78570	809.90015	2	45.2734	2
1617.83780	809.92620	2	78.5816	2
1619.90590	540.97590	3	84.2435	1
1620.86155	541.29445	3	87.1117	2
1620.86395	811.43925	2	87.1061	2
1621.82725	811.92090	2	85.4997	2
1621.87410	811.94430	2	71.5338	2
1622.76630	541.92935	3	38.7212	2
1622.79780	541.93990	3	82.7527	2
1622.79960	812.40705	2	82.8306	2
1622.82745	812.42100	2	68.8859	2
1623.86180	812.93820	2	88.7610	1
1625.77450	813.89450	2	78.4542	2
1625.77710	813.89580	2	81.6728	2
1625.83115	542.95095	3	85.4044	2
1625.87500	542.96560	3	67.2054	1
1626.85735	543.29305	3	58.1360	2
1626.85935	814.43695	2	58.1683	2
1627.74910	814.88180	2	68.0258	2
1628.79250	815.40355	2	95.2717	2
1628.79270	543.93820	3	95.3680	1
1628.81630	815.41540	2	57.5844	2
1628.81700	543.94625	3	57.5165	2
1629.78075	544.26750	3	57.2798	2
1629.87400	815.94425	2	70.2796	2
1629.88460	815.94960	2	89.8114	2
1630.84520	816.42990	2	83.1368	1
1630.84610	544.62260	3	83.0160	2
1631.75500	544.92560	3	40.2323	1
1631.88765	544.96980	3	74.4941	2
1631.92525	544.98235	3	72.5923	2
1631.92695	816.97075	2	72.6721	2
1632.77915	545.26700	3	47.2117	2
1632.89970	545.30720	3	41.1607	1
1633.84365	545.62180	3	80.6936	2
1633.85650	545.62610	3	62.8237	2
1634.82965	545.95050	3	45.6779	2
1634.88825	545.97005	3	54.5946	2
1635.76430	546.26200	3	55.4769	2
1635.79650	818.90550	2	82.6823	1
1636.94060	819.47760	2	92.7766	2
1638.84050	547.28745	3	76.8461	2
1639.74000	820.87725	2	62.9442	2
1639.87595	820.94525	2	78.9454	2
1639.87650	547.63280	3	78.8839	2
1639.88275	820.94865	2	96.0554	2
1639.88330	547.63505	3	96.4396	2
1639.93180	820.97320	2	91.3391	1
1640.84800	547.95660	3	48.1627	2
1641.88430	821.94945	2	85.1111	2
1642.69070	822.35260	2	47.7576	2
1642.80675	822.41065	2	59.8538	2
1642.85370	822.43415	2	49.3722	2
1642.85400	548.62530	3	49.3188	3
1642.88350	548.63510	3	80.4722	2
1643.79050	548.93740	3	48.0464	2
1643.82860	822.92160	2	75.6866	2
1643.84090	548.95425	3	67.5198	2
1644.75760	823.38610	2	78.3574	1
1644.84345	412.21815	4	43.0317	2
1645.90420	549.64200	3	68.4262	2
1646.83905	549.95365	3	62.2639	2
1646.87065	549.96415	3	74.3443	2
1648.96870	413.24945	4	59.4343	2
1648.97115	550.66435	3	59.3823	2
1649.93575	825.97515	2	77.6778	2
1651.90380	826.95920	2	89.5524	2
1651.92620	551.64930	3	85.7578	2
1651.92810	826.97135	2	85.7229	2
1653.87275	552.29820	3	76.9414	2
1653.92125	552.31435	3	77.7124	2
1654.78915	828.40185	2	71.3909	2
1654.82125	552.61435	3	79.1999	2
1654.89425	828.45440	2	81.9177	2
1655.76375	552.92850	3	49.9200	2
1657.82045	829.91750	2	89.5798	2
1658.79070	553.93750	3	55.2646	2
1658.83525	830.42490	2	79.6038	2
1659.91070	554.31085	3	80.1312	2
1659.91150	830.96300	2	80.2667	2
1660.73250	554.58475	3	65.8328	2
1660.84330	554.62170	3	63.3407	1
1660.84970	554.62380	3	66.0268	1
1661.90530	831.95995	2	78.7919	2
1662.80050	555.27410	3	52.9644	1
1662.80150	555.27440	3	53.0247	1
1662.83000	832.42230	2	70.4309	2
1662.83010	555.28400	3	70.5457	1
1663.79825	555.60670	3	72.8932	2
1664.72685	833.37070	2	67.3342	2
1664.77890	833.39670	2	84.3084	1
1664.81060	833.41255	2	79.9968	2
1664.84370	833.42915	2	73.9206	2
1666.86855	556.63015	3	77.8644	2
1666.87670	834.44560	2	81.6670	2
1666.91865	834.46660	2	83.3613	2
1667.71395	556.91190	3	68.8646	2
1667.81505	556.94560	3	58.8487	2
1667.86300	834.93875	2	77.8025	2
1668.81310	557.27830	3	58.2933	2
1669.85395	835.93425	2	72.1961	2
1670.83445	836.42450	2	97.7035	2
1670.88350	557.96845	3	56.2503	2
1671.71700	558.24630	3	51.7832	2
1672.72230	558.58135	3	43.4237	2
1673.89940	558.97370	3	77.4516	1
1673.90060	837.95760	2	77.3644	2
1674.88200	838.44830	2	92.9280	2
1675.73740	419.94160	4	31.2761	3
1675.73780	559.58650	3	31.2460	3
1676.81640	839.41545	2	67.8844	2
1677.81350	560.27845	3	71.4785	2
1678.00395	560.34190	3	66.6399	2
1681.82175	841.91815	2	76.4416	2
1681.90145	561.64105	3	81.1231	2
1681.90165	841.95810	2	81.0598	2
1681.92740	561.64970	3	94.5286	1
1681.93900	841.97680	2	94.4620	1
1682.80060	842.40755	2	88.5860	2
1682.89425	842.45440	2	79.9777	2
1682.90300	561.97490	3	85.8113	1
1682.93280	561.98485	3	82.3148	2
1683.88480	842.94970	2	77.8728	2
1684.74085	562.58755	3	27.3405	2
1684.74130	422.19265	4	27.3675	2
1684.91600	843.46525	2	81.6016	2
1685.91500	562.97895	3	66.3587	2
1687.91700	844.96580	2	89.0331	2
1688.88190	845.44825	2	84.4148	2
1689.22590	564.08255	3	33.5437	4
1689.22655	423.31390	4	33.4846	2
1689.84100	564.28760	3	59.3523	2
1689.90955	564.31045	3	95.4373	2
1690.96120	564.66100	3	64.6497	2
1692.81880	565.28020	3	84.7741	1
1692.81945	847.41700	2	84.7178	2
1692.96340	565.32840	3	91.6153	1
1692.97050	847.49255	2	91.4894	2
1693.94325	565.65500	3	83.4323	2
1694.80175	565.94120	3	51.0483	2
1694.83840	565.95340	3	48.7960	1
1695.32955	848.67205	2	70.1618	4
1696.77470	849.39465	2	63.9108	2
1696.84225	849.42840	2	87.0533	2
1696.90715	849.46085	2	86.2716	2
1696.90805	566.64330	3	86.4101	2
1697.90315	566.97495	3	79.0974	2
1697.90495	849.95975	2	79.0768	2
1698.00880	567.01020	3	83.9634	2
1698.01100	850.01275	2	84.0372	2
1698.89895	567.30690	3	85.4649	2
1698.89960	850.45710	2	85.4289	2
1698.90295	567.30825	3	59.4610	2
1699.86815	567.63000	3	76.8548	2
1700.91145	851.46300	2	81.1703	2
1701.87015	568.29730	3	61.8520	2
1703.81600	568.94595	3	61.2956	2
1703.92110	568.98095	3	64.2399	2
1704.72900	569.25030	3	28.1509	2
1704.72905	427.18955	4	28.2435	2
1704.91780	569.31320	3	71.4221	2
1705.83890	853.92675	2	48.0226	2
1705.88380	853.94920	2	70.5141	1
1705.91970	569.64720	3	68.2065	1
1706.32910	569.78360	3	47.4445	4
1706.37605	569.79930	3	71.8502	4
1706.88760	854.45105	2	89.3694	2
1706.90420	854.45940	2	84.3614	3
1706.90480	569.97555	3	85.9880	6
1707.80545	854.91000	2	81.9571	2
1707.88925	854.95190	2	95.0197	2
1707.89720	570.30630	3	78.3462	5
1707.97860	854.99655	2	79.5369	2
1707.98035	570.33405	3	79.6190	2
1708.76170	570.59450	3	56.8078	1
1709.98240	571.00140	3	77.0832	1
1710.01910	571.01365	3	81.3822	2
1712.88975	857.45215	2	67.2641	2
1712.93835	571.98670	3	69.6708	2
1714.89960	858.45710	2	63.5330	2
1714.89980	572.64050	3	63.4847	2
1714.90515	858.45985	2	71.3820	2
1717.86530	573.62905	3	72.7724	2
1717.86560	859.94010	2	72.7679	2
1720.90585	861.46020	2	78.4919	2
1721.76245	861.88850	2	38.7269	2
1721.86335	861.93895	2	75.7525	2
1722.87450	575.29880	3	76.8892	3
1722.89600	575.30590	3	77.0973	1
1723.02500	575.34895	3	70.6220	2
1723.02720	862.52090	2	70.5860	2
1724.94000	575.98730	3	81.6886	2
1725.82700	863.92080	2	67.6966	1
1725.95275	863.98365	2	86.9475	2
1726.01370	576.34520	3	83.2986	2
1726.93590	576.65260	3	74.7021	2
1728.78880	577.27020	3	64.4440	2
1728.93345	577.31840	3	60.4607	2
1729.00595	577.34255	3	83.8854	2
1730.75830	577.92670	3	65.5425	2
1730.89630	866.45540	2	73.6960	2
1731.04825	578.02335	3	90.6088	2
1731.93135	866.97295	2	87.4372	2
1733.87405	578.96530	3	76.7640	2
1735.87850	579.63345	3	79.8455	2
1735.96815	868.99135	2	99.2931	2
1736.84345	579.95510	3	81.2819	2
1736.84555	869.43005	2	81.2468	2
1737.92650	580.31610	3	79.6290	2
1738.80425	870.40940	2	69.2366	2
1738.81945	580.61375	3	60.9188	2
1738.82070	580.61415	3	66.8059	2
1739.84805	580.95660	3	71.1530	2
1739.88515	580.96900	3	69.0936	2
1740.84070	871.42760	2	82.0047	1
1742.87345	581.96510	3	68.2822	2
1743.79475	872.90465	2	68.4178	2
1743.81185	872.91320	2	51.8353	2
1743.86665	582.29615	3	50.1679	2
1743.98015	872.99735	2	97.3953	2
1744.90075	582.64085	3	72.4406	2
1745.83620	582.95270	3	60.4761	1
1745.91430	582.97870	3	75.0895	2
1745.93550	873.97500	2	83.8275	1
1746.79085	874.40270	2	91.2921	2
1746.81555	874.41505	2	75.4457	2
1748.87230	583.96470	3	63.9557	1
1748.96900	583.99690	3	68.3391	1
1749.86450	584.29540	3	62.7862	2
1749.86550	875.94005	2	62.7160	2
1750.00980	584.34385	3	57.2642	2
1750.01235	876.01345	2	57.3372	2
1752.98610	585.33595	3	87.5175	2
1752.99070	877.50265	2	87.4614	2
1753.84810	585.62330	3	53.8031	1
1755.85995	878.93725	2	71.6556	2
1755.90670	878.96065	2	91.8689	2
1756.88940	586.63705	3	80.3181	2
1756.89075	879.45265	2	80.2192	2
1757.92390	586.98190	3	75.2389	2
1758.79235	880.40345	2	49.7691	2
1758.83205	587.28465	3	78.2143	2
1759.84750	587.62310	3	66.5760	1
1760.92035	587.98075	3	81.4228	2
1760.94090	881.47770	2	89.2172	2
1761.89940	588.30710	3	75.0433	1
1762.84230	882.42840	2	77.1213	2
1763.83285	882.92370	2	62.6895	2
1764.81570	589.27920	3	64.9177	5
1764.99545	883.50500	2	94.0328	2
1764.99650	589.33940	3	94.1001	1
1765.86600	883.94030	2	81.4039	1
1765.89065	883.95260	2	66.2641	2
1766.94635	884.48045	2	85.2672	2
1767.82140	590.28110	3	65.5128	2
1767.84775	590.28985	3	90.3664	2
1767.97740	590.33305	3	90.5755	2
1768.90310	885.45880	2	80.9091	2
1769.02115	590.68100	3	81.8854	2
1769.91760	885.96605	2	67.8823	2
1770.00520	886.00990	2	92.8567	1
1770.00550	591.00910	3	75.1368	2
1771.91410	591.64530	3	76.8077	1
1772.33480	887.17465	2	77.9295	4
1774.88600	888.45025	2	59.6736	2
1774.88780	592.63650	3	59.6525	3
1776.83040	889.42245	2	64.3821	2
1776.89670	593.30615	3	68.1292	2
1778.98985	594.00385	3	72.9214	2
1778.99240	890.50350	2	72.8212	2
1779.80365	445.95820	4	52.6038	2
1779.98850	891.00150	2	74.4546	1
1780.40475	594.47550	3	54.6277	4
1782.87575	595.29920	3	76.9632	2
1784.88025	595.96735	3	63.2411	2
1784.88360	893.44905	2	63.3380	2
1784.91600	595.97925	3	56.3719	2
1785.88765	893.95110	2	89.5221	2
1788.91215	597.31130	3	37.0712	2
1789.93110	895.97285	2	83.1408	2
1792.91140	598.64440	3	62.6327	2
1793.87620	897.94540	2	90.7147	1
1793.92325	897.96890	2	85.5319	2
1794.81755	898.41605	2	64.2700	2
1794.86045	898.43750	2	82.8572	2
1794.98590	898.50025	2	80.5350	2
1796.85695	599.95960	3	75.5601	2
1796.88145	599.96775	3	85.3444	2
1796.97100	599.99760	3	85.9398	1
1796.97940	600.00040	3	72.1132	2
1801.00055	601.34080	3	83.6535	2
1804.86850	602.63010	3	66.7487	2
1804.89660	602.63945	3	79.0767	2
1804.97135	602.66440	3	79.6925	2
1805.36040	903.68750	2	66.1850	4
1805.38780	903.70115	2	74.3300	4
1806.82900	603.28360	3	63.3682	2
1806.88385	904.44920	2	69.8446	2
1809.91275	905.96365	2	74.0925	2
1809.99650	604.33945	3	74.3639	2
1809.99840	906.00650	2	74.4852	1
1813.94645	907.98050	2	84.7843	2
1814.80025	908.40740	2	81.5665	2
1814.80040	605.94075	3	81.4519	2
1814.96915	605.99700	3	67.2120	2
1817.86260	606.96145	3	70.4972	2
1817.90260	606.97480	3	50.6766	2
1820.89480	607.97220	3	73.9926	2
1820.91420	607.97865	3	80.2867	2
1821.06225	608.02800	3	85.3955	2
1821.84630	608.28935	3	81.8515	2
1821.89915	608.30695	3	54.2600	2
1823.90630	608.97605	3	69.5531	2
1825.86295	609.62825	3	56.6832	2
1825.86540	913.93995	2	56.8114	2
1825.89535	913.95495	2	68.2260	2
1827.93905	610.32030	3	75.2025	2
1827.96790	610.32990	3	66.4229	2
1827.97120	914.99290	2	66.3587	2
1828.91710	915.46580	2	85.3033	2
1828.95110	915.48285	2	74.4586	2
1828.99170	915.50310	2	84.8395	1
1830.85585	611.29255	3	65.0312	2
1832.00880	611.67685	3	73.8583	2
1832.86955	917.44205	2	82.6924	2
1832.91640	611.97940	3	77.6166	2
1833.90945	612.31040	3	78.4890	2
1833.93775	917.97615	2	81.3263	2
1833.96825	612.33005	3	89.4103	2
1835.79815	612.94000	3	60.8347	2
1836.04810	613.02330	3	74.7570	2
1838.11425	613.71205	3	75.3566	2
1838.95645	613.99275	3	65.1256	2
1840.89475	614.63885	3	79.3100	2
1841.01610	921.51535	2	71.0514	2
1841.01705	614.67965	3	71.1114	2
1841.85865	614.96015	3	50.5105	2
1842.93490	615.31890	3	66.4800	1
1842.97390	615.33190	3	72.9438	2
1844.89095	615.97090	3	64.1735	2
1844.91420	615.97865	3	68.6232	2
1845.99260	924.00360	2	87.7849	2
1845.99415	616.33865	3	87.6031	2
1846.79035	924.40245	2	73.0061	2
1846.93765	924.47610	2	76.0270	2
1846.96980	924.49220	2	86.1758	2
1851.89440	618.30540	3	83.0158	2
1852.02045	927.01750	2	84.2511	2
1853.92700	618.98295	3	62.2046	2
1854.93030	928.47240	2	93.4218	2
1856.86080	619.96090	3	56.1062	2
1856.87975	929.44715	2	83.9393	2
1859.94380	930.97920	2	73.4341	2
1860.94560	621.32250	3	90.2722	2
1860.95120	931.48285	2	90.2809	2
1860.99925	621.34035	3	76.9132	2
1861.98750	621.66980	3	84.5953	2
1862.81875	621.94685	3	61.4219	2
1862.87015	932.44235	2	88.2076	2
1863.99000	622.33725	3	90.0723	2
1864.88400	622.63525	3	74.1503	2
1866.01415	623.01200	3	83.1174	2
1867.84390	623.62190	3	55.0884	1
1868.83405	935.42430	2	64.6786	2
1872.89750	625.30640	3	54.7440	2
1873.94635	625.65605	3	77.3349	2
1875.87300	626.29830	3	72.3667	1
1876.99410	626.67195	3	76.3905	2
1880.97620	627.99935	3	64.2012	2
1881.02635	628.01605	3	81.2908	2
1882.97615	628.66600	3	72.3134	2
1882.97645	942.49550	2	72.2299	2
1883.88355	942.94905	2	76.9072	2
1883.92080	628.98085	3	71.8648	2
1884.87720	629.29965	3	68.2151	2
1885.87410	943.94435	2	66.6267	2
1885.91845	943.96650	2	85.2760	2
1885.92240	629.64810	3	85.4266	1
1886.87120	944.44290	2	64.5450	1
1886.90250	944.45850	2	70.0614	2
1886.90405	629.97530	3	69.9579	2
1888.00440	630.34205	3	82.8866	2
1890.93800	631.31990	3	71.2656	2
1890.94840	631.32340	3	75.5070	2
1892.06530	947.03995	2	84.1602	2
1893.97905	632.33360	3	59.5662	2
1903.93290	635.65160	3	78.8473	2
1904.97250	635.99810	3	76.5039	2
1904.97295	953.49375	2	76.5670	2
1909.97875	478.50200	4	72.5542	2
1909.99695	637.67295	3	77.1779	2
1910.17300	637.73160	3	80.6567	2
1911.89150	956.95300	2	73.8952	2
1912.00110	957.00785	2	82.5411	2
1912.91280	638.64485	3	34.4331	2
1912.99030	638.67070	3	75.3014	2
1913.09950	638.70710	3	72.0710	2
1915.05560	479.77115	4	75.9686	2
1915.47340	639.49840	3	70.4972	4
1916.95285	639.99155	3	67.3058	2
1918.85340	640.62505	3	47.9967	2
1919.76950	640.93040	3	40.9959	1
1921.00160	641.34115	3	83.9606	2
1921.93635	961.97545	2	97.3172	2
1923.88800	962.95130	2	80.0629	1
1924.02150	642.34775	3	79.3254	2
1927.00460	643.34210	3	91.3000	1
1930.94275	644.65485	3	84.5950	2
1932.83760	645.28645	3	58.7464	2
1934.07430	645.69870	3	88.2081	2
1935.07975	646.03385	3	80.1600	2
1935.93235	646.31805	3	66.5512	2
1937.92540	969.96995	2	93.2205	2
1937.94460	646.98880	3	79.8749	2
1938.95220	970.48340	2	80.7629	2
1939.01830	647.34670	3	76.0358	2
1941.88170	648.30115	3	58.6378	2
1942.04340	648.35505	3	77.5851	2
1942.47615	648.49930	3	86.5760	4
1942.84080	648.62090	3	61.6887	1
1942.96900	972.49180	2	87.5597	1
1942.98540	648.66910	3	75.9313	1
1944.98225	649.33470	3	67.6392	2
1946.05055	974.03255	2	70.3398	2
1947.92760	650.31645	3	73.4281	2
1947.98640	975.00045	2	81.2236	2
1947.98730	650.33635	3	81.3441	2
1950.97985	651.33390	3	72.8815	2
1951.99000	651.67060	3	72.3727	1
1951.99375	977.00415	2	88.7378	2
1953.94310	652.32160	3	75.6210	1
1954.89600	978.45530	2	81.8913	2
1955.94020	652.98735	3	60.0691	2
1956.06005	653.02725	3	82.6339	2
1956.90000	653.30730	3	66.8610	2
1956.95915	653.32700	3	64.0526	2
1956.99145	979.50300	2	76.3791	2
1961.02550	981.52000	2	88.7998	1
1961.05240	654.69140	3	89.0276	2
1961.05335	981.53395	2	89.0026	2
1963.05175	655.35785	3	76.0977	2
1966.93730	656.65305	3	75.7261	2
1970.98245	658.00145	3	61.6435	2
1973.06950	658.69710	3	60.6532	2
1976.02490	989.01970	2	95.9502	1
1978.89875	660.64015	3	36.9745	2
1979.03600	660.68590	3	88.2702	2
1984.02780	662.34990	3	80.0569	1
1984.02955	993.02205	2	80.0094	2
1985.95870	993.98660	2	73.4535	1
1988.04915	663.69030	3	71.8365	2
1989.02700	664.01625	3	74.9586	2
1992.06010	665.02730	3	80.6217	2
1994.00965	998.01210	2	94.6068	2
1999.91670	1000.96560	2	53.5146	1
2001.00170	668.00780	3	84.6669	1
2002.98625	668.66935	3	68.0069	2
2003.03415	668.68530	3	90.0662	2
2003.03915	1002.52685	2	90.1950	2
2004.09050	669.03740	3	79.7489	2
2009.03690	670.68620	3	59.2400	2
2009.08300	670.70160	3	77.9292	2
2011.00385	1006.50920	2	77.4571	2
2019.06640	674.02940	3	95.1431	1
2024.89550	1013.45500	2	56.5693	2
2026.12260	676.38150	3	86.3192	1
2026.12270	1014.06860	2	86.3594	1
2027.05780	676.69320	3	88.4433	2
2031.02840	678.01670	3	88.2584	2
2033.06215	678.69465	3	73.4542	2
2034.06070	679.02750	3	72.0510	2
2037.04185	680.02120	3	65.8193	2
2041.07740	681.36640	3	80.8237	2
2041.97640	681.66610	3	73.1965	3
2043.01195	1022.51325	2	83.0767	2
2043.01230	682.01135	3	82.9452	2
2043.03150	682.01780	3	77.6757	1
2047.98250	683.66810	3	48.5101	2
2048.05270	1025.03365	2	96.0256	2
2048.96190	683.99455	3	77.0230	2
2049.04000	684.02060	3	87.8028	1
2059.00555	687.34245	3	77.8754	2
2060.95145	687.99110	3	64.3027	2
2064.96205	1033.48830	2	84.9623	2
2067.99110	690.33765	3	69.5252	2
2070.95960	1036.48705	2	72.8121	2
2071.03600	691.35260	3	67.3590	1
2072.11620	691.71270	3	88.5945	2
2075.08165	692.70115	3	72.5017	2
2076.04980	693.02385	3	67.8707	2
2078.06450	693.69540	3	79.2213	1
2079.03075	694.01755	3	74.8009	2
2080.10265	521.03295	4	71.2050	2
2080.10575	694.37585	3	71.3627	2
2086.04355	1044.02905	2	89.1283	2
2089.05350	697.35840	3	75.6201	2
2092.08840	698.37005	3	74.6014	2
2093.98450	1047.99955	2	86.5035	2
2094.94345	699.32175	3	51.6838	2
2095.00455	699.34210	3	69.7327	2
2105.05660	702.69280	3	74.9485	5
2105.14620	702.72265	3	91.5237	2
2114.13030	705.71735	3	95.9826	2
2119.05400	707.35860	3	64.4325	1
2126.14040	709.72070	3	78.0405	1
2126.14340	1064.07900	2	77.9938	2
2131.13090	533.79000	4	85.5828	1
2131.18140	711.40105	3	84.4396	2
2137.12435	713.38205	3	70.7386	2
2143.09375	715.37185	3	82.3397	2
2148.10880	717.04350	3	62.0143	2
2151.09960	718.04050	3	78.7559	1
2156.01440	719.67875	3	66.4227	2
2169.12600	724.04925	3	77.0289	2
2170.02990	724.35055	3	76.8403	2
2180.98120	728.00100	3	67.3658	2
2181.13530	1091.57490	2	80.9357	1
2190.06750	731.02980	3	75.0137	2
2190.06775	1096.04115	2	74.9499	2
2201.11695	734.71295	3	74.0294	2
2205.01380	736.01185	3	72.2103	2
2205.10160	736.04110	3	100.1305	1
2205.10740	1103.56100	2	100.0154	2
2227.05355	1114.53405	2	55.5396	2
2227.05385	743.35855	3	55.5338	2
2236.11040	746.37740	3	86.3253	1
2250.02175	751.01450	3	46.8064	2
2269.25895	757.42695	3	84.0257	2
2279.05800	760.69330	3	69.2062	2
2282.08560	761.70245	3	64.5832	2
2282.23310	571.56555	4	70.3149	2
2291.01710	764.67965	3	67.6107	2
2291.01980	1146.51720	2	67.5905	2
2295.09390	766.03855	3	80.5034	2
2297.12410	766.71530	3	70.6432	2
2298.10900	767.04360	3	52.8535	1
2299.14770	767.38980	3	65.0472	1
2314.08720	772.36970	3	61.7709	1
2344.12900	782.38360	3	71.9607	2
2376.10160	793.04110	3	51.8592	1
2379.16265	595.79795	4	63.5218	2
2379.16650	794.06280	3	63.6385	1
2389.99145	797.67110	3	62.4679	2
2391.19500	798.07230	3	95.9336	1
2391.19675	1196.60565	2	95.8680	2
2401.30225	801.44135	3	82.8159	2
2416.23950	806.42040	3	85.4484	1
2427.24070	607.81750	4	61.4441	1
2435.25490	812.75890	3	65.9243	2
2440.35245	814.45810	3	92.3795	2
2460.19370	821.07185	3	86.3223	2
2525.29740	842.77310	3	86.9040	1
2532.23240	845.08475	3	74.7876	2
2549.47475	850.83215	3	84.4738	2
2549.96180	638.49775	4	85.1099	4
2589.27400	864.09860	3	71.5321	1
2620.21740	656.06160	4	65.6961	2
2804.27930	935.76705	3	78.1197	2
3016.55150	1006.52440	3	97.9219	1
3208.55860	803.14695	4	71.0825	2
