mono_mass	mz	charge	rt	n_psm
798.41225	400.21345	2	38.0510	2
798.46100	400.23780	2	43.3434	2
798.48515	400.24985	2	57.4069	2
799.45490	400.73475	2	49.1085	2
800.43920	401.22690	2	41.1454	4
800.45590	401.23520	2	51.0878	2
801.43530	401.72495	2	36.3381	2
801.53335	401.77395	2	44.2987	2
802.38630	402.20040	2	38.4341	2
802.49810	402.25635	2	61.5111	2
805.40750	403.71100	2	44.8932	2
805.44490	403.72970	2	51.1686	2
806.39595	404.20525	2	37.2441	2
806.45400	404.23430	2	60.1692	2
806.45565	404.23510	2	50.4317	2
807.41255	404.71355	2	39.6560	2
808.36255	405.18855	2	36.3706	2
808.39755	405.20605	2	49.2925	2
808.44060	405.22760	2	35.4958	1
809.41865	405.71660	2	62.2263	2
810.36960	406.19210	2	47.1332	2
811.35430	406.68445	2	37.2274	2
811.49130	406.75295	2	49.6121	2
812.42230	407.21845	2	42.4871	2
812.43905	407.22680	2	39.7582	2
812.47460	407.24460	2	60.1221	1
812.48735	407.25095	2	44.4506	2
812.51190	407.26325	2	48.8776	2
814.45435	408.23445	2	33.9319	2
814.45545	408.23500	2	51.5244	2
814.51625	408.26540	2	58.4291	2
815.44340	408.72895	2	38.3494	2
815.46875	408.74165	2	56.4819	2
815.47540	408.74495	2	41.8840	2
815.47655	408.74555	2	46.2210	2
815.49745	408.75600	2	37.5506	2
815.51260	408.76360	2	46.0398	1
816.38390	409.19925	2	51.3192	2
816.40980	409.21220	2	32.6619	1
816.44905	409.23180	2	66.2055	2
816.47080	409.24270	2	37.2445	1
817.42860	409.72155	2	34.1490	2
817.48115	409.74785	2	66.6006	2
818.43210	410.22330	2	43.1424	1
818.44015	410.22735	2	52.7008	2
818.49040	410.25245	2	73.5774	2
819.41720	410.71590	2	39.6984	1
819.43105	410.72280	2	62.8162	2
820.43210	411.22335	2	38.6368	2
820.44360	411.22910	2	48.3812	1
820.46985	411.24220	2	45.4473	2
820.48805	411.25130	2	71.3230	2
822.39170	412.20310	2	29.6375	3
822.42355	412.21905	2	36.4855	2
822.42395	412.21925	2	42.4797	2
823.41895	412.71680	2	35.9236	2
823.42620	412.72040	2	54.4632	2
824.54885	413.28175	2	70.8549	2
826.36445	414.18950	2	35.3344	2
826.49075	414.25265	2	39.4373	2
826.49130	414.25295	2	41.9884	2
826.52710	414.27080	2	69.4036	2
826.52750	414.27105	2	49.6381	2
827.48720	414.75090	2	48.6356	1
828.41570	415.21510	2	31.1616	2
828.44920	415.23190	2	59.0907	2
829.44785	415.73120	2	39.7737	4
829.46550	415.74000	2	41.4938	2
829.46555	415.74005	2	34.1539	2
829.49100	415.75275	2	55.5679	2
829.49140	415.75300	2	39.2167	2
829.50255	415.75855	2	36.2529	2
829.50330	415.75890	2	50.4571	2
831.47005	416.74230	2	48.4540	2
831.49650	416.75550	2	61.7283	1
831.49650	416.75550	2	69.5440	2
832.39340	417.20400	2	33.9983	2
832.42870	417.22165	2	44.9858	2
834.43570	418.22510	2	37.7768	1
835.44420	418.72940	2	43.1272	3
836.38915	419.20185	2	40.1518	2
836.40275	419.20865	2	41.0090	2
836.44010	419.22730	2	56.4435	2
836.44170	419.22810	2	43.3254	1
837.40255	419.70855	2	47.9840	2
837.40560	419.71005	2	54.2305	2
838.39745	420.20600	2	58.1523	2
838.41820	420.21640	2	37.2785	2
839.42955	420.72205	2	54.8895	2
839.58435	420.79945	2	72.8591	2
840.47025	421.24240	2	42.8262	2
840.54275	421.27865	2	74.5602	2
840.54310	421.27885	2	59.4512	2
841.46580	421.74020	2	40.6673	3
841.49140	421.75295	2	54.6599	2
841.50260	421.75860	2	50.3983	2
842.42820	422.22140	2	47.7509	2
842.46105	422.23780	2	39.4691	2
842.48455	422.24955	2	51.9900	2
842.48665	422.25060	2	38.1713	2
842.48725	422.25090	2	42.1983	2
842.52210	422.26830	2	49.0929	2
842.52240	422.26845	2	70.6379	2
842.53300	422.27375	2	34.0258	2
843.45030	422.73240	2	39.0204	1
843.48175	422.74815	2	44.5312	2
843.54310	422.77885	2	62.9530	2
844.45505	423.23480	2	53.7782	2
844.46465	423.23960	2	34.9406	2
845.46070	423.73760	2	37.1902	2
845.46095	423.73775	2	44.0455	2
845.46525	423.73990	2	67.0077	2
845.51250	423.76355	2	64.9145	2
845.53705	423.77580	2	75.8998	2
846.39815	424.20635	2	36.7462	2
846.42755	424.22110	2	42.6736	2
846.44835	424.23150	2	60.8991	2
847.41060	424.71260	2	33.9501	1
847.42170	424.71820	2	43.6985	2
847.48030	424.74745	2	45.4195	2
848.43915	425.22685	2	41.7644	2
848.43975	425.22715	2	53.0302	2
848.44395	425.22925	2	36.3057	2
849.42040	425.71745	2	46.6762	2
849.43480	425.72470	2	53.5979	1
850.35580	426.18520	2	37.6613	1
850.45470	426.23460	2	46.3701	2
850.50225	426.25845	2	39.2956	2
851.40275	426.70865	2	35.0791	2
851.42150	426.71800	2	45.5775	1
851.43895	426.72675	2	36.8207	2
853.36075	427.68765	2	36.6244	2
854.46040	428.23750	2	39.7582	2
856.43215	429.22335	2	64.2363	2
856.47000	429.24230	2	50.5437	2
856.51280	429.26370	2	48.3357	2
856.51910	429.26685	2	45.6631	2
856.53980	429.27715	2	57.5723	2
857.46125	429.73790	2	40.0334	2
857.46165	429.73810	2	42.4239	2
857.49585	429.75520	2	46.3993	2
857.49715	429.75585	2	54.8766	2
858.45730	430.23595	2	44.1914	2
858.46930	430.24195	2	43.4896	2
858.96080	430.48765	2	37.7575	4
859.43850	430.72650	2	39.8107	1
859.46600	430.74030	2	46.8129	2
860.42415	431.21935	2	35.8592	2
860.44290	431.22870	2	45.1665	2
860.46050	431.23750	2	33.2247	1
861.44485	431.72970	2	44.5358	2
861.47080	431.74265	2	60.2760	2
861.47115	431.74285	2	47.5685	2
861.50725	431.76090	2	75.1616	2
863.45050	432.73255	2	34.6598	2
863.45090	432.73270	2	49.3159	2
863.45620	432.73540	2	58.6207	1
864.41900	433.21680	2	49.7608	1
864.43480	433.22470	2	52.9005	2
864.47010	433.24230	2	56.4397	1
864.50675	433.26065	2	63.7389	2
865.41160	433.71310	2	50.7275	1
866.49800	434.25625	2	42.3430	2
867.41605	434.71530	2	50.0528	2
867.43440	434.72450	2	38.9355	1
868.45885	435.23670	2	37.6411	2
868.51290	435.26375	2	32.1511	2
869.49690	435.75575	2	34.0208	2
869.53325	435.77390	2	59.7335	2
869.53340	435.77400	2	52.5558	2
869.55935	435.78695	2	66.7615	2
870.44895	436.23175	2	54.4331	2
870.48135	436.24795	2	42.8794	2
870.51750	436.26605	2	58.0135	2
870.55415	436.28435	2	50.9354	2
871.45145	436.73300	2	40.7065	2
871.53880	436.77670	2	59.3112	2
872.47260	437.24355	2	39.6135	2
872.49900	437.25680	2	42.0488	2
872.51540	437.26500	2	63.6182	2
873.47330	437.74395	2	50.6061	2
873.48070	437.74765	2	48.5297	2
873.49555	437.75505	2	67.2772	2
874.43375	438.22415	2	44.7385	2
874.45825	438.23640	2	49.9006	2
874.46965	438.24210	2	35.5841	2
874.47860	438.24660	2	36.4192	1
875.48980	438.75220	2	53.6889	2
875.49290	438.75370	2	29.7599	1
875.52275	438.76865	2	50.1507	2
875.52330	438.76890	2	60.8442	2
876.41235	439.21345	2	39.1795	2
876.43745	439.22600	2	48.0450	2
876.43900	439.22680	2	68.3612	1
876.44565	439.23010	2	37.7480	2
876.47110	439.24280	2	50.2469	3
876.48220	439.24840	2	53.9380	1
876.49495	439.25475	2	67.6939	2
877.45460	439.73460	2	37.1328	2
877.46640	439.74050	2	49.6931	2
877.46720	439.74085	2	42.6001	2
877.46780	439.74120	2	45.0324	1
877.50930	439.76195	2	69.7302	2
878.48535	440.24995	2	54.5783	2
878.48600	440.25030	2	50.3094	1
879.39780	440.70620	2	34.4231	1
880.42950	441.22205	2	43.3739	2
880.51290	441.26375	2	44.0739	2
880.54905	441.28180	2	53.4143	2
881.51530	441.76490	2	55.0947	1
882.52835	442.27145	2	39.0549	2
883.47500	442.74480	2	47.5325	1
883.53700	442.77580	2	58.6017	2
883.53800	442.77625	2	51.1403	2
883.56080	442.78770	2	38.7544	1
884.44015	443.22735	2	44.1819	2
884.54430	443.27940	2	54.1958	2
884.56940	443.29200	2	73.8235	1
884.57240	443.29345	2	59.1685	2
885.44465	443.72960	2	34.6094	2
885.45900	443.73680	2	38.8434	2
885.49040	443.75250	2	35.2194	1
885.49215	443.75335	2	51.4293	2
885.55380	443.78415	2	64.7989	2
886.48745	444.25100	2	42.4752	2
886.49190	444.25320	2	56.1552	1
886.51230	444.26340	2	48.1883	2
886.52335	444.26895	2	45.3835	2
887.45980	444.73715	2	36.1580	2
887.48655	444.75055	2	55.2977	2
887.49100	444.75280	2	41.2760	1
889.45895	445.73675	2	51.0227	2
889.46565	445.74015	2	48.2668	2
889.47670	445.74565	2	41.3150	2
889.48430	445.74945	2	69.9765	2
891.44525	446.72990	2	49.5421	2
891.45015	446.73235	2	46.6375	2
891.45585	446.73520	2	44.6006	2
891.48185	446.74820	2	62.8871	2
891.48640	446.75050	2	43.2932	2
891.50695	446.76075	2	66.2610	2
892.44040	447.22750	2	40.1174	2
892.48385	447.24920	2	76.6077	2
893.45955	447.73710	2	45.8693	6
893.46155	447.73805	2	42.6206	2
893.60605	447.81030	2	75.3970	2
895.44820	448.73135	2	59.7203	2
895.46555	448.74005	2	41.3276	2
896.41725	449.21590	2	37.5437	2
896.53360	449.27410	2	54.6961	2
897.40510	449.70980	2	66.6006	2
897.50300	449.75880	2	33.6794	2
898.40760	450.21110	2	66.1458	2
898.47915	450.24685	2	57.8111	2
898.48720	450.25090	2	35.1391	2
898.49100	450.25280	2	44.4824	2
898.54865	450.28160	2	66.8145	2
898.56140	450.28800	2	55.1646	2
899.43825	450.72640	2	53.6602	2
899.45055	450.73255	2	40.7722	2
899.50770	450.76115	2	55.9739	2
899.51530	450.76495	2	60.1615	2
900.49030	451.25240	2	41.1431	1
900.49180	451.25320	2	34.7630	1
900.49190	451.25320	2	52.7849	2
900.50355	451.25905	2	50.7654	2
900.53930	451.27690	2	43.8967	2
901.41135	451.71295	2	49.2845	2
901.43290	451.72375	2	39.1006	2
901.47605	451.74530	2	58.5491	2
901.48685	451.75070	2	46.7141	2
901.48700	451.75080	2	33.3697	2
901.52390	451.76920	2	42.5353	2
902.41255	452.21355	2	47.9292	2
902.50740	452.26100	2	46.2554	2
903.48205	452.74830	2	53.1151	2
903.52870	452.77160	2	42.2617	2
903.54250	452.77850	2	68.8070	1
904.42420	453.21940	2	31.8490	2
905.45265	453.73360	2	65.5461	2
905.45300	453.73380	2	43.9654	2
905.46100	453.73780	2	32.2005	1
906.46720	454.24090	2	32.0656	1
906.51715	454.26585	2	48.2428	2
907.45135	454.73295	2	37.1851	2
907.50090	454.75770	2	48.6940	1
908.00445	455.00950	2	54.8832	4
908.43040	455.22250	2	49.5142	1
908.53370	455.27410	2	40.5678	2
908.56930	455.29195	2	56.9889	2
909.42620	455.72040	2	55.3633	2
909.50390	455.75920	2	36.0330	1
911.38080	456.69770	2	33.7500	2
911.46570	456.74015	2	72.5827	2
911.47560	456.74510	2	60.6151	1
911.48895	456.75175	2	43.1439	2
912.54700	457.28080	2	42.4761	1
912.56505	457.28980	2	64.2057	2
913.42935	457.72195	2	48.7971	2
913.44920	457.73190	2	41.6110	2
913.47390	457.74425	2	71.1715	2
913.48735	457.75095	2	47.4834	2
913.50970	457.76210	2	32.8948	2
913.54820	457.78135	2	53.7600	2
913.55975	457.78715	2	39.0599	2
913.59610	457.80535	2	40.3289	2
914.50740	458.26100	2	40.9204	2
914.51845	458.26650	2	46.2209	2
915.44810	458.73135	2	36.8332	2
915.47090	458.74270	2	36.3705	2
915.50545	458.76000	2	32.2121	2
915.53870	458.77665	2	34.9963	2
916.48570	459.25015	2	41.3489	2
916.99355	459.50405	2	37.8569	4
917.48155	459.74805	2	40.1709	2
918.44880	460.23165	2	79.8080	2
918.48470	460.24960	2	53.5142	2
918.49155	460.25305	2	64.1494	2
918.49200	460.25325	2	50.5230	2
918.51760	460.26610	2	56.9559	2
918.51845	460.26650	2	63.0126	2
919.40640	460.71045	2	32.9056	2
919.40715	460.71085	2	61.4855	2
919.44350	460.72905	2	47.7165	2
919.50590	460.76020	2	52.7626	4
919.51550	460.76500	2	57.3138	2
919.52090	460.76770	2	64.6803	2
920.49745	461.25600	2	47.0687	2
920.50765	461.26110	2	41.5952	2
921.44540	461.73000	2	40.7188	2
921.46600	461.74030	2	35.6694	1
922.43935	462.22695	2	49.8076	2
922.45180	462.23320	2	38.3687	1
923.43455	462.72455	2	43.9286	2
923.47295	462.74375	2	40.8625	2
923.49520	462.75490	2	50.6598	1
923.58080	462.79770	2	77.7990	1
924.43075	463.22265	2	37.2858	2
924.43785	463.22620	2	48.2971	2
924.53940	463.27695	2	52.6178	2
924.56520	463.28990	2	55.3973	2
926.51870	464.26665	2	38.9677	2
926.57990	464.29725	2	60.2760	2
926.59130	464.30295	2	61.4239	2
927.37180	464.69320	2	29.1669	1
927.44530	464.72995	2	46.7255	2
927.56295	464.78875	2	82.8849	2
928.45440	465.23445	2	50.8446	2
928.51715	465.26585	2	41.8221	2
928.52290	465.26870	2	51.6476	2
928.53380	465.27420	2	49.9919	2
928.55980	465.28720	2	56.9688	2
928.56010	465.28735	2	62.6085	2
929.45710	465.73580	2	29.8323	1
929.48145	465.74800	2	36.9415	2
929.50115	465.75785	2	53.0551	2
929.51245	465.76350	2	48.4436	2
929.51810	465.76635	2	40.9102	2
929.51840	465.76645	2	42.9683	2
929.51890	465.76670	2	36.0685	2
929.94840	465.98145	2	40.4496	4
930.42355	466.21905	2	60.8679	2
930.44040	466.22750	2	32.0427	1
930.46715	466.24085	2	35.0840	2
930.47805	466.24630	2	41.9058	2
930.51775	466.26615	2	64.6310	2
930.53930	466.27695	2	37.9968	2
931.44295	466.72875	2	32.5201	2
931.47050	466.74255	2	35.9552	2
931.48630	466.75040	2	48.8823	2
931.50140	466.75795	2	55.8389	2
931.51250	466.76355	2	57.8629	2
931.53335	466.77395	2	67.6701	2
932.54460	467.27960	2	42.1641	2
933.45550	467.73500	2	41.2179	1
933.45605	467.73530	2	37.2757	2
933.46490	467.73975	2	51.2617	2
933.48360	467.74905	2	51.6661	2
933.50300	467.75875	2	52.4540	2
933.52850	467.77155	2	56.2563	2
933.53985	467.77720	2	32.7600	2
934.41470	468.21465	2	39.9785	2
934.45110	468.23285	2	39.2985	2
934.48710	468.25080	2	33.2065	2
934.48740	468.25100	2	43.2586	2
934.51275	468.26365	2	58.3298	2
934.52430	468.26940	2	59.4850	2
935.47100	468.74280	2	45.1382	2
935.47140	468.74300	2	60.1844	2
937.41440	469.71450	2	34.4718	2
937.48770	469.75110	2	40.7551	1
937.51245	469.76350	2	57.6333	2
938.43380	470.22420	2	37.7263	2
939.43070	470.72260	2	62.2668	2
939.48145	470.74800	2	80.1893	2
939.54985	470.78220	2	55.7740	2
939.56445	470.78950	2	80.6562	2
940.44430	471.22945	2	45.1953	2
940.52660	471.27055	2	61.8666	2
941.46380	471.73920	2	50.0199	1
941.55565	471.78510	2	50.7393	2
941.56610	471.79035	2	61.7754	2
941.57975	471.79715	2	66.5641	2
941.60615	471.81035	2	79.1852	2
941.92990	471.97225	2	38.7655	2
942.50230	472.25845	2	35.9424	2
942.51330	472.26395	2	48.1813	2
943.44820	472.73140	2	61.0365	2
943.46810	472.74135	2	35.7623	2
943.48815	472.75135	2	43.7835	2
943.49750	472.75605	2	35.4177	2
943.52430	472.76945	2	62.4508	2
943.53510	472.77480	2	46.4193	2
944.42405	473.21935	2	37.3276	2
944.43145	473.22300	2	63.4367	2
944.49325	473.25390	2	43.2017	2
944.51200	473.26330	2	63.8382	1
944.51790	473.26620	2	47.9866	2
944.52895	473.27175	2	49.4897	2
944.55470	473.28465	2	54.6034	2
945.46005	473.73730	2	76.9776	2
945.49535	473.75495	2	44.5905	2
945.51245	473.76350	2	40.6845	2
945.54975	473.78215	2	58.6518	2
946.50900	474.26180	2	37.0458	2
946.51275	474.26365	2	46.0685	2
946.53465	474.27460	2	37.9623	2
946.54910	474.28185	2	74.0444	2
947.43540	474.72500	2	38.0141	2
947.48560	474.75005	2	45.3468	2
947.48570	474.75015	2	42.2325	2
947.51445	474.76450	2	71.2179	2
948.46690	475.24075	2	52.9286	2
948.46745	475.24100	2	44.3304	2
949.48605	475.75030	2	39.5254	2
949.48680	475.75065	2	54.1637	2
949.49145	475.75300	2	86.6885	2
949.50530	475.75990	2	77.2762	1
949.52815	475.77135	2	79.4361	2
950.45365	476.23410	2	50.3089	2
950.48240	476.24850	2	46.8340	2
950.48600	476.25030	2	73.4085	2
950.50135	476.25795	2	59.4010	2
950.50740	476.26095	2	51.7245	2
951.49040	476.75250	2	60.0640	1
951.51750	476.76600	2	80.0646	2
952.44920	477.23185	2	47.1951	2
952.45070	477.23265	2	43.0372	2
952.46870	477.24165	2	50.8872	2
952.53455	477.27455	2	42.2275	2
954.44485	478.22970	2	52.5558	2
954.52860	478.27160	2	62.1292	1
955.53405	478.77430	2	62.8584	2
955.57095	478.79275	2	61.1110	2
956.50345	479.25900	2	38.3559	2
956.51845	479.26650	2	36.7483	2
956.52875	479.27165	2	46.9268	2
956.52880	479.27170	2	53.3678	2
956.52995	479.27225	2	44.1616	2
956.53640	479.27545	2	66.3233	2
956.57980	479.29715	2	77.4677	2
957.48840	479.75145	2	32.3822	2
957.52520	479.76990	2	40.9204	2
957.53005	479.77230	2	48.5059	2
957.56120	479.78790	2	48.3191	1
957.59700	479.80575	2	47.4598	2
958.48750	480.25105	2	56.3988	2
958.51040	480.26250	2	56.7022	2
959.50790	480.76120	2	40.9824	3
959.52980	480.77220	2	42.6864	2
959.53335	480.77395	2	68.9437	2
959.55500	480.78480	2	57.9313	2
959.58275	480.79870	2	83.6494	2
960.44795	481.23125	2	35.0281	2
960.47575	481.24515	2	41.9695	2
960.50320	481.25890	2	46.6341	1
960.51285	481.26370	2	39.2329	2
960.53090	481.27270	2	57.4335	2
960.53925	481.27690	2	61.3638	2
961.45310	481.73380	2	33.6792	1
962.47230	482.24340	2	45.6944	2
962.47260	482.24360	2	39.1749	1
962.47415	482.24435	2	47.7584	2
962.50730	482.26090	2	62.4135	1
962.51860	482.26660	2	55.5092	2
962.53785	482.27620	2	86.2313	2
963.44555	482.73005	2	54.4673	2
963.50190	482.75820	2	40.1123	2
963.50590	482.76020	2	34.2066	2
963.55380	482.78415	2	74.6442	2
964.46190	483.23820	2	38.0560	2
964.47970	483.24710	2	69.1981	2
964.49770	483.25610	2	42.9464	2
964.52260	483.26860	2	54.0946	2
965.44470	483.72960	2	41.3811	2
965.45945	483.73700	2	37.6559	2
965.48215	483.74835	2	60.6572	2
965.62720	483.82090	2	82.4520	2
966.44060	484.22755	2	34.7096	4
966.46620	484.24040	2	36.4679	2
966.46650	484.24055	2	41.7307	2
966.47015	484.24235	2	44.5719	2
966.49230	484.25340	2	75.0681	1
966.50710	484.26080	2	44.6984	1
966.52555	484.27005	2	46.8707	2
967.47895	484.74675	2	57.9246	2
967.52395	484.76925	2	47.4884	2
967.54480	484.77965	2	36.7309	2
967.58220	484.79835	2	56.6195	2
968.44520	485.22985	2	40.4823	2
968.52790	485.27125	2	37.2807	2
968.52935	485.27195	2	49.0096	2
969.43250	485.72350	2	39.5133	1
969.47940	485.74700	2	75.6516	1
969.48785	485.75120	2	40.2629	2
969.51260	485.76360	2	47.0962	1
969.52500	485.76975	2	50.6164	2
969.54890	485.78170	2	41.1777	2
969.56055	485.78755	2	52.8672	2
969.58550	485.80000	2	63.9207	2
969.58600	485.80025	2	68.7474	2
970.48640	486.25050	2	54.5201	2
970.52525	486.26990	2	40.8063	2
970.54345	486.27900	2	55.9339	2
970.58120	486.29785	2	45.0507	2
971.50400	486.75930	2	31.2689	2
971.51150	486.76300	2	27.7140	1
971.52880	486.77170	2	35.8368	2
971.52920	486.77185	2	58.7095	2
971.52940	486.77195	2	48.6471	2
971.55445	486.78450	2	57.5491	2
971.56535	486.78995	2	44.1125	2
971.56580	486.79020	2	33.3561	1
972.46600	487.24030	2	33.0173	2
972.57070	487.29265	2	34.9035	2
973.50800	487.76125	2	42.3088	2
973.53930	487.77690	2	33.6096	1
974.50350	488.25900	2	37.9547	2
974.51785	488.26620	2	58.9037	2
974.54080	488.27770	2	41.7980	2
975.51395	488.76425	2	44.8230	2
975.53905	488.77680	2	64.6878	2
976.49740	489.25595	2	58.0543	2
976.50910	489.26185	2	47.8746	2
976.54570	489.28010	2	40.9584	1
977.44460	489.72960	2	47.0153	2
977.48160	489.74810	2	60.5788	1
977.51865	489.76660	2	52.1665	2
977.97370	489.99415	2	45.6770	4
978.50240	490.25850	2	60.0497	2
979.44950	490.73200	2	66.2917	2
979.46070	490.73770	2	38.5455	2
979.49725	490.75590	2	52.4969	2
979.56995	490.79225	2	40.1784	2
980.49470	491.25470	2	34.5260	1
980.49635	491.25550	2	52.3019	2
981.45245	491.73350	2	62.2012	2
981.52475	491.76965	2	29.5473	2
981.55950	491.78700	2	40.2433	2
981.59810	491.80635	2	41.2137	2
982.46045	492.23750	2	33.3136	2
982.47535	492.24495	2	41.9302	2
982.51945	492.26700	2	38.0728	2
983.47415	492.74435	2	48.3823	2
983.50305	492.75885	2	42.3934	2
983.57855	492.79655	2	64.0742	2
983.58780	492.80115	2	71.3593	2
983.58850	492.80150	2	44.2744	2
983.60110	492.80780	2	57.9875	2
984.04705	493.03080	2	74.0428	4
984.43835	493.22645	2	33.7211	2
984.49275	493.25365	2	51.8737	2
984.63330	493.32390	2	50.1415	2
985.50160	493.75805	2	45.3191	2
985.51990	493.76720	2	43.7767	2
985.54060	493.77755	2	46.3254	2
985.54470	493.77965	2	43.3949	2
985.55555	493.78505	2	43.2145	2
986.48970	494.25220	2	67.4998	1
986.49785	494.25620	2	69.4912	2
986.54070	494.27760	2	49.8608	1
987.48200	494.74830	2	40.3366	2
987.52360	494.76910	2	44.8227	2
987.53480	494.77470	2	49.6194	1
987.57085	494.79270	2	59.2179	2
988.48270	495.24865	2	38.0236	2
988.50700	495.26075	2	53.0335	2
988.52030	495.26740	2	42.7635	2
988.54430	495.27945	2	47.2760	2
988.57450	495.29450	2	71.8113	1
988.58160	495.29805	2	50.7546	2
989.47775	495.74615	2	32.7727	2
989.49230	495.75340	2	56.0912	1
989.49685	495.75570	2	36.1541	2
989.55470	495.78465	2	48.3826	2
989.55510	495.78485	2	58.6585	2
989.57580	495.79520	2	65.2038	1
990.46325	496.23890	2	36.9189	2
990.47390	496.24420	2	45.9551	2
990.51400	496.26425	2	42.6001	2
990.54950	496.28205	2	72.8213	2
991.38565	496.70010	2	33.6124	2
991.50880	496.76165	2	60.5682	2
991.50910	496.76180	2	67.3096	2
991.54535	496.77995	2	69.1579	2
991.57060	496.79260	2	61.2510	2
992.48525	497.24990	2	56.4818	2
992.53220	497.27335	2	80.9369	2
992.60160	497.30805	2	70.6428	2
993.44065	497.72760	2	42.7341	2
993.45190	497.73325	2	40.2132	2
993.46710	497.74085	2	58.3587	2
993.51320	497.76385	2	53.3099	2
993.54930	497.78190	2	64.4405	2
994.40220	498.20835	2	34.3966	2
994.49725	498.25595	2	49.1485	2
994.50815	498.26135	2	47.5468	2
994.50820	498.26140	2	31.7135	1
994.51580	498.26515	2	72.9640	2
994.60595	498.31025	2	73.8635	2
994.65350	498.33405	2	46.3158	2
995.49270	498.75360	2	43.5259	2
996.49985	499.25720	2	42.5664	2
996.52900	499.27180	2	48.2959	1
996.53160	499.27310	2	68.3999	2
996.57145	499.29300	2	45.2980	2
997.58120	499.79790	2	38.9179	2
997.59340	499.80400	2	44.3207	1
999.48155	500.74805	2	31.5205	2
999.53505	500.77480	2	29.5896	2
999.57195	500.79325	2	32.0184	2
1000.48690	501.25070	2	36.0140	4
1000.55320	501.28390	2	58.6356	3
1000.56600	501.29025	2	49.0733	2
1001.51570	501.76510	2	44.1115	3
1001.55465	501.78460	2	67.3264	2
1001.56150	501.78800	2	33.3933	1
1001.58640	501.80050	2	47.7824	2
1002.47220	502.24335	2	34.0817	2
1002.48355	502.24905	2	38.7790	2
1002.48675	502.25065	2	41.5258	2
1002.52790	502.27120	2	37.4644	2
1002.54635	502.28045	2	32.9188	2
1002.58725	502.30090	2	64.7701	2
1003.51100	502.76280	2	49.3634	1
1003.51980	502.76720	2	44.4139	1
1003.52465	502.76960	2	35.1776	2
1003.57080	502.79270	2	77.6504	2
1004.44690	503.23070	2	34.7704	2
1004.54070	503.27765	2	48.0985	2
1004.56445	503.28950	2	43.0969	2
1005.46910	503.74180	2	49.0877	2
1005.49200	503.75330	2	29.8072	1
1005.51240	503.76350	2	54.8772	1
1005.53170	503.77310	2	68.6008	1
1005.53640	503.77550	2	35.8241	1
1006.45340	504.23400	2	31.9023	1
1006.47205	504.24330	2	41.7258	2
1006.49855	504.25655	2	54.1716	2
1007.45650	504.73555	2	38.5879	2
1007.46750	504.74105	2	41.0405	2
1007.47535	504.74495	2	51.5536	2
1007.50475	504.75965	2	43.8478	2
1007.52280	504.76865	2	64.9953	2
1007.52870	504.77160	2	43.5207	2
1007.54020	504.77735	2	56.0341	2
1007.54395	504.77925	2	68.3076	2
1007.67435	504.84445	2	72.7323	2
1008.47625	505.24540	2	50.5155	2
1008.51320	505.26390	2	60.9434	1
1008.51820	505.26640	2	51.4466	1
1009.44755	505.73105	2	42.3427	2
1009.51955	505.76705	2	36.1072	2
1009.54815	505.78135	2	87.8367	2
1010.45200	506.23330	2	38.7834	2
1010.51085	506.26270	2	63.4800	2
1010.57680	506.29570	2	68.5901	1
1011.52365	506.76910	2	36.6040	2
1011.53535	506.77495	2	45.2905	2
1011.54610	506.78035	2	42.8336	2
1011.57145	506.79300	2	52.6336	2
1011.60810	506.81130	2	67.5850	2
1012.48620	507.25040	2	59.2138	1
1012.57100	507.29280	2	69.0791	3
1012.58205	507.29830	2	60.6499	2
1012.59140	507.30300	2	82.3402	1
1012.60330	507.30895	2	38.9674	2
1012.63925	507.32690	2	49.4556	2
1013.54005	507.77730	2	43.9845	2
1013.55510	507.78480	2	65.3522	2
1013.56175	507.78815	2	37.6602	2
1013.58830	507.80140	2	64.0244	1
1013.62370	507.81910	2	66.8452	2
1014.53295	508.27375	2	43.1515	2
1014.53475	508.27465	2	38.2844	2
1014.57060	508.29255	2	37.5242	2
1014.57180	508.29315	2	46.1992	2
1015.49245	508.75350	2	39.7051	2
1015.54430	508.77945	2	89.0061	2
1015.58490	508.79975	2	71.0040	2
1015.59150	508.80305	2	65.6959	2
1016.46065	509.23760	2	36.8859	2
1016.53180	509.27320	2	48.5976	2
1016.54750	509.28100	2	49.3969	2
1017.46980	509.74220	2	35.4492	1
1017.47315	509.74385	2	41.6614	2
1017.51755	509.76605	2	77.0844	2
1017.53450	509.77460	2	38.9074	2
1017.57520	509.79485	2	40.7187	2
1017.60860	509.81155	2	65.6087	2
1017.62210	509.81830	2	66.4293	1
1018.54260	510.27855	2	40.1224	2
1019.50280	510.75870	2	60.0155	2
1019.50365	510.75910	2	43.0608	2
1019.53955	510.77705	2	35.2298	2
1019.54025	510.77740	2	54.2084	2
1019.54670	510.78065	2	66.8878	2
1019.55300	510.78375	2	47.6085	2
1020.52400	511.26930	2	56.3900	2
1020.52430	511.26945	2	64.0931	2
1020.52450	511.26955	2	49.5489	2
1020.53520	511.27490	2	54.7834	1
1020.53570	511.27515	2	55.2863	2
1021.43960	511.72710	2	37.8502	2
1021.44975	511.73215	2	34.2433	2
1021.49600	511.75525	2	30.3797	2
1021.51180	511.76320	2	43.6049	2
1021.54485	511.77970	2	60.5865	2
1021.60285	511.80870	2	52.3124	2
1022.50350	512.25900	2	53.4301	2
1022.51085	512.26270	2	77.0733	2
1023.46240	512.73850	2	86.7436	1
1023.48775	512.75115	2	38.1048	2
1023.51540	512.76500	2	60.5475	1
1023.60605	512.81030	2	68.1557	2
1024.37515	513.19485	2	42.0827	2
1025.50370	513.75915	2	40.8279	2
1026.44500	514.22980	2	42.3865	1
1027.56680	514.79070	2	33.2508	1
1027.56680	514.79070	2	36.2859	2
1027.58170	514.79810	2	74.4436	2
1027.59290	514.80370	2	58.8202	1
1027.60180	514.80820	2	68.8082	2
1028.57690	515.29570	2	54.0153	3
1029.47715	515.74585	2	56.8414	2
1029.53910	515.77685	2	52.3355	2
1029.54185	515.77820	2	37.3722	2
1029.54710	515.78080	2	34.1128	1
1029.58250	515.79850	2	36.7032	2
1030.53045	516.27250	2	35.4617	2
1030.59160	516.30305	2	78.8120	2
1030.60655	516.31055	2	75.4890	2
1031.46380	516.73915	2	64.0344	2
1031.50325	516.75890	2	41.5608	2
1031.50740	516.76095	2	49.2264	2
1031.54610	516.78030	2	51.6992	2
1031.58625	516.80040	2	62.0143	2
1031.58655	516.80055	2	56.6748	2
1032.49885	517.25670	2	41.9430	2
1032.53445	517.27450	2	48.8269	2
1032.55960	517.28710	2	55.2470	1
1032.59725	517.30590	2	73.4868	2
1033.56655	517.79055	2	43.0658	2
1033.58130	517.79790	2	82.0677	2
1033.61700	517.81575	2	69.6081	2
1034.52095	518.26775	2	64.6802	2
1034.55135	518.28295	2	50.9916	2
1034.56500	518.28980	2	62.1186	1
1035.48110	518.74780	2	52.1137	1
1035.48760	518.75110	2	61.0460	2
1035.56100	518.78780	2	60.4201	1
1036.51965	519.26710	2	41.5038	2
1036.51980	519.26715	2	43.5446	2
1036.53350	519.27405	2	71.3012	2
1036.53770	519.27615	2	67.6059	2
1036.55540	519.28495	2	63.2272	2
1037.50785	519.76120	2	33.7474	2
1037.62430	519.81945	2	54.6393	2
1037.64880	519.83170	2	70.8598	2
1038.48160	520.24810	2	46.9635	1
1038.54655	520.28055	2	34.8115	2
1039.46460	520.73960	2	47.6947	2
1039.49765	520.75610	2	52.4438	2
1039.56510	520.78980	2	47.9086	3
1039.56580	520.79020	2	46.0295	1
1040.49290	521.25375	2	31.2244	2
1040.49650	521.25555	2	41.8466	2
1040.56895	521.29175	2	49.9969	2
1040.59785	521.30620	2	56.7932	2
1040.62295	521.31875	2	73.6703	2
1040.65965	521.33710	2	59.7253	2
1041.43985	521.72720	2	45.3675	2
1041.45540	521.73500	2	35.7000	1
1041.52860	521.77160	2	91.0756	3
1041.53305	521.77380	2	50.1738	2
1042.51480	522.26465	2	64.3066	2
1042.52980	522.27220	2	37.5096	3
1042.55655	522.28555	2	53.4555	2
1043.54395	522.77925	2	48.6131	2
1043.55035	522.78245	2	78.7507	2
1043.56150	522.78805	2	36.5185	2
1043.56235	522.78845	2	33.4277	2
1043.60390	522.80925	2	63.3580	2
1044.51995	523.26725	2	44.9083	2
1044.53930	523.27695	2	65.9631	2
1044.55690	523.28575	2	43.4552	2
1044.56030	523.28745	2	58.2046	2
1044.59755	523.30605	2	88.1988	2
1045.02985	523.52220	2	44.5470	2
1045.51150	523.76300	2	57.0334	1
1045.53820	523.77640	2	33.2453	2
1045.54060	523.77760	2	31.0612	2
1045.55785	523.78620	2	63.1082	2
1045.60235	523.80845	2	60.3312	2
1046.51680	524.26565	2	35.6160	2
1046.58830	524.30140	2	38.1321	1
1046.59660	524.30555	2	49.4393	2
1047.52755	524.77105	2	59.7987	2
1048.47890	525.24670	2	35.1313	3
1048.55750	525.28600	2	31.6275	1
1049.52565	525.77010	2	50.7912	2
1049.56185	525.78820	2	37.4618	2
1050.50965	526.26210	2	46.0196	2
1050.51830	526.26640	2	56.1808	1
1050.53445	526.27450	2	48.1351	2
1050.55870	526.28660	2	31.4167	1
1050.57150	526.29300	2	62.0442	2
1050.59595	526.30525	2	68.3127	2
1051.49450	526.75455	2	36.9543	2
1052.46400	527.23930	2	57.4986	1
1053.61805	527.81630	2	55.8074	2
1054.49720	528.25590	2	68.6017	2
1054.53330	528.27395	2	74.6765	2
1054.53995	528.27725	2	31.6968	2
1054.60225	528.30840	2	56.8209	2
1055.42255	528.71855	2	47.2517	2
1055.49220	528.75340	2	44.6453	2
1055.50730	528.76095	2	53.2436	2
1055.58575	528.80015	2	63.5920	2
1055.58605	528.80030	2	67.5480	2
1056.53250	529.27350	2	76.7371	1
1056.58115	529.29785	2	54.8144	2
1056.59235	529.30345	2	52.7848	2
1057.49850	529.75655	2	37.8672	2
1057.57690	529.79575	2	35.8566	2
1057.57700	529.79580	2	44.3869	2
1057.63815	529.82635	2	77.5977	2
1058.49255	530.25355	2	50.4847	2
1058.54385	530.27920	2	78.2425	2
1058.55805	530.28630	2	71.8547	2
1058.57130	530.29290	2	46.7700	3
1058.59565	530.30510	2	39.5864	2
1059.50890	530.76175	2	43.3483	2
1059.53910	530.77680	2	55.3596	1
1059.60015	530.80735	2	56.7121	2
1060.47635	531.24545	2	33.4355	2
1060.52345	531.26900	2	74.0754	2
1060.54090	531.27770	2	44.3560	1
1060.61655	531.31555	2	82.9556	2
1061.55065	531.78260	2	44.6770	2
1061.57625	531.79540	2	74.5011	2
1062.52480	532.26965	2	77.6582	2
1062.53495	532.27475	2	56.3120	2
1062.57105	532.29280	2	60.1074	2
1062.58360	532.29910	2	55.9948	1
1063.52950	532.77205	2	43.8400	2
1063.54105	532.77780	2	46.0843	2
1064.52530	533.26990	2	38.7191	3
1064.63435	533.32445	2	54.2254	2
1065.44820	533.73135	2	46.3509	2
1065.55365	533.78410	2	61.1270	2
1065.55485	533.78470	2	77.9633	2
1065.56155	533.78805	2	69.2194	2
1066.45695	534.23575	2	53.7088	2
1066.46765	534.24110	2	31.8776	2
1066.50820	534.26135	2	32.6103	2
1066.51895	534.26675	2	56.1629	2
1067.51345	534.76400	2	45.2829	2
1067.57195	534.79325	2	52.5014	2
1068.54890	535.28170	2	36.5835	2
1068.56020	535.28740	2	63.5731	2
1068.58005	535.29730	2	59.8947	2
1068.59280	535.30370	2	56.7885	2
1068.65355	535.33405	2	45.0769	2
1070.60885	536.31170	2	44.4554	2
1070.61880	536.31670	2	40.5431	1
1070.63345	536.32400	2	68.7824	2
1071.41780	536.71615	2	39.5940	2
1071.56520	536.78985	2	48.7593	2
1071.59290	536.80370	2	53.4867	2
1072.52835	537.27145	2	47.3075	2
1072.57345	537.29400	2	73.1326	2
1072.59610	537.30535	2	38.6743	2
1072.61330	537.31395	2	40.8229	2
1073.49895	537.75675	2	44.5643	2
1073.51775	537.76615	2	54.0098	2
1073.58665	537.80060	2	43.6453	2
1073.59070	537.80260	2	58.7784	2
1073.60915	537.81185	2	86.1960	2
1073.65940	537.83700	2	63.0603	1
1074.54505	538.27980	2	43.0893	2
1074.55030	538.28240	2	53.0728	1
1074.57115	538.29285	2	59.4588	2
1075.47825	538.74640	2	32.9881	2
1075.53320	538.77385	2	65.4496	2
1075.59095	538.80275	2	70.1843	2
1075.61250	538.81350	2	57.3243	1
1075.62860	538.82160	2	67.1300	2
1076.51450	539.26455	2	48.9994	2
1076.52485	539.26970	2	32.6154	2
1076.56170	539.28815	2	53.8401	2
1076.57220	539.29340	2	42.4200	2
1077.60505	539.80980	2	38.7666	2
1078.50450	540.25955	2	40.5043	2
1081.62470	541.81960	2	59.4927	2
1082.53210	542.27330	2	54.3555	2
1082.55580	542.28520	2	81.6623	2
1082.62110	542.31780	2	90.6547	5
1082.64605	542.33030	2	54.6393	2
1084.48635	543.25045	2	38.0455	2
1084.54400	543.27930	2	27.1754	1
1084.57210	543.29335	2	88.5698	2
1084.57325	543.29390	2	97.4049	10
1084.63750	543.32600	2	78.2120	2
1084.66065	543.33760	2	55.1361	2
1085.60845	543.81150	2	51.0488	2
1085.61365	543.81410	2	43.2684	2
1085.62400	543.81930	2	74.3388	1
1085.64460	543.82955	2	66.7828	2
1086.06425	544.03940	2	49.9111	4
1086.55525	544.28490	2	47.3663	2
1086.56895	544.29175	2	32.6407	2
1087.55100	544.78280	2	50.6347	2
1087.56270	544.78860	2	41.7527	2
1087.58770	544.80115	2	41.0278	2
1087.59800	544.80630	2	44.6173	1
1087.61210	544.81330	2	69.7540	2
1088.45705	545.23580	2	36.2196	2
1088.51060	545.26260	2	30.8218	3
1088.55500	545.28480	2	70.3767	1
1088.56120	545.28790	2	61.0096	1
1088.57205	545.29330	2	31.7044	2
1088.60810	545.31135	2	34.6252	2
1089.51930	545.76690	2	31.2492	1
1089.53210	545.77330	2	41.2298	2
1089.55705	545.78580	2	33.2742	2
1089.60290	545.80870	2	44.1335	2
1090.46880	546.24170	2	37.0152	2
1090.60240	546.30845	2	58.4553	2
1091.55665	546.78560	2	38.6071	2
1092.53850	547.27650	2	54.5731	2
1093.54030	547.77740	2	43.3676	1
1093.54075	547.77765	2	57.3717	2
1094.08115	548.04785	2	35.5894	4
1094.55205	548.28330	2	67.4193	2
1094.55590	548.28520	2	76.9478	2
1094.56090	548.28770	2	32.0604	1
1094.56610	548.29030	2	47.3983	2
1094.59860	548.30660	2	56.9560	1
1095.46575	548.74015	2	52.3931	2
1095.56350	548.78900	2	68.7492	1
1095.56645	548.79050	2	30.5963	2
1095.58215	548.79835	2	55.0131	2
1096.49760	549.25610	2	59.8937	2
1096.51970	549.26715	2	47.8959	2
1096.56215	549.28835	2	41.4493	2
1097.60825	549.81140	2	55.8800	2
1097.62020	549.81740	2	35.9971	1
1098.52775	550.27115	2	60.7762	2
1098.53500	550.27480	2	44.4183	2
1098.58285	550.29870	2	49.6582	2
1099.49390	550.75420	2	59.6433	3
1099.61605	550.81530	2	51.5509	2
1100.46055	551.23755	2	65.6086	2
1100.55785	551.28620	2	32.5821	2
1100.57290	551.29375	2	70.5504	2
1101.60360	551.80905	2	36.9741	2
1101.65065	551.83260	2	52.4474	2
1102.56490	552.28975	2	33.1536	2
1102.57755	552.29605	2	63.6231	2
1102.58705	552.30080	2	35.3239	2
1103.56100	552.78780	2	38.6938	2
1103.58160	552.79805	2	49.9719	2
1103.63865	552.82660	2	83.8302	2
1104.47575	553.24515	2	33.9771	4
1104.50955	553.26205	2	52.2196	2
1104.52985	553.27220	2	43.7492	2
1104.54655	553.28055	2	45.9872	2
1104.54660	553.28055	2	43.4071	2
1104.56355	553.28905	2	47.9550	2
1104.56625	553.29040	2	32.3259	2
1104.59080	553.30270	2	84.1268	1
1104.59305	553.30380	2	59.3060	2
1104.62455	553.31955	2	86.9564	2
1105.57635	553.79545	2	64.1587	2
1106.53940	554.27700	2	47.0073	2
1106.58645	554.30050	2	82.1288	2
1106.60970	554.31210	2	81.4709	2
1107.53835	554.77645	2	60.5866	2
1107.54515	554.77985	2	53.6425	2
1107.54995	554.78225	2	65.0564	2
1107.55335	554.78395	2	36.3379	2
1107.57245	554.79350	2	91.9482	2
1107.57500	554.79480	2	66.4765	3
1107.59310	554.80385	2	43.9042	2
1108.51330	555.26390	2	30.8552	2
1108.57165	555.29310	2	77.4460	2
1108.92010	555.46730	2	36.3615	4
1109.50340	555.75900	2	74.4639	1
1109.53350	555.77405	2	77.9882	2
1109.53985	555.77720	2	46.6143	2
1109.55045	555.78250	2	89.4621	2
1109.57680	555.79570	2	31.7722	1
1109.58800	555.80125	2	57.6122	2
1109.61325	555.81390	2	70.4127	2
1109.68085	555.84770	2	77.8419	2
1110.46725	556.24090	2	41.4084	2
1110.51955	556.26705	2	59.6078	2
1110.59025	556.30240	2	82.3754	2
1110.66525	556.33990	2	73.5192	2
1111.57235	556.79345	2	32.8299	2
1112.42270	557.21860	2	34.7166	1
1114.55630	558.28540	2	77.2613	2
1114.56620	558.29040	2	63.7724	2
1114.62435	558.31945	2	61.3391	2
1114.63380	558.32420	2	52.3406	2
1115.05300	558.53380	2	45.7284	4
1115.51425	558.76440	2	46.5826	2
1115.54430	558.77940	2	45.2509	1
1115.55730	558.78590	2	33.6604	2
1115.58290	558.79870	2	41.1729	2
1115.58400	558.79925	2	53.1304	2
1115.60210	558.80835	2	55.2460	2
1116.50295	559.25875	2	46.7462	2
1116.50670	559.26060	2	43.1711	1
1116.53960	559.27710	2	32.7111	2
1116.56655	559.29055	2	53.6373	2
1116.58325	559.29890	2	71.6883	2
1116.60860	559.31160	2	30.7058	1
1116.61300	559.31380	2	34.1437	2
1117.52760	559.77110	2	38.4123	2
1117.54280	559.77870	2	41.5900	2
1117.56180	559.78820	2	50.3185	3
1117.60495	559.80975	2	70.1219	2
1118.01725	560.01590	2	45.6722	4
1118.48325	560.24890	2	31.7329	2
1118.54860	560.28160	2	75.2658	2
1118.63335	560.32395	2	56.4043	2
1119.54160	560.77805	2	68.5236	2
1119.56770	560.79110	2	55.8878	3
1119.58285	560.79870	2	61.8339	2
1119.59580	560.80515	2	66.6213	2
1119.66920	560.84190	2	81.8582	2
1120.57675	561.29565	2	59.6886	2
1121.46645	561.74050	2	41.0889	2
1121.53480	561.77465	2	67.9107	2
1121.54770	561.78110	2	42.3365	2
1121.60990	561.81225	2	46.9237	2
1123.47870	562.74665	2	45.5957	2
1123.57045	562.79250	2	56.6844	2
1123.58195	562.79825	2	53.1199	2
1124.59000	563.30230	2	61.2858	2
1124.61880	563.31665	2	68.5180	2
1124.63135	563.32295	2	36.1163	4
1124.68080	563.34770	2	79.7208	2
1125.51060	563.76260	2	33.8599	1
1125.57030	563.79245	2	42.4240	2
1125.63970	563.82710	2	60.2144	2
1126.66105	564.33780	2	76.3351	2
1127.47395	564.74425	2	68.2227	2
1127.56540	564.79000	2	41.8022	1
1127.61285	564.81370	2	61.3391	2
1127.65465	564.83460	2	51.9263	2
1128.02765	565.02110	2	37.9900	4
1128.56590	565.29025	2	41.1260	2
1128.57780	565.29620	2	41.9975	2
1128.58985	565.30220	2	31.1222	2
1128.63935	565.32695	2	59.0334	2
1129.51185	565.76320	2	35.5244	2
1129.58080	565.79765	2	54.9687	2
1129.63390	565.82425	2	34.0585	2
1129.63440	565.82445	2	38.9427	2
1129.67150	565.84305	2	69.2943	2
1130.56000	566.28725	2	46.7792	2
1131.57770	566.79615	2	33.1800	2
1131.62985	566.82220	2	69.6460	2
1132.53765	567.27610	2	31.4399	2
1132.55615	567.28535	2	56.2305	2
1132.58895	567.30175	2	61.1585	2
1133.55025	567.78240	2	31.8905	2
1133.55345	567.78400	2	68.4239	2
1133.57205	567.79330	2	55.3021	2
1133.57205	567.79330	2	71.5768	2
1133.57475	567.79465	2	65.3839	2
1133.60860	567.81160	2	61.6482	2
1134.53445	568.27450	2	43.1726	2
1134.53640	568.27550	2	45.8450	2
1134.55225	568.28340	2	34.0662	2
1134.57800	568.29630	2	45.6381	3
1135.59910	568.80685	2	46.6973	2
1136.53960	569.27710	2	52.6980	2
1136.56110	569.28785	2	58.1130	2
1136.57185	569.29320	2	57.0653	2
1136.57215	569.29335	2	60.1841	2
1137.46125	569.73790	2	31.9818	2
1137.56505	569.78980	2	81.9759	2
1137.57770	569.79615	2	54.5152	2
1138.56570	570.29010	2	61.6375	2
1138.58805	570.30130	2	33.5006	2
1139.54575	570.78015	2	53.8161	2
1139.56190	570.78820	2	65.7911	3
1139.61190	570.81320	2	34.1742	1
1139.62995	570.82225	2	38.7015	2
1139.65535	570.83495	2	60.8363	2
1141.55555	571.78505	2	70.9627	2
1141.56840	571.79150	2	61.9227	2
1141.59815	571.80635	2	31.3261	2
1141.60985	571.81220	2	58.6887	2
1142.03290	572.02375	2	64.2606	2
1142.48900	572.25175	2	44.5171	2
1142.55450	572.28450	2	89.8377	2
1142.55760	572.28605	2	51.0798	2
1142.61750	572.31600	2	54.1384	2
1142.62870	572.32160	2	32.7701	2
1143.50790	572.76125	2	55.0424	2
1143.57200	572.79325	2	64.7110	2
1143.58910	572.80185	2	33.3962	2
1143.69165	572.85310	2	86.1714	2
1144.58860	573.30160	2	48.9697	2
1144.59170	573.30310	2	56.4164	3
1144.59590	573.30525	2	59.4323	2
1144.61000	573.31230	2	37.1951	2
1144.63500	573.32480	2	56.5570	2
1145.57520	573.79490	2	46.4663	2
1145.67020	573.84240	2	69.9306	1
1146.57635	574.29545	2	44.9751	2
1146.58530	574.29990	2	71.8391	2
1146.61360	574.31410	2	52.1587	2
1147.55140	574.78300	2	61.4789	1
1147.55455	574.78455	2	42.7126	2
1147.55475	574.78465	2	48.3279	2
1147.57985	574.79720	2	64.3239	2
1147.58760	574.80110	2	54.0385	2
1147.63845	574.82650	2	87.2227	2
1148.54580	575.28015	2	52.4746	2
1148.56535	575.28995	2	65.3734	2
1148.56915	575.29185	2	79.3739	2
1148.60815	575.31135	2	61.7912	2
1149.56635	575.79045	2	57.0227	2
1149.56765	575.79110	2	67.2152	2
1150.53800	576.27630	2	32.7187	1
1150.56240	576.28850	2	58.3283	3
1150.58540	576.29995	2	54.5485	2
1150.58850	576.30150	2	47.7462	1
1151.49260	576.75360	2	51.5466	1
1151.60830	576.81140	2	73.1313	3
1151.65245	576.83350	2	68.1065	2
1151.72845	576.87150	2	75.1047	2
1152.52125	577.26790	2	76.7757	2
1152.52985	577.27220	2	29.6149	2
1152.53110	577.27285	2	53.1952	2
1152.54440	577.27950	2	91.1936	2
1152.54940	577.28200	2	60.0680	2
1152.55110	577.28280	2	36.2371	1
1152.58500	577.29980	2	50.8081	1
1152.58645	577.30050	2	57.6954	2
1154.57260	578.29360	2	62.7551	1
1154.62155	578.31805	2	58.7494	2
1154.63040	578.32250	2	44.3548	2
1155.55610	578.78530	2	67.6364	2
1155.56290	578.78875	2	33.8438	2
1155.58250	578.79850	2	87.7049	2
1155.62610	578.82030	2	51.6475	2
1155.64995	578.83225	2	48.6710	2
1156.51880	579.26665	2	55.2036	2
1156.51915	579.26685	2	44.2718	2
1156.59340	579.30400	2	84.8014	1
1156.60225	579.30840	2	66.2242	2
1157.56260	579.78860	2	49.0530	1
1157.57580	579.79520	2	74.8252	1
1157.59295	579.80375	2	57.9593	2
1157.59375	579.80415	2	51.9898	2
1157.63515	579.82485	2	52.8180	2
1158.59930	580.30695	2	41.5334	2
1158.62410	580.31930	2	47.2217	2
1158.62500	580.31980	2	45.3649	1
1159.57200	580.79325	2	63.8851	2
1159.57435	580.79445	2	33.2980	2
1159.58350	580.79900	2	45.1282	2
1159.59495	580.80475	2	40.5918	2
1159.61990	580.81725	2	39.4109	2
1159.63875	580.82665	2	79.6080	2
1159.68285	580.84870	2	49.2314	2
1160.58565	581.30010	2	66.3711	2
1160.58625	581.30040	2	49.2869	2
1160.59265	581.30360	2	72.6322	2
1160.59785	581.30620	2	53.8475	2
1160.59850	581.30650	2	67.1460	2
1160.61560	581.31510	2	35.7986	2
1161.05975	581.53715	2	37.1641	4
1161.59905	581.80680	2	45.4375	2
1161.59940	581.80695	2	53.2562	2
1161.60700	581.81080	2	72.4470	2
1161.61540	581.81495	2	52.9618	2
1161.65040	581.83250	2	96.2706	1
1162.59830	582.30640	2	71.2459	3
1163.57635	582.79545	2	65.1878	2
1163.60740	582.81100	2	66.9370	2
1164.57000	583.29225	2	31.1954	2
1164.60310	583.30885	2	60.3130	2
1164.60345	583.30900	2	54.4934	2
1164.72355	583.36905	2	70.0200	2
1165.46140	583.73795	2	34.3169	2
1165.57805	583.79630	2	72.0934	2
1165.59890	583.80670	2	46.3279	1
1166.54230	584.27840	2	46.4365	2
1167.59250	584.80350	2	75.6197	1
1167.61810	584.81635	2	84.3299	2
1168.63120	585.32290	2	77.5610	1
1168.64580	585.33020	2	49.1549	3
1168.68215	585.34835	2	58.0858	2
1168.74360	585.37910	2	78.9382	2
1169.57225	585.79340	2	53.9133	2
1170.57785	586.29620	2	45.7823	2
1170.63825	586.32640	2	46.8942	2
1170.66000	586.33730	2	70.0326	2
1170.66045	586.33750	2	66.3818	2
1171.57645	586.79550	2	64.9100	2
1171.62045	586.81750	2	49.9080	2
1171.62350	586.81905	2	55.7234	2
1171.70035	586.85745	2	54.4171	2
1172.59420	587.30440	2	65.3152	1
1172.61535	587.31495	2	39.8750	2
1172.61960	587.31710	2	70.8617	3
1172.62970	587.32210	2	65.6298	2
1172.64165	587.32810	2	70.5452	2
1173.58880	587.80170	2	46.2341	2
1174.06675	588.04065	2	33.0049	4
1174.51180	588.26315	2	42.8948	2
1174.54935	588.28195	2	31.4171	2
1174.56080	588.28765	2	53.7879	2
1174.60730	588.31090	2	40.2931	2
1175.57285	588.79370	2	60.2218	2
1175.62065	588.81760	2	41.1207	2
1175.65620	588.83540	2	58.6767	2
1176.57150	589.29300	2	30.5059	1
1176.58105	589.29780	2	52.5844	2
1177.63445	589.82450	2	65.7868	2
1177.63620	589.82540	2	54.6907	1
1177.66200	589.83830	2	84.2045	2
1177.66740	589.84100	2	89.6666	2
1178.51715	590.26585	2	37.5242	2
1178.56745	590.29100	2	28.4160	2
1180.52440	591.26950	2	62.0363	1
1180.59700	591.30580	2	64.2727	2
1180.70740	591.36100	2	85.1005	2
1181.65160	591.83305	2	54.4042	2
1182.54225	592.27840	2	74.3889	2
1182.57930	592.29690	2	71.9940	1
1182.60455	592.30955	2	70.7980	2
1182.62820	592.32140	2	71.8494	2
1182.66550	592.34000	2	58.0467	2
1182.68140	592.34800	2	78.0452	3
1184.58625	593.30040	2	60.7519	2
1184.61870	593.31660	2	75.6026	2
1184.67450	593.34450	2	56.7434	2
1184.67660	593.34555	2	69.6397	2
1185.57450	593.79455	2	85.6990	2
1185.64010	593.82730	2	78.6856	2
1185.65175	593.83315	2	63.6312	2
1186.54320	594.27885	2	44.8512	2
1186.65720	594.33590	2	46.6912	1
1187.59580	594.80520	2	64.9398	2
1187.62270	594.81865	2	76.8062	2
1187.70260	594.85855	2	87.4429	2
1187.70390	594.85920	2	79.9693	2
1188.54140	595.27800	2	51.2785	1
1188.58950	595.30205	2	41.5607	2
1188.59840	595.30645	2	45.5402	2
1188.61585	595.31520	2	50.0624	2
1188.67610	595.34530	2	60.5148	1
1189.54150	595.77805	2	78.0934	2
1189.63800	595.82625	2	51.7587	2
1189.64565	595.83010	2	69.4033	2
1189.67165	595.84310	2	73.7069	2
1190.56025	596.28740	2	54.7632	2
1190.57620	596.29540	2	87.8697	1
1190.58940	596.30200	2	33.0381	1
1190.60005	596.30730	2	63.7462	2
1191.55300	596.78380	2	40.7375	2
1191.61435	596.81445	2	57.2448	2
1191.66615	596.84035	2	81.7546	2
1192.52865	597.27160	2	45.9548	2
1192.61675	597.31565	2	65.9564	2
1192.66105	597.33780	2	86.4613	2
1193.61570	597.81515	2	37.6118	2
1193.62100	597.81780	2	98.6354	3
1193.63345	597.82400	2	67.2427	2
1193.66960	597.84210	2	89.4247	2
1194.51300	598.26380	2	30.0809	2
1195.60940	598.81200	2	59.9616	2
1196.54980	599.28220	2	44.7126	2
1196.57265	599.29360	2	34.2775	2
1196.64905	599.33180	2	48.5318	2
1197.54675	599.78065	2	77.3861	2
1197.56995	599.79225	2	51.9579	2
1197.57530	400.19900	3	34.5105	1
1197.62410	599.81930	2	59.4178	1
1197.63870	599.82660	2	71.7430	1
1197.69810	599.85630	2	74.6134	1
1198.61940	400.54705	3	51.7505	2
1198.65615	400.55930	3	39.7025	2
1198.65670	600.33560	2	39.8200	2
1199.54550	600.78005	2	54.3782	2
1199.71340	600.86400	2	77.7756	2
1200.61905	401.21360	3	41.2717	2
1200.62170	601.31815	2	58.5937	2
1200.64650	601.33050	2	51.7853	2
1200.65130	601.33290	2	79.0609	2
1201.09110	601.55280	2	42.0498	4
1201.59850	601.80650	2	65.5411	2
1201.61985	601.81720	2	74.2896	2
1201.63050	601.82250	2	35.6480	2
1201.63060	401.55080	3	35.0890	2
1201.66720	401.56300	3	46.0760	2
1201.66870	601.84160	2	56.2489	1
1202.58935	602.30195	2	39.3793	2
1202.60510	401.87565	3	48.0398	2
1202.60630	602.31040	2	48.0676	1
1202.64115	401.88765	3	38.2322	2
1202.64285	602.32870	2	38.2064	2
1202.65120	602.33290	2	64.3012	2
1203.59870	602.80660	2	40.6494	2
1203.61715	602.81585	2	57.2794	2
1203.67180	602.84315	2	51.2776	2
1204.58340	603.29895	2	52.2808	2
1204.61050	603.31250	2	56.6103	1
1204.61180	603.31320	2	92.1315	1
1204.65655	402.55945	3	47.5957	2
1204.65705	603.33580	2	47.6277	2
1205.56495	402.86225	3	59.0386	2
1205.59120	402.87100	3	58.7413	1
1205.63000	603.82230	2	56.0340	2
1205.63055	402.88410	3	51.3681	2
1205.64105	603.82780	2	53.9729	2
1205.71300	402.91160	3	64.4995	2
1205.71410	603.86435	2	64.5650	2
1206.60780	604.31115	2	72.1508	2
1206.62435	604.31945	2	63.8635	2
1207.57215	604.79335	2	63.0972	2
1207.57230	604.79340	2	62.0976	1
1207.62045	604.81750	2	54.7909	2
1207.62440	604.81945	2	71.8441	2
1207.76625	604.89040	2	80.3192	2
1208.59415	605.30435	2	82.1968	2
1209.58855	605.80155	2	47.6613	2
1210.56240	606.28850	2	46.1737	1
1210.59930	606.30695	2	62.6362	2
1210.63220	404.55135	3	36.9819	2
1210.74010	606.37735	2	70.1842	2
1211.61870	606.81665	2	77.4754	2
1211.62605	404.88260	3	34.4638	2
1211.65125	404.89100	3	48.1063	2
1211.65140	606.83300	2	48.1941	2
1212.50225	607.25840	2	37.0378	2
1212.53120	405.18430	3	51.3790	2
1212.56620	405.19600	3	26.6768	1
1213.64600	405.55590	3	53.3050	1
1213.66830	607.84140	2	47.8947	1
1213.67075	405.56420	3	81.2762	2
1214.70320	608.35890	2	62.5659	1
1215.59920	608.80685	2	49.9008	2
1215.64620	608.83035	2	59.7492	2
1215.65105	608.83280	2	82.2318	2
1215.68205	406.23460	3	33.5829	2
1215.68280	608.84870	2	33.6255	2
1216.57535	609.29495	2	38.4632	2
1216.57610	609.29535	2	48.5922	2
1216.62190	609.31825	2	54.6700	2
1216.65730	609.33595	2	69.2579	2
1217.56165	609.78810	2	69.5489	2
1217.60805	609.81130	2	57.1886	2
1217.67615	406.89930	3	67.7272	2
1218.62880	610.32165	2	58.3993	2
1218.66490	610.33975	2	82.6737	2
1219.60270	610.80860	2	68.3907	1
1219.61215	610.81335	2	49.2816	2
1220.64140	611.32795	2	77.6829	2
1221.13310	611.57385	2	49.9398	4
1221.59900	611.80675	2	58.4475	2
1221.61015	408.21065	3	30.3866	2
1221.61160	611.81310	2	30.4099	1
1221.63625	611.82540	2	56.1960	2
1223.54240	612.77850	2	46.1361	2
1223.62675	612.82065	2	34.9355	2
1223.65210	408.89130	3	46.9687	1
1223.70860	612.86160	2	78.8962	7
1224.62410	613.31930	2	67.9165	2
1224.62850	409.21675	3	53.6279	2
1224.62965	613.32210	2	53.5439	2
1224.65785	409.22655	3	35.9182	2
1224.68350	613.34905	2	42.7443	2
1225.59835	613.80645	2	62.5181	2
1226.70040	614.35750	2	58.7731	1
1227.65675	614.83565	2	58.4152	2
1227.66110	614.83785	2	69.6621	2
1227.67235	614.84345	2	67.6058	2
1227.68245	410.23475	3	49.4708	2
1227.68275	614.84865	2	64.1283	2
1228.73895	615.37675	2	82.0333	2
1229.55715	615.78585	2	40.9775	2
1229.61250	615.81350	2	78.2950	1
1229.61875	615.81665	2	49.4073	2
1229.65005	410.89060	3	47.1625	2
1229.65155	615.83305	2	47.2138	2
1229.73775	410.91985	3	58.5382	2
1230.58405	616.29930	2	41.1425	2
1230.58840	616.30150	2	59.5419	2
1230.62135	616.31795	2	48.4340	2
1230.63830	616.32640	2	78.3713	2
1230.65770	616.33610	2	40.8836	2
1230.66325	616.33890	2	82.1683	2
1231.58560	616.80010	2	51.8566	1
1231.58730	616.80095	2	35.5762	2
1231.62455	616.81955	2	54.6084	2
1231.64065	616.82760	2	53.7215	2
1231.65580	616.83520	2	60.2399	2
1231.69400	411.57195	3	57.5260	2
1232.57055	617.29255	2	32.9638	2
1232.60790	617.31120	2	45.6367	2
1233.60890	617.81170	2	50.0927	2
1233.60990	617.81220	2	61.6966	1
1233.62140	617.81800	2	43.4018	2
1233.66145	617.83800	2	56.8724	2
1234.56915	412.53030	3	39.9111	2
1234.59620	618.30540	2	34.3957	1
1234.60890	618.31175	2	55.7181	2
1234.60980	412.54385	3	55.6199	2
1234.65440	618.33450	2	63.6967	1
1235.60745	618.81100	2	39.1279	2
1235.60750	412.87640	3	39.1147	2
1235.64920	618.83190	2	48.7373	2
1235.65110	412.89095	3	48.7005	2
1235.66500	618.83975	2	57.7273	2
1235.67020	412.89730	3	57.6906	2
1235.69850	412.90680	3	48.8467	1
1236.56310	619.28880	2	47.9889	2
1237.61450	413.54540	3	44.7310	2
1237.63445	413.55205	3	37.0325	2
1237.63525	619.82490	2	37.1325	2
1237.64630	619.83040	2	63.5596	2
1237.73990	619.87720	2	67.2695	2
1239.59165	620.80310	2	58.2448	2
1239.59665	414.20615	3	34.8760	2
1239.71925	620.86690	2	73.5518	2
1240.16120	621.08790	2	48.3114	4
1240.58765	414.53650	3	35.4544	2
1240.59120	621.30290	2	65.7551	2
1240.68070	621.34765	2	74.8079	2
1240.70500	621.35975	2	90.4863	2
1241.66425	621.83940	2	61.5818	2
1241.67310	621.84380	2	42.7920	1
1241.69700	621.85580	2	77.7628	1
1241.77490	621.89470	2	76.8821	2
1241.77495	414.93225	3	76.8176	2
1242.63720	622.32590	2	43.5643	1
1242.63730	415.21970	3	43.5109	2
1244.54180	623.27820	2	52.0163	2
1244.56800	623.29125	2	46.1307	2
1244.61130	415.87770	3	32.9001	1
1244.63310	623.32380	2	65.6608	2
1244.67240	415.89810	3	35.8912	2
1245.62070	623.81765	2	46.9618	2
1245.62185	416.21455	3	46.8389	2
1245.65005	623.83230	2	81.2006	2
1245.65800	623.83630	2	42.6743	1
1245.67225	416.23135	3	54.1588	2
1245.67445	623.84450	2	41.6679	2
1246.64945	416.55705	3	66.4317	2
1246.69220	624.35340	2	71.7220	2
1247.57910	624.79680	2	45.4933	3
1247.60420	624.80940	2	69.1553	1
1248.61950	625.31700	2	57.4263	1
1248.67255	625.34355	2	60.3416	2
1248.67380	625.34420	2	62.6608	1
1249.59055	625.80255	2	49.4312	2
1249.63020	625.82235	2	56.7300	2
1249.65540	625.83495	2	63.3576	2
1249.65680	625.83565	2	82.2850	2
1250.72390	626.36920	2	87.1825	1
1250.76030	626.38740	2	71.4702	1
1251.66120	626.83790	2	74.1024	2
1251.66660	418.22950	3	50.3553	1
1252.73860	627.37660	2	78.4313	2
1252.74945	418.59040	3	65.1555	2
1252.77885	627.39670	2	90.8511	2
1253.55885	627.78670	2	65.6957	2
1253.63080	418.88420	3	31.3846	2
1254.58890	628.30170	2	67.7706	2
1254.59910	628.30685	2	79.5745	2
1254.72930	628.37195	2	68.6283	2
1254.72985	628.37220	2	39.2688	2
1254.72985	419.25055	3	39.2375	2
1254.73300	419.25160	3	51.4997	2
1255.58425	628.79940	2	42.3174	2
1255.62825	628.82140	2	69.3130	2
1255.65600	419.55925	3	52.8468	2
1255.66920	628.84190	2	73.1765	2
1255.67835	628.84645	2	50.2980	2
1255.70215	628.85835	2	68.4357	2
1255.71360	628.86410	2	64.4682	1
1255.71415	419.57865	3	64.4163	2
1256.58625	629.30040	2	60.7812	2
1256.61115	629.31285	2	49.6953	2
1256.61330	629.31390	2	88.7915	1
1256.69860	629.35655	2	46.5232	2
1256.69885	419.90685	3	46.5505	2
1256.70440	629.35945	2	96.0992	2
1257.64680	629.83065	2	41.3861	2
1257.67315	629.84385	2	54.9244	4
1258.59900	630.30675	2	80.3742	2
1258.67630	630.34545	2	66.5023	2
1258.68930	630.35195	2	51.5778	2
1258.76465	630.38960	2	86.2667	2
1259.63400	630.82430	2	74.4075	2
1259.63560	630.82505	2	57.3716	2
1259.66080	630.83770	2	57.9340	2
1260.57860	631.29655	2	34.9355	2
1260.58795	631.30125	2	41.4361	2
1260.67225	631.34340	2	56.3413	2
1261.57810	631.79635	2	50.2083	2
1261.62170	421.54780	3	39.2113	2
1261.67150	421.56440	3	36.6542	1
1261.74495	631.87975	2	94.4888	2
1263.60970	632.81210	2	52.2743	1
1263.61955	422.21380	3	31.9765	2
1263.61990	632.81725	2	31.9897	2
1263.62915	632.82185	2	55.8693	2
1263.67230	632.84340	2	88.0635	2
1263.68705	632.85080	2	65.9605	2
1264.64830	422.55670	3	60.1385	2
1264.77510	633.39480	2	92.3113	1
1265.58720	633.80090	2	41.3156	1
1265.68840	633.85150	2	50.8202	2
1266.56275	634.28865	2	45.0400	2
1266.60020	634.30740	2	59.2437	1
1266.62085	423.21425	3	36.5782	2
1266.62290	634.31870	2	36.5473	1
1266.62880	634.32165	2	70.2877	2
1266.63880	634.32670	2	85.5460	1
1267.56840	423.53010	3	33.8061	1
1267.64905	634.83180	2	81.2956	2
1267.68900	634.85180	2	48.7944	2
1268.61475	423.87885	3	52.3903	2
1268.66210	635.33835	2	50.0247	2
1268.66230	423.89470	3	49.9600	2
1268.69910	635.35685	2	68.9068	2
1269.62525	635.81990	2	79.6083	2
1269.62870	635.82160	2	62.6905	1
1269.65270	424.22480	3	66.0755	1
1269.65870	635.83660	2	45.8716	2
1269.65930	424.22705	3	45.8640	2
1269.70510	635.85980	2	62.0723	2
1269.72900	635.87180	2	77.3225	2
1270.65355	636.33405	2	42.5453	2
1270.69985	424.57390	3	61.1663	2
1270.72750	636.37100	2	91.2242	2
1271.61930	636.81690	2	54.7220	1
1271.68735	424.90305	3	59.2478	2
1271.76150	636.88805	2	81.1307	2
1272.60090	425.20755	3	56.4484	2
1272.69260	637.35355	2	63.7384	2
1273.65530	637.83495	2	65.7351	2
1273.66890	637.84175	2	64.1162	2
1273.67780	637.84615	2	85.4663	2
1273.72135	637.86795	2	69.3724	2
1274.62890	425.88355	3	44.9183	2
1274.64440	638.32950	2	83.9277	2
1274.65130	638.33290	2	76.1159	2
1274.66275	638.33865	2	67.5427	2
1274.75965	638.38710	2	77.9987	2
1275.54205	638.77830	2	44.2138	2
1275.57195	638.79325	2	59.9562	2
1275.60405	638.80930	2	78.9632	2
1275.69325	426.23835	3	61.8899	2
1276.63270	639.32365	2	76.3953	2
1276.65350	639.33400	2	89.1342	2
1276.66565	639.34010	2	57.4599	2
1276.67355	639.34405	2	85.2292	2
1276.70330	639.35895	2	77.5429	2
1276.70425	639.35940	2	71.1458	2
1277.63715	639.82585	2	61.3952	2
1277.67435	639.84445	2	67.9211	2
1277.68775	639.85115	2	75.0053	2
1278.65030	640.33240	2	84.0609	2
1279.69655	427.57280	3	53.1868	2
1279.75105	640.88280	2	73.9780	2
1280.57935	641.29695	2	80.2514	2
1280.59965	427.87380	3	36.1631	2
1280.74755	641.38105	2	87.2559	2
1281.55770	641.78610	2	38.4929	2
1281.60960	428.21050	3	35.0477	1
1281.61220	641.81340	2	34.9700	2
1281.70515	428.24230	3	40.3932	2
1282.58700	642.30075	2	60.8363	2
1282.69070	642.35260	2	87.6231	1
1283.61535	642.81495	2	69.7833	2
1283.65160	642.83310	2	64.6543	2
1283.65905	642.83680	2	84.7404	2
1283.70765	428.90985	3	43.2091	2
1284.61450	429.21210	3	39.0500	1
1284.62690	643.32070	2	90.3334	2
1284.69410	643.35430	2	76.9425	2
1284.70420	643.35935	2	68.2174	2
1284.70450	429.24210	3	41.8412	2
1284.72870	643.37160	2	82.8510	2
1285.66320	643.83890	2	42.3654	2
1285.72380	429.58185	3	45.0062	2
1286.64410	429.88865	3	67.8563	2
1286.68345	644.34900	2	84.4862	2
1286.69955	644.35705	2	67.3897	2
1286.78510	644.39980	2	85.4302	2
1287.63000	644.82230	2	83.9989	2
1287.66815	644.84135	2	44.5117	2
1288.59125	645.30290	2	43.6956	2
1288.66265	645.33860	2	45.2535	2
1288.68510	645.34980	2	66.3475	2
1288.72295	645.36875	2	83.2576	2
1288.73875	645.37665	2	74.8648	2
1289.58905	645.80180	2	35.2138	2
1289.59100	430.87090	3	35.1672	2
1289.62825	645.82140	2	61.9534	2
1289.62935	645.82195	2	88.3992	2
1289.64710	645.83085	2	48.9086	2
1290.54520	431.18900	3	31.2557	2
1290.54905	646.28180	2	31.2924	2
1290.57000	646.29225	2	38.4310	2
1290.65730	646.33590	2	54.0701	2
1291.57840	646.79645	2	43.9361	2
1291.60550	646.81000	2	50.7041	2
1291.66655	646.84055	2	59.3682	2
1292.57400	431.86530	3	41.7498	1
1292.66060	647.33760	2	61.3058	1
1292.66080	431.89420	3	61.3004	1
1293.62405	647.81930	2	54.7268	2
1294.62335	648.31895	2	67.5078	2
1294.79700	432.60625	3	66.7929	2
1295.58970	648.80210	2	43.8947	1
1295.66640	432.89610	3	61.1867	1
1295.74595	648.88025	2	63.8942	2
1295.75685	432.92620	3	59.5200	2
1296.68280	649.34865	2	59.0229	2
1296.68530	433.23570	3	59.0877	1
1296.70390	649.35920	2	68.2811	2
1297.23325	649.62390	2	44.6872	4
1297.72420	433.58200	3	43.8650	3
1297.73645	649.87550	2	64.7350	2
1297.76005	433.59395	3	62.7107	2
1298.59425	650.30440	2	36.9241	2
1298.59435	433.87205	3	36.8805	2
1298.61035	433.87740	3	36.7711	2
1298.69435	650.35445	2	47.5417	2
1298.74685	650.38070	2	91.9095	2
1299.56945	650.79200	2	35.3181	2
1299.67910	650.84680	2	40.2912	1
1299.69630	650.85545	2	79.0884	2
1299.70415	650.85935	2	57.4946	2
1299.70500	650.85980	2	60.9798	1
1300.62405	651.31930	2	85.5953	2
1300.70335	651.35895	2	62.4641	2
1300.73895	651.37675	2	75.0993	2
1300.77555	651.39505	2	84.5902	2
1301.61050	651.81250	2	41.8418	1
1301.63565	434.88580	3	39.9361	2
1302.65930	652.33695	2	66.1350	2
1302.73070	652.37260	2	89.0961	5
1303.51475	652.76465	2	64.7987	2
1303.60595	652.81025	2	60.0783	2
1304.61075	653.31265	2	42.1090	2
1304.73500	653.37480	2	78.3713	2
1305.61560	436.21250	3	30.6410	1
1305.62485	653.81970	2	50.9404	2
1305.63450	436.21875	3	61.0166	2
1305.66140	653.83800	2	68.3661	1
1305.70455	653.85955	2	72.9977	2
1306.58310	436.53500	3	39.7858	1
1306.65305	436.55830	3	39.3242	2
1306.66780	654.34120	2	30.9627	1
1306.67695	654.34575	2	75.2251	2
1307.66200	654.83830	2	60.9186	1
1307.66330	654.83890	2	60.9323	1
1308.65855	655.33655	2	62.6675	2
1308.72100	437.24760	3	86.5994	2
1308.72105	655.36780	2	86.5304	2
1308.74090	655.37770	2	59.6419	2
1308.77695	655.39575	2	72.4248	2
1309.65280	655.83365	2	63.1730	2
1310.12240	656.06850	2	67.8575	4
1310.65210	437.89130	3	47.7172	1
1310.68030	656.34745	2	80.1010	2
1310.70255	437.90810	3	45.6062	2
1311.57075	656.79265	2	59.1915	2
1311.58310	656.79880	2	50.1179	2
1311.71390	438.24520	3	59.9763	1
1311.71490	438.24555	3	41.2560	2
1313.61355	657.81405	2	62.8530	2
1313.69340	438.90505	3	52.0457	2
1313.69455	657.85455	2	52.1095	2
1313.70195	657.85825	2	87.0588	2
1313.71780	438.91320	3	61.5160	2
1313.72010	657.86730	2	84.6159	2
1313.74550	438.92240	3	53.5612	1
1314.59790	439.20660	3	32.4742	1
1314.69645	658.35550	2	48.1932	2
1314.69705	658.35580	2	62.5285	2
1314.70330	439.24170	3	48.1554	2
1315.56565	439.52915	3	45.9601	2
1315.65860	658.83655	2	72.3174	2
1315.68100	658.84780	2	59.8187	2
1315.71015	658.86235	2	64.5102	2
1315.77090	439.59760	3	62.6663	1
1316.56520	659.28985	2	55.0741	2
1316.65645	659.33550	2	79.1827	2
1316.67590	439.89920	3	64.0714	2
1316.73450	659.37450	2	95.7355	2
1316.73455	659.37455	2	67.9838	2
1317.61055	440.21080	3	52.6176	2
1317.64265	659.82860	2	42.2008	2
1318.65950	660.33700	2	78.7811	2
1319.63340	660.82400	2	53.2996	1
1319.66480	660.83970	2	53.7777	1
1319.69180	660.85320	2	81.3660	2
1319.70935	440.91035	3	63.8021	2
1319.71080	660.86265	2	63.8581	2
1320.59920	661.30690	2	71.6404	2
1320.60930	661.31190	2	55.5922	1
1320.62415	441.21530	3	40.4446	2
1320.62475	661.31965	2	40.4775	2
1320.68550	661.35000	2	95.2138	5
1321.61555	661.81505	2	51.8230	2
1321.75490	661.88475	2	93.3513	2
1321.76540	661.89000	2	80.6337	2
1321.76555	441.59575	3	80.5386	2
1322.66640	662.34050	2	88.7752	2
1322.67100	662.34280	2	63.9842	2
1322.70625	441.90935	3	36.7656	2
1322.70785	662.36120	2	36.8631	2
1322.72715	662.37085	2	72.3353	2
1323.71880	442.24690	3	70.9492	1
1324.69060	663.35255	2	77.7159	2
1324.73450	663.37455	2	63.0760	2
1324.78245	442.60145	3	64.9743	2
1325.74975	663.88215	2	82.8925	2
1326.62090	664.31775	2	60.4587	2
1326.68945	443.23710	3	31.0506	2
1326.68980	664.35220	2	31.0436	1
1327.65250	443.55810	3	56.9071	2
1328.74485	443.92220	3	42.0215	2
1328.75280	443.92485	3	70.9934	2
1328.75320	665.38385	2	71.1444	2
1329.65405	665.83430	2	43.4308	2
1329.65480	665.83470	2	58.8692	1
1329.69350	444.23845	3	65.6717	2
1329.69420	665.85440	2	76.7038	1
1330.71335	666.36395	2	61.4800	2
1330.78210	444.60130	3	85.8110	1
1330.78245	666.39850	2	85.6687	2
1331.67645	666.84550	2	74.2814	2
1331.70910	666.86180	2	63.2916	1
1331.70965	666.86210	2	80.5275	2
1331.72800	666.87130	2	92.0103	2
1331.74540	666.88000	2	82.0279	2
1331.76705	666.89080	2	45.5010	2
1332.64630	667.33045	2	47.6997	2
1332.70245	667.35850	2	82.5010	2
1333.59425	667.80440	2	43.3177	2
1334.66250	445.89480	3	46.2310	2
1334.71860	668.36655	2	53.5740	2
1334.72035	445.91405	3	53.5185	2
1334.72475	668.36965	2	76.2989	2
1335.59560	668.80510	2	52.2288	3
1335.63820	668.82640	2	71.9043	2
1335.64215	668.82835	2	59.6002	2
1335.64810	668.83135	2	69.8552	2
1336.74700	446.58960	3	43.1033	1
1336.74700	669.38075	2	43.0078	2
1336.80640	446.60940	3	79.6954	1
1336.80740	669.41100	2	79.7146	2
1337.57375	669.79415	2	38.7586	2
1338.61310	670.31385	2	60.7128	2
1338.66825	670.34140	2	62.9711	2
1338.71510	447.24565	3	47.1975	2
1338.71985	670.36720	2	72.3272	2
1339.65240	670.83350	2	64.4698	2
1339.72800	670.87130	2	81.2597	2
1339.74600	447.58925	3	55.4857	2
1339.75250	670.88350	2	81.5967	2
1339.77220	447.59800	3	94.0381	2
1339.77270	670.89360	2	95.9737	6
1340.59680	671.30570	2	49.3779	2
1340.73035	671.37245	2	61.9887	2
1341.62280	671.81865	2	74.8941	2
1341.69010	671.85230	2	45.4666	5
1341.72685	448.24955	3	43.9972	2
1342.65090	448.55760	3	37.4438	1
1342.65165	448.55780	3	54.0384	2
1342.69120	672.35290	2	70.3097	1
1342.70950	448.57710	3	56.2895	2
1342.70990	672.36225	2	62.6971	2
1342.73690	672.37575	2	84.5389	8
1343.71970	672.86710	2	69.3397	1
1343.76580	448.92920	3	54.3426	2
1343.76665	672.89060	2	54.3474	2
1344.71430	673.36440	2	65.8230	2
1344.72990	449.25060	3	72.0239	1
1344.74035	673.37745	2	83.2905	2
1344.74415	449.25530	3	81.6022	2
1344.74545	673.38000	2	94.8859	2
1344.74680	449.25620	3	67.7569	1
1344.79820	673.40635	2	96.2015	2
1345.62270	449.54820	3	33.0916	1
1345.62270	673.81865	2	33.1852	2
1346.57895	674.29675	2	39.8525	2
1346.59920	449.87370	3	52.9875	1
1346.67525	674.34490	2	72.8837	2
1346.68410	674.34935	2	77.8418	2
1346.71900	449.91360	3	70.9058	1
1346.76650	674.39050	2	68.5208	2
1346.76655	449.92945	3	68.4307	2
1347.58100	674.79775	2	53.0461	2
1347.66690	674.84075	2	88.3322	2
1347.74705	450.25630	3	63.3250	2
1347.74720	674.88090	2	63.4145	2
1347.76615	450.26265	3	82.9270	2
1349.56865	675.79160	2	76.1499	2
1349.58940	675.80200	2	32.5120	1
1349.64760	675.83110	2	60.6779	1
1349.68290	675.84870	2	69.3675	2
1349.68445	675.84950	2	60.8061	2
1350.60980	676.31215	2	39.7419	2
1350.68660	451.23610	3	73.3637	1
1350.71640	676.36550	2	73.6449	2
1351.63805	451.55330	3	33.8976	2
1351.64030	676.82745	2	33.9077	2
1351.64120	676.82790	2	60.4928	2
1351.71130	451.57770	3	49.9597	1
1352.59520	451.87230	3	30.5809	1
1352.72985	451.91720	3	54.9531	2
1352.75645	677.38550	2	67.8645	2
1353.72430	677.86940	2	88.0396	2
1353.72525	677.86990	2	65.5086	2
1354.73110	678.37280	2	89.1126	3
1355.71565	678.86510	2	85.2051	2
1355.71745	678.86600	2	87.4808	2
1355.72435	678.86945	2	74.8620	2
1355.73085	678.87270	2	56.4995	2
1355.77760	678.89605	2	81.9674	2
1355.77790	452.93320	3	58.8798	2
1356.73560	679.37510	2	59.9248	2
1356.74940	453.25705	3	48.4119	2
1356.75035	679.38245	2	48.4694	2
1357.66340	679.83895	2	49.7400	2
1357.67260	679.84360	2	30.2826	2
1357.74495	453.58890	3	58.2095	2
1357.74610	679.88030	2	58.3056	2
1358.15430	453.72535	3	51.5139	4
1358.65635	680.33545	2	88.6707	2
1358.66160	680.33805	2	56.7697	2
1358.66775	453.89650	3	45.7110	2
1358.66990	680.34225	2	45.7215	2
1358.67880	453.90020	3	38.5205	2
1358.68000	680.34725	2	38.5773	2
1358.74180	680.37815	2	82.6003	2
1358.75675	680.38565	2	92.3473	2
1359.68200	680.84825	2	66.9408	2
1359.68790	454.23660	3	38.2239	2
1359.83510	454.28560	3	56.7711	1
1360.58725	454.53635	3	33.5190	2
1361.66810	681.84130	2	40.2706	2
1361.67155	681.84305	2	66.6885	2
1361.72005	681.86730	2	68.6123	2
1361.72235	681.86845	2	88.5364	2
1361.72260	681.86855	2	71.2660	2
1362.58985	682.30220	2	48.5610	2
1362.71235	682.36345	2	87.5872	2
1362.71415	682.36435	2	57.9951	2
1362.71575	682.36515	2	71.9156	2
1362.72200	682.36830	2	83.1994	2
1363.66060	682.83760	2	62.7934	2
1363.69070	455.57080	3	45.0715	2
1363.69335	682.85395	2	45.2027	2
1364.59140	683.30300	2	51.2143	1
1364.61770	683.31610	2	68.6598	1
1364.63990	683.32720	2	64.1953	1
1364.66810	683.34130	2	44.9518	2
1364.68295	683.34875	2	61.2211	2
1364.71940	683.36695	2	64.6225	2
1364.73560	683.37505	2	69.1548	2
1365.55950	456.19375	3	42.1169	2
1365.67765	456.23315	3	55.7126	2
1365.67970	683.84710	2	55.7633	1
1366.73230	456.58470	3	36.2980	2
1366.75790	456.59320	3	36.4266	2
1367.54530	684.77990	2	32.9642	3
1367.65360	456.89180	3	51.3987	2
1367.67170	456.89785	3	50.2468	2
1367.68765	456.90315	3	51.6775	2
1367.68860	684.85155	2	51.7586	2
1367.71210	684.86330	2	71.4133	2
1367.76780	684.89115	2	83.0781	2
1367.77780	684.89620	2	74.9040	2
1368.64735	457.22305	3	67.3896	2
1368.75220	685.38340	2	74.4583	1
1368.79790	457.27320	3	63.6713	1
1369.67440	457.56540	3	52.1042	2
1369.79190	685.90320	2	54.5436	2
1370.28495	457.76890	3	54.9000	4
1370.72230	686.36840	2	79.4299	1
1370.81940	686.41695	2	94.3607	2
1371.68360	686.84905	2	73.2124	2
1371.73530	458.25235	3	49.5513	2
1372.68435	687.34945	2	66.0137	2
1372.71595	458.57925	3	54.2862	2
1373.74145	687.87800	2	70.4842	2
1373.75225	687.88340	2	56.8524	2
1374.68800	688.35130	2	47.8051	1
1374.68820	459.23670	3	47.7747	2
1374.70975	688.36215	2	73.1515	2
1374.76155	459.26110	3	77.5028	2
1374.76280	688.38870	2	77.6007	2
1374.78790	688.40120	2	83.8696	2
1375.70055	459.57410	3	52.5295	2
1375.71380	459.57850	3	75.9639	2
1376.70495	689.35975	2	89.1555	2
1376.71890	689.36670	2	64.7485	2
1376.72975	459.91720	3	49.8126	2
1376.85000	459.95730	3	66.1702	2
1377.57450	460.19880	3	34.4177	1
1377.67210	689.84335	2	82.6707	2
1377.67760	689.84610	2	75.2953	2
1377.68500	689.84975	2	32.3873	2
1377.69065	460.23745	3	32.3488	2
1377.69310	460.23830	3	87.9041	2
1377.69630	689.85545	2	88.7346	4
1378.23380	690.12415	2	84.2762	4
1378.69740	690.35600	2	59.7280	2
1378.75665	690.38560	2	94.0984	2
1379.76600	460.92925	3	72.3896	2
1379.76745	690.89100	2	72.4033	2
1379.77245	690.89350	2	79.7398	2
1380.64230	461.22135	3	53.9828	2
1380.64235	691.32845	2	54.0785	2
1381.67480	691.84470	2	66.0092	1
1382.65200	692.33325	2	76.1701	2
1382.76080	692.38765	2	77.1957	2
1382.84860	461.95680	3	77.6215	1
1383.54255	692.77855	2	25.3301	2
1383.64455	692.82955	2	52.3956	2
1383.67870	462.23350	3	42.9806	2
1384.61820	693.31640	2	51.8788	2
1384.64140	462.55440	3	54.9942	1
1384.66325	693.33890	2	55.8205	2
1384.67090	693.34270	2	83.1616	1
1384.74805	693.38130	2	83.2409	2
1385.68350	462.90180	3	61.7492	1
1385.73455	693.87455	2	74.7963	2
1385.75265	693.88360	2	61.9832	2
1387.56120	694.78790	2	61.4455	1
1387.62990	694.82220	2	74.7277	1
1387.66630	463.56270	3	47.8371	2
1387.66735	694.84095	2	47.9369	2
1387.68800	694.85130	2	81.9970	1
1387.69500	694.85475	2	56.5359	2
1387.72745	694.87100	2	83.4169	2
1387.72760	463.58315	3	83.3296	2
1387.74690	694.88075	2	65.4871	2
1388.55640	695.28550	2	55.0396	2
1388.70610	695.36030	2	52.1663	2
1389.73445	695.87450	2	87.1179	2
1389.75425	695.88440	2	88.3073	2
1390.75705	464.59295	3	67.3310	2
1391.69360	696.85405	2	60.1259	2
1391.70480	696.85965	2	52.7259	2
1392.61690	465.21290	3	58.9394	2
1392.66825	697.34140	2	62.9364	2
1392.84590	697.43025	2	83.5461	2
1393.64360	697.82905	2	68.0815	2
1393.65150	697.83305	2	70.6056	2
1393.67760	697.84605	2	70.0935	2
1393.69125	697.85290	2	81.9031	2
1393.70235	465.57470	3	55.3632	2
1393.70355	697.85905	2	76.8710	2
1395.65255	698.83355	2	58.0261	2
1395.71110	698.86285	2	39.6478	2
1395.71165	466.24450	3	39.6695	2
1396.67850	699.34655	2	76.6701	2
1396.80515	699.40985	2	66.1157	2
1397.60315	466.87495	3	46.5154	2
1397.78835	466.93670	3	65.1017	2
1397.79590	699.90525	2	78.9992	2
1398.62660	700.32055	2	52.2752	2
1398.70530	700.35995	2	89.6051	2
1398.73460	467.25215	3	50.6699	2
1398.77150	700.39305	2	63.5650	2
1399.67240	700.84345	2	70.6980	2
1399.69520	700.85485	2	54.2459	2
1399.69965	467.57380	3	48.2764	2
1401.56915	701.79185	2	42.4314	2
1401.71100	468.24430	3	41.9643	2
1401.76240	701.88850	2	80.1240	2
1401.77615	468.26595	3	38.3702	2
1402.75035	702.38245	2	76.4225	2
1403.63960	702.82705	2	60.4380	2
1403.74115	702.87785	2	68.8417	2
1403.74130	468.92100	3	40.3808	2
1403.74220	702.87835	2	40.4501	2
1404.73000	703.37230	2	75.2252	1
1404.79825	703.40640	2	67.5691	2
1405.65175	703.83315	2	55.8150	2
1405.67390	469.56525	3	43.6665	2
1405.68175	469.56785	3	71.0302	2
1405.68325	703.84890	2	71.1132	2
1406.71550	704.36505	2	74.2212	2
1407.72395	470.24860	3	49.5993	2
1407.78300	470.26830	3	65.8129	2
1407.78405	470.26865	3	59.8104	2
1408.65070	705.33265	2	77.0113	2
1408.66190	705.33820	2	70.0396	3
1408.66920	705.34190	2	38.8763	2
1409.68640	705.85045	2	68.1607	2
1409.73970	470.92050	3	48.9390	2
1410.70050	706.35750	2	55.4265	2
1410.72425	471.24870	3	50.2360	2
1410.77260	471.26480	3	57.0860	2
1411.65950	706.83700	2	48.0156	2
1411.67420	706.84440	2	72.0647	2
1411.71595	471.57925	3	69.6481	2
1411.82820	706.92140	2	72.2698	2
1411.82860	471.61680	3	72.3407	2
1412.64505	707.32980	2	88.7970	2
1412.77465	707.39460	2	50.8760	2
1412.81480	707.41465	2	82.4177	2
1412.83900	471.95360	3	66.2864	2
1412.83905	707.42680	2	66.3180	2
1413.67450	707.84450	2	37.0966	2
1413.76720	707.89090	2	61.1077	2
1414.73070	472.58420	3	47.2836	2
1414.73140	708.37300	2	47.3367	2
1414.73295	708.37375	2	81.3009	2
1415.65105	708.83280	2	92.1796	2
1415.68960	708.85210	2	57.5178	2
1415.72760	708.87110	2	45.7516	2
1416.72620	709.37035	2	64.3527	2
1416.77940	473.26710	3	58.5729	2
1417.66880	709.84170	2	55.1359	2
1417.68045	473.56740	3	46.6374	2
1417.70970	709.86215	2	73.7641	2
1418.69820	473.90670	3	42.6448	1
1418.70855	710.36155	2	57.7510	2
1419.66450	710.83950	2	57.0542	2
1419.69960	710.85710	2	51.1347	2
1419.69980	474.24050	3	51.0608	3
1419.75815	474.26000	3	51.3090	2
1419.81460	710.91460	2	80.6859	2
1420.65095	711.33275	2	46.6685	6
1420.70370	711.35915	2	59.5168	2
1421.67685	474.89955	3	62.0692	2
1421.70525	474.90900	3	58.1158	2
1421.80350	474.94180	3	63.1568	1
1422.59470	712.30460	2	36.3879	1
1422.59485	475.20555	3	36.2727	2
1422.67315	475.23165	3	40.3233	2
1422.68710	712.35080	2	65.2230	2
1422.75310	712.38385	2	78.2703	2
1423.67065	712.84260	2	81.9112	2
1423.74780	712.88120	2	90.7458	1
1424.63205	475.88465	3	49.1645	2
1424.63295	713.32375	2	49.1482	2
1424.66075	713.33765	2	67.8829	2
1424.72000	713.36730	2	66.5586	2
1425.67185	713.84320	2	73.2208	2
1425.80865	713.91160	2	73.4309	2
1425.81950	476.28045	3	61.9270	2
1426.79015	476.60400	3	42.7962	2
1427.64300	714.82880	2	46.1693	2
1427.72675	714.87065	2	52.6399	2
1427.79910	476.94030	3	57.2793	2
1427.79950	714.90705	2	82.3835	2
1428.71090	477.24425	3	45.8019	2
1428.78250	477.26810	3	76.2755	2
1429.75005	715.88230	2	63.3300	2
1429.75600	477.59260	3	59.6788	3
1429.75695	715.88575	2	59.8185	2
1429.75870	715.88660	2	51.6930	1
1429.80205	715.90830	2	96.9789	2
1430.72940	716.37195	2	88.2427	2
1430.73730	477.91970	3	50.5798	2
1430.77065	716.39260	2	85.8907	2
1431.78610	478.26930	3	65.1231	2
1431.79935	716.90695	2	79.3962	2
1434.74690	718.38070	2	73.2377	2
1435.66280	718.83870	2	38.0185	2
1435.72720	718.87090	2	67.8988	2
1435.76820	718.89135	2	62.7267	2
1436.69395	479.90525	3	55.2784	2
1436.69520	719.35485	2	55.3970	2
1436.70455	719.35955	2	68.0985	2
1436.76365	479.92850	3	51.5857	2
1436.78685	479.93620	3	61.9531	2
1437.69270	719.85360	2	63.3820	2
1438.58730	480.53640	3	29.4489	1
1439.79905	720.90680	2	72.4911	2
1439.80885	720.91170	2	95.5205	2
1440.82070	721.41765	2	79.0272	2
1441.63240	721.82350	2	76.5992	1
1442.65100	722.33275	2	83.5840	2
1442.66895	722.34175	2	51.4940	2
1442.68795	722.35125	2	79.6414	2
1442.72800	481.91660	3	49.6000	1
1443.67400	722.84430	2	43.4603	2
1443.77260	482.26480	3	64.1777	1
1443.80925	722.91190	2	73.4673	2
1443.84600	722.93030	2	79.2009	2
1444.66945	723.34200	2	56.0025	2
1444.74215	723.37835	2	70.3096	2
1444.77035	482.59740	3	60.3700	2
1444.81255	723.41355	2	87.4241	2
1446.71120	724.36290	2	62.3420	3
1446.71440	724.36450	2	61.6002	1
1446.78210	483.26800	3	63.9441	1
1447.73245	724.87350	2	67.4806	2
1447.75565	483.59250	3	56.3940	2
1448.71575	725.36515	2	56.6431	2
1448.73760	725.37610	2	76.7450	2
1448.74350	725.37900	2	82.7957	2
1449.67740	725.84595	2	62.1667	2
1449.71440	725.86445	2	73.7183	2
1449.86735	484.29640	3	59.7808	2
1450.72400	726.36930	2	81.3946	2
1450.73760	726.37605	2	89.4538	2
1450.81785	484.61325	3	65.1554	2
1451.66415	484.89530	3	48.8161	2
1452.76885	485.26355	3	57.1778	2
1452.79935	727.40695	2	90.3020	2
1453.76050	727.88750	2	55.9473	1
1454.73010	728.37230	2	78.7375	2
1454.76345	485.92840	3	66.2558	2
1454.87145	485.96440	3	76.5199	2
1454.87205	728.44330	2	76.3952	2
1455.69880	486.24020	3	67.6751	2
1455.69990	728.85720	2	67.7064	2
1455.83880	728.92665	2	80.6941	2
1457.78750	486.93645	3	80.9367	2
1457.78860	729.90160	2	80.9940	2
1458.74645	487.25605	3	75.9894	2
1458.74850	730.38150	2	68.7079	3
1459.70495	730.85975	2	58.2978	2
1459.70965	730.86210	2	67.0631	2
1459.74335	730.87895	2	63.2696	2
1459.84015	487.62065	3	75.1664	2
1459.84110	730.92785	2	75.2304	2
1460.78395	731.39925	2	59.3710	2
1461.73985	731.87720	2	64.5427	2
1461.83855	488.28680	3	76.4526	2
1461.83890	731.92670	2	76.6534	2
1462.69560	732.35510	2	64.8278	2
1462.76750	732.39100	2	67.7247	1
1463.67515	488.89900	3	62.3640	2
1463.70800	732.86130	2	79.5439	2
1463.70890	732.86175	2	65.9287	2
1463.74145	488.92110	3	71.5323	2
1463.74975	732.88215	2	71.5405	2
1464.30130	489.10770	3	64.4717	4
1464.74975	489.25715	3	81.1923	2
1464.78145	489.26775	3	61.8901	2
1464.79220	733.40340	2	61.2803	2
1464.79480	733.40465	2	67.3543	2
1465.73485	733.87470	2	86.5303	2
1466.66350	489.89510	3	43.7570	2
1466.74170	734.37810	2	88.3131	1
1466.77320	489.93165	3	43.5716	2
1468.69380	735.35420	2	53.5438	2
1468.79660	735.40560	2	73.9226	2
1468.80690	490.60960	3	56.1706	3
1469.84740	735.93100	2	101.7564	1
1470.74680	491.25620	3	65.5768	2
1470.74960	491.25715	3	55.6530	2
1470.79930	736.40690	2	88.4353	2
1470.84660	736.43060	2	82.7667	2
1471.71070	736.86265	2	53.8802	2
1471.74125	736.87790	2	64.8333	2
1471.75735	491.59305	3	66.4652	2
1472.71330	491.91170	3	44.8722	1
1472.73750	737.37605	2	57.1831	2
1472.73780	491.91985	3	57.0864	2
1472.77570	491.93250	3	58.8119	2
1474.76850	738.39155	2	78.8147	2
1475.77315	492.93165	3	62.5283	2
1476.71015	739.36235	2	64.6174	2
1476.78390	739.39920	2	72.5489	2
1477.74210	739.87835	2	84.2228	2
1477.76265	739.88860	2	71.7907	2
1478.77795	740.39625	2	73.8951	2
1479.87815	740.94635	2	78.7452	2
1480.69020	494.57070	3	35.3025	2
1480.71630	741.36540	2	84.8277	1
1480.83690	494.61955	3	58.5119	2
1482.80690	742.41070	2	86.2614	1
1482.81260	742.41360	2	89.2925	2
1482.83095	742.42275	2	67.7920	2
1483.71350	495.57845	3	61.0722	2
1483.74530	495.58905	3	28.7648	2
1483.76390	742.88920	2	75.6932	2
1484.80935	743.41195	2	82.7273	2
1484.82135	495.94770	3	74.1309	2
1484.82160	743.41810	2	74.2321	2
1485.82385	496.28190	3	86.6937	2
1485.82620	743.92040	2	86.6834	2
1485.83875	743.92665	2	98.1595	2
1486.18055	744.09755	2	54.2110	4
1486.72090	496.58090	3	75.1741	2
1486.76570	744.39015	2	70.7896	2
1486.78255	744.39855	2	66.7534	2
1487.71560	744.86510	2	78.2074	1
1488.64810	745.33135	2	48.9445	2
1488.74270	745.37860	2	44.7321	1
1488.74320	497.25500	3	44.6670	2
1488.79455	497.27215	3	58.8717	2
1489.74675	745.88065	2	89.7413	2
1490.72800	497.91660	3	57.5273	1
1491.80870	746.91160	2	89.0621	1
1492.70485	747.35970	2	52.2566	2
1492.71100	747.36275	2	47.8743	2
1492.80730	498.60970	3	75.9329	2
1493.64950	498.89045	3	38.4285	2
1493.74750	498.92310	3	56.1337	2
1493.74835	747.88145	2	56.0607	2
1495.65895	748.83675	2	72.7875	2
1495.74155	499.58780	3	68.6358	2
1495.84010	748.92735	2	81.2400	2
1495.85445	499.62540	3	81.4964	2
1495.85500	748.93480	2	81.6546	1
1495.87170	499.63115	3	69.0683	2
1496.68720	749.35085	2	84.9350	2
1496.76250	499.92810	3	56.3412	2
1496.76380	749.38915	2	64.5565	2
1496.78540	749.39995	2	70.7033	2
1496.82770	749.42110	2	91.4084	2
1498.76130	750.38790	2	74.6492	2
1498.77955	750.39705	2	68.1837	2
1498.84145	750.42800	2	84.5793	2
1499.71505	500.91230	3	55.4156	2
1499.71570	750.86510	2	55.4766	1
1500.76875	501.26350	3	55.5726	2
1500.79420	751.40435	2	58.9344	2
1500.79990	501.27390	3	59.0266	2
1500.81650	501.27945	3	68.7610	2
1501.28675	751.65065	2	71.7485	4
1501.71660	501.57950	3	50.8446	2
1501.71700	751.86580	2	50.9028	2
1501.80135	751.90795	2	67.5209	2
1502.64835	752.33145	2	78.1218	2
1502.75150	752.38305	2	87.6424	2
1503.70410	502.24200	3	45.9158	1
1504.75070	502.59080	3	53.8937	1
1504.78240	753.39850	2	80.0444	2
1504.79690	753.40570	2	68.8988	1
1504.87670	502.63280	3	79.8748	2
1505.65355	502.89180	3	47.2540	2
1505.72490	502.91560	3	60.8988	2
1505.92005	753.96730	2	92.6102	2
1506.79385	754.40420	2	65.9015	2
1506.79415	754.40435	2	59.9912	2
1507.71275	503.57815	3	63.3050	2
1508.74285	503.92155	3	86.7134	2
1508.74420	755.37940	2	86.5663	2
1508.75805	503.92660	3	76.4581	2
1508.76130	755.38795	2	76.5802	2
1508.81335	503.94505	3	48.5825	2
1508.81585	755.41520	2	48.6470	2
1508.90435	503.97540	3	64.1023	2
1509.65900	504.22695	3	46.8655	2
1509.74600	504.25590	3	51.9364	2
1510.71490	504.57890	3	57.6277	2
1510.71625	756.36540	2	57.6643	2
1510.74600	756.38030	2	74.3480	2
1510.75230	504.59140	3	57.3354	2
1511.65440	756.83445	2	69.0977	2
1511.71715	756.86585	2	42.1712	2
1511.78840	756.90150	2	98.2423	2
1511.85760	756.93610	2	80.2907	2
1512.20780	505.07650	3	43.2224	4
1512.87550	505.29910	3	84.7743	1
1512.87760	757.44610	2	84.6776	2
1513.69495	757.85475	2	68.4853	2
1513.69700	757.85580	2	68.0068	1
1513.75085	757.88270	2	77.2311	2
1513.87170	505.63120	3	96.1407	1
1513.87265	757.94360	2	96.0496	2
1514.72245	505.91475	3	56.2804	2
1514.79720	758.40590	2	91.1653	2
1514.79935	758.40695	2	66.1102	2
1514.85715	758.43585	2	89.6663	2
1515.71720	758.86585	2	77.5595	2
1515.71845	506.24675	3	77.6633	2
1515.75285	506.25825	3	32.3121	2
1515.75320	758.88385	2	32.3204	2
1515.76480	758.88970	2	89.0005	2
1515.77235	506.26475	3	78.0212	2
1515.82750	758.92100	2	78.8353	1
1516.77770	759.39610	2	74.0113	2
1516.79970	759.40710	2	79.1744	2
1516.80410	506.60860	3	48.7574	1
1516.83355	759.42405	2	79.6760	2
1517.73040	759.87245	2	62.1425	2
1517.73925	759.87690	2	69.7002	2
1517.80920	506.94365	3	76.1103	2
1518.79455	760.40455	2	83.7112	2
1518.92400	507.31530	3	62.5959	1
1519.82580	760.92020	2	91.8802	2
1520.72000	761.36730	2	77.2268	1
1520.73655	761.37555	2	52.8744	2
1522.75790	762.38620	2	64.5166	3
1523.76060	762.88760	2	92.5292	1
1523.88010	762.94730	2	89.6439	2
1524.73980	763.37715	2	71.4103	2
1524.75405	509.25865	3	71.9072	2
1526.73235	509.91805	3	33.5614	2
1527.70975	510.24385	3	35.0200	2
1527.78430	764.89940	2	91.2677	2
1528.74560	765.38005	2	92.4367	2
1528.79960	765.40705	2	72.1895	2
1528.80875	510.61020	3	69.1279	2
1529.66350	510.89510	3	38.2547	2
1529.66435	765.83945	2	38.2913	2
1529.84150	510.95445	3	63.6894	2
1529.85750	510.95980	3	79.1159	2
1531.69810	511.57330	3	63.9759	2
1531.77570	766.89515	2	65.3176	2
1531.80005	766.90730	2	68.1717	2
1532.77430	767.39440	2	73.5479	2
1532.79830	767.40645	2	71.4091	2
1532.82110	767.41780	2	81.7229	2
1533.72390	767.86920	2	70.9002	1
1533.74225	512.25470	3	34.8500	2
1533.74600	512.25590	3	50.0697	1
1533.74700	767.88080	2	67.7594	2
1533.80065	767.90760	2	96.6085	2
1533.80275	512.27485	3	96.6517	2
1534.29770	768.15610	2	73.6886	4
1535.67040	512.89740	3	37.0709	2
1535.67875	768.84665	2	59.8750	2
1535.78285	512.93485	3	67.8246	2
1537.72100	513.58095	3	79.0497	2
1537.79400	769.90430	2	76.0021	1
1538.65720	513.89300	3	49.1954	2
1538.65895	770.33675	2	49.2631	2
1538.82395	770.41925	2	78.1781	2
1540.80770	514.60980	3	62.7829	2
1540.81970	514.61380	3	47.3914	1
1541.78830	771.90140	2	57.7849	2
1541.78855	514.93680	3	57.6646	2
1541.81750	771.91605	2	69.0601	2
1541.82965	514.95050	3	75.0104	2
1541.83120	771.92290	2	74.9185	2
1542.77095	515.26425	3	53.7571	2
1542.79090	772.40275	2	61.2561	2
1542.84130	772.42795	2	92.3779	2
1544.71580	773.36520	2	56.5665	2
1546.69780	774.35615	2	66.1999	2
1547.77470	516.93220	3	53.9540	1
1547.82050	774.91750	2	70.2462	2
1547.82480	516.94890	3	62.2342	2
1547.83065	516.95080	3	57.8306	2
1547.83090	774.92270	2	57.8426	2
1548.77790	517.26655	3	70.5507	2
1548.77950	775.39700	2	70.4790	2
1548.80035	517.27405	3	60.7234	2
1548.92480	775.46965	2	79.6388	2
1549.73995	775.87725	2	62.5892	2
1549.74460	517.58880	3	62.4907	2
1549.78165	775.89810	2	81.1390	2
1549.82835	775.92145	2	72.7652	2
1549.89770	517.63980	3	57.4745	1
1550.68910	517.90360	3	33.1105	2
1550.74570	776.38010	2	51.2265	2
1550.76930	517.93035	3	57.1439	2
1550.76950	776.39200	2	57.2148	2
1550.85005	776.43230	2	95.0381	2
1550.91575	776.46515	2	89.3280	2
1551.71705	518.24625	3	36.0735	2
1551.77540	518.26575	3	39.0924	2
1551.84540	776.93000	2	89.6772	2
1553.83155	518.95110	3	80.5978	2
1553.83760	777.92610	2	96.8866	1
1555.73640	778.87545	2	71.6035	2
1555.74905	519.59025	3	51.6103	2
1555.78810	778.90130	2	82.8458	1
1555.88165	519.63445	3	77.1674	2
1556.84210	779.42835	2	90.5491	2
1557.78580	779.90020	2	79.3288	1
1557.83070	520.28415	3	72.1589	2
1558.76560	780.39010	2	90.4837	1
1558.77460	780.39460	2	67.0288	2
1558.79790	780.40620	2	79.1422	1
1559.60985	780.81220	2	72.9791	2
1559.75270	520.92485	3	70.7648	2
1559.75840	520.92675	3	77.7158	2
1559.81960	780.91710	2	87.3015	2
1559.83825	780.92640	2	85.7073	2
1561.78940	781.90200	2	76.0470	2
1561.83585	781.92520	2	87.3779	2
1562.77375	521.93185	3	66.6642	2
1563.80465	522.27550	3	73.2832	2
1564.29795	783.15625	2	73.4180	4
1564.71640	522.57940	3	53.2432	1
1564.71640	783.36550	2	53.3355	1
1564.74195	783.37825	2	55.6801	2
1565.78590	522.93590	3	57.4254	2
1565.83155	522.95110	3	66.4419	2
1567.82685	784.92070	2	81.4345	2
1567.89070	784.95260	2	96.6640	2
1567.89335	523.63840	3	65.1663	2
1569.87835	785.94645	2	76.2988	2
1569.91375	785.96415	2	86.9837	2
1570.80990	786.41225	2	58.9705	2
1572.73830	525.25340	3	56.6046	1
1572.78295	787.39875	2	58.3635	2
1572.82990	525.28390	3	78.4594	2
1572.83130	787.42290	2	78.5858	1
1573.68600	525.56930	3	42.2707	1
1573.78080	787.89770	2	86.6454	1
1573.82735	787.92095	2	80.7454	2
1573.83740	787.92600	2	74.5831	1
1574.71120	788.36290	2	70.8252	2
1575.87430	526.29870	3	86.8346	1
1576.27620	789.14540	2	71.1473	2
1576.75380	789.38415	2	74.7712	2
1577.77095	789.89275	2	71.6600	2
1577.78890	789.90170	2	75.4180	2
1578.26095	527.09425	3	72.2500	4
1578.83650	527.28610	3	70.2109	2
1578.85215	527.29135	3	56.2223	2
1578.87430	790.44445	2	83.1462	2
1578.87515	527.29900	3	83.0502	2
1580.70065	527.90750	3	40.8355	2
1580.80535	527.94240	3	61.8689	2
1580.86040	791.43750	2	94.5303	1
1580.92895	527.98355	3	75.2359	2
1581.76350	791.88900	2	65.9220	1
1582.84695	792.43075	2	77.8336	2
1585.68880	793.85170	2	63.7842	3
1585.82080	529.61420	3	65.0142	1
1586.86755	794.44105	2	85.5103	2
1587.85755	530.29315	3	64.3832	2
1588.72570	795.37015	2	70.3487	2
1588.85140	795.43300	2	92.7238	1
1589.82055	530.94745	3	83.8401	2
1589.82250	795.91850	2	83.7707	2
1590.76375	796.38915	2	78.1445	2
1590.79845	796.40650	2	81.4028	2
1591.74790	531.58990	3	44.0134	2
1591.74945	796.88200	2	44.0500	2
1591.80340	531.60840	3	58.4793	2
1591.80460	796.90960	2	58.6885	2
1591.86010	796.93735	2	86.4397	2
1592.82125	531.94765	3	66.6642	2
1592.91485	797.46470	2	71.9724	2
1593.74250	532.25475	3	54.9093	2
1593.74365	797.87910	2	54.9758	2
1593.80440	797.90950	2	64.0353	1
1593.95025	797.98240	2	81.8524	2
1594.80310	798.40880	2	89.6270	1
1595.80725	798.91090	2	91.7560	2
1595.86400	532.96190	3	50.3629	2
1596.76830	533.26335	3	52.8099	2
1597.86830	799.94140	2	69.9661	1
1598.84080	533.95420	3	82.1885	2
1598.84700	800.43080	2	82.1440	3
1599.72545	800.87000	2	73.9947	2
1599.81030	534.27735	3	62.8476	2
1599.89340	534.30510	3	62.9426	2
1599.89835	534.30670	3	76.7451	2
1600.84155	534.62110	3	64.2411	2
1600.87000	801.44230	2	63.8246	1
1600.92140	534.64770	3	65.0737	3
1601.72880	801.87170	2	52.5516	1
1601.90440	534.97540	3	66.8685	1
1602.80145	802.40800	2	76.2385	2
1602.86320	802.43885	2	72.7024	2
1603.80980	802.91215	2	80.8503	2
1604.74370	803.37910	2	64.2007	1
1604.78305	535.93495	3	67.9753	2
1606.76350	536.59510	3	69.5252	2
1607.85060	804.93260	2	84.9802	2
1607.90430	536.97535	3	79.5356	2
1609.83700	537.61960	3	88.7313	2
1609.83745	805.92600	2	88.7420	2
1610.72170	806.36810	2	65.4441	1
1610.78340	537.93510	3	65.0495	1
1610.91165	806.46310	2	97.2369	2
1611.79035	806.90245	2	64.8943	2
1612.85110	807.43285	2	84.4265	2
1612.85690	538.62625	3	69.9709	2
1612.86990	807.44220	2	88.8982	2
1612.90455	538.64215	3	76.4919	2
1613.85200	807.93325	2	82.4378	2
1613.90390	807.95925	2	80.7279	2
1614.75710	808.38585	2	88.6110	2
1614.84090	808.42775	2	77.1473	2
1615.75880	539.59350	3	57.2284	1
1615.85775	539.62650	3	72.5144	2
1616.73130	539.91770	3	47.8093	2
1616.85240	809.43345	2	92.1093	2
1617.78905	809.90180	2	44.2821	2
1617.91200	809.96330	2	98.6408	1
1619.81625	540.94600	3	65.2957	2
1620.82115	811.41785	2	76.0585	2
1620.86230	541.29470	3	85.9319	2
1620.86420	811.43935	2	85.9262	2
1621.82915	811.92185	2	84.3619	2
1621.87340	811.94395	2	70.5691	2
1622.76450	541.92880	3	37.5820	2
1622.79900	541.94030	3	81.3318	2
1622.82860	812.42160	2	67.8218	1
1625.77270	813.89360	2	77.4036	1
1625.77785	813.89620	2	80.5669	2
1626.85705	543.29295	3	56.8506	2
1626.85980	814.43715	2	56.9019	2
1627.74845	814.88150	2	67.1784	2
1628.79205	815.40330	2	94.4104	2
1628.79480	815.40470	2	81.0854	1
1628.81580	543.94590	3	56.2804	2
1628.81650	815.41550	2	56.3411	2
1629.77860	544.26680	3	55.9630	1
1629.81285	815.91370	2	69.9091	2
1629.87425	815.94440	2	69.3488	2
1629.88110	815.94780	2	88.5749	2
1630.84500	544.62230	3	81.7009	1
1630.94070	816.47765	2	82.5150	2
1631.88720	544.96970	3	73.3951	1
1631.92560	816.97005	2	71.2713	2
1631.92605	544.98265	3	71.1511	2
1632.77760	545.26650	3	46.2878	2
1633.84295	545.62155	3	79.2027	2
1633.85475	545.62550	3	61.5494	2
1634.80310	818.40880	2	62.4185	1
1634.88865	545.97015	3	53.4861	2
1635.81185	818.91320	2	81.5111	2
1635.82520	546.28230	3	81.0742	1
1636.83260	819.42360	2	72.4153	2
1636.94040	819.47745	2	91.4248	2
1638.84085	547.28755	3	75.3231	2
1639.74110	820.87785	2	62.0086	2
1639.87600	547.63260	3	94.6733	1
1639.87685	820.94570	2	77.4484	2
1639.87750	547.63310	3	77.3551	2
1639.87810	820.94630	2	94.3800	2
1639.93480	820.97470	2	90.0698	1
1639.94390	547.65525	3	72.9975	2
1640.84725	547.95635	3	47.1545	2
1640.88710	821.45080	2	84.7685	1
1641.77310	821.89380	2	74.0979	1
1641.88325	821.94890	2	83.9357	2
1642.69155	822.35305	2	47.0492	2
1642.80615	822.41035	2	59.0305	2
1642.85160	548.62450	3	48.3515	2
1642.85255	822.43355	2	48.3638	2
1642.88415	548.63535	3	79.0607	2
1643.78390	822.89925	2	60.9500	2
1643.78990	548.93725	3	47.0756	2
1643.82490	822.91975	2	44.6608	2
1643.82775	822.92115	2	74.5843	2
1643.84005	548.95395	3	66.4058	2
1645.90535	549.64240	3	67.0875	2
1646.83815	549.95330	3	61.2154	2
1648.79175	550.60450	3	43.6369	2
1648.79395	413.20575	4	43.6592	2
1648.84780	413.21925	4	52.4287	2
1648.96765	413.24920	4	57.9242	2
1648.96975	550.66385	3	57.8979	2
1649.93660	825.97560	2	76.4833	2
1651.90615	826.96035	2	88.1730	2
1651.92685	551.64955	3	84.4916	2
1651.92750	826.97100	2	84.4564	2
1653.87440	552.29875	3	75.5546	2
1653.92385	552.31520	3	76.0901	2
1654.78910	828.40185	2	70.3819	2
1654.82130	552.61440	3	77.6511	1
1654.89120	828.45290	2	80.8203	1
1654.89560	828.45510	2	80.7890	1
1654.92155	828.46805	2	73.3450	2
1655.76270	552.92815	3	49.0280	2
1657.81620	553.61270	3	88.4964	1
1657.81890	829.91675	2	88.3990	2
1657.92020	553.64730	3	83.0101	1
1658.79045	553.93745	3	54.2860	2
1658.83755	830.42605	2	78.7112	2
1659.91100	554.31095	3	78.4677	2
1659.91590	830.96525	2	78.5642	2
1660.74140	554.58775	3	64.7644	2
1660.84270	554.62150	3	62.1721	2
1662.80010	555.27400	3	51.8147	2
1662.82820	555.28335	3	69.5810	2
1662.83050	832.42250	2	69.4853	2
1663.79270	555.60480	3	71.3053	1
1664.78855	555.93680	3	38.8207	2
1664.79215	417.20530	4	38.5283	2
1664.84355	833.42905	2	72.8725	2
1664.86740	833.44095	2	64.3582	2
1664.86775	555.96320	3	64.3194	2
1666.86840	834.44150	2	76.6643	1
1666.86935	556.63040	3	76.5392	2
1666.87720	834.44585	2	80.5071	2
1666.91775	834.46615	2	82.1597	2
1667.81675	556.94620	3	57.7188	2
1667.86400	834.93925	2	76.9635	2
1668.81470	557.27880	3	57.1389	1
1669.85430	835.93445	2	71.1777	2
1670.83535	836.42495	2	96.0990	2
1670.88465	557.96880	3	55.0313	2
1671.71730	558.24640	3	50.8133	1
1673.90055	837.95755	2	76.2040	2
1674.88675	838.45065	2	91.6206	2
1676.81750	839.41600	2	66.9869	1
1677.81450	560.27875	3	70.2518	2
1679.87770	560.96650	3	74.7332	1
1681.82235	841.91845	2	75.4310	2
1681.89940	561.64040	3	79.9431	2
1681.90110	841.95780	2	79.9179	3
1681.92580	841.97020	2	93.0632	2
1681.92630	561.64940	3	93.0575	1
1682.79875	842.40665	2	87.4507	2
1682.89430	842.45440	2	78.7277	2
1682.90230	561.97470	3	84.4840	1
1682.93070	561.98420	3	80.7749	1
1683.88330	842.94890	2	76.6980	1
1684.91630	843.46545	2	80.6310	2
1685.91465	562.97880	3	64.9933	2
1686.87565	563.29915	3	63.3876	2
1687.91720	844.96590	2	87.8418	2
1688.73375	423.19075	4	31.4699	2
1688.73680	563.91950	3	31.4675	3
1688.88240	845.44845	2	83.3011	2
1689.84165	564.28780	3	58.2391	2
1689.85870	423.47195	4	65.2563	2
1689.86005	564.29395	3	65.2873	2
1690.96215	564.66135	3	63.4963	2
1691.80110	846.90780	2	64.8816	2
1692.81700	565.27960	3	83.7363	1
1692.82045	847.41750	2	83.6406	2
1692.96420	565.32870	3	90.3848	1
1692.96920	847.49190	2	90.2706	2
1693.93650	565.65280	3	63.1294	1
1693.94245	565.65475	3	82.1019	2
1693.95475	565.65885	3	63.6497	2
1694.80310	565.94165	3	50.2726	2
1695.32860	848.67155	2	69.2701	4
1696.77475	849.39465	2	63.0041	2
1696.84390	849.42920	2	85.9511	2
1696.90820	849.46135	2	85.1002	2
1696.91005	566.64395	3	85.2106	2
1697.90185	566.97455	3	77.3168	2
1697.90480	849.95970	2	77.3803	2
1698.00845	567.01010	3	82.2528	2
1698.00870	850.01160	2	82.3553	2
1698.79085	850.40270	2	82.2982	2
1698.88700	567.30290	3	81.3942	1
1698.89865	567.30680	3	84.3109	2
1698.89985	850.45720	2	84.2649	2
1699.83640	567.61940	3	82.6308	1
1699.86880	567.63020	3	75.5468	1
1700.88570	851.45015	2	66.0270	2
1700.91140	851.46300	2	80.1378	2
1703.81555	568.94580	3	60.4252	2
1704.72810	569.24995	3	25.9785	2
1704.72830	427.18940	4	26.0392	1
1704.89210	853.45330	2	90.7091	1
1704.91735	569.31305	3	70.4234	2
1705.83740	569.61975	3	47.0393	2
1705.84020	853.92740	2	47.0999	2
1705.87625	853.94540	2	95.8532	2
1705.88240	569.63470	3	68.9937	2
1705.88330	853.94895	2	69.1303	2
1705.92255	569.64810	3	66.9463	2
1706.89025	854.45240	2	88.1647	2
1706.90275	569.97485	3	86.0051	10
1706.90425	854.45940	2	83.0414	2
1707.40675	570.14285	3	76.3374	4
1707.88710	854.95085	2	93.4796	2
1707.97735	854.99595	2	78.4024	2
1707.97850	570.33345	3	78.5291	2
1708.75930	570.59370	3	55.6723	1
1709.98065	571.00080	3	75.6995	2
1710.01895	571.01360	3	80.0302	2
1712.88910	857.45185	2	66.3708	2
1712.93715	571.98630	3	68.4852	2
1714.90100	572.64090	3	62.3044	3
1714.90150	858.45805	2	62.4206	2
1714.90475	858.45965	2	70.3152	2
1717.86275	573.62820	3	71.5948	2
1717.86475	859.93965	2	71.6318	2
1717.89530	859.95495	2	93.7384	2
1721.76095	861.88775	2	37.6674	2
1722.87450	575.29875	3	75.3314	2
1722.89860	575.30680	3	75.8297	2
1723.02525	575.34900	3	69.2818	2
1723.02600	862.52030	2	69.2578	2
1724.87870	863.44660	2	82.0917	1
1725.94525	863.97990	2	85.8716	2
1726.01620	576.34600	3	81.8217	2
1728.78930	577.27040	3	63.2398	2
1728.95250	577.32480	3	77.1343	1
1729.00450	577.34210	3	82.4462	2
1730.75755	577.92645	3	64.5648	2
1730.89760	866.45610	2	88.6306	1
1730.89825	866.45640	2	72.6691	2
1731.04440	578.02205	3	88.9376	2
1733.87385	578.96525	3	75.4210	2
1733.87630	867.94540	2	75.5410	1
1733.89590	867.95520	2	90.6488	1
1735.78640	868.90050	2	78.6807	1
1735.88000	579.63395	3	78.5524	2
1735.96850	579.66340	3	97.6783	1
1735.97090	868.99270	2	97.5431	2
1736.84680	579.95620	3	80.2905	2
1736.84790	869.43125	2	80.2819	2
1737.92690	580.31620	3	78.3315	2
1738.80380	870.40915	2	68.3675	2
1738.81950	580.61375	3	59.8665	2
1738.82105	580.61425	3	65.5512	2
1739.84315	580.95500	3	69.9148	2
1739.88530	580.96905	3	67.9559	2
1742.81455	872.41455	2	97.1171	2
1742.87330	581.96505	3	67.2950	2
1743.80295	872.90875	2	67.4500	2
1743.81090	872.91275	2	50.9083	2
1743.98025	872.99740	2	95.7269	2
1744.89940	582.64040	3	71.1090	1
1745.91390	582.97855	3	73.6371	2
1745.94180	873.97820	2	82.6249	1
1746.79635	874.40545	2	89.8347	2
1748.87365	583.96515	3	62.7932	2
1749.86590	875.94020	2	61.8256	2
1750.01030	584.34405	3	55.9949	2
1750.01150	876.01305	2	56.0960	2
1751.94025	876.97740	2	90.9042	2
1752.89040	585.30410	3	48.9651	1
1752.99000	877.50230	2	86.2665	2
1754.86300	878.43880	2	75.0310	1
1755.85900	878.93680	2	70.6724	2
1755.90205	878.95830	2	90.5900	2
1755.92970	878.97210	2	71.7616	2
1756.88850	586.63675	3	79.3341	2
1756.88995	879.45225	2	79.2338	2
1757.92440	586.98205	3	73.9586	2
1758.79160	880.40310	2	49.3398	2
1758.83295	587.28490	3	77.1385	2
1759.85200	880.93330	2	89.5495	1
1759.91035	880.96245	2	88.3737	2
1760.94060	881.47760	2	87.9689	2
1762.84070	882.42765	2	76.0210	2
1762.89530	588.63900	3	57.2393	1
1763.83350	882.92405	2	61.6689	2
1764.32470	589.11550	3	62.7490	4
1765.00260	589.34145	3	92.8724	2
1765.00380	883.50915	2	92.8125	2
1766.94835	884.48145	2	84.1583	2
1766.96670	884.49060	2	86.8733	1
1767.82365	590.28180	3	64.6010	2
1767.85130	590.29105	3	89.2308	2
1767.97285	590.33155	3	88.8460	2
1768.90150	885.45800	2	79.8414	2
1769.01975	590.68050	3	80.4753	2
1769.91710	885.96580	2	66.9810	1
1770.00450	591.00880	3	73.8304	2
1770.87500	591.29890	3	57.0171	1
1771.91535	591.64575	3	75.3063	2
1772.33490	887.17475	2	76.8976	4
1774.88490	888.44975	2	58.5646	2
1775.37745	592.79975	3	59.7561	4
1776.89680	593.30620	3	66.9435	2
1777.32080	889.66770	2	63.9718	4
1778.86330	890.43890	2	76.0454	1
1778.88480	890.44970	2	86.3598	1
1778.98950	594.00380	3	71.9512	1
1778.99180	890.50320	2	71.7819	2
1779.80380	445.95820	4	51.4517	1
1779.99160	891.00310	2	73.3391	2
1780.40320	594.47500	3	53.4924	4
1782.87410	595.29860	3	75.7759	1
1784.88050	595.96740	3	62.1612	2
1784.88300	893.44875	2	62.2340	2
1784.91650	595.97945	3	55.1896	2
1785.88935	893.95195	2	88.2649	2
1787.86010	894.93730	2	78.8824	2
1789.93155	895.97305	2	82.0417	2
1791.84900	598.29025	3	49.8819	2
1792.91165	598.64450	3	61.6991	2
1793.06330	897.53890	2	97.5699	2
1793.87165	897.94310	2	89.5747	2
1793.92380	897.96920	2	84.3033	2
1794.81750	898.41605	2	63.4199	2
1794.86025	898.43740	2	81.6933	2
1794.98590	898.50025	2	79.4048	2
1796.85660	599.95950	3	74.1364	2
1796.88190	599.96790	3	83.9444	2
1796.97950	600.00040	3	70.7584	1
1799.92810	600.98330	3	99.5840	2
1799.93255	900.97355	2	99.5699	2
1803.92230	602.31470	3	50.1683	2
1804.86755	602.62980	3	65.8183	2
1804.86815	903.44135	2	65.7468	2
1804.89625	602.63935	3	77.8952	2
1804.97010	602.66400	3	78.2786	2
1804.97355	903.49405	2	78.6245	2
1805.87925	903.94690	2	77.7804	6
1806.03685	603.01955	3	71.7501	2
1806.88200	904.44830	2	68.8737	2
1809.91470	905.96465	2	72.9440	2
1814.80285	605.94155	3	79.9777	2
1814.80420	908.40940	2	80.0936	1
1814.97025	605.99735	3	66.0742	2
1815.92225	908.96840	2	86.3301	2
1815.94010	606.32060	3	72.1990	1
1816.89040	606.63740	3	78.7936	1
1817.86365	606.96185	3	69.4358	2
1817.90140	606.97440	3	49.8495	1
1818.83080	910.42270	2	85.3305	1
1818.83815	607.28665	3	85.2346	2
1820.86120	911.43785	2	59.2474	2
1820.89575	607.97255	3	72.5877	2
1820.91300	607.97825	3	78.9686	2
1821.00330	608.00835	3	80.1007	2
1821.06270	608.02815	3	84.0102	2
1821.84625	608.28935	3	80.4375	2
1821.89925	608.30700	3	53.1866	2
1823.89245	608.97145	3	83.7352	2
1823.90615	608.97600	3	68.2498	2
1825.86305	913.93880	2	55.5430	2
1825.86460	609.62880	3	55.5045	2
1825.89705	913.95580	2	67.1295	2
1827.93885	610.32020	3	73.8015	2
1827.96785	610.32990	3	65.5166	2
1827.97075	914.99265	2	65.4493	2
1828.91160	915.46305	2	84.2340	2
1828.95220	915.48335	2	73.4614	2
1832.00905	611.67695	3	72.5740	2
1832.91680	611.97955	3	76.2125	2
1833.90750	612.30980	3	77.0372	1
1833.93880	917.97665	2	80.1720	2
1833.96740	612.32975	3	87.9096	2
1835.79745	612.93975	3	59.6743	2
1836.04655	613.02280	3	73.3997	2
1836.92540	613.31570	3	85.5899	1
1838.11550	613.71240	3	73.9181	1
1838.95565	613.99250	3	63.9174	2
1839.99180	614.33785	3	64.4185	2
1841.01490	614.67890	3	70.0830	2
1841.01545	921.51500	2	70.0379	2
1841.85890	614.96020	3	49.8015	2
1842.97280	615.33155	3	71.5745	2
1843.99520	923.00490	2	82.8513	1
1844.88230	923.44840	2	86.9067	1
1844.89145	615.97110	3	63.1319	2
1844.91190	615.97790	3	67.3811	2
1845.98990	616.33725	3	86.1741	2
1845.99285	924.00370	2	86.3434	2
1846.79175	924.40315	2	72.1250	2
1846.93625	924.47540	2	74.9882	2
1846.97125	924.49290	2	85.0345	2
1849.96065	617.66080	3	85.6764	2
1852.02295	927.01875	2	83.1682	2
1853.92925	618.98370	3	61.1050	2
1854.92870	928.47165	2	92.3089	2
1856.85910	619.96030	3	54.8141	1
1856.88085	929.44770	2	82.9210	2
1857.01045	620.01075	3	78.3166	2
1860.94815	621.32330	3	89.0556	2
1860.95320	931.48390	2	89.0705	2
1861.00180	621.34120	3	75.6564	2
1861.98855	621.67010	3	83.1487	2
1862.81840	621.94675	3	60.2479	2
1862.87080	932.44265	2	87.1317	2
1864.88135	622.63440	3	73.0572	2
1866.01400	623.01190	3	81.7021	2
1867.84250	623.62140	3	54.1018	2
1868.83425	935.42440	2	63.6779	2
1872.89845	625.30675	3	53.8528	2
1872.97580	937.49515	2	88.2424	2
1873.94910	625.65700	3	76.0785	2
1873.96865	625.66345	3	71.9012	2
1875.87195	626.29795	3	70.9475	2
1876.99480	626.67220	3	75.0620	1
1880.97655	627.99945	3	62.9212	2
1882.97625	942.49540	2	71.2334	2
1883.88320	628.96830	3	75.8843	1
1883.88375	942.94915	2	75.7986	2
1884.87710	629.29960	3	67.0567	2
1885.87245	943.94350	2	65.8674	2
1885.92315	943.96885	2	84.2313	2
1886.90220	629.97470	3	68.9306	2
1886.90260	944.45860	2	69.0325	2
1888.00330	630.34170	3	81.4431	2
1890.93650	631.31940	3	69.8746	2
1890.94970	631.32385	3	74.1653	2
1890.99560	631.33910	3	85.0323	1
1892.06900	947.04175	2	83.1062	2
1893.96205	947.98830	2	85.6377	2
1893.97865	632.33345	3	58.3932	2
1895.89050	948.95250	2	72.6329	1
1899.98630	634.33605	3	62.3909	2
1902.89795	952.45625	2	79.8833	2
1903.93220	635.65135	3	77.5948	2
1904.96890	635.99690	3	74.9516	2
1904.97225	953.49340	2	75.0656	2
1908.96785	955.49120	2	86.7019	2
1909.97925	478.50210	4	71.0634	2
1909.99525	637.67235	3	75.6987	2
1910.17185	637.73120	3	79.2396	2
1911.89140	956.95300	2	73.0183	1
1911.99795	957.00625	2	81.5288	2
1911.99940	638.34040	3	81.5349	2
1912.89810	957.45630	2	67.2384	1
1912.91430	638.64535	3	32.6690	2
1912.98925	638.67035	3	74.0169	2
1913.09790	638.70655	3	70.7089	2
1914.98030	639.33400	3	68.8497	3
1915.05320	479.77060	4	74.5772	1
1918.85210	640.62465	3	47.1353	2
1919.77150	640.93110	3	39.9058	1
1919.90610	960.96035	2	91.4859	2
1920.96520	641.32900	3	61.1988	2
1920.99775	641.33985	3	82.4801	2
1921.93505	961.97480	2	95.8485	2
1922.93505	641.98560	3	79.3038	2
1923.96495	642.32890	3	72.4823	2
1924.01910	642.34695	3	78.2116	2
1927.00035	643.34070	3	89.9620	2
1930.94750	644.65640	3	83.1309	1
1931.78335	483.95315	4	48.0711	2
1931.78430	644.93535	3	48.1056	2
1932.83810	645.28665	3	57.7724	2
1932.84010	967.42730	2	57.8904	1
1932.93490	967.47470	2	86.2886	1
1933.08815	967.55135	2	86.9254	2
1934.07915	645.70035	3	86.7883	2
1935.07935	646.03370	3	78.9032	2
1935.93285	646.31825	3	65.3946	2
1937.92810	969.97135	2	91.9618	2
1937.93030	969.97240	2	88.1617	1
1937.94710	646.98965	3	78.6191	2
1938.93755	970.47605	2	91.0598	2
1938.95295	970.48375	2	79.9132	2
1939.01720	647.34635	3	74.6816	2
1939.83590	970.92520	2	26.7045	1
1941.88010	648.30065	3	57.5772	2
1942.04130	648.35435	3	76.1496	2
1942.47715	648.49965	3	85.2269	4
1942.84200	648.62130	3	60.6465	1
1942.96500	972.48980	2	86.2225	1
1944.89375	973.45415	2	58.7433	2
1944.98260	649.33480	3	66.4966	2
1947.77750	487.95165	4	42.1470	2
1947.92080	974.96770	2	54.3420	1
1947.98510	650.33560	3	80.2232	2
1947.98700	975.00075	2	80.1943	2
1950.98085	651.33420	3	71.4185	2
1951.99100	977.00275	2	87.5423	2
1951.99610	651.67260	3	87.6719	1
1954.89600	978.45530	2	80.8815	2
1955.93935	652.98705	3	59.0056	2
1956.05975	653.02720	3	81.2340	2
1956.90130	653.30770	3	65.8734	2
1956.99110	979.50280	2	75.4529	1
1961.03890	981.52675	2	87.7568	2
1961.04745	654.68975	3	87.8313	2
1963.04670	655.35620	3	75.1130	2
1963.04960	982.53210	2	75.1223	1
1966.09230	984.05340	2	89.8119	1
1966.93750	656.65310	3	74.4626	2
1966.97730	656.66640	3	96.3589	1
1966.97740	984.49600	2	96.4338	2
1968.90420	657.30870	3	86.1231	1
1968.90525	985.45990	2	86.0718	2
1970.05960	657.69380	3	76.0077	1
1970.98340	658.00170	3	60.5224	2
1971.02710	986.52085	2	82.2228	2
1973.06995	658.69725	3	59.5473	2
1973.07260	494.27540	4	59.5711	1
1974.04470	988.02960	2	93.4741	1
1976.02210	659.68130	3	94.6193	2
1976.02605	989.02030	2	94.4884	2
1978.89845	660.64010	3	35.6394	2
1979.03405	660.68525	3	87.0195	2
1984.02830	662.35000	3	79.0198	1
1984.02925	993.02190	2	78.9320	2
1985.96040	993.98745	2	72.5169	2
1986.05690	663.02620	3	75.8495	1
1988.04645	663.68945	3	70.7398	2
1989.02325	664.01500	3	73.7727	2
1992.05840	665.02675	3	79.2684	2
1994.00445	665.67540	3	93.3800	2
1994.00570	998.01015	2	93.3129	2
2001.00165	668.00780	3	83.4783	2
2002.96420	1002.48940	2	75.5526	1
2002.98605	668.66930	3	67.1209	2
2003.03360	668.68510	3	88.5303	2
2003.03395	1002.52425	2	88.6645	2
2004.09065	669.03745	3	78.4964	2
2009.03555	670.68580	3	58.0829	2
2009.08460	670.70210	3	76.3672	2
2009.99700	1006.00580	2	91.6712	2
2010.00115	671.00765	3	91.7164	2
2016.99285	1009.50370	2	79.6275	2
2019.07100	674.03090	3	93.6512	2
2026.12475	676.38215	3	85.2134	2
2026.12520	1014.06985	2	85.2219	2
2031.02855	678.01675	3	87.0609	2
2032.91425	1017.46440	2	82.6677	2
2032.91630	678.64605	3	82.7896	2
2033.06265	678.69480	3	72.0929	2
2035.86205	679.62795	3	57.3187	2
2037.04420	680.02200	3	64.8518	2
2041.07550	681.36575	3	79.3705	2
2041.97700	681.66630	3	72.1116	3
2043.01110	682.01095	3	81.6535	2
2043.01205	1022.51330	2	81.7542	2
2047.98135	683.66770	3	47.6609	2
2048.05005	683.69060	3	94.8520	2
2048.05310	1025.03380	2	94.8688	2
2048.95840	683.99340	3	75.7532	2
2049.03560	684.01910	3	86.4909	1
2050.03610	684.35260	3	79.8354	1
2052.92970	1027.47210	2	74.8191	1
2054.89970	685.97380	3	68.5710	1
2058.06880	1030.04170	2	96.5914	1
2059.00630	687.34270	3	76.5449	2
2059.08230	687.36800	3	90.3018	1
2059.92760	687.64980	3	67.1841	2
2059.96890	1030.99175	2	83.9955	2
2059.96925	687.66370	3	84.0723	2
2064.04740	689.02310	3	89.0449	1
2064.95995	1033.48725	2	83.8457	2
2067.99220	690.33800	3	68.3394	2
2070.96130	1036.48795	2	71.6961	2
2072.11760	691.71310	3	87.3558	2
2073.01860	1037.51660	2	80.4459	2
2073.08770	692.03650	3	75.4886	2
2075.07805	692.69995	3	71.3062	2
2076.04920	693.02370	3	66.9047	2
2078.06670	693.69615	3	78.0638	2
2080.10250	521.03290	4	69.8185	2
2080.10450	694.37540	3	70.1783	1
2086.03905	1044.02680	2	88.0016	2
2092.08450	698.36880	3	73.3780	1
2092.98020	1047.49740	2	86.8508	1
2093.11200	1047.56330	2	79.4980	1
2093.11500	698.71230	3	79.4574	1
2093.98250	1047.99855	2	85.4442	2
2093.98320	699.00170	3	85.5728	2
2094.94320	699.32165	3	50.9643	2
2095.00440	699.34210	3	68.6537	1
2104.07100	1053.04280	2	72.3285	1
2104.56445	702.52875	3	72.9758	4
2105.14940	702.72370	3	90.0190	1
2106.02300	703.01490	3	70.5095	1
2111.05175	1056.53315	2	87.7489	2
2114.12730	705.71635	3	94.6211	2
2114.12960	1058.07210	2	94.7804	2
2116.99070	706.67080	3	69.6820	1
2119.05005	707.35725	3	63.4470	2
2125.14990	709.39060	3	92.8580	2
2126.14190	1064.07825	2	77.0109	2
2131.17920	711.40030	3	82.9872	2
2137.12260	713.38150	3	69.4516	1
2143.09255	715.37145	3	81.0350	2
2147.18330	1074.59890	2	92.5838	1
2148.10820	717.04330	3	60.9736	1
2156.01600	719.67925	3	65.0073	2
2161.14325	721.38835	3	85.7763	2
2169.12430	724.04870	3	75.6843	2
2170.02940	724.35040	3	75.4967	2
2173.17640	1087.59550	2	80.8161	2
2173.17640	725.39940	3	80.8699	2
2177.94895	545.49450	4	43.5849	2
2177.94910	726.99030	3	43.7764	2
2181.13795	728.05325	3	80.0129	2
2181.13975	1091.57715	2	79.9776	2
2190.06630	731.02935	3	74.2949	2
2190.06940	1096.04200	2	74.1989	2
2201.11470	734.71220	3	72.9351	1
2205.01395	736.01190	3	71.0574	2
2205.10040	1103.55750	2	98.3759	2
2205.10350	736.04180	3	98.5073	1
2223.09940	556.78210	4	68.6843	1
2227.05300	1114.53380	2	54.8525	2
2227.05320	743.35835	3	54.9139	2
2236.11700	746.37960	3	85.1086	2
2240.18320	1121.09890	2	84.4159	2
2250.02110	751.01430	3	46.0367	2
2269.26235	757.42805	3	82.5678	2
2279.05730	760.69300	3	68.2557	2
2282.08435	761.70205	3	63.5323	2
2282.17580	761.73250	3	79.5156	1
2284.23850	762.42010	3	90.4777	1
2284.24400	762.42190	3	93.7587	1
2291.01900	764.68025	3	66.8523	2
2291.01925	1146.51690	2	66.8237	2
2295.09290	766.03825	3	79.2744	2
2297.12330	766.71505	3	69.4298	2
2298.16900	767.06360	3	76.6920	1
2306.10360	769.70845	3	77.5369	2
2323.19340	1162.60400	2	84.8715	1
2323.28470	775.43550	3	88.9038	2
2336.18000	585.05230	4	86.1114	1
2336.18580	779.73590	3	86.1680	2
2347.18600	783.40260	3	58.8307	1
2376.10010	793.04065	3	51.2144	2
2379.16535	595.79865	4	62.4582	2
2386.26950	597.57470	4	70.6071	1
2386.27185	478.26165	5	70.4233	2
2387.14100	796.72090	3	85.0652	1
2389.99220	797.67135	3	61.4518	2
2391.16245	798.06140	3	80.7818	2
2391.18775	1196.60115	2	95.0899	2
2401.30165	801.44115	3	81.5991	2
2404.07200	802.36460	3	70.8184	1
2407.22805	803.41660	3	75.5910	2
2416.24045	806.42075	3	84.0351	2
2427.24200	607.81780	4	60.3203	1
2435.25855	812.76015	3	65.0929	2
2440.34905	814.45695	3	90.9644	2
2460.19335	821.07170	3	85.1658	2
2519.20530	840.74240	3	65.2088	1
2525.30120	842.77430	3	85.6767	2
2532.23430	845.08535	3	73.7065	2
2549.47210	850.83130	3	83.0177	2
2549.96560	638.49870	4	83.7459	4
2574.38040	644.60240	4	74.3132	1
2589.27125	864.09765	3	70.4897	2
2600.21560	1301.11510	2	88.6646	3
2604.27710	869.09965	3	84.7215	2
2643.33425	882.11870	3	86.4065	2
2660.31700	887.77960	3	63.4673	1
2749.48340	917.50170	3	81.5595	1
2804.28065	935.76750	3	76.8115	2
2858.48490	953.83560	3	90.9300	1
3000.55030	1001.19070	3	86.2947	1
3208.56015	803.14730	4	69.9578	2
3536.65625	1179.89270	3	84.0723	2
4062.01660	1016.51140	4	67.2324	1
