mono_mass	mz	charge	rt	n_psm
798.41260	400.21360	2	40.0344	1
798.46050	400.23755	2	44.7474	2
798.49050	400.25250	2	34.4805	1
799.45495	400.73475	2	50.1650	2
799.48020	400.74740	2	58.3437	1
800.43850	401.22650	2	43.7891	1
800.43885	401.22670	2	44.9870	2
800.44000	401.22730	2	41.6174	3
800.45475	401.23465	2	52.2610	2
801.43530	401.72490	2	38.3039	2
801.53265	401.77360	2	45.8791	2
802.38630	402.20040	2	40.3138	2
802.49855	402.25655	2	62.7607	2
805.44460	403.72960	2	52.4966	2
806.39565	404.20510	2	39.1376	2
806.41785	404.21620	2	72.2825	2
806.45355	404.23405	2	51.2709	2
806.45410	404.23435	2	61.3495	2
807.41290	404.71375	2	41.4636	2
808.36290	405.18875	2	38.3335	2
808.44105	405.22780	2	37.6063	2
809.41850	405.71655	2	63.5576	2
810.36980	406.19220	2	48.1283	2
811.35480	406.68470	2	39.0822	2
811.49185	406.75320	2	50.4910	2
812.42250	407.21855	2	43.9947	2
812.43920	407.22690	2	41.4297	2
812.47595	407.24525	2	60.9836	2
812.51135	407.26295	2	49.9940	2
813.43800	407.72630	2	35.4070	2
814.45470	408.23465	2	36.1737	2
814.45535	408.23500	2	52.6704	2
814.51650	408.26550	2	59.6325	2
815.44065	408.72760	2	40.2354	2
815.45040	408.73250	2	37.3295	2
815.47550	408.74500	2	43.5270	3
815.47805	408.74630	2	47.4180	2
815.49735	408.75595	2	39.5287	2
815.51120	408.76285	2	47.2212	2
815.96395	408.98925	2	58.0184	2
816.38430	409.19940	2	52.4587	1
816.44935	409.23195	2	67.3690	2
816.47030	409.24240	2	39.0575	2
817.42945	409.72200	2	36.4562	2
817.48100	409.74780	2	67.7895	2
818.44035	410.22745	2	53.7608	2
818.48990	410.25225	2	74.7899	2
819.39115	410.70285	2	36.8552	2
819.43095	410.72275	2	63.9643	2
820.43305	411.22380	2	40.4190	2
820.46960	411.24205	2	46.6360	2
820.48845	411.25150	2	72.5726	2
821.39520	411.70490	2	30.2770	1
821.42860	411.72160	2	42.0506	2
821.44650	411.73050	2	35.3005	1
822.39080	412.20265	2	33.2596	4
822.42480	412.21970	2	38.5898	2
823.41840	412.71650	2	37.8670	1
823.41900	412.71680	2	37.9023	1
823.42680	412.72070	2	55.7630	2
823.44455	412.72955	2	46.2062	2
824.54855	413.28155	2	72.0452	2
826.49085	414.25270	2	41.1424	2
826.49125	414.25290	2	43.4791	2
826.52740	414.27095	2	50.7219	2
826.52775	414.27115	2	70.4818	2
827.48640	414.75050	2	49.7649	2
828.41520	415.21490	2	32.9442	3
828.50660	415.26060	2	52.4178	2
829.44820	415.73140	2	41.4503	4
829.45470	415.73460	2	47.0237	1
829.46510	415.73990	2	36.3876	1
829.46540	415.74000	2	36.4138	1
829.49170	415.75315	2	56.8255	2
829.50195	415.75825	2	38.2989	2
829.50290	415.75870	2	51.5644	1
831.46970	416.74210	2	49.6053	1
831.47020	416.74240	2	36.9313	1
831.49700	416.75580	2	70.7013	2
832.39360	417.20410	2	36.2984	1
832.42920	417.22190	2	46.2138	2
833.43290	417.72370	2	46.0718	1
834.43480	418.22465	2	39.4238	2
835.41080	418.71270	2	48.0056	1
835.44430	418.72940	2	44.5639	2
836.39125	419.20290	2	41.9790	2
836.40005	419.20730	2	42.6335	2
836.44115	419.22785	2	57.5001	2
836.44135	419.22795	2	44.6416	2
837.40200	419.70830	2	48.9025	2
837.40540	419.71000	2	55.3392	2
838.41765	420.21610	2	38.9938	2
839.42915	420.72185	2	56.1196	2
839.58425	420.79940	2	74.0369	2
840.47000	421.24230	2	44.1328	1
840.54310	421.27890	2	75.7572	2
840.54330	421.27895	2	60.6693	2
841.46595	421.74025	2	42.2138	2
841.49170	421.75310	2	55.8254	2
841.49340	421.75395	2	52.4902	2
841.50230	421.75840	2	51.3414	1
842.42880	422.22170	2	48.7018	2
842.46090	422.23770	2	41.2823	2
842.48695	422.25075	2	43.5720	2
842.48765	422.25110	2	39.9995	2
842.52245	422.26850	2	71.8253	2
842.52265	422.26860	2	50.2009	2
842.53355	422.27405	2	36.3298	2
843.48065	422.74760	2	45.8063	2
843.54275	422.77865	2	64.1424	2
844.45495	423.23475	2	54.9573	2
844.46495	423.23980	2	37.0386	2
845.46085	423.73770	2	39.0574	2
845.46135	423.73795	2	45.3535	2
845.46445	423.73950	2	68.1961	2
845.48645	423.75050	2	53.7676	2
845.51250	423.76350	2	66.0722	2
845.53775	423.77615	2	77.1614	2
846.42770	424.22110	2	44.1600	2
846.44890	424.23170	2	61.9864	2
847.44430	424.72940	2	42.0824	1
847.48010	424.74735	2	46.6933	2
848.43885	425.22670	2	43.1365	2
848.44005	425.22730	2	53.8825	2
848.44540	425.23000	2	38.2695	2
849.42035	425.71745	2	47.8031	2
849.43495	425.72475	2	54.5030	2
850.45440	426.23450	2	47.5257	2
850.50215	426.25835	2	41.1667	2
851.40275	426.70865	2	37.2298	2
851.42145	426.71800	2	46.7993	2
851.43895	426.72675	2	38.7272	2
853.36140	427.68795	2	38.6047	2
854.43960	428.22710	2	58.0296	1
854.46030	428.23740	2	41.3404	2
856.43280	429.22370	2	65.3452	2
856.46960	429.24210	2	51.1188	2
856.51310	429.26380	2	49.2475	1
856.51400	429.26430	2	49.2296	1
856.51750	429.26600	2	46.8628	2
856.53940	429.27700	2	58.7461	2
857.44100	429.72780	2	41.0992	1
857.46180	429.73820	2	43.9035	2
857.46225	429.73840	2	41.6125	2
857.49655	429.75555	2	47.4972	2
857.49660	429.75560	2	56.0136	1
857.49800	429.75630	2	55.9822	1
858.45600	430.23530	2	45.5369	2
858.47015	430.24240	2	44.8709	2
859.43840	430.72650	2	41.5587	1
859.46460	430.73960	2	39.6854	3
859.46465	430.73960	2	48.0743	2
860.42420	431.21935	2	37.8343	2
860.44285	431.22870	2	46.3743	2
860.46045	431.23750	2	35.4431	2
861.44390	431.72925	2	45.7535	2
861.47075	431.74265	2	61.4400	2
861.47120	431.74290	2	48.8190	2
861.50780	431.76120	2	76.4043	2
861.53270	431.77365	2	51.3022	2
862.38640	432.20050	2	40.7666	1
862.41920	432.21690	2	38.0688	1
863.45040	432.73250	2	36.8345	2
863.45065	432.73260	2	50.2618	2
864.41990	433.21725	2	50.8417	2
864.43520	433.22490	2	53.7953	2
864.50650	433.26050	2	64.9369	2
865.41440	433.71450	2	41.3387	2
865.41915	433.71685	2	37.0769	2
865.50170	433.75810	2	37.4969	1
865.50220	433.75840	2	37.5279	1
866.49850	434.25650	2	43.9350	2
867.41585	434.71520	2	51.1698	2
868.45910	435.23680	2	39.5361	2
868.50125	435.25790	2	45.6548	2
868.51315	435.26385	2	34.0918	2
869.49620	435.75540	2	36.2381	2
869.53345	435.77400	2	60.8173	2
869.55890	435.78675	2	67.9426	2
870.44860	436.23160	2	55.6518	2
870.49230	436.25340	2	37.4445	1
870.51785	436.26620	2	59.1042	2
870.55380	436.28415	2	52.2377	2
871.44430	436.72940	2	39.9073	1
871.45150	436.73305	2	42.2718	2
871.53870	436.77660	2	60.4061	2
872.47485	437.24470	2	41.4110	2
872.49720	437.25590	2	43.5932	2
872.51550	437.26500	2	64.7895	2
873.47535	437.74495	2	51.5945	2
873.48010	437.74735	2	49.4773	2
873.48080	437.74770	2	47.2017	1
873.48090	437.74770	2	47.2544	1
873.49610	437.75530	2	68.4252	2
874.43300	438.22380	2	46.0183	2
874.45880	438.23665	2	50.8910	2
874.46515	438.23985	2	44.5423	2
875.38320	438.69890	2	31.2137	1
875.48990	438.75225	2	54.9396	2
875.49050	438.75250	2	32.1468	1
875.52290	438.76875	2	61.9762	2
876.41255	439.21355	2	40.9964	2
876.43725	439.22590	2	48.9832	2
876.44575	439.23015	2	39.4400	2
876.47130	439.24290	2	51.2210	3
876.48200	439.24830	2	55.0479	1
876.49600	439.25525	2	68.8057	2
877.45460	439.73460	2	38.9593	2
877.46585	439.74020	2	50.7150	2
877.46720	439.74090	2	44.0766	1
877.46755	439.74105	2	46.1577	2
877.50940	439.76200	2	70.9258	2
877.52765	439.77110	2	69.9919	2
878.43050	440.22250	2	48.8099	1
878.48630	440.25040	2	55.9059	2
878.48720	440.25090	2	51.4333	1
880.41390	441.21420	2	40.2796	1
880.41470	441.21460	2	40.3093	1
880.42930	441.22195	2	44.6528	2
880.51030	441.26240	2	45.3480	1
880.54985	441.28220	2	54.3949	2
881.51560	441.76510	2	56.3041	1
882.48240	442.24850	2	38.2014	1
882.52895	442.27175	2	40.7975	2
883.51200	442.76330	2	41.1228	1
883.53805	442.77635	2	52.2303	2
883.53810	442.77635	2	59.6913	2
884.43990	443.22725	2	45.3854	2
884.51090	443.26270	2	48.8047	3
884.54360	443.27905	2	55.3629	2
884.57040	443.29245	2	60.4032	2
884.57040	443.29245	2	75.0880	2
885.43025	443.72240	2	40.5588	2
885.43485	443.72470	2	43.6599	2
885.44445	443.72950	2	36.6961	2
885.49040	443.75250	2	37.3168	2
885.49195	443.75325	2	52.4644	2
885.55360	443.78410	2	65.9273	2
886.40750	444.21100	2	54.4143	1
886.48520	444.24985	2	43.8213	2
886.51220	444.26340	2	48.9545	1
887.45985	444.73720	2	38.1149	2
888.44565	445.23010	2	54.4771	2
889.45815	445.73640	2	52.0609	2
889.46615	445.74035	2	49.2064	2
889.47705	445.74580	2	42.7883	2
889.48445	445.74950	2	71.1245	2
890.47710	446.24580	2	72.6367	2
891.44540	446.72995	2	50.3969	2
891.45030	446.73245	2	47.6421	2
891.48155	446.74805	2	63.8134	2
891.50625	446.76040	2	67.5056	2
892.44070	447.22765	2	41.7494	2
892.48420	447.24940	2	77.8199	2
893.45130	447.73295	2	44.3989	2
893.45475	447.73465	2	46.6669	4
893.60610	447.81030	2	76.6527	2
894.45590	448.23520	2	36.0985	2
894.50355	448.25905	2	33.3441	2
895.44760	448.73105	2	60.8687	2
895.46510	448.73990	2	42.8045	1
895.46560	448.74010	2	42.7864	1
896.41745	449.21600	2	39.3210	2
896.53300	449.27380	2	55.8949	1
896.58070	449.29760	2	73.6833	1
897.47350	449.74405	2	46.5736	2
897.50315	449.75885	2	35.6058	2
898.40735	450.21100	2	67.1209	2
898.47895	450.24675	2	58.8154	2
898.48695	450.25075	2	37.1948	2
898.49080	450.25265	2	45.8133	2
898.54880	450.28165	2	67.9100	2
898.56055	450.28755	2	56.4641	2
899.43840	450.72645	2	54.7447	2
899.45000	450.73230	2	42.2209	2
899.51540	450.76500	2	61.2982	2
900.46400	451.23925	2	42.9196	2
900.49020	451.25240	2	42.6528	2
900.49230	451.25340	2	54.0070	1
900.50305	451.25880	2	51.6536	2
901.41150	451.71305	2	50.2298	2
901.43365	451.72410	2	40.8054	2
901.47630	451.74540	2	59.6819	1
901.48715	451.75085	2	35.8144	2
901.52700	451.77080	2	76.2742	1
902.41330	452.21395	2	48.7288	2
902.48350	452.24900	2	41.3411	1
902.49630	452.25540	2	42.0682	1
902.50765	452.26110	2	47.3552	2
903.48190	452.74825	2	54.1375	2
903.49680	452.75570	2	39.4335	1
903.52820	452.77140	2	43.7106	2
903.54340	452.77895	2	69.9295	2
904.43020	453.22240	2	34.1022	1
904.44380	453.22915	2	32.8012	2
904.53855	453.27655	2	64.1763	2
905.45295	453.73375	2	45.2155	2
905.45310	453.73380	2	66.4679	2
906.46700	454.24080	2	33.5370	1
906.51760	454.26610	2	49.1854	2
907.45160	454.73310	2	39.0207	2
907.50055	454.75755	2	49.6469	2
908.00425	455.00940	2	56.1411	4
908.43060	455.22260	2	50.5836	2
908.53450	455.27450	2	42.3307	1
908.56930	455.29190	2	58.2019	2
909.42695	455.72075	2	56.5868	2
911.38020	456.69735	2	35.9753	2
911.46550	456.74000	2	73.8483	2
911.47515	456.74485	2	61.8354	2
911.48990	456.75220	2	44.6051	1
911.51870	456.76660	2	34.9273	1
911.58075	456.79765	2	59.2452	2
912.54700	457.28080	2	44.0137	1
912.56300	457.28875	2	46.7975	2
912.56440	457.28950	2	65.3688	2
913.42980	457.72215	2	49.7145	2
913.45305	457.73380	2	43.1626	2
913.47360	457.74410	2	72.3641	2
913.48700	457.75080	2	48.3485	2
913.50915	457.76185	2	34.9994	2
913.54780	457.78120	2	54.9614	2
913.55980	457.78715	2	40.9471	2
913.59680	457.80570	2	42.1094	2
914.50740	458.26100	2	42.4183	2
914.51905	458.26680	2	47.2952	2
915.44755	458.73105	2	38.8359	2
915.46675	458.74065	2	43.8762	2
915.47025	458.74240	2	38.3660	2
915.50600	458.76025	2	34.3811	2
915.52110	458.76780	2	50.9353	2
915.52200	458.76830	2	76.0255	1
915.53920	458.77685	2	37.1588	2
916.48470	459.24965	2	42.7373	2
916.49785	459.25620	2	39.4668	2
917.48295	459.74875	2	39.9143	2
917.48780	459.75120	2	36.1737	1
918.44880	460.23170	2	80.8724	2
918.46030	460.23740	2	36.7223	1
918.48345	460.24900	2	54.6606	2
918.49190	460.25325	2	65.1179	2
918.51775	460.26615	2	58.1433	2
918.51785	460.26620	2	64.1134	2
919.40205	460.70830	2	34.9726	2
919.40670	460.71060	2	62.4455	2
919.44375	460.72915	2	48.6415	2
919.46880	460.74170	2	53.6773	2
919.50870	460.76165	2	53.9320	2
919.51250	460.76355	2	47.8906	2
919.51560	460.76505	2	58.5030	2
919.52050	460.76750	2	65.8452	2
920.49725	461.25590	2	48.0918	2
920.50750	461.26100	2	43.2010	2
921.44495	461.72980	2	42.3371	2
921.44560	461.73010	2	39.3190	3
922.43915	462.22685	2	50.9616	2
922.47590	462.24520	2	48.8432	1
923.43505	462.72480	2	45.1302	2
923.47165	462.74310	2	42.5363	2
923.58055	462.79755	2	79.0393	2
924.43075	463.22265	2	39.2251	2
924.43785	463.22620	2	49.1313	2
924.53890	463.27670	2	53.6587	2
924.56510	463.28985	2	56.5036	2
925.47010	463.74230	2	80.2910	2
925.49865	463.75660	2	44.9080	2
926.51875	464.26665	2	40.6764	2
926.58045	464.29750	2	61.3876	2
926.59160	464.30310	2	62.4941	2
927.44510	464.72980	2	47.7111	2
927.56405	464.78930	2	83.9261	2
928.45515	465.23485	2	51.6774	2
928.52280	465.26870	2	52.7302	2
928.52330	465.26890	2	49.3401	1
928.53380	465.27415	2	50.9868	2
928.55870	465.28665	2	63.7550	2
928.55960	465.28710	2	58.1636	1
929.45605	465.73530	2	32.1221	2
929.45680	465.73570	2	40.0564	2
929.47245	465.74350	2	51.2390	2
929.48005	465.74730	2	38.7495	2
929.50020	465.75740	2	54.2478	2
929.51175	465.76315	2	49.4069	2
929.51795	465.76625	2	42.5286	2
929.51885	465.76670	2	38.0280	2
929.51900	465.76680	2	44.5635	2
930.42335	466.21895	2	61.9762	2
930.44055	466.22755	2	34.2136	2
930.46750	466.24100	2	37.1084	2
930.47805	466.24630	2	43.4290	2
930.51450	466.26450	2	44.2716	1
930.51675	466.26565	2	65.6733	2
930.53790	466.27620	2	39.9313	1
931.44230	466.72840	2	30.4183	1
931.47030	466.74240	2	37.8719	1
931.48660	466.75060	2	49.8210	2
931.50130	466.75795	2	56.9422	2
931.51220	466.76340	2	58.9240	2
931.53470	466.77465	2	68.7457	2
932.46380	467.23920	2	40.6470	1
932.54395	467.27925	2	43.7358	2
933.43870	467.72660	2	33.3034	1
933.45610	467.73530	2	39.0450	2
933.46490	467.73970	2	52.1728	1
933.48445	467.74950	2	52.6983	2
933.50370	467.75915	2	53.4719	2
933.52870	467.77160	2	57.4737	2
933.53980	467.77720	2	34.7618	2
934.41810	468.21635	2	41.6195	2
934.45090	468.23275	2	40.8841	2
934.47480	468.24470	2	36.6496	2
934.48600	468.25030	2	56.2002	1
934.48690	468.25070	2	44.5462	3
934.48735	468.25095	2	35.3755	2
934.51270	468.26365	2	59.4561	2
934.52385	468.26920	2	60.5812	2
935.40260	468.70860	2	28.4924	1
935.45350	468.73410	2	38.2621	1
935.47090	468.74275	2	61.2316	2
935.47105	468.74280	2	46.2138	2
935.54450	468.77955	2	47.9271	2
937.41490	469.71470	2	36.7329	2
937.48735	469.75095	2	42.1282	2
937.51285	469.76370	2	58.7585	2
938.43385	470.22420	2	39.5045	2
939.43005	470.72230	2	63.3832	2
939.46170	470.73810	2	34.5583	2
939.48180	470.74820	2	81.2235	2
939.51425	470.76440	2	34.0179	2
939.53885	470.77670	2	54.5735	2
939.54935	470.78195	2	56.9748	2
939.56435	470.78945	2	81.5757	2
940.44390	471.22920	2	46.4318	2
940.52650	471.27055	2	62.9685	2
940.53630	471.27545	2	36.5898	2
941.43430	471.72440	2	40.2543	2
941.57950	471.79700	2	67.6970	2
941.60615	471.81035	2	80.3878	2
942.48770	472.25115	2	45.0490	2
942.50250	472.25855	2	37.9620	2
943.46120	472.73790	2	37.6269	1
943.48920	472.75185	2	45.1657	2
943.50640	472.76050	2	37.7957	1
943.51595	472.76525	2	49.0094	4
943.52380	472.76920	2	63.5294	2
944.42560	473.22005	2	39.1585	2
944.43095	473.22275	2	64.5169	2
944.49305	473.25380	2	44.3339	2
944.50450	473.25950	2	32.5872	1
944.51100	473.26275	2	64.9765	2
944.53000	473.27225	2	50.3810	2
944.55510	473.28485	2	55.8180	2
945.46005	473.73730	2	77.9701	2
945.51275	473.76365	2	42.1571	2
945.55000	473.78230	2	59.7151	2
946.50745	474.26100	2	36.5033	2
946.50895	474.26175	2	38.9025	2
946.51235	474.26345	2	47.0618	2
946.52720	474.27090	2	70.5366	1
946.53475	474.27465	2	39.8290	2
946.54935	474.28195	2	75.3018	2
947.43480	474.72470	2	39.9931	2
947.47780	474.74620	2	33.1105	1
947.48565	474.75010	2	46.6085	2
947.48590	474.75020	2	43.5378	1
947.51525	474.76495	2	72.3081	2
948.46625	475.24040	2	53.9135	2
948.46660	475.24055	2	45.6294	2
948.61220	475.31335	2	57.9912	2
949.42690	475.72070	2	36.1428	1
949.48610	475.75035	2	41.4083	2
949.48625	475.75040	2	55.3103	2
949.49125	475.75290	2	87.7163	2
949.50535	475.75995	2	78.3230	2
949.52725	475.77090	2	80.5476	2
950.45280	476.23365	2	51.1825	2
950.48070	476.24760	2	47.6999	2
950.48630	476.25040	2	74.5301	2
950.50150	476.25800	2	60.4517	2
950.50720	476.26090	2	52.8667	2
951.51790	476.76620	2	81.1619	2
952.45020	477.23235	2	44.5204	2
952.45095	477.23275	2	48.2417	2
952.47020	477.24240	2	51.8548	2
952.53450	477.27450	2	43.7199	2
954.44420	478.22935	2	53.5366	2
955.53400	478.77430	2	63.8183	2
956.50345	479.25900	2	40.0564	2
956.51670	479.26560	2	38.5476	2
956.52940	479.27195	2	47.8694	2
956.52940	479.27200	2	45.4583	2
956.52955	479.27205	2	54.3611	2
956.57845	479.29650	2	78.6549	2
957.48815	479.75135	2	34.4812	2
957.51290	479.76375	2	48.9959	2
957.52580	479.77020	2	42.4605	1
957.55940	479.78700	2	49.2584	1
957.59740	479.80600	2	48.6517	2
958.48725	480.25090	2	57.5640	2
958.50435	480.25945	2	57.8447	2
959.50830	480.76140	2	42.5976	3
959.53120	480.77285	2	44.0797	2
959.53280	480.77370	2	69.8738	2
959.55535	480.78495	2	58.9888	2
959.58050	480.79755	2	84.8737	2
960.45065	481.23260	2	37.1245	2
960.47570	481.24515	2	43.3723	2
960.51210	481.26335	2	40.8909	2
960.53210	481.27335	2	58.5691	2
960.53900	481.27680	2	62.5170	2
962.47185	482.24320	2	47.5329	2
962.50470	482.25960	2	63.3754	2
963.44450	482.72955	2	55.6486	2
963.50165	482.75810	2	41.8123	2
963.50655	482.76060	2	36.4637	2
963.55495	482.78475	2	75.8225	2
964.46130	483.23795	2	39.7974	2
964.47360	483.24410	2	35.1506	1
964.48020	483.24740	2	70.2373	2
964.49780	483.25615	2	44.3734	2
964.52310	483.26880	2	55.2364	2
965.44460	483.72955	2	42.9021	2
965.44510	483.72985	2	36.9771	2
965.46035	483.73750	2	39.3559	2
965.48205	483.74830	2	61.6478	2
965.62710	483.82080	2	83.6328	1
966.46655	484.24055	2	38.3262	2
966.46790	484.24120	2	43.1700	2
966.47940	484.24700	2	45.7784	1
966.49260	484.25360	2	76.1359	2
966.52475	484.26965	2	47.9537	2
967.47890	484.74675	2	58.9279	2
967.52010	484.76730	2	31.4312	1
967.52385	484.76920	2	48.4499	2
967.58145	484.79800	2	57.7945	2
968.44530	485.22995	2	42.0106	2
968.52735	485.27095	2	38.9912	2
968.52910	485.27180	2	49.8159	2
969.48815	485.75135	2	41.7889	2
969.52520	485.76990	2	51.4836	2
969.56095	485.78775	2	53.8536	2
969.58650	485.80055	2	65.0057	2
969.58660	485.80060	2	69.7009	2
970.48690	486.25075	2	55.7117	2
970.54430	486.27940	2	57.0619	1
970.58090	486.29775	2	46.3215	2
970.58110	486.29785	2	35.1031	2
970.58115	486.29785	2	70.1376	2
971.50405	486.75930	2	33.3119	2
971.51435	486.76445	2	30.2208	2
971.52895	486.77175	2	49.6687	2
971.52910	486.77185	2	59.8078	2
971.52930	486.77195	2	37.8069	2
971.55430	486.78445	2	58.7211	2
971.56525	486.78990	2	35.6396	2
971.56610	486.79035	2	45.3627	2
972.44070	487.22760	2	32.6455	1
972.46615	487.24035	2	35.2203	2
973.50795	487.76125	2	43.3723	2
973.51820	487.76640	2	44.2767	1
973.54215	487.77840	2	35.8221	2
974.50340	488.25895	2	39.7325	2
974.51875	488.26665	2	59.9583	2
975.44670	488.73060	2	37.0359	1
975.48740	488.75100	2	31.2087	1
975.49490	488.75470	2	81.6540	1
975.50325	488.75890	2	53.4762	2
975.51445	488.76455	2	45.9382	2
976.49795	489.25625	2	59.1118	2
976.50815	489.26135	2	48.8745	2
976.54540	489.27995	2	42.5531	2
977.44290	489.72875	2	47.9009	2
977.48160	489.74805	2	61.6611	2
977.48265	489.74860	2	46.6344	2
977.51840	489.76650	2	53.4417	1
978.46610	490.24035	2	46.8311	2
978.50100	490.25775	2	61.0681	2
979.44980	490.73220	2	67.1764	2
979.46125	490.73790	2	40.1960	2
979.49700	490.75580	2	53.5622	2
979.50160	490.75805	2	29.2503	2
979.51640	490.76545	2	68.1381	2
979.57040	490.79250	2	41.9163	1
980.45930	491.23700	2	38.6899	1
980.49645	491.25550	2	53.2270	2
981.45270	491.73365	2	63.3113	2
981.52475	491.76965	2	31.8226	2
981.59875	491.80665	2	42.6477	2
982.45990	492.23720	2	35.5112	2
982.47590	492.24525	2	43.3586	2
982.51995	492.26725	2	39.7677	2
983.47370	492.74410	2	49.2356	2
983.50605	492.76030	2	43.6240	2
983.55490	492.78475	2	72.0057	2
983.57610	492.79530	2	65.2253	2
983.58480	492.79965	2	72.5802	2
983.58785	492.80120	2	45.6216	2
983.60045	492.80750	2	59.0448	2
984.43855	493.22655	2	35.8823	2
984.45565	493.23510	2	58.5103	2
984.49405	493.25430	2	52.8200	2
984.63315	493.32385	2	51.2944	2
985.50125	493.75790	2	46.3362	2
985.51945	493.76700	2	45.0156	2
985.53950	493.77705	2	47.1823	2
985.54795	493.78125	2	44.4882	2
985.61640	493.81550	2	46.9876	2
986.49015	494.25235	2	68.5492	2
986.49795	494.25625	2	70.7250	2
986.50300	494.25880	2	41.4855	1
987.49930	494.75690	2	33.3041	2
987.52420	494.76940	2	46.0154	1
987.53590	494.77525	2	50.5147	2
987.57220	494.79335	2	60.2752	2
988.48225	495.24840	2	39.8024	2
988.50050	495.25760	2	65.5778	1
988.50720	495.26090	2	54.0586	1
988.51985	495.26720	2	43.9632	2
988.54395	495.27925	2	48.2573	2
988.58125	495.29790	2	51.7435	2
989.47765	495.74610	2	35.1270	2
989.49210	495.75330	2	57.1534	1
989.55490	495.78475	2	49.2555	2
989.55510	495.78480	2	59.7447	2
990.45935	496.23695	2	38.8484	2
990.47375	496.24415	2	47.0749	2
990.51340	496.26400	2	49.9313	1
990.55090	496.28275	2	74.1807	2
991.38495	496.69975	2	35.7271	2
991.50890	496.76170	2	68.2941	2
991.50935	496.76195	2	61.5914	2
991.54555	496.78005	2	70.3521	2
991.57070	496.79265	2	62.3811	2
992.48500	497.24975	2	57.6169	2
992.53290	497.27375	2	82.0089	2
992.60220	497.30840	2	71.6414	2
993.44085	497.72770	2	43.9974	2
993.45250	497.73350	2	41.7337	2
993.46720	497.74085	2	59.4221	2
993.51340	497.76400	2	54.1948	2
993.51425	497.76440	2	50.5479	2
993.54990	497.78225	2	65.6115	2
994.40260	498.20860	2	36.4930	2
994.47190	498.24325	2	54.0263	2
994.49595	498.25525	2	50.0085	2
994.50780	498.26120	2	48.4708	2
994.50910	498.26180	2	33.6600	2
994.51525	498.26490	2	73.9099	2
994.60540	498.31000	2	75.0278	2
994.65340	498.33395	2	47.4205	2
995.49260	498.75360	2	49.2634	1
996.52480	499.26970	2	49.0328	1
996.53120	499.27285	2	69.4906	2
996.54440	499.27950	2	31.7007	1
996.57185	499.29320	2	46.4918	2
997.47000	499.74230	2	61.4351	1
999.48210	500.74830	2	33.4831	3
999.53385	500.77420	2	43.7954	2
999.53640	500.77550	2	31.8878	2
999.57095	500.79275	2	34.1822	2
1000.49350	501.25405	2	37.6949	2
1000.54640	501.28050	2	44.9483	1
1000.55075	501.28265	2	60.1090	2
1000.55610	501.28530	2	52.7796	1
1000.56630	501.29045	2	50.1112	2
1001.51620	501.76540	2	45.3117	3
1001.55500	501.78475	2	68.3778	2
1001.56070	501.78765	2	35.7298	2
1001.58715	501.80085	2	48.6176	2
1001.59215	501.80335	2	70.6463	2
1002.47150	502.24305	2	36.2070	2
1002.48265	502.24860	2	40.4624	2
1002.48665	502.25060	2	42.8442	2
1002.52755	502.27105	2	39.3636	2
1002.54570	502.28010	2	35.0662	2
1002.56120	502.28790	2	38.2370	1
1002.58745	502.30100	2	65.9643	2
1003.50165	502.75810	2	44.5704	2
1003.51940	502.76700	2	45.5604	1
1003.57055	502.79255	2	78.8166	2
1004.44660	503.23060	2	36.7841	1
1004.52910	503.27185	2	58.4430	2
1004.54055	503.27755	2	48.8829	2
1004.56400	503.28925	2	44.6742	2
1005.46920	503.74190	2	50.0623	1
1005.48245	503.74850	2	39.6807	2
1005.49270	503.75360	2	32.1960	2
1005.51235	503.76345	2	55.9978	2
1005.53170	503.77310	2	69.7012	2
1005.53610	503.77530	2	37.7297	2
1005.56115	503.78785	2	68.1698	2
1006.45315	504.23385	2	34.0436	2
1006.47165	504.24310	2	43.0473	2
1006.49830	504.25645	2	55.2083	2
1007.45520	504.73490	2	50.0196	1
1007.45675	504.73565	2	40.1768	2
1007.47450	504.74455	2	52.5042	2
1007.50265	504.75860	2	45.0833	2
1007.50460	504.75955	2	48.3616	2
1007.52305	504.76880	2	66.0227	2
1007.54030	504.77740	2	57.2292	2
1007.54385	504.77925	2	69.4339	2
1007.67470	504.84460	2	73.8181	2
1008.47720	505.24590	2	51.6211	2
1008.52870	505.27160	2	84.6804	2
1009.44785	505.73120	2	43.5674	2
1009.46210	505.73835	2	46.0953	2
1009.51940	505.76695	2	38.1253	2
1009.54890	505.78175	2	88.8267	2
1010.45405	506.23430	2	40.4037	2
1010.50015	506.25735	2	40.5537	2
1010.51160	506.26310	2	64.3798	2
1010.57630	506.29545	2	69.3482	2
1011.50230	506.75840	2	69.6915	1
1011.52400	506.76930	2	38.4494	2
1011.53520	506.77490	2	46.3614	2
1011.57140	506.79300	2	53.6575	2
1011.60765	506.81110	2	68.6929	2
1012.57060	507.29260	2	70.0528	2
1012.57080	507.29265	2	59.6617	2
1012.58140	507.29795	2	61.8873	2
1012.59260	507.30360	2	61.0339	1
1012.60330	507.30895	2	40.6811	2
1012.63965	507.32710	2	50.4583	2
1013.46465	507.73960	2	73.0331	2
1013.54020	507.77740	2	45.1538	2
1013.55545	507.78500	2	66.5795	2
1013.56220	507.78840	2	39.5381	3
1013.62340	507.81900	2	67.9762	2
1014.50980	508.26215	2	33.0153	2
1014.53315	508.27385	2	39.9643	2
1014.53450	508.27460	2	44.4153	1
1014.57050	508.29250	2	39.4617	1
1014.57165	508.29310	2	47.2399	2
1015.49290	508.75370	2	41.2662	2
1015.54290	508.77870	2	90.0375	2
1015.58495	508.79975	2	72.1643	2
1015.59180	508.80320	2	66.8859	3
1016.45980	509.23715	2	38.8433	2
1016.53275	509.27365	2	49.5909	2
1016.54725	509.28090	2	50.6320	2
1017.47220	509.74335	2	42.9119	2
1017.51730	509.76590	2	78.0993	2
1017.53465	509.77460	2	40.6439	2
1017.57280	509.79370	2	42.4374	1
1017.62190	509.81820	2	67.5670	2
1018.54260	510.27855	2	41.8463	2
1018.58185	510.29820	2	71.5873	2
1019.42075	510.71765	2	44.8153	2
1019.50305	510.75885	2	44.2782	2
1019.50315	510.75885	2	61.0323	2
1019.53970	510.77710	2	55.1786	2
1019.54000	510.77730	2	37.1007	2
1019.54715	510.78085	2	67.9548	2
1019.55175	510.78315	2	48.5231	2
1020.52435	511.26945	2	57.5247	2
1020.52450	511.26955	2	65.1359	2
1020.52535	511.26995	2	50.4322	2
1020.53425	511.27440	2	55.9182	2
1021.43940	511.72700	2	39.6955	1
1021.45005	511.73230	2	36.2800	2
1021.49480	511.75465	2	32.5144	2
1021.51235	511.76345	2	44.9241	2
1021.54440	511.77950	2	61.5362	2
1021.60330	511.80890	2	53.6059	1
1022.50285	512.25870	2	54.3725	2
1022.51160	512.26310	2	78.2499	2
1023.51585	512.76520	2	61.7395	2
1023.60700	512.81075	2	69.1612	2
1024.49070	513.25260	2	60.5334	1
1025.50300	513.75880	2	42.3086	2
1025.60330	513.80890	2	50.3499	2
1026.44615	514.23035	2	43.6549	2
1027.56570	514.79010	2	35.2954	1
1027.56635	514.79045	2	38.1478	2
1027.58170	514.79815	2	75.6058	2
1027.59235	514.80345	2	59.8363	2
1027.60260	514.80860	2	69.8372	2
1028.56140	515.28800	2	44.4504	1
1028.56460	515.28955	2	81.3424	2
1028.57610	515.29530	2	55.1737	2
1029.47675	515.74565	2	57.7438	2
1029.47700	515.74580	2	43.2577	2
1029.53975	515.77715	2	53.3922	2
1029.54305	515.77880	2	39.2225	2
1029.55585	515.78520	2	32.2614	2
1029.58225	515.79840	2	38.5158	2
1030.52965	516.27210	2	37.4549	2
1030.59140	516.30295	2	79.9220	2
1030.60645	516.31050	2	76.6447	2
1031.46410	516.73935	2	65.0566	2
1031.50230	516.75845	2	42.9713	2
1031.50625	516.76040	2	50.1959	2
1031.54800	516.78125	2	52.6179	2
1031.58560	516.80010	2	63.0140	1
1031.58695	516.80075	2	57.8935	2
1032.49865	517.25660	2	43.3163	2
1032.53470	517.27465	2	49.7648	2
1032.59715	517.30585	2	74.6152	2
1033.56665	517.79060	2	44.3917	2
1033.58090	517.79775	2	83.2186	2
1033.61745	517.81600	2	70.6935	2
1034.52240	518.26845	2	65.7816	2
1034.54830	518.28140	2	52.3111	1
1034.56690	518.29070	2	63.1072	1
1035.48180	518.74820	2	53.1510	1
1035.48780	518.75120	2	61.9619	2
1035.56110	518.78785	2	61.4176	2
1036.51935	519.26695	2	44.6698	2
1036.51990	519.26720	2	52.8078	1
1036.53405	519.27430	2	72.2566	2
1036.53780	519.27615	2	68.6584	2
1036.55520	519.28485	2	64.2598	2
1037.50560	519.76010	2	35.8927	1
1037.50680	519.76070	2	35.9239	1
1037.62385	519.81920	2	55.8374	2
1037.64895	519.83175	2	71.9783	2
1038.48065	520.24760	2	47.9830	2
1038.54615	520.28035	2	36.9981	2
1039.49735	520.75595	2	53.3525	2
1039.56550	520.79005	2	48.6704	2
1039.56560	520.79010	2	47.0343	1
1040.46915	521.24185	2	42.6189	2
1040.49305	521.25380	2	33.1532	2
1040.49700	521.25580	2	43.1750	2
1040.54995	521.28225	2	55.1567	2
1040.56910	521.29180	2	51.0205	2
1040.59830	521.30645	2	57.8759	2
1040.62280	521.31870	2	74.7736	2
1040.65990	521.33725	2	60.9835	2
1041.43950	521.72700	2	46.3313	1
1041.45495	521.73475	2	37.5434	2
1041.52840	521.77145	2	84.6342	2
1041.53125	521.77290	2	51.1094	2
1042.51550	522.26505	2	65.4010	2
1042.52965	522.27210	2	39.2325	2
1042.55495	522.28475	2	54.4414	2
1042.57760	522.29610	2	42.4425	1
1043.54295	522.77875	2	49.4613	2
1043.55070	522.78265	2	79.5455	2
1043.56125	522.78790	2	35.5979	2
1043.56135	522.78795	2	38.4216	2
1043.60305	522.80880	2	64.4009	2
1044.52115	523.26785	2	45.8740	2
1044.56020	523.28735	2	59.2927	2
1045.51115	523.76285	2	58.0350	2
1045.53925	523.77690	2	45.6626	2
1045.53955	523.77705	2	35.3537	2
1045.54030	523.77740	2	33.1532	2
1045.60200	523.80825	2	61.4656	2
1046.52520	524.26985	2	37.6135	2
1046.59750	524.30605	2	50.3101	2
1047.52765	524.77110	2	60.8382	2
1047.56400	524.78930	2	60.4594	2
1048.55600	525.28530	2	33.7091	1
1049.52585	525.77020	2	51.7485	2
1049.53375	525.77415	2	41.5299	2
1049.56190	525.78820	2	39.3930	3
1050.51110	526.26280	2	47.1783	1
1050.51760	526.26610	2	57.2829	1
1050.53380	526.27420	2	48.9329	2
1050.55710	526.28580	2	33.2248	2
1050.57125	526.29290	2	63.0613	2
1051.49435	526.75445	2	38.8404	2
1051.51110	526.76280	2	59.3555	1
1052.46420	527.23940	2	58.5449	2
1053.61860	527.81655	2	56.9105	2
1054.53370	528.27415	2	75.8276	2
1054.54100	528.27775	2	33.6260	2
1054.60335	528.30895	2	57.9581	2
1055.42320	528.71885	2	48.0676	2
1055.49220	528.75340	2	45.6881	2
1055.50700	528.76075	2	54.2551	2
1055.58590	528.80020	2	64.6725	2
1055.58610	528.80035	2	68.4404	2
1055.62300	528.81880	2	65.8671	1
1056.52110	529.26785	2	53.2063	2
1056.53230	529.27345	2	77.9141	2
1056.58250	529.29855	2	55.8503	2
1056.59300	529.30375	2	53.7144	2
1056.59345	529.30400	2	60.1505	2
1057.49770	529.75615	2	39.6437	2
1057.50900	529.76180	2	44.9201	1
1057.57680	529.79570	2	45.4786	2
1057.57685	529.79570	2	37.9097	2
1057.61600	529.81525	2	38.9719	2
1057.63925	529.82690	2	78.7479	2
1058.08115	530.04785	2	46.8813	4
1058.49215	530.25335	2	51.3912	2
1058.54455	530.27955	2	79.3790	2
1058.55975	530.28715	2	72.9409	2
1058.59815	530.30635	2	41.3216	2
1059.51025	530.76240	2	44.7643	2
1059.53920	530.77690	2	56.3762	2
1059.60060	530.80760	2	57.8086	1
1059.61290	530.81370	2	86.1356	1
1060.47370	531.24410	2	35.4799	2
1060.52335	531.26895	2	75.2378	2
1060.61770	531.31615	2	84.1176	2
1061.55015	531.78235	2	45.7213	2
1061.57640	531.79550	2	75.5445	2
1062.52390	532.26920	2	78.6498	1
1062.53420	532.27440	2	57.3851	2
1062.57110	532.29285	2	61.1608	2
1062.58270	532.29860	2	57.0726	2
1063.53055	532.77255	2	45.2085	2
1063.54160	532.77810	2	47.1298	2
1063.55520	532.78490	2	61.7030	1
1063.60745	532.81100	2	76.9467	2
1064.56125	533.28790	2	32.7646	2
1064.58825	533.30140	2	51.8626	2
1064.63450	533.32455	2	55.4540	2
1065.44830	533.73145	2	47.3003	2
1065.50880	533.76170	2	40.5071	1
1065.55240	533.78345	2	62.2176	2
1065.55325	533.78390	2	79.0471	2
1065.56165	533.78810	2	70.3199	2
1066.45715	534.23585	2	54.7513	2
1066.46830	534.24140	2	33.7529	2
1066.50405	534.25930	2	32.4198	2
1066.51140	534.26295	2	34.5821	2
1066.51855	534.26655	2	57.2290	2
1066.60630	534.31045	2	82.2568	2
1067.51490	534.76470	2	46.5264	1
1067.57245	534.79350	2	53.2609	2
1068.55040	535.28250	2	38.5158	2
1068.55985	535.28720	2	64.6138	2
1068.58105	535.29780	2	60.8618	2
1068.59315	535.30385	2	57.7596	2
1068.65340	535.33395	2	46.2685	2
1069.54090	535.77770	2	54.4092	1
1070.60840	536.31145	2	75.0809	2
1070.63445	536.32450	2	69.8418	2
1070.65910	536.33685	2	76.8139	2
1071.56430	536.78945	2	49.6495	2
1071.59290	536.80370	2	54.6043	3
1072.52985	537.27220	2	48.2081	2
1072.57425	537.29440	2	74.2484	2
1072.61290	537.31370	2	42.3300	2
1073.49950	537.75700	2	45.5759	2
1073.51805	537.76630	2	55.0473	2
1073.58765	537.80110	2	44.8471	2
1073.59115	537.80285	2	59.8031	2
1073.60865	537.81160	2	87.1777	2
1073.65965	537.83710	2	64.1683	2
1074.02795	538.02125	2	35.9315	4
1074.54655	538.28055	2	44.1938	2
1074.55510	538.28480	2	53.9900	2
1074.57160	538.29310	2	60.5080	2
1075.47830	538.74640	2	35.2067	2
1075.52235	538.76845	2	68.9307	2
1075.53350	538.77400	2	66.5277	2
1075.59195	538.80325	2	71.1875	2
1075.61285	538.81370	2	58.3490	2
1075.62790	538.82125	2	68.1596	2
1076.46040	539.23750	2	52.0659	2
1076.51435	539.26445	2	49.7854	2
1076.52695	539.27075	2	34.7055	2
1076.56010	539.28730	2	54.8334	2
1076.57120	539.29290	2	43.7409	2
1077.60455	539.80955	2	40.4701	2
1078.48000	540.24730	2	36.5975	2
1078.50455	540.25955	2	42.0480	2
1080.56840	541.29150	2	38.4473	1
1081.62520	541.81985	2	60.6130	2
1082.53240	542.27345	2	55.4277	2
1082.55620	542.28540	2	82.7428	2
1082.62425	542.31940	2	77.5164	2
1084.48580	543.25020	2	39.7455	2
1084.54575	543.28015	2	29.9212	2
1084.56970	543.29215	2	46.0259	2
1084.57210	543.29330	2	89.6736	1
1084.57210	543.29330	2	94.6220	3
1084.63805	543.32630	2	79.2844	2
1084.66090	543.33775	2	56.4088	2
1085.60835	543.81145	2	51.9098	2
1085.62345	543.81900	2	75.4292	2
1085.64500	543.82975	2	67.8490	2
1086.06460	544.03955	2	50.7889	4
1086.55585	544.28520	2	48.1463	2
1086.56770	544.29110	2	34.7004	2
1087.55220	544.78335	2	51.4758	2
1087.56175	544.78815	2	43.2253	2
1087.58860	544.80160	2	42.4696	2
1087.59765	544.80610	2	31.9082	2
1087.61305	544.81380	2	70.7651	2
1088.45725	545.23590	2	38.0027	2
1088.50820	545.26140	2	32.8516	1
1088.55525	545.28490	2	71.3794	2
1088.56995	545.29225	2	34.0565	2
1088.60855	545.31155	2	36.7536	2
1089.53250	545.77350	2	42.6687	2
1089.55760	545.78610	2	35.3561	2
1089.56820	545.79140	2	63.1765	1
1090.46835	546.24145	2	38.7494	2
1090.60160	546.30810	2	59.6087	2
1091.55780	546.78620	2	40.3238	2
1092.53835	547.27645	2	55.5415	2
1092.58110	547.29780	2	54.3062	2
1093.54090	547.77775	2	58.3903	2
1094.08120	548.04790	2	37.5541	4
1094.55260	548.28360	2	68.5425	1
1094.55480	548.28470	2	78.0085	2
1094.56150	548.28800	2	34.0178	2
1094.56460	548.28960	2	48.1823	2
1094.59850	548.30650	2	58.0870	2
1095.46620	548.74040	2	53.2954	2
1095.56430	548.78940	2	69.8040	1
1095.56670	548.79060	2	32.3200	1
1096.49810	549.25630	2	60.8735	2
1096.52290	549.26875	2	48.8467	2
1096.56320	549.28885	2	42.7080	2
1097.57170	549.79310	2	67.2370	1
1097.60855	549.81155	2	56.9645	2
1098.52840	550.27150	2	61.8034	2
1098.53460	550.27455	2	70.0913	2
1098.53540	550.27500	2	45.4480	2
1098.57710	550.29585	2	37.0316	2
1098.58210	550.29835	2	50.6653	2
1099.49355	550.75405	2	60.5730	2
1099.61580	550.81515	2	52.6442	2
1100.46010	551.23730	2	66.7037	2
1100.55855	551.28655	2	34.5189	2
1100.57360	551.29405	2	71.4288	2
1101.55595	551.78525	2	70.7356	2
1101.60325	551.80890	2	38.8134	2
1101.61890	551.81670	2	59.5700	1
1101.65105	551.83280	2	53.6229	2
1102.57255	552.29355	2	35.4236	2
1102.57640	552.29545	2	64.6138	2
1102.58650	552.30050	2	37.2934	2
1103.56085	552.78770	2	40.4138	2
1103.58240	552.79850	2	50.8909	1
1103.63895	552.82675	2	84.8396	2
1104.47560	553.24510	2	35.9822	4
1104.50835	553.26145	2	53.0460	2
1104.52020	553.26735	2	45.1903	2
1104.54095	553.27775	2	44.8595	4
1104.54710	553.28085	2	47.1011	2
1104.56355	553.28905	2	48.8794	2
1104.56760	553.29105	2	34.3215	2
1104.58870	553.30160	2	85.3064	1
1104.59285	553.30370	2	60.3603	2
1104.61730	553.31590	2	82.8350	1
1104.62830	553.32140	2	87.8482	2
1104.72725	553.37090	2	78.4539	2
1105.53060	553.77260	2	63.1762	2
1105.57770	553.79615	2	65.0806	2
1106.53960	554.27705	2	47.8355	2
1106.58640	554.30045	2	83.1899	2
1106.60875	554.31165	2	82.6272	2
1107.53910	554.77685	2	61.7074	2
1107.54435	554.77945	2	54.5319	2
1107.54970	554.78215	2	66.1333	2
1107.55530	554.78490	2	38.1554	2
1107.57415	554.79435	2	67.5387	2
1107.59235	554.80345	2	45.2410	2
1108.51475	555.26465	2	32.8037	2
1108.54630	555.28045	2	33.4110	2
1108.57035	555.29245	2	78.5479	2
1108.91945	555.46700	2	38.3103	4
1109.50270	555.75860	2	75.3220	1
1109.53325	555.77390	2	79.1579	2
1109.53925	555.77690	2	47.4735	2
1109.54860	555.78160	2	90.4760	2
1109.57240	555.79350	2	33.8311	1
1109.58750	555.80105	2	58.7505	2
1109.61250	555.81355	2	71.4582	2
1110.46685	556.24070	2	42.7613	2
1110.52005	556.26730	2	60.7011	2
1110.59140	556.30295	2	83.4815	2
1110.66555	556.34005	2	74.6203	2
1111.57030	556.79240	2	34.8490	1
1112.44590	557.23020	2	35.6922	1
1113.63350	557.82400	2	62.8704	1
1113.65480	557.83470	2	85.1861	1
1114.55650	558.28555	2	78.5029	2
1114.56700	558.29075	2	64.6987	2
1114.62335	558.31895	2	62.3241	2
1114.63490	558.32470	2	53.2400	2
1115.05495	558.53475	2	46.6575	4
1115.51340	558.76395	2	47.4153	2
1115.52570	558.77010	2	33.8731	2
1115.55730	558.78590	2	35.8588	2
1115.58165	558.79810	2	42.5339	2
1115.60130	558.80795	2	56.2733	2
1116.50280	559.25865	2	47.5506	2
1116.54175	559.27815	2	34.8070	2
1116.56490	559.28975	2	54.6248	2
1116.58185	559.29820	2	72.8428	2
1116.60650	559.31050	2	32.6734	2
1116.61335	559.31395	2	36.2695	2
1116.65190	559.33320	2	83.4380	1
1117.52685	559.77070	2	40.1210	2
1117.54220	559.77835	2	42.9609	2
1117.56120	559.78790	2	51.2030	2
1117.60625	559.81040	2	71.0681	2
1118.01780	560.01615	2	46.6779	4
1118.48410	560.24935	2	33.7211	2
1118.54780	560.28120	2	76.4377	2
1118.63325	560.32390	2	57.5068	2
1119.54220	560.77840	2	69.4704	1
1119.57235	560.79345	2	51.4911	2
1119.58745	560.80100	2	62.7738	2
1119.59555	560.80505	2	67.5670	2
1119.66975	560.84215	2	82.9691	2
1120.05955	561.03705	2	57.7900	4
1120.57580	561.29515	2	60.6291	2
1121.46620	561.74040	2	42.3678	2
1121.53710	561.77580	2	68.7794	2
1121.54710	561.78085	2	43.5929	2
1121.60985	561.81220	2	47.8383	2
1122.51355	562.26405	2	59.8441	2
1123.47915	562.74685	2	46.4866	2
1123.56940	562.79195	2	57.7396	2
1123.58180	562.79820	2	54.1947	2
1124.42805	563.22130	2	30.4462	2
1124.59020	563.30240	2	62.2444	2
1124.61960	563.31705	2	69.5015	2
1124.68115	563.34785	2	80.7094	2
1125.12360	563.56905	2	37.5964	4
1125.51530	563.76495	2	36.0408	2
1125.57065	563.79260	2	43.6753	2
1125.64000	563.82725	2	61.2826	2
1126.59740	564.30595	2	51.8065	2
1126.66005	564.33730	2	77.5681	2
1127.47385	564.74420	2	69.2044	2
1127.52170	564.76810	2	39.2120	3
1127.56450	564.78950	2	43.1102	2
1127.61295	564.81375	2	62.5017	2
1127.65650	564.83555	2	52.9800	2
1128.56590	565.29025	2	42.5878	2
1128.57800	565.29630	2	43.3868	2
1128.58870	565.30160	2	33.0000	1
1128.63860	565.32660	2	60.0233	2
1129.51195	565.76325	2	37.5225	2
1129.57905	565.79680	2	56.0309	2
1129.63440	565.82450	2	40.6209	2
1129.63550	565.82500	2	36.1503	2
1129.67145	565.84300	2	70.3195	2
1130.55800	566.28630	2	27.8540	1
1131.57800	566.79630	2	35.2202	2
1131.62930	566.82195	2	70.6411	2
1131.65390	566.83425	2	82.0413	2
1132.53810	567.27630	2	33.4162	2
1132.55590	567.28520	2	57.2625	2
1132.58825	567.30140	2	62.1009	2
1133.55455	567.78455	2	69.3451	2
1133.57150	567.79300	2	56.3671	2
1133.57210	567.79330	2	72.4841	2
1133.57485	567.79470	2	66.4276	2
1133.60850	567.81150	2	61.9147	1
1133.60930	567.81190	2	62.4940	2
1133.64525	567.82990	2	68.2645	2
1134.53375	568.27415	2	44.3095	2
1134.53470	568.27460	2	46.7488	2
1134.55090	568.28275	2	36.0854	2
1134.57740	568.29600	2	46.5889	1
1134.59245	568.30350	2	48.0356	2
1135.59900	568.80680	2	47.6714	2
1136.53550	569.27505	2	53.5468	2
1136.57130	569.29290	2	58.0531	2
1136.57185	569.29320	2	61.3752	2
1137.46125	569.73790	2	33.9492	2
1137.57825	569.79640	2	55.5620	2
1138.56605	570.29030	2	62.5159	2
1138.58705	570.30080	2	35.6709	2
1139.54595	570.78025	2	54.8697	2
1139.59800	570.80630	2	72.8140	1
1139.63010	570.82235	2	40.3514	2
1139.65480	570.83470	2	61.9188	2
1140.52345	571.26900	2	34.1111	2
1140.54420	571.27940	2	66.7698	5
1140.56040	571.28750	2	77.5666	1
1141.55650	571.78550	2	72.0746	2
1141.56795	571.79125	2	62.9066	2
1141.59965	571.80710	2	33.2817	2
1141.60990	571.81220	2	59.6298	2
1141.64040	571.82750	2	82.9293	1
1142.48895	572.25175	2	45.5189	2
1142.52510	572.26980	2	68.5952	3
1142.54960	572.28210	2	90.8834	1
1142.55805	572.28630	2	51.8861	2
1142.61840	572.31650	2	55.1398	1
1142.63035	572.32245	2	34.8253	2
1143.50795	572.76125	2	56.0629	2
1143.55690	572.78575	2	75.3669	2
1143.57305	572.79380	2	65.7884	2
1143.58820	572.80140	2	35.4429	2
1143.69115	572.85285	2	87.2438	2
1144.58885	573.30170	2	49.9590	2
1144.59765	573.30610	2	60.3440	2
1144.61085	573.31270	2	38.9075	2
1144.63755	573.32605	2	57.5890	2
1145.08340	573.54895	2	57.7585	4
1145.57450	573.79450	2	47.3843	2
1145.66960	573.84210	2	70.9023	1
1146.57755	574.29605	2	45.9431	2
1146.58555	574.30005	2	72.8531	2
1146.61395	574.31425	2	53.0719	2
1147.55520	574.78490	2	49.1596	2
1147.55650	574.78555	2	43.8868	2
1147.57940	574.79700	2	65.2894	2
1147.58735	574.80095	2	55.0806	2
1147.63830	574.82645	2	88.2903	2
1148.51380	575.26415	2	35.2304	2
1148.54685	575.28070	2	53.3194	2
1148.56505	575.28980	2	66.5195	2
1148.57015	575.29235	2	80.4278	2
1148.60850	575.31155	2	62.7092	2
1149.54140	575.77800	2	41.5098	1
1149.56690	575.79070	2	68.3401	1
1149.56770	575.79110	2	58.0116	2
1150.05985	576.03720	2	59.2091	2
1150.56850	576.29150	2	59.3502	1
1150.58660	576.30060	2	55.5129	2
1150.59180	576.30320	2	48.5509	1
1151.49250	576.75350	2	52.4492	2
1151.60880	576.81165	2	74.4263	2
1151.65155	576.83305	2	69.0745	2
1151.72855	576.87155	2	76.2222	2
1152.52155	577.26805	2	78.0033	2
1152.52960	577.27205	2	54.0776	2
1152.53010	577.27235	2	31.9227	2
1152.54220	577.27840	2	92.3620	1
1152.54865	577.28160	2	61.0371	2
1152.55250	577.28350	2	37.9721	2
1152.58510	577.29985	2	58.6574	2
1152.58555	577.30005	2	51.8967	2
1153.51760	577.76610	2	67.1904	2
1154.57200	578.29330	2	63.7189	1
1154.62070	578.31760	2	59.6111	2
1154.63030	578.32245	2	45.3895	2
1155.55620	578.78535	2	68.4822	2
1155.56355	578.78905	2	35.9831	2
1155.58215	578.79835	2	88.7013	2
1155.61495	578.81475	2	51.6333	2
1155.62705	578.82080	2	52.5837	2
1155.65030	578.83240	2	49.4140	2
1156.51890	579.26670	2	56.2548	2
1156.51890	579.26675	2	45.2753	2
1156.52095	579.26775	2	30.3248	2
1156.59235	579.30345	2	85.8785	2
1156.60405	579.30930	2	67.4182	2
1157.59225	579.80340	2	58.9380	2
1157.59425	579.80440	2	52.9024	2
1158.59940	580.30695	2	42.1703	2
1158.62525	580.31990	2	46.0925	2
1158.62575	580.32015	2	48.2364	2
1159.57000	580.79230	2	64.1667	1
1159.57225	580.79340	2	64.7305	2
1159.57415	580.79435	2	35.3163	2
1159.58030	580.79740	2	46.2812	2
1159.59475	580.80465	2	41.9545	2
1159.61895	580.81675	2	40.9989	2
1159.63915	580.82685	2	80.6130	2
1159.68190	580.84820	2	50.4372	2
1160.56530	581.28990	2	38.4063	3
1160.58605	581.30030	2	67.3059	2
1160.58635	581.30045	2	50.1085	2
1160.59290	581.30370	2	73.5377	2
1160.59755	581.30605	2	54.8054	2
1160.61505	581.31480	2	37.6397	2
1160.64030	581.32740	2	33.7142	1
1161.59900	581.80680	2	46.4034	3
1161.60385	581.80920	2	56.0957	2
1161.61500	581.81480	2	53.7674	2
1161.66135	581.83795	2	96.3259	2
1162.58130	582.29790	2	66.0082	1
1162.59170	582.30310	2	63.9001	1
1162.59965	582.30710	2	72.3004	2
1163.57620	582.79535	2	66.2590	2
1163.60845	582.81150	2	67.8598	2
1164.56830	583.29145	2	33.2508	2
1164.60265	583.30860	2	55.5316	2
1164.72315	583.36885	2	71.0084	2
1165.46120	583.73790	2	36.4373	2
1165.57760	583.79605	2	73.1654	2
1165.59890	583.80670	2	47.2765	2
1165.63390	583.82420	2	65.2474	1
1166.54040	584.27750	2	47.4645	1
1167.59225	584.80340	2	76.5690	2
1167.61765	584.81610	2	85.3552	2
1168.63260	585.32360	2	78.7172	1
1168.64580	585.33020	2	49.8739	2
1168.68160	585.34805	2	59.0551	2
1168.68185	585.34820	2	70.3890	2
1168.74390	585.37925	2	80.0807	2
1169.57150	585.79305	2	54.8958	2
1170.51990	586.26720	2	51.0151	1
1170.63200	586.32325	2	47.7252	2
1170.66055	586.33755	2	71.0357	2
1170.66090	586.33775	2	67.3691	2
1171.57690	586.79575	2	65.8661	2
1171.62015	586.81735	2	50.7230	2
1171.62495	586.81975	2	56.9462	2
1171.70040	586.85750	2	55.5692	2
1172.61890	587.31670	2	71.8604	2
1172.62500	587.31975	2	74.2755	2
1172.63050	587.32250	2	66.6080	2
1172.64285	587.32870	2	71.4661	2
1173.10730	587.56095	2	41.5344	4
1173.58930	587.80190	2	47.1349	2
1173.61385	587.81420	2	85.6511	2
1174.06655	588.04055	2	34.7518	4
1174.51090	588.26270	2	44.1104	2
1174.54650	588.28050	2	33.3678	1
1174.56140	588.28795	2	54.7846	2
1174.60805	588.31130	2	41.8911	2
1175.57300	588.79380	2	61.1527	2
1175.58675	588.80065	2	69.4130	2
1175.61895	588.81675	2	42.5644	2
1175.65560	588.83510	2	59.5710	2
1176.58035	589.29745	2	53.3568	2
1177.61830	589.81640	2	54.0120	1
1177.63395	589.82425	2	66.8762	2
1177.66030	589.83745	2	90.7521	2
1177.66175	589.83815	2	85.3307	2
1178.51740	590.26600	2	39.2349	2
1178.57105	590.29280	2	30.8410	2
1179.54420	590.77940	2	43.0143	1
1179.61350	590.81400	2	51.2629	1
1180.59895	591.30675	2	65.0930	2
1180.70750	591.36105	2	86.1759	2
1181.57580	591.79520	2	47.2646	1
1181.65270	591.83365	2	55.4143	2
1182.54120	592.27785	2	75.4624	2
1182.60445	592.30950	2	71.8411	2
1182.62585	592.32020	2	72.9108	2
1182.66595	592.34025	2	59.1708	2
1182.67985	592.34720	2	79.1351	2
1184.60460	593.30960	2	50.7656	1
1184.61995	593.31725	2	76.7068	2
1184.67570	593.34510	2	57.7253	1
1184.67715	593.34585	2	70.7011	2
1185.57485	593.79470	2	86.6182	2
1185.63945	593.82700	2	79.7262	2
1185.65100	593.83280	2	64.6659	1
1186.54380	594.27920	2	45.7433	2
1186.65540	594.33500	2	47.5885	2
1187.58920	594.80185	2	50.1217	2
1187.62195	594.81825	2	77.8197	2
1187.70270	594.85865	2	88.5688	2
1187.70300	594.85875	2	81.0592	2
1188.54130	595.27790	2	52.0851	1
1188.58910	595.30180	2	42.9041	2
1188.60000	595.30725	2	46.7130	2
1188.61555	595.31505	2	50.8729	2
1189.54165	595.77810	2	78.9655	2
1189.63905	595.82680	2	52.6126	2
1189.64585	595.83020	2	70.4734	2
1189.67155	595.84305	2	74.7454	2
1190.56105	596.28780	2	55.7931	2
1190.60110	596.30780	2	64.7358	2
1191.66530	596.83995	2	82.8710	2
1192.52855	597.27155	2	46.9207	2
1192.59770	597.30610	2	56.5757	1
1192.61560	597.31505	2	66.9431	2
1192.66150	597.33800	2	87.5081	2
1193.61590	597.81520	2	39.2959	2
1193.63325	597.82390	2	68.2262	2
1193.67145	597.84300	2	90.5289	2
1194.51180	598.26320	2	32.1295	2
1194.61355	598.31405	2	67.7893	2
1194.61560	598.31510	2	73.1856	1
1195.60830	598.81145	2	60.9910	2
1196.55015	599.28235	2	45.7336	2
1196.57245	599.29350	2	36.3663	2
1196.65185	599.33320	2	49.3588	2
1197.54500	599.77980	2	78.3799	2
1197.57045	599.79250	2	52.7782	2
1197.57500	400.19895	3	36.5709	2
1197.62600	599.82030	2	60.3025	2
1197.69855	599.85655	2	75.6055	2
1198.61980	400.54720	3	52.6753	2
1198.65555	400.55910	3	41.3718	2
1198.65650	600.33550	2	41.4346	2
1199.54630	600.78040	2	55.2967	2
1199.54675	600.78065	2	49.8846	2
1199.67225	600.84340	2	90.5613	2
1199.71305	600.86380	2	78.8800	2
1200.62050	401.21410	3	42.7398	2
1200.62255	601.31855	2	59.4864	2
1200.62415	601.31935	2	42.7371	2
1200.64745	601.33100	2	52.6049	2
1200.65055	601.33255	2	79.9560	2
1201.09085	601.55270	2	43.0023	4
1201.59910	601.80680	2	66.4291	1
1201.61950	601.81700	2	75.1739	2
1201.62990	401.55060	3	37.1383	2
1201.63065	601.82260	2	37.4470	2
1201.66860	601.84160	2	47.1730	1
1201.66860	601.84160	2	57.3224	2
1202.58895	602.30175	2	40.8904	2
1202.58950	602.30200	2	39.7006	1
1202.59295	602.30375	2	52.0079	2
1202.60430	602.30945	2	48.9124	2
1202.60465	401.87545	3	48.8418	2
1202.64125	401.88770	3	39.8873	2
1202.64350	602.32900	2	39.8579	2
1202.65090	602.33275	2	65.2893	2
1202.69270	602.35360	2	70.1903	1
1203.59915	602.80685	2	42.0400	2
1203.61715	602.81585	2	58.3827	2
1203.67185	602.84320	2	52.1739	2
1204.48260	603.24855	2	42.8247	2
1204.58390	603.29920	2	53.1692	2
1204.60825	603.31140	2	57.6250	2
1204.60860	603.31160	2	93.4393	1
1204.61315	603.31385	2	80.3271	2
1204.65685	402.55955	3	48.4633	2
1204.65715	603.33585	2	48.4758	2
1205.56160	603.78810	2	61.1843	1
1205.56480	603.78970	2	60.1325	1
1205.56540	402.86240	3	60.1405	2
1205.62900	603.82175	2	56.9743	2
1205.63995	603.82725	2	54.9303	2
1205.71340	402.91170	3	65.7239	2
1205.71355	603.86405	2	65.8242	2
1206.59515	604.30485	2	61.5413	2
1206.60740	604.31095	2	73.2138	2
1206.62510	604.31980	2	64.8375	1
1207.57030	604.79240	2	44.3000	1
1207.57210	604.79330	2	62.9585	1
1207.57225	604.79340	2	64.0205	2
1207.57450	604.79450	2	44.2484	1
1207.62180	604.81820	2	55.8451	1
1207.62445	604.81950	2	72.9078	2
1207.65780	604.83620	2	88.9989	1
1207.67140	604.84295	2	84.9671	2
1207.76570	604.89010	2	81.2877	2
1208.59495	605.30475	2	83.2826	2
1208.60435	605.30945	2	68.6450	2
1209.58795	605.80125	2	48.3773	2
1210.58445	606.29950	2	77.3522	2
1210.59895	606.30675	2	63.5243	2
1210.61395	404.54525	3	63.4353	2
1210.74045	606.37750	2	71.2228	2
1211.61900	606.81675	2	78.5677	2
1211.62575	404.88250	3	36.5251	2
1211.65100	404.89095	3	49.0415	2
1211.65130	606.83290	2	49.0777	2
1212.50070	607.25760	2	38.6969	2
1212.53215	405.18465	3	52.1208	2
1212.54150	607.27800	2	57.3150	1
1212.56750	405.19645	3	29.5176	2
1213.64630	405.55605	3	54.3059	2
1213.66675	607.84065	2	48.5877	2
1213.67030	607.84240	2	82.3777	1
1213.67090	405.56425	3	82.3884	2
1214.59890	608.30675	2	63.9073	2
1214.70270	608.35865	2	63.4406	2
1215.59845	608.80650	2	50.6586	2
1215.64645	608.83050	2	60.7146	2
1215.65130	608.83295	2	83.2560	2
1215.68180	406.23450	3	35.7589	2
1215.68315	608.84885	2	35.7907	2
1216.57550	609.29500	2	49.2935	2
1216.57630	609.29545	2	39.9992	2
1216.62450	609.31950	2	55.7390	2
1216.65725	609.33590	2	70.2371	2
1216.72435	609.36945	2	86.2768	2
1217.56220	609.78835	2	70.5760	2
1217.60850	609.81150	2	58.2064	2
1217.67700	406.89960	3	68.8156	2
1218.66430	610.33945	2	83.7723	2
1219.61130	610.81290	2	50.0207	2
1220.64195	611.32825	2	78.6908	2
1221.13335	611.57395	2	50.6489	4
1221.59690	611.80570	2	59.3248	1
1221.60980	408.21050	3	32.1271	2
1221.61055	611.81255	2	32.1906	2
1221.61500	611.81480	2	65.8959	1
1221.63645	611.82550	2	57.1896	2
1222.57060	408.53080	3	31.6954	1
1222.61945	612.31700	2	57.1348	2
1223.22040	612.61745	2	79.4174	4
1223.54170	612.77810	2	47.0667	2
1223.62575	612.82015	2	36.9664	2
1223.65210	408.89130	3	47.9881	2
1224.62425	613.31940	2	68.8319	2
1224.62795	409.21660	3	54.7155	2
1224.62795	613.32125	2	54.6556	2
1224.65675	409.22615	3	37.7541	2
1224.65820	613.33640	2	38.0357	2
1224.68265	613.34860	2	44.1366	2
1225.59840	613.80645	2	63.4055	2
1225.67060	613.84260	2	69.6438	2
1226.70730	614.36095	2	81.8593	2
1227.65770	614.83610	2	59.2655	2
1227.66180	614.83815	2	70.6313	2
1227.68240	410.23470	3	50.3115	1
1227.68295	614.84875	2	65.0878	2
1228.16340	615.08895	2	69.3429	4
1228.68810	615.35130	2	64.3701	1
1228.73950	615.37705	2	83.2237	2
1229.55760	615.78605	2	42.2765	2
1229.61155	615.81305	2	79.2304	2
1229.61945	615.81700	2	50.2296	2
1229.64995	615.83225	2	48.1822	2
1229.65110	615.83280	2	65.9259	1
1229.65140	410.89110	3	48.1061	1
1229.73795	410.91995	3	59.5160	2
1230.55930	411.19370	3	33.8258	1
1230.58380	616.29920	2	42.3862	2
1230.58825	411.20335	3	36.2483	2
1230.58945	616.30200	2	60.3976	2
1230.62200	616.31830	2	49.1932	2
1230.64030	616.32740	2	79.4726	2
1230.65635	616.33545	2	42.1970	2
1230.65700	411.22630	3	31.8153	1
1230.66140	616.33800	2	83.0041	2
1231.58715	616.80085	2	37.4835	2
1231.62375	616.81915	2	55.6449	2
1231.62490	616.81970	2	88.2683	2
1231.65685	616.83570	2	61.0978	2
1231.69200	411.57130	3	58.6910	2
1232.57115	617.29285	2	34.7902	2
1233.60520	412.20900	3	80.5140	1
1233.60915	617.81185	2	50.6424	2
1233.61075	617.81265	2	62.6326	2
1233.62125	617.81790	2	44.5931	2
1233.66130	617.83795	2	57.8403	2
1234.56870	412.53015	3	41.3818	2
1234.59990	618.30720	2	36.6162	1
1234.61080	412.54420	3	56.8606	2
1234.65380	618.33420	2	64.6645	2
1235.60660	412.87610	3	40.9220	1
1235.60725	618.81090	2	40.9390	2
1235.64880	618.83170	2	49.6225	2
1235.65070	412.89080	3	49.5532	2
1235.66880	412.89685	3	58.8058	2
1235.66950	618.84205	2	58.8681	2
1235.69885	412.90685	3	53.5666	2
1236.56245	619.28850	2	48.5281	2
1236.67200	619.34330	2	73.9993	1
1237.61395	413.54525	3	45.7536	2
1237.63450	413.55210	3	38.7538	2
1237.63510	619.82480	2	38.8158	2
1237.64655	619.83055	2	64.7519	2
1237.74025	619.87740	2	68.1985	2
1239.59245	620.80350	2	59.2048	2
1239.59575	414.20585	3	36.9135	2
1239.62170	620.81815	2	62.8558	2
1239.68290	620.84870	2	75.7649	2
1239.71900	620.86675	2	74.5605	2
1240.15935	621.08695	2	49.0149	4
1240.58830	414.53670	3	37.3293	2
1240.59035	621.30245	2	66.8526	2
1240.68050	621.34750	2	76.0900	2
1240.70435	621.35945	2	91.5232	2
1241.59360	621.80410	2	71.5281	2
1241.61885	621.81670	2	83.8682	2
1241.67330	414.89840	3	44.0326	1
1241.67350	621.84405	2	44.0283	2
1241.67700	414.89960	3	69.0107	1
1241.77455	621.89455	2	78.1247	2
1241.77515	414.93230	3	78.0626	2
1242.63695	622.32575	2	44.8152	2
1242.63700	415.21960	3	44.7520	2
1242.64615	622.33035	2	55.4829	2
1243.58810	622.80130	2	65.5371	1
1244.54185	623.27820	2	52.8970	2
1244.56750	623.29100	2	46.9769	2
1244.61045	415.87740	3	34.8306	2
1244.63340	623.32395	2	66.6767	2
1244.67230	415.89805	3	37.7270	2
1245.62030	623.81745	2	47.7872	2
1245.62180	416.21455	3	47.6951	2
1245.65100	623.83280	2	82.1957	2
1245.66005	623.83730	2	43.7691	2
1245.67145	416.23105	3	55.3332	2
1245.67465	623.84460	2	43.0547	2
1246.64960	416.55715	3	67.6310	2
1246.69195	624.35325	2	72.7819	2
1248.61720	625.31590	2	88.4916	1
1248.66300	625.33880	2	79.3082	3
1248.67180	625.34320	2	63.6064	1
1248.67225	625.34340	2	61.3159	2
1249.59245	625.80350	2	50.2563	2
1249.63085	625.82270	2	57.8167	2
1249.65355	625.83405	2	64.3148	2
1249.65625	625.83540	2	83.3148	2
1250.72895	626.37175	2	88.1562	2
1251.66115	626.83785	2	75.2072	2
1251.66490	418.22890	3	49.9431	2
1252.74080	627.37770	2	79.4436	2
1252.74980	418.59050	3	66.2735	1
1252.77390	627.39420	2	91.9994	1
1253.55940	627.78700	2	66.6190	2
1253.63055	418.88410	3	33.0770	2
1253.63090	627.82270	2	33.2312	1
1254.59955	628.30705	2	80.6413	2
1254.72980	628.37215	2	40.8553	2
1254.72990	628.37220	2	69.6024	2
1254.73035	419.25070	3	40.8246	2
1254.73465	419.25215	3	52.5516	2
1255.58430	628.79945	2	43.5124	2
1255.62775	628.82115	2	70.2269	2
1255.65590	628.83520	2	53.9325	1
1255.65710	419.55965	3	53.8823	2
1255.66820	628.84135	2	74.2402	2
1255.67815	628.84635	2	51.0882	2
1255.70210	628.85830	2	69.4264	2
1255.71325	419.57835	3	65.7077	2
1256.61165	629.31310	2	50.3178	2
1256.62680	629.32070	2	89.7120	1
1256.67320	629.34385	2	55.7033	2
1256.69755	629.35605	2	47.5837	2
1256.69825	419.90670	3	47.6069	2
1256.70635	629.36045	2	97.4996	2
1257.64760	629.83110	2	42.8697	1
1257.64820	420.22330	3	42.8343	1
1258.59975	630.30715	2	81.2181	2
1258.67130	630.34290	2	56.1531	2
1258.67680	630.34565	2	67.5097	2
1258.68860	630.35155	2	52.3753	2
1258.76300	630.38880	2	87.3381	2
1259.63335	630.82395	2	75.4818	2
1259.63655	630.82555	2	58.2678	2
1259.66010	630.83730	2	58.8760	2
1260.57795	631.29625	2	36.8774	2
1260.58850	631.30150	2	42.7267	2
1260.60410	631.30930	2	45.8354	1
1260.67240	631.34350	2	57.1689	2
1261.57855	631.79655	2	50.8040	2
1261.62225	421.54805	3	40.8251	2
1261.67120	421.56435	3	38.4826	2
1261.74365	631.87910	2	95.8860	2
1263.62005	632.81730	2	33.9491	2
1263.62145	422.21440	3	33.8836	2
1263.62990	632.82225	2	56.8319	2
1263.67225	632.84340	2	89.0286	2
1263.68415	632.84935	2	66.9376	2
1264.64880	633.33170	2	61.3447	1
1264.64900	633.33180	2	73.9882	1
1264.64940	422.55705	3	61.3544	2
1264.77430	633.39440	2	93.4936	1
1265.61115	422.87765	3	31.6089	2
1265.68870	633.85165	2	51.6612	2
1266.52140	634.26800	2	34.9642	1
1266.56300	634.28880	2	45.9508	2
1266.59990	634.30725	2	60.2148	2
1266.61110	423.21100	3	62.6078	1
1266.62035	423.21405	3	38.3857	2
1266.62110	634.31785	2	38.4013	2
1266.62895	634.32175	2	71.3059	2
1267.64850	634.83155	2	82.1850	2
1267.68815	634.85135	2	49.4399	2
1268.61475	423.87885	3	53.3317	2
1268.66305	423.89495	3	50.8323	2
1268.66310	635.33885	2	50.8954	2
1268.69815	635.35635	2	69.8208	2
1269.62405	635.81930	2	80.5869	2
1269.62775	635.82115	2	63.5625	2
1269.65810	635.83630	2	46.9596	3
1269.65845	424.22675	3	46.9210	2
1269.67140	424.23110	3	64.8429	1
1269.70375	635.85915	2	63.0848	2
1269.73000	635.87225	2	78.2889	2
1270.65295	636.33375	2	43.5992	2
1270.69925	424.57370	3	62.2080	2
1270.69980	636.35720	2	62.2278	1
1270.72925	636.37190	2	92.4006	2
1271.56540	424.86240	3	77.7244	2
1271.68870	424.90350	3	60.3050	2
1271.69080	636.85270	2	64.3362	1
1271.76105	636.88780	2	82.3127	2
1272.60140	425.20770	3	57.6685	1
1272.69375	637.35415	2	64.5845	2
1273.63515	637.82485	2	73.7040	2
1273.65535	637.83495	2	66.7540	2
1273.66800	637.84125	2	65.2010	2
1273.67865	637.84660	2	86.4944	2
1273.72180	637.86820	2	70.3782	2
1274.62905	425.88360	3	45.9277	2
1274.64420	638.32935	2	84.8603	2
1274.65260	638.33355	2	76.9611	2
1274.76035	638.38745	2	79.1041	2
1275.54095	638.77775	2	45.0990	2
1275.57380	638.79420	2	60.7822	2
1275.69310	426.23830	3	62.9587	2
1276.61690	639.31575	2	80.0956	4
1276.63410	639.32435	2	77.3123	2
1276.65290	639.33370	2	90.2174	2
1276.66650	639.34050	2	58.4699	1
1276.67385	639.34420	2	86.2060	2
1276.70295	639.35875	2	78.6037	2
1276.70370	639.35915	2	72.2153	2
1277.63680	639.82570	2	62.2741	3
1277.67440	639.84445	2	68.9551	2
1277.68770	639.85110	2	75.9710	2
1278.65140	640.33295	2	85.0931	2
1278.68250	427.23480	3	42.8945	1
1279.62380	640.81920	2	63.8115	1
1279.69690	427.57290	3	54.2255	2
1279.75095	640.88275	2	74.9976	2
1280.57830	641.29640	2	81.0352	2
1280.74025	641.37740	2	88.2167	2
1281.55825	641.78640	2	40.0852	2
1281.61125	641.81290	2	36.9213	2
1281.65670	428.22620	3	50.2816	1
1281.70360	428.24180	3	41.8921	1
1282.57390	642.29420	2	71.8057	2
1282.58620	642.30035	2	61.7686	2
1283.61570	642.81510	2	70.5707	2
1283.65085	642.83270	2	65.6652	2
1283.65985	642.83720	2	85.7782	2
1283.70740	428.90970	3	44.4690	1
1284.61440	429.21210	3	40.6416	1
1284.62530	643.31990	2	91.3875	2
1284.69350	643.35405	2	77.8829	2
1284.70365	429.24180	3	43.2305	2
1284.70375	643.35915	2	69.1919	2
1284.72830	643.37140	2	83.8917	2
1285.66310	643.83880	2	43.6017	2
1285.72530	429.58235	3	46.1447	2
1286.63870	644.32665	2	68.8980	2
1286.64500	429.88895	3	68.8625	2
1286.68350	644.34905	2	85.5607	2
1286.69965	644.35710	2	68.3202	2
1286.78580	644.40015	2	86.4891	2
1287.63055	644.82255	2	85.0288	2
1287.68365	644.84910	2	73.8287	2
1288.59015	645.30235	2	44.8390	2
1288.60570	645.31010	2	63.8529	2
1288.64920	430.55700	3	40.9327	1
1288.66315	645.33885	2	46.1779	2
1288.68720	645.35085	2	67.3059	2
1288.72185	645.36820	2	84.3765	2
1289.58920	645.80190	2	37.1228	1
1289.59360	430.87180	3	37.0689	2
1289.62700	645.82080	2	62.7896	2
1289.63060	645.82260	2	89.1979	2
1289.64730	645.83090	2	49.5288	2
1290.54485	431.18885	3	33.1453	2
1290.55080	646.28265	2	33.2427	2
1290.56990	646.29220	2	39.9681	2
1290.65715	646.33585	2	54.9921	2
1291.57840	646.79650	2	44.9969	2
1291.60630	646.81045	2	51.3623	2
1291.66745	646.84100	2	60.3414	2
1292.66170	647.33810	2	62.3178	1
1293.62470	647.81965	2	55.7669	2
1294.16270	432.39480	3	62.3149	4
1294.62280	648.31865	2	68.4957	2
1294.73335	648.37395	2	83.1522	2
1294.79710	432.60630	3	68.0073	2
1295.72545	648.87000	2	76.2252	2
1295.74605	648.88030	2	64.7332	2
1295.75630	432.92605	3	60.7520	2
1296.57460	649.29460	2	72.8438	1
1296.67970	649.34715	2	59.9919	2
1296.70460	649.35960	2	69.1547	1
1296.73985	433.25385	3	45.0727	2
1297.23275	649.62365	2	45.8186	4
1297.59205	433.53795	3	57.6830	2
1297.73620	649.87540	2	65.7604	2
1297.76010	433.59395	3	63.7679	2
1298.59430	650.30445	2	38.6271	2
1298.59440	433.87205	3	38.5744	2
1298.60950	433.87710	3	38.4572	2
1298.69400	650.35430	2	48.3219	2
1299.56990	650.79225	2	37.2616	2
1299.62925	650.82190	2	74.8064	2
1299.67910	650.84680	2	41.6907	1
1299.69395	650.85425	2	80.1451	2
1299.70340	650.85895	2	58.4748	2
1299.71680	650.86570	2	58.0974	1
1300.62440	651.31950	2	86.5915	2
1300.70325	651.35890	2	63.4947	2
1300.73975	651.37715	2	76.0705	2
1300.77560	651.39510	2	85.6405	1
1301.61005	651.81230	2	43.0628	2
1301.63645	434.88610	3	41.5167	2
1301.63710	651.82585	2	41.5542	2
1302.65985	652.33720	2	67.1127	2
1302.72915	652.37185	2	75.4208	2
1303.51445	652.76450	2	65.8136	2
1303.60635	652.81045	2	61.0915	2
1304.61040	653.31245	2	43.4081	2
1304.73440	653.37445	2	79.4148	2
1305.61665	436.21280	3	32.6547	2
1305.62505	653.81980	2	51.6054	2
1305.63525	436.21900	3	62.0662	2
1305.66075	653.83765	2	69.2822	2
1305.67695	653.84575	2	61.9554	2
1305.70450	653.85950	2	73.9672	2
1306.58325	436.53505	3	41.2082	2
1306.65255	436.55810	3	40.7401	2
1306.67105	654.34280	2	32.6559	2
1306.67420	654.34440	2	76.3371	2
1307.66150	654.83800	2	61.8272	2
1308.65820	655.33640	2	63.5667	3
1308.72100	655.36775	2	87.5027	2
1308.72150	437.24775	3	87.5926	2
1308.74220	655.37840	2	60.6906	2
1308.77780	655.39615	2	73.3333	2
1309.65330	655.83395	2	64.0783	2
1309.66430	437.56205	3	72.3667	2
1310.12275	656.06865	2	68.7774	4
1310.56080	656.28770	2	37.5773	2
1310.64900	437.89030	3	48.5877	2
1310.68025	656.34740	2	81.1617	2
1310.70095	437.90760	3	46.6931	2
1311.57175	656.79315	2	60.1711	2
1311.58305	656.79880	2	50.7839	2
1311.71750	656.86600	2	42.6409	1
1311.76640	656.89045	2	85.0569	2
1313.61290	657.81375	2	63.7010	2
1313.69245	438.90475	3	53.0797	2
1313.69565	657.85510	2	53.1324	2
1313.70175	657.85815	2	87.7749	2
1313.71980	438.91390	3	62.5844	2
1313.72075	657.86765	2	85.6619	2
1313.74485	438.92220	3	54.6299	2
1314.65750	658.33600	2	50.6310	1
1314.69770	658.35610	2	49.1542	2
1314.69840	658.35650	2	63.4905	1
1314.70070	439.24085	3	49.1237	2
1315.56345	439.52840	3	46.8704	2
1315.60910	439.54360	3	46.8003	1
1315.65870	658.83660	2	73.2500	2
1315.68030	658.84745	2	60.7223	2
1315.69950	658.85700	2	73.7770	1
1315.71100	658.86280	2	65.4311	2
1315.77055	439.59745	3	63.8529	2
1316.56520	659.28990	2	56.1171	1
1316.64730	659.33090	2	83.6011	1
1316.67585	439.89920	3	64.9711	2
1316.73405	659.37430	2	97.1329	2
1316.73445	659.37450	2	68.9252	2
1317.60980	440.21055	3	53.6275	2
1317.64265	659.82860	2	43.4828	2
1317.74840	440.25670	3	76.1811	1
1318.66500	660.33975	2	79.6384	2
1319.63430	660.82440	2	54.1594	1
1319.66080	660.83770	2	88.2956	1
1319.66360	440.89515	3	54.8411	2
1319.69115	660.85285	2	82.3181	2
1319.71010	440.91060	3	65.0246	2
1320.59650	661.30555	2	72.7930	2
1320.60970	661.31210	2	56.5219	1
1320.62150	661.31800	2	71.3358	1
1320.62470	661.31965	2	41.9648	2
1320.63485	441.21890	3	52.0841	2
1320.68415	661.34935	2	74.9014	2
1321.76460	441.59545	3	81.6612	2
1321.76530	661.88990	2	81.7318	2
1322.66725	662.34090	2	89.7505	2
1322.67175	662.34315	2	64.9446	2
1322.70370	662.35910	2	38.6529	1
1322.70650	441.90940	3	38.4853	2
1322.72750	662.37100	2	73.3854	1
1323.71970	442.24720	3	72.1571	1
1324.69230	663.35340	2	78.6935	2
1324.73485	663.37470	2	63.9425	2
1324.78330	442.60170	3	66.1236	1
1325.74850	663.88150	2	83.9774	1
1326.62120	664.31790	2	61.4076	2
1326.68965	443.23715	3	32.8960	2
1326.69020	664.35240	2	32.8741	2
1327.65360	443.55845	3	57.9266	2
1328.74540	443.92240	3	43.2250	2
1328.75315	665.38385	2	72.3132	2
1328.75365	443.92515	3	72.1965	2
1329.65390	665.83425	2	44.4543	2
1329.69445	444.23875	3	66.7678	2
1329.69450	665.85450	2	77.7814	1
1329.76730	665.89095	2	81.8253	2
1330.71460	666.36455	2	62.3240	2
1330.78235	666.39845	2	86.7800	2
1331.67665	666.84560	2	75.1877	2
1331.70850	666.86150	2	64.3133	1
1331.70955	666.86205	2	81.4679	2
1331.72800	666.87125	2	93.4550	2
1331.74560	666.88010	2	83.0569	2
1331.76645	444.92945	3	46.6331	2
1331.76670	666.89060	2	46.5812	2
1332.61180	445.21120	3	62.2893	1
1332.64650	667.33055	2	48.3826	2
1332.70430	667.35945	2	83.6034	2
1333.57235	445.53140	3	55.5975	2
1333.59370	667.80415	2	44.3730	2
1334.66290	445.89490	3	47.1507	2
1334.71865	668.36660	2	54.6896	2
1334.71895	445.91355	3	54.7113	2
1334.72460	668.36960	2	77.3176	2
1335.59540	668.80495	2	52.8459	2
1335.63855	668.82655	2	72.6013	2
1335.64335	668.82895	2	60.5972	2
1336.74695	446.58955	3	44.2468	2
1336.74835	669.38145	2	44.2256	2
1336.80810	669.41130	2	80.8616	2
1337.57340	669.79400	2	40.3639	1
1338.61320	670.31385	2	61.6557	2
1338.66805	670.34130	2	63.8721	2
1338.71955	670.36705	2	73.3625	2
1339.65260	670.83355	2	65.3526	2
1339.73110	670.87280	2	82.3934	1
1339.74540	447.58910	3	56.5678	2
1339.75355	670.88405	2	82.5428	2
1339.77160	670.89310	2	95.0541	2
1339.77230	447.59800	3	95.2534	1
1340.59945	671.30700	2	50.0870	2
1340.72930	671.37195	2	62.7943	2
1341.19750	671.60605	2	45.9657	4
1341.62210	671.81830	2	75.8968	1
1341.69970	448.24050	3	47.2250	1
1342.65095	448.55760	3	55.1138	2
1342.65105	448.55765	3	39.1454	2
1342.69190	672.35320	2	71.2862	2
1342.70995	448.57725	3	57.3172	2
1342.71085	672.36270	2	63.4947	2
1342.73590	672.37520	2	81.8226	2
1343.76655	448.92945	3	55.4459	2
1343.76715	672.89085	2	55.4750	2
1344.68200	673.34830	2	54.2998	1
1344.71475	673.36465	2	66.8286	2
1344.72945	449.25040	3	73.0300	2
1344.74025	673.37740	2	84.3421	2
1344.74370	449.25520	3	82.8865	1
1344.74755	449.25645	3	68.8707	2
1345.62280	449.54820	3	35.0448	1
1345.62550	673.82000	2	35.1136	1
1345.66330	673.83890	2	59.5038	1
1346.57770	674.29610	2	41.2607	2
1346.59960	449.87380	3	53.8415	1
1346.67480	674.34470	2	73.8845	2
1346.68330	674.34895	2	78.8911	2
1346.71925	449.91365	3	71.9561	2
1346.76720	674.39085	2	69.5810	2
1346.76750	449.92975	3	69.5199	2
1347.66930	674.84195	2	89.1871	2
1347.72220	674.86840	2	85.8382	1
1347.74645	450.25605	3	64.4329	2
1347.74745	674.88100	2	64.5517	2
1349.58940	675.80200	2	34.4432	3
1349.62880	450.88355	3	51.9807	2
1349.68375	675.84915	2	70.3202	2
1349.68650	675.85050	2	61.7380	1
1350.60880	676.31170	2	41.1502	2
1350.64335	676.32895	2	76.8480	2
1350.68555	451.23580	3	74.4698	2
1350.71580	676.36520	2	74.5605	2
1351.63815	451.55330	3	35.9707	2
1351.63935	676.82695	2	35.9495	2
1351.64105	676.82780	2	61.4722	2
1352.59750	451.87310	3	32.5061	1
1352.72995	451.91725	3	55.9743	2
1352.75610	677.38535	2	68.7873	2
1353.72230	677.86840	2	88.8977	2
1353.72615	677.87035	2	66.3786	2
1354.73100	678.37280	2	90.1654	1
1355.71535	678.86495	2	76.0405	2
1355.71555	678.86505	2	86.3100	2
1355.72010	678.86730	2	88.5131	1
1355.73085	678.87270	2	57.4408	2
1355.77765	452.93315	3	59.9375	2
1355.77960	678.89710	2	82.8424	2
1356.73620	679.37535	2	60.8614	2
1356.74930	453.25700	3	49.3514	2
1356.75025	679.38240	2	49.3887	2
1357.66240	453.56140	3	50.6986	3
1357.66300	679.83880	2	50.7477	2
1357.67240	679.84345	2	32.0440	2
1357.67275	453.56485	3	31.9226	2
1357.70080	453.57420	3	53.7868	2
1357.74595	453.58925	3	59.2289	2
1357.74600	679.88025	2	59.3061	2
1357.75770	453.59320	3	44.9535	1
1358.62950	680.32200	2	60.5092	1
1358.66200	680.33830	2	57.7694	2
1358.66530	680.33990	2	89.6459	1
1358.66845	453.89675	3	46.6306	2
1358.67920	453.90030	3	40.0629	1
1358.67985	680.34720	2	40.1098	2
1358.74030	680.37745	2	83.6033	2
1358.75630	680.38540	2	93.5207	1
1359.68200	680.84825	2	67.8913	2
1359.68805	454.23660	3	39.8474	2
1359.83540	454.28570	3	57.8671	1
1360.58610	454.53595	3	35.5714	2
1360.69945	681.35700	2	76.3791	2
1361.66835	681.84145	2	41.6122	2
1361.67265	681.84360	2	67.6063	2
1361.72045	681.86750	2	69.5864	2
1361.72390	681.86925	2	72.3371	2
1362.59105	682.30280	2	49.2130	2
1362.64475	682.32965	2	54.4769	2
1362.71395	682.36425	2	58.9060	2
1362.72145	682.36800	2	84.2516	2
1363.65745	682.83600	2	63.6481	2
1363.68585	682.85020	2	73.6595	2
1363.69135	455.57105	3	46.0283	2
1363.69400	682.85430	2	46.1237	2
1364.59215	683.30335	2	52.1207	2
1364.63990	683.32720	2	65.1236	2
1364.66630	683.34040	2	45.7958	1
1364.68385	683.34920	2	62.1494	2
1364.71930	683.36695	2	65.4938	2
1364.73500	683.37475	2	70.0222	2
1365.67900	683.84680	2	56.8373	2
1365.68205	456.23460	3	56.7703	2
1366.72020	456.58070	3	49.9548	1
1366.73255	456.58480	3	38.0637	2
1366.75675	456.59285	3	38.1806	2
1367.54630	684.78040	2	34.8847	2
1367.65410	456.89195	3	52.2932	2
1367.67275	456.89815	3	51.1482	2
1367.68765	456.90315	3	52.6627	2
1367.68835	684.85145	2	52.7221	2
1367.71225	684.86340	2	72.4566	2
1367.76790	684.89120	2	84.0681	2
1367.77835	684.89645	2	75.9763	2
1368.64780	457.22320	3	68.3914	1
1368.75205	685.38330	2	75.3244	2
1368.79800	457.27325	3	64.8443	2
1369.67330	457.56505	3	53.0667	2
1369.79340	685.90400	2	55.7379	2
1370.28610	457.76930	3	56.0860	4
1370.72345	686.36900	2	80.0832	2
1370.82160	686.41805	2	95.6627	2
1371.68315	686.84885	2	74.2865	2
1371.73625	458.25270	3	50.2883	2
1371.74580	458.25585	3	55.6161	2
1372.68415	687.34935	2	66.9922	2
1372.71670	458.57950	3	55.3763	1
1373.68980	458.90390	3	39.2879	2
1373.74020	458.92070	3	71.5767	1
1373.74210	687.87830	2	71.4660	2
1373.75225	687.88340	2	57.8272	2
1374.68805	688.35130	2	48.5334	2
1374.68840	459.23675	3	48.4945	2
1374.70860	688.36155	2	74.0447	2
1374.76240	459.26140	3	78.6962	2
1374.76430	688.38940	2	78.7616	2
1374.78855	688.40155	2	84.8656	2
1375.56910	459.53030	3	40.8485	1
1375.71800	688.86630	2	80.1301	1
1376.70885	689.36170	2	90.2120	2
1376.71340	689.36400	2	83.9719	1
1376.71890	689.36670	2	65.8450	2
1376.72880	459.91685	3	50.6083	2
1376.85100	459.95760	3	67.2411	2
1377.67165	689.84310	2	83.7291	2
1377.67840	689.84645	2	76.1547	2
1377.68650	689.85050	2	34.2570	2
1377.68805	460.23660	3	34.1534	2
1377.69200	460.23790	3	89.0043	2
1377.69730	689.85590	2	88.6657	2
1377.74260	689.87860	2	84.7477	3
1378.69925	690.35690	2	60.6342	2
1378.75750	690.38600	2	95.1787	2
1379.68820	460.90330	3	40.7612	1
1379.69590	690.85520	2	49.2868	1
1379.76545	460.92910	3	73.3921	2
1379.76660	690.89055	2	73.4272	2
1379.77160	690.89310	2	80.7146	2
1380.64225	461.22135	3	55.1171	2
1380.79950	691.40705	2	77.1529	2
1381.67475	691.84465	2	66.9703	2
1381.74490	691.87970	2	74.0437	1
1382.65640	692.33545	2	77.0916	2
1382.75995	692.38725	2	78.1861	2
1382.85030	461.95740	3	78.7432	1
1383.54010	692.77730	2	28.6456	2
1383.64590	692.83025	2	53.2268	2
1383.68240	462.23475	3	44.1989	2
1384.64040	462.55410	3	56.1610	2
1384.66315	693.33885	2	56.7695	2
1384.67090	693.34270	2	84.1826	1
1384.73405	462.58525	3	64.7893	2
1384.75600	693.38530	2	84.0220	1
1385.73470	693.87460	2	75.7924	2
1385.75215	693.88335	2	62.8233	2
1386.72440	463.24870	3	66.9012	1
1387.56080	694.78770	2	62.4329	2
1387.63300	694.82380	2	75.7028	2
1387.66700	463.56295	3	48.6099	2
1387.66895	694.84175	2	48.7122	2
1387.68490	694.84970	2	82.9933	1
1387.69460	694.85455	2	57.5068	2
1387.72855	463.58345	3	84.4710	2
1387.73090	694.87275	2	84.5414	2
1387.74675	694.88065	2	66.4868	2
1388.55690	695.28570	2	55.9771	2
1388.70550	695.36005	2	52.8429	2
1389.73430	695.87440	2	88.0087	1
1390.75670	464.59285	3	68.4294	2
1391.56380	464.86190	3	36.5513	1
1391.69320	464.90500	3	61.0899	2
1391.69360	696.85410	2	68.6004	1
1391.69455	696.85455	2	60.9761	2
1391.70430	696.85940	2	53.6329	2
1392.61700	465.21295	3	59.9581	2
1392.66705	697.34080	2	63.7361	2
1392.87015	697.44235	2	84.5712	2
1393.64505	697.82980	2	69.1074	2
1393.65150	697.83300	2	71.5227	2
1393.67830	697.84645	2	70.9774	2
1393.69140	697.85300	2	82.9052	2
1393.70280	697.85870	2	77.8427	2
1393.70320	465.57500	3	56.5246	2
1395.65240	698.83350	2	58.7829	2
1395.71115	466.24430	3	41.2247	2
1395.71210	698.86335	2	41.2342	2
1396.67890	699.34670	2	77.6936	2
1396.80515	699.40985	2	67.0877	2
1397.60255	466.87480	3	47.4662	2
1397.78760	466.93645	3	66.2045	2
1397.79510	699.90480	2	80.0235	2
1398.62680	700.32065	2	53.1060	2
1398.77055	700.39255	2	64.4920	2
1399.66300	700.83880	2	61.6145	1
1399.67350	700.84400	2	71.7087	2
1399.69425	700.85440	2	55.0884	2
1399.69920	467.57370	3	49.0043	1
1401.56925	701.79190	2	43.4010	2
1401.71115	468.24430	3	42.9916	2
1401.71150	701.86300	2	43.0809	2
1401.76365	701.88910	2	81.1338	2
1402.75040	702.38245	2	77.5028	2
1403.63925	702.82690	2	61.2927	2
1403.74110	468.92100	3	69.8960	1
1403.74165	702.87810	2	41.7781	2
1403.74175	702.87815	2	69.7546	2
1403.74185	468.92125	3	41.7189	2
1404.72605	469.24930	3	51.9997	2
1404.72855	703.37155	2	76.1277	2
1404.79795	703.40625	2	68.4875	2
1405.65215	703.83335	2	56.8037	2
1405.68260	469.56810	3	72.2062	3
1406.71705	704.36580	2	74.9360	2
1407.72495	470.24890	3	50.3445	2
1407.78255	470.26810	3	66.8234	2
1407.78390	470.26860	3	60.7999	3
1408.65045	705.33250	2	77.9527	2
1408.66310	705.33880	2	70.9447	2
1408.66800	705.34130	2	40.2644	2
1409.68610	705.85030	2	68.9930	2
1409.74010	470.92060	3	49.7062	2
1410.69970	706.35715	2	56.3093	2
1410.72405	471.24860	3	51.0805	2
1410.77200	706.39330	2	58.3178	1
1410.77320	471.26500	3	58.2574	2
1411.67445	706.84450	2	72.7621	2
1411.71675	471.57955	3	70.5628	2
1411.75170	471.59120	3	69.9438	1
1411.82940	471.61705	3	73.3119	2
1411.82940	706.92195	2	73.2181	2
1412.15150	707.08300	2	49.4263	4
1412.64545	707.33000	2	89.8817	2
1412.73030	471.91740	3	74.0910	1
1412.77465	707.39460	2	51.7173	2
1412.80050	471.94080	3	63.2728	1
1412.81455	707.41455	2	83.4453	2
1412.83930	471.95370	3	67.3931	2
1412.84010	707.42735	2	67.4549	2
1413.67550	707.84500	2	38.6914	2
1413.76630	707.89040	2	62.1188	2
1413.80920	472.27700	3	65.9024	2
1414.72265	708.36860	2	61.2611	2
1414.73105	472.58430	3	48.0044	2
1414.73110	708.37280	2	82.2566	2
1414.73205	708.37330	2	48.0435	2
1415.64770	708.83110	2	93.4614	1
1415.67820	472.90000	3	44.8664	1
1415.68995	708.85225	2	58.4432	2
1415.76170	472.92785	3	41.2925	2
1416.71575	473.24585	3	75.5521	2
1416.72395	473.24860	3	66.0568	2
1416.72550	709.37000	2	65.2328	2
1416.77915	473.26700	3	59.5709	2
1417.66640	709.84045	2	68.8706	2
1417.66830	709.84145	2	56.1243	2
1417.68040	473.56740	3	47.3218	2
1417.68055	709.84755	2	47.3549	2
1417.70990	709.86225	2	74.6842	2
1418.69825	473.90670	3	43.7950	2
1418.70805	710.36130	2	80.9362	2
1418.70880	710.36165	2	58.6308	2
1419.66395	710.83925	2	57.9830	2
1419.69850	474.24010	3	51.9294	3
1419.69975	710.85715	2	51.9698	2
1419.75560	474.25910	3	52.2024	2
1419.81410	710.91430	2	81.6692	2
1420.65065	711.33260	2	47.4362	6
1420.70310	711.35880	2	60.4539	2
1421.67600	474.89925	3	63.2486	2
1421.70570	474.90920	3	59.1402	2
1421.80325	474.94170	3	64.2109	2
1422.59435	712.30445	2	38.1983	2
1422.59515	475.20565	3	38.0918	2
1422.67145	475.23110	3	41.8554	2
1422.68795	712.35125	2	66.1282	2
1422.75250	712.38355	2	79.1967	2
1423.67135	712.84295	2	82.8446	2
1424.63110	713.32280	2	50.0434	1
1424.63170	475.88450	3	49.9789	1
1424.66235	713.33845	2	68.7584	2
1424.72040	713.36750	2	67.4226	2
1424.75170	713.38310	2	59.4983	1
1425.80955	713.91205	2	74.3688	2
1425.81910	476.28030	3	62.9158	2
1427.64270	714.82860	2	46.9579	2
1427.72730	714.87090	2	53.4130	2
1427.80040	714.90745	2	83.3502	2
1428.71110	477.24430	3	46.7410	2
1428.77975	477.26715	3	77.2571	2
1428.78280	715.39870	2	77.3129	1
1429.72500	477.58230	3	44.2429	1
1429.74950	715.88205	2	64.2855	2
1429.75645	477.59275	3	60.7822	2
1429.75770	715.88615	2	60.9281	2
1429.76210	715.88830	2	52.5004	2
1430.73825	477.92000	3	51.4546	2
1430.75420	716.38440	2	91.5987	1
1430.77420	716.39440	2	86.7036	2
1431.78695	478.26960	3	66.2511	2
1431.79970	716.90715	2	80.3928	2
1432.71635	478.57940	3	45.8663	2
1434.74705	718.38080	2	74.1847	2
1435.66305	718.83880	2	39.5910	2
1435.76740	718.89100	2	63.5783	2
1436.69410	479.90530	3	56.3988	2
1436.69500	719.35480	2	56.4717	2
1436.70340	719.35900	2	69.0120	2
1436.76345	479.92840	3	52.5517	2
1436.78760	479.93645	3	62.8762	2
1437.69310	719.85385	2	64.2699	2
1438.58995	480.53725	3	31.6009	2
1438.76970	720.39210	2	82.0022	1
1439.79960	720.90705	2	73.4057	2
1440.67680	481.23290	3	48.5752	1
1440.81980	721.41720	2	79.9842	2
1441.82930	721.92195	2	87.0464	2
1442.65035	722.33245	2	84.6094	2
1442.66925	722.34190	2	52.1555	2
1442.68885	722.35170	2	80.5136	2
1442.72935	481.91705	3	50.3807	2
1443.67340	722.84395	2	44.4300	2
1443.77280	482.26490	3	65.2594	2
1443.81000	722.91230	2	74.3743	2
1443.84620	722.93035	2	80.2011	2
1444.67000	723.34230	2	56.8974	2
1444.67835	723.34645	2	85.6269	2
1444.73160	482.58450	3	51.3836	1
1444.74280	723.37870	2	71.2172	2
1444.77035	482.59740	3	61.4801	2
1444.81305	723.41380	2	88.4585	2
1445.71875	482.91355	3	51.8383	2
1447.20370	724.60915	2	64.1509	4
1447.73160	724.87310	2	68.4207	1
1447.75620	483.59265	3	57.4412	2
1448.71160	725.36305	2	57.5559	2
1448.73850	725.37650	2	77.8121	1
1448.74585	725.38020	2	83.7346	2
1449.67670	725.84565	2	62.9934	2
1449.71520	725.86490	2	74.5973	2
1449.86645	484.29610	3	60.9227	2
1450.72415	726.36935	2	82.4489	2
1450.73740	726.37600	2	90.4650	2
1450.78905	484.60360	3	52.2876	4
1450.81830	484.61340	3	66.2292	2
1451.66420	484.89535	3	49.5612	2
1451.82020	484.94730	3	66.8957	1
1452.75370	727.38410	2	81.9061	1
1452.76870	485.26350	3	58.2318	2
1452.79785	727.40620	2	91.3489	2
1453.76110	727.88785	2	56.9545	2
1454.73100	728.37280	2	79.5803	2
1454.76365	485.92850	3	67.3336	2
1454.87125	485.96435	3	77.5768	2
1454.87190	728.44325	2	77.4410	2
1455.69795	486.23990	3	68.4635	2
1455.70160	728.85810	2	68.5199	2
1455.83795	728.92625	2	81.6301	2
1457.78755	486.93645	3	82.0660	2
1457.78965	729.90210	2	82.0967	2
1458.74580	487.25585	3	77.0356	2
1458.74710	730.38080	2	69.6332	2
1459.70570	730.86010	2	59.1450	2
1459.70935	730.86195	2	68.0354	2
1459.74400	730.87925	2	64.1183	2
1459.84015	487.62065	3	76.2782	2
1459.84110	730.92780	2	76.3172	2
1461.83785	488.28655	3	77.6319	2
1461.84145	731.92800	2	77.7551	2
1462.69390	732.35425	2	65.5763	2
1462.71315	732.36385	2	66.0199	2
1462.76855	732.39155	2	68.5805	2
1462.77910	732.39685	2	61.5722	2
1463.67485	488.89890	3	63.3164	2
1463.70825	488.91000	3	67.0286	2
1463.70910	732.86185	2	66.8351	2
1463.70930	732.86190	2	80.4602	2
1463.74080	488.92090	3	72.6333	2
1463.75365	732.88410	2	72.5175	2
1464.75050	489.25740	3	82.2566	2
1464.78400	489.26860	3	62.9063	2
1464.79395	489.27190	3	66.3155	6
1464.79480	733.40470	2	62.2105	2
1464.79515	733.40485	2	68.2532	2
1465.73515	733.87485	2	87.4370	2
1466.66430	489.89540	3	44.6901	1
1466.73670	734.37560	2	89.2805	1
1466.77405	489.93195	3	44.7565	2
1468.69380	735.35415	2	54.3319	2
1468.79640	735.40550	2	74.8678	1
1468.80640	490.60940	3	57.2371	3
1470.74630	491.25605	3	66.5603	2
1470.74895	491.25690	3	56.7756	2
1470.76600	736.39030	2	74.4911	1
1470.79835	736.40645	2	89.4610	2
1470.82060	736.41760	2	85.4482	1
1470.84730	736.43095	2	83.7429	2
1471.70965	736.86210	2	54.7739	2
1471.74140	736.87800	2	65.6491	2
1471.75755	491.59310	3	67.4742	2
1472.71520	491.91230	3	45.8959	1
1472.73795	737.37625	2	58.1939	2
1472.73815	491.92000	3	58.1027	2
1472.75510	737.38480	2	81.3189	2
1472.77495	491.93225	3	59.9031	2
1473.76100	492.26090	3	71.8980	2
1474.76680	738.39065	2	79.6383	2
1476.69750	739.35600	2	53.2872	1
1476.70975	739.36215	2	65.4938	2
1477.74755	739.88105	2	85.2294	2
1477.76225	739.88840	2	72.7284	2
1478.77735	740.39595	2	81.5175	2
1478.77740	740.39595	2	74.8373	2
1479.87875	740.94665	2	79.8239	2
1480.68860	494.57010	3	37.2000	2
1480.78785	494.60325	3	65.1683	2
1480.83805	494.61995	3	59.3987	2
1481.72560	494.91580	3	62.6378	1
1482.83070	742.42260	2	68.7242	2
1483.71400	495.57860	3	62.1496	2
1483.74595	495.58925	3	30.8604	2
1483.76380	742.88915	2	76.7181	2
1484.80760	743.41105	2	83.7078	2
1484.82090	495.94755	3	75.2963	2
1484.82245	743.41850	2	75.3587	2
1485.68795	743.85125	2	54.5935	2
1485.79490	743.90470	2	83.3449	1
1485.82510	743.91980	2	87.7561	2
1486.72060	496.58080	3	76.2415	2
1486.76615	744.39035	2	71.7371	2
1486.77625	496.59935	3	54.5599	2
1486.78140	744.39800	2	67.6865	2
1486.78210	496.60130	3	67.7489	1
1488.64840	745.33150	2	49.4961	2
1488.74345	497.25510	3	45.5680	2
1488.74410	745.37930	2	45.6263	1
1488.79435	497.27205	3	59.8949	2
1490.21620	497.74600	3	58.4936	2
1490.73190	497.91790	3	58.5744	1
1492.67900	747.34680	2	81.8803	1
1492.71070	747.36260	2	48.4125	2
1492.73830	498.58670	3	76.6096	1
1492.80765	498.60980	3	77.0006	2
1493.64920	498.89035	3	39.9060	2
1493.65140	747.83300	2	39.9594	1
1493.74615	498.92265	3	57.0934	2
1493.74865	747.88160	2	57.0412	2
1495.63375	499.55185	3	42.2550	2
1495.73960	499.58710	3	69.6610	1
1495.84120	748.92790	2	82.1428	1
1495.85425	499.62535	3	82.6162	2
1495.85785	748.93620	2	82.7510	2
1495.87330	499.63170	3	69.9616	2
1496.68620	749.35040	2	85.9421	2
1496.72935	499.91705	3	65.5601	2
1496.76255	749.38855	2	65.3774	2
1496.76310	499.92830	3	57.3277	2
1496.78660	749.40060	2	71.5530	2
1496.82825	749.42140	2	92.4853	2
1498.76045	750.38750	2	75.6390	2
1498.77920	750.39685	2	68.9605	2
1498.84075	750.42765	2	85.5552	2
1499.71525	500.91235	3	56.4291	2
1500.76135	501.26105	3	56.6852	2
1500.79320	501.27165	3	59.8664	2
1500.79435	751.40445	2	59.9242	2
1500.81660	501.27945	3	69.7865	2
1501.71635	751.86545	2	51.7932	2
1501.71720	501.57970	3	51.7357	2
1501.77815	751.89635	2	72.9749	6
1501.81435	751.91445	2	78.3879	2
1502.68035	501.90070	3	38.6713	2
1502.75335	752.38395	2	88.6035	2
1503.71735	752.86595	2	53.9382	2
1504.74930	502.59035	3	54.8589	2
1504.78160	753.39810	2	81.2007	2
1504.79760	753.40605	2	69.7624	2
1504.87790	502.63320	3	80.9686	2
1505.65330	502.89170	3	47.9457	2
1505.72670	502.91615	3	61.8569	2
1505.76620	502.92930	3	63.1285	1
1505.92140	753.96795	2	93.8754	2
1506.79360	754.40410	2	66.8151	2
1506.79430	754.40440	2	61.0283	1
1507.71300	503.57825	3	64.3191	2
1507.73350	503.58510	3	53.3192	1
1508.74155	755.37805	2	87.4697	2
1508.74290	503.92160	3	87.6785	1
1508.75975	503.92720	3	77.6880	2
1508.81280	503.94485	3	49.3773	2
1508.81435	755.41445	2	49.3333	2
1508.90435	503.97540	3	65.3214	2
1509.65885	504.22690	3	47.4997	2
1509.74695	504.25625	3	52.7540	2
1510.71545	504.57910	3	58.5917	2
1510.71585	756.36520	2	58.6226	2
1510.74545	756.38000	2	75.2792	2
1510.75225	504.59135	3	58.2885	2
1511.71560	504.91250	3	43.3513	3
1511.78660	756.90060	2	100.0056	1
1511.85695	756.93575	2	81.2537	2
1512.87795	757.44625	2	85.6882	2
1512.87900	505.30030	3	85.8109	1
1513.69615	757.85535	2	69.3724	2
1513.75060	757.88255	2	78.1947	2
1513.87675	757.94565	2	97.4763	2
1514.72265	505.91480	3	57.3784	2
1514.79870	758.40665	2	92.1674	2
1514.79945	758.40700	2	66.9950	2
1514.80505	505.94225	3	46.2136	2
1514.85655	758.43555	2	90.6516	2
1515.71720	506.24630	3	78.6248	1
1515.71855	758.86655	2	78.4398	2
1515.75345	506.25845	3	34.1477	2
1515.75430	758.88445	2	34.1898	2
1515.75435	758.88445	2	51.3704	2
1515.76165	758.88810	2	89.6981	2
1515.77060	506.26415	3	79.0336	2
1515.82490	758.91970	2	79.7372	2
1516.77885	759.39670	2	74.9727	2
1516.80025	759.40740	2	80.1728	2
1516.80090	506.60760	3	49.4810	1
1516.83285	759.42370	2	80.6801	2
1517.73115	759.87285	2	63.0664	2
1517.73810	759.87635	2	70.4072	2
1517.80860	759.91160	2	77.2945	2
1517.80875	506.94350	3	77.1895	2
1518.79305	760.40380	2	84.7152	2
1518.92475	507.31550	3	63.6397	2
1520.71785	761.36620	2	78.1359	2
1520.73660	761.37560	2	53.7055	2
1521.79540	508.27240	3	45.4435	2
1522.75955	762.38705	2	65.4583	2
1523.86705	508.96295	3	77.6375	2
1523.88175	762.94815	2	90.6920	2
1524.74125	763.37790	2	72.4261	2
1524.75705	509.25960	3	73.0994	2
1525.76700	509.59630	3	64.1852	1
1526.73185	509.91785	3	35.5949	2
1526.73200	764.37330	2	35.7189	1
1526.85840	509.96010	3	64.5185	1
1527.71000	510.24395	3	36.9078	2
1528.80010	765.40735	2	73.0673	2
1528.80760	765.41110	2	70.0954	1
1528.81030	510.61070	3	69.9971	2
1529.66250	510.89475	3	38.6122	2
1529.66420	765.83935	2	39.7892	2
1529.80650	765.91050	2	87.4616	1
1529.84165	510.95450	3	64.7892	2
1529.85745	510.95975	3	80.2067	2
1530.80285	511.27485	3	67.1259	2
1531.69860	511.57345	3	64.9922	2
1531.77430	766.89440	2	66.1877	2
1531.80880	766.91170	2	85.8761	1
1532.77515	767.39485	2	74.4116	2
1532.79720	767.40590	2	72.3692	2
1532.82160	767.41805	2	82.7080	2
1533.72845	767.87150	2	71.7801	2
1533.74280	512.25485	3	36.8244	2
1533.74560	512.25580	3	50.8414	2
1533.74755	767.88105	2	68.6339	2
1533.79890	767.90675	2	73.5826	2
1533.79955	767.90705	2	98.1105	2
1533.80680	767.91070	2	75.8719	3
1535.67125	512.89765	3	38.7588	2
1535.67890	768.84675	2	60.6610	2
1535.78340	512.93510	3	68.9798	2
1537.72060	513.58080	3	80.0436	2
1538.65765	513.89315	3	49.9033	2
1538.82350	770.41900	2	79.1659	2
1540.80720	514.60965	3	63.7545	2
1540.82100	514.61430	3	48.0891	1
1541.78615	514.93600	3	58.6913	2
1541.81635	771.91545	2	69.8974	2
1541.83030	771.92245	2	75.9372	2
1541.83070	514.95080	3	76.0295	2
1541.85205	514.95795	3	58.3303	2
1542.77165	515.26450	3	54.8175	2
1542.79045	772.40250	2	62.0417	2
1542.84480	772.42970	2	93.4448	2
1544.71590	773.36525	2	57.5659	2
1546.69880	774.35665	2	67.1511	2
1547.77370	516.93185	3	54.9575	2
1547.81930	774.91690	2	71.1682	2
1547.82450	516.94880	3	63.2104	2
1547.83040	516.95070	3	58.8339	2
1547.83085	774.92270	2	58.8352	2
1548.77875	517.26685	3	71.4013	2
1548.77945	775.39700	2	71.3658	2
1548.80200	517.27460	3	61.7150	2
1548.92460	775.46960	2	80.5814	2
1549.74515	775.87985	2	63.6157	2
1549.74550	517.58910	3	63.4598	2
1549.82775	775.92115	2	73.6372	2
1550.68960	517.90380	3	35.0230	2
1550.74430	776.37945	2	52.1206	2
1550.77010	517.93060	3	58.1358	2
1550.77050	776.39250	2	58.1711	2
1551.71605	518.24595	3	37.8161	2
1551.77505	518.26560	3	40.6154	2
1551.85180	776.93320	2	90.7130	1
1553.83250	777.92355	2	81.6979	2
1555.73840	778.87645	2	72.6144	2
1555.75035	519.59070	3	52.5217	2
1555.76320	519.59500	3	56.3198	1
1555.78775	778.90115	2	83.8327	2
1555.84300	778.92880	2	82.7005	1
1555.88265	519.63480	3	78.2887	2
1556.84485	779.42970	2	91.4828	2
1557.78390	779.89920	2	80.2538	1
1557.83120	520.28430	3	73.1946	2
1558.77465	780.39460	2	67.9470	2
1558.79920	780.40690	2	79.9431	3
1559.75220	520.92465	3	71.8302	2
1559.75905	520.92695	3	78.7876	2
1559.82125	780.91790	2	88.1892	2
1559.83640	780.92545	2	86.6954	2
1561.78935	781.90195	2	77.0621	2
1561.83630	781.92545	2	88.3283	2
1562.77160	521.93115	3	67.6657	2
1563.80640	782.91050	2	73.9569	3
1564.71715	522.57965	3	54.1633	2
1564.71740	783.36600	2	54.2891	1
1564.74245	783.37850	2	56.6568	2
1564.79080	783.40270	2	74.7325	1
1565.78650	522.93610	3	58.4111	1
1565.83155	522.95110	3	67.4896	2
1567.82560	784.92005	2	82.3264	2
1567.89400	523.63860	3	66.1686	2
1569.87775	785.94615	2	77.1980	2
1569.91555	785.96505	2	87.9388	2
1570.74630	524.58940	3	52.8263	1
1570.81110	786.41285	2	59.7870	2
1570.82360	786.41910	2	84.4005	1
1572.78380	787.39915	2	59.1754	2
1572.83075	525.28420	3	79.5370	2
1572.83080	787.42270	2	79.6731	2
1573.68585	525.56920	3	43.2898	2
1573.69800	787.85630	2	77.3710	1
1573.82640	787.92045	2	81.7523	2
1573.86550	525.62910	3	75.7270	1
1574.71160	788.36310	2	71.7031	2
1575.78430	788.89940	2	71.1232	3
1576.75370	789.38410	2	75.6364	2
1577.77000	526.93060	3	72.7052	3
1577.77110	789.89280	2	72.7467	3
1577.78985	789.90220	2	76.4429	2
1578.83775	527.28650	3	71.1819	2
1578.85370	527.29185	3	57.3850	2
1578.87475	527.29885	3	84.0969	2
1578.87665	790.44560	2	84.1869	2
1580.69990	527.90725	3	42.1620	2
1580.77160	791.39310	2	51.5286	1
1580.80450	527.94210	3	62.8287	2
1580.92915	527.98365	3	76.3735	2
1581.76460	791.88960	2	66.7154	1
1584.74115	529.25435	3	67.2750	2
1585.68850	793.85150	2	64.6068	3
1585.82080	529.61420	3	66.0654	1
1586.86780	794.44120	2	86.5489	3
1587.85710	530.29295	3	65.4937	2
1588.72675	795.37065	2	71.1597	2
1588.75900	530.59360	3	59.3803	1
1589.82100	530.94760	3	84.7590	1
1589.82180	795.91815	2	84.6988	2
1590.76410	796.38930	2	79.1039	2
1590.78925	531.27035	3	86.9386	2
1590.79885	796.40670	2	82.3828	2
1591.74720	531.58970	3	45.0105	2
1591.74940	796.88200	2	45.0434	2
1591.80435	796.90945	2	59.4611	2
1591.80455	531.60875	3	59.4169	2
1591.86175	796.93815	2	87.4090	2
1592.81860	531.94680	3	67.6495	1
1593.74280	532.25490	3	55.9384	2
1593.74285	797.87870	2	56.0078	2
1593.94960	797.98210	2	82.8367	2
1594.74900	532.59030	3	71.7325	1
1595.80155	798.90805	2	92.8880	2
1595.86230	532.96135	3	51.1482	2
1596.76910	533.26365	3	53.6863	2
1597.86870	799.94160	2	70.8468	1
1597.88600	799.95030	2	81.9182	2
1598.83540	533.95240	3	83.1497	2
1598.84580	800.43020	2	83.0274	2
1599.78760	800.90110	2	43.8866	2
1599.84900	800.93180	2	75.2484	2
1599.89610	534.30595	3	77.8828	2
1599.89770	534.30650	3	63.9881	2
1599.89915	800.95685	2	64.0015	2
1600.29555	534.43915	3	64.3813	4
1600.84280	534.62150	3	65.1983	2
1600.86765	801.44110	2	64.6457	2
1601.72790	801.87120	2	53.1745	2
1602.80200	802.40830	2	77.0005	2
1602.86340	802.43900	2	73.5770	2
1603.80925	802.91190	2	81.7668	2
1604.74465	803.37960	2	65.0350	2
1604.78325	535.93505	3	69.0495	2
1605.81770	803.91610	2	77.3924	1
1606.87455	804.44455	2	81.5118	2
1607.84920	804.93190	2	85.9199	2
1607.90390	536.97520	3	80.5526	2
1609.83655	537.61945	3	89.7424	2
1609.83940	805.92700	2	89.8021	2
1610.72140	806.36800	2	66.1686	2
1610.78335	537.93505	3	65.9666	2
1610.90900	806.46175	2	98.8967	2
1610.97290	537.99825	3	71.6493	2
1611.79080	806.90270	2	65.6222	2
1612.84905	807.43180	2	85.3906	2
1612.85830	538.62670	3	70.9525	2
1612.90495	538.64225	3	77.6071	2
1613.84080	807.92770	2	70.1956	1
1613.85245	807.93350	2	83.2293	2
1613.90490	807.95970	2	81.5752	2
1614.84060	808.42760	2	78.0860	2
1615.75905	539.59360	3	58.2677	2
1615.85795	539.62660	3	73.4570	2
1616.73170	539.91785	3	48.4125	2
1619.81640	540.94605	3	66.2939	2
1619.83300	540.95160	3	65.2717	1
1620.86430	811.43940	2	86.8666	2
1620.86460	541.29545	3	86.8723	2
1621.83255	811.92355	2	85.2680	2
1621.87285	811.94370	2	71.3399	2
1622.76565	541.92915	3	39.1041	2
1622.80185	541.94120	3	82.3532	2
1622.82785	812.42120	2	68.7032	2
1625.77360	813.89410	2	78.3173	2
1625.77595	813.89525	2	81.4791	2
1625.83285	542.95155	3	83.9336	2
1626.85855	543.29345	3	57.9221	2
1626.86040	814.43745	2	57.9529	2
1627.74875	814.88165	2	67.9548	2
1627.78420	543.60200	3	50.5697	2
1628.79160	543.93780	3	95.3185	1
1628.79245	815.40350	2	95.2782	2
1628.81670	815.41560	2	57.4124	2
1628.81690	543.94620	3	57.3465	2
1629.78270	544.26820	3	57.0827	1
1629.87490	815.94470	2	70.0525	2
1629.87995	815.94725	2	89.5274	2
1630.84600	544.62260	3	82.7213	2
1631.92490	544.98225	3	72.2144	2
1631.92640	816.97045	2	72.2509	2
1632.77790	545.26660	3	47.0430	2
1633.84295	545.62155	3	80.2576	2
1634.80205	818.40830	2	63.2217	2
1634.88705	545.96960	3	54.4509	2
1635.76355	546.26175	3	55.3958	2
1636.94310	819.47880	2	92.5171	1
1637.81700	819.91580	2	75.1081	1
1638.84160	547.28780	3	76.3678	2
1639.74240	820.87850	2	62.8756	1
1639.87690	547.63290	3	78.4138	2
1639.87700	547.63290	3	95.9930	1
1639.87760	820.94610	2	78.4795	2
1639.88015	820.94735	2	95.7044	2
1640.84860	547.95680	3	47.8931	2
1641.88510	821.94985	2	84.9282	2
1642.69165	822.35310	2	47.6656	2
1642.80680	822.41065	2	59.7264	2
1642.85205	548.62460	3	49.0366	2
1642.85375	822.43415	2	49.1055	2
1642.88365	548.63515	3	80.0860	2
1643.78380	822.89920	2	61.8860	1
1643.79050	548.93740	3	47.8122	2
1643.82585	822.92020	2	45.3800	2
1643.82730	822.92090	2	75.5168	2
1643.84065	548.95415	3	67.3634	2
1644.84265	412.21795	4	43.0231	2
1645.90565	549.64245	3	68.0756	2
1646.83850	549.95340	3	62.0928	2
1646.87060	549.96410	3	73.9935	1
1647.86890	550.29690	3	83.0144	1
1648.79245	550.60475	3	44.7360	2
1648.79410	413.20580	4	44.7092	1
1648.84370	413.21825	4	53.3867	2
1648.84395	550.62190	3	53.4180	2
1648.96720	413.24905	4	59.0122	2
1648.96890	550.66360	3	58.9559	2
1649.93640	825.97550	2	77.4465	2
1651.89835	826.95645	2	89.1596	2
1651.92565	551.64915	3	85.4922	2
1651.92790	826.97125	2	85.4533	2
1652.73440	551.91870	3	50.5406	1
1653.87275	552.29820	3	76.5853	2
1653.92030	552.31400	3	77.2301	2
1654.78820	828.40140	2	71.2476	2
1654.82190	552.61460	3	78.8006	1
1654.89455	828.45455	2	81.6978	2
1655.76480	552.92890	3	49.7279	2
1657.82030	829.91745	2	89.3291	2
1658.79010	553.93730	3	55.2100	2
1658.83720	830.42590	2	79.4780	2
1659.91240	554.31140	3	79.6012	2
1659.91480	830.96470	2	79.7026	2
1660.74305	554.58825	3	65.7075	2
1660.84245	554.62140	3	63.0297	2
1661.90500	831.95980	2	78.6549	1
1662.80105	555.27425	3	52.7352	2
1662.82910	832.42185	2	70.2843	2
1662.82930	555.28370	3	70.4262	1
1663.79690	555.60625	3	72.4262	2
1664.79050	417.20490	4	40.1152	2
1664.81120	833.41285	2	79.7710	2
1664.84175	833.42815	2	73.7268	2
1664.86780	555.96320	3	65.3190	2
1665.89580	833.95520	2	77.0248	1
1666.87015	556.63065	3	77.5649	2
1666.87855	834.44655	2	81.4137	2
1666.91680	834.46565	2	83.1575	2
1667.71250	556.91140	3	68.6246	1
1667.81690	556.94625	3	58.6018	2
1667.86630	834.94045	2	77.7805	2
1668.81420	557.27870	3	58.1277	1
1669.85285	835.93370	2	72.0131	2
1670.83990	836.42720	2	97.4348	2
1670.88390	557.96860	3	56.0921	2
1670.88400	836.44930	2	56.1793	1
1671.71610	558.24600	3	51.5704	2
1672.72375	558.58185	3	43.4909	2
1672.90750	837.46100	2	73.6166	1
1673.90145	837.95800	2	77.1293	2
1674.88415	838.44935	2	92.6693	2
1676.81560	839.41505	2	67.7891	2
1678.00540	560.34240	3	66.4234	1
1681.82160	841.91805	2	76.3087	2
1681.90065	561.64080	3	80.8984	2
1681.90130	841.95795	2	80.7996	2
1681.91830	841.96640	2	94.2740	1
1682.80000	842.40730	2	88.3200	2
1682.89400	842.45430	2	79.6969	2
1682.90330	561.97500	3	85.5525	1
1682.92550	561.98240	3	78.4639	1
1683.80160	562.27450	3	75.4190	1
1683.88460	842.94955	2	77.6710	2
1684.91445	843.46450	2	81.4378	2
1685.91410	562.97860	3	66.0408	2
1686.87410	563.29860	3	64.4176	1
1687.92080	844.96770	2	88.6762	2
1688.73460	563.91880	3	33.1967	3
1688.73500	423.19100	4	33.0299	1
1688.88170	845.44810	2	84.2249	2
1689.83995	564.28725	3	59.0777	2
1689.85790	423.47180	4	66.4178	1
1689.86405	564.29530	3	66.4676	2
1691.80235	846.90845	2	65.7680	2
1692.81965	847.41710	2	84.5088	2
1692.96835	847.49145	2	91.3006	2
1693.93730	565.65300	3	64.0741	1
1693.94060	565.65410	3	83.1471	1
1693.95530	565.65905	3	64.8192	2
1694.80235	565.94140	3	50.9265	2
1695.32985	848.67220	2	70.0489	4
1696.77395	849.39425	2	63.7860	2
1696.84545	849.43000	2	86.8807	2
1696.90785	566.64320	3	86.2386	2
1696.91150	849.46305	2	86.0506	2
1697.83790	566.95320	3	51.2440	2
1697.90280	566.97485	3	78.5026	2
1697.90395	849.95925	2	78.5394	2
1698.00730	567.00970	3	83.3860	2
1698.01075	850.01265	2	83.5501	2
1698.88920	567.30370	3	41.1327	1
1698.89695	567.30625	3	85.2349	2
1698.89950	850.45700	2	85.2566	2
1698.90060	567.30750	3	59.1966	1
1699.86800	567.62995	3	76.5354	2
1700.91080	851.46265	2	80.9360	2
1701.87095	568.29760	3	61.6234	2
1703.73795	568.91990	3	62.4132	2
1703.81525	568.94570	3	61.1869	2
1703.92090	568.98090	3	64.0168	2
1704.72775	427.18920	4	28.7762	2
1704.73025	569.25070	3	28.7236	2
1704.91665	569.31280	3	71.2559	2
1705.83655	569.61945	3	47.7465	2
1705.83810	853.92635	2	47.7841	2
1705.88365	853.94910	2	70.0525	2
1705.88410	569.63530	3	69.9834	2
1706.89025	854.45240	2	89.1033	2
1706.90510	854.45985	2	84.0568	2
1706.90770	569.97650	3	85.7465	5
1707.40670	570.14280	3	77.4186	4
1707.88745	854.95100	2	94.7834	2
1707.97935	854.99695	2	79.3476	2
1708.75830	570.59340	3	56.6789	1
1709.97990	571.00060	3	76.7661	1
1710.02025	571.01405	3	80.9684	2
1712.88965	857.45210	2	67.2068	2
1712.93915	571.98695	3	69.4020	2
1714.90030	572.64070	3	63.2430	2
1714.90145	858.45800	2	63.3219	2
1714.90600	858.46030	2	71.1474	1
1717.86440	573.62875	3	72.4866	2
1717.86565	859.94010	2	72.5454	2
1721.76170	861.88815	2	39.1682	2
1722.87280	575.29820	3	76.4914	2
1722.89940	575.30710	3	76.7822	2
1723.02550	575.34910	3	70.1972	2
1723.02590	862.52025	2	70.2550	2
1724.87410	863.44430	2	83.0571	1
1724.94000	575.98730	3	81.3030	1
1725.95535	863.98495	2	86.7572	2
1726.01525	576.34570	3	82.9314	2
1728.78955	577.27045	3	64.2323	2
1728.93420	577.31870	3	60.2226	1
1729.00560	577.34245	3	83.5124	2
1730.75720	577.92635	3	65.4061	2
1730.89620	866.45535	2	73.4626	2
1731.04620	578.02265	3	90.0933	2
1733.87510	578.96560	3	76.4293	2
1735.87970	579.63385	3	79.5076	2
1735.97430	868.99445	2	99.0390	2
1736.84020	579.95400	3	81.0757	2
1736.84715	869.43085	2	81.0671	2
1737.92775	580.31650	3	79.3155	2
1738.80285	870.40870	2	69.1015	2
1738.82005	580.61395	3	66.5493	2
1738.82045	580.61410	3	60.7519	2
1739.84450	580.95540	3	70.8205	1
1739.88560	580.96915	3	68.8763	2
1742.87440	581.96540	3	68.0650	2
1743.80325	872.90890	2	68.2856	2
1743.81190	872.91320	2	51.6875	2
1743.86460	582.29545	3	50.0015	2
1744.90040	582.64075	3	72.1274	2
1745.83920	582.95370	3	60.2337	1
1745.91350	582.97840	3	74.6515	2
1746.80185	874.40820	2	90.8821	2
1748.87390	583.96525	3	63.6980	2
1749.84520	584.28900	3	40.5228	1
1749.86555	584.29580	3	62.6418	2
1749.86565	875.94010	2	62.5841	2
1750.01135	584.34440	3	57.0357	2
1750.01240	876.01345	2	57.1044	2
1752.89075	585.30415	3	49.6465	2
1752.97985	585.33390	3	87.3109	2
1752.99015	877.50235	2	87.2103	2
1754.86430	878.43940	2	75.9944	1
1755.86025	878.93740	2	71.5143	2
1756.89070	879.45260	2	80.0748	2
1757.92475	586.98220	3	74.9752	2
1758.79270	880.40360	2	49.8138	1
1758.83090	587.28420	3	78.0289	1
1759.84850	587.62345	3	66.5028	2
1759.91280	880.96370	2	89.2287	2
1760.93765	881.47610	2	88.9219	2
1761.89685	588.30620	3	74.6574	2
1762.84220	882.42840	2	76.9381	2
1763.83360	882.92405	2	62.5479	2
1764.32485	589.11555	3	64.0363	4
1764.99900	589.34030	3	93.9571	1
1765.00380	883.50915	2	93.8447	2
1766.94560	884.48010	2	85.0678	2
1767.82360	590.28180	3	65.4393	2
1767.84925	590.29035	3	90.0566	2
1767.96860	590.33010	3	90.2086	1
1768.90320	885.45890	2	80.7007	2
1769.91635	885.96545	2	67.8270	2
1770.00550	591.00910	3	74.7840	2
1771.91330	591.64500	3	76.4901	1
1772.33465	887.17460	2	77.7485	4
1774.88625	888.45040	2	59.3598	2
1774.88705	592.63630	3	59.3552	2
1776.89660	593.30615	3	67.8828	2
1777.32140	889.66795	2	64.6481	4
1778.99015	890.50235	2	72.6692	2
1778.99035	594.00405	3	72.7282	2
1779.80385	445.95825	4	52.3609	2
1780.40395	594.47525	3	54.4537	4
1780.78910	594.60360	3	62.7535	1
1782.87520	595.29900	3	76.6343	1
1784.88135	595.96770	3	63.0511	2
1784.88350	893.44905	2	63.1283	2
1784.91680	595.97955	3	56.2158	2
1785.88935	893.95195	2	89.2201	2
1788.91315	597.31165	3	37.3878	2
1789.92990	895.97220	2	82.9662	2
1791.76720	598.26300	3	43.5318	1
1791.84860	598.29015	3	50.5804	2
1793.92270	897.96860	2	85.2898	1
1794.86000	898.43725	2	82.6543	2
1794.98640	898.50050	2	80.3011	2
1796.87945	599.96705	3	84.9673	2
1796.96920	599.99700	3	85.5855	1
1796.97990	600.00060	3	71.7847	3
1798.88890	600.63690	3	49.2525	1
1799.92660	900.97060	2	101.3626	1
1799.92710	600.98300	3	101.2813	1
1801.00230	601.34140	3	83.3120	1
1803.92125	602.31435	3	50.9632	2
1804.86840	602.63005	3	66.6764	2
1804.86850	903.44155	2	66.6378	2
1804.89670	602.63950	3	78.8217	2
1804.97130	602.66435	3	79.3269	2
1804.97380	903.49420	2	79.6625	1
1805.38940	903.70200	2	74.1503	4
1806.03700	603.01960	3	72.7927	2
1806.88270	904.44860	2	69.6805	1
1809.91510	905.96485	2	73.8533	2
1809.99560	604.33910	3	74.0134	1
1809.99700	906.00580	2	74.1516	1
1814.80230	605.94140	3	80.9988	2
1814.96310	605.99500	3	67.0212	1
1814.96890	605.99690	3	67.0356	1
1815.94190	606.32125	3	73.1226	2
1816.89040	606.63740	3	79.8159	1
1817.86250	606.96140	3	70.2834	1
1817.90210	606.97465	3	50.5198	2
1818.84230	607.28800	3	86.1675	1
1820.86345	911.43900	2	60.0773	2
1820.89450	607.97210	3	73.7180	2
1820.91450	607.97875	3	79.9190	2
1821.06245	608.02810	3	85.0005	2
1821.84770	608.28985	3	81.3840	2
1821.89850	608.30675	3	54.1083	2
1823.90575	608.97585	3	69.2246	2
1825.86485	609.62885	3	56.4924	2
1825.86530	913.93990	2	56.6267	2
1825.89705	913.95580	2	68.1027	2
1827.94045	610.32075	3	74.8459	2
1827.96865	610.33015	3	66.3673	2
1827.97040	914.99245	2	66.3076	2
1828.91350	915.46405	2	85.1604	2
1828.95195	915.48325	2	74.3371	2
1832.00585	611.67590	3	73.5156	2
1832.91640	611.97940	3	77.2597	2
1833.90870	612.31020	3	78.1431	1
1833.93880	917.97670	2	81.1794	1
1833.96300	612.32825	3	89.0564	2
1835.79805	612.93995	3	60.5508	2
1836.04805	613.02330	3	74.4027	2
1838.11675	613.71285	3	74.9126	2
1838.95630	613.99270	3	64.9086	2
1840.89400	614.63860	3	78.9974	1
1840.89430	614.63870	3	78.9709	1
1841.01555	614.67915	3	70.9115	2
1841.01740	921.51595	2	70.8502	2
1841.85870	614.96020	3	50.4007	2
1842.97205	615.33130	3	72.6667	2
1844.89165	615.97115	3	64.0258	2
1844.91260	615.97810	3	68.3799	2
1845.99170	616.33785	3	87.2516	2
1846.79205	924.40330	2	72.9131	2
1846.96865	924.49160	2	85.9535	2
1852.01925	927.01690	2	84.1765	2
1853.92810	618.98330	3	62.0330	2
1854.92925	928.47190	2	93.4166	2
1856.85990	619.96055	3	55.8872	2
1856.87635	929.44545	2	83.8018	2
1860.94615	621.32265	3	89.9982	2
1860.94630	931.48045	2	89.9983	2
1861.00110	621.34095	3	76.6244	2
1861.98725	621.66970	3	84.2189	2
1862.81800	621.94660	3	61.2195	2
1862.87935	932.44695	2	88.1615	2
1863.99490	622.33890	3	89.5047	1
1864.88475	622.63550	3	73.9207	2
1864.99180	933.50320	2	95.7147	1
1867.84385	623.62190	3	55.0264	2
1868.83455	935.42455	2	64.5541	2
1872.89485	625.30555	3	54.6950	2
1873.94640	625.65605	3	77.0591	2
1873.96965	625.66385	3	72.9659	2
1875.87285	626.29825	3	71.9616	2
1880.97535	627.99905	3	63.9288	2
1882.97735	942.49595	2	72.0634	2
1883.88515	942.94985	2	76.7178	2
1883.92125	628.98105	3	71.5813	2
1884.87420	943.44435	2	77.3930	2
1885.87255	943.94355	2	66.6432	2
1885.91775	629.64655	3	85.1028	2
1885.92430	943.96940	2	85.2070	1
1886.86865	944.44160	2	64.4975	2
1886.90195	944.45825	2	69.8496	2
1886.90205	629.97465	3	69.7298	2
1887.99950	630.34040	3	82.5039	1
1890.93790	631.31990	3	70.8559	2
1890.94800	631.32325	3	75.1538	2
1892.06755	947.04105	2	83.9690	2
1893.94530	474.49360	4	57.6920	1
1893.96910	947.99180	2	86.6458	1
1893.97985	632.33390	3	59.2708	2
1899.87800	950.94630	2	71.3168	2
1902.89930	952.45690	2	80.7495	1
1903.93175	635.65120	3	78.6008	2
1904.97010	953.49235	2	78.2287	2
1904.97260	953.49355	2	76.1825	2
1904.97270	635.99820	3	76.1226	2
1909.98085	478.50250	4	72.1273	2
1909.98220	637.66800	3	72.1258	1
1909.99445	637.67210	3	76.7734	2
1910.17340	637.73175	3	80.2921	2
1912.00040	638.34075	3	82.4487	2
1912.00105	957.00780	2	82.4179	2
1912.91235	638.64475	3	34.4228	2
1912.99050	638.67080	3	75.0233	1
1913.09980	638.70720	3	71.7656	2
1914.98140	639.33440	3	69.7043	3
1915.05240	479.77035	4	75.5852	2
1916.95310	639.99160	3	67.2408	2
1918.85230	640.62470	3	47.7328	2
1921.00000	641.34060	3	83.6058	2
1921.93520	961.97490	2	97.0955	2
1922.93555	641.98580	3	80.3584	2
1924.02000	642.34730	3	78.9433	2
1927.00180	643.34120	3	90.9582	2
1930.94605	644.65595	3	84.2730	2
1931.78330	644.93505	3	48.7338	2
1932.83905	645.28695	3	58.5326	2
1932.84050	967.42750	2	58.6520	1
1935.08030	646.03405	3	79.8647	2
1935.92875	646.31685	3	66.3810	2
1937.92250	969.96850	2	93.0549	1
1937.94580	646.98920	3	79.5715	2
1938.95370	970.48415	2	80.7444	2
1939.01900	647.34690	3	75.6969	2
1941.88125	648.30100	3	58.3898	2
1942.04180	648.35455	3	77.2480	2
1942.47765	648.49980	3	86.2675	4
1942.84065	648.62085	3	61.5531	2
1944.89370	973.45415	2	59.5489	2
1944.98435	649.33540	3	67.4547	2
1945.89690	649.63960	3	67.0675	2
1947.92990	650.31720	3	73.1236	1
1947.98585	650.33590	3	81.0725	2
1947.98825	975.00140	2	81.0047	2
1950.98140	651.33440	3	72.5172	2
1951.99050	977.00250	2	88.4474	1
1954.89665	978.45560	2	81.7606	2
1955.94040	652.98740	3	59.7739	2
1956.05760	653.02645	3	82.2913	2
1956.90210	653.30795	3	66.7384	2
1956.99275	979.50365	2	76.2497	2
1961.04950	981.53200	2	88.7371	2
1961.05005	654.69060	3	88.7646	2
1963.04720	982.53090	2	75.9691	1
1963.04760	655.35645	3	75.9230	2
1966.93715	656.65295	3	75.3977	2
1970.98260	658.00145	3	61.5274	2
1973.06980	658.69720	3	60.4150	1
1976.01730	989.01590	2	95.7331	1
1978.89920	660.64030	3	37.3817	2
1979.03425	660.68535	3	87.8725	2
1984.02955	993.02205	2	79.8350	2
1988.04865	663.69015	3	71.6068	2
1989.02505	664.01560	3	74.6898	2
1992.05905	665.02695	3	80.2662	2
1994.00320	665.67500	3	94.4869	1
1994.00845	998.01150	2	94.3941	2
1995.88570	666.30250	3	61.6780	1
2002.98610	668.66930	3	67.8297	1
2003.03420	668.68535	3	89.5782	2
2003.03700	1002.52580	2	89.6373	2
2004.09040	669.03740	3	79.4229	2
2009.03520	670.68570	3	58.9881	2
2009.08440	670.70205	3	77.5159	2
2016.99380	1009.50420	2	80.4820	1
2019.06965	674.03050	3	94.8326	2
2024.89490	1013.45470	2	56.5674	2
2026.11870	1014.06660	2	86.3044	1
2027.05630	676.69270	3	88.0142	1
2031.03005	678.01725	3	87.8477	2
2032.92125	1017.46790	2	83.8106	2
2033.06375	678.69520	3	73.0670	2
2037.04400	680.02195	3	65.7286	2
2041.07680	681.36620	3	80.4218	2
2041.97750	681.66640	3	72.9746	2
2043.01280	682.01150	3	82.6456	2
2043.01335	1022.51395	2	82.8046	2
2047.98085	683.66755	3	48.2905	2
2048.96010	683.99400	3	76.7467	2
2049.04600	684.02260	3	87.4173	1
2059.00635	687.34275	3	77.5707	2
2059.96950	1030.99205	2	84.9365	2
2067.99070	690.33750	3	69.2245	2
2070.95700	1036.48580	2	72.6907	1
2073.08630	692.03605	3	76.4972	2
2076.04865	693.02350	3	67.7537	2
2078.06420	693.69530	3	78.9385	1
2079.02785	694.01655	3	74.4607	2
2080.10240	521.03290	4	70.8016	2
2080.10555	694.37580	3	71.0906	2
2086.03720	1044.02585	2	88.8616	2
2089.05385	697.35855	3	75.4484	2
2092.08550	698.36910	3	74.3370	2
2093.98200	1047.99830	2	86.3815	1
2094.94460	699.32215	3	51.5702	2
2095.00550	699.34245	3	69.4685	2
2104.56540	702.52905	3	73.9409	4
2105.14600	702.72260	3	91.1157	2
2106.02400	703.01530	3	71.4217	1
2114.12830	705.71670	3	95.8109	2
2126.14010	1064.07730	2	77.9063	1
2131.17910	711.40030	3	84.1255	2
2137.12215	713.38130	3	70.4485	2
2143.09095	715.37090	3	81.9809	2
2148.10670	717.04285	3	61.8675	2
2156.01580	719.67920	3	66.1144	2
2161.14675	721.38950	3	86.7134	2
2169.12390	724.04855	3	76.6862	2
2170.02880	724.35020	3	76.5266	2
2177.95010	545.49480	4	44.6633	2
2180.97970	728.00050	3	67.1843	2
2190.06720	731.02970	3	74.9097	2
2190.06740	1096.04100	2	74.8690	2
2201.11720	734.71300	3	73.7824	1
2205.01345	736.01175	3	71.9501	2
2205.10160	736.04110	3	100.0440	1
2205.10335	1103.55895	2	99.9530	2
2227.05190	743.35790	3	55.6529	2
2227.05350	1114.53400	2	55.7023	1
2236.11330	746.37840	3	86.1080	1
2241.03600	561.26630	4	55.4976	1
2250.01975	751.01385	3	46.6845	2
2269.26110	757.42765	3	83.6643	2
2279.05750	760.69310	3	69.1129	2
2282.08190	761.70125	3	64.4593	2
2284.22660	762.41610	3	91.4579	1
2291.01950	764.68040	3	67.6250	2
2291.01980	1146.51720	2	67.5946	2
2295.09810	766.04000	3	80.2275	1
2297.12365	766.71515	3	70.3171	2
2376.10085	793.04090	3	51.8128	2
2379.16380	794.06190	3	63.4307	1
2379.16445	595.79840	4	63.3054	2
2386.27015	478.26130	5	71.0460	2
2389.99170	797.67120	3	62.2906	2
2391.18860	1196.60160	2	95.9683	2
2391.19480	798.07220	3	96.0330	1
2401.30330	801.44170	3	82.5836	2
2416.23990	806.42055	3	85.0677	2
2427.23940	607.81715	4	61.2255	2
2435.25600	812.75925	3	65.8996	2
2440.34690	814.45620	3	92.0735	2
2460.19630	821.07270	3	86.0743	1
2525.29200	842.77130	3	86.6928	2
2532.23545	845.08575	3	74.5971	2
2549.46875	850.83020	3	84.1577	2
2549.47200	638.37530	4	84.0378	3
2590.23540	864.41910	3	86.0035	1
2620.21620	656.06135	4	65.5240	2
2643.33815	882.12000	3	87.2830	2
2678.27930	893.76700	3	87.5489	1
2682.32000	895.11390	3	55.2467	2
2801.45630	701.37140	4	86.7398	1
2804.28140	935.76770	3	77.8533	2
3208.56080	803.14750	4	70.8085	1
3536.65800	1179.89325	3	84.9001	2
