mono_mass	mz	charge	rt	n_psm
798.41310	400.21380	2	37.7026	1
798.48510	400.24985	2	57.2403	2
799.45535	400.73495	2	48.9140	2
799.51730	400.76590	2	37.6372	1
800.43895	401.22675	2	43.4278	2
800.43905	401.22680	2	40.2202	2
800.45480	401.23470	2	50.9576	2
801.43490	401.72475	2	36.0688	2
801.46060	401.73760	2	44.4331	2
801.53290	401.77370	2	43.9839	2
802.38630	402.20045	2	38.1740	2
802.49830	402.25640	2	61.3075	2
805.40890	403.71170	2	44.6525	3
805.44510	403.72980	2	51.0840	2
806.39565	404.20510	2	36.9833	2
806.45400	404.23425	2	60.0023	2
806.45570	404.23520	2	50.3575	1
806.49040	404.25250	2	56.4124	1
807.41240	404.71350	2	39.3761	2
808.36260	405.18860	2	36.1863	2
808.39680	405.20570	2	49.0502	2
808.43970	405.22710	2	35.1595	1
808.43990	405.22720	2	35.1441	1
811.35405	406.68430	2	36.9373	2
812.42205	407.21830	2	42.1236	2
812.43910	407.22685	2	39.4280	2
812.47560	407.24510	2	59.9580	1
812.48750	407.25105	2	44.1109	2
812.51175	407.26315	2	48.6147	2
814.45425	408.23445	2	33.7293	2
814.45455	408.23460	2	51.3385	2
814.51635	408.26545	2	58.2754	2
815.43960	408.72705	2	38.0684	2
815.46870	408.74165	2	56.3368	2
815.47520	408.74485	2	41.5896	2
815.47705	408.74580	2	45.9584	2
815.49740	408.75600	2	37.1367	2
815.51240	408.76350	2	45.7575	2
816.44920	409.23190	2	65.9831	2
816.45870	409.23660	2	55.9740	1
816.45955	409.23705	2	56.6737	2
816.47045	409.24250	2	36.9199	2
817.42950	409.72205	2	33.8866	2
817.45800	409.73630	2	39.8666	3
817.48080	409.74765	2	66.3801	2
818.37770	410.19610	2	34.8074	1
818.44010	410.22730	2	52.5824	2
818.49030	410.25245	2	73.3066	2
819.39145	410.70300	2	34.3137	2
819.41660	410.71560	2	39.4501	1
819.43015	410.72235	2	62.5787	2
819.44770	410.73110	2	43.8595	1
820.43270	411.22365	2	38.3560	2
820.46930	411.24190	2	45.2164	2
820.48840	411.25150	2	71.1364	2
821.42835	411.72145	2	40.1552	2
822.39205	412.20330	2	31.4657	4
822.42385	412.21920	2	36.3008	2
822.42445	412.21950	2	42.1760	2
823.41870	412.71665	2	35.6829	2
823.42590	412.72025	2	54.3236	2
823.44405	412.72930	2	44.5542	2
824.54870	413.28165	2	70.6362	2
826.49165	414.25310	2	39.1146	2
826.49170	414.25315	2	41.7186	2
826.52735	414.27095	2	69.1307	2
826.52780	414.27120	2	49.4371	2
827.48620	414.75040	2	48.4443	2
827.49850	414.75655	2	36.6370	2
828.41655	415.21555	2	30.7113	2
828.44930	415.23190	2	58.9936	1
828.47740	415.24595	2	38.0822	2
829.44805	415.73130	2	39.5183	4
829.46335	415.73895	2	41.1699	2
829.46610	415.74030	2	33.9394	2
829.49140	415.75295	2	55.4301	2
829.49180	415.75320	2	38.8337	2
829.50255	415.75855	2	35.9186	2
829.50290	415.75870	2	50.3325	1
830.43840	416.22650	2	29.6349	1
831.47030	416.74240	2	48.3103	2
831.49620	416.75540	2	61.4779	2
831.49700	416.75580	2	69.2739	2
832.39270	417.20360	2	33.7118	2
832.42900	417.22180	2	44.7719	3
833.43955	417.72705	2	62.4857	2
834.43480	418.22465	2	37.3256	2
835.44430	418.72945	2	42.8327	2
836.38905	419.20180	2	39.8448	2
836.40240	419.20850	2	40.7323	2
836.43935	419.22695	2	56.3517	2
836.44065	419.22760	2	43.0853	2
837.40320	419.70890	2	47.7467	2
837.40570	419.71015	2	54.1572	2
838.41805	420.21630	2	36.8709	2
839.42875	420.72165	2	54.7845	2
839.58460	420.79960	2	72.6107	1
840.47085	421.24270	2	42.5722	2
840.54305	421.27880	2	59.2718	2
840.54315	421.27885	2	74.3435	2
841.46615	421.74035	2	40.4042	2
841.49135	421.75295	2	54.5793	2
841.50235	421.75845	2	50.3063	2
842.42865	422.22160	2	47.5997	2
842.46125	422.23790	2	39.1983	2
842.48390	422.24925	2	51.8075	2
842.48715	422.25085	2	37.9150	2
842.48735	422.25095	2	41.9223	2
842.52180	422.26820	2	70.3902	2
842.52275	422.26865	2	48.8984	2
842.53285	422.27370	2	33.7092	2
843.48140	422.74800	2	44.2893	2
843.54265	422.77865	2	62.7181	2
844.45440	423.23445	2	53.6358	2
844.46605	423.24030	2	34.6205	2
845.45110	423.73280	2	37.7223	1
845.46015	423.73735	2	36.9588	2
845.46125	423.73790	2	43.8099	2
845.46550	423.74005	2	66.7729	2
845.48530	423.74990	2	52.4461	1
845.51225	423.76340	2	64.7001	2
845.53780	423.77615	2	75.6481	2
846.39835	424.20645	2	36.4589	2
846.42780	424.22115	2	42.4209	2
846.44885	424.23170	2	60.7311	2
847.42340	424.71900	2	43.3814	2
847.44475	424.72965	2	40.3056	2
847.48075	424.74765	2	45.1961	2
848.43905	425.22680	2	41.4702	2
848.43975	425.22715	2	52.9820	2
848.44365	425.22910	2	36.1482	2
849.43510	425.72480	2	53.5388	1
850.35630	426.18540	2	37.2784	1
850.42670	426.22060	2	53.8856	1
850.45475	426.23465	2	46.1296	2
850.50265	426.25860	2	38.9130	2
851.37020	426.69240	2	40.2134	1
851.40275	426.70865	2	34.8379	2
851.42100	426.71775	2	45.2837	2
851.43920	426.72690	2	36.6026	2
853.36085	427.68770	2	36.3083	2
853.39720	427.70590	2	42.4825	2
854.38100	428.19780	2	44.8997	1
854.44010	428.22730	2	56.5960	1
854.46095	428.23775	2	39.5150	2
855.51845	428.76650	2	51.2410	2
856.43360	429.22410	2	64.0226	2
856.44855	429.23155	2	64.8182	2
856.46965	429.24210	2	49.9688	2
856.51265	429.26360	2	48.1998	2
856.51470	429.26460	2	45.3930	1
856.53935	429.27695	2	57.4451	2
857.44285	429.72870	2	38.9812	2
857.46105	429.73780	2	39.7788	2
857.46180	429.73815	2	42.1137	2
857.49605	429.75530	2	46.1835	2
857.49635	429.75545	2	54.7848	2
858.45610	430.23530	2	43.8932	2
858.46100	430.23775	2	37.3405	2
858.46970	430.24215	2	43.2386	2
859.43830	430.72640	2	39.5319	1
859.46395	430.73925	2	37.5521	2
859.46535	430.73995	2	46.5879	2
860.42425	431.21940	2	35.6972	2
860.44240	431.22850	2	44.9639	1
860.46060	431.23755	2	33.0175	2
861.44400	431.72930	2	44.3264	2
861.47150	431.74305	2	47.3611	2
861.50760	431.76110	2	74.9110	2
862.38640	432.20045	2	38.8890	2
863.45005	432.73230	2	49.1189	2
863.45100	432.73280	2	34.3794	2
863.45750	432.73600	2	58.4808	1
864.41925	433.21690	2	49.5986	2
864.43485	433.22470	2	52.7684	2
864.50715	433.26085	2	63.4752	2
865.41555	433.71505	2	39.2344	2
865.50150	433.75800	2	35.0493	1
866.41150	434.21300	2	40.0534	2
866.49860	434.25655	2	41.9450	2
867.41625	434.71540	2	49.9082	2
867.43465	434.72460	2	38.7179	2
868.45920	435.23685	2	37.2561	2
869.49645	435.75550	2	33.7615	2
869.53330	435.77390	2	59.5711	2
869.53410	435.77430	2	52.3978	2
869.55915	435.78685	2	66.4963	2
870.43820	436.22640	2	33.1391	1
870.44880	436.23165	2	54.3195	2
870.48170	436.24815	2	42.5647	2
870.51770	436.26615	2	57.8290	2
870.55325	436.28390	2	50.6820	2
871.44360	436.72910	2	37.8611	2
871.45120	436.73285	2	40.3993	2
871.50140	436.75800	2	54.2141	1
871.53880	436.77670	2	59.1373	2
872.47510	437.24485	2	39.2245	2
872.49570	437.25510	2	55.9640	1
872.49685	437.25570	2	41.7766	2
872.49740	437.25600	2	34.9266	2
872.51500	437.26480	2	63.3852	2
873.44320	437.72890	2	32.3738	1
873.47050	437.74250	2	45.1238	2
873.47310	437.74380	2	50.4565	2
873.48080	437.74765	2	48.3440	2
873.48130	437.74790	2	45.8899	1
873.49600	437.75525	2	67.0402	2
874.43300	438.22380	2	44.4993	2
874.45060	438.23260	2	32.0932	1
874.45845	438.23650	2	49.7533	2
874.46680	438.24070	2	42.5320	1
874.46935	438.24195	2	35.1823	2
875.48950	438.75205	2	29.5110	2
875.52260	438.76860	2	49.9055	2
875.52270	438.76860	2	60.6787	2
876.41245	439.21350	2	38.8574	2
876.43500	439.22480	2	47.8688	1
876.49610	439.25530	2	67.4332	2
877.43040	439.72250	2	43.0856	1
877.45490	439.73470	2	64.9731	1
877.45505	439.73480	2	36.8412	2
877.46655	439.74055	2	49.5510	2
877.46670	439.74065	2	42.2622	2
877.47860	439.74660	2	50.1027	2
877.50965	439.76210	2	69.4769	2
878.43160	440.22310	2	47.8100	1
878.48630	440.25040	2	50.1614	1
878.48675	440.25065	2	54.4544	2
879.39800	440.70630	2	34.1040	2
880.41410	441.21430	2	38.2133	2
880.42895	441.22175	2	43.1805	2
880.54950	441.28205	2	53.3211	2
882.48270	442.24860	2	35.7000	1
882.52935	442.27195	2	38.7078	2
883.47560	442.74510	2	47.4168	1
883.53800	442.77625	2	58.4589	2
883.53860	442.77660	2	51.0507	2
883.56010	442.78735	2	38.3826	2
884.44020	443.22740	2	43.8996	1
884.54430	443.27940	2	54.0773	2
884.57000	443.29230	2	73.5668	2
884.57260	443.29355	2	58.9908	2
885.42310	443.71885	2	38.5888	2
885.44460	443.72960	2	34.4075	2
885.49085	443.75270	2	35.0059	2
885.49200	443.75330	2	51.3282	2
885.55365	443.78410	2	64.5814	2
886.48720	444.25090	2	42.1689	2
886.51250	444.26350	2	47.6215	1
886.51310	444.26380	2	47.9022	1
886.52320	444.26890	2	45.0593	1
887.46040	444.73750	2	35.9446	2
887.49010	444.75230	2	40.9819	1
888.46635	445.24045	2	37.7912	2
889.45860	445.73660	2	50.8965	2
889.46530	445.73995	2	48.0741	2
889.47710	445.74585	2	41.0243	2
889.48495	445.74975	2	69.6429	2
890.50540	446.25995	2	44.4446	2
891.44520	446.72990	2	49.4032	2
891.44850	446.73150	2	46.1549	2
891.48160	446.74810	2	62.6901	2
891.50630	446.76045	2	66.0333	2
892.44010	447.22730	2	39.8397	2
892.48365	447.24910	2	76.3711	2
893.45905	447.73680	2	45.6406	6
893.46140	447.73800	2	42.4166	1
893.60570	447.81015	2	75.1508	2
894.45570	448.23515	2	33.7716	2
894.46365	448.23910	2	40.9726	2
895.44715	448.73085	2	59.5423	2
895.46610	448.74030	2	41.0249	1
896.51980	449.26720	2	38.0876	1
896.53360	449.27410	2	54.6090	2
897.50320	449.75885	2	33.1798	2
898.40735	450.21095	2	65.9831	2
898.48640	450.25050	2	34.9007	2
898.48985	450.25220	2	44.2304	2
898.54880	450.28170	2	66.5923	2
898.56060	450.28760	2	55.0313	2
899.43770	450.72610	2	53.5743	2
899.45050	450.73250	2	40.4850	2
899.50815	450.76135	2	55.8263	2
899.51550	450.76505	2	59.9798	2
900.45750	451.23600	2	40.9920	3
900.48970	451.25210	2	40.8146	1
900.49220	451.25335	2	52.6129	2
900.50255	451.25855	2	50.6744	2
900.53900	451.27680	2	43.6881	2
901.41180	451.71315	2	49.1474	2
901.43345	451.72400	2	38.8498	2
901.47630	451.74540	2	58.4226	1
901.48660	451.75060	2	33.3225	2
901.48695	451.75075	2	46.5504	2
901.52395	451.76925	2	42.2318	2
901.52700	451.77080	2	74.7864	1
902.41310	452.21380	2	47.7688	2
902.48255	452.24855	2	39.3557	2
902.50715	452.26085	2	46.0233	2
903.44820	452.73140	2	37.7621	1
903.48090	452.74770	2	52.9971	2
903.50950	452.76205	2	65.1519	2
903.52865	452.77160	2	41.9432	2
903.54300	452.77875	2	68.5931	2
903.57890	452.79670	2	80.1103	1
904.42720	453.22085	2	31.5082	2
905.45210	453.73340	2	43.7408	1
905.45285	453.73370	2	65.3946	2
905.45340	453.73400	2	43.7165	1
905.46140	453.73800	2	31.9134	1
906.46620	454.24040	2	31.7931	1
906.51735	454.26595	2	48.0463	2
907.45185	454.73320	2	36.9026	2
907.49910	454.75680	2	48.4900	1
908.00420	455.00935	2	54.7719	4
908.43055	455.22255	2	49.3846	2
908.53380	455.27420	2	40.0438	1
908.56930	455.29195	2	56.8603	2
909.42665	455.72060	2	44.6062	2
909.42695	455.72075	2	55.1593	2
909.45630	455.73545	2	39.7038	2
909.47495	455.74475	2	70.1218	2
909.48080	455.74770	2	54.2191	1
909.50540	455.76000	2	35.7050	1
911.38050	456.69755	2	33.5490	2
911.47565	456.74510	2	60.4287	2
911.48985	456.75220	2	42.8978	2
911.57985	456.79720	2	57.8687	2
912.54700	457.28080	2	41.9938	1
912.56560	457.29010	2	63.9939	2
913.42950	457.72205	2	48.5938	2
913.44700	457.73080	2	41.2940	2
913.47320	457.74385	2	70.9038	2
913.48675	457.75065	2	47.3031	2
913.50920	457.76190	2	32.5545	2
913.54765	457.78110	2	53.6728	2
913.55985	457.78720	2	38.7080	2
913.59640	457.80550	2	39.9584	2
914.50740	458.26100	2	40.6576	2
914.51760	458.26605	2	46.0182	2
915.44880	458.73170	2	36.6517	2
915.46745	458.74100	2	42.3410	2
915.47020	458.74240	2	36.1489	1
915.47770	458.74610	2	35.4597	1
915.50210	458.75830	2	41.2595	1
915.50400	458.75930	2	31.9620	2
915.52070	458.76765	2	49.6695	2
915.53855	458.77655	2	34.7243	2
916.48615	459.25040	2	41.0335	2
916.49725	459.25590	2	37.3149	2
917.46530	459.73990	2	34.2095	3
917.48080	459.74770	2	37.9497	2
918.44925	460.23190	2	79.5151	2
918.48390	460.24920	2	53.3989	2
918.49250	460.25350	2	63.9666	2
918.51750	460.26600	2	56.8137	2
918.51800	460.26625	2	62.7764	2
919.40640	460.71045	2	32.6090	2
919.40695	460.71075	2	61.2847	2
919.44370	460.72915	2	47.5325	2
919.51235	460.76345	2	52.4847	2
919.51290	460.76370	2	46.7414	2
919.51305	460.76380	2	43.6120	2
919.51590	460.76525	2	57.1725	2
919.52205	460.76830	2	64.4340	2
920.49705	461.25580	2	50.4258	2
920.49720	461.25590	2	46.8387	2
920.50740	461.26095	2	41.2720	2
921.44570	461.73015	2	37.0818	2
921.44845	461.73150	2	40.4088	2
922.43910	462.22685	2	49.6396	2
922.45120	462.23290	2	38.1582	2
923.43525	462.72490	2	43.6696	2
923.47255	462.74355	2	40.5734	2
923.58010	462.79730	2	77.5410	1
924.43705	463.22580	2	48.0787	2
924.53940	463.27700	2	52.4893	2
924.56475	463.28965	2	55.2754	2
925.47060	463.74260	2	78.8507	1
925.49840	463.75650	2	43.3103	1
926.51890	464.26675	2	38.7369	2
926.58030	464.29745	2	60.1453	2
926.59130	464.30295	2	61.1903	2
927.37670	464.69565	2	29.0447	2
927.44495	464.72975	2	46.5390	2
927.56405	464.78930	2	82.5686	2
928.45490	465.23470	2	50.7679	2
928.51590	465.26520	2	41.5358	1
928.52345	465.26900	2	51.4473	2
928.53395	465.27430	2	49.8209	2
928.55890	465.28675	2	62.3857	2
928.55900	465.28680	2	56.8601	1
929.44580	465.73015	2	31.9103	2
929.45690	465.73570	2	29.7088	1
929.47330	465.74390	2	50.0547	1
929.48110	465.74780	2	36.6567	2
929.50665	465.76065	2	54.8183	2
929.51130	465.76290	2	48.2483	2
929.51875	465.76665	2	40.6013	2
929.51900	465.76680	2	42.6519	2
930.02840	466.02150	2	36.7317	4
930.42300	466.21875	2	60.6683	2
930.46630	466.24045	2	34.8429	2
930.47820	466.24640	2	41.5769	2
930.51685	466.26570	2	64.4599	2
931.47065	466.74260	2	35.5931	2
931.48620	466.75040	2	48.7165	2
931.50180	466.75820	2	55.6960	2
931.51310	466.76385	2	57.6859	2
931.53440	466.77445	2	67.4096	2
932.44510	467.22980	2	32.7204	1
932.46440	467.23950	2	38.5623	2
932.54440	467.27945	2	41.8638	2
933.45590	467.73520	2	37.0031	1
933.46515	467.73985	2	51.1700	2
933.48495	467.74975	2	51.5383	2
933.50315	467.75885	2	52.2848	2
933.52910	467.77185	2	56.1296	2
933.53970	467.77710	2	32.3564	2
934.41490	468.21470	2	39.7349	3
934.45070	468.23260	2	41.4057	1
934.45120	468.23290	2	39.0375	3
934.48565	468.25010	2	42.5771	2
934.48700	468.25080	2	54.9928	1
934.48765	468.25110	2	32.9263	2
934.51270	468.26365	2	58.1222	2
934.51355	468.26405	2	50.1174	2
934.52370	468.26915	2	59.3028	2
935.45210	468.73340	2	36.2094	1
935.47080	468.74265	2	44.8869	2
937.41375	469.71415	2	34.2179	2
937.48720	469.75090	2	40.4186	1
937.51285	469.76370	2	57.5097	2
938.43380	470.22415	2	37.4723	2
939.43095	470.72275	2	62.0120	2
939.48160	470.74810	2	79.8881	2
939.48185	470.74820	2	59.2953	2
939.51410	470.76435	2	31.7477	2
939.53900	470.77680	2	53.5068	1
939.55005	470.78230	2	55.6617	2
939.56430	470.78945	2	80.4541	2
940.44360	471.22910	2	44.9385	2
940.52655	471.27055	2	61.6393	2
941.43480	471.72465	2	38.2322	2
941.46410	471.73930	2	49.9003	1
941.55545	471.78500	2	50.6159	2
941.56510	471.78980	2	61.4537	2
941.57975	471.79715	2	66.3377	2
941.60615	471.81035	2	78.9195	2
942.48650	472.25050	2	43.6670	2
942.50240	472.25850	2	35.7327	2
942.51380	472.26420	2	47.9915	2
942.53885	472.27670	2	48.7117	2
943.44760	472.73105	2	60.8472	2
943.46640	472.74045	2	35.5263	2
943.48630	472.75040	2	43.5587	1
943.49770	472.75610	2	35.1285	3
943.53545	472.77500	2	46.2171	2
944.42600	473.22030	2	37.0892	3
944.43135	473.22295	2	63.2153	2
944.47560	473.24510	2	55.2421	2
944.49300	473.25380	2	43.0316	2
944.51170	473.26310	2	63.6408	1
944.51750	473.26600	2	62.4174	1
944.51780	473.26620	2	47.7964	2
944.51830	473.26645	2	45.1884	2
944.52870	473.27160	2	49.3510	2
944.55420	473.28440	2	54.5142	2
945.46010	473.73735	2	76.7739	2
945.51275	473.76365	2	40.4254	2
945.54975	473.78215	2	58.4813	2
946.50885	474.26170	2	36.7780	2
946.51265	474.26360	2	45.8375	2
946.52725	474.27090	2	69.2262	2
946.53390	474.27425	2	37.6471	2
946.54950	474.28205	2	73.7968	2
947.43475	474.72465	2	37.9526	2
947.51495	474.76475	2	70.9902	2
948.45920	475.23690	2	32.1595	1
948.46640	475.24045	2	52.7968	2
948.46695	475.24075	2	44.0742	2
948.61155	475.31305	2	56.3589	2
949.42740	475.72100	2	33.6310	1
949.48645	475.75050	2	39.2344	2
949.48715	475.75085	2	54.0498	2
949.48770	475.75110	2	45.5428	1
949.49075	475.75265	2	86.2848	2
949.50575	475.76015	2	77.0553	2
949.52730	475.77090	2	79.1090	2
950.45310	476.23380	2	50.0546	2
950.48235	476.24845	2	48.9763	2
950.48280	476.24865	2	46.6724	2
950.48620	476.25035	2	73.1548	2
950.50170	476.25810	2	59.2158	2
950.50815	476.26135	2	51.5355	2
951.49120	476.75285	2	59.8506	2
951.51795	476.76625	2	79.7735	2
952.44920	477.23185	2	46.9991	2
952.44965	477.23210	2	42.7749	2
952.46935	477.24195	2	50.7471	2
952.49680	477.25570	2	35.3418	2
952.53505	477.27480	2	41.9203	2
954.44080	478.22770	2	35.7116	2
954.44520	478.22990	2	52.3928	2
955.53415	478.77435	2	62.6413	2
955.57000	478.79225	2	60.8471	2
956.50390	479.25925	2	38.1163	2
956.51895	479.26675	2	36.4635	2
956.52915	479.27185	2	46.6775	2
956.52925	479.27190	2	53.2589	2
956.53000	479.27230	2	43.9612	3
956.53640	479.27550	2	66.0455	2
956.57965	479.29710	2	77.1752	2
957.48865	479.75160	2	33.4981	4
957.53080	479.77270	2	48.3335	2
957.53490	479.77475	2	31.3272	2
957.56000	479.78730	2	48.0866	2
957.59675	479.80565	2	47.0788	2
958.47185	480.24320	2	41.1106	2
958.48720	480.25090	2	56.2049	2
958.50960	480.26210	2	56.5482	2
959.50850	480.76150	2	40.6085	3
959.52990	480.77220	2	42.3970	2
959.53280	480.77370	2	68.6748	2
959.55490	480.78475	2	57.7535	2
959.58265	480.79860	2	83.2708	2
960.44985	481.23220	2	34.7609	2
960.46390	481.23920	2	30.9426	1
960.47485	481.24470	2	41.6663	2
960.50450	481.25950	2	46.3930	2
960.51310	481.26380	2	38.9424	2
960.53160	481.27310	2	57.3024	2
960.53895	481.27675	2	61.1288	2
961.50900	481.76180	2	41.0423	1
962.47380	482.24420	2	45.5134	1
962.47480	482.24470	2	47.5633	2
962.50740	482.26100	2	62.2517	1
962.51885	482.26670	2	55.4293	2
962.53800	482.27630	2	85.7879	1
962.54630	482.28040	2	62.0541	1
963.44545	482.73000	2	54.3742	2
963.50185	482.75820	2	39.8106	2
963.50675	482.76070	2	33.8590	2
963.55450	482.78455	2	74.3750	2
964.46150	483.23800	2	37.7894	2
964.48065	483.24760	2	68.9419	2
964.49810	483.25635	2	42.6649	2
964.52295	483.26875	2	54.0080	2
965.44500	483.72980	2	41.1157	2
965.44680	483.73070	2	34.3274	3
965.45970	483.73710	2	37.3798	2
965.48230	483.74845	2	60.4614	2
965.62740	483.82095	2	82.0965	2
966.46605	484.24030	2	41.4429	2
966.46725	484.24090	2	36.3286	2
966.46810	484.24130	2	44.3705	3
966.50515	484.25990	2	44.4722	2
966.52450	484.26955	2	46.5622	2
967.47970	484.74710	2	57.7438	2
967.50130	484.75790	2	71.6397	1
967.51810	484.76630	2	28.8397	1
967.52330	484.76895	2	47.2013	2
967.54530	484.77995	2	36.2465	2
967.58150	484.79800	2	56.4839	2
968.44460	485.22960	2	40.1136	2
968.52845	485.27150	2	48.8370	2
968.52870	485.27165	2	37.0439	2
969.48785	485.75120	2	39.8950	2
969.51260	485.76360	2	46.8897	1
969.52475	485.76965	2	50.4050	2
969.54650	485.78050	2	31.9238	1
969.54885	485.78170	2	40.8859	2
969.56105	485.78780	2	52.7305	2
969.58625	485.80040	2	68.5413	2
969.58625	485.80040	2	63.6801	2
970.48710	486.25085	2	54.4304	2
970.54470	486.27965	2	55.7919	2
970.58115	486.29785	2	68.7804	2
970.58120	486.29785	2	44.9071	2
971.50415	486.75935	2	30.9770	2
971.52870	486.77165	2	35.5648	2
971.52880	486.77170	2	58.5161	2
971.52890	486.77175	2	48.4980	2
971.55450	486.78455	2	57.3933	2
971.56505	486.78980	2	33.1063	2
971.56610	486.79030	2	43.9457	1
972.46520	487.23985	2	32.7703	2
972.47390	487.24420	2	68.3866	1
972.57185	487.29320	2	34.4705	2
973.50810	487.76135	2	41.6972	2
973.54430	487.77945	2	33.4166	2
974.50385	488.25920	2	37.5921	2
974.51880	488.26670	2	58.7345	2
975.47430	488.74445	2	45.1365	2
975.50215	488.75835	2	52.5513	2
975.53860	488.77660	2	64.5086	1
975.53890	488.77670	2	64.5239	1
976.49730	489.25595	2	57.8659	2
976.50900	489.26180	2	47.6542	2
976.52380	489.26915	2	60.0827	2
976.54550	489.28005	2	40.4923	2
977.44350	489.72905	2	46.8529	2
977.48205	489.74830	2	45.3492	2
977.51895	489.76675	2	51.9944	2
978.46390	490.23920	2	45.7193	1
978.47790	490.24620	2	41.3476	2
978.50245	490.25850	2	59.8850	2
979.44920	490.73185	2	66.0928	2
979.46135	490.73795	2	38.2895	2
979.49655	490.75555	2	52.3317	2
979.50050	490.75750	2	25.4799	1
979.57020	490.79240	2	55.9689	1
979.57030	490.79245	2	39.6718	2
980.45600	491.23525	2	36.5752	2
980.49635	491.25545	2	52.1708	2
981.50190	491.75830	2	47.3597	1
981.52505	491.76980	2	29.4284	2
981.56040	491.78745	2	39.8497	2
981.59695	491.80575	2	40.8933	2
982.46025	492.23740	2	33.1189	2
982.47455	492.24455	2	41.6612	2
982.51935	492.26695	2	37.8236	2
983.47485	492.74470	2	48.0993	2
983.50390	492.75920	2	42.1436	2
983.57635	492.79545	2	63.8553	2
983.58415	492.79935	2	71.1599	2
983.58800	492.80130	2	43.8982	2
983.60150	492.80800	2	57.8114	2
984.43770	493.22610	2	33.4684	1
984.49230	493.25340	2	51.7677	1
984.49320	493.25390	2	51.7379	1
984.63360	493.32410	2	49.9369	2
985.37505	493.69480	2	33.5203	2
985.50070	493.75760	2	44.3496	1
985.53770	493.77610	2	46.1543	2
985.54435	493.77945	2	43.2241	2
985.55565	493.78510	2	42.9847	2
986.49020	494.25240	2	67.1949	2
987.50050	494.75750	2	30.8072	2
987.50400	494.75930	2	56.0055	1
987.52410	494.76930	2	44.5810	2
987.53535	494.77495	2	49.4962	2
987.57170	494.79315	2	59.0428	2
988.48315	495.24885	2	37.7719	2
988.50090	495.25770	2	64.3858	1
988.51950	495.26705	2	42.4824	2
988.54390	495.27920	2	47.0997	2
988.55300	495.28380	2	52.8674	3
988.57430	495.29440	2	71.6104	1
988.58095	495.29775	2	50.6417	2
989.47615	495.74535	2	32.4721	2
989.49715	495.75585	2	35.9407	2
989.55445	495.78450	2	48.2311	2
989.55495	495.78475	2	58.5115	2
990.45850	496.23655	2	36.6321	2
990.47405	496.24430	2	45.7498	2
990.51360	496.26405	2	42.2827	2
990.51415	496.26435	2	48.6434	2
990.54945	496.28200	2	72.5715	2
991.50885	496.76170	2	67.1016	2
991.50910	496.76180	2	60.4039	2
991.54540	496.78000	2	68.8989	2
991.57035	496.79245	2	61.0187	2
992.48525	497.24990	2	56.3588	2
992.53235	497.27345	2	80.6709	2
992.55490	497.28470	2	68.5025	1
992.60145	497.30800	2	70.4466	2
993.44105	497.72780	2	42.4513	2
993.45130	497.73295	2	39.9646	2
993.49155	497.75305	2	63.3270	2
993.51280	497.76370	2	53.2106	2
993.51290	497.76375	2	49.7056	2
993.53155	497.77305	2	67.8704	2
993.54850	497.78150	2	64.1978	2
994.43870	498.22660	2	36.2690	1
994.45345	498.23400	2	35.3154	2
994.49735	498.25595	2	48.9813	2
994.50875	498.26165	2	47.4066	2
994.50900	498.26175	2	31.4223	2
994.51540	498.26500	2	72.7468	2
994.54470	498.27960	2	34.4580	2
994.60555	498.31005	2	73.6381	2
994.65370	498.33410	2	45.9660	2
995.49235	498.75345	2	43.3077	2
996.53045	499.27255	2	48.0314	2
996.53115	499.27285	2	68.1885	2
996.57160	499.29305	2	45.0721	2
997.58095	499.79775	2	38.6210	2
998.50065	500.25760	2	57.9354	2
998.58725	500.30090	2	40.3212	2
999.48285	500.74870	2	31.1471	2
999.53400	500.77425	2	42.3176	2
999.53680	500.77565	2	29.4334	2
999.57155	500.79305	2	31.7206	2
1000.49330	501.25390	2	35.6534	2
1000.55860	501.28660	2	88.5437	5
1001.51480	501.76465	2	43.9010	2
1001.55465	501.78460	2	67.0747	2
1002.47070	502.24260	2	33.8212	2
1002.48490	502.24970	2	38.5092	2
1002.48560	502.25010	2	41.2371	2
1002.52770	502.27115	2	37.1442	2
1002.54655	502.28055	2	32.6165	2
1002.55870	502.28660	2	36.0589	1
1003.50080	502.75770	2	43.1673	2
1003.51270	502.76360	2	49.1697	1
1003.51875	502.76665	2	44.2094	2
1003.52360	502.76910	2	34.8810	2
1003.57025	502.79240	2	77.3887	2
1004.44630	503.23040	2	34.5056	1
1004.54035	503.27745	2	47.9917	2
1004.56525	503.28990	2	42.8063	2
1005.46925	503.74190	2	48.9713	2
1005.48060	503.74760	2	37.6998	2
1005.49270	503.75360	2	29.5654	1
1005.51230	503.76340	2	54.7796	1
1005.53180	503.77315	2	68.3982	2
1005.53545	503.77500	2	35.5364	2
1006.45300	504.23380	2	31.6422	2
1006.47075	504.24265	2	41.4608	2
1006.49905	504.25680	2	54.1017	2
1007.45625	504.73540	2	38.3489	2
1007.46745	504.74100	2	40.7972	2
1007.50575	504.76015	2	43.6147	2
1007.52860	504.77155	2	43.3173	2
1007.54000	504.77725	2	55.8181	2
1007.54345	504.77900	2	68.0436	2
1007.67410	504.84430	2	72.4854	2
1008.47735	505.24595	2	50.3722	2
1008.50960	505.26210	2	60.7943	2
1008.51580	505.26520	2	51.2666	2
1009.44750	505.73100	2	42.0554	2
1009.51935	505.76695	2	35.8589	2
1009.54940	505.78200	2	87.4175	2
1010.42210	506.21830	2	34.2414	1
1010.45180	506.23315	2	38.5257	2
1010.51140	506.26295	2	63.1050	2
1010.55710	506.28580	2	49.4307	1
1011.52355	506.76905	2	36.4019	2
1011.53505	506.77480	2	45.0954	2
1011.54575	506.78015	2	42.5745	2
1011.57170	506.79310	2	52.4788	2
1011.60750	506.81105	2	67.3175	2
1012.48800	507.25125	2	59.0623	2
1012.57055	507.29255	2	58.2204	2
1012.57190	507.29320	2	87.4663	6
1012.58180	507.29820	2	60.3663	2
1012.59080	507.30270	2	59.7356	1
1012.60325	507.30890	2	38.6733	2
1012.63985	507.32720	2	49.1713	2
1013.46405	507.73930	2	71.8324	2
1013.53980	507.77715	2	43.7741	2
1013.55455	507.78455	2	65.0795	2
1013.56165	507.78810	2	37.3723	2
1013.62390	507.81925	2	66.5947	2
1014.53435	508.27445	2	42.8926	2
1014.53570	508.27510	2	38.0872	2
1014.57130	508.29295	2	37.1965	2
1014.57155	508.29305	2	46.0509	2
1015.49170	508.75315	2	39.4670	2
1015.58540	508.79995	2	70.8055	2
1015.59160	508.80305	2	65.5044	2
1016.46015	509.23735	2	36.6274	2
1016.51710	509.26585	2	47.7158	2
1016.53170	509.27315	2	48.3803	2
1016.54015	509.27735	2	42.6526	2
1016.54835	509.28145	2	49.0829	2
1017.46930	509.74190	2	35.2582	1
1017.47315	509.74385	2	41.4044	2
1017.51715	509.76585	2	76.8652	2
1017.53425	509.77445	2	38.6512	2
1017.57630	509.79545	2	40.3778	2
1017.62205	509.81830	2	66.1276	2
1018.54490	510.27970	2	39.7354	2
1018.58160	510.29805	2	70.3119	2
1019.41960	510.71710	2	43.3592	1
1019.50430	510.75945	2	42.8590	2
1019.54000	510.77730	2	54.1466	2
1019.54005	510.77730	2	35.0523	2
1019.54670	510.78060	2	66.6624	2
1019.54780	510.78120	2	75.5220	1
1019.55220	510.78340	2	47.4257	2
1020.52360	511.26905	2	49.4893	2
1020.52365	511.26910	2	56.2348	2
1020.52440	511.26950	2	63.9086	2
1020.53520	511.27485	2	54.6454	2
1021.43975	511.72715	2	37.5946	2
1021.44895	511.73175	2	33.9782	2
1021.49415	511.75435	2	30.1827	2
1021.51195	511.76325	2	43.3974	2
1021.54460	511.77960	2	60.4514	2
1021.60340	511.80900	2	52.1086	2
1022.50360	512.25905	2	53.3385	2
1022.51095	512.26275	2	76.8345	2
1023.44700	512.73080	2	38.9085	1
1023.48745	512.75100	2	37.8804	2
1023.51655	512.76555	2	60.3664	2
1023.60705	512.81080	2	67.9202	2
1024.37450	513.19450	2	41.8130	2
1024.50170	513.25810	2	39.8958	1
1024.60330	513.30895	2	52.5744	2
1025.45615	513.73535	2	38.3144	2
1025.48300	513.74880	2	49.9735	2
1025.50400	513.75925	2	40.5422	2
1025.55110	513.78285	2	34.9675	2
1025.60210	513.80835	2	48.9597	2
1026.44615	514.23035	2	42.0961	2
1027.56590	514.79020	2	33.0074	1
1027.56630	514.79045	2	36.0905	2
1027.59145	514.80300	2	58.6066	2
1027.60265	514.80860	2	68.5340	2
1028.56000	515.28725	2	42.9216	2
1029.47720	515.74590	2	41.9989	1
1029.47735	515.74595	2	56.7170	2
1029.53935	515.77695	2	52.2317	2
1029.54385	515.77920	2	37.1170	2
1029.54645	515.78050	2	33.9216	2
1029.57960	515.79710	2	41.0818	1
1029.58245	515.79850	2	36.4514	2
1030.52980	516.27220	2	35.1796	2
1030.59195	516.30325	2	78.5446	2
1030.60650	516.31055	2	75.2776	2
1031.46300	516.73875	2	63.8655	2
1031.50310	516.75885	2	41.2320	2
1031.50700	516.76075	2	49.0647	2
1031.54570	516.78010	2	51.5953	2
1031.58680	516.80070	2	56.5358	2
1032.49830	517.25645	2	41.6766	2
1032.53460	517.27460	2	48.6219	2
1032.59710	517.30585	2	73.2359	2
1033.56710	517.79080	2	42.7133	2
1033.58070	517.79760	2	81.7401	2
1033.61695	517.81575	2	69.4042	2
1034.52095	518.26775	2	64.4919	2
1034.55990	518.28720	2	80.1409	1
1035.48735	518.75095	2	60.9053	2
1035.56045	518.78750	2	60.2689	2
1036.51945	519.26700	2	43.1131	2
1036.53400	519.27430	2	70.9779	2
1036.53660	519.27555	2	67.3387	2
1036.55510	519.28480	2	62.9813	2
1037.50605	519.76030	2	33.5126	2
1037.62335	519.81895	2	54.5867	2
1037.64875	519.83165	2	70.6861	2
1038.48065	520.24760	2	46.6541	2
1038.48670	520.25060	2	46.1819	1
1038.54645	520.28050	2	34.5534	2
1039.46450	520.73955	2	47.5140	2
1039.49790	520.75625	2	52.2497	2
1039.56550	520.79000	2	47.7649	2
1039.56700	520.79080	2	45.8067	1
1040.46880	521.24170	2	40.8364	2
1040.49650	521.25550	2	41.5845	2
1040.54980	521.28215	2	54.1678	2
1040.56900	521.29180	2	49.7867	2
1040.59850	521.30655	2	56.6931	2
1040.62275	521.31865	2	73.4253	2
1040.65895	521.33675	2	59.4494	2
1041.44010	521.72730	2	45.2381	1
1041.45450	521.73450	2	35.5519	2
1041.53355	521.77405	2	50.0570	2
1041.58115	521.79785	2	51.9320	2
1042.51510	522.26485	2	64.1064	2
1042.53080	522.27265	2	37.2319	2
1042.54270	522.27860	2	42.6184	1
1042.55575	522.28515	2	53.4243	2
1042.57740	522.29595	2	40.6626	2
1043.54330	522.77890	2	48.4339	2
1043.55010	522.78235	2	78.5752	2
1043.56200	522.78830	2	33.1719	2
1043.56240	522.78850	2	36.2490	2
1043.60390	522.80925	2	63.1488	2
1044.51980	523.26720	2	44.3082	3
1044.53870	523.27660	2	65.7984	2
1044.55550	523.28500	2	43.2084	2
1044.56120	523.28790	2	58.0204	2
1045.51260	523.76360	2	56.9286	2
1045.53200	523.77325	2	46.4511	2
1045.53980	523.77720	2	32.9645	2
1045.54130	523.77790	2	30.7699	2
1045.55850	523.78650	2	62.8866	2
1045.60185	523.80820	2	60.1454	2
1046.52555	524.27005	2	35.2529	2
1046.58840	524.30150	2	37.8809	1
1046.59665	524.30560	2	49.2911	2
1047.50330	524.75890	2	53.1129	1
1047.52730	524.77090	2	59.6253	2
1048.47900	525.24675	2	34.8479	2
1048.55770	525.28615	2	31.3322	2
1049.52550	525.77000	2	50.6543	2
1049.56160	525.78810	2	37.1367	2
1050.51015	526.26235	2	45.8160	2
1050.53365	526.27410	2	47.9442	2
1050.55765	526.28610	2	31.0568	2
1050.57070	526.29265	2	61.8179	2
1050.59530	526.30490	2	68.0360	2
1051.49335	526.75395	2	36.7260	2
1051.50670	526.76060	2	46.4417	1
1052.46330	527.23895	2	57.3553	2
1053.61805	527.81630	2	55.6959	2
1054.49750	528.25605	2	68.3644	2
1054.53345	528.27400	2	74.4664	2
1054.54100	528.27780	2	31.4629	3
1054.60045	528.30750	2	51.7112	2
1054.60305	528.30880	2	56.7900	2
1055.42270	528.71860	2	47.1381	2
1055.49255	528.75355	2	44.4345	2
1055.57750	528.79600	2	49.2281	1
1055.58560	528.80010	2	63.4112	2
1055.58595	528.80025	2	67.4980	2
1056.53270	529.27360	2	76.5528	1
1056.56205	529.28830	2	43.0672	2
1056.58090	529.29775	2	54.7527	2
1056.59260	529.30360	2	52.6467	2
1057.50720	529.76090	2	43.5737	1
1057.51175	529.76315	2	71.9553	2
1057.55255	529.78355	2	40.5374	2
1057.56875	529.79165	2	37.6496	2
1057.57645	529.79550	2	35.5571	2
1057.57710	529.79585	2	44.1752	2
1057.63880	529.82670	2	77.3301	2
1058.49225	530.25340	2	50.3973	2
1058.54420	530.27940	2	77.9750	2
1058.55800	530.28625	2	71.6463	2
1058.57200	530.29330	2	46.6142	3
1058.59705	530.30580	2	39.3137	2
1059.50905	530.76180	2	43.1232	2
1059.54030	530.77740	2	55.2544	1
1059.60110	530.80785	2	56.6063	2
1060.47650	531.24555	2	33.2379	2
1060.52345	531.26900	2	73.8569	2
1060.61690	531.31570	2	82.6336	2
1061.55065	531.78260	2	44.4897	2
1061.57565	531.79510	2	74.2867	2
1062.52375	532.26915	2	77.4559	2
1062.53435	532.27445	2	56.2114	2
1062.57140	532.29300	2	59.8901	2
1062.58210	532.29835	2	55.8892	2
1063.52900	532.77180	2	43.5752	2
1063.54100	532.77780	2	45.8970	2
1064.63460	533.32460	2	54.0200	2
1065.44785	533.73120	2	46.1885	2
1065.55240	533.78350	2	60.8975	2
1065.55310	533.78385	2	77.7079	2
1065.65450	533.83450	2	72.9607	1
1066.45730	534.23595	2	53.5148	2
1066.46735	534.24095	2	31.5788	2
1066.50685	534.26070	2	32.2676	2
1066.51805	534.26630	2	56.0446	2
1067.51340	534.76395	2	45.0597	2
1067.57120	534.79285	2	52.3385	2
1068.55055	535.28255	2	36.2388	2
1068.55945	535.28700	2	63.4162	2
1068.57995	535.29725	2	59.7173	2
1068.59350	535.30405	2	56.6932	2
1068.65335	535.33395	2	44.8218	2
1070.57070	536.29260	2	67.9428	1
1070.60835	536.31145	2	44.3010	2
1070.63400	536.32425	2	68.5336	2
1070.65930	536.33695	2	75.5011	2
1071.41705	536.71580	2	39.2951	2
1071.56420	536.78940	2	48.5575	2
1071.59350	536.80400	2	53.3566	3
1072.52975	537.27215	2	47.0863	2
1072.57400	537.29425	2	72.8751	2
1072.59580	537.30520	2	38.4092	2
1072.61315	537.31385	2	40.4801	2
1073.49930	537.75690	2	44.3795	2
1073.51775	537.76615	2	53.9549	2
1073.52385	537.76920	2	33.3958	2
1073.58715	537.80085	2	43.4070	2
1073.59120	537.80290	2	58.6380	2
1073.60800	537.81130	2	33.8138	1
1073.60895	537.81175	2	85.8859	2
1073.65935	537.83695	2	62.6925	2
1074.54580	538.28015	2	42.8638	2
1074.55215	538.28335	2	52.9123	2
1074.57090	538.29275	2	59.3078	2
1075.47860	538.74660	2	32.7519	2
1075.53360	538.77410	2	65.3037	2
1075.55870	538.78660	2	60.9579	1
1075.59155	538.80305	2	69.9457	2
1075.61315	538.81385	2	57.2004	2
1075.62830	538.82145	2	66.8894	2
1076.51350	539.26400	2	48.8581	2
1076.55985	539.28720	2	53.7659	2
1076.57210	539.29330	2	42.1236	2
1077.57015	539.79235	2	63.8855	2
1077.60450	539.80955	2	38.4467	2
1078.50425	540.25940	2	40.1966	2
1081.45630	541.73540	2	39.7794	1
1081.62400	541.81925	2	59.3527	2
1082.53125	542.27290	2	54.2969	2
1082.55545	542.28500	2	81.3394	2
1082.64545	542.33000	2	54.6376	2
1084.48635	543.25045	2	37.7640	2
1084.52045	543.26750	2	73.0941	2
1084.54110	543.27780	2	26.8844	1
1084.57030	543.29240	2	88.1020	2
1084.57400	543.29430	2	93.0005	2
1084.63805	543.32630	2	77.9559	2
1085.60760	543.81110	2	50.9878	2
1085.61285	543.81370	2	42.7826	2
1085.64440	543.82950	2	66.5271	2
1086.06410	544.03935	2	49.7785	4
1086.55600	544.28530	2	47.2224	2
1086.56560	544.29010	2	50.5160	1
1086.56675	544.29065	2	32.4062	2
1087.55080	544.78270	2	50.5801	2
1087.56530	544.78995	2	41.4120	2
1087.58765	544.80110	2	40.6863	2
1087.59900	544.80680	2	29.5758	1
1087.61310	544.81380	2	69.5340	2
1088.45535	545.23495	2	35.9781	2
1088.50850	545.26155	2	30.4623	2
1088.55470	545.28460	2	70.1848	2
1088.57110	545.29285	2	31.3871	2
1088.60840	545.31145	2	34.3692	2
1089.53155	545.77305	2	40.9116	2
1089.55765	545.78610	2	33.0250	2
1089.56735	545.79095	2	61.9543	2
1089.60275	545.80865	2	43.9275	2
1090.46835	546.24145	2	36.7830	2
1090.60225	546.30840	2	58.2253	2
1091.51605	546.76530	2	54.8209	2
1092.53880	547.27670	2	54.5463	2
1092.58160	547.29805	2	53.3210	2
1093.54005	547.77730	2	57.2605	2
1094.08045	548.04750	2	35.2893	4
1094.55130	548.28290	2	67.1868	2
1094.55535	548.28495	2	76.7113	2
1094.56155	548.28805	2	31.7744	2
1094.59715	548.30585	2	56.9027	2
1095.46640	548.74050	2	52.2818	2
1095.55660	548.78560	2	53.7216	1
1095.56385	548.78920	2	68.4803	2
1095.56680	548.79070	2	30.2864	1
1095.58150	548.79800	2	54.9618	1
1096.51875	549.26665	2	47.6784	2
1096.56225	549.28840	2	41.1774	2
1097.60875	549.81165	2	55.7635	2
1097.61990	549.81720	2	35.7874	1
1098.53405	550.27430	2	44.2305	2
1098.57855	550.29655	2	34.6377	2
1098.58300	550.29880	2	49.4578	2
1099.49280	550.75370	2	59.4810	2
1100.46015	551.23735	2	65.4440	2
1100.55815	551.28635	2	32.3235	2
1100.56060	551.28755	2	36.5182	2
1100.57175	551.29315	2	70.3633	2
1101.52405	551.76930	2	55.0023	2
1101.55540	551.78495	2	69.6103	2
1101.57310	551.79380	2	31.2567	1
1101.60665	551.81060	2	36.7181	2
1101.65110	551.83285	2	52.1711	2
1102.50805	552.26130	2	65.1117	2
1102.56480	552.28970	2	33.0176	3
1102.57740	552.29595	2	63.3608	2
1102.58695	552.30075	2	35.0809	2
1103.56100	552.78780	2	38.4714	2
1103.58190	552.79820	2	49.8288	2
1103.63830	552.82640	2	83.4656	2
1104.44820	553.23140	2	29.6666	1
1104.47605	553.24530	2	33.8175	4
1104.50930	553.26195	2	52.0890	2
1104.51940	553.26700	2	44.0216	1
1104.53280	553.27370	2	43.4595	2
1104.54645	553.28050	2	45.7233	2
1104.54705	553.28080	2	43.1438	2
1104.56370	553.28915	2	47.6889	2
1104.56645	553.29050	2	32.0659	2
1104.59250	553.30355	2	59.1814	2
1104.62600	553.32030	2	86.6884	2
1104.69180	553.35320	2	87.7308	1
1105.57665	553.79560	2	63.9977	2
1106.53840	554.27650	2	46.8424	2
1106.58535	554.29995	2	81.8087	2
1106.60895	554.31175	2	81.1387	2
1107.53855	554.77655	2	60.4193	2
1107.54390	554.77925	2	53.5841	2
1107.54960	554.78210	2	64.8844	2
1107.55945	554.78700	2	36.0278	2
1107.57725	554.79590	2	92.7116	6
1107.59210	554.80335	2	43.6332	2
1108.51630	555.26545	2	30.6101	2
1108.57085	555.29270	2	77.2079	2
1108.92045	555.46750	2	36.1641	4
1109.50270	555.75860	2	74.3098	1
1109.53310	555.77385	2	77.7273	2
1109.53980	555.77720	2	46.3929	2
1109.55060	555.78260	2	89.0884	2
1109.57245	555.79350	2	31.6552	2
1109.58685	555.80070	2	57.7432	2
1109.61215	555.81335	2	70.2038	2
1109.68110	555.84785	2	77.6281	2
1110.51940	556.26700	2	59.4810	2
1110.55490	556.28470	2	54.1576	1
1110.59045	556.30250	2	82.0539	2
1110.66565	556.34010	2	73.2766	2
1111.57350	556.79400	2	32.6568	1
1113.63320	557.82390	2	61.6311	1
1114.55650	558.28550	2	77.0249	2
1114.56160	558.28810	2	38.4075	1
1114.56665	558.29060	2	63.5881	2
1114.62400	558.31925	2	61.1612	2
1114.63450	558.32450	2	52.2792	1
1115.05265	558.53360	2	45.5615	4
1115.51490	558.76470	2	46.4115	2
1115.54570	558.78010	2	45.0286	1
1115.55810	558.78630	2	33.4270	2
1115.58050	558.79750	2	40.8834	2
1115.58465	558.79960	2	53.0045	2
1115.60060	558.80755	2	55.1794	2
1116.50195	559.25825	2	42.9242	2
1116.56540	559.29000	2	53.5535	2
1116.58230	559.29845	2	71.5204	2
1116.61255	559.31355	2	33.8538	2
1116.65390	559.33420	2	81.9724	2
1117.52725	559.77090	2	38.1530	2
1117.54275	559.77865	2	41.3552	2
1117.56375	559.78915	2	50.2461	2
1117.60640	559.81045	2	69.9134	2
1118.01730	560.01595	2	45.4888	4
1118.48415	560.24935	2	31.4843	2
1118.54855	560.28155	2	75.0677	2
1118.60520	560.30985	2	68.5981	2
1118.63405	560.32430	2	56.1589	2
1119.54190	560.77825	2	68.2542	2
1119.56760	560.79110	2	55.7739	3
1119.58280	560.79870	2	61.5817	2
1119.59505	560.80480	2	66.4034	2
1119.66965	560.84210	2	81.5480	2
1120.57640	561.29545	2	59.5346	2
1121.53415	561.77435	2	67.6922	2
1121.54660	561.78060	2	42.0744	1
1121.57140	561.79300	2	41.3192	1
1121.57240	561.79350	2	65.1950	1
1121.60875	561.81165	2	46.7593	2
1122.51170	562.26310	2	58.8180	1
1122.70060	562.35760	2	71.0389	1
1123.47900	562.74680	2	45.4332	2
1123.57075	562.79265	2	56.5753	2
1123.58115	562.79785	2	52.9404	2
1124.61945	563.31700	2	68.2965	2
1124.63110	563.32285	2	36.3082	6
1124.68095	563.34775	2	79.3244	2
1125.51205	563.76330	2	33.6067	2
1125.53750	563.77605	2	48.1361	2
1125.57365	563.79410	2	42.0396	2
1125.63980	563.82715	2	60.0500	2
1126.49685	564.25570	2	53.6628	2
1126.59810	564.30630	2	50.8258	1
1126.61650	564.31555	2	82.5373	2
1127.15990	564.58720	2	87.0919	4
1127.47360	564.74405	2	68.0076	2
1127.55970	564.78710	2	76.5226	1
1127.56390	564.78925	2	41.5261	2
1127.61230	564.81340	2	61.0738	2
1127.65530	564.83490	2	51.7834	3
1128.56635	565.29045	2	40.8623	2
1128.57900	565.29680	2	41.7580	2
1128.59035	565.30245	2	30.8020	2
1128.63860	565.32660	2	58.8230	2
1129.58020	565.79740	2	54.9012	2
1129.63340	565.82395	2	33.7690	2
1129.63445	565.82450	2	38.6484	2
1129.67110	565.84280	2	69.0367	2
1130.56055	566.28755	2	46.6157	2
1130.59460	566.30460	2	47.1698	2
1131.57785	566.79620	2	32.9593	2
1131.62905	566.82180	2	69.4176	2
1131.65330	566.83395	2	80.6622	2
1132.53680	567.27565	2	31.1227	2
1132.55540	567.28500	2	56.0627	1
1132.58880	567.30165	2	60.9909	2
1133.55420	567.78440	2	68.1570	2
1133.57215	567.79335	2	55.2066	2
1133.57265	567.79360	2	71.3434	2
1133.57495	567.79475	2	65.2246	2
1133.60845	567.81150	2	61.4434	2
1133.64470	567.82960	2	67.1301	2
1134.53365	568.27410	2	42.9507	2
1134.55205	568.28330	2	33.8890	2
1134.57810	568.29630	2	45.4686	3
1134.59190	568.30320	2	46.8612	1
1135.59920	568.80690	2	46.4697	2
1136.53525	569.27490	2	52.6077	2
1136.57135	569.29295	2	56.9589	2
1136.57210	569.29330	2	60.0047	2
1137.56545	569.79000	2	81.5853	2
1137.57825	569.79640	2	54.4305	2
1138.56600	570.29030	2	61.3669	2
1138.58750	570.30100	2	33.2306	1
1138.58760	570.30110	2	33.2553	1
1139.54645	570.78050	2	53.7267	2
1139.56130	570.78795	2	65.6225	2
1139.63055	570.82255	2	38.4687	2
1139.65490	570.83470	2	60.6709	2
1140.52330	571.26890	2	31.8418	2
1141.55620	571.78540	2	70.7869	2
1141.56845	571.79150	2	61.7033	2
1141.59800	571.80625	2	31.0133	2
1141.60990	571.81220	2	58.5459	2
1142.03295	572.02375	2	64.0996	4
1142.48890	572.25175	2	44.3942	2
1142.55590	572.28520	2	89.4099	1
1142.55745	572.28600	2	51.0192	2
1142.61770	572.31610	2	54.0964	1
1142.63505	572.32480	2	32.4968	2
1143.50780	572.76120	2	54.9951	2
1143.57220	572.79340	2	64.5421	2
1143.58875	572.80165	2	33.1796	2
1143.69040	572.85245	2	85.7611	2
1144.58805	573.30130	2	48.7450	2
1144.59530	573.30495	2	59.3366	2
1144.60945	573.31200	2	36.9320	2
1144.63585	573.32520	2	56.4485	2
1145.08410	573.54930	2	56.6590	4
1145.57510	573.79480	2	46.2745	2
1145.67040	573.84245	2	69.7313	2
1146.57605	574.29530	2	44.7691	2
1146.61435	574.31445	2	52.0204	2
1147.55090	574.78270	2	61.2439	1
1147.55310	574.78380	2	48.1648	2
1147.55485	574.78470	2	42.4614	2
1147.57910	574.79685	2	64.1379	2
1147.58770	574.80110	2	53.9873	2
1147.63910	574.82685	2	86.8175	2
1148.51275	575.26365	2	32.8716	2
1148.54790	575.28125	2	52.3384	2
1148.57000	575.29230	2	79.0390	2
1148.60770	575.31110	2	57.3503	1
1148.60870	575.31160	2	61.5740	2
1149.56695	575.79075	2	56.9233	2
1149.56750	575.79100	2	66.9906	2
1150.05940	576.03700	2	58.1030	4
1150.53930	576.27695	2	32.4245	2
1150.58685	576.30070	2	54.5185	2
1150.58805	576.30130	2	47.6331	2
1151.49255	576.75355	2	51.4257	2
1151.65010	576.83235	2	67.9203	2
1151.72830	576.87140	2	74.9124	1
1152.52985	577.27220	2	53.1143	2
1152.53105	577.27280	2	29.4703	2
1152.54230	577.27840	2	90.7626	2
1152.54885	577.28170	2	59.9137	2
1152.55350	577.28405	2	35.8971	2
1152.58630	577.30045	2	57.5661	2
1154.57240	578.29350	2	62.5262	2
1154.62050	578.31755	2	58.6459	2
1154.63030	578.32240	2	44.1643	2
1155.56320	578.78890	2	33.5752	2
1155.58190	578.79820	2	87.2806	2
1155.61500	578.81480	2	50.7910	1
1155.62670	578.82060	2	51.5354	2
1155.64945	578.83200	2	48.5314	2
1156.51850	579.26655	2	55.0928	2
1156.51930	579.26690	2	44.1029	2
1156.59150	579.30305	2	84.3288	2
1156.60275	579.30865	2	65.9517	2
1157.56355	579.78905	2	48.8706	2
1157.59295	579.80375	2	51.8723	2
1157.59340	579.80395	2	57.8084	2
1157.63485	579.82470	2	52.7045	2
1158.59960	580.30705	2	41.2939	2
1158.62440	580.31950	2	47.1526	1
1158.62470	580.31965	2	45.1285	2
1159.57195	580.79325	2	63.7706	2
1159.57395	580.79425	2	33.0529	2
1159.58260	580.79860	2	44.8235	2
1159.59435	580.80445	2	40.3160	2
1159.61995	580.81725	2	39.1093	2
1159.64010	580.82735	2	79.2346	2
1159.68135	580.84795	2	49.0307	2
1160.56500	581.28980	2	36.4092	3
1160.58555	581.30005	2	66.1842	2
1160.58695	581.30075	2	49.1136	2
1160.59240	581.30345	2	72.4194	2
1160.59725	581.30590	2	53.7920	2
1160.60730	581.31090	2	61.0093	3
1160.61585	581.31520	2	35.6158	2
1160.63870	581.32660	2	31.2001	1
1161.59935	581.80695	2	45.2442	2
1161.60105	581.80780	2	53.1491	2
1161.60760	581.81105	2	72.2363	2
1161.61400	581.81430	2	52.9668	2
1161.66420	581.83940	2	94.5342	3
1162.59925	582.30690	2	71.0968	2
1163.56680	582.79070	2	33.6620	1
1163.57660	582.79560	2	65.0050	2
1163.58300	582.79880	2	58.1619	2
1163.60870	582.81165	2	66.7213	2
1164.57075	583.29265	2	30.8671	2
1164.60265	583.30860	2	60.1810	2
1164.60310	583.30885	2	54.4619	2
1164.72390	583.36925	2	69.7974	2
1165.46125	583.73790	2	34.0168	2
1165.57760	583.79610	2	71.9283	3
1165.63440	583.82445	2	63.8654	2
1166.54030	584.27740	2	46.2221	2
1167.59335	584.80395	2	75.3729	2
1167.61800	584.81625	2	84.0172	2
1168.63230	585.32345	2	77.2783	2
1168.64580	585.33020	2	49.0398	3
1168.68195	585.34825	2	69.1864	2
1168.68225	585.34840	2	57.9271	2
1168.74380	585.37920	2	78.6730	2
1169.57195	585.79325	2	53.8957	2
1170.57770	586.29610	2	45.5795	2
1170.62550	586.32000	2	46.7311	2
1170.66045	586.33750	2	66.2076	2
1170.66105	586.33780	2	69.8206	2
1171.57670	586.79560	2	64.8622	3
1171.61990	586.81720	2	49.8590	2
1171.62370	586.81910	2	55.5899	2
1171.69980	586.85720	2	54.3506	2
1172.59460	587.30460	2	65.1305	1
1172.61560	587.31505	2	39.5739	2
1172.61980	587.31720	2	70.6622	2
1172.62370	587.31910	2	35.0810	1
1172.62895	587.32175	2	65.4708	2
1172.62980	587.32215	2	73.1219	2
1172.63930	587.32695	2	70.3580	2
1173.50340	587.75900	2	60.0410	1
1173.58835	587.80145	2	46.0734	2
1173.61375	587.81415	2	84.5410	2
1173.62410	587.81930	2	66.8581	1
1174.06635	588.04045	2	32.7338	4
1174.51220	588.26340	2	42.7118	1
1174.54750	588.28100	2	31.0756	1
1174.56230	588.28840	2	53.7318	2
1174.60930	588.31190	2	39.9634	2
1175.57305	588.79380	2	60.0827	2
1175.58655	588.80055	2	68.2226	2
1175.61900	588.81675	2	40.7463	2
1175.65610	588.83535	2	58.5208	2
1176.50200	589.25830	2	30.9373	1
1176.58060	589.29755	2	52.5435	2
1177.63450	589.82455	2	65.5904	2
1177.66100	589.83775	2	83.8259	2
1177.66240	589.83850	2	89.2117	3
1178.46250	590.23850	2	67.2697	1
1178.51715	590.26585	2	37.2852	2
1178.54610	590.28030	2	47.4516	2
1178.57080	590.29265	2	28.2569	2
1179.54650	590.78050	2	41.4616	1
1180.52285	591.26870	2	61.8761	2
1180.59725	591.30590	2	64.1646	2
1180.70685	591.36070	2	84.7320	2
1181.65225	591.83340	2	54.3694	2
1182.54220	592.27840	2	74.1669	2
1182.60425	592.30940	2	70.6281	2
1182.62855	592.32155	2	71.7038	2
1182.66480	592.33965	2	57.8062	2
1182.67975	592.34715	2	77.7921	2
1184.58685	593.30070	2	60.5786	2
1184.60425	593.30940	2	49.7321	2
1185.57445	593.79450	2	85.3271	2
1185.57740	593.79595	2	35.2738	2
1185.63995	593.82725	2	78.4552	2
1185.65120	593.83290	2	63.4451	2
1186.54380	594.27920	2	44.7043	2
1186.65710	594.33585	2	46.5264	2
1187.58995	594.80225	2	49.1263	2
1187.59535	594.80495	2	64.8285	2
1187.62285	594.81870	2	76.5944	2
1187.70245	594.85850	2	87.0172	2
1187.70320	594.85890	2	79.6435	2
1188.58955	595.30205	2	41.2938	2
1188.59895	595.30675	2	45.3774	2
1188.61580	595.31520	2	50.0011	2
1189.54115	595.77785	2	77.9069	2
1189.63755	595.82605	2	51.6234	2
1189.64570	595.83010	2	69.1201	2
1189.67145	595.84300	2	73.4835	2
1190.56055	596.28755	2	54.6985	2
1190.59110	596.30280	2	32.7990	1
1190.59995	596.30725	2	63.5347	2
1191.61375	596.81415	2	57.1414	2
1191.66480	596.83970	2	81.4373	2
1192.52880	597.27165	2	45.7788	2
1192.61530	597.31490	2	65.7488	2
1192.66065	597.33760	2	86.0203	2
1193.61605	597.81530	2	37.3225	2
1193.63400	597.82430	2	67.0191	2
1193.67005	597.84230	2	89.0235	2
1194.51330	598.26395	2	29.8742	2
1194.61450	598.31450	2	66.6123	1
1195.61015	598.81235	2	59.7994	2
1196.55000	599.28225	2	44.5253	2
1196.57275	599.29365	2	34.0347	2
1196.65050	599.33250	2	48.3697	2
1197.54600	599.78030	2	77.0854	2
1197.56980	599.79220	2	51.8619	2
1197.57495	400.19895	3	34.1554	2
1197.59290	599.80370	2	62.6255	2
1197.62380	599.81920	2	59.2679	1
1197.66515	599.83985	2	73.4824	2
1197.69735	599.85595	2	74.4957	2
1198.61880	400.54690	3	51.6277	1
1198.62040	600.31750	2	51.6428	1
1198.62550	600.32000	2	69.4684	1
1198.65570	400.55915	3	39.4015	2
1198.65585	600.33520	2	39.4564	2
1199.50860	600.76155	2	59.3690	2
1199.54670	600.78065	2	54.3807	2
1199.71270	600.86365	2	77.5885	2
1200.61870	401.21350	3	40.9461	2
1200.62365	601.31910	2	58.4296	2
1200.62480	601.31970	2	40.9219	2
1200.64630	601.33040	2	51.6744	2
1200.65180	601.33315	2	78.8829	2
1201.58300	601.79880	2	43.0484	5
1201.59895	601.80675	2	65.4260	2
1201.60845	601.81150	2	46.8201	2
1201.60870	401.54350	3	46.7844	2
1201.61990	601.81725	2	74.1043	2
1201.62990	401.55060	3	34.7793	2
1201.63060	601.82260	2	35.4278	2
1201.66705	401.56295	3	45.8374	2
1201.66795	601.84125	2	45.8159	2
1201.66815	601.84135	2	56.1896	2
1202.58860	602.30155	2	39.1427	2
1202.60455	401.87545	3	47.8271	2
1202.60600	602.31030	2	47.9084	2
1202.64060	401.88750	3	37.9798	2
1202.64365	602.32910	2	37.9199	2
1202.65085	602.33270	2	64.1114	2
1203.59850	602.80650	2	40.3674	2
1203.61665	602.81560	2	57.3205	2
1203.67220	602.84340	2	51.2009	2
1204.48250	603.24850	2	41.2196	1
1204.58315	603.29885	2	52.2034	2
1204.60190	603.30820	2	56.0573	1
1204.60910	603.31180	2	56.5179	2
1204.61160	603.31310	2	91.8599	1
1204.65615	402.55930	3	47.3873	2
1204.65670	603.33565	2	47.4204	2
1205.56180	603.78820	2	60.0514	1
1205.56455	402.86210	3	58.7960	2
1205.59175	402.87120	3	58.5855	2
1205.64040	603.82745	2	53.9477	2
1205.71285	402.91155	3	64.2569	2
1205.71315	603.86385	2	64.2963	2
1206.59530	604.30490	2	60.3111	2
1206.60700	604.31080	2	71.9709	2
1206.62490	604.31970	2	63.6882	2
1207.57290	604.79375	2	61.8831	2
1207.61950	604.81700	2	54.7449	1
1207.62475	604.81965	2	71.6708	2
1207.66495	604.83975	2	87.4780	2
1207.67410	604.84435	2	83.4393	2
1207.76670	604.89060	2	79.9930	2
1208.52345	605.26900	2	38.0099	2
1208.59490	605.30475	2	81.8774	2
1208.60390	605.30920	2	67.6111	1
1209.58860	605.80160	2	47.5398	2
1210.59870	606.30660	2	62.4199	2
1210.61295	404.54490	3	62.0748	2
1210.63070	404.55085	3	36.7311	2
1210.74020	606.37740	2	69.9639	2
1211.59720	606.80590	2	61.5998	1
1211.61910	606.81680	2	77.2025	2
1211.62595	404.88260	3	34.1589	2
1211.65115	404.89100	3	47.8828	2
1211.65175	606.83315	2	47.9162	2
1211.65590	606.83525	2	86.4170	2
1212.54165	607.27810	2	56.3036	2
1212.56620	405.19600	3	26.4944	2
1212.64730	405.22300	3	55.6617	1
1213.64570	405.55580	3	53.1801	2
1213.66610	607.84030	2	47.8150	1
1213.67130	405.56440	3	80.9395	1
1214.50000	608.25730	2	90.3260	2
1214.59750	608.30605	2	62.8001	2
1214.61520	608.31490	2	63.0339	1
1214.70200	608.35830	2	62.3859	1
1215.59815	608.80635	2	49.8473	2
1215.64700	608.83075	2	59.6205	2
1215.65050	608.83255	2	81.9328	2
1215.68225	406.23465	3	33.3301	2
1215.68265	608.84860	2	33.3612	2
1216.57510	609.29480	2	48.4644	2
1216.57580	609.29520	2	38.2026	2
1216.62335	609.31895	2	54.6654	2
1216.65710	609.33585	2	69.0053	2
1217.56485	609.78970	2	69.3148	2
1217.60820	609.81140	2	57.0839	2
1217.60845	609.81150	2	75.0375	2
1217.67730	406.89970	3	67.4455	2
1218.62820	610.32140	2	58.2730	1
1218.66520	610.33990	2	82.3012	1
1219.61285	610.81370	2	49.1737	2
1220.64080	611.32765	2	77.4479	2
1220.64105	611.32780	2	53.9266	2
1221.13285	611.57370	2	49.8204	4
1221.59775	611.80615	2	58.3108	2
1221.60975	408.21050	3	30.0184	2
1221.61110	611.81280	2	30.0970	2
1221.63515	611.82485	2	56.0827	2
1222.62000	612.31730	2	56.0159	2
1223.54235	612.77845	2	45.9868	2
1223.56900	408.86360	3	35.4172	1
1223.62660	612.82055	2	34.6503	2
1223.65125	408.89100	3	47.2536	2
1223.71370	612.86410	2	78.6606	7
1224.62420	613.31940	2	67.7137	2
1224.62930	613.32195	2	53.4276	2
1224.65780	613.33620	2	35.9981	1
1224.65865	409.22680	3	35.6232	2
1224.68345	613.34900	2	42.4045	2
1225.67210	613.84330	2	68.4735	1
1226.69840	614.35645	2	58.5775	2
1226.70750	614.36100	2	80.5021	1
1227.65600	614.83530	2	58.3329	1
1227.66230	614.83840	2	69.4443	2
1227.67220	614.84340	2	67.3866	3
1227.68215	410.23465	3	49.3509	2
1227.68290	614.84870	2	63.9402	2
1228.73935	615.37695	2	81.6419	2
1229.55710	615.78585	2	40.7124	2
1229.61870	615.81660	2	49.2638	2
1229.65040	410.89070	3	46.9491	1
1229.65075	615.83265	2	47.0199	2
1229.73765	410.91980	3	58.3715	2
1230.55885	411.19355	3	31.7097	2
1230.58290	616.29870	2	40.8527	2
1230.58840	616.30145	2	59.4162	2
1230.62095	616.31775	2	48.3152	2
1230.64050	616.32750	2	78.1025	2
1230.65750	616.33605	2	40.6009	2
1230.66150	616.33800	2	81.8692	2
1231.58630	616.80040	2	51.7324	1
1231.58710	616.80080	2	35.3025	2
1231.62370	616.81910	2	54.5740	2
1231.62450	616.81955	2	86.9196	2
1231.65640	616.83550	2	59.9431	2
1231.69335	411.57170	3	57.3808	2
1232.57050	617.29255	2	32.7179	2
1232.60735	617.31095	2	45.4858	2
1233.60360	412.20850	3	79.2218	1
1233.60785	617.81120	2	50.0344	2
1233.62035	617.81745	2	43.2005	2
1233.66115	617.83785	2	56.7781	2
1234.56920	412.53035	3	39.6094	2
1234.59940	618.30695	2	34.1666	2
1234.65565	618.33510	2	63.4985	2
1235.60755	618.81105	2	38.8014	2
1235.60770	412.87650	3	38.7905	2
1235.64970	618.83210	2	48.5521	1
1235.65080	412.89085	3	48.4928	2
1235.66955	618.84205	2	57.5402	2
1235.67020	412.89730	3	57.4858	1
1235.69800	412.90660	3	48.6449	1
1236.56185	619.28820	2	47.8617	2
1237.63495	413.55225	3	36.7455	2
1237.63535	619.82495	2	36.8134	2
1237.64695	619.83075	2	63.3088	2
1237.73990	619.87720	2	67.0789	3
1238.61470	620.31460	2	46.3258	1
1239.59205	620.80330	2	58.0931	2
1239.59515	414.20565	3	34.5636	2
1239.62035	620.81745	2	61.7680	2
1239.63920	620.82690	2	83.4605	1
1239.66920	620.84190	2	47.2577	3
1239.68310	620.84880	2	74.5175	2
1239.71980	620.86720	2	73.3310	2
1240.58715	414.53630	3	35.2131	2
1240.70230	621.35840	2	70.9478	2
1240.70475	621.35965	2	90.0359	2
1241.59325	621.80390	2	70.4573	2
1241.66380	621.83920	2	61.3957	2
1241.77485	621.89470	2	76.6918	2
1241.77525	414.93235	3	76.5214	2
1242.63615	415.21930	3	43.2538	2
1242.63720	622.32585	2	43.2848	2
1242.70055	622.35755	2	94.3049	2
1243.58640	622.80050	2	64.3804	1
1244.54220	623.27835	2	51.8722	2
1244.56790	623.29120	2	45.9529	2
1244.61045	415.87740	3	32.6112	2
1244.63210	623.32335	2	65.4808	2
1244.67245	415.89805	3	35.6533	2
1244.67260	623.34360	2	74.7019	1
1245.62035	623.81745	2	46.7890	2
1245.62165	416.21450	3	46.6981	2
1245.65085	623.83270	2	80.8579	2
1245.65760	623.83610	2	42.4497	1
1245.67220	416.23135	3	54.0397	2
1245.67460	623.84460	2	41.3551	2
1246.61305	416.54495	3	53.8539	2
1246.64950	416.55710	3	66.1552	2
1246.69270	624.35365	2	71.5530	2
1247.58470	416.86880	3	28.0857	1
1248.61780	625.31620	2	87.0607	1
1248.61880	625.31670	2	57.2576	1
1248.67200	625.34330	2	60.1809	2
1248.67260	625.34360	2	62.4433	1
1249.63155	625.82305	2	56.6371	2
1249.65455	625.83455	2	63.1845	2
1249.65575	625.83515	2	81.9589	2
1250.66640	626.34045	2	79.4131	2
1250.72685	626.37070	2	86.7987	2
1250.76000	626.38725	2	71.3134	2
1251.66165	626.83810	2	73.9162	2
1251.66350	418.22840	3	49.2173	1
1252.73870	627.37660	2	78.2003	2
1252.74980	418.59055	3	64.9516	2
1252.77740	627.39600	2	90.4249	2
1253.56005	627.78730	2	65.5338	2
1253.63000	418.88395	3	31.0465	2
1253.63060	627.82260	2	31.1896	1
1254.58835	628.30145	2	67.6031	2
1254.59955	628.30705	2	79.2573	2
1254.72945	628.37200	2	38.9966	2
1254.72980	628.37215	2	68.4137	2
1254.73035	419.25070	3	38.9685	2
1254.73330	419.25170	3	51.3639	2
1255.58495	628.79975	2	42.0316	2
1255.62765	628.82110	2	69.0886	2
1255.62800	628.82130	2	91.8652	1
1255.65540	419.55905	3	52.6729	2
1255.66795	628.84125	2	72.9311	2
1255.67940	628.84695	2	50.2407	2
1255.70190	628.85820	2	68.2383	2
1255.71360	419.57845	3	64.1977	2
1256.60710	629.31085	2	57.9646	2
1256.61060	629.31255	2	88.3663	2
1256.61100	629.31280	2	49.6087	2
1256.68055	629.34755	2	71.3304	4
1256.69760	419.90645	3	46.2747	2
1256.69810	629.35630	2	46.2670	2
1256.70400	629.35925	2	95.6917	2
1257.64585	629.83020	2	41.0885	2
1257.64785	420.22320	3	41.0618	2
1258.59905	630.30680	2	80.0808	2
1258.67380	630.34420	2	66.2860	2
1258.68875	630.35165	2	51.5025	2
1258.76320	630.38890	2	85.8233	2
1259.57350	420.86510	3	34.6731	1
1259.63350	630.82400	2	74.1833	2
1259.63530	630.82490	2	57.3022	2
1259.66085	630.83770	2	57.7731	2
1260.57770	631.29610	2	34.7004	2
1260.58805	631.30130	2	41.1798	2
1260.67220	631.34340	2	56.2930	2
1261.57860	631.79660	2	50.1831	2
1261.62210	421.54800	3	38.9103	2
1261.67050	421.56410	3	36.3884	2
1261.74615	631.88035	2	94.0511	2
1262.60605	632.31030	2	45.5549	2
1262.60800	421.87660	3	45.1572	2
1263.61900	422.21360	3	31.6772	2
1263.61960	632.81710	2	31.7152	2
1263.62885	632.82170	2	55.7608	2
1263.67235	632.84345	2	87.6703	2
1263.68335	632.84895	2	65.7697	2
1264.64840	422.55675	3	59.9190	2
1264.77735	633.39595	2	91.9269	2
1265.68835	422.90335	3	51.3565	2
1265.68835	633.85145	2	50.7130	2
1266.56345	634.28900	2	44.9717	2
1266.57280	634.29370	2	39.8905	1
1266.62120	423.21435	3	36.3277	2
1266.62540	634.32000	2	69.5284	1
1266.62950	634.32200	2	70.0822	1
1267.56860	423.53010	3	33.4735	1
1267.64875	634.83165	2	81.0077	2
1267.66770	634.84110	2	91.6605	1
1267.68955	634.85205	2	48.7241	2
1268.61510	423.87895	3	52.2264	2
1268.66270	423.89480	3	49.8793	2
1268.66285	635.33870	2	49.9416	2
1268.69840	635.35645	2	68.6559	2
1269.62335	635.81895	2	79.2924	2
1269.62850	635.82155	2	62.5181	2
1269.65235	424.22470	3	65.8636	2
1269.65865	635.83660	2	45.6380	2
1269.65955	424.22715	3	45.6311	2
1269.70450	635.85950	2	61.8508	2
1269.73055	635.87255	2	77.0854	2
1270.65395	636.33425	2	42.2595	2
1270.69985	424.57385	3	60.9591	2
1270.72765	636.37110	2	90.7626	2
1271.61700	636.81580	2	54.7502	1
1271.62190	636.81825	2	58.8652	2
1271.68805	424.90330	3	59.0743	2
1271.69150	636.85305	2	63.1333	2
1271.76180	636.88820	2	80.8184	2
1272.65840	637.33650	2	46.6991	1
1272.69315	637.35385	2	63.5909	2
1273.65580	637.83520	2	65.3894	2
1273.66990	637.84225	2	63.9145	2
1273.67820	637.84640	2	85.1455	1
1273.72155	637.86805	2	69.0984	2
1274.62780	425.88320	3	44.7276	2
1274.64425	638.32940	2	83.6213	2
1274.65090	638.33275	2	75.9671	2
1274.66305	638.33880	2	67.3147	2
1274.75990	638.38720	2	77.7561	1
1275.54195	638.77825	2	44.0423	2
1275.57220	638.79340	2	59.7732	2
1275.64530	426.22240	3	53.6903	1
1275.69375	426.23850	3	61.6025	2
1276.63330	639.32395	2	76.2242	2
1276.65315	639.33385	2	88.6981	2
1276.66650	639.34055	2	57.3604	2
1276.67350	639.34405	2	84.8278	2
1276.70340	639.35900	2	77.2508	1
1276.70385	639.35920	2	70.9797	2
1277.67315	639.84385	2	67.6817	2
1277.68665	639.85060	2	74.8267	2
1278.61830	640.31640	2	61.5522	5
1278.63060	640.32260	2	48.7714	1
1278.65055	640.33255	2	83.7239	2
1278.68150	427.23440	3	41.3485	1
1279.62320	640.81890	2	62.6835	1
1279.69650	427.57275	3	53.0521	2
1280.57910	641.29680	2	79.9930	2
1280.60005	427.87395	3	35.9727	2
1280.74660	641.38060	2	86.8470	1
1281.55735	641.78595	2	38.2943	2
1281.60910	428.21030	3	34.7871	2
1281.61005	641.81230	2	34.7085	2
1281.65470	428.22550	3	49.1990	1
1281.70460	428.24210	3	40.0675	1
1282.57475	642.29465	2	70.6089	2
1282.58620	642.30035	2	60.6145	2
1283.61490	642.81470	2	69.6021	2
1283.65090	642.83270	2	64.4844	2
1283.65905	642.83680	2	84.4419	2
1283.70740	428.90975	3	42.9623	2
1283.70900	642.86180	2	43.0302	1
1283.72110	428.91430	3	42.2498	2
1283.73490	642.87470	2	77.0176	1
1284.61330	429.21170	3	38.7610	1
1284.62735	643.32095	2	89.9113	2
1284.69435	643.35445	2	76.7495	2
1284.70130	643.35795	2	67.9570	2
1284.70410	429.24195	3	41.5236	2
1284.72920	643.37185	2	82.5063	2
1285.66305	643.83880	2	42.1139	2
1285.72450	429.58210	3	44.7768	1
1286.17370	644.09410	2	84.6705	4
1286.64425	429.88870	3	67.5668	2
1286.68375	644.34915	2	84.0925	2
1286.69905	644.35680	2	67.2103	2
1286.78450	644.39955	2	85.0603	2
1287.62935	644.82195	2	83.6906	2
1287.66810	644.84130	2	44.3443	1
1287.68330	644.84890	2	72.6362	2
1288.59305	645.30380	2	43.4891	2
1288.60670	645.31065	2	62.8327	2
1288.66275	645.33865	2	45.0642	2
1288.68155	645.34805	2	50.4928	2
1288.68475	645.34965	2	66.1553	2
1288.72150	645.36805	2	82.9117	2
1288.73970	645.37710	2	74.6815	2
1289.59045	645.80250	2	34.9621	2
1289.59150	430.87110	3	34.9260	2
1289.62855	645.82155	2	61.7549	2
1289.62880	645.82165	2	88.0600	2
1289.64660	645.83060	2	48.8048	2
1290.65715	646.33585	2	54.0696	2
1290.67270	431.23150	3	67.4954	1
1291.53590	646.77525	2	37.0717	2
1291.57885	646.79670	2	43.7578	2
1291.60565	646.81010	2	50.6209	2
1291.66650	646.84055	2	59.1894	2
1293.62405	647.81930	2	54.6934	2
1294.16295	432.39495	3	61.0245	4
1294.62225	648.31840	2	67.2829	2
1294.73290	648.37370	2	81.7714	2
1294.79735	432.60640	3	66.5655	2
1295.72430	648.86940	2	75.0098	2
1295.74535	648.87995	2	63.8051	2
1295.75600	432.92595	3	59.2477	2
1296.57500	649.29480	2	71.9431	1
1296.68275	649.34865	2	58.8229	2
1296.68355	433.23510	3	58.9295	2
1296.70400	649.35925	2	68.1007	2
1297.23290	649.62375	2	44.4738	4
1297.72730	433.58305	3	44.6379	4
1297.73630	649.87545	2	64.5763	2
1297.76030	433.59405	3	62.4649	2
1298.59350	650.30400	2	36.6933	2
1298.59390	433.87190	3	36.6319	2
1298.60990	433.87720	3	36.5128	2
1298.69360	650.35410	2	47.3713	2
1298.74560	650.38005	2	91.5525	2
1299.56765	650.79110	2	35.0006	2
1299.62970	650.82215	2	73.4023	2
1299.67965	650.84710	2	40.0187	2
1299.69350	650.85405	2	78.7914	2
1299.71545	650.86500	2	57.1153	2
1300.62285	651.31870	2	80.3743	2
1300.62335	651.31895	2	85.1968	2
1300.70235	651.35845	2	62.1692	2
1300.70860	651.36155	2	91.0840	2
1300.73970	651.37710	2	74.8895	2
1300.77520	651.39485	2	84.2168	2
1301.60985	651.81220	2	41.5260	2
1301.63670	434.88620	3	39.6040	2
1301.63675	651.82565	2	39.6638	2
1301.69805	651.85630	2	67.7482	2
1302.66025	652.33740	2	65.9191	2
1303.51440	652.76450	2	64.6373	2
1303.74965	652.88210	2	74.5925	2
1304.61080	653.31270	2	41.8681	2
1304.73455	653.37455	2	78.0827	2
1305.61620	436.21270	3	30.3765	1
1305.62390	653.81925	2	50.8883	2
1305.66080	653.83770	2	68.0938	1
1305.70440	653.85950	2	72.7830	2
1306.58185	436.53455	3	39.4856	2
1306.65090	436.55755	3	39.0537	2
1306.66395	654.33925	2	30.6751	2
1307.66200	654.83830	2	60.7714	1
1307.66330	654.83890	2	60.7529	1
1308.65745	655.33600	2	62.4808	2
1308.72050	437.24740	3	86.1904	2
1308.72070	655.36765	2	86.1220	2
1308.74160	655.37810	2	59.5160	2
1308.77745	655.39600	2	72.2405	2
1309.65340	655.83395	2	63.0074	2
1309.66360	437.56180	3	71.0635	1
1309.77235	655.89345	2	77.4222	2
1310.12225	656.06840	2	67.6653	4
1310.55835	656.28645	2	35.4410	2
1310.65770	437.89320	3	47.4939	1
1310.68090	656.34775	2	79.7763	2
1311.57080	656.79265	2	59.0666	2
1311.58470	656.79965	2	50.0917	2
1311.71420	438.24535	3	59.8023	2
1313.61365	657.81410	2	62.6592	2
1313.69315	438.90500	3	51.9241	2
1313.69375	657.85415	2	55.5849	2
1313.69455	657.85455	2	51.9863	2
1313.70220	657.85840	2	86.7584	2
1313.71830	438.91340	3	61.2731	1
1313.72010	657.86730	2	84.2834	2
1313.74930	438.92370	3	53.4228	1
1314.59960	439.20710	3	32.1541	1
1314.69695	658.35575	2	47.9493	2
1314.69810	658.35630	2	62.3153	1
1314.70250	439.24145	3	47.9622	2
1315.65795	658.83625	2	72.1829	2
1315.68530	658.84990	2	59.6466	1
1315.69940	658.85700	2	72.6415	2
1315.70905	658.86180	2	64.3557	2
1315.77080	439.59750	3	62.4119	1
1316.19800	659.10630	2	59.5912	2
1316.56550	659.29000	2	55.0615	2
1316.65885	659.33670	2	78.9483	2
1316.67595	439.89925	3	63.9226	2
1316.73405	659.37430	2	95.2662	2
1316.73450	659.37455	2	67.7538	2
1317.60985	440.21055	3	52.4535	2
1317.64250	659.82850	2	41.9517	2
1317.68880	659.85170	2	61.9729	1
1317.74950	440.25710	3	74.7616	1
1318.65945	660.33700	2	78.5803	2
1318.68830	660.35140	2	63.2463	2
1319.63340	660.82400	2	53.2690	2
1319.66500	440.89560	3	53.6728	2
1319.66540	660.84000	2	53.7267	1
1319.69105	660.85280	2	81.0449	2
1320.60045	661.30750	2	71.4277	2
1320.62395	441.21525	3	40.2463	2
1320.62450	661.31955	2	40.1456	2
1320.63460	441.21880	3	51.1587	1
1320.68420	661.34940	2	91.9736	16
1321.61480	661.81465	2	51.7008	2
1321.76305	661.88880	2	80.2466	2
1321.76485	441.59555	3	80.1762	2
1322.57660	441.86615	3	32.8069	2
1322.66690	662.34075	2	88.3942	2
1322.67275	662.34365	2	63.8317	2
1322.72650	662.37055	2	72.1263	2
1323.71890	442.24690	3	70.7349	1
1324.69145	663.35300	2	77.5478	2
1324.73510	663.37485	2	62.8944	2
1324.78280	442.60150	3	64.7661	2
1326.62110	664.31785	2	60.3002	2
1326.68900	664.35180	2	30.7090	2
1326.68975	443.23720	3	30.7344	2
1327.56590	664.79020	2	49.3896	2
1327.65205	443.55795	3	56.7842	2
1327.78730	664.90090	2	94.1829	2
1328.74615	443.92265	3	41.7273	2
1328.75220	443.92470	3	70.7736	2
1328.75365	665.38410	2	70.9553	2
1329.60760	665.81105	2	40.5498	2
1329.65385	665.83420	2	43.2585	2
1329.66785	444.22990	3	58.0821	2
1329.69320	665.85390	2	76.4860	1
1329.69355	444.23845	3	65.4549	2
1329.76310	665.88880	2	49.1935	1
1330.71340	666.36400	2	61.2910	3
1330.77670	666.39565	2	85.2387	2
1331.67630	666.84540	2	74.0959	2
1331.70940	666.86200	2	63.2642	1
1331.70960	666.86205	2	80.2666	2
1331.72825	666.87140	2	91.6284	2
1331.74545	666.88000	2	81.7055	2
1331.76775	666.89115	2	45.3098	2
1332.64720	667.33090	2	47.5697	2
1332.70060	667.35755	2	82.1517	2
1333.59420	667.80435	2	43.1515	2
1334.65900	668.33680	2	74.0024	1
1334.66150	445.89445	3	46.0132	2
1334.71985	668.36720	2	53.4885	2
1334.72020	445.91400	3	53.4523	1
1334.72390	668.36920	2	76.1196	2
1335.63975	668.82715	2	71.6143	2
1335.64890	668.83170	2	69.6966	1
1336.59760	669.30610	2	55.5777	4
1336.74600	446.58930	3	42.8036	2
1336.74745	669.38100	2	42.7480	2
1336.80775	669.41115	2	79.3640	2
1337.67240	669.84350	2	72.9950	2
1338.06520	670.03985	2	38.7842	4
1338.61325	670.31390	2	60.5177	2
1338.66800	670.34125	2	62.7458	2
1338.71510	447.24560	3	46.9544	1
1338.71950	670.36705	2	72.1209	2
1339.65170	670.83310	2	64.3205	2
1339.74645	447.58940	3	55.3684	2
1339.75335	670.88395	2	81.3363	2
1339.77080	670.89265	2	95.5015	6
1339.77180	447.59785	3	93.6188	2
1340.59680	671.30565	2	49.3241	2
1340.70475	671.35965	2	45.3412	6
1340.73010	671.37230	2	61.7307	2
1341.62225	671.81840	2	74.7114	2
1341.72740	448.24975	3	43.7892	2
1342.65115	448.55765	3	53.9873	2
1342.65180	448.55785	3	37.2069	2
1342.70970	448.57720	3	56.1588	2
1342.70985	672.36220	2	62.5445	2
1342.73725	672.37590	2	83.8605	14
1343.76700	448.92960	3	54.2858	2
1343.76730	672.89095	2	54.2909	2
1344.71450	673.36450	2	65.5447	2
1344.72970	449.25050	3	71.8967	2
1344.74115	673.37785	2	82.9451	2
1344.74425	449.25535	3	81.1732	2
1344.74675	449.25620	3	67.5031	2
1344.79510	673.40480	2	95.8248	2
1345.62170	449.54785	3	32.8310	2
1345.62415	673.81935	2	32.9058	2
1345.66430	673.83940	2	58.6973	1
1346.57845	674.29650	2	39.6147	2
1346.67510	674.34480	2	72.6579	2
1346.68420	674.34940	2	77.6463	2
1346.76750	674.39100	2	68.1933	2
1346.76770	449.92985	3	68.1276	2
1347.58000	674.79730	2	53.0628	2
1347.58255	450.20145	3	43.5566	2
1347.66810	674.84135	2	87.9908	2
1347.72270	674.86865	2	84.2467	2
1347.74645	674.88050	2	63.2148	2
1347.74675	450.25620	3	63.0969	2
1347.76460	450.26210	3	82.4858	2
1349.56900	675.79180	2	75.9444	2
1349.59050	675.80250	2	32.4197	2
1349.64650	675.83055	2	60.4824	2
1349.68275	675.84865	2	69.1499	2
1349.68530	675.84995	2	60.6413	2
1350.60970	676.31210	2	39.4961	2
1350.63945	676.32700	2	75.5265	2
1350.71555	676.36505	2	73.4555	2
1350.75080	676.38270	2	58.3765	2
1351.63810	451.55330	3	33.6674	2
1351.63990	676.82720	2	33.6780	2
1351.64090	676.82775	2	60.3291	2
1351.71120	451.57770	3	49.9054	1
1352.59550	451.87240	3	30.2948	2
1352.63980	677.32720	2	63.0584	1
1352.72945	451.91710	3	54.8838	2
1352.75605	677.38530	2	67.6577	2
1353.72305	677.86880	2	87.6815	2
1353.72600	677.87025	2	65.3298	2
1354.72800	678.37130	2	89.7015	4
1355.71465	678.86460	2	87.0829	2
1355.71645	678.86550	2	84.7730	2
1355.73090	678.87270	2	56.4198	2
1355.77835	452.93340	3	58.6781	2
1355.77905	678.89680	2	81.6528	2
1356.73620	679.37540	2	59.7631	2
1356.74895	453.25690	3	48.2184	2
1356.75050	679.38255	2	48.2583	2
1357.66400	679.83925	2	49.5404	2
1357.67195	453.56455	3	29.8453	2
1357.67345	679.84400	2	29.9759	2
1357.74590	453.58925	3	58.0307	2
1357.74700	679.88080	2	58.1536	2
1358.64650	453.88940	3	52.1335	5
1358.65795	680.33625	2	88.2619	2
1358.66320	680.33885	2	56.6682	2
1358.66815	680.34135	2	45.5794	2
1358.66930	453.89705	3	45.5416	2
1358.67820	453.90000	3	38.2372	2
1358.67925	680.34690	2	38.2698	2
1358.74240	680.37850	2	82.2553	2
1358.75625	680.38540	2	92.0049	2
1359.68255	680.84855	2	66.7463	2
1359.68785	454.23655	3	37.9743	2
1359.83670	454.28620	3	56.6163	1
1360.58665	454.53615	3	33.2732	2
1360.69915	681.35685	2	75.1345	2
1361.66740	681.84095	2	39.9935	2
1361.67250	681.84355	2	66.5061	2
1361.70445	454.90875	3	43.4970	2
1361.72030	681.86745	2	68.3369	2
1361.72380	681.86920	2	71.1070	2
1362.55920	682.28690	2	50.1886	2
1362.59055	682.30255	2	48.4112	2
1362.71460	682.36460	2	57.8657	2
1362.71615	682.36535	2	71.7633	2
1362.71680	682.36565	2	87.1508	2
1362.72370	682.36915	2	82.8556	2
1363.65965	682.83710	2	62.6098	2
1363.68425	682.84940	2	72.4589	2
1363.69115	455.57100	3	44.9071	2
1363.69270	682.85365	2	45.0012	2
1364.59190	455.87120	3	51.0033	1
1364.64090	683.32775	2	64.0587	2
1364.66845	683.34150	2	44.8600	2
1364.68330	683.34890	2	61.0499	2
1364.71885	683.36670	2	64.4260	2
1364.73500	683.37480	2	68.9736	2
1365.55995	456.19390	3	41.8383	2
1365.66705	683.84080	2	83.7905	2
1365.67825	683.84640	2	55.6378	2
1365.67925	456.23370	3	55.6042	2
1366.73130	456.58440	3	36.0485	1
1366.75825	456.59335	3	36.1808	2
1366.84575	684.43015	2	99.0926	2
1367.65435	456.89205	3	51.2746	2
1367.67325	456.89835	3	50.1306	2
1367.68725	456.90300	3	51.4711	2
1367.69045	684.85250	2	51.5611	2
1367.71245	684.86350	2	71.2200	2
1367.76980	684.89215	2	82.7082	2
1367.77855	684.89655	2	74.7658	2
1368.52950	685.27200	2	32.7518	5
1368.64650	457.22275	3	67.1591	2
1368.75085	685.38270	2	74.3162	2
1368.79750	457.27310	3	63.4450	2
1369.67340	457.56505	3	51.9318	2
1369.75620	457.59270	3	49.2226	1
1369.79385	685.90420	2	54.4878	2
1369.79470	457.60550	3	54.4120	3
1370.72295	686.36875	2	78.6631	2
1370.81400	686.41425	2	93.9128	2
1371.68365	686.84910	2	72.9896	2
1371.70905	686.86180	2	90.6964	2
1371.73655	458.25280	3	49.4694	2
1371.74595	458.25595	3	54.6314	2
1372.68350	687.34905	2	65.8334	2
1372.71675	458.57950	3	54.2536	2
1373.69075	687.85265	2	37.4991	2
1373.74100	687.87775	2	70.2721	2
1373.75240	687.88350	2	56.7849	2
1374.68590	688.35020	2	86.6123	1
1374.68855	459.23675	3	47.6205	2
1374.68900	688.35180	2	47.6445	1
1374.70830	688.36140	2	72.9493	1
1374.76240	459.26140	3	77.1385	2
1374.76260	688.38860	2	77.2382	2
1374.78810	688.40135	2	83.5262	2
1375.71310	459.57830	3	75.7489	2
1376.70795	689.36125	2	88.8590	2
1376.71880	689.36670	2	64.6099	2
1376.72955	459.91715	3	49.7631	2
1376.85055	459.95745	3	65.9245	2
1377.67200	689.84330	2	82.3279	3
1377.67740	689.84600	2	75.1290	2
1377.68450	689.84955	2	32.1347	2
1377.68795	460.23660	3	32.1265	2
1377.69305	460.23825	3	87.5454	2
1377.69670	689.85565	2	88.3314	4
1377.74430	689.87940	2	83.3464	3
1378.55505	690.28480	2	42.6302	2
1378.67770	690.34610	2	59.3431	1
1378.69390	690.35425	2	59.5682	2
1378.75895	690.38675	2	93.7106	2
1379.57030	690.79240	2	43.3693	1
1379.76540	460.92905	3	72.1800	2
1379.76685	690.89070	2	72.1937	2
1379.77055	690.89255	2	79.4505	2
1380.79845	691.40650	2	75.9363	2
1381.66690	691.84070	2	65.3258	1
1381.67340	691.84400	2	65.8116	2
1381.74580	691.88020	2	73.2016	1
1382.65075	692.33265	2	76.0243	2
1382.75945	692.38700	2	76.9603	2
1382.84960	461.95710	3	77.3256	1
1383.54135	692.77795	2	27.4359	4
1383.68115	462.23430	3	42.8428	2
1384.66390	693.33920	2	55.7294	2
1384.66980	693.34220	2	82.7711	2
1384.71020	693.36240	2	69.4955	1
1384.73465	462.58550	3	63.5644	2
1384.75405	693.38430	2	82.9880	2
1385.73525	693.87490	2	74.5842	2
1385.75160	693.88310	2	61.7939	2
1386.72385	463.24855	3	65.6634	2
1387.56190	694.78820	2	61.1978	2
1387.68840	694.85150	2	81.6160	2
1387.69390	694.85425	2	56.4531	2
1387.69670	694.85560	2	70.1722	1
1387.72710	463.58295	3	82.8918	2
1388.55660	695.28560	2	55.0459	1
1388.70570	695.36015	2	52.0889	2
1389.73330	695.87390	2	86.7853	2
1389.75320	695.88390	2	87.9142	2
1390.65090	464.55760	3	37.1765	2
1390.70790	464.57660	3	34.8019	1
1390.75690	464.59290	3	67.0498	2
1391.69450	696.85450	2	60.0091	3
1391.70505	696.85980	2	52.6412	2
1391.89120	696.95290	2	87.6053	1
1392.61745	465.21310	3	58.7721	2
1392.66760	697.34110	2	62.7709	2
1392.87090	697.44275	2	83.0501	2
1393.64260	697.82855	2	67.8132	2
1393.65095	697.83275	2	70.4224	2
1393.67855	697.84655	2	69.8830	2
1393.69165	697.85310	2	81.4999	2
1393.70200	465.57460	3	55.2172	2
1393.70435	697.85945	2	76.6459	2
1394.55080	698.28270	2	36.1310	2
1394.75660	698.38555	2	86.3295	2
1395.65265	698.83360	2	57.8946	2
1395.71105	466.24425	3	39.3691	2
1395.71275	698.86365	2	39.3477	2
1396.67795	699.34625	2	76.4620	2
1396.80490	699.40975	2	65.9025	2
1397.60505	699.80980	2	46.3375	2
1397.71495	699.86475	2	51.1380	2
1397.79630	699.90545	2	78.7693	2
1398.62810	700.32130	2	52.1449	2
1398.70385	700.35920	2	89.2196	2
1398.73490	467.25220	3	50.5529	2
1398.77160	700.39305	2	63.3807	2
1399.66315	700.83885	2	60.5897	2
1399.69465	700.85460	2	54.2191	2
1399.69900	467.57360	3	48.1185	1
1399.76860	700.89160	2	62.3021	2
1401.57125	701.79290	2	42.2015	2
1401.71070	468.24420	3	41.7602	1
1401.71225	701.86340	2	41.7839	2
1401.76340	701.88895	2	79.7930	2
1402.75145	702.38300	2	76.1851	2
1403.63225	702.82340	2	54.8755	2
1403.63900	702.82680	2	60.2483	2
1403.74055	702.87755	2	68.6156	2
1403.74070	468.92085	3	40.0721	2
1403.74175	702.87815	2	40.1349	2
1404.73005	703.37230	2	74.9797	2
1404.79840	703.40645	2	67.3755	2
1405.65185	703.83320	2	55.7034	2
1405.67450	469.56545	3	43.4327	2
1406.66140	469.89440	3	51.4376	1
1406.71585	704.36520	2	74.1235	2
1407.72350	704.86905	2	49.6086	2
1407.72490	470.24890	3	49.5458	2
1407.78375	470.26855	3	65.5691	2
1407.78430	470.26870	3	59.6508	2
1408.65125	705.33290	2	76.7789	2
1408.66300	705.33880	2	69.8299	3
1408.66860	705.34155	2	38.6562	2
1409.68640	705.85050	2	67.9253	2
1410.70010	706.35735	2	55.3398	2
1410.72450	471.24875	3	50.1780	2
1410.72745	706.37100	2	50.2513	2
1410.77250	471.26480	3	56.8974	2
1411.65960	706.83710	2	47.8511	2
1411.67315	706.84385	2	71.9845	2
1411.71685	471.57955	3	69.3502	2
1411.82760	471.61645	3	72.1318	2
1411.82855	706.92155	2	72.0657	2
1412.64470	707.32965	2	88.3309	2
1412.77580	707.39520	2	50.7676	2
1412.81280	707.41370	2	82.0962	2
1412.83840	471.95340	3	66.0405	2
1412.83905	707.42680	2	66.0682	2
1413.67490	707.84475	2	36.8409	2
1413.76620	707.89035	2	60.9348	2
1414.72110	708.36780	2	60.2274	1
1414.73060	472.58415	3	47.1326	2
1414.73100	708.37280	2	47.1855	2
1414.73175	708.37315	2	80.9470	2
1415.64995	708.83225	2	91.7908	2
1415.69020	708.85240	2	57.4201	2
1415.72570	708.87010	2	45.6935	2
1415.76175	472.92785	3	39.5464	2
1416.72490	709.36975	2	64.1751	2
1416.72730	709.37090	2	95.8534	1
1417.66550	709.84005	2	67.6352	2
1417.66840	709.84145	2	55.0927	2
1417.67950	473.56710	3	46.5338	2
1417.71435	709.86445	2	73.5803	2
1418.69905	473.90695	3	42.3514	2
1418.70760	710.36110	2	79.8139	1
1418.70870	710.36160	2	57.6284	2
1419.66300	710.83880	2	56.9891	2
1419.69955	710.85705	2	51.0244	2
1419.75130	474.25770	3	51.2341	2
1419.81200	710.91330	2	80.3602	2
1420.19065	474.40415	3	51.5022	4
1420.65050	711.33250	2	46.5069	6
1421.80370	474.94180	3	62.9269	2
1422.59395	712.30425	2	36.1912	2
1422.59430	475.20535	3	36.0904	2
1422.67405	475.23195	3	40.0470	2
1422.68665	712.35060	2	65.0793	2
1422.75235	712.38345	2	78.0340	2
1423.66930	712.84190	2	81.5329	2
1423.74300	712.87880	2	90.2780	1
1424.66185	713.33820	2	67.6216	2
1424.71915	713.36685	2	66.3690	2
1425.67165	713.84310	2	73.0004	2
1425.80855	713.91155	2	73.2434	2
1425.81930	476.28040	3	61.6710	2
1426.79065	476.60415	3	42.5169	2
1427.64160	714.82810	2	46.0672	1
1427.72655	714.87055	2	52.5513	2
1427.79910	714.90680	2	82.0302	2
1428.71215	477.24465	3	45.6171	2
1428.78225	477.26800	3	76.0644	2
1429.75195	715.88325	2	63.1614	2
1429.75565	477.59250	3	59.4544	2
1429.75690	715.88570	2	59.6049	2
1429.76080	715.88770	2	51.5924	2
1429.80615	715.91035	2	96.5359	2
1430.72985	716.37220	2	87.8671	2
1430.73730	477.91970	3	50.4640	2
1431.28390	716.64925	2	85.3484	4
1431.69500	716.85480	2	86.0541	1
1431.78770	478.26980	3	64.9190	2
1431.79890	716.90675	2	79.0977	2
1432.71515	717.36485	2	44.7015	2
1434.74775	718.38115	2	73.0283	2
1435.66220	718.83835	2	37.8013	2
1435.76735	718.89095	2	62.5471	2
1436.69380	479.90520	3	55.2127	2
1436.70135	719.35795	2	55.2751	2
1436.70445	719.35950	2	67.8890	2
1436.76270	479.92815	3	51.4841	2
1436.78715	479.93630	3	61.6760	2
1437.69270	719.85365	2	63.2072	2
1438.58825	480.53670	3	29.3464	2
1438.77150	720.39300	2	80.8166	1
1439.64725	720.83090	2	48.0010	2
1439.79900	720.90675	2	72.3069	2
1440.70960	721.36210	2	76.7996	1
1440.82070	721.41765	2	78.8214	2
1441.63275	721.82365	2	76.3818	2
1441.83040	721.92250	2	85.4301	2
1442.65030	722.33240	2	83.3029	2
1442.67025	722.34240	2	51.4122	2
1442.68770	722.35110	2	79.3475	2
1442.72905	481.91695	3	49.5774	2
1442.77185	481.93120	3	61.3278	2
1443.67390	722.84420	2	43.3116	2
1443.77320	482.26500	3	63.9653	1
1443.80975	722.91215	2	73.2764	2
1443.84465	722.92960	2	78.9410	2
1444.66965	723.34210	2	55.8603	2
1444.67865	723.34660	2	84.2278	2
1444.72970	482.58380	3	50.4228	1
1444.74230	723.37845	2	70.1162	2
1444.77120	482.59765	3	60.2041	2
1444.81350	723.41400	2	86.9668	3
1446.71300	724.36380	2	61.3870	1
1447.20300	724.60880	2	63.1583	4
1447.73910	724.87680	2	67.2583	3
1447.75560	483.59245	3	56.2681	2
1448.71595	725.36525	2	56.5955	2
1448.73745	725.37600	2	76.4959	2
1448.74340	725.37895	2	82.4485	2
1449.67750	725.84605	2	61.9487	2
1449.71485	725.86470	2	73.5231	2
1449.86680	484.29620	3	59.5923	2
1449.88275	725.94865	2	85.4387	2
1450.72485	726.36970	2	81.0713	2
1450.73565	726.37510	2	89.0558	2
1450.81800	484.61325	3	64.9433	2
1451.66395	484.89525	3	48.6477	2
1451.71200	484.91130	3	33.5672	1
1451.71340	726.86400	2	70.0156	1
1452.74920	727.38185	2	80.7362	2
1452.76875	485.26350	3	57.0482	2
1452.79950	727.40700	2	89.8747	2
1453.76170	727.88810	2	55.8548	2
1454.70790	485.90990	3	83.4289	1
1454.73090	728.37275	2	78.5242	2
1454.87140	485.96440	3	76.3143	2
1454.87160	728.44305	2	76.2129	2
1455.69900	486.24025	3	67.3545	2
1455.70065	728.85760	2	67.4399	2
1455.83775	728.92615	2	80.3292	2
1457.78695	729.90075	2	80.6035	2
1457.78835	486.93675	3	80.5506	2
1457.81490	729.91470	2	83.8015	2
1458.68190	730.34820	2	75.2115	1
1458.74690	487.25625	3	75.8092	2
1459.70585	730.86020	2	58.1483	2
1459.70905	730.86180	2	66.8419	2
1459.74505	730.87980	2	63.0676	2
1459.84020	487.62070	3	74.8895	2
1459.84105	730.92780	2	74.9498	2
1461.73860	731.87660	2	64.3341	2
1461.83690	731.92570	2	76.2673	1
1461.83825	488.28665	3	76.1567	2
1462.69530	732.35495	2	64.7029	2
1462.76640	732.39050	2	67.5272	1
1463.67540	488.89910	3	62.1323	2
1463.70875	732.86165	2	65.7460	2
1463.70935	732.86195	2	79.2264	2
1463.74140	488.92105	3	71.3735	2
1463.74745	732.88100	2	71.4040	2
1464.30135	489.10770	3	64.2441	4
1464.75100	489.25760	3	80.7983	2
1464.79445	733.40450	2	61.1078	2
1464.79445	733.40450	2	67.1510	2
1465.73400	733.87430	2	86.0867	2
1466.66330	489.89505	3	43.5137	2
1466.67730	734.34595	2	73.9787	2
1466.77260	734.39360	2	43.4552	1
1466.77355	489.93180	3	43.3467	2
1467.24430	734.62940	2	84.1659	4
1468.31500	490.44560	3	55.8064	4
1468.68765	735.35110	2	52.8228	2
1468.79795	735.40625	2	73.7386	2
1470.74720	491.25635	3	65.3822	2
1470.74805	491.25660	3	55.5693	2
1470.79730	736.40595	2	88.0294	2
1470.84515	736.42985	2	82.3873	2
1471.70945	736.86200	2	53.8902	2
1471.74105	736.87780	2	64.6748	2
1471.75795	491.59325	3	66.2286	2
1472.71340	491.91170	3	44.6623	1
1472.73650	491.91945	3	56.9820	2
1472.73815	737.37635	2	57.0788	2
1472.75440	737.38450	2	80.1721	1
1472.77560	491.93250	3	58.5720	2
1473.76230	492.26135	3	70.6970	2
1474.76780	738.39120	2	78.6039	1
1475.77315	492.93165	3	62.2674	2
1476.69355	739.35405	2	52.3749	2
1476.70980	739.36220	2	64.4800	2
1476.78365	739.39910	2	72.3747	2
1477.74285	739.87870	2	83.8549	2
1477.76085	739.88770	2	71.6490	2
1478.64030	740.32745	2	48.1039	2
1478.77830	740.39645	2	73.7023	2
1479.73540	740.87500	2	76.7044	1
1480.68895	494.57025	3	35.1227	2
1480.71790	741.36620	2	84.4788	2
1480.78935	494.60370	3	64.0770	2
1480.83660	494.61945	3	58.4030	2
1482.80500	742.40980	2	85.8477	1
1482.81385	742.41420	2	88.9001	2
1482.82985	742.42220	2	67.5689	2
1483.71285	495.57820	3	60.8130	2
1483.74560	495.58910	3	28.7906	1
1483.76250	742.88855	2	75.4729	2
1484.68325	743.34890	2	42.9988	2
1484.80940	743.41200	2	82.3790	2
1484.82020	495.94735	3	73.8838	2
1484.82275	743.41865	2	73.9474	2
1485.82215	496.28130	3	86.2537	2
1485.82265	743.91860	2	86.1958	2
1486.72050	496.58075	3	74.9498	2
1486.76475	744.38965	2	70.6281	2
1486.77770	496.59980	3	53.4173	1
1486.78040	496.60070	3	66.6404	1
1486.78240	744.39850	2	66.5855	2
1488.64890	745.33170	2	48.9279	2
1488.74230	497.25470	3	44.5050	2
1488.74370	745.37910	2	44.5733	1
1488.79505	497.27230	3	58.6967	2
1489.74910	745.88180	2	89.4538	1
1490.73125	497.91770	3	57.4132	2
1491.81120	746.91285	2	88.6761	2
1492.71035	747.36245	2	47.7488	2
1492.80665	498.60950	3	75.7226	2
1493.64925	498.89035	3	38.1449	2
1493.64965	747.83210	2	38.2305	2
1493.74855	747.88155	2	55.9506	2
1493.78430	498.93535	3	71.8352	2
1495.74160	499.58780	3	68.4041	1
1495.84110	748.92780	2	80.9842	2
1495.85530	499.62570	3	81.0796	2
1495.85600	748.93530	2	81.1892	1
1495.87180	499.63120	3	68.8772	2
1496.68680	749.35065	2	84.5760	2
1496.76260	499.92815	3	56.2309	2
1496.76350	749.38900	2	64.4205	2
1496.78475	749.39965	2	70.5095	2
1496.82620	749.42035	2	90.9946	2
1498.76410	750.38930	2	74.4303	2
1498.77990	750.39725	2	67.9045	2
1498.84075	750.42765	2	84.2515	2
1499.71340	500.91170	3	55.3093	2
1499.71580	750.86520	2	55.3892	1
1499.77225	750.89340	2	84.9936	2
1500.76295	501.26155	3	55.4812	2
1500.76320	751.38890	2	55.5398	1
1500.79460	751.40460	2	58.7671	2
1500.79750	501.27310	3	58.7607	2
1500.81635	501.27935	3	68.4043	2
1500.81660	501.27950	3	64.3340	2
1501.28690	751.65075	2	71.5713	4
1501.71710	501.57965	3	50.8006	2
1501.71745	751.86600	2	50.8274	2
1501.80190	751.90820	2	67.3015	1
1502.64910	752.33185	2	77.8652	2
1502.75290	752.38370	2	87.2138	2
1503.70515	502.24235	3	45.7624	2
1503.79455	752.90455	2	80.4312	2
1504.74890	502.59025	3	53.7710	2
1504.79680	753.40570	2	68.6504	2
1504.87600	502.63260	3	79.4767	2
1505.65260	502.89145	3	47.2458	2
1505.65300	753.83380	2	47.3256	1
1505.70880	502.91020	3	56.4119	2
1505.72635	502.91605	3	60.7045	2
1505.92195	753.96825	2	92.2179	2
1506.73300	754.37380	2	88.7952	1
1506.79425	754.40440	2	59.8585	2
1506.79440	754.40450	2	65.7161	2
1507.71355	503.57845	3	63.0875	2
1508.74250	503.92145	3	86.2623	2
1508.74390	755.37920	2	86.1544	2
1508.81280	503.94485	3	48.4294	2
1508.81430	755.41440	2	48.3879	1
1509.64420	504.22200	3	35.0939	2
1509.65755	504.22645	3	46.7309	2
1509.65980	755.83720	2	46.8114	1
1509.74695	504.25625	3	51.8308	2
1510.70550	756.36005	2	70.0250	2
1510.71540	504.57910	3	57.5048	2
1510.71610	756.36530	2	57.5349	2
1510.74575	756.38015	2	74.1881	2
1510.75320	504.59165	3	57.2005	2
1511.71610	756.86535	2	41.8940	2
1511.78805	756.90130	2	97.7530	2
1511.85800	756.93625	2	79.9848	2
1512.20765	505.07650	3	43.0132	4
1512.87560	505.29915	3	84.3857	2
1512.87720	757.44590	2	84.3180	2
1513.69760	757.85605	2	67.8132	2
1513.75085	757.88270	2	76.9941	2
1513.87350	505.63180	3	95.6555	1
1513.87365	757.94410	2	95.5727	2
1514.72300	505.91495	3	56.1009	2
1514.79845	758.40650	2	90.8174	2
1514.79865	758.40660	2	65.9905	2
1514.85650	758.43555	2	89.3214	2
1514.85695	505.95960	3	89.3842	2
1515.71680	506.24620	3	77.4836	2
1515.71860	758.86660	2	77.3707	3
1515.75315	506.25830	3	32.0657	2
1515.75375	758.88415	2	32.1015	2
1515.76300	758.88875	2	88.7315	2
1515.77155	506.26445	3	77.7604	2
1515.81120	758.91290	2	68.8992	1
1515.82230	758.91840	2	78.5984	1
1516.77725	759.39590	2	73.8514	2
1516.79940	759.40700	2	78.9487	2
1516.80370	506.60850	3	48.5783	1
1516.83465	759.42460	2	79.3585	2
1517.71480	506.91220	3	54.1413	3
1517.72985	759.87220	2	61.9143	2
1517.73970	759.87710	2	69.5693	2
1517.80820	506.94335	3	75.8695	2
1518.79415	760.40435	2	83.3745	2
1518.92505	507.31560	3	62.3638	2
1519.74290	760.87870	2	62.8797	1
1519.82930	760.92190	2	91.4983	2
1520.72060	761.36760	2	76.9815	1
1520.73720	761.37590	2	52.8334	2
1523.76745	762.89100	2	92.1654	2
1523.86695	508.96295	3	76.3112	2
1523.88190	762.94825	2	89.2501	2
1524.63550	509.21910	3	53.9471	1
1524.74170	763.37815	2	71.2739	2
1525.76600	509.59595	3	62.9268	2
1526.73450	509.91880	3	33.3901	2
1527.71055	510.24415	3	34.8647	2
1527.78370	764.89910	2	89.4650	2
1527.79865	764.90660	2	69.1573	2
1528.74790	765.38120	2	92.0301	2
1528.80025	765.40740	2	72.0414	2
1528.81020	765.41240	2	60.8065	1
1528.81025	510.61070	3	68.9416	2
1529.66405	765.83930	2	38.0397	2
1529.80480	765.90970	2	86.1462	1
1529.84190	510.95455	3	63.5040	2
1529.85755	510.95975	3	78.7301	2
1530.15545	511.05905	3	38.6181	4
1530.71860	511.24680	3	49.9935	1
1530.80260	511.27480	3	65.9243	2
1531.69775	511.57320	3	63.7973	2
1531.71360	766.86410	2	64.9937	1
1531.77570	766.89510	2	65.1677	2
1531.79980	766.90720	2	68.0575	1
1532.77460	767.39455	2	73.3651	2
1532.80040	767.40750	2	71.2576	2
1532.82045	767.41750	2	81.3972	2
1533.72415	767.86935	2	70.7602	2
1533.74330	512.25505	3	34.6121	2
1533.74460	512.25550	3	50.0089	1
1533.74635	767.88045	2	67.5270	2
1533.80075	767.90765	2	96.2134	2
1533.80300	512.27490	3	96.2598	1
1534.29665	768.15560	2	73.5224	4
1535.67065	512.89750	3	36.7882	2
1535.67870	768.84660	2	59.7419	2
1535.78420	512.93535	3	67.5638	2
1537.72085	513.58085	3	78.7611	2
1537.79465	769.90460	2	75.7859	2
1538.82360	770.41905	2	77.9451	2
1539.74895	770.88175	2	78.2983	2
1540.80620	514.60930	3	62.5680	2
1540.82055	514.61415	3	47.3081	2
1541.78855	514.93680	3	57.4773	2
1541.78860	771.90160	2	57.6053	2
1541.80400	514.94190	3	58.9083	1
1541.81735	771.91595	2	68.8422	2
1541.82985	514.95055	3	74.7962	2
1541.83040	771.92250	2	74.7307	2
1542.77005	515.26395	3	53.6399	2
1542.78990	772.40225	2	61.0789	2
1544.75790	515.92660	3	47.3488	1
1546.69855	774.35655	2	66.0067	2
1546.78370	774.39910	2	71.4278	1
1547.77395	516.93190	3	53.8719	2
1547.81945	774.91700	2	69.9978	2
1547.81970	774.91710	2	82.6640	1
1547.82600	516.94930	3	62.0228	1
1547.83080	516.95085	3	57.6541	2
1547.83235	774.92345	2	57.6921	2
1548.77770	517.26650	3	70.3952	2
1548.77910	775.39680	2	70.3253	2
1548.78090	775.39770	2	84.3374	1
1548.80145	517.27445	3	60.5529	2
1548.92495	775.46975	2	79.3815	2
1549.60100	775.80775	2	45.3042	2
1549.74425	517.58865	3	62.2266	2
1549.74540	775.88000	2	62.3581	2
1549.83015	775.92235	2	72.6064	2
1550.68860	517.90345	3	32.8976	2
1550.74090	517.92090	3	51.0838	2
1550.74360	776.37910	2	51.1479	2
1550.76925	517.93035	3	57.0434	2
1550.77130	776.39290	2	57.1125	2
1550.85490	776.43470	2	94.5772	2
1551.71815	518.24665	3	35.9209	2
1551.76795	776.89125	2	67.4766	2
1551.77550	518.26575	3	38.7958	2
1551.84875	776.93165	2	89.2899	2
1552.73365	518.58515	3	66.5321	2
1553.83155	518.95110	3	80.2665	2
1553.83340	777.92400	2	80.3110	1
1553.83840	777.92650	2	96.4636	1
1555.73830	778.87640	2	71.4623	2
1555.75025	519.59070	3	51.4841	2
1555.78980	778.90220	2	82.4296	3
1555.84450	778.92950	2	81.6370	1
1555.88185	519.63455	3	76.9259	2
1556.84215	779.42835	2	90.2008	2
1557.78380	779.89915	2	79.0388	2
1557.83190	520.28455	3	71.9469	2
1558.76665	780.39060	2	90.0846	2
1558.77410	780.39435	2	66.8335	2
1559.60895	780.81175	2	72.8076	2
1559.75135	520.92440	3	70.5428	2
1559.75940	520.92705	3	77.3716	2
1559.82145	780.91800	2	86.8227	2
1559.83590	780.92520	2	85.5389	1
1560.30500	781.15980	2	78.3418	4
1560.80810	781.41130	2	84.4018	1
1560.84000	521.28730	3	85.2999	2
1560.84220	781.42840	2	78.4175	2
1560.84295	781.42875	2	84.9040	2
1561.78825	781.90140	2	75.8378	2
1561.83580	781.92515	2	87.0116	2
1562.77295	521.93155	3	66.4347	2
1563.80360	522.27515	3	73.0189	2
1564.29880	783.15670	2	73.2541	4
1564.71665	522.57950	3	53.2259	2
1564.71765	783.36610	2	53.2899	2
1564.73920	783.37690	2	55.5767	2
1564.88410	783.44930	2	99.8478	2
1565.78595	522.93590	3	57.2941	2
1565.83175	522.95115	3	66.1355	2
1567.82650	784.92055	2	81.1439	2
1567.89345	523.63840	3	64.9863	2
1567.89725	784.95590	2	96.2257	2
1569.87840	785.94650	2	76.1001	2
1569.91420	785.96435	2	86.5498	2
1570.74560	524.58910	3	51.8225	1
1570.80975	786.41215	2	58.8863	2
1571.68570	524.90250	3	55.2961	2
1572.78210	787.39835	2	58.2748	2
1572.83230	525.28470	3	78.1491	1
1573.68575	525.56920	3	42.0341	2
1573.77710	787.89580	2	86.1518	1
1573.82630	787.92040	2	80.4287	2
1573.83780	787.92615	2	74.4108	2
1574.71135	788.36295	2	70.7164	2
1575.78450	788.89950	2	70.0765	3
1576.75425	789.38440	2	74.6421	2
1577.77025	789.89240	2	71.5041	2
1577.77080	789.89265	2	89.6890	2
1577.78915	789.90185	2	75.1910	2
1578.26070	527.09415	3	72.0887	4
1578.83690	527.28625	3	70.0500	2
1578.85240	527.29140	3	56.1056	2
1578.87445	527.29875	3	82.6997	2
1578.87535	790.44495	2	82.7366	2
1580.70095	527.90760	3	40.5863	2
1580.80480	527.94220	3	61.6336	2
1580.81860	791.41660	2	71.3434	2
1580.86095	791.43775	2	94.1011	2
1580.92860	527.98345	3	74.9986	2
1581.76455	791.88955	2	65.6825	2
1582.84735	792.43095	2	77.6617	2
1582.86845	792.44150	2	70.8393	2
1584.74050	529.25410	3	66.1035	2
1585.82215	529.61465	3	64.7687	2
1586.18000	794.09730	2	63.2522	4
1586.86780	794.44120	2	85.1311	2
1587.85760	530.29310	3	64.2532	2
1588.72555	795.37005	2	70.1737	2
1588.84620	795.43040	2	92.3252	2
1589.74050	795.87750	2	72.2371	1
1589.82065	530.94750	3	83.5024	2
1589.82140	795.91800	2	83.4600	2
1590.76415	796.38935	2	77.9140	2
1590.79220	531.27130	3	85.5833	1
1590.79910	796.40680	2	81.1092	2
1590.85010	796.43230	2	89.1449	1
1591.74790	531.58990	3	43.8048	2
1591.74960	796.88210	2	43.8347	2
1591.80170	531.60785	3	58.3378	2
1591.80475	796.90965	2	58.4635	2
1591.86170	796.93810	2	86.0286	2
1592.81985	531.94720	3	66.4457	2
1592.91555	797.46505	2	71.7464	2
1593.74165	532.25450	3	54.8588	2
1593.74280	797.87865	2	54.9425	2
1593.76595	797.89025	2	83.2348	2
1593.94970	797.98210	2	81.5522	2
1595.80505	798.90980	2	91.3224	2
1595.86315	532.96165	3	50.3007	2
1596.76825	533.26335	3	52.7378	2
1596.77875	799.39665	2	67.7725	2
1596.80085	799.40770	2	53.7969	2
1597.86805	799.94130	2	69.7424	2
1598.84105	533.95430	3	81.8691	2
1598.84630	800.43040	2	81.8270	3
1599.72380	800.86920	2	73.8498	1
1599.88660	534.30280	3	62.6305	2
1599.89890	534.30690	3	76.5292	2
1600.78030	801.39745	2	76.5570	2
1600.78405	534.60195	3	63.8027	2
1600.84655	534.62275	3	64.0478	2
1600.86830	801.44140	2	63.5722	2
1601.78350	801.89900	2	71.0484	2
1602.86265	802.43860	2	72.5446	2
1603.80910	802.91185	2	80.5258	2
1604.30860	803.16160	2	76.1593	4
1604.74445	803.37950	2	64.0049	2
1604.78235	535.93475	3	67.7481	2
1606.76320	536.59500	3	69.3445	2
1606.87340	804.44400	2	80.2960	1
1607.79660	536.93945	3	48.1359	2
1607.84980	804.93215	2	84.6079	2
1607.90445	536.97540	3	79.1748	2
1609.83720	537.61970	3	88.2424	1
1609.83875	805.92665	2	88.3251	2
1610.72115	806.36785	2	65.2488	2
1610.78305	537.93495	3	64.8617	2
1610.90665	806.46060	2	96.7535	2
1610.97300	537.99830	3	70.3032	2
1611.79060	806.90260	2	64.7411	1
1611.80090	806.90770	2	85.1941	1
1612.85125	807.43290	2	84.1190	2
1612.86750	807.44100	2	88.4580	2
1612.90385	538.64190	3	76.2489	2
1613.35000	538.79060	3	69.3160	4
1613.85095	807.93275	2	82.1630	2
1613.90400	807.95925	2	80.3943	2
1614.76195	808.38825	2	88.2673	2
1614.84180	808.42820	2	76.7165	2
1615.85780	539.62650	3	72.3012	2
1616.73120	539.91765	3	47.6886	2
1616.78380	809.39920	2	74.3866	1
1616.84915	809.43185	2	91.7517	2
1617.78920	809.90185	2	44.1452	2
1617.83775	809.92615	2	77.2131	2
1617.92320	809.96890	2	98.1154	1
1619.81485	540.94555	3	65.1114	2
1620.82070	811.41760	2	75.8491	2
1620.86100	541.29425	3	85.5393	2
1620.86555	811.44005	2	85.5308	2
1621.82930	811.92195	2	83.9957	2
1621.87235	811.94345	2	70.4248	2
1622.76540	541.92905	3	37.3500	2
1622.76820	812.39140	2	37.4324	1
1622.79815	541.94000	3	80.9469	2
1623.86690	812.94075	2	87.0827	2
1625.77465	813.89460	2	77.1522	2
1625.77860	813.89655	2	80.2775	2
1625.83255	542.95145	3	82.3552	2
1626.85720	543.29300	3	56.7465	2
1626.85905	814.43680	2	56.8064	2
1626.90515	814.45985	2	88.4053	2
1627.74870	814.88165	2	66.9544	2
1628.79050	543.93740	3	94.1742	2
1628.79190	815.40320	2	94.1088	2
1628.79440	815.40450	2	80.7580	2
1628.81605	543.94595	3	56.1515	2
1628.81605	815.41530	2	56.2409	2
1629.78110	544.26760	3	55.9045	1
1629.81140	815.91300	2	69.7718	1
1629.87395	815.94425	2	69.0727	2
1629.88325	815.94890	2	88.1607	2
1630.84510	544.62230	3	81.2416	2
1631.88680	544.96950	3	73.2071	1
1631.92385	544.98190	3	71.0160	2
1631.92645	816.97050	2	71.0752	2
1632.77830	545.26670	3	46.1312	2
1633.84455	545.62210	3	78.8518	2
1633.85670	545.62620	3	61.3532	1
1634.80140	818.40795	2	62.2322	2
1634.82950	409.71470	4	44.1209	1
1634.88745	545.96975	3	53.4543	2
1635.79760	818.90610	2	81.2669	1
1636.83235	819.42345	2	72.2488	2
1636.94115	819.47785	2	91.0278	2
1637.81620	819.91540	2	74.0768	2
1638.84100	547.28760	3	75.0620	2
1639.74090	820.87775	2	61.7965	2
1639.87575	820.94515	2	93.8987	2
1639.87660	547.63280	3	77.0192	2
1639.87730	547.63305	3	94.1236	2
1639.87840	820.94645	2	77.0826	2
1639.93270	820.97360	2	89.6781	1
1640.84825	547.95665	3	47.0121	2
1641.77115	821.89285	2	73.7964	2
1641.88305	821.94880	2	83.6266	2
1642.69015	822.35235	2	46.9039	2
1642.80610	822.41035	2	58.8863	2
1642.80790	548.60990	3	45.3979	1
1642.85200	548.62460	3	48.1852	2
1642.85235	822.43345	2	48.2526	2
1642.88310	548.63500	3	78.7098	2
1643.79000	548.93725	3	46.9282	2
1643.82345	822.91900	2	44.5485	2
1643.82975	822.92215	2	74.4302	2
1643.84180	548.95455	3	66.2232	2
1645.90550	549.64245	3	66.7806	2
1646.83860	549.95350	3	61.0261	2
1648.96670	413.24900	4	57.6855	2
1648.97000	550.66390	3	57.7156	2
1649.72235	825.86845	2	63.0128	2
1649.93675	825.97565	2	76.3141	2
1651.81860	826.91660	2	87.7027	1
1651.91090	826.96270	2	87.7519	3
1651.92590	551.64920	3	84.1569	2
1651.92775	826.97115	2	84.1246	2
1653.87180	552.29790	3	75.3352	2
1653.87870	827.94660	2	91.7152	1
1653.90650	827.96050	2	80.4770	1
1653.92340	552.31505	3	75.7831	2
1654.78745	828.40100	2	70.2089	2
1654.82190	552.61460	3	77.3504	1
1654.89330	828.45395	2	80.5505	2
1655.76380	552.92855	3	48.9177	2
1655.85680	552.95950	3	63.7363	1
1656.79915	829.40685	2	84.7784	2
1657.81860	829.91660	2	87.9962	2
1657.91940	553.64705	3	82.5796	2
1658.79125	553.93770	3	54.2643	2
1658.83705	553.95295	3	78.4926	2
1658.83705	830.42580	2	78.4466	2
1659.91115	554.31100	3	78.1304	2
1659.91115	830.96285	2	78.2368	2
1660.74085	554.58755	3	64.5473	2
1660.84240	554.62140	3	61.9576	2
1661.90450	831.95950	2	77.4992	1
1662.79980	555.27385	3	51.6873	2
1662.83000	832.42230	2	69.3146	2
1662.83080	555.28420	3	69.4092	2
1663.79710	555.60630	3	71.1680	2
1664.72620	833.37040	2	66.3295	1
1664.77940	833.39695	2	83.0444	2
1664.84165	833.42810	2	72.6939	2
1666.86865	834.44160	2	76.4416	2
1666.86980	556.63055	3	76.3113	2
1666.87725	834.44590	2	80.1788	2
1666.91815	834.46635	2	81.8402	2
1667.81720	556.94635	3	57.5712	2
1667.86240	834.93845	2	76.8036	2
1668.81360	557.27845	3	57.0277	2
1669.85385	835.93420	2	71.0695	2
1670.83770	836.42610	2	95.6637	2
1670.88435	557.96875	3	55.0241	2
1671.71655	558.24610	3	50.7649	2
1672.72440	558.58205	3	42.3119	2
1673.90100	837.95775	2	76.0326	2
1674.89105	838.45280	2	91.1865	2
1675.73705	419.94155	4	29.8339	2
1675.73840	559.58670	3	29.8395	2
1676.81785	839.41620	2	66.7805	2
1677.81195	560.27790	3	70.0832	2
1678.00390	560.34190	3	65.0130	2
1681.82100	841.91780	2	75.2462	2
1681.90100	561.64095	3	79.6982	2
1681.90160	841.95810	2	79.6509	3
1681.92355	841.96905	2	92.6609	2
1681.92920	561.65030	3	92.6584	1
1682.79985	842.40720	2	87.0225	2
1682.89355	842.45405	2	78.5131	2
1683.88465	842.94960	2	76.6284	2
1684.91505	843.46480	2	80.3657	2
1685.91365	562.97850	3	64.7876	2
1686.87410	563.29865	3	63.1532	2
1687.91725	844.96590	2	87.4113	2
1687.91760	563.64645	3	87.4478	2
1688.73320	563.91830	3	31.1306	3
1688.88020	563.96730	3	83.0609	1
1688.88095	845.44775	2	82.9794	2
1689.84160	564.28780	3	58.0873	2
1689.91210	564.31130	3	93.1263	2
1689.91325	845.96390	2	93.2124	2
1690.96215	564.66135	3	63.3364	2
1692.81945	847.41700	2	83.3714	2
1692.96780	847.49120	2	89.8104	2
1692.96830	565.33000	3	89.9167	2
1693.94100	565.65425	3	81.7508	2
1694.80325	565.94165	3	50.2145	2
1694.83780	565.95320	3	47.8499	1
1695.32830	848.67140	2	69.0898	4
1696.77410	849.39430	2	62.8539	2
1696.84770	849.43110	2	85.4904	1
1696.90795	849.46125	2	84.7344	2
1696.90855	566.64345	3	84.8927	2
1697.90195	566.97460	3	76.9287	2
1697.90460	849.95960	2	76.9658	2
1698.00855	567.01015	3	81.8084	2
1698.79320	850.40390	2	81.9034	2
1698.89790	850.45620	2	83.9203	2
1698.89880	567.30685	3	83.9568	2
1698.90505	567.30895	3	58.1856	2
1699.83880	567.62020	3	82.1306	2
1699.86100	567.62760	3	77.4946	2
1699.86730	567.62970	3	75.3030	1
1700.88390	851.44920	2	65.8757	1
1700.91065	851.46260	2	79.8298	2
1701.86910	568.29700	3	60.5120	1
1703.81495	568.94560	3	60.2330	2
1704.72785	569.24990	3	25.8454	2
1704.72820	427.18930	4	25.8675	2
1704.84440	853.42950	2	58.9332	1
1704.90310	853.45880	2	90.3745	1
1704.91660	569.31280	3	70.2400	2
1705.83620	569.61930	3	46.8795	3
1705.83825	853.92640	2	46.9335	2
1705.88245	569.63475	3	68.7406	2
1705.88430	853.94940	2	68.8771	2
1705.92160	569.64780	3	66.7210	2
1706.88980	854.45220	2	87.7829	2
1706.90445	854.45950	2	82.6996	2
1706.90505	569.97560	3	85.0693	10
1707.40675	570.14285	3	76.0885	4
1707.89040	854.95245	2	93.0543	2
1707.97795	570.33325	3	78.3213	2
1707.97800	854.99625	2	78.1945	2
1709.98185	571.00120	3	75.4102	2
1710.01875	571.01350	3	79.7040	2
1710.92500	856.46980	2	75.9880	1
1712.89000	857.45225	2	66.2130	2
1712.93770	571.98650	3	68.2577	1
1714.89500	858.45480	2	78.7596	1
1714.89990	572.64055	3	62.0956	2
1714.90015	858.45735	2	62.1959	2
1714.90605	858.46030	2	70.1485	2
1717.86425	573.62870	3	71.4903	2
1717.86530	859.93995	2	71.5256	2
1717.89515	859.95485	2	93.2707	2
1720.90560	861.46010	2	77.1496	2
1721.76135	861.88795	2	37.4315	2
1721.86320	861.93890	2	74.5507	2
1721.86735	861.94095	2	89.5999	2
1721.87550	861.94500	2	93.0486	2
1722.87360	575.29845	3	75.0954	2
1722.89710	575.30630	3	75.5940	2
1723.02380	575.34855	3	68.9950	2
1723.02570	862.52015	2	69.0286	2
1724.87560	863.44510	2	81.6815	2
1724.94395	575.98860	3	79.9199	2
1725.82650	863.92050	2	66.4934	1
1725.94910	863.98180	2	85.4250	2
1726.01460	576.34545	3	81.4649	2
1726.84830	864.43140	2	84.3590	2
1726.93665	576.65285	3	73.1574	2
1728.79045	577.27075	3	63.0377	2
1728.93580	577.31920	3	59.1105	1
1729.00380	577.34190	3	82.0358	2
1730.75630	577.92605	3	64.3881	2
1730.89605	866.45530	2	72.5177	2
1730.90330	866.45890	2	88.1806	1
1731.04695	578.02295	3	88.3967	2
1731.89055	866.95255	2	68.7195	2
1731.92220	866.96840	2	85.8532	1
1733.87365	578.96515	3	75.1856	2
1733.87495	867.94475	2	75.3156	2
1733.89265	867.95360	2	90.1758	2
1735.78725	868.90090	2	78.4287	2
1735.87830	579.63335	3	78.2545	2
1735.96735	579.66305	3	97.2709	2
1735.97235	868.99345	2	97.1023	2
1736.84650	579.95610	3	80.0484	2
1736.84705	869.43080	2	80.0214	2
1737.92825	580.31670	3	78.0712	2
1737.98980	870.00220	2	90.5562	2
1738.80305	870.40880	2	68.1826	2
1738.82000	580.61395	3	59.7063	2
1738.82040	580.61410	3	65.3594	2
1739.84155	580.95445	3	69.7033	2
1739.88480	580.96890	3	67.7120	1
1740.84130	871.42790	2	80.4979	2
1742.87415	581.96530	3	67.0092	2
1743.79800	872.90630	2	67.2177	2
1743.81175	872.91315	2	50.8329	2
1743.86675	582.29620	3	49.2936	2
1743.97845	872.99650	2	95.2604	2
1744.90140	582.64110	3	70.9607	2
1745.91455	582.97880	3	73.3364	2
1745.93550	873.97505	2	82.2903	2
1746.79910	874.40680	2	89.4537	2
1746.81400	874.41425	2	73.9785	2
1748.87180	583.96450	3	62.5920	1
1749.86450	584.29540	3	61.7361	2
1749.86585	875.94020	2	61.6934	2
1750.00915	584.34365	3	55.8790	2
1750.01160	876.01310	2	55.9181	2
1751.93775	876.97615	2	90.5581	2
1752.88950	585.30380	3	48.8299	1
1752.98950	877.50200	2	85.9214	2
1752.99025	585.33735	3	85.9611	2
1753.84910	585.62360	3	52.7860	1
1754.86365	878.43910	2	74.8679	2
1755.85915	878.93685	2	70.5179	2
1755.90200	878.95830	2	90.1288	2
1755.92915	878.97185	2	71.7121	2
1756.88840	586.63670	3	79.0727	2
1756.89055	879.45255	2	78.9762	2
1757.92415	586.98200	3	73.7327	2
1758.79285	880.40370	2	49.2961	2
1758.83335	587.28505	3	76.8994	2
1759.84320	880.92885	2	89.1890	2
1759.91135	880.96295	2	88.0905	2
1760.93995	881.47725	2	87.5183	2
1761.89685	588.30620	3	73.3650	2
1762.84225	882.42840	2	75.8779	2
1763.83390	882.92420	2	61.4246	2
1764.32640	589.11605	3	63.0194	4
1764.99920	883.50690	2	92.5385	2
1765.00145	589.34105	3	92.5184	2
1765.86300	883.93880	2	79.8414	2
1765.89045	883.95250	2	65.2403	2
1766.95070	884.48260	2	83.8093	3
1766.96740	884.49095	2	86.5639	2
1767.84765	590.28980	3	88.8645	2
1767.84900	884.93175	2	88.8999	2
1767.97520	590.33235	3	88.3223	2
1768.90100	885.45780	2	79.5742	2
1769.01925	590.68035	3	80.1071	2
1769.91730	885.96590	2	66.8129	2
1770.00110	886.00780	2	91.1087	2
1770.00505	591.00895	3	73.6460	2
1770.88950	591.30380	3	81.2007	1
1771.91420	591.64535	3	75.1012	2
1772.33490	887.17470	2	76.6638	4
1774.88585	888.45020	2	58.4220	2
1774.88600	592.63590	3	58.3796	3
1774.93320	888.47390	2	88.7228	1
1776.89650	593.30610	3	66.7155	2
1777.32155	889.66805	2	63.8671	4
1778.98910	594.00360	3	71.7630	2
1778.99190	890.50320	2	71.6730	2
1779.80355	445.95820	4	51.3496	2
1779.99050	891.00250	2	73.2369	1
1780.40245	594.47475	3	53.4324	4
1782.85220	892.43340	2	78.3008	2
1782.87455	595.29880	3	75.4670	2
1783.84605	892.93030	2	73.0540	2
1784.88080	595.96755	3	61.9709	2
1784.88395	893.44925	2	62.0087	2
1784.91695	595.97960	3	55.1511	2
1785.88805	596.30325	3	87.9281	2
1785.89015	893.95235	2	87.8305	2
1788.91370	597.31185	3	35.3679	2
1789.93040	895.97250	2	81.7163	2
1790.91300	896.46380	2	89.9632	1
1791.76730	598.26300	3	42.3077	1
1792.90920	598.64365	3	61.4798	2
1793.06450	897.53950	2	97.0387	3
1793.87540	897.94495	2	89.2585	2
1793.92235	897.96845	2	83.9956	2
1794.81750	898.41600	2	63.2681	2
1794.86150	898.43800	2	81.3957	1
1794.98605	898.50030	2	79.1335	2
1796.85550	599.95910	3	73.9134	2
1796.88175	599.96785	3	83.5995	2
1796.96795	599.99660	3	84.1929	2
1796.97980	600.00055	3	70.5706	2
1797.96140	600.32770	3	72.6398	1
1799.92710	600.98300	3	99.1434	1
1799.93015	900.97235	2	99.1465	2
1801.00070	601.34080	3	81.9278	1
1801.88255	901.94855	2	82.5504	2
1803.92310	602.31495	3	50.1247	2
1804.86635	602.62935	3	65.6270	2
1804.89530	602.63900	3	77.6165	2
1804.97120	602.66430	3	78.0036	3
1804.98300	903.49880	2	78.3675	2
1805.36000	903.68725	2	65.1353	4
1805.88030	903.94740	2	76.6240	8
1806.03685	603.01955	3	71.5834	2
1806.88255	904.44855	2	68.6764	2
1806.90145	603.30775	3	83.8987	2
1809.91270	905.96360	2	72.7705	3
1810.00890	906.01175	2	72.9110	2
1813.90100	907.95780	2	85.6061	2
1813.94860	907.98155	2	83.3085	2
1814.80055	605.94080	3	79.5803	2
1814.80250	908.40855	2	79.6806	2
1814.96830	605.99670	3	65.8151	1
1815.92305	606.31495	3	85.9641	2
1815.92505	908.96980	2	85.8966	2
1816.88990	606.63720	3	78.4735	1
1816.94140	909.47800	2	84.8280	1
1817.86305	606.96160	3	69.2847	2
1817.90280	606.97490	3	49.8101	1
1820.86290	911.43870	2	59.1224	2
1820.89525	607.97235	3	72.4244	2
1820.91330	607.97840	3	78.7286	1
1821.06215	608.02795	3	83.6383	2
1821.84985	608.29055	3	80.0599	2
1821.89520	608.30565	3	53.1438	2
1822.91530	912.46490	2	72.2968	1
1823.89240	608.97140	3	83.3685	2
1823.90630	608.97600	3	67.9808	2
1825.86370	913.93915	2	55.4859	2
1825.86620	609.62930	3	55.4053	3
1825.89635	913.95545	2	66.9005	2
1826.95330	914.48395	2	78.3968	2
1827.94165	610.32115	3	73.5978	2
1827.96900	610.33025	3	65.3593	2
1827.97090	914.99275	2	65.2981	2
1828.91370	915.46410	2	83.9261	2
1828.95260	915.48360	2	73.2952	2
1832.00875	611.67685	3	72.3716	2
1832.86650	917.44055	2	81.3675	2
1832.91690	611.97960	3	75.9979	2
1833.93740	917.97595	2	79.8618	2
1833.96980	612.33050	3	87.5451	2
1835.79750	612.93980	3	59.4980	1
1836.04860	613.02345	3	73.1740	2
1836.92735	613.31635	3	85.1455	2
1838.11760	613.71310	3	73.7226	2
1838.95630	613.99270	3	63.7345	2
1839.99305	614.33825	3	64.2374	2
1841.01535	921.51495	2	69.8508	2
1841.01595	614.67925	3	69.8771	2
1841.85870	614.96015	3	49.7234	2
1842.93120	615.31770	3	65.7159	2
1842.97270	615.33150	3	71.4342	2
1844.88750	923.45100	2	86.5837	2
1844.89185	615.97120	3	62.9431	2
1844.91095	615.97760	3	67.1271	2
1845.99045	616.33740	3	85.7257	2
1845.99700	924.00580	2	85.9870	1
1846.79210	924.40330	2	72.0325	2
1846.93560	924.47510	2	74.8069	2
1846.96870	924.49160	2	84.6751	2
1849.89495	925.95475	2	89.8069	2
1849.95620	617.65935	3	85.0748	2
1851.89440	618.30540	3	81.3073	2
1852.02105	927.01780	2	82.8553	2
1853.92650	618.98280	3	60.9048	2
1854.92090	928.46775	2	91.9463	2
1856.85860	619.96010	3	54.9234	1
1856.88110	929.44785	2	82.6360	2
1859.94350	930.97905	2	72.4026	2
1860.90550	621.30910	3	59.7049	1
1860.94910	931.48180	2	88.6666	2
1860.95090	621.32420	3	88.6166	1
1860.99980	621.34050	3	75.4012	2
1861.91425	931.96440	2	87.7412	2
1861.98705	621.66960	3	82.7563	2
1862.81980	621.94720	3	60.1021	1
1862.87415	932.44435	2	86.6656	2
1863.98800	622.33660	3	88.0375	2
1864.88125	622.63435	3	72.8663	2
1866.01405	623.01195	3	81.3762	2
1867.84475	623.62220	3	54.1333	2
1867.89160	623.63780	3	88.7287	1
1867.91310	934.96380	2	83.2265	1
1868.83560	935.42510	2	63.5343	2
1872.89775	625.30650	3	53.8318	2
1873.94640	625.65605	3	75.9012	2
1873.96830	937.99145	2	80.8902	2
1879.78150	627.60110	3	33.6248	1
1880.97505	627.99895	3	62.7453	2
1881.02640	628.01605	3	79.4825	2
1882.97750	942.49600	2	71.1304	2
1883.88210	628.96800	3	75.7299	1
1883.88370	942.94915	2	75.6196	2
1883.92200	628.98130	3	70.5964	1
1885.87180	943.94320	2	65.6823	2
1885.91840	943.96650	2	83.9625	2
1885.92080	629.64750	3	84.0312	2
1886.87035	944.44245	2	63.6581	2
1886.90060	944.45760	2	68.8014	2
1886.90180	629.97450	3	68.7059	2
1887.87070	944.94265	2	82.3121	2
1888.00300	630.34160	3	81.0880	2
1888.96740	945.49100	2	83.0066	1
1890.93705	631.31960	3	69.6689	2
1890.94815	631.32330	3	73.9471	2
1892.06885	947.04170	2	82.7708	2
1893.95965	947.98710	2	85.2384	2
1893.97760	632.33315	3	58.2485	2
1899.87865	950.94660	2	70.2398	2
1899.98475	634.33550	3	62.2074	2
1902.89820	952.45640	2	79.6488	2
1903.93330	635.65170	3	77.3812	1
1904.97180	635.99790	3	74.7510	3
1904.97235	953.49345	2	74.8233	2
1908.96860	955.49160	2	86.2621	2
1909.97905	478.50205	4	70.8927	2
1909.99655	637.67280	3	75.4327	2
1910.00300	956.00880	2	75.5159	1
1910.17300	637.73160	3	78.8937	2
1911.89105	956.95280	2	72.8132	2
1911.99900	638.34025	3	81.2356	2
1912.00055	957.00755	2	81.2053	2
1912.89730	957.45590	2	66.9502	1
1912.91340	638.64505	3	32.4340	2
1912.99390	638.67190	3	73.8139	1
1913.09800	638.70660	3	70.4996	2
1915.47245	639.49810	3	69.2636	4
1918.85270	640.62485	3	46.9877	2
1919.77040	640.93070	3	39.5717	1
1919.90585	960.96020	2	91.1364	2
1920.96500	641.32895	3	60.8810	2
1920.99780	641.33990	3	82.0877	2
1921.93260	961.97360	2	95.4424	2
1923.88600	962.95030	2	78.5577	2
1923.96280	642.32820	3	72.3288	2
1924.02130	642.34770	3	78.0136	2
1927.00020	643.34065	3	89.5217	2
1927.00550	964.51000	2	89.6221	1
1930.94275	644.65485	3	82.7907	2
1932.83935	645.28705	3	57.6287	2
1933.08650	967.55055	2	86.4968	2
1933.09110	645.37100	3	86.5781	1
1934.07875	645.70015	3	86.3235	2
1935.07900	646.03360	3	78.6364	2
1935.90120	968.95790	2	87.0772	1
1935.93235	646.31805	3	65.2050	2
1937.92395	646.98190	3	91.7129	2
1937.92560	969.97005	2	91.5666	2
1937.92895	969.97175	2	87.6074	2
1937.94515	646.98895	3	78.3501	2
1938.93340	970.47400	2	90.6961	2
1938.95315	970.48385	2	79.7702	2
1939.01945	647.34705	3	74.4386	2
1940.98545	648.00240	3	73.0683	2
1941.88140	648.30110	3	57.4547	2
1942.04275	648.35485	3	75.9387	2
1942.47620	648.49930	3	84.8389	4
1942.84200	648.62130	3	60.4791	1
1942.97010	972.49230	2	85.8150	1
1943.94190	648.98790	3	73.6977	1
1944.98220	649.33465	3	66.2778	2
1945.89310	649.63830	3	65.8815	1
1947.93375	650.31855	3	72.0079	2
1947.98525	650.33570	3	79.9556	2
1947.98720	975.00090	2	79.9238	2
1950.98135	651.33440	3	71.2795	2
1951.99265	977.00360	2	87.1421	2
1953.92300	977.96875	2	83.7016	2
1953.94105	652.32095	3	74.1217	2
1954.89410	978.45435	2	80.6120	2
1955.93910	652.98700	3	58.8540	2
1956.05975	653.02720	3	80.8787	2
1956.89970	653.30715	3	65.6515	2
1956.99070	979.50260	2	75.2575	2
1957.93950	979.97700	2	86.0204	1
1959.00730	654.00970	3	70.2589	1
1961.04510	981.52980	2	87.3219	2
1961.04605	654.68925	3	87.3837	2
1963.05250	982.53350	2	75.0425	2
1966.08430	984.04945	2	89.3269	2
1966.93625	656.65270	3	74.2575	2
1966.97270	984.49360	2	95.9627	1
1966.98440	656.66870	3	96.0603	1
1966.98990	984.50220	2	78.0355	1
1970.06140	657.69440	3	75.8360	1
1970.07130	657.69770	3	76.6631	2
1970.98280	658.00150	3	60.3345	2
1973.06845	494.27440	4	59.3909	2
1973.07005	658.69730	3	59.4159	2
1976.01640	659.67940	3	94.2082	1
1976.02195	989.01825	2	94.1146	2
1977.03425	989.52440	2	81.0212	2
1978.89870	660.64015	3	35.4914	2
1979.03335	660.68505	3	86.5865	2
1983.03185	662.01790	3	85.5972	2
1984.02890	993.02175	2	78.6981	2
1985.95960	993.98710	2	72.3654	2
1988.04675	663.68950	3	70.5245	2
1989.02465	664.01545	3	73.5511	2
1992.02435	997.01945	2	92.0047	2
1992.05910	665.02700	3	78.8912	2
1994.00605	998.01030	2	92.9943	2
2000.99975	668.00715	3	83.1357	2
2002.96215	1002.48835	2	75.3724	2
2002.98555	668.66915	3	66.8890	2
2003.03410	668.68530	3	88.0932	2
2003.03455	1002.52455	2	88.1831	2
2004.09085	669.03755	3	78.1651	2
2009.03810	670.68665	3	57.9266	2
2009.08485	670.70225	3	76.1506	2
2009.99795	671.00660	3	91.2819	2
2009.99930	1006.00690	2	91.2493	2
2011.00440	1006.50950	2	76.3648	2
2016.99330	1009.50395	2	79.2919	2
2019.06775	674.02985	3	93.2195	2
2022.01825	675.01335	3	63.4799	2
2024.89730	1013.45590	2	55.8098	1
2026.12255	676.38145	3	84.9932	2
2026.12295	1014.06875	2	84.9621	2
2026.92820	1014.47140	2	81.9903	1
2027.05580	676.69255	3	86.4880	2
2031.02980	678.01720	3	86.6400	1
2033.06150	678.69445	3	71.8566	2
2037.04275	680.02150	3	64.6431	2
2041.07535	681.36570	3	79.0386	2
2041.97530	681.66570	3	71.8906	2
2043.00920	682.01035	3	81.3044	2
2043.01205	1022.51330	2	81.4313	2
2047.98210	683.66795	3	47.5695	2
2048.05480	1025.03470	2	94.4872	2
2048.05600	683.69260	3	94.4706	2
2048.95885	683.99355	3	75.5518	2
2049.04600	684.02260	3	86.0619	2
2050.02780	684.34990	3	87.7694	1
2050.03470	1026.02460	2	79.5069	1
2052.92910	1027.47180	2	74.6504	2
2054.89755	685.97310	3	68.3247	2
2059.00540	687.34240	3	76.3053	2
2059.92905	687.65030	3	66.9542	2
2059.96675	1030.99065	2	83.7323	2
2060.01070	687.67750	3	91.8155	1
2064.04710	689.02295	3	88.6673	2
2064.05115	1033.03285	2	88.5932	2
2064.95985	1033.48720	2	83.5345	2
2065.07625	689.36600	3	82.1956	2
2067.99185	690.33785	3	68.1244	2
2070.95945	1036.48700	2	71.5834	2
2071.03895	1036.52675	2	90.9914	2
2072.12035	691.71405	3	86.9556	2
2073.10350	692.04180	3	75.7714	2
2075.08130	692.70105	3	71.1894	2
2076.04945	693.02375	3	66.6834	2
2077.04470	693.35550	3	58.9390	1
2077.04680	1039.53070	2	58.9480	2
2078.06590	693.69590	3	77.7944	2
2080.10300	521.03300	4	69.5664	2
2086.04105	1044.02780	2	87.6433	2
2089.05335	697.35840	3	74.2515	2
2092.08660	698.36945	3	73.1825	2
2092.97245	1047.49350	2	86.2788	2
2093.11305	698.71160	3	79.2287	2
2093.11490	1047.56470	2	79.1656	2
2093.97840	1047.99650	2	85.0656	2
2093.98145	699.00110	3	85.0747	2
2094.94445	699.32210	3	50.9015	2
2094.98670	1048.50065	2	83.2002	2
2095.00470	699.34215	3	68.4502	2
2101.86520	701.62900	3	70.0455	1
2104.07080	1053.04270	2	72.1491	1
2104.56495	702.52895	3	72.7737	4
2105.14915	702.72365	3	89.5611	2
2106.02100	703.01430	3	70.3560	1
2114.12865	705.71680	3	94.1826	2
2119.05110	707.35765	3	63.2620	2
2121.13455	708.05215	3	81.6426	2
2122.10450	708.37540	3	69.3664	1
2125.15820	709.39330	3	92.5297	1
2126.14220	709.72135	3	76.8703	2
2126.14300	1064.07880	2	76.8493	3
2131.17930	711.40035	3	82.6060	2
2136.95530	713.32570	3	75.6778	2
2137.12350	713.38175	3	69.2494	2
2143.09300	715.37160	3	80.6972	2
2148.10640	717.04270	3	60.7242	1
2151.10030	718.04070	3	77.2691	2
2156.01585	719.67925	3	64.8226	2
2160.04370	721.02180	3	62.7959	1
2161.14550	721.38910	3	85.6785	1
2165.06670	722.69620	3	75.8997	1
2169.12340	724.04840	3	75.4583	2
2170.02905	724.35030	3	75.2461	2
2180.97920	728.00030	3	66.0856	1
2181.13760	1091.57610	2	79.7127	2
2181.13795	728.05325	3	79.7391	2
2190.06570	731.02915	3	74.1937	2
2190.06815	1096.04135	2	74.1310	2
2195.99700	733.00630	3	75.9938	1
2201.11745	734.71310	3	72.6965	2
2205.01525	736.01235	3	70.9275	2
2205.09925	1103.55690	2	98.1237	2
2214.08055	1108.04755	2	79.0190	2
2227.05210	1114.53335	2	54.9634	2
2227.05260	743.35815	3	54.9311	2
2236.11115	746.37765	3	84.7562	2
2240.18210	747.73460	3	84.0788	1
2240.18215	1121.09835	2	84.0618	2
2250.02030	751.01405	3	45.9046	2
2269.26100	757.42760	3	82.1514	2
2279.05610	760.69265	3	68.0699	2
2282.08485	761.70225	3	63.3579	2
2284.23420	762.41865	3	93.3207	2
2291.01840	764.68010	3	66.6506	2
2291.01865	1146.51660	2	66.6449	2
2295.09275	766.03820	3	78.9821	2
2297.12425	766.71535	3	69.2097	2
2299.14940	767.39040	3	63.9593	1
2306.10460	769.70880	3	77.3013	2
2316.20815	773.07665	3	80.1034	2
2323.19735	1162.60595	2	84.5082	2
2323.28750	775.43645	3	88.4948	2
2347.18850	783.40345	3	58.7048	2
2364.20065	789.07415	3	76.1650	2
2372.21580	791.74590	3	85.4194	1
2376.10110	793.04095	3	51.1639	2
2379.16430	794.06200	3	62.3530	1
2379.16515	595.79855	4	62.2891	2
2389.99035	797.67070	3	61.2714	2
2391.16460	798.06210	3	80.4310	2
2391.18585	1196.60020	2	94.7572	2
2401.30185	801.44120	3	81.2714	2
2404.07665	802.36615	3	70.6967	2
2407.22850	803.41675	3	75.3408	2
2416.24095	806.42095	3	83.6597	2
2427.24085	607.81750	4	60.1162	2
2433.24000	812.08730	3	80.7795	1
2435.25865	812.76015	3	64.9160	2
2440.34885	814.45685	3	90.5894	2
2460.19560	821.07250	3	84.8218	1
2519.20360	840.74180	3	65.0380	1
2525.29785	842.77320	3	85.2693	2
2532.23465	845.08545	3	73.4916	2
2549.47245	850.83145	3	82.6121	2
2549.96350	638.49815	4	84.3474	6
2558.29640	853.77270	3	91.5262	1
2589.27355	864.09845	3	70.3029	2
2604.26730	869.09640	3	84.3313	1
2620.21560	656.06120	4	64.6154	2
2691.38620	898.13600	3	75.5531	1
2749.47615	917.49930	3	81.2009	2
2765.48070	922.83420	3	79.3165	1
2794.38355	932.46845	3	76.9082	2
2804.28075	935.76755	3	76.5853	2
3132.48270	784.12795	4	68.7799	2
3208.55860	803.14695	4	69.7642	2
4062.01070	1016.51000	4	66.9325	1
