mono_mass	mz	charge	rt	n_psm
798.41250	400.21350	2	39.3778	1
798.46100	400.23780	2	44.3830	2
798.48550	400.25000	2	58.2525	3
798.48990	400.25220	2	33.3979	1
799.45485	400.73470	2	49.8351	2
800.43870	401.22660	2	44.7228	2
800.43890	401.22670	2	41.0936	3
800.43960	401.22710	2	38.9776	1
800.43960	401.22710	2	43.1598	1
800.45455	401.23460	2	51.8981	2
801.43435	401.72445	2	37.5783	2
801.53290	401.77375	2	45.3849	2
802.38610	402.20035	2	39.6442	2
802.45530	402.23490	2	43.7969	1
802.49840	402.25650	2	62.4211	2
805.40855	403.71155	2	45.8713	2
805.44480	403.72965	2	52.0675	2
806.39580	404.20515	2	38.4855	2
806.45410	404.23435	2	61.0915	2
806.45425	404.23440	2	51.0144	2
806.49040	404.25250	2	57.4398	1
807.41240	404.71345	2	40.8741	2
808.36360	405.18910	2	37.6108	2
808.39670	405.20560	2	50.0931	2
808.44020	405.22740	2	36.7257	1
811.35355	406.68405	2	38.3621	2
811.49130	406.75290	2	50.2337	2
812.42300	407.21880	2	43.5467	1
812.43950	407.22700	2	40.8448	2
812.48720	407.25090	2	45.4551	2
812.51170	407.26310	2	49.6372	2
813.43410	407.72430	2	34.6024	1
814.45455	408.23460	2	35.3076	2
814.45520	408.23485	2	52.3335	2
814.51690	408.26570	2	59.3311	1
815.43955	408.72705	2	39.5587	2
815.46895	408.74175	2	57.3414	2
815.47550	408.74505	2	43.0252	2
815.47830	408.74640	2	47.0986	2
815.49740	408.75595	2	38.6724	2
815.51150	408.76300	2	47.0032	1
816.38440	409.19950	2	52.1327	2
816.44950	409.23200	2	66.9728	2
816.47075	409.24265	2	38.3695	2
817.42950	409.72205	2	35.6492	2
817.45395	409.73425	2	41.1751	2
817.48085	409.74770	2	67.3658	2
818.37690	410.19570	2	36.4856	1
818.44030	410.22745	2	53.4541	2
818.49035	410.25245	2	74.1643	2
819.39090	410.70270	2	36.0775	1
819.43090	410.72270	2	63.6693	2
820.43320	411.22390	2	39.7723	1
820.46915	411.24185	2	46.3751	2
820.48830	411.25145	2	72.0374	2
821.42860	411.72160	2	41.4314	1
821.44820	411.73140	2	34.4565	2
822.39120	412.20290	2	33.2703	5
822.42415	412.21935	2	37.7359	2
823.41880	412.71665	2	37.1818	2
823.42645	412.72050	2	55.3734	2
824.54870	413.28165	2	71.5144	2
826.49085	414.25270	2	40.4923	2
826.49105	414.25285	2	43.0755	2
826.52740	414.27100	2	70.0608	2
826.52750	414.27100	2	50.3472	2
827.48605	414.75030	2	49.4373	2
828.41570	415.21515	2	32.0747	2
828.44570	415.23010	2	40.6866	3
828.44940	415.23200	2	59.8415	2
829.46410	415.73935	2	42.4950	2
829.46530	415.73990	2	35.5532	1
829.49095	415.75275	2	56.4628	2
829.50230	415.75840	2	37.4628	2
829.50305	415.75885	2	51.2115	2
830.45060	416.23260	2	41.1230	1
830.48620	416.25040	2	48.8440	1
831.46955	416.74205	2	49.2138	2
831.49660	416.75560	2	70.2084	2
832.39295	417.20375	2	35.4753	2
832.41155	417.21305	2	43.5766	2
832.42875	417.22165	2	46.0132	2
833.47650	417.74550	2	54.8992	1
834.43505	418.22480	2	38.9111	2
835.44460	418.72960	2	44.2024	3
836.39020	419.20240	2	41.3338	1
836.40130	419.20795	2	42.2211	2
836.44060	419.22760	2	44.3843	1
836.44115	419.22785	2	57.2466	2
837.40260	419.70860	2	48.6510	2
837.40600	419.71030	2	55.0189	2
838.41835	420.21650	2	38.3069	2
838.49240	420.25350	2	43.5333	1
839.43000	420.72230	2	55.7457	3
839.58470	420.79965	2	73.4566	2
840.46990	421.24225	2	43.8891	2
840.54310	421.27885	2	60.3197	2
840.54330	421.27890	2	75.1469	2
841.46610	421.74030	2	41.7590	2
841.49210	421.75330	2	55.5734	1
841.49450	421.75450	2	52.1662	1
842.42900	422.22180	2	48.4652	3
842.45690	422.23570	2	42.7770	1
842.46120	422.23790	2	40.6129	2
842.48625	422.25040	2	52.8446	2
842.48655	422.25055	2	43.1618	2
842.48760	422.25110	2	39.3822	2
842.52220	422.26840	2	71.2968	2
842.52250	422.26855	2	49.8663	2
842.53320	422.27385	2	35.3677	2
843.45300	422.73380	2	40.1692	1
843.46980	422.74220	2	40.5401	1
843.48115	422.74785	2	45.5277	2
843.54280	422.77865	2	63.8073	2
844.45545	423.23500	2	54.5892	2
844.46525	423.23990	2	36.2897	2
845.46030	423.73745	2	38.4274	2
845.46155	423.73805	2	45.0648	2
845.46490	423.73975	2	67.7775	2
845.48650	423.75055	2	53.3758	2
845.51245	423.76350	2	65.6889	2
845.53780	423.77620	2	76.4718	2
846.39895	424.20675	2	37.9127	2
846.42745	424.22100	2	43.7984	2
846.43815	424.22635	2	49.4113	2
846.44910	424.23180	2	61.7628	2
847.41060	424.71260	2	35.4240	1
847.42430	424.71940	2	44.7002	2
847.44470	424.72965	2	41.6125	2
847.48070	424.74765	2	46.4320	2
848.43865	425.22660	2	42.7275	2
848.43965	425.22710	2	51.0070	2
848.43975	425.22715	2	53.7287	2
848.44560	425.23010	2	37.5170	2
849.42080	425.71770	2	47.5515	2
849.44200	425.72825	2	53.2963	2
850.45335	426.23395	2	47.2057	2
850.50215	426.25835	2	40.3865	2
850.86290	426.43870	2	40.1446	2
851.40335	426.70895	2	36.4079	2
851.42115	426.71785	2	46.4836	2
851.43760	426.72610	2	34.7546	1
851.43935	426.72695	2	38.0632	2
853.36065	427.68760	2	37.8603	2
854.46080	428.23770	2	40.8154	2
855.51730	428.76590	2	52.0660	1
856.43335	429.22395	2	65.0595	2
856.44870	429.23160	2	66.0430	1
856.46980	429.24220	2	50.8118	2
856.51260	429.26355	2	49.0124	2
856.51605	429.26530	2	46.5981	2
856.53995	429.27725	2	58.4365	2
857.46195	429.73825	2	41.1158	2
857.46275	429.73865	2	43.4787	2
857.49570	429.75515	2	47.2410	2
857.49700	429.75580	2	55.7186	1
858.45620	430.23535	2	45.2434	2
858.47055	430.24255	2	44.5284	2
858.96295	430.48875	2	38.9615	4
859.43835	430.72645	2	40.9112	2
859.46520	430.73990	2	47.7413	2
860.42390	431.21925	2	37.0949	2
860.44255	431.22855	2	46.1101	2
860.46060	431.23760	2	34.7243	2
861.44395	431.72925	2	45.5589	2
861.47135	431.74295	2	48.4530	2
861.50805	431.76130	2	75.7162	2
862.38625	432.20040	2	40.1395	2
863.45045	432.73250	2	36.0321	2
863.45055	432.73255	2	50.0073	2
863.45750	432.73605	2	59.5022	2
864.41965	433.21710	2	50.4806	2
864.43465	433.22460	2	53.6027	2
864.50705	433.26080	2	64.5897	2
865.41230	433.71350	2	51.5168	1
865.41595	433.71525	2	40.7109	2
865.41900	433.71680	2	36.3280	1
866.41080	434.21270	2	41.3923	1
866.49765	434.25610	2	43.3663	2
867.41640	434.71545	2	50.7938	2
868.45840	435.23650	2	38.7657	2
868.50070	435.25765	2	45.4182	2
868.51300	435.26380	2	33.4825	2
869.45500	435.73480	2	35.0871	1
869.49685	435.75570	2	35.4622	2
869.53320	435.77385	2	53.2661	2
869.53355	435.77405	2	60.6012	2
869.55925	435.78690	2	67.5122	2
870.43510	436.22480	2	34.9307	1
870.44910	436.23180	2	55.3030	2
870.48140	436.24800	2	43.9430	2
870.51720	436.26585	2	58.8386	2
870.55375	436.28415	2	51.6413	2
871.44395	436.72925	2	39.2553	2
871.45115	436.73285	2	41.7643	2
871.53910	436.77680	2	60.1695	2
872.47475	437.24465	2	40.6079	2
872.49680	437.25565	2	43.1103	2
872.51020	437.26240	2	37.6875	1
872.51510	437.26480	2	64.4772	2
873.47420	437.74435	2	51.3224	2
873.48090	437.74775	2	49.2630	2
873.49595	437.75525	2	68.0259	2
874.43330	438.22395	2	45.6713	2
874.44060	438.22760	2	35.9197	1
874.45785	438.23620	2	50.5867	2
874.46630	438.24040	2	43.8571	2
874.46925	438.24190	2	36.6908	2
875.49000	438.75230	2	31.0956	2
875.52260	438.76860	2	61.7264	2
875.52325	438.76890	2	50.7660	2
876.41275	439.21365	2	40.3052	2
876.47050	439.24250	2	50.9545	2
876.47980	439.24720	2	54.7636	2
876.49535	439.25495	2	68.4027	2
877.43040	439.72250	2	44.3388	1
877.45430	439.73440	2	38.3019	2
877.45495	439.73475	2	65.8987	2
877.46540	439.73995	2	50.4240	2
877.46640	439.74045	2	43.5930	2
877.50990	439.76225	2	70.4215	2
877.52740	439.77095	2	69.5730	2
878.43235	440.22345	2	48.6840	2
878.48175	440.24815	2	51.5909	4
878.48665	440.25060	2	55.4565	2
879.39825	440.70640	2	35.7172	2
880.41350	441.21400	2	39.6618	2
880.42955	441.22205	2	44.4317	2
880.54945	441.28205	2	54.1209	2
881.51640	441.76550	2	56.0652	1
882.48240	442.24850	2	37.6060	1
882.52885	442.27175	2	40.0920	2
883.53800	442.77630	2	59.4735	2
883.53830	442.77645	2	51.9258	2
883.56045	442.78750	2	39.8771	2
884.44070	443.22760	2	45.1240	2
884.54405	443.27930	2	55.0116	2
884.57110	443.29285	2	60.0439	2
885.44445	443.72950	2	36.0246	2
885.49205	443.75330	2	52.2116	2
885.49250	443.75350	2	50.5507	1
885.55425	443.78440	2	65.6121	2
886.48765	444.25110	2	43.4786	2
886.51310	444.26385	2	48.6868	2
887.46015	444.73735	2	37.4554	2
887.48675	444.75065	2	56.2311	2
887.53295	444.77375	2	58.8930	2
888.51045	445.26250	2	54.7025	2
889.45825	445.73640	2	51.7866	2
889.46580	445.74020	2	48.9759	2
889.47705	445.74580	2	42.3386	2
889.48460	445.74955	2	70.6324	2
890.47635	446.24545	2	72.0326	2
890.50430	446.25940	2	45.7058	1
891.44495	446.72980	2	50.1392	2
891.44835	446.73145	2	47.2710	2
891.48165	446.74810	2	63.6742	2
891.50660	446.76060	2	67.0821	2
892.44040	447.22750	2	41.2414	3
892.48380	447.24915	2	77.1908	2
893.45090	447.73270	2	44.2995	1
893.45870	447.73660	2	46.6848	6
893.46100	447.73780	2	43.6198	2
893.60670	447.81065	2	76.0008	2
894.45575	448.23515	2	35.2850	2
894.50340	448.25900	2	32.5717	2
895.44760	448.73105	2	60.5764	2
895.46500	448.73980	2	42.3624	1
895.46530	448.73990	2	42.3285	1
895.48110	448.74780	2	63.6353	1
896.53340	449.27395	2	55.5898	2
897.40450	449.70955	2	67.3059	2
897.50275	449.75865	2	34.8195	2
898.40745	450.21100	2	66.9045	2
898.47945	450.24700	2	58.6311	2
898.48740	450.25100	2	36.4281	2
898.49095	450.25275	2	45.4446	2
898.54890	450.28170	2	67.5638	2
898.56040	450.28750	2	56.0066	2
899.43835	450.72645	2	54.4382	2
899.45040	450.73250	2	41.7668	2
899.50820	450.76140	2	56.8019	1
899.51530	450.76490	2	61.0686	2
900.46510	451.23985	2	42.4381	2
900.48900	451.25180	2	42.1847	3
900.50380	451.25915	2	51.4059	2
900.53940	451.27700	2	44.9065	2
901.41135	451.71295	2	49.9719	2
901.43310	451.72385	2	40.2420	2
901.47595	451.74525	2	59.3996	2
901.48670	451.75060	2	35.0296	2
901.48700	451.75080	2	47.5368	1
901.52340	451.76900	2	43.5690	2
902.41335	452.21400	2	48.5712	2
902.48240	452.24850	2	40.7841	1
902.49625	452.25545	2	41.4145	2
902.50755	452.26105	2	47.0912	2
903.44865	452.73160	2	39.4468	2
903.48190	452.74825	2	53.8186	2
903.52840	452.77145	2	43.1966	2
903.54315	452.77885	2	69.4844	2
904.44420	453.22940	2	32.0257	2
904.53825	453.27640	2	63.8722	2
905.45320	453.73385	2	66.3090	2
905.45325	453.73390	2	45.0155	2
906.46775	454.24115	2	33.3022	2
906.51745	454.26600	2	48.9300	2
907.45160	454.73310	2	38.3620	2
907.49985	454.75720	2	49.3175	2
907.50150	454.75800	2	55.8839	3
908.49650	455.25550	2	81.6502	1
908.50880	455.26170	2	55.6623	1
908.53345	455.27400	2	41.5882	2
908.56945	455.29205	2	57.8072	2
909.42685	455.72070	2	56.2407	2
911.38055	456.69755	2	35.1879	2
911.47530	456.74495	2	61.4974	2
911.48940	456.75195	2	44.1572	2
911.58105	456.79780	2	58.9024	2
912.54805	457.28130	2	43.4880	2
912.56525	457.28990	2	65.0502	2
913.45020	457.73240	2	42.6445	2
913.47370	457.74415	2	71.8026	2
913.48685	457.75070	2	48.1380	2
913.50870	457.76160	2	34.2947	2
913.54800	457.78130	2	54.6465	2
913.56010	457.78735	2	40.2040	2
913.59675	457.80565	2	41.4330	2
914.50760	458.26110	2	41.9671	2
914.51790	458.26625	2	47.0680	2
915.44755	458.73105	2	38.0982	2
915.47055	458.74255	2	37.5651	2
915.50740	458.76100	2	33.6899	2
915.52070	458.76765	2	50.5343	2
915.52180	458.76820	2	75.4129	1
915.53895	458.77675	2	36.2822	2
916.48570	459.25015	2	42.3725	2
916.49860	459.25660	2	38.8450	2
917.46420	459.73940	2	54.9544	2
917.48020	459.74740	2	41.3873	1
917.48085	459.74770	2	39.3556	2
917.51785	459.76620	2	41.0326	2
918.42650	460.22050	2	34.1153	2
918.44885	460.23170	2	80.3460	2
918.48360	460.24910	2	54.3276	2
918.49155	460.25305	2	64.9164	2
918.49305	460.25380	2	51.2603	2
918.51725	460.26590	2	63.8643	2
918.51770	460.26610	2	57.7480	2
919.40625	460.71040	2	34.4197	2
919.40740	460.71100	2	62.2767	2
919.44340	460.72895	2	48.5055	2
919.46955	460.74205	2	53.4005	2
919.50930	460.76195	2	53.5921	2
919.51290	460.76370	2	47.7080	2
919.51565	460.76510	2	58.1720	2
919.52070	460.76765	2	65.4739	2
920.49765	461.25610	2	47.8495	2
920.50700	461.26080	2	42.5823	2
921.44480	461.72970	2	41.8399	3
921.44640	461.73050	2	38.5628	3
921.46690	461.74070	2	36.8607	1
921.55285	461.78370	2	62.5157	2
922.43975	462.22715	2	50.6208	2
923.43520	462.72485	2	44.9624	2
923.47245	462.74350	2	41.9722	2
923.49350	462.75400	2	51.3571	1
923.53250	462.77350	2	60.0059	1
923.58000	462.79730	2	78.3340	1
924.43745	463.22600	2	48.9251	2
924.53935	463.27695	2	53.3439	2
924.56420	463.28940	2	56.2161	2
925.46970	463.74210	2	79.6100	1
925.49880	463.75670	2	44.6624	1
926.51865	464.26660	2	40.1145	2
926.58015	464.29735	2	61.0989	2
926.59105	464.30280	2	62.2189	2
927.37650	464.69550	2	30.7692	2
927.44505	464.72980	2	47.5117	2
927.56380	464.78920	2	83.3556	2
928.45560	465.23505	2	51.5179	2
928.51675	465.26565	2	42.8738	2
928.52275	465.26865	2	52.4520	2
928.53420	465.27435	2	50.6710	2
928.55960	465.28705	2	63.4703	2
928.55965	465.28710	2	57.7927	2
929.44605	465.73030	2	33.8609	2
929.45710	465.73585	2	31.3028	2
929.47220	465.74340	2	50.8670	1
929.48030	465.74745	2	38.0882	2
929.50690	465.76070	2	55.7670	2
929.51265	465.76360	2	49.1197	2
929.51835	465.76645	2	42.0304	2
929.51845	465.76650	2	44.0609	2
929.51885	465.76670	2	37.3416	2
930.42335	466.21895	2	61.7109	2
930.46675	466.24065	2	36.3528	2
930.47800	466.24630	2	42.9929	2
930.51745	466.26600	2	65.4379	2
930.53930	466.27695	2	39.1509	2
931.46995	466.74225	2	37.0731	2
931.48640	466.75050	2	49.5786	2
931.50160	466.75805	2	56.6640	2
931.51270	466.76365	2	58.6786	2
931.53410	466.77435	2	68.3742	2
932.46365	467.23910	2	39.9622	2
932.54470	467.27960	2	43.1618	2
933.45575	467.73520	2	38.4501	2
933.46535	467.73995	2	52.0195	2
933.48420	467.74940	2	52.4472	2
933.50345	467.75900	2	53.1770	2
933.52875	467.77165	2	57.1658	2
933.53955	467.77705	2	34.0826	2
934.41865	468.21660	2	41.0494	2
934.45155	468.23305	2	40.4096	2
934.48700	468.25075	2	44.2601	2
934.48710	468.25080	2	55.9053	2
934.48725	468.25090	2	34.6353	2
934.51250	468.26350	2	59.1863	2
934.51385	468.26420	2	51.0529	2
934.52370	468.26910	2	60.3384	2
935.39950	468.70700	2	27.2652	1
935.45310	468.73380	2	37.6305	1
935.47090	468.74270	2	46.0474	2
935.48975	468.75215	2	62.4986	2
937.41475	469.71465	2	35.8960	2
937.48670	469.75060	2	41.6075	2
937.51280	469.76370	2	58.5340	1
938.43560	470.22510	2	38.9181	3
939.43060	470.72255	2	63.1298	2
939.46290	470.73870	2	33.8645	2
939.48165	470.74810	2	80.6708	2
939.51445	470.76450	2	33.4057	2
939.53860	470.77655	2	54.3674	2
939.55010	470.78235	2	56.6292	2
939.56390	470.78925	2	81.1985	2
940.44395	471.22925	2	46.0778	2
940.52230	471.26840	2	57.4119	1
940.52750	471.27100	2	62.7297	2
940.53390	471.27420	2	35.6462	2
941.43465	471.72460	2	39.6441	2
941.46390	471.73925	2	50.7072	2
941.56540	471.79000	2	62.5425	2
941.57930	471.79695	2	67.3088	2
941.60620	471.81040	2	79.7409	2
942.50235	472.25845	2	37.1839	2
942.51330	472.26395	2	48.8716	2
942.52860	472.27160	2	67.8609	2
943.44800	472.73130	2	61.8747	2
943.46230	472.73840	2	36.9675	2
943.48820	472.75140	2	44.8073	2
944.42525	473.21995	2	38.4729	2
944.43170	473.22310	2	64.2375	2
944.47550	473.24500	2	38.9529	1
944.49250	473.25355	2	44.2062	2
944.51160	473.26310	2	64.6432	2
944.51765	473.26610	2	46.3748	2
944.51805	473.26630	2	48.7018	2
944.52830	473.27140	2	50.1397	1
944.55490	473.28470	2	55.4307	2
944.56930	473.29190	2	79.1316	1
945.46000	473.73730	2	77.4797	2
945.51230	473.76345	2	41.7043	2
945.54965	473.78210	2	59.4694	2
946.50730	474.26090	2	50.4470	1
946.50885	474.26170	2	35.5368	2
946.50895	474.26175	2	38.2419	2
946.51315	474.26385	2	46.8571	2
946.53385	474.27420	2	39.1331	2
946.54910	474.28185	2	74.6657	2
947.43430	474.72440	2	39.3267	2
947.46690	474.74070	2	33.1300	1
947.48640	474.75045	2	43.2434	2
947.51515	474.76485	2	71.8342	2
948.46670	475.24060	2	53.6496	2
948.46670	475.24065	2	45.3586	2
949.48630	475.75040	2	40.5543	2
949.48730	475.75095	2	55.0114	2
949.49120	475.75285	2	87.0643	2
949.50605	475.76030	2	77.8463	2
949.52735	475.77095	2	79.9296	2
950.45335	476.23395	2	50.9342	2
950.48220	476.24835	2	47.5662	2
950.48235	476.24845	2	49.8043	2
950.48580	476.25015	2	73.9761	2
950.50100	476.25775	2	60.2188	2
950.50785	476.26120	2	52.4960	2
951.49055	476.75255	2	60.8959	2
951.51890	476.76670	2	80.4944	1
952.44960	477.23210	2	48.0595	2
952.45005	477.23230	2	44.1446	2
952.46920	477.24190	2	51.6051	2
952.49590	477.25520	2	36.8710	1
952.53495	477.27475	2	43.2510	2
954.44490	478.22970	2	53.2394	2
955.53405	478.77430	2	63.5889	2
955.57055	478.79255	2	61.8797	2
956.50320	479.25890	2	39.4649	2
956.51455	479.26455	2	37.7920	2
956.52950	479.27200	2	45.1824	2
956.52970	479.27210	2	54.1107	2
956.53255	479.27355	2	42.6301	2
956.53650	479.27550	2	67.1299	1
956.57955	479.29705	2	78.0096	2
957.48805	479.75130	2	35.5261	4
957.51460	479.76460	2	48.7587	1
957.52530	479.76990	2	38.4201	1
957.52550	479.77000	2	41.9224	1
957.53070	479.77260	2	49.2087	2
957.53495	479.77475	2	33.1098	2
957.55895	479.78675	2	48.9632	2
957.59735	479.80595	2	48.1632	2
958.48805	480.25130	2	57.2252	2
958.50755	480.26105	2	57.5217	2
959.50770	480.76110	2	41.9599	2
959.53030	480.77245	2	43.6843	2
959.53275	480.77365	2	69.5131	2
959.55515	480.78485	2	58.6826	2
960.45065	481.23260	2	36.3477	2
960.46210	481.23835	2	32.6184	2
960.47615	481.24535	2	42.9929	2
960.50320	481.25890	2	47.4266	1
960.51295	481.26375	2	40.3567	2
960.53185	481.27320	2	58.2944	2
960.53850	481.27650	2	62.2416	2
961.50850	481.76150	2	42.4925	2
962.47400	482.24430	2	47.1482	2
962.50640	482.26050	2	63.1975	2
962.51880	482.26665	2	56.3477	2
962.53830	482.27640	2	86.6224	2
962.54500	482.27980	2	63.0764	1
963.44545	482.73000	2	55.3485	2
963.50205	482.75830	2	41.2318	2
963.50585	482.76020	2	35.6179	2
963.55450	482.78450	2	75.1717	2
964.46155	483.23805	2	39.2057	2
964.48000	483.24725	2	69.8035	2
964.49765	483.25610	2	43.9855	2
964.52260	483.26860	2	54.9121	1
965.44490	483.72970	2	42.4127	1
965.44600	483.73030	2	36.1026	3
965.46025	483.73740	2	38.8184	2
965.48240	483.74850	2	61.4402	2
965.62750	483.82105	2	82.9303	2
966.46500	484.23975	2	42.7595	2
966.46660	484.24055	2	37.6697	2
966.48675	484.25065	2	45.6331	2
966.49165	484.25310	2	75.6131	2
966.49570	484.25510	2	45.6934	1
966.52485	484.26970	2	47.5765	2
967.47950	484.74705	2	58.7273	2
967.52000	484.76730	2	30.4303	2
967.52345	484.76900	2	48.1379	2
967.54600	484.78025	2	37.9230	2
967.58170	484.79815	2	57.4435	2
968.44450	485.22955	2	41.4722	2
968.52890	485.27170	2	38.4552	2
968.52920	485.27185	2	49.6169	2
969.43085	485.72270	2	40.4741	2
969.48070	485.74765	2	76.1954	2
969.48150	485.74800	2	65.6619	1
969.48840	485.75145	2	41.2636	2
969.51370	485.76410	2	47.9160	2
969.52465	485.76960	2	51.1234	2
969.55080	485.78270	2	33.6001	1
969.56035	485.78745	2	53.5668	2
969.58655	485.80055	2	64.7122	2
969.58670	485.80065	2	69.3722	2
970.48720	486.25090	2	55.4003	2
970.52480	486.26970	2	41.9325	1
970.54440	486.27945	2	56.6921	2
970.58045	486.29750	2	45.9816	2
970.58115	486.29785	2	34.3961	2
970.58150	486.29805	2	69.7093	2
971.50400	486.75930	2	32.5964	2
971.51480	486.76465	2	29.2365	2
971.52880	486.77170	2	59.5510	2
971.52885	486.77170	2	49.4175	2
971.52920	486.77190	2	37.0404	2
971.55370	486.78410	2	58.4093	2
971.56675	486.79065	2	45.1338	2
972.46680	487.24065	2	34.5190	2
972.53950	487.27710	2	70.3546	1
972.57205	487.29330	2	36.0794	2
973.50835	487.76145	2	42.9636	2
973.54325	487.77890	2	35.0008	2
974.50360	488.25905	2	39.0819	2
974.51890	488.26675	2	59.7265	2
974.53940	488.27695	2	42.8218	2
975.48840	488.75150	2	30.3151	1
975.49505	488.75480	2	81.1184	2
975.50270	488.75865	2	53.1813	2
976.49720	489.25585	2	58.8750	2
976.50860	489.26160	2	48.6233	2
976.52320	489.26890	2	61.1223	2
976.54605	489.28030	2	41.8863	2
977.44340	489.72895	2	47.7691	2
977.48155	489.74805	2	46.3936	2
977.48170	489.74815	2	61.4147	2
977.51870	489.76665	2	52.9339	2
978.46510	490.23980	2	46.6922	2
978.47930	490.24695	2	42.6342	2
978.50265	490.25860	2	60.8932	2
979.44970	490.73215	2	66.9699	2
979.46125	490.73790	2	39.6339	2
979.49710	490.75580	2	53.2304	2
979.57030	490.79240	2	41.1478	2
979.57050	490.79250	2	56.8829	1
980.45755	491.23605	2	37.9842	2
980.49610	491.25530	2	52.9833	2
981.52430	491.76940	2	30.9459	2
981.59700	491.80575	2	42.1408	2
982.46000	492.23725	2	34.8149	2
982.47705	492.24580	2	42.9286	2
982.51895	492.26675	2	39.1559	2
983.47410	492.74435	2	48.8544	2
983.50540	492.76000	2	43.3170	2
983.57655	492.79555	2	64.9186	2
983.58390	492.79920	2	72.0165	2
983.58840	492.80150	2	45.2115	2
983.60080	492.80765	2	58.8150	2
984.43830	493.22645	2	35.1595	2
984.45500	493.23480	2	52.3552	1
984.45550	493.23505	2	58.2944	2
984.49355	493.25405	2	52.5558	2
984.55930	493.28690	2	29.7386	1
984.63325	493.32390	2	50.9226	2
985.50230	493.75840	2	46.3413	1
985.53820	493.77635	2	47.0887	2
985.55310	493.78380	2	44.2647	2
985.61690	493.81570	2	46.6204	1
986.49000	494.25230	2	68.1488	2
986.49320	494.25390	2	41.3739	1
986.53910	494.27680	2	50.5280	1
987.50020	494.75740	2	32.4244	2
987.50330	494.75895	2	56.9284	2
987.52340	494.76900	2	45.8318	1
987.53480	494.77470	2	50.2644	2
987.57175	494.79315	2	60.0439	2
987.60100	494.80780	2	80.1435	1
988.48320	495.24890	2	39.2159	2
988.50120	495.25790	2	65.3440	1
988.50760	495.26110	2	53.7659	2
988.51940	495.26700	2	43.7689	2
988.52080	495.26770	2	64.7348	1
988.54415	495.27935	2	48.0473	2
988.58115	495.29785	2	51.4632	2
989.47830	495.74640	2	34.2548	1
989.49700	495.75575	2	37.3643	2
989.55435	495.78445	2	49.0073	2
989.55565	495.78510	2	59.4779	2
990.45815	496.23640	2	38.0956	2
990.47375	496.24415	2	46.7771	2
990.50590	496.26020	2	61.2892	3
990.51430	496.26440	2	43.6005	2
990.55010	496.28230	2	73.4196	2
991.38620	496.70040	2	35.3077	1
991.50890	496.76170	2	67.9883	1
991.50920	496.76190	2	61.3713	1
991.54540	496.77995	2	69.7984	2
991.57050	496.79255	2	62.0776	2
992.48540	497.25000	2	57.3310	2
992.53250	497.27355	2	81.5048	2
992.60210	497.30830	2	71.2083	2
993.44050	497.72750	2	43.7394	2
993.45185	497.73320	2	41.2568	2
993.49310	497.75380	2	64.6303	2
993.51365	497.76410	2	53.9984	2
993.54945	497.78200	2	65.2892	2
994.45500	498.23480	2	36.8387	1
994.47160	498.24310	2	53.7884	1
994.49680	498.25565	2	49.7754	2
994.50765	498.26110	2	48.2774	2
994.51060	498.26260	2	33.0566	2
994.51595	498.26525	2	73.4785	2
994.54550	498.28000	2	35.9011	2
994.60675	498.31065	2	74.4739	2
994.65340	498.33400	2	47.0391	2
995.49210	498.75330	2	44.5497	2
996.49520	499.25490	2	39.0133	1
996.53095	499.27275	2	69.1115	2
996.53165	499.27310	2	48.8799	2
996.57165	499.29310	2	46.1928	2
997.47960	499.74710	2	30.7094	1
997.58170	499.79810	2	40.1093	2
998.58680	500.30065	2	41.6823	2
999.48465	500.74960	2	32.7455	2
999.53450	500.77450	2	43.4581	2
999.53555	500.77505	2	31.0061	2
999.57185	500.79320	2	33.4574	2
1000.49300	501.25380	2	37.0680	2
1000.55360	501.28410	2	59.4285	3
1000.56690	501.29075	2	49.7485	2
1000.59190	501.30325	2	63.2596	2
1001.51590	501.76520	2	45.1076	3
1001.55415	501.78435	2	68.0358	2
1001.56160	501.78810	2	34.8694	1
1001.58715	501.80085	2	48.4819	2
1001.59200	501.80330	2	70.1845	2
1002.47215	502.24335	2	35.4697	2
1002.48130	502.24795	2	39.9120	2
1002.48675	502.25065	2	42.5219	2
1002.52810	502.27135	2	38.5809	2
1002.54650	502.28050	2	34.3885	2
1002.55900	502.28680	2	37.5760	1
1003.51230	502.76340	2	50.0268	1
1003.51940	502.76700	2	45.3779	1
1003.52420	502.76935	2	36.4643	2
1003.57040	502.79250	2	78.1866	2
1004.52880	503.27165	2	58.2376	2
1004.54040	503.27745	2	48.8993	2
1004.56565	503.29010	2	44.1807	2
1005.46970	503.74210	2	49.8213	1
1005.48055	503.74755	2	39.1154	2
1005.49165	503.75310	2	31.2807	2
1005.51190	503.76325	2	55.7128	2
1005.53145	503.77300	2	69.2605	2
1005.53610	503.77535	2	36.9462	2
1006.45075	504.23265	2	33.3748	2
1006.47165	504.24310	2	42.6887	2
1006.50180	504.25820	2	54.9305	2
1007.45645	504.73550	2	39.7010	2
1007.46755	504.74105	2	42.0848	2
1007.47480	504.74470	2	52.2994	2
1007.50365	504.75910	2	44.8447	2
1007.52250	504.76855	2	65.7893	2
1007.52860	504.77160	2	44.5497	2
1007.53990	504.77725	2	56.8639	2
1007.54405	504.77930	2	68.9628	2
1007.67430	504.84445	2	73.2487	2
1008.47740	505.24600	2	51.3033	2
1008.51250	505.26355	2	61.7414	2
1008.51930	505.26695	2	52.1903	2
1009.44795	505.73125	2	43.2506	2
1009.51935	505.76695	2	37.3184	2
1009.54915	505.78185	2	88.1471	2
1010.45285	506.23370	2	39.8741	2
1010.51155	506.26305	2	64.1805	2
1010.57605	506.29530	2	69.1956	2
1011.52370	506.76915	2	37.8277	2
1011.53535	506.77495	2	46.2494	2
1011.54680	506.78070	2	43.8354	2
1011.57175	506.79315	2	53.3190	2
1011.60775	506.81115	2	68.2942	2
1012.48690	507.25075	2	59.9964	2
1012.57070	507.29260	2	59.2553	2
1012.57240	507.29350	2	91.2266	6
1012.58230	507.29840	2	61.4355	2
1012.59160	507.30310	2	60.8020	1
1012.60370	507.30910	2	40.0257	2
1012.63990	507.32720	2	49.8890	2
1013.46475	507.73970	2	72.5917	2
1013.53990	507.77725	2	44.9807	2
1013.55490	507.78470	2	66.1454	2
1013.56185	507.78820	2	38.8449	2
1013.58770	507.80110	2	64.8284	2
1013.62380	507.81920	2	65.1978	1
1013.62405	507.81930	2	67.5643	2
1014.50915	508.26185	2	32.1540	2
1014.53445	508.27450	2	44.2079	2
1014.53670	508.27565	2	39.4352	2
1014.57145	508.29300	2	47.0391	2
1014.57170	508.29310	2	38.6971	2
1015.49245	508.75355	2	40.7666	2
1015.54270	508.77860	2	89.2651	1
1015.58445	508.79950	2	71.6627	2
1015.59100	508.80280	2	66.4839	2
1016.45965	509.23715	2	38.1530	2
1016.50430	509.25940	2	36.9988	1
1016.51870	509.26660	2	48.7306	1
1016.53240	509.27350	2	49.3174	2
1016.54000	509.27730	2	43.9440	1
1016.54730	509.28090	2	50.0569	2
1017.47290	509.74375	2	42.6393	2
1017.51635	509.76545	2	77.5459	2
1017.53435	509.77445	2	40.0308	2
1017.57260	509.79360	2	41.8250	2
1017.62250	509.81855	2	67.1388	2
1018.53380	510.27420	2	59.0217	2
1018.54480	510.27970	2	41.1426	2
1018.54840	510.28145	2	65.8699	2
1019.42075	510.71765	2	44.6036	2
1019.50365	510.75910	2	44.0426	2
1019.54010	510.77730	2	36.3672	2
1019.54050	510.77755	2	54.9028	2
1019.54745	510.78100	2	67.5731	2
1019.55135	510.78295	2	48.2725	2
1020.44240	511.22850	2	30.6330	1
1020.52350	511.26905	2	50.1962	2
1020.52420	511.26940	2	64.8962	3
1020.52420	511.26935	2	57.2186	2
1020.53350	511.27400	2	55.6401	1
1020.53520	511.27485	2	56.1289	2
1021.43860	511.72660	2	39.0618	2
1021.44975	511.73220	2	35.5893	2
1021.49460	511.75455	2	31.7331	2
1021.51170	511.76310	2	44.6899	2
1021.54515	511.77985	2	61.3537	2
1021.60235	511.80845	2	53.0160	2
1022.50395	512.25930	2	54.1666	2
1022.51090	512.26270	2	77.6300	2
1023.60755	512.81105	2	68.8428	2
1024.37455	513.19455	2	43.0991	2
1024.49020	513.25240	2	60.2491	1
1025.45160	513.73305	2	39.5586	2
1025.50365	513.75910	2	41.8440	2
1025.55045	513.78250	2	36.5379	2
1025.60230	513.80840	2	49.8391	2
1026.44565	514.23010	2	43.4013	2
1027.56510	514.78980	2	34.6277	1
1027.56695	514.79075	2	37.4923	2
1027.58210	514.79835	2	74.9934	2
1027.59140	514.80300	2	59.5869	2
1027.60235	514.80845	2	69.4545	2
1028.55145	515.28300	2	47.1609	2
1028.56095	515.28775	2	44.2978	2
1028.59720	515.30590	2	77.1496	1
1029.47615	515.74535	2	57.4738	2
1029.53900	515.77680	2	53.0505	2
1029.54270	515.77865	2	38.5184	2
1029.55670	515.78565	2	31.3876	2
1029.58225	515.79840	2	37.8528	2
1030.53015	516.27235	2	36.6958	2
1030.59165	516.30310	2	79.3623	2
1030.60665	516.31060	2	76.0534	2
1031.46335	516.73895	2	64.8285	2
1031.48880	516.75170	2	53.3355	1
1031.50340	516.75900	2	42.5537	2
1031.50675	516.76065	2	49.9194	2
1031.54585	516.78020	2	52.3904	2
1031.54970	516.78210	2	55.8105	1
1031.58620	516.80040	2	57.6324	2
1032.49840	517.25645	2	42.9039	2
1032.53420	517.27435	2	49.5557	2
1032.59735	517.30595	2	74.0318	2
1033.56610	517.79035	2	44.0304	2
1033.58105	517.79780	2	82.5936	2
1033.61690	517.81575	2	70.2422	2
1034.52180	518.26815	2	65.4687	2
1034.56580	518.29020	2	62.8943	1
1035.48755	518.75105	2	61.8209	2
1035.56085	518.78770	2	61.1842	2
1036.51895	519.26675	2	44.3741	2
1036.53425	519.27440	2	71.7762	2
1036.53775	519.27615	2	68.3176	2
1036.55550	519.28500	2	64.0116	2
1037.50715	519.76085	2	35.2236	2
1037.62500	519.81980	2	55.4886	2
1037.64850	519.83150	2	71.4761	2
1038.48075	520.24765	2	47.7741	2
1038.54685	520.28070	2	36.1386	2
1039.46515	520.73985	2	48.4480	2
1039.49785	520.75620	2	53.0684	2
1039.56550	520.79005	2	47.4074	2
1040.46890	521.24170	2	42.1502	1
1040.49670	521.25560	2	42.8168	2
1040.54990	521.28225	2	54.7894	2
1040.56865	521.29160	2	50.5913	2
1040.59805	521.30630	2	57.5817	2
1040.62260	521.31855	2	74.2216	2
1040.65960	521.33705	2	60.5456	2
1041.43965	521.72710	2	46.2032	2
1041.45495	521.73475	2	36.9037	2
1041.53340	521.77400	2	50.8433	2
1041.58190	521.79820	2	65.8820	1
1042.51455	522.26455	2	65.1143	2
1042.53025	522.27240	2	38.6774	2
1042.55630	522.28545	2	54.1898	2
1043.54365	522.77910	2	49.2840	2
1043.54995	522.78225	2	79.2047	2
1043.56180	522.78815	2	37.7330	2
1043.56295	522.78875	2	34.8195	2
1043.60335	522.80895	2	64.1825	2
1044.51975	523.26715	2	45.7775	2
1044.53880	523.27670	2	66.6288	2
1044.55575	523.28515	2	44.4655	2
1044.56060	523.28760	2	59.0190	2
1045.51215	523.76335	2	57.8598	2
1045.53930	523.77690	2	45.5210	1
1045.53985	523.77720	2	34.6786	2
1045.54080	523.77770	2	32.2929	2
1045.55900	523.78680	2	63.9082	1
1045.60225	523.80840	2	61.2170	2
1046.52525	524.26990	2	36.8203	2
1046.59690	524.30570	2	50.0597	2
1047.52790	524.77120	2	60.6565	2
1047.56300	524.78880	2	60.2440	1
1048.47810	525.24635	2	36.3509	2
1048.55720	525.28585	2	33.0019	2
1049.52610	525.77035	2	51.4421	2
1049.53360	525.77410	2	41.0742	1
1049.56155	525.78805	2	38.6063	2
1050.50900	526.26180	2	46.8291	1
1050.53415	526.27435	2	48.7343	2
1050.55655	526.28555	2	32.5295	2
1050.57125	526.29290	2	62.7891	2
1050.59545	526.30500	2	68.9707	2
1051.49405	526.75430	2	38.0984	2
1052.46365	527.23910	2	58.3566	2
1053.61840	527.81645	2	56.6390	2
1054.49720	528.25590	2	69.2064	2
1054.53370	528.27415	2	75.2363	2
1054.54080	528.27765	2	33.1313	2
1054.60220	528.30840	2	52.5112	2
1054.60345	528.30900	2	57.7122	2
1055.42315	528.71885	2	47.9623	2
1055.49235	528.75345	2	45.5608	2
1055.58620	528.80040	2	64.4139	2
1055.58635	528.80045	2	68.2100	2
1056.53175	529.27315	2	77.3152	2
1056.56110	529.28785	2	44.3214	2
1056.58185	529.29820	2	55.6438	2
1056.59305	529.30380	2	53.4256	2
1057.50790	529.76120	2	44.7680	1
1057.57690	529.79570	2	37.0947	2
1057.57710	529.79580	2	45.3269	2
1057.61380	529.81420	2	38.7803	1
1057.61870	529.81660	2	38.2700	1
1057.63855	529.82655	2	78.1335	2
1058.08030	530.04740	2	46.7285	4
1058.49280	530.25370	2	51.1514	2
1058.54435	530.27945	2	78.7548	2
1058.55825	530.28640	2	72.4363	2
1058.59405	530.30430	2	40.7291	2
1059.50945	530.76200	2	44.4654	2
1059.53935	530.77695	2	56.1509	2
1059.59945	530.80700	2	57.5038	2
1060.47665	531.24560	2	34.8820	2
1060.52305	531.26880	2	74.6890	2
1060.61705	531.31580	2	83.4710	2
1061.55060	531.78255	2	45.5810	2
1061.57585	531.79520	2	75.0453	2
1062.52465	532.26960	2	78.1974	2
1062.53495	532.27475	2	57.1202	2
1062.57130	532.29295	2	60.9293	2
1062.58265	532.29860	2	56.7821	2
1063.52920	532.77190	2	44.8519	1
1063.54170	532.77810	2	46.8813	3
1063.56730	532.79090	2	41.4213	1
1063.60720	532.81085	2	76.3857	2
1064.56105	533.28780	2	31.9584	2
1064.58870	533.30160	2	51.6039	1
1064.63475	533.32465	2	54.9605	2
1065.44775	533.73115	2	47.1532	2
1065.50930	533.76190	2	39.9932	1
1065.55325	533.78390	2	78.4794	2
1065.55355	533.78405	2	61.9324	2
1066.45735	534.23595	2	54.4202	2
1066.46805	534.24130	2	33.1979	2
1066.50525	534.25990	2	31.5307	2
1066.50900	534.26180	2	34.0628	2
1066.51800	534.26625	2	56.9489	2
1066.60585	534.31020	2	81.5900	2
1067.51300	534.76380	2	46.1885	2
1067.57145	534.79300	2	53.1340	2
1068.55115	535.28285	2	37.7103	2
1068.55930	535.28695	2	64.3606	2
1068.58020	535.29740	2	60.7229	2
1068.59245	535.30350	2	57.5589	2
1068.61845	535.31650	2	43.4769	2
1068.61890	535.31670	2	59.9470	1
1068.65380	535.33415	2	45.9818	2
1070.60830	536.31145	2	74.4546	2
1070.60915	536.31185	2	45.4156	2
1070.61980	536.31720	2	41.5786	1
1070.63365	536.32410	2	69.4254	2
1070.65825	536.33640	2	76.2234	2
1071.41705	536.71580	2	40.5916	2
1071.56635	536.79045	2	49.4371	2
1072.52975	537.27215	2	48.1023	2
1072.55640	537.28550	2	71.9443	1
1072.57330	537.29395	2	73.6113	2
1072.57530	537.29490	2	54.2867	5
1072.59585	537.30520	2	39.7678	2
1072.61305	537.31380	2	41.7932	2
1073.49895	537.75675	2	45.4690	2
1073.51785	537.76620	2	54.7564	2
1073.58735	537.80095	2	44.5788	2
1073.59165	537.80310	2	59.6076	2
1073.60920	537.81190	2	86.5589	2
1073.65960	537.83705	2	63.7558	2
1074.02790	538.02120	2	35.2123	4
1074.54515	538.27985	2	44.0143	2
1074.55275	538.28365	2	53.7403	2
1074.57075	538.29265	2	60.2800	2
1075.47870	538.74665	2	34.5788	2
1075.53355	538.77405	2	66.2608	2
1075.59240	538.80350	2	70.6636	2
1075.61285	538.81370	2	58.1102	2
1075.62825	538.82140	2	67.8297	2
1076.46060	539.23760	2	51.8800	2
1076.51460	539.26460	2	49.6325	2
1076.52530	539.26995	2	34.1482	2
1076.55975	539.28715	2	38.6166	2
1076.56045	539.28750	2	54.5637	2
1076.57165	539.29310	2	43.4201	2
1077.60440	539.80950	2	39.8225	2
1078.47270	540.24360	2	35.9406	2
1078.50460	540.25960	2	41.5260	2
1081.45735	541.73595	2	41.0055	2
1081.62440	541.81950	2	60.2878	2
1082.53270	542.27360	2	55.1944	2
1082.55560	542.28510	2	82.1492	2
1082.64650	542.33050	2	55.4808	2
1084.48625	543.25040	2	39.1457	2
1084.51925	543.26690	2	73.8065	2
1084.54300	543.27880	2	28.8132	1
1084.57040	543.29250	2	45.9434	1
1084.57140	543.29300	2	88.8529	2
1084.57260	543.29355	2	93.6225	2
1084.63905	543.32680	2	78.6949	2
1084.66075	543.33765	2	55.9539	2
1085.60865	543.81160	2	54.7411	2
1085.60875	543.81165	2	51.7170	2
1085.61340	543.81400	2	44.0677	2
1085.62315	543.81885	2	74.9090	2
1085.64560	543.83005	2	67.4779	2
1086.55535	544.28495	2	48.0216	2
1086.55600	544.28530	2	50.5555	5
1086.56665	544.29060	2	34.1482	2
1086.56860	544.29160	2	51.1112	1
1087.55145	544.78300	2	51.3156	2
1087.56320	544.78885	2	42.7274	2
1087.58835	544.80145	2	41.9901	2
1087.59775	544.80615	2	30.8906	2
1087.61250	544.81350	2	70.3560	2
1088.45575	545.23515	2	37.3766	2
1088.50340	545.25900	2	41.6623	1
1088.50810	545.26130	2	31.9365	2
1088.55485	545.28470	2	70.9618	2
1088.57210	545.29330	2	33.1364	2
1088.60835	545.31145	2	35.9567	2
1089.51820	545.76635	2	32.5604	2
1089.53170	545.77315	2	42.1890	2
1089.55750	545.78600	2	34.7040	2
1089.56760	545.79105	2	62.9432	2
1089.60290	545.80870	2	45.0947	1
1090.46820	546.24135	2	38.1861	2
1090.60240	546.30845	2	59.3068	2
1091.51620	546.76535	2	55.7665	2
1092.53895	547.27675	2	55.3797	2
1092.54865	547.28160	2	31.2138	2
1093.54060	547.77760	2	58.1768	2
1093.55220	547.78340	2	38.5987	1
1094.55130	548.28295	2	68.1196	2
1094.55535	548.28495	2	77.4495	2
1094.56225	548.28840	2	33.4928	2
1094.56585	548.29020	2	47.9620	2
1094.56935	548.29195	2	81.1164	2
1094.57290	548.29370	2	36.8235	5
1094.59690	548.30575	2	57.7816	2
1095.46585	548.74020	2	53.0957	2
1095.55610	548.78530	2	54.6516	2
1095.56370	548.78910	2	69.3940	1
1095.56670	548.79060	2	31.6479	1
1095.58100	548.79780	2	55.8610	1
1096.51890	549.26675	2	48.5317	2
1096.56350	549.28900	2	42.3657	2
1097.60870	549.81160	2	56.6870	2
1098.53530	550.27490	2	45.3000	2
1098.58245	550.29850	2	50.2549	2
1099.49375	550.75415	2	60.4248	2
1099.56210	550.78830	2	42.2313	2
1100.46040	551.23745	2	66.4013	2
1100.55770	551.28615	2	34.0218	2
1100.57275	551.29365	2	71.1104	2
1101.55510	551.78485	2	70.3667	2
1101.60350	551.80900	2	38.1255	2
1101.61820	551.81640	2	59.1521	1
1101.65075	551.83265	2	53.1292	2
1101.65190	551.83320	2	86.0793	1
1102.56955	552.29205	2	34.8709	2
1102.57725	552.29590	2	64.3633	2
1102.58675	552.30065	2	36.5537	2
1102.60270	552.30860	2	61.7851	1
1102.60690	552.31070	2	58.9508	1
1103.56140	552.78800	2	39.7846	2
1103.58205	552.79830	2	50.6480	2
1103.63840	552.82650	2	84.2118	2
1104.45200	553.23330	2	31.1591	2
1104.47595	553.24525	2	35.2910	4
1104.50920	553.26190	2	52.9114	1
1104.53145	553.27300	2	44.6940	2
1104.54655	553.28055	2	44.3846	2
1104.54705	553.28080	2	46.7401	2
1104.56410	553.28930	2	48.5660	2
1104.56700	553.29075	2	33.8281	2
1104.59355	553.30405	2	60.1041	2
1104.62565	553.32010	2	87.2937	2
1105.53030	553.77245	2	63.0204	2
1105.57660	553.79560	2	64.9386	2
1106.53975	554.27715	2	47.7182	2
1106.58615	554.30035	2	82.6179	2
1106.59640	554.30550	2	51.3732	1
1106.60890	554.31170	2	81.9529	2
1106.60950	554.31200	2	53.5377	1
1107.53885	554.77670	2	61.4123	2
1107.54435	554.77945	2	54.3823	2
1107.54960	554.78210	2	65.8119	2
1107.55625	554.78540	2	37.4353	2
1107.57750	554.79600	2	88.2444	12
1107.59250	554.80355	2	44.8771	2
1108.51365	555.26410	2	32.0745	2
1108.54275	555.27865	2	32.6920	2
1108.57085	555.29270	2	77.9543	2
1109.41270	555.71360	2	38.2346	3
1109.50325	555.75890	2	74.9388	2
1109.53355	555.77405	2	78.5026	2
1109.53975	555.77715	2	47.3465	2
1109.54820	555.78140	2	89.7043	2
1109.57185	555.79320	2	33.2638	2
1109.58740	555.80100	2	58.5944	2
1109.61290	555.81375	2	70.9921	2
1109.68105	555.84780	2	78.3835	2
1110.52020	556.26740	2	60.4329	2
1110.55330	556.28390	2	55.0101	1
1110.59045	556.30250	2	82.8546	2
1110.66510	556.33985	2	74.0090	2
1111.56925	556.79190	2	34.2595	2
1112.44500	557.22980	2	34.9356	1
1114.55600	558.28530	2	77.8199	2
1114.56270	558.28860	2	39.6936	1
1114.56685	558.29070	2	64.5405	2
1114.62340	558.31895	2	62.1630	2
1114.63385	558.32420	2	53.0234	2
1115.05430	558.53440	2	46.5443	4
1115.51355	558.76405	2	47.3209	2
1115.52550	558.77000	2	33.4309	1
1115.54540	558.78000	2	46.1524	1
1115.55780	558.78615	2	35.1308	2
1115.57845	558.79650	2	42.1305	2
1115.58340	558.79900	2	53.8348	1
1115.60135	558.80795	2	56.0639	2
1116.50210	559.25835	2	44.0913	2
1116.54240	559.27845	2	34.2236	2
1116.56615	559.29035	2	54.3871	2
1116.56650	559.29050	2	56.5725	1
1116.58235	559.29845	2	72.3079	2
1116.60445	559.30950	2	31.8781	2
1116.61305	559.31380	2	35.4290	2
1117.52650	559.77050	2	45.8214	3
1117.52680	559.77070	2	39.4725	2
1117.54245	559.77850	2	42.5771	2
1117.56250	559.78850	2	50.9903	3
1117.58400	559.79930	2	74.3485	1
1117.59810	559.80630	2	49.5746	1
1117.60590	559.81025	2	70.6825	2
1118.48430	560.24945	2	33.2004	2
1118.54785	560.28120	2	75.8152	2
1118.63355	560.32405	2	57.1249	2
1119.54165	560.77810	2	69.1481	2
1119.58370	560.79915	2	62.5760	2
1119.59380	560.80420	2	67.2774	2
1119.67060	560.84260	2	82.3448	2
1120.06055	561.03755	2	57.6044	4
1120.57530	561.29495	2	60.4620	2
1121.53915	561.77685	2	68.5386	2
1121.54745	561.78100	2	43.2822	2
1121.57190	561.79320	2	66.1172	1
1121.60950	561.81205	2	47.6519	2
1122.51080	562.26265	2	59.6768	2
1123.47860	562.74660	2	46.4242	2
1123.56940	562.79200	2	57.4737	2
1123.58140	562.79795	2	53.7351	2
1124.59095	563.30275	2	62.0487	2
1124.61945	563.31700	2	69.1785	2
1124.63170	563.32315	2	37.8903	6
1124.68065	563.34760	2	80.1253	2
1125.51150	563.76300	2	35.2797	2
1125.53745	563.77600	2	49.1022	2
1125.57125	563.79290	2	43.3383	2
1125.63930	563.82695	2	61.0344	2
1126.49685	564.25570	2	54.4478	2
1126.53350	564.27400	2	60.5244	2
1126.59815	564.30635	2	51.6101	2
1126.66050	564.33750	2	76.8972	3
1127.47365	564.74410	2	68.8828	2
1127.56200	564.78830	2	77.3182	1
1127.56415	564.78935	2	42.6935	2
1127.61220	564.81340	2	62.1080	2
1127.65545	564.83500	2	52.6738	2
1128.56450	565.28950	2	42.1116	2
1128.57790	565.29620	2	42.9636	2
1128.59040	565.30250	2	32.2980	2
1128.63910	565.32685	2	59.8416	2
1129.57955	565.79705	2	55.8090	2
1129.63350	565.82405	2	35.3726	2
1129.63390	565.82425	2	39.9980	2
1129.67120	565.84285	2	69.8847	2
1130.55745	566.28600	2	47.4663	2
1131.57815	566.79635	2	34.6681	2
1131.62905	566.82180	2	70.2187	2
1131.65410	566.83435	2	81.4803	2
1132.53715	567.27585	2	32.7727	2
1132.55590	567.28525	2	57.0073	2
1132.58880	567.30170	2	61.9625	2
1133.55215	567.78335	2	33.5259	2
1133.55365	567.78410	2	69.0163	2
1133.57190	567.79325	2	56.1199	2
1133.57200	567.79325	2	72.1567	2
1133.57550	567.79505	2	66.1401	2
1133.60865	567.81160	2	62.3604	2
1133.64525	567.82990	2	67.9417	2
1134.53385	568.27420	2	44.1205	2
1134.57790	568.29620	2	46.4977	3
1134.59235	568.30345	2	47.8533	2
1135.59860	568.80660	2	47.4022	2
1136.53650	569.27550	2	53.3539	2
1136.57175	569.29315	2	60.9840	2
1136.57185	569.29320	2	57.8595	2
1137.56530	569.78995	2	82.3950	2
1137.57795	569.79625	2	55.2999	2
1138.56625	570.29040	2	62.3554	2
1138.58690	570.30070	2	34.9198	1
1139.54570	570.78010	2	54.5887	2
1139.56240	570.78850	2	66.5211	2
1139.63005	570.82230	2	39.7871	2
1139.65485	570.83470	2	61.6692	2
1140.52375	571.26915	2	33.5483	2
1141.55650	571.78555	2	71.6315	2
1141.56900	571.79175	2	62.7054	2
1141.59880	571.80665	2	32.6191	2
1141.61020	571.81235	2	59.4539	2
1142.03285	572.02370	2	65.0012	4
1142.48840	572.25150	2	45.4789	2
1142.55685	572.28570	2	90.0450	2
1142.55780	572.28615	2	51.7277	2
1142.61605	572.31530	2	54.8746	2
1142.63020	572.32240	2	34.2308	2
1143.50755	572.76105	2	55.8416	2
1143.55660	572.78560	2	74.8968	1
1143.57175	572.79315	2	65.4939	2
1143.58860	572.80155	2	34.7847	2
1143.69155	572.85305	2	86.5283	2
1144.58900	573.30175	2	49.6042	2
1144.59605	573.30530	2	60.2293	2
1144.60940	573.31195	2	38.3118	2
1144.63695	573.32575	2	57.3562	2
1144.65190	573.33320	2	68.1566	2
1145.08420	573.54935	2	57.5552	4
1145.57510	573.79485	2	47.2104	2
1146.57665	574.29560	2	45.8354	2
1146.58625	574.30040	2	72.3377	2
1146.61395	574.31425	2	52.8746	2
1147.55000	574.78225	2	62.2961	2
1147.55395	574.78425	2	48.9825	2
1147.55510	574.78485	2	43.6522	2
1147.57890	574.79675	2	65.1061	2
1147.58770	574.80110	2	54.8458	2
1147.64060	574.82755	2	87.5321	2
1148.54690	575.28075	2	53.1245	2
1148.57000	575.29225	2	79.8325	2
1148.60770	575.31110	2	58.2472	1
1148.60815	575.31135	2	62.5606	2
1149.56745	575.79100	2	57.8045	2
1149.56790	575.79125	2	67.9707	2
1150.05805	576.03630	2	59.0284	4
1150.58745	576.30100	2	55.3650	2
1150.58905	576.30180	2	48.3736	2
1151.49335	576.75395	2	52.2218	2
1151.58030	576.79740	2	79.7025	1
1151.59560	576.80510	2	41.1925	1
1151.65245	576.83350	2	68.7255	2
1151.72790	576.87120	2	75.6668	2
1152.52685	577.27070	2	30.9364	2
1152.53005	577.27230	2	53.9051	2
1152.53740	577.27600	2	35.8654	1
1152.54215	577.27835	2	91.4458	2
1152.54860	577.28155	2	60.8329	2
1152.55200	577.28330	2	37.2501	2
1152.58540	577.30000	2	58.4948	2
1153.57320	577.79390	2	52.5788	1
1154.57220	578.29335	2	63.5311	2
1154.62060	578.31760	2	59.5328	2
1154.63020	578.32240	2	45.2676	2
1155.56285	578.78870	2	35.2135	2
1155.58140	578.79800	2	87.9809	2
1155.61450	578.81450	2	51.5320	2
1155.62710	578.82080	2	52.3332	2
1155.65105	578.83280	2	49.2602	2
1156.51870	579.26660	2	55.9908	2
1156.51930	579.26695	2	45.2166	2
1156.52060	579.26755	2	29.2590	2
1156.59340	579.30400	2	85.1860	1
1156.60250	579.30850	2	66.8747	2
1157.56425	579.78940	2	49.6276	2
1157.57650	579.79550	2	75.3524	1
1157.59295	579.80375	2	58.7573	2
1157.59470	579.80465	2	52.6785	2
1157.63270	579.82365	2	53.5098	2
1158.59910	580.30680	2	41.7271	1
1158.59920	580.30690	2	42.4626	2
1158.62525	580.31990	2	47.9955	2
1159.56945	580.79200	2	63.8119	2
1159.57410	580.79435	2	34.6988	2
1159.58030	580.79745	2	46.0428	2
1159.59500	580.80475	2	41.5480	2
1159.61960	580.81705	2	40.4408	2
1159.63995	580.82725	2	79.9914	2
1159.68220	580.84835	2	49.9714	2
1160.56510	581.28980	2	37.8150	3
1160.58610	581.30030	2	67.0820	2
1160.58610	581.30035	2	49.9143	2
1160.59290	581.30375	2	73.1504	2
1160.59740	581.30600	2	54.5586	2
1160.60820	581.31140	2	62.1879	1
1160.61555	581.31505	2	37.0015	2
1161.59955	581.80705	2	46.2532	2
1161.59980	581.80715	2	53.9633	2
1161.60680	581.81065	2	73.0281	2
1161.61505	581.81480	2	53.6197	2
1161.65970	581.83715	2	95.8718	2
1162.58090	582.29770	2	65.6905	1
1162.59920	582.30690	2	71.8314	2
1163.57620	582.79535	2	65.9250	2
1163.58220	582.79840	2	59.0801	2
1163.60835	582.81145	2	67.6597	2
1164.57010	583.29230	2	32.4370	1
1164.60295	583.30875	2	55.3251	2
1164.72390	583.36925	2	70.5653	2
1165.46175	583.73815	2	35.6280	2
1165.57730	583.79590	2	87.9988	6
1165.59910	583.80680	2	47.0749	2
1165.63390	583.82420	2	64.8335	2
1166.54075	584.27765	2	47.1794	2
1167.59275	584.80365	2	76.0308	2
1167.61770	584.81615	2	84.7702	2
1168.63245	585.32350	2	78.0689	2
1168.64545	585.33000	2	49.6899	2
1168.68190	585.34820	2	69.9523	2
1168.68205	585.34830	2	58.8366	2
1168.74380	585.37920	2	79.4648	2
1169.57170	585.79310	2	54.6762	2
1170.52020	586.26740	2	50.8504	2
1170.62580	586.32020	2	47.5991	2
1170.66085	586.33770	2	67.0546	2
1170.66110	586.33780	2	70.6395	3
1171.57705	586.79580	2	65.6377	2
1171.61955	586.81705	2	50.4657	2
1171.62345	586.81900	2	56.4736	2
1171.70105	586.85780	2	55.2204	2
1172.59680	587.30570	2	66.0797	2
1172.61545	587.31500	2	40.9035	2
1172.62370	587.31910	2	36.5796	1
1172.62395	587.31925	2	54.1742	2
1172.62625	587.32040	2	73.7933	2
1172.62730	587.32090	2	92.0112	5
1172.62995	587.32225	2	66.3698	2
1172.64065	587.32760	2	71.0808	2
1173.50190	587.75825	2	60.8980	2
1173.58885	587.80170	2	46.9797	2
1173.61450	587.81450	2	85.2132	1
1173.62440	587.81950	2	67.7331	1
1173.66040	587.83750	2	63.3451	1
1174.06665	588.04060	2	34.3245	4
1174.51175	588.26315	2	43.8995	2
1174.54555	588.28005	2	32.7202	2
1174.56065	588.28760	2	54.5289	2
1174.60760	588.31105	2	41.2925	2
1175.53670	588.77560	2	44.7732	1
1175.57350	588.79400	2	61.0339	2
1175.58670	588.80060	2	69.1046	1
1175.61920	588.81685	2	42.0796	2
1175.65585	588.83520	2	59.4241	2
1176.50520	589.25990	2	32.3653	1
1176.58060	589.29760	2	53.2128	2
1177.63535	589.82495	2	66.5493	2
1177.66000	589.83730	2	89.9614	2
1177.66180	589.83820	2	84.6178	2
1178.51655	590.26555	2	38.6368	2
1178.56920	590.29185	2	29.9303	2
1179.54550	590.78000	2	42.6845	1
1179.55360	590.78410	2	42.2737	1
1179.61350	590.81400	2	51.0053	1
1180.52350	591.26905	2	62.7995	2
1180.59755	591.30605	2	65.0037	2
1180.70780	591.36115	2	85.4946	2
1181.65265	591.83360	2	55.2127	2
1182.54165	592.27810	2	75.0057	2
1182.60430	592.30945	2	71.4106	2
1182.62765	592.32110	2	72.4013	2
1182.66455	592.33955	2	58.8451	2
1182.68005	592.34730	2	78.5668	2
1183.61990	592.81720	2	51.0442	2
1184.58615	593.30035	2	61.5506	2
1184.60480	593.30965	2	50.4900	2
1185.57450	593.79455	2	86.0304	2
1185.57815	593.79635	2	36.6538	2
1185.64015	593.82735	2	79.2359	2
1185.65070	593.83265	2	64.3342	2
1186.54430	594.27945	2	45.6424	2
1186.58460	594.29960	2	57.2710	1
1186.65675	594.33565	2	47.3517	2
1187.58925	594.80190	2	49.8989	2
1187.59740	594.80595	2	65.6373	2
1187.62305	594.81880	2	77.2888	2
1187.70275	594.85865	2	80.4068	2
1187.70280	594.85865	2	87.8131	2
1188.58945	595.30200	2	42.5247	2
1188.59910	595.30685	2	46.4601	2
1188.61640	595.31550	2	50.6481	2
1188.67485	595.34470	2	61.3011	2
1189.54085	595.77770	2	78.5387	2
1189.63850	595.82650	2	52.4215	2
1189.64590	595.83025	2	69.9813	2
1189.67145	595.84300	2	74.2297	2
1190.56065	596.28760	2	55.5364	2
1190.60105	596.30780	2	64.5617	2
1191.61415	596.81435	2	58.0303	2
1191.66505	596.83980	2	82.2406	2
1192.52845	597.27150	2	46.7718	2
1192.59765	597.30610	2	56.3583	2
1192.61660	597.31555	2	66.6366	2
1192.66100	597.33775	2	86.7463	2
1193.61540	597.81500	2	38.6496	2
1193.63355	597.82405	2	67.8927	2
1193.66580	597.84020	2	89.6550	2
1194.51245	598.26350	2	31.3297	2
1194.61405	598.31430	2	67.4597	2
1194.63260	598.32360	2	72.7331	1
1195.61040	598.81250	2	60.8033	2
1196.55010	599.28235	2	45.6080	2
1196.57160	599.29305	2	35.5580	2
1196.65065	599.33260	2	49.1517	2
1197.54640	599.78045	2	77.8785	2
1197.57030	599.79245	2	52.6124	2
1197.57470	400.19880	3	35.5240	2
1197.62545	599.82000	2	60.1964	2
1197.69780	599.85615	2	75.1133	2
1198.61985	400.54720	3	52.3955	2
1198.62500	600.31980	2	70.1808	1
1198.65585	400.55920	3	40.7857	2
1198.65640	600.33550	2	40.8255	2
1199.54640	600.78045	2	55.1541	2
1199.54665	600.78060	2	49.6899	2
1199.71265	600.86360	2	78.2807	2
1200.61850	401.21345	3	42.2139	2
1200.62250	601.31855	2	59.3867	2
1200.62400	601.31925	2	42.1967	2
1200.64585	601.33020	2	52.4395	2
1200.65120	601.33290	2	79.5580	2
1201.09080	601.55270	2	42.9924	4
1201.59885	601.80670	2	66.2336	2
1201.61965	601.81710	2	74.7799	2
1201.63030	601.82245	2	36.7800	2
1201.63065	401.55080	3	36.4077	2
1201.66635	601.84045	2	46.8089	2
1201.66725	601.84090	2	57.0922	2
1202.58940	602.30195	2	40.3938	2
1202.60440	602.30950	2	48.6470	1
1202.60510	401.87560	3	48.5976	2
1202.60550	602.31000	2	48.6650	1
1202.64125	401.88765	3	39.3002	2
1202.64325	602.32890	2	39.2674	2
1202.65095	602.33275	2	65.0565	2
1203.59880	602.80670	2	41.6445	2
1203.61720	602.81590	2	88.4984	5
1203.67215	602.84335	2	51.9563	2
1204.48235	603.24845	2	42.4078	2
1204.58335	603.29895	2	52.9910	2
1204.60150	603.30805	2	57.0125	2
1204.61260	603.31355	2	79.8895	2
1204.61450	603.31450	2	92.4264	1
1204.65695	402.55960	3	48.2120	2
1204.65720	603.33585	2	48.2162	2
1205.56445	402.86210	3	59.7871	2
1205.56540	603.79000	2	59.8632	1
1205.59135	402.87105	3	59.5470	2
1205.62945	603.82200	2	56.7739	2
1205.64095	603.82775	2	54.7261	2
1205.71290	402.91155	3	65.2925	2
1205.71360	603.86405	2	65.3507	2
1206.59550	604.30505	2	61.2958	2
1206.60750	604.31105	2	72.7345	2
1206.62505	604.31980	2	64.6220	2
1207.57180	604.79315	2	63.8349	2
1207.57230	604.79340	2	62.8429	1
1207.57305	604.79380	2	44.1016	2
1207.61980	604.81720	2	55.5887	1
1207.62455	604.81955	2	72.4066	2
1207.67330	604.84390	2	84.2196	2
1207.76735	604.89095	2	80.7097	2
1208.52430	605.26940	2	39.4014	1
1208.59400	605.30425	2	82.6365	2
1209.58770	605.80115	2	48.3035	2
1210.56080	606.28770	2	46.9156	1
1210.59900	606.30680	2	63.3736	2
1210.61400	404.54530	3	63.0654	1
1210.74000	606.37730	2	70.7201	2
1211.59770	606.80610	2	62.5515	1
1211.61935	606.81695	2	77.9431	2
1211.62610	404.88260	3	35.7093	2
1211.65185	404.89125	3	48.7091	2
1211.65205	606.83330	2	48.7623	2
1212.53100	405.18430	3	51.8360	1
1212.54190	607.27820	2	57.1641	1
1212.56620	405.19600	3	28.4991	1
1213.64625	405.55600	3	53.9447	2
1213.66655	607.84055	2	48.5180	2
1213.67240	607.84350	2	81.7792	1
1214.59780	608.30620	2	63.7754	1
1214.70280	608.35865	2	63.2931	2
1215.59805	608.80630	2	50.4807	2
1215.64725	608.83090	2	60.5456	2
1215.65230	608.83340	2	82.6938	2
1215.68170	406.23450	3	34.9721	2
1215.68170	608.84810	2	35.0085	2
1216.57550	609.29500	2	49.1984	2
1216.57710	609.29585	2	39.5023	2
1216.62350	609.31900	2	55.4807	2
1216.65685	609.33570	2	69.8321	2
1216.72550	609.37000	2	85.5902	2
1217.56275	609.78865	2	70.1555	2
1217.60780	609.81115	2	57.9698	2
1217.67700	406.89960	3	68.3451	2
1218.62870	610.32160	2	59.2173	1
1218.66580	610.34015	2	83.1446	2
1219.61220	610.81340	2	49.8611	2
1219.71810	610.86630	2	86.5087	1
1220.64080	611.32770	2	78.1254	2
1221.13315	611.57385	2	50.5212	4
1221.51930	611.76690	2	45.8037	1
1221.59860	611.80660	2	59.2506	2
1221.61050	611.81255	2	31.4108	2
1221.61225	408.21135	3	31.3325	2
1221.61500	611.81475	2	65.6452	2
1221.63485	611.82470	2	56.9795	2
1222.56850	408.53010	3	30.8182	1
1222.61930	612.31695	2	56.8998	2
1223.54155	612.77805	2	46.9197	2
1223.56640	408.86270	3	36.8924	1
1223.62580	612.82020	2	36.1970	2
1223.71550	612.86500	2	83.5429	10
1224.56130	613.28795	2	71.9006	2
1224.62440	613.31950	2	68.5745	2
1224.62925	613.32190	2	54.2478	2
1224.65770	409.22650	3	37.0065	2
1224.65810	613.33630	2	37.2706	1
1224.68370	613.34915	2	43.7178	2
1225.67190	613.84325	2	69.2926	2
1226.69880	614.35670	2	59.5327	2
1226.70695	614.36075	2	81.2794	2
1227.65740	614.83600	2	59.1725	2
1227.66160	614.83805	2	70.3259	2
1227.67220	614.84340	2	68.2873	2
1227.68225	614.84840	2	64.8856	2
1227.68240	410.23470	3	50.0215	1
1228.73900	615.37675	2	82.5159	2
1229.55805	615.78630	2	41.9026	2
1229.61165	615.81310	2	78.7599	2
1229.61950	615.81700	2	50.0281	2
1229.62560	615.82010	2	45.6066	1
1229.65085	615.83270	2	47.9697	2
1229.65125	410.89100	3	47.9062	2
1229.73850	410.92010	3	59.3120	2
1230.55750	411.19310	3	33.3308	1
1230.58360	616.29910	2	42.0438	2
1230.58835	616.30145	2	60.3092	2
1230.62115	616.31785	2	49.0429	2
1230.63945	616.32700	2	78.8454	2
1230.65550	411.22580	3	30.9418	1
1230.65720	616.33585	2	41.8224	2
1230.66130	616.33795	2	82.4271	2
1231.58705	616.80080	2	36.7799	2
1231.62285	616.81870	2	87.5704	2
1231.62415	616.81935	2	55.4222	2
1231.65735	616.83595	2	60.9215	2
1231.66040	616.83745	2	57.3917	2
1231.69290	411.57160	3	58.3708	2
1232.60765	617.31110	2	46.5441	2
1233.60240	617.80850	2	80.0158	1
1233.60270	412.20820	3	80.0266	2
1233.60830	617.81140	2	50.6366	1
1233.62100	617.81780	2	44.4263	2
1233.66095	617.83775	2	57.6361	2
1234.56865	412.53015	3	40.8843	2
1234.59820	618.30635	2	35.7356	2
1234.65340	618.33400	2	64.4867	1
1235.60645	412.87610	3	40.1867	2
1235.60745	618.81100	2	40.2090	2
1235.64840	618.83150	2	49.3549	2
1235.65275	412.89150	3	49.2655	2
1235.66865	618.84160	2	58.5649	2
1235.67025	412.89735	3	58.5143	2
1235.69885	412.90685	3	53.1887	2
1236.56205	619.28830	2	48.5394	2
1237.63545	413.55245	3	38.0979	2
1237.63590	619.82525	2	38.1860	2
1237.64590	619.83025	2	64.3844	2
1237.74070	619.87760	2	67.9557	3
1239.59195	620.80325	2	59.0137	2
1239.59580	414.20585	3	36.1148	2
1239.68285	620.84870	2	75.2414	2
1239.71935	620.86695	2	74.0425	2
1240.16065	621.08760	2	48.8863	4
1240.58785	414.53655	3	36.6246	2
1240.70340	621.35900	2	71.7878	1
1240.70510	621.35980	2	90.6201	2
1241.59430	621.80440	2	71.1455	2
1241.66500	621.83980	2	62.3224	1
1241.67365	621.84410	2	43.6946	2
1241.67720	414.89970	3	68.5419	1
1241.71610	621.86530	2	87.6185	1
1241.77520	621.89490	2	77.3821	2
1241.77535	414.93240	3	77.3227	2
1242.56540	622.29000	2	58.0659	1
1242.63720	415.21965	3	44.4843	2
1242.63765	622.32610	2	44.5151	2
1242.64640	622.33050	2	55.2618	1
1243.67760	415.56650	3	61.2034	1
1244.54240	623.27850	2	52.7019	2
1244.56725	623.29090	2	46.8356	2
1244.61055	415.87745	3	34.3252	2
1244.63370	623.32410	2	66.4358	2
1244.67280	415.89820	3	37.0351	2
1244.67330	623.34390	2	75.3048	2
1245.62140	623.81795	2	47.5936	2
1245.62240	416.21470	3	47.5218	2
1245.64040	623.82750	2	63.0463	1
1245.65080	623.83270	2	81.5743	2
1245.65875	623.83665	2	43.5397	2
1245.67310	416.23165	3	54.9556	2
1245.67500	623.84475	2	42.6107	2
1246.65005	416.55730	3	67.1340	2
1246.66920	624.34190	2	78.8097	1
1246.69305	624.35380	2	72.3186	2
1248.55930	625.28690	2	50.4248	3
1248.61670	625.31560	2	87.8461	1
1248.61910	625.31680	2	58.1531	2
1248.67175	625.34315	2	61.1458	2
1248.67210	625.34335	2	63.3885	2
1249.63050	625.82250	2	57.5536	2
1249.65545	625.83500	2	64.1505	2
1249.65700	625.83580	2	82.7407	3
1250.72460	626.36955	2	87.4355	2
1251.66150	626.83805	2	74.6603	2
1251.66445	418.22875	3	49.9533	2
1252.73995	627.37725	2	78.9234	2
1252.74980	418.59050	3	65.9394	1
1253.55920	627.78685	2	66.4065	2
1253.62985	418.88390	3	32.4903	2
1253.63050	627.82250	2	32.5745	1
1254.58970	628.30215	2	68.3271	2
1254.60065	628.30760	2	80.0528	2
1254.72955	628.37205	2	69.2477	2
1254.73020	628.37235	2	40.3242	2
1254.73345	419.25175	3	52.1561	2
1255.22200	419.41460	3	40.9657	4
1255.58435	628.79945	2	43.2287	2
1255.62820	628.82140	2	69.8677	3
1255.65655	628.83555	2	53.5493	2
1255.65655	419.55945	3	53.5151	2
1255.66760	628.84110	2	73.6303	2
1255.67820	628.84635	2	50.8961	2
1255.70195	628.85825	2	69.0525	2
1255.71440	419.57875	3	65.2307	2
1255.71475	628.86465	2	65.2386	2
1256.60530	629.30995	2	58.9548	2
1256.61090	629.31270	2	50.1799	2
1256.61540	629.31500	2	89.0074	1
1256.68100	629.34780	2	55.9067	5
1256.69765	419.90650	3	47.2957	2
1256.69785	629.35620	2	47.2886	2
1256.70590	629.36025	2	96.3411	2
1257.64765	629.83110	2	42.2778	2
1258.59910	630.30685	2	80.8234	2
1258.67530	630.34490	2	67.1667	2
1258.68910	630.35180	2	52.2119	2
1258.76380	630.38915	2	86.5946	2
1259.57470	420.86550	3	35.9462	1
1259.63380	630.82420	2	74.9252	2
1259.63585	630.82520	2	58.1426	2
1259.66090	630.83770	2	58.7121	2
1260.57540	421.19910	3	37.4254	1
1260.57735	631.29595	2	36.1969	2
1260.58810	631.30130	2	42.3747	2
1260.60270	631.30860	2	45.7629	2
1260.67255	631.34355	2	57.1124	2
1261.57840	631.79650	2	50.7579	2
1261.61710	631.81580	2	88.7324	1
1261.62245	421.54805	3	40.2196	2
1261.74080	631.87770	2	94.7608	1
1263.61950	422.21375	3	33.3837	2
1263.62140	632.81800	2	33.3968	2
1263.62880	632.82170	2	56.6082	2
1263.67255	632.84355	2	88.3125	2
1263.68370	632.84915	2	66.6365	2
1264.64860	422.55680	3	60.9814	2
1264.64980	633.33215	2	60.9732	2
1264.77725	633.39590	2	92.5633	2
1265.60960	422.87710	3	30.8235	1
1265.68880	633.85165	2	51.3741	2
1266.56350	634.28905	2	45.8660	2
1266.60030	634.30740	2	59.9521	1
1266.62125	423.21435	3	37.7305	2
1266.62230	634.31840	2	37.6823	2
1266.62465	634.31960	2	70.3096	2
1267.64875	634.83165	2	81.7524	2
1267.68905	634.85180	2	49.3791	2
1268.61445	423.87875	3	53.0407	2
1268.66265	423.89480	3	50.5098	2
1268.66265	635.33860	2	50.5716	2
1268.69870	635.35660	2	69.4790	2
1269.62530	635.81990	2	80.0586	2
1269.62795	635.82125	2	63.4414	2
1269.65210	424.22465	3	66.8193	2
1269.65830	635.83640	2	46.6688	3
1269.65845	424.22675	3	46.6275	2
1269.70335	635.85895	2	62.8409	2
1269.72930	635.87190	2	77.7600	2
1270.65215	636.33335	2	43.3729	2
1270.70005	424.57395	3	61.9672	2
1270.70025	636.35740	2	62.0221	2
1270.72710	636.37085	2	91.4405	2
1271.56550	424.86245	3	77.1451	2
1271.61960	636.81710	2	55.5192	2
1271.62240	636.81850	2	59.7111	2
1271.68770	424.90320	3	60.0636	1
1271.69150	636.85300	2	64.0729	2
1271.71200	636.86330	2	71.1063	1
1271.76170	636.88815	2	81.5916	2
1272.57400	637.29430	2	42.2790	1
1272.69225	637.35340	2	64.5113	2
1273.63440	637.82450	2	73.3001	1
1273.65635	637.83545	2	66.3407	2
1273.66930	637.84195	2	64.9695	2
1273.67790	637.84620	2	85.8249	2
1273.68810	637.85130	2	59.1276	1
1273.72165	637.86810	2	69.9203	2
1274.54705	638.28080	2	72.6252	2
1274.62890	425.88355	3	45.8329	2
1274.64450	638.32955	2	84.3058	2
1274.65185	638.33320	2	76.6002	2
1274.66270	638.33860	2	68.8417	3
1274.76050	638.38750	2	78.4721	1
1275.54140	638.77795	2	45.0751	2
1275.57330	638.79395	2	60.7280	2
1275.69365	426.23845	3	62.6182	2
1276.63365	639.32410	2	76.9174	2
1276.64775	639.33115	2	89.3082	2
1276.66625	639.34040	2	58.2324	2
1276.67375	639.34415	2	85.5240	2
1276.70450	639.35950	2	78.0151	2
1276.70455	639.35955	2	71.7414	2
1277.63730	639.82590	2	62.1149	3
1277.67365	639.84410	2	68.5815	2
1277.68800	639.85130	2	75.4770	2
1278.65060	640.33260	2	84.4723	2
1279.62375	640.81915	2	63.5572	2
1279.69640	427.57275	3	53.8574	2
1280.57880	641.29665	2	80.6988	2
1280.59960	427.87380	3	37.3025	2
1280.59970	641.30710	2	37.2975	1
1280.74745	641.38100	2	87.4409	2
1281.55765	641.78610	2	39.6096	2
1281.60820	428.21000	3	36.2408	1
1281.61170	641.81315	2	36.1790	2
1281.70480	428.24220	3	41.3442	1
1282.57405	642.29430	2	71.3939	2
1282.58635	642.30045	2	61.5829	2
1283.61525	642.81490	2	70.2984	2
1283.65235	642.83345	2	65.4077	2
1283.65965	642.83710	2	85.1321	2
1283.70605	428.90925	3	44.1879	2
1283.73445	642.87450	2	77.6984	2
1284.61430	429.21200	3	40.0918	2
1284.62820	643.32140	2	90.5319	2
1284.69375	643.35415	2	77.4131	2
1284.70345	643.35900	2	68.8137	2
1284.70400	429.24195	3	42.8087	2
1284.72605	643.37030	2	83.2810	2
1285.66345	643.83900	2	43.3091	2
1285.72435	429.58205	3	45.9237	2
1285.72550	643.87000	2	45.9185	1
1286.64465	429.88880	3	68.4306	2
1286.65100	429.89090	3	54.0483	1
1286.68490	644.34970	2	84.8852	3
1286.69930	644.35690	2	68.0822	2
1286.78540	644.40000	2	85.7892	2
1287.63050	644.82250	2	84.4052	2
1287.68355	644.84905	2	73.3724	2
1288.59190	645.30320	2	44.6661	2
1288.60490	645.30975	2	63.7815	2
1288.66350	645.33900	2	46.0727	2
1288.68240	645.34845	2	51.2113	2
1288.68495	645.34975	2	67.0230	2
1288.72330	645.36890	2	83.7177	2
1288.73930	645.37695	2	75.3566	2
1289.59435	430.87205	3	36.3399	2
1289.62870	645.82160	2	88.6247	1
1289.62950	645.82200	2	62.6607	3
1289.64645	645.83050	2	49.5161	2
1290.57150	646.29300	2	39.6051	1
1290.64090	646.32770	2	80.5646	1
1290.65770	646.33610	2	54.8133	2
1291.53615	646.77535	2	38.3870	2
1291.57880	646.79665	2	44.9008	2
1291.60755	646.81105	2	51.2705	2
1291.66705	646.84080	2	60.1641	2
1292.66210	647.33830	2	62.0449	1
1293.62550	647.82005	2	55.5414	2
1294.60470	648.30960	2	46.7702	1
1294.62385	648.31920	2	68.1749	2
1294.73315	648.37385	2	82.5350	2
1294.79750	432.60645	3	67.4857	2
1295.58855	648.80155	2	44.8498	2
1295.66650	432.89610	3	61.9310	1
1295.72570	648.87010	2	75.7472	2
1295.74635	648.88045	2	64.5964	2
1295.75595	432.92590	3	60.3459	2
1296.68275	649.34865	2	59.8163	2
1296.68330	433.23505	3	59.8701	2
1296.70350	649.35905	2	68.9098	2
1297.23250	649.62355	2	45.5768	4
1297.72780	433.58320	3	44.8149	2
1297.73660	649.87560	2	65.4939	2
1297.76085	433.59420	3	63.4578	2
1298.59450	433.87210	3	37.9709	2
1298.59550	650.30500	2	38.0069	2
1298.60990	433.87725	3	37.8926	2
1298.69495	650.35475	2	48.1963	2
1298.74920	650.38185	2	92.0931	2
1299.56855	650.79155	2	36.5012	2
1299.63025	650.82240	2	74.1333	2
1299.65605	650.83530	2	90.6962	2
1299.69390	650.85420	2	79.5526	2
1299.71555	650.86505	2	57.9520	2
1300.62345	651.31900	2	85.9538	2
1300.62450	651.31950	2	81.1577	1
1300.70335	651.35895	2	63.1684	2
1300.71670	651.36560	2	91.7331	1
1300.73870	651.37665	2	75.5999	2
1300.76150	651.38805	2	74.9306	2
1300.77515	651.39485	2	84.9436	2
1301.63465	434.88550	3	40.9353	2
1301.63790	651.82625	2	40.9651	2
1302.66070	652.33765	2	66.8112	2
1303.51415	652.76435	2	65.5769	2
1303.60550	652.81005	2	60.8723	2
1303.74885	652.88170	2	75.3239	2
1304.61100	653.31280	2	43.0795	2
1304.73445	653.37450	2	78.7882	2
1305.61700	436.21290	3	31.8464	1
1305.62485	653.81970	2	51.5227	2
1305.63450	436.21880	3	61.7916	2
1305.66005	653.83730	2	68.9416	2
1305.70535	653.85995	2	73.4822	2
1306.58275	436.53485	3	40.7558	2
1306.65235	436.55805	3	40.2749	2
1306.66625	654.34040	2	32.0679	2
1306.67650	654.34555	2	75.7235	2
1307.66225	654.83840	2	61.6744	2
1308.65825	655.33640	2	63.4068	2
1308.72000	437.24730	3	86.9070	2
1308.72075	655.36765	2	86.8073	2
1308.74160	655.37805	2	60.4617	2
1308.77665	655.39560	2	72.9418	2
1309.65260	655.83355	2	63.9470	2
1309.66350	437.56175	3	71.8659	2
1310.12260	656.06860	2	68.5072	4
1310.55890	656.28675	2	36.9166	2
1310.64955	437.89045	3	48.3359	2
1310.68045	656.34750	2	80.4992	2
1310.70225	437.90800	3	46.4601	2
1311.57065	656.79260	2	60.0123	2
1311.58325	656.79890	2	50.6813	2
1311.71470	438.24550	3	60.7663	1
1311.76675	656.89065	2	84.3868	2
1313.54500	657.77980	2	49.2563	1
1313.61315	657.81385	2	63.5808	2
1313.69285	438.90490	3	52.7664	2
1313.70285	657.85870	2	87.3317	2
1313.71825	438.91335	3	62.3341	2
1313.72080	657.86770	2	85.0030	2
1313.74760	438.92310	3	54.2693	1
1314.59860	439.20680	3	33.9317	2
1314.65785	439.22655	3	50.2952	2
1314.69645	658.35550	2	48.8194	2
1314.69710	658.35585	2	63.2594	2
1314.70120	439.24100	3	48.8429	2
1315.55880	658.78670	2	74.5292	1
1315.66015	658.83735	2	72.7939	2
1315.67920	658.84685	2	60.6640	2
1315.71020	658.86240	2	65.2601	2
1316.56455	659.28955	2	55.8774	2
1316.66725	659.34090	2	76.0671	2
1316.67590	439.89920	3	64.7714	2
1316.67600	659.34525	2	64.8044	2
1316.73390	659.37420	2	95.9281	2
1316.73425	659.37440	2	68.6101	2
1317.60980	440.21055	3	53.2837	2
1317.64265	659.82860	2	43.1692	2
1318.66980	660.34215	2	79.1098	2
1319.63350	660.82400	2	53.9712	2
1319.66305	660.83880	2	54.5023	2
1319.66385	440.89520	3	54.4969	2
1319.69165	660.85310	2	81.7870	2
1320.59990	661.30725	2	72.2232	2
1320.60920	661.31190	2	56.2957	2
1320.62490	661.31970	2	41.4696	2
1320.63580	441.21920	3	51.7786	2
1320.68490	661.34975	2	88.7159	8
1321.61625	661.81540	2	52.5033	2
1321.76545	441.59575	3	80.9837	2
1321.76575	661.89015	2	81.0502	2
1322.66770	662.34115	2	89.0103	2
1322.67235	662.34345	2	64.7387	2
1322.70560	441.90910	3	37.9610	1
1322.72750	662.37100	2	72.8289	2
1323.71965	442.24715	3	71.5033	2
1324.69135	663.35295	2	78.1666	2
1324.73455	663.37455	2	63.8602	2
1324.78150	442.60110	3	65.7668	1
1326.62070	664.31760	2	61.2355	2
1326.68935	443.23705	3	32.2046	2
1326.68970	664.35215	2	32.1539	2
1327.65265	443.55815	3	57.6144	2
1328.74580	443.92255	3	42.9363	2
1328.75310	443.92500	3	71.5937	2
1328.75370	665.38415	2	71.7523	2
1329.65360	665.83410	2	59.6505	2
1329.65370	665.83410	2	44.3792	2
1329.69335	665.85395	2	77.2328	2
1329.69360	444.23850	3	66.3829	2
1329.76610	665.89030	2	81.2881	1
1330.71315	666.36385	2	62.2261	2
1330.78265	666.39860	2	86.0190	2
1331.67715	666.84585	2	74.7745	2
1331.70870	666.86160	2	64.0810	2
1331.70960	666.86210	2	81.0042	2
1331.72790	666.87120	2	92.3913	2
1331.74545	666.88000	2	82.4969	2
1331.76620	444.92930	3	46.3815	1
1331.76740	666.89100	2	46.3146	2
1332.62500	445.21560	3	61.8729	1
1332.64665	667.33060	2	48.3087	2
1332.70335	667.35895	2	82.9868	2
1333.57290	445.53155	3	55.2428	2
1333.59400	667.80430	2	44.2695	2
1333.69130	667.85290	2	59.8879	1
1334.66190	445.89455	3	46.9463	2
1334.71830	445.91335	3	54.3045	2
1334.71855	668.36655	2	54.3367	2
1334.72430	668.36940	2	76.8170	2
1335.59660	668.80560	2	52.8566	3
1335.63950	668.82705	2	72.2232	2
1336.74615	446.58930	3	43.9773	2
1336.74780	669.38120	2	43.9210	2
1336.80770	669.41110	2	80.1171	2
1337.57305	669.79380	2	39.8171	2
1337.66470	669.83960	2	76.7809	1
1337.67250	669.84350	2	73.6411	2
1338.61290	670.31370	2	61.4921	2
1338.66805	670.34130	2	63.7178	2
1338.71895	670.36675	2	72.8826	2
1339.65320	670.83385	2	65.1747	2
1339.74610	447.58930	3	56.2666	2
1339.75430	670.88445	2	81.9855	2
1339.76990	670.89220	2	94.0267	3
1340.59840	671.30650	2	49.9532	2
1340.73095	671.37275	2	62.6879	2
1341.19960	671.60710	2	45.8266	4
1341.62190	671.81820	2	75.3895	2
1341.69950	448.24040	3	46.9726	1
1341.72680	448.24950	3	44.9367	2
1342.65140	448.55770	3	54.8135	2
1342.65230	448.55805	3	38.5467	2
1342.69005	672.35230	2	70.9249	2
1342.70960	448.57710	3	57.0513	1
1342.71030	672.36245	2	63.4332	2
1342.73610	672.37530	2	85.1646	11
1343.76560	448.92915	3	55.1591	2
1343.76660	672.89055	2	55.1272	2
1344.68140	673.34795	2	54.0900	2
1344.71380	673.36415	2	66.5689	2
1344.73000	449.25060	3	72.5504	1
1344.74185	673.37820	2	83.6965	2
1344.74450	449.25545	3	82.0847	2
1344.74795	449.25660	3	68.4600	2
1344.77710	673.39580	2	74.4090	1
1345.62230	449.54800	3	34.4928	1
1345.62440	673.81950	2	34.5918	1
1345.73535	673.87495	2	98.2243	2
1346.57825	674.29640	2	40.8547	2
1346.67240	674.34345	2	73.3941	2
1346.68310	674.34880	2	78.3261	2
1346.76665	449.92945	3	69.0241	2
1346.76790	674.39120	2	69.0849	2
1347.58055	674.79755	2	53.6494	2
1347.58445	450.20210	3	44.6171	2
1347.66715	674.84085	2	88.5997	2
1347.72300	674.86875	2	85.0743	2
1347.74695	674.88075	2	64.1868	2
1347.74715	450.25630	3	64.1304	2
1347.76390	674.88920	2	83.3088	1
1347.76550	450.26245	3	83.2544	2
1348.53190	675.27320	2	50.2266	1
1349.64560	675.83010	2	61.4615	1
1349.68315	675.84885	2	69.9419	2
1349.68385	675.84920	2	61.5882	2
1350.60945	676.31200	2	40.7317	2
1350.64245	676.32850	2	76.3516	2
1350.71620	676.36540	2	74.1044	2
1351.63805	451.55330	3	35.2163	2
1351.63910	676.82680	2	35.2286	2
1351.64065	676.82760	2	61.2668	2
1352.59610	451.87260	3	31.6978	1
1352.63940	677.32700	2	63.9968	1
1352.72825	451.91670	3	55.7320	2
1352.75595	677.38525	2	68.4970	2
1353.72510	677.86980	2	88.2851	2
1353.72585	677.87020	2	66.1895	2
1354.72820	678.37135	2	90.3900	4
1355.71170	678.86310	2	87.7637	1
1355.71705	678.86580	2	85.5649	2
1355.73115	678.87285	2	57.2719	2
1355.77815	678.89635	2	82.3710	2
1356.73660	679.37555	2	60.6895	2
1356.74920	453.25700	3	49.0583	2
1356.75065	679.38260	2	49.0887	2
1357.66350	679.83905	2	50.3210	2
1357.67270	453.56480	3	31.1367	1
1357.67305	679.84380	2	31.3350	2
1357.74550	453.58910	3	59.0166	2
1357.74560	679.88010	2	59.0718	2
1357.75590	453.59260	3	44.8082	1
1358.15475	453.72555	3	52.1936	4
1358.62910	680.32185	2	60.3810	2
1358.65860	680.33660	2	88.8443	1
1358.66100	680.33775	2	57.5036	2
1358.66820	453.89665	3	46.5071	2
1358.66825	680.34140	2	46.5523	2
1358.67935	453.90040	3	39.4968	2
1358.68040	680.34750	2	39.5269	2
1358.74120	680.37790	2	83.0216	2
1358.75670	680.38560	2	92.5503	2
1359.68185	680.84820	2	67.6176	2
1359.68830	454.23670	3	39.2947	2
1359.83460	454.28545	3	57.5311	2
1360.58555	454.53580	3	34.8819	2
1360.58760	681.30110	2	34.9983	1
1360.69995	681.35725	2	75.8835	2
1361.66825	681.84140	2	41.1748	2
1361.67170	681.84315	2	67.3344	2
1361.70510	454.90900	3	44.6270	1
1361.71945	681.86700	2	69.2121	2
1361.72410	681.86935	2	71.8579	2
1362.58870	682.30160	2	49.1520	2
1362.64490	682.32970	2	54.3009	1
1362.71475	682.36465	2	58.7860	2
1362.71660	682.36560	2	87.8804	1
1362.72135	682.36795	2	83.6217	2
1363.65890	682.83675	2	63.5228	2
1363.68525	682.84990	2	73.1913	2
1363.69110	455.57100	3	45.8880	2
1363.69250	682.85350	2	45.9639	2
1364.59320	683.30390	2	51.8128	2
1364.64000	683.32730	2	64.9890	2
1364.65620	683.33535	2	77.0751	2
1364.66875	683.34165	2	45.7247	2
1364.68320	683.34890	2	61.9897	2
1364.71955	683.36705	2	65.3452	2
1364.73560	683.37510	2	69.6636	2
1365.55855	456.19345	3	43.0197	2
1365.66660	683.84060	2	84.6741	1
1365.67750	683.84605	2	56.5266	2
1365.67840	456.23340	3	56.5192	2
1366.73170	456.58450	3	37.4015	2
1366.75765	456.59315	3	37.5472	2
1367.54590	684.78020	2	34.4140	3
1367.65515	456.89235	3	52.0140	2
1367.67320	456.89830	3	50.7984	2
1367.68725	456.90305	3	52.3022	2
1367.68980	684.85220	2	52.3849	2
1367.71245	684.86350	2	71.9869	2
1367.76665	684.89060	2	83.4789	2
1367.77865	684.89660	2	75.3949	2
1368.64670	457.22280	3	68.0481	1
1368.75180	685.38320	2	74.9959	2
1368.79860	457.27350	3	64.4126	1
1369.67360	457.56515	3	52.7558	2
1369.79380	685.90415	2	55.3484	2
1370.28545	457.76905	3	55.6972	4
1370.72300	686.36880	2	79.4675	2
1370.81575	686.41515	2	94.5909	2
1371.68375	686.84915	2	73.7574	2
1371.73475	458.25215	3	50.0671	2
1372.58390	687.29920	2	64.2657	1
1372.68525	687.34990	2	66.6937	2
1372.71570	458.57915	3	55.0682	2
1373.69065	458.90415	3	38.7247	2
1373.74110	687.87785	2	71.0453	2
1373.74170	458.92120	3	71.1358	1
1373.75270	687.88365	2	57.6142	2
1374.68875	459.23685	3	48.3870	2
1374.68915	688.35185	2	48.3681	2
1374.71040	688.36250	2	73.6031	2
1374.76210	459.26130	3	77.9147	2
1374.76355	688.38905	2	78.0067	2
1374.78990	688.40225	2	84.2417	2
1375.71450	459.57875	3	76.4373	2
1376.70680	689.36070	2	89.4223	2
1376.71335	689.36395	2	83.3795	2
1376.71920	689.36690	2	65.5823	2
1376.72900	459.91695	3	50.3803	2
1376.85050	459.95745	3	66.8416	2
1377.67145	689.84300	2	83.0850	2
1377.67720	689.84590	2	75.7789	2
1377.68565	689.85010	2	33.8001	2
1377.68875	460.23685	3	33.7558	2
1377.69620	689.85540	2	87.9318	3
1378.23470	690.12465	2	84.6574	4
1378.67400	690.34430	2	60.2781	1
1378.69855	690.35655	2	60.4944	2
1378.75790	690.38625	2	94.2610	2
1379.76500	460.92895	3	72.8937	2
1379.76635	690.89045	2	72.8828	2
1379.77200	690.89330	2	80.1828	2
1380.79905	691.40680	2	76.6985	2
1381.67465	691.84460	2	66.6660	2
1381.74565	691.88010	2	73.7962	2
1382.65085	692.33270	2	76.6582	2
1382.75920	692.38690	2	77.6636	2
1382.85015	461.95730	3	78.0800	2
1383.54090	692.77775	2	27.5448	2
1383.67820	462.23330	3	43.9533	2
1383.68130	462.23440	3	59.8933	1
1384.61855	693.31655	2	52.5692	2
1384.63940	462.55370	3	55.8378	1
1384.66295	693.33875	2	56.5790	2
1384.67800	693.34630	2	83.5603	1
1384.73495	462.58555	3	64.5715	2
1384.74270	693.37860	2	83.6587	2
1385.73440	693.87445	2	75.2911	2
1385.75255	693.88355	2	62.7369	2
1387.56160	694.78810	2	62.1825	1
1387.63230	694.82345	2	75.2135	2
1387.68860	694.85160	2	82.4592	1
1387.69425	694.85440	2	57.3006	2
1387.72785	463.58320	3	83.6616	2
1387.72810	694.87135	2	83.7287	2
1388.55560	695.28505	2	55.8160	2
1388.70540	695.35995	2	52.7923	2
1389.73315	695.87385	2	87.4600	2
1389.75460	695.88460	2	88.4930	1
1390.70680	464.57620	3	36.2512	1
1390.75750	464.59310	3	67.9743	2
1391.69470	696.85465	2	60.8675	2
1391.70540	696.85995	2	53.3973	2
1392.61685	465.21290	3	59.7821	2
1392.63550	697.32500	2	65.1075	1
1392.66760	697.34110	2	63.6149	2
1392.87010	697.44235	2	83.7824	2
1393.64440	697.82950	2	68.7336	2
1393.65210	697.83335	2	71.1370	2
1393.67850	697.84655	2	70.6041	2
1393.69160	697.85305	2	82.3073	2
1393.70260	465.57480	3	56.1825	2
1393.70295	697.85875	2	77.3537	2
1394.75540	698.38495	2	86.9627	2
1395.65195	698.83325	2	58.7316	2
1395.69800	466.23990	3	54.8706	1
1395.71150	466.24440	3	40.6964	2
1395.71230	698.86340	2	40.6475	2
1396.67840	699.34645	2	77.1342	2
1396.74760	699.38110	2	79.9524	1
1396.80505	699.40980	2	66.7780	2
1397.60250	466.87480	3	47.2455	1
1397.71675	699.86565	2	51.8693	2
1397.78730	466.93635	3	65.8461	2
1397.79600	699.90530	2	79.5161	2
1398.62620	700.32040	2	52.9284	2
1398.70455	700.35955	2	89.8308	2
1398.73570	467.25250	3	51.3302	2
1398.77265	700.39360	2	64.3287	2
1399.69565	700.85510	2	54.9655	2
1399.69945	467.57375	3	48.8019	2
1401.57165	701.79310	2	43.2341	2
1401.71120	701.86290	2	42.8612	1
1401.71170	468.24450	3	42.7461	2
1401.76320	701.88885	2	80.5634	2
1402.75010	702.38230	2	76.9482	2
1403.63835	702.82645	2	61.1185	2
1403.74105	702.87780	2	69.4204	2
1403.74135	468.92105	3	41.2852	2
1403.74220	702.87840	2	41.3483	2
1404.72915	703.37185	2	75.6721	2
1404.79800	703.40630	2	68.2284	2
1405.65220	703.83335	2	56.5734	2
1406.71515	704.36485	2	74.6526	2
1406.73070	704.37260	2	80.5315	1
1407.72450	470.24875	3	50.1183	2
1407.72590	704.87025	2	50.1797	2
1407.78335	470.26840	3	66.4945	2
1407.78355	470.26845	3	60.6067	2
1408.64990	705.33225	2	77.4795	2
1408.66270	705.33865	2	70.5669	2
1408.66875	705.34165	2	39.8817	2
1409.68720	705.85090	2	68.7305	2
1409.73995	470.92055	3	49.5214	2
1410.69975	706.35715	2	56.1201	2
1410.72455	471.24880	3	50.8158	2
1410.72580	706.37015	2	50.8760	2
1410.77170	471.26450	3	57.8595	2
1411.65915	706.83685	2	48.5972	2
1411.67310	706.84380	2	72.4976	2
1411.71700	471.57960	3	70.1011	2
1411.82860	471.61680	3	72.8494	1
1411.82955	706.92205	2	72.7648	2
1412.64390	707.32925	2	89.0131	2
1412.77740	707.39595	2	51.4362	2
1412.81435	707.41445	2	82.8946	2
1412.82475	471.94885	3	75.1491	2
1412.83905	471.95360	3	66.9376	2
1412.83935	707.42695	2	66.9963	2
1413.67440	707.84450	2	38.2167	2
1413.76655	707.89055	2	61.9060	2
1414.72180	708.36820	2	61.1298	2
1414.73045	472.58410	3	47.8813	2
1414.73170	708.37315	2	47.9108	2
1414.73255	708.37355	2	81.6692	2
1415.64855	708.83155	2	92.4285	2
1415.68995	708.85225	2	58.3141	2
1415.72660	708.87060	2	46.5709	2
1415.74020	472.92070	3	69.0174	1
1415.76120	472.92770	3	40.8081	1
1416.72475	709.36965	2	65.0874	2
1416.72620	709.37040	2	89.7891	5
1416.77945	473.26710	3	59.3714	2
1417.66645	709.84050	2	68.5238	2
1417.66915	709.84185	2	55.9303	2
1417.67905	473.56695	3	47.2613	2
1417.68090	709.84770	2	47.3090	1
1417.70855	709.86155	2	74.2578	2
1417.81340	709.91400	2	84.1411	1
1418.70920	710.36190	2	58.5375	2
1418.70930	710.36195	2	80.4469	2
1419.66380	710.83915	2	57.7968	2
1419.70025	710.85740	2	51.7221	2
1419.75935	474.26040	3	51.9213	2
1419.81310	710.91380	2	81.1079	2
1420.19085	474.40420	3	52.2414	4
1420.65035	711.33245	2	47.3698	6
1421.80280	474.94155	3	63.9226	2
1422.59345	712.30400	2	37.5551	2
1422.59380	475.20520	3	37.4625	2
1422.67365	475.23180	3	41.3100	2
1422.68680	712.35070	2	65.9545	2
1422.75265	712.38360	2	78.6663	2
1423.66940	712.84200	2	82.3128	2
1424.66160	713.33805	2	68.4623	2
1424.71910	713.36680	2	67.1922	2
1424.75100	713.38280	2	59.4429	1
1424.81180	713.41320	2	91.0473	1
1424.81360	475.94510	3	91.0747	1
1425.67285	713.84370	2	73.6974	2
1425.80910	713.91185	2	73.9108	2
1425.81995	713.91725	2	62.7424	2
1425.82020	476.28065	3	62.6566	2
1426.79015	476.60400	3	43.7495	2
1427.64285	714.82870	2	46.8722	2
1427.72605	714.87030	2	53.2396	2
1427.80055	714.90755	2	82.7625	2
1428.71140	477.24440	3	46.5712	2
1428.78190	477.26790	3	76.7280	2
1428.78385	715.39920	2	76.7706	2
1429.75100	715.88275	2	64.0993	2
1429.75755	715.88605	2	60.6287	2
1429.76100	715.88775	2	52.2775	2
1429.80280	715.90870	2	97.2839	2
1430.24835	477.75670	3	61.0698	4
1430.72905	716.37180	2	88.4537	2
1430.73700	477.91960	3	51.2008	2
1430.77740	716.39600	2	86.0031	2
1431.78740	478.26970	3	65.8353	2
1431.80025	716.90740	2	79.8377	2
1432.71610	478.57930	3	45.6658	2
1433.62505	717.81980	2	75.0901	2
1434.74735	718.38095	2	73.6606	2
1435.66175	718.83815	2	39.0870	2
1435.76750	718.89100	2	63.4624	2
1436.69355	479.90510	3	56.0963	2
1436.69635	719.35545	2	56.1769	2
1436.70240	719.35850	2	90.1427	5
1436.76300	479.92830	3	52.2452	2
1436.78745	479.93640	3	62.6810	2
1437.69275	719.85365	2	64.1299	2
1438.58795	480.53660	3	30.7264	2
1439.64715	720.83085	2	48.7962	2
1439.79850	720.90655	2	73.0055	2
1440.67910	481.23360	3	48.4467	1
1440.81965	721.41710	2	79.5216	2
1441.63220	721.82340	2	77.0778	2
1441.82940	721.92200	2	86.1585	2
1442.65045	722.33250	2	84.0417	2
1442.66865	722.34160	2	52.0667	2
1442.68780	722.35115	2	80.0796	2
1442.72850	481.91680	3	50.1345	2
1442.77220	481.93130	3	62.1591	1
1443.67340	722.84395	2	44.3801	2
1443.80900	722.91180	2	73.9194	2
1443.84565	722.93010	2	79.6699	2
1444.66915	723.34185	2	56.7474	2
1444.67790	723.34625	2	84.9188	2
1444.74275	723.37865	2	70.8300	2
1444.77050	482.59740	3	61.1840	2
1444.81215	723.41335	2	87.7134	2
1446.78320	483.26830	3	64.7836	1
1447.20340	724.60900	2	64.0415	4
1447.73185	724.87320	2	68.1405	2
1447.75635	483.59270	3	57.1918	2
1447.75710	724.88580	2	57.2539	2
1448.71610	725.36530	2	57.4099	2
1448.73830	725.37640	2	77.2543	1
1448.74395	725.37925	2	83.2125	2
1449.67715	725.84585	2	62.8796	2
1449.71495	725.86475	2	74.1640	2
1449.78380	725.89920	2	66.3043	1
1449.86630	484.29605	3	60.6019	2
1450.72520	726.36985	2	81.8559	2
1450.73750	726.37605	2	89.6494	2
1450.81910	484.61365	3	65.8672	2
1451.66380	484.89520	3	49.3467	2
1451.71245	484.91145	3	35.0998	2
1451.79690	484.93960	3	51.9920	1
1452.69680	727.35570	2	57.6989	2
1452.76960	485.26380	3	57.9936	2
1452.79795	727.40625	2	90.4519	2
1453.76180	727.88820	2	56.7089	1
1454.72885	728.37170	2	79.0772	2
1454.87170	485.96450	3	77.0420	2
1454.87200	728.44330	2	76.9173	2
1455.69875	486.24020	3	68.2124	2
1455.70100	728.85775	2	68.2068	2
1455.83755	728.92605	2	81.0766	2
1457.78735	729.90095	2	81.4184	2
1457.78790	486.93655	3	81.3821	2
1457.81180	729.91315	2	84.4866	2
1458.74610	487.25595	3	76.5090	2
1459.70425	730.85940	2	59.0665	2
1459.71010	730.86235	2	67.7398	2
1459.74350	730.87905	2	64.0040	2
1459.83955	487.62045	3	75.6023	2
1459.84060	730.92760	2	75.6557	2
1460.80020	731.40740	2	74.1593	1
1461.73950	731.87700	2	65.3140	1
1461.83675	731.92565	2	77.0475	2
1461.83920	488.28700	3	76.8255	2
1462.69535	732.35495	2	65.5215	2
1462.71230	732.36340	2	65.8342	1
1462.73080	732.37270	2	70.5688	1
1462.76710	732.39080	2	68.3438	1
1463.67560	488.89910	3	63.1072	2
1463.70805	488.90995	3	66.7946	2
1463.70855	732.86155	2	79.9573	2
1463.70950	732.86200	2	66.5799	2
1463.74070	488.92085	3	72.0716	2
1463.74855	732.88155	2	72.1072	2
1463.76270	732.88860	2	62.9759	1
1464.30150	489.10775	3	65.1826	4
1464.75020	489.25730	3	81.5969	2
1464.77860	733.39660	2	62.5795	1
1464.79475	733.40465	2	68.0050	2
1464.79510	733.40480	2	62.0486	2
1465.73240	733.87345	2	86.7847	2
1466.77330	489.93170	3	44.5325	2
1467.82200	490.28130	3	56.4453	3
1468.69470	735.35460	2	54.2016	2
1468.79735	735.40595	2	74.4132	2
1470.74720	491.25635	3	66.2633	2
1470.74880	491.25690	3	56.5331	1
1470.79795	736.40625	2	88.7034	2
1470.84760	736.43110	2	83.1287	2
1471.70910	736.86180	2	54.6140	2
1471.74115	736.87785	2	65.5499	2
1471.75745	491.59305	3	67.0794	2
1472.71580	491.91255	3	45.7301	2
1472.73680	491.91955	3	57.8600	2
1472.73775	737.37615	2	57.9411	2
1472.75560	737.38510	2	80.9733	1
1472.77490	491.93220	3	59.5523	1
1473.76200	492.26125	3	71.3938	2
1473.76200	492.26130	3	74.5545	1
1474.76780	738.39115	2	79.2492	2
1475.77330	492.93170	3	63.2290	2
1476.71080	739.36270	2	65.3723	2
1476.78295	739.39875	2	73.0445	2
1477.74175	739.87815	2	84.5721	2
1477.76195	739.88825	2	72.3453	2
1478.77835	740.39645	2	74.3473	2
1479.73700	740.87580	2	77.3930	2
1480.68955	494.57045	3	36.5248	2
1480.71630	741.36540	2	85.2186	1
1480.83785	494.61990	3	59.2605	2
1481.73625	494.91935	3	52.8295	2
1482.80320	742.40890	2	86.5865	1
1482.81340	742.41400	2	89.5445	1
1482.83090	742.42275	2	68.4357	2
1483.71310	495.57830	3	61.8509	2
1483.74615	495.58930	3	30.0496	2
1483.76345	742.88900	2	76.1841	2
1484.81055	743.41255	2	83.1527	2
1484.82100	495.94760	3	74.6277	2
1484.82205	743.41830	2	74.7135	2
1485.82295	743.91875	2	86.8792	2
1486.71980	496.58055	3	75.6612	2
1486.76440	744.38945	2	71.3498	2
1486.78140	496.60110	3	67.5288	1
1486.78270	744.39865	2	67.4465	2
1487.22525	744.61990	2	77.5174	4
1488.64845	745.33150	2	49.4920	2
1488.74225	497.25470	3	45.5272	2
1488.79440	497.27210	3	59.6393	2
1489.75020	745.88240	2	90.0361	1
1490.72550	746.37000	2	58.3642	1
1490.73445	497.91875	3	58.2919	2
1492.71015	747.36235	2	48.3916	2
1492.73785	498.58655	3	75.9726	2
1492.80765	498.60980	3	76.3486	2
1493.64960	498.89050	3	39.3554	2
1493.65080	747.83270	2	39.4158	2
1493.74610	498.92260	3	56.8773	1
1493.74890	747.88170	2	56.8320	2
1493.78470	498.93550	3	72.4567	1
1495.63530	499.55240	3	41.8740	1
1495.74220	499.58800	3	69.2241	2
1495.84075	748.92765	2	81.6551	2
1495.85595	499.62590	3	81.8916	2
1495.85685	748.93570	2	82.0271	2
1495.87195	499.63125	3	69.5470	2
1496.68665	749.35060	2	85.2937	2
1496.76305	499.92830	3	57.1724	2
1496.76475	749.38965	2	65.2332	2
1496.78635	749.40045	2	71.1972	2
1496.82715	749.42085	2	91.6076	2
1498.76105	750.38780	2	75.1077	2
1498.78060	750.39755	2	68.6732	2
1498.84100	750.42780	2	84.9380	2
1499.71405	500.91195	3	56.2108	2
1499.71515	750.86485	2	56.2717	2
1499.76830	750.89140	2	85.6581	1
1500.76105	501.26095	3	56.4051	2
1500.79525	751.40490	2	59.7262	2
1500.80000	501.27395	3	59.8075	2
1500.81600	501.27925	3	69.3139	2
1500.81690	501.27960	3	65.3560	2
1501.28710	751.65085	2	72.2976	4
1501.71710	501.57965	3	51.4923	2
1501.71720	751.86590	2	51.5517	2
1501.81510	751.91485	2	77.8945	2
1502.64820	752.33140	2	78.5340	1
1502.75030	752.38240	2	87.8861	2
1503.71660	752.86560	2	53.7999	2
1503.79525	752.90490	2	80.9836	2
1504.74920	502.59035	3	54.4705	2
1504.79725	753.40590	2	69.4431	2
1504.87730	502.63305	3	80.2765	2
1505.65360	502.89180	3	47.8606	2
1505.72585	502.91590	3	61.6133	2
1505.77620	753.89540	2	63.0103	1
1505.92085	753.96770	2	92.8140	2
1506.79415	754.40435	2	66.5747	2
1506.79450	754.40455	2	60.7841	2
1507.71450	503.57880	3	64.0673	2
1507.73470	503.58550	3	53.0777	2
1508.74475	755.37965	2	86.8435	2
1508.81240	503.94470	3	49.1428	2
1508.81405	755.41430	2	49.1409	2
1509.63840	504.22010	3	33.9803	1
1509.65845	504.22675	3	47.4536	2
1509.66050	755.83750	2	47.5303	2
1509.74740	504.25640	3	52.6498	2
1510.71490	504.57890	3	58.4264	2
1510.71580	756.36520	2	58.4540	2
1510.74565	756.38010	2	74.8356	2
1510.75230	504.59140	3	58.0370	1
1510.75565	756.38510	2	58.0858	2
1511.71585	504.91255	3	43.1013	2
1511.71585	756.86520	2	43.0542	2
1511.78815	756.90135	2	98.4588	2
1511.85795	756.93625	2	80.7546	2
1512.87655	757.44555	2	85.0354	2
1512.87845	505.30005	3	85.1156	2
1513.69555	757.85505	2	69.0769	2
1513.69750	757.85600	2	68.6336	1
1513.75125	757.88290	2	77.6928	2
1513.87425	757.94440	2	96.2648	2
1514.72275	505.91485	3	57.0556	2
1514.79835	758.40645	2	66.7584	2
1514.79890	758.40670	2	91.3540	2
1514.80560	505.94245	3	46.1299	2
1514.85660	758.43560	2	89.8226	2
1515.71815	758.86635	2	77.9795	2
1515.75235	506.25805	3	33.7612	2
1515.75395	758.88425	2	33.7668	2
1515.75440	758.88450	2	51.2534	1
1515.76480	758.88965	2	89.1678	2
1515.77260	506.26480	3	78.4415	2
1515.82240	758.91850	2	79.3014	2
1516.77925	759.39690	2	74.5278	2
1516.79955	759.40705	2	79.6530	2
1516.79960	506.60710	3	49.3130	1
1516.83385	759.42420	2	80.1454	2
1517.73075	759.87265	2	62.9323	2
1517.73815	759.87635	2	70.1255	2
1517.80905	506.94360	3	76.6029	2
1517.81050	759.91250	2	76.7233	1
1518.79410	760.40435	2	84.0825	2
1518.92530	507.31570	3	63.3488	2
1520.71915	761.36685	2	77.6406	2
1520.73715	761.37585	2	53.4828	2
1520.78750	761.40100	2	70.6778	1
1523.86745	508.96310	3	76.9852	2
1523.88150	762.94800	2	89.8588	2
1524.63465	509.21880	3	54.7101	2
1524.74030	763.37745	2	71.9813	2
1525.76695	509.59625	3	63.9306	2
1526.73270	509.91815	3	34.9379	2
1527.71050	510.24410	3	36.2408	2
1527.78670	764.90060	2	90.0861	1
1528.79945	765.40700	2	72.6834	2
1528.81035	510.61070	3	69.6257	2
1529.66380	510.89520	3	39.2301	4
1529.66450	765.83955	2	39.2618	2
1529.80895	765.91175	2	86.8517	2
1529.84130	510.95440	3	64.4191	2
1529.85780	510.95985	3	79.4563	2
1530.77310	766.39380	2	76.4667	1
1530.80360	511.27515	3	66.7246	2
1531.77535	766.89495	2	66.0188	2
1531.80075	766.90765	2	68.7638	2
1531.81545	766.91500	2	85.2104	2
1532.77370	767.39410	2	73.9449	2
1532.79825	767.40640	2	71.9241	2
1532.82210	767.41835	2	82.1227	2
1533.72290	767.86870	2	71.4607	1
1533.74305	512.25495	3	36.0845	2
1533.74455	512.25545	3	50.5985	2
1533.74660	767.88060	2	50.7363	2
1533.74695	767.88075	2	68.3815	2
1533.79820	767.90640	2	96.8967	1
1533.79870	767.90660	2	73.1229	1
1533.80730	767.91090	2	75.4443	3
1535.67080	512.89755	3	38.1859	2
1535.67845	768.84650	2	60.6121	2
1535.78525	512.93570	3	68.4915	2
1537.72120	513.58100	3	79.4563	2
1537.79540	769.90500	2	76.4352	1
1538.82400	770.41930	2	78.6351	2
1540.80770	514.60980	3	63.5176	2
1540.82155	514.61445	3	47.9465	2
1541.78635	514.93605	3	58.4878	2
1541.78850	771.90150	2	58.5611	1
1541.81760	771.91605	2	69.5909	2
1541.82250	514.94810	3	75.9015	1
1541.83025	771.92240	2	75.4116	2
1542.77235	515.26475	3	54.4200	2
1542.79005	772.40230	2	61.9951	2
1546.69800	774.35630	2	66.8743	2
1547.77335	516.93170	3	54.6412	2
1547.82065	774.91760	2	70.7495	2
1547.83150	516.95110	3	58.6156	2
1547.83195	774.92325	2	58.6457	2
1548.77810	775.39630	2	85.0657	1
1548.77850	775.39655	2	70.9844	2
1548.77875	517.26685	3	71.0587	2
1548.79970	517.27380	3	61.5024	2
1548.92485	775.46970	2	80.0905	2
1549.73730	775.87590	2	63.3186	2
1549.74460	517.58880	3	63.2066	1
1549.82960	775.92210	2	73.2340	1
1549.89700	517.63960	3	58.2283	1
1550.68905	517.90360	3	34.5109	2
1550.74135	517.92105	3	51.7546	2
1550.74200	776.37830	2	51.8370	2
1550.76925	517.93035	3	57.9079	2
1550.76980	776.39220	2	57.9752	2
1550.86070	776.43760	2	95.3947	1
1551.71710	518.24630	3	37.1766	2
1551.76765	776.89110	2	68.2712	2
1551.77605	518.26595	3	40.0585	2
1551.84635	776.93045	2	89.9293	2
1553.83265	777.92360	2	80.9753	2
1555.73835	778.87645	2	72.1647	2
1555.75020	519.59065	3	52.2215	2
1555.78845	778.90150	2	83.2180	2
1555.84555	778.93005	2	82.2891	2
1555.88245	519.63475	3	77.6298	2
1556.84285	779.42870	2	90.7213	2
1557.78450	779.89950	2	79.7847	1
1557.83130	520.28440	3	72.6682	1
1558.77460	780.39455	2	67.6786	2
1559.75225	520.92465	3	71.2655	2
1559.75935	520.92705	3	78.0971	2
1559.80265	780.90860	2	79.5477	4
1559.81870	780.91660	2	87.5812	1
1559.83700	780.92580	2	86.1177	2
1560.84335	781.42895	2	85.8685	2
1561.78380	781.89920	2	81.6232	1
1561.78915	781.90185	2	76.5655	2
1561.83655	781.92555	2	87.6489	2
1562.77155	521.93115	3	67.2450	2
1563.80390	522.27525	3	73.6689	2
1563.80590	782.91020	2	73.5206	3
1564.71655	522.57945	3	53.9368	2
1564.71700	783.36580	2	53.9981	2
1564.74160	783.37810	2	56.4672	2
1565.78735	522.93635	3	58.2319	2
1565.83105	522.95095	3	67.0310	2
1567.82710	784.92080	2	81.8587	2
1569.87700	785.94580	2	76.7596	2
1569.91380	785.96420	2	87.2333	2
1570.74560	524.58915	3	52.5610	2
1570.81025	786.41240	2	59.7642	2
1570.82030	786.41740	2	83.8041	1
1572.78305	787.39880	2	59.1261	2
1572.83005	525.28395	3	78.8830	2
1572.83080	787.42265	2	78.9789	2
1573.76440	787.88950	2	66.0975	1
1573.82730	787.92090	2	81.1978	2
1574.71085	788.36270	2	71.3553	2
1576.27450	789.14455	2	71.6391	4
1576.75460	789.38460	2	75.1794	2
1577.76650	789.89055	2	90.3993	2
1577.77140	789.89300	2	72.1924	2
1577.79005	789.90230	2	75.9053	2
1578.26135	527.09440	3	72.7276	4
1578.83645	527.28605	3	70.7709	2
1578.85210	527.29130	3	57.0301	2
1578.87370	790.44410	2	83.4478	2
1578.87380	527.29850	3	83.4137	2
1580.69970	527.90720	3	41.7340	2
1580.80540	527.94240	3	62.6281	2
1580.92930	527.98370	3	75.7536	2
1582.84580	792.43020	2	78.2889	2
1584.74035	529.25405	3	66.9095	2
1585.82150	529.61440	3	65.7226	2
1586.18035	794.09745	2	64.0889	4
1586.86935	794.44195	2	85.8905	2
1587.85250	794.93350	2	86.3010	1
1587.85735	530.29305	3	65.1439	2
1588.72680	795.37065	2	70.8684	2
1589.82095	795.91775	2	84.1158	2
1590.76455	796.38955	2	78.5720	2
1590.79275	531.27150	3	86.2591	2
1590.79955	796.40705	2	81.8530	2
1591.74780	531.58985	3	44.9249	2
1591.74890	796.88170	2	44.9343	2
1591.80270	796.90865	2	59.3255	2
1591.80295	531.60825	3	59.1909	2
1591.86545	796.94000	2	86.6882	2
1592.81915	531.94700	3	67.2588	2
1592.91540	797.46500	2	72.4920	2
1593.74010	532.25400	3	55.7026	2
1593.74210	797.87835	2	55.7859	2
1593.95100	797.98275	2	82.2780	2
1594.74830	532.59000	3	71.3084	1
1595.80260	798.90855	2	91.9785	2
1595.86215	532.96135	3	50.9289	2
1596.76810	533.26330	3	53.4536	2
1597.86890	799.94175	2	70.4858	2
1597.88650	799.95055	2	81.5008	2
1598.83325	533.95170	3	82.5754	2
1598.84660	800.43060	2	82.4104	2
1599.78650	800.90055	2	43.8405	2
1599.84785	800.93120	2	74.8102	2
1599.88370	534.30185	3	63.6621	2
1599.89885	534.30690	3	77.2296	2
1600.78370	534.60180	3	64.6944	3
1600.84305	534.62165	3	64.9932	2
1600.86800	801.44130	2	64.5138	2
1601.72850	801.87150	2	53.0944	1
1602.80110	802.40780	2	76.6695	2
1602.80365	802.40910	2	63.3269	2
1602.86390	802.43925	2	73.1623	2
1603.81035	802.91245	2	81.2578	2
1604.74520	803.37985	2	64.8650	2
1604.78310	535.93500	3	68.6346	2
1605.80710	803.91080	2	79.1583	1
1606.76330	536.59500	3	70.0622	1
1607.85085	804.93270	2	85.3698	2
1607.90395	536.97525	3	79.9037	2
1609.83680	537.61955	3	88.8806	2
1609.83905	805.92680	2	88.9097	2
1610.72220	806.36840	2	66.0217	2
1610.97330	537.99840	3	71.0710	2
1611.79010	806.90235	2	65.5730	2
1612.85240	807.43345	2	84.8085	2
1612.85815	538.62665	3	70.4489	2
1612.87065	807.44260	2	89.1029	2
1612.90450	538.64210	3	76.9823	2
1613.85345	807.93400	2	82.7977	2
1613.90465	807.95960	2	81.1337	2
1614.75770	808.38610	2	88.9008	1
1614.83985	808.42720	2	77.3332	2
1614.84180	539.28790	3	77.5858	1
1615.75850	539.59340	3	58.0127	1
1615.85815	539.62665	3	72.9778	2
1616.73140	539.91775	3	48.3357	2
1617.78900	809.90175	2	45.2220	2
1619.81670	540.94615	3	65.9908	2
1620.82010	811.41730	2	76.5638	1
1620.86310	541.29495	3	86.2224	2
1620.86510	811.43980	2	86.2166	2
1621.82915	811.92185	2	84.6791	2
1621.87340	811.94395	2	70.9973	2
1622.76605	541.92930	3	38.5491	2
1622.79755	541.93980	3	81.7229	2
1622.79980	812.40720	2	81.8118	1
1622.82750	812.42100	2	68.4294	1
1624.95950	813.48700	2	86.9067	1
1625.77325	813.89390	2	77.8279	2
1625.77725	813.89590	2	81.0387	2
1625.83045	542.95075	3	83.1174	2
1626.85745	543.29305	3	57.6621	2
1626.85925	814.43690	2	57.6664	2
1627.74880	814.88165	2	67.7690	2
1627.78600	543.60260	3	50.3352	1
1628.79100	815.40275	2	94.5908	2
1628.81615	543.94600	3	57.0647	2
1628.81725	815.41590	2	57.1368	2
1629.81230	815.91340	2	70.3978	1
1629.87440	815.94450	2	69.7199	2
1629.88640	815.95045	2	88.7689	2
1630.84545	544.62240	3	82.1029	2
1631.75610	544.92600	3	39.9619	1
1631.88765	544.96980	3	73.7029	2
1631.92420	544.98200	3	71.6524	2
1631.92740	816.97100	2	71.7138	2
1632.77755	545.26645	3	46.9220	2
1633.84320	545.62165	3	79.6112	2
1634.80225	818.40840	2	63.0853	2
1634.82740	545.94970	3	45.2603	1
1634.88885	545.97025	3	54.2191	2
1635.76460	546.26210	3	55.2672	1
1636.94250	819.47850	2	91.6467	1
1638.84115	547.28765	3	75.7233	2
1639.74170	820.87810	2	62.7745	1
1639.87660	547.63280	3	77.7598	2
1639.87720	820.94590	2	77.8279	2
1639.88010	820.94735	2	94.8777	2
1640.84920	547.95700	3	47.7461	2
1641.77265	821.89360	2	74.5086	2
1641.88360	821.94910	2	84.3200	2
1642.69095	822.35275	2	47.6300	2
1642.80585	822.41020	2	59.7641	2
1642.85210	548.62465	3	48.8990	2
1642.85275	822.43365	2	48.9549	2
1642.88305	548.63495	3	79.4700	2
1643.79040	548.93740	3	47.6863	2
1643.82460	822.91960	2	45.4547	2
1643.82855	822.92155	2	75.0504	2
1643.84050	548.95410	3	67.0727	2
1644.84450	412.21840	4	42.7785	2
1645.90470	549.64220	3	67.6595	2
1645.95160	549.65780	3	69.7825	2
1646.83850	549.95340	3	61.9368	2
1648.96690	413.24900	4	58.6980	2
1648.96900	550.66360	3	58.6510	2
1649.93610	825.97535	2	76.9765	2
1651.90255	826.95855	2	88.3917	2
1651.92650	551.64945	3	84.8884	2
1651.92840	826.97145	2	84.8385	2
1653.87425	552.29865	3	75.9947	2
1653.92180	552.31455	3	76.5738	2
1654.78830	828.40145	2	70.8994	2
1654.82160	552.61445	3	78.1079	2
1654.89430	828.45440	2	81.2137	1
1654.89800	828.45630	2	81.1930	1
1655.76395	552.92860	3	49.5506	2
1655.85655	552.95945	3	64.6898	2
1657.82215	829.91835	2	88.6051	2
1657.91850	553.64680	3	83.3366	1
1658.79090	553.93760	3	55.0443	2
1659.91125	554.31100	3	78.9121	2
1659.91860	830.96660	2	78.9731	2
1660.74465	554.58885	3	65.4427	2
1660.84155	554.62110	3	62.8483	2
1660.85010	554.62400	3	65.4037	1
1661.90520	831.95990	2	78.1869	1
1662.80090	555.27425	3	52.4772	2
1662.82840	555.28340	3	70.0154	1
1662.82860	555.28350	3	70.0565	1
1662.82890	832.42175	2	69.9730	2
1662.89285	555.30485	3	76.8310	2
1663.79860	555.60680	3	71.8273	1
1664.78050	833.39750	2	83.7826	1
1664.81235	833.41345	2	79.1481	2
1664.84300	833.42875	2	73.3038	2
1665.89590	833.95520	2	76.5089	2
1666.86930	834.44190	2	77.1086	2
1666.87070	556.63080	3	77.0139	2
1666.87790	834.44620	2	80.9120	2
1666.91815	834.46635	2	82.5697	2
1667.81685	556.94625	3	58.4617	2
1667.86315	834.93885	2	77.4184	2
1668.81450	557.27880	3	57.9040	1
1669.85305	835.93380	2	71.6891	2
1670.83585	836.42520	2	96.3354	2
1670.88500	557.96890	3	55.8789	1
1670.88560	836.45010	2	55.9643	2
1671.71615	558.24600	3	51.3794	2
1672.72290	558.58155	3	43.3496	2
1672.90480	837.45970	2	73.2089	1
1673.90030	837.95740	2	76.6929	2
1674.88505	838.44980	2	91.8175	2
1675.73580	559.58590	3	31.0232	1
1675.73720	419.94160	4	31.0666	1
1677.82005	560.28060	3	70.8108	2
1678.00475	560.34220	3	65.9850	2
1679.87890	560.96690	3	75.2006	1
1681.82225	841.91840	2	75.8749	2
1681.90015	561.64065	3	80.4121	2
1681.90220	841.95840	2	80.3240	3
1682.79860	842.40655	2	87.6854	2
1682.89390	842.45425	2	79.1693	2
1682.90400	561.97530	3	84.8964	1
1682.92640	561.98270	3	77.7231	1
1683.88395	842.94925	2	77.1674	2
1684.74100	562.58760	3	27.0123	2
1684.91560	843.46505	2	81.0444	2
1685.91420	562.97865	3	65.7060	2
1686.87355	563.29845	3	64.1598	2
1688.73190	423.19025	4	32.5292	2
1688.73300	563.91830	3	32.6747	3
1688.87150	563.96440	3	58.7820	1
1688.87655	845.44555	2	83.6326	2
1689.83815	564.28665	3	58.9546	2
1690.96220	564.66135	3	64.2936	2
1692.82035	847.41745	2	83.9469	2
1692.97000	847.49230	2	90.3344	2
1693.94150	565.65440	3	82.5106	2
1694.80230	565.94140	3	50.7336	2
1694.83850	565.95345	3	48.4262	2
1695.32890	848.67175	2	69.8211	4
1696.77400	849.39430	2	63.7298	2
1696.84575	849.43015	2	86.1943	2
1696.90885	849.46170	2	85.4343	2
1696.91000	566.64390	3	85.5346	2
1697.83665	566.95280	3	51.0739	2
1697.90215	566.97465	3	77.8014	2
1697.90475	849.95965	2	77.7680	2
1698.00750	850.01105	2	82.7324	2
1698.00850	567.01010	3	82.6145	3
1698.79405	850.40430	2	82.6688	2
1698.89100	567.30430	3	40.6680	1
1698.89885	850.45670	2	84.6400	2
1698.89980	567.30720	3	84.6514	2
1698.90425	567.30870	3	59.1041	2
1699.83875	567.62020	3	82.9652	2
1699.86805	567.62995	3	75.9725	2
1700.88600	851.45030	2	66.6865	1
1700.91125	851.46290	2	80.4785	2
1701.87080	568.29750	3	61.3896	1
1703.73780	568.91990	3	62.2790	2
1703.81570	568.94580	3	61.2166	1
1704.72485	569.24890	3	27.6676	2
1704.72870	427.18945	4	27.7952	2
1704.91580	569.31250	3	70.8865	1
1705.83715	569.61965	3	47.6202	2
1705.83940	853.92700	2	47.6892	2
1705.88370	853.94910	2	69.6256	2
1705.91960	569.64710	3	67.6010	2
1706.37520	569.79900	3	69.5316	4
1706.89140	854.45295	2	88.3859	2
1706.90395	854.45925	2	83.4452	2
1706.90400	569.97530	3	86.4384	11
1707.40660	570.14280	3	76.7995	4
1707.88470	854.94965	2	93.6763	2
1707.97830	854.99645	2	78.8507	2
1708.75880	570.59350	3	56.4614	1
1709.98170	571.00115	3	76.1286	2
1710.01890	571.01360	3	80.4195	2
1712.88895	857.45175	2	66.9883	2
1712.93810	571.98665	3	68.9969	2
1714.90140	858.45800	2	63.1181	2
1714.90210	572.64130	3	63.0297	3
1714.90545	858.46000	2	70.8434	2
1717.86355	573.62845	3	72.0907	2
1717.86475	859.93965	2	72.1259	2
1721.76160	861.88805	2	38.7021	2
1721.90730	861.96090	2	51.1163	1
1722.87435	575.29870	3	75.8094	2
1722.89735	575.30635	3	76.2872	2
1723.02490	575.34890	3	69.7671	2
1723.02660	862.52060	2	69.7415	2
1724.87570	863.44515	2	82.5108	2
1724.94200	575.98795	3	80.6444	2
1725.82605	863.92030	2	67.3136	2
1725.95135	863.98295	2	86.1339	2
1726.01545	576.34575	3	82.2514	2
1728.78970	577.27050	3	64.0426	2
1728.93500	577.31890	3	60.0940	1
1729.00430	577.34205	3	82.8304	2
1730.75720	577.92635	3	65.1771	2
1730.89765	866.45610	2	73.0638	2
1731.04400	578.02190	3	89.0498	2
1731.89010	866.95230	2	69.3310	1
1733.87440	578.96540	3	75.8843	2
1735.78670	868.90060	2	79.0771	2
1735.87975	579.63385	3	78.9764	2
1735.96735	868.99095	2	97.7455	2
1736.84695	869.43075	2	80.6297	2
1736.84700	579.95630	3	80.6386	2
1737.92790	580.31660	3	78.7230	2
1738.80235	870.40845	2	68.9013	2
1738.81950	580.61375	3	60.6381	2
1738.82070	580.61420	3	66.2521	2
1739.84670	580.95620	3	70.4032	1
1739.88650	580.96940	3	68.5360	1
1742.87395	581.96525	3	67.8245	2
1743.80370	872.90915	2	68.0870	2
1743.81130	872.91295	2	51.5515	2
1743.86460	582.29550	3	49.8026	1
1745.91405	582.97865	3	73.9757	2
1746.79385	874.40420	2	90.0558	2
1746.81350	874.41400	2	74.7119	1
1748.87475	583.96550	3	63.5014	2
1749.86525	875.93990	2	62.5102	2
1749.86655	584.29615	3	62.6018	2
1750.01055	584.34415	3	56.7447	2
1750.01090	876.01270	2	56.8318	2
1752.89245	585.30475	3	49.4420	2
1752.98405	585.33525	3	86.6247	2
1752.99045	877.50250	2	86.5584	2
1753.84940	585.62375	3	53.4642	2
1754.86500	878.43980	2	75.5069	1
1755.86060	878.93760	2	71.1669	2
1755.92765	878.97110	2	72.2570	2
1756.88870	586.63685	3	79.7774	2
1756.89035	879.45245	2	79.6168	2
1757.92355	586.98180	3	74.3579	2
1758.79260	880.40355	2	49.7563	2
1758.83295	587.28490	3	77.5167	2
1759.84880	587.62355	3	66.2033	2
1759.85390	880.93420	2	89.7296	1
1760.94045	881.47750	2	88.2147	2
1761.89415	588.30530	3	74.0481	2
1762.84235	882.42845	2	76.5058	2
1762.89590	588.63920	3	58.0524	1
1763.83410	882.92430	2	62.3684	2
1764.32525	589.11570	3	63.4756	4
1766.94885	884.48170	2	84.4776	2
1767.82280	590.28150	3	65.2940	2
1767.85670	590.29280	3	89.3573	1
1767.97325	590.33165	3	88.9630	2
1768.90265	885.45860	2	80.2399	2
1769.01855	590.68015	3	80.8831	2
1769.91695	885.96575	2	67.6894	2
1770.00555	591.00910	3	74.2896	2
1770.87695	591.29960	3	57.7500	2
1771.91560	591.64580	3	75.8329	1
1772.33500	887.17475	2	77.3368	4
1774.88580	888.45015	2	59.3017	2
1774.88620	592.63600	3	59.2600	3
1776.89715	593.30635	3	67.5458	2
1777.32120	889.66785	2	64.6749	4
1778.99055	890.50255	2	72.2740	2
1779.99110	891.00285	2	73.7374	2
1780.40300	594.47495	3	54.1974	4
1782.87655	595.29945	3	76.1494	2
1784.88100	595.96760	3	62.8745	2
1784.88220	893.44840	2	62.9319	2
1784.91605	595.97930	3	56.0138	2
1785.89220	893.95335	2	88.4759	2
1788.91345	597.31175	3	36.6591	2
1789.93075	895.97265	2	82.4397	2
1792.91020	598.64400	3	62.4259	2
1793.87830	897.94640	2	89.9178	1
1793.92180	897.96820	2	84.7375	1
1794.81800	898.41630	2	64.2157	2
1794.85965	898.43710	2	82.0927	2
1794.98670	898.50060	2	79.8035	2
1796.85685	599.95955	3	74.6048	2
1796.88040	599.96740	3	84.2863	2
1796.97110	599.99760	3	84.8689	1
1796.98050	600.00080	3	71.2842	3
1799.93025	600.98405	3	99.8506	2
1799.93245	900.97350	2	99.8068	2
1801.00050	601.34075	3	82.7049	2
1803.92320	602.31500	3	50.6988	2
1804.86830	602.63005	3	66.4623	2
1804.86910	903.44180	2	66.4105	3
1804.97130	602.66440	3	78.6792	3
1804.97290	903.49375	2	78.9874	2
1805.87740	903.94595	2	78.2197	6
1806.03670	603.01950	3	72.2824	2
1809.91525	905.96490	2	73.3367	2
1809.98770	604.33650	3	73.1924	1
1809.99720	906.00585	2	73.5696	2
1814.80205	605.94130	3	80.3455	2
1814.80520	908.40990	2	80.4994	1
1814.96700	605.99630	3	66.6697	1
1815.92880	908.97165	2	86.5860	2
1815.94155	606.32110	3	72.6445	2
1815.94520	908.97990	2	72.7046	1
1815.97860	908.99660	2	87.1583	1
1816.88905	606.63695	3	79.2124	2
1817.86300	606.96160	3	69.9282	2
1817.89975	606.97385	3	50.4077	2
1820.86230	911.43840	2	60.0541	2
1820.89485	607.97220	3	73.0928	2
1820.91415	607.97865	3	79.3357	2
1821.00440	608.00870	3	80.5256	1
1821.06195	608.02795	3	84.3111	2
1821.84790	608.28990	3	80.8567	2
1821.89600	608.30595	3	53.8758	2
1822.91050	912.46250	2	85.5567	1
1823.89105	608.97095	3	84.1844	2
1823.90735	608.97640	3	68.8242	2
1825.86400	609.62860	3	56.3169	2
1825.86465	913.93960	2	56.3578	2
1825.89485	913.95470	2	67.7241	2
1827.94100	610.32095	3	74.3012	2
1827.96960	610.33045	3	66.1974	2
1827.97010	914.99235	2	66.1346	2
1828.91330	915.46395	2	84.6118	2
1828.95205	915.48330	2	73.8784	2
1830.92750	916.47100	2	72.6987	1
1832.00825	611.67665	3	73.0358	2
1832.91685	611.97955	3	76.6752	2
1832.92680	611.98290	3	61.5489	1
1833.93730	917.97590	2	80.5750	2
1833.96745	612.32975	3	88.2067	2
1835.79790	612.93990	3	60.3976	2
1836.04675	613.02285	3	73.8208	2
1838.11625	613.71270	3	74.2895	2
1838.95680	613.99285	3	64.6755	2
1839.99350	614.33840	3	65.1437	2
1841.01665	614.67950	3	70.5748	2
1841.01700	921.51580	2	70.5057	2
1841.85780	614.95985	3	50.2009	2
1842.93250	615.31810	3	66.3507	2
1842.97315	615.33165	3	72.1563	2
1843.99565	923.00510	2	83.2236	2
1844.89200	615.97130	3	63.8637	2
1844.91325	615.97835	3	68.0689	2
1845.99090	616.33760	3	86.4852	2
1845.99285	924.00370	2	86.6853	2
1846.79215	924.40335	2	72.5857	2
1846.93695	924.47575	2	75.4696	2
1846.97185	924.49320	2	85.3973	2
1852.02330	927.01890	2	83.5642	2
1853.92720	618.98300	3	61.8259	2
1854.92820	928.47135	2	92.5854	2
1856.85940	619.96040	3	55.6673	1
1856.87860	929.44660	2	83.2779	2
1860.94790	621.32320	3	89.2005	2
1860.95140	931.48300	2	89.1787	2
1861.00045	621.34075	3	76.0929	2
1861.98860	621.67015	3	83.5141	2
1862.81910	621.94695	3	61.0448	2
1862.87200	932.44325	2	87.4206	2
1863.99210	622.33800	3	88.6301	1
1864.88105	622.63425	3	73.4295	2
1866.01540	623.01240	3	82.1150	1
1867.84265	623.62150	3	54.8507	2
1868.83500	935.42480	2	64.4496	2
1872.89615	625.30600	3	54.5342	2
1873.94580	625.65590	3	76.5330	2
1875.87280	626.29820	3	71.4864	2
1880.97520	627.99900	3	63.7246	2
1882.97780	942.49615	2	71.7463	2
1883.88360	942.94905	2	76.2871	2
1885.87100	943.94280	2	66.5153	2
1885.91810	943.96630	2	84.5112	2
1885.91870	629.64685	3	84.5861	2
1886.90205	944.45830	2	69.5127	2
1886.90245	629.97475	3	69.4301	2
1888.00635	630.34275	3	81.8281	2
1890.93610	631.31930	3	70.4210	2
1890.94740	631.32305	3	74.6048	2
1893.95910	947.98680	2	85.9858	1
1893.97780	632.33320	3	59.1964	2
1895.88950	948.95200	2	73.0915	1
1899.87930	950.94695	2	70.9303	2
1902.89650	952.45550	2	80.3018	1
1903.93335	635.65170	3	78.0428	2
1904.96940	953.49200	2	77.7550	1
1904.97120	635.99765	3	75.4455	2
1904.97310	953.49385	2	75.5395	2
1909.98030	478.50235	4	71.5659	2
1909.98175	637.66785	3	71.5991	2
1909.99360	637.67180	3	76.1285	2
1910.00135	956.00795	2	76.2204	2
1910.17140	637.73105	3	79.6807	2
1911.89010	956.95235	2	73.4051	2
1911.99915	638.34030	3	81.9608	2
1911.99985	957.00720	2	81.9190	2
1912.91235	638.64475	3	34.1148	2
1912.99025	638.67065	3	74.4461	2
1913.09915	638.70700	3	71.2566	2
1914.98170	639.33450	3	69.3642	2
1916.95200	639.99125	3	66.9370	2
1918.85340	640.62510	3	47.6620	2
1920.96360	641.32850	3	62.0155	1
1920.99845	641.34010	3	82.9242	2
1921.93375	961.97415	2	96.1612	2
1923.88590	962.95020	2	79.2272	2
1924.02080	642.34755	3	78.4171	2
1926.99880	643.34020	3	90.1173	2
1930.94530	644.65570	3	83.5802	1
1932.83945	645.28710	3	58.5073	2
1932.84045	967.42750	2	58.5995	2
1934.07875	645.70020	3	86.9709	2
1935.08030	646.03400	3	79.3602	1
1935.93235	646.31805	3	66.0437	2
1937.92825	969.97140	2	92.2032	2
1937.93850	969.97650	2	86.2842	1
1937.94645	646.98945	3	79.0413	2
1937.94820	969.98140	2	79.1365	1
1938.95365	970.48410	2	80.2911	2
1939.01870	647.34685	3	75.0899	2
1941.88070	648.30080	3	58.3403	1
1941.98910	648.33700	3	84.7919	3
1942.04315	648.35495	3	76.6374	2
1942.84175	648.62120	3	61.3533	2
1944.98305	649.33495	3	67.1288	2
1945.89415	649.63865	3	66.7555	2
1946.04880	974.03170	2	69.8832	1
1947.92130	974.96790	2	55.1524	1
1947.98550	650.33575	3	80.6082	2
1947.98695	975.00075	2	80.5689	2
1950.98120	651.33435	3	71.9753	2
1951.99170	651.67120	3	71.4410	1
1951.99195	977.00325	2	87.8183	2
1953.94240	652.32140	3	74.7728	1
1954.89640	978.45545	2	81.2947	2
1955.94050	652.98745	3	59.7053	2
1956.05875	653.02685	3	81.6607	2
1956.99350	979.50400	2	75.8489	2
1961.04555	981.53005	2	88.0322	2
1961.04695	654.68955	3	88.0826	2
1963.04800	655.35660	3	75.5080	2
1963.05190	982.53320	2	75.5684	1
1966.93745	656.65310	3	74.8726	2
1970.98335	658.00175	3	61.2406	2
1973.06880	658.69690	3	60.2383	2
1976.02380	989.01920	2	94.7718	2
1978.89805	660.63995	3	36.7468	2
1979.03590	660.68590	3	87.2212	2
1984.02890	993.02170	2	79.3962	2
1985.96000	993.98730	2	72.9716	2
1988.04810	663.68995	3	71.2360	2
1989.02575	664.01585	3	74.1977	2
1992.05845	665.02675	3	79.7064	2
1994.00865	998.01160	2	93.4313	2
2002.98585	668.66920	3	67.6256	2
2003.03420	668.68535	3	88.6974	2
2003.03525	1002.52490	2	88.7515	2
2004.08940	669.03705	3	78.8624	2
2009.03595	670.68590	3	58.8225	2
2009.08375	670.70185	3	76.8518	2
2010.00120	671.00765	3	91.7704	2
2010.00125	1006.00790	2	91.7354	2
2016.99380	1009.50415	2	80.0204	2
2026.12695	1014.07075	2	85.6011	2
2028.04050	677.02080	3	58.9805	1
2033.06265	678.69480	3	72.5544	2
2035.86340	679.62840	3	58.0913	2
2037.04415	680.02200	3	65.5266	2
2041.07605	681.36595	3	79.7714	2
2041.97570	681.66585	3	72.5199	2
2043.01125	682.01100	3	82.0516	2
2043.01230	1022.51345	2	82.1855	2
2047.98195	683.66790	3	48.2450	2
2048.05510	1025.03480	2	94.9849	2
2048.95875	683.99350	3	76.2434	2
2058.07735	1030.04595	2	96.6468	2
2058.07960	687.03380	3	96.6955	1
2059.00455	687.34210	3	76.9879	2
2059.96975	1030.99215	2	84.3975	2
2060.07030	687.69740	3	86.4737	1
2060.07250	687.69810	3	86.4442	1
2064.95870	1033.48660	2	84.2662	1
2067.99085	690.33755	3	68.8711	2
2070.95955	1036.48705	2	72.2116	2
2073.10385	692.04190	3	76.4397	2
2075.08060	692.70080	3	71.7982	1
2076.05080	693.02420	3	67.5117	2
2078.06570	693.69585	3	78.4527	2
2079.02890	694.01690	3	73.8872	2
2080.10155	521.03270	4	70.2770	2
2080.10460	694.37550	3	70.4915	2
2086.04260	1044.02860	2	88.1548	2
2092.08435	698.36870	3	73.8492	2
2093.97965	1047.99710	2	85.7290	2
2094.94490	699.32225	3	51.4627	2
2095.00420	699.34200	3	69.1861	1
2101.86440	701.62870	3	70.6982	2
2104.07100	1053.04280	2	72.8191	1
2104.56425	702.52870	3	73.4243	4
2106.02400	703.01530	3	71.0153	1
2114.12830	705.71670	3	94.8405	2
2119.05150	707.35780	3	64.2396	2
2122.10100	708.37430	3	70.0015	1
2126.14305	1064.07880	2	77.5079	2
2131.17820	711.40000	3	83.3135	2
2137.12290	713.38155	3	70.0140	2
2143.09510	715.37230	3	81.3876	2
2148.10670	717.04280	3	61.6189	2
2156.01355	719.67845	3	65.7574	2
2169.12375	724.04850	3	76.0868	2
2170.03075	724.35085	3	75.9409	2
2180.98135	728.00105	3	66.8549	2
2181.13675	1091.57565	2	80.3566	2
2187.15750	730.05980	3	88.3801	1
2190.06575	731.02920	3	74.5930	2
2190.06685	1096.04070	2	74.5611	2
2201.11635	734.71270	3	73.2785	2
2205.01510	736.01230	3	71.5357	2
2205.09880	1103.55670	2	98.5534	2
2227.05285	1114.53370	2	55.6249	2
2227.05335	743.35835	3	55.5964	2
2250.02055	751.01410	3	46.6376	2
2269.26220	757.42800	3	82.9268	2
2279.05850	760.69345	3	68.7361	2
2282.08640	761.70270	3	64.2688	2
2282.17290	761.73160	3	79.8788	1
2291.01840	764.68005	3	67.4299	2
2291.01905	1146.51680	2	67.3967	2
2296.22830	766.41670	3	98.3873	1
2297.12290	766.71490	3	69.8897	2
2298.10945	767.04375	3	52.9127	2
2299.15870	767.39350	3	64.7891	1
2317.08740	773.36975	3	42.2832	2
2376.09940	793.04040	3	51.7029	2
2379.16380	595.79820	4	63.1344	2
2379.16500	794.06230	3	63.2464	1
2389.99135	797.67105	3	62.1362	2
2391.18665	1196.60060	2	95.1504	2
2401.30115	801.44100	3	82.0237	2
2416.24170	806.42120	3	84.3777	2
2427.23830	607.81690	4	61.0036	1
2435.25585	812.75925	3	65.7338	2
2460.19320	821.07170	3	85.4060	2
2525.29895	842.77360	3	85.9290	2
2532.23445	845.08545	3	74.1040	2
2548.22950	850.41710	3	66.0878	2
2549.47575	850.83250	3	83.3521	2
2549.96485	638.49850	4	84.0939	4
2589.27500	864.09890	3	70.9540	1
2620.22000	656.06225	4	65.4072	2
2804.27960	935.76715	3	77.2562	2
2858.47310	953.83160	3	91.0608	2
3016.55080	1006.52420	3	96.4367	1
3208.55750	803.14665	4	70.3467	2
3536.66100	1179.89430	3	84.4105	2
3540.64010	1181.22060	3	95.3261	1
