mono_mass	mz	charge	rt	n_psm
798.41245	400.21350	2	38.7761	2
798.46020	400.23740	2	43.7471	1
798.48560	400.25005	2	57.7099	2
799.45530	400.73495	2	49.3396	2
800.43900	401.22675	2	44.0419	2
800.43950	401.22705	2	40.4938	2
800.45515	401.23485	2	51.3488	2
801.43545	401.72500	2	36.9684	2
801.53290	401.77375	2	44.7562	2
802.38595	402.20025	2	39.0116	2
802.42350	402.21900	2	34.6431	1
802.49855	402.25660	2	61.8881	2
805.40875	403.71165	2	45.2364	2
805.44450	403.72955	2	51.4635	2
806.39600	404.20530	2	37.7979	2
806.41775	404.21615	2	71.7313	2
806.45375	404.23415	2	50.5751	2
806.45410	404.23435	2	60.5266	2
806.48985	404.25220	2	56.8132	2
807.41270	404.71360	2	40.2463	2
808.36380	405.18920	2	36.9759	2
808.39670	405.20565	2	49.5837	2
808.44340	405.22895	2	36.0908	2
810.36950	406.19200	2	35.4349	1
811.35390	406.68420	2	37.7124	2
811.49120	406.75290	2	49.8299	1
812.42315	407.21885	2	42.9437	2
812.43890	407.22675	2	40.2632	2
812.47595	407.24525	2	60.2960	2
812.48780	407.25120	2	44.8103	1
812.51125	407.26290	2	49.1397	2
814.45405	408.23430	2	34.6225	2
814.45565	408.23515	2	51.7511	2
814.51645	408.26550	2	58.7337	2
815.43865	408.72660	2	38.9269	2
815.46850	408.74150	2	56.7247	2
815.47540	408.74495	2	42.4912	2
815.47665	408.74560	2	46.4774	2
815.49705	408.75580	2	38.0531	2
816.38460	409.19960	2	51.6308	1
816.44985	409.23220	2	66.5851	2
816.47055	409.24260	2	37.7124	2
817.42940	409.72200	2	34.9216	2
817.45400	409.73430	2	40.6051	1
817.48125	409.74790	2	66.9902	2
818.37680	410.19570	2	35.8291	1
818.44010	410.22730	2	52.9064	2
818.49020	410.25235	2	73.9926	2
819.39110	410.70285	2	35.3825	2
819.43125	410.72290	2	63.1669	2
820.43430	411.22445	2	39.1338	2
820.46975	411.24215	2	45.7227	2
820.48830	411.25145	2	71.8206	2
821.42900	411.72180	2	40.9327	2
822.39070	412.20265	2	30.5009	2
822.42450	412.21955	2	37.1604	2
823.41830	412.71640	2	36.5607	1
823.42620	412.72040	2	54.7203	2
823.44620	412.73040	2	45.2541	1
824.54910	413.28180	2	71.3123	2
826.45520	414.23490	2	48.1296	1
826.49120	414.25290	2	42.4598	2
826.49205	414.25330	2	39.9143	2
826.52700	414.27075	2	49.8714	2
826.52725	414.27090	2	69.7869	2
828.41640	415.21550	2	31.4942	3
828.44600	415.23030	2	40.0930	3
828.47585	415.24520	2	39.1489	2
829.45540	415.73500	2	45.9772	1
829.46490	415.73975	2	41.9693	2
829.46610	415.74030	2	34.9398	1
829.49020	415.75240	2	55.8167	2
829.49130	415.75290	2	39.6723	1
829.50315	415.75885	2	36.9095	2
829.50340	415.75900	2	50.7247	2
830.45070	416.23260	2	40.5652	1
831.46980	416.74220	2	35.4972	2
831.46985	416.74220	2	48.7233	2
831.49675	416.75565	2	69.9777	2
832.39180	417.20320	2	34.6796	1
832.42920	417.22190	2	45.3409	3
833.43985	417.72720	2	63.0125	2
834.43515	418.22485	2	38.1208	2
835.40900	418.71180	2	47.2825	1
835.44440	418.72950	2	43.5575	2
836.38890	419.20170	2	40.6792	2
836.40095	419.20775	2	41.6388	2
836.44020	419.22740	2	56.6264	2
836.44120	419.22785	2	43.7193	2
837.40335	419.70895	2	48.1156	2
837.40540	419.71000	2	54.4027	2
838.41775	420.21615	2	37.6462	2
839.42860	420.72160	2	55.1313	1
839.58475	420.79965	2	73.2924	2
840.47010	421.24240	2	43.2752	1
840.54285	421.27875	2	74.9866	2
840.54315	421.27890	2	59.7578	2
841.46595	421.74025	2	41.1701	2
841.49130	421.75295	2	54.9023	2
841.50240	421.75850	2	50.5798	1
842.42885	422.22170	2	47.9330	2
842.46120	422.23790	2	40.0347	1
842.48640	422.25045	2	52.3158	2
842.48680	422.25065	2	42.5671	2
842.48755	422.25105	2	38.7479	2
842.52275	422.26865	2	71.0798	2
842.52300	422.26875	2	49.3723	2
842.53270	422.27360	2	34.6874	2
843.45135	422.73295	2	39.5900	2
843.46920	422.74190	2	39.9763	1
843.48175	422.74815	2	44.9043	2
843.54310	422.77885	2	63.3471	2
844.45515	423.23485	2	53.9990	2
844.46530	423.23995	2	35.5939	2
845.46020	423.73735	2	37.7381	2
845.46150	423.73805	2	44.4390	2
845.46445	423.73950	2	67.4366	2
845.48670	423.75060	2	52.8213	1
845.51270	423.76365	2	65.2606	2
845.53795	423.77625	2	76.3362	2
846.39910	424.20685	2	37.3579	2
846.42745	424.22100	2	43.1604	2
846.43780	424.22620	2	48.9706	1
846.44970	424.23210	2	61.2369	2
847.42315	424.71885	2	44.0973	2
847.44455	424.72955	2	41.0551	2
847.45520	424.73490	2	57.5060	1
847.48150	424.74800	2	45.7995	1
848.43860	425.22660	2	42.1654	2
848.43890	425.22670	2	50.5847	1
848.43975	425.22715	2	53.1851	2
848.44460	425.22955	2	36.8819	2
849.42075	425.71765	2	46.8736	2
850.45265	426.23360	2	46.5597	2
850.50170	426.25815	2	39.8193	2
850.86280	426.43870	2	39.5436	2
851.40295	426.70875	2	35.7478	2
851.42150	426.71800	2	45.8515	2
851.43970	426.72710	2	37.3941	2
853.36115	427.68785	2	37.2511	2
853.39725	427.70590	2	43.1368	2
854.46075	428.23765	2	40.2345	2
856.43310	429.22380	2	64.6258	2
856.44820	429.23140	2	65.4438	2
856.47015	429.24235	2	50.4099	2
856.51285	429.26370	2	48.5408	2
856.51745	429.26600	2	45.9428	2
856.53825	429.27640	2	57.8501	2
857.44220	429.72840	2	40.0106	1
857.46220	429.73835	2	40.5256	2
857.46295	429.73875	2	42.9588	2
857.49350	429.75400	2	46.5846	1
857.49695	429.75575	2	55.0500	2
858.45630	430.23540	2	44.6016	2
858.47020	430.24240	2	43.9239	2
858.96275	430.48865	2	38.2978	4
859.43855	430.72655	2	40.3225	2
859.46540	430.74000	2	47.1136	2
860.42400	431.21925	2	36.4853	2
860.44190	431.22820	2	45.5291	1
860.46025	431.23740	2	33.9809	2
861.44450	431.72950	2	44.9084	2
861.47135	431.74295	2	47.8788	2
861.49980	431.75720	2	48.9180	2
861.50770	431.76115	2	75.6071	2
862.38610	432.20035	2	39.5801	2
862.41910	432.21685	2	36.8968	2
863.45070	432.73260	2	49.5151	2
863.45080	432.73265	2	35.3165	2
864.41920	433.21690	2	49.9824	2
864.43475	433.22465	2	53.0614	2
864.50670	433.26065	2	64.1500	2
865.41500	433.71480	2	40.1910	1
865.50165	433.75810	2	35.9654	2
866.49755	434.25605	2	42.7995	2
867.39460	434.70460	2	37.8185	1
867.41615	434.71535	2	50.2892	2
868.45865	435.23665	2	38.1443	2
868.50195	435.25825	2	44.8211	2
868.51335	435.26395	2	32.7960	2
869.49745	435.75600	2	34.7472	2
869.53310	435.77385	2	59.9954	2
869.53320	435.77385	2	52.7342	2
869.55905	435.78680	2	67.1865	2
870.44885	436.23170	2	54.6583	2
870.48125	436.24790	2	43.3177	2
870.49100	436.25280	2	35.9921	1
870.51770	436.26615	2	58.2757	2
870.55355	436.28405	2	51.1646	2
871.44435	436.72945	2	38.6014	2
871.45070	436.73260	2	41.1482	2
871.53805	436.77630	2	59.6133	2
872.47515	437.24485	2	40.0539	2
872.49705	437.25580	2	42.5096	2
872.50890	437.26170	2	37.0833	1
872.51540	437.26495	2	64.0184	2
873.47065	437.74260	2	45.6655	2
873.47400	437.74425	2	50.8126	2
873.48040	437.74750	2	48.7578	2
873.49590	437.75520	2	67.6863	2
874.43375	438.22415	2	45.0801	2
874.45860	438.23655	2	50.1026	2
874.46905	438.24180	2	36.1094	2
874.47840	438.24650	2	37.0112	1
875.52250	438.76850	2	50.4086	1
875.52310	438.76885	2	61.1874	2
876.41315	439.21385	2	39.6721	2
876.43800	439.22630	2	68.7570	1
876.47160	439.24310	2	50.4632	3
876.49560	439.25510	2	68.0673	2
877.42940	439.72200	2	43.6875	1
877.43285	439.72370	2	48.2124	2
877.45480	439.73470	2	37.6231	1
877.46590	439.74025	2	49.9784	2
877.46670	439.74060	2	42.9800	2
877.51025	439.76240	2	70.1725	2
878.43250	440.22350	2	48.1578	1
878.48585	440.25020	2	54.8343	2
878.98730	440.50090	2	51.3800	2
879.37260	440.69360	2	38.2193	1
879.39740	440.70600	2	35.0662	1
880.42935	441.22195	2	43.7795	2
880.54960	441.28210	2	53.5834	2
881.55830	441.78640	2	63.8565	1
882.52895	442.27180	2	39.5244	2
883.51120	442.76285	2	39.9092	2
883.53755	442.77605	2	58.8827	2
883.53780	442.77620	2	51.4117	2
883.55980	442.78720	2	39.3337	1
884.44020	443.22735	2	44.5012	2
884.51090	443.26270	2	47.9831	1
884.54425	443.27940	2	54.4108	2
884.56950	443.29200	2	74.2667	1
884.57105	443.29280	2	59.4691	2
885.42365	443.71910	2	39.3716	2
885.44475	443.72965	2	35.2468	2
885.48320	443.74890	2	43.8285	1
885.48920	443.75190	2	35.8620	2
885.49210	443.75335	2	51.6352	2
885.55410	443.78435	2	65.1961	2
886.40820	444.21140	2	53.6244	1
886.48675	444.25065	2	42.8594	2
886.51240	444.26350	2	48.3096	2
887.45985	444.73720	2	36.7848	2
887.49210	444.75335	2	41.7245	2
887.53270	444.77360	2	58.4296	2
888.46670	445.24060	2	38.5279	2
889.45915	445.73685	2	51.2580	2
889.46570	445.74015	2	48.4493	2
889.47710	445.74580	2	41.7842	2
889.48510	445.74980	2	70.4521	2
891.44470	446.72965	2	49.7171	2
891.44920	446.73185	2	46.6971	2
891.48170	446.74815	2	63.1913	2
891.49765	446.75610	2	67.3690	2
891.50645	446.76050	2	66.6739	2
892.44075	447.22765	2	40.6095	2
892.48405	447.24930	2	77.0588	2
893.45915	447.73685	2	46.0618	6
893.46130	447.73795	2	43.0063	2
893.60645	447.81050	2	75.8416	2
894.45600	448.23530	2	34.6012	2
895.44740	448.73100	2	59.9954	2
895.46560	448.74010	2	41.7444	1
895.46590	448.74020	2	41.7794	1
896.53355	449.27405	2	54.9525	2
897.40510	449.70985	2	66.9671	2
897.50270	449.75860	2	34.2375	2
898.40790	450.21125	2	66.4536	2
898.47965	450.24710	2	58.0390	2
898.48725	450.25090	2	35.7761	2
898.49155	450.25305	2	44.8471	2
898.54925	450.28190	2	67.2112	2
898.56045	450.28750	2	55.3890	2
899.43830	450.72640	2	53.8387	2
899.45035	450.73245	2	41.2048	2
899.51470	450.76465	2	60.4684	2
900.46690	451.24075	2	41.9459	2
900.49000	451.25230	2	41.6024	1
900.50265	451.25860	2	50.9022	2
900.53945	451.27700	2	44.2738	2
901.41185	451.71320	2	49.4888	2
901.43335	451.72395	2	39.6767	2
901.47570	451.74515	2	58.8825	2
901.48670	451.75065	2	34.1740	2
901.48680	451.75070	2	46.9831	1
901.52495	451.76975	2	42.9802	2
902.41335	452.21395	2	48.0492	2
902.50710	452.26080	2	46.4630	1
903.45040	452.73250	2	38.8579	1
903.48185	452.74820	2	53.2468	2
903.49680	452.75570	2	38.1021	1
903.52780	452.77120	2	42.6205	1
903.54375	452.77920	2	69.2395	2
903.57900	452.79680	2	80.8762	1
904.42860	453.22160	2	32.8578	1
904.44415	453.22935	2	31.4717	2
905.45340	453.73395	2	65.8419	2
905.45390	453.73425	2	44.3404	2
905.46190	453.73820	2	32.9852	1
906.46730	454.24095	2	32.5276	2
906.51785	454.26620	2	48.4310	2
907.45145	454.73300	2	37.7024	2
907.50025	454.75740	2	48.8532	2
908.00400	455.00930	2	55.1565	4
908.43110	455.22280	2	49.7904	2
908.53400	455.27430	2	41.1263	2
908.56960	455.29210	2	57.3006	2
909.42685	455.72070	2	45.1398	2
909.42740	455.72095	2	55.6135	2
909.45640	455.73545	2	40.5065	2
909.47535	455.74495	2	70.7789	2
911.38055	456.69760	2	34.4671	2
911.47555	456.74505	2	60.9630	2
911.49105	456.75285	2	43.6732	2
911.58085	456.79770	2	58.3442	2
912.54670	457.28060	2	42.8797	1
912.56505	457.28980	2	64.6192	2
913.43000	457.72230	2	49.0028	1
913.44875	457.73165	2	42.0884	2
913.47300	457.74380	2	71.6747	2
913.48720	457.75090	2	47.5999	2
913.50880	457.76165	2	33.5941	2
913.54830	457.78145	2	54.0368	2
913.55970	457.78710	2	39.5898	2
913.59665	457.80560	2	40.8576	2
914.50805	458.26130	2	41.3587	2
914.51810	458.26635	2	46.4433	2
915.44760	458.73110	2	37.4018	2
915.47145	458.74300	2	37.0630	2
915.50720	458.76085	2	32.9625	2
915.52075	458.76765	2	50.0826	2
915.52300	458.76880	2	75.2760	1
915.53900	458.77675	2	35.6478	2
916.48605	459.25030	2	41.7887	2
916.49850	459.25655	2	38.1964	2
917.46640	459.74050	2	35.1793	1
917.48115	459.74785	2	38.7212	2
917.48160	459.74810	2	40.7592	1
917.48180	459.74820	2	34.7363	1
917.51755	459.76605	2	40.4171	2
918.42740	460.22100	2	33.3887	1
918.44890	460.23170	2	80.2252	2
918.48430	460.24945	2	53.7209	2
918.49085	460.25270	2	64.4690	2
918.51655	460.26555	2	63.3876	2
918.51700	460.26575	2	57.1624	2
919.40640	460.71045	2	33.6317	2
919.40675	460.71065	2	61.7692	2
919.46950	460.74200	2	52.8634	3
919.50865	460.76160	2	53.0224	2
919.51290	460.76370	2	44.1673	2
919.51290	460.76375	2	47.1136	2
919.51580	460.76520	2	57.6009	2
919.52110	460.76785	2	65.0442	2
920.49735	461.25595	2	47.2538	2
920.49775	461.25615	2	50.7172	2
920.50600	461.26025	2	42.0577	2
921.44590	461.73025	2	37.9001	2
921.44680	461.73070	2	41.1707	1
921.45540	461.73500	2	40.9640	1
921.45710	461.73580	2	34.3649	1
921.46750	461.74100	2	36.2799	1
921.55400	461.78430	2	62.0386	1
922.43965	462.22710	2	50.0826	2
922.45050	462.23250	2	38.9121	1
922.47700	462.24580	2	47.9528	1
923.43540	462.72500	2	44.2838	2
923.47240	462.74350	2	41.3900	2
923.57990	462.79725	2	78.2193	2
924.43765	463.22610	2	48.4260	2
924.53930	463.27690	2	52.7961	2
924.56500	463.28975	2	55.6134	2
925.47050	463.74255	2	79.4888	2
925.49795	463.75625	2	44.0654	2
926.51890	464.26675	2	39.4941	2
926.57985	464.29720	2	60.6389	2
926.59160	464.30305	2	61.7065	2
927.37670	464.69560	2	30.0929	1
927.44570	464.73010	2	46.9057	2
927.56400	464.78930	2	83.3045	2
928.45520	465.23485	2	51.0021	2
928.51720	465.26585	2	42.3218	2
928.52305	465.26880	2	51.8510	2
928.53485	465.27470	2	50.1959	2
928.55970	465.28715	2	62.9706	2
928.56020	465.28740	2	57.2475	1
929.44650	465.73050	2	33.0413	2
929.45620	465.73535	2	30.5714	2
929.48000	465.74725	2	37.4547	2
929.50630	465.76045	2	55.1441	2
929.51175	465.76315	2	48.6562	2
929.51860	465.76655	2	36.6931	2
929.51870	465.76665	2	43.4652	2
929.51880	465.76670	2	41.4111	2
930.42380	466.21920	2	61.2108	2
930.46585	466.24020	2	35.7378	2
930.47765	466.24610	2	42.4552	2
930.51720	466.26590	2	65.0103	2
930.54070	466.27765	2	38.5431	2
931.44030	466.72740	2	28.8462	1
931.46965	466.74210	2	36.5193	2
931.48590	466.75025	2	49.1136	2
931.50220	466.75840	2	56.0628	2
931.51260	466.76360	2	58.0984	2
931.53425	466.77440	2	68.0415	2
932.44400	467.22930	2	33.7434	1
932.46315	467.23885	2	39.3413	2
932.54410	467.27930	2	42.6011	2
933.45560	467.73510	2	37.7459	1
933.45630	467.73540	2	37.7773	1
933.46545	467.74000	2	51.4842	2
933.48475	467.74965	2	51.8798	2
933.50385	467.75920	2	52.6197	2
933.52890	467.77175	2	56.4993	2
933.53970	467.77715	2	33.3455	2
934.41790	468.21620	2	40.4615	2
934.45115	468.23285	2	39.7916	2
934.48650	468.25055	2	55.2949	2
934.48725	468.25090	2	43.6373	2
934.48760	468.25105	2	33.9168	2
934.51260	468.26360	2	58.6119	2
934.51320	468.26385	2	50.4716	2
934.52375	468.26915	2	59.7768	2
935.45350	468.73410	2	37.0218	1
935.47100	468.74280	2	45.4201	2
935.49020	468.75235	2	62.0203	2
937.41385	469.71420	2	35.2256	2
937.48705	469.75080	2	41.0826	2
937.51310	469.76380	2	57.9693	1
938.43425	470.22440	2	38.2590	2
939.43110	470.72280	2	62.5431	1
939.48115	470.74785	2	80.5784	2
939.48195	470.74825	2	59.7159	2
939.51415	470.76435	2	32.8036	2
939.55025	470.78245	2	56.0084	2
939.56470	470.78965	2	81.0237	2
940.44350	471.22900	2	45.4796	2
940.52180	471.26820	2	56.7744	1
940.52720	471.27090	2	62.2606	1
940.53440	471.27450	2	35.1367	1
941.43470	471.72465	2	39.0434	2
941.46425	471.73940	2	50.2314	2
941.56690	471.79075	2	62.0935	2
941.57945	471.79700	2	66.9570	2
941.60670	471.81065	2	79.6072	2
942.50230	472.25840	2	36.5679	2
942.51410	472.26430	2	48.3618	2
942.51460	472.26460	2	43.9778	1
942.53855	472.27655	2	49.1992	2
943.44800	472.73130	2	61.3517	2
943.46165	472.73810	2	36.3512	2
943.48810	472.75130	2	44.1691	2
943.49855	472.75655	2	36.2193	2
943.53560	472.77510	2	46.6143	1
944.42445	473.21950	2	37.8711	2
944.43200	473.22330	2	63.8008	2
944.47585	473.24520	2	55.5139	2
944.49265	473.25360	2	43.5523	2
944.51110	473.26285	2	64.2215	2
944.51790	473.26620	2	62.9032	1
944.51820	473.26635	2	48.1618	2
944.51840	473.26650	2	45.7276	2
944.52895	473.27175	2	49.6603	2
944.55515	473.28485	2	54.8095	2
945.46000	473.73725	2	77.3759	2
945.51245	473.76350	2	41.1188	2
945.54980	473.78215	2	58.9053	2
946.50915	474.26185	2	37.5858	2
946.51290	474.26375	2	46.2291	2
946.53520	474.27490	2	38.5480	1
946.54885	474.28170	2	74.4624	2
947.43540	474.72500	2	38.6165	2
947.48525	474.74990	2	42.6061	2
947.51460	474.76455	2	71.6721	2
948.46660	475.24055	2	53.0868	2
948.46735	475.24095	2	44.7221	2
949.48645	475.75055	2	40.0354	2
949.48720	475.75090	2	54.3825	2
949.49140	475.75295	2	87.0817	2
949.50600	475.76030	2	77.6587	2
949.52470	475.76960	2	47.6592	1
949.52780	475.77120	2	79.8268	2
950.45345	476.23400	2	50.5407	2
950.48270	476.24860	2	49.3180	2
950.48275	476.24865	2	46.9371	2
950.48610	476.25035	2	73.8422	2
950.50145	476.25800	2	59.6598	2
950.50700	476.26075	2	51.9654	2
951.51785	476.76620	2	80.4115	2
952.45045	477.23250	2	43.5211	2
952.46910	477.24180	2	51.0993	2
952.53495	477.27475	2	42.6614	2
954.44095	478.22775	2	36.5169	2
954.44540	478.23000	2	52.6852	2
955.53410	478.77435	2	63.1990	2
955.57090	478.79275	2	61.3567	2
956.50400	479.25930	2	38.8596	2
956.51715	479.26585	2	37.2162	2
956.52970	479.27210	2	47.0779	1
956.52970	479.27210	2	53.5203	2
956.52995	479.27225	2	44.5338	2
956.53300	479.27380	2	42.0769	2
956.53590	479.27520	2	66.6492	2
956.57970	479.29715	2	77.9134	2
957.48845	479.75150	2	33.1728	2
957.51470	479.76460	2	48.1486	2
957.52535	479.76995	2	41.3587	2
957.53120	479.77290	2	48.6486	1
957.53570	479.77510	2	32.3861	2
957.56000	479.78730	2	48.4193	1
957.59720	479.80585	2	47.6362	2
958.48750	480.25100	2	56.6018	2
958.50740	480.26100	2	56.9205	2
959.50785	480.76120	2	41.4346	2
959.52965	480.77210	2	43.1089	2
959.53250	480.77350	2	69.3282	2
959.55480	480.78465	2	58.1355	2
959.58110	480.79780	2	84.2136	1
960.45080	481.23270	2	35.6802	2
960.46165	481.23810	2	31.9949	2
960.47595	481.24525	2	42.4344	2
960.50450	481.25950	2	46.8115	1
960.51340	481.26400	2	39.7327	2
960.53150	481.27305	2	57.6993	2
960.53880	481.27670	2	61.7278	2
961.45400	481.73430	2	34.5157	1
961.50825	481.76140	2	41.9391	2
962.47375	482.24415	2	46.5011	2
962.50590	482.26020	2	62.7164	2
962.51915	482.26685	2	55.7320	2
962.53840	482.27645	2	86.5883	2
963.44520	482.72985	2	54.7203	2
963.50210	482.75830	2	40.6536	1
963.50625	482.76040	2	34.9433	2
963.55525	482.78490	2	75.0463	2
964.46190	483.23825	2	38.5631	2
964.47995	483.24725	2	69.5633	2
964.49820	483.25635	2	43.4181	2
964.52320	483.26890	2	54.2873	2
965.44540	483.73000	2	35.3929	3
965.45995	483.73725	2	38.1169	2
965.48220	483.74835	2	60.9290	2
965.62680	483.82065	2	82.8847	2
966.46545	484.24000	2	42.2266	2
966.46745	484.24100	2	37.0398	2
966.48330	484.24890	2	45.0017	1
966.49240	484.25350	2	75.5310	1
966.52485	484.26970	2	47.0223	2
967.47880	484.74665	2	58.1557	2
967.52435	484.76945	2	47.6074	2
967.54545	484.78005	2	37.3090	2
967.58220	484.79840	2	56.8311	2
968.44440	485.22950	2	40.9935	1
968.52865	485.27160	2	37.7666	2
968.52925	485.27190	2	49.1761	2
969.43135	485.72295	2	39.9024	2
969.48835	485.75145	2	40.7310	2
969.51240	485.76350	2	47.3386	2
969.52470	485.76965	2	50.6323	2
969.56070	485.78765	2	53.0019	2
969.58610	485.80040	2	69.1123	2
969.58645	485.80050	2	64.2743	2
970.48750	486.25100	2	54.7729	2
970.54420	486.27940	2	56.1058	2
970.58065	486.29760	2	45.3709	2
970.58070	486.29765	2	33.6963	2
970.58100	486.29775	2	70.8222	2
971.50470	486.75965	2	31.9500	2
971.51490	486.76470	2	28.7151	1
971.52900	486.77180	2	36.4603	2
971.52925	486.77190	2	48.8532	2
971.52945	486.77200	2	58.9696	2
971.55375	486.78415	2	57.7989	2
971.56525	486.78990	2	34.1528	2
971.56560	486.79010	2	44.4986	1
972.46590	487.24020	2	33.7646	2
972.57090	487.29275	2	35.4869	2
973.50815	487.76135	2	42.4395	2
973.54365	487.77910	2	34.3334	2
974.50235	488.25850	2	38.4398	2
974.51860	488.26660	2	59.1508	2
975.49520	488.75490	2	80.9845	1
975.50245	488.75850	2	52.6440	2
976.49705	489.25580	2	58.3124	2
976.50890	489.26170	2	48.0568	2
976.54560	489.28005	2	41.4924	2
977.44430	489.72945	2	47.2285	2
977.48200	489.74830	2	45.7634	2
977.51790	489.76620	2	52.3653	2
977.55595	489.78525	2	59.3509	2
978.46540	490.23995	2	46.0891	2
978.47740	490.24600	2	42.0010	2
978.50310	490.25880	2	60.3354	2
979.44970	490.73215	2	66.5800	2
979.46145	490.73800	2	39.0359	2
979.49755	490.75605	2	52.7027	2
979.51620	490.76540	2	53.2056	1
979.57010	490.79230	2	56.2196	1
979.57075	490.79265	2	40.6220	2
980.45715	491.23585	2	37.8976	2
980.49655	491.25555	2	52.4576	2
981.52465	491.76960	2	30.2525	2
981.59745	491.80600	2	41.5931	2
982.45985	492.23720	2	34.0476	2
982.47445	492.24450	2	42.4039	2
982.52000	492.26730	2	38.5101	2
983.47480	492.74465	2	48.5016	2
983.50535	492.75995	2	42.7187	2
983.57650	492.79555	2	64.4793	2
983.58370	492.79915	2	71.8283	2
983.58805	492.80130	2	44.6301	2
983.60100	492.80775	2	58.2209	2
984.45510	493.23485	2	57.7353	2
984.45635	493.23545	2	51.7932	2
984.49270	493.25360	2	52.0051	2
984.56240	493.28850	2	29.1835	1
984.63295	493.32375	2	50.3560	2
985.37515	493.69485	2	34.4030	2
985.53770	493.77610	2	46.4142	2
985.55160	493.78310	2	43.6535	1
985.55410	493.78430	2	43.6303	1
985.61735	493.81595	2	46.0050	2
986.48960	494.25210	2	67.8534	2
986.49350	494.25400	2	40.7886	1
987.50035	494.75750	2	31.7666	2
987.52430	494.76940	2	45.1632	1
987.53470	494.77465	2	49.8038	2
987.60160	494.80810	2	80.0419	1
988.48325	495.24890	2	38.5937	2
988.51930	495.26695	2	43.1603	2
988.54290	495.27875	2	53.2059	2
988.54380	495.27920	2	47.4860	2
988.58170	495.29815	2	50.9382	2
989.47825	495.74640	2	33.5569	2
989.49680	495.75565	2	36.7526	2
989.55460	495.78460	2	58.9401	2
989.55485	495.78470	2	48.4818	2
990.45800	496.23625	2	37.4595	2
990.47405	496.24430	2	46.1728	2
990.50530	496.25990	2	60.7312	1
990.51385	496.26420	2	43.0139	2
990.55020	496.28240	2	73.2547	2
991.50865	496.76160	2	67.6632	2
991.50920	496.76190	2	34.5207	1
991.50980	496.76220	2	60.8410	2
991.54485	496.77970	2	69.5555	2
991.57020	496.79235	2	61.5869	2
992.48520	497.24990	2	56.6889	2
992.53260	497.27360	2	81.3606	2
992.55450	497.28450	2	69.1098	1
992.60170	497.30815	2	71.0420	2
993.44030	497.72745	2	43.1014	2
993.45165	497.73310	2	40.7087	2
993.49160	497.75305	2	63.9317	2
993.51290	497.76375	2	53.4291	2
993.54870	497.78165	2	64.8188	2
994.49705	498.25580	2	49.3230	2
994.50865	498.26160	2	47.7783	2
994.50900	498.26180	2	32.4809	2
994.51615	498.26535	2	73.3059	2
994.54480	498.27970	2	35.3719	1
994.60675	498.31065	2	74.3035	2
994.65365	498.33410	2	46.4484	2
995.49245	498.75350	2	43.8739	2
996.49330	499.25390	2	38.4659	1
996.53145	499.27300	2	68.7988	2
996.53250	499.27350	2	48.3855	1
996.57225	499.29340	2	45.6108	2
997.58155	499.79805	2	39.4739	2
998.50035	500.25745	2	58.2236	2
999.48190	500.74825	2	32.1879	2
999.53365	500.77410	2	42.8640	2
999.53485	500.77470	2	30.3259	2
999.57205	500.79330	2	32.8036	2
1000.49390	501.25425	2	36.4501	2
1000.55480	501.28470	2	87.5606	5
1000.56775	501.29115	2	49.4576	2
1001.51480	501.76465	2	44.4461	2
1001.55395	501.78425	2	67.6933	2
1001.56040	501.78750	2	34.3547	1
1001.58730	501.80090	2	48.0022	1
1002.47265	502.24360	2	34.7840	2
1002.48175	502.24815	2	39.3161	2
1002.48615	502.25040	2	41.9418	2
1002.52910	502.27180	2	37.9775	1
1002.54760	502.28110	2	33.6317	2
1003.51230	502.76340	2	49.6295	1
1003.51970	502.76715	2	44.7298	2
1003.52500	502.76980	2	35.9268	1
1003.57080	502.79270	2	78.1151	2
1004.54000	503.27725	2	48.2761	2
1004.56575	503.29015	2	43.5880	2
1005.46940	503.74200	2	49.3576	1
1005.48105	503.74780	2	38.4449	2
1005.49450	503.75455	2	31.5987	2
1005.49610	503.75540	2	32.6489	1
1005.53155	503.77305	2	68.9956	2
1005.53610	503.77535	2	36.3945	2
1006.45135	504.23300	2	32.7371	2
1006.47225	504.24340	2	42.1349	2
1006.50045	504.25750	2	54.3157	2
1007.45690	504.73575	2	39.0733	2
1007.46710	504.74080	2	41.5037	2
1007.47550	504.74500	2	51.7245	2
1007.50325	504.75890	2	44.1595	2
1007.52340	504.76900	2	65.3052	1
1007.52840	504.77145	2	43.9288	2
1007.54045	504.77750	2	56.2299	2
1007.54400	504.77930	2	68.6733	2
1007.67480	504.84465	2	73.0900	2
1008.47690	505.24575	2	50.8239	2
1008.51175	505.26315	2	61.2471	2
1008.51775	505.26615	2	51.6057	2
1009.44800	505.73130	2	42.6585	2
1009.51970	505.76710	2	36.7345	2
1009.54845	505.78150	2	88.1608	2
1010.42270	506.21860	2	35.1946	1
1010.45245	506.23350	2	39.2801	2
1010.51290	506.26375	2	63.8351	2
1010.57595	506.29525	2	68.9273	2
1011.52410	506.76930	2	37.1883	2
1011.53515	506.77485	2	45.5966	2
1011.54580	506.78020	2	43.2854	1
1011.57155	506.79305	2	52.8011	2
1011.60760	506.81110	2	67.9788	2
1012.48690	507.25070	2	59.4608	1
1012.57090	507.29270	2	69.4717	3
1012.57100	507.29280	2	58.7910	2
1012.58210	507.29835	2	60.9866	2
1012.60365	507.30910	2	39.4612	2
1012.63930	507.32695	2	49.5997	2
1013.46445	507.73950	2	72.4673	2
1013.54025	507.77740	2	44.3254	2
1013.55435	507.78445	2	65.7185	2
1013.56200	507.78825	2	38.2004	2
1013.58790	507.80120	2	64.4015	1
1013.62390	507.81920	2	67.2385	2
1013.62400	507.81930	2	64.8030	1
1014.53375	508.27415	2	38.7690	2
1014.53395	508.27425	2	43.6073	2
1014.57090	508.29275	2	38.0785	2
1014.57200	508.29325	2	46.4142	2
1015.49240	508.75345	2	40.1764	2
1015.54470	508.77960	2	89.3800	2
1015.58530	508.79995	2	71.4760	2
1015.59130	508.80290	2	66.0357	2
1016.45980	509.23715	2	37.4672	2
1016.51855	509.26655	2	48.1463	2
1016.53250	509.27355	2	48.8188	2
1016.54790	509.28120	2	49.5495	2
1017.47200	509.74330	2	42.0576	2
1017.49080	509.75270	2	47.6007	1
1017.51715	509.76585	2	77.4959	2
1017.53470	509.77460	2	39.4329	2
1017.57280	509.79365	2	41.2368	2
1017.62265	509.81860	2	66.7765	2
1018.53590	510.27520	2	58.4020	1
1018.54420	510.27935	2	40.5850	2
1019.42095	510.71775	2	43.9766	2
1019.50380	510.75915	2	43.4181	2
1019.53980	510.77715	2	35.7999	2
1019.54030	510.77740	2	54.3258	2
1019.54795	510.78125	2	67.2806	2
1019.55270	510.78360	2	47.7563	2
1020.44430	511.22940	2	29.8904	1
1020.52305	511.26880	2	56.6974	2
1020.52325	511.26890	2	49.7497	2
1020.52355	511.26905	2	64.4950	2
1020.53370	511.27415	2	55.0214	2
1021.43975	511.72715	2	38.3848	2
1021.44965	511.73210	2	34.8843	2
1021.49415	511.75435	2	31.0001	2
1021.51175	511.76315	2	44.0350	2
1021.54545	511.78000	2	60.8306	2
1021.60285	511.80870	2	52.4936	2
1022.50405	512.25930	2	53.5668	2
1022.51090	512.26275	2	77.5271	2
1023.48860	512.75155	2	38.6013	2
1023.60750	512.81100	2	68.5374	2
1024.37440	513.19450	2	42.5508	2
1024.49000	513.25230	2	59.7169	1
1025.45390	513.73420	2	39.0067	1
1025.50345	513.75900	2	41.2943	2
1025.55030	513.78240	2	35.9870	1
1025.60370	513.80910	2	49.4578	2
1026.44640	514.23050	2	42.7950	2
1027.56565	514.79010	2	33.8976	2
1027.56665	514.79060	2	36.8794	2
1027.58235	514.79845	2	74.8560	2
1027.59040	514.80250	2	59.0476	2
1027.60210	514.80830	2	69.2094	2
1028.55150	515.28300	2	46.5552	1
1029.47680	515.74570	2	42.4417	2
1029.47710	515.74580	2	56.9011	2
1029.53915	515.77685	2	52.5167	2
1029.54200	515.77825	2	37.8607	2
1029.55870	515.78665	2	30.7117	2
1029.58260	515.79860	2	37.2189	2
1030.52995	516.27225	2	36.0907	2
1030.59180	516.30315	2	79.2293	2
1030.60655	516.31055	2	75.9349	2
1031.46310	516.73880	2	64.4043	2
1031.50315	516.75885	2	42.0010	2
1031.50780	516.76120	2	49.4366	2
1031.54605	516.78030	2	51.8744	2
1031.58580	516.80015	2	62.3008	2
1031.58615	516.80035	2	56.9621	2
1032.49830	517.25645	2	42.3750	2
1032.53465	517.27460	2	49.0437	2
1032.59735	517.30595	2	73.8931	2
1033.56695	517.79075	2	43.4390	2
1033.58105	517.79780	2	82.5241	2
1033.61685	517.81570	2	70.0492	2
1034.52255	518.26855	2	65.0681	2
1034.56510	518.28980	2	62.4406	1
1035.56060	518.78760	2	60.6798	2
1036.51860	519.26660	2	43.9431	1
1036.51880	519.26670	2	41.9064	2
1036.53360	519.27410	2	71.7621	2
1036.53795	519.27625	2	68.0053	2
1036.55650	519.28555	2	63.5747	2
1037.50615	519.76035	2	34.4620	2
1037.52640	519.77050	2	37.8134	1
1037.62280	519.81870	2	54.9379	2
1037.64895	519.83175	2	71.3409	2
1038.48065	520.24760	2	47.2350	2
1038.54670	520.28060	2	35.5073	2
1039.46475	520.73965	2	47.9004	2
1039.49775	520.75615	2	52.5507	2
1039.56580	520.79015	2	46.7737	2
1040.46850	521.24155	2	41.6119	2
1040.49300	521.25380	2	32.0960	1
1040.49600	521.25525	2	42.2618	2
1040.55015	521.28235	2	54.1989	2
1040.56990	521.29225	2	50.1707	2
1040.59780	521.30615	2	57.0163	2
1040.62335	521.31895	2	74.0543	2
1040.66000	521.33730	2	60.0508	2
1041.45500	521.73480	2	36.2933	2
1041.53415	521.77435	2	50.3818	2
1041.58225	521.79840	2	52.2942	2
1042.51440	522.26450	2	64.6898	2
1042.52975	522.27215	2	37.9535	2
1042.55640	522.28550	2	53.6015	2
1043.54345	522.77900	2	48.7790	2
1043.55070	522.78260	2	79.0731	2
1043.56145	522.78800	2	37.0883	2
1043.56255	522.78855	2	34.1111	2
1043.60330	522.80890	2	63.7319	2
1044.52025	523.26740	2	45.1425	2
1044.53840	523.27650	2	66.2543	2
1044.55530	523.28490	2	43.8516	1
1044.56085	523.28770	2	58.4398	2
1045.51240	523.76350	2	57.2034	2
1045.53970	523.77710	2	44.8987	1
1045.54040	523.77745	2	31.7346	2
1045.54060	523.77760	2	33.9724	2
1045.55885	523.78670	2	63.4781	2
1045.60165	523.80810	2	60.6623	2
1046.52520	524.26990	2	36.2908	2
1046.59730	524.30590	2	49.5836	2
1047.52705	524.77080	2	60.0506	2
1047.56080	524.78770	2	59.6878	1
1048.47875	525.24665	2	35.8398	2
1048.55910	525.28680	2	32.4739	1
1049.52610	525.77035	2	50.9724	2
1049.53370	525.77410	2	40.5508	1
1049.56140	525.78795	2	37.9906	2
1050.50915	526.26185	2	46.2100	2
1050.53525	526.27490	2	48.2265	2
1050.55585	526.28520	2	32.0542	2
1050.57125	526.29290	2	62.3522	2
1050.59565	526.30510	2	68.7334	2
1051.49385	526.75420	2	37.4650	2
1052.46325	527.23890	2	57.7885	2
1053.61860	527.81660	2	56.0129	2
1054.49780	528.25620	2	68.9559	2
1054.53400	528.27425	2	75.1024	2
1054.54070	528.27765	2	32.4758	2
1054.60295	528.30875	2	57.1446	2
1055.42290	528.71870	2	47.3988	2
1055.49250	528.75350	2	44.9392	2
1055.58595	528.80025	2	67.8877	2
1055.58640	528.80045	2	63.9868	2
1056.53230	529.27340	2	77.1933	2
1056.58240	529.29845	2	54.9909	2
1056.59295	529.30375	2	52.9106	2
1057.55200	529.78330	2	41.2098	2
1057.57710	529.79580	2	36.5067	2
1057.57815	529.79635	2	44.6880	2
1057.61700	529.81580	2	37.6034	1
1057.61805	529.81630	2	38.2646	2
1057.63935	529.82695	2	78.0297	2
1058.49260	530.25360	2	50.6553	2
1058.54400	530.27925	2	78.6837	2
1058.55920	530.28685	2	72.2789	2
1058.57250	530.29350	2	46.8743	1
1058.59510	530.30480	2	40.1476	2
1059.50900	530.76180	2	43.7871	2
1059.54030	530.77745	2	55.5039	2
1059.60075	530.80765	2	56.8983	2
1060.47710	531.24585	2	34.1554	2
1060.52315	531.26885	2	74.4984	2
1060.61735	531.31595	2	83.4134	2
1061.55020	531.78235	2	44.9599	2
1061.57695	531.79575	2	74.8862	2
1062.50220	532.25840	2	35.7001	1
1062.52435	532.26945	2	78.0348	2
1062.53490	532.27475	2	56.5094	2
1062.57140	532.29295	2	60.3719	2
1062.58185	532.29820	2	56.1662	2
1063.52925	532.77190	2	44.2158	2
1063.54135	532.77795	2	46.2073	2
1063.55520	532.78490	2	60.9549	1
1063.60730	532.81090	2	76.3002	2
1064.63435	533.32445	2	54.4156	2
1065.44770	533.73110	2	46.5329	2
1065.50890	533.76170	2	39.3893	1
1065.55310	533.78380	2	78.3525	1
1065.55350	533.78405	2	61.4404	2
1066.45705	534.23580	2	53.8457	2
1066.46820	534.24135	2	32.5484	2
1066.50510	534.25980	2	30.8947	2
1066.51015	534.26235	2	33.3480	2
1066.51855	534.26655	2	56.3251	2
1066.60705	534.31080	2	81.5464	2
1067.51385	534.76420	2	45.5678	2
1067.53740	534.77600	2	39.5775	1
1067.57245	534.79350	2	52.5899	2
1068.55085	535.28270	2	37.1269	2
1068.55960	535.28710	2	63.9579	2
1068.57995	535.29725	2	60.1783	2
1068.59265	535.30360	2	56.9789	2
1068.61990	535.31720	2	59.3692	1
1068.62050	535.31750	2	42.9102	1
1068.65400	535.33425	2	45.3587	2
1070.60680	536.31070	2	74.3582	1
1070.60905	536.31180	2	44.7818	2
1070.61980	536.31720	2	41.0007	2
1070.63465	536.32460	2	69.1467	2
1070.65910	536.33680	2	76.1035	2
1071.41770	536.71615	2	39.9598	2
1071.56705	536.79080	2	48.9737	2
1071.59250	536.80350	2	53.6537	3
1072.53040	537.27245	2	47.4981	2
1072.57340	537.29395	2	73.4974	2
1072.59550	537.30505	2	39.1969	2
1072.61320	537.31385	2	41.2589	2
1073.49910	537.75680	2	44.8422	2
1073.51765	537.76610	2	54.1304	2
1073.52560	537.77010	2	34.3275	3
1073.58800	537.80125	2	43.9576	2
1073.59110	537.80285	2	59.0555	2
1073.60740	537.81100	2	34.8435	1
1073.60815	537.81135	2	86.5154	2
1073.65935	537.83695	2	63.3571	2
1074.54650	538.28055	2	43.3891	2
1074.55200	538.28330	2	53.1850	2
1074.57110	538.29280	2	59.7208	2
1075.47770	538.74615	2	33.8245	2
1075.53380	538.77420	2	65.7829	2
1075.56040	538.78750	2	61.4387	1
1075.59195	538.80325	2	70.5865	2
1075.61265	538.81360	2	57.5372	2
1075.62895	538.82175	2	67.5283	2
1076.51440	539.26450	2	49.1949	2
1076.52470	539.26960	2	33.5565	1
1076.56065	539.28760	2	53.9712	2
1076.57145	539.29300	2	42.8268	2
1077.57000	539.79230	2	64.4383	2
1077.60490	539.80970	2	39.2271	2
1078.50390	540.25925	2	40.9421	2
1081.45690	541.73570	2	40.4622	1
1081.62500	541.81980	2	59.8181	2
1082.53225	542.27340	2	54.5615	2
1082.55535	542.28495	2	82.0776	2
1082.64470	542.32960	2	54.8415	2
1084.48650	543.25050	2	38.5024	2
1084.51980	543.26720	2	73.6229	2
1084.54350	543.27900	2	28.2260	1
1084.57245	543.29350	2	88.9077	2
1084.57425	543.29440	2	93.8160	2
1084.63790	543.32620	2	78.6036	2
1084.66140	543.33800	2	55.3607	2
1085.60830	543.81140	2	54.1226	1
1085.60910	543.81185	2	51.2213	2
1085.61320	543.81390	2	43.5026	2
1085.62250	543.81855	2	74.7414	2
1085.64540	543.82995	2	67.1817	2
1086.06440	544.03945	2	50.0626	4
1086.55500	544.28480	2	47.4675	2
1086.56760	544.29105	2	33.3992	2
1087.55235	544.78345	2	50.7867	2
1087.56380	544.78920	2	42.1585	1
1087.56380	544.78920	2	42.1820	1
1087.58790	544.80120	2	41.4674	2
1087.60300	544.80880	2	30.3180	1
1087.61315	544.81385	2	70.1999	2
1088.45605	545.23530	2	36.8204	2
1088.51200	545.26330	2	31.2926	1
1088.55545	545.28500	2	70.7897	2
1088.56030	545.28745	2	61.3034	2
1088.57045	545.29250	2	32.4886	2
1088.60880	545.31165	2	35.2791	2
1089.51930	545.76690	2	31.9701	1
1089.53195	545.77325	2	41.6654	2
1089.55770	545.78610	2	33.9615	2
1089.56840	545.79150	2	62.4725	1
1089.60215	545.80835	2	44.4779	2
1090.46780	546.24115	2	37.5519	2
1090.60195	546.30825	2	58.8301	2
1091.51685	546.76570	2	55.1822	2
1091.59970	546.80710	2	40.5805	1
1092.53920	547.27690	2	54.7773	2
1092.58200	547.29825	2	53.5302	2
1093.54015	547.77735	2	57.5795	2
1093.54140	547.77800	2	43.8233	1
1094.08055	548.04755	2	36.1802	4
1094.55115	548.28285	2	67.8241	2
1094.55500	548.28480	2	77.3809	2
1094.56165	548.28810	2	32.8697	2
1094.56580	548.29015	2	47.4334	2
1094.59850	548.30650	2	57.2423	1
1095.46555	548.74005	2	52.5623	2
1095.55710	548.78580	2	55.6896	1
1095.56870	548.79160	2	31.0204	1
1096.51970	549.26710	2	48.0320	3
1096.56230	549.28840	2	41.8457	2
1097.60985	549.81220	2	56.0723	2
1097.62010	549.81730	2	36.6536	1
1098.53675	550.27565	2	44.6667	2
1098.58205	550.29830	2	49.8438	2
1099.49385	550.75420	2	59.8646	2
1099.56310	550.78880	2	41.7052	2
1100.46010	551.23735	2	65.9117	2
1100.55750	551.28600	2	33.2808	2
1100.56145	551.28800	2	37.1797	2
1100.57240	551.29345	2	70.9167	2
1101.52410	551.76930	2	55.2435	2
1101.55550	551.78500	2	70.1917	2
1101.60750	551.81100	2	37.4799	2
1101.65145	551.83300	2	52.6151	2
1102.50865	552.26160	2	65.6458	2
1102.56710	552.29080	2	34.0390	3
1102.57680	552.29565	2	63.9656	2
1102.58670	552.30065	2	35.9326	2
1103.56090	552.78770	2	39.1612	2
1103.58245	552.79850	2	50.1371	2
1103.63860	552.82655	2	84.1916	2
1104.45100	553.23280	2	30.5090	1
1104.47635	553.24545	2	34.6532	4
1104.51875	553.26665	2	44.4128	2
1104.53250	553.27355	2	44.0417	2
1104.54635	553.28045	2	43.7794	2
1104.54760	553.28110	2	46.1215	2
1104.56400	553.28930	2	48.0568	2
1104.56680	553.29065	2	33.1861	2
1104.59325	553.30390	2	59.5371	2
1104.62600	553.32030	2	87.2932	2
1105.57675	553.79565	2	64.5271	2
1106.53935	554.27695	2	47.1445	2
1106.58695	554.30075	2	82.5532	2
1106.60895	554.31175	2	81.9081	2
1107.53830	554.77645	2	60.8939	2
1107.54430	554.77940	2	53.7875	2
1107.54990	554.78225	2	65.4171	2
1107.55785	554.78620	2	36.8966	2
1107.57600	554.79530	2	86.7832	5
1107.59270	554.80360	2	44.2502	2
1108.51510	555.26480	2	31.4991	1
1108.57130	555.29290	2	47.9628	2
1108.57210	555.29330	2	77.8774	2
1108.92060	555.46755	2	37.0071	4
1109.50400	555.75930	2	74.7926	1
1109.53295	555.77375	2	78.4011	2
1109.53925	555.77690	2	46.6588	2
1109.54985	555.78220	2	89.8363	2
1109.58765	555.80110	2	58.0052	2
1109.61205	555.81330	2	70.8417	2
1109.68090	555.84770	2	78.2969	2
1110.52045	556.26750	2	59.8698	2
1110.58990	556.30225	2	82.8117	2
1110.60740	556.31100	2	76.5470	1
1110.66520	556.33990	2	73.9012	2
1111.43700	556.72580	2	32.1470	1
1111.57180	556.79320	2	33.5513	1
1113.63800	557.82630	2	58.1819	1
1114.55605	558.28530	2	77.7235	2
1114.56740	558.29095	2	64.0885	2
1114.62365	558.31910	2	61.6549	2
1114.63515	558.32485	2	52.4890	2
1115.05445	558.53450	2	45.9038	4
1115.51380	558.76415	2	46.7426	2
1115.55750	558.78600	2	34.4426	2
1115.57915	558.79685	2	41.5804	2
1115.60110	558.80780	2	55.4150	2
1116.50220	559.25835	2	43.4767	2
1116.56635	559.29045	2	53.7927	2
1116.58270	559.29865	2	72.1863	2
1116.61000	559.31230	2	31.2359	1
1116.61355	559.31405	2	34.7840	2
1117.52760	559.77110	2	38.8944	2
1117.54285	559.77870	2	42.0499	2
1117.56210	559.78830	2	50.5257	3
1117.58650	559.80050	2	74.1454	1
1117.60630	559.81040	2	70.5152	2
1118.01745	560.01600	2	45.8857	4
1118.48590	560.25025	2	32.5510	2
1118.54845	560.28150	2	75.7133	2
1118.60665	560.31060	2	69.2445	2
1118.63335	560.32395	2	56.5717	2
1118.67020	560.34240	2	87.0809	1
1119.54220	560.77840	2	68.8974	2
1119.56850	560.79150	2	56.0575	3
1119.58280	560.79870	2	62.1347	1
1119.59475	560.80465	2	66.9569	2
1119.66975	560.84215	2	82.3032	2
1120.57670	561.29560	2	59.9029	2
1121.53665	561.77560	2	68.2353	2
1121.54800	561.78125	2	42.7160	2
1121.60950	561.81205	2	47.0518	2
1122.51045	562.26250	2	59.1272	2
1123.47860	562.74660	2	45.7812	2
1123.57080	562.79270	2	56.8671	2
1123.58170	562.79810	2	53.2389	2
1124.58920	563.30190	2	61.5606	2
1124.62000	563.31725	2	68.8951	2
1124.63260	563.32360	2	37.3089	6
1124.68010	563.34735	2	79.9971	2
1125.51100	563.76280	2	34.5879	2
1125.53810	563.77635	2	48.4791	2
1125.57160	563.79310	2	42.7683	2
1125.63985	563.82720	2	60.5165	2
1126.49910	564.25685	2	53.8672	2
1126.59730	564.30590	2	51.0940	1
1126.61795	564.31625	2	83.3044	2
1126.66050	564.33750	2	76.8060	2
1127.47500	564.74475	2	68.5829	2
1127.56455	564.78955	2	42.1781	2
1127.61310	564.81380	2	61.6784	2
1127.65505	564.83480	2	52.1259	2
1127.65540	564.83500	2	58.6678	1
1128.56570	565.29015	2	41.5537	2
1128.57770	565.29610	2	42.3853	2
1128.59025	565.30240	2	31.6991	2
1128.63950	565.32705	2	59.2811	2
1129.51430	565.76440	2	81.9416	1
1129.58085	565.79770	2	55.1671	2
1129.63390	565.82420	2	34.6872	2
1129.63540	565.82495	2	39.4097	2
1129.67105	565.84280	2	69.6635	2
1130.55855	566.28655	2	46.8778	2
1131.57745	566.79600	2	33.8899	2
1131.62935	566.82195	2	70.0785	2
1131.65430	566.83445	2	81.4324	2
1132.53835	567.27645	2	32.1957	2
1132.55585	567.28520	2	56.3870	2
1132.58940	567.30195	2	61.4449	2
1133.55375	567.78415	2	68.7573	2
1133.57130	567.79290	2	71.9488	2
1133.57170	567.79310	2	55.4763	2
1133.57500	567.79480	2	65.7103	2
1133.60940	567.81195	2	61.9252	2
1133.64530	567.82990	2	67.6372	2
1134.53415	568.27435	2	43.5000	2
1134.55175	568.28315	2	34.7923	2
1134.57865	568.29660	2	45.8227	2
1134.59185	568.30320	2	47.3129	2
1135.59900	568.80680	2	46.8183	2
1136.53550	569.27500	2	52.8540	2
1136.57120	569.29290	2	60.4862	2
1136.57160	569.29310	2	57.2632	2
1137.56455	569.78955	2	82.4082	2
1137.57810	569.79635	2	54.6724	2
1138.56680	570.29065	2	61.9145	2
1138.58830	570.30140	2	34.3001	1
1139.54590	570.78025	2	53.9783	2
1139.56225	570.78840	2	66.0881	2
1139.62975	570.82215	2	39.1890	2
1139.65515	570.83485	2	61.1475	2
1140.52355	571.26905	2	32.8932	2
1140.56070	571.28760	2	76.8068	1
1141.56880	571.79170	2	62.2374	2
1141.59850	571.80650	2	32.0162	2
1141.60960	571.81205	2	58.9449	2
1142.03295	572.02375	2	64.5809	4
1142.48925	572.25190	2	44.7894	2
1142.55595	572.28525	2	90.1891	2
1142.55835	572.28645	2	51.2007	2
1142.61805	572.31630	2	54.2895	2
1142.63000	572.32225	2	33.4961	2
1143.50790	572.76125	2	55.2335	2
1143.57205	572.79330	2	65.1071	2
1143.58880	572.80165	2	34.0769	2
1143.69035	572.85245	2	86.5519	2
1144.58860	573.30160	2	49.2301	2
1144.59710	573.30585	2	59.6675	2
1144.60955	573.31205	2	37.6742	2
1144.63690	573.32575	2	56.7171	2
1145.08360	573.54910	2	56.9304	4
1145.57490	573.79475	2	46.5864	2
1145.67020	573.84240	2	70.3020	1
1145.67020	573.84240	2	70.3182	1
1146.57735	574.29595	2	45.2051	2
1146.58560	574.30005	2	72.2137	2
1146.61370	574.31410	2	52.3159	2
1147.55110	574.78285	2	61.7950	2
1147.55425	574.78440	2	48.4843	2
1147.55605	574.78530	2	43.0426	2
1147.57930	574.79690	2	64.6818	2
1147.58815	574.80135	2	54.2229	2
1147.63870	574.82660	2	87.6046	2
1148.54795	575.28125	2	52.5826	2
1148.56960	575.29210	2	79.7304	2
1148.58100	575.29780	2	57.8477	1
1148.60850	575.31155	2	62.1092	2
1149.54200	575.77830	2	40.4269	1
1149.56710	575.79080	2	67.6160	1
1149.56725	575.79090	2	57.1981	2
1150.05875	576.03665	2	58.4849	4
1150.58760	576.30110	2	54.7551	2
1150.58835	576.30145	2	47.8489	2
1151.49335	576.75395	2	51.6704	2
1151.65460	576.83455	2	68.4235	2
1151.72785	576.87120	2	75.5124	2
1152.52930	577.27195	2	30.2978	2
1152.52970	577.27210	2	53.3426	2
1152.54190	577.27820	2	91.5832	2
1152.55000	577.28225	2	60.3327	2
1152.55260	577.28355	2	36.7008	2
1152.56540	577.29000	2	43.6772	1
1152.58580	577.30015	2	57.8940	2
1153.51805	577.76630	2	66.5193	2
1154.57140	578.29300	2	63.0625	1
1154.62010	578.31735	2	59.0006	2
1154.63095	578.32275	2	44.6538	2
1155.56440	578.78945	2	34.4994	2
1155.58080	578.79765	2	88.0228	2
1155.62670	578.82060	2	51.7879	2
1155.65115	578.83285	2	48.7866	2
1156.51840	579.26650	2	55.3811	2
1156.51925	579.26690	2	44.5652	2
1156.59250	579.30350	2	85.1708	1
1156.60355	579.30905	2	66.5747	2
1157.56410	579.78930	2	49.2823	1
1157.57635	579.79545	2	75.2612	2
1157.59215	579.80335	2	58.1870	2
1157.59435	579.80445	2	52.1304	2
1157.63200	579.82325	2	52.9678	2
1158.59915	580.30685	2	41.9166	2
1158.62480	580.31970	2	47.4479	1
1159.57195	580.79325	2	64.2132	2
1159.57425	580.79440	2	33.9537	2
1159.58180	580.79815	2	45.3876	2
1159.59530	580.80495	2	40.9955	2
1159.62030	580.81740	2	39.8804	2
1159.63945	580.82700	2	79.8917	2
1160.56550	581.29000	2	37.1575	2
1160.58640	581.30045	2	66.7632	2
1160.58675	581.30065	2	49.4047	2
1160.59330	581.30395	2	72.9867	2
1160.59740	581.30600	2	54.0058	2
1160.60815	581.31135	2	61.5268	2
1160.61530	581.31495	2	36.3866	2
1161.52660	581.77055	2	34.9806	2
1161.59925	581.80690	2	45.6283	2
1161.59925	581.80690	2	53.3770	2
1161.60725	581.81090	2	72.8527	2
1161.61490	581.81475	2	53.0562	2
1162.59865	582.30660	2	71.6980	2
1163.56370	582.78910	2	34.6224	1
1163.57635	582.79545	2	65.5128	2
1163.58230	582.79840	2	58.5483	1
1163.60890	582.81170	2	67.3127	2
1164.57160	583.29310	2	31.8804	2
1164.60270	583.30860	2	60.6022	1
1164.60315	583.30885	2	54.6652	2
1164.72390	583.36925	2	70.4064	2
1165.46155	583.73805	2	35.0390	2
1165.57750	583.79605	2	80.1989	4
1165.59810	583.80630	2	46.5258	1
1165.63420	583.82435	2	64.4094	2
1166.54060	584.27760	2	46.6186	2
1166.63720	584.32590	2	48.5919	1
1167.59270	584.80360	2	75.9814	2
1167.61880	584.81665	2	84.7251	2
1168.64690	585.33070	2	49.2661	3
1168.68140	585.34800	2	69.7190	2
1168.68300	585.34880	2	58.2570	2
1168.74285	585.37870	2	79.3510	2
1169.57245	585.79350	2	54.0692	2
1170.57735	586.29595	2	45.9997	2
1170.62555	586.32005	2	47.0170	2
1170.65970	586.33715	2	66.7079	2
1170.66100	586.33780	2	70.4583	2
1171.57690	586.79570	2	65.2301	2
1171.62115	586.81785	2	50.0473	2
1171.62525	586.81990	2	55.8565	2
1171.69980	586.85715	2	54.6062	2
1172.59880	587.30670	2	65.6728	1
1172.61530	587.31495	2	40.3417	2
1172.61930	587.31690	2	71.3208	3
1172.62870	587.32165	2	73.6814	2
1172.62980	587.32220	2	65.9354	2
1172.64020	587.32735	2	70.9519	2
1173.50000	587.75730	2	60.4210	1
1173.58840	587.80145	2	46.3649	2
1173.61520	587.81490	2	85.2030	1
1174.06685	588.04070	2	33.7119	4
1174.51130	588.26290	2	43.2961	2
1174.54930	588.28190	2	32.0470	1
1174.56255	588.28855	2	53.9359	2
1175.53660	588.77560	2	44.1768	1
1175.57375	588.79415	2	60.5213	2
1175.62035	588.81745	2	41.5273	2
1175.65730	588.83590	2	58.9045	1
1176.50420	589.25940	2	31.8459	1
1176.58130	589.29790	2	52.6746	2
1177.63510	589.82485	2	66.1206	2
1177.65720	589.83590	2	90.0209	2
1177.66170	589.83810	2	84.6014	1
1178.51770	590.26615	2	38.0167	2
1178.54575	590.28015	2	47.7294	2
1178.57065	590.29260	2	29.2849	2
1179.54470	590.77960	2	42.1076	1
1180.52390	591.26925	2	62.3623	2
1180.59760	591.30610	2	64.5979	2
1180.70740	591.36100	2	85.5462	2
1181.65170	591.83315	2	54.5990	2
1182.54195	592.27825	2	74.7690	2
1182.58740	592.30100	2	72.3618	1
1182.60470	592.30960	2	71.2455	2
1182.62400	592.31925	2	72.3200	2
1182.66515	592.33985	2	58.2802	2
1182.67935	592.34695	2	78.4724	2
1183.62180	592.81820	2	50.6293	2
1184.58720	593.30085	2	61.0605	2
1184.60460	593.30955	2	50.0187	2
1185.57530	593.79495	2	86.0456	2
1185.57810	593.79630	2	36.1138	1
1185.64095	593.82775	2	79.0702	2
1185.65095	593.83275	2	63.9999	2
1186.54570	594.28015	2	45.0268	2
1186.65630	594.33540	2	46.7917	2
1187.59005	594.80230	2	49.4416	2
1187.59720	594.80585	2	65.2604	2
1187.62300	594.81875	2	77.2167	2
1187.70255	594.85855	2	80.3210	2
1187.70300	594.85880	2	87.7923	2
1188.58890	595.30170	2	41.9716	2
1188.59970	595.30710	2	45.8174	2
1188.61640	595.31545	2	50.2261	2
1188.66060	595.33760	2	60.7733	2
1189.54025	595.77740	2	78.4491	2
1189.63805	595.82630	2	51.8743	2
1189.64620	595.83040	2	69.8162	2
1189.67175	595.84315	2	74.0884	2
1190.56065	596.28760	2	54.9316	2
1190.60060	596.30755	2	64.1178	2
1191.61410	596.81430	2	57.4514	2
1191.66575	596.84015	2	82.2001	2
1192.52875	597.27165	2	46.1405	2
1192.59830	597.30645	2	55.6972	2
1192.61630	597.31540	2	66.2835	2
1192.66370	597.33910	2	86.7861	2
1193.61550	597.81505	2	38.0269	2
1193.63365	597.82410	2	67.5942	2
1193.67010	597.84230	2	89.8000	2
1194.51115	598.26285	2	30.5815	2
1195.61110	598.81280	2	60.2391	2
1196.54935	599.28195	2	44.9669	2
1196.57215	599.29335	2	34.8894	2
1196.65070	599.33265	2	48.6637	2
1197.54650	599.78050	2	77.7890	2
1197.57020	599.79235	2	52.0601	2
1197.57590	400.19925	3	35.1049	2
1197.59310	599.80380	2	63.1268	2
1197.62400	599.81930	2	59.6526	1
1197.69685	599.85570	2	74.9834	2
1198.61920	400.54700	3	51.8768	2
1198.65585	400.55920	3	40.2239	2
1198.65595	600.33525	2	40.2870	2
1199.54660	600.78055	2	54.5371	2
1200.61895	401.21360	3	41.6757	2
1200.62295	601.31875	2	58.8153	2
1200.62580	601.32015	2	41.6462	2
1200.64670	601.33065	2	51.9318	2
1200.65140	601.33300	2	79.4272	2
1201.09030	601.55245	2	42.3978	4
1201.59890	601.80670	2	65.8151	2
1201.60905	401.54360	3	47.1395	2
1201.60950	601.81205	2	47.2296	2
1201.62055	601.81755	2	74.6462	2
1201.63085	601.82270	2	36.2329	2
1201.63090	401.55090	3	35.6432	2
1201.66740	601.84100	2	46.2597	1
1201.66775	601.84115	2	56.4385	2
1202.58885	602.30170	2	39.8483	2
1202.60465	401.87545	3	48.1079	2
1202.60540	602.31000	2	48.1926	2
1202.64160	401.88780	3	38.6936	2
1202.64415	602.32935	2	38.6573	2
1202.65090	602.33275	2	64.6896	2
1203.59860	602.80660	2	41.0654	2
1203.61640	602.81545	2	57.6346	2
1203.67120	602.84285	2	51.4192	2
1204.48200	603.24830	2	41.8811	2
1204.58420	603.29935	2	52.4653	2
1204.60160	603.30810	2	56.3761	1
1204.60870	603.31165	2	56.7827	2
1204.61240	603.31350	2	79.8868	1
1204.61280	603.31370	2	92.5661	2
1204.65685	402.55955	3	47.7191	2
1204.65690	603.33570	2	47.6996	2
1205.56465	402.86215	3	59.2511	2
1205.56510	603.78980	2	59.3324	1
1205.59200	402.87130	3	59.0219	2
1205.62875	603.82165	2	56.1394	2
1205.64070	603.82765	2	54.1278	2
1205.71335	402.91170	3	64.9116	2
1205.71440	603.86445	2	64.9759	2
1206.59600	604.30525	2	60.7416	2
1206.60780	604.31115	2	72.5727	2
1206.62455	604.31955	2	64.2556	2
1206.66000	604.33730	2	88.3876	1
1207.57250	604.79355	2	62.3318	2
1207.57570	403.53250	3	37.6691	1
1207.62450	604.81955	2	72.2570	2
1207.66130	604.83790	2	88.1875	1
1207.67090	604.84270	2	84.2460	1
1207.76675	604.89065	2	80.6490	2
1208.59430	605.30445	2	82.6210	2
1208.60425	605.30940	2	68.1577	2
1209.58850	605.80150	2	47.7858	2
1210.56080	606.28770	2	46.3315	2
1210.58690	606.30070	2	76.7388	1
1210.59915	606.30685	2	62.9086	2
1210.74090	606.37770	2	70.5894	2
1211.59770	606.80610	2	62.0661	1
1211.61930	606.81690	2	77.8773	2
1211.62615	404.88265	3	35.0773	2
1211.65185	606.83320	2	48.3198	2
1211.65230	404.89140	3	48.2240	2
1212.53220	405.18470	3	51.3777	1
1212.56700	405.19625	3	27.8053	2
1213.64605	405.55595	3	53.4553	2
1213.66790	607.84120	2	47.9952	2
1213.67075	405.56420	3	81.7147	2
1213.67330	607.84390	2	81.7421	1
1214.59780	608.30620	2	63.3158	1
1214.70270	608.35860	2	62.8483	2
1215.59925	608.80690	2	50.0399	2
1215.64755	608.83105	2	60.0138	2
1215.65085	608.83270	2	82.6591	2
1215.68140	406.23440	3	34.2727	2
1215.68255	608.84855	2	34.3085	2
1216.57595	609.29525	2	48.7179	2
1216.57655	609.29555	2	38.8890	2
1216.62315	609.31885	2	54.8414	2
1216.65680	609.33570	2	69.6555	2
1216.72520	609.36990	2	85.5935	2
1217.56335	609.78895	2	69.9484	2
1217.60790	609.81120	2	57.3945	2
1217.61025	609.81240	2	75.7080	2
1217.67700	406.89960	3	68.0749	2
1218.66540	610.33995	2	83.0825	2
1219.61160	610.81310	2	49.4047	2
1219.71700	610.86580	2	86.5034	1
1220.64100	611.32780	2	54.1614	2
1220.64145	611.32800	2	78.0591	2
1221.13345	611.57400	2	50.0508	4
1221.59820	611.80640	2	58.6410	2
1221.60940	408.21040	3	30.6774	2
1221.61060	611.81260	2	30.7987	1
1221.63590	611.82520	2	56.3352	3
1222.57015	408.53065	3	30.1647	2
1223.54245	612.77850	2	46.2990	2
1223.62675	612.82065	2	35.5587	2
1223.65070	408.89085	3	47.5555	2
1223.71460	612.86460	2	79.2495	7
1224.62405	613.31930	2	68.2565	2
1224.62810	409.21665	3	53.7781	2
1224.62895	613.32175	2	53.7204	2
1224.65760	613.33610	2	36.6745	2
1224.65795	409.22655	3	36.4214	2
1224.68335	613.34895	2	43.1998	2
1225.67260	613.84360	2	69.0524	2
1226.69925	614.35690	2	59.0031	2
1226.70695	614.36075	2	81.1889	2
1227.65710	614.83580	2	58.6167	2
1227.66115	410.22765	3	70.1509	2
1227.66150	614.83800	2	70.0391	2
1227.67290	614.84370	2	67.9876	3
1227.68220	614.84835	2	64.4740	2
1227.68300	410.23495	3	49.6414	2
1228.73950	615.37705	2	82.4623	2
1229.55825	615.78640	2	41.3771	2
1229.61180	615.81320	2	78.6790	2
1229.61875	615.81665	2	49.5758	2
1229.62620	615.82040	2	44.9610	1
1229.65070	410.89085	3	47.3133	2
1229.65130	615.83295	2	47.4119	2
1229.73820	410.92000	3	58.7882	2
1230.55750	411.19310	3	32.7292	2
1230.58470	616.29965	2	41.5200	2
1230.58855	411.20345	3	34.8216	2
1230.58860	616.30155	2	59.7499	2
1230.62100	616.31775	2	48.5457	2
1230.63920	616.32685	2	78.7544	2
1230.65750	616.33600	2	41.2419	2
1230.66175	616.33815	2	82.6156	2
1231.58695	616.80075	2	36.1578	2
1231.62440	616.81945	2	54.7845	2
1231.62590	616.82025	2	87.5822	2
1231.65590	616.83520	2	60.3949	2
1231.66080	411.56090	3	56.8296	1
1231.69265	411.57150	3	57.7936	2
1232.57350	617.29400	2	33.6880	1
1232.60655	617.31055	2	45.8820	2
1233.60325	412.20835	3	79.8917	2
1233.60925	617.81190	2	50.1601	2
1233.61100	617.81280	2	61.9739	1
1233.62085	617.81770	2	43.7508	2
1233.66110	617.83785	2	57.0165	2
1234.56930	412.53035	3	40.3495	2
1234.59745	618.30600	2	35.0189	2
1234.65430	618.33440	2	64.0365	1
1235.60670	618.81065	2	39.6442	2
1235.60705	412.87625	3	39.6143	2
1235.64800	618.83130	2	48.9148	2
1235.65060	412.89080	3	48.8453	2
1235.66925	412.89700	3	57.9189	2
1235.67010	618.84230	2	57.9768	2
1235.69880	412.90685	3	52.7390	2
1236.56335	619.28895	2	47.9977	2
1237.63465	413.55215	3	37.4900	2
1237.63550	619.82500	2	37.5599	2
1237.64585	619.83020	2	63.9263	2
1237.73970	413.58720	3	67.7780	1
1237.74035	619.87745	2	67.6212	2
1239.59210	620.80330	2	58.5020	2
1239.59590	414.20590	3	35.4766	2
1239.66860	620.84160	2	47.5042	3
1239.68275	620.84865	2	75.1075	2
1239.72030	620.86740	2	73.9288	2
1240.58720	414.53635	3	36.0347	2
1240.61740	621.31600	2	60.4156	1
1240.70405	621.35930	2	90.7884	2
1241.59295	621.80375	2	71.0177	2
1241.62080	621.81770	2	83.3280	1
1241.66490	621.83975	2	61.8297	2
1241.71190	621.86320	2	87.6486	1
1241.77490	621.89470	2	77.3170	2
1241.77570	414.93250	3	77.2485	2
1242.63695	622.32575	2	43.8975	2
1242.63705	415.21965	3	43.8611	2
1242.64450	622.32950	2	54.6218	1
1244.54185	623.27820	2	52.1569	2
1244.56805	623.29130	2	46.2366	2
1244.61175	415.87785	3	33.5278	2
1244.63355	623.32405	2	66.0027	2
1244.67265	415.89815	3	36.4577	2
1244.67335	623.34395	2	75.2390	2
1245.62150	623.81805	2	47.0301	2
1245.62180	416.21450	3	46.9589	2
1245.64010	623.82730	2	62.5754	1
1245.65070	623.83260	2	81.5251	2
1245.66015	623.83735	2	42.9511	2
1245.67250	416.23145	3	54.3514	2
1245.67550	623.84500	2	42.1088	2
1246.61305	416.54495	3	54.0963	2
1246.65025	416.55735	3	66.8287	2
1246.69270	624.35360	2	72.1617	2
1248.62020	625.31740	2	57.5951	1
1248.67190	625.34325	2	60.6126	2
1248.67260	625.34360	2	62.9354	1
1249.63110	625.82285	2	56.9552	2
1249.65455	625.83455	2	63.7011	2
1249.65610	625.83535	2	82.6861	2
1250.72855	626.37155	2	87.4798	2
1251.66165	626.83810	2	74.5233	2
1251.66400	418.22860	3	49.5374	1
1252.74030	627.37740	2	78.8444	2
1252.75040	418.59070	3	65.5400	1
1252.77770	627.39610	2	91.1437	1
1253.55965	627.78710	2	65.9736	2
1253.63025	418.88405	3	31.9776	2
1253.63170	627.82310	2	32.1365	1
1254.58885	628.30170	2	68.0775	2
1254.59970	628.30710	2	79.9265	2
1254.72955	628.37205	2	68.9796	2
1254.73000	628.37230	2	39.7649	2
1254.73075	419.25085	3	39.7012	2
1254.73395	419.25190	3	51.6351	2
1255.58455	628.79955	2	42.6560	2
1255.62630	628.82040	2	92.5792	2
1255.62770	628.82115	2	69.6846	2
1255.65640	419.55940	3	52.9761	2
1255.66865	628.84160	2	73.5504	2
1255.67900	628.84680	2	50.4405	2
1255.70235	628.85845	2	68.7909	2
1255.71355	419.57845	3	64.8456	2
1256.60695	629.31075	2	58.3834	2
1256.61095	629.31275	2	49.7549	2
1256.61275	629.31365	2	89.0735	2
1256.67940	629.34700	2	55.2484	5
1256.69790	419.90655	3	46.7113	2
1256.69795	629.35625	2	46.6804	2
1256.70550	629.36005	2	96.4701	2
1257.64690	420.22290	3	41.8435	1
1257.64930	629.83195	2	41.7669	2
1258.59870	630.30665	2	80.7253	2
1258.67690	630.34575	2	66.8630	2
1258.68935	630.35195	2	51.6898	2
1258.76430	630.38945	2	86.6213	2
1259.57320	420.86500	3	35.3401	1
1259.63415	630.82435	2	74.7914	2
1259.63620	630.82535	2	57.5450	2
1259.66065	630.83760	2	58.1353	2
1260.57765	631.29610	2	35.5344	2
1260.58840	631.30150	2	41.8205	2
1260.67200	631.34330	2	56.4759	2
1261.57855	631.79655	2	50.2969	2
1261.62285	421.54825	3	39.6818	2
1261.67090	421.56420	3	37.1883	2
1261.74410	631.87935	2	94.9612	2
1262.60750	421.87645	3	45.5471	2
1263.61965	422.21380	3	32.7211	2
1263.62020	632.81740	2	32.7587	2
1263.62990	632.82220	2	56.0395	2
1263.67430	632.84440	2	88.3881	2
1263.68360	632.84910	2	66.2755	2
1264.64760	422.55645	3	60.4631	2
1264.64820	633.33140	2	60.5722	1
1264.77420	633.39435	2	92.7183	2
1265.61080	422.87750	3	30.0676	1
1265.68950	633.85200	2	50.8550	2
1266.56365	634.28910	2	45.2361	2
1266.57240	634.29350	2	40.5752	1
1266.60075	634.30765	2	59.4184	2
1266.61050	423.21080	3	61.8134	1
1266.62045	423.21410	3	37.1216	2
1266.62060	634.31760	2	37.1190	1
1266.62485	634.31970	2	70.1163	2
1267.56690	423.52960	3	34.5258	1
1267.64930	634.83190	2	81.6764	2
1267.68880	634.85165	2	48.9099	2
1268.61405	423.87860	3	52.5245	2
1268.66305	423.89495	3	50.1028	2
1268.66370	635.33915	2	50.1602	2
1268.69950	635.35705	2	69.2758	2
1269.62510	635.81985	2	79.9594	2
1269.62650	635.82055	2	63.0437	2
1269.65230	424.22470	3	66.4863	2
1269.65780	635.83620	2	46.0536	2
1269.65850	424.22675	3	46.0240	2
1269.70405	635.85930	2	62.3854	2
1269.72970	635.87215	2	77.6816	2
1270.65250	636.33350	2	42.7809	2
1270.69955	424.57380	3	61.4706	2
1270.72860	636.37155	2	91.6038	2
1271.56485	424.86220	3	77.0054	2
1271.61870	636.81660	2	54.8925	1
1271.62220	636.81840	2	59.1455	1
1271.68805	424.90330	3	59.5043	2
1271.69120	636.85285	2	63.6121	2
1271.71090	636.86270	2	70.9680	1
1271.76165	636.88810	2	81.5455	2
1272.65820	637.33640	2	46.9301	1
1272.69335	637.35395	2	64.0832	2
1273.63460	637.82460	2	73.1473	1
1273.65595	637.83525	2	65.9303	2
1273.66935	637.84195	2	64.5319	2
1273.67805	637.84630	2	85.8486	2
1273.72175	637.86815	2	69.7189	2
1274.62955	425.88380	3	45.2009	2
1274.64510	638.32980	2	84.3136	2
1274.65210	638.33330	2	76.4641	2
1274.66110	638.33780	2	68.5038	3
1275.54170	638.77810	2	44.3948	2
1275.57235	638.79345	2	60.2097	2
1275.69385	426.23855	3	62.2076	2
1276.60890	426.54360	3	66.3077	1
1276.63380	639.32415	2	76.7773	2
1276.65300	639.33380	2	89.4584	2
1276.66620	639.34040	2	57.6704	2
1276.67480	639.34470	2	85.6127	2
1276.70385	639.35920	2	71.6049	2
1276.70475	639.35965	2	77.9470	2
1277.67280	639.84365	2	68.2927	2
1277.68680	426.90290	3	75.5124	2
1277.68810	639.85135	2	75.3835	2
1278.12590	640.07020	2	61.8289	4
1278.65005	640.33230	2	84.4500	2
1279.62550	640.82000	2	63.1538	1
1279.69655	427.57280	3	53.3133	2
1280.57750	641.29605	2	80.5834	2
1280.59970	427.87385	3	36.7594	2
1280.74460	641.37960	2	87.5192	1
1281.55750	641.78600	2	38.9843	2
1281.60960	428.21050	3	35.6458	1
1281.61140	641.81295	2	35.5669	2
1281.70515	428.24230	3	40.8253	2
1282.57490	642.29470	2	71.2560	2
1282.58685	642.30070	2	61.1172	2
1283.61630	642.81545	2	70.1378	2
1283.65180	642.83315	2	65.0365	2
1283.65940	642.83700	2	85.1977	1
1283.70770	428.90980	3	43.5789	2
1283.72175	428.91455	3	42.9110	2
1283.73420	642.87440	2	77.6245	2
1284.61520	429.21235	3	39.5068	2
1284.62405	643.31930	2	90.6560	2
1284.69405	643.35430	2	77.3170	2
1284.70325	429.24165	3	42.2837	2
1284.70405	643.35930	2	68.5715	2
1284.72730	643.37095	2	83.2394	2
1285.66420	643.83940	2	42.7137	2
1285.72510	429.58230	3	45.2950	2
1286.17415	644.09435	2	85.4355	4
1286.64375	429.88855	3	68.1925	2
1286.68450	644.34955	2	84.8910	2
1286.69810	644.35635	2	67.7776	2
1286.78505	644.39980	2	85.8433	2
1287.62960	644.82205	2	84.4183	2
1287.68360	644.84910	2	73.1693	1
1288.59125	645.30290	2	44.0187	2
1288.60580	645.31020	2	63.3926	2
1288.66225	645.33840	2	45.4462	2
1288.68425	645.34940	2	66.6998	2
1288.72320	645.36885	2	83.6936	2
1288.74005	645.37730	2	75.2364	2
1289.58900	645.80180	2	35.8237	1
1289.59160	430.87115	3	35.7656	2
1289.62775	645.82115	2	88.6808	2
1289.62940	645.82200	2	62.2033	3
1289.64735	645.83095	2	49.0084	2
1290.65810	646.33630	2	54.1882	2
1291.57895	646.79675	2	44.2156	2
1291.60625	646.81040	2	50.7864	2
1291.66555	646.84005	2	59.6301	2
1292.66040	431.89405	3	61.5919	2
1293.62385	647.81920	2	54.8972	2
1294.60515	648.30985	2	46.1856	2
1294.62225	648.31840	2	67.8796	2
1294.73340	648.37395	2	82.4974	2
1294.79760	432.60645	3	67.2428	2
1295.72465	648.86960	2	75.5851	2
1295.74550	648.88005	2	64.2080	2
1295.75640	432.92605	3	59.8127	2
1296.68285	649.34870	2	59.2583	2
1296.68290	433.23490	3	59.2916	2
1296.70345	649.35900	2	68.6357	2
1296.74160	649.37810	2	44.3439	3
1297.72620	433.58270	3	44.8450	2
1297.73650	649.87555	2	65.1019	2
1297.76100	433.59430	3	63.0734	2
1298.59435	433.87205	3	37.3318	2
1298.59440	650.30450	2	37.3682	2
1298.61080	433.87750	3	37.2659	1
1298.69495	650.35475	2	47.6361	2
1298.74470	650.37965	2	92.2421	2
1299.56890	650.79170	2	35.9050	2
1299.62920	650.82190	2	74.0185	1
1299.67950	650.84705	2	40.7085	2
1299.69390	650.85425	2	79.4525	2
1299.71480	650.86465	2	57.3582	2
1300.62370	651.31910	2	85.9812	2
1300.70370	651.35915	2	62.7733	2
1300.73945	651.37700	2	75.4795	2
1300.76145	651.38800	2	74.8362	2
1300.77525	651.39490	2	84.9551	2
1301.61080	651.81270	2	42.1614	2
1301.63580	434.88585	3	40.4014	2
1301.63790	651.82625	2	40.4365	2
1301.69910	651.85685	2	68.3254	2
1302.65965	652.33710	2	66.4427	2
1303.51530	652.76490	2	65.1959	2
1303.60670	652.81065	2	60.3718	2
1303.75210	652.88335	2	75.1750	2
1304.61150	653.31305	2	42.5141	2
1304.73445	653.37450	2	78.7257	2
1305.59520	436.20570	3	33.6101	1
1305.61615	436.21265	3	31.1926	2
1305.62545	653.82000	2	51.0337	2
1305.65870	653.83660	2	68.7251	1
1305.70555	653.86005	2	73.3660	2
1306.58320	436.53500	3	40.2291	2
1306.65285	436.55820	3	39.7458	2
1306.66785	654.34120	2	31.4842	2
1307.66320	654.83890	2	61.2224	1
1307.66400	654.83930	2	61.2509	1
1308.65755	655.33605	2	63.0019	2
1308.72040	655.36750	2	86.8572	2
1308.72170	437.24780	3	86.9224	2
1308.74185	655.37820	2	59.9301	2
1308.77780	655.39615	2	72.7948	2
1309.65320	655.83385	2	63.4805	2
1309.66190	437.56120	3	71.7807	1
1309.77285	655.89370	2	78.0673	2
1310.12325	656.06890	2	68.2200	4
1310.56030	656.28740	2	36.3175	1
1310.65220	437.89135	3	47.8160	2
1310.68215	656.34835	2	80.4165	2
1311.57135	656.79295	2	59.4398	2
1311.58390	656.79920	2	50.2364	2
1311.71530	656.86490	2	41.6368	1
1311.71635	438.24605	3	60.2420	2
1311.76605	656.89030	2	84.3619	2
1313.61410	657.81435	2	63.1665	2
1313.69330	438.90505	3	52.2211	2
1313.69380	657.85420	2	52.2852	2
1313.70295	657.85875	2	87.3528	2
1313.71950	438.91375	3	61.8616	2
1313.71980	657.86720	2	85.0156	2
1313.74610	438.92260	3	53.7127	1
1314.59885	439.20690	3	33.2147	2
1314.69715	658.35585	2	62.8399	2
1314.69835	658.35645	2	48.3430	2
1314.70280	439.24155	3	48.3354	2
1315.66170	658.83810	2	72.6572	1
1315.68240	658.84845	2	60.0532	2
1315.69860	658.85660	2	73.1746	1
1315.71050	658.86255	2	64.9110	2
1316.56400	659.28930	2	55.2895	1
1316.66735	659.34095	2	75.9785	2
1316.67550	439.89910	3	64.3749	2
1316.67590	659.34520	2	64.4329	1
1316.71360	659.36410	2	59.9328	2
1316.73515	659.37485	2	68.3641	2
1316.73560	659.37510	2	96.1466	2
1317.60995	440.21055	3	52.7650	2
1317.64265	659.82860	2	42.5769	2
1318.65925	660.33690	2	79.1397	2
1319.63210	660.82330	2	53.3951	1
1319.66160	660.83810	2	87.6038	1
1319.66575	440.89585	3	53.9037	2
1319.69210	660.85335	2	81.7744	2
1320.59665	661.30560	2	72.1939	2
1320.60780	661.31120	2	41.2596	1
1320.60970	661.31210	2	55.6758	2
1320.62415	441.21530	3	40.8814	2
1320.62435	661.31945	2	41.0103	2
1320.63550	441.21910	3	51.3195	2
1320.68490	661.34970	2	90.1651	5
1321.61625	661.81540	2	51.9469	2
1321.76485	661.88970	2	80.9950	2
1321.76490	441.59555	3	80.9272	2
1322.66685	662.34070	2	89.1070	2
1322.67240	662.34350	2	64.3477	2
1322.72605	662.37030	2	72.7062	2
1323.71970	442.24720	3	71.4083	2
1324.69205	663.35330	2	78.1202	2
1324.73250	663.37350	2	63.4403	1
1324.78310	442.60160	3	65.3290	2
1326.62130	664.31795	2	60.7337	2
1326.68900	443.23690	3	31.6069	2
1326.69140	664.35300	2	31.5855	2
1326.74080	664.37770	2	76.0356	1
1327.65230	443.55805	3	57.0739	2
1327.78765	664.90110	2	94.9878	2
1328.74585	443.92255	3	42.3509	2
1328.75305	443.92495	3	71.4706	2
1328.75360	665.38405	2	71.6129	2
1329.60675	665.81065	2	41.1775	2
1329.65370	665.83415	2	43.7227	2
1329.65390	665.83420	2	59.1194	1
1329.66815	444.22995	3	58.5233	2
1329.69335	665.85395	2	77.1641	2
1329.69390	444.23855	3	66.0081	2
1329.76430	665.88940	2	49.4845	1
1329.76560	665.89010	2	81.1879	1
1330.71320	666.36390	2	61.7588	2
1330.78060	666.39760	2	86.0486	2
1330.78195	444.60125	3	86.1768	2
1331.67695	666.84575	2	74.6408	2
1331.70900	666.86175	2	63.6474	2
1331.70925	666.86190	2	80.9190	2
1331.72875	666.87165	2	92.5106	2
1331.74590	666.88020	2	82.4543	2
1331.76765	666.89110	2	45.7580	2
1332.62290	445.21490	3	61.4048	1
1332.64680	667.33065	2	47.7641	2
1332.70330	667.35895	2	82.9420	2
1333.59455	667.80455	2	43.6469	2
1334.66155	445.89445	3	46.3483	2
1334.71900	668.36680	2	53.7824	2
1334.71955	445.91375	3	53.7151	2
1334.72445	668.36950	2	76.7116	2
1335.63860	668.82660	2	72.1144	2
1335.65010	668.83230	2	70.2327	1
1336.59775	669.30615	2	55.8444	4
1336.74765	446.58980	3	43.3535	2
1336.74815	669.38135	2	43.3590	2
1336.80845	669.41150	2	80.0260	2
1337.57250	669.79350	2	39.2779	3
1337.67200	669.84325	2	73.5672	2
1338.61315	670.31385	2	60.9914	2
1338.66785	447.22990	3	57.5450	2
1338.66805	447.22995	3	63.4108	2
1338.66830	670.34145	2	63.2596	2
1338.71460	447.24550	3	47.2656	2
1338.71865	670.36660	2	72.7218	2
1339.65280	670.83370	2	64.8108	2
1339.74560	447.58910	3	55.6733	2
1339.75390	670.88425	2	81.9733	2
1339.77125	447.59770	3	94.3496	2
1339.77270	670.89360	2	94.2474	3
1340.59910	671.30680	2	49.5200	2
1341.19860	671.60660	2	45.2118	4
1341.62350	671.81900	2	75.2963	2
1341.72705	448.24960	3	44.2262	2
1342.65185	448.55785	3	37.8895	2
1342.65190	448.55790	3	54.2226	2
1342.69310	672.35380	2	70.7092	1
1342.70915	448.57700	3	56.4182	2
1342.71110	672.36280	2	62.9782	2
1342.73475	448.58555	3	81.4597	2
1342.73520	672.37490	2	85.8035	9
1343.54690	448.85620	3	62.2801	1
1343.76630	448.92935	3	54.5321	2
1343.76720	672.89085	2	54.5455	2
1344.68230	673.34840	2	53.5605	2
1344.71495	673.36475	2	66.1902	2
1344.72985	449.25055	3	72.4517	2
1344.74260	449.25480	3	82.0066	1
1344.74370	673.37915	2	83.6730	2
1344.74620	449.25600	3	68.1738	2
1345.62160	673.81810	2	33.8189	1
1345.62220	449.54800	3	33.7592	2
1345.73130	673.87290	2	98.3680	1
1346.57870	674.29660	2	40.2923	2
1346.67370	674.34410	2	73.2574	2
1346.68250	674.34855	2	78.2500	2
1346.76690	449.92955	3	68.8230	2
1346.76820	674.39135	2	68.8655	2
1347.58025	674.79740	2	53.0970	2
1347.66445	674.83950	2	88.6381	2
1347.72115	674.86785	2	85.0628	2
1347.74600	674.88030	2	63.7681	2
1347.74710	450.25630	3	63.7113	2
1347.76475	450.26215	3	83.2831	2
1349.56960	675.79210	2	76.6107	1
1349.68305	675.84880	2	69.7513	2
1349.68540	675.85000	2	61.0877	2
1350.60960	676.31210	2	40.1709	2
1350.64245	676.32850	2	76.2634	2
1350.71560	676.36505	2	74.0230	2
1350.75150	676.38305	2	58.7019	2
1351.63840	451.55340	3	34.5590	2
1351.63905	676.82680	2	34.5665	2
1351.64240	676.82850	2	60.7652	2
1352.59670	451.87280	3	31.0955	1
1352.64100	677.32780	2	63.5532	1
1352.72905	451.91695	3	55.0902	2
1352.75630	677.38540	2	68.2352	2
1353.72465	677.86960	2	88.3660	2
1353.72630	677.87045	2	65.7746	2
1354.72915	678.37185	2	89.4476	2
1355.71620	678.86540	2	87.8427	1
1355.71630	678.86545	2	85.6485	2
1355.73065	678.87260	2	56.6311	2
1355.77905	678.89680	2	82.3269	2
1356.73615	679.37535	2	60.1677	2
1356.74850	453.25675	3	48.5922	2
1356.75075	679.38265	2	48.5969	2
1357.66340	679.83900	2	49.9193	2
1357.67285	679.84370	2	30.7062	2
1357.67355	453.56510	3	30.5185	2
1357.74500	453.58895	3	58.4917	2
1357.74665	679.88060	2	58.5522	2
1358.15435	453.72540	3	51.6768	4
1358.65815	680.33635	2	89.0164	2
1358.66145	680.33800	2	56.9458	2
1358.66820	453.89665	3	45.8713	2
1358.66820	680.34140	2	45.9025	1
1358.67830	453.90005	3	38.9461	2
1358.67855	680.34655	2	38.9566	2
1358.74255	680.37855	2	82.9839	2
1358.75645	680.38550	2	92.7459	2
1359.68240	680.84850	2	67.3366	2
1359.68865	454.23685	3	38.6626	2
1359.83620	454.28600	3	56.9450	1
1360.58620	454.53600	3	34.2026	2
1361.66850	681.84150	2	40.6516	2
1361.67180	681.84315	2	67.0242	2
1361.72130	681.86790	2	68.9739	1
1361.72410	681.86930	2	71.7311	2
1362.55870	682.28660	2	50.4035	3
1362.59050	682.30255	2	48.6662	2
1362.71600	682.36530	2	87.9602	1
1362.71790	682.36620	2	72.3116	1
1362.72170	682.36810	2	83.6300	2
1362.72790	682.37120	2	57.4870	2
1363.65765	682.83610	2	63.0998	2
1363.68550	682.85000	2	73.0762	1
1363.69075	455.57085	3	45.3211	2
1363.69210	682.85330	2	45.4408	1
1364.59290	683.30370	2	51.3404	1
1364.63980	683.32720	2	64.5695	2
1364.65505	683.33480	2	76.9971	2
1364.66925	683.34190	2	45.1133	2
1364.67480	683.34470	2	83.8714	2
1364.68425	683.34940	2	61.4785	2
1364.72005	683.36730	2	64.9812	2
1364.73530	683.37495	2	69.5285	2
1365.66620	683.84035	2	84.5566	2
1365.67895	683.84675	2	55.9455	2
1365.67975	456.23385	3	55.8824	2
1366.73280	456.58490	3	36.8279	1
1366.75935	456.59370	3	36.9397	2
1367.54590	684.78020	2	33.6374	3
1367.65435	456.89205	3	51.5374	2
1367.67310	456.89830	3	50.3480	1
1367.68795	456.90325	3	51.8101	2
1367.68930	684.85195	2	51.9107	2
1367.71290	684.86370	2	71.8574	2
1367.76605	684.89030	2	83.4744	2
1367.77720	684.89585	2	75.3327	2
1368.64715	457.22300	3	67.7534	2
1368.75150	685.38300	2	74.8541	1
1368.79810	457.27330	3	64.1704	1
1368.79830	457.27340	3	64.1126	1
1369.67435	457.56540	3	52.2473	2
1369.79330	685.90395	2	54.7265	2
1370.28545	457.76910	3	55.0862	4
1370.72290	686.36875	2	79.3363	2
1370.81920	686.41690	2	94.7862	2
1371.68350	686.84900	2	73.6200	2
1371.73465	458.25215	3	49.6653	2
1372.58340	687.29900	2	63.8188	1
1372.68570	687.35010	2	66.3468	2
1372.71640	458.57940	3	54.4839	1
1373.68960	458.90380	3	38.0760	1
1373.73950	458.92040	3	71.0070	1
1373.74100	687.87780	2	70.9464	2
1373.75245	687.88350	2	57.0161	2
1374.68765	688.35110	2	47.8838	2
1374.68910	459.23695	3	47.8683	2
1374.71020	688.36235	2	73.4972	2
1374.76220	459.26135	3	77.9079	2
1374.76300	688.38875	2	77.9672	2
1374.78775	688.40115	2	84.2514	2
1375.71390	459.57855	3	76.3363	2
1376.71100	689.36275	2	89.5179	2
1376.71905	689.36680	2	65.2295	2
1376.73035	459.91740	3	49.9596	2
1376.84975	459.95715	3	66.5084	2
1377.67195	689.84325	2	83.0743	2
1377.67700	689.84580	2	75.6726	2
1377.68825	460.23670	3	33.0677	2
1377.69195	460.23795	3	88.2239	2
1377.69760	689.85610	2	87.9778	3
1378.23330	690.12390	2	84.6838	4
1378.55545	690.28500	2	43.0786	2
1378.69870	690.35665	2	59.9603	2
1378.75685	690.38570	2	94.4462	2
1379.76625	460.92935	3	72.7621	2
1379.76640	690.89050	2	72.8199	1
1379.77085	690.89270	2	80.0845	2
1380.79930	691.40690	2	76.6270	2
1381.67425	691.84440	2	66.2888	2
1381.74605	691.88030	2	73.6534	2
1382.65155	692.33305	2	76.5542	2
1382.76075	692.38765	2	77.5612	2
1383.54020	692.77740	2	26.6267	2
1383.67910	462.23365	3	43.3334	2
1384.66340	693.33895	2	55.9798	2
1384.73440	462.58540	3	64.1602	2
1384.75340	693.38400	2	83.6901	1
1385.73515	693.87485	2	75.1667	2
1385.75280	693.88370	2	62.3006	2
1387.68765	694.85110	2	82.3674	2
1387.69465	694.85460	2	56.6623	2
1387.72725	463.58300	3	83.7609	2
1387.72775	694.87115	2	83.7691	2
1388.55660	695.28560	2	55.1920	1
1388.70555	695.36005	2	52.2264	2
1389.73440	695.87450	2	87.3861	2
1389.75280	695.88370	2	88.5421	1
1390.70890	464.57690	3	35.6056	1
1390.75725	464.59305	3	67.7185	2
1391.69240	464.90470	3	60.4549	2
1391.69370	696.85410	2	60.3904	2
1391.70485	696.85970	2	52.8592	2
1392.61695	465.21295	3	59.2140	2
1392.66785	697.34120	2	63.2240	2
1392.87210	697.44335	2	83.8305	2
1393.64370	697.82915	2	68.4463	2
1393.65160	697.83310	2	71.0067	2
1393.67810	697.84630	2	70.4892	2
1393.69210	697.85330	2	82.2662	2
1393.70305	465.57495	3	55.5717	2
1393.70425	697.85940	2	77.2801	2
1394.55015	698.28235	2	36.8256	2
1395.65225	698.83340	2	58.2181	2
1395.71130	466.24435	3	40.1378	2
1395.71240	698.86350	2	40.1182	2
1396.67950	699.34705	2	77.0895	2
1396.80425	699.40940	2	66.4145	2
1397.60255	466.87480	3	46.6751	2
1397.60550	699.81000	2	46.6386	1
1397.71745	699.86600	2	51.2897	2
1397.78640	466.93610	3	65.4753	1
1397.79675	699.90565	2	79.3903	2
1398.62705	700.32080	2	52.4073	2
1398.73650	467.25275	3	50.8496	2
1398.77305	700.39380	2	63.8698	2
1399.69530	700.85495	2	54.3770	2
1399.69920	467.57365	3	48.3766	2
1401.57160	701.79305	2	42.6686	2
1401.71120	701.86290	2	42.2943	2
1401.71240	468.24475	3	42.2235	2
1401.76325	701.88890	2	80.4731	2
1402.75085	702.38270	2	76.8715	2
1403.63130	702.82295	2	55.1103	2
1403.63970	702.82710	2	60.6237	2
1403.74120	468.92100	3	69.3278	1
1403.74125	468.92105	3	40.7581	2
1403.74125	702.87790	2	40.7981	2
1403.74145	702.87800	2	69.1833	2
1404.72950	703.37200	2	75.5579	1
1404.79875	703.40665	2	67.9090	2
1405.65140	703.83300	2	55.9716	2
1406.66260	469.89480	3	51.6603	1
1406.71575	704.36515	2	74.5477	2
1407.72335	470.24840	3	49.7210	2
1407.72520	704.86990	2	49.7849	2
1407.78435	470.26875	3	60.1081	2
1407.78480	470.26890	3	66.0988	2
1408.65135	705.33295	2	77.4120	2
1408.66275	705.33865	2	70.4246	2
1408.66885	705.34170	2	39.2877	2
1409.68710	705.85085	2	68.4594	2
1409.73930	470.92040	3	49.1081	2
1410.70085	706.35770	2	55.5137	2
1410.72455	471.24880	3	50.3589	2
1410.77190	471.26460	3	57.2947	2
1411.66020	706.83740	2	48.0905	3
1411.67405	706.84430	2	72.3901	2
1411.71680	471.57955	3	69.9882	2
1411.82770	471.61650	3	72.6981	2
1411.82955	706.92205	2	72.6332	2
1412.64455	707.32955	2	89.1399	2
1412.77570	707.39515	2	50.9725	2
1412.81390	707.41420	2	82.8523	2
1412.82465	471.94880	3	75.0825	2
1412.83835	707.42645	2	66.7078	2
1412.83885	471.95355	3	66.6384	2
1413.67480	707.84470	2	37.5517	2
1413.76505	472.26230	3	61.5832	2
1413.76670	707.89060	2	61.4115	2
1414.72570	708.37010	2	60.6074	1
1414.72970	472.58380	3	47.3478	2
1414.73140	708.37300	2	47.4038	2
1414.73160	708.37310	2	81.6546	2
1415.64925	708.83190	2	92.6028	2
1415.69025	708.85240	2	57.7246	2
1415.72700	708.87080	2	45.9372	2
1415.76275	472.92815	3	40.3249	2
1416.72510	709.36985	2	64.7425	2
1416.72515	473.24900	3	65.4254	2
1416.78090	473.26755	3	58.8230	2
1417.66310	709.83880	2	68.2873	1
1417.66925	709.84190	2	55.2946	2
1417.67980	473.56720	3	46.7016	2
1417.71005	709.86230	2	74.1173	2
1418.70955	710.36205	2	57.9481	2
1418.70970	710.36210	2	80.3797	2
1419.66470	710.83960	2	57.2289	2
1419.70015	474.24065	3	51.1883	2
1419.70070	710.85760	2	51.2288	2
1419.75495	474.25890	3	51.4403	2
1419.81380	710.91415	2	81.0835	2
1420.65025	711.33240	2	46.7586	6
1420.73140	474.58440	3	48.5630	1
1421.80270	474.94150	3	63.5368	1
1422.59540	475.20575	3	36.8666	2
1422.59620	712.30540	2	36.9348	1
1422.67470	475.23220	3	40.7412	2
1422.68630	712.35045	2	65.5423	2
1422.75240	712.38345	2	78.6234	2
1423.67070	712.84265	2	82.2429	2
1424.66060	713.33760	2	68.2032	2
1424.72010	713.36735	2	66.8925	2
1425.67160	713.84310	2	73.6075	1
1425.80985	713.91220	2	73.8022	2
1425.82060	476.28080	3	62.2634	2
1426.78935	476.60370	3	43.2319	2
1427.64290	714.82870	2	46.2665	2
1427.72655	714.87055	2	52.7054	2
1427.72680	476.91620	3	52.8784	1
1427.79760	476.93980	3	57.4890	1
1427.79885	714.90670	2	82.7488	2
1428.71090	477.24425	3	45.9397	2
1428.78250	477.26810	3	76.6534	2
1428.78380	715.39920	2	76.7125	1
1429.75120	715.88290	2	63.6660	2
1429.75730	477.59300	3	59.9701	3
1429.75735	715.88595	2	60.0477	2
1429.76140	715.88800	2	51.7559	2
1429.80195	715.90825	2	97.3838	2
1430.72510	716.36980	2	88.5121	1
1430.73850	477.92010	3	50.7244	2
1431.28470	716.64960	2	86.2464	4
1431.69180	716.85320	2	86.8165	1
1431.78745	478.26975	3	65.4540	2
1431.79910	716.90685	2	79.7649	2
1432.71660	478.57945	3	45.0531	2
1434.74785	718.38120	2	73.5839	2
1435.66145	718.83800	2	38.4709	2
1435.76740	718.89095	2	63.0330	2
1436.69345	479.90510	3	55.4556	2
1436.70310	479.90830	3	68.6223	1
1436.70355	719.35905	2	55.5507	2
1436.70365	719.35910	2	68.4487	2
1436.76275	479.92820	3	51.7056	2
1436.78780	479.93655	3	62.2440	2
1437.69380	719.85420	2	63.6797	2
1438.58810	480.53665	3	30.0508	2
1438.77140	720.39300	2	81.4834	1
1439.64600	720.83030	2	48.2717	1
1439.79900	720.90675	2	72.9196	2
1439.81340	720.91400	2	95.9100	1
1440.82065	721.41760	2	79.4133	2
1441.63230	721.82345	2	77.0053	2
1441.83275	721.92365	2	86.2154	2
1442.65010	722.33230	2	84.0571	2
1442.66845	722.34150	2	51.5678	2
1442.68840	722.35145	2	79.9592	2
1442.72880	481.91685	3	49.7004	2
1443.67395	722.84425	2	43.7592	2
1443.80890	722.91175	2	73.8366	2
1443.84615	722.93035	2	79.5394	2
1444.66760	723.34110	2	56.1606	2
1444.67795	723.34625	2	84.9605	2
1444.74225	723.37840	2	70.7088	2
1444.77000	482.59725	3	60.6796	2
1444.81255	723.41355	2	87.7347	2
1447.69420	724.85440	2	64.6479	3
1447.73900	724.87680	2	67.8584	3
1447.75600	483.59260	3	56.5615	2
1448.71320	725.36390	2	56.7743	2
1448.74475	725.37965	2	83.1816	2
1449.67680	725.84570	2	62.4211	2
1449.71470	725.86460	2	74.0495	1
1449.86665	484.29615	3	60.0825	2
1450.72540	726.37000	2	81.8128	2
1450.74070	726.37760	2	89.7746	2
1450.81780	484.61320	3	65.4804	2
1451.66415	484.89535	3	49.0435	2
1451.79670	484.93950	3	51.4761	2
1452.69730	727.35590	2	57.1226	1
1452.76905	485.26365	3	57.4145	2
1452.79900	727.40675	2	90.6241	2
1453.76090	727.88770	2	56.1189	1
1454.72925	728.37190	2	79.0474	2
1454.87215	728.44335	2	76.8139	2
1454.87220	485.96465	3	76.9054	2
1455.69825	486.24000	3	67.9171	2
1455.69995	728.85725	2	68.0124	2
1455.83865	728.92660	2	81.0076	2
1457.78780	486.93650	3	81.3411	2
1457.78980	729.90220	2	81.3965	2
1457.81325	729.91390	2	84.4927	2
1458.74685	487.25620	3	76.4295	2
1459.70430	730.85945	2	58.4994	2
1459.70905	730.86180	2	67.4311	2
1459.74465	730.87960	2	63.5793	2
1459.83945	487.62040	3	75.5442	2
1459.84180	730.92820	2	75.6068	2
1461.73930	731.87690	2	64.8733	1
1461.77230	731.89340	2	78.9391	1
1461.83950	488.28710	3	76.8012	2
1461.84025	731.92740	2	77.0721	2
1462.69435	732.35445	2	65.1358	2
1462.78005	732.39730	2	60.8115	2
1463.67495	488.89895	3	62.6754	2
1463.70890	488.91020	3	66.3467	2
1463.70985	732.86220	2	66.2200	2
1463.71075	732.86265	2	79.8604	2
1463.74065	488.92085	3	71.9925	2
1463.75030	732.88245	2	71.9870	2
1464.30130	489.10770	3	64.8026	4
1464.75005	489.25730	3	81.5804	2
1464.78590	489.26920	3	62.1721	2
1464.79390	733.40420	2	61.5551	2
1464.79510	733.40485	2	67.7239	2
1465.73440	733.87445	2	86.8193	2
1466.67795	734.34625	2	74.5312	2
1466.77410	489.93195	3	43.8922	2
1467.24430	734.62945	2	84.8006	4
1467.82170	490.28120	3	55.8124	3
1468.68730	735.35090	2	53.0282	2
1468.72060	735.36760	2	65.2837	1
1468.79730	735.40590	2	74.3172	2
1469.82950	490.95040	3	88.6978	1
1470.74715	491.25635	3	65.8714	2
1470.74890	491.25690	3	55.9115	2
1470.79980	736.40720	2	88.7732	2
1470.84695	736.43075	2	83.1494	2
1471.70915	736.86185	2	54.0314	2
1471.74150	736.87800	2	65.1594	1
1471.75720	491.59300	3	66.7923	2
1472.71575	491.91250	3	45.1214	2
1472.73645	491.91940	3	57.2842	2
1472.73770	737.37610	2	57.3810	2
1472.75070	491.92420	3	53.3161	1
1472.75560	737.38510	2	80.8811	1
1472.77570	491.93250	3	59.0320	2
1473.76265	492.26145	3	74.4312	2
1473.76290	492.26160	3	71.3197	2
1474.76890	738.39170	2	79.1072	2
1475.77385	492.93190	3	62.8092	2
1476.71055	739.36255	2	64.9708	2
1476.78490	739.39970	2	72.9342	2
1477.74225	739.87840	2	84.6210	2
1477.76140	739.88795	2	72.2239	2
1478.64120	740.32785	2	48.2486	2
1478.77825	740.39640	2	74.2514	2
1479.73880	740.87670	2	77.2725	1
1480.68945	494.57045	3	35.9298	2
1480.71725	741.36590	2	85.3297	2
1480.83715	494.61965	3	58.7386	2
1481.72640	494.91605	3	61.9956	2
1482.81235	742.41345	2	89.6311	2
1482.82990	742.42225	2	68.1388	2
1483.71365	495.57845	3	61.3539	2
1483.74665	495.58950	3	29.4018	2
1483.76365	742.88910	2	76.0788	2
1484.68295	743.34875	2	43.4486	2
1484.71610	743.36530	2	58.6980	1
1484.80920	743.41190	2	83.1494	2
1484.82110	495.94765	3	74.5481	2
1484.82265	743.41860	2	74.6101	2
1485.82370	743.91910	2	87.0376	1
1485.82575	496.28255	3	87.0176	2
1486.72005	496.58060	3	75.5744	2
1486.73540	744.37500	2	76.3598	3
1486.76425	744.38940	2	71.2128	2
1486.77770	496.59980	3	53.6764	1
1486.78230	744.39845	2	67.1165	2
1486.78245	496.60140	3	67.2204	2
1488.64825	745.33140	2	49.0435	2
1488.74390	745.37920	2	44.9885	1
1488.74500	497.25560	3	45.0303	1
1488.79505	497.27230	3	59.0950	2
1489.74545	745.88000	2	90.2236	2
1490.72660	497.91610	3	57.7716	1
1492.71015	747.36235	2	47.9080	2
1492.73790	498.58655	3	75.9121	2
1492.80815	498.60995	3	76.2798	2
1493.64930	498.89040	3	38.8266	2
1493.65210	747.83335	2	38.8375	2
1493.74840	747.88150	2	56.2190	2
1493.74850	498.92340	3	56.2660	1
1495.63425	499.55200	3	41.3046	2
1495.74215	499.58800	3	69.0167	2
1495.84065	748.92760	2	81.6129	2
1495.85590	499.62590	3	81.8798	2
1495.85825	748.93640	2	81.9518	2
1495.87175	499.63120	3	69.4341	2
1496.68750	749.35105	2	85.3461	2
1496.76320	499.92830	3	56.5404	2
1496.76460	749.38955	2	64.8787	2
1496.78565	749.40010	2	71.0824	2
1496.82460	749.41955	2	91.7876	2
1498.76230	750.38845	2	75.0143	2
1498.77880	750.39670	2	68.4529	2
1498.79990	500.60720	3	46.9596	1
1498.83520	500.61900	3	85.1487	1
1498.84255	750.42855	2	84.9578	2
1499.71420	500.91200	3	55.5720	2
1500.76565	501.26250	3	55.7653	2
1500.79500	751.40480	2	59.1609	2
1500.80130	501.27440	3	59.3076	2
1500.81595	501.27925	3	67.0506	2
1500.81640	501.27940	3	69.1042	1
1501.28605	751.65030	2	72.1722	4
1501.71700	751.86575	2	51.0638	2
1501.71730	501.57970	3	51.0044	2
1501.84400	501.62190	3	49.2049	2
1502.70210	501.90800	3	53.1283	1
1502.75345	752.38400	2	87.9302	2
1503.70660	502.24280	3	45.9777	2
1503.79455	752.90455	2	80.8599	2
1504.75135	502.59105	3	53.9173	2
1504.79850	753.40650	2	69.2340	1
1504.87705	502.63295	3	80.2494	2
1505.65285	502.89155	3	47.3208	2
1505.70910	502.91030	3	56.6571	2
1505.72705	502.91625	3	61.1792	2
1505.77090	753.89270	2	62.4776	1
1505.92395	753.96925	2	92.9924	2
1506.79480	754.40465	2	66.2120	2
1506.79560	754.40510	2	60.2770	2
1507.71430	503.57870	3	63.6419	2
1507.73200	503.58460	3	52.5144	1
1508.74245	503.92145	3	87.0260	2
1508.74380	755.37915	2	86.8919	2
1508.81270	503.94485	3	48.6849	2
1508.81405	755.41430	2	48.7282	2
1509.65850	504.22680	3	46.8798	2
1509.65950	755.83705	2	46.9710	2
1509.74760	504.25650	3	52.0989	2
1510.70720	756.36090	2	70.6213	2
1510.71335	504.57835	3	57.8245	2
1510.71445	756.36450	2	57.8548	2
1510.74540	756.38000	2	74.7074	2
1511.71685	756.86570	2	42.5219	2
1511.79045	756.90250	2	98.6571	2
1511.85745	756.93600	2	80.6637	2
1512.20750	505.07645	3	43.5221	4
1512.87660	757.44560	2	85.0846	2
1512.87685	505.29955	3	85.1206	2
1513.69620	757.85540	2	68.8544	2
1513.75085	757.88270	2	77.6244	2
1513.87320	757.94390	2	96.4277	2
1514.72310	505.91500	3	56.4417	2
1514.79895	758.40675	2	66.3834	2
1514.80055	758.40755	2	91.5126	2
1514.80460	505.94215	3	45.5079	2
1514.85680	758.43565	2	89.9466	2
1515.71815	506.24665	3	78.0044	2
1515.71885	758.86670	2	77.9305	2
1515.75280	506.25820	3	33.0357	2
1515.75415	758.88435	2	33.1135	2
1515.75660	758.88560	2	50.7710	1
1515.76310	758.88880	2	89.3182	2
1515.77015	506.26400	3	78.4091	2
1515.82230	758.91845	2	79.1688	2
1516.77800	759.39625	2	74.3949	2
1516.80055	506.60745	3	48.8878	2
1516.80100	759.40780	2	79.5702	2
1516.83625	759.42540	2	80.0179	2
1517.71640	506.91275	3	54.2993	2
1517.73790	759.87625	2	70.0118	2
1517.80920	759.91190	2	76.7070	1
1517.80985	506.94385	3	76.5285	2
1518.79575	760.40515	2	84.1277	2
1518.92490	507.31560	3	62.9379	2
1520.71970	761.36715	2	77.5667	2
1520.73610	761.37535	2	52.9417	2
1523.86845	508.96340	3	76.9012	2
1523.88280	762.94870	2	90.0090	2
1524.73960	763.37705	2	71.8851	2
1525.76710	509.59630	3	63.5042	1
1526.73295	509.91825	3	34.2725	2
1527.71025	510.24405	3	35.6030	2
1527.78880	764.90170	2	90.3108	1
1528.74110	765.37780	2	92.8561	1
1528.79930	765.40695	2	72.5195	2
1528.80895	510.61025	3	69.4933	2
1529.66090	510.89420	3	85.4741	1
1529.66425	765.83940	2	38.7130	2
1529.66430	510.89540	3	38.6959	3
1529.84140	510.95440	3	64.0803	1
1529.85745	510.95975	3	79.4216	2
1530.80360	511.27515	3	66.4533	2
1531.69805	511.57330	3	64.3367	2
1531.77490	766.89470	2	65.5812	2
1531.80070	766.90765	2	68.5210	2
1531.81820	766.91640	2	85.2478	1
1532.77370	767.39415	2	73.9090	2
1532.79785	767.40620	2	71.8601	2
1532.82105	767.41780	2	82.1344	2
1533.74345	512.25505	3	35.4400	2
1533.74635	767.88045	2	68.1279	2
1533.74705	512.25630	3	50.1960	2
1533.74780	767.88120	2	50.2731	1
1533.80025	767.90740	2	97.0455	2
1533.80640	767.91050	2	75.3427	3
1535.66990	512.89725	3	37.5231	2
1535.67915	768.84685	2	60.1135	2
1535.78450	512.93545	3	68.2615	2
1537.72075	513.58085	3	79.3562	2
1537.79610	769.90530	2	76.3869	1
1538.82295	513.94825	3	78.6973	2
1538.82440	770.41950	2	78.5588	2
1540.81980	514.61390	3	47.4532	1
1541.78665	514.93615	3	57.9143	2
1541.78940	771.90200	2	57.9999	1
1541.80330	514.94170	3	59.3012	1
1541.81765	771.91610	2	69.3971	2
1541.83120	771.92285	2	75.3213	2
1541.83155	514.95110	3	75.4163	2
1542.77160	515.26450	3	53.8455	2
1542.79130	772.40290	2	61.5079	2
1546.69880	774.35670	2	66.5191	2
1547.67265	774.84360	2	62.6160	2
1547.77380	516.93185	3	54.1086	2
1547.82075	774.91765	2	70.6484	2
1547.82525	516.94900	3	62.5155	2
1547.83155	516.95110	3	58.0629	2
1547.83220	774.92340	2	58.0671	2
1547.84020	774.92740	2	82.4114	1
1548.77785	517.26655	3	70.9165	2
1548.77870	775.39660	2	70.8779	2
1548.80120	517.27430	3	61.0254	2
1548.92430	775.46945	2	79.9887	2
1548.92650	517.31610	3	80.0625	1
1549.60120	775.80785	2	45.5777	2
1549.74030	775.87745	2	62.9488	2
1549.74535	517.58905	3	62.7787	2
1550.68875	517.90350	3	33.7215	2
1550.74185	517.92125	3	51.2897	2
1550.74640	776.38045	2	51.3564	2
1550.76955	517.93045	3	57.3212	2
1550.77015	776.39235	2	57.4018	2
1550.86240	776.43850	2	95.5192	1
1551.71605	518.24595	3	36.6349	2
1551.76870	776.89160	2	67.9657	1
1551.77615	518.26600	3	39.5294	2
1551.85045	776.93250	2	90.0202	2
1552.73500	518.58560	3	67.1161	2
1553.83245	518.95140	3	81.0178	2
1553.83590	777.92520	2	81.0732	1
1555.73900	778.87680	2	72.0615	2
1555.75105	519.59095	3	51.6947	2
1555.76300	519.59490	3	55.4401	1
1555.79105	778.90280	2	83.2088	2
1555.88325	519.63500	3	77.5872	2
1556.84110	779.42780	2	90.9667	1
1557.78335	779.89895	2	79.7124	2
1557.83115	520.28430	3	72.5195	2
1557.83520	779.92490	2	89.6253	1
1558.77530	780.39495	2	67.3687	2
1558.79690	780.40570	2	79.4755	1
1559.61215	780.81335	2	73.3430	2
1559.75180	520.92450	3	71.1816	2
1559.75975	520.92720	3	78.0922	2
1559.82045	780.91750	2	87.5247	2
1559.83730	780.92590	2	86.3049	1
1560.84180	781.42815	2	85.6906	2
1560.84195	781.42825	2	79.0060	2
1561.78080	521.60090	3	81.6102	1
1561.79025	781.90240	2	76.4558	2
1561.81090	521.61090	3	78.5114	1
1561.83475	781.92465	2	87.6927	2
1562.77375	521.93185	3	67.0186	2
1563.80475	522.27550	3	73.5616	2
1563.80860	782.91160	2	73.4437	3
1564.71555	522.57910	3	53.3693	2
1564.71715	783.36585	2	53.4416	2
1564.73980	783.37720	2	55.8212	2
1565.78585	522.93590	3	57.6443	2
1565.83130	522.95100	3	66.7870	1
1567.82715	784.92085	2	81.8434	2
1567.89450	523.63880	3	65.5073	1
1569.87890	785.94670	2	76.6588	2
1569.91465	785.96460	2	87.3159	2
1570.74595	524.58925	3	52.0364	2
1570.80965	786.41210	2	59.1955	2
1570.82020	786.41740	2	83.8294	1
1571.68515	524.90235	3	55.5954	2
1572.78280	787.39870	2	58.5794	2
1572.83060	525.28410	3	78.8101	2
1572.83240	787.42350	2	78.9175	2
1573.77010	787.89230	2	87.0145	1
1573.82560	525.61580	3	81.3011	1
1573.82830	787.92140	2	81.1412	2
1573.86620	525.62930	3	75.0727	1
1574.71150	788.36305	2	71.2776	2
1576.75420	789.38440	2	75.1156	2
1576.76675	789.39065	2	72.3813	2
1577.76975	789.89215	2	72.0951	2
1577.77020	789.89235	2	90.4558	2
1577.79030	789.90240	2	75.8413	2
1578.26150	527.09445	3	72.6489	4
1578.83765	527.28650	3	70.6105	2
1578.85255	527.29145	3	56.4128	2
1578.87390	527.29855	3	83.4423	2
1578.87445	790.44450	2	83.4799	2
1580.70065	527.90750	3	41.3187	2
1580.80480	527.94220	3	62.1848	2
1580.86195	791.43825	2	94.9380	2
1580.92990	527.98390	3	75.6395	2
1582.84650	792.43050	2	78.2269	2
1582.86965	792.44210	2	71.4107	2
1584.74055	529.25415	3	66.6200	2
1585.82295	529.61495	3	65.3528	2
1586.17940	794.09700	2	63.6871	4
1586.86840	794.44145	2	85.9215	2
1587.76100	530.26090	3	41.7250	1
1587.85600	794.93530	2	86.3442	1
1587.85705	530.29295	3	64.7782	2
1588.72595	795.37025	2	70.7483	2
1589.82020	530.94730	3	84.2794	1
1589.82240	795.91850	2	84.1968	3
1590.76370	796.38910	2	78.5066	2
1590.79660	531.27280	3	86.3386	1
1590.79980	796.40720	2	81.7855	2
1591.74850	531.59010	3	44.2692	2
1591.74975	796.88215	2	44.3040	2
1591.80280	796.90870	2	58.8493	2
1591.80310	531.60830	3	58.6718	2
1591.86105	796.93780	2	86.7208	2
1592.82055	531.94745	3	67.0188	2
1592.91580	797.46520	2	72.3451	1
1593.74160	532.25450	3	55.0755	2
1593.74290	797.87870	2	55.1462	2
1593.76590	797.89025	2	84.0148	2
1593.95030	532.32400	3	82.3618	2
1593.95040	797.98250	2	82.2371	2
1595.80560	798.91010	2	92.1452	2
1595.86230	532.96135	3	50.5068	2
1596.69470	533.23880	3	33.5199	1
1596.76835	533.26340	3	52.9154	2
1596.77910	799.39680	2	68.3253	2
1596.79960	799.40710	2	53.8766	2
1597.86800	799.94130	2	70.3354	1
1597.88160	799.94810	2	81.4525	1
1598.83660	533.95280	3	82.5641	2
1598.84630	800.43045	2	82.4918	2
1599.78530	800.89995	2	43.2373	2
1599.84710	800.93080	2	74.7073	2
1599.88995	534.30390	3	63.2838	2
1599.89785	534.30655	3	77.1819	2
1600.77930	801.39695	2	77.1212	2
1600.78350	534.60175	3	64.3122	2
1600.84345	534.62175	3	64.6667	2
1602.80140	802.40795	2	76.5653	2
1602.86395	802.43925	2	73.0545	2
1603.80915	802.91185	2	81.2090	2
1604.74500	803.37980	2	64.5882	1
1604.78410	535.93530	3	68.3584	2
1606.76465	536.59545	3	69.9134	2
1607.85070	804.93265	2	85.3573	2
1607.90340	536.97510	3	79.8318	2
1609.83610	537.61930	3	89.0052	2
1609.83780	805.92620	2	89.0678	2
1610.71940	806.36700	2	65.6401	1
1610.91445	806.46450	2	97.6527	2
1610.97225	537.99800	3	71.0175	2
1611.78860	806.90160	2	74.9735	1
1612.85120	807.43285	2	84.8211	2
1612.85815	538.62665	3	70.3735	2
1612.87245	807.44350	2	89.2018	2
1612.90365	538.64180	3	76.9430	2
1613.85165	807.93310	2	82.7572	2
1613.90490	807.95970	2	81.0262	2
1614.76320	808.38890	2	88.9703	1
1614.84240	808.42845	2	77.3700	2
1615.75900	539.59360	3	57.4457	2
1615.85830	539.62670	3	72.8691	2
1616.73135	539.91775	3	47.8462	2
1616.78405	809.39930	2	74.9260	2
1616.84880	809.43170	2	92.4764	1
1617.78615	809.90035	2	44.5439	2
1617.83810	809.92630	2	77.8403	2
1619.81525	540.94570	3	65.5870	2
1620.82055	811.41755	2	76.4404	2
1620.86230	541.29470	3	86.2796	2
1620.86440	811.43950	2	86.2796	2
1621.82915	811.92185	2	84.7570	2
1621.87370	811.94410	2	70.8863	2
1622.76525	541.92900	3	37.9533	2
1622.79810	812.40630	2	81.7691	1
1622.79840	541.94005	3	81.6875	2
1624.95780	813.48620	2	86.9522	1
1625.77500	813.89480	2	77.7705	1
1625.77685	813.89570	2	80.9326	2
1625.83200	542.95125	3	83.1390	2
1626.80620	814.41040	2	62.8036	1
1626.85725	543.29300	3	57.0667	2
1626.85950	814.43700	2	57.0763	2
1627.74805	814.88130	2	67.4921	2
1627.78390	543.60190	3	49.9128	1
1628.79300	543.93830	3	94.7236	1
1628.79480	815.40470	2	94.6788	2
1628.81635	543.94605	3	56.4417	2
1628.81675	815.41565	2	56.5092	2
1629.81240	815.91350	2	70.2492	1
1629.87440	815.94445	2	69.6011	2
1629.88715	815.95085	2	88.8787	2
1630.84545	544.62240	3	82.0144	2
1631.83030	544.95070	3	61.1457	1
1631.92550	544.98245	3	71.5973	2
1631.92585	816.97020	2	71.6638	2
1632.77705	545.26630	3	46.3564	2
1632.89280	545.30490	3	39.9465	1
1633.84350	545.62175	3	79.5139	2
1633.85640	545.62610	3	61.8825	1
1634.80260	818.40860	2	62.6534	2
1634.88880	545.97020	3	53.6306	2
1636.94165	819.47810	2	91.8538	2
1638.84230	547.28800	3	75.6996	2
1639.87650	547.63275	3	77.7177	2
1639.87790	820.94620	2	77.8325	1
1639.87900	547.63360	3	95.2240	2
1639.87980	820.94715	2	94.9644	2
1640.84825	547.95670	3	47.1949	2
1641.88390	821.94925	2	84.3502	2
1642.69105	822.35280	2	47.0841	2
1642.80555	822.41005	2	59.1955	2
1642.85305	822.43380	2	48.5107	2
1642.85325	548.62505	3	48.4184	2
1642.88240	548.63470	3	79.3645	2
1643.82530	822.91990	2	44.8546	2
1643.82895	822.92175	2	74.9464	2
1643.84000	548.95395	3	66.7388	2
1644.84315	412.21805	4	42.2290	2
1645.90370	549.64185	3	67.4335	2
1646.83950	549.95375	3	61.4973	2
1647.87130	550.29770	3	82.3569	1
1648.96755	413.24915	4	58.1554	2
1648.96985	550.66390	3	58.1026	2
1649.93670	825.97560	2	76.8714	2
1651.90290	826.95870	2	88.4964	2
1651.92590	551.64925	3	84.8908	2
1651.92780	826.97115	2	84.8577	2
1653.87195	552.29790	3	75.9395	2
1653.92145	552.31440	3	76.5020	2
1654.78845	828.40150	2	70.7840	2
1654.89060	552.63750	3	81.2691	1
1654.89530	828.45490	2	81.1468	2
1655.76440	552.92870	3	49.1705	2
1656.80150	829.40800	2	85.4958	1
1657.81800	829.91625	2	88.6751	2
1657.92240	553.64810	3	83.3627	1
1658.79065	553.93745	3	54.4465	2
1659.91150	554.31110	3	78.8498	2
1659.92650	830.97050	2	78.9222	1
1660.74095	554.58760	3	65.1041	2
1660.84270	554.62150	3	62.4804	2
1662.80070	555.27420	3	51.9727	2
1662.82900	832.42175	2	69.8215	2
1662.83240	555.28470	3	69.8831	2
1662.89210	555.30460	3	76.7697	1
1663.79470	555.60550	3	71.7936	2
1664.78120	833.39790	2	83.7193	1
1664.80850	833.41150	2	79.1687	2
1664.84295	833.42875	2	73.2170	2
1665.89690	833.95570	2	76.3924	1
1666.86915	834.44185	2	77.0611	2
1666.86955	556.63045	3	76.9661	2
1666.87660	834.44560	2	80.8243	2
1666.91700	556.64630	3	82.6101	1
1666.91900	834.46680	2	82.5584	2
1667.81710	556.94630	3	57.8729	1
1667.86340	834.93895	2	77.3349	2
1668.81500	557.27890	3	57.3367	1
1669.85500	835.93480	2	71.5667	2
1670.83540	836.42500	2	96.4761	2
1670.88290	836.44870	2	55.3210	1
1670.88455	557.96880	3	55.1995	2
1671.71570	558.24585	3	50.9301	2
1672.72365	558.58180	3	42.7782	2
1673.89990	558.97390	3	76.6910	2
1673.90155	837.95805	2	76.5915	2
1674.88745	838.45100	2	92.0474	2
1675.73765	559.58650	3	30.3592	2
1676.22945	420.06465	4	31.5036	4
1677.81155	560.27775	3	70.6840	2
1678.00380	560.34190	3	65.5949	1
1679.87845	560.96675	3	75.1492	2
1681.82035	841.91745	2	75.7805	2
1681.90020	561.64065	3	80.2821	2
1681.90200	841.95825	2	80.2167	2
1681.92335	561.64835	3	93.4124	2
1681.92370	841.96910	2	93.6222	1
1682.80115	842.40785	2	87.7290	2
1682.89430	842.45445	2	79.1014	2
1683.88550	842.95000	2	77.1269	2
1684.74100	562.58760	3	26.0170	2
1684.74105	422.19255	4	26.0621	2
1684.91655	843.46555	2	80.9597	2
1685.91445	562.97875	3	65.3153	2
1686.87390	563.29855	3	63.7387	2
1687.91755	844.96605	2	88.0977	2
1688.73380	563.91850	3	32.1307	3
1688.88110	845.44780	2	83.6355	2
1689.84200	564.28795	3	58.4669	2
1689.90880	845.96170	2	94.0222	1
1689.90985	564.31055	3	93.9385	2
1690.96300	564.66160	3	63.8884	2
1692.81790	565.27990	3	84.0808	1
1692.82095	847.41775	2	84.0090	2
1692.96825	847.49140	2	90.5654	2
1693.94290	565.65490	3	82.5186	1
1694.80310	565.94165	3	50.3238	2
1695.32905	848.67180	2	69.6246	4
1696.77385	849.39420	2	63.3257	2
1696.84595	849.43025	2	86.2881	2
1696.91065	849.46260	2	85.4545	2
1697.83730	566.95300	3	50.6265	2
1697.90280	566.97485	3	77.7590	2
1697.90540	849.96000	2	77.7803	2
1698.00670	850.01065	2	82.7601	2
1698.00850	567.01010	3	82.6534	2
1698.79485	850.40470	2	82.6647	2
1698.89825	567.30670	3	84.6918	2
1698.89960	850.45710	2	84.6860	2
1698.90380	567.30850	3	58.5727	1
1699.83855	567.62010	3	83.0195	2
1699.86130	567.62770	3	78.1157	1
1699.86810	567.62995	3	75.8780	2
1700.91130	851.46290	2	80.3934	2
1703.81485	568.94555	3	60.7027	2
1704.72490	569.24890	3	27.0470	2
1704.72800	427.18930	4	27.0063	2
1704.91590	569.31255	3	70.7863	2
1705.83790	569.61990	3	47.0664	3
1705.83925	853.92690	2	47.1746	2
1705.88335	569.63505	3	69.4238	2
1705.88425	853.94940	2	69.4659	2
1705.92050	569.64740	3	67.3474	2
1706.88660	854.45060	2	88.4587	1
1706.90330	569.97500	3	86.4123	9
1706.90450	854.45950	2	83.4499	3
1707.89300	854.95380	2	93.8974	1
1707.89720	570.30630	3	77.3242	5
1707.97770	854.99615	2	78.7542	2
1707.97950	570.33375	3	78.8847	2
1708.75710	570.59295	3	55.8032	2
1709.98230	571.00135	3	76.0126	2
1710.01855	571.01345	3	80.3531	2
1712.88835	857.45145	2	66.6490	2
1712.93875	571.98685	3	68.8038	2
1714.89925	572.64035	3	62.6078	2
1714.90085	858.45770	2	62.6835	2
1714.90540	858.46000	2	70.7173	2
1717.86325	573.62835	3	71.9897	2
1717.86685	859.94070	2	72.0557	2
1720.90445	861.45950	2	77.7515	2
1721.76105	861.88780	2	38.0782	2
1721.86440	861.93950	2	75.0513	2
1722.87410	575.29865	3	75.7855	2
1722.89720	575.30635	3	76.1767	2
1723.02400	575.34860	3	69.5901	2
1723.02625	862.52040	2	69.6228	2
1724.87570	863.44510	2	82.4543	1
1724.90890	575.97690	3	66.4090	1
1725.82590	863.92020	2	67.0459	1
1725.95210	863.98330	2	86.1269	2
1726.01590	576.34590	3	82.2371	2
1726.93535	576.65240	3	73.7438	2
1728.78985	577.27055	3	63.6063	2
1728.93570	577.31920	3	59.5152	1
1729.00420	577.34200	3	82.8253	2
1730.75670	577.92615	3	64.8509	2
1730.89895	866.45675	2	72.9994	2
1731.04450	578.02210	3	89.2133	2
1733.87365	578.96515	3	75.7690	2
1733.87585	867.94520	2	75.9177	2
1735.87910	579.63365	3	78.8789	2
1735.96870	868.99165	2	97.8770	2
1735.96985	579.66390	3	98.0134	2
1736.84635	869.43045	2	80.5430	2
1736.84715	579.95635	3	80.5518	2
1736.93530	579.98570	3	74.4237	1
1737.92735	580.31640	3	78.6573	2
1738.80290	870.40875	2	68.6596	2
1738.81955	580.61380	3	60.1436	2
1738.82125	580.61435	3	65.8359	2
1739.84750	580.95645	3	70.3098	2
1739.88680	580.96950	3	68.3198	1
1742.87420	581.96535	3	67.5614	2
1743.80275	872.90865	2	67.8154	2
1743.81040	872.91250	2	51.0723	2
1743.97710	872.99585	2	96.2120	2
1744.90190	582.64120	3	71.5585	1
1745.91410	582.97865	3	74.0413	2
1746.79880	874.40670	2	90.2003	2
1748.87545	583.96575	3	63.1080	2
1749.86420	584.29530	3	62.1529	2
1749.86570	875.94015	2	62.0847	2
1750.00870	584.34350	3	56.1263	2
1750.01245	876.01350	2	56.2240	2
1751.93050	876.97250	2	91.2027	1
1752.98215	585.33465	3	86.6267	2
1752.99095	877.50275	2	86.5879	2
1753.84940	585.62375	3	52.9331	2
1755.86055	878.93755	2	71.0766	2
1755.90110	878.95780	2	90.9015	2
1756.88940	586.63710	3	79.6455	1
1756.89150	879.45305	2	79.5110	2
1757.92390	586.98190	3	74.3114	2
1758.79335	880.40395	2	49.3772	2
1758.83400	587.28525	3	77.4750	2
1759.84990	587.62390	3	65.8229	1
1759.90650	880.96055	2	88.7124	2
1760.93915	881.47685	2	88.2688	2
1761.89670	588.30615	3	73.9606	2
1762.84180	882.42820	2	76.3943	2
1763.83450	882.92455	2	61.9248	2
1764.81620	589.27930	3	64.2659	5
1764.99845	883.50650	2	93.2155	2
1765.00420	589.34200	3	93.1696	1
1765.86415	883.93935	2	80.4545	2
1765.89025	883.95240	2	65.6454	2
1766.94650	884.48050	2	84.5508	2
1767.03150	590.01780	3	81.9731	1
1767.82355	590.28180	3	64.9190	2
1767.85475	590.29220	3	89.5204	2
1767.97245	590.33145	3	89.1286	2
1768.90230	885.45840	2	80.1461	2
1769.01830	590.68005	3	80.7968	2
1770.00660	591.00945	3	74.1812	2
1770.87640	591.29940	3	57.1415	2
1771.91860	591.64680	3	75.7321	1
1772.33660	887.17560	2	77.2432	4
1774.88550	888.45000	2	58.7623	2
1774.88670	592.63620	3	58.7407	3
1776.89870	593.30680	3	67.3017	2
1777.32160	889.66805	2	64.2860	4
1778.99010	594.00400	3	72.2239	2
1778.99200	890.50325	2	72.1532	2
1779.80270	445.95795	4	51.5483	2
1779.99015	891.00235	2	73.7206	2
1780.40330	594.47500	3	53.6157	4
1782.87680	595.29950	3	76.0384	2
1784.88085	595.96755	3	62.4483	2
1784.88285	893.44870	2	62.5153	2
1784.91660	595.97945	3	55.3529	2
1785.88880	893.95165	2	88.5507	2
1785.89140	596.30440	3	88.6292	1
1788.91225	597.31135	3	36.2326	2
1789.93110	895.97280	2	82.3972	2
1792.91130	598.64435	3	61.9818	2
1793.87415	897.94435	2	90.0200	2
1794.81775	898.41615	2	63.7709	2
1794.98470	599.33550	3	79.7926	1
1794.98510	898.49985	2	79.7356	2
1796.85610	599.95930	3	74.5898	2
1796.88105	599.96760	3	84.3278	2
1796.98060	600.00080	3	71.1814	2
1799.92795	900.97125	2	99.9474	2
1799.92800	600.98330	3	99.9128	1
1800.99640	601.33940	3	82.6942	2
1803.92285	602.31485	3	50.2857	2
1804.86735	602.62970	3	66.0600	2
1804.86745	903.44100	2	66.0244	2
1804.89585	602.63920	3	78.1814	2
1804.97070	602.66420	3	78.6476	3
1804.97270	903.49360	2	78.9821	2
1805.38880	903.70170	2	73.6172	4
1806.03920	603.02030	3	72.1808	1
1806.82980	603.28390	3	62.4457	1
1809.91740	905.96595	2	73.3126	2
1809.99800	906.00630	2	73.4969	2
1810.76295	604.59495	3	46.8312	2
1813.94690	907.98070	2	84.0021	1
1814.80100	605.94090	3	80.3150	2
1814.80550	908.41005	2	80.4063	2
1814.97105	605.99760	3	66.3466	2
1815.92715	908.97085	2	86.7121	2
1815.94135	606.32105	3	72.5592	2
1817.86415	606.96195	3	69.8494	2
1817.90155	606.97445	3	49.9898	2
1820.86285	911.43870	2	59.4794	2
1820.91245	607.97810	3	79.2981	2
1821.00420	608.00870	3	80.4620	1
1821.06445	608.02875	3	84.3388	2
1821.84755	608.28980	3	80.7644	2
1821.89905	608.30695	3	53.3076	2
1823.89245	608.97140	3	84.1886	2
1823.90530	608.97570	3	68.5985	2
1825.86345	609.62840	3	55.6314	2
1825.86500	913.93980	2	55.7368	2
1825.89595	913.95525	2	67.5061	2
1827.94310	610.32165	3	74.1812	2
1827.96985	610.33055	3	65.7689	2
1827.97045	914.99250	2	65.7102	2
1828.91395	915.46425	2	84.6266	2
1828.95345	915.48400	2	73.8078	2
1832.00830	611.67670	3	72.9309	2
1832.86495	917.43975	2	82.0772	2
1832.91805	611.97995	3	76.6474	2
1832.92930	611.98370	3	61.1097	1
1833.93885	917.97670	2	80.5212	2
1833.97000	612.33060	3	88.3163	1
1835.79795	612.93990	3	59.8775	2
1836.04900	613.02360	3	73.7702	2
1838.11370	460.53570	4	74.2507	2
1838.11680	613.71290	3	74.2222	2
1838.95590	613.99255	3	64.3118	2
1839.99400	614.33860	3	64.7508	2
1840.89380	614.63850	3	78.3307	1
1840.89400	614.63860	3	78.3576	1
1841.01670	614.67950	3	70.4630	2
1841.01755	921.51605	2	70.4296	2
1841.85800	614.95990	3	49.8089	2
1842.93215	615.31800	3	65.9676	2
1842.97410	615.33200	3	72.0499	2
1844.00200	923.00830	2	83.2307	1
1844.89065	615.97080	3	63.4453	2
1844.91030	615.97735	3	67.7855	2
1845.99040	616.33740	3	86.5258	2
1845.99575	924.00515	2	86.6553	2
1846.79195	924.40325	2	72.4772	2
1846.93610	924.47535	2	75.3550	2
1846.96800	616.66330	3	85.5463	1
1846.97125	924.49290	2	85.4182	2
1849.96030	617.66070	3	86.0086	1
1851.89430	618.30540	3	82.0721	1
1852.02295	927.01875	2	83.5950	2
1853.92665	618.98280	3	61.3863	2
1854.93245	928.47350	2	92.7074	2
1856.85990	619.96060	3	55.0290	1
1856.88280	929.44865	2	83.2477	2
1859.94420	930.97935	2	72.9282	2
1860.94730	931.48095	2	89.3428	2
1861.00005	621.34060	3	76.0039	2
1861.98680	621.66955	3	83.5640	2
1862.81835	621.94670	3	60.5520	2
1862.87120	932.44290	2	87.4455	2
1863.99100	622.33760	3	88.7815	2
1864.88210	622.63465	3	73.3998	2
1867.84460	623.62215	3	54.2627	2
1868.83465	935.42460	2	64.0532	2
1872.89785	625.30655	3	53.9412	2
1873.94690	625.65620	3	76.4932	2
1873.97120	937.99290	2	81.6436	1
1880.97450	627.99875	3	63.2675	2
1881.02645	628.01610	3	80.1520	2
1882.97790	942.49625	2	71.6337	2
1883.88315	942.94885	2	76.1766	2
1883.88445	628.96875	3	76.2446	2
1883.91980	628.98050	3	71.1382	1
1884.87720	629.29970	3	67.3956	1
1885.87205	943.94330	2	66.1202	2
1885.91745	629.64640	3	84.6327	2
1885.91780	943.96620	2	84.5621	2
1886.90250	944.45855	2	69.3644	2
1886.90295	629.97490	3	69.2655	2
1888.00360	630.34180	3	81.8212	2
1890.93760	631.31980	3	70.2725	2
1890.94885	631.32355	3	74.5810	2
1892.06340	947.03900	2	83.5273	1
1893.96560	947.99010	2	86.0986	1
1893.97880	632.33350	3	58.6463	2
1899.87820	950.94635	2	70.8551	2
1899.98510	634.33565	3	62.7486	2
1902.89650	952.45550	2	80.1891	2
1903.93275	635.65155	3	77.9670	2
1904.96860	953.49160	2	77.6767	1
1904.97260	953.49360	2	75.4792	2
1904.97300	635.99830	3	75.4083	2
1908.96750	955.49100	2	86.9753	1
1909.97770	478.50170	4	71.5192	1
1909.98110	637.66765	3	71.5475	2
1909.99755	637.67310	3	76.1088	2
1910.17265	637.73150	3	79.5784	2
1911.89145	956.95300	2	73.3516	2
1911.99940	638.34040	3	81.9191	2
1912.00145	957.00800	2	81.8884	2
1912.91365	638.64515	3	33.3157	2
1912.99025	638.67065	3	74.3645	2
1913.09905	638.70695	3	71.1407	2
1914.98110	639.33430	3	69.1754	2
1915.05255	479.77045	4	74.8943	2
1918.85315	640.62500	3	47.1804	2
1920.96790	641.32990	3	61.5251	1
1920.99910	641.34030	3	82.8842	2
1921.93330	961.97395	2	96.3055	2
1923.88680	962.95070	2	79.1877	1
1923.96240	642.32810	3	72.8139	1
1924.02090	642.34755	3	78.3828	2
1926.99925	643.34035	3	90.2642	2
1930.94395	644.65525	3	83.5725	2
1932.83820	645.28665	3	57.9093	2
1932.84065	967.42760	2	58.0440	2
1933.08260	967.54860	2	87.1746	1
1934.07670	645.69950	3	87.1029	1
1934.08180	645.70120	3	87.1468	1
1935.07960	646.03380	3	79.2549	1
1935.93120	646.31765	3	65.6119	2
1937.92690	969.97070	2	92.3852	2
1937.94575	646.98915	3	78.9707	2
1938.95270	970.48365	2	80.2302	2
1939.01720	647.34635	3	75.0198	2
1941.87970	648.30050	3	57.7221	2
1942.04405	648.35530	3	76.5885	2
1942.47775	648.49985	3	85.6299	4
1942.84180	648.62120	3	60.9016	2
1943.94250	648.98810	3	74.2236	1
1944.98375	649.33515	3	66.8362	2
1945.89440	649.63870	3	66.4030	1
1947.93090	650.31760	3	72.5631	1
1947.98545	650.33575	3	80.5123	2
1947.98850	975.00155	2	80.4816	2
1950.97955	651.33380	3	71.8934	2
1951.99150	651.67110	3	71.3673	1
1951.99275	977.00365	2	87.8453	2
1954.89595	978.45525	2	81.2465	2
1955.93910	652.98695	3	59.2189	2
1956.05865	653.02685	3	81.6486	2
1956.90095	653.30760	3	66.1603	2
1956.99130	979.50290	2	75.7803	2
1961.04265	981.52860	2	88.0138	2
1961.04860	654.69015	3	88.0890	2
1963.05065	655.35745	3	75.4493	2
1966.93765	656.65315	3	74.8276	2
1970.07250	657.69810	3	77.2780	1
1970.98350	658.00180	3	60.8004	2
1973.06880	494.27445	4	59.7843	2
1973.07150	658.69780	3	59.8191	1
1976.02220	989.01840	2	94.9608	2
1978.89910	660.64030	3	36.1936	2
1979.03335	660.68505	3	87.2872	2
1983.02380	662.01520	3	86.4004	1
1984.02880	993.02165	2	79.2893	2
1984.02940	662.35040	3	79.3147	1
1985.95995	993.98725	2	72.8600	2
1988.04730	663.68970	3	71.1467	2
1989.02585	664.01585	3	74.1170	2
1992.05950	665.02710	3	79.6066	2
1994.00830	998.01145	2	93.6791	2
2001.00110	668.00760	3	83.9203	1
2003.03350	1002.52400	2	88.9616	2
2003.03365	668.68515	3	88.8726	2
2004.08775	669.03650	3	78.7894	2
2009.03670	670.68620	3	58.2907	2
2009.08370	670.70180	3	76.8322	1
2009.99795	671.00660	3	92.0139	2
2010.00060	1006.00755	2	92.0077	2
2016.99200	1009.50325	2	79.9261	2
2019.07325	674.03170	3	94.0556	2
2024.89640	1013.45550	2	55.8769	1
2026.12350	1014.06900	2	85.7521	2
2026.13130	676.38440	3	85.8089	1
2027.06290	676.69490	3	87.2135	1
2031.03095	678.01760	3	87.2984	2
2033.06355	678.69510	3	72.4510	2
2035.86225	679.62800	3	57.4809	2
2037.04370	680.02180	3	65.1483	1
2037.04520	680.02230	3	65.1751	1
2039.98510	681.00230	3	69.7134	1
2041.07710	681.36630	3	79.6979	2
2041.97695	681.66625	3	72.4196	2
2043.01250	1022.51355	2	82.1710	2
2043.01310	682.01165	3	82.0443	2
2047.98175	683.66785	3	47.6935	2
2048.05200	683.69125	3	95.2176	2
2048.05340	1025.03400	2	95.1812	2
2048.95910	683.99360	3	76.1410	2
2049.03880	684.02020	3	86.8390	1
2050.03320	684.35170	3	80.1409	1
2058.07730	1030.04595	2	96.7798	2
2058.07840	687.03340	3	96.8140	2
2059.00495	687.34225	3	76.9340	2
2059.93010	687.65060	3	67.5636	2
2059.96780	1030.99120	2	84.4496	1
2060.05900	687.69360	3	86.5148	1
2064.95970	1033.48715	2	84.2873	2
2067.99135	690.33775	3	68.7002	2
2070.95780	1036.48615	2	72.1196	2
2073.10520	692.04235	3	76.3616	2
2076.05060	693.02415	3	67.2717	2
2078.06470	693.69550	3	78.3636	1
2079.02795	694.01660	3	73.8289	2
2080.10275	521.03295	4	70.2242	2
2080.10300	694.37495	3	70.5234	2
2086.03955	1044.02705	2	88.2687	2
2092.08740	698.36975	3	73.7407	2
2093.97310	698.99830	3	85.8990	1
2093.98155	1047.99805	2	85.8818	2
2094.94640	699.32275	3	51.0418	2
2095.00430	699.34200	3	69.0250	2
2104.06840	1053.04150	2	72.6788	1
2105.05880	702.69350	3	74.1125	5
2105.06570	702.69580	3	80.1470	1
2106.02300	703.01490	3	70.9733	1
2114.12920	705.71700	3	95.0080	2
2119.05090	707.35755	3	63.7970	2
2126.14350	1064.07905	2	77.4059	2
2131.17910	711.40030	3	83.3768	2
2137.12430	713.38205	3	69.8610	2
2143.09485	715.37220	3	81.3712	2
2156.01530	719.67900	3	65.3611	2
2169.12340	724.04840	3	76.0698	2
2170.02895	724.35025	3	75.8719	2
2180.98020	728.00065	3	66.5573	2
2181.13720	728.05300	3	80.2742	1
2181.13750	1091.57600	2	80.2802	1
2190.06600	731.02925	3	74.4897	2
2190.06655	1096.04055	2	74.4535	2
2201.11635	734.71275	3	73.1970	2
2205.01430	736.01205	3	71.4432	2
2205.10425	1103.55940	2	98.6744	2
2205.10495	736.04225	3	98.8395	2
2227.05360	1114.53405	2	54.9645	2
2227.05470	743.35880	3	54.9588	2
2236.11080	746.37750	3	85.5403	1
2250.02125	751.01435	3	46.0613	2
2269.26195	757.42795	3	82.9474	2
2279.05725	760.69305	3	68.5652	2
2282.08610	761.70265	3	63.8585	2
2291.01965	764.68050	3	67.1544	2
2291.02015	1146.51735	2	67.1486	2
2295.09595	766.03925	3	79.6470	2
2297.12400	766.71525	3	69.7835	2
2379.16490	595.79850	4	62.7371	2
2379.16530	794.06240	3	62.8365	1
2389.99260	797.67150	3	61.7115	2
2391.18810	798.07000	3	95.4428	2
2391.19080	1196.60265	2	95.2873	2
2401.30215	801.44135	3	82.0084	2
2404.07470	802.36550	3	71.2070	1
2416.24280	806.42155	3	84.4236	2
2427.24050	607.81740	4	60.5907	1
2435.25865	812.76015	3	65.3935	2
2440.34620	814.45600	3	91.3190	2
2460.19485	821.07225	3	85.5514	2
2525.29330	842.77170	3	86.0226	2
2532.23585	845.08585	3	74.0537	2
2549.47750	850.83310	3	83.3509	2
2549.96585	638.49875	4	84.3461	4
2600.20780	867.74320	3	88.9357	1
2600.21460	1301.11460	2	88.9585	1
2620.21750	656.06165	4	65.0492	2
2620.23780	656.06670	4	67.0780	1
2682.32100	895.11430	3	54.4993	1
2804.28040	935.76740	3	77.1955	2
2858.46880	953.83020	3	91.2763	1
3208.55790	803.14680	4	70.3422	2
3536.65695	1179.89295	3	84.4865	2
