mono_mass	mz	charge	rt	n_psm
798.41200	400.21330	2	37.5943	2
798.48525	400.24990	2	56.9548	2
799.45520	400.73485	2	48.5762	2
799.51700	400.76580	2	37.4886	1
800.43940	401.22700	2	41.6715	5
800.44200	401.22830	2	37.3926	1
800.45440	401.23450	2	50.6189	2
801.43530	401.72490	2	35.9219	2
801.45960	401.73710	2	44.1978	2
801.53340	401.77395	2	43.7904	2
802.38615	402.20040	2	38.0212	2
802.49815	402.25635	2	61.1118	2
805.40810	403.71130	2	44.4217	2
805.44510	403.72980	2	50.7488	1
806.39575	404.20515	2	36.7909	2
806.45385	404.23420	2	59.7989	2
806.45635	404.23545	2	49.9587	2
806.48990	404.25220	2	56.1339	1
807.41190	404.71320	2	39.2382	2
808.36290	405.18870	2	35.9740	2
808.39765	405.20610	2	48.7575	2
808.44010	405.22730	2	34.9873	2
811.35420	406.68435	2	36.7591	2
812.42155	407.21805	2	41.9655	2
812.43880	407.22665	2	39.3168	2
812.47535	407.24495	2	59.8268	2
812.51155	407.26310	2	48.3433	2
814.45470	408.23460	2	33.5876	2
814.45515	408.23485	2	51.0077	2
814.51645	408.26550	2	58.0270	2
815.43925	408.72690	2	37.9129	2
815.46875	408.74165	2	56.0797	2
815.47515	408.74485	2	41.4768	2
815.47680	408.74565	2	45.6873	2
815.49785	408.75620	2	36.9776	2
815.51250	408.76355	2	45.4279	2
816.38450	409.19950	2	50.7884	1
816.44960	409.23205	2	65.7964	2
816.47100	409.24280	2	36.7737	2
817.42960	409.72205	2	33.7998	2
817.46030	409.73740	2	39.7480	1
817.48070	409.74765	2	66.1948	2
818.37710	410.19580	2	34.6655	1
818.43260	410.22360	2	42.7226	1
818.44005	410.22730	2	52.2487	2
818.48960	410.25210	2	73.2561	2
819.39165	410.70310	2	34.2193	2
819.41705	410.71580	2	39.3123	2
819.43095	410.72275	2	62.3774	2
820.43290	411.22375	2	38.1962	2
820.46950	411.24205	2	44.9599	2
820.48895	411.25175	2	71.0667	2
821.42820	411.72140	2	39.9179	2
821.44700	411.73080	2	32.6519	1
822.39075	412.20265	2	30.1592	4
822.42375	412.21915	2	36.0646	2
822.42400	412.21930	2	42.0705	2
823.42595	412.72025	2	53.9916	2
823.44475	412.72965	2	44.3004	2
824.43320	413.22390	2	27.1406	1
824.54860	413.28160	2	70.5789	2
826.45540	414.23500	2	47.3953	1
826.49090	414.25275	2	41.5871	2
826.49135	414.25295	2	39.0025	2
826.52760	414.27105	2	69.0559	2
826.52785	414.27120	2	49.0993	2
827.48560	414.75010	2	48.1318	1
827.49790	414.75620	2	36.4045	2
828.41560	415.21510	2	30.6950	2
828.44940	415.23200	2	58.5543	1
828.47635	415.24545	2	37.9266	2
829.44795	415.73125	2	39.4107	4
829.46470	415.73965	2	41.0693	2
829.46595	415.74025	2	33.7787	2
829.49075	415.75265	2	55.1581	2
829.49160	415.75310	2	38.6737	1
829.50240	415.75845	2	35.7535	2
829.50300	415.75880	2	49.9652	1
830.48650	416.25050	2	47.5441	1
831.47010	416.74230	2	34.4145	1
831.47030	416.74245	2	47.9229	2
831.49655	416.75555	2	69.1713	2
831.49660	416.75555	2	61.2901	2
832.39290	417.20370	2	33.5769	2
832.42840	417.22145	2	44.5570	2
833.44000	417.72730	2	62.2970	2
834.43550	418.22500	2	37.1079	2
835.44395	418.72925	2	42.7013	2
836.39035	419.20245	2	39.7074	2
836.40245	419.20850	2	40.5943	2
836.44020	419.22740	2	56.0496	2
836.44045	419.22750	2	42.9233	2
837.40285	419.70870	2	47.4046	2
837.40545	419.71000	2	53.7512	2
838.41840	420.21645	2	36.7118	2
839.42955	420.72205	2	54.4827	2
839.58450	420.79955	2	72.5569	2
840.47070	421.24265	2	42.4171	2
840.54340	421.27900	2	74.3072	2
840.54350	421.27900	2	59.0574	2
841.49230	421.75345	2	54.2715	2
841.50300	421.75875	2	49.9309	2
841.96375	421.98915	2	40.7592	4
842.42865	422.22160	2	47.2279	2
842.46120	422.23790	2	39.0280	2
842.48450	422.24950	2	51.6463	1
842.48730	422.25090	2	41.7932	2
842.48765	422.25110	2	37.7860	2
842.52235	422.26845	2	70.3316	2
842.52245	422.26850	2	48.5824	2
842.53345	422.27400	2	33.5903	2
843.44510	422.72980	2	47.1305	1
843.44920	422.73190	2	38.6637	1
843.48165	422.74810	2	44.0742	2
843.54260	422.77855	2	62.5286	2
844.45485	423.23470	2	53.2918	2
844.46545	423.24000	2	34.5013	2
845.45040	423.73250	2	37.6041	1
845.46015	423.73735	2	36.7711	2
845.46090	423.73775	2	43.6398	2
845.46470	423.73965	2	66.5994	2
845.48625	423.75040	2	52.1036	2
845.51250	423.76355	2	64.5080	2
845.53720	423.77585	2	75.6450	2
846.39895	424.20675	2	36.2599	2
846.42705	424.22080	2	42.2895	2
846.44845	424.23150	2	60.5244	2
847.42295	424.71875	2	43.2218	2
847.44500	424.72975	2	40.1689	2
847.48075	424.74765	2	44.9572	2
848.43860	425.22660	2	41.3661	2
848.44020	425.22735	2	52.5899	2
848.44370	425.22915	2	35.9145	2
849.43530	425.72495	2	53.1895	2
849.44200	425.72830	2	52.0624	1
850.42630	426.22040	2	53.5838	1
850.45380	426.23420	2	45.8102	2
850.50220	426.25840	2	38.7657	2
851.37050	426.69250	2	40.0935	1
851.40270	426.70860	2	34.6996	2
851.42160	426.71805	2	45.0408	2
851.43885	426.72670	2	36.3995	2
853.36075	427.68765	2	36.1300	2
853.39715	427.70585	2	42.3858	2
854.46080	428.23765	2	39.3722	2
854.49740	428.25600	2	42.4531	1
856.43305	429.22380	2	63.7903	2
856.44915	429.23185	2	64.6815	2
856.46950	429.24200	2	49.6349	2
856.51210	429.26335	2	47.8678	2
856.51495	429.26475	2	45.1551	2
856.54020	429.27740	2	57.1369	2
857.44285	429.72870	2	38.8307	2
857.46145	429.73800	2	39.6418	2
857.46245	429.73850	2	42.0107	2
857.49490	429.75470	2	45.8630	2
857.49710	429.75580	2	53.8939	1
857.49730	429.75590	2	54.4828	2
858.45670	430.23560	2	43.7397	2
858.46060	430.23760	2	37.1827	3
858.46985	430.24220	2	43.1021	2
858.46995	430.24225	2	47.7798	2
859.46340	430.73900	2	37.4427	1
859.46540	430.74000	2	46.2954	2
860.42405	431.21930	2	35.5012	2
860.44225	431.22840	2	44.7082	2
860.46070	431.23770	2	32.8940	1
861.44420	431.72940	2	44.1089	2
861.47175	431.74315	2	47.0485	2
861.49980	431.75720	2	48.2234	1
861.50790	431.76120	2	74.8903	2
862.38580	432.20015	2	38.6856	2
863.43940	432.72700	2	48.2815	1
863.45070	432.73260	2	48.8145	2
863.45075	432.73265	2	34.2880	2
863.45720	432.73590	2	58.2522	2
864.41945	433.21700	2	49.2349	2
864.43430	433.22445	2	52.4166	2
864.50690	433.26075	2	63.2840	2
865.41180	433.71320	2	50.2505	2
865.41540	433.71500	2	39.0909	2
865.45540	433.73500	2	39.7821	1
866.41225	434.21340	2	39.9104	2
866.45750	434.23600	2	74.9500	1
866.49860	434.25660	2	41.7934	2
867.41595	434.71525	2	49.5456	2
867.43480	434.72470	2	38.5835	1
868.45850	435.23650	2	37.1003	2
868.51295	435.26375	2	31.7079	2
869.49675	435.75570	2	33.6777	2
869.53310	435.77385	2	59.3613	2
869.53370	435.77415	2	52.0676	2
869.55900	435.78680	2	66.3426	2
870.43620	436.22540	2	33.0028	1
870.44880	436.23165	2	53.9874	2
870.48145	436.24800	2	42.4043	2
870.51735	436.26595	2	57.6055	2
870.55380	436.28415	2	50.3270	2
871.44360	436.72905	2	37.8033	2
871.45090	436.73275	2	40.2608	2
871.53865	436.77660	2	58.9180	2
872.47420	437.24440	2	39.0806	2
872.49550	437.25505	2	55.6788	2
872.49685	437.25575	2	41.6468	2
872.49690	437.25570	2	34.7605	1
872.51545	437.26500	2	63.1717	2
873.47020	437.74240	2	44.8989	2
873.47270	437.74360	2	50.0927	2
873.48085	437.74770	2	47.9779	2
873.48110	437.74780	2	45.5937	1
873.49625	437.75540	2	66.8706	2
874.43265	438.22360	2	44.2517	2
874.44580	438.23020	2	32.3925	1
874.45875	438.23665	2	49.3891	2
874.46680	438.24070	2	42.3717	1
874.46920	438.24190	2	34.9659	2
875.49060	438.75260	2	29.1572	1
875.52285	438.76870	2	60.4987	2
875.52290	438.76875	2	49.5281	2
876.41280	439.21365	2	38.7071	2
876.43845	439.22650	2	67.9492	2
876.49580	439.25515	2	67.2750	2
877.42985	439.72220	2	42.9301	2
877.43255	439.72355	2	47.4841	2
877.45460	439.73460	2	64.8233	1
877.45475	439.73465	2	36.6768	2
877.46595	439.74025	2	42.1280	2
877.46640	439.74050	2	49.1875	2
877.47830	439.74645	2	49.7647	4
877.50985	439.76220	2	69.3595	2
878.48680	440.25065	2	54.1536	2
879.39640	440.70550	2	33.9709	2
879.49330	440.75390	2	40.9783	1
880.41435	441.21450	2	38.0904	2
880.42905	441.22180	2	43.0147	2
880.54905	441.28180	2	52.9678	2
881.51570	441.76510	2	54.8344	1
882.48110	442.24780	2	35.7351	1
882.52885	442.27170	2	38.5346	2
883.53785	442.77620	2	50.7005	2
883.53820	442.77640	2	58.2698	3
883.56020	442.78735	2	38.2012	2
884.44080	443.22770	2	43.6978	2
884.54425	443.27940	2	53.7329	2
884.57270	443.29360	2	58.7489	2
885.42345	443.71900	2	38.4271	2
885.44470	443.72965	2	34.2830	2
885.49040	443.75250	2	34.8771	1
885.49160	443.75310	2	49.2902	1
885.49175	443.75315	2	50.9694	2
885.55355	443.78405	2	64.3850	2
886.48710	444.25080	2	42.0661	2
886.51265	444.26360	2	47.3545	2
886.52300	444.26880	2	44.8340	2
887.45980	444.73720	2	35.7824	3
887.48625	444.75040	2	54.9526	2
887.49100	444.75280	2	40.8772	1
887.53250	444.77350	2	57.6371	2
889.45880	445.73665	2	50.5347	2
889.46595	445.74025	2	47.7388	2
889.47715	445.74585	2	40.9202	2
889.48485	445.74970	2	69.5653	2
890.48490	446.24970	2	46.1102	1
890.50440	446.25945	2	44.2214	2
891.44525	446.72990	2	49.0368	2
891.44840	446.73150	2	45.8340	2
891.48125	446.74790	2	62.4996	2
891.50665	446.76060	2	65.8737	2
892.44055	447.22755	2	39.6972	2
893.45840	447.73650	2	45.3304	6
893.46155	447.73805	2	42.2685	2
893.46230	447.73840	2	40.8342	1
893.50700	447.76080	2	36.8519	1
893.60615	447.81035	2	75.1044	2
894.44540	448.23000	2	42.9789	1
894.45515	448.23485	2	33.6236	2
895.44695	448.73075	2	59.3512	2
895.46550	448.74000	2	40.9014	2
895.48060	448.74760	2	76.1815	1
896.52010	449.26730	2	37.9069	1
896.53390	449.27425	2	54.3035	2
897.40500	449.70980	2	66.2025	2
897.50325	449.75890	2	33.0033	2
898.40770	450.21115	2	65.8282	2
898.42130	450.21790	2	41.8403	1
898.47960	450.24710	2	57.3900	2
898.48710	450.25080	2	34.7400	2
898.49040	450.25245	2	43.9877	2
898.54885	450.28170	2	66.4056	2
898.56085	450.28770	2	54.7216	2
899.43875	450.72665	2	53.2048	2
899.45080	450.73265	2	40.3528	2
899.50805	450.76130	2	55.5995	2
899.51540	450.76495	2	59.7679	2
900.46040	451.23750	2	40.8703	2
900.48900	451.25180	2	40.6939	2
900.49165	451.25310	2	52.2897	2
900.49170	451.25310	2	34.3839	1
900.50290	451.25870	2	50.3042	2
900.53905	451.27680	2	43.5018	2
901.41195	451.71325	2	48.8072	2
901.43290	451.72375	2	38.7311	2
901.47560	451.74510	2	58.1206	2
901.48680	451.75070	2	46.1799	2
901.48685	451.75070	2	33.1596	2
901.52325	451.76890	2	42.1179	2
901.52660	451.77060	2	74.7533	1
902.41335	452.21400	2	47.3996	2
902.48180	452.24820	2	39.2286	2
902.49710	452.25580	2	39.9630	1
902.50725	452.26090	2	45.7429	2
903.48105	452.74780	2	52.6495	2
903.50970	452.76210	2	65.0060	1
903.52860	452.77160	2	41.7390	2
903.54350	452.77900	2	68.4990	2
903.57965	452.79710	2	80.1509	2
904.42780	453.22120	2	31.4235	1
904.53790	453.27625	2	62.6419	2
905.45265	453.73360	2	65.2208	2
905.45315	453.73385	2	43.5849	2
905.46055	453.73755	2	31.8165	2
906.46760	454.24105	2	31.6751	2
906.51745	454.26600	2	47.6851	2
907.45180	454.73320	2	36.7338	2
907.49995	454.75725	2	48.1542	2
907.50115	454.75785	2	54.5404	2
908.43045	455.22250	2	49.0207	2
908.50730	455.26095	2	54.3963	2
908.53350	455.27405	2	39.9429	2
908.56945	455.29200	2	56.5770	2
909.42690	455.72070	2	44.4658	1
909.42695	455.72075	2	54.9043	2
909.47505	455.74480	2	70.1293	2
909.48105	455.74780	2	53.8845	2
909.50570	455.76010	2	35.5554	1
911.38035	456.69745	2	33.4245	2
911.47540	456.74500	2	60.2054	2
911.48900	456.75180	2	42.7205	2
911.58055	456.79755	2	57.5899	2
912.54740	457.28100	2	41.9374	2
912.56540	457.28995	2	63.7863	2
913.42935	457.72195	2	48.2670	2
913.44580	457.73020	2	41.1663	2
913.47310	457.74380	2	70.8280	1
913.48700	457.75075	2	46.9324	2
913.50910	457.76185	2	32.4001	2
913.54760	457.78110	2	53.3218	2
913.55960	457.78705	2	38.5591	2
913.59630	457.80545	2	39.8412	2
914.50795	458.26125	2	40.5169	2
914.51840	458.26645	2	45.7136	2
915.44820	458.73135	2	36.4396	2
915.46675	458.74065	2	42.2095	2
915.47090	458.74270	2	35.9268	2
915.50575	458.76015	2	31.8811	2
915.53935	458.77695	2	34.5845	2
916.48620	459.25040	2	40.9298	2
916.49710	459.25585	2	37.1898	2
917.46350	459.73900	2	53.6710	1
917.46380	459.73920	2	34.1019	1
917.48155	459.74805	2	37.8231	2
918.44910	460.23180	2	79.5315	2
918.48420	460.24940	2	53.0694	2
918.49210	460.25330	2	63.7288	2
918.51745	460.26600	2	62.5803	2
918.51785	460.26620	2	56.5316	2
919.40605	460.71030	2	32.4977	2
919.40740	460.71095	2	61.0809	2
919.44315	460.72885	2	47.1640	2
919.49475	460.75465	2	50.0977	4
919.51225	460.76340	2	52.1879	2
919.51255	460.76355	2	43.4541	2
919.51255	460.76355	2	46.4098	2
919.51610	460.76535	2	56.8978	2
919.52225	460.76840	2	64.2129	2
920.49850	461.25650	2	46.5200	2
920.50680	461.26070	2	41.1972	2
921.44545	461.73000	2	40.3264	2
921.44630	461.73040	2	36.9022	3
921.45625	461.73540	2	40.1207	2
921.46780	461.74115	2	35.1265	2
922.43920	462.22685	2	49.3266	2
922.45080	462.23270	2	38.0143	1
923.43515	462.72485	2	43.5090	2
923.47245	462.74350	2	40.4677	2
923.58035	462.79745	2	77.5442	2
924.43780	463.22620	2	47.7155	2
924.53955	463.27705	2	52.1361	2
924.56440	463.28945	2	54.8789	2
925.49830	463.75640	2	43.2801	2
926.51865	464.26660	2	38.5857	2
926.57975	464.29715	2	59.9092	2
926.59105	464.30280	2	60.9696	2
927.37570	464.69510	2	28.6733	1
927.44575	464.73015	2	46.2081	2
927.56440	464.78945	2	82.6635	2
928.45450	465.23455	2	50.4140	2
928.51620	465.26540	2	41.3956	1
928.52310	465.26885	2	51.1751	2
928.53435	465.27450	2	49.4869	2
928.55935	465.28695	2	62.1694	2
928.55985	465.28720	2	56.5615	2
929.44660	465.73060	2	31.8355	1
929.45680	465.73570	2	29.4453	1
929.47290	465.74370	2	49.6941	1
929.48090	465.74775	2	36.4873	2
929.50715	465.76085	2	54.5149	2
929.51220	465.76340	2	47.9098	2
929.51820	465.76640	2	42.5204	2
929.51850	465.76655	2	35.6789	2
929.51865	465.76660	2	40.4859	2
930.42340	466.21895	2	60.4889	2
930.46635	466.24045	2	34.7046	2
930.47945	466.24700	2	41.4478	2
930.51725	466.26590	2	64.2701	2
930.53990	466.27725	2	37.5339	2
931.44570	466.73010	2	27.3884	1
931.47000	466.74230	2	35.3784	2
931.48590	466.75025	2	48.4004	2
931.50190	466.75820	2	55.4493	2
931.51240	466.76350	2	57.4176	2
931.53410	466.77430	2	67.2508	2
932.44510	467.22980	2	32.6087	1
932.46350	467.23905	2	38.4097	2
932.54435	467.27945	2	41.7007	2
933.45570	467.73510	2	36.8516	2
933.46585	467.74020	2	50.8591	2
933.48430	467.74940	2	51.1855	2
933.50335	467.75895	2	51.9475	2
933.52840	467.77150	2	55.8711	2
933.54010	467.77730	2	32.2243	2
934.41460	468.21460	2	39.6273	3
934.45090	468.23275	2	39.9362	4
934.48450	468.24950	2	42.4752	2
934.48680	468.25065	2	54.6652	2
934.48740	468.25100	2	32.7836	2
934.51210	468.26330	2	57.9031	2
934.51340	468.26395	2	49.8171	2
934.52395	468.26925	2	59.0600	2
935.45290	468.73370	2	36.0022	1
935.47010	468.74235	2	44.6516	2
937.41360	469.71405	2	34.0831	2
937.48830	469.75140	2	40.3283	1
937.51195	469.76325	2	57.2188	2
938.43430	470.22445	2	37.3394	2
939.43100	470.72275	2	61.7820	2
939.48160	470.74805	2	59.1236	2
939.48175	470.74815	2	79.8840	2
939.51490	470.76470	2	31.6315	2
939.55020	470.78235	2	55.3852	2
939.56400	470.78925	2	80.4556	2
940.44340	471.22895	2	44.6800	2
940.52635	471.27045	2	61.4416	2
941.43485	471.72470	2	38.0528	2
941.46375	471.73915	2	49.5874	2
941.55620	471.78540	2	50.2687	2
941.56595	471.79025	2	61.2850	2
941.57975	471.79715	2	66.1692	2
941.60660	471.81060	2	78.9320	2
942.48720	472.25090	2	43.5064	2
942.50240	472.25850	2	35.5835	2
942.51310	472.26380	2	47.6557	2
943.44775	472.73115	2	60.6430	2
943.46620	472.74035	2	35.3708	2
943.48740	472.75100	2	43.3820	2
943.49740	472.75600	2	35.0628	3
943.53570	472.77510	2	45.9066	1
944.42520	473.21990	2	36.9130	2
944.43145	473.22300	2	63.0190	2
944.49295	473.25375	2	42.8452	2
944.51200	473.26325	2	63.4136	2
944.51800	473.26630	2	47.4330	2
944.51820	473.26640	2	62.1354	1
944.51850	473.26650	2	44.9312	2
944.52800	473.27125	2	48.9843	2
944.55465	473.28460	2	54.1785	2
944.57010	473.29230	2	78.4525	1
945.45970	473.73715	2	76.7860	2
945.51260	473.76355	2	40.2902	2
945.54930	473.78195	2	58.2548	2
946.50880	474.26165	2	36.5814	2
946.51285	474.26370	2	45.5158	2
946.52725	474.27090	2	69.1582	2
946.53395	474.27425	2	37.5210	2
946.54875	474.28170	2	73.7521	2
947.43495	474.72475	2	37.5906	2
947.51475	474.76465	2	70.9428	2
948.46705	475.24080	2	52.4661	2
948.46710	475.24080	2	43.8612	2
948.50240	475.25850	2	35.8170	1
948.61235	475.31345	2	56.0495	2
949.48565	475.75015	2	39.0650	2
949.48710	475.75080	2	53.7327	2
949.49090	475.75270	2	86.3754	2
949.50515	475.75990	2	77.0746	2
949.52770	475.77115	2	79.1785	2
950.45335	476.23395	2	49.7663	2
950.48205	476.24830	2	46.3290	2
950.48230	476.24840	2	48.6401	2
950.48595	476.25025	2	73.1072	2
950.50160	476.25805	2	58.9955	2
950.50785	476.26120	2	51.2323	2
951.49110	476.75290	2	59.6422	2
951.51790	476.76620	2	79.7654	2
952.44895	477.23175	2	46.6780	2
952.45020	477.23235	2	42.6391	2
952.46865	477.24160	2	50.3931	2
952.53490	477.27470	2	41.7836	2
954.44075	478.22765	2	35.6144	2
954.44505	478.22985	2	52.0341	2
955.53400	478.77425	2	62.2969	2
955.57070	478.79265	2	60.6756	2
956.50345	479.25900	2	37.9400	2
956.51775	479.26615	2	36.1988	2
956.52880	479.27165	2	46.3603	2
956.52910	479.27180	2	52.9314	2
956.52980	479.27220	2	43.7599	2
956.53665	479.27560	2	65.8836	2
956.57970	479.29710	2	77.2163	2
957.48870	479.75160	2	34.2429	5
957.51330	479.76390	2	47.4432	2
957.53065	479.77260	2	47.9778	2
957.53530	479.77495	2	31.2660	2
957.56065	479.78760	2	47.7231	2
957.59670	479.80560	2	46.7851	2
958.47195	480.24325	2	41.0072	2
958.48750	480.25105	2	55.9301	2
958.50760	480.26110	2	48.2284	1
958.50810	480.26130	2	52.3077	1
958.50980	480.26220	2	56.2958	2
959.50730	480.76090	2	40.4077	2
959.53030	480.77240	2	42.2711	2
959.53270	480.77365	2	68.5095	2
959.55525	480.78490	2	57.4222	2
960.45055	481.23255	2	34.6429	2
960.47560	481.24510	2	41.5800	1
960.50320	481.25890	2	46.0863	1
960.51305	481.26380	2	38.7954	2
960.53165	481.27310	2	57.0235	2
960.53920	481.27690	2	60.9293	2
961.45450	481.73450	2	33.2728	1
961.50875	481.76165	2	40.9247	2
962.47400	482.24425	2	45.8101	2
962.50570	482.26015	2	61.9533	2
962.51855	482.26655	2	55.1554	2
962.53845	482.27650	2	85.8767	2
962.54430	482.27940	2	61.8287	1
963.44565	482.73010	2	54.0490	2
963.50260	482.75860	2	39.7237	2
963.50610	482.76035	2	33.7428	2
963.55440	482.78450	2	74.3387	2
964.46180	483.23820	2	37.6738	2
964.47975	483.24715	2	68.8236	2
964.49770	483.25615	2	42.5277	2
964.52245	483.26850	2	53.6697	2
965.44470	483.72965	2	41.0122	2
965.44680	483.73070	2	34.2278	3
965.46050	483.73755	2	37.2515	2
965.48220	483.74835	2	60.2550	2
965.62660	483.82060	2	82.0921	2
966.46615	484.24035	2	41.3363	2
966.46655	484.24055	2	36.0447	2
966.46915	484.24185	2	44.1138	2
966.50100	484.25775	2	44.2042	2
966.52405	484.26930	2	46.2131	2
967.47920	484.74690	2	57.4985	2
967.52090	484.76770	2	28.4426	1
967.52385	484.76920	2	46.9089	2
967.58185	484.79820	2	56.2013	2
968.44460	485.22960	2	40.0428	2
968.52750	485.27100	2	36.8565	2
968.52875	485.27165	2	48.4974	2
969.43015	485.72235	2	38.9507	2
969.48835	485.75145	2	39.7549	2
969.52490	485.76975	2	49.9865	2
969.54875	485.78165	2	40.7822	2
969.55130	485.78290	2	31.8125	1
969.56030	485.78740	2	52.4033	2
969.58585	485.80020	2	68.4467	2
969.58610	485.80030	2	63.4624	2
970.48725	486.25090	2	54.1006	2
970.52430	486.26940	2	40.3725	1
970.54390	486.27925	2	55.5230	2
970.58010	486.29735	2	44.5238	2
970.58060	486.29760	2	32.4107	2
970.58165	486.29810	2	68.7019	2
971.50530	486.75990	2	30.9229	2
971.52915	486.77185	2	35.4125	2
971.52930	486.77195	2	48.1725	2
971.52945	486.77200	2	58.3096	2
971.55340	486.78400	2	57.1091	2
971.56550	486.79000	2	32.9535	2
972.44240	487.22850	2	30.2126	1
972.46680	487.24070	2	32.6032	2
972.47385	487.24425	2	68.3042	2
972.57215	487.29335	2	34.3450	2
973.50810	487.76130	2	41.5688	2
973.54410	487.77935	2	33.2236	2
974.50350	488.25905	2	37.4884	2
974.51825	488.26640	2	58.5316	2
975.47440	488.74450	2	44.8679	2
975.49540	488.75500	2	80.3731	1
975.50250	488.75850	2	52.2459	1
975.53860	488.77660	2	64.3439	1
976.49695	489.25575	2	57.6418	2
976.50935	489.26195	2	47.2950	2
976.52335	489.26895	2	59.9436	2
976.54575	489.28015	2	40.3789	2
977.44445	489.72950	2	46.5015	2
977.48150	489.74805	2	45.0770	2
977.51885	489.76670	2	51.6422	2
978.46505	490.23980	2	45.3648	2
978.47880	490.24670	2	41.2467	2
978.50205	490.25830	2	59.6828	2
979.44930	490.73195	2	65.9309	2
979.46130	490.73790	2	38.1368	2
979.49720	490.75590	2	51.9751	2
979.51705	490.76580	2	52.5608	2
979.57040	490.79250	2	39.5583	2
979.57040	490.79250	2	55.6969	1
980.45710	491.23585	2	36.3459	2
980.49705	491.25580	2	51.8084	2
981.52645	491.77050	2	29.1192	2
981.56000	491.78725	2	39.7073	2
981.59705	491.80580	2	40.7470	2
982.46020	492.23735	2	33.1365	2
982.47515	492.24485	2	41.5276	2
982.51970	492.26715	2	37.6982	2
983.47390	492.74425	2	47.6701	2
983.50415	492.75935	2	42.0153	2
983.57650	492.79555	2	63.6461	2
983.58415	492.79935	2	71.1150	2
983.58835	492.80145	2	43.6772	2
983.60125	492.80790	2	57.5821	2
984.43910	493.22685	2	33.3942	2
984.49325	493.25395	2	51.4399	2
984.63295	493.32375	2	49.5772	2
985.37560	493.69505	2	33.8790	2
985.53800	493.77625	2	45.7901	2
985.54510	493.77980	2	43.0195	2
985.55580	493.78520	2	42.8187	2
986.48930	494.25195	2	67.0212	2
986.49360	494.25410	2	39.7770	1
987.50005	494.75730	2	30.7815	2
987.50400	494.75930	2	55.7224	1
987.52385	494.76920	2	44.3310	2
987.53480	494.77465	2	49.1131	2
987.57130	494.79290	2	58.8228	2
988.48250	495.24855	2	37.6488	2
988.50125	495.25790	2	64.1581	2
988.50790	495.26120	2	44.8260	1
988.51945	495.26700	2	42.3249	2
988.52050	495.26755	2	52.5727	2
988.54360	495.27910	2	46.7312	2
988.57390	495.29420	2	71.5205	2
988.58140	495.29795	2	50.2943	2
989.47960	495.74705	2	32.3461	2
989.49680	495.75570	2	35.7786	3
989.55360	495.78410	2	47.7978	2
989.55500	495.78480	2	58.2822	2
989.57620	495.79540	2	64.8478	1
990.45825	496.23645	2	36.4269	2
990.47375	496.24415	2	45.4152	2
990.50560	496.26010	2	60.1075	1
990.51310	496.26380	2	53.4350	1
990.51350	496.26400	2	48.3155	1
990.55005	496.28230	2	72.5190	2
991.50925	496.76190	2	66.8933	2
991.50950	496.76200	2	60.2221	1
991.54510	496.77980	2	68.7689	2
991.57060	496.79255	2	60.8146	2
992.48465	497.24960	2	56.0797	2
992.53210	497.27330	2	80.7064	2
992.55390	497.28420	2	68.4100	1
992.60175	497.30815	2	70.3698	2
993.44070	497.72760	2	42.3249	2
993.44670	497.73060	2	28.9176	1
993.45175	497.73315	2	39.7890	2
993.49345	497.75400	2	63.2245	2
993.51220	497.76340	2	49.3265	1
993.51270	497.76365	2	52.8814	2
993.53160	497.77310	2	67.7690	2
993.54870	497.78165	2	63.9914	2
994.43910	498.22680	2	36.0919	1
994.45480	498.23470	2	35.1697	1
994.49820	498.25635	2	48.6945	2
994.50860	498.26155	2	47.0435	2
994.50870	498.26165	2	31.3633	2
994.51610	498.26535	2	72.6960	2
994.54480	498.27970	2	34.2740	2
994.60590	498.31025	2	73.5959	2
994.65400	498.33425	2	45.6300	2
995.48900	498.75180	2	36.3970	1
995.49230	498.75340	2	43.1778	1
996.49770	499.25610	2	37.3875	1
996.52935	499.27195	2	47.6926	2
996.53135	499.27295	2	68.0607	2
996.57150	499.29305	2	44.7793	2
997.58145	499.79800	2	38.4716	2
998.58650	500.30060	2	40.2213	1
999.48210	500.74830	2	31.1127	2
999.53435	500.77445	2	42.1452	2
999.53480	500.77470	2	29.1816	1
999.57130	500.79290	2	31.5644	2
1000.49300	501.25380	2	35.5011	2
1000.55365	501.28410	2	75.5497	4
1000.56705	501.29080	2	48.6407	2
1001.51445	501.76450	2	43.6921	2
1001.55475	501.78465	2	66.9015	2
1001.56150	501.78800	2	33.0450	2
1001.59220	501.80340	2	69.2924	1
1002.47200	502.24330	2	33.7245	2
1002.48250	502.24855	2	38.3827	2
1002.48655	502.25055	2	41.1292	2
1002.52725	502.27090	2	36.9593	2
1002.54600	502.28025	2	32.4717	2
1003.50060	502.75755	2	43.0074	2
1003.51880	502.76670	2	43.9643	2
1003.52175	502.76815	2	34.7276	2
1003.57040	502.79250	2	77.4087	2
1004.44620	503.23040	2	34.3450	2
1004.52850	503.27155	2	56.8100	2
1004.54040	503.27745	2	47.6015	2
1004.56545	503.29000	2	42.6470	2
1005.46930	503.74190	2	48.6442	1
1005.48065	503.74760	2	37.5842	2
1005.49535	503.75495	2	30.3405	4
1005.51245	503.76350	2	54.4607	2
1005.53155	503.77305	2	68.2178	2
1005.53470	503.77460	2	35.3201	2
1006.45260	504.23355	2	31.4979	2
1006.47160	504.24310	2	41.3544	2
1006.49895	504.25675	2	53.7529	2
1007.45650	504.73555	2	38.1470	2
1007.46805	504.74130	2	40.6427	2
1007.47545	504.74500	2	51.0938	2
1007.50595	504.76025	2	43.4463	2
1007.52290	504.76870	2	64.6456	1
1007.52860	504.77155	2	43.1604	2
1007.53935	504.77695	2	55.5727	2
1007.54370	504.77910	2	67.9150	2
1007.67395	504.84425	2	72.4336	2
1008.47665	505.24560	2	50.0429	2
1008.51225	505.26340	2	60.5829	2
1008.51745	505.26600	2	50.9737	2
1008.52760	505.27110	2	83.3383	1
1009.44690	505.73070	2	41.9254	2
1009.46180	505.73820	2	44.7317	1
1009.51935	505.76695	2	35.6789	2
1009.54840	505.78145	2	87.4944	2
1010.42970	506.22210	2	34.1781	1
1010.45145	506.23300	2	38.3778	2
1010.51105	506.26280	2	62.9153	2
1010.55500	506.28475	2	48.9946	2
1010.57590	506.29520	2	68.3158	1
1011.52390	506.76920	2	36.2222	2
1011.53525	506.77490	2	44.9492	2
1011.54635	506.78045	2	42.4169	2
1011.57170	506.79315	2	52.1950	2
1011.60745	506.81100	2	67.1358	2
1012.48810	507.25130	2	58.8723	1
1012.57035	507.29245	2	81.9531	4
1012.57070	507.29260	2	57.9950	2
1012.58165	507.29810	2	60.1671	2
1012.60320	507.30890	2	38.5242	2
1012.63960	507.32710	2	48.6400	2
1013.46420	507.73935	2	71.7677	2
1013.54020	507.77740	2	43.5917	2
1013.55485	507.78470	2	64.9187	2
1013.56180	507.78820	2	37.2221	2
1013.58820	507.80140	2	63.6161	1
1013.62360	507.81905	2	66.4281	2
1014.50850	508.26150	2	30.5160	1
1014.50980	508.26220	2	32.5718	1
1014.53415	508.27435	2	42.7266	2
1014.53565	508.27510	2	37.9338	2
1014.57160	508.29310	2	37.0700	2
1014.57355	508.29410	2	45.7512	2
1015.49340	508.75395	2	39.3508	2
1015.54310	508.77880	2	88.6131	1
1015.58540	508.80000	2	70.7322	2
1015.59130	508.80295	2	65.3322	2
1016.46030	509.23740	2	36.4699	2
1016.50100	509.25780	2	40.1377	1
1016.51720	509.26590	2	47.3544	2
1016.53150	509.27305	2	48.0961	2
1016.54050	509.27755	2	42.4752	2
1016.54820	509.28140	2	48.6918	2
1017.46800	509.74130	2	35.1265	1
1017.47300	509.74380	2	41.2980	2
1017.51710	509.76585	2	76.9118	2
1017.53480	509.77465	2	38.5166	2
1017.57740	509.79595	2	40.2335	2
1017.60810	509.81130	2	65.1538	1
1017.62200	509.81830	2	65.9659	2
1018.54535	510.27995	2	39.6732	2
1018.58125	510.29790	2	70.2172	2
1019.42020	510.71740	2	43.2089	2
1019.50295	510.75875	2	42.6735	2
1019.53990	510.77725	2	53.7619	2
1019.54025	510.77740	2	34.8882	2
1019.54695	510.78075	2	66.4895	2
1019.55200	510.78330	2	47.0270	2
1020.44400	511.22930	2	28.2990	1
1020.52340	511.26900	2	63.6867	3
1020.52370	511.26910	2	49.1226	2
1020.52375	511.26915	2	55.9558	2
1020.53580	511.27520	2	54.3389	2
1021.43955	511.72705	2	37.4985	2
1021.44905	511.73180	2	33.8686	2
1021.49290	511.75370	2	30.0352	3
1021.51150	511.76305	2	43.2649	2
1021.54490	511.77970	2	60.2499	2
1021.60365	511.80910	2	51.6977	2
1022.50340	512.25900	2	52.9996	1
1022.51075	512.26265	2	76.8802	2
1023.44740	512.73095	2	38.7464	2
1023.48690	512.75070	2	37.7058	2
1023.51715	512.76585	2	60.1513	2
1023.60765	512.81110	2	67.7933	2
1024.37465	513.19460	2	41.6827	2
1024.60450	513.30950	2	52.2155	1
1025.45420	513.73440	2	38.1618	1
1025.50370	513.75910	2	40.4314	2
1025.55025	513.78240	2	34.8372	2
1025.60290	513.80870	2	48.6098	2
1026.44540	514.23000	2	41.9604	2
1027.56590	514.79020	2	32.8729	1
1027.56615	514.79035	2	35.9144	2
1027.58135	514.79795	2	74.1932	2
1027.59130	514.80290	2	58.4098	1
1027.60200	514.80830	2	68.4464	2
1028.56000	515.28725	2	42.7579	2
1029.47700	515.74580	2	41.8208	2
1029.47720	515.74590	2	56.4413	2
1029.53940	515.77695	2	51.8940	2
1029.54180	515.77820	2	36.9543	2
1029.54560	515.78005	2	33.8364	2
1029.58250	515.79855	2	36.2497	2
1030.52935	516.27195	2	35.0262	2
1030.59145	516.30300	2	78.6188	2
1030.60635	516.31045	2	75.2325	2
1031.46385	516.73920	2	63.6228	2
1031.50320	516.75885	2	41.1319	2
1031.50700	516.76080	2	48.7471	2
1031.54555	516.78005	2	51.2651	2
1031.58590	516.80020	2	61.6488	1
1031.58660	516.80060	2	56.2603	2
1032.49810	517.25635	2	41.5060	2
1032.53430	517.27445	2	48.3247	2
1032.56040	517.28745	2	54.9890	2
1032.59690	517.30575	2	73.1635	2
1033.56615	517.79035	2	42.5565	2
1033.58100	517.79775	2	81.8289	2
1033.61650	517.81555	2	69.2967	2
1034.52190	518.26820	2	64.2985	2
1035.48800	518.75125	2	60.6973	2
1035.56055	518.78755	2	60.0275	2
1036.51850	519.26650	2	41.0719	2
1036.51930	519.26690	2	43.1203	2
1036.53400	519.27425	2	70.9300	2
1036.53790	519.27625	2	67.1627	2
1036.55545	519.28500	2	62.7864	2
1037.50630	519.76045	2	33.4194	2
1037.64875	519.83165	2	70.6383	2
1038.48135	520.24795	2	46.3914	2
1038.48600	520.25030	2	60.3708	1
1038.54700	520.28080	2	34.4042	2
1039.46445	520.73950	2	47.1742	2
1039.49795	520.75625	2	51.8784	2
1039.56540	520.79000	2	45.5352	1
1039.56655	520.79055	2	47.3455	4
1040.46875	521.24165	2	40.7305	2
1040.49330	521.25390	2	30.9005	2
1040.49620	521.25540	2	41.4528	2
1040.54890	521.28170	2	53.7210	2
1040.56885	521.29170	2	49.3994	2
1040.59725	521.30590	2	56.3892	2
1040.62240	521.31850	2	73.3553	2
1040.65940	521.33700	2	59.2918	2
1041.44010	521.72735	2	44.8938	2
1041.45455	521.73455	2	35.3201	2
1041.53315	521.77385	2	49.6980	2
1041.58080	521.79770	2	51.6082	2
1042.51540	522.26495	2	63.8807	2
1042.53030	522.27245	2	37.1327	2
1042.55625	522.28540	2	53.0404	2
1042.57790	522.29625	2	40.5273	2
1043.54315	522.77885	2	48.1121	2
1043.55005	522.78230	2	78.5846	2
1043.56190	522.78825	2	36.0968	2
1043.56255	522.78855	2	33.0083	2
1043.60315	522.80885	2	62.9336	2
1044.53905	523.27680	2	65.6333	2
1044.55575	523.28515	2	43.0738	2
1044.56070	523.28760	2	57.7805	2
1045.02935	523.52195	2	44.1074	4
1045.51200	523.76325	2	56.6401	2
1045.52810	523.77130	2	36.7162	1
1045.53980	523.77720	2	32.8182	2
1045.54030	523.77745	2	30.6820	2
1045.55895	523.78675	2	62.6682	2
1045.60180	523.80820	2	59.9410	2
1046.52470	524.26960	2	35.1776	2
1046.58815	524.30135	2	37.6488	2
1046.59670	524.30565	2	48.9244	2
1047.52735	524.77095	2	59.4409	2
1048.47960	525.24705	2	34.7558	2
1048.55570	525.28510	2	31.2273	2
1049.52620	525.77035	2	50.2763	2
1049.56175	525.78815	2	36.9776	2
1050.50830	526.26140	2	41.7561	1
1050.50940	526.26200	2	45.5327	2
1050.53390	526.27420	2	47.5503	2
1050.55670	526.28565	2	30.9741	2
1050.57155	526.29305	2	61.6033	2
1050.59625	526.30540	2	67.9383	2
1051.49375	526.75415	2	36.5222	2
1052.46300	527.23875	2	57.0726	2
1053.61810	527.81635	2	55.4488	2
1054.49700	528.25580	2	68.2640	2
1054.53400	528.27430	2	74.4583	2
1054.54140	528.27800	2	31.3850	3
1054.60130	528.30795	2	51.3544	2
1054.60260	528.30860	2	56.4260	2
1055.42320	528.71885	2	46.7841	2
1055.49270	528.75365	2	44.1916	2
1055.57750	528.79600	2	48.8558	1
1055.58610	528.80030	2	63.1765	2
1055.58610	528.80030	2	67.2004	2
1055.62350	528.81900	2	64.4079	1
1056.53250	529.27350	2	76.5747	1
1056.55985	529.28720	2	42.8770	2
1056.58075	529.29765	2	54.4515	2
1056.59315	529.30385	2	52.3077	2
1057.51215	529.76335	2	71.8949	2
1057.56910	529.79185	2	37.4657	2
1057.57635	529.79545	2	35.4073	2
1057.57665	529.79560	2	43.9544	2
1057.61680	529.81565	2	36.5916	2
1057.63855	529.82655	2	77.3510	2
1057.63870	529.82660	2	50.0086	1
1058.49230	530.25340	2	50.0381	2
1058.54465	530.27960	2	78.0107	2
1058.55800	530.28630	2	71.5817	2
1058.57310	530.29380	2	46.2581	1
1058.59590	530.30520	2	39.2014	2
1059.50900	530.76180	2	42.9822	2
1059.53940	530.77700	2	54.9695	1
1059.60015	530.80735	2	56.3341	2
1060.47755	531.24605	2	33.1417	2
1060.52270	531.26865	2	73.8160	2
1060.57395	531.29425	2	64.8656	2
1060.61745	531.31600	2	82.6980	2
1061.54995	531.78225	2	44.2452	2
1061.57595	531.79525	2	74.2579	2
1062.52355	532.26905	2	77.4708	2
1062.53485	532.27470	2	55.9271	2
1062.57150	532.29300	2	59.7145	2
1062.58315	532.29885	2	55.6470	2
1063.53020	532.77235	2	43.4140	2
1063.54095	532.77775	2	45.5661	2
1063.55540	532.78500	2	60.3411	1
1064.52640	533.27050	2	38.3109	1
1064.63425	533.32440	2	53.6769	2
1065.44770	533.73115	2	45.8628	2
1065.55275	533.78365	2	77.7364	2
1065.55330	533.78395	2	60.7248	2
1065.65490	533.83470	2	72.9049	1
1066.45765	534.23610	2	53.1530	2
1066.46730	534.24095	2	31.4275	2
1066.50790	534.26125	2	32.1616	2
1066.51855	534.26655	2	55.7686	2
1066.60680	534.31070	2	80.8230	1
1067.51315	534.76385	2	44.7952	2
1067.57160	534.79305	2	51.9823	2
1068.55050	535.28250	2	36.0470	3
1068.55980	535.28720	2	63.1425	2
1068.58025	535.29740	2	59.5250	2
1068.59255	535.30355	2	56.4183	2
1068.65390	535.33420	2	44.5820	2
1070.57200	536.29330	2	67.8488	1
1070.60865	536.31160	2	44.0553	2
1070.63365	536.32410	2	68.4392	2
1070.65890	536.33670	2	75.5058	1
1071.41680	536.71570	2	39.1145	2
1071.56610	536.79035	2	48.2563	2
1072.52940	537.27195	2	46.7681	2
1072.57385	537.29420	2	72.7907	2
1072.57510	537.29480	2	53.0570	5
1072.59580	537.30520	2	38.2307	2
1072.61325	537.31390	2	40.3717	2
1073.49865	537.75660	2	44.1335	2
1073.51790	537.76625	2	53.5852	2
1073.52400	537.76930	2	33.2830	2
1073.58705	537.80080	2	43.2167	2
1073.59130	537.80295	2	58.4281	2
1073.60850	537.81155	2	85.8715	2
1073.60920	537.81190	2	33.7191	2
1073.65920	537.83685	2	62.4419	2
1074.54515	538.27985	2	42.6963	2
1074.55235	538.28345	2	52.5847	2
1074.56950	538.29200	2	54.4487	1
1074.57090	538.29270	2	59.1081	2
1075.47865	538.74660	2	32.6604	2
1075.53320	538.77390	2	65.0986	2
1075.59210	538.80330	2	69.8788	2
1075.61280	538.81365	2	56.8903	2
1075.62790	538.82125	2	66.6945	2
1076.51385	539.26420	2	48.5187	2
1076.52950	539.27205	2	32.1667	2
1076.56055	539.28755	2	53.4334	2
1076.57170	539.29315	2	42.0229	2
1077.57070	539.79260	2	63.7101	2
1077.60445	539.80950	2	38.2632	2
1078.50365	540.25910	2	40.0606	2
1081.62370	541.81910	2	59.1159	2
1082.53215	542.27335	2	53.9406	2
1082.55520	542.28490	2	81.4165	2
1082.64600	542.33025	2	54.2789	2
1084.48635	543.25045	2	37.6111	2
1084.51965	543.26710	2	73.0170	2
1084.54610	543.28030	2	26.6173	1
1084.57085	543.29270	2	88.1699	2
1084.57265	543.29360	2	93.0117	2
1084.63845	543.32650	2	77.9745	2
1084.66080	543.33765	2	54.7100	2
1085.60790	543.81120	2	53.4893	1
1085.60805	543.81130	2	50.6424	2
1085.61290	543.81370	2	42.5799	2
1085.62380	543.81920	2	74.0252	1
1085.64495	543.82975	2	66.3687	2
1086.06400	544.03925	2	49.4435	4
1086.55570	544.28515	2	46.8462	2
1086.56740	544.29100	2	50.1509	1
1086.56790	544.29120	2	32.2895	2
1086.59180	544.30320	2	37.1577	1
1087.55105	544.78280	2	50.2090	2
1087.56310	544.78880	2	41.3173	1
1087.56400	544.78930	2	41.2940	1
1087.58820	544.80140	2	40.5725	2
1087.61295	544.81375	2	69.4429	2
1088.45520	545.23490	2	35.8242	2
1088.50975	545.26215	2	30.3380	2
1088.55485	545.28470	2	70.0907	2
1088.57185	545.29320	2	31.3044	2
1088.60825	545.31140	2	34.2462	2
1089.51440	545.76450	2	30.8375	1
1089.53155	545.77305	2	40.8036	2
1089.55790	545.78620	2	32.8232	2
1089.56710	545.79085	2	61.7553	2
1089.60285	545.80870	2	43.7248	2
1090.46845	546.24150	2	36.6120	2
1090.60245	546.30850	2	58.0268	2
1091.51680	546.76570	2	54.5199	2
1092.53920	547.27690	2	54.2090	2
1092.58190	547.29820	2	52.9716	1
1093.54060	547.77760	2	56.9496	2
1093.54085	547.77770	2	43.0039	2
1094.08095	548.04775	2	35.1430	4
1094.55125	548.28290	2	66.9922	2
1094.55480	548.28465	2	76.7243	2
1094.56085	548.28770	2	31.6978	2
1094.59690	548.30575	2	56.5867	2
1095.46630	548.74045	2	51.9191	2
1095.55585	548.78520	2	53.3910	2
1095.56430	548.78940	2	68.3647	2
1095.58250	548.79850	2	54.6614	1
1096.51915	549.26685	2	47.2872	2
1096.56300	549.28880	2	41.0495	2
1097.60900	549.81180	2	55.5178	2
1097.61980	549.81715	2	35.5946	2
1098.53475	550.27465	2	43.9827	2
1098.58080	550.29770	2	34.5187	1
1098.58355	550.29905	2	49.0717	2
1099.49380	550.75420	2	59.2844	3
1099.56270	550.78860	2	40.8583	1
1100.46005	551.23730	2	65.2740	2
1100.55490	551.28470	2	36.3918	1
1100.55795	551.28625	2	32.1906	2
1100.57180	551.29315	2	70.2789	2
1101.52570	551.77010	2	54.7872	2
1101.55570	551.78515	2	69.4813	2
1101.60620	551.81035	2	36.4972	2
1101.65160	551.83310	2	51.8368	2
1102.50800	552.26130	2	64.9824	2
1102.56705	552.29080	2	32.8936	2
1102.57730	552.29590	2	63.1644	2
1102.58695	552.30075	2	34.9257	2
1102.60560	552.31010	2	57.7215	1
1103.56125	552.78790	2	38.2880	2
1103.58270	552.79860	2	49.5201	2
1103.63855	552.82655	2	83.5144	2
1104.47640	553.24545	2	33.6574	4
1104.50960	553.26210	2	51.7241	2
1104.53100	553.27275	2	43.2955	2
1104.54640	553.28050	2	42.9268	2
1104.54700	553.28080	2	45.3596	2
1104.56395	553.28925	2	47.3169	2
1104.56645	553.29050	2	31.9228	2
1104.59250	553.30355	2	58.9391	2
1104.62590	553.32020	2	86.6860	1
1104.69175	553.35315	2	87.7630	2
1105.57680	553.79570	2	63.7384	2
1106.53975	554.27715	2	46.4963	2
1106.58660	554.30055	2	81.9191	2
1106.60900	554.31175	2	81.2117	2
1107.53840	554.77645	2	60.1977	2
1107.54480	554.77965	2	53.2404	2
1107.55010	554.78235	2	64.7102	2
1107.55650	554.78555	2	35.8294	2
1107.57920	554.79690	2	90.6594	11
1107.59235	554.80345	2	43.4754	2
1108.51630	555.26545	2	30.5229	2
1108.57150	555.29305	2	77.1965	2
1108.91995	555.46725	2	35.9686	4
1109.50300	555.75880	2	74.2578	2
1109.53295	555.77375	2	77.7508	2
1109.53995	555.77725	2	46.0718	2
1109.54770	555.78115	2	89.0964	2
1109.57130	555.79290	2	31.5002	2
1109.58630	555.80040	2	57.2100	1
1109.61235	555.81345	2	70.1488	2
1109.68130	555.84790	2	77.6269	2
1110.52010	556.26730	2	59.2367	2
1110.55310	556.28380	2	53.8223	2
1110.59010	556.30230	2	82.1420	2
1110.60800	556.31130	2	75.9291	1
1110.66530	556.33990	2	73.2256	2
1111.57070	556.79265	2	32.4926	2
1114.55630	558.28545	2	77.0412	2
1114.56230	558.28845	2	38.2087	2
1114.56290	558.28870	2	46.9524	5
1114.56670	558.29060	2	63.3479	2
1114.62365	558.31910	2	60.9644	2
1114.63500	558.32475	2	51.8744	2
1115.51420	558.76435	2	46.0641	2
1115.54555	558.78005	2	44.7371	2
1115.55640	558.78545	2	33.2965	2
1115.57885	558.79670	2	40.7537	2
1115.58535	558.79995	2	52.6946	2
1115.60120	558.80790	2	54.9239	2
1116.50250	559.25855	2	42.7605	2
1116.54075	559.27765	2	32.3381	2
1116.56575	559.29015	2	55.4005	2
1116.56640	559.29050	2	53.2124	2
1116.58220	559.29840	2	71.4565	2
1116.60325	559.30890	2	30.2476	2
1116.61105	559.31280	2	33.7114	2
1116.65350	559.33400	2	82.0921	2
1117.52680	559.77070	2	37.9653	2
1117.54355	559.77905	2	41.2178	2
1117.56250	559.78850	2	49.8689	2
1117.58460	559.79960	2	73.4712	1
1117.60560	559.81010	2	69.8493	2
1118.01785	560.01620	2	45.2388	4
1118.48410	560.24930	2	31.4326	2
1118.54795	560.28125	2	75.0538	2
1118.63345	560.32400	2	55.8802	2
1119.54150	560.77800	2	68.1280	2
1119.56790	560.79120	2	55.5281	3
1119.58290	560.79870	2	61.3464	2
1119.59435	560.80445	2	66.2282	2
1119.66920	560.84185	2	81.6733	2
1120.57665	561.29560	2	59.3243	2
1121.53420	561.77440	2	67.5257	2
1121.54700	561.78080	2	41.9213	1
1121.57170	561.79310	2	41.1855	1
1121.61015	561.81235	2	46.3787	2
1122.50950	562.26200	2	58.5491	1
1123.47845	562.74650	2	45.1264	2
1123.57040	562.79250	2	56.3008	2
1123.58230	562.79840	2	52.5243	2
1124.42080	563.21770	2	30.4389	1
1124.61980	563.31715	2	68.1837	2
1124.63090	563.32270	2	36.1812	6
1124.68035	563.34745	2	79.4051	2
1125.51105	563.76280	2	33.4904	2
1125.53625	563.77540	2	47.8597	2
1125.57320	563.79390	2	41.9157	2
1125.63970	563.82715	2	59.8451	2
1126.49575	564.25515	2	53.2734	2
1126.59760	564.30610	2	50.5346	2
1126.61720	564.31585	2	82.7120	2
1126.66130	564.33790	2	76.1013	3
1127.47460	564.74455	2	67.8556	2
1127.53235	564.77345	2	65.0749	2
1127.54000	564.77730	2	43.4069	1
1127.56120	564.78790	2	76.5599	1
1127.56420	564.78935	2	41.3939	2
1127.61325	564.81390	2	60.8521	2
1127.65550	564.83500	2	51.4438	3
1128.55570	565.28510	2	52.8159	1
1128.56580	565.29020	2	40.7202	2
1128.57825	565.29640	2	41.6199	2
1128.58900	565.30180	2	30.7529	2
1128.63915	565.32685	2	58.6452	2
1129.58010	565.79730	2	54.6024	2
1129.63385	565.82420	2	33.6442	2
1129.63445	565.82450	2	38.4990	2
1129.67105	565.84280	2	68.9160	2
1130.55855	566.28655	2	46.2413	2
1131.57770	566.79610	2	32.8571	2
1131.62925	566.82190	2	69.3239	2
1131.65455	566.83455	2	80.7145	2
1132.53795	567.27625	2	31.0878	2
1132.55605	567.28530	2	55.8021	2
1132.58890	567.30175	2	60.7882	2
1133.53780	567.77620	2	33.2830	1
1133.54810	567.78130	2	31.8454	1
1133.55385	567.78420	2	68.1297	2
1133.57150	567.79300	2	54.9198	2
1133.57150	567.79305	2	71.2947	2
1133.57440	567.79445	2	65.0638	2
1133.60885	567.81170	2	61.2308	2
1133.64600	567.83030	2	66.9369	2
1134.53390	568.27425	2	42.7869	2
1134.53575	568.27515	2	45.3699	2
1134.55195	568.28325	2	33.7682	2
1134.57720	568.29590	2	45.1600	2
1135.59895	568.80675	2	46.0981	2
1136.53545	569.27500	2	52.2533	2
1136.57115	569.29285	2	59.7987	2
1136.57150	569.29300	2	56.6683	2
1137.56535	569.78995	2	81.6449	2
1137.57880	569.79665	2	54.1008	2
1138.56585	570.29020	2	61.2259	2
1138.58710	570.30080	2	33.0817	2
1139.54565	570.78010	2	53.3752	2
1139.56205	570.78830	2	65.4558	2
1139.62980	570.82220	2	38.3155	2
1139.65520	570.83490	2	60.4730	2
1140.52380	571.26920	2	31.7514	2
1141.55625	571.78540	2	70.7642	2
1141.56825	571.79140	2	61.4963	2
1141.59650	571.80555	2	30.9592	2
1141.60970	571.81210	2	58.3378	2
1142.03275	572.02365	2	63.8573	4
1142.48790	572.25120	2	44.1619	1
1142.55545	572.28500	2	89.5050	2
1142.55755	572.28605	2	50.6527	2
1142.61770	572.31610	2	53.7871	2
1142.63585	572.32520	2	32.3745	2
1143.50760	572.76110	2	54.6933	2
1143.57170	572.79310	2	64.3263	2
1143.58890	572.80175	2	33.0397	2
1143.69110	572.85285	2	85.8350	2
1144.58815	573.30135	2	48.4107	2
1144.59570	573.30510	2	59.1158	2
1144.60950	573.31200	2	36.7982	2
1144.63625	573.32540	2	56.1705	2
1145.08445	573.54950	2	56.3728	4
1145.57555	573.79505	2	45.9583	2
1145.67070	573.84260	2	69.6845	1
1146.57630	574.29545	2	44.5059	2
1146.61320	574.31385	2	51.6658	2
1147.55075	574.78265	2	61.0883	2
1147.55335	574.78395	2	47.8029	2
1147.55465	574.78460	2	42.2992	2
1147.57965	574.79710	2	63.9099	2
1147.58775	574.80115	2	53.6197	2
1147.63850	574.82655	2	86.8771	2
1148.51220	575.26340	2	32.7459	1
1148.54725	575.28090	2	52.0036	2
1148.56990	575.29225	2	79.0832	2
1148.60790	575.31120	2	57.0685	1
1148.60860	575.31160	2	61.3988	2
1149.56730	575.79090	2	66.8209	2
1149.56735	575.79095	2	56.6399	2
1150.05760	576.03605	2	57.8686	4
1150.54010	576.27735	2	32.3461	2
1150.58750	576.30105	2	54.1832	2
1150.58820	576.30135	2	47.2328	2
1151.49245	576.75350	2	51.0719	2
1151.59390	576.80420	2	39.7529	1
1151.65470	576.83465	2	67.7273	2
1151.72865	576.87160	2	74.8470	2
1152.52750	577.27105	2	29.2232	2
1152.53065	577.27260	2	52.7572	2
1152.54295	577.27875	2	90.8186	2
1152.54875	577.28165	2	59.7066	2
1152.55270	577.28360	2	35.6893	2
1152.58635	577.30045	2	57.2938	2
1154.61995	578.31725	2	58.4045	2
1154.62995	578.32225	2	43.9162	2
1155.56340	578.78900	2	33.4572	2
1155.58140	578.79800	2	87.3396	2
1155.61415	578.81435	2	50.4101	2
1155.62680	578.82070	2	51.1971	2
1155.64945	578.83200	2	48.2036	2
1156.51925	579.26690	2	54.7872	2
1156.51960	579.26705	2	43.8560	2
1156.59250	579.30350	2	84.2768	1
1156.60335	579.30895	2	65.8124	2
1157.56410	579.78930	2	48.5713	1
1157.59325	579.80390	2	57.5563	2
1157.59495	579.80475	2	51.4943	2
1157.63370	579.82410	2	52.3502	2
1158.59960	580.30710	2	41.1370	2
1158.62410	580.31930	2	46.6779	2
1159.57215	580.79335	2	63.5240	2
1159.57440	580.79450	2	32.9146	2
1159.58320	580.79890	2	44.6157	2
1159.59470	580.80465	2	40.1792	2
1159.62035	580.81745	2	38.9660	2
1159.63910	580.82685	2	79.2798	2
1159.68310	580.84885	2	48.7285	2
1160.56450	581.28955	2	36.1942	2
1160.58590	581.30025	2	65.9872	2
1160.58660	581.30060	2	48.7783	2
1160.59245	581.30350	2	72.3667	2
1160.59695	581.30575	2	53.4120	2
1160.60745	581.31100	2	60.8761	2
1160.61530	581.31495	2	35.4392	2
1161.59935	581.80695	2	52.8174	2
1161.60000	581.80730	2	44.9674	3
1161.60700	581.81080	2	72.1766	2
1161.61450	581.81455	2	52.6370	2
1161.66135	581.83795	2	98.1062	2
1162.57010	582.29230	2	52.5177	1
1162.59945	582.30700	2	71.0536	2
1163.55580	582.78520	2	33.2882	1
1163.57640	582.79545	2	64.8055	2
1163.58140	582.79800	2	57.8717	1
1163.60750	582.81100	2	66.5509	2
1164.57155	583.29305	2	30.7918	2
1164.60225	583.30840	2	59.9668	2
1164.60410	583.30930	2	54.1472	2
1164.72365	583.36910	2	69.6915	2
1165.46035	583.73745	2	33.9063	2
1165.57750	583.79600	2	71.8645	3
1165.63495	583.82475	2	63.6227	2
1166.54035	584.27745	2	45.8918	2
1167.59200	584.80330	2	75.3586	2
1167.61775	584.81615	2	84.1112	2
1168.63230	585.32340	2	77.2858	2
1168.64580	585.33020	2	48.6725	3
1168.68115	585.34785	2	68.9830	2
1168.68190	585.34825	2	57.6980	2
1168.74395	585.37925	2	78.7177	2
1169.57140	585.79295	2	53.5279	2
1170.52060	586.26760	2	49.8650	1
1170.57685	586.29570	2	45.3580	2
1170.62535	586.31995	2	46.3785	2
1170.66065	586.33760	2	66.0292	2
1170.66070	586.33765	2	69.7239	2
1171.57690	586.79570	2	64.5704	3
1171.61850	586.81650	2	34.5829	1
1171.62015	586.81735	2	49.4642	2
1171.62440	586.81950	2	55.2774	2
1171.70035	586.85745	2	54.0187	2
1172.59570	587.30510	2	64.9446	1
1172.61525	587.31490	2	39.4635	2
1172.61910	587.31680	2	70.6234	3
1172.62925	587.32190	2	73.0704	2
1172.62980	587.32220	2	65.3010	2
1172.63965	587.32710	2	70.3039	2
1173.50210	587.75830	2	59.8407	1
1173.58905	587.80180	2	45.7266	2
1173.61415	587.81435	2	84.6078	2
1174.06615	588.04035	2	32.6722	4
1174.54870	588.28160	2	31.0768	1
1174.56115	588.28785	2	53.3803	2
1174.60910	588.31180	2	39.8158	2
1175.53650	588.77550	2	43.3537	1
1175.57250	588.79355	2	59.8766	2
1175.58675	588.80065	2	68.1279	2
1175.61950	588.81705	2	40.6349	2
1175.65645	588.83550	2	58.3147	2
1176.50670	589.26060	2	30.8138	1
1176.58140	589.29800	2	52.1563	2
1177.60900	589.81180	2	62.4028	1
1177.63505	589.82480	2	65.4231	2
1177.63640	589.82550	2	40.8635	1
1177.66110	589.83785	2	83.8514	2
1177.66150	589.83800	2	89.3909	3
1178.46255	590.23855	2	67.0788	2
1178.51735	590.26595	2	37.1574	2
1178.54575	590.28015	2	47.1037	2
1178.56425	590.28940	2	27.9556	2
1179.54400	590.77930	2	41.3275	1
1180.52285	591.26870	2	61.6167	2
1180.59775	591.30615	2	63.9099	2
1180.70700	591.36080	2	84.8049	2
1181.65160	591.83305	2	54.0188	2
1182.54150	592.27805	2	74.1085	2
1182.57210	592.29330	2	71.7881	1
1182.60470	592.30960	2	70.5511	2
1182.62775	592.32115	2	71.6422	2
1182.66485	592.33970	2	57.6124	2
1182.67965	592.34710	2	77.8211	2
1184.58660	593.30060	2	60.3750	2
1184.60505	593.30980	2	49.3993	2
1185.57435	593.79445	2	85.3789	2
1185.57865	593.79660	2	35.1185	2
1185.63935	593.82695	2	78.5967	2
1185.65140	593.83295	2	63.2378	2
1186.54410	594.27930	2	44.4136	2
1186.65650	594.33550	2	46.1325	2
1187.58965	594.80210	2	48.8025	2
1187.59420	594.80435	2	64.6551	2
1187.62260	594.81860	2	76.6551	2
1187.70230	594.85840	2	87.0716	2
1187.70300	594.85880	2	79.6597	2
1188.58930	595.30195	2	41.1851	2
1188.59825	595.30640	2	45.1315	2
1188.61565	595.31510	2	49.6120	2
1189.54120	595.77790	2	77.8879	2
1189.63810	595.82635	2	51.2909	2
1189.64560	595.83005	2	69.0011	2
1189.67165	595.84310	2	73.4568	2
1190.56010	596.28730	2	54.3677	2
1190.59160	596.30310	2	32.6414	1
1190.60065	596.30760	2	63.3426	2
1191.61455	596.81455	2	56.8720	2
1191.66540	596.84000	2	81.5139	2
1192.52850	597.27155	2	45.4467	2
1192.57730	597.29590	2	42.8964	1
1192.61600	597.31525	2	65.6385	2
1192.66175	597.33815	2	86.0729	2
1193.61610	597.81530	2	37.2025	2
1193.63365	597.82410	2	66.8210	2
1193.67045	597.84250	2	89.0366	2
1194.51300	598.26380	2	29.7152	2
1194.61390	598.31420	2	66.4530	1
1195.61035	598.81245	2	59.6178	2
1196.54945	599.28200	2	44.2743	2
1196.57220	599.29340	2	33.8984	2
1196.64860	599.33160	2	48.0058	2
1197.54565	599.78010	2	77.1351	2
1197.57065	599.79260	2	51.4865	2
1197.57520	400.19900	3	34.1297	1
1197.59205	599.80330	2	62.4707	2
1197.62525	599.81990	2	59.0623	2
1197.66435	599.83945	2	73.3742	2
1197.69790	599.85625	2	74.4236	2
1198.61960	400.54715	3	51.2601	2
1198.62475	600.31965	2	69.3375	2
1198.65495	600.33475	2	39.3246	2
1198.65535	400.55905	3	39.2872	2
1199.50880	600.76170	2	59.1632	1
1199.54670	600.78060	2	54.0441	2
1199.67710	600.84585	2	69.6105	2
1199.71290	600.86375	2	77.5688	2
1200.61910	401.21365	3	40.8114	2
1200.62345	601.31900	2	58.2028	2
1200.62400	601.31930	2	40.8167	2
1200.64610	601.33030	2	51.3177	2
1200.65150	601.33300	2	78.8887	2
1201.09155	601.55305	2	41.3493	4
1201.59800	601.80625	2	65.2285	2
1201.60970	401.54385	3	46.4413	2
1201.61960	601.81710	2	74.1022	2
1201.62955	401.55045	3	34.6651	2
1201.63075	601.82265	2	35.2460	2
1201.66655	401.56280	3	45.5075	2
1201.66700	601.84075	2	45.4546	2
1201.66800	601.84130	2	55.9185	1
1202.58840	602.30145	2	38.9972	2
1202.60435	401.87535	3	47.4589	2
1202.60490	602.30970	2	47.5475	2
1202.64125	401.88770	3	37.8010	2
1202.64370	602.32915	2	37.7601	2
1202.65140	602.33300	2	63.8568	2
1203.59840	602.80650	2	40.2283	2
1203.61735	602.81595	2	72.6773	4
1203.67255	602.84355	2	50.8277	2
1204.48300	603.24880	2	41.1218	1
1204.58305	603.29880	2	51.8211	2
1204.60200	603.30830	2	55.7829	1
1204.60895	603.31175	2	56.2358	2
1204.61180	603.31320	2	91.9238	1
1204.65685	402.55955	3	46.9854	2
1204.65765	603.33610	2	46.9903	2
1205.56120	603.78790	2	59.8759	1
1205.56500	402.86225	3	58.5964	2
1205.59050	402.87075	3	58.3458	2
1205.62960	603.82205	2	55.6070	2
1205.64100	603.82775	2	53.5580	2
1205.71220	402.91130	3	64.0510	2
1205.71340	603.86400	2	64.0917	2
1206.59520	604.30490	2	60.0904	2
1206.60600	604.31030	2	71.9238	3
1206.62535	604.31995	2	63.4430	2
1207.57235	604.79345	2	61.6706	2
1207.61975	604.81715	2	54.4013	2
1207.62465	604.81960	2	71.6369	2
1207.66250	604.83850	2	87.5272	1
1207.67420	604.84440	2	83.4787	2
1207.76660	604.89060	2	79.9876	2
1208.52370	605.26910	2	37.8844	2
1208.59315	605.30385	2	81.9863	2
1208.60365	605.30910	2	67.4627	2
1209.58830	605.80140	2	47.1714	2
1210.56105	606.28780	2	45.6528	2
1210.59920	606.30690	2	62.1961	2
1210.61340	404.54505	3	61.8428	2
1210.63120	404.55100	3	36.5300	2
1210.74055	606.37755	2	69.8999	2
1211.59765	606.80610	2	61.3793	2
1211.61935	606.81695	2	77.2268	2
1211.62600	404.88260	3	34.0639	1
1211.65125	404.89100	3	47.4959	2
1211.65150	606.83305	2	47.5528	2
1212.56630	405.19600	3	26.2877	1
1212.64980	405.22390	3	55.4104	1
1213.64570	405.55585	3	52.7983	2
1213.66665	607.84060	2	47.3808	2
1213.67090	405.56420	3	81.0406	2
1214.49620	608.25540	2	90.4032	2
1214.59730	608.30595	2	62.5882	2
1214.70320	608.35890	2	62.1650	1
1215.59865	608.80660	2	49.4525	2
1215.64660	608.83060	2	59.4148	2
1215.65190	608.83320	2	82.0161	2
1215.68290	608.84875	2	33.2341	2
1215.68395	406.23525	3	33.2017	2
1216.57560	609.29510	2	48.0960	2
1216.57640	609.29550	2	38.0310	2
1216.62205	609.31830	2	54.3308	2
1216.65780	609.33620	2	68.8863	2
1217.56910	609.79185	2	69.1917	2
1217.60750	609.81105	2	56.8147	2
1217.60860	609.81160	2	75.1591	1
1217.67700	406.89960	3	67.2823	2
1218.63610	610.32530	2	61.7164	1
1218.66600	610.34030	2	82.3930	1
1219.61305	610.81380	2	48.8040	2
1220.64035	611.32745	2	53.6275	2
1220.64135	611.32795	2	77.4398	2
1221.13245	611.57350	2	49.4595	4
1221.59780	611.80620	2	58.0835	2
1221.61060	611.81260	2	29.9753	2
1221.61125	408.21105	3	29.8630	2
1221.63545	611.82500	2	55.8243	2
1222.62035	612.31745	2	55.7408	2
1223.54190	612.77825	2	45.6271	2
1223.56770	408.86320	3	35.2404	1
1223.62585	612.82020	2	34.5229	2
1223.65100	408.89095	3	46.8514	2
1223.65100	408.89090	3	46.4239	1
1223.71370	612.86410	2	84.9012	13
1224.62415	613.31935	2	67.5754	2
1224.62985	613.32220	2	53.0530	2
1224.65790	409.22660	3	35.4472	2
1224.65855	613.33655	2	35.7759	2
1224.68415	613.34935	2	42.2426	2
1225.67220	613.84340	2	68.3743	1
1226.69790	614.35620	2	58.3629	1
1226.70770	614.36110	2	80.5572	2
1227.65680	614.83565	2	58.1152	2
1227.66200	614.83825	2	69.3541	2
1227.68160	410.23445	3	48.9571	2
1227.68235	614.84845	2	63.7100	2
1228.16345	615.08900	2	68.1431	4
1228.73925	615.37690	2	81.7574	2
1229.55815	615.78635	2	40.5824	2
1229.61945	615.81700	2	48.9243	2
1229.65000	410.89060	3	46.6110	2
1229.65075	615.83265	2	46.6673	2
1229.69885	615.85670	2	39.1526	2
1229.73835	410.92005	3	58.1467	2
1230.55820	411.19330	3	31.6532	1
1230.58350	616.29900	2	40.7469	2
1230.58815	616.30135	2	59.1976	2
1230.62130	616.31790	2	47.9699	2
1230.64055	616.32755	2	78.1587	2
1230.65700	616.33580	2	40.4675	2
1230.66250	616.33850	2	81.9274	2
1231.58650	616.80050	2	51.3884	2
1231.58680	616.80065	2	35.1184	2
1231.62420	616.81935	2	54.2381	2
1231.62500	616.81980	2	86.9407	2
1231.65695	616.83575	2	59.7410	2
1231.65900	616.83680	2	56.1023	1
1231.69235	411.57140	3	57.1014	2
1232.57235	617.29345	2	32.6305	2
1232.60760	617.31105	2	45.2183	2
1233.60850	617.81155	2	49.6417	2
1233.62100	617.81780	2	43.0400	2
1233.66115	617.83785	2	56.4973	2
1234.56820	412.53000	3	39.4687	2
1234.59710	618.30585	2	34.0249	2
1234.65450	618.33455	2	63.2885	2
1235.60710	618.81085	2	38.6484	2
1235.60725	412.87635	3	38.6149	2
1235.64940	618.83200	2	48.2351	2
1235.65065	412.89085	3	48.1725	2
1235.66935	412.89705	3	57.2366	2
1235.66975	618.84215	2	57.2990	2
1235.69350	412.90510	3	48.3101	1
1236.56195	619.28825	2	47.4957	2
1237.52670	619.77060	2	74.4593	1
1237.63450	413.55210	3	36.5557	2
1237.63550	619.82505	2	36.6224	2
1237.64700	619.83075	2	63.0900	2
1237.74020	619.87740	2	66.8748	2
1239.59215	620.80335	2	57.8729	2
1239.59620	414.20600	3	34.4406	2
1239.62100	620.81780	2	61.5619	1
1239.62170	620.81810	2	61.5443	1
1239.63890	620.82670	2	83.5336	1
1239.68320	620.84890	2	74.4910	2
1239.71890	620.86675	2	73.2839	2
1240.16105	621.08780	2	47.7952	4
1240.58670	414.53620	3	35.0576	2
1240.58970	621.30210	2	35.1747	1
1240.70310	621.35885	2	70.9019	2
1240.70460	621.35960	2	90.0821	2
1241.59375	621.80415	2	70.4271	2
1241.60700	621.81080	2	41.8980	1
1241.66570	621.84010	2	61.1761	2
1241.69840	621.85650	2	77.5931	1
1241.77510	414.93230	3	76.5332	2
1241.77510	621.89485	2	76.6347	2
1242.63655	415.21945	3	43.0897	2
1242.63705	622.32580	2	43.1278	2
1243.58665	622.80060	2	64.1853	2
1243.67760	415.56645	3	60.0037	2
1244.54190	623.27820	2	51.5206	2
1244.56705	623.29080	2	45.5738	2
1244.61145	415.87775	3	32.4923	2
1244.63215	623.32335	2	65.3135	2
1244.67240	415.89810	3	35.4682	2
1244.67310	623.34380	2	74.5832	1
1245.62095	416.21425	3	46.3214	2
1245.62125	623.81790	2	46.4467	2
1245.65040	623.83250	2	80.9212	2
1245.67130	416.23100	3	53.6769	2
1245.67540	623.84495	2	41.2177	2
1245.69560	416.23910	3	42.7749	1
1246.61230	416.54470	3	53.5091	2
1246.64955	416.55710	3	65.9948	2
1246.69240	624.35345	2	71.4899	2
1247.60450	624.80950	2	68.8135	1
1248.61900	625.31680	2	87.1526	1
1248.61930	625.31695	2	56.9873	2
1248.67245	625.34350	2	62.2378	2
1248.67255	625.34355	2	59.9693	2
1249.62985	625.82220	2	56.3627	2
1249.65430	625.83445	2	62.9669	2
1249.65590	625.83525	2	82.0789	2
1250.66850	626.34150	2	79.4561	1
1250.72610	626.37030	2	86.8360	3
1250.76015	626.38735	2	71.2725	2
1251.66270	626.83860	2	73.8811	2
1251.66480	418.22890	3	48.8860	1
1252.73925	627.37690	2	78.2607	2
1252.74990	418.59060	3	64.7699	2
1252.78160	627.39810	2	90.4372	1
1253.55970	627.78710	2	65.3649	2
1253.63020	627.82240	2	31.1374	1
1253.63080	418.88420	3	31.0100	2
1254.58850	628.30150	2	67.4022	2
1254.59995	628.30725	2	79.3005	2
1254.72940	628.37200	2	38.8790	2
1254.72970	628.37210	2	68.3200	2
1254.72990	419.25055	3	38.8228	2
1254.73420	419.25200	3	51.0024	2
1255.58445	628.79950	2	41.8991	2
1255.62610	628.82030	2	91.8958	1
1255.62760	628.82110	2	69.0106	3
1255.65555	419.55910	3	52.3449	2
1255.66805	628.84130	2	72.8553	2
1255.67790	628.84620	2	49.8396	2
1255.70215	628.85835	2	68.1174	2
1255.71370	419.57850	3	63.9668	2
1255.71400	628.86425	2	64.0373	2
1256.60710	629.31085	2	57.7255	2
1256.61095	629.31275	2	49.2368	2
1256.61375	629.31415	2	88.3566	2
1256.67235	629.34345	2	54.4198	2
1256.69790	419.90655	3	45.9505	2
1256.69840	629.35650	2	45.9211	2
1256.69865	629.35660	2	95.6810	2
1257.64685	629.83070	2	40.8701	2
1258.59900	630.30680	2	80.1081	2
1258.67595	630.34525	2	66.1346	2
1258.68880	420.57020	3	51.2870	1
1258.68955	630.35205	2	51.1471	2
1258.76310	630.38880	2	85.9064	2
1259.63320	630.82385	2	74.1535	2
1259.63660	630.82555	2	57.0126	2
1259.66185	630.83820	2	57.5267	2
1259.66190	420.89460	3	51.4772	1
1260.57805	631.29630	2	34.5870	2
1260.58835	631.30145	2	41.0742	2
1260.62905	421.21695	3	59.2086	2
1260.66100	631.33780	2	65.5437	1
1260.67270	631.34365	2	55.9905	2
1261.57895	631.79675	2	49.7866	2
1261.62270	421.54815	3	38.7655	2
1261.67095	421.56425	3	36.1860	2
1261.74530	631.87995	2	94.1242	2
1263.61985	422.21385	3	31.5926	2
1263.62060	632.81760	2	31.6313	2
1263.62890	632.82175	2	55.5098	2
1263.66240	422.22810	3	53.1440	1
1263.67465	632.84460	2	87.6671	2
1263.68415	632.84935	2	65.5857	2
1264.64880	422.55685	3	59.7332	2
1264.64900	633.33180	2	59.7610	1
1264.77250	633.39350	2	92.0042	1
1265.68850	422.90340	3	51.0588	2
1265.68910	633.85180	2	50.3320	2
1266.56265	634.28860	2	44.6209	2
1266.60970	423.21050	3	61.0625	2
1266.62160	423.21445	3	36.1246	2
1266.62330	634.31890	2	36.1223	1
1266.62465	634.31960	2	69.4237	2
1267.56735	423.52970	3	33.3615	2
1267.64860	634.83160	2	81.0779	2
1267.66590	634.84020	2	91.7695	1
1267.68890	634.85175	2	48.3789	2
1268.61495	423.87890	3	51.8158	2
1268.66250	635.33850	2	49.5450	2
1268.66255	423.89475	3	49.4571	2
1268.69785	635.35620	2	68.5646	2
1269.62435	635.81945	2	79.3355	2
1269.62800	635.82130	2	62.2746	3
1269.65830	635.83640	2	45.2821	3
1269.65860	424.22680	3	45.2527	3
1269.70500	635.85980	2	61.6580	2
1269.72900	635.87175	2	77.1245	2
1270.65320	636.33390	2	42.1226	2
1270.69970	424.57385	3	60.7615	2
1270.70020	636.35735	2	60.7986	2
1270.72930	636.37195	2	90.7880	2
1271.61790	636.81620	2	54.4192	1
1271.62340	636.81900	2	58.7052	1
1271.68780	424.90320	3	58.8764	2
1271.68995	636.85225	2	62.9100	2
1271.76110	636.88785	2	80.8579	2
1272.69300	637.35380	2	63.3531	2
1273.65570	637.83515	2	65.2206	2
1273.66960	637.84210	2	63.6818	2
1273.67720	637.84590	2	85.2080	2
1273.72165	637.86810	2	69.0064	2
1274.17050	638.09255	2	66.4278	4
1274.62925	425.88370	3	44.4369	2
1274.64430	638.32940	2	83.6723	2
1274.65170	638.33310	2	75.9619	2
1274.75960	638.38710	2	77.7768	1
1275.54240	638.77850	2	43.8211	2
1275.57245	638.79350	2	59.5855	2
1275.64530	426.22240	3	53.3470	1
1275.69380	426.23850	3	61.4038	2
1276.63305	639.32380	2	76.2472	2
1276.65220	639.33340	2	88.6871	1
1276.66610	639.34035	2	57.0725	2
1276.67350	639.34400	2	84.8845	3
1276.70310	639.35880	2	77.2573	2
1276.70335	639.35895	2	70.9645	2
1277.67355	639.84405	2	67.5229	2
1277.68680	639.85070	2	74.7992	2
1278.61580	640.31520	2	61.3535	5
1278.64980	640.33215	2	83.7764	2
1279.62425	640.81940	2	62.4444	2
1279.69710	427.57295	3	52.7025	2
1280.57830	641.29645	2	80.0220	2
1280.59950	427.87380	3	35.7782	2
1280.74705	641.38080	2	86.9663	2
1281.55775	641.78615	2	38.1122	2
1281.60850	428.21010	3	34.6601	1
1281.61125	641.81290	2	34.5628	2
1281.65520	428.22570	3	48.8609	1
1281.70415	428.24200	3	39.8921	2
1282.57370	642.29415	2	70.5865	2
1282.58665	642.30060	2	60.4307	2
1283.61520	642.81490	2	69.5059	2
1283.65170	642.83315	2	64.2729	2
1283.65990	642.83725	2	84.4708	2
1283.70690	428.90955	3	42.8451	2
1283.72040	428.91405	3	42.1753	2
1283.73410	642.87430	2	77.0282	1
1284.61440	429.21210	3	38.6075	1
1284.62835	643.32145	2	89.9496	2
1284.69335	643.35395	2	76.7858	2
1284.70050	643.35750	2	67.8286	2
1284.70415	429.24195	3	41.4129	2
1284.72920	643.37190	2	82.5983	2
1285.66370	643.83915	2	41.9807	2
1285.72360	429.58180	3	44.4955	2
1286.58290	429.86820	3	52.1848	1
1286.64475	429.88885	3	67.3941	2
1286.64980	429.89050	3	52.8451	1
1286.66700	644.34080	2	84.8025	1
1286.68375	644.34915	2	84.1809	2
1286.69880	644.35670	2	67.0103	2
1286.78525	644.39990	2	85.1060	2
1287.62955	644.82205	2	83.7400	2
1287.66785	644.84120	2	44.0882	2
1287.68355	644.84905	2	72.5843	2
1288.59205	645.30330	2	43.3252	2
1288.60550	645.31005	2	62.6179	2
1288.66235	645.33845	2	44.7685	2
1288.68140	645.34800	2	50.1028	2
1288.68515	645.34985	2	66.0239	2
1288.72310	645.36885	2	83.0088	2
1288.74015	645.37735	2	74.6500	2
1289.58935	645.80195	2	34.8292	2
1289.59200	430.87130	3	34.7633	2
1289.62910	645.82180	2	61.5485	2
1289.62940	645.82200	2	88.1104	2
1289.64635	645.83045	2	48.4623	2
1290.65740	646.33600	2	53.7049	2
1290.67295	431.23160	3	67.3339	2
1291.53595	646.77525	2	36.9565	2
1291.57940	646.79695	2	43.5681	2
1291.60630	646.81045	2	50.2426	2
1291.66705	646.84080	2	58.9901	2
1292.66030	431.89400	3	60.9018	1
1293.62385	647.81920	2	54.3598	2
1294.62245	648.31850	2	67.1060	2
1294.73320	648.37390	2	81.8575	2
1294.79770	432.60650	3	66.4048	2
1295.66615	432.89600	3	60.7405	2
1295.72550	648.87000	2	74.9991	1
1295.74500	648.87980	2	63.5629	2
1295.75665	432.92615	3	59.0061	2
1296.68210	433.23460	3	58.7105	1
1296.68300	649.34875	2	58.6241	2
1296.70415	649.35935	2	67.9490	2
1297.23265	649.62360	2	44.2135	4
1297.72715	433.58300	3	44.1130	2
1297.73600	649.87530	2	64.3796	2
1297.75990	433.59390	3	62.2324	2
1298.59300	650.30380	2	36.5555	2
1298.59355	433.87180	3	36.4619	2
1298.61000	433.87730	3	36.3102	2
1298.61220	650.31340	2	36.3612	1
1298.69490	650.35475	2	46.9982	2
1298.74945	650.38200	2	91.5517	2
1299.56895	650.79175	2	34.8558	2
1299.62915	650.82185	2	73.3525	2
1299.67940	650.84700	2	39.8824	2
1299.69395	650.85425	2	78.8402	2
1299.70500	650.85980	2	57.1151	1
1299.71500	650.86480	2	56.8634	1
1300.62380	651.31920	2	85.2746	2
1300.70280	651.35870	2	61.9566	2
1300.70955	651.36205	2	91.1496	2
1300.73940	651.37700	2	74.8743	2
1300.76060	651.38760	2	74.2172	1
1300.77565	651.39510	2	84.2845	2
1301.61050	651.81250	2	41.4551	2
1301.63655	434.88615	3	39.5204	2
1301.63705	651.82580	2	39.5064	2
1301.69885	651.85670	2	67.6771	2
1302.66090	652.33775	2	65.7607	2
1302.73960	435.25380	3	61.8930	1
1303.51460	652.76455	2	64.4420	2
1303.75000	652.88225	2	74.5308	2
1304.61150	653.31300	2	41.7573	2
1304.73385	653.37420	2	78.1386	2
1305.59550	436.20580	3	32.5184	1
1305.61630	436.21270	3	30.2721	1
1305.62445	653.81950	2	50.5048	2
1305.63470	436.21885	3	60.6048	2
1305.66010	653.83735	2	68.0091	2
1305.70475	653.85965	2	72.7055	2
1306.58265	436.53480	3	39.3824	2
1306.65165	436.55780	3	38.9133	2
1306.66330	654.33890	2	30.7414	1
1306.67755	654.34605	2	75.0095	2
1307.66260	654.83855	2	60.5558	2
1308.65840	655.33650	2	62.2394	3
1308.72030	655.36740	2	86.1409	2
1308.72075	437.24755	3	86.2435	2
1308.74125	655.37790	2	59.3267	2
1308.77770	655.39615	2	72.1575	2
1309.65265	655.83360	2	62.7936	2
1309.66300	437.56160	3	71.0670	2
1310.12255	656.06855	2	67.5330	4
1310.56020	656.28740	2	35.3700	1
1310.65460	437.89215	3	47.1145	2
1310.68055	656.34755	2	79.8230	2
1310.70115	437.90765	3	45.1913	2
1311.57040	656.79250	2	58.8462	2
1311.58355	656.79905	2	49.6702	2
1311.71485	438.24555	3	59.5936	2
1311.76600	656.89030	2	83.7405	1
1313.61360	657.81410	2	62.4628	2
1313.69315	438.90500	3	51.5473	2
1313.69320	657.85390	2	51.5609	2
1313.70115	657.85785	2	86.8033	2
1313.71835	438.91340	3	61.1487	2
1313.72005	657.86730	2	84.3466	2
1313.74720	438.92300	3	53.0989	2
1314.59970	439.20720	3	32.0339	2
1314.69700	658.35575	2	47.6040	2
1314.69785	658.35620	2	62.1120	2
1314.70250	439.24145	3	47.5993	2
1315.65865	658.83660	2	72.1172	2
1315.68225	658.84840	2	59.4724	2
1315.70990	658.86225	2	64.1471	2
1316.56490	659.28975	2	54.7553	2
1316.66710	659.34080	2	75.4034	3
1316.67580	439.89920	3	63.6564	2
1316.73455	659.37455	2	67.5865	2
1316.73650	659.37550	2	95.3011	2
1317.61095	440.21090	3	52.0981	2
1317.64275	659.82865	2	41.8394	2
1317.74855	440.25680	3	74.7079	2
1318.65945	660.33700	2	78.6239	2
1318.68925	660.35190	2	63.0323	2
1319.63240	660.82350	2	52.9002	1
1319.66405	440.89530	3	53.2986	2
1319.66405	660.83930	2	53.3268	2
1319.69170	660.85310	2	81.1126	2
1320.59900	661.30675	2	71.3978	2
1320.61070	661.31260	2	55.2054	1
1320.62335	441.21505	3	40.1368	2
1320.62365	661.31910	2	40.0552	2
1320.62430	661.31940	2	70.2379	1
1320.68420	661.34940	2	91.7981	15
1321.61565	661.81510	2	51.3426	2
1321.76275	661.88865	2	80.2705	2
1321.76445	441.59545	3	80.2340	2
1322.57620	441.86600	3	32.7132	1
1322.66825	662.34140	2	88.3794	2
1322.67240	662.34345	2	63.5934	2
1322.72715	662.37085	2	72.0691	2
1323.71905	442.24695	3	70.6969	2
1324.69190	663.35320	2	77.5301	2
1324.73435	663.37445	2	62.7008	2
1324.78275	442.60150	3	64.5951	2
1325.74820	663.88140	2	82.7598	1
1326.62115	664.31785	2	60.1086	2
1326.68895	664.35175	2	30.6896	2
1326.68945	443.23710	3	30.7137	2
1326.74120	664.37790	2	73.9313	1
1327.65200	443.55795	3	56.4523	2
1327.78660	664.90055	2	94.2445	2
1328.74505	443.92225	3	41.6145	2
1328.75245	665.38350	2	70.9068	2
1328.75285	443.92490	3	70.7536	2
1329.65435	665.83445	2	43.0684	2
1329.66840	444.23005	3	57.9733	2
1329.69275	444.23820	3	65.2792	2
1329.69340	665.85400	2	76.5284	1
1330.71335	666.36395	2	61.1040	2
1330.78130	666.39790	2	85.3139	2
1331.67600	666.84525	2	74.0378	2
1331.70850	666.86150	2	62.9034	1
1331.70960	666.86210	2	80.2934	2
1331.72830	666.87140	2	91.6794	2
1331.74535	666.87995	2	81.8205	2
1331.76610	444.92930	3	45.0935	1
1331.76800	666.89125	2	45.0103	2
1332.64595	667.33025	2	47.1767	2
1332.70085	667.35770	2	82.2737	2
1333.59445	667.80450	2	42.9344	2
1334.66205	445.89460	3	45.6545	2
1334.72020	668.36735	2	53.1476	2
1334.72395	668.36925	2	76.1194	2
1335.63860	668.82655	2	71.5733	2
1335.64750	668.83100	2	69.5669	1
1336.59785	669.30620	2	55.2808	4
1336.74560	446.58910	3	42.6614	1
1336.74730	669.38095	2	42.6122	2
1336.80790	669.41120	2	79.3174	2
1337.67260	669.84355	2	72.9229	2
1338.06585	670.04020	2	38.6252	4
1338.61300	670.31380	2	60.3150	2
1338.66805	670.34130	2	62.5467	2
1338.71240	447.24470	3	46.6340	1
1338.71980	670.36720	2	72.0637	2
1339.65310	670.83385	2	64.0835	2
1339.74475	447.58885	3	55.0983	2
1339.75340	670.88400	2	81.4163	2
1339.77005	670.89230	2	95.5822	6
1340.59635	671.30545	2	48.9815	2
1340.73030	671.37240	2	61.5185	2
1341.19915	671.60685	2	44.5316	4
1341.62190	671.81825	2	74.6868	2
1342.65110	448.55760	3	37.0623	1
1342.65110	448.55760	3	53.6266	1
1342.69605	672.35530	2	70.0292	2
1342.70865	448.57680	3	55.8803	2
1342.71000	672.36230	2	62.3151	2
1342.73755	672.37605	2	84.2959	12
1343.76595	448.92925	3	53.9566	2
1343.76690	672.89070	2	53.9377	2
1344.62620	673.32040	2	36.3665	1
1344.68195	673.34825	2	53.0007	2
1344.70910	673.36180	2	62.0136	1
1344.71405	673.36430	2	65.3758	2
1344.72920	449.25030	3	71.8081	1
1344.74095	673.37775	2	83.0142	2
1344.74720	449.25635	3	67.2322	2
1344.79690	673.40575	2	95.8701	2
1345.62220	449.54800	3	32.7017	1
1345.66310	673.83885	2	58.4259	2
1345.73220	673.87340	2	97.5382	1
1346.57780	674.29620	2	39.4983	2
1346.67445	674.34450	2	72.6033	2
1346.68330	674.34890	2	77.6673	2
1346.76685	449.92955	3	68.0258	2
1346.76745	674.39100	2	68.0931	2
1347.58040	674.79750	2	52.7025	2
1347.58540	450.20240	3	43.3533	2
1347.66520	674.83985	2	88.0077	2
1347.72240	674.86845	2	84.4846	2
1347.74655	674.88055	2	63.0004	2
1347.74690	450.25625	3	62.8810	2
1347.76490	450.26225	3	82.5770	2
1349.56825	675.79140	2	75.9760	2
1349.59000	675.80230	2	32.1533	1
1349.64640	675.83050	2	60.3122	2
1349.68330	675.84890	2	69.0324	2
1349.68595	675.85025	2	60.4441	2
1350.60970	676.31215	2	39.3824	2
1350.64015	676.32735	2	75.5164	2
1350.71610	676.36530	2	73.4131	2
1351.59190	676.80320	2	49.9520	1
1351.63815	451.55335	3	33.5509	2
1351.64035	676.82745	2	33.5636	2
1351.64100	676.82775	2	60.1374	2
1351.71090	451.57760	3	49.4521	1
1352.59500	451.87225	3	30.2195	2
1352.64000	677.32730	2	62.8484	2
1352.72930	451.91700	3	54.5505	2
1352.75650	677.38550	2	67.5203	2
1353.72385	677.86920	2	87.7236	2
1353.72540	677.86995	2	65.1549	2
1354.72840	678.37150	2	88.7491	3
1355.71470	678.86460	2	87.1303	1
1355.71675	678.86565	2	84.8459	2
1355.73095	678.87275	2	56.1361	2
1355.77765	452.93315	3	58.4657	2
1355.77795	678.89625	2	81.7316	2
1356.73615	679.37535	2	59.5293	2
1356.74780	453.25655	3	47.8543	2
1356.75165	679.38310	2	47.9174	2
1357.66330	453.56170	3	49.1616	3
1357.66395	679.83925	2	49.1820	2
1357.67350	453.56510	3	29.6689	1
1357.67445	679.84450	2	29.8629	2
1357.74520	679.87990	2	57.9165	2
1357.74570	453.58915	3	57.8422	2
1358.66060	680.33755	2	88.2494	2
1358.66165	680.33810	2	56.3968	2
1358.66840	453.89675	3	45.2102	2
1358.66860	680.34160	2	45.2535	2
1358.67905	453.90030	3	38.0552	2
1358.68035	680.34745	2	38.0849	2
1358.74100	680.37780	2	82.3442	2
1358.75535	680.38495	2	92.0496	2
1359.68210	680.84835	2	66.5749	2
1359.68860	454.23680	3	37.7929	2
1359.68920	680.85190	2	37.8775	1
1359.83440	454.28540	3	56.3679	1
1360.58730	454.53635	3	33.1647	2
1360.70045	681.35750	2	75.1151	2
1361.66835	681.84145	2	39.8743	2
1361.67240	681.84345	2	66.3208	2
1361.70390	454.90860	3	43.2888	1
1361.72005	681.86730	2	68.2420	2
1361.72400	681.86925	2	71.0613	2
1362.55895	682.28675	2	49.8451	2
1362.58995	682.30225	2	48.0880	2
1362.64550	682.33000	2	53.1772	1
1362.70930	682.36190	2	87.2668	2
1362.71520	682.36490	2	57.6648	2
1362.71675	682.36565	2	71.6995	2
1362.72275	682.36865	2	82.9496	2
1363.66085	682.83770	2	62.4068	2
1363.68440	682.84950	2	72.3954	1
1363.68990	455.57055	3	44.5548	2
1363.69245	682.85350	2	44.7396	2
1364.59130	455.87100	3	50.6148	1
1364.59305	683.30380	2	50.7247	2
1364.63040	683.32250	2	71.5410	1
1364.63945	683.32700	2	63.8009	2
1364.66790	683.34120	2	44.5058	2
1364.68360	683.34910	2	60.8467	2
1364.71865	683.36660	2	64.2074	2
1364.73555	683.37505	2	68.8558	2
1365.55930	456.19370	3	41.6773	2
1365.66590	683.84020	2	83.9119	2
1365.67800	683.84625	2	55.3641	2
1365.67840	456.23340	3	55.3328	2
1366.73245	456.58475	3	35.8623	2
1366.75770	456.59320	3	36.0015	2
1366.84405	684.42930	2	99.2294	2
1367.65400	456.89195	3	50.9129	2
1367.67280	456.89820	3	49.7290	2
1367.68830	456.90335	3	51.1154	2
1367.68945	684.85200	2	51.2035	2
1367.71300	684.86375	2	71.2045	2
1367.76780	684.89120	2	82.7988	2
1367.77880	684.89665	2	74.7205	2
1368.03925	685.02690	2	33.4018	4
1368.64640	457.22275	3	66.9576	2
1368.75170	685.38310	2	74.2873	2
1368.79800	457.27330	3	63.2498	1
1369.67385	457.56525	3	51.5766	2
1369.79490	685.90475	2	54.1306	2
1370.28550	457.76910	3	54.4692	4
1370.72405	686.36930	2	79.1220	2
1370.81555	686.41505	2	93.9710	2
1371.68350	686.84900	2	72.9400	2
1371.71080	686.86270	2	90.6932	2
1371.73530	458.25235	3	49.0407	2
1371.74665	458.25615	3	54.2968	2
1372.68500	687.34975	2	65.6686	2
1372.71560	458.57915	3	53.9003	2
1373.69145	687.85300	2	37.3444	2
1373.74050	687.87750	2	70.2424	2
1373.75235	687.88345	2	56.5042	2
1374.68825	688.35140	2	47.2674	2
1374.68875	459.23685	3	47.2227	2
1374.70965	688.36210	2	72.8834	2
1374.76205	459.26130	3	77.1603	2
1374.76325	688.38890	2	77.2518	2
1374.78765	688.40110	2	83.5751	2
1375.71315	459.57835	3	75.7459	2
1376.70770	689.36115	2	88.8319	2
1376.71890	689.36675	2	64.3995	2
1376.73000	459.91725	3	49.3625	2
1376.85015	459.95730	3	65.8175	2
1377.67190	689.84325	2	82.4359	2
1377.67750	689.84605	2	75.1350	2
1377.68595	689.85025	2	32.0284	2
1377.68875	460.23685	3	32.0177	2
1377.69615	689.85535	2	88.3897	4
1378.23455	690.12455	2	83.9938	4
1378.55490	690.28470	2	42.4817	1
1378.67850	690.34650	2	59.1578	1
1378.69570	690.35515	2	59.3794	2
1378.75430	690.38445	2	93.7281	2
1379.76580	460.92920	3	72.1012	2
1379.76680	690.89070	2	72.1574	2
1379.77170	690.89310	2	79.4634	2
1380.79860	691.40655	2	75.9648	2
1381.66690	691.84070	2	65.1483	1
1381.67450	691.84450	2	65.6466	2
1381.74580	691.88020	2	73.1280	1
1382.65055	692.33255	2	76.0220	2
1382.75895	692.38675	2	76.9782	2
1383.54110	692.77785	2	24.8383	2
1383.68060	462.23410	3	42.6201	2
1384.66275	693.33865	2	55.4615	2
1384.66870	693.34160	2	82.8695	1
1384.71080	693.36270	2	69.3982	2
1384.73285	462.58490	3	63.2969	2
1384.74810	693.38135	2	83.0254	2
1385.73480	693.87465	2	74.5848	2
1385.75265	693.88360	2	61.5767	2
1386.72470	463.24880	3	65.4942	2
1387.56150	694.78805	2	61.0267	2
1387.68675	694.85065	2	81.6996	2
1387.69400	694.85425	2	56.1415	2
1387.69570	694.85510	2	70.0832	1
1387.72860	463.58345	3	82.9496	2
1388.55655	695.28555	2	54.7009	2
1388.70585	695.36020	2	51.6976	2
1389.73460	695.87455	2	86.7946	2
1389.75495	695.88475	2	87.9720	2
1390.65170	464.55780	3	37.0497	2
1390.70940	464.57710	3	34.6410	1
1390.75705	464.59295	3	66.8496	2
1391.69420	696.85435	2	59.7887	2
1391.70560	696.86010	2	52.2841	2
1391.88960	696.95210	2	87.5595	1
1392.61720	465.21300	3	58.5914	2
1392.66760	697.34110	2	62.5565	2
1392.87130	697.44290	2	83.0622	1
1393.64235	697.82845	2	67.7074	2
1393.65185	697.83320	2	70.3887	2
1393.67220	697.84340	2	63.4827	1
1393.67910	697.84680	2	69.8126	2
1393.69135	697.85295	2	81.6049	2
1393.70190	465.57455	3	54.9758	2
1393.70345	697.85900	2	76.6894	2
1394.55260	698.28360	2	35.9712	1
1394.75465	698.38460	2	86.3530	2
1395.65215	698.83335	2	57.6703	2
1395.71105	466.24430	3	39.2568	2
1395.71125	698.86290	2	39.2379	2
1396.67695	699.34575	2	76.4637	2
1396.80505	699.40980	2	65.7606	2
1397.60335	466.87505	3	45.9746	2
1397.60545	699.81000	2	46.0163	2
1397.71555	699.86505	2	50.7922	2
1397.78700	466.93630	3	64.7334	1
1397.79625	699.90540	2	78.8095	2
1398.62705	700.32080	2	51.7550	2
1398.70375	700.35915	2	89.2258	2
1398.73535	467.25235	3	50.1896	2
1398.77220	700.39335	2	63.1642	2
1399.66185	700.83820	2	60.3804	2
1399.69535	700.85495	2	53.8387	2
1399.69950	467.57375	3	47.7069	2
1399.76820	700.89140	2	62.0688	1
1401.57000	701.79230	2	42.0406	2
1401.71095	468.24425	3	41.5593	2
1401.71220	701.86340	2	41.6423	1
1401.76270	468.26150	3	79.9450	1
1401.76300	701.88880	2	79.8175	2
1402.70720	468.57630	3	43.4121	1
1402.75045	702.38250	2	76.2163	2
1403.63855	702.82655	2	60.0614	2
1403.74090	468.92090	3	39.9918	2
1403.74200	702.87830	2	40.0280	2
1403.74200	702.87830	2	68.5078	3
1404.70570	703.36010	2	71.2654	1
1404.72420	469.24865	3	50.5664	2
1404.73015	703.37235	2	74.9621	2
1404.79900	703.40680	2	67.1894	2
1405.65155	703.83305	2	55.4560	2
1405.67395	469.56525	3	43.2405	2
1406.71560	704.36510	2	74.0599	2
1407.72425	470.24870	3	49.1322	2
1407.72510	704.86985	2	49.2149	2
1407.78340	470.26840	3	59.4367	1
1407.78370	470.26850	3	65.4008	2
1408.65060	705.33260	2	76.7937	2
1408.65730	705.33590	2	79.3313	4
1408.66945	705.34200	2	38.5068	2
1409.68635	705.85045	2	67.8204	2
1409.73975	470.92050	3	48.4348	2
1410.70030	706.35745	2	55.0153	2
1410.72485	471.24890	3	49.7552	2
1410.77150	471.26440	3	56.6321	2
1411.65885	706.83670	2	47.4876	2
1411.67350	706.84400	2	71.8865	2
1411.71660	471.57945	3	69.2177	2
1411.82835	471.61670	3	72.0957	2
1411.82870	706.92160	2	72.0079	2
1412.64280	707.32870	2	88.3426	2
1412.77345	707.39400	2	50.3823	2
1412.79960	471.94050	3	61.8875	1
1412.81325	707.41390	2	82.2074	2
1412.83860	471.95345	3	65.9017	2
1412.83925	707.42690	2	65.9360	2
1413.67440	707.84450	2	36.6791	2
1413.76660	707.89060	2	60.7563	2
1414.72310	708.36880	2	60.0154	1
1414.73075	472.58420	3	46.7261	2
1414.73180	708.37315	2	46.7918	2
1414.73265	708.37360	2	80.9948	2
1415.64930	708.83195	2	91.8293	2
1415.68890	708.85170	2	57.1563	2
1415.72585	708.87020	2	45.3110	2
1415.76200	472.92795	3	39.4337	2
1416.72510	709.36985	2	63.9667	2
1416.77980	473.26720	3	58.1732	2
1417.66570	709.84015	2	67.4929	2
1417.66935	709.84195	2	54.8055	2
1417.67945	473.56710	3	46.1247	2
1417.71380	709.86415	2	73.5396	2
1417.72495	709.86975	2	82.9915	2
1418.69910	473.90695	3	42.1912	2
1418.70840	710.36145	2	57.3496	2
1418.70970	710.36215	2	79.8342	2
1418.72160	710.36810	2	88.3054	1
1419.66340	710.83900	2	56.6943	2
1419.69935	710.85695	2	50.6525	2
1419.75690	474.25960	3	50.8464	2
1419.81290	710.91375	2	80.4000	2
1420.19105	474.40430	3	51.1256	4
1420.65125	711.33290	2	46.1563	6
1421.80250	474.94145	3	62.6861	2
1422.59390	712.30420	2	35.9966	1
1422.59410	475.20530	3	35.8516	2
1422.67430	475.23205	3	39.8943	2
1422.68850	712.35155	2	64.9185	2
1422.75200	712.38330	2	78.0672	2
1423.67060	712.84255	2	81.6394	2
1424.66075	713.33765	2	67.4655	2
1424.71915	713.36685	2	66.2177	2
1424.75325	713.38390	2	58.4386	2
1424.81420	713.41440	2	90.5186	1
1425.67245	713.84350	2	72.9539	2
1425.80890	713.91175	2	73.1914	2
1425.81965	476.28045	3	61.4682	2
1426.79015	476.60400	3	42.3566	2
1427.64230	714.82845	2	45.6625	2
1427.72605	714.87030	2	52.2182	2
1427.79800	476.93990	3	56.8526	1
1427.79930	714.90690	2	82.1530	2
1428.71120	477.24435	3	45.2751	2
1428.78190	477.26790	3	76.0234	1
1429.74910	715.88185	2	62.9664	2
1429.75630	477.59270	3	59.2642	2
1429.75665	715.88560	2	59.3901	2
1429.76080	715.88770	2	51.2164	2
1429.80340	715.90900	2	96.6614	2
1430.72785	716.37120	2	87.9312	2
1430.73680	477.91955	3	50.0737	2
1430.77860	716.39660	2	85.3565	2
1431.78905	478.27030	3	64.6786	2
1431.79980	716.90720	2	79.1444	2
1432.71505	478.57895	3	44.3559	2
1432.71610	717.36530	2	44.4380	1
1434.74715	718.38085	2	72.9741	2
1435.66235	718.83845	2	37.6460	2
1435.73200	718.87325	2	67.5919	2
1435.76750	718.89100	2	62.3448	2
1436.69290	479.90490	3	54.9283	2
1436.69655	719.35555	2	55.0069	2
1436.70370	719.35910	2	67.7538	3
1436.76355	479.92845	3	51.1313	2
1436.78725	479.93635	3	61.4913	2
1436.78850	719.40150	2	61.5728	1
1437.69255	719.85355	2	62.9923	2
1438.58470	480.53550	3	28.8957	1
1438.77300	720.39375	2	80.9266	2
1439.64630	720.83045	2	47.6145	2
1439.79820	720.90640	2	72.2200	2
1439.80540	720.91000	2	95.0725	1
1440.81970	721.41710	2	78.8650	2
1441.63175	721.82315	2	76.3764	2
1441.83045	721.92250	2	85.5265	2
1442.64850	722.33150	2	83.3133	2
1442.66920	722.34190	2	51.0585	2
1442.68805	722.35130	2	79.3676	2
1442.72885	481.91685	3	49.1069	2
1443.67390	722.84420	2	43.1521	2
1443.80940	722.91200	2	73.2253	2
1443.84590	722.93020	2	78.9855	2
1444.66980	723.34220	2	55.6359	2
1444.67790	723.34620	2	84.3089	1
1444.74305	723.37880	2	70.0599	2
1444.77095	482.59760	3	60.0221	2
1444.81250	723.41350	2	87.0575	1
1446.78250	483.26810	3	63.5558	1
1447.69470	724.85460	2	63.9329	3
1447.73300	724.87375	2	67.0732	2
1447.75610	483.59265	3	56.0115	2
1448.71540	725.36500	2	56.3263	2
1448.73820	725.37640	2	76.5331	2
1448.74480	725.37970	2	82.5365	2
1449.67590	725.84520	2	61.7231	2
1449.71475	725.86465	2	73.4496	2
1449.86635	484.29605	3	59.4118	2
1450.72440	726.36945	2	81.1451	2
1450.73670	726.37560	2	89.0662	2
1450.81810	484.61330	3	64.7698	2
1451.66395	484.89525	3	48.3165	2
1451.71240	484.91140	3	33.4182	1
1451.71550	726.86505	2	69.9456	2
1451.79720	484.93970	3	50.8653	1
1452.69650	727.35550	2	56.5497	1
1452.75095	727.38275	2	80.7717	2
1452.76935	485.26370	3	56.7815	2
1452.79985	727.40720	2	89.8938	2
1453.75965	727.88710	2	55.5804	2
1454.72965	728.37210	2	78.5283	2
1454.87165	485.96445	3	76.3185	2
1454.87195	728.44325	2	76.2107	2
1455.69965	486.24050	3	67.1704	2
1455.70035	728.85745	2	67.2703	2
1455.79960	728.90710	2	91.6448	1
1455.83835	728.92645	2	80.3416	2
1457.78780	486.93650	3	80.6192	2
1457.78815	729.90135	2	80.6734	2
1457.81410	729.91435	2	83.8567	2
1458.74665	487.25615	3	75.8071	2
1459.67380	730.84420	2	74.3022	1
1459.70440	730.85950	2	57.9355	2
1459.70950	730.86200	2	66.6654	2
1459.74520	730.87990	2	62.8484	2
1459.84095	487.62095	3	74.8946	2
1459.84105	730.92780	2	74.9267	2
1461.73965	731.87710	2	64.1222	2
1461.83765	731.92610	2	76.3848	2
1461.83830	488.28670	3	76.1568	2
1462.69555	732.35505	2	64.5268	2
1462.76805	732.39130	2	67.3420	2
1463.67480	488.89885	3	61.9268	2
1463.70830	488.91000	3	65.7509	2
1463.70865	732.86160	2	79.2512	2
1463.70910	732.86180	2	65.5802	2
1463.74050	488.92075	3	71.3556	2
1463.74940	732.88200	2	71.3945	2
1463.76010	732.88730	2	61.7748	1
1464.30210	489.10800	3	64.0622	4
1464.75040	489.25740	3	80.8662	2
1464.79430	733.40445	2	60.9080	2
1464.79460	733.40455	2	66.9840	2
1465.73560	733.87510	2	86.1493	2
1466.66380	489.89520	3	43.3601	2
1466.67770	734.34610	2	73.9940	1
1466.77110	734.39280	2	43.2605	1
1466.77325	489.93165	3	43.1793	2
1467.73490	734.87470	2	87.0686	1
1468.31530	490.44570	3	55.5246	4
1468.68780	735.35120	2	52.5003	2
1468.79770	735.40610	2	73.6942	2
1470.74610	491.25600	3	65.2109	2
1470.74865	491.25680	3	55.3225	2
1470.79840	736.40650	2	88.0412	2
1470.84700	736.43080	2	82.4827	2
1471.70835	736.86145	2	53.4983	2
1471.74150	736.87800	2	64.4752	2
1471.75735	491.59305	3	66.0815	2
1472.71430	491.91205	3	44.3938	2
1472.73605	491.91930	3	56.6973	2
1472.73770	737.37610	2	56.7812	2
1472.75350	737.38400	2	80.1375	1
1472.77485	491.93220	3	58.3652	2
1473.76210	492.26130	3	70.6434	2
1474.76715	738.39085	2	78.6577	2
1475.77310	492.93165	3	62.0786	2
1476.69540	739.35500	2	52.0162	2
1476.71020	739.36240	2	64.2621	2
1476.78380	739.39915	2	72.2861	2
1477.64230	493.55470	3	31.6808	1
1477.74255	739.87855	2	83.9119	2
1477.76205	739.88830	2	71.6120	2
1477.76800	739.89130	2	87.3366	1
1478.77755	740.39605	2	73.6603	2
1479.73550	740.87500	2	76.7448	1
1480.68985	494.57055	3	34.9579	2
1480.71800	741.36630	2	84.5090	2
1480.78845	494.60340	3	63.8485	2
1480.83610	494.61930	3	58.2027	2
1481.73705	494.91960	3	51.6185	2
1482.81415	742.41435	2	88.9343	2
1482.83035	742.42245	2	67.3503	2
1483.71320	495.57835	3	60.6154	2
1483.74500	495.58895	3	28.2178	2
1483.76315	742.88885	2	75.4606	2
1484.81055	743.41255	2	82.5012	2
1484.82060	495.94750	3	73.8186	2
1484.82090	495.94760	3	55.2804	1
1484.82185	743.41820	2	73.9097	2
1485.82475	743.91965	2	86.2214	2
1486.72030	496.58070	3	74.9538	2
1486.76465	744.38960	2	70.6057	2
1486.77770	496.59980	3	53.1204	1
1486.78160	496.60110	3	66.4947	2
1486.78290	744.39870	2	66.4003	2
1487.22630	744.62040	2	76.8692	4
1488.64865	745.33160	2	48.5168	2
1488.74330	497.25505	3	44.1916	2
1488.79430	497.27205	3	58.4934	2
1488.83070	497.28420	3	59.9918	1
1489.74870	745.88165	2	89.4048	2
1490.73020	497.91730	3	57.1657	1
1490.73360	497.91850	3	57.1381	1
1492.70530	747.35990	2	51.7721	1
1492.70960	747.36205	2	47.3437	2
1492.80710	498.60960	3	75.6657	1
1493.64905	498.89025	3	37.9690	2
1493.74780	498.92320	3	55.7604	2
1493.74790	747.88125	2	55.6965	2
1495.63280	499.55150	3	40.5442	1
1495.74230	499.58805	3	68.3246	2
1495.84185	748.92820	2	81.0510	2
1495.85565	499.62580	3	81.1236	2
1495.85790	748.93620	2	81.3706	1
1495.87210	499.63130	3	68.7152	2
1496.68800	749.35130	2	84.6077	2
1496.76270	499.92815	3	55.9931	2
1496.76335	749.38895	2	64.2019	2
1496.78590	749.40020	2	70.4547	2
1496.82385	749.41920	2	91.0605	2
1498.76310	750.38880	2	74.4025	2
1498.77990	750.39720	2	67.8011	2
1498.84105	750.42780	2	84.3115	2
1499.71385	500.91190	3	55.0392	2
1499.71390	750.86420	2	55.1207	1
1500.68820	501.23670	3	48.1367	1
1500.76480	751.38970	2	55.2860	1
1500.76620	501.26265	3	55.2062	2
1500.79460	751.40455	2	58.5864	2
1500.79630	501.27270	3	58.5550	2
1500.81625	501.27935	3	64.0916	2
1500.81690	501.27960	3	68.3635	1
1501.28715	751.65085	2	71.5310	4
1501.71540	501.57905	3	50.3824	2
1501.71755	751.86605	2	50.4396	2
1501.80090	751.90770	2	67.1235	1
1502.64710	752.33085	2	77.9136	2
1502.75380	752.38420	2	87.2758	2
1502.77660	752.39560	2	57.1529	1
1503.79510	752.90480	2	80.3999	2
1503.79700	752.90580	2	85.2747	1
1504.74905	502.59030	3	53.3562	2
1504.79695	753.40575	2	68.5180	2
1504.87700	502.63295	3	79.4930	2
1505.65285	502.89155	3	46.7626	2
1505.72635	502.91605	3	60.5243	2
1505.91935	753.96695	2	92.2606	2
1506.79405	754.40430	2	65.5747	2
1506.79440	754.40450	2	59.6772	2
1507.71440	503.57875	3	62.8566	2
1507.73540	503.58570	3	51.8856	1
1508.74255	755.37855	2	86.2103	2
1508.74365	503.92180	3	86.3359	2
1508.81240	503.94475	3	48.0396	2
1508.81460	755.41460	2	48.0323	2
1509.64270	504.22150	3	34.9009	2
1509.65735	504.22640	3	46.3290	2
1509.74670	504.25615	3	51.4415	2
1510.70630	756.36040	2	70.0905	2
1510.71490	504.57890	3	57.2409	2
1510.71615	756.36535	2	57.2703	2
1510.74550	756.38000	2	74.1307	2
1510.75280	504.59155	3	56.9209	2
1511.71615	756.86535	2	41.7334	2
1511.79160	756.90310	2	97.8745	1
1511.85785	756.93620	2	80.0135	2
1512.20765	505.07650	3	42.8086	4
1512.87720	505.29970	3	84.4926	1
1512.87730	757.44595	2	84.3797	2
1513.69855	757.85655	2	67.6440	2
1513.75050	757.88250	2	77.0409	2
1513.87025	757.94240	2	95.6009	2
1513.87125	505.63100	3	95.7053	2
1514.72265	505.91485	3	55.8442	2
1514.79945	758.40700	2	65.8833	2
1514.80135	758.40795	2	90.8466	2
1514.80470	505.94220	3	44.8418	1
1514.85810	758.43635	2	89.2965	2
1515.66630	758.84040	2	56.7485	1
1515.71730	506.24640	3	77.5044	2
1515.71920	758.86690	2	77.3900	3
1515.75345	506.25845	3	31.9541	2
1515.75390	758.88425	2	31.9887	2
1515.75470	758.88465	2	50.2215	2
1515.76255	758.88855	2	88.7688	2
1515.77120	506.26435	3	77.8154	2
1515.82180	758.91820	2	78.6706	1
1516.77785	759.39620	2	73.7854	2
1516.79960	759.40710	2	78.9689	2
1516.80270	506.60820	3	48.2466	1
1516.83355	759.42405	2	79.3787	2
1517.71465	506.91215	3	53.8442	2
1517.73160	759.87310	2	61.6935	2
1517.74065	759.87760	2	69.4481	2
1517.80940	506.94370	3	75.9013	2
1518.79590	760.40520	2	83.3886	2
1518.92580	507.31585	3	62.1746	2
1519.82750	760.92105	2	91.6012	2
1520.73630	761.37545	2	52.4736	2
1523.86750	508.96310	3	76.2400	2
1523.88155	762.94805	2	89.2682	2
1524.63490	509.21890	3	53.5659	2
1524.73980	763.37715	2	71.2356	2
1525.76540	509.59575	3	62.7369	2
1526.73255	509.91810	3	33.2340	2
1527.71070	510.24420	3	34.7760	1
1527.78350	764.89900	2	89.5414	2
1527.80040	764.90745	2	69.0605	2
1527.82670	764.92060	2	67.6372	1
1528.74250	765.37850	2	92.0751	2
1528.79990	765.40725	2	71.9529	2
1528.81075	510.61085	3	68.7959	2
1529.66360	765.83905	2	37.8548	2
1529.81100	765.91280	2	86.2627	1
1529.84115	510.95435	3	63.2348	2
1529.85670	510.95950	3	78.7497	2
1530.64760	511.22315	3	39.0566	6
1530.80255	511.27475	3	65.7301	2
1531.69800	511.57330	3	63.5754	1
1531.71360	766.86410	2	64.8423	1
1531.77785	766.89620	2	64.9851	2
1531.80160	766.90810	2	67.8978	1
1531.81355	766.91405	2	84.5456	2
1532.77425	767.39440	2	73.3214	2
1532.79915	767.40685	2	71.2158	2
1532.82180	767.41815	2	81.4762	2
1533.74355	512.25515	3	34.4674	2
1533.74550	512.25575	3	49.6046	2
1533.74710	767.88080	2	49.6620	1
1533.74820	767.88135	2	67.3420	2
1533.80050	767.90755	2	96.2488	2
1534.29690	768.15570	2	73.4479	4
1535.67080	512.89755	3	36.6428	2
1535.67895	768.84675	2	59.5583	2
1535.78475	512.93550	3	67.4021	2
1537.72035	513.58070	3	78.8040	2
1537.79470	769.90465	2	75.7778	2
1538.82425	770.41940	2	78.0027	2
1539.75060	770.88260	2	78.3832	2
1540.80690	514.60960	3	62.3502	2
1540.82060	514.61415	3	46.9112	2
1541.78760	514.93650	3	57.2591	1
1541.78880	771.90165	2	57.3044	2
1541.80520	514.94230	3	58.6777	1
1541.81725	771.91590	2	68.7579	2
1541.82910	514.95030	3	74.7765	2
1541.83080	771.92270	2	74.7063	2
1542.77080	515.26420	3	53.2633	2
1542.79010	772.40235	2	60.8813	2
1544.75790	515.92660	3	46.9469	1
1546.69800	774.35625	2	65.8467	2
1546.78340	774.39900	2	71.3567	1
1547.77260	516.93145	3	53.4863	2
1547.77550	774.89500	2	53.5427	1
1547.81980	774.91720	2	69.9347	2
1547.82170	774.91810	2	82.6640	1
1547.82400	516.94860	3	61.7938	1
1547.83150	516.95110	3	57.4350	2
1547.83195	774.92325	2	57.4719	2
1548.77860	517.26680	3	70.3667	2
1548.77880	775.39665	2	70.2704	2
1548.80090	517.27420	3	60.3356	1
1548.92450	775.46955	2	79.3732	2
1549.74335	775.87895	2	62.1393	2
1549.74660	517.58950	3	61.9968	3
1549.78115	775.89785	2	80.9322	2
1549.83010	775.92230	2	72.5740	1
1550.68855	517.90345	3	32.7535	2
1550.74035	517.92070	3	50.7082	2
1550.74465	776.37960	2	50.7922	2
1550.76930	517.93040	3	56.7617	1
1550.76965	776.39210	2	56.8381	2
1550.85065	776.43260	2	94.6691	2
1551.71710	518.24630	3	35.6787	2
1551.76760	776.89105	2	67.2903	2
1551.77600	518.26590	3	38.6229	2
1551.84605	776.93030	2	89.3050	2
1552.73550	518.58580	3	66.3277	1
1553.83245	777.92350	2	80.3306	2
1553.83630	777.92540	2	96.5157	1
1555.73760	778.87610	2	71.4258	2
1555.75085	519.59085	3	51.1257	2
1555.76260	519.59480	3	54.8230	1
1555.78850	778.90155	2	82.5421	2
1555.84470	778.92960	2	81.7212	1
1555.84500	778.92980	2	81.6780	1
1555.88180	519.63450	3	76.9726	2
1556.84370	779.42910	2	90.1964	2
1557.78345	779.89900	2	79.1094	2
1557.83145	520.28440	3	71.8865	2
1557.83180	779.92320	2	88.9315	1
1558.77480	780.39465	2	66.6362	2
1559.61040	780.81250	2	72.7326	2
1559.75180	520.92450	3	70.5180	2
1559.75920	520.92700	3	77.4477	2
1559.82165	780.91810	2	86.9351	2
1559.83675	780.92565	2	85.5350	2
1560.80640	781.41050	2	78.8939	3
1560.84245	781.42850	2	78.6107	2
1560.84255	781.42855	2	85.1140	2
1561.78920	781.90185	2	75.8633	2
1561.83600	781.92525	2	87.1022	2
1562.77280	521.93155	3	66.2581	2
1563.80440	522.27540	3	73.0114	2
1564.29815	783.15635	2	73.2143	4
1564.71630	522.57940	3	52.8625	1
1564.71670	783.36560	2	52.9416	2
1564.74170	783.37815	2	55.3298	2
1565.78690	522.93620	3	57.0070	2
1565.83100	522.95095	3	65.9736	2
1567.82410	523.61530	3	81.3430	1
1567.82550	784.92005	2	81.2198	2
1567.89245	523.63810	3	64.7454	2
1567.89575	784.95515	2	96.3373	2
1569.87760	785.94605	2	76.0967	2
1569.91390	785.96425	2	86.6041	2
1570.74540	524.58910	3	51.3971	1
1570.80995	786.41225	2	58.6829	2
1570.82230	786.41845	2	83.1865	2
1571.68610	524.90265	3	55.0689	2
1572.78265	787.39860	2	58.0510	2
1572.83005	525.28395	3	78.1960	2
1573.77770	787.89610	2	86.2350	1
1573.82565	787.92010	2	80.4869	2
1573.83760	787.92610	2	74.3562	1
1574.71115	788.36285	2	70.6716	2
1575.78440	788.89950	2	70.0046	3
1576.75395	789.38425	2	74.6215	2
1577.77030	789.89240	2	71.4565	2
1577.77030	789.89245	2	89.7635	2
1577.78905	789.90180	2	75.1991	2
1578.26130	527.09440	3	72.0286	4
1578.83670	527.28615	3	69.9593	2
1578.85245	527.29145	3	55.8240	2
1578.87500	527.29890	3	82.7644	2
1578.87525	790.44490	2	82.7987	2
1580.70095	527.90760	3	40.4099	2
1580.80535	527.94235	3	61.4359	2
1580.81745	791.41600	2	71.3358	2
1580.86165	791.43810	2	94.1900	2
1580.92930	527.98370	3	74.9742	1
1581.76570	791.89010	2	65.5222	2
1582.84685	792.43070	2	77.6992	2
1584.74050	529.25410	3	65.9292	1
1585.68870	793.85160	2	63.3927	3
1585.82125	529.61435	3	64.6166	2
1586.86900	794.44180	2	85.1966	3
1587.85730	530.29300	3	63.9777	2
1588.72660	795.37060	2	70.1485	2
1589.82040	795.91750	2	83.4785	2
1589.82105	530.94760	3	83.5528	2
1590.76410	796.38935	2	77.9451	2
1590.79780	796.40615	2	81.1785	2
1590.84880	796.43170	2	89.1865	1
1591.74880	531.59020	3	43.5844	2
1591.74915	796.88185	2	43.6189	2
1591.80285	796.90870	2	58.2741	2
1591.80360	531.60845	3	58.1361	2
1591.86475	796.93965	2	86.0782	2
1592.82020	531.94730	3	66.2938	2
1592.91620	797.46535	2	71.7024	2
1593.74255	532.25475	3	54.5689	2
1593.74355	797.87905	2	54.6411	2
1593.76600	797.89030	2	83.4282	1
1593.94930	797.98195	2	81.6310	2
1595.80310	798.90885	2	91.3816	2
1595.86340	532.96175	3	49.8955	2
1596.69540	533.23910	3	32.4920	1
1596.76715	533.26300	3	52.4079	2
1596.77860	799.39655	2	67.6770	2
1597.86810	799.94135	2	69.6842	2
1598.84190	533.95455	3	81.9568	2
1598.84740	800.43100	2	81.9001	3
1599.72455	800.86955	2	73.7935	2
1599.84810	800.93130	2	74.1542	1
1599.88485	534.30220	3	62.4066	2
1599.89835	534.30670	3	76.5331	2
1600.78220	801.39835	2	76.6877	2
1600.78405	534.60195	3	63.5599	2
1600.83460	801.42460	2	64.9693	1
1600.84550	534.62245	3	63.8187	2
1600.86940	801.44195	2	63.3584	2
1601.72690	801.87070	2	52.0931	1
1601.78450	801.89950	2	71.0200	1
1602.74000	535.25390	3	60.2997	1
1602.80230	802.40845	2	76.0992	2
1602.86305	802.43880	2	72.4913	2
1603.80955	802.91205	2	80.5856	2
1604.74425	803.37940	2	63.7668	2
1604.78310	535.93495	3	67.6086	2
1606.76350	536.59510	3	69.2369	2
1607.79785	536.93990	3	47.7482	2
1607.85015	804.93235	2	84.6822	2
1607.90340	536.97510	3	79.2455	2
1609.83545	537.61905	3	88.2410	2
1609.83790	805.92620	2	88.3055	2
1610.72215	806.36835	2	65.0452	2
1610.78385	537.93525	3	64.7102	2
1610.90885	806.46170	2	96.9102	2
1610.97180	537.99785	3	70.2813	2
1611.79000	806.90230	2	64.5364	2
1611.79150	806.90300	2	74.4294	1
1612.85095	807.43275	2	84.1862	2
1612.85700	538.62630	3	69.6276	2
1612.86965	807.44210	2	88.4730	2
1612.90450	538.64210	3	76.2781	2
1613.85115	807.93285	2	82.2520	2
1613.90440	807.95950	2	80.4265	2
1614.75880	808.38665	2	88.2827	2
1614.83925	539.28705	3	76.9548	2
1614.84065	808.42760	2	76.7002	2
1615.75740	539.59310	3	56.8344	1
1615.85810	539.62660	3	72.2429	2
1616.73170	539.91785	3	47.2816	2
1616.78250	809.39855	2	74.3493	2
1616.84775	809.43115	2	91.7753	2
1617.78795	809.90125	2	43.8964	2
1619.81645	540.94610	3	64.9486	2
1620.82080	811.41770	2	75.8452	2
1620.86230	541.29470	3	85.6293	2
1620.86595	811.44025	2	85.5762	2
1621.83030	811.92245	2	84.0526	2
1621.87290	811.94370	2	70.3393	2
1622.76520	541.92900	3	37.2215	2
1622.79820	541.94000	3	81.0132	2
1622.82835	812.42145	2	67.4379	2
1623.86340	812.93900	2	87.1300	2
1625.77410	813.89435	2	77.1963	2
1625.77700	813.89575	2	80.3306	2
1625.83480	542.95220	3	82.5017	1
1626.85710	543.29295	3	56.4699	2
1626.85985	814.43720	2	56.5241	2
1626.90240	814.45845	2	88.4932	2
1627.74890	814.88170	2	66.7570	2
1627.78470	543.60220	3	49.3521	1
1628.79230	543.93805	3	94.1813	2
1628.79290	815.40370	2	94.1128	2
1628.79340	815.40400	2	80.8048	2
1628.81605	815.41530	2	55.9600	2
1628.81630	543.94600	3	55.8978	2
1629.81140	815.91300	2	69.6610	2
1629.87360	815.94405	2	68.9508	2
1629.88545	815.95000	2	88.2098	2
1630.84615	544.62265	3	81.3174	2
1630.84670	816.43060	2	81.4742	1
1631.83080	544.95090	3	60.4206	1
1631.92580	544.98255	3	70.9744	2
1631.92685	816.97070	2	71.0292	2
1632.77825	545.26670	3	45.7479	2
1633.84355	545.62180	3	78.8982	2
1633.85650	545.62610	3	61.1704	2
1634.80210	818.40835	2	62.0204	2
1634.82910	545.95030	3	43.8964	2
1634.88795	545.96995	3	53.0935	2
1635.79740	818.90595	2	81.2890	2
1636.83170	819.42310	2	72.1894	2
1636.94360	819.47910	2	91.0294	2
1637.81565	819.91510	2	74.0149	2
1638.84085	547.28755	3	75.0177	2
1639.74135	820.87795	2	61.6082	2
1639.87645	547.63275	3	77.0663	2
1639.87685	820.94570	2	77.1071	2
1639.87730	547.63305	3	94.1956	2
1639.88250	820.94855	2	93.9137	2
1639.93000	820.97225	2	89.6270	2
1640.84820	547.95670	3	46.5811	2
1640.88940	821.45200	2	84.4708	1
1641.77140	821.89295	2	73.7934	2
1641.88395	821.94925	2	83.6806	2
1642.69200	822.35325	2	46.5501	2
1642.80635	822.41045	2	58.7130	2
1642.85050	548.62410	3	47.8237	2
1642.85385	822.43420	2	47.8885	2
1642.88345	548.63510	3	78.7843	2
1643.79130	548.93770	3	46.5317	2
1643.82295	822.91875	2	44.2821	2
1643.82895	822.92175	2	74.3967	2
1643.84050	548.95410	3	66.0557	2
1645.90490	549.64225	3	66.6068	2
1646.83860	549.95350	3	60.8195	2
1648.96795	413.24925	4	57.4643	2
1648.96995	550.66390	3	57.4719	2
1649.93620	825.97540	2	76.3067	2
1651.90980	826.96220	2	87.7652	3
1651.92595	551.64925	3	84.2459	2
1651.92785	826.97120	2	84.1836	2
1652.75440	827.38450	2	68.0569	1
1653.87280	552.29820	3	75.3240	2
1653.92285	552.31490	3	75.8070	2
1654.40220	828.20840	2	80.5363	2
1654.78785	828.40120	2	70.1792	2
1654.82110	552.61430	3	77.3908	2
1654.89230	828.45340	2	80.5928	1
1655.76380	552.92855	3	48.5235	2
1657.81800	829.91625	2	88.0725	2
1657.91940	553.64710	3	82.6582	1
1658.79030	553.93740	3	53.9350	2
1658.83640	553.95270	3	78.5445	1
1658.83735	830.42595	2	78.4840	2
1659.91025	554.31070	3	78.1697	2
1659.91150	830.96300	2	78.2976	2
1660.74095	554.58760	3	64.3501	2
1662.80040	555.27405	3	51.3251	2
1662.82935	555.28375	3	69.2642	2
1662.82970	832.42210	2	69.2034	2
1663.79590	555.60590	3	71.1464	2
1664.77880	833.39670	2	83.1192	2
1664.84260	833.42860	2	72.6397	2
1665.89590	833.95520	2	75.8643	1
1666.86885	834.44170	2	76.4367	2
1666.87025	556.63065	3	76.3443	2
1666.87695	834.44575	2	80.2133	2
1666.91710	834.46580	2	81.9301	2
1667.71400	556.91190	3	67.3953	1
1667.81600	556.94595	3	57.3551	2
1667.86280	834.93870	2	76.8189	2
1668.81365	557.27845	3	56.7602	2
1669.85445	835.93450	2	71.0016	2
1670.83435	836.42445	2	95.7079	2
1670.88440	836.44950	2	54.8286	1
1670.88545	557.96910	3	54.7245	2
1671.71670	558.24620	3	50.3464	1
1672.72355	558.58180	3	42.1561	2
1673.89980	837.95715	2	76.0275	2
1674.80990	838.41220	2	59.5838	1
1674.88540	838.45000	2	91.2487	2
1675.73700	419.94150	4	29.7244	1
1675.73765	559.58645	3	29.6788	2
1676.81695	839.41575	2	66.5858	2
1677.81275	560.27815	3	70.0290	2
1678.00530	560.34235	3	64.8516	2
1679.88010	560.96730	3	74.5151	1
1681.82110	841.91780	2	75.2321	2
1681.90045	561.64075	3	79.7245	2
1681.90415	841.95935	2	85.4621	4
1681.92615	561.64930	3	92.6550	2
1681.92690	841.97070	2	92.8042	1
1682.80040	842.40745	2	87.1104	2
1682.87390	842.44420	2	92.2571	1
1682.89380	842.45420	2	78.5284	2
1682.93270	842.47360	2	70.8744	1
1683.88565	842.95010	2	76.5993	2
1684.91500	843.46475	2	80.3942	2
1685.91430	562.97870	3	64.5921	2
1686.87280	563.29820	3	62.9330	2
1687.91430	844.96445	2	87.4123	2
1687.91665	563.64615	3	87.4752	2
1688.73450	563.91880	3	31.1602	3
1688.87220	563.96470	3	57.5782	1
1688.87870	563.96680	3	83.0738	1
1688.88195	845.44825	2	83.0196	2
1689.84180	564.28790	3	57.9080	2
1689.90750	564.30980	3	93.2059	1
1690.96285	564.66155	3	63.1213	2
1692.82105	847.41780	2	83.3798	2
1692.96780	847.49120	2	89.8909	2
1692.96790	565.32990	3	90.0099	2
1693.93630	565.65270	3	62.6935	1
1693.94210	565.65460	3	81.8524	1
1694.80300	565.94160	3	49.7864	2
1695.32960	848.67205	2	68.9950	4
1696.77400	849.39430	2	62.6067	2
1696.84305	849.42880	2	85.5184	2
1696.90835	849.46145	2	84.8046	2
1696.91130	566.64440	3	84.8622	1
1697.90260	566.97480	3	76.9752	2
1697.90395	849.95925	2	77.0098	2
1698.00965	567.01050	3	81.9243	2
1698.79290	850.40375	2	82.0215	2
1698.89815	567.30665	3	84.0186	2
1698.89915	850.45685	2	84.0097	2
1698.90360	567.30850	3	58.0147	1
1699.83800	567.61990	3	82.2576	2
1699.86110	567.62760	3	77.4688	1
1699.86655	567.62945	3	75.3196	2
1700.91110	851.46285	2	79.8546	2
1703.81535	568.94570	3	60.0485	2
1704.72730	569.24970	3	25.5216	2
1704.91580	569.31255	3	70.1850	2
1705.83675	569.61950	3	46.4655	2
1705.83960	853.92705	2	46.5615	2
1705.88440	853.94945	2	68.7686	2
1705.92120	569.64765	3	66.5267	2
1706.37490	569.79890	3	66.7672	4
1706.88945	854.45200	2	88.0327	2
1706.90490	854.45970	2	82.7746	3
1706.90515	569.97565	3	88.1891	12
1707.88935	854.95195	2	93.1287	2
1707.89800	570.30660	3	76.5917	5
1707.97700	570.33290	3	78.3549	2
1707.97820	854.99635	2	78.2255	2
1709.98120	571.00100	3	75.4548	2
1710.01920	571.01365	3	79.6978	2
1710.92770	856.47110	2	75.9233	1
1712.88885	857.45170	2	66.0449	2
1712.93790	571.98660	3	68.1873	2
1714.90000	572.64060	3	61.8697	2
1714.90045	858.45750	2	61.9620	2
1714.90530	858.45990	2	70.1127	2
1717.86515	859.93985	2	71.4812	2
1717.89825	859.95640	2	93.3705	2
1720.90470	861.45965	2	77.2910	2
1721.76065	861.88760	2	37.2843	2
1721.86420	861.93940	2	74.5617	2
1722.87435	575.29870	3	75.0760	2
1722.89775	575.30650	3	75.6128	2
1723.02420	575.34870	3	68.9103	2
1723.02645	862.52050	2	68.9398	2
1724.87710	863.44580	2	81.7889	1
1725.94500	863.97975	2	85.4638	2
1726.01405	576.34525	3	81.5449	2
1726.93625	576.65270	3	73.0757	2
1728.78955	577.27045	3	62.8207	2
1728.93630	577.31940	3	58.9617	1
1729.00415	577.34200	3	82.1528	2
1730.75655	577.92610	3	64.1441	2
1730.89220	866.45340	2	88.2995	1
1730.89645	866.45550	2	72.4602	2
1731.04400	866.52930	2	88.5727	1
1731.04480	578.02220	3	88.4077	2
1731.88935	866.95195	2	68.5951	2
1731.92735	866.97095	2	85.9148	2
1733.87350	578.96510	3	75.1659	2
1733.87365	867.94410	2	75.2981	2
1733.89730	867.95590	2	90.2205	1
1735.78820	868.90140	2	78.4598	2
1735.87780	579.63320	3	78.2864	2
1735.96420	579.66200	3	97.2893	2
1735.96435	868.98945	2	97.1913	2
1736.84700	579.95630	3	80.0751	2
1736.84820	869.43135	2	80.0425	2
1737.92690	580.31625	3	78.1010	2
1737.98975	870.00215	2	90.5720	2
1738.80200	870.40825	2	68.0657	2
1738.82025	580.61400	3	65.1878	2
1738.82045	580.61410	3	59.5019	2
1739.84200	580.95460	3	69.6047	2
1739.88470	580.96885	3	67.5556	2
1740.83980	871.42720	2	80.5468	1
1742.87440	581.96540	3	66.8539	2
1743.80225	872.90840	2	67.0397	2
1743.81140	872.91300	2	50.4451	2
1743.97985	872.99720	2	95.2771	2
1744.89880	582.64020	3	70.9355	1
1745.91435	582.97870	3	73.2893	2
1745.94065	873.97760	2	82.3848	2
1746.79715	874.40585	2	89.4652	2
1746.81310	874.41380	2	73.9384	2
1748.87475	583.96555	3	62.3581	2
1749.86515	584.29565	3	61.5240	2
1749.86580	875.94020	2	61.4573	2
1750.00890	584.34360	3	55.5752	2
1750.01195	876.01325	2	55.6703	2
1751.93710	876.97585	2	90.5609	2
1752.89040	585.30410	3	48.4429	2
1752.98480	585.33550	3	86.0092	2
1752.98875	877.50165	2	85.9372	2
1753.84900	585.62360	3	52.3981	1
1754.86560	878.44010	2	74.7695	1
1755.86010	878.93730	2	70.4603	2
1755.90175	878.95815	2	90.1483	2
1755.92800	878.97130	2	71.6630	1
1756.88930	586.63700	3	79.1133	2
1756.88980	879.45215	2	79.0196	2
1757.92360	586.98180	3	73.6940	2
1758.79250	880.40355	2	48.8622	2
1758.83380	587.28520	3	76.9169	2
1759.84835	880.93145	2	89.1668	2
1759.91015	880.96235	2	88.1186	2
1760.92405	587.98195	3	79.8975	2
1760.94010	881.47730	2	87.5998	2
1761.89625	588.30600	3	73.2951	2
1762.84275	882.42865	2	75.8688	2
1763.83300	882.92375	2	61.2546	2
1763.86670	588.96280	3	72.4670	1
1764.32790	589.11655	3	62.8378	4
1764.99790	589.33990	3	92.5498	2
1765.00355	883.50905	2	92.5179	2
1766.94695	884.48075	2	83.8425	2
1766.96790	884.49125	2	86.5664	2
1767.03295	590.01825	3	81.2522	2
1767.82280	590.28155	3	64.2452	2
1767.85140	590.29105	3	88.8702	2
1767.85255	884.93355	2	88.9038	2
1767.97450	590.33210	3	88.3481	2
1768.90155	885.45805	2	79.5999	2
1769.01935	590.68035	3	80.0896	2
1769.91735	885.96595	2	66.6740	2
1770.00195	886.00825	2	91.2250	2
1770.00450	591.00875	3	73.6010	2
1771.91525	591.64570	3	75.1149	2
1772.33435	887.17445	2	76.7211	4
1774.88460	888.44955	2	58.2290	2
1774.88650	592.63610	3	58.1802	3
1774.92920	888.47190	2	88.7317	1
1776.89670	593.30615	3	66.5427	2
1777.32140	889.66795	2	63.6576	4
1778.98950	594.00380	3	71.7336	2
1778.99135	890.50295	2	71.6061	2
1779.80340	445.95810	4	50.9687	2
1779.80380	594.27520	3	50.9615	1
1779.99000	891.00225	2	73.1743	2
1780.40355	594.47510	3	53.0715	4
1782.85180	892.43320	2	78.3199	1
1782.87555	595.29915	3	75.4574	2
1783.84595	892.93025	2	72.9824	2
1784.88080	595.96755	3	61.7444	2
1784.88295	893.44875	2	61.8026	2
1784.91750	595.97975	3	54.8653	2
1785.88925	893.95190	2	87.8484	2
1788.91195	597.31125	3	35.1827	2
1789.92985	895.97220	2	81.8020	2
1792.91100	598.64425	3	61.2870	2
1793.05910	897.53685	2	97.2282	2
1793.87440	897.94445	2	89.2679	2
1793.92360	897.96910	2	84.0243	2
1794.81835	898.41645	2	63.0507	2
1794.85950	898.43700	2	81.4545	2
1794.98490	898.49975	2	79.1780	2
1796.85645	599.95940	3	73.8751	2
1796.88090	599.96760	3	83.6330	1
1796.96900	599.99690	3	84.2709	1
1796.98000	600.00060	3	70.5634	3
1797.96310	600.32830	3	72.5578	1
1799.93015	600.98395	3	99.2006	2
1799.93250	900.97350	2	99.1749	2
1800.99890	601.34025	3	82.0273	2
1803.92380	602.31520	3	49.6946	2
1804.86795	602.62990	3	65.4604	2
1804.89460	602.63880	3	77.7250	2
1804.97120	602.66435	3	78.0385	2
1804.97830	903.49645	2	78.3635	2
1805.36010	903.68735	2	64.9653	4
1805.87980	903.94715	2	76.6525	8
1806.03695	603.01960	3	71.5451	2
1806.88270	904.44865	2	68.5835	2
1809.91565	905.96510	2	72.6790	2
1809.99460	604.33880	3	72.5238	2
1810.00720	906.01090	2	72.8634	2
1813.89960	907.95710	2	85.7284	2
1813.95030	907.98245	2	83.3434	2
1814.80165	908.40810	2	79.6710	2
1814.80170	605.94115	3	79.5914	2
1814.96975	605.99720	3	65.6934	2
1815.92135	606.31435	3	86.0496	2
1815.92500	908.96980	2	85.9747	2
1816.89010	606.63730	3	78.5655	1
1817.86340	606.96170	3	69.1817	2
1817.90160	606.97450	3	49.4202	1
1820.86105	911.43780	2	58.9064	2
1820.89640	607.97275	3	72.3438	2
1820.91260	607.97810	3	78.7842	2
1821.00560	608.00910	3	79.8124	1
1821.06210	608.02800	3	83.6894	2
1821.84730	608.28970	3	80.0837	2
1821.89410	608.30530	3	52.7872	2
1822.91350	912.46405	2	84.9455	2
1822.91600	912.46530	2	72.2383	1
1823.89210	608.97130	3	83.4109	2
1823.90615	608.97600	3	67.8823	2
1825.86445	913.93950	2	55.2117	2
1825.89565	913.95510	2	66.7191	2
1826.36455	609.79545	3	55.1336	4
1826.95445	914.48450	2	78.4239	2
1827.94010	610.32060	3	73.5452	2
1827.96890	610.33020	3	65.2174	2
1827.97010	914.99235	2	65.1302	2
1828.91310	915.46380	2	83.9845	2
1828.95145	915.48300	2	73.2360	2
1832.00835	611.67675	3	72.3352	2
1832.86485	917.43970	2	81.5534	2
1832.91670	611.97950	3	76.0333	2
1832.92770	611.98315	3	60.4136	2
1833.91140	612.31110	3	76.8437	1
1833.93940	917.97695	2	79.8915	2
1833.97110	612.33095	3	87.5508	2
1835.79715	612.93965	3	59.3047	2
1836.04795	613.02325	3	73.1012	2
1836.92820	613.31670	3	85.2077	1
1838.11620	613.71270	3	73.6587	1
1838.95690	613.99290	3	63.5010	2
1839.99365	614.33850	3	64.0313	2
1840.89340	614.63840	3	77.6378	2
1841.01610	614.67930	3	69.8240	2
1841.01630	921.51540	2	69.7845	2
1841.85780	614.95985	3	49.2734	2
1842.93125	615.31770	3	65.5193	2
1842.97215	615.33130	3	71.3999	2
1844.88480	923.44970	2	86.6687	1
1844.89055	615.97080	3	62.7229	2
1844.91215	615.97800	3	66.9520	2
1845.99200	616.33790	3	85.7744	2
1845.99630	924.00540	2	85.9460	2
1846.79195	924.40325	2	71.9439	2
1846.93570	924.47510	2	74.8130	2
1846.97060	924.49260	2	84.7363	2
1849.90500	617.64230	3	89.8426	1
1849.95750	617.65975	3	85.1572	2
1852.02160	927.01805	2	82.8932	2
1853.92795	618.98325	3	60.7024	2
1854.92640	928.47050	2	92.0070	2
1856.85975	619.96050	3	54.5811	2
1856.88310	929.44885	2	82.7059	2
1859.96455	620.99545	3	78.4598	2
1860.94690	621.32290	3	88.6323	2
1860.95280	931.48370	2	88.6777	2
1860.99950	621.34040	3	75.3871	2
1861.91735	931.96595	2	87.7908	2
1861.98825	621.67000	3	82.8273	2
1862.81900	621.94690	3	59.8819	2
1862.87060	932.44260	2	86.7808	2
1863.98840	622.33670	3	88.0496	2
1864.88175	622.63450	3	72.8209	2
1866.01405	623.01195	3	81.4457	2
1867.84315	623.62165	3	53.8194	2
1867.91040	934.96250	2	83.2991	1
1868.83495	935.42475	2	63.2966	2
1870.96630	936.49040	2	86.0037	1
1872.89650	625.30610	3	53.4653	2
1873.94635	625.65605	3	75.9069	2
1873.96880	937.99170	2	81.0078	2
1875.87320	626.29830	3	70.7936	2
1876.99490	626.67220	3	74.8510	1
1879.78270	627.60150	3	33.5006	2
1880.97510	627.99900	3	62.5280	2
1882.97755	942.49605	2	71.0901	2
1883.88240	628.96810	3	75.7177	1
1883.88335	942.94895	2	75.6155	2
1884.87170	943.44310	2	76.4323	1
1885.87215	943.94335	2	65.5415	2
1885.91885	629.64685	3	84.1225	2
1885.92060	943.96755	2	83.9366	2
1886.87010	944.44230	2	63.4942	1
1886.90195	944.45825	2	68.6825	2
1886.90225	629.97470	3	68.6411	2
1888.00285	630.34155	3	81.1563	2
1890.93610	631.31930	3	69.5733	2
1890.94885	631.32355	3	73.8864	2
1890.99315	631.33835	3	84.5484	2
1892.06720	947.04085	2	82.8333	2
1893.94380	474.49320	4	56.2412	2
1893.96285	947.98870	2	85.2857	2
1893.97850	632.33345	3	58.0618	2
1895.89070	948.95260	2	72.3648	1
1899.87850	950.94650	2	70.2111	2
1899.98575	634.33585	3	61.9926	2
1902.89775	952.45615	2	79.6649	2
1903.93260	635.65150	3	77.4192	2
1904.97160	635.99780	3	74.7118	2
1904.97220	953.49335	2	74.8323	2
1908.97185	955.49320	2	86.3074	2
1909.98130	478.50260	4	70.8437	1
1909.98190	637.66790	3	70.9049	1
1909.99485	637.67225	3	75.4546	2
1910.00250	956.00855	2	75.5244	2
1910.17205	637.73130	3	78.9315	2
1911.89115	956.95285	2	72.7323	2
1911.99795	957.00625	2	81.2830	2
1912.00010	638.34060	3	81.3114	2
1912.89730	957.45590	2	66.7811	1
1912.91445	638.64540	3	32.2835	2
1912.99105	638.67095	3	73.7571	2
1913.09875	638.70685	3	70.4863	2
1914.98030	639.33400	3	68.5414	3
1918.85165	640.62445	3	46.5919	2
1919.77400	640.93190	3	39.5507	1
1919.90730	960.96090	2	91.1414	1
1920.96610	641.32930	3	60.6655	1
1920.96730	641.32970	3	60.6958	1
1920.99880	641.34020	3	82.2160	2
1921.93325	961.97390	2	95.5066	2
1923.88710	962.95085	2	78.5471	2
1923.96400	642.32860	3	72.2770	2
1924.02210	642.34800	3	77.9536	2
1927.00215	643.34135	3	89.5672	2
1930.94350	644.65510	3	82.8496	1
1932.83875	645.28685	3	57.4100	2
1932.84000	967.42730	2	57.5238	2
1933.08735	967.55095	2	86.5068	2
1933.09035	645.37075	3	86.6148	2
1934.07545	645.69910	3	86.3136	2
1935.07910	646.03365	3	78.7064	2
1935.93165	646.31780	3	65.0095	2
1937.92920	969.97190	2	91.6529	2
1937.92990	969.97225	2	87.6667	2
1937.93620	969.97540	2	85.6236	1
1937.94450	646.98875	3	78.3936	2
1937.94620	969.98040	2	78.4849	1
1938.94080	970.47770	2	90.7706	1
1938.95345	970.48400	2	79.7547	2
1939.01890	647.34690	3	74.4080	2
1939.83100	647.61760	3	26.4076	1
1941.88055	648.30080	3	57.1845	2
1942.04195	648.35460	3	75.9673	2
1942.47470	648.49880	3	84.8923	4
1942.84265	648.62150	3	60.2653	2
1942.97160	972.49310	2	85.8288	1
1943.94195	648.98790	3	73.6402	2
1944.98290	649.33490	3	66.1073	2
1945.89440	649.63870	3	65.6921	1
1947.93150	650.31775	3	71.9778	2
1947.98505	650.33565	3	79.9816	2
1947.98665	975.00060	2	79.9442	2
1950.98010	651.33395	3	71.2440	2
1951.98050	651.66740	3	59.8459	1
1951.99125	977.00290	2	87.2021	2
1953.92440	977.96950	2	83.8167	2
1954.89485	978.45470	2	80.6475	2
1955.93985	652.98720	3	58.6554	2
1956.05855	653.02675	3	80.9478	2
1956.90090	653.30760	3	65.4852	2
1956.99250	979.50355	2	75.2406	2
1957.94020	979.97740	2	86.1071	1
1961.04460	654.68880	3	87.4549	1
1961.05285	981.53370	2	87.5954	4
1961.05400	654.69190	3	87.4378	1
1963.05085	982.53270	2	75.0226	2
1966.08355	984.04905	2	89.4984	2
1966.93765	656.65315	3	74.2186	2
1966.98305	984.49880	2	96.0658	2
1970.06030	657.69400	3	75.8259	1
1970.07050	657.69745	3	76.6949	2
1970.98285	658.00155	3	60.1453	2
1973.06965	658.69715	3	59.2307	2
1976.02035	989.01745	2	94.1580	2
1976.97680	659.99950	3	83.4395	1
1978.89740	660.63975	3	35.2763	2
1979.03450	660.68545	3	86.5728	2
1984.02870	993.02160	2	78.7434	2
1985.95975	993.98715	2	72.3058	2
1988.04790	663.68990	3	70.4922	2
1989.02445	664.01540	3	73.5099	2
1992.02610	997.02030	2	92.1737	1
1992.05860	665.02680	3	78.9627	2
1994.00450	665.67545	3	93.0998	2
1994.00680	998.01070	2	92.9843	2
2001.00070	668.00750	3	83.2028	2
2002.96355	1002.48905	2	75.3871	2
2002.98530	668.66905	3	66.6705	2
2003.03445	668.68545	3	88.1044	2
2003.03460	1002.52460	2	88.1778	2
2004.08945	669.03710	3	78.2045	2
2009.03730	670.68635	3	57.6976	2
2009.08410	670.70200	3	76.1507	2
2009.99570	1006.00515	2	91.2627	2
2009.99765	671.00645	3	91.5167	2
2011.00390	1006.50920	2	76.3702	2
2016.99350	1009.50400	2	79.3112	2
2019.07005	674.03060	3	93.2933	2
2026.12150	676.38110	3	85.0078	2
2026.12435	1014.06945	2	85.0077	2
2027.05580	676.69250	3	86.5355	2
2031.03190	678.01790	3	86.6522	1
2033.06260	678.69480	3	71.8201	2
2035.86275	679.62815	3	56.9623	2
2037.04285	680.02155	3	64.4695	2
2041.07660	681.36615	3	79.0546	2
2042.46750	681.82980	3	72.6047	4
2043.01160	682.01115	3	81.3809	2
2043.01160	1022.51305	2	81.5079	2
2047.98120	683.66765	3	47.1145	2
2048.05030	683.69070	3	94.5199	2
2048.05340	1025.03400	2	94.4632	2
2048.95860	683.99350	3	75.5454	2
2049.04200	684.02130	3	86.1905	1
2052.92920	1027.47185	2	74.6553	2
2054.09840	1028.05650	2	96.1575	2
2054.89880	685.97350	3	68.2718	2
2058.08470	1030.04960	2	96.2373	1
2059.00550	687.34245	3	76.3125	2
2059.92825	687.65000	3	66.7538	2
2059.96765	1030.99110	2	83.7480	2
2060.06250	687.69480	3	85.7891	1
2064.03540	1033.02500	2	87.7093	1
2064.04385	689.02190	3	88.7033	2
2064.95925	1033.48690	2	83.5499	2
2067.98865	690.33680	3	68.0088	2
2070.95885	1036.48670	2	71.5423	2
2071.03390	1036.52425	2	90.9508	2
2071.03520	691.35230	3	66.1031	1
2072.11745	691.71305	3	87.0159	2
2073.10400	692.04195	3	75.7660	2
2075.07995	692.70060	3	71.1821	2
2076.04900	693.02360	3	66.5106	2
2077.04700	693.35625	3	58.7566	2
2078.06630	693.69605	3	77.8555	2
2079.02830	694.01670	3	73.1839	1
2080.10305	521.03305	4	69.5423	2
2080.10400	694.37525	3	69.7045	2
2086.03860	1044.02655	2	87.6302	2
2089.05200	697.35790	3	74.1791	1
2090.94170	1046.47810	2	86.9623	3
2092.08770	698.36980	3	73.1321	2
2092.97560	1047.49510	2	86.3750	1
2093.11240	1047.56350	2	79.2160	2
2093.98020	1047.99740	2	85.0883	2
2093.98410	699.00195	3	85.1455	2
2094.94435	699.32205	3	50.5045	2
2094.98680	1048.50070	2	83.2485	2
2095.00300	699.34160	3	68.4039	1
2100.07420	701.03200	3	91.3430	1
2101.86380	701.62850	3	70.0102	1
2104.56525	702.52900	3	72.7253	4
2105.14775	702.72320	3	89.6352	2
2114.12755	705.71645	3	94.2384	2
2114.12780	1058.07120	2	94.4093	2
2119.05005	707.35725	3	63.0506	2
2122.10200	708.37460	3	69.3162	1
2125.15430	709.39200	3	92.5066	1
2126.14195	709.72125	3	76.8853	2
2126.14340	1064.07895	2	76.8481	2
2131.17995	711.40060	3	82.6415	2
2137.12305	713.38160	3	69.1225	2
2143.09390	715.37190	3	80.7329	2
2151.09790	718.03990	3	77.3238	2
2156.01510	719.67900	3	64.6462	2
2161.14750	721.38980	3	85.7479	1
2169.12375	724.04850	3	75.4458	2
2170.02715	724.34965	3	75.2865	2
2181.13685	1091.57570	2	79.7332	2
2181.13720	728.05300	3	79.7802	1
2190.06600	731.02925	3	74.0937	2
2190.06755	1096.04105	2	74.0317	2
2201.11685	734.71285	3	72.6171	2
2205.01460	736.01210	3	70.9065	2
2205.09815	1103.55635	2	98.0545	2
2205.10370	736.04185	3	98.2656	2
2227.05105	743.35760	3	54.6096	2
2227.05260	1114.53355	2	54.6350	2
2236.11200	746.37795	3	84.7828	2
2240.17820	747.73330	3	84.1456	1
2240.18210	1121.09835	2	84.1225	2
2245.10000	1123.55730	2	83.8082	1
2249.19800	1125.60630	2	82.1964	1
2250.02110	751.01430	3	45.4853	2
2269.26210	757.42795	3	82.2791	2
2279.05710	760.69300	3	67.9675	2
2282.08445	761.70210	3	63.1146	2
2283.15580	762.05920	3	81.6003	1
2284.23135	762.41770	3	93.3086	2
2284.23855	762.42010	3	90.0182	2
2291.01820	764.68000	3	66.4595	2
2291.01855	1146.51655	2	66.4535	2
2295.09265	766.03815	3	79.0254	2
2297.12450	766.71545	3	69.1115	2
2299.15110	767.39100	3	63.7582	1
2306.10450	769.70880	3	77.3502	2
2316.20995	773.07725	3	80.0991	2
2323.19740	1162.60600	2	84.5850	2
2347.18860	783.40345	3	58.5070	2
2376.10025	793.04070	3	50.8442	2
2379.16300	794.06160	3	62.1049	1
2379.16530	595.79860	4	62.0455	2
2389.99270	797.67150	3	61.0459	2
2391.16445	798.06210	3	80.4661	2
2391.18930	1196.60195	2	94.8068	2
2401.30250	801.44145	3	81.3748	2
2404.07470	802.36550	3	70.6741	2
2407.22615	803.41600	3	75.2951	2
2416.23960	806.42045	3	83.6805	2
2427.23880	607.81700	4	59.9234	1
2435.25520	812.75900	3	64.7912	2
2440.34980	814.45720	3	90.5923	2
2519.20630	840.74270	3	64.8833	1
2525.30005	842.77395	3	85.3478	2
2532.23420	845.08535	3	73.4721	2
2549.46790	638.37430	4	84.6038	6
2549.47015	850.83065	3	82.6115	2
2558.29930	853.77370	3	91.5056	1
2589.27340	864.09840	3	70.3296	1
2604.27440	869.09870	3	84.3741	1
2620.21715	656.06155	4	64.4142	2
2643.33540	882.11905	3	86.0697	2
2749.47900	917.50030	3	81.3369	1
2804.28050	935.76740	3	76.5991	2
3208.56210	803.14785	4	69.7349	2
3536.65800	1179.89330	3	83.7959	1
4062.01340	1016.51065	4	66.7281	2
