mono_mass	mz	charge	rt	n_psm
798.41280	400.21365	2	38.7191	2
798.46020	400.23740	2	43.8813	1
798.48545	400.25000	2	57.9675	2
799.45545	400.73500	2	49.6287	2
800.43915	401.22685	2	44.2447	2
800.43955	401.22705	2	40.6162	2
800.45475	401.23465	2	51.6630	2
801.43535	401.72495	2	37.0531	2
801.53300	401.77380	2	44.9662	2
802.38625	402.20040	2	39.1451	2
802.41970	402.21710	2	42.1471	1
802.45610	402.23530	2	43.3743	1
802.49875	402.25670	2	62.0750	2
805.40820	403.71140	2	45.4465	2
805.44495	403.72975	2	51.7274	2
806.39575	404.20515	2	37.9349	2
806.41755	404.21605	2	71.8277	2
806.45345	404.23400	2	60.7508	2
806.45390	404.23420	2	50.8847	1
807.41295	404.71380	2	40.3817	2
808.36320	405.18890	2	37.0928	1
808.39690	405.20575	2	49.8124	2
808.44410	405.22935	2	36.1943	2
810.36950	406.19200	2	35.5200	1
811.35445	406.68450	2	37.8169	2
811.49110	406.75285	2	50.0982	2
812.42280	407.21865	2	43.0940	2
812.43925	407.22690	2	40.3338	2
812.47580	407.24515	2	60.5257	2
812.48680	407.25070	2	44.9977	2
812.51155	407.26305	2	49.4272	2
814.45480	408.23470	2	34.8013	2
814.45575	408.23515	2	52.0460	2
814.51650	408.26550	2	59.0195	2
815.43860	408.72660	2	39.0532	2
815.46825	408.74140	2	57.0435	2
815.47575	408.74515	2	42.6213	2
815.47650	408.74550	2	46.7501	2
815.49715	408.75585	2	38.2193	2
815.51115	408.76285	2	46.5759	2
816.38380	409.19920	2	51.8555	2
816.44950	409.23205	2	66.7647	2
816.47080	409.24270	2	37.8491	2
817.42950	409.72205	2	35.0684	2
817.45500	409.73480	2	40.7604	1
817.48165	409.74810	2	67.1273	2
818.43980	410.22720	2	53.2106	2
818.49005	410.25230	2	74.1078	2
819.39140	410.70300	2	35.5150	1
819.41700	410.71580	2	40.4380	1
819.43140	410.72300	2	63.3286	2
820.43400	411.22430	2	39.2853	2
820.46945	411.24200	2	45.9692	2
820.48895	411.25175	2	71.9168	2
821.42885	411.72170	2	41.0751	2
822.39110	412.20280	2	30.7810	3
822.42360	412.21905	2	37.2392	2
822.42455	412.21955	2	43.0667	2
823.41850	412.71650	2	36.6530	1
823.41880	412.71670	2	36.6233	1
823.42640	412.72045	2	55.0707	2
823.44410	412.72930	2	45.4107	1
824.54920	413.28185	2	71.4145	2
826.49110	414.25285	2	42.6075	2
826.49135	414.25295	2	40.0335	2
826.52730	414.27090	2	50.1298	2
826.52770	414.27115	2	69.9414	2
828.41595	415.21525	2	31.6063	2
828.44520	415.22990	2	40.2182	3
828.47490	415.24470	2	39.0341	2
828.50760	415.26110	2	51.8097	1
829.45495	415.73475	2	46.2136	2
829.46500	415.73980	2	35.0250	1
829.46515	415.73985	2	42.0929	2
829.46580	415.74015	2	48.2857	2
829.49060	415.75255	2	56.1705	2
829.49160	415.75310	2	39.7694	1
829.50265	415.75860	2	50.9634	2
829.50295	415.75875	2	36.9919	2
830.45060	416.23260	2	40.6656	1
831.46970	416.74215	2	48.9871	2
831.47010	416.74240	2	35.6344	1
831.49705	416.75580	2	70.1338	2
832.39370	417.20415	2	34.7754	2
832.41190	417.21320	2	43.2019	1
832.93090	417.47275	2	45.5439	4
833.43270	417.72360	2	45.3179	1
833.44015	417.72735	2	63.1784	2
834.43525	418.22490	2	38.3440	2
835.40870	418.71160	2	47.6241	1
835.44430	418.72945	2	43.7264	2
836.38935	419.20195	2	40.8274	2
836.40160	419.20810	2	41.7937	2
836.43970	419.22710	2	56.9692	2
836.44065	419.22760	2	43.9228	2
837.40285	419.70870	2	48.4266	2
837.40520	419.70990	2	54.7981	2
838.41730	420.21590	2	37.7692	2
839.42935	420.72195	2	55.4632	2
839.58390	420.79925	2	73.4032	2
840.47010	421.24235	2	43.3814	2
840.54290	421.27875	2	59.9787	2
840.54320	421.27890	2	75.0936	2
841.46610	421.74030	2	41.3407	3
841.49170	421.75310	2	55.2274	1
842.42820	422.22140	2	48.2174	2
842.46100	422.23780	2	40.1483	2
842.48460	422.24960	2	52.4739	1
842.48665	422.25060	2	38.8521	2
842.48690	422.25070	2	42.7515	2
842.52195	422.26825	2	71.2240	2
842.52300	422.26880	2	49.6585	2
842.53330	422.27390	2	34.8673	2
843.45175	422.73315	2	39.7191	2
843.48165	422.74810	2	45.0825	2
843.54260	422.77855	2	63.4875	2
844.45500	423.23480	2	54.3356	3
844.46540	423.23995	2	35.7460	2
845.46025	423.73745	2	37.8768	2
845.46230	423.73845	2	44.5954	2
845.46485	423.73970	2	67.5713	2
845.51225	423.76340	2	65.4409	2
845.53705	423.77580	2	76.4225	2
846.39890	424.20670	2	37.4055	2
846.42750	424.22100	2	43.2950	2
846.44880	424.23170	2	61.4216	2
847.42340	424.71900	2	44.2255	2
847.44540	424.73000	2	41.1627	1
847.48065	424.74760	2	45.9788	2
848.43965	425.22710	2	42.3171	2
848.44005	425.22730	2	53.5291	2
848.44445	425.22955	2	36.9646	2
849.42060	425.71760	2	47.1808	2
849.43630	425.72540	2	54.0420	1
849.44240	425.72850	2	53.0506	1
850.45220	426.23335	2	46.8367	2
850.50210	426.25835	2	39.9462	2
851.37020	426.69240	2	41.0559	3
851.40330	426.70890	2	35.8520	1
851.42135	426.71795	2	46.0886	2
851.43860	426.72655	2	37.5045	2
853.36075	427.68765	2	37.3080	2
853.39775	427.70615	2	43.2640	2
854.46080	428.23770	2	40.3499	2
855.51790	428.76620	2	51.8047	1
856.43270	429.22365	2	64.7784	2
856.44900	429.23180	2	65.6311	2
856.46985	429.24220	2	50.6058	2
856.51305	429.26380	2	48.8562	2
856.51730	429.26590	2	46.2086	2
856.53885	429.27670	2	58.1430	2
857.46130	429.73795	2	40.6556	2
857.46210	429.73830	2	43.0361	2
857.49515	429.75485	2	46.8636	2
857.49630	429.75540	2	55.4414	1
857.49730	429.75590	2	55.4105	1
858.45660	430.23555	2	44.7367	2
858.47005	430.24230	2	44.0757	2
858.96240	430.48845	2	38.4168	4
859.43795	430.72625	2	40.4722	2
859.46505	430.73980	2	47.3662	2
859.50130	430.75790	2	66.6083	1
860.42450	431.21950	2	36.5750	2
860.44285	431.22870	2	45.6985	2
860.46050	431.23750	2	34.1366	2
861.44450	431.72955	2	45.0869	2
861.47135	431.74295	2	48.1308	2
861.49960	431.75705	2	49.2099	2
861.50755	431.76105	2	75.7086	2
862.38635	432.20045	2	39.6893	2
862.41920	432.21690	2	36.8610	1
863.45005	432.73235	2	49.8019	2
863.45120	432.73285	2	35.4600	2
864.42020	433.21735	2	50.2428	2
864.43515	433.22485	2	53.3626	2
864.50690	433.26070	2	64.3027	2
865.41220	433.71340	2	51.2708	1
865.41555	433.71505	2	40.2444	2
866.41030	434.21240	2	41.0025	1
866.49800	434.25625	2	42.9819	2
867.41635	434.71545	2	50.5738	2
867.43450	434.72455	2	39.6009	2
868.45825	435.23640	2	38.3080	2
868.51305	435.26380	2	33.0151	2
869.49665	435.75560	2	34.8990	2
869.53305	435.77380	2	60.2149	2
869.53360	435.77405	2	53.0272	2
869.55845	435.78650	2	67.3203	2
870.43650	436.22550	2	34.4487	1
870.44925	436.23190	2	55.0115	2
870.48135	436.24795	2	43.4922	2
870.51730	436.26590	2	58.5347	2
870.55400	436.28430	2	51.4692	2
871.44390	436.72925	2	38.8258	2
871.45095	436.73275	2	41.3035	2
871.53795	436.77625	2	59.8603	2
872.47440	437.24450	2	40.1771	2
872.49540	437.25500	2	56.5285	1
872.49655	437.25555	2	42.6647	2
872.50970	437.26210	2	37.1598	1
872.51470	437.26465	2	64.1474	2
873.47065	437.74260	2	45.9123	2
873.47325	437.74390	2	51.1043	2
873.48075	437.74765	2	49.0524	2
873.49600	437.75525	2	67.8212	2
874.43315	438.22385	2	45.2592	2
874.44670	438.23060	2	33.6410	1
874.45855	438.23655	2	50.3888	2
874.46910	438.24185	2	36.2160	2
875.52265	438.76860	2	61.4091	2
876.41270	439.21365	2	39.8720	2
876.43630	439.22540	2	48.5232	3
876.47270	439.24360	2	50.7455	3
876.49520	439.25490	2	68.2276	2
877.42940	439.72200	2	43.8913	1
877.45455	439.73455	2	37.7516	2
877.46635	439.74045	2	43.1242	2
877.46655	439.74055	2	50.2337	2
877.46670	439.74060	2	45.4930	1
877.50965	439.76210	2	70.3250	2
878.43200	440.22330	2	48.4512	1
878.48640	440.25050	2	50.8705	1
878.48655	440.25055	2	55.1615	2
879.39785	440.70620	2	35.1810	2
880.41350	441.21400	2	39.2254	1
880.42955	441.22205	2	43.9815	2
880.54955	441.28205	2	53.8995	2
882.48300	442.24880	2	36.7758	1
882.52895	442.27180	2	39.6506	2
883.53800	442.77630	2	51.7019	1
883.53815	442.77635	2	59.1656	2
884.44095	443.22775	2	44.7046	2
884.54380	443.27915	2	54.7622	2
884.57050	443.29255	2	74.4000	2
884.57190	443.29320	2	59.7304	2
885.42370	443.71915	2	39.5327	2
885.44485	443.72970	2	35.4024	2
885.48190	443.74820	2	44.0297	1
885.49010	443.75235	2	35.9840	2
885.49235	443.75345	2	51.9493	2
885.55355	443.78405	2	65.3471	2
886.40750	444.21105	2	53.9353	2
886.48680	444.25070	2	43.0360	2
886.51270	444.26365	2	48.6250	2
887.45965	444.73710	2	36.8964	2
887.48700	444.75080	2	56.1263	1
887.49030	444.75240	2	41.8624	1
888.46625	445.24040	2	38.6314	2
889.45835	445.73645	2	51.5388	2
889.46525	445.73990	2	48.7311	2
889.47720	445.74590	2	41.9068	2
889.48470	445.74965	2	70.5975	2
891.44510	446.72980	2	50.0061	2
891.44950	446.73205	2	47.0157	2
891.48210	446.74835	2	63.3597	2
891.49730	446.75595	2	67.4755	2
891.50655	446.76055	2	66.8498	2
892.44045	447.22750	2	40.7702	2
892.48335	447.24895	2	77.1182	2
893.45925	447.73690	2	46.3409	6
893.46160	447.73810	2	43.1741	2
893.60620	447.81035	2	75.9477	2
894.44880	448.23170	2	43.8629	1
894.45540	448.23495	2	34.8115	2
895.44775	448.73115	2	60.2358	2
895.46470	448.73960	2	41.8725	1
895.46550	448.74000	2	41.8965	1
896.53390	449.27425	2	55.2797	2
897.40540	449.70995	2	67.1273	2
897.50315	449.75885	2	34.5159	2
898.40825	450.21140	2	66.6448	2
898.42210	450.21830	2	42.8100	1
898.47985	450.24720	2	58.3371	2
898.48725	450.25090	2	35.9247	2
898.49080	450.25265	2	45.0671	2
898.54855	450.28155	2	67.3482	2
898.56070	450.28765	2	55.7703	2
899.43905	450.72680	2	54.1702	2
899.45045	450.73250	2	41.3574	2
899.50720	450.76090	2	56.5652	1
899.51500	450.76480	2	60.6916	2
900.46390	451.23920	2	41.9670	1
900.49120	451.25290	2	41.7352	2
900.49290	451.25370	2	53.3115	1
900.50340	451.25895	2	51.2184	2
900.53925	451.27690	2	44.4464	2
901.41155	451.71305	2	49.7730	2
901.43305	451.72380	2	39.8028	2
901.47610	451.74530	2	59.1233	1
901.48640	451.75050	2	34.3040	2
901.52455	451.76955	2	43.1426	2
902.41305	452.21380	2	48.3699	2
902.50770	452.26120	2	46.7328	1
903.48145	452.74800	2	53.5829	2
903.52845	452.77150	2	42.8220	2
903.54320	452.77885	2	69.3705	2
903.57920	452.79690	2	80.8796	1
904.42535	453.21995	2	32.8218	2
904.44395	453.22925	2	31.5802	2
904.53810	453.27635	2	63.5912	2
905.45230	453.73345	2	44.5298	2
905.45280	453.73370	2	66.0348	2
905.46070	453.73760	2	33.2052	1
906.46720	454.24090	2	32.9884	2
906.51690	454.26575	2	48.7049	2
907.45175	454.73315	2	37.8392	2
907.50005	454.75730	2	49.1698	2
908.00410	455.00930	2	55.5039	4
908.43120	455.22290	2	50.0647	1
908.56915	455.29185	2	57.7017	2
909.42655	455.72055	2	55.9604	2
909.42670	455.72060	2	45.3229	2
909.45575	455.73515	2	40.6461	2
909.47580	455.74520	2	70.9140	2
909.50430	455.75940	2	36.7451	1
911.38045	456.69750	2	34.6471	2
911.47495	456.74475	2	61.1823	2
911.48960	456.75210	2	43.8484	2
911.57920	456.79690	2	58.6356	2
912.54770	457.28110	2	43.1100	1
912.56595	457.29025	2	64.7421	2
913.42960	457.72210	2	49.2929	1
913.45110	457.73280	2	42.2342	2
913.47335	457.74395	2	71.7740	2
913.48685	457.75070	2	47.9187	2
913.50930	457.76190	2	33.8385	2
913.54845	457.78150	2	54.3877	2
913.55980	457.78715	2	39.7686	2
913.59660	457.80555	2	41.0093	2
914.50755	458.26110	2	41.5116	2
914.51850	458.26655	2	46.7131	2
915.44530	458.72995	2	37.4843	2
915.47025	458.74240	2	37.1597	2
915.50150	458.75800	2	42.1371	1
915.50665	458.76060	2	33.1830	2
915.52110	458.76780	2	50.3989	2
915.53930	458.77695	2	35.7700	2
916.48565	459.25010	2	41.8967	2
916.49830	459.25645	2	38.3297	2
917.46485	459.73970	2	44.9434	2
917.48120	459.74790	2	40.8742	1
917.48140	459.74800	2	38.8445	2
917.48200	459.74830	2	34.8643	1
917.51960	459.76710	2	40.5869	1
918.44890	460.23170	2	80.2946	2
918.48445	460.24950	2	54.0417	2
918.49170	460.25310	2	64.6299	2
918.51500	460.26480	2	63.5207	2
918.51700	460.26580	2	57.4561	2
919.40625	460.71040	2	33.8138	2
919.40740	460.71100	2	61.9854	2
919.44400	460.72930	2	48.1378	1
919.46940	460.74200	2	53.1799	2
919.50960	460.76210	2	53.3488	2
919.51220	460.76340	2	44.3585	1
919.51245	460.76350	2	47.3949	2
919.51525	460.76490	2	57.8667	2
919.52095	460.76775	2	65.1918	2
920.49740	461.25600	2	47.5654	2
920.49740	461.25600	2	51.0142	2
920.50615	461.26035	2	42.2144	2
921.44535	461.72995	2	41.3675	2
921.44610	461.73030	2	38.0611	2
921.45660	461.73560	2	41.1308	2
921.46640	461.74050	2	36.3690	1
921.55300	461.78380	2	62.1896	1
922.43940	462.22695	2	50.3632	2
922.45230	462.23340	2	39.2204	1
923.43500	462.72480	2	44.4561	2
923.47220	462.74340	2	41.5402	2
923.53270	462.77365	2	59.6670	2
923.58070	462.79760	2	78.3154	1
924.43660	463.22555	2	48.7409	2
924.53855	463.27655	2	53.0911	2
924.56465	463.28960	2	55.9341	2
925.47030	463.74240	2	79.5817	1
926.51880	464.26665	2	39.6208	2
926.58020	464.29735	2	60.8364	2
926.59130	464.30295	2	61.9248	2
927.37555	464.69505	2	30.1500	2
927.44535	464.72995	2	47.2099	2
927.56385	464.78920	2	83.2609	2
928.45440	465.23450	2	51.3122	2
928.51735	465.26595	2	42.4679	2
928.52385	465.26920	2	52.1466	2
928.53470	465.27460	2	50.4803	2
928.55930	465.28690	2	57.4890	2
928.56010	465.28730	2	63.1479	2
929.44690	465.73070	2	33.1760	1
929.45695	465.73575	2	30.8730	2
929.48050	465.74755	2	37.5653	2
929.50730	465.76090	2	55.4951	2
929.51110	465.76285	2	48.9456	2
929.51860	465.76660	2	43.6092	2
929.51870	465.76665	2	41.5637	2
929.51875	465.76665	2	36.7862	2
930.42350	466.21900	2	61.4141	2
930.46595	466.24025	2	35.8624	2
930.47820	466.24640	2	42.6163	2
930.51705	466.26580	2	65.1556	2
930.53910	466.27680	2	38.6691	2
931.44420	466.72940	2	28.8479	1
931.47110	466.74280	2	36.6183	1
931.48600	466.75025	2	49.3656	2
931.50170	466.75810	2	56.3904	2
931.51190	466.76320	2	58.3852	2
931.53465	466.77460	2	68.1700	2
932.46435	467.23945	2	39.4695	2
932.54465	467.27960	2	42.7591	2
933.45590	467.73525	2	37.8995	2
933.46485	467.73970	2	51.7629	2
933.48480	467.74970	2	52.1797	2
933.50285	467.75870	2	52.9344	2
933.52875	467.77165	2	56.8251	2
933.53970	467.77710	2	33.5682	2
934.41575	468.21515	2	40.6334	2
934.45060	468.23260	2	39.9136	2
934.48660	468.25055	2	43.8145	2
934.48690	468.25075	2	55.6773	2
934.48760	468.25110	2	34.1316	2
934.51245	468.26350	2	58.9145	2
934.51255	468.26355	2	50.7633	2
934.52350	468.26900	2	59.9977	2
935.47095	468.74275	2	45.6647	2
935.48940	468.75200	2	62.2108	2
937.41420	469.71435	2	35.3341	2
937.48695	469.75075	2	41.2370	2
938.43445	470.22450	2	38.3915	2
939.43060	470.72260	2	62.7123	1
939.48150	470.74805	2	80.6161	2
939.48200	470.74830	2	59.9369	2
939.51435	470.76445	2	33.0403	2
939.54980	470.78220	2	56.3619	2
939.56400	470.78930	2	81.0436	2
940.44425	471.22940	2	45.7317	2
940.52655	471.27055	2	62.4536	2
940.53485	471.27470	2	35.1387	2
941.43455	471.72455	2	39.1401	2
941.46435	471.73945	2	50.5245	2
941.55660	471.78560	2	51.2401	1
941.57975	471.79715	2	67.0971	2
941.60650	471.81050	2	79.7043	2
942.50220	472.25835	2	36.6574	2
942.51325	472.26390	2	44.1365	2
942.51335	472.26395	2	48.6459	2
942.53845	472.27650	2	49.5119	2
943.44785	472.73120	2	61.5315	2
943.46515	472.73985	2	36.4747	2
943.48840	472.75150	2	44.4337	2
943.49845	472.75650	2	36.3130	2
943.53575	472.77515	2	46.9038	2
944.42500	473.21975	2	37.9526	2
944.43120	473.22285	2	63.9580	2
944.47480	473.24470	2	55.8388	2
944.49290	473.25375	2	43.7313	2
944.51180	473.26320	2	64.3751	2
944.51770	473.26615	2	48.4553	2
944.51840	473.26650	2	63.0759	1
944.51860	473.26660	2	45.9738	2
944.52925	473.27190	2	49.9274	2
944.55435	473.28445	2	55.1820	2
945.46025	473.73740	2	77.4262	2
945.51235	473.76345	2	41.2741	2
945.54960	473.78205	2	59.1656	2
946.50840	474.26150	2	50.2922	1
946.50910	474.26185	2	37.6993	2
946.51280	474.26370	2	46.5033	2
946.53355	474.27405	2	38.6086	2
946.54895	474.28175	2	74.5749	2
947.43515	474.72485	2	38.8833	2
947.48645	474.75050	2	42.7880	2
947.51510	474.76480	2	71.7690	2
948.46585	475.24020	2	53.4103	2
948.46695	475.24075	2	44.9149	2
949.48590	475.75020	2	40.1269	2
949.48685	475.75070	2	54.7089	2
949.49110	475.75285	2	86.9966	2
949.50520	475.75990	2	77.7101	2
949.52720	475.77085	2	79.9019	2
950.45320	476.23390	2	50.8390	2
950.48190	476.24820	2	49.5788	2
950.48275	476.24865	2	47.2668	2
950.48630	476.25040	2	73.9287	2
950.50150	476.25800	2	59.8815	2
950.50720	476.26090	2	52.2900	2
951.51805	476.76630	2	80.4757	2
952.44985	477.23220	2	47.7125	2
952.45050	477.23250	2	43.6953	2
952.47005	477.24235	2	51.4460	2
952.53490	477.27475	2	42.8093	2
954.44120	478.22790	2	36.6040	2
954.44550	478.23005	2	53.0580	2
955.53460	478.77460	2	63.3647	2
955.57115	478.79285	2	61.5938	2
956.50410	479.25935	2	38.9916	2
956.51645	479.26550	2	37.3578	2
956.52870	479.27165	2	47.3978	2
956.52895	479.27180	2	53.8624	2
956.53045	479.27250	2	44.7092	2
956.53130	479.27295	2	42.1539	2
956.53610	479.27535	2	66.8397	2
956.57975	479.29715	2	77.9948	2
957.48890	479.75170	2	33.3752	2
957.51290	479.76370	2	48.5066	1
957.52520	479.76990	2	41.5208	2
957.53030	479.77240	2	48.9377	1
957.53550	479.77500	2	32.5853	2
957.55965	479.78710	2	48.7459	2
957.59725	479.80590	2	47.9450	2
958.48725	480.25090	2	56.9424	2
958.50825	480.26140	2	57.2208	2
959.50815	480.76135	2	41.5870	2
959.53000	480.77225	2	43.2435	2
959.53300	480.77380	2	69.4374	2
959.55510	480.78485	2	58.4284	2
959.58165	480.79810	2	84.0375	2
960.45005	481.23230	2	35.8046	2
960.46185	481.23820	2	32.2444	2
960.47535	481.24495	2	42.5309	2
960.51300	481.26375	2	39.8567	2
960.53200	481.27330	2	57.9878	2
960.53870	481.27665	2	61.9449	2
961.45330	481.73390	2	34.7548	1
961.50865	481.76160	2	42.0276	2
962.47395	482.24430	2	46.7838	2
962.50590	482.26025	2	62.8588	2
962.51950	482.26700	2	56.0804	2
962.53800	482.27630	2	86.5402	2
963.44525	482.72990	2	55.0469	2
963.50210	482.75835	2	40.7651	2
963.50600	482.76030	2	35.0683	2
963.55490	482.78470	2	75.1590	2
964.46120	483.23785	2	38.6938	2
964.48010	483.24730	2	69.7209	2
964.49745	483.25600	2	43.5592	2
964.52305	483.26880	2	54.6360	2
965.44440	483.72950	2	41.9925	1
965.44570	483.73010	2	35.5515	3
965.45930	483.73700	2	38.2918	2
965.48185	483.74820	2	61.1452	2
965.62740	483.82100	2	82.8539	1
966.46485	484.23970	2	42.3169	2
966.46650	484.24050	2	37.1188	2
966.51200	484.26330	2	45.3642	2
966.52445	484.26950	2	47.3367	2
967.47935	484.74695	2	58.4507	2
967.52060	484.76760	2	29.7776	1
967.52400	484.76930	2	47.9527	2
967.54460	484.77955	2	37.4181	2
967.58155	484.79805	2	57.1348	2
968.44515	485.22985	2	41.1231	2
968.52875	485.27165	2	37.9045	2
968.52880	485.27170	2	49.4625	2
969.43135	485.72295	2	40.0267	2
969.47960	485.74710	2	76.1695	1
969.48745	485.75100	2	40.8892	2
969.51280	485.76370	2	47.6190	1
969.52450	485.76955	2	50.9240	2
969.56120	485.78785	2	53.3524	2
969.58595	485.80025	2	64.4347	2
969.58630	485.80040	2	69.2450	2
970.48740	486.25095	2	55.1270	2
970.54395	486.27925	2	56.4535	2
970.58090	486.29775	2	45.6006	2
970.58110	486.29780	2	33.8935	1
970.58150	486.29800	2	70.9826	2
971.50300	486.75875	2	32.1298	2
971.52860	486.77160	2	49.1430	2
971.52885	486.77170	2	59.2308	2
971.52930	486.77190	2	36.5450	2
971.55440	486.78450	2	58.0902	2
971.56490	486.78975	2	34.2644	2
971.56620	486.79040	2	44.6747	1
972.46575	487.24015	2	33.9497	2
972.57010	487.29230	2	35.6446	1
973.50790	487.76125	2	42.5598	2
973.54320	487.77890	2	34.5372	2
974.50345	488.25900	2	38.5698	2
974.51920	488.26690	2	59.3759	2
975.47445	488.74450	2	45.8276	2
975.50240	488.75850	2	52.9594	1
975.53850	488.77650	2	65.2101	1
976.46910	489.24180	2	34.4757	1
976.49650	489.25550	2	58.5984	2
976.50840	489.26150	2	48.3699	2
977.44480	489.72970	2	47.5039	2
977.48225	489.74840	2	46.0363	2
977.48250	489.74850	2	61.1356	1
977.51895	489.76675	2	52.6907	2
977.55580	489.78520	2	59.5952	1
978.46545	490.24000	2	46.2955	2
978.47780	490.24615	2	42.2026	2
978.50275	490.25865	2	60.5385	2
979.44980	490.73220	2	66.7646	2
979.46130	490.73795	2	39.1958	2
979.49765	490.75610	2	52.9921	2
979.51660	490.76560	2	53.5497	1
979.56990	490.79225	2	40.8376	2
980.45705	491.23585	2	37.4257	2
980.49715	491.25585	2	52.7769	2
981.50705	491.76080	2	35.3417	2
981.52475	491.76965	2	30.4739	2
981.59830	491.80640	2	41.7402	2
982.45970	492.23715	2	34.2694	2
982.47480	492.24470	2	42.5521	2
982.51925	492.26690	2	38.6441	2
982.54590	492.28020	2	41.0843	1
983.47435	492.74445	2	48.8178	2
983.50610	492.76035	2	42.8772	2
983.57565	492.79510	2	64.6588	2
983.58480	492.79965	2	71.9245	2
983.58835	492.80145	2	44.8244	2
983.60115	492.80785	2	58.5112	2
984.45490	493.23475	2	58.0009	2
984.49285	493.25370	2	52.3544	2
984.56260	493.28860	2	28.9754	1
984.63385	493.32420	2	50.6745	2
985.37535	493.69495	2	34.5828	2
985.53845	493.77650	2	46.7208	2
985.54870	493.78160	2	43.8708	2
985.61700	493.81580	2	46.2884	2
986.49065	494.25260	2	67.9818	2
987.49875	494.75665	2	31.8930	2
987.53475	494.77465	2	50.0663	2
987.57235	494.79345	2	59.7175	2
987.60115	494.80785	2	80.1012	2
988.48245	495.24850	2	38.6988	2
988.54400	495.27925	2	47.8136	2
988.54705	495.28080	2	53.5501	2
988.58150	495.29805	2	51.2478	2
989.47685	495.74570	2	33.6356	2
989.49690	495.75580	2	36.8516	3
989.51725	495.76590	2	43.2477	4
989.53000	495.77230	2	53.9477	1
989.55410	495.78430	2	48.7981	2
989.55470	495.78465	2	59.1964	2
990.45860	496.23660	2	37.6031	2
990.47390	496.24425	2	46.4375	2
990.50610	496.26030	2	60.9599	1
990.54910	496.28180	2	73.3597	1
991.50885	496.76170	2	67.8029	2
991.50915	496.76185	2	61.0353	2
991.54540	496.78000	2	69.7158	2
991.56985	496.79220	2	61.7914	2
992.48470	497.24960	2	56.9790	2
992.53115	497.27290	2	81.3600	2
992.60220	497.30840	2	71.1657	2
993.44040	497.72745	2	43.2639	2
993.44400	497.72930	2	30.3026	1
993.45175	497.73315	2	40.8376	2
993.49195	497.75325	2	64.0914	2
993.51285	497.76370	2	53.7761	2
993.54855	497.78155	2	64.9660	2
994.43960	498.22710	2	37.1699	1
994.50780	498.26115	2	48.0127	2
994.50830	498.26140	2	32.6408	2
994.51485	498.26475	2	73.3933	2
994.54510	498.27980	2	35.5248	1
994.60515	498.30985	2	74.3911	2
994.65340	498.33400	2	46.7762	2
995.49210	498.75335	2	44.0733	2
996.49515	499.25485	2	38.5701	2
996.53165	499.27310	2	68.9279	2
996.57185	499.29320	2	45.7911	2
997.58130	499.79790	2	39.6613	2
998.50045	500.25750	2	58.6696	2
999.48230	500.74845	2	32.3690	2
999.53440	500.77445	2	43.0473	2
999.53625	500.77540	2	30.5040	2
999.57165	500.79310	2	32.9805	2
1000.49390	501.25425	2	36.5398	2
1000.55330	501.28390	2	59.2366	3
1000.59275	501.30365	2	62.9310	2
1001.51500	501.76475	2	44.6472	2
1001.55450	501.78455	2	67.8534	2
1001.56180	501.78820	2	34.4248	2
1001.58660	501.80060	2	48.2746	2
1001.59170	501.80310	2	70.1285	1
1002.47170	502.24315	2	34.9089	2
1002.48270	502.24860	2	39.4142	2
1002.48640	502.25050	2	42.0880	2
1002.52795	502.27125	2	38.0952	2
1002.54620	502.28040	2	33.8487	2
1002.55970	502.28715	2	37.0605	2
1003.51970	502.76715	2	44.9469	2
1003.52280	502.76870	2	35.9592	2
1003.57050	502.79255	2	78.1704	2
1004.44600	503.23030	2	35.5201	2
1004.54060	503.27760	2	48.5609	2
1004.56565	503.29010	2	43.7363	2
1005.46935	503.74195	2	49.6327	2
1005.48165	503.74810	2	38.5495	2
1005.49060	503.75260	2	30.8215	2
1005.51310	503.76380	2	55.4110	2
1005.53080	503.77265	2	69.1852	2
1005.53590	503.77520	2	36.5166	2
1006.45290	504.23375	2	32.9111	2
1006.47175	504.24315	2	42.2576	2
1006.49860	504.25655	2	54.6974	2
1007.45615	504.73535	2	39.2261	2
1007.46785	504.74120	2	41.6824	2
1007.47545	504.74500	2	52.0487	2
1007.50335	504.75895	2	44.3628	2
1007.52250	504.76850	2	65.4717	2
1007.52855	504.77155	2	44.1263	2
1007.54065	504.77760	2	56.6036	2
1007.54480	504.77965	2	68.8597	2
1007.67415	504.84435	2	73.2063	2
1008.47705	505.24580	2	51.0706	2
1008.51725	505.26590	2	51.9489	2
1009.44735	505.73095	2	42.8432	2
1009.51980	505.76715	2	36.8437	2
1009.54850	505.78150	2	88.1028	2
1010.45370	506.23410	2	39.3760	2
1010.50090	506.25770	2	39.5478	1
1010.51055	506.26255	2	63.8774	2
1010.57570	506.29510	2	69.0898	2
1011.52355	506.76905	2	37.2976	2
1011.53490	506.77470	2	45.8042	2
1011.54660	506.78055	2	43.4165	2
1011.57210	506.79335	2	53.1216	2
1011.60790	506.81120	2	68.1444	2
1012.48880	507.25165	2	59.6372	2
1012.57100	507.29280	2	69.5962	3
1012.57135	507.29295	2	59.1182	2
1012.58115	507.29785	2	61.2086	2
1012.60365	507.30910	2	39.5882	2
1012.63910	507.32685	2	49.9466	2
1013.46390	507.73925	2	72.5791	2
1013.53945	507.77700	2	44.5078	2
1013.55425	507.78440	2	65.9540	2
1013.56165	507.78810	2	38.3336	2
1013.58720	507.80090	2	64.5261	2
1013.62360	507.81910	2	67.3755	2
1013.62415	507.81935	2	64.9392	2
1014.53015	508.27235	2	38.8758	2
1014.53410	508.27430	2	43.6379	3
1014.57140	508.29300	2	38.1806	2
1014.57150	508.29305	2	46.6966	2
1015.49300	508.75375	2	40.2913	2
1015.54270	508.77860	2	37.1648	1
1015.54350	508.77900	2	89.3408	1
1015.58450	508.79950	2	71.5986	2
1015.59190	508.80320	2	66.2472	3
1016.45965	509.23710	2	37.5423	2
1016.51800	509.26630	2	48.4222	1
1016.53185	509.27320	2	49.1081	2
1016.54130	509.27790	2	43.4929	1
1016.54785	509.28120	2	49.8658	2
1017.47270	509.74365	2	42.1873	2
1017.51725	509.76590	2	77.5494	2
1017.53455	509.77455	2	39.5300	2
1017.57215	509.79335	2	41.4232	2
1017.60830	509.81140	2	66.1560	1
1017.62230	509.81840	2	66.9590	1
1018.54395	510.27925	2	40.7079	2
1019.42050	510.71755	2	44.1501	2
1019.50335	510.75895	2	43.5930	2
1019.54015	510.77735	2	35.9195	2
1019.54065	510.77765	2	54.6766	2
1019.54710	510.78085	2	67.4147	2
1019.55315	510.78385	2	48.0707	2
1020.44210	511.22830	2	29.8248	1
1020.44560	511.23010	2	38.4469	1
1020.52340	511.26900	2	50.0369	2
1020.52385	511.26920	2	56.9088	2
1020.52410	511.26930	2	88.8157	5
1020.53445	511.27450	2	55.3432	2
1021.43930	511.72695	2	38.5494	2
1021.44925	511.73190	2	35.0062	2
1021.49435	511.75450	2	31.1909	2
1021.51155	511.76305	2	44.2087	2
1021.54585	511.78025	2	61.0589	2
1021.60330	511.80895	2	52.8560	2
1021.70150	511.85800	2	67.6880	1
1022.50270	512.25860	2	53.8819	1
1022.51125	512.26290	2	77.5794	2
1023.48730	512.75090	2	38.7317	2
1023.60830	512.81140	2	68.6628	2
1024.37425	513.19440	2	42.7323	2
1024.48990	513.25220	2	59.9381	1
1025.45460	513.73460	2	39.1232	2
1025.50380	513.75915	2	41.4232	2
1025.54980	513.78215	2	36.0899	2
1025.60275	513.80865	2	49.6905	2
1026.44740	514.23095	2	42.9368	2
1027.56595	514.79025	2	34.1442	2
1027.56695	514.79075	2	36.9620	2
1027.58125	514.79790	2	74.9699	2
1027.59140	514.80300	2	59.3157	2
1027.60205	514.80830	2	69.3360	2
1028.56010	515.28730	2	43.7821	2
1029.47695	515.74575	2	57.2729	2
1029.53975	515.77715	2	52.8182	2
1029.54360	515.77910	2	38.0019	2
1029.55650	515.78555	2	31.0076	2
1029.58255	515.79855	2	37.3279	2
1030.52880	516.27170	2	36.1598	2
1030.59195	516.30325	2	79.2793	2
1030.60680	516.31070	2	76.0078	2
1031.46310	516.73880	2	64.5637	2
1031.50345	516.75900	2	42.1031	2
1031.50700	516.76080	2	49.7441	2
1031.54635	516.78045	2	52.1973	2
1031.58625	516.80040	2	57.2141	2
1031.58650	516.80050	2	62.4867	1
1032.49845	517.25650	2	42.4678	2
1032.53415	517.27435	2	49.3336	2
1032.59725	517.30590	2	73.9811	2
1033.56700	517.79075	2	43.6185	2
1033.58075	517.79765	2	82.4855	2
1033.61725	517.81590	2	70.1992	2
1034.52225	518.26840	2	65.2158	2
1035.48780	518.75120	2	61.5027	2
1035.56065	518.78760	2	60.8792	2
1036.51820	519.26640	2	42.0475	1
1036.51900	519.26675	2	43.9510	2
1036.53395	519.27425	2	71.8607	2
1036.53780	519.27615	2	68.1369	2
1036.55490	519.28475	2	63.7131	2
1037.50620	519.76040	2	34.6471	2
1037.62360	519.81905	2	55.2248	2
1037.64920	519.83190	2	71.4380	2
1038.48125	520.24790	2	47.5803	2
1038.54690	520.28070	2	35.6345	2
1039.46480	520.73965	2	48.1627	2
1039.49775	520.75615	2	52.8696	2
1039.56635	520.79045	2	46.4817	2
1039.56665	520.79060	2	48.5062	2
1040.46810	521.24130	2	41.7114	2
1040.49280	521.25365	2	32.0449	2
1040.49675	521.25565	2	42.4079	2
1040.54940	521.28195	2	54.5528	2
1040.57010	521.29235	2	50.4548	2
1040.59865	521.30660	2	57.3400	2
1040.62255	521.31855	2	74.1438	2
1040.66000	521.33725	2	60.2552	2
1041.45510	521.73485	2	36.3853	2
1041.53380	521.77415	2	50.6699	2
1041.58140	521.79795	2	52.5459	2
1042.51535	522.26495	2	64.8343	2
1042.52975	522.27215	2	38.1238	2
1042.55605	522.28530	2	53.9532	2
1043.54355	522.77905	2	49.0707	2
1043.55025	522.78240	2	79.1450	2
1043.56190	522.78820	2	37.1699	2
1043.56295	522.78875	2	34.3303	2
1043.60415	522.80935	2	63.8717	2
1044.52000	523.26730	2	45.3537	2
1044.53850	523.27655	2	66.4867	2
1044.55615	523.28535	2	44.0126	2
1044.56055	523.28755	2	58.7620	2
1045.51235	523.76345	2	57.4974	2
1045.53980	523.77720	2	45.1197	2
1045.53995	523.77725	2	31.8488	2
1045.54065	523.77760	2	34.1735	2
1045.55855	523.78655	2	63.6467	2
1045.60220	523.80840	2	60.8748	2
1046.52460	524.26955	2	36.3504	2
1046.59765	524.30610	2	49.8684	2
1047.52785	524.77120	2	60.2843	2
1047.55990	524.78720	2	59.9091	1
1048.47900	525.24680	2	35.8368	2
1048.55750	525.28600	2	32.5937	1
1049.52555	525.77005	2	51.2784	2
1049.53120	525.77290	2	40.7005	1
1049.56290	525.78870	2	38.1340	3
1050.50935	526.26195	2	46.5186	2
1050.51780	526.26620	2	56.6916	1
1050.53445	526.27450	2	48.5451	2
1050.55660	526.28560	2	32.1374	2
1050.57110	526.29285	2	62.5094	2
1050.59675	526.30565	2	68.8673	2
1051.49375	526.75415	2	37.5423	2
1052.46385	527.23920	2	58.0927	2
1053.58190	527.79820	2	47.1250	1
1053.61835	527.81645	2	56.3858	2
1054.49725	528.25590	2	69.0898	2
1054.53400	528.27430	2	75.1860	2
1054.54045	528.27750	2	32.6655	2
1054.60140	528.30800	2	52.3182	1
1054.60310	528.30885	2	57.3954	2
1055.42325	528.71890	2	47.7145	2
1055.49210	528.75330	2	45.1352	2
1055.58580	528.80020	2	64.1184	2
1055.58670	528.80065	2	68.0362	2
1056.53205	529.27330	2	77.2486	2
1056.58200	529.29830	2	55.3560	2
1056.59275	529.30365	2	53.2372	2
1057.50720	529.76090	2	44.3234	1
1057.55195	529.78325	2	41.3624	2
1057.57700	529.79575	2	44.8782	2
1057.57725	529.79590	2	36.5966	2
1057.61670	529.81560	2	37.7944	2
1057.63900	529.82680	2	78.1100	2
1058.49315	530.25385	2	50.9833	2
1058.54405	530.27930	2	78.7356	2
1058.55870	530.28665	2	72.3776	2
1058.57260	530.29360	2	47.1488	3
1058.59135	530.30295	2	40.2476	2
1059.50995	530.76225	2	43.9318	2
1059.54000	530.77730	2	55.9132	1
1059.60055	530.80755	2	57.1988	2
1060.47710	531.24580	2	34.3640	2
1060.52445	531.26950	2	74.5799	2
1060.61680	531.31570	2	83.3598	2
1061.55010	531.78235	2	45.1452	2
1061.57545	531.79500	2	74.9725	2
1062.52470	532.26965	2	78.0876	2
1062.53465	532.27460	2	56.8247	2
1062.57180	532.29315	2	60.5919	2
1062.58280	532.29870	2	56.5335	1
1063.52920	532.77190	2	44.3948	2
1063.54075	532.77765	2	46.5108	2
1063.55470	532.78460	2	61.1464	1
1063.60665	532.81060	2	76.4000	2
1064.52580	533.27020	2	39.3463	1
1064.56160	533.28805	2	31.5982	2
1064.58750	533.30100	2	51.4358	1
1064.63385	533.32420	2	54.7670	2
1065.44780	533.73120	2	46.8340	2
1065.55260	533.78355	2	61.6717	2
1065.55265	533.78360	2	78.4309	2
1066.45715	534.23585	2	54.1973	2
1066.46805	534.24130	2	32.7057	2
1066.50395	534.25925	2	31.1548	2
1066.50940	534.26195	2	33.5359	2
1066.51840	534.26650	2	56.6733	2
1066.60585	534.31020	2	81.5345	2
1067.51320	534.76390	2	45.8120	2
1067.57190	534.79320	2	52.9365	2
1068.55030	535.28240	2	37.2696	2
1068.56015	535.28735	2	64.0625	2
1068.57975	535.29715	2	60.4033	2
1068.59275	535.30365	2	57.2767	2
1068.61890	535.31670	2	59.6160	1
1068.65390	535.33425	2	45.6008	2
1070.60600	536.31030	2	74.4299	2
1070.60820	536.31140	2	37.5650	1
1070.60920	536.31190	2	44.9736	2
1070.62050	536.31750	2	41.1729	1
1070.63395	536.32425	2	69.3064	2
1070.65850	536.33655	2	76.1770	2
1071.41665	536.71560	2	40.0976	2
1071.56660	536.79060	2	49.2663	2
1072.08455	537.04955	2	55.3472	4
1072.53075	537.27265	2	47.7807	2
1072.57405	537.29430	2	73.5938	2
1072.59565	537.30510	2	39.3286	2
1072.61320	537.31385	2	41.4132	2
1073.49900	537.75675	2	45.0520	2
1073.51860	537.76655	2	54.4889	2
1073.52555	537.77005	2	34.5744	2
1073.58675	537.80065	2	44.1288	2
1073.59085	537.80270	2	59.2870	2
1073.60870	537.81165	2	86.4729	2
1073.65865	537.83660	2	63.5206	2
1074.54595	538.28025	2	43.5642	2
1074.55190	538.28320	2	53.5290	2
1074.57100	538.29275	2	59.9419	2
1075.47830	538.74640	2	34.0296	2
1075.53330	538.77395	2	66.0090	2
1075.55810	538.78630	2	61.6397	1
1075.59225	538.80340	2	70.7199	2
1075.61280	538.81370	2	57.8270	2
1075.62810	538.82130	2	67.6365	2
1076.51420	539.26435	2	49.4815	2
1076.52555	539.27005	2	33.6826	2
1076.56020	539.28740	2	54.3269	2
1076.57230	539.29345	2	42.9640	2
1077.57055	539.79255	2	64.5922	2
1077.60610	539.81030	2	39.4920	1
1078.47450	540.24450	2	35.3938	1
1078.50395	540.25925	2	41.0911	2
1081.45655	541.73555	2	40.5693	2
1081.62450	541.81955	2	60.0329	2
1082.53210	542.27330	2	54.8958	2
1082.55560	542.28510	2	82.0647	2
1082.64525	542.32990	2	55.2221	2
1084.48605	543.25030	2	38.6389	2
1084.51975	543.26715	2	73.7296	2
1084.54390	543.27925	2	28.1992	2
1084.57015	543.29235	2	88.8579	2
1084.57020	543.29240	2	45.5334	1
1084.57185	543.29320	2	93.7069	2
1084.63850	543.32650	2	78.6798	2
1084.66085	543.33770	2	55.7440	2
1085.60830	543.81145	2	51.5311	2
1085.61285	543.81370	2	43.7625	2
1085.62325	543.81890	2	74.8511	2
1085.64430	543.82945	2	67.3152	2
1086.06395	544.03925	2	50.3913	4
1086.55610	544.28535	2	47.8019	2
1086.56805	544.29130	2	33.6204	2
1087.55210	544.78335	2	51.1043	2
1087.56040	544.78750	2	42.3103	1
1087.56240	544.78850	2	42.3391	1
1087.58780	544.80115	2	41.5965	2
1087.58840	544.80150	2	48.3032	1
1087.60000	544.80730	2	30.6359	1
1087.61245	544.81350	2	70.2933	2
1088.45510	545.23485	2	36.8640	2
1088.49770	545.25610	2	60.1461	1
1088.50245	545.25850	2	31.4521	2
1088.55570	545.28510	2	70.9190	2
1088.56150	545.28800	2	61.4986	1
1088.57120	545.29285	2	32.6408	2
1088.60810	545.31130	2	35.4318	2
1089.51950	545.76700	2	32.1526	1
1089.53210	545.77330	2	41.7885	2
1089.55740	545.78595	2	34.2030	2
1089.56950	545.79200	2	62.6153	1
1089.60340	545.80900	2	44.6210	2
1090.46800	546.24130	2	37.6604	2
1091.59910	546.80680	2	40.7255	1
1092.53960	547.27705	2	55.1316	2
1092.58120	547.29790	2	53.8746	2
1093.54050	547.77750	2	57.8957	2
1094.08085	548.04770	2	36.3091	4
1094.55260	548.28360	2	67.9736	2
1094.55560	548.28505	2	77.4312	2
1094.56145	548.28800	2	33.0226	2
1094.56625	548.29040	2	47.8016	2
1094.59770	548.30610	2	57.4995	2
1095.46555	548.74005	2	52.8786	2
1095.56395	548.78925	2	69.2846	2
1095.56870	548.79160	2	31.3036	1
1095.58170	548.79810	2	55.5777	1
1096.51910	549.26680	2	48.3376	2
1096.56190	549.28825	2	41.9719	2
1097.60820	549.81135	2	56.4456	2
1097.61930	549.81690	2	36.7399	1
1098.53570	550.27515	2	44.9072	2
1098.58230	550.29845	2	50.1561	2
1099.49385	550.75420	2	60.0852	2
1099.56305	550.78880	2	41.8282	2
1100.46025	551.23740	2	66.1663	2
1100.55775	551.28615	2	33.5039	2
1100.56145	551.28800	2	37.1699	2
1100.57155	551.29305	2	71.1046	2
1101.52495	551.76975	2	55.6490	2
1101.55495	551.78475	2	70.3299	2
1101.60610	551.81030	2	37.6031	2
1101.65095	551.83275	2	52.9623	2
1102.50845	552.26150	2	65.8876	2
1102.56220	552.28840	2	34.2528	2
1102.57720	552.29590	2	64.0989	2
1102.58675	552.30065	2	36.0551	2
1103.56085	552.78770	2	39.3209	2
1103.58285	552.79870	2	50.4268	2
1103.63895	552.82675	2	84.1389	2
1104.44690	553.23070	2	30.7195	1
1104.47585	553.24520	2	34.7854	4
1104.51005	553.26230	2	52.6958	2
1104.53185	553.27320	2	44.2419	2
1104.54640	553.28045	2	44.0075	2
1104.54735	553.28095	2	46.4523	2
1104.56360	553.28905	2	48.3967	2
1104.56580	553.29020	2	33.3332	2
1104.59230	553.30340	2	59.7870	2
1104.62520	553.31985	2	87.2371	2
1104.69200	553.35330	2	88.4769	1
1105.57530	553.79495	2	64.6796	2
1106.53945	554.27700	2	47.4571	2
1106.58660	554.30060	2	82.5468	2
1106.60975	554.31215	2	81.9050	2
1107.53855	554.77655	2	61.0942	2
1107.54485	554.77970	2	54.1696	2
1107.54985	554.78220	2	65.6083	2
1107.55800	554.78630	2	41.8430	1
1107.55895	554.78675	2	36.9720	2
1107.57740	554.79600	2	88.7140	10
1107.59230	554.80340	2	44.4611	2
1108.51575	555.26515	2	31.6595	2
1108.57060	555.29260	2	48.2777	2
1108.57130	555.29295	2	77.9335	2
1108.91965	555.46710	2	37.0929	4
1109.50370	555.75910	2	74.8660	1
1109.53345	555.77400	2	78.4829	2
1109.53925	555.77690	2	47.0789	2
1109.54690	555.78075	2	89.6842	2
1109.57385	555.79420	2	32.8140	2
1109.58685	555.80070	2	58.3319	2
1109.61270	555.81365	2	70.9716	2
1109.68165	555.84810	2	78.3419	2
1110.52000	556.26725	2	60.0904	2
1110.59035	556.30245	2	82.7681	2
1110.60910	556.31180	2	76.6068	1
1110.66525	556.33990	2	73.9919	2
1111.57200	556.79330	2	33.8057	1
1114.55660	558.28560	2	77.7732	2
1114.56650	558.29050	2	64.3097	2
1114.62385	558.31920	2	61.8584	2
1114.63435	558.32445	2	52.8182	2
1115.05450	558.53455	2	46.1656	4
1115.51330	558.76395	2	47.0498	2
1115.52550	558.77000	2	33.0373	1
1115.55765	558.78610	2	34.6090	2
1115.57685	558.79570	2	41.7038	2
1115.60125	558.80790	2	55.7962	2
1116.50135	559.25795	2	43.6766	2
1116.56580	559.29015	2	54.1180	2
1116.58205	559.29830	2	72.2474	2
1116.60350	559.30900	2	31.4798	2
1116.61240	559.31350	2	34.9356	2
1116.65430	559.33445	2	82.6871	2
1117.52635	559.77045	2	39.0288	2
1117.54375	559.77915	2	42.1769	2
1117.56210	559.78830	2	50.8122	3
1117.60515	559.80985	2	70.6517	2
1118.01785	560.01620	2	46.1295	4
1118.48495	560.24975	2	32.7056	2
1118.54780	560.28120	2	75.8004	2
1118.60500	560.30980	2	69.4009	2
1118.63340	560.32400	2	56.8787	1
1119.54200	560.77825	2	68.9977	2
1119.58270	560.79865	2	62.3022	2
1119.59580	560.80520	2	67.0970	2
1119.66900	560.84175	2	82.2942	2
1120.05895	561.03675	2	57.3409	4
1120.57615	561.29535	2	60.1233	2
1121.53690	561.77570	2	68.3649	2
1121.54755	561.78105	2	42.8772	2
1121.60875	561.81165	2	47.3849	2
1122.51320	562.26390	2	59.3883	2
1123.47955	562.74705	2	46.0389	2
1123.56995	562.79225	2	57.1914	2
1123.58120	562.79790	2	53.6164	2
1124.58980	563.30220	2	61.7638	2
1124.61955	563.31705	2	69.0538	2
1124.63100	563.32275	2	36.6363	4
1124.68075	563.34765	2	80.0347	2
1125.51075	563.76265	2	34.7516	2
1125.53710	563.77585	2	48.7902	2
1125.57190	563.79325	2	42.9522	2
1125.63925	563.82690	2	60.7403	2
1126.49735	564.25595	2	54.2053	2
1126.61765	564.31610	2	83.2608	2
1126.66060	564.33760	2	76.8811	3
1127.47410	564.74435	2	68.7053	2
1127.56490	564.78975	2	42.3535	2
1127.61265	564.81360	2	61.8892	2
1127.65430	564.83445	2	52.4212	2
1128.56545	565.29000	2	41.6797	2
1128.57755	565.29605	2	42.5428	2
1128.59100	565.30280	2	31.8744	1
1128.63880	565.32665	2	59.5050	2
1129.58015	565.79735	2	55.5177	2
1129.63350	565.82400	2	34.8404	2
1129.63470	565.82460	2	39.5428	2
1129.67135	565.84295	2	69.8441	2
1130.55720	566.28590	2	47.1317	2
1131.57810	566.79635	2	34.1047	2
1131.62890	566.82170	2	70.2321	2
1131.65380	566.83415	2	81.4281	2
1132.53645	567.27550	2	32.3097	2
1132.55540	567.28500	2	56.7378	2
1132.58850	567.30150	2	61.6483	2
1133.55330	567.78390	2	68.9044	3
1133.57180	567.79315	2	72.0442	2
1133.57190	567.79325	2	55.8570	2
1133.57410	567.79435	2	65.9244	2
1133.60940	567.81200	2	62.0748	2
1133.64500	567.82980	2	67.7793	1
1134.53425	568.27440	2	43.6766	2
1134.53545	568.27500	2	46.2734	2
1134.54060	568.27760	2	33.8986	1
1134.57715	568.29585	2	46.0884	2
1134.59270	568.30360	2	47.6670	1
1135.59840	568.80650	2	47.1265	2
1136.53460	569.27460	2	53.1796	2
1136.56045	569.28750	2	58.5806	2
1136.57105	569.29280	2	60.6861	2
1136.57245	569.29350	2	57.5566	2
1137.56470	569.78960	2	82.3573	2
1137.57880	569.79670	2	55.0630	2
1138.56605	570.29030	2	62.1015	2
1138.58730	570.30095	2	34.4486	2
1139.54590	570.78025	2	54.2986	2
1139.56160	570.78810	2	66.3714	3
1139.62965	570.82210	2	39.3208	2
1139.65485	570.83470	2	61.3567	2
1140.52320	571.26890	2	33.1139	2
1141.55595	571.78525	2	71.5775	2
1141.56780	571.79120	2	62.3937	2
1141.59790	571.80625	2	32.1983	2
1141.60920	571.81185	2	59.2036	2
1141.64220	571.82840	2	82.1899	1
1142.48825	572.25140	2	45.0302	2
1142.51180	572.26320	2	66.6872	1
1142.52420	572.26940	2	68.2531	3
1142.55670	572.28560	2	90.0610	2
1142.55810	572.28635	2	51.5105	2
1142.61805	572.31630	2	54.6437	2
1142.63050	572.32250	2	33.7141	2
1143.50800	572.76130	2	55.6165	2
1143.55710	572.78580	2	74.8712	1
1143.57240	572.79350	2	65.2572	2
1143.58855	572.80155	2	34.2912	2
1143.69175	572.85315	2	86.4728	2
1144.58760	573.30110	2	49.5221	2
1144.59670	573.30565	2	59.8890	2
1144.60925	573.31190	2	37.7618	2
1144.63560	573.32505	2	57.0586	2
1145.08385	573.54920	2	57.2674	4
1145.57535	573.79495	2	46.8932	2
1145.67040	573.84250	2	70.5209	1
1146.57660	574.29555	2	45.4183	2
1146.58585	574.30020	2	72.3077	2
1146.61395	574.31425	2	52.6627	2
1147.55330	574.78390	2	48.7980	2
1147.55560	574.78505	2	43.2054	2
1147.57890	574.79675	2	64.8054	2
1147.58760	574.80110	2	54.5501	2
1147.63940	574.82695	2	87.5264	2
1148.54735	575.28095	2	52.9063	2
1148.56935	575.29195	2	79.8110	2
1148.60880	575.31170	2	62.2590	2
1149.56745	575.79100	2	67.7366	2
1149.56805	575.79130	2	57.5175	2
1150.05675	576.03565	2	58.7995	4
1150.58770	576.30115	2	55.1024	2
1150.58805	576.30130	2	48.1979	2
1151.49180	576.75320	2	52.0001	1
1151.65315	576.83385	2	68.5829	2
1151.72885	576.87170	2	75.6222	2
1152.52740	577.27095	2	30.5191	2
1152.53005	577.27230	2	53.6884	2
1152.54245	577.27850	2	91.3880	2
1152.54895	577.28175	2	60.5306	2
1152.55145	577.28300	2	36.7860	2
1152.58620	577.30035	2	58.2084	2
1153.51920	577.76690	2	66.7074	2
1153.57140	577.79300	2	51.9728	1
1154.62015	578.31735	2	59.2584	2
1154.63010	578.32235	2	44.8461	2
1155.56315	578.78885	2	34.6869	2
1155.58270	578.79860	2	87.9415	2
1155.61360	578.81410	2	51.2757	1
1155.62820	578.82135	2	52.1097	2
1155.64995	578.83225	2	49.1028	2
1156.52065	579.26760	2	44.7892	2
1156.59240	579.30350	2	85.0862	1
1156.60310	579.30885	2	66.7645	2
1157.56360	579.78910	2	49.5691	1
1157.57640	579.79550	2	75.3461	2
1157.59205	579.80330	2	58.4774	2
1157.59425	579.80440	2	52.4552	2
1157.63245	579.82350	2	53.2940	2
1158.59900	580.30680	2	42.0702	2
1158.60010	580.30730	2	41.3261	1
1158.62525	580.31990	2	47.7276	2
1159.57270	580.79360	2	64.3671	2
1159.57385	580.79420	2	34.1952	2
1159.58295	580.79875	2	45.6310	2
1159.59435	580.80445	2	41.1229	2
1159.62035	580.81745	2	39.9992	2
1159.63940	580.82700	2	79.9708	2
1160.56405	581.28930	2	37.2390	2
1160.58560	581.30010	2	66.9403	2
1160.58670	581.30065	2	49.6984	2
1160.59260	581.30360	2	73.0784	2
1160.59775	581.30615	2	54.3585	2
1160.60665	581.31060	2	61.7068	2
1160.61515	581.31485	2	36.4772	2
1161.52580	581.77020	2	35.1120	1
1161.55900	581.78680	2	37.8690	1
1161.59920	581.80690	2	45.8820	2
1161.59960	581.80705	2	53.7200	2
1161.60670	581.81065	2	72.9450	2
1161.61435	581.81445	2	53.4052	2
1161.66265	581.83860	2	98.4546	2
1162.58060	582.29760	2	65.4355	1
1162.59865	582.30660	2	71.7921	2
1163.57640	582.79550	2	65.7282	2
1163.60820	582.81135	2	67.4515	2
1164.57105	583.29280	2	32.0285	2
1164.60300	583.30880	2	55.0403	2
1164.60360	583.30910	2	60.7994	1
1164.72365	583.36910	2	70.5794	2
1165.46195	583.73825	2	35.1563	2
1165.57680	583.79570	2	86.9308	5
1165.59830	583.80640	2	46.8243	1
1165.63345	583.82400	2	64.5687	2
1166.54040	584.27750	2	46.9259	2
1166.63930	584.32690	2	48.9112	1
1167.59220	584.80340	2	76.0658	1
1167.61790	584.81620	2	84.6655	2
1168.68100	585.34775	2	69.8494	2
1168.68220	585.34840	2	58.5444	2
1168.74295	585.37875	2	79.4000	2
1169.13770	585.57615	2	50.1988	4
1169.57335	585.79395	2	54.4519	2
1170.57780	586.29615	2	46.2460	2
1170.62515	586.31985	2	47.3262	2
1170.65985	586.33720	2	66.9011	2
1170.66115	586.33785	2	70.5844	2
1171.57695	586.79575	2	65.4054	2
1171.62120	586.81785	2	50.3399	2
1171.62355	586.81905	2	56.3204	2
1171.70030	586.85740	2	54.9879	2
1172.61505	587.31480	2	40.4669	2
1172.62180	587.31820	2	90.3481	5
1172.62860	587.32155	2	73.7813	2
1172.62975	587.32215	2	66.1613	2
1172.63980	587.32720	2	71.0751	2
1173.50320	587.75890	2	60.6473	1
1173.58860	587.80160	2	46.6384	2
1173.61470	587.81460	2	85.1125	1
1174.06640	588.04045	2	33.9104	4
1174.51160	588.26310	2	43.4461	2
1174.54785	588.28120	2	32.3174	2
1174.56160	588.28805	2	54.2673	2
1175.57350	588.79405	2	60.7142	2
1175.58600	588.80030	2	68.9842	1
1175.61920	588.81690	2	41.6534	2
1175.65640	588.83550	2	59.1628	1
1176.58135	589.29795	2	52.9990	2
1177.63480	589.82470	2	66.3287	2
1177.66065	589.83760	2	84.8094	2
1177.66225	589.83840	2	89.9446	2
1178.51725	590.26590	2	38.1262	2
1178.54625	590.28040	2	48.0047	2
1178.56880	590.29170	2	29.2530	1
1179.54470	590.77960	2	42.2816	1
1179.61320	590.81390	2	50.9429	1
1180.52295	591.26875	2	62.5170	2
1180.59795	591.30625	2	64.7534	2
1180.70780	591.36120	2	85.4256	2
1181.65200	591.83325	2	54.9486	2
1182.54180	592.27820	2	74.8663	2
1182.58650	592.30050	2	72.4703	1
1182.60375	592.30915	2	71.3589	2
1182.62280	592.31870	2	72.4121	2
1182.66480	592.33970	2	58.5699	2
1182.68060	592.34760	2	78.5889	2
1183.62150	592.81800	2	50.9107	1
1184.58660	593.30060	2	61.2665	2
1184.60510	593.30980	2	50.2975	2
1185.57430	593.79445	2	85.9693	2
1185.57800	593.79625	2	36.2107	2
1185.64125	593.82790	2	79.1152	2
1185.65055	593.83255	2	64.1286	2
1186.54270	594.27865	2	45.2697	2
1186.65640	594.33550	2	47.1024	2
1187.58950	594.80200	2	49.7517	2
1187.59705	594.80580	2	65.4126	2
1187.62310	594.81885	2	77.2717	2
1187.70220	594.85835	2	87.7514	2
1187.70240	594.85845	2	80.4155	2
1188.58880	595.30165	2	42.1224	2
1188.59895	595.30675	2	46.0961	2
1188.61665	595.31560	2	50.5165	2
1188.66350	595.33900	2	60.9870	1
1189.54065	595.77760	2	78.5313	2
1189.63870	595.82665	2	52.2023	2
1189.64620	595.83040	2	69.9493	2
1189.67205	595.84330	2	74.1712	2
1190.56035	596.28745	2	55.3088	2
1190.60090	596.30775	2	64.2411	2
1191.61370	596.81410	2	57.7736	2
1191.66535	596.83995	2	82.1615	2
1192.52875	597.27165	2	46.4172	2
1192.58855	597.30155	2	69.6291	2
1192.61605	597.31530	2	66.4944	2
1192.66010	597.33735	2	86.7337	2
1193.61675	597.81565	2	38.1914	2
1193.63365	597.82410	2	67.7285	2
1193.66940	597.84200	2	89.6736	2
1194.51125	598.26290	2	30.9020	2
1195.61050	598.81255	2	60.4690	2
1196.54950	599.28200	2	45.1729	2
1196.57275	599.29365	2	35.0605	2
1196.64895	599.33175	2	48.9818	2
1197.54610	599.78030	2	77.8622	2
1197.56975	599.79215	2	52.4137	2
1197.57545	400.19910	3	35.1779	2
1197.59270	599.80360	2	63.2647	2
1197.62340	599.81900	2	59.8507	1
1197.66500	599.83980	2	74.1639	1
1197.69730	599.85595	2	75.0684	2
1198.62010	400.54730	3	52.2333	2
1198.65550	400.55910	3	40.3207	2
1198.65665	600.33560	2	40.3866	2
1199.54590	600.78020	2	54.8880	2
1200.62025	401.21400	3	41.8229	2
1200.62305	601.31880	2	59.0787	2
1200.62555	601.32005	2	41.7693	2
1200.64560	601.33010	2	52.2569	2
1200.64995	601.33225	2	79.4936	2
1201.09135	601.55295	2	42.5610	4
1201.59875	601.80665	2	66.0398	2
1201.60925	601.81190	2	47.5722	2
1201.60975	401.54385	3	47.4519	2
1201.61935	601.81695	2	74.7338	2
1201.63020	401.55070	3	35.7657	2
1201.63120	601.82290	2	36.3207	2
1201.66690	601.84070	2	46.5529	1
1202.58925	602.30190	2	39.9459	2
1202.60470	401.87550	3	48.4645	1
1202.60560	602.31005	2	48.5123	2
1202.64050	401.88740	3	38.8375	1
1202.64330	602.32895	2	38.7923	2
1202.65150	602.33305	2	64.8394	2
1203.59860	602.80655	2	41.2145	2
1203.61690	602.81575	2	57.7708	2
1203.67260	602.84360	2	51.7481	2
1204.48295	603.24875	2	42.0075	2
1204.58270	603.29860	2	52.7617	2
1204.60930	603.31195	2	57.0941	2
1204.61260	603.31355	2	79.8697	2
1204.61435	603.31445	2	92.3500	2
1204.65715	402.55965	3	48.0349	2
1204.65745	603.33600	2	48.0656	2
1205.62910	603.82185	2	56.5778	2
1205.64060	603.82755	2	54.5100	2
1205.71330	402.91170	3	65.0604	2
1205.71370	603.86415	2	65.1001	2
1206.59590	604.30520	2	60.9734	2
1206.60660	604.31055	2	72.6627	2
1206.62540	604.32000	2	64.3643	1
1207.57065	604.79260	2	63.5542	2
1207.57310	604.79380	2	62.4917	1
1207.62150	604.81800	2	55.3217	1
1207.62515	604.81985	2	72.3480	2
1207.67215	604.84335	2	84.1987	2
1207.76605	604.89030	2	80.7346	2
1208.52430	605.26940	2	38.9187	1
1208.59480	605.30470	2	82.5789	2
1208.60330	605.30890	2	68.2850	1
1209.58820	605.80135	2	48.0982	2
1210.56140	606.28800	2	46.6177	1
1210.58780	606.30120	2	76.7974	1
1210.59955	606.30705	2	63.0812	2
1210.61330	404.54500	3	62.8480	1
1210.74060	606.37755	2	70.7198	2
1211.59790	606.80620	2	62.2375	2
1211.61910	606.81685	2	77.9334	2
1211.62585	404.88255	3	35.2233	2
1211.65140	606.83300	2	48.6466	2
1211.65180	404.89120	3	48.5920	2
1212.56740	405.19640	3	27.8024	1
1213.66670	607.84060	2	48.3051	2
1213.67135	405.56440	3	81.7014	2
1214.51050	405.84410	3	73.0992	1
1214.70170	608.35810	2	62.9938	2
1215.59920	608.80690	2	50.3562	2
1215.64705	608.83080	2	60.2122	2
1215.65190	608.83320	2	82.6139	2
1215.68200	406.23460	3	34.4838	2
1215.68245	608.84850	2	34.5261	2
1216.57525	609.29490	2	49.0155	2
1216.57650	609.29555	2	39.0210	2
1216.62230	609.31840	2	55.2194	2
1216.65710	609.33580	2	69.8154	2
1216.72545	609.37000	2	85.5006	2
1217.56230	609.78840	2	70.0994	2
1217.60740	609.81095	2	57.7133	2
1217.60905	609.81180	2	75.7754	2
1217.67660	406.89950	3	68.2065	2
1218.66530	610.33995	2	83.0367	2
1219.61200	610.81330	2	49.7120	2
1220.64040	611.32745	2	54.5167	2
1220.64115	611.32785	2	78.1400	2
1221.13390	611.57420	2	50.3536	4
1221.59860	611.80655	2	58.9507	2
1221.61005	408.21060	3	31.0272	2
1221.61080	611.81270	2	31.0652	1
1221.61580	611.81520	2	65.4052	1
1221.63555	611.82505	2	56.6992	2
1223.54210	612.77835	2	46.5950	2
1223.62570	612.82010	2	35.6863	2
1223.65090	408.89090	3	47.8945	2
1223.71355	612.86405	2	79.3102	6
1224.62380	613.31920	2	68.3860	2
1224.62795	409.21660	3	54.1334	2
1224.62905	613.32180	2	54.0742	2
1224.65705	409.22625	3	36.5115	2
1224.68340	613.34900	2	43.3214	2
1225.67150	613.84300	2	69.1959	1
1226.69955	614.35705	2	59.2584	2
1227.65725	614.83590	2	58.8926	2
1227.66025	410.22735	3	70.2693	2
1227.66180	614.83820	2	70.1598	2
1227.67260	614.84360	2	68.1030	2
1227.68175	410.23450	3	49.9245	2
1227.68250	614.84850	2	64.6294	2
1228.73925	615.37690	2	82.4482	2
1229.55735	615.78595	2	41.5037	2
1229.61140	615.81295	2	78.7492	2
1229.61965	615.81710	2	49.8578	2
1229.65040	410.89075	3	47.6229	2
1229.65120	615.83290	2	47.7195	2
1229.73735	410.91970	3	59.0530	2
1230.55960	411.19380	3	32.9511	2
1230.58400	616.29925	2	41.6437	2
1230.58815	411.20330	3	34.9682	2
1230.58815	616.30135	2	59.9707	2
1230.62030	616.31745	2	48.8639	2
1230.63995	616.32725	2	78.8605	2
1230.65755	616.33605	2	41.3941	2
1230.65920	411.22700	3	30.6253	1
1230.66400	616.33930	2	82.4695	2
1231.58720	616.80090	2	36.2905	2
1231.58750	616.80100	2	52.2562	1
1231.62440	616.81950	2	55.1611	2
1231.62485	616.81970	2	87.5346	2
1231.65675	616.83565	2	60.5945	2
1231.69290	411.57155	3	58.0823	2
1232.57170	617.29310	2	33.9038	1
1232.60735	617.31095	2	46.1228	2
1233.60350	412.20845	3	79.9416	2
1233.60825	617.81140	2	50.4598	2
1233.60925	617.81190	2	62.1469	2
1233.62170	617.81810	2	43.9582	2
1233.66200	617.83825	2	57.3378	2
1234.56800	412.52995	3	40.4772	2
1234.59860	618.30660	2	35.2024	2
1234.65320	618.33390	2	64.1894	1
1235.60715	412.87630	3	39.7437	2
1235.60760	618.81110	2	39.7515	2
1235.64950	618.83205	2	49.1776	2
1235.65210	412.89130	3	49.1377	2
1235.66875	618.84165	2	58.2957	2
1235.67015	412.89730	3	58.2292	2
1235.69820	412.90670	3	53.0961	1
1236.56250	619.28855	2	48.3428	2
1236.67265	619.34360	2	73.4688	2
1237.63475	413.55220	3	37.6030	2
1237.63555	619.82505	2	37.6939	2
1237.64660	619.83055	2	64.0624	2
1237.74025	413.58735	3	67.8951	2
1237.74070	619.87765	2	67.7339	2
1239.59250	620.80350	2	58.7331	2
1239.59595	414.20590	3	35.6267	2
1239.68270	620.84865	2	75.1938	2
1239.71890	620.86675	2	74.0242	2
1240.16095	621.08775	2	48.7152	4
1240.58740	414.53640	3	36.1519	2
1240.62630	414.54940	3	45.2254	1
1240.70230	621.35840	2	90.6420	2
1241.59360	621.80410	2	71.1286	1
1241.66460	621.83960	2	62.0296	1
1241.69860	621.85660	2	78.2256	1
1241.72120	621.86790	2	87.5903	1
1241.77465	621.89460	2	77.3734	2
1241.77540	414.93240	3	77.3055	2
1242.63690	415.21955	3	44.0629	2
1242.63755	622.32605	2	44.0703	2
1242.64575	622.33015	2	54.9770	2
1244.54200	623.27830	2	52.5088	2
1244.56725	623.29090	2	46.5378	2
1244.63370	623.32415	2	66.2002	2
1244.67250	415.89810	3	36.5670	2
1244.67335	623.34395	2	75.3188	2
1245.62085	623.81770	2	47.3340	2
1245.62385	416.21525	3	47.2447	2
1245.63950	623.82700	2	62.7559	1
1245.65110	623.83285	2	81.4929	2
1245.65880	623.83670	2	43.1526	2
1245.67115	416.23095	3	54.7290	2
1245.67560	623.84510	2	42.2418	2
1246.61430	416.54540	3	54.4603	2
1246.64960	416.55715	3	67.0045	2
1246.69240	624.35345	2	72.2829	2
1248.61865	625.31660	2	87.7989	2
1248.67195	625.34325	2	60.8412	2
1248.67350	625.34400	2	63.0491	1
1249.63040	625.82250	2	57.2518	2
1249.65430	625.83445	2	63.8354	2
1249.65590	625.83525	2	82.6496	2
1250.72690	626.37075	2	87.4680	2
1251.66250	626.83850	2	74.6100	2
1251.66530	418.22900	3	49.8534	1
1252.73950	627.37700	2	78.8949	2
1252.75065	418.59080	3	65.6933	2
1252.77895	627.39675	2	91.0471	2
1253.55930	627.78690	2	66.2137	1
1253.62945	418.88375	3	32.1599	2
1254.58945	628.30200	2	68.1750	2
1254.60050	628.30750	2	79.9971	2
1254.72980	628.37215	2	69.1107	2
1254.72995	419.25060	3	39.8031	2
1254.73020	628.37240	2	39.8639	2
1254.73400	419.25195	3	51.9759	2
1255.58415	628.79935	2	42.8430	2
1255.62810	628.82130	2	69.8156	2
1255.65690	419.55960	3	53.3304	2
1255.66750	628.84105	2	73.6491	2
1255.67760	628.84605	2	50.7680	2
1255.70245	628.85850	2	68.9249	2
1255.71390	419.57855	3	64.9978	2
1256.60560	629.31010	2	58.6589	1
1256.61060	629.31260	2	88.9466	1
1256.61070	629.31265	2	50.0713	2
1256.69795	419.90660	3	47.0187	2
1256.69855	629.35655	2	46.9809	2
1256.70435	629.35945	2	96.3756	2
1257.64570	629.83010	2	41.8895	2
1257.64765	420.22315	3	41.9489	2
1257.67680	629.84570	2	55.6340	5
1258.59895	630.30675	2	80.7373	2
1258.67625	630.34540	2	67.0296	2
1258.68930	630.35190	2	52.0083	2
1258.76470	630.38960	2	86.5400	2
1259.63325	630.82390	2	74.9068	2
1259.63575	630.82515	2	57.8349	2
1259.66100	420.89430	3	52.5538	1
1259.66100	630.83780	2	58.4205	2
1260.57775	631.29615	2	35.6782	2
1260.58795	631.30125	2	41.9665	2
1260.60220	631.30840	2	45.2569	1
1260.67230	631.34345	2	56.8577	2
1261.57855	631.79655	2	50.6374	2
1261.62170	421.54780	3	39.8133	2
1261.67050	421.56410	3	37.2975	2
1261.74440	631.87950	2	94.8187	2
1262.60805	421.87665	3	45.7832	2
1263.61965	422.21380	3	32.9402	2
1263.62005	632.81730	2	32.9508	2
1263.62935	632.82195	2	56.3948	2
1263.67205	632.84330	2	88.2975	2
1263.68265	632.84860	2	66.4865	2
1264.64860	422.55680	3	60.6551	2
1264.77890	633.39670	2	92.5939	1
1265.68905	633.85180	2	51.2027	2
1266.56270	634.28860	2	45.4746	2
1266.57300	634.29380	2	40.7208	2
1266.62100	423.21430	3	37.2311	2
1266.62240	634.31850	2	37.1952	1
1266.62350	634.31900	2	70.2560	1
1266.63010	634.32230	2	70.8725	1
1267.64865	634.83160	2	81.6557	2
1267.66550	634.84000	2	92.2820	1
1267.68875	634.85165	2	49.2364	2
1268.61445	423.87875	3	52.8486	2
1268.66315	635.33885	2	50.4852	2
1268.66330	423.89500	3	50.4195	2
1268.69950	635.35705	2	69.4293	2
1269.62400	635.81925	2	80.0374	2
1269.63210	635.82330	2	63.0809	1
1269.65340	424.22510	3	66.6976	1
1269.65755	635.83605	2	46.3557	2
1269.65820	424.22670	3	46.3280	2
1269.70460	635.85960	2	62.5369	2
1269.73000	635.87225	2	77.7334	2
1270.65290	636.33370	2	42.9909	2
1270.69915	424.57365	3	61.6814	2
1270.72755	636.37105	2	91.4419	2
1271.56320	424.86170	3	77.0594	2
1271.68860	424.90350	3	59.7354	2
1271.69180	636.85320	2	63.7827	2
1271.76205	636.88830	2	81.5180	2
1272.65750	637.33600	2	47.2621	1
1272.69230	637.35345	2	64.2114	2
1273.66910	637.84185	2	64.6317	2
1273.67740	637.84600	2	85.7341	2
1273.68800	637.85130	2	58.8501	1
1273.72160	637.86810	2	69.8784	2
1274.62885	425.88355	3	45.4105	2
1274.63000	638.32230	2	45.4718	1
1274.64465	638.32960	2	84.2599	2
1274.65125	638.33290	2	76.5261	2
1274.66325	638.33890	2	68.0548	2
1275.54200	638.77825	2	44.6549	2
1275.57215	638.79335	2	60.4176	2
1275.69300	426.23825	3	62.3930	2
1276.63385	639.32420	2	76.8339	2
1276.65145	639.33300	2	89.3770	2
1276.66745	639.34100	2	57.9622	2
1276.67365	639.34410	2	85.4926	2
1276.70375	639.35915	2	71.6969	2
1276.70430	639.35945	2	77.9693	2
1277.67315	639.84385	2	68.4195	2
1277.68730	426.90300	3	75.5914	2
1277.68790	639.85120	2	75.4667	2
1278.12620	640.07035	2	62.0229	4
1278.65025	640.33240	2	84.3637	2
1279.62460	640.81960	2	63.2626	1
1279.69655	427.57280	3	53.6566	2
1280.57825	641.29640	2	80.6211	2
1280.60020	427.87400	3	36.8085	2
1280.74325	641.37890	2	87.4482	2
1281.55750	641.78600	2	39.1129	2
1281.60880	428.21020	3	35.7949	2
1281.61085	641.81270	2	35.6891	2
1281.70480	428.24220	3	40.9852	2
1282.57575	642.29515	2	71.3936	2
1282.58605	642.30030	2	61.2966	2
1283.61540	642.81500	2	70.2880	2
1283.65120	642.83290	2	65.1603	2
1283.65980	642.83715	2	85.0940	2
1283.70740	428.90975	3	43.7936	2
1283.72175	428.91455	3	43.0871	2
1283.73395	642.87425	2	77.6789	2
1284.61365	429.21180	3	39.6611	2
1284.62635	643.32045	2	90.5425	2
1284.69380	643.35420	2	77.3654	2
1284.70380	643.35920	2	68.7264	2
1284.70420	429.24200	3	42.4078	2
1284.72890	643.37175	2	83.1875	2
1285.66350	643.83900	2	42.8958	2
1285.72405	429.58195	3	45.5364	2
1285.72560	643.87010	2	45.4979	1
1286.17385	644.09420	2	85.3272	4
1286.63590	644.32520	2	68.4115	1
1286.64450	429.88880	3	68.3572	2
1286.68385	644.34920	2	84.8281	2
1286.70060	644.35760	2	67.9133	2
1286.78535	644.39995	2	85.7288	2
1287.63035	644.82245	2	84.3276	2
1287.66860	644.84160	2	45.0081	2
1287.68330	644.84890	2	73.3289	1
1288.59110	645.30285	2	44.2276	2
1288.60535	645.30995	2	63.5000	2
1288.65140	430.55770	3	39.9899	1
1288.66340	645.33900	2	45.7196	2
1288.68295	645.34875	2	51.0532	2
1288.68555	645.35005	2	66.8540	2
1288.72300	645.36875	2	83.6316	2
1288.74065	645.37760	2	75.3488	2
1289.58920	645.80190	2	35.9507	1
1289.59165	430.87115	3	35.8570	2
1289.62860	645.82155	2	62.3849	2
1289.62930	645.82195	2	88.6212	2
1289.64685	645.83070	2	49.3282	2
1290.65700	646.33580	2	54.5790	2
1290.67180	431.23120	3	68.3176	1
1291.53590	646.77520	2	38.0715	2
1291.57910	646.79685	2	44.4244	2
1291.60775	646.81115	2	51.1118	2
1291.66565	646.84010	2	59.8524	2
1292.66050	431.89410	3	61.7994	2
1293.62530	647.81995	2	55.2842	2
1294.62410	648.31930	2	68.0093	2
1294.73285	648.37370	2	82.4801	2
1294.79750	432.60645	3	67.3798	2
1295.58940	648.80200	2	44.3878	1
1295.72530	648.86990	2	75.7083	1
1295.74530	648.87995	2	64.3408	2
1295.75640	432.92605	3	60.0275	2
1296.68295	649.34875	2	59.5049	2
1296.68345	433.23505	3	59.5396	2
1296.70480	649.35965	2	68.7641	2
1296.74015	649.37735	2	44.5123	2
1297.72595	433.58260	3	44.3626	2
1297.73700	649.87580	2	65.2519	2
1297.76005	433.59395	3	63.2071	2
1298.59340	650.30400	2	37.4789	2
1298.59390	433.87190	3	37.4432	2
1298.60980	433.87720	3	37.3677	2
1298.69485	650.35470	2	47.9526	2
1298.74825	650.38140	2	92.0354	2
1299.56915	650.79185	2	36.0163	2
1299.62930	650.82190	2	74.1088	1
1299.67905	650.84680	2	40.8647	2
1299.69265	650.85360	2	79.5272	2
1299.71470	650.86460	2	57.6561	2
1300.62375	651.31915	2	85.8670	2
1300.62510	651.31980	2	81.1368	1
1300.70350	651.35900	2	62.9281	2
1300.71000	651.36230	2	91.6865	1
1300.73935	651.37695	2	75.5832	2
1300.76145	651.38800	2	74.9454	2
1300.77595	651.39525	2	84.9021	2
1301.63575	434.88585	3	40.5262	2
1301.63795	651.82625	2	40.5612	2
1301.69825	651.85640	2	68.4275	2
1302.66090	652.33775	2	66.6367	2
1303.51500	652.76475	2	65.3469	2
1303.60520	652.80990	2	60.5791	1
1303.74905	652.88180	2	75.2579	2
1304.61055	653.31255	2	42.6695	2
1304.73525	653.37490	2	78.8403	2
1305.61650	436.21275	3	31.4158	2
1305.62380	653.81915	2	51.3737	2
1305.63500	436.21890	3	61.5406	1
1305.70575	653.86015	2	73.4517	2
1306.58245	436.53475	3	40.3549	2
1306.65130	436.55770	3	39.8923	2
1306.66575	654.34015	2	31.7056	2
1306.67375	654.34415	2	61.4493	2
1306.67570	654.34510	2	75.6975	1
1307.66160	654.83810	2	61.3473	1
1308.65830	655.33645	2	63.1430	2
1308.72065	655.36760	2	86.7994	2
1308.72150	437.24775	3	86.8645	2
1308.74240	655.37850	2	60.1502	2
1308.77695	655.39575	2	72.8855	2
1309.65170	655.83315	2	63.6466	2
1309.77265	655.89360	2	78.1479	2
1310.12200	656.06830	2	68.3392	4
1310.56080	656.28765	2	36.4179	2
1310.65350	437.89180	3	48.1357	2
1310.68160	656.34810	2	80.4807	2
1311.57115	656.79285	2	59.6908	2
1311.58365	656.79910	2	50.5501	2
1311.71410	438.24530	3	60.4229	2
1311.71610	656.86530	2	41.7600	1
1311.76555	656.89005	2	84.3446	2
1313.61395	657.81425	2	63.3021	2
1313.69350	438.90510	3	52.5769	2
1313.69475	657.85465	2	52.6409	2
1313.70140	657.85800	2	87.2734	2
1313.71940	438.91370	3	62.0111	2
1313.72010	657.86730	2	84.9321	2
1313.74650	438.92280	3	54.0665	1
1314.59800	439.20660	3	33.4063	2
1314.69720	658.35585	2	62.9854	2
1314.69740	658.35600	2	48.6576	2
1314.70040	439.24075	3	48.6502	2
1315.59160	658.80310	2	72.8372	1
1315.66020	658.83735	2	72.7891	2
1315.68295	658.84875	2	60.2721	2
1315.69970	658.85710	2	73.2699	1
1315.71095	658.86275	2	65.0328	2
1316.56405	659.28930	2	55.6823	2
1316.66610	659.34030	2	76.0604	3
1316.67465	439.89880	3	64.5314	2
1316.71350	659.36400	2	60.1529	2
1316.73470	659.37460	2	95.9904	2
1316.73490	659.37470	2	68.4909	2
1317.61110	440.21100	3	53.1190	2
1317.64185	659.82820	2	42.7296	2
1318.65990	660.33720	2	79.2128	2
1319.63300	660.82375	2	53.7536	2
1319.66465	440.89550	3	54.2591	2
1319.66480	660.83970	2	54.2830	1
1319.69075	660.85265	2	81.7278	2
1320.59650	661.30555	2	72.2876	2
1320.61020	661.31235	2	56.0728	2
1320.62390	441.21525	3	41.0332	2
1320.62410	661.31930	2	41.0316	1
1320.63530	441.21900	3	51.6347	2
1320.68590	661.35020	2	94.0818	11
1321.61460	661.81460	2	52.3184	2
1321.76485	661.88970	2	80.9937	2
1321.76510	441.59565	3	80.9267	2
1322.66670	662.34065	2	89.0269	2
1322.67210	662.34335	2	64.4695	2
1322.72680	662.37070	2	72.8425	1
1323.71850	442.24680	3	71.5315	1
1324.69180	663.35315	2	78.1782	2
1324.73230	663.37340	2	63.5464	1
1324.78305	442.60160	3	65.5032	2
1326.62045	664.31750	2	60.9337	2
1326.68950	443.23710	3	31.7949	2
1326.69070	664.35260	2	31.7734	2
1327.56510	664.78980	2	49.9716	1
1327.65245	443.55805	3	57.4047	2
1327.78465	664.89960	2	94.8216	2
1328.74515	443.92230	3	42.5884	2
1328.75205	443.92460	3	71.5853	2
1328.75350	665.38400	2	71.7100	2
1329.60690	665.81075	2	41.3084	2
1329.65370	665.83410	2	59.3396	1
1329.65390	665.83420	2	43.9307	2
1329.66810	444.22995	3	58.7883	2
1329.69345	444.23840	3	66.2388	2
1329.69410	665.85435	2	77.1883	2
1329.76350	665.88900	2	49.7714	1
1329.76610	665.89030	2	81.1883	1
1330.71345	666.36400	2	61.9513	2
1330.77970	666.39710	2	85.9692	2
1330.78250	444.60140	3	86.0930	2
1331.67600	666.84530	2	74.7534	2
1331.70935	666.86195	2	80.9156	2
1331.70950	666.86205	2	63.7801	2
1331.72810	666.87135	2	92.3446	2
1331.74530	666.87990	2	82.4131	2
1331.76650	444.92940	3	46.0545	2
1331.76855	666.89155	2	46.0090	2
1332.62460	445.21545	3	61.5988	2
1332.64670	667.33065	2	48.1035	2
1332.70300	667.35880	2	82.8970	2
1333.59350	667.80400	2	43.8429	2
1333.69270	667.85360	2	59.5638	1
1334.66155	445.89445	3	46.6581	2
1334.71880	668.36670	2	54.0847	2
1334.71910	445.91360	3	54.1381	2
1334.72405	668.36930	2	76.7706	2
1335.59510	668.80485	2	52.6389	2
1335.63875	668.82665	2	72.2115	2
1335.64770	668.83110	2	70.3804	1
1336.74710	446.58960	3	43.5363	1
1336.74785	669.38120	2	43.5267	2
1336.80845	669.41150	2	80.0982	2
1337.57205	669.79330	2	39.3863	2
1337.67290	669.84370	2	73.6631	2
1338.61210	670.31330	2	61.1768	2
1338.66705	447.22965	3	57.8403	2
1338.66865	670.34160	2	63.4264	2
1338.66950	447.23045	3	63.5806	2
1338.71475	447.24550	3	47.6013	2
1338.71920	670.36690	2	72.8212	2
1339.65215	670.83335	2	64.9605	2
1339.74600	447.58930	3	56.0594	2
1339.75370	670.88415	2	81.9405	2
1339.76930	670.89190	2	94.0588	3
1339.77100	447.59760	3	94.2016	2
1340.59800	671.30630	2	49.8069	2
1341.19865	671.60660	2	45.4268	4
1341.62055	671.81755	2	75.3678	2
1341.72600	448.24925	3	44.4890	2
1342.65100	448.55760	3	54.5712	2
1342.65215	448.55795	3	38.0260	2
1342.70880	448.57685	3	56.7710	2
1342.71095	672.36275	2	63.1256	2
1342.73480	448.58555	3	81.4645	2
1342.73960	672.37710	2	84.1281	5
1343.76545	448.92905	3	54.8829	2
1343.76630	672.89045	2	54.9192	2
1344.68310	673.34880	2	53.9228	1
1344.71365	673.36410	2	66.4335	2
1344.72975	449.25050	3	72.5477	2
1344.74015	673.37735	2	83.6369	2
1344.74350	449.25510	3	82.0022	1
1344.74625	449.25605	3	68.2430	2
1344.79370	673.40410	2	96.6071	1
1345.62230	673.81840	2	34.0889	1
1345.62240	449.54810	3	34.0020	2
1345.74370	449.58850	3	57.9390	1
1346.57840	674.29650	2	40.4140	2
1346.67330	674.34390	2	73.3716	2
1346.68155	674.34805	2	78.3077	2
1346.76755	449.92980	3	68.9601	2
1346.76780	674.39120	2	69.0245	2
1347.58090	674.79775	2	53.4435	2
1347.58440	450.20210	3	44.3101	2
1347.66755	674.84105	2	88.5847	2
1347.72570	674.87010	2	85.0478	1
1347.74730	450.25640	3	63.8682	2
1347.74835	674.88145	2	63.9039	2
1347.76510	450.26230	3	83.2308	2
1349.64440	675.82950	2	61.1753	1
1349.68375	675.84915	2	61.2965	2
1349.68385	675.84920	2	69.9023	2
1350.60985	676.31220	2	40.2991	2
1350.64165	676.32810	2	76.2936	2
1350.68680	451.23620	3	73.8462	1
1350.71490	676.36475	2	74.0879	2
1350.75025	676.38240	2	58.9910	2
1351.63810	451.55330	3	34.7235	3
1351.63810	676.82635	2	34.7170	2
1351.64045	676.82750	2	60.9623	2
1352.59670	451.87285	3	31.2801	2
1352.63920	677.32690	2	63.6943	1
1352.72890	451.91690	3	55.5009	2
1352.75520	677.38485	2	68.3362	2
1353.72315	677.86885	2	88.2730	2
1353.72520	677.86985	2	65.9854	2
1354.72800	678.37125	2	89.3437	2
1355.71665	678.86560	2	85.5060	2
1355.73065	678.87260	2	56.9735	2
1355.77860	452.93350	3	59.4062	1
1355.77905	678.89680	2	82.2940	2
1356.73605	679.37530	2	60.3808	2
1356.73700	453.25290	3	60.4772	2
1356.74925	453.25700	3	48.8799	2
1356.75190	679.38325	2	48.9141	2
1357.66395	679.83925	2	50.2103	2
1357.67185	679.84320	2	30.9783	2
1357.67340	453.56505	3	30.8160	2
1357.74575	453.58920	3	58.7308	2
1357.74635	679.88045	2	58.7985	2
1358.15450	453.72545	3	51.9929	4
1358.62920	680.32190	2	60.0558	1
1358.66140	680.33800	2	88.8661	2
1358.66195	680.33825	2	57.2718	2
1358.66890	453.89690	3	46.1421	2
1358.66910	680.34185	2	46.1557	2
1358.67875	453.90020	3	39.0773	2
1358.67955	680.34705	2	39.0852	2
1358.74140	680.37795	2	82.9622	2
1358.75790	680.38625	2	92.5548	2
1359.68190	680.84820	2	67.4438	2
1359.68865	454.23680	3	38.7868	2
1359.83510	454.28560	3	57.2963	1
1360.58655	454.53615	3	34.3926	2
1360.70010	681.35730	2	75.9072	1
1361.66850	681.84155	2	40.7776	2
1361.67190	681.84320	2	67.1580	2
1361.72045	681.86750	2	69.1231	2
1361.72345	681.86900	2	71.8223	2
1362.56015	682.28735	2	50.7059	2
1362.58945	682.30200	2	48.9763	2
1362.71470	682.36460	2	58.5163	2
1362.71750	682.36600	2	72.3853	2
1362.72170	682.36810	2	83.5406	2
1363.65620	682.83535	2	63.2408	2
1363.68520	682.84985	2	73.1848	2
1363.69030	455.57070	3	45.5649	2
1363.69370	682.85410	2	45.6877	1
1364.59130	683.30290	2	51.6549	1
1364.63925	683.32690	2	64.7263	2
1364.65400	683.33430	2	77.0539	2
1364.66945	683.34200	2	45.3535	2
1364.67290	683.34370	2	83.7882	1
1364.68320	683.34890	2	61.7297	2
1364.71925	683.36690	2	65.1000	2
1364.73400	683.37430	2	69.6536	2
1365.55935	456.19370	3	42.6777	2
1365.66845	683.84150	2	84.4310	2
1365.67910	683.84685	2	56.2966	2
1365.67975	456.23385	3	56.2622	2
1366.73080	456.58420	3	36.9217	1
1366.75935	456.59375	3	37.0221	2
1366.84530	684.42990	2	99.9585	1
1367.65330	456.89170	3	51.8497	2
1367.67250	456.89810	3	50.7450	2
1367.68750	456.90310	3	52.1672	2
1367.68910	684.85185	2	52.2382	2
1367.71375	684.86415	2	71.9562	2
1367.76655	684.89055	2	83.4139	2
1367.77740	684.89600	2	75.4123	2
1368.03700	685.02580	2	33.6430	4
1368.64830	457.22340	3	67.8950	2
1368.75125	685.38290	2	74.9532	2
1368.79570	457.27250	3	63.9897	1
1369.67300	457.56490	3	52.6076	2
1369.79360	685.90410	2	55.1077	1
1370.28585	457.76925	3	55.4802	4
1370.72250	686.36850	2	79.3797	2
1370.81960	686.41710	2	94.6095	2
1371.68340	686.84895	2	73.7214	2
1371.70390	686.85920	2	91.2486	1
1371.73475	458.25220	3	49.9808	2
1372.68340	687.34900	2	66.5475	2
1372.71515	458.57900	3	54.8270	2
1373.69030	458.90405	3	38.1913	2
1373.74050	687.87755	2	71.0451	2
1373.75320	687.88390	2	57.3372	2
1374.68765	688.35110	2	48.2551	2
1374.68865	459.23680	3	48.1820	2
1374.70965	688.36210	2	73.5883	2
1374.76275	459.26155	3	77.9892	2
1374.76290	688.38870	2	78.0252	2
1374.78810	688.40135	2	84.1631	2
1375.71340	459.57840	3	76.3621	1
1376.71015	689.36235	2	89.4457	2
1376.71970	689.36710	2	65.3812	2
1376.72930	459.91705	3	50.2658	2
1376.85095	459.95755	3	66.6966	2
1377.67215	689.84335	2	83.0259	2
1377.67775	689.84615	2	75.7426	2
1377.68540	689.85000	2	33.3212	1
1377.68940	460.23705	3	33.2873	2
1377.69280	460.23820	3	88.1411	2
1377.69630	689.85540	2	89.2433	4
1378.23425	690.12440	2	84.5961	4
1378.55540	690.28495	2	43.3213	2
1378.69870	690.35665	2	60.1855	2
1378.75845	690.38650	2	94.2871	2
1379.76500	460.92895	3	72.8909	2
1379.76720	690.89090	2	72.9123	1
1379.77120	690.89285	2	80.1539	2
1380.79885	691.40670	2	76.7531	2
1381.66660	691.84060	2	66.0626	1
1381.67495	691.84475	2	66.5266	2
1381.74430	691.87940	2	73.7728	1
1382.65290	692.33370	2	76.5859	2
1382.76040	692.38745	2	77.6131	2
1382.84940	461.95710	3	78.0776	1
1383.54300	692.77880	2	26.7021	2
1383.67880	462.23355	3	43.5023	2
1384.61845	693.31650	2	52.3620	2
1384.66270	693.33865	2	56.3336	2
1384.67830	693.34640	2	83.4741	1
1384.73485	462.58555	3	64.2810	2
1384.75100	693.38280	2	83.5887	1
1385.73410	693.87430	2	75.2775	2
1385.75240	693.88345	2	62.4508	2
1386.72340	463.24840	3	66.4441	1
1387.63040	694.82250	2	75.2143	1
1387.68750	694.85100	2	82.3572	2
1387.69420	694.85435	2	57.0044	2
1387.72800	463.58330	3	83.6687	2
1387.72880	694.87170	2	83.6742	2
1388.55650	695.28550	2	55.5906	2
1388.70465	695.35960	2	52.6076	2
1389.73435	695.87445	2	87.3759	2
1389.75460	695.88460	2	88.4718	2
1390.64920	696.33190	2	38.0230	1
1390.65160	464.55780	3	38.0070	1
1390.75710	464.59295	3	67.8305	2
1391.69335	464.90505	3	60.6468	2
1391.69475	696.85465	2	60.5844	2
1391.70485	696.85970	2	53.2099	2
1392.61670	465.21280	3	59.4449	2
1392.66950	697.34205	2	63.3412	2
1392.87055	697.44255	2	83.7639	2
1393.64415	697.82935	2	68.5280	2
1393.65165	697.83310	2	71.1126	2
1393.67815	697.84635	2	70.6434	2
1393.69200	697.85330	2	82.2590	2
1393.70225	465.57470	3	55.9493	2
1393.70305	697.85880	2	77.3315	2
1394.54940	698.28200	2	36.9063	2
1395.65150	698.83305	2	58.4827	2
1395.71235	466.24470	3	40.2611	2
1395.71270	698.86360	2	40.2420	2
1396.67930	699.34690	2	77.1208	2
1396.80520	699.40990	2	66.6446	2
1397.60315	466.87500	3	46.9480	2
1397.60435	699.80945	2	46.9613	2
1397.71645	699.86550	2	51.6244	2
1397.78710	466.93630	3	65.6880	1
1397.79490	699.90470	2	79.4339	2
1398.62730	700.32095	2	52.7265	2
1398.70510	700.35980	2	89.8219	1
1398.73700	467.25290	3	51.1604	2
1398.77200	700.39325	2	64.0033	2
1399.69415	700.85435	2	54.7362	2
1399.69690	467.57290	3	48.7035	1
1401.57085	701.79270	2	42.9058	2
1401.71250	701.86350	2	42.4928	1
1401.71830	468.24670	3	42.4033	1
1401.76360	701.88910	2	80.5121	2
1402.72030	468.58070	3	42.7228	1
1402.74965	702.38210	2	76.9042	2
1403.63265	702.82360	2	55.5001	2
1403.63920	702.82690	2	60.8824	2
1403.74035	468.92070	3	40.9137	2
1403.74130	702.87795	2	69.3631	2
1403.74165	702.87810	2	40.9477	2
1403.74210	468.92130	3	69.4477	1
1404.72995	703.37225	2	75.6571	2
1404.79900	703.40675	2	68.0412	2
1405.65250	703.83355	2	56.3281	2
1406.66190	469.89460	3	52.0053	1
1406.71600	704.36525	2	74.6300	2
1407.29145	470.10445	3	59.1164	4
1407.72365	470.24850	3	50.0180	2
1407.72445	704.86950	2	50.1055	2
1407.78320	470.26835	3	66.3399	2
1408.65055	705.33255	2	77.4364	2
1408.66410	705.33930	2	70.5681	3
1408.66945	705.34200	2	39.4138	2
1409.68685	705.85070	2	68.6090	2
1409.74020	470.92070	3	49.4110	1
1410.70025	706.35740	2	55.8969	2
1410.72505	471.24895	3	50.7059	2
1410.77210	471.26460	3	57.5902	2
1411.65940	706.83700	2	48.4117	3
1411.67310	706.84380	2	72.4648	3
1411.71775	471.57985	3	70.1385	2
1411.82845	706.92150	2	72.7248	2
1411.82920	471.61700	3	72.7920	2
1412.64285	707.32870	2	89.0519	2
1412.77475	707.39465	2	51.3200	2
1412.81270	707.41365	2	82.8053	2
1412.82455	471.94875	3	75.1666	2
1412.83870	471.95350	3	66.8155	2
1412.83920	707.42690	2	66.8797	2
1413.67450	707.84450	2	37.6655	2
1413.76575	707.89015	2	61.6147	2
1414.72280	708.36865	2	60.8123	2
1414.73075	472.58415	3	47.6876	2
1414.73175	708.37315	2	47.7488	2
1414.73315	708.37385	2	81.6376	2
1415.64795	708.83125	2	92.4139	2
1415.68855	708.85155	2	58.0159	2
1415.72610	708.87030	2	46.1837	2
1415.76245	472.92810	3	40.4140	2
1416.72460	473.24880	3	65.6207	2
1416.72585	709.37020	2	64.8687	2
1416.72605	709.37030	2	89.8041	2
1416.77960	473.26710	3	59.1128	2
1417.66885	709.84170	2	55.7008	2
1417.67935	473.56705	3	47.0132	2
1417.71105	709.86280	2	74.2053	2
1418.70920	710.36190	2	58.2361	2
1418.70935	710.36195	2	80.4580	2
1419.66465	710.83960	2	57.5197	2
1419.69940	710.85700	2	51.5645	2
1419.70030	474.24070	3	51.5134	3
1419.75625	474.25935	3	51.7812	2
1419.81270	710.91365	2	81.0797	2
1420.65075	711.33265	2	47.0687	6
1422.59435	475.20535	3	36.9716	2
1422.59475	712.30465	2	37.0275	2
1422.67325	475.23170	3	40.8915	2
1422.68785	712.35120	2	65.7526	2
1422.75245	712.38350	2	78.7074	2
1423.66950	712.84200	2	82.2005	2
1424.66115	713.33785	2	68.3012	2
1424.72010	713.36735	2	67.0592	2
1424.81360	475.94510	3	91.1264	1
1425.80905	713.91180	2	73.9145	2
1425.81910	476.28030	3	62.4190	2
1426.79030	476.60405	3	43.3517	2
1427.64200	714.82825	2	46.5756	2
1427.72575	476.91585	3	53.1518	2
1427.72695	714.87075	2	53.0529	2
1427.79900	714.90675	2	82.7082	2
1427.79915	476.94030	3	57.8000	2
1428.71105	477.24430	3	46.2379	2
1428.78265	477.26815	3	76.7102	2
1428.78500	715.39980	2	76.7714	1
1429.75240	715.88345	2	63.8010	2
1429.75790	715.88625	2	60.2666	2
1429.76335	715.88895	2	52.1096	2
1429.80215	715.90835	2	97.3468	2
1430.24900	477.75695	3	60.8139	4
1430.72840	716.37150	2	88.4526	2
1430.73750	477.91975	3	51.0452	2
1431.28525	716.64990	2	86.0936	4
1431.78880	478.27020	3	65.6638	2
1431.79945	716.90700	2	79.8315	2
1432.71660	478.57945	3	45.2948	2
1434.74705	718.38080	2	73.6796	2
1435.66330	718.83890	2	38.5593	3
1435.76780	718.89120	2	63.1781	2
1436.69340	479.90510	3	55.8609	2
1436.70170	479.90780	3	68.7585	1
1436.70170	719.35815	2	55.9601	2
1436.70365	719.35910	2	68.5752	2
1436.76345	479.92840	3	52.0509	2
1436.78685	479.93625	3	62.3934	2
1437.69380	719.85415	2	63.8430	2
1438.58705	480.53630	3	30.3308	2
1439.64650	720.83050	2	48.5904	1
1439.79910	720.90685	2	73.0171	2
1440.81940	721.41695	2	79.4622	2
1441.63130	721.82290	2	77.0468	1
1441.71300	721.86380	2	67.6824	1
1441.82825	721.92140	2	86.0523	2
1442.64900	722.33175	2	83.9678	2
1442.66880	722.34170	2	51.9106	2
1442.68755	722.35105	2	80.0262	2
1442.72845	481.91675	3	50.0180	2
1443.67375	722.84415	2	43.9510	2
1443.80990	722.91225	2	73.9231	2
1443.84600	722.93025	2	79.6414	2
1444.66885	723.34170	2	56.4847	2
1444.67760	723.34610	2	84.8610	1
1444.73220	482.58470	3	50.9731	1
1444.74270	723.37860	2	70.8113	2
1444.77065	482.59745	3	60.9071	2
1444.81330	723.41390	2	87.6915	2
1447.20195	724.60825	2	63.7916	4
1447.73935	724.87695	2	67.9534	2
1447.75545	483.59240	3	56.9128	2
1448.71490	725.36470	2	57.1209	2
1448.73910	725.37680	2	77.2694	1
1448.74425	725.37940	2	83.0975	2
1449.67735	725.84595	2	62.5706	2
1449.71320	725.86385	2	74.1542	2
1449.86645	484.29610	3	60.3249	2
1449.88210	725.94830	2	86.1262	1
1450.72455	726.36955	2	81.7960	2
1450.73645	726.37550	2	89.6735	2
1450.81880	484.61350	3	65.6932	2
1451.66400	484.89525	3	49.2957	2
1451.79810	484.94000	3	51.8257	1
1452.76820	485.26330	3	57.6811	2
1452.79650	727.40550	2	90.5028	2
1453.76050	727.88750	2	56.4767	2
1454.73095	728.37275	2	79.1812	2
1454.87065	485.96415	3	76.9666	2
1454.87130	728.44290	2	76.8762	2
1455.69715	486.23965	3	68.0467	2
1455.69980	728.85715	2	68.1104	2
1455.83850	728.92650	2	81.0253	2
1457.78735	486.93640	3	81.3277	2
1457.78900	729.90180	2	81.3855	2
1457.81690	729.91570	2	84.4083	2
1458.74750	487.25645	3	76.4970	2
1459.70525	730.85990	2	58.7883	2
1459.70970	730.86215	2	67.5630	2
1459.74305	730.87880	2	63.7447	2
1459.84080	487.62085	3	75.6436	2
1459.84080	730.92770	2	75.6867	2
1461.73970	731.87715	2	64.9763	2
1461.83825	488.28670	3	76.8633	2
1461.83915	731.92685	2	77.0983	2
1462.69525	732.35490	2	65.2833	2
1462.78100	732.39780	2	61.0193	1
1463.67495	488.89890	3	62.7914	2
1463.70825	488.91000	3	66.5529	2
1463.70880	732.86165	2	79.9330	2
1463.70945	732.86200	2	66.4519	2
1463.74135	488.92105	3	72.0848	2
1463.75075	732.88265	2	72.0522	2
1464.30110	489.10760	3	64.9497	4
1464.74900	489.25695	3	81.5545	2
1464.78205	489.26795	3	62.3599	2
1464.79370	733.40415	2	61.7637	2
1464.79570	733.40510	2	67.8305	2
1465.73435	733.87445	2	86.7336	2
1466.66365	489.89515	3	44.2522	2
1466.67715	734.34585	2	74.6722	2
1466.74260	734.37860	2	88.5655	1
1466.76810	734.39130	2	44.1799	1
1466.77405	489.93195	3	44.0727	2
1467.24550	734.63000	2	84.7516	4
1468.68715	735.35085	2	53.3791	2
1468.72050	735.36750	2	65.4663	1
1468.79720	735.40590	2	74.3719	2
1468.80695	490.60955	3	56.7278	2
1470.74650	491.25610	3	66.1043	2
1470.75000	491.25725	3	56.2329	2
1470.79660	736.40560	2	88.7016	1
1470.84635	736.43045	2	83.1002	2
1471.70990	736.86220	2	54.3874	2
1471.74095	736.87775	2	65.2913	2
1471.75685	491.59290	3	66.9641	2
1472.73715	491.91965	3	57.5775	2
1472.73720	737.37585	2	57.6756	2
1472.75510	737.38480	2	80.8741	1
1472.77610	491.93265	3	59.2947	2
1473.74820	737.88140	2	66.2910	1
1473.76150	492.26110	3	74.5336	1
1473.76335	492.26170	3	71.4194	2
1474.76775	738.39115	2	79.1894	2
1475.77415	492.93195	3	62.9551	2
1476.71000	739.36225	2	65.1219	2
1476.78360	739.39910	2	73.0122	1
1477.74230	739.87845	2	84.5030	2
1477.76180	739.88815	2	72.3180	2
1477.77210	739.89330	2	87.9616	1
1478.64115	740.32785	2	48.6299	2
1478.77770	740.39615	2	74.3614	2
1480.68940	494.57040	3	36.0245	2
1480.71720	741.36590	2	85.1579	1
1480.83665	494.61950	3	59.0474	2
1481.64340	494.88840	3	53.2572	1
1481.72580	494.91590	3	62.1840	1
1482.81265	742.41360	2	89.5102	2
1482.82980	742.42215	2	68.2904	2
1483.71415	495.57865	3	61.5608	2
1483.74700	495.58960	3	29.3025	1
1483.76340	742.88900	2	76.1426	2
1484.68180	743.34815	2	43.6419	2
1484.81035	743.41245	2	83.0629	2
1484.82080	495.94750	3	74.6641	2
1484.82215	743.41835	2	74.7001	2
1485.82435	496.28205	3	87.0016	2
1485.82475	743.91965	2	86.9315	2
1486.72105	496.58095	3	75.6544	2
1486.76465	744.38960	2	71.3202	2
1486.77840	496.60010	3	54.0310	1
1486.78200	496.60130	3	67.3425	3
1486.78255	744.39855	2	67.2501	2
1487.22585	744.62020	2	77.5164	2
1488.64860	745.33160	2	49.3679	2
1488.74310	497.25495	3	45.1399	2
1488.74420	745.37940	2	45.2036	2
1488.79575	497.27250	3	59.3496	2
1489.74640	745.88045	2	90.0499	2
1490.72400	497.91530	3	58.0929	1
1492.70990	747.36220	2	48.2469	2
1492.73920	498.58700	3	75.9857	2
1492.80730	498.60970	3	76.3664	2
1493.64985	498.89055	3	38.9586	2
1493.65160	747.83310	2	38.9747	2
1493.74720	498.92300	3	56.6384	2
1493.74770	747.88115	2	56.5727	2
1495.63450	499.55210	3	41.4669	1
1495.74165	499.58780	3	69.1445	2
1495.83955	748.92705	2	81.5917	2
1495.85490	499.62560	3	81.8615	1
1495.87180	499.63120	3	69.5592	2
1496.68750	749.35105	2	85.2254	2
1496.76265	499.92815	3	56.8883	2
1496.76410	749.38935	2	65.0301	2
1496.78515	749.39985	2	71.2069	2
1496.82830	749.42145	2	91.5772	2
1498.76120	750.38790	2	75.0985	2
1498.78025	750.39740	2	68.5612	2
1498.84175	750.42815	2	84.8662	2
1499.71465	500.91215	3	55.9888	2
1500.76540	751.39000	2	56.2602	1
1500.76590	501.26255	3	56.1422	2
1500.79495	751.40475	2	59.4083	2
1500.81620	501.27930	3	65.1527	1
1500.81630	501.27935	3	69.2447	2
1501.71550	501.57910	3	51.3121	2
1501.71675	751.86565	2	51.3737	2
1501.77910	751.89680	2	72.5118	6
1501.84380	501.62185	3	49.5489	2
1502.75210	752.38335	2	87.8592	2
1503.70540	502.24240	3	46.2882	1
1503.79590	752.90525	2	80.8977	2
1504.75055	502.59080	3	54.3955	2
1504.79750	753.40600	2	69.3604	1
1504.87705	502.63295	3	80.2943	2
1505.65320	502.89165	3	47.6575	2
1505.70865	502.91015	3	57.0327	2
1505.72610	502.91595	3	61.3511	2
1505.91590	502.97920	3	93.2244	1
1505.91930	753.96695	2	92.8308	2
1506.79415	754.40435	2	66.4200	2
1506.79440	754.40445	2	60.4827	2
1507.71520	503.57900	3	63.8328	1
1507.73320	503.58500	3	52.8691	1
1508.74185	755.37820	2	86.8077	2
1508.81350	503.94510	3	49.0370	2
1508.81445	755.41450	2	49.0468	2
1509.65810	504.22665	3	47.2174	2
1509.65980	755.83720	2	47.2772	2
1509.74695	504.25625	3	52.4763	2
1510.70670	756.36065	2	70.7197	2
1510.71445	504.57875	3	58.1178	2
1510.71510	756.36485	2	58.1733	2
1510.74595	756.38025	2	74.8207	2
1511.71570	756.86515	2	42.6969	2
1511.78890	756.90175	2	98.6316	2
1511.85780	756.93615	2	80.6682	2
1512.20800	505.07660	3	43.7178	4
1512.87645	505.29945	3	84.9979	2
1512.87715	757.44585	2	84.9675	2
1513.69605	757.85530	2	68.9866	2
1513.74990	757.88225	2	77.6734	2
1513.87180	505.63120	3	96.4440	1
1513.87440	757.94450	2	96.3155	2
1514.72245	505.91475	3	56.7912	2
1514.79905	758.40680	2	91.3520	2
1514.79955	758.40705	2	66.5866	2
1514.85595	505.95925	3	89.9813	2
1514.85645	758.43550	2	89.8736	2
1515.71725	506.24635	3	78.0536	2
1515.71950	758.86705	2	77.9836	2
1515.75240	506.25805	3	33.2545	2
1515.75495	758.88475	2	33.2628	2
1515.75625	758.88540	2	51.1439	2
1515.76210	758.88835	2	89.2130	2
1515.77090	506.26420	3	78.4881	2
1515.82290	758.91875	2	79.2447	2
1516.68370	506.56850	3	32.4227	1
1516.77855	759.39655	2	74.4793	2
1516.79905	759.40680	2	79.6245	2
1516.80080	506.60750	3	49.1857	1
1516.83470	759.42460	2	80.0639	2
1517.71560	506.91250	3	54.6868	1
1517.73755	759.87605	2	70.1937	2
1517.80915	506.94365	3	76.5805	2
1517.81020	759.91240	2	76.7085	1
1518.79580	760.40520	2	84.0096	2
1518.92600	507.31590	3	63.1443	1
1519.82690	760.92070	2	92.0726	1
1520.71960	761.36710	2	77.6029	2
1520.73480	761.37465	2	53.2601	2
1523.86830	508.96335	3	76.9724	2
1523.88450	762.94950	2	89.8736	2
1524.63610	509.21930	3	54.5092	1
1524.74070	763.37760	2	71.9780	2
1526.73245	509.91810	3	34.4487	2
1527.71075	510.24420	3	35.7136	2
1527.77940	764.89700	2	90.0552	1
1527.80005	764.90730	2	69.8837	2
1528.74135	765.37795	2	92.6517	2
1528.80005	765.40730	2	72.6152	2
1528.80910	765.41180	2	69.6776	1
1528.80980	510.61055	3	69.6208	2
1529.66380	510.89520	3	38.7816	2
1529.66445	765.83950	2	38.8197	2
1529.80770	765.91110	2	86.8585	1
1529.84150	510.95445	3	64.2518	2
1529.85680	510.95950	3	79.5244	2
1530.80400	511.27530	3	66.6526	2
1531.69720	511.57300	3	64.4965	2
1531.77520	766.89490	2	65.7944	2
1531.80060	766.90760	2	68.6436	2
1532.77440	767.39450	2	73.9756	1
1532.79835	767.40645	2	71.9242	2
1532.82200	767.41825	2	82.1013	2
1533.74300	512.25495	3	35.5673	2
1533.74540	767.87995	2	68.2348	2
1533.74615	512.25600	3	50.5398	2
1533.74745	767.88100	2	50.6189	2
1533.80295	767.90875	2	96.9677	2
1534.29745	768.15600	2	74.1322	4
1535.67090	512.89760	3	37.6340	2
1535.67925	768.84690	2	60.3062	2
1535.78540	512.93575	3	68.3677	2
1537.72010	513.58060	3	79.4338	2
1537.79400	769.90430	2	76.4549	1
1538.82435	770.41945	2	78.6406	2
1538.82505	513.94895	3	78.7770	2
1540.80730	514.60970	3	63.2782	1
1540.82150	514.61440	3	47.8002	1
1541.78655	514.93610	3	58.1784	2
1541.78885	771.90170	2	58.2724	2
1541.81755	771.91605	2	69.5511	2
1541.83025	771.92240	2	75.4009	2
1541.83035	514.95070	3	75.4945	2
1542.77050	515.26410	3	54.2266	2
1542.78980	772.40220	2	61.7231	1
1546.69895	774.35675	2	66.7294	2
1547.67430	774.84440	2	62.7367	2
1547.77515	516.93230	3	54.4469	2
1547.82050	774.91755	2	70.7758	2
1547.82355	516.94845	3	62.6634	2
1547.83130	516.95105	3	58.3222	2
1547.83170	774.92315	2	58.3544	2
1548.77825	517.26670	3	71.0397	2
1548.77980	775.39720	2	71.0212	3
1548.80045	517.27405	3	61.2451	2
1548.92480	775.46970	2	80.0318	2
1548.92515	517.31565	3	80.1250	2
1549.60095	775.80775	2	45.8478	2
1549.74190	775.87825	2	63.0858	2
1549.74540	517.58910	3	62.9334	1
1549.82840	775.92145	2	73.2173	2
1550.68840	517.90340	3	33.9744	2
1550.74090	517.92090	3	51.6056	2
1550.74755	776.38105	2	51.6986	2
1550.76880	517.93020	3	57.6562	1
1550.77065	776.39260	2	57.7332	2
1550.85455	776.43455	2	95.4039	2
1551.71720	518.24635	3	36.7187	2
1551.76810	776.89130	2	68.0977	1
1551.77480	518.26555	3	39.6555	2
1551.84455	776.92955	2	89.9531	2
1552.73700	518.58630	3	67.2421	1
1553.83190	518.95120	3	80.9797	2
1553.83330	777.92390	2	81.0326	1
1555.73830	778.87645	2	72.1533	2
1555.75080	519.59085	3	52.0697	2
1555.76200	519.59460	3	55.8563	1
1555.79075	778.90265	2	83.1627	2
1555.88220	519.63465	3	77.6391	2
1556.84280	779.42870	2	90.7313	2
1557.78390	779.89925	2	79.7437	2
1557.83020	520.28400	3	72.6614	1
1558.77455	780.39455	2	67.5009	2
1558.79810	780.40630	2	79.4889	1
1559.61055	780.81255	2	73.4322	2
1559.75220	520.92465	3	71.2921	2
1559.75820	520.92670	3	78.2068	2
1559.82305	780.91880	2	87.4624	2
1560.84215	781.42835	2	79.0844	2
1560.84585	781.43020	2	85.5745	2
1561.78855	781.90155	2	76.4913	2
1561.83675	781.92565	2	87.6513	2
1562.77295	521.93160	3	67.1580	2
1563.80385	522.27525	3	73.6545	2
1563.80650	782.91050	2	73.5305	3
1564.71580	522.57920	3	53.7549	1
1564.71720	783.36590	2	53.8149	2
1564.74135	783.37795	2	56.2019	2
1565.78670	522.93620	3	57.9305	2
1565.83110	522.95095	3	66.9174	2
1567.82695	784.92075	2	81.7714	2
1567.89450	523.63880	3	65.7200	1
1568.81140	523.94440	3	85.0202	1
1569.87730	785.94595	2	76.7157	2
1569.91060	785.96255	2	87.2029	2
1570.74430	524.58870	3	52.4106	1
1570.81030	786.41240	2	59.4840	2
1571.68545	524.90245	3	56.0153	2
1571.82640	524.94940	3	60.8047	1
1572.78405	787.39930	2	58.8497	2
1572.82950	787.42200	2	79.0065	1
1572.83090	525.28420	3	78.9104	3
1573.82420	525.61530	3	81.2936	1
1573.82635	787.92045	2	81.1361	2
1573.83810	787.92630	2	75.0914	1
1574.71095	788.36275	2	71.3507	2
1576.75305	789.38380	2	75.2214	2
1576.76605	789.39030	2	72.4728	2
1577.77090	789.89270	2	72.1752	3
1577.77275	789.89365	2	90.3229	2
1577.78965	789.90210	2	75.9149	2
1578.26115	527.09435	3	72.7263	4
1578.83790	527.28655	3	70.7408	2
1578.85310	527.29165	3	56.7712	2
1578.87335	527.29840	3	83.3853	2
1578.87380	790.44420	2	83.4065	1
1580.70020	527.90730	3	41.4560	1
1580.80445	527.94205	3	62.3366	2
1580.92910	527.98360	3	75.7508	2
1582.84685	792.43070	2	78.2739	2
1582.86790	792.44125	2	71.5068	2
1584.74180	529.25450	3	66.8017	2
1585.68950	793.85200	2	64.2967	3
1585.82135	529.61435	3	65.5358	2
1586.86910	794.44180	2	85.8169	3
1587.85715	530.29295	3	64.9069	2
1588.72645	795.37050	2	70.8441	2
1589.82240	530.94810	3	84.1935	1
1589.82275	795.91865	2	84.0947	2
1590.76280	796.38870	2	78.6146	2
1590.79320	531.27170	3	86.2623	1
1590.79885	796.40670	2	81.7658	2
1590.86040	796.43750	2	89.7610	1
1591.74780	531.58985	3	44.5031	2
1591.74915	796.88185	2	44.5381	2
1591.80285	531.60825	3	58.9559	2
1591.80445	796.90950	2	59.1374	2
1591.86345	796.93900	2	86.6667	2
1592.91550	797.46500	2	72.4367	1
1593.74185	532.25455	3	55.4859	2
1593.74370	797.87910	2	55.5505	2
1593.76520	797.88985	2	83.8969	2
1593.95040	797.98250	2	82.2205	2
1593.95095	532.32425	3	82.3571	2
1594.75000	532.59060	3	71.2880	1
1595.80420	798.90935	2	91.9635	2
1595.86270	532.96150	3	50.8587	2
1596.69240	533.23810	3	33.7739	1
1596.76710	533.26300	3	53.2639	2
1596.77920	799.39685	2	68.4546	2
1596.80010	799.40735	2	54.2375	2
1597.86900	799.94180	2	70.4488	1
1598.83545	533.95240	3	82.5038	2
1598.84510	800.42980	2	82.4401	3
1599.78780	800.90115	2	43.4158	2
1599.84775	800.93115	2	74.8010	2
1599.88785	534.30320	3	63.4237	2
1599.89780	534.30655	3	77.2084	2
1600.77955	801.39705	2	77.1487	2
1600.78380	534.60190	3	64.4454	3
1600.84260	534.62150	3	64.7735	2
1600.86780	801.44115	2	64.2193	2
1602.80170	802.40815	2	76.6252	2
1602.80630	802.41040	2	63.0435	1
1602.86345	802.43900	2	73.1497	2
1603.81030	802.91245	2	81.2068	2
1604.78470	535.93550	3	68.4852	2
1606.76420	536.59530	3	70.0535	1
1607.84995	804.93225	2	85.2691	2
1607.90235	536.97475	3	79.9069	2
1609.83605	537.61925	3	88.9236	2
1609.83730	805.92595	2	88.9859	2
1610.72190	806.36820	2	65.8358	2
1610.78440	537.93540	3	65.5249	1
1610.90910	806.46185	2	97.6875	2
1610.97125	537.99770	3	71.1491	2
1611.78870	806.90160	2	75.0499	1
1612.85200	807.43330	2	84.7012	2
1612.85810	538.62660	3	70.5282	2
1612.86740	807.44100	2	89.1380	2
1612.90430	538.64205	3	76.9665	2
1613.85420	807.93435	2	82.7493	2
1613.90370	807.95915	2	81.0595	2
1614.76340	808.38900	2	88.9173	1
1614.84065	808.42760	2	77.3940	2
1614.84080	539.28750	3	77.6029	1
1615.75870	539.59350	3	57.7415	2
1615.85695	539.62625	3	72.9585	2
1615.89390	808.95420	2	85.0257	1
1616.73190	539.91790	3	48.1897	2
1616.77920	809.39690	2	75.0555	1
1616.84800	809.43130	2	92.3045	1
1617.78715	809.90085	2	44.7648	2
1617.83805	809.92630	2	77.8933	2
1619.81600	540.94595	3	65.8301	2
1620.82140	811.41800	2	76.4867	1
1620.86060	541.29415	3	86.1997	2
1620.86430	811.43945	2	86.1940	2
1621.82965	811.92210	2	84.6036	2
1621.87390	811.94425	2	71.0666	2
1622.76595	541.92925	3	38.0607	2
1622.79810	541.93995	3	81.6930	2
1623.86960	812.94210	2	87.6858	1
1624.94950	813.48200	2	86.8640	1
1625.77425	813.89440	2	77.8576	2
1625.77690	813.89575	2	80.9237	2
1626.85730	543.29305	3	57.3682	2
1626.85945	814.43700	2	57.3997	2
1626.90120	814.45790	2	89.1729	1
1627.74855	814.88155	2	67.6006	2
1628.79480	815.40470	2	94.5492	2
1628.81550	543.94580	3	56.7912	2
1628.81675	815.41565	2	56.8522	2
1629.78250	544.26810	3	56.5068	1
1629.87405	815.94430	2	69.7259	2
1629.88340	815.94895	2	88.7901	2
1630.84650	544.62280	3	81.9766	2
1631.92525	544.98235	3	71.7018	2
1631.92610	816.97030	2	71.7606	2
1632.77780	545.26650	3	46.6635	2
1633.84445	545.62205	3	79.5858	2
1633.85625	545.62600	3	62.1061	2
1634.80105	818.40780	2	62.7967	2
1634.82860	409.71440	4	44.8467	1
1634.82910	545.95030	3	44.8173	1
1634.88860	545.97015	3	53.9870	2
1635.79680	818.90570	2	81.9023	1
1636.94325	819.47890	2	91.5940	2
1637.88890	546.97020	3	86.3484	1
1638.84020	547.28735	3	75.8083	2
1639.87720	547.63300	3	95.0049	1
1639.87730	547.63305	3	77.7730	2
1639.87840	820.94650	2	77.8703	2
1639.87995	820.94725	2	94.8241	2
1640.84895	547.95695	3	47.5458	2
1641.77240	821.89345	2	74.5212	2
1641.88325	821.94890	2	84.2290	2
1642.69110	822.35285	2	47.4217	2
1642.80575	822.41015	2	59.4498	2
1642.85195	548.62460	3	48.7616	2
1642.85245	822.43350	2	48.8247	2
1642.88255	548.63480	3	79.4678	2
1643.79125	548.93770	3	47.4836	2
1643.82415	822.91935	2	45.0299	2
1643.82830	822.92145	2	75.0340	2
1643.84040	548.95405	3	66.9091	2
1644.75635	823.38545	2	77.6556	2
1645.90525	549.64235	3	67.5415	2
1646.79970	549.94050	3	49.9770	1
1646.83750	549.95310	3	61.6812	2
1648.96725	413.24910	4	58.4435	2
1648.96780	550.66320	3	58.3898	2
1649.93580	825.97520	2	76.9325	2
1651.90890	826.96170	2	88.3706	2
1651.92635	551.64935	3	84.8499	2
1651.92780	826.97120	2	84.7660	2
1652.78690	551.93620	3	78.3889	1
1653.87320	552.29830	3	76.0154	2
1653.92310	552.31500	3	76.5760	1
1654.78935	828.40195	2	70.9082	2
1654.82100	552.61430	3	78.1078	1
1654.88820	552.63670	3	81.2568	1
1654.89345	828.45400	2	81.1697	2
1655.76415	552.92865	3	49.4881	2
1655.85450	552.95880	3	64.4615	1
1656.80500	829.40975	2	85.3911	2
1657.81865	829.91660	2	88.6210	2
1657.92000	553.64730	3	83.3178	1
1658.78995	553.93725	3	54.8242	2
1659.91055	554.31080	3	78.9261	2
1659.92785	830.97120	2	79.0019	2
1660.74305	554.58825	3	65.2255	2
1660.84135	554.62105	3	62.5761	2
1662.80090	555.27420	3	52.2970	2
1662.82945	832.42200	2	69.9974	2
1662.83215	555.28465	3	70.0367	2
1663.79490	555.60560	3	71.8762	1
1664.81190	833.41320	2	79.2637	1
1664.84300	833.42875	2	73.3048	2
1666.86920	834.44190	2	77.0900	2
1666.87115	556.63100	3	76.9978	2
1666.87630	834.44540	2	80.8548	2
1666.91810	834.46630	2	82.5166	2
1667.81730	556.94640	3	58.2291	1
1667.86315	834.93885	2	77.3788	2
1668.81400	557.27860	3	57.6349	1
1669.85360	835.93405	2	71.6609	2
1670.83755	836.42605	2	96.3755	2
1670.88510	557.96900	3	55.6113	2
1670.88550	836.45000	2	55.7007	1
1671.71360	558.24510	3	51.3386	1
1672.72360	558.58180	3	43.0071	1
1673.89965	558.97380	3	76.7760	2
1673.90040	837.95750	2	76.6427	2
1674.88625	838.45040	2	91.7654	2
1675.73610	559.58595	3	30.7269	2
1675.73735	419.94165	4	30.7573	2
1677.81465	560.27880	3	70.7814	2
1678.00515	560.34230	3	65.7666	2
1679.87700	560.96630	3	75.2451	1
1681.82155	841.91805	2	75.8791	2
1681.90070	561.64080	3	80.3474	2
1681.90260	841.95860	2	80.2990	3
1682.79890	842.40670	2	87.6570	2
1682.80860	561.94350	3	87.8532	1
1682.89420	842.45440	2	79.1754	2
1682.90390	561.97525	3	84.8092	2
1682.93000	561.98390	3	81.1677	1
1683.88480	842.94965	2	77.1771	2
1684.74000	562.58730	3	26.1324	1
1684.74170	422.19270	4	26.1484	2
1684.91580	843.46520	2	80.9586	2
1685.91440	562.97870	3	65.5959	2
1686.87600	563.29925	3	63.8985	2
1687.91825	844.96640	2	88.0373	2
1688.88175	845.44815	2	83.5694	2
1689.22475	564.08215	3	32.8373	4
1689.84270	564.28815	3	58.6932	2
1689.90975	564.31050	3	93.7798	2
1689.91460	845.96460	2	93.8352	1
1690.96215	564.66130	3	64.0220	2
1692.81760	565.27980	3	83.9790	1
1692.81865	847.41660	2	83.8968	2
1692.96620	847.49035	2	90.4598	2
1692.97035	565.33070	3	90.5510	2
1694.80200	565.94125	3	50.6478	2
1695.32930	848.67190	2	69.7542	4
1696.77295	849.39375	2	63.4607	2
1696.84660	849.43060	2	86.2565	1
1696.90660	849.46060	2	85.3563	2
1696.90925	566.64370	3	85.4366	2
1697.83690	566.95290	3	50.9370	1
1697.90365	566.97515	3	77.7729	2
1697.90395	849.95925	2	77.8308	2
1698.00835	567.01005	3	82.6381	2
1698.00935	850.01195	2	82.7081	2
1698.79380	850.40420	2	82.5869	2
1698.88820	567.30330	3	81.7240	1
1698.89870	850.45665	2	84.5642	2
1698.89900	567.30695	3	84.5701	2
1698.90460	567.30880	3	58.8280	2
1699.83935	567.62040	3	82.9439	2
1699.86070	567.62750	3	78.1991	1
1699.86960	567.63050	3	75.9665	1
1700.91165	851.46310	2	80.4916	2
1701.87050	568.29740	3	61.1407	1
1703.81540	568.94570	3	60.8975	2
1704.72490	569.24890	3	26.9273	2
1704.72785	427.18925	4	27.0240	2
1704.91785	569.31320	3	70.8776	2
1705.83725	569.61970	3	47.4438	2
1705.83950	853.92705	2	47.5118	2
1705.88395	853.94925	2	69.6149	2
1705.88400	569.63530	3	69.5170	3
1706.89060	854.45260	2	88.3621	2
1706.90220	569.97470	3	88.7188	9
1707.39655	854.70555	2	84.3574	4
1707.89080	854.95265	2	93.6636	2
1707.89720	570.30630	3	77.2951	5
1707.97830	854.99645	2	78.8345	2
1707.97960	570.33380	3	78.9577	2
1708.75890	570.59360	3	56.2274	1
1709.98030	571.00070	3	76.0884	2
1710.01880	571.01350	3	80.4208	2
1712.88875	857.45165	2	66.8231	2
1712.93885	571.98690	3	68.9302	2
1714.90080	858.45765	2	62.8023	2
1714.90125	572.64100	3	62.7282	2
1714.90585	858.46020	2	70.8440	2
1717.86585	573.62925	3	72.1259	2
1717.86585	859.94020	2	72.1475	2
1717.90100	859.95780	2	93.9310	1
1720.90450	861.45955	2	77.8046	2
1721.76105	861.88780	2	38.1598	2
1721.86270	861.93860	2	75.1301	2
1722.87355	575.29845	3	75.8280	2
1722.89650	575.30610	3	76.2461	2
1723.02400	575.34860	3	69.8377	2
1723.02545	862.52000	2	69.7749	2
1724.87600	863.44525	2	82.4295	2
1725.82615	863.92035	2	67.1958	2
1725.94860	863.98160	2	86.0928	1
1726.01520	576.34565	3	82.2262	2
1726.93620	576.65265	3	73.7948	2
1728.78945	577.27045	3	63.7446	2
1729.00270	577.34150	3	82.7844	2
1730.75760	577.92645	3	65.0409	2
1730.89515	866.45485	2	73.0855	2
1731.04700	578.02295	3	89.1787	2
1731.88380	866.94920	2	64.9283	1
1733.87425	578.96535	3	75.9255	2
1733.88980	867.95220	2	90.8721	1
1735.81950	434.96220	4	80.4136	1
1735.87950	579.63375	3	78.9713	2
1735.97095	868.99275	2	97.8950	2
1736.84665	579.95615	3	80.6103	2
1736.84770	869.43115	2	80.6044	2
1737.92785	580.31655	3	78.7941	2
1738.80425	870.40940	2	68.7910	2
1738.81945	580.61375	3	60.3535	2
1738.82080	580.61420	3	66.0984	2
1739.84715	580.95630	3	70.4028	2
1739.88490	580.96890	3	68.4658	2
1742.87375	581.96520	3	67.6631	2
1743.80530	872.90995	2	67.9475	2
1743.81100	872.91280	2	51.3818	2
1743.98145	872.99800	2	96.0784	2
1744.90040	582.64070	3	71.6499	1
1745.91430	582.97870	3	74.0531	2
1746.79380	874.40420	2	90.0638	2
1748.87435	583.96540	3	63.2406	2
1749.86520	584.29570	3	62.3018	2
1749.86615	875.94035	2	62.2638	2
1750.01015	584.34395	3	56.5118	2
1750.01220	876.01335	2	56.6086	2
1752.89030	585.30400	3	49.4527	1
1752.98390	585.33525	3	86.5727	2
1752.98860	877.50155	2	86.5092	2
1753.84935	585.62370	3	53.3072	2
1755.86090	878.93770	2	71.1708	2
1755.90470	878.95960	2	90.6973	2
1755.92790	878.97120	2	72.2086	1
1756.88995	586.63725	3	79.6871	2
1756.89065	879.45260	2	79.5799	2
1757.92295	586.98160	3	74.4183	2
1758.79355	880.40405	2	49.6901	2
1758.83320	587.28500	3	77.4966	2
1759.84950	587.62380	3	66.0763	2
1759.91350	880.96400	2	88.6781	1
1760.93905	881.47680	2	88.2031	2
1761.89725	588.30635	3	74.0617	2
1762.84210	882.42835	2	76.4593	2
1763.83425	882.92440	2	62.0747	2
1764.81630	589.27940	3	64.4289	5
1764.99730	589.33970	3	93.0516	1
1765.00440	883.50945	2	92.9796	2
1765.86270	883.93860	2	80.5737	1
1765.88980	883.95220	2	65.8984	2
1766.94995	884.48225	2	84.3970	2
1767.03330	590.01840	3	81.9351	1
1767.82295	590.28160	3	65.0998	2
1767.85510	590.29230	3	89.4110	2
1767.87080	884.94270	2	89.4762	1
1767.97530	590.33240	3	88.9230	1
1768.90240	885.45850	2	80.2192	2
1769.01920	590.68030	3	80.8250	2
1770.00380	886.00920	2	91.7657	2
1770.00570	591.00915	3	74.2816	2
1770.87480	591.29890	3	57.4481	1
1771.91460	591.64550	3	75.8394	1
1772.33510	887.17480	2	77.2943	4
1774.88560	592.63580	3	58.9939	3
1774.88610	888.45030	2	59.0114	2
1776.89660	593.30615	3	67.4356	2
1777.31970	889.66715	2	64.4214	4
1778.99005	594.00395	3	72.3178	2
1778.99140	890.50295	2	72.2526	2
1779.80375	445.95825	4	51.9214	2
1780.40290	594.47490	3	53.9743	4
1782.87505	595.29895	3	76.1129	2
1784.88010	595.96730	3	62.5999	2
1784.88170	893.44815	2	62.6361	2
1784.91655	595.97945	3	55.7411	2
1785.88940	893.95195	2	88.4825	2
1788.91255	597.31145	3	36.2538	2
1789.89070	597.63750	3	97.9737	1
1789.93000	895.97230	2	82.3334	2
1791.84840	598.29010	3	50.3184	1
1792.91035	598.64405	3	62.1410	2
1793.05630	897.53540	2	97.9511	1
1793.87635	897.94545	2	89.8474	2
1793.92255	897.96855	2	84.6120	2
1794.82110	898.41785	2	63.9393	2
1794.98600	898.50025	2	79.7757	2
1796.85495	599.95895	3	74.6004	2
1796.88140	599.96775	3	84.3050	2
1796.96745	599.99640	3	84.8716	2
1796.98100	600.00090	3	71.3129	3
1799.92790	600.98325	3	100.0493	2
1799.92915	900.97185	2	100.0424	2
1800.99880	601.34020	3	82.5740	1
1803.92305	602.31495	3	50.5840	2
1804.86770	602.62985	3	66.2960	2
1804.86820	903.44140	2	66.2414	3
1804.89530	602.63905	3	78.2651	2
1804.97310	602.66500	3	78.7029	3
1804.97520	903.49490	2	79.0312	2
1805.87610	903.94530	2	78.2141	5
1806.03780	603.01990	3	72.2750	1
1809.91345	905.96400	2	73.3907	2
1809.99210	604.33800	3	73.2305	1
1809.99790	906.00625	2	73.5823	2
1813.94705	907.98080	2	83.9421	2
1814.80145	605.94105	3	80.3831	2
1814.97030	605.99740	3	66.5752	2
1815.92215	908.96835	2	86.6115	2
1815.94135	606.32105	3	72.6374	2
1817.86270	606.96150	3	70.0031	2
1817.90090	606.97420	3	50.2712	2
1820.91270	607.97820	3	79.3711	2
1821.05820	911.53640	2	84.4565	1
1821.06285	608.02825	3	84.2681	2
1821.84730	608.28970	3	80.7955	2
1821.89720	608.30635	3	53.6780	2
1823.89230	608.97140	3	84.0950	1
1823.90645	608.97610	3	68.7049	2
1825.86475	913.93965	2	56.1107	2
1825.86700	609.62960	3	56.0280	3
1825.89630	913.95540	2	67.5900	2
1827.93935	610.32035	3	74.2691	2
1827.96850	610.33010	3	65.9800	2
1827.96955	914.99205	2	65.9483	2
1828.80090	458.20750	4	59.0550	1
1828.91150	915.46305	2	84.4741	2
1828.95315	915.48385	2	73.8921	2
1832.00870	611.67685	3	73.0200	2
1832.86560	917.44010	2	82.0094	2
1832.91750	611.97980	3	76.6810	2
1832.92750	611.98310	3	61.3072	2
1833.93875	917.97665	2	80.5509	2
1833.96560	612.32910	3	88.2147	2
1835.79770	612.93985	3	60.0982	2
1836.04805	613.02330	3	73.8515	2
1838.11380	460.53575	4	74.3085	2
1838.95665	613.99285	3	64.4042	2
1839.99495	614.33890	3	64.8743	2
1841.01660	921.51555	2	70.5257	2
1841.01685	614.67955	3	70.5894	2
1841.85810	614.96000	3	50.1375	2
1842.93170	615.31785	3	66.2385	2
1842.97320	615.33165	3	72.1174	2
1843.99380	923.00420	2	83.1429	1
1844.89115	615.97100	3	63.6092	2
1844.91280	615.97820	3	67.8863	2
1845.99030	924.00245	2	86.6086	2
1845.99140	616.33775	3	86.4333	2
1846.79230	924.40345	2	72.5446	2
1846.93685	924.47570	2	75.4348	2
1846.97145	924.49300	2	85.2966	2
1846.97340	616.66510	3	85.5253	1
1849.96425	617.66205	3	85.9791	2
1851.89480	618.30550	3	82.0415	2
1852.02075	927.01765	2	83.5033	2
1853.92845	618.98340	3	61.5662	2
1854.93245	928.47350	2	92.5122	2
1856.85790	619.95990	3	55.5400	1
1856.88220	929.44835	2	83.1655	2
1859.94315	930.97885	2	73.0227	2
1860.94580	621.32255	3	89.3046	2
1860.94965	931.48210	2	89.3122	2
1860.99840	621.34005	3	76.0739	2
1861.98875	621.67020	3	83.4451	2
1862.81855	621.94680	3	60.7502	2
1862.87255	932.44355	2	87.3871	2
1863.99390	622.33860	3	88.6984	2
1864.88380	622.63520	3	73.4600	2
1867.84295	623.62160	3	54.6113	2
1868.83285	935.42370	2	64.1822	2
1868.83340	623.95170	3	64.2707	1
1872.89680	625.30620	3	54.3319	2
1873.94700	625.65630	3	76.5201	2
1875.87270	626.29820	3	71.4655	1
1880.97775	627.99985	3	63.4049	2
1881.02775	628.01655	3	80.2251	2
1882.97820	942.49640	2	71.7305	2
1883.88130	628.96770	3	76.3047	2
1883.88250	942.94855	2	76.2343	2
1884.87630	629.29940	3	67.4934	1
1885.87165	943.94310	2	66.3340	2
1885.91610	943.96530	2	84.4651	2
1885.91995	629.64725	3	84.5114	2
1886.90155	944.45805	2	69.4898	2
1886.90275	629.97485	3	69.3933	2
1888.00245	630.34140	3	81.7770	2
1890.93850	631.32010	3	70.3941	2
1890.94775	631.32320	3	74.6998	2
1892.06545	947.04000	2	83.4278	2
1893.94630	474.49385	4	57.1022	2
1893.96060	947.98760	2	85.8890	1
1893.97950	632.33380	3	58.9295	2
1899.87900	950.94680	2	70.9488	2
1899.98410	634.33530	3	62.8797	1
1902.89815	952.45635	2	80.2589	2
1903.93365	635.65180	3	78.0479	2
1904.96890	953.49170	2	77.7279	1
1904.96960	635.99715	3	75.4664	2
1904.97355	953.49405	2	75.5526	2
1909.97895	478.50200	4	71.6063	2
1909.98170	637.66780	3	71.6611	1
1909.99530	637.67240	3	76.1481	2
1910.17235	637.73140	3	79.6524	2
1911.99970	638.34050	3	81.8706	2
1912.00020	957.00740	2	81.8402	2
1912.91310	638.64495	3	33.5596	2
1912.99065	638.67085	3	74.4545	2
1913.09980	638.70720	3	71.2576	2
1914.97930	639.33370	3	69.3013	2
1915.05195	479.77030	4	75.0023	2
1918.85390	640.62520	3	47.5176	2
1919.77260	640.93150	3	40.4320	1
1920.99975	641.34050	3	82.8347	2
1921.93720	961.97585	2	96.1219	2
1923.88930	962.95190	2	79.2368	1
1923.96140	642.32770	3	72.9448	1
1924.02205	642.34795	3	78.5542	2
1926.99715	643.33965	3	90.1408	2
1930.94500	644.65560	3	83.5119	2
1932.83780	645.28650	3	58.1762	2
1932.84030	967.42740	2	58.2910	1
1933.08560	967.55010	2	87.0629	1
1934.08400	645.70190	3	87.0516	1
1935.07855	646.03345	3	79.3099	2
1935.93225	646.31805	3	65.8599	2
1937.92550	969.97000	2	88.3301	1
1937.92570	646.98250	3	92.2760	1
1937.93265	969.97360	2	92.1472	2
1937.94540	646.98905	3	79.0493	2
1938.95540	970.48500	2	80.2510	1
1939.01850	647.34675	3	75.1300	2
1941.88160	648.30110	3	58.0107	1
1942.04275	648.35485	3	76.6485	2
1942.47605	648.49930	3	85.5030	2
1942.84110	648.62100	3	61.1166	1
1942.96950	972.49205	2	86.4272	2
1943.94190	648.98790	3	74.3158	1
1944.98255	649.33480	3	66.9765	2
1945.89370	649.63850	3	66.6022	1
1947.98635	650.33605	3	80.5509	2
1947.98660	975.00055	2	80.5417	2
1950.98105	651.33430	3	71.9863	2
1951.98925	977.00190	2	87.7869	2
1951.99150	651.67110	3	71.4983	1
1954.89680	978.45570	2	81.2125	2
1955.93960	652.98715	3	59.4392	2
1956.05825	653.02670	3	81.6262	2
1956.90090	653.30760	3	66.3855	1
1956.99180	979.50320	2	75.8534	2
1961.03740	981.52600	2	87.9554	1
1961.03830	981.52640	2	87.9846	1
1961.04670	654.68950	3	88.0225	2
1963.05130	655.35770	3	75.5331	2
1966.93725	656.65300	3	74.8892	2
1970.07080	657.69750	3	77.3324	1
1970.98295	658.00160	3	60.9945	2
1973.06725	494.27410	4	60.0104	2
1976.01730	989.01590	2	94.8098	2
1978.89860	660.64015	3	36.2789	2
1979.03245	660.68475	3	87.2053	2
1984.02640	662.34940	3	79.4151	1
1984.02930	993.02190	2	79.3391	2
1985.95800	993.98630	2	72.9494	2
1988.04570	663.68920	3	71.2375	2
1989.02525	664.01565	3	74.2050	2
1992.02530	997.01990	2	92.5197	1
1992.05865	665.02680	3	79.6811	2
1994.00785	998.01120	2	93.4995	2
2001.00110	668.00765	3	83.7771	2
2002.98700	668.66960	3	67.5247	1
2003.03420	668.68535	3	88.7533	2
2003.03495	1002.52475	2	88.8573	2
2004.09035	669.03735	3	78.9292	2
2009.03585	670.68590	3	58.6033	2
2009.08580	670.70250	3	76.8419	2
2009.99940	671.00705	3	91.8253	2
2010.00155	1006.00805	2	91.7891	2
2016.99220	1009.50335	2	79.9619	2
2019.06520	674.02900	3	93.8754	1
2026.12525	676.38235	3	85.5881	2
2026.12585	1014.07020	2	85.4695	2
2027.05810	676.69330	3	87.1943	1
2031.02900	678.01690	3	87.2789	1
2033.06220	678.69465	3	72.5705	2
2035.86180	679.62790	3	57.7947	1
2037.04285	680.02155	3	65.3126	2
2041.07755	681.36645	3	79.7816	2
2041.97640	681.66605	3	72.5089	2
2043.01095	1022.51275	2	82.1271	2
2043.01235	682.01140	3	81.9764	2
2047.98250	683.66810	3	48.0478	2
2048.05405	1025.03430	2	95.0750	2
2048.95920	683.99370	3	76.1994	2
2049.04270	684.02150	3	86.7553	1
2058.07520	1030.04490	2	96.7942	1
2059.00675	687.34285	3	76.9976	2
2059.92920	687.65030	3	67.6741	2
2060.06470	687.69550	3	86.4222	1
2064.96105	1033.48780	2	84.1738	2
2067.99170	690.33785	3	68.8021	2
2070.95935	1036.48695	2	72.2110	2
2072.12410	691.71530	3	87.6118	2
2073.10425	692.04205	3	76.4274	2
2075.07760	692.69980	3	71.8819	1
2076.04955	693.02380	3	67.3851	2
2078.06675	693.69620	3	78.4592	2
2079.02540	694.01570	3	73.8747	1
2080.10265	521.03295	4	70.3767	2
2080.10425	694.37535	3	70.6599	2
2086.04005	1044.02730	2	88.2368	2
2092.08570	698.36915	3	73.8454	2
2093.11430	1047.56440	2	79.8321	1
2093.98300	1047.99875	2	85.7006	2
2093.98440	699.00210	3	85.7828	1
2094.94385	699.32190	3	51.3877	2
2095.00500	699.34230	3	69.1579	2
2104.07105	1053.04280	2	72.7622	2
2104.56505	702.52895	3	73.4228	4
2106.94870	703.32350	3	67.2150	1
2114.12820	705.71665	3	94.8902	2
2119.05370	707.35850	3	63.9332	2
2126.14160	709.72110	3	77.4751	1
2126.14310	1064.07885	2	77.4616	2
2131.17935	711.40040	3	83.3251	2
2136.95560	713.32580	3	76.2001	1
2137.12260	713.38150	3	70.0145	2
2143.09165	715.37115	3	81.3911	2
2148.10940	717.04370	3	61.4682	1
2156.01405	719.67860	3	65.5744	2
2169.12250	724.04810	3	76.1042	2
2170.03065	724.35085	3	75.9474	2
2180.98200	728.00130	3	66.7277	1
2181.13830	728.05335	3	80.3652	2
2181.14120	1091.57790	2	80.3561	2
2190.06670	731.02950	3	74.6410	2
2190.06770	1096.04115	2	74.5688	2
2201.11850	734.71345	3	73.3187	2
2205.01365	736.01180	3	71.5337	2
2205.09890	736.04020	3	98.9212	1
2205.10255	1103.55855	2	98.7374	2
2227.05340	1114.53400	2	55.3713	2
2227.05395	743.35860	3	55.3654	2
2236.11310	746.37830	3	85.4190	2
2240.18105	1121.09780	2	84.6792	2
2250.01925	751.01370	3	46.3634	2
2269.26050	757.42745	3	82.9024	2
2279.05930	760.69370	3	68.6707	2
2282.08275	761.70150	3	63.9945	2
2291.01740	764.67970	3	67.2855	2
2291.01990	1146.51720	2	67.2578	2
2295.09315	766.03830	3	79.7210	2
2297.12485	766.71555	3	69.9408	2
2323.19950	1162.60700	2	85.1236	1
2323.29500	775.43890	3	89.1611	1
2376.10080	793.04090	3	51.5862	1
2379.16300	794.06160	3	62.9768	1
2379.16450	595.79840	4	62.8850	2
2387.14700	796.72290	3	85.3219	1
2389.99070	797.67085	3	61.9122	2
2391.18520	1196.59990	2	95.2210	2
2391.18650	798.06940	3	95.3632	1
2401.30325	801.44170	3	81.9401	2
2404.07420	802.36530	3	71.3187	1
2407.22660	803.41610	3	76.0317	1
2416.24135	806.42105	3	84.3356	2
2427.24240	607.81790	4	60.7878	1
2435.25510	812.75900	3	65.5442	2
2460.19480	821.07220	3	85.4140	1
2525.30065	842.77415	3	85.9096	2
2532.23500	845.08560	3	74.1126	2
2549.47195	850.83125	3	83.2497	2
2549.96420	638.49830	4	84.2046	4
2589.27235	864.09805	3	70.9876	2
2620.21500	656.06100	4	65.1836	1
2804.28015	935.76735	3	77.2397	2
2858.48100	953.83430	3	91.0918	1
3208.56310	803.14805	4	70.4624	2
