mono_mass	mz	charge	rt	n_psm
798.41220	400.21340	2	40.2748	1
798.48500	400.24980	2	59.1176	3
798.49030	400.25240	2	34.9329	1
799.45555	400.73505	2	50.6132	2
800.43915	401.22685	2	45.4193	2
800.43970	401.22710	2	42.0205	2
800.45465	401.23460	2	52.6379	2
801.43570	401.72515	2	38.7485	2
801.46000	401.73730	2	46.4347	1
801.53190	401.77325	2	46.6221	2
802.38610	402.20030	2	40.6843	2
802.49795	402.25625	2	63.4705	2
805.44480	403.72970	2	52.9008	1
806.39590	404.20520	2	39.5678	1
806.41785	404.21620	2	72.9362	2
806.45400	404.23430	2	51.6070	1
806.45450	404.23455	2	61.9685	2
807.41275	404.71365	2	41.8723	2
808.36245	405.18850	2	38.8377	2
808.43820	405.22640	2	38.3538	2
811.35610	406.68535	2	39.4340	2
811.49150	406.75300	2	50.9253	2
812.42290	407.21875	2	44.4032	2
812.43915	407.22685	2	41.7740	2
812.47605	407.24530	2	61.3158	2
812.48690	407.25075	2	46.2716	2
812.51150	407.26305	2	50.5205	2
813.43690	407.72575	2	35.7787	2
814.43735	408.22595	2	42.3065	2
814.45440	408.23450	2	36.5524	2
814.45570	408.23520	2	52.9860	1
814.51640	408.26545	2	60.2481	2
815.43900	408.72680	2	40.6508	2
815.45670	408.73560	2	44.3076	1
815.46835	408.74145	2	58.1841	2
815.47610	408.74530	2	43.9704	3
815.47940	408.74700	2	47.8827	1
815.49720	408.75585	2	40.0603	2
815.51115	408.76285	2	47.7754	2
816.44960	409.23205	2	68.1954	2
816.47125	409.24290	2	39.5061	2
817.42940	409.72200	2	36.9190	2
817.44755	409.73105	2	35.6253	2
817.48160	409.74810	2	68.6980	1
818.44055	410.22755	2	54.0675	2
818.49025	410.25240	2	75.8058	2
819.39420	410.70440	2	36.8637	2
819.43065	410.72260	2	64.6905	2
820.43450	411.22455	2	40.7601	2
820.46980	411.24220	2	47.0922	2
820.48800	411.25130	2	73.5070	2
821.44670	411.73060	2	35.6847	2
822.39145	412.20300	2	33.3247	4
822.42470	412.21960	2	38.8741	2
823.42715	412.72085	2	56.2035	2
823.44380	412.72920	2	46.6768	1
824.54935	413.28195	2	73.0281	2
826.43760	414.22610	2	43.2294	1
826.45570	414.23510	2	49.5841	1
826.49150	414.25300	2	43.8721	2
826.52790	414.27120	2	71.4050	2
826.52890	414.27175	2	51.1793	2
827.48615	414.75035	2	50.2420	2
827.49710	414.75580	2	39.7471	2
828.41655	415.21555	2	33.1634	2
828.47460	415.24460	2	40.7398	1
828.50760	415.26110	2	52.7538	1
829.44825	415.73140	2	41.8239	2
829.45660	415.73560	2	47.4915	1
829.46450	415.73950	2	36.6938	1
829.46540	415.74000	2	36.7915	1
829.49145	415.75300	2	57.2243	2
829.50270	415.75870	2	38.9368	2
830.45210	416.23340	2	42.0439	1
831.47010	416.74230	2	37.3754	2
831.47010	416.74240	2	50.0813	1
831.49650	416.75550	2	71.7094	2
831.49725	416.75590	2	63.7803	2
832.39260	417.20355	2	36.3227	2
832.41230	417.21350	2	44.3661	1
832.92960	417.47210	2	46.6552	4
833.43260	417.72360	2	46.4996	1
834.43460	418.22460	2	39.8272	2
835.41090	418.71270	2	48.4866	1
835.44440	418.72950	2	44.9554	2
836.39095	419.20275	2	42.4531	2
836.40055	419.20755	2	42.9980	2
836.44085	419.22770	2	57.8561	2
836.44110	419.22785	2	45.0869	2
837.40195	419.70825	2	49.4400	2
837.40640	419.71045	2	55.7010	2
838.41780	420.21615	2	39.3323	2
839.42980	420.72215	2	56.4891	2
839.58400	420.79925	2	75.0084	2
840.47000	421.24230	2	50.0603	1
840.47010	421.24240	2	50.0244	1
840.47045	421.24250	2	44.5533	2
840.54325	421.27890	2	76.7103	2
840.54345	421.27900	2	61.2930	2
841.46595	421.74025	2	42.5721	2
841.49100	421.75280	2	56.2212	1
841.49310	421.75385	2	52.8219	2
842.46190	422.23820	2	41.6692	3
842.48625	422.25040	2	43.9812	2
842.48665	422.25060	2	40.4124	2
842.52275	422.26865	2	72.7816	2
842.52630	422.27040	2	50.7260	1
842.53400	422.27430	2	36.7040	2
843.45320	422.73390	2	41.1445	1
843.47240	422.74350	2	41.5929	1
843.48200	422.74825	2	46.3209	2
843.54265	422.77860	2	64.9126	2
844.45560	423.23505	2	55.3891	2
844.46495	423.23980	2	37.5173	2
845.46125	423.73790	2	39.5035	2
845.46175	423.73815	2	45.8494	2
845.46475	423.73965	2	69.1149	2
845.51255	423.76355	2	66.8980	2
845.53790	423.77620	2	78.1920	2
846.42980	424.22220	2	44.6212	3
846.44860	424.23160	2	62.6258	2
847.42530	424.72000	2	33.1871	1
847.44410	424.72935	2	42.4528	2
847.48045	424.74750	2	47.1549	2
848.43900	425.22680	2	43.5391	2
848.44040	425.22750	2	54.1964	1
848.44305	425.22880	2	38.6817	2
849.42080	425.71765	2	48.3094	2
849.44175	425.72815	2	53.9837	2
850.35630	426.18540	2	39.8486	1
850.45415	426.23435	2	48.0074	2
850.50255	426.25855	2	41.6003	2
851.40220	426.70840	2	37.6435	2
851.42195	426.71825	2	47.3461	2
851.43900	426.72675	2	39.0956	2
853.36120	427.68790	2	39.0512	1
854.43990	428.22720	2	58.4282	1
854.45975	428.23715	2	41.7470	2
855.54350	428.77900	2	55.0300	1
856.43350	429.22405	2	66.0797	2
856.44785	429.23120	2	67.2130	2
856.46940	429.24195	2	51.4688	2
856.48220	429.24840	2	47.2998	1
856.51320	429.26390	2	49.7826	1
856.51370	429.26410	2	49.8182	1
856.51510	429.26485	2	47.4038	2
856.53790	429.27625	2	59.1872	2
857.44030	429.72740	2	41.5481	2
857.46125	429.73790	2	41.9672	2
857.46270	429.73865	2	44.3081	2
857.49570	429.75515	2	47.9508	2
857.49720	429.75590	2	56.3990	1
857.49720	429.75590	2	56.4222	1
858.45570	430.23510	2	46.0215	2
858.46985	430.24225	2	45.3383	2
858.48120	430.24785	2	34.9234	2
859.43990	430.72720	2	41.8374	1
859.46500	430.73975	2	40.1158	2
859.50135	430.75795	2	40.8380	2
860.42380	431.21920	2	38.2079	2
860.44130	431.22790	2	46.8809	1
860.45980	431.23720	2	35.6021	1
860.46785	431.24120	2	48.9697	4
861.44375	431.72915	2	46.1444	2
861.50735	431.76100	2	77.4426	2
861.53240	431.77350	2	51.9236	1
862.38590	432.20020	2	41.0747	2
862.41735	432.21595	2	38.5592	2
863.45085	432.73270	2	37.1226	2
863.45315	432.73385	2	50.7132	2
864.42055	433.21755	2	51.2656	2
864.43445	433.22450	2	54.1073	2
864.50720	433.26090	2	65.7283	2
865.41750	433.71600	2	37.5714	1
865.50200	433.75830	2	38.0448	1
866.41520	434.21490	2	42.1859	1
866.45725	434.23590	2	77.2622	2
866.49765	434.25610	2	44.5199	2
867.39635	434.70545	2	39.6115	2
867.41555	434.71510	2	51.5603	2
867.43410	434.72430	2	40.9964	1
868.45875	435.23665	2	40.1431	2
868.51295	435.26375	2	34.3724	2
869.49405	435.75430	2	36.6116	2
869.53290	435.77375	2	61.5032	2
869.53330	435.77395	2	53.8267	2
869.55900	435.78680	2	68.8179	2
870.43895	436.22675	2	36.0117	2
870.44960	436.23205	2	56.1410	2
870.48090	436.24770	2	44.4781	1
870.48520	436.24990	2	37.8166	1
870.51765	436.26610	2	59.4885	2
870.55500	436.28475	2	52.8261	2
871.45165	436.73310	2	42.6383	2
871.53805	436.77630	2	60.9457	2
872.46950	437.24200	2	37.9899	1
872.47495	437.24475	2	41.8118	2
872.49640	437.25545	2	44.0073	2
872.51000	437.26230	2	45.3282	1
872.51535	437.26495	2	65.5713	2
873.47440	437.74450	2	51.9715	1
873.47520	437.74490	2	51.9476	1
873.48220	437.74835	2	47.6226	2
873.49620	437.75535	2	69.2839	2
874.43395	438.22425	2	46.5222	2
874.45940	438.23700	2	51.2329	2
874.46635	438.24045	2	44.8942	2
874.46950	438.24200	2	38.0716	2
875.52270	438.76865	2	62.6166	2
876.41220	439.21335	2	41.4130	2
876.43760	439.22605	2	49.4972	2
876.47955	439.24705	2	55.4888	2
876.49595	439.25525	2	69.6513	2
876.96730	439.49095	2	51.7551	4
877.45375	439.73415	2	39.3606	2
877.45540	439.73500	2	66.9447	1
877.46610	439.74030	2	44.5761	1
877.46630	439.74045	2	46.6458	2
877.46640	439.74045	2	51.0668	2
877.50955	439.76205	2	71.8763	2
877.52740	439.77100	2	70.9399	2
878.43200	440.22330	2	49.3275	2
878.48630	440.25045	2	56.3461	2
878.48700	440.25080	2	51.8154	1
879.39630	440.70540	2	43.4751	1
879.39735	440.70595	2	37.0069	2
880.41365	441.21410	2	40.6634	2
880.42995	441.22225	2	45.0345	2
880.54950	441.28205	2	54.7677	2
881.47095	441.74275	2	34.8053	2
881.51480	441.76470	2	56.6890	1
882.52760	442.27105	2	41.2714	2
883.47530	442.74490	2	49.1897	1
883.51240	442.76350	2	41.5829	1
883.53800	442.77625	2	60.2833	2
883.53820	442.77640	2	52.5279	1
884.43940	443.22700	2	45.8729	2
884.50630	443.26050	2	51.5525	1
884.50960	443.26210	2	49.3174	3
884.54460	443.27960	2	55.8017	2
884.56995	443.29225	2	76.0530	2
884.57050	443.29250	2	60.9982	1
885.42365	443.71910	2	40.9152	2
885.44490	443.72980	2	37.0482	1
885.48925	443.75190	2	37.7062	2
885.49180	443.75315	2	52.8244	2
885.55410	443.78430	2	66.7373	2
886.48675	444.25065	2	44.2224	2
886.51240	444.26350	2	49.4951	1
887.45965	444.73710	2	38.5278	2
888.45525	445.23490	2	36.4398	2
888.46640	445.24050	2	40.1342	1
889.45895	445.73675	2	52.4237	2
889.46610	445.74030	2	49.6998	2
889.47715	445.74585	2	43.1482	2
889.48505	445.74980	2	72.1634	2
890.47775	446.24615	2	73.6317	2
890.48680	446.25070	2	48.1286	1
890.50375	446.25915	2	46.8841	2
891.44470	446.72965	2	50.5504	2
891.44875	446.73165	2	48.2528	2
891.48140	446.74795	2	64.4306	2
891.50655	446.76055	2	68.3630	2
892.44015	447.22735	2	42.1505	2
892.48490	447.24975	2	78.8407	2
893.45085	447.73270	2	44.8205	2
893.46070	447.73770	2	47.3257	3
893.50780	447.76120	2	39.7630	1
893.60625	447.81040	2	77.6553	2
894.50370	448.25910	2	33.6209	2
895.44715	448.73085	2	61.4742	2
895.46500	448.73980	2	43.0858	2
895.48050	448.74750	2	78.5952	1
895.48100	448.74780	2	64.7739	1
896.40210	449.20830	2	35.1183	1
896.53295	449.27375	2	56.3200	2
896.58080	449.29770	2	74.6616	1
897.40545	449.71000	2	68.4914	2
897.47440	449.74445	2	47.1829	2
897.50320	449.75890	2	36.2239	2
898.40765	450.21110	2	67.7705	2
898.48650	450.25055	2	37.7066	2
898.49025	450.25240	2	46.4996	2
898.54860	450.28160	2	68.7281	2
898.56080	450.28765	2	57.0410	2
899.43820	450.72640	2	55.0981	2
899.45015	450.73235	2	42.5785	2
899.51490	450.76470	2	61.8548	2
899.54380	450.77920	2	35.8514	1
900.46645	451.24050	2	43.3346	2
900.49230	451.25340	2	54.3518	1
900.50235	451.25850	2	51.9643	2
900.53945	451.27700	2	45.6649	2
901.41175	451.71315	2	50.6202	2
901.43320	451.72390	2	41.1850	2
901.47705	451.74580	2	60.4692	2
901.48685	451.75070	2	35.8952	2
901.52720	451.77090	2	77.1972	2
902.41345	452.21400	2	49.1945	2
902.48070	452.24760	2	41.7289	2
902.50705	452.26080	2	47.8536	2
903.48185	452.74820	2	54.4649	2
903.53045	452.77250	2	44.2566	2
903.54285	452.77870	2	70.8353	2
904.44355	453.22905	2	32.9157	2
905.45260	453.73360	2	45.6249	1
905.45340	453.73400	2	67.0479	1
905.45350	453.73410	2	45.6592	1
905.46150	453.73810	2	34.6189	1
906.46840	454.24150	2	34.0421	2
906.51725	454.26590	2	49.7304	2
907.44080	454.72770	2	53.9093	1
907.45315	454.73385	2	39.4197	2
907.50180	454.75820	2	56.6530	3
908.43145	455.22300	2	51.0226	2
908.49760	455.25610	2	83.4346	1
908.50700	455.26080	2	56.5067	1
908.53330	455.27390	2	42.9104	2
908.56885	455.29170	2	58.7341	2
909.42590	455.72020	2	46.4243	2
909.47530	455.74490	2	72.4753	2
911.38005	456.69730	2	36.4697	2
911.47510	456.74485	2	62.5022	2
911.48990	456.75225	2	45.1839	2
911.58095	456.79775	2	59.7764	2
912.54595	457.28025	2	44.5000	2
912.56520	457.28985	2	66.1695	2
913.44950	457.73205	2	43.6524	4
913.48675	457.75065	2	48.8118	2
913.50870	457.76165	2	35.4257	2
913.54765	457.78110	2	55.3338	2
913.55955	457.78705	2	41.5018	2
914.50720	458.26090	2	42.7259	2
914.51860	458.26655	2	47.7978	2
915.44620	458.73035	2	39.1678	2
915.46625	458.74040	2	44.1370	2
915.50720	458.76090	2	34.7328	2
915.52100	458.76780	2	51.3275	2
915.52140	458.76800	2	76.9603	2
915.53925	458.77690	2	37.7647	2
916.48625	459.25040	2	43.0782	2
916.49800	459.25625	2	39.8483	2
917.46640	459.74050	2	37.2069	1
917.47330	459.74390	2	36.9364	2
917.47920	459.74690	2	40.2925	2
917.48140	459.74800	2	42.3190	1
918.42790	460.22120	2	34.9629	1
918.44930	460.23190	2	81.7715	2
918.48420	460.24940	2	55.0654	2
918.49190	460.25325	2	65.7823	2
918.51785	460.26620	2	58.6158	2
918.51815	460.26635	2	64.7821	2
919.40430	460.70945	2	35.2773	2
919.40690	460.71075	2	63.0146	2
919.46870	460.74160	2	53.9558	3
919.51125	460.76290	2	54.3623	2
919.51290	460.76375	2	48.3715	2
919.51520	460.76490	2	59.0005	2
919.52040	460.76750	2	66.5852	2
920.49635	461.25545	2	48.5866	2
920.50850	461.26150	2	43.8689	1
921.44500	461.72980	2	42.7133	2
921.44570	461.73010	2	39.7938	2
921.45420	461.73440	2	42.3872	1
921.46670	461.74060	2	38.1806	1
922.43960	462.22710	2	51.3577	2
922.45060	462.23260	2	40.6143	1
922.47685	462.24570	2	49.2637	2
923.43485	462.72470	2	45.5555	2
923.47270	462.74360	2	42.8493	2
923.53370	462.77410	2	60.8187	1
923.58080	462.79770	2	80.0283	1
924.43795	463.22625	2	49.6192	2
924.53975	463.27715	2	53.9455	2
924.56450	463.28950	2	56.8952	2
925.47040	463.74250	2	81.2412	2
925.49750	463.75600	2	45.4138	1
926.51865	464.26660	2	41.0662	2
926.55480	464.28470	2	32.9409	2
926.58030	464.29745	2	61.9145	2
926.59055	464.30255	2	63.1600	2
927.37540	464.69500	2	31.6639	2
927.44450	464.72955	2	47.9818	2
927.56400	464.78925	2	84.7636	2
928.45425	465.23440	2	51.9530	2
928.51760	465.26610	2	43.9754	1
928.52360	465.26910	2	49.8004	2
928.53445	465.27450	2	51.3841	2
928.55890	465.28670	2	64.4658	2
928.56105	465.28780	2	58.5959	2
929.44670	465.73065	2	34.5660	2
929.45725	465.73590	2	32.2454	2
929.47340	465.74400	2	51.6171	1
929.48065	465.74760	2	39.2382	2
929.50670	465.76060	2	56.4595	2
929.51270	465.76365	2	49.9117	2
929.51805	465.76630	2	42.9303	2
929.51855	465.76655	2	38.4972	2
929.51870	465.76660	2	44.9724	2
930.42335	466.21895	2	62.6260	2
930.46675	466.24065	2	37.6152	2
930.47755	466.24605	2	43.8519	2
930.51250	466.26350	2	44.7261	1
930.51660	466.26555	2	66.3642	2
930.53900	466.27675	2	40.4502	2
931.44295	466.72875	2	30.5483	2
931.47020	466.74235	2	38.4241	2
931.48610	466.75035	2	50.2223	2
931.50190	466.75820	2	57.3175	2
931.51260	466.76355	2	59.3968	2
931.53370	466.77415	2	69.5299	2
932.44445	467.22950	2	35.5347	2
932.46325	467.23895	2	40.9339	2
932.54590	467.28025	2	44.3465	2
933.43805	467.72630	2	33.4945	2
933.45565	467.73510	2	39.4404	2
933.46670	467.74060	2	52.4470	1
933.48260	467.74860	2	53.0678	2
933.50380	467.75920	2	53.7892	2
933.52880	467.77170	2	57.9151	2
933.53970	467.77710	2	35.0193	2
934.41765	468.21610	2	41.9343	2
934.45020	468.23240	2	41.2358	2
934.48350	468.24900	2	44.8817	1
934.48570	468.25010	2	44.9071	1
934.48665	468.25060	2	56.5263	2
934.48725	468.25090	2	35.8258	2
934.51260	468.26360	2	51.6174	2
934.51315	468.26385	2	60.0831	2
934.52355	468.26905	2	61.2052	2
935.40210	468.70830	2	28.5477	1
935.47055	468.74255	2	46.6794	2
935.48435	468.74945	2	45.4595	2
937.41480	469.71470	2	37.0119	2
937.48710	469.75085	2	42.5503	2
937.51100	469.76275	2	59.1868	2
938.43470	470.22465	2	39.9078	2
939.46425	470.73940	2	34.8789	2
939.48175	470.74815	2	82.1050	2
939.51340	470.76395	2	34.3773	2
939.53930	470.77690	2	54.9708	1
939.54990	470.78220	2	57.4003	2
939.56445	470.78950	2	82.3524	2
940.44380	471.22920	2	46.9403	2
940.48140	471.24800	2	36.2847	1
940.52650	471.27055	2	63.5592	2
940.53485	471.27470	2	36.8988	2
941.43400	471.72430	2	40.5934	2
941.46360	471.73910	2	51.4633	1
941.57970	471.79710	2	68.5565	2
941.60655	471.81055	2	81.3970	2
942.48830	472.25145	2	45.4545	2
942.50220	472.25835	2	38.3601	2
942.51285	472.26370	2	45.1225	2
942.53740	472.27600	2	50.4344	2
943.48795	472.75125	2	45.7362	2
943.51560	472.76505	2	49.5269	4
944.43205	473.22330	2	65.2209	2
944.47370	473.24420	2	56.6999	1
944.49215	473.25335	2	44.6992	2
944.50390	473.25920	2	32.7339	1
944.51220	473.26340	2	65.6908	1
944.51810	473.26630	2	47.1221	2
944.55450	473.28455	2	56.2261	2
944.56980	473.29220	2	80.8959	1
945.45985	473.73720	2	78.7536	2
945.51270	473.76365	2	42.5410	2
945.54975	473.78215	2	60.3033	2
946.50930	474.26190	2	39.4029	2
946.50935	474.26195	2	36.8988	2
946.51365	474.26410	2	47.5276	2
946.52780	474.27120	2	71.4354	2
946.53685	474.27570	2	40.3248	2
946.54925	474.28190	2	76.2538	2
947.43480	474.72465	2	40.5735	2
947.46640	474.74050	2	34.2024	1
947.47500	474.74480	2	33.1243	2
947.51520	474.76490	2	73.3172	2
948.46645	475.24055	2	54.2475	2
948.46650	475.24050	2	46.0899	2
948.61280	475.31365	2	58.5589	2
949.48690	475.75070	2	55.6732	2
949.49150	475.75305	2	88.5190	2
949.50600	475.76030	2	79.1712	2
949.52220	475.76840	2	49.1635	1
949.52725	475.77090	2	81.5438	2
950.45310	476.23385	2	51.4656	2
950.48120	476.24785	2	50.4269	2
950.48125	476.24790	2	48.1673	2
950.48580	476.25015	2	75.4289	2
950.50105	476.25780	2	61.0814	2
950.50695	476.26080	2	53.2055	2
951.51810	476.76630	2	82.1101	2
952.45075	477.23265	2	44.8869	2
952.50370	477.25910	2	55.1204	1
952.53485	477.27475	2	44.3074	2
954.44495	478.22975	2	53.8191	2
955.53370	478.77410	2	64.5020	2
956.50420	479.25935	2	40.4833	2
956.51715	479.26585	2	39.1376	2
956.52910	479.27180	2	48.3848	2
956.52940	479.27200	2	45.9382	2
956.52965	479.27210	2	54.7004	2
956.53690	479.27570	2	68.2820	2
956.57925	479.29690	2	79.6984	2
957.48920	479.75190	2	34.7147	3
957.51480	479.76470	2	49.3475	1
957.53525	479.77490	2	34.0156	2
957.59680	479.80565	2	49.4162	2
958.47400	480.24430	2	43.0030	2
958.48735	480.25095	2	57.9971	2
958.50190	480.25825	2	58.2319	2
959.50810	480.76130	2	43.1398	2
959.52995	480.77225	2	44.4771	2
959.53235	480.77345	2	70.7806	2
959.55545	480.78500	2	59.4655	2
959.58145	480.79800	2	85.8020	2
960.44915	481.23185	2	37.5830	2
960.46215	481.23835	2	33.6207	2
960.47575	481.24515	2	43.7010	2
960.51105	481.26280	2	41.2892	2
960.53080	481.27265	2	59.0122	2
960.53895	481.27675	2	63.1880	2
962.47025	482.24240	2	47.9227	2
962.50800	482.26130	2	63.9919	2
962.51830	482.26640	2	56.7796	1
962.53835	482.27645	2	88.3755	2
963.44580	482.73015	2	56.0832	2
963.50125	482.75790	2	42.2061	2
963.50595	482.76025	2	36.9369	2
963.55500	482.78480	2	76.7997	2
964.46105	483.23785	2	40.2462	2
964.47215	483.24335	2	35.3400	2
964.48030	483.24740	2	71.1607	2
964.49820	483.25640	2	44.9121	2
964.52285	483.26870	2	55.6375	2
965.44425	483.72940	2	43.2704	2
965.44550	483.73005	2	54.1284	2
965.45950	483.73700	2	39.7375	2
965.48220	483.74840	2	62.2383	2
965.62710	483.82080	2	84.6335	1
966.46435	484.23945	2	43.4778	2
966.46745	484.24100	2	38.7799	2
966.49270	484.25365	2	77.0299	2
966.52490	484.26970	2	48.6611	3
967.47940	484.74700	2	59.3719	2
967.52050	484.76750	2	31.4191	1
967.52470	484.76960	2	49.0373	1
967.58170	484.79810	2	58.2013	1
968.44455	485.22955	2	42.0942	2
968.52875	485.27165	2	50.2134	2
968.52900	485.27180	2	39.4098	2
969.48770	485.75110	2	42.2884	1
969.52510	485.76985	2	51.8350	2
969.54940	485.78200	2	34.6677	1
969.56115	485.78785	2	54.2412	2
969.58645	485.80050	2	70.5276	2
969.58665	485.80060	2	65.7892	2
970.48715	486.25085	2	56.1465	2
970.54495	486.27975	2	57.3833	2
970.58075	486.29765	2	35.5293	2
970.58090	486.29775	2	70.9764	2
970.58090	486.29775	2	46.8880	2
971.50520	486.75990	2	33.3804	2
971.51510	486.76480	2	30.2252	2
971.52865	486.77165	2	50.1561	2
971.52890	486.77170	2	38.3326	2
971.52965	486.77210	2	60.4843	2
971.55320	486.78390	2	59.1200	2
971.56495	486.78975	2	35.9866	2
971.56520	486.78990	2	45.7831	1
972.44350	487.22900	2	32.7780	1
972.46590	487.24020	2	35.7607	1
973.50870	487.76160	2	43.7010	2
973.51960	487.76710	2	44.5954	1
973.54285	487.77870	2	36.2567	2
974.50365	488.25910	2	40.1928	2
974.51875	488.26665	2	60.3345	2
975.48935	488.75195	2	31.2441	2
975.50255	488.75855	2	53.7560	2
975.53900	488.77675	2	66.5321	2
976.49730	489.25595	2	59.6175	2
976.50795	489.26130	2	49.3197	2
976.52335	489.26895	2	61.8798	2
976.52590	489.27025	2	71.1859	2
976.53970	489.27710	2	34.6577	1
976.54570	489.28010	2	43.0236	2
977.44425	489.72940	2	48.3184	2
977.46650	489.74060	2	38.2040	1
977.48140	489.74800	2	62.2170	2
977.48270	489.74860	2	47.0187	3
977.51030	489.76240	2	82.4607	1
978.47685	490.24570	2	43.2320	2
978.50265	490.25860	2	61.5994	2
979.44985	490.73225	2	67.8514	2
979.46070	490.73765	2	40.5576	2
979.49735	490.75600	2	53.8788	2
979.50140	490.75800	2	29.3760	1
979.51630	490.76545	2	68.9472	2
980.45550	491.23500	2	39.4107	1
980.49290	491.25370	2	37.1224	1
980.49640	491.25545	2	53.5169	2
981.52370	491.76915	2	31.9424	2
981.59735	491.80595	2	43.0884	2
982.45955	492.23705	2	35.7429	2
982.47625	492.24540	2	43.7819	2
982.52000	492.26730	2	40.1721	2
983.50585	492.76020	2	43.9303	2
983.57630	492.79545	2	66.0172	2
983.58415	492.79935	2	73.5116	2
983.58755	492.80105	2	46.2639	2
983.60165	492.80810	2	59.5241	2
984.43770	493.22615	2	36.0698	2
984.56150	493.28800	2	30.9221	1
984.63305	493.32380	2	51.7746	2
985.37510	493.69480	2	36.4895	3
985.50100	493.75780	2	46.0499	1
985.53820	493.77640	2	47.6601	1
985.53930	493.77690	2	47.6301	1
985.54760	493.78105	2	44.8563	2
985.61825	493.81640	2	47.5894	2
986.48230	494.24840	2	32.9070	1
986.48910	494.25180	2	69.4431	2
986.50100	494.25780	2	41.7166	1
987.49900	494.75680	2	33.3003	2
987.52325	494.76890	2	46.4115	2
987.53475	494.77465	2	50.9030	2
987.57250	494.79350	2	60.9089	1
987.57370	494.79410	2	60.9463	1
987.60100	494.80775	2	81.7133	2
988.48210	495.24835	2	40.2357	2
988.50825	495.26140	2	54.4261	2
988.52095	495.26775	2	44.3148	2
988.54370	495.27915	2	48.7812	2
988.54985	495.28220	2	54.6597	2
988.57455	495.29455	2	73.9046	2
988.58015	495.29735	2	52.0747	2
989.47635	495.74545	2	35.1915	2
989.52940	495.77200	2	54.9443	1
989.55515	495.78485	2	49.7602	2
989.55520	495.78485	2	60.3418	2
990.45840	496.23645	2	39.3580	2
990.47535	496.24495	2	47.5845	2
990.50250	496.25850	2	45.4188	1
990.50445	496.25950	2	59.0689	2
990.51315	496.26385	2	50.3173	2
990.55050	496.28250	2	75.0597	2
991.50850	496.76150	2	62.1858	2
991.50870	496.76160	2	69.0064	1
991.54550	496.78000	2	71.2810	2
991.56955	496.79205	2	63.1263	2
992.48500	497.24980	2	57.9694	2
992.53090	497.27270	2	51.8935	1
992.53350	497.27405	2	82.9128	2
992.55460	497.28455	2	70.6027	2
992.60220	497.30840	2	72.5067	2
993.44240	497.72850	2	44.3149	2
993.44365	497.72910	2	31.9374	2
993.44990	497.73220	2	42.1198	2
993.49315	497.75385	2	65.4737	2
993.51180	497.76320	2	50.8825	1
993.51365	497.76410	2	54.4370	2
993.54930	497.78195	2	66.4981	2
994.49595	498.25525	2	50.3670	2
994.50795	498.26125	2	48.9995	2
994.50890	498.26170	2	33.9276	2
994.51610	498.26530	2	74.7603	2
994.54720	498.28090	2	37.4807	1
994.60600	498.31025	2	75.9259	2
994.65350	498.33400	2	48.0766	2
996.53150	499.27300	2	70.3730	1
996.57100	499.29280	2	46.9873	3
997.46935	499.74195	2	62.0312	2
997.47850	499.74650	2	31.7084	2
997.57960	499.79710	2	41.2953	2
998.58750	500.30105	2	42.8142	2
999.53225	500.77340	2	32.0060	2
999.53410	500.77430	2	44.1421	2
999.55260	500.78360	2	40.6298	2
999.57100	500.79275	2	34.5105	2
999.98195	500.99825	2	33.9530	4
1000.49380	501.25415	2	38.1261	2
1000.54650	501.28055	2	45.5225	2
1000.55265	501.28360	2	60.8542	2
1000.56905	501.29180	2	50.6476	2
1000.59245	501.30350	2	64.1612	2
1001.51400	501.76425	2	45.7608	2
1001.55445	501.78450	2	69.2252	2
1001.56155	501.78805	2	36.0833	2
1001.58675	501.80065	2	49.1413	2
1001.59160	501.80305	2	71.5934	2
1002.47135	502.24295	2	36.4475	2
1002.48110	502.24780	2	40.8608	2
1002.48670	502.25060	2	43.1435	2
1002.52805	502.27130	2	39.8859	2
1002.54675	502.28065	2	35.4618	2
1002.56200	502.28830	2	38.8501	2
1003.48245	502.74850	2	32.8435	2
1003.50125	502.75790	2	44.9505	2
1003.51940	502.76700	2	45.9809	2
1003.52610	502.77030	2	37.8222	2
1003.57065	502.79260	2	79.8127	2
1004.52840	503.27150	2	58.8556	2
1004.54055	503.27755	2	49.3949	2
1004.56510	503.28985	2	45.2146	2
1005.46790	503.74125	2	50.4344	2
1005.48070	503.74760	2	40.0525	2
1005.49140	503.75300	2	32.3556	2
1005.51290	503.76370	2	56.3685	1
1005.53180	503.77315	2	70.5380	2
1005.53540	503.77500	2	38.2649	2
1006.45220	504.23335	2	34.4095	2
1006.47090	504.24270	2	43.3520	2
1006.49825	504.25640	2	55.5430	2
1007.45520	504.73490	2	50.3963	1
1007.50310	504.75880	2	45.5119	1
1007.52365	504.76910	2	66.8362	2
1007.54025	504.77740	2	57.7377	2
1007.54405	504.77930	2	70.3489	2
1007.67405	504.84430	2	74.7026	2
1008.47670	505.24565	2	51.9277	2
1008.51180	505.26320	2	62.4349	2
1008.52600	505.27030	2	85.4779	1
1009.44740	505.73095	2	43.9026	2
1009.46125	505.73790	2	46.5695	2
1009.51925	505.76690	2	38.6528	2
1009.54900	505.78175	2	89.6906	2
1010.49605	506.25530	2	40.8999	2
1010.55520	506.28490	2	51.0273	1
1010.57570	506.29515	2	70.0259	2
1011.50230	506.75840	2	70.4942	1
1011.52390	506.76920	2	38.9028	2
1011.53460	506.77460	2	46.8292	2
1011.57190	506.79320	2	53.8915	2
1011.60810	506.81135	2	69.5946	2
1012.57030	507.29245	2	71.0044	2
1012.57160	507.29310	2	60.4968	2
1012.58135	507.29800	2	62.7299	2
1012.60305	507.30880	2	41.1512	2
1012.63995	507.32725	2	51.0731	2
1013.46450	507.73955	2	73.8914	2
1013.47090	507.74270	2	28.0294	1
1013.53995	507.77725	2	45.5457	2
1013.55480	507.78470	2	67.4658	2
1013.56200	507.78830	2	40.0788	2
1013.58790	507.80120	2	65.8457	2
1013.62315	507.81885	2	68.8551	2
1014.51000	508.26225	2	33.1846	2
1014.53555	508.27505	2	40.3455	2
1014.56935	508.29195	2	47.7108	2
1014.57150	508.29305	2	39.9128	2
1015.54420	508.77940	2	90.8934	2
1015.58555	508.80005	2	73.0622	2
1015.59150	508.80300	2	59.3276	1
1015.59250	508.80350	2	67.6885	3
1016.43170	509.22310	2	29.7448	1
1016.46015	509.23735	2	39.2708	2
1016.53155	509.27305	2	50.0371	2
1016.54830	509.28145	2	51.2369	2
1017.47225	509.74340	2	43.1745	2
1017.51735	509.76595	2	78.9315	2
1017.53475	509.77465	2	41.1034	2
1017.57120	509.79290	2	42.9352	2
1017.60860	509.81160	2	67.8763	1
1017.62305	509.81880	2	68.4558	2
1018.53540	510.27500	2	59.6725	1
1018.54455	510.27955	2	42.3037	2
1018.58145	510.29800	2	72.5414	2
1019.42050	510.71755	2	45.2779	2
1019.50405	510.75930	2	44.6692	2
1019.53975	510.77715	2	55.6048	2
1019.54035	510.77745	2	37.6720	2
1019.54735	510.78095	2	68.7893	2
1019.55290	510.78375	2	49.1067	2
1020.52430	511.26940	2	57.9091	2
1020.52460	511.26960	2	65.8907	2
1020.52615	511.27035	2	50.7677	2
1020.53570	511.27510	2	56.8546	2
1021.43850	511.72650	2	40.0293	2
1021.44980	511.73220	2	36.5882	2
1021.49090	511.75275	2	32.4665	2
1021.51220	511.76340	2	45.3586	2
1021.54440	511.77945	2	62.0287	2
1021.56040	511.78750	2	54.2260	2
1021.60370	511.80915	2	53.9801	2
1021.70150	511.85805	2	69.4739	2
1022.43775	512.22615	2	65.5029	2
1022.50415	512.25935	2	54.5865	2
1022.51120	512.26285	2	79.2386	2
1023.51690	512.76570	2	62.3982	2
1023.60680	512.81065	2	70.0549	2
1024.37550	513.19500	2	43.5972	1
1024.55430	513.28440	2	40.5879	1
1025.48290	513.74875	2	51.3908	2
1025.50380	513.75920	2	42.6327	2
1025.60270	513.80860	2	50.9499	2
1026.44560	514.23010	2	43.9804	1
1026.48220	514.24840	2	57.6147	1
1027.56645	514.79050	2	38.6159	2
1027.59150	514.80300	2	60.4025	2
1027.60240	514.80845	2	70.7438	2
1027.62700	514.82080	2	65.9841	1
1028.56085	515.28770	2	44.8307	2
1028.57000	515.29230	2	82.3355	2
1028.59760	515.30610	2	78.8764	2
1029.47600	515.74530	2	58.0527	2
1029.47775	515.74615	2	43.5711	2
1029.53865	515.77660	2	53.6681	2
1029.54205	515.77830	2	39.5660	2
1029.54860	515.78160	2	36.6988	1
1029.55710	515.78585	2	32.4186	2
1029.57500	515.79480	2	48.4308	1
1029.58230	515.79845	2	38.9957	2
1030.50390	516.25920	2	35.9356	1
1030.52985	516.27220	2	37.9984	2
1030.59160	516.30305	2	80.8047	2
1030.60705	516.31080	2	77.5632	2
1031.46400	516.73925	2	65.7540	2
1031.50385	516.75920	2	43.3345	2
1031.50580	516.76015	2	50.5876	2
1031.54890	516.78175	2	52.9177	2
1031.58630	516.80045	2	58.2368	2
1031.58760	516.80110	2	63.4357	1
1032.49910	517.25680	2	43.6617	2
1032.56070	517.28760	2	56.7598	2
1032.59775	517.30615	2	75.5574	2
1033.56705	517.79080	2	44.9441	2
1033.56740	517.79100	2	39.8109	1
1033.58155	517.79805	2	84.1342	2
1033.61725	517.81590	2	71.5908	2
1034.52170	518.26810	2	66.5182	2
1034.56665	518.29060	2	63.6629	2
1035.48825	518.75140	2	62.3692	2
1035.56130	518.78795	2	61.9337	2
1036.51840	519.26645	2	43.2007	2
1036.53380	519.27420	2	73.1285	2
1036.53740	519.27595	2	69.4995	2
1036.55580	519.28520	2	64.9419	2
1036.60390	519.30920	2	47.1496	1
1037.50490	519.75970	2	36.2010	2
1037.52620	519.77035	2	39.6225	2
1037.53040	519.77245	2	62.2748	2
1037.62360	519.81910	2	56.2565	2
1037.64870	519.83165	2	72.9595	2
1038.48050	520.24750	2	48.4738	2
1038.52580	520.27020	2	50.4876	1
1038.54705	520.28080	2	37.4899	2
1039.49745	520.75600	2	53.6044	2
1039.56590	520.79020	2	49.1243	3
1040.49290	521.25375	2	33.1335	2
1040.49660	521.25555	2	43.5185	2
1040.55040	521.28250	2	55.3782	1
1040.59820	521.30635	2	58.2385	2
1040.62280	521.31865	2	75.7148	2
1040.65860	521.33660	2	61.7266	1
1041.53330	521.77395	2	51.4108	2
1042.51550	522.26505	2	66.1182	2
1042.52965	522.27210	2	39.6147	2
1042.55635	522.28545	2	54.8221	2
1042.57770	522.29615	2	42.7874	2
1043.55025	522.78240	2	80.2732	2
1043.56180	522.78820	2	35.9789	2
1043.56225	522.78840	2	38.9029	2
1043.60355	522.80905	2	65.0949	2
1044.03580	523.02515	2	51.1219	4
1044.52145	523.26800	2	46.2891	2
1044.53850	523.27650	2	67.5840	1
1044.56130	523.28790	2	59.8049	2
1045.53825	523.77640	2	46.0191	2
1045.54030	523.77745	2	33.2832	2
1045.54035	523.77745	2	35.6896	2
1045.60230	523.80840	2	61.9937	2
1046.52620	524.27035	2	38.1193	2
1046.59960	524.30710	2	50.6762	2
1047.52740	524.77095	2	61.3947	2
1047.56195	524.78825	2	60.9929	2
1048.47935	525.24695	2	37.1934	2
1048.55825	525.28640	2	34.0836	2
1049.52480	525.76970	2	32.0663	1
1049.52550	525.77005	2	52.0876	2
1049.56170	525.78810	2	39.9346	2
1050.53350	526.27405	2	49.3546	2
1050.55705	526.28580	2	33.5966	2
1050.57135	526.29295	2	63.7110	2
1050.59580	526.30520	2	70.3349	1
1051.49320	526.75390	2	39.2143	2
1051.51180	526.76320	2	59.9164	1
1052.46255	527.23855	2	59.0071	2
1053.61775	527.81615	2	57.2799	2
1054.49740	528.25600	2	70.2666	2
1054.53350	528.27405	2	76.7441	2
1054.60360	528.30905	2	58.3480	2
1055.03235	528.52345	2	34.6751	4
1055.42255	528.71855	2	48.4643	2
1055.49175	528.75315	2	46.1486	2
1055.58635	528.80045	2	65.3780	2
1055.58635	528.80045	2	69.1723	2
1055.62085	528.81770	2	66.6509	2
1056.53260	529.27355	2	78.8082	2
1056.58260	529.29860	2	56.1994	2
1056.59290	529.30375	2	54.0056	2
1057.57620	529.79535	2	45.9089	2
1057.57655	529.79555	2	38.4379	2
1057.61435	529.81445	2	39.5267	2
1057.63880	529.82670	2	79.6932	2
1058.08050	530.04750	2	47.2818	4
1058.49210	530.25330	2	51.6499	2
1058.54460	530.27960	2	80.3058	2
1058.55805	530.28630	2	73.8264	2
1058.59700	530.30580	2	41.7795	2
1059.50995	530.76225	2	45.0717	2
1059.53910	530.77680	2	56.7363	2
1060.47595	531.24525	2	35.6514	2
1060.52435	531.26945	2	76.1611	2
1060.61775	531.31615	2	84.9832	2
1061.54965	531.78210	2	46.1749	2
1061.57370	531.79415	2	76.3897	2
1062.52390	532.26920	2	79.2971	2
1062.53485	532.27470	2	57.7155	2
1062.57130	532.29290	2	61.7236	2
1062.58305	532.29880	2	57.4666	2
1063.52980	532.77220	2	45.7240	2
1063.54245	532.77850	2	47.4711	2
1063.55530	532.78495	2	62.1570	2
1063.56650	532.79050	2	65.8381	2
1063.60665	532.81060	2	77.9339	2
1064.56105	533.28780	2	33.0003	2
1064.58585	533.30020	2	52.1773	2
1064.63415	533.32435	2	56.0632	2
1065.44780	533.73120	2	47.7625	1
1065.50760	533.76105	2	40.8222	2
1065.55285	533.78370	2	79.9474	2
1065.55375	533.78415	2	62.7866	2
1066.45740	534.23600	2	54.9908	2
1066.46795	534.24125	2	33.9524	2
1066.50430	534.25945	2	32.5113	2
1066.50595	534.26025	2	35.0280	2
1066.51875	534.26665	2	57.5290	2
1066.60690	534.31075	2	83.1559	2
1067.51195	534.76325	2	46.7715	2
1068.55945	535.28700	2	65.3151	2
1068.58175	535.29815	2	61.3845	2
1068.59205	535.30330	2	58.0333	2
1068.61790	535.31620	2	60.6975	1
1068.65275	535.33365	2	46.8599	2
1069.04200	535.52830	2	40.2872	4
1069.53995	535.77725	2	54.6802	2
1070.60800	536.31125	2	42.9557	2
1070.60825	536.31140	2	75.9633	2
1070.63200	536.32330	2	49.2253	1
1070.63415	536.32435	2	70.7479	2
1070.65900	536.33680	2	77.7992	2
1071.56730	536.79090	2	50.1303	2
1072.53045	537.27250	2	48.6809	2
1072.57465	537.29460	2	75.1948	2
1072.57680	537.29570	2	54.9910	5
1072.60120	537.30785	2	40.9100	2
1072.61305	537.31380	2	42.7186	2
1073.50005	537.75730	2	45.9383	2
1073.52870	537.77160	2	36.0673	3
1073.58685	537.80070	2	45.1249	2
1073.59125	537.80290	2	60.3648	2
1073.60920	537.81190	2	36.8355	2
1073.60945	537.81200	2	87.9632	2
1073.65945	537.83700	2	65.0322	2
1074.54645	538.28050	2	44.5484	2
1074.55785	538.28620	2	54.2773	2
1074.57070	538.29265	2	61.0475	2
1075.47815	538.74635	2	35.5007	2
1075.52320	538.76890	2	69.7392	1
1075.53220	538.77340	2	46.5542	1
1075.53315	538.77385	2	67.2158	2
1075.59220	538.80340	2	72.2079	2
1075.61230	538.81340	2	58.7544	1
1075.62830	538.82140	2	69.0532	2
1076.46160	539.23810	2	52.3364	2
1076.51365	539.26410	2	50.1563	2
1076.52775	539.27115	2	35.0784	2
1076.56185	539.28820	2	55.2067	2
1076.57095	539.29275	2	44.1319	2
1077.57060	539.79260	2	65.8354	2
1077.60425	539.80940	2	40.9661	2
1078.47240	540.24350	2	37.0454	2
1078.50440	540.25945	2	42.4601	2
1080.54470	541.27960	2	32.1251	1
1081.54470	541.77960	2	74.7272	1
1081.62460	541.81960	2	61.2642	2
1082.53360	542.27410	2	55.8432	1
1082.55455	542.28455	2	83.6681	2
1082.64585	542.33020	2	56.0949	2
1084.48545	543.25000	2	40.1997	2
1084.51990	543.26720	2	74.8187	2
1084.54470	543.27965	2	30.0176	2
1084.57090	543.29275	2	90.6952	2
1084.63870	543.32660	2	80.1910	2
1084.65955	543.33705	2	56.9820	2
1085.58130	543.79790	2	46.4699	1
1085.60870	543.81165	2	52.1359	2
1085.61355	543.81405	2	45.2119	2
1085.62340	543.81895	2	76.3016	2
1085.64430	543.82940	2	68.7344	2
1086.06420	544.03940	2	51.1138	4
1086.55665	544.28560	2	48.5581	2
1086.56750	544.29100	2	35.0057	2
1086.64010	544.32730	2	52.6012	1
1087.55135	544.78295	2	51.7418	2
1087.55210	544.78330	2	43.5921	1
1087.58810	544.80130	2	42.8367	2
1087.59830	544.80645	2	32.0785	2
1087.61170	544.81310	2	71.6166	2
1088.45510	545.23485	2	38.5094	2
1088.50520	545.25990	2	33.0887	3
1088.55490	545.28470	2	72.2703	1
1088.57210	545.29330	2	34.2757	2
1088.60795	545.31125	2	37.2488	2
1089.55790	545.78620	2	35.8089	2
1089.60240	545.80850	2	45.7779	1
1090.46875	546.24165	2	39.1531	2
1090.60285	546.30870	2	60.4053	2
1092.53835	547.27645	2	55.8865	2
1092.58030	547.29745	2	54.6116	2
1093.54175	547.77815	2	58.7985	2
1094.55180	548.28320	2	69.2659	2
1094.55550	548.28500	2	78.9067	2
1094.56180	548.28820	2	34.3254	1
1094.56550	548.29000	2	48.7736	2
1094.56810	548.29130	2	82.6903	1
1094.57560	548.29510	2	38.1406	3
1094.59745	548.30600	2	58.5080	2
1095.46520	548.73990	2	53.5218	2
1095.56335	548.78895	2	70.7536	2
1095.56730	548.79095	2	32.5215	2
1095.58350	548.79900	2	56.4815	1
1096.52710	549.27080	2	49.4510	1
1096.56260	549.28855	2	43.0312	2
1097.60865	549.81160	2	57.3508	2
1098.53500	550.27480	2	45.8768	2
1098.58355	550.29905	2	51.1552	2
1098.60380	550.30920	2	38.3217	1
1099.49315	550.75385	2	61.1405	2
1100.45980	551.23715	2	67.4653	2
1100.55735	551.28595	2	34.8867	2
1100.57170	551.29310	2	72.2490	2
1101.52445	551.76950	2	56.5538	2
1101.55630	551.78545	2	71.4973	2
1101.60390	551.80920	2	39.2526	2
1101.64990	551.83220	2	87.8791	1
1101.65205	551.83330	2	54.0971	2
1102.57670	552.29565	2	65.2890	2
1102.58685	552.30070	2	37.8306	2
1103.56125	552.78790	2	40.8144	2
1103.63810	552.82635	2	85.7481	2
1104.44950	553.23200	2	32.1653	1
1104.48580	553.25020	2	36.4497	5
1104.50950	553.26200	2	53.2426	2
1104.51620	553.26540	2	45.6144	2
1104.53740	553.27600	2	45.2705	2
1104.54710	553.28085	2	47.6526	2
1104.56305	553.28880	2	49.4972	2
1104.56650	553.29055	2	34.7974	2
1104.58955	553.30205	2	86.1013	2
1104.59310	553.30380	2	60.8880	2
1104.61920	553.31685	2	83.8040	2
1104.62600	553.32030	2	88.6724	1
1104.69420	553.35440	2	90.3554	1
1104.72725	553.37090	2	79.3635	2
1105.52960	553.77210	2	63.9069	2
1105.57685	553.79570	2	65.7208	2
1106.53910	554.27685	2	48.2526	2
1106.56020	554.28740	2	68.1712	2
1106.58665	554.30060	2	84.0673	2
1106.60870	554.31165	2	83.5070	2
1107.53885	554.77670	2	62.3016	2
1107.54455	554.77955	2	54.8612	2
1107.55010	554.78230	2	66.8949	2
1107.55730	554.78590	2	55.6603	1
1107.55755	554.78605	2	38.7219	2
1107.57420	554.79440	2	68.4047	3
1107.59400	554.80425	2	45.8196	2
1108.51565	555.26510	2	32.9156	2
1108.54610	555.28035	2	33.5325	2
1108.57055	555.29255	2	79.5093	2
1108.57225	555.29340	2	49.1038	2
1108.92035	555.46745	2	38.6334	4
1109.53290	555.77375	2	80.0422	2
1109.53880	555.77670	2	47.8655	2
1109.54975	555.78215	2	91.1663	2
1109.58655	555.80055	2	59.1251	2
1109.61325	555.81390	2	72.3880	2
1110.52045	556.26750	2	61.2565	2
1110.58995	556.30225	2	84.4487	2
1110.60870	556.31160	2	78.2311	2
1110.66575	556.34015	2	75.4922	2
1111.44010	556.72730	2	33.4857	1
1111.56925	556.79190	2	35.1577	2
1113.63970	557.82710	2	59.4884	2
1114.55655	558.28555	2	79.4564	2
1114.56625	558.29040	2	65.4205	2
1114.62260	558.31855	2	62.9102	2
1114.63530	558.32490	2	53.4821	1
1115.05410	558.53430	2	47.0681	4
1115.51370	558.76410	2	47.8481	1
1115.52560	558.77010	2	34.2033	2
1115.54590	558.78020	2	46.5798	1
1115.55735	558.78595	2	36.1359	2
1115.58295	558.79875	2	42.8397	2
1115.60035	558.80745	2	56.6097	2
1116.50400	559.25930	2	44.8511	1
1116.56235	559.28845	2	54.9177	2
1116.58195	559.29825	2	73.7422	2
1116.59300	559.30380	2	59.7632	1
1116.60350	559.30900	2	32.9018	1
1116.61390	559.31425	2	36.7657	2
1116.61490	559.31470	2	55.7579	1
1116.65510	559.33480	2	84.3614	2
1117.52580	559.77020	2	46.3632	3
1117.52675	559.77065	2	40.5062	2
1117.54310	559.77885	2	43.2935	2
1117.56070	559.78760	2	51.4777	2
1117.60590	559.81025	2	71.8944	2
1118.48585	560.25020	2	33.9172	2
1118.54755	560.28105	2	77.3267	2
1118.60455	560.30955	2	70.8591	2
1118.63375	560.32415	2	57.9449	2
1119.54170	560.77810	2	70.2430	2
1119.57250	560.79350	2	51.8567	1
1119.58120	560.79790	2	63.5099	2
1119.59515	560.80485	2	68.4232	2
1119.67005	560.84230	2	83.9493	2
1120.05805	561.03630	2	58.1485	4
1120.57580	561.29520	2	61.1356	2
1121.53545	561.77500	2	69.4688	2
1121.54710	561.78085	2	43.9372	2
1121.57190	561.79320	2	43.5658	1
1121.58640	561.80045	2	69.6935	2
1121.60975	561.81215	2	48.3408	2
1122.51370	562.26410	2	60.3721	2
1123.47870	562.74665	2	46.9180	2
1123.56915	562.79185	2	58.1165	2
1123.58080	562.79770	2	54.7334	2
1124.43200	563.22330	2	30.3690	1
1124.59020	563.30240	2	62.8552	2
1124.61890	563.31670	2	70.3937	2
1124.68125	563.34790	2	81.6188	2
1125.12275	563.56865	2	38.0703	4
1125.51280	563.76365	2	36.4649	2
1125.53815	563.77635	2	49.7428	2
1125.57155	563.79305	2	44.0661	2
1125.64005	563.82730	2	61.8397	2
1126.60100	564.30780	2	52.1362	1
1126.66065	564.33760	2	78.5067	2
1127.43680	564.72570	2	28.0566	1
1127.47350	564.74405	2	70.1085	2
1127.56460	564.78960	2	43.5058	1
1127.61275	564.81365	2	63.2905	2
1127.65430	564.83440	2	53.3447	3
1127.65530	564.83490	2	59.8948	1
1128.55920	565.28690	2	54.5398	1
1128.56580	565.29020	2	42.8974	2
1128.57800	565.29625	2	43.6286	2
1128.58955	565.30205	2	33.1931	2
1128.63935	565.32695	2	60.6378	2
1129.58020	565.79740	2	56.3984	2
1129.59630	565.80540	2	49.1582	1
1129.63440	565.82445	2	36.6449	2
1129.63510	565.82480	2	41.0982	2
1129.67145	565.84300	2	71.2460	2
1130.55705	566.28580	2	27.7418	2
1130.56220	566.28840	2	48.1332	2
1130.58310	566.29885	2	65.1023	2
1131.57835	566.79645	2	35.5241	2
1131.62880	566.82170	2	71.4997	2
1131.65475	566.83465	2	83.0112	2
1132.53745	567.27600	2	33.6017	2
1132.55690	567.28570	2	57.6165	2
1132.58785	567.30120	2	62.6470	2
1133.55200	567.78325	2	34.4478	2
1133.55395	567.78425	2	70.2014	2
1133.57205	567.79330	2	56.7297	2
1133.57230	567.79345	2	73.2539	2
1133.57460	567.79460	2	67.1817	2
1133.60790	567.81125	2	63.0319	2
1134.53550	568.27505	2	44.6128	2
1134.54000	568.27725	2	47.1879	2
1134.55120	568.28285	2	36.3903	2
1134.57635	568.29545	2	46.9695	2
1134.59230	568.30340	2	48.5907	2
1136.53510	569.27480	2	53.7271	2
1136.56065	569.28760	2	59.4096	2
1136.57120	569.29285	2	61.9001	2
1136.57245	569.29350	2	58.4018	2
1137.56555	569.79005	2	84.0475	2
1137.57840	569.79650	2	55.9270	3
1137.58750	569.80105	2	36.9883	2
1138.56505	570.28980	2	63.1056	2
1138.58805	570.30130	2	35.9589	2
1139.54605	570.78030	2	55.2212	2
1139.56180	570.78815	2	67.4909	2
1139.60765	570.81110	2	36.6424	2
1139.62960	570.82210	2	40.7764	2
1139.65490	570.83475	2	62.4943	2
1140.52370	571.26915	2	34.4684	2
1141.55620	571.78540	2	72.9697	2
1141.56695	571.79075	2	63.4956	2
1141.59750	571.80600	2	33.5324	2
1141.60970	571.81210	2	60.1481	2
1142.52450	572.26950	2	69.3415	3
1142.55720	572.28590	2	91.7750	2
1142.55800	572.28630	2	52.1464	2
1142.61720	572.31590	2	55.4629	2
1142.62960	572.32210	2	35.1852	2
1143.50955	572.76205	2	56.3458	2
1143.55595	572.78525	2	76.0857	2
1143.57315	572.79385	2	66.5250	2
1143.58860	572.80160	2	35.8111	3
1143.69150	572.85300	2	88.0588	2
1144.58920	573.30185	2	50.4877	2
1144.59750	573.30605	2	60.7689	2
1144.60990	573.31225	2	39.3084	2
1144.63560	573.32505	2	57.9388	2
1145.08305	573.54880	2	58.1085	4
1145.57525	573.79490	2	47.8029	2
1145.66980	573.84220	2	71.8019	1
1145.67070	573.84260	2	71.7576	1
1146.57765	574.29610	2	46.3605	2
1146.58510	574.29985	2	73.7964	2
1146.61405	574.31430	2	53.3027	2
1146.66530	574.33990	2	77.2757	1
1147.55060	574.78260	2	62.9727	2
1147.55495	574.78475	2	49.6241	2
1147.55655	574.78555	2	44.2513	2
1147.57935	574.79695	2	65.9607	2
1147.58710	574.80080	2	55.4218	2
1147.63800	574.82630	2	89.1410	1
1148.51370	575.26410	2	35.5759	1
1148.54570	575.28010	2	53.5420	2
1148.57030	575.29240	2	81.4485	2
1148.60780	575.31115	2	63.2511	2
1149.56700	575.79080	2	69.0949	1
1149.56770	575.79110	2	58.2850	1
1150.56750	576.29100	2	59.7996	3
1150.58690	576.30075	2	55.8505	2
1150.59180	576.30320	2	49.0070	1
1151.49410	576.75430	2	52.7277	1
1151.58010	576.79735	2	81.1455	2
1151.64920	576.83190	2	69.9360	2
1151.72790	576.87120	2	77.1568	2
1152.52835	577.27145	2	31.8723	2
1152.53020	577.27235	2	54.3053	2
1152.54385	577.27920	2	93.1109	2
1152.54940	577.28195	2	61.5426	2
1152.55205	577.28330	2	38.4780	2
1152.58415	577.29935	2	59.0587	2
1152.58555	577.30005	2	52.2971	2
1153.51765	577.76610	2	67.9787	2
1154.62240	578.31845	2	60.0904	2
1154.63150	578.32300	2	45.8146	2
1155.56280	578.78870	2	36.4098	2
1155.58165	578.79810	2	89.5167	2
1155.62800	578.82130	2	52.9351	1
1155.65100	578.83280	2	49.8204	2
1156.51840	579.26650	2	56.5617	2
1156.51880	579.26670	2	45.7037	2
1156.51955	579.26705	2	30.3917	2
1156.59175	579.30315	2	86.7565	2
1156.60475	579.30965	2	68.3689	2
1156.68900	579.35180	2	84.0068	1
1157.59355	579.80405	2	59.2848	2
1157.59425	579.80440	2	53.1790	2
1158.59955	580.30705	2	43.1237	2
1158.62385	580.31920	2	48.7416	2
1158.62410	580.31935	2	46.5065	2
1159.56910	580.79180	2	64.9932	1
1159.57180	580.79320	2	65.2968	1
1159.57365	580.79410	2	35.7074	2
1159.59415	580.80435	2	42.2727	2
1159.61905	580.81680	2	41.4129	2
1159.63965	580.82710	2	81.5573	2
1159.68075	580.84765	2	50.8925	2
1160.58625	581.30040	2	50.4948	2
1160.58625	581.30040	2	68.0660	2
1160.59410	581.30430	2	74.1133	2
1160.59755	581.30605	2	55.1584	2
1160.60865	581.31160	2	62.7957	2
1160.61505	581.31480	2	38.0923	2
1160.64170	581.32810	2	34.1687	1
1161.05905	581.53680	2	39.2150	4
1161.52590	581.77020	2	36.6859	2
1161.59665	581.80560	2	46.8094	2
1161.59980	581.80715	2	54.5001	2
1161.60335	581.80895	2	74.3619	2
1161.61505	581.81480	2	54.0342	2
1161.65455	581.83455	2	97.3275	2
1162.58040	582.29750	2	66.8517	1
1162.58085	582.29770	2	54.7704	2
1162.59825	582.30640	2	73.1516	2
1163.57675	582.79565	2	67.1194	2
1163.58205	582.79830	2	59.7153	2
1163.60890	582.81170	2	68.6796	2
1164.56870	583.29160	2	33.4472	1
1164.60240	583.30845	2	55.8821	2
1164.72325	583.36890	2	71.8419	2
1165.46030	583.73745	2	36.8302	2
1165.57855	583.79655	2	74.0825	2
1165.63415	583.82435	2	65.8645	2
1166.54460	584.27955	2	47.9865	2
1167.61770	584.81610	2	86.1514	2
1168.63070	585.32260	2	79.6305	1
1168.68115	585.34785	2	71.2962	2
1168.68245	585.34850	2	59.5327	2
1168.74445	585.37950	2	81.0161	2
1169.13790	585.57625	2	50.7703	4
1169.57135	585.79295	2	55.2160	2
1170.52050	586.26750	2	52.1976	1
1170.57755	586.29605	2	47.1956	2
1170.62725	586.32090	2	48.1708	2
1170.66045	586.33750	2	71.9103	2
1170.66095	586.33775	2	68.1662	2
1171.57320	586.79390	2	58.4331	1
1171.57630	586.79545	2	66.5517	2
1171.62050	586.81755	2	50.9842	2
1171.62390	586.81920	2	57.7203	2
1171.70040	586.85750	2	56.0302	2
1172.61880	587.31665	2	72.6932	2
1172.62220	587.31840	2	75.0929	2
1172.62980	587.32220	2	67.3979	2
1172.64060	587.32755	2	72.3070	2
1173.10715	587.56085	2	41.8859	4
1173.58985	587.80220	2	47.5349	2
1173.59310	587.80380	2	84.7793	1
1173.61380	587.81420	2	34.0093	2
1173.61390	587.81420	2	86.2961	1
1173.62400	587.81930	2	68.7873	1
1174.06650	588.04050	2	35.1140	4
1174.51220	588.26335	2	44.4422	2
1174.54760	588.28110	2	33.4909	1
1174.56195	588.28825	2	55.1633	2
1174.60895	588.31175	2	42.2627	2
1175.57345	588.79400	2	61.6559	2
1175.58665	588.80060	2	70.3307	2
1175.61760	588.81610	2	42.9674	2
1175.65610	588.83535	2	60.0905	2
1176.57320	589.29390	2	32.6052	1
1176.57985	589.29720	2	53.4534	2
1177.63500	589.82480	2	67.6151	2
1177.66120	589.83790	2	86.1860	2
1177.66280	589.83870	2	91.7672	2
1178.46300	590.23880	2	68.9684	1
1178.51775	590.26615	2	39.6146	2
1178.54645	590.28050	2	48.9016	2
1178.56935	590.29195	2	30.8335	2
1179.58790	590.80120	2	46.0009	2
1179.61365	590.81410	2	51.6270	2
1180.52510	591.26980	2	63.7378	1
1180.59875	591.30665	2	65.6916	2
1180.70805	591.36130	2	86.9595	2
1181.65270	591.83360	2	55.7916	2
1182.54125	592.27790	2	76.3513	2
1182.57120	592.29290	2	73.5972	1
1182.60325	592.30890	2	72.7225	2
1182.62380	592.31920	2	73.7007	2
1182.66620	592.34040	2	59.8385	2
1182.68070	592.34765	2	80.0653	2
1183.62210	592.81830	2	51.8882	1
1184.58485	593.29970	2	62.4587	2
1184.60525	593.30990	2	51.0440	2
1184.65810	593.33630	2	58.4019	1
1185.57470	593.79460	2	87.3502	2
1185.57895	593.79675	2	37.9337	2
1185.64060	593.82760	2	80.4968	2
1185.65150	593.83300	2	65.3703	1
1185.67200	593.84330	2	60.9718	1
1186.54490	594.27975	2	46.2043	2
1186.65615	594.33535	2	48.0483	2
1187.58975	594.80215	2	50.5299	2
1187.59705	594.80580	2	66.4357	2
1187.62280	594.81870	2	78.6928	2
1187.70300	594.85880	2	89.4812	2
1187.70325	594.85890	2	82.0184	2
1188.54060	595.27760	2	52.2918	1
1188.57980	595.29720	2	70.1736	1
1188.58805	595.30130	2	43.2680	2
1188.60030	595.30745	2	47.0990	2
1188.60115	595.30785	2	39.9975	2
1188.61610	595.31530	2	51.1229	1
1189.54125	595.77790	2	79.7495	2
1189.63270	595.82360	2	51.4974	1
1189.63910	595.82680	2	52.8834	2
1189.64600	595.83025	2	71.5182	2
1189.67105	595.84280	2	75.6290	2
1190.56135	596.28795	2	56.0923	2
1190.58970	596.30210	2	35.4565	1
1190.60055	596.30755	2	65.4065	2
1191.61540	596.81500	2	58.5836	1
1191.66580	596.84020	2	83.7650	2
1192.52830	597.27145	2	47.3074	2
1192.61725	597.31590	2	67.7133	2
1192.66185	597.33820	2	88.4354	2
1193.61680	597.81565	2	39.6801	2
1193.63410	597.82430	2	69.0740	2
1193.67020	597.84235	2	91.3385	2
1194.51115	598.26285	2	32.2083	2
1196.54990	599.28220	2	46.2277	2
1196.57380	599.29420	2	36.8042	2
1196.65235	599.33345	2	49.7899	2
1197.54610	599.78035	2	79.3049	2
1197.56890	599.79170	2	53.0266	2
1197.57730	400.19970	3	37.1275	2
1197.59300	599.80375	2	64.3422	2
1197.62600	599.82025	2	60.8003	2
1197.69790	599.85620	2	76.4409	2
1198.62050	400.54740	3	52.9815	1
1198.65590	400.55920	3	41.8399	2
1198.65710	600.33580	2	41.9000	2
1199.54740	600.78095	2	55.5501	2
1199.66870	600.84160	2	91.4328	2
1199.71365	600.86410	2	79.7509	2
1200.62300	601.31875	2	60.0202	2
1200.62350	601.31900	2	43.1978	1
1200.64620	601.33040	2	52.8303	2
1200.65045	601.33250	2	80.8075	2
1201.09050	601.55255	2	43.5919	4
1201.59865	601.80660	2	67.0291	2
1201.60885	401.54355	3	48.6180	2
1201.61990	601.81725	2	75.8925	2
1201.63010	601.82230	2	37.9795	1
1201.63020	401.55070	3	37.7561	1
1201.63060	401.55080	3	37.9451	1
1201.63510	601.82480	2	37.8269	1
1201.66750	601.84100	2	57.6698	1
1201.66785	601.84120	2	47.7107	2
1202.58930	602.30190	2	41.1826	2
1202.60365	401.87515	3	49.3772	2
1202.60400	602.30930	2	49.3866	2
1202.64155	401.88775	3	40.3518	2
1202.64300	602.32875	2	40.3596	2
1202.65130	602.33290	2	66.0843	2
1203.59910	602.80685	2	42.3941	2
1203.61700	602.81580	2	58.7030	2
1203.67245	602.84350	2	52.4468	2
1204.48410	603.24930	2	43.0726	1
1204.58385	603.29920	2	53.3721	2
1204.60830	603.31140	2	57.9515	2
1204.61290	603.31370	2	81.1986	2
1204.61510	603.31480	2	93.8918	1
1204.62450	603.31950	2	59.4551	1
1204.65695	402.55955	3	49.0737	2
1204.65700	603.33580	2	49.0834	2
1205.56515	402.86235	3	60.8261	2
1205.63045	603.82250	2	57.3169	2
1205.63980	603.82720	2	55.2656	2
1205.71240	402.91140	3	66.6174	2
1205.71405	603.86430	2	66.6743	2
1206.60790	604.31125	2	74.0214	2
1206.62435	604.31945	2	65.4440	2
1207.57030	604.79240	2	44.6357	1
1207.57180	604.79320	2	64.6197	2
1207.57260	604.79360	2	63.5539	1
1207.62040	604.81750	2	56.1402	1
1207.62470	604.81965	2	73.7607	2
1207.66900	604.84180	2	89.8201	1
1207.67330	604.84390	2	85.8096	2
1207.76535	604.88995	2	82.2566	2
1208.59290	605.30375	2	84.1756	2
1208.60405	605.30930	2	69.4149	2
1208.67505	605.34480	2	92.6833	2
1209.58760	605.80110	2	48.8336	2
1210.59895	606.30675	2	64.1484	2
1210.63110	404.55095	3	39.3031	2
1210.74005	606.37730	2	72.1292	2
1211.61935	606.81695	2	79.4789	2
1211.62590	404.88260	3	37.0667	2
1211.62645	606.82050	2	37.1013	2
1211.65175	606.83315	2	49.6845	2
1211.65185	404.89120	3	49.6486	2
1212.53255	405.18480	3	52.4591	2
1212.54150	607.27800	2	57.5934	2
1212.56635	405.19605	3	29.5857	2
1212.65160	405.22450	3	57.4903	1
1213.64610	607.83030	2	54.8516	2
1213.64660	405.55610	3	54.8315	2
1213.66620	607.84035	2	48.9917	2
1213.67070	405.56420	3	83.3032	1
1213.67210	607.84330	2	83.3451	1
1214.60070	608.30760	2	64.4911	1
1214.70145	608.35800	2	64.0954	2
1215.59870	608.80665	2	50.9184	2
1215.64670	608.83065	2	61.2251	2
1215.65200	608.83330	2	84.1114	2
1215.68195	406.23455	3	36.1623	2
1215.68195	608.84825	2	36.1702	2
1216.57595	609.29525	2	40.3768	2
1216.57640	609.29550	2	49.6792	2
1216.62195	609.31825	2	56.0349	2
1216.65645	609.33550	2	71.2135	2
1216.72490	609.36970	2	87.1625	2
1217.56135	609.78795	2	71.5229	2
1217.60790	609.81120	2	77.3759	1
1217.60815	609.81135	2	58.5308	2
1217.62530	406.88235	3	38.0334	2
1217.67695	406.89955	3	69.6822	2
1218.66475	610.33965	2	84.7321	2
1219.61225	610.81340	2	50.3327	2
1220.64040	611.32745	2	55.4551	2
1220.64040	611.32745	2	79.6319	2
1220.68770	407.90320	3	48.4613	1
1221.13400	611.57430	2	50.9225	4
1221.51855	611.76655	2	46.2883	2
1221.59920	611.80690	2	59.8335	2
1221.61030	408.21070	3	32.3186	2
1221.61050	611.81255	2	32.3817	2
1221.63655	611.82555	2	57.5212	2
1222.56920	612.29190	2	31.9331	3
1222.56940	408.53040	3	31.8083	2
1223.54400	612.77925	2	47.4956	2
1223.62475	612.81965	2	37.5497	2
1223.65110	408.89100	3	48.6104	1
1223.71350	612.86400	2	80.6154	5
1224.56120	613.28790	2	73.1022	2
1224.62480	613.31970	2	69.6184	2
1224.62840	409.21675	3	55.1520	2
1224.62900	613.32180	2	55.1518	2
1224.65665	409.22615	3	38.2418	2
1224.65830	613.33645	2	38.5404	2
1224.68285	613.34870	2	44.6460	2
1225.67165	613.84310	2	70.5326	2
1226.69870	614.35665	2	60.2852	2
1226.70655	614.36055	2	82.8202	2
1227.62790	614.82120	2	65.1527	1
1227.65735	614.83595	2	59.7042	2
1227.66175	614.83815	2	71.4561	2
1227.67150	614.84300	2	69.4176	3
1227.68315	614.84885	2	65.7744	2
1227.68370	410.23520	3	50.7464	1
1228.68550	615.35000	2	64.9985	1
1228.73900	615.37675	2	84.2377	2
1229.55750	615.78600	2	42.5225	2
1229.65085	410.89090	3	48.6763	2
1229.65170	615.83315	2	48.7066	2
1229.73770	410.91985	3	60.2216	2
1230.55865	411.19345	3	34.1117	2
1230.58360	616.29910	2	35.3267	1
1230.58460	411.20215	3	42.6986	2
1230.58490	616.29975	2	42.6581	2
1230.58840	411.20340	3	36.6423	1
1230.58855	616.30155	2	60.8932	2
1230.64015	616.32735	2	80.3948	2
1230.65600	411.22590	3	32.0312	1
1230.65640	616.33550	2	42.4781	1
1230.66285	616.33870	2	83.9573	2
1231.58725	616.80090	2	38.0412	2
1231.58810	616.80130	2	52.7095	2
1231.62300	616.81880	2	89.0166	1
1231.62305	616.81880	2	56.0008	2
1231.65620	616.83540	2	61.6611	2
1231.69155	411.57115	3	59.1799	2
1231.69350	616.85400	2	59.2414	1
1231.71850	616.86655	2	83.2944	2
1232.57150	617.29300	2	35.1480	1
1232.60470	617.30965	2	29.3296	2
1232.60790	617.31120	2	47.0895	1
1233.60300	412.20830	3	81.4499	1
1233.60825	617.81140	2	50.8324	2
1233.61060	617.81260	2	63.2111	1
1233.62130	617.81795	2	45.0098	2
1233.65975	617.83715	2	58.1472	2
1234.59790	618.30625	2	36.8582	2
1235.60705	618.81080	2	41.3818	2
1235.61480	618.81465	2	61.2692	2
1235.64660	618.83060	2	50.0549	1
1235.65125	412.89100	3	50.0039	2
1235.66850	412.89680	3	59.3485	1
1235.67375	618.84415	2	59.4295	2
1235.69850	618.85650	2	54.0622	1
1235.69945	412.90710	3	53.9754	2
1236.56265	619.28860	2	48.8907	2
1236.67250	619.34350	2	74.7875	1
1237.63495	413.55225	3	39.2450	2
1237.63625	619.82540	2	39.2977	2
1237.64605	619.83030	2	65.4658	2
1237.74000	413.58730	3	69.1987	2
1237.74030	619.87740	2	69.0113	2
1239.59270	620.80365	2	59.6456	2
1239.59735	414.20640	3	37.4379	2
1239.62370	620.81910	2	63.3995	1
1239.63835	620.82645	2	85.7533	2
1239.68290	620.84870	2	76.5975	2
1239.71820	620.86640	2	75.3958	2
1240.16050	621.08750	2	49.4197	4
1240.58845	414.53675	3	37.9007	2
1240.70200	621.35825	2	92.2383	2
1240.70315	621.35885	2	73.0969	2
1241.59305	621.80380	2	72.3206	2
1241.61870	621.81660	2	84.7091	2
1241.67265	414.89815	3	44.4705	2
1241.67680	414.89950	3	70.1288	2
1241.77520	621.89490	2	79.1781	2
1241.77545	414.93240	3	79.1112	2
1242.59635	415.20605	3	29.4640	2
1242.63620	415.21930	3	45.2988	2
1242.63780	622.32620	2	45.3079	2
1242.65600	622.33530	2	36.5497	1
1243.58720	622.80090	2	66.2963	1
1244.54165	623.27810	2	53.1183	2
1244.56795	623.29125	2	47.3775	2
1244.61170	415.87780	3	35.2131	2
1244.63220	623.32340	2	67.4527	1
1244.67255	415.89810	3	38.2741	2
1245.62100	416.21425	3	48.1311	2
1245.62150	623.81800	2	48.2475	1
1245.65150	623.83300	2	83.0453	2
1245.67210	416.23130	3	55.8258	2
1245.67530	623.84495	2	43.5057	2
1246.65060	416.55745	3	68.6111	2
1246.69270	624.35360	2	73.6422	2
1248.57500	625.29480	2	44.7894	1
1248.61615	625.31535	2	89.2141	2
1248.67180	625.34320	2	64.2095	1
1248.67190	625.34325	2	61.8469	2
1249.63050	625.82255	2	58.1765	2
1249.65450	625.83455	2	64.9397	2
1249.65590	625.83520	2	84.2245	2
1250.59825	626.30640	2	31.1404	2
1250.59850	417.87340	3	31.1857	1
1250.66590	626.34020	2	81.4804	1
1250.73130	626.37295	2	89.0736	2
1251.66215	626.83835	2	76.0113	2
1252.73980	627.37720	2	80.3136	2
1253.55980	627.78715	2	67.3451	2
1253.62930	418.88370	3	33.2779	2
1253.63100	627.82280	2	33.3866	1
1254.60085	628.30770	2	81.5769	2
1254.72830	628.37140	2	41.2620	2
1254.73050	628.37255	2	70.4004	2
1254.73100	419.25090	3	41.2205	3
1254.73520	419.25235	3	52.8838	2
1255.58450	628.79950	2	43.8717	2
1255.62805	628.82130	2	71.0633	2
1255.65650	419.55940	3	54.3105	2
1255.66830	628.84140	2	75.1266	2
1255.67820	628.84635	2	51.3501	2
1255.70275	628.85865	2	70.2874	2
1255.71360	419.57850	3	66.6430	2
1255.71455	628.86455	2	66.6822	2
1255.72610	628.87030	2	72.5330	1
1256.61175	629.31315	2	50.5579	2
1256.61280	629.31370	2	90.5139	1
1256.67235	629.34345	2	55.9694	2
1256.69745	419.90645	3	48.1976	2
1256.69785	629.35620	2	48.1905	2
1256.70415	629.35935	2	98.3630	2
1257.64810	420.22330	3	43.2497	1
1258.60095	630.30775	2	81.9561	2
1258.67160	630.34305	2	56.6448	2
1258.67765	630.34610	2	68.2436	2
1258.68895	630.35175	2	52.5701	2
1258.69585	420.57255	3	60.0986	2
1258.76070	630.38760	2	88.1421	2
1259.63415	630.82435	2	76.4086	2
1259.63605	630.82530	2	58.5333	2
1259.66145	630.83800	2	59.2488	2
1259.66600	630.84030	2	70.0217	1
1260.57845	631.29650	2	37.2855	2
1260.58890	631.30175	2	43.0182	2
1260.60345	631.30900	2	46.3274	2
1260.62890	421.21690	3	61.6513	1
1260.67340	631.34395	2	57.4635	2
1261.57915	631.79685	2	50.9565	2
1261.62220	421.54800	3	41.2206	2
1261.67060	421.56415	3	38.9979	2
1261.74410	631.87930	2	96.7550	1
1262.64940	421.89040	3	31.3582	1
1263.61080	632.81270	2	53.2351	1
1263.62105	632.81780	2	34.2497	2
1263.62175	422.21455	3	34.2110	2
1263.62835	632.82145	2	57.1328	2
1263.66180	422.22790	3	55.0501	2
1263.67430	632.84440	2	89.7751	2
1263.68430	632.84940	2	67.6528	2
1264.64840	422.55675	3	62.0568	2
1264.64870	633.33160	2	74.8674	1
1264.65025	633.33240	2	62.0908	2
1264.77465	633.39460	2	94.2227	2
1265.69000	633.85230	2	52.0567	2
1266.56260	634.28860	2	46.3860	2
1266.62095	423.21425	3	38.9026	2
1266.62180	634.31820	2	38.9552	1
1266.62680	634.32070	2	72.2438	1
1267.64900	634.83180	2	82.9742	2
1267.69035	634.85245	2	49.9463	2
1268.61320	635.31390	2	53.6832	1
1268.61475	423.87885	3	53.6341	2
1268.66400	635.33930	2	51.2464	2
1268.66450	423.89540	3	51.1854	2
1268.69790	635.35620	2	70.6570	2
1269.62450	635.81955	2	81.5104	2
1269.63110	635.82285	2	64.0871	2
1269.65420	424.22530	3	68.2452	1
1269.66065	424.22745	3	47.5506	2
1269.70320	635.85885	2	63.7115	2
1269.72905	635.87180	2	79.1476	2
1270.15165	636.08310	2	48.9670	4
1270.65270	636.33360	2	43.8971	1
1270.69795	636.35625	2	62.9206	2
1270.70000	424.57395	3	62.8527	2
1270.72890	636.37175	2	93.1955	2
1271.56475	424.86215	3	78.7889	2
1271.64695	636.83075	2	85.5801	2
1271.68730	424.90305	3	60.9537	2
1271.71080	636.86270	2	72.3657	1
1271.76125	636.88790	2	83.1788	2
1272.69245	637.35350	2	65.1521	2
1273.65645	637.83550	2	67.3062	2
1273.66780	637.84120	2	72.5011	1
1273.66960	637.84205	2	65.8972	2
1273.67860	637.84655	2	87.2238	2
1273.68815	637.85135	2	59.7526	2
1273.72165	637.86810	2	71.3014	2
1274.54660	638.28060	2	73.6820	1
1274.62830	638.32140	2	46.5287	1
1274.64405	638.32930	2	85.6762	2
1274.65135	638.33295	2	77.6309	2
1274.66235	638.33845	2	69.8241	2
1274.71000	425.91060	3	47.4609	1
1274.76000	638.38730	2	80.0226	2
1275.54115	638.77785	2	45.4237	2
1275.57175	638.79315	2	61.3609	2
1275.64420	426.22200	3	55.4196	1
1275.69320	426.23830	3	63.6184	2
1276.60895	426.54360	3	67.8083	2
1276.63550	639.32500	2	78.0602	2
1276.65335	639.33395	2	91.0724	2
1276.66670	639.34060	2	58.7835	1
1276.67295	639.34375	2	86.9867	2
1276.70440	639.35950	2	79.4254	2
1276.70460	639.35955	2	73.0232	2
1277.63650	426.88610	3	62.9678	1
1277.63820	639.82640	2	62.8603	3
1277.67365	639.84410	2	69.8716	2
1277.68670	426.90285	3	76.9223	2
1277.68805	639.85130	2	76.7759	2
1278.65150	640.33300	2	85.9094	2
1279.62520	640.81990	2	64.3291	1
1279.69400	427.57190	3	54.6393	2
1280.57940	641.29695	2	81.7358	2
1280.74795	641.38125	2	89.1519	2
1281.55635	641.78545	2	40.4075	2
1281.60980	428.21055	3	37.4853	2
1281.61160	641.81305	2	37.4432	2
1281.70480	428.24220	3	42.4170	1
1282.57370	642.29410	2	72.7210	1
1282.58675	642.30065	2	62.3380	2
1283.61665	642.81560	2	71.3617	2
1283.65085	642.83270	2	66.3958	2
1283.65970	642.83710	2	86.4260	1
1283.71940	428.91375	3	44.1902	2
1284.62805	643.32130	2	92.1764	2
1284.69465	643.35460	2	78.6296	2
1284.70330	643.35890	2	70.0852	2
1284.72865	643.37160	2	84.7268	2
1285.66130	429.56105	3	44.0131	2
1285.66295	643.83875	2	43.9303	2
1285.72240	429.58140	3	46.7276	1
1286.64360	644.32910	2	69.9406	2
1286.64500	429.88895	3	69.8768	2
1286.65085	429.89085	3	54.7105	2
1286.68330	644.34895	2	86.4682	2
1286.69925	644.35690	2	69.1045	2
1286.78615	644.40035	2	87.3158	2
1287.62975	644.82215	2	85.8982	2
1287.68295	644.84875	2	74.6671	2
1288.59165	645.30310	2	45.1915	2
1288.60545	645.31000	2	64.5358	2
1288.66200	645.33830	2	46.6219	2
1288.68585	645.35020	2	68.0992	2
1288.72330	645.36890	2	85.2894	2
1289.58870	430.87020	3	60.7236	1
1289.59010	430.87065	3	37.6356	2
1289.62895	645.82175	2	89.8361	2
1289.63020	645.82240	2	63.2959	3
1289.64660	645.83060	2	49.8534	2
1289.70580	430.90920	3	67.9130	1
1290.65520	646.33490	2	55.2721	2
1290.67140	431.23110	3	70.0507	1
1291.57955	646.79705	2	45.3631	2
1291.60445	646.80950	2	51.5672	2
1291.66665	646.84060	2	60.8629	2
1292.66045	431.89410	3	63.0742	2
1293.62390	647.81925	2	56.0325	2
1294.62240	648.31850	2	69.3361	1
1294.73335	648.37395	2	84.0476	2
1294.79785	432.60655	3	68.9123	2
1295.72640	648.87050	2	77.0933	2
1295.74570	648.88010	2	65.3438	2
1295.77185	648.89320	2	89.3521	2
1296.68285	649.34870	2	60.7000	2
1296.68310	433.23500	3	60.7290	1
1296.70505	649.35980	2	70.0033	2
1296.74070	433.25420	3	45.6199	3
1297.23270	649.62365	2	46.2556	4
1297.73530	649.87490	2	66.4700	2
1297.76040	433.59410	3	64.5540	1
1298.59400	650.30430	2	39.0589	2
1298.59850	433.87340	3	38.9872	1
1298.61040	433.87740	3	38.9499	1
1298.68440	650.34950	2	49.0423	1
1298.69360	650.35410	2	48.7863	1
1298.74650	650.38055	2	93.4689	2
1299.56745	650.79100	2	37.8078	2
1299.62860	650.82155	2	75.6900	2
1299.69420	650.85440	2	81.1098	2
1299.70470	650.85960	2	58.7983	2
1299.71560	650.86510	2	58.3966	1
1300.62410	651.31935	2	87.3817	2
1300.70260	651.35860	2	64.2794	2
1300.71030	651.36240	2	93.3359	2
1300.74010	651.37730	2	76.8929	2
1300.76220	651.38840	2	76.4165	2
1300.77585	651.39520	2	86.5689	2
1301.60995	651.81225	2	43.4288	2
1301.63580	434.88590	3	41.9970	2
1301.69930	651.85695	2	69.7282	2
1302.66085	652.33770	2	67.8590	2
1303.51445	652.76450	2	66.4010	2
1303.74940	652.88200	2	76.7266	1
1304.61115	653.31285	2	43.6383	2
1304.73440	653.37445	2	80.3751	2
1305.59640	436.20610	3	35.2338	1
1305.61670	436.21285	3	32.7120	2
1305.62435	653.81945	2	51.7824	2
1305.63630	436.21935	3	62.7983	2
1305.67470	653.84465	2	62.4895	2
1305.70525	653.85990	2	74.7916	2
1306.58180	436.53455	3	41.5351	2
1306.60830	654.31140	2	48.5382	1
1306.65170	436.55780	3	41.0368	2
1306.67250	654.34350	2	32.7752	2
1306.67535	654.34495	2	77.0603	2
1307.66220	654.83840	2	62.3768	2
1308.71965	655.36710	2	88.3753	2
1308.72415	437.24865	3	88.4461	2
1308.74240	655.37845	2	61.1483	2
1308.77740	655.39600	2	74.1724	2
1309.14935	655.58195	2	64.0134	4
1310.12265	656.06860	2	69.5177	4
1310.68060	656.34755	2	82.0213	2
1311.57095	656.79275	2	60.7610	2
1311.58245	656.79850	2	50.8666	2
1311.65480	656.83470	2	90.0593	1
1311.71485	438.24555	3	61.4541	2
1311.76670	656.89060	2	85.8179	2
1313.61325	657.81390	2	64.3081	2
1313.69265	438.90480	3	53.4227	2
1313.69370	657.85410	2	53.4587	2
1313.70130	657.85795	2	88.3859	2
1313.71865	438.91350	3	63.2615	2
1313.72040	657.86745	2	86.5315	2
1313.74475	438.92215	3	55.1044	2
1314.69675	658.35565	2	64.1007	2
1314.69790	658.35625	2	49.7374	2
1314.69985	439.24055	3	49.6748	2
1315.65750	658.83600	2	74.0839	1
1315.68000	658.84730	2	61.2003	2
1315.71115	658.86285	2	66.1128	2
1315.77025	439.59735	3	64.5962	2
1315.77080	658.89270	2	64.6173	1
1316.64830	659.33140	2	84.2487	1
1316.67535	439.89905	3	65.6420	2
1316.73405	659.37430	2	98.0119	2
1317.61065	440.21080	3	54.0134	2
1317.64150	659.82805	2	43.8122	2
1317.74820	440.25670	3	77.2320	2
1318.66210	660.33830	2	80.4661	2
1319.63460	660.82460	2	54.3998	2
1319.66140	660.83800	2	89.1464	1
1319.66380	440.89520	3	55.2723	2
1319.69065	660.85260	2	83.1841	2
1320.59610	661.30530	2	73.6980	2
1320.62320	661.31885	2	42.3581	2
1320.63715	441.21965	3	52.3853	2
1320.68380	661.34920	2	75.8156	3
1321.76530	441.59570	3	82.6945	2
1321.76570	661.89010	2	82.7654	2
1322.66620	662.34040	2	90.5845	2
1322.67225	662.34340	2	65.6336	2
1324.69250	663.35355	2	79.5782	2
1324.73350	663.37400	2	64.5749	1
1324.78380	442.60185	3	66.9523	2
1325.74770	663.88110	2	84.9196	1
1326.62100	664.31780	2	61.9045	2
1326.68905	443.23695	3	33.0947	2
1326.68990	664.35225	2	33.1001	2
1326.74270	664.37865	2	76.1741	2
1327.65360	443.55845	3	58.3216	2
1327.78660	664.90060	2	96.9094	2
1328.74570	443.92250	3	43.6937	2
1328.75230	443.92470	3	73.6606	1
1328.75395	665.38425	2	73.3433	2
1329.60760	665.81110	2	42.3607	2
1329.65280	665.83370	2	60.2425	1
1329.65380	665.83420	2	44.7913	2
1329.69370	665.85410	2	78.6198	1
1329.69410	444.23860	3	67.6610	2
1329.76660	665.89060	2	82.8417	1
1330.71240	666.36345	2	62.9050	2
1330.78230	666.39840	2	87.6704	2
1330.78255	444.60145	3	87.7991	2
1331.67580	666.84520	2	75.9844	2
1331.70780	666.86120	2	64.8451	1
1331.70955	666.86205	2	82.2911	2
1331.72865	666.87160	2	94.0443	2
1331.74565	666.88010	2	83.9125	2
1331.76740	666.89095	2	47.1292	2
1332.64590	667.33025	2	48.8646	2
1332.70260	667.35860	2	84.4095	2
1334.66215	445.89465	3	47.6402	2
1334.71935	668.36695	2	55.0855	2
1334.71975	445.91385	3	55.0697	2
1334.72445	668.36950	2	78.1608	2
1335.59720	668.80590	2	52.9504	3
1335.63905	668.82680	2	73.3460	2
1336.74400	446.58860	3	44.7160	1
1336.74690	669.38070	2	44.7310	2
1337.66360	669.83910	2	78.1229	1
1337.67140	669.84295	2	74.9474	2
1338.55820	670.28640	2	41.1494	1
1338.61325	670.31390	2	62.1748	2
1338.66825	670.34140	2	64.5227	2
1338.66985	447.23055	3	64.6548	2
1338.71940	670.36695	2	74.2116	2
1339.65295	670.83375	2	65.9913	2
1339.74530	447.58905	3	57.3332	2
1339.75360	670.88405	2	83.3500	2
1339.77240	670.89350	2	95.7572	2
1339.78280	447.60150	3	50.1176	1
1340.59855	671.30655	2	50.4061	2
1340.72970	671.37210	2	63.3642	1
1341.19670	671.60565	2	46.3312	4
1341.62200	671.81830	2	76.7031	1
1342.65150	448.55780	3	39.5606	2
1342.65235	448.55805	3	55.4810	2
1342.69355	672.35405	2	72.0930	2
1342.70980	448.57720	3	57.6651	1
1342.70995	672.36225	2	64.0051	2
1342.73540	672.37500	2	82.6746	3
1343.76600	448.92930	3	55.8579	2
1343.76740	672.89100	2	55.9111	2
1344.68310	673.34880	2	54.5581	2
1344.71450	673.36455	2	67.5620	2
1344.72955	449.25045	3	73.8939	2
1344.74505	673.37980	2	84.0752	2
1344.74610	449.25595	3	69.8842	2
1344.79720	673.40590	2	98.6611	1
1345.61150	673.81300	2	39.6728	1
1345.62180	449.54790	3	35.3632	2
1345.62195	673.81825	2	35.3997	2
1345.66490	673.83975	2	60.0280	2
1346.57730	674.29590	2	41.5093	2
1346.67505	674.34480	2	74.7677	2
1346.68455	674.34955	2	81.2665	2
1346.76675	674.39065	2	70.6486	2
1346.76745	449.92975	3	70.5894	2
1347.58040	674.79750	2	53.7251	1
1347.66755	674.84105	2	89.8660	2
1347.72120	674.86790	2	86.6532	1
1347.74680	450.25620	3	65.2507	2
1347.74760	674.88110	2	65.3413	2
1347.76525	450.26235	3	85.1082	2
1349.59170	675.80310	2	34.7614	1
1349.68275	675.84865	2	71.1865	2
1349.69060	675.85260	2	62.2273	1
1350.60930	676.31190	2	41.4653	1
1350.64200	676.32830	2	77.8439	1
1350.68620	451.23600	3	75.4615	2
1350.71590	676.36525	2	75.3329	2
1351.63810	451.55330	3	36.3755	2
1351.64185	676.82820	2	61.9663	2
1351.71140	451.57770	3	51.0945	1
1352.13040	677.07250	2	37.2700	4
1352.59535	451.87235	3	32.5702	2
1352.63960	677.32710	2	64.5857	1
1352.72925	451.91705	3	56.4390	2
1352.75635	677.38545	2	69.5578	2
1353.72370	677.86910	2	89.5553	2
1353.72670	677.87060	2	67.0810	2
1354.72760	678.37105	2	91.0186	2
1355.71415	678.86435	2	89.3629	2
1355.71530	678.86490	2	87.1678	2
1355.73110	678.87285	2	57.6853	2
1355.77820	678.89640	2	83.5767	2
1356.73640	679.37545	2	61.4082	2
1356.74780	453.25650	3	49.8855	2
1356.75235	679.38345	2	49.9410	2
1357.66370	453.56180	3	51.1379	3
1357.66595	679.84025	2	51.1852	2
1357.67330	453.56500	3	32.0557	1
1357.67450	679.84455	2	32.1423	2
1357.74625	453.58935	3	59.7685	2
1357.74665	679.88060	2	59.8726	2
1358.62950	680.32200	2	61.0033	1
1358.66150	680.33800	2	58.0884	2
1358.66570	680.34010	2	90.4599	2
1358.66990	453.89720	3	47.0416	2
1358.67820	453.90000	3	40.4503	1
1358.67990	680.34725	2	40.4701	2
1358.74110	680.37780	2	84.4149	2
1358.75615	680.38535	2	94.0602	2
1359.68370	680.84910	2	68.6713	2
1359.68710	454.23630	3	40.2327	2
1359.83665	454.28615	3	58.3170	2
1360.58640	454.53610	3	35.9200	2
1360.58890	681.30170	2	36.0066	1
1360.69935	681.35695	2	77.1917	2
1361.66825	681.84140	2	41.9078	2
1361.72450	681.86950	2	73.2116	2
1362.55930	682.28695	2	51.3044	2
1362.58975	682.30215	2	49.5880	2
1362.64700	682.33080	2	54.7911	1
1362.71170	682.36310	2	89.4759	1
1362.71530	682.36495	2	59.2794	2
1362.71600	682.36530	2	73.6238	1
1362.71955	682.36705	2	85.1028	2
1362.73000	455.25060	3	58.6225	2
1363.65385	682.83420	2	64.2874	2
1363.68580	682.85020	2	74.5947	1
1363.69085	455.57090	3	46.6287	2
1363.69185	682.85320	2	46.7168	2
1364.59255	683.30355	2	52.4839	2
1364.59270	455.87150	3	52.4053	1
1364.65800	683.33630	2	78.3711	3
1364.68370	683.34910	2	62.6789	2
1364.71850	683.36655	2	66.2030	2
1364.73410	683.37435	2	70.8803	2
1365.66745	683.84100	2	85.9385	2
1365.67940	683.84695	2	57.2013	2
1365.68035	456.23405	3	57.1900	2
1366.73275	456.58485	3	38.6210	2
1366.75900	456.59360	3	38.7111	2
1367.65415	456.89195	3	52.6036	2
1367.67400	456.89860	3	51.4178	2
1367.68570	684.85015	2	53.0603	2
1367.68820	456.90330	3	53.1595	1
1367.71310	684.86380	2	73.3638	1
1367.76865	684.89160	2	84.8678	2
1367.77905	684.89680	2	76.8346	2
1368.03715	685.02585	2	34.8862	4
1368.64650	457.22275	3	69.2352	2
1368.74945	685.38200	2	75.9576	2
1368.79750	457.27310	3	65.5599	2
1369.67335	457.56505	3	53.3902	2
1369.79600	685.90530	2	56.1671	3
1370.28640	457.76940	3	56.5293	4
1370.72345	686.36900	2	80.8999	2
1370.82040	686.41750	2	96.5351	2
1371.68285	686.84870	2	75.1348	2
1371.71150	686.86300	2	92.7154	1
1371.73885	458.25355	3	50.6551	2
1371.74650	458.25610	3	55.9739	2
1372.58450	687.29950	2	65.0506	1
1372.68400	687.34925	2	67.7731	2
1372.71995	458.58055	3	55.7011	2
1372.72160	687.36810	2	55.7525	1
1373.69080	458.90420	3	39.6719	2
1373.69120	687.85290	2	39.7695	2
1373.69490	687.85475	2	76.1439	2
1373.73970	458.92050	3	72.3927	1
1373.74145	687.87800	2	72.3178	2
1373.75160	687.88305	2	58.1517	2
1374.68750	459.23645	3	48.9817	2
1374.68940	688.35200	2	48.9583	2
1374.70790	688.36120	2	74.8269	2
1374.76220	459.26135	3	79.8178	2
1374.76375	688.38915	2	79.8791	2
1374.78765	688.40110	2	85.7399	2
1375.56885	459.53020	3	41.1562	2
1375.71360	459.57850	3	77.8154	1
1375.71910	688.86685	2	80.9669	2
1376.70905	689.36180	2	91.0185	2
1376.71405	689.36430	2	84.8565	2
1376.71885	689.36670	2	66.5798	2
1376.73010	459.91730	3	50.9895	2
1376.85010	459.95730	3	68.1609	2
1377.67200	689.84325	2	84.5773	2
1377.67885	689.84670	2	76.8659	2
1377.68700	689.85075	2	34.5994	2
1377.68825	460.23665	3	34.5693	2
1377.69525	460.23905	3	89.7828	2
1377.69550	689.85505	2	89.4161	2
1378.23260	690.12360	2	86.1122	4
1378.69760	690.35605	2	61.1687	2
1378.75715	690.38585	2	95.7840	2
1379.67400	690.84430	2	59.7044	1
1379.76605	460.92930	3	74.3372	2
1379.76725	690.89090	2	74.3719	2
1379.77105	690.89280	2	81.6077	2
1380.79920	691.40690	2	77.9902	2
1381.66750	691.84105	2	67.2819	2
1381.74620	691.88035	2	74.6424	2
1382.65185	692.33320	2	77.7295	2
1382.75980	692.38715	2	79.0261	2
1382.84920	692.43190	2	79.8287	2
1382.84945	461.95710	3	79.8233	2
1383.54005	692.77730	2	28.6714	2
1383.68155	462.23445	3	44.7994	2
1384.63980	462.55390	3	56.6166	2
1384.66335	693.33895	2	57.1078	2
1384.67050	693.34250	2	84.9762	1
1384.73355	462.58510	3	65.5327	2
1384.75730	693.38590	2	84.6662	2
1385.73445	693.87450	2	76.6167	2
1385.75275	693.88365	2	63.3509	2
1386.72455	463.24875	3	67.7051	2
1387.63120	694.82290	2	76.4860	1
1387.68760	694.85110	2	83.8821	1
1387.69455	694.85455	2	57.8032	2
1387.72865	463.58350	3	85.5144	2
1387.72940	694.87195	2	85.6555	2
1388.55440	695.28450	2	56.2798	1
1388.70505	695.35980	2	53.0127	2
1389.73445	695.87450	2	88.7132	2
1390.75645	464.59275	3	69.3748	2
1391.69400	696.85425	2	61.4698	2
1391.69415	464.90535	3	61.5576	2
1391.70470	696.85965	2	53.8544	2
1392.61755	465.21310	3	60.6051	2
1392.63730	697.32590	2	65.9419	1
1392.66830	697.34140	2	64.3423	2
1393.64470	697.82960	2	69.9978	2
1393.65325	697.83390	2	72.3469	2
1393.67775	697.84615	2	71.8150	2
1393.69195	697.85325	2	83.7902	2
1393.70290	697.85875	2	78.6847	2
1393.70345	465.57510	3	56.9481	2
1395.65110	698.83280	2	59.0914	2
1395.71020	466.24400	3	41.6233	2
1395.71150	698.86305	2	41.6300	2
1396.67845	699.34650	2	78.5655	2
1396.80455	699.40955	2	67.8770	2
1397.60325	466.87500	3	47.9433	2
1397.71640	699.86545	2	52.1409	2
1397.79670	699.90560	2	80.8999	2
1398.62740	700.32100	2	53.2734	2
1398.70510	700.35980	2	91.3697	1
1398.77145	700.39300	2	65.1659	2
1399.66410	700.83930	2	62.1275	1
1399.69360	700.85410	2	55.3366	2
1399.69900	467.57360	3	49.4357	1
1401.57060	701.79260	2	43.6409	2
1401.71005	701.86230	2	43.3864	2
1401.71060	468.24415	3	43.3269	2
1401.76105	468.26095	3	82.1163	2
1401.76270	701.88865	2	82.0071	2
1401.77730	468.26640	3	40.4859	1
1402.75160	702.38305	2	78.3782	2
1403.63990	702.82725	2	61.7797	2
1403.73945	468.92040	3	70.8115	2
1403.74060	468.92080	3	42.0795	2
1403.74175	702.87815	2	42.1170	2
1403.74220	702.87840	2	70.5994	2
1404.73025	703.37240	2	76.9903	2
1404.79870	703.40665	2	69.2877	2
1405.65260	703.83360	2	57.0803	2
1406.66250	469.89480	3	52.7587	1
1406.71600	704.36530	2	75.6206	2
1407.72645	704.87050	2	50.7701	2
1407.72940	470.25040	3	50.7034	2
1407.78380	470.26855	3	67.6204	2
1407.78390	470.26855	3	61.4156	2
1407.78540	704.90000	2	67.8121	1
1408.65000	705.33225	2	78.7282	2
1408.66330	705.33890	2	71.7905	3
1408.66795	705.34125	2	40.5622	2
1409.68670	705.85065	2	69.7844	2
1409.73995	470.92060	3	50.1652	2
1410.69270	706.35360	2	66.7038	1
1410.69965	706.35710	2	56.5865	2
1410.72440	471.24870	3	51.2919	2
1410.72600	706.37030	2	51.3498	1
1410.77260	471.26480	3	58.6849	2
1411.65940	706.83700	2	49.0833	2
1411.71645	471.57940	3	71.4869	2
1411.82860	471.61680	3	74.1702	1
1411.82980	706.92220	2	74.0596	2
1412.64485	707.32970	2	90.7324	2
1412.73000	471.91730	3	74.9712	1
1412.77535	707.39495	2	52.0232	2
1412.81350	707.41405	2	84.2991	2
1412.83940	471.95375	3	68.2790	2
1412.84015	707.42735	2	68.3457	2
1413.67375	707.84415	2	39.1030	2
1413.76620	707.89035	2	62.6795	2
1414.72395	708.36925	2	61.7882	2
1414.73115	472.58435	3	48.4942	2
1414.73125	708.37290	2	83.0535	2
1414.73230	708.37340	2	48.5299	2
1414.77200	708.39330	2	82.3809	1
1415.65060	708.83260	2	94.2038	2
1415.68905	708.85180	2	58.7378	2
1415.72860	708.87160	2	47.0237	1
1415.76005	472.92730	3	41.6768	2
1416.72425	473.24870	3	66.8003	2
1416.72605	709.37030	2	65.9285	2
1416.78000	473.26730	3	60.2162	2
1417.66650	709.84050	2	69.6331	2
1417.66840	709.84150	2	56.4253	2
1417.68095	473.56760	3	47.7013	2
1417.68150	709.84800	2	47.6802	2
1417.71025	709.86240	2	75.4560	2
1418.69960	473.90715	3	44.2448	2
1418.70835	710.36145	2	58.9506	2
1418.70895	710.36175	2	81.8957	2
1419.66325	710.83890	2	58.2058	2
1419.69815	474.24000	3	52.1979	2
1419.69890	710.85670	2	52.2332	2
1419.75535	474.25905	3	52.4794	2
1419.81385	710.91420	2	82.5648	2
1420.65080	711.33265	2	47.7932	6
1421.80315	474.94165	3	65.0059	2
1422.59395	475.20525	3	38.5879	2
1422.59630	712.30540	2	38.6707	1
1422.67330	475.23170	3	42.2137	2
1422.68535	712.34995	2	66.7955	2
1422.75305	712.38380	2	80.0075	2
1423.66945	712.84200	2	83.7046	2
1424.66190	713.33820	2	69.5659	2
1424.71955	713.36705	2	68.1098	2
1424.75215	713.38335	2	59.9683	2
1424.81320	713.41390	2	93.0660	1
1424.81500	475.94560	3	93.0925	1
1425.80955	713.91205	2	75.2193	2
1425.81865	476.28015	3	63.5872	2
1426.79300	714.40380	2	44.5881	2
1427.64275	714.82865	2	47.2864	2
1427.72545	476.91575	3	53.6419	2
1427.72665	714.87060	2	53.5740	2
1427.79865	714.90660	2	84.2013	2
1428.71200	477.24460	3	47.2425	2
1428.78005	477.26730	3	78.1284	2
1429.74895	715.88175	2	64.8499	2
1429.75590	477.59255	3	61.5076	2
1429.75615	715.88535	2	61.5964	2
1429.76095	715.88775	2	52.7691	2
1429.79925	715.90690	2	99.4544	2
1430.73710	477.91960	3	51.8092	2
1430.76110	716.38780	2	92.4286	2
1430.77855	716.39655	2	87.5489	2
1431.78765	478.26980	3	67.2445	2
1431.79860	716.90655	2	81.2999	2
1432.71675	717.36565	2	46.4765	2
1433.62480	717.81970	2	76.4489	2
1434.74665	718.38060	2	75.0027	2
1435.66310	718.83880	2	39.8857	2
1435.76770	718.89110	2	64.1530	2
1436.69275	479.90485	3	56.7899	2
1436.69560	719.35505	2	56.8616	2
1436.70400	719.35925	2	69.7766	2
1436.76380	479.92850	3	52.8544	2
1436.78680	719.40065	2	63.5975	2
1436.78715	479.93630	3	63.5270	2
1437.69265	719.85360	2	64.8444	2
1438.58850	480.53675	3	31.7595	2
1439.64650	720.83050	2	49.2687	2
1439.79890	720.90670	2	74.3077	2
1440.81915	721.41685	2	80.8408	2
1441.63270	721.82360	2	78.5329	1
1441.83015	721.92235	2	87.7351	2
1442.65230	722.33345	2	85.3912	2
1442.66860	722.34155	2	52.2622	2
1442.68835	722.35145	2	81.3856	2
1442.73390	481.91860	3	50.7104	2
1443.67520	722.84490	2	44.7625	2
1443.77175	482.26455	3	66.2746	2
1443.81000	722.91225	2	75.2274	2
1443.84640	722.93050	2	81.0766	2
1444.66905	723.34180	2	57.1714	2
1444.67750	723.34600	2	86.4978	2
1444.73200	482.58460	3	51.7081	1
1444.74415	723.37935	2	72.0353	2
1444.77100	482.59760	3	62.0802	2
1444.81115	723.41285	2	89.2986	2
1446.71120	724.36290	2	62.9622	1
1446.71150	724.36305	2	63.6908	2
1447.73335	724.87395	2	69.1640	2
1447.75530	483.59240	3	57.8301	2
1448.71255	725.36355	2	57.8032	2
1448.74475	725.37965	2	84.5127	2
1449.67770	725.84610	2	63.5315	2
1449.71395	725.86425	2	75.3929	2
1449.78275	484.26815	3	52.5489	2
1449.86695	484.29625	3	61.6818	2
1449.86730	725.94095	2	61.7575	2
1449.88265	725.94860	2	87.5866	2
1450.72500	726.36975	2	83.3757	2
1450.73500	726.37480	2	91.2005	2
1450.81810	484.61330	3	67.1349	1
1451.66325	484.89500	3	50.0034	2
1451.81970	484.94715	3	67.6841	2
1452.77025	485.26405	3	58.5862	2
1452.79880	727.40670	2	92.1142	2
1453.76045	727.88750	2	57.2618	2
1454.73075	728.37265	2	80.4660	2
1454.87155	728.44305	2	78.3154	2
1454.87260	485.96480	3	78.3782	2
1455.69780	486.23990	3	69.3167	2
1455.70030	728.85745	2	69.3463	2
1455.83730	728.92595	2	82.5168	2
1457.78760	486.93650	3	83.0795	2
1457.78960	729.90210	2	83.1165	2
1459.67200	730.84330	2	76.3470	1
1459.70535	730.85995	2	59.5236	2
1459.70955	730.86205	2	68.8274	2
1459.74360	730.87910	2	64.7193	2
1459.83925	487.62035	3	77.2808	2
1459.84130	730.92795	2	77.3468	2
1460.79920	731.40690	2	75.4531	1
1461.72170	488.24780	3	52.9661	1
1461.83745	488.28640	3	78.6710	2
1461.83900	731.92675	2	78.8186	2
1462.68590	732.35020	2	66.1514	2
1462.71330	732.36390	2	66.7352	1
1463.27075	732.64265	2	62.6827	4
1463.67545	488.89910	3	63.9337	2
1463.67590	732.84520	2	64.0469	1
1463.70905	488.91025	3	67.7432	2
1463.70920	732.86185	2	67.5565	2
1463.70995	732.86225	2	81.3602	2
1463.74010	488.92065	3	73.4713	2
1463.75325	732.88390	2	73.2537	2
1464.30255	733.15855	2	66.2610	4
1464.74965	489.25715	3	83.2528	2
1464.79265	489.27150	3	67.0887	6
1464.79390	733.40425	2	62.7338	2
1465.73395	733.87425	2	88.2155	2
1466.66515	489.89565	3	45.0664	2
1466.67870	734.34660	2	76.0044	1
1466.74130	734.37790	2	90.0813	1
1466.77335	489.93170	3	45.1916	2
1467.82150	490.28110	3	57.2996	3
1468.68855	735.35155	2	54.1883	2
1470.74660	491.25610	3	67.4347	2
1470.74855	491.25680	3	57.1944	2
1470.79890	736.40675	2	90.2416	2
1470.84585	736.43020	2	84.5422	2
1471.71000	736.86230	2	54.9803	2
1471.74090	736.87770	2	66.2956	2
1471.75605	491.59260	3	68.3991	2
1471.75780	736.88620	2	68.4485	1
1472.73660	491.91950	3	58.4675	2
1472.73765	737.37610	2	58.5230	2
1472.75490	737.38470	2	82.2257	1
1472.77595	491.93255	3	60.5869	2
1473.76340	492.26170	3	72.9073	2
1473.76390	492.26190	3	76.1317	1
1474.76825	738.39140	2	80.4113	2
1475.77405	492.93195	3	64.0764	2
1476.69370	739.35410	2	53.4356	2
1476.70995	739.36225	2	66.1730	2
1477.74350	739.87900	2	86.0721	2
1477.76185	739.88820	2	73.5403	2
1478.77685	740.39570	2	75.6527	2
1480.68870	494.57020	3	37.6797	2
1480.71790	741.36625	2	86.7294	2
1480.78880	494.60350	3	65.9150	1
1480.78940	494.60370	3	65.8901	1
1480.83770	494.61985	3	59.9372	2
1482.81455	742.41455	2	91.1585	2
1482.82925	742.42190	2	69.5373	2
1483.71400	495.57860	3	62.8525	2
1483.74570	495.58920	3	30.9472	1
1483.76350	742.88900	2	77.5714	2
1484.77380	495.93190	3	40.9629	1
1484.80935	743.41195	2	84.4804	2
1484.82280	495.94820	3	76.3214	2
1484.82295	743.41875	2	76.3814	2
1485.82425	743.91940	2	88.7242	2
1486.71965	496.58045	3	77.1568	2
1486.76495	744.38975	2	72.5384	2
1486.77810	496.60000	3	55.0250	1
1486.78100	496.60090	3	68.5115	2
1486.78320	744.39885	2	68.4509	2
1488.64890	745.33170	2	49.8435	1
1488.74165	497.25450	3	46.1399	2
1488.74325	745.37890	2	46.1246	2
1488.79470	497.27220	3	60.5214	2
1489.70470	497.57550	3	58.7666	2
1489.74640	745.88050	2	91.7021	2
1490.21805	746.11630	2	58.8607	2
1490.73570	497.91915	3	58.9083	2
1491.81130	746.91290	2	91.0133	1
1492.70940	747.36200	2	48.8568	1
1492.73930	498.58700	3	77.6362	2
1492.80715	498.60965	3	78.0295	2
1493.64805	498.88995	3	40.2587	2
1493.64840	747.83150	2	40.3148	1
1493.74755	498.92315	3	57.4049	2
1493.74790	747.88120	2	57.3682	2
1495.83935	748.92695	2	82.9209	2
1495.85460	499.62545	3	83.7046	2
1495.85620	748.93535	2	83.7731	2
1495.87350	499.63180	3	71.0227	2
1496.68690	749.35070	2	86.7674	2
1496.72940	499.91710	3	66.3613	1
1496.76300	499.92825	3	57.6969	2
1496.76370	749.38915	2	66.0501	2
1496.78630	749.40045	2	72.3791	2
1496.82410	749.41935	2	93.1460	2
1498.76150	750.38800	2	76.4957	2
1498.78010	750.39735	2	69.7525	2
1498.79910	500.60700	3	48.0917	1
1498.84195	750.42825	2	86.3486	2
1499.71335	500.91170	3	56.7973	2
1499.77540	750.89500	2	87.0410	1
1500.76090	751.38770	2	57.1589	1
1500.76250	501.26145	3	57.0731	2
1500.79520	501.27235	3	60.5166	2
1500.79555	751.40505	2	60.5485	2
1500.81520	501.27900	3	66.7953	3
1500.81640	501.27940	3	70.7674	1
1501.28625	751.65040	2	73.5123	4
1501.71675	751.86565	2	52.0794	2
1501.71765	501.57980	3	52.0156	2
1501.81380	751.91420	2	79.3422	1
1502.74725	752.38090	2	89.3333	2
1503.79595	752.90525	2	82.1609	2
1504.74855	502.59015	3	55.2800	2
1504.79800	753.40630	2	70.5991	2
1504.87715	502.63300	3	82.0689	2
1505.65400	502.89190	3	48.3762	2
1505.72540	502.91570	3	62.4636	2
1505.92100	753.96780	2	94.5350	2
1506.72440	754.36950	2	90.8226	1
1506.79420	754.40440	2	67.5239	2
1506.79480	754.40470	2	61.4641	1
1507.71490	503.57890	3	65.0716	2
1507.73180	503.58450	3	53.5663	1
1508.74225	755.37840	2	88.3096	2
1508.81150	503.94440	3	49.8789	2
1508.81390	755.41420	2	49.8634	2
1509.65735	504.22640	3	47.8853	2
1509.65940	755.83700	2	47.9581	2
1509.74605	504.25595	3	53.0087	2
1510.70575	756.36015	2	71.9156	2
1510.71375	504.57855	3	58.9407	2
1510.71480	756.36465	2	58.9708	2
1510.74445	756.37950	2	76.0719	2
1510.75310	504.59165	3	58.6798	2
1511.71515	756.86485	2	43.7583	2
1511.71600	504.91260	3	43.7334	3
1511.78690	756.90075	2	100.9110	2
1511.85815	756.93635	2	82.0774	2
1512.79900	757.40680	2	85.4829	1
1512.87610	757.44535	2	86.4763	2
1513.69620	757.85540	2	70.2061	2
1513.75000	757.88225	2	79.0511	2
1513.87445	757.94450	2	98.4301	2
1514.72250	505.91480	3	57.7940	2
1514.72390	758.36920	2	57.8909	2
1514.79920	758.40690	2	92.8031	2
1514.79980	758.40715	2	67.7376	2
1514.80380	505.94185	3	46.7149	2
1514.85625	505.95935	3	91.5027	2
1514.85645	758.43550	2	91.3978	2
1515.71770	506.24650	3	79.3521	2
1515.71920	758.86690	2	79.2630	2
1515.75250	506.25810	3	34.5049	2
1515.75380	758.88420	2	51.5279	1
1515.75460	758.88455	2	34.5156	2
1515.76150	758.88800	2	90.2689	2
1515.77275	506.26485	3	79.8876	2
1515.82390	758.91925	2	80.5333	2
1516.77930	759.39695	2	75.8107	2
1516.79900	506.60690	3	49.9673	1
1516.80110	759.40785	2	81.0242	2
1516.83420	759.42435	2	81.6105	2
1517.71450	506.91210	3	55.4140	1
1517.73040	759.87245	2	63.5975	2
1517.73705	759.87580	2	71.2205	2
1517.80810	506.94330	3	78.1228	2
1517.81060	759.91260	2	78.2000	2
1518.79340	760.40400	2	85.4776	2
1518.92580	507.31590	3	64.3823	1
1520.71850	761.36655	2	78.9165	2
1520.73630	761.37545	2	53.7959	2
1521.79270	508.27150	3	45.9289	2
1521.79925	761.90690	2	45.9982	2
1523.86795	508.96325	3	78.5739	2
1523.88195	762.94825	2	91.4561	2
1524.74015	763.37735	2	73.2852	2
1524.82930	509.28370	3	70.8352	1
1526.72110	764.36780	2	86.6915	1
1526.73215	764.37335	2	36.1062	2
1526.73325	509.91835	3	35.9507	2
1527.71070	510.24420	3	37.4297	2
1528.79955	765.40705	2	73.8343	2
1528.80995	510.61060	3	70.8695	2
1529.66170	510.89450	3	39.0243	3
1529.66435	765.83945	2	40.1080	2
1529.84180	510.95455	3	65.5763	2
1529.85630	510.95935	3	81.3055	2
1529.85930	765.93690	2	81.3502	1
1530.80375	511.27520	3	68.0522	2
1531.69885	511.57355	3	65.6597	2
1531.77420	766.89435	2	66.8305	2
1531.80055	766.90755	2	69.7497	2
1531.81195	766.91325	2	86.6610	2
1532.79660	767.40560	2	73.1877	2
1532.82310	767.41885	2	83.5685	2
1533.72470	767.86960	2	72.6188	1
1533.72610	767.87030	2	72.5877	1
1533.74330	512.25505	3	37.2934	2
1533.74575	512.25585	3	51.1257	2
1533.74620	767.88040	2	69.4349	2
1533.79945	767.90700	2	74.4750	2
1533.79980	767.90715	2	98.9596	2
1534.29730	768.15590	2	75.3018	4
1535.67125	512.89770	3	39.1634	2
1535.67810	768.84630	2	61.1043	2
1535.78355	512.93510	3	69.8848	2
1537.72195	513.58125	3	80.9614	2
1538.82540	770.42000	2	80.0296	2
1540.80660	514.60950	3	64.4199	1
1540.82120	514.61430	3	48.5221	1
1541.78715	771.90085	2	59.2197	2
1541.81665	771.91560	2	70.6890	2
1541.83060	514.95080	3	76.8386	1
1541.83075	771.92265	2	76.7653	2
1542.77160	515.26445	3	55.2109	2
1542.79095	772.40275	2	62.5633	2
1546.69860	774.35660	2	67.9452	2
1547.77205	516.93130	3	55.3263	2
1547.82085	774.91770	2	72.0297	2
1547.83205	774.92330	2	59.2408	2
1547.83210	516.95130	3	59.3641	2
1548.77710	517.26630	3	72.2198	2
1548.77785	775.39620	2	72.1816	2
1548.80060	517.27415	3	62.5256	2
1548.92525	775.46990	2	81.4567	2
1549.74425	517.58865	3	64.2721	2
1549.74485	775.87970	2	64.4121	2
1549.82775	775.92115	2	74.4356	2
1550.68840	517.90340	3	35.2692	2
1550.74125	517.92100	3	52.3230	2
1550.74930	776.38190	2	52.4004	2
1550.76895	517.93025	3	58.4633	2
1550.76975	776.39215	2	58.4719	2
1551.71580	518.24585	3	38.3040	2
1551.77470	518.26550	3	41.0285	2
1551.85165	776.93310	2	91.5214	2
1553.83200	518.95125	3	82.7272	2
1553.83360	777.92405	2	82.7327	2
1555.73910	778.87685	2	73.4074	2
1555.74960	519.59045	3	52.7946	2
1555.76440	519.59540	3	56.6685	1
1555.78970	778.90215	2	84.6744	2
1555.84330	778.92890	2	83.4081	1
1555.85755	519.62645	3	35.6432	2
1555.88330	519.63505	3	79.2058	2
1556.84775	779.43115	2	92.1225	2
1557.78355	779.89905	2	81.0628	2
1558.77580	780.39515	2	68.6714	2
1558.80150	520.60780	3	63.3122	1
1559.75190	520.92455	3	72.8701	2
1559.82050	780.91750	2	88.8987	2
1559.83675	780.92565	2	87.5731	2
1560.80650	781.41050	2	86.5527	1
1560.80820	781.41140	2	80.7359	5
1560.84160	781.42810	2	87.2025	2
1560.84325	781.42890	2	80.4967	2
1560.84670	521.28950	3	66.3930	1
1561.78170	521.60120	3	83.4025	1
1561.78940	781.90200	2	77.8923	2
1561.83610	781.92530	2	89.0925	2
1562.77370	521.93180	3	68.5663	1
1562.77470	521.93220	3	68.5980	1
1563.80455	522.27545	3	74.8910	2
1564.29800	783.15630	2	75.0675	4
1564.71750	783.36605	2	54.5499	2
1564.71790	522.57990	3	54.5009	1
1564.74210	783.37835	2	56.9157	2
1565.83300	522.95160	3	68.3622	1
1567.82565	784.92010	2	83.1165	2
1567.89540	784.95500	2	98.8425	1
1569.87815	785.94635	2	78.0295	2
1569.91205	785.96330	2	88.7186	2
1570.74505	524.58895	3	53.1289	2
1570.81020	786.41240	2	60.1864	2
1571.68380	524.90190	3	57.0082	1
1572.78260	787.39860	2	59.5866	2
1572.83090	525.28420	3	80.5405	1
1572.83200	787.42330	2	80.7106	1
1573.68570	525.56920	3	43.5865	1
1573.76610	787.89030	2	66.9496	1
1573.77950	787.89700	2	88.5828	1
1573.82685	787.92070	2	82.6277	2
1574.71100	788.36280	2	72.4539	3
1575.78640	788.90050	2	71.9986	1
1576.75430	789.38445	2	76.3512	2
1577.76930	526.93040	3	73.5813	3
1577.77025	789.89240	2	92.0514	2
1577.78930	789.90195	2	77.2156	2
1578.75415	790.38435	2	74.8323	2
1578.83860	527.28680	3	72.1528	2
1578.85345	527.29175	3	57.8585	2
1578.87375	527.29850	3	85.0410	2
1578.87395	790.44425	2	85.0466	2
1580.70070	527.90750	3	42.5305	1
1580.80550	527.94245	3	63.4376	2
1580.92915	527.98365	3	77.3549	2
1581.76490	791.88970	2	67.3450	2
1583.86965	528.96385	3	72.0682	2
1584.74150	529.25445	3	68.1832	2
1585.68820	793.85140	2	65.2451	3
1585.82280	529.61490	3	66.9654	1
1586.87450	794.44450	2	87.3478	3
1587.85440	794.93450	2	87.6652	1
1587.85745	530.29310	3	66.3066	2
1588.72810	795.37135	2	71.9392	2
1588.75940	530.59370	3	59.8671	2
1589.81955	795.91705	2	85.4238	2
1589.82070	530.94750	3	85.4850	2
1590.76270	796.38865	2	79.9469	2
1590.79590	531.27255	3	87.7300	2
1590.79820	796.40640	2	83.2180	2
1591.74810	531.58995	3	45.4883	2
1591.74970	796.88215	2	45.5450	2
1591.80455	796.90955	2	60.1728	2
1591.86425	796.93940	2	88.1181	2
1592.91540	797.46500	2	73.7228	2
1593.74105	532.25430	3	56.3125	2
1593.74325	797.87890	2	56.3755	2
1593.94925	797.98190	2	83.6762	2
1594.74900	532.59030	3	72.5991	1
1595.80180	798.90820	2	93.5826	1
1595.86345	532.96175	3	51.4455	2
1596.76805	533.26330	3	53.9117	2
1596.77965	799.39710	2	69.6274	2
1597.86680	799.94070	2	71.7038	1
1597.88185	799.94820	2	82.8551	2
1598.84315	533.95500	3	84.0167	2
1598.84750	800.43105	2	83.8894	2
1599.78780	800.90120	2	44.1872	1
1599.84750	800.93100	2	76.0194	2
1599.89930	534.30700	3	78.8080	2
1599.90100	534.30760	3	64.7468	2
1599.90380	800.95920	2	64.7898	2
1600.29270	534.43815	3	65.0608	4
1600.84280	534.62150	3	66.0198	2
1600.86760	801.44110	2	65.3386	1
1601.72725	801.87090	2	53.3128	2
1602.80030	802.40740	2	77.7154	1
1602.86470	802.43965	2	74.3773	2
1603.81115	802.91285	2	82.6100	2
1604.74510	803.37985	2	65.7305	2
1605.81600	803.91530	2	78.3340	1
1607.84790	804.93120	2	86.6964	2
1607.90485	536.97555	3	81.5365	2
1609.83805	537.61995	3	90.6606	2
1609.83905	805.92680	2	90.7323	2
1610.71920	806.36690	2	66.8569	1
1610.78345	537.93505	3	66.7112	2
1610.90655	806.46055	2	99.6200	2
1610.97225	537.99805	3	72.6708	2
1611.78920	806.90190	2	66.2388	2
1611.79075	806.90265	2	76.2392	2
1612.86815	807.44135	2	90.5843	2
1612.90530	538.64240	3	78.5372	2
1613.90265	807.95860	2	82.2733	2
1614.76490	808.38970	2	90.2912	1
1614.84185	808.42820	2	78.9707	2
1615.75800	539.59330	3	58.6417	1
1615.85830	539.62670	3	74.3021	2
1616.73220	539.91800	3	48.8937	2
1616.92430	539.98200	3	63.0554	1
1617.78645	809.90050	2	45.5883	2
1620.86340	541.29510	3	87.6433	2
1620.86460	811.43955	2	87.6135	2
1621.82830	811.92145	2	86.0586	2
1621.87300	811.94380	2	72.1965	2
1622.76495	541.92890	3	39.4689	2
1622.79820	541.94000	3	83.3130	2
1622.79980	812.40720	2	83.3765	1
1622.82890	812.42170	2	69.4942	1
1623.86110	812.93780	2	89.2117	1
1625.77455	813.89455	2	79.0878	2
1625.77745	813.89600	2	82.2965	2
1625.87380	542.96520	3	67.8176	1
1626.85790	543.29325	3	58.2630	2
1626.86000	814.43730	2	58.2899	2
1627.74975	814.88215	2	68.6389	2
1628.79155	815.40305	2	95.7704	2
1628.81660	815.41555	2	57.7712	2
1628.81695	543.94625	3	57.7059	2
1629.87325	815.94390	2	70.9395	2
1629.88820	815.95140	2	90.2500	2
1630.84540	544.62240	3	83.6059	2
1630.84570	816.43015	2	83.7418	2
1631.88820	544.97000	3	75.0551	1
1631.92430	544.98205	3	73.1180	2
1631.92570	816.97010	2	73.1563	2
1632.77840	545.26670	3	47.4343	2
1633.84265	545.62150	3	81.2916	2
1634.89000	545.97060	3	54.7957	2
1635.76615	546.26265	3	55.7314	2
1636.93945	819.47700	2	93.1899	2
1638.84100	547.28760	3	77.3798	2
1639.74095	820.87775	2	63.3872	2
1639.87635	547.63275	3	79.4481	2
1639.87780	820.94620	2	79.5144	2
1639.88120	547.63435	3	96.7652	2
1639.88290	820.94870	2	96.6274	2
1640.84760	547.95650	3	48.4053	2
1641.88395	821.94925	2	85.6553	2
1642.69115	822.35285	2	48.0144	2
1642.80565	822.41010	2	60.1533	2
1642.85215	548.62465	3	49.5544	2
1642.85315	822.43385	2	49.5633	2
1642.88375	548.63515	3	81.0242	2
1643.79100	548.93760	3	48.2884	2
1643.82850	822.92150	2	76.2900	2
1643.84140	548.95440	3	68.1848	2
1645.90500	549.64230	3	68.9761	2
1646.83900	549.95360	3	62.6790	2
1646.87205	549.96460	3	74.9248	2
1648.96440	413.24840	4	59.6103	2
1648.96995	550.66390	3	59.5521	2
1649.93665	825.97560	2	78.2802	2
1651.89870	826.95665	2	89.9690	2
1651.92585	551.64920	3	86.2934	2
1651.92700	826.97080	2	86.2850	2
1653.87335	552.29840	3	77.5128	2
1653.92155	552.31445	3	78.2539	2
1654.78785	828.40120	2	71.9802	2
1654.82245	552.61475	3	79.7649	2
1654.89545	828.45500	2	82.5024	2
1655.76405	552.92860	3	50.0914	2
1657.82025	829.91740	2	90.0266	2
1657.91925	553.64705	3	85.0578	2
1658.79165	553.93780	3	55.5187	2
1658.83705	830.42580	2	80.2189	2
1659.90995	554.31060	3	80.6768	2
1659.91205	830.96330	2	80.7430	2
1660.74000	554.58725	3	66.4621	2
1660.84300	554.62160	3	63.7183	2
1661.90490	831.95975	2	79.3886	2
1662.83055	832.42255	2	71.0627	2
1664.80895	833.41175	2	80.6280	2
1664.84355	833.42905	2	74.4605	2
1666.86840	556.63010	3	78.4376	2
1666.87850	834.44655	2	82.2359	2
1666.91880	834.46665	2	84.0083	2
1667.81470	556.94550	3	58.9685	1
1667.86455	834.93955	2	78.4492	2
1668.81415	557.27865	3	58.4425	2
1669.85385	835.93420	2	72.7865	2
1670.83595	836.42525	2	98.3020	2
1670.88320	557.96835	3	56.4296	2
1671.71460	558.24550	3	51.9178	1
1673.90020	837.95735	2	77.9562	2
1673.90035	558.97405	3	78.0655	2
1674.88645	838.45050	2	93.3054	2
1675.73610	419.94130	4	31.8993	2
1675.73780	559.58650	3	31.8694	2
1677.81525	560.27900	3	72.0624	2
1678.00250	560.34140	3	67.2100	2
1681.82230	841.91840	2	77.0545	2
1681.90100	561.64095	3	81.6962	2
1681.90115	841.95785	2	81.6361	2
1681.92865	841.97160	2	94.8138	2
1682.80085	842.40770	2	89.0327	2
1682.89375	842.45415	2	80.5616	2
1682.90280	561.97490	3	86.4689	1
1682.92590	561.98255	3	79.3970	2
1682.93150	561.98440	3	82.8684	1
1682.93260	842.47360	2	72.8105	1
1683.88590	842.95020	2	78.4866	2
1684.74095	422.19250	4	28.1802	2
1684.74140	562.58775	3	28.1538	2
1684.91665	843.46560	2	82.1953	2
1685.91515	562.97900	3	66.8924	2
1686.87610	563.29930	3	65.2634	2
1687.91625	844.96540	2	89.4215	2
1688.74080	845.37770	2	33.7691	1
1688.87220	563.96465	3	59.3428	2
1688.88225	845.44840	2	84.9970	2
1689.22415	564.08200	3	34.0164	4
1689.71680	423.43645	4	34.6379	2
1689.84145	564.28775	3	59.5577	2
1690.96255	564.66145	3	65.1869	2
1692.81860	847.41655	2	85.2660	2
1692.97170	847.49310	2	91.9328	2
1693.94020	565.65400	3	84.1293	1
1694.80445	565.94205	3	51.2149	2
1695.32975	848.67215	2	70.7738	4
1696.77535	849.39495	2	64.3713	2
1696.84750	849.43105	2	87.6843	2
1696.90890	566.64360	3	86.9811	1
1696.90900	849.46180	2	86.8354	2
1697.90325	566.97505	3	79.5725	2
1697.90510	849.95985	2	79.6063	2
1698.00950	567.01045	3	84.5069	2
1698.01195	850.01325	2	84.6092	2
1698.89090	567.30420	3	41.5016	1
1698.89790	850.45625	2	85.9742	2
1698.89825	567.30670	3	86.0608	2
1698.90625	567.30935	3	59.6774	2
1699.86690	567.62955	3	77.4226	2
1700.91095	851.46275	2	81.7862	2
1701.86975	568.29720	3	62.2825	2
1703.81675	568.94620	3	61.6914	2
1703.92125	568.98105	3	64.7248	2
1704.72575	569.24920	3	28.7867	2
1704.72870	427.18945	4	28.8364	2
1704.91720	569.31300	3	72.1184	1
1704.91800	569.31330	3	72.0120	1
1705.83790	569.61990	3	48.1483	3
1705.83920	853.92690	2	48.2524	2
1705.88280	569.63490	3	70.9795	3
1705.88380	853.94920	2	71.0867	1
1705.92110	569.64760	3	68.7824	1
1706.88685	854.45070	2	89.7749	2
1706.90465	569.97550	3	85.6981	4
1706.90540	854.46000	2	84.9077	3
1706.91275	854.46365	2	79.0624	2
1707.80490	854.90970	2	82.5652	1
1707.88790	854.95125	2	95.4353	2
1707.89730	570.30635	3	78.9594	6
1707.97955	854.99705	2	80.1492	2
1708.76120	570.59430	3	57.0378	1
1709.97950	571.00040	3	77.6822	1
1710.01905	571.01365	3	81.9443	2
1712.88800	571.96990	3	68.0120	2
1712.88915	857.45185	2	67.9168	2
1712.93910	571.98700	3	70.2610	2
1714.90000	572.64060	3	63.8958	2
1714.90075	858.45765	2	63.9678	2
1714.90580	858.46015	2	71.9744	2
1716.97240	573.33140	3	69.1905	1
1717.86360	573.62850	3	73.2747	2
1717.86595	859.94025	2	73.3140	2
1720.90630	861.46045	2	79.2190	2
1721.76015	861.88735	2	39.4767	2
1722.87465	575.29880	3	77.4419	2
1722.89555	575.30575	3	77.6657	2
1723.02530	575.34900	3	71.1189	2
1723.02710	862.52085	2	71.1577	2
1724.90810	575.97660	3	67.9439	1
1724.94010	575.98730	3	82.2301	2
1726.01610	576.34595	3	83.9207	2
1726.93615	576.65265	3	75.2581	2
1728.78955	577.27045	3	64.9478	2
1728.93430	577.31870	3	60.7611	1
1729.00635	577.34270	3	84.4357	2
1730.75720	577.92635	3	66.1830	2
1730.89615	866.45535	2	74.2638	2
1730.89800	866.45630	2	90.2634	1
1731.04835	578.02335	3	91.1047	2
1731.88800	866.95130	2	70.4299	1
1733.87375	578.96520	3	77.3185	2
1733.87600	867.94525	2	77.4837	2
1735.88055	579.63410	3	80.4314	2
1735.96835	868.99145	2	99.9100	2
1736.84015	579.95400	3	81.8839	2
1736.84390	869.42925	2	81.8522	2
1737.92725	580.31635	3	80.2105	2
1738.80325	870.40890	2	69.8843	2
1738.82110	580.61430	3	67.4054	2
1738.82120	580.61430	3	61.3203	2
1739.84360	580.95510	3	71.7413	1
1739.88555	580.96915	3	69.6875	2
1742.87365	581.96515	3	68.8544	2
1743.79995	872.90725	2	69.0421	2
1743.81040	872.91250	2	51.9889	2
1743.86425	582.29535	3	50.3431	2
1744.90195	582.64125	3	73.0041	2
1745.91320	582.97835	3	75.6650	2
1746.79785	874.40620	2	91.6693	2
1748.87380	583.96520	3	64.3932	1
1749.86385	875.93920	2	63.1257	2
1749.86535	584.29570	3	63.1668	2
1750.01080	584.34420	3	57.4331	2
1750.01275	876.01365	2	57.4950	2
1752.89050	585.30410	3	50.1046	2
1752.98860	585.33680	3	87.9957	2
1752.99085	877.50270	2	87.9271	2
1754.86550	878.44000	2	76.8249	1
1755.86045	878.93750	2	72.2803	2
1756.88810	586.63660	3	80.8926	2
1756.88940	879.45200	2	80.8097	2
1757.92290	586.98160	3	75.8496	1
1757.92480	586.98220	3	75.8018	1
1758.79000	880.40230	2	49.9982	1
1758.83450	587.28540	3	78.8607	1
1759.84920	587.62365	3	67.2738	2
1760.93980	881.47715	2	89.7088	2
1761.89770	588.30650	3	75.5683	2
1762.84170	882.42815	2	77.7293	2
1763.83130	588.95100	3	68.8773	1
1763.83230	882.92340	2	63.0629	2
1763.92480	588.98220	3	85.5690	1
1764.32425	589.11535	3	64.2078	4
1765.00020	589.34070	3	94.4654	1
1765.00500	883.50980	2	94.4264	2
1766.94825	884.48140	2	85.8383	2
1767.03220	590.01800	3	83.6016	2
1767.82360	590.28180	3	66.1051	2
1767.84990	590.29055	3	90.8251	2
1767.86940	884.94200	2	90.8444	1
1767.97690	590.33290	3	90.9857	2
1768.90195	885.45825	2	81.5210	2
1769.02015	590.68065	3	82.4534	2
1770.00510	591.00900	3	75.6287	2
1771.91505	591.64560	3	77.4316	2
1772.33480	887.17470	2	78.5569	4
1774.88650	592.63610	3	59.9584	2
1774.88705	888.45080	2	59.9372	2
1776.82955	889.42205	2	64.9365	2
1776.89670	593.30620	3	68.7389	2
1778.99035	594.00405	3	73.4434	2
1778.99105	890.50280	2	73.3772	2
1779.98845	891.00150	2	74.9471	2
1780.40380	594.47520	3	54.8227	4
1782.87830	595.30000	3	77.5357	2
1784.88185	595.96790	3	63.6495	2
1784.88190	893.44820	2	63.7744	2
1784.91465	595.97880	3	56.5768	2
1784.91610	893.46530	2	56.6940	1
1785.89070	893.95260	2	89.9631	2
1788.91380	597.31185	3	37.9415	2
1789.92830	895.97140	2	83.7333	2
1793.91950	897.96705	2	86.0099	2
1794.81795	898.41625	2	64.7305	2
1794.86035	898.43745	2	83.4826	2
1794.98630	898.50040	2	81.1152	2
1796.85635	599.95935	3	76.1049	2
1796.88040	599.96740	3	85.8710	2
1796.97910	600.00030	3	72.6859	3
1800.99630	601.33940	3	84.2540	1
1804.86765	602.62980	3	67.4053	2
1804.89650	602.63945	3	79.6399	2
1804.97100	602.66430	3	80.2533	2
1804.97560	903.49510	2	80.5203	1
1805.35970	903.68710	2	66.7995	4
1805.38845	903.70150	2	74.9401	4
1806.03690	603.01960	3	73.7247	1
1806.82865	603.28350	3	63.7852	2
1806.88445	904.44950	2	70.4722	2
1809.91555	905.96505	2	74.6308	2
1809.99615	906.00535	2	75.0133	2
1809.99665	604.33950	3	74.9104	2
1813.94480	907.97965	2	85.3702	2
1814.80200	605.94125	3	82.0461	2
1814.80370	908.40915	2	82.1404	2
1814.97045	605.99745	3	67.8886	2
1815.94215	606.32135	3	73.9910	2
1815.98070	908.99760	2	88.5506	1
1816.89040	606.63740	3	80.6664	1
1817.86450	606.96210	3	71.1078	1
1817.90245	606.97475	3	50.8010	2
1820.89490	607.97225	3	74.5302	2
1820.91380	607.97855	3	80.8282	2
1821.06310	608.02830	3	85.9382	2
1821.84735	608.28975	3	82.3880	2
1821.90060	608.30745	3	54.4288	2
1823.90550	608.97580	3	70.1447	2
1825.86325	609.62835	3	56.8254	2
1825.86415	913.93935	2	56.9293	2
1825.89625	913.95540	2	68.8905	2
1827.93970	610.32050	3	75.7426	1
1827.96930	610.33035	3	67.0471	2
1827.97050	914.99255	2	66.9905	2
1828.91480	915.46470	2	85.8798	2
1828.95215	915.48335	2	75.0661	2
1828.99135	915.50295	2	85.4103	2
1830.85640	611.29275	3	65.5134	2
1832.00885	611.67685	3	74.3960	2
1832.90990	611.97720	3	73.5322	1
1832.91650	611.97945	3	78.2193	2
1833.90990	612.31060	3	79.0877	2
1833.93815	917.97635	2	81.9243	2
1833.96970	612.33050	3	89.8576	1
1835.79730	612.93970	3	61.2102	2
1836.04825	613.02335	3	75.2832	2
1838.11570	613.71250	3	75.9216	1
1838.95675	613.99285	3	65.6333	2
1839.99280	614.33820	3	66.0448	1
1840.89530	614.63900	3	79.8690	1
1840.89800	614.63990	3	79.9513	1
1841.01510	614.67895	3	71.7139	2
1841.01650	921.51555	2	71.6515	2
1841.86085	614.96090	3	50.6143	2
1842.93210	615.31800	3	67.1680	1
1842.97230	615.33135	3	73.4798	2
1844.89090	615.97090	3	64.6601	2
1844.91065	615.97750	3	69.2243	2
1845.98950	616.33710	3	88.0584	2
1845.99570	924.00515	2	88.2589	2
1846.79155	924.40305	2	73.5726	2
1846.96655	924.49055	2	86.6884	2
1852.01875	927.01665	2	84.8298	2
1853.92820	618.98330	3	62.5736	1
1854.92640	928.47050	2	93.8970	1
1856.85725	619.95970	3	56.2891	2
1856.87935	929.44695	2	84.5476	2
1860.94700	621.32295	3	90.7622	2
1860.95150	931.48305	2	90.8359	2
1861.00005	621.34060	3	77.5039	2
1861.98825	621.67000	3	85.1284	2
1862.81900	621.94690	3	61.7764	2
1862.87155	932.44305	2	88.9343	2
1863.98780	622.33655	3	90.4258	2
1864.88560	622.63580	3	74.6939	1
1867.83960	623.62050	3	55.3205	1
1867.89440	934.95450	2	90.9582	1
1868.83505	935.42480	2	65.1919	2
1872.89815	625.30665	3	54.9488	2
1873.94640	625.65605	3	77.9226	2
1876.99355	626.67175	3	76.9653	2
1879.78040	627.60075	3	36.1145	2
1880.97525	627.99900	3	64.6575	2
1882.97680	628.66620	3	72.8636	2
1882.97685	942.49570	2	72.8142	2
1883.88520	942.94985	2	77.4978	2
1883.92260	628.98150	3	72.3983	1
1884.87195	943.44325	2	78.2975	2
1884.87570	629.29920	3	68.7763	1
1885.87475	943.94465	2	67.2766	2
1885.92080	943.96770	2	85.9575	1
1886.90085	944.45770	2	70.6887	2
1886.90255	629.97475	3	70.5891	2
1888.01000	630.34390	3	83.4396	1
1890.94885	631.32355	3	76.0442	2
1892.06715	947.04085	2	84.7399	2
1893.98040	632.33405	3	59.8995	2
1899.87990	950.94720	2	72.0888	1
1903.93260	635.65145	3	79.4532	2
1904.97175	635.99785	3	77.0268	2
1904.97180	953.49315	2	77.1178	2
1909.98065	478.50245	4	73.0619	2
1909.99820	637.67330	3	77.7598	2
1910.00210	956.00830	2	77.8208	1
1910.17380	637.73185	3	81.2325	2
1911.89185	956.95320	2	74.4353	2
1911.99625	957.00540	2	83.1611	2
1912.91380	638.64520	3	34.8686	1
1913.09915	638.70700	3	72.6597	2
1914.98290	958.49870	2	70.6380	1
1915.05455	479.77095	4	76.5040	2
1915.47330	639.49835	3	71.1224	4
1916.95280	639.99155	3	68.0034	2
1918.85050	640.62410	3	48.2159	1
1921.00020	641.34070	3	84.5047	1
1921.93935	961.97695	2	97.8150	2
1924.02045	642.34745	3	79.9130	2
1926.99865	643.34015	3	91.7612	2
1930.94310	644.65500	3	85.1696	2
1932.83810	645.28660	3	58.8480	2
1932.84170	967.42810	2	58.9024	1
1934.07250	645.69810	3	88.7103	1
1935.08030	646.03400	3	80.7046	1
1935.92810	646.31665	3	67.1512	2
1937.94370	969.97910	2	87.5080	1
1937.94720	646.98970	3	80.4313	2
1939.01990	647.34720	3	76.5612	2
1941.88060	648.30080	3	58.7022	1
1942.04195	648.35460	3	78.1662	2
1942.47790	648.49990	3	87.1229	4
1942.96450	972.48950	2	87.9606	1
1944.98340	649.33505	3	68.2515	2
1945.89620	649.63930	3	67.9379	1
1947.92800	650.31660	3	73.9424	1
1947.98705	975.00080	2	81.8636	2
1947.98745	650.33640	3	81.9815	2
1950.98010	651.33400	3	73.4107	2
1951.99310	977.00380	2	89.2195	2
1954.89680	978.45570	2	82.5107	2
1955.93975	652.98720	3	60.4306	2
1956.05815	653.02665	3	83.2237	2
1956.90075	653.30755	3	67.5589	2
1956.95845	653.32675	3	64.4959	2
1956.99315	979.50385	2	76.9874	2
1961.05140	654.69105	3	89.4404	2
1961.05515	981.53485	2	89.4948	2
1963.04915	655.35700	3	76.6634	2
1966.93750	656.65310	3	76.2899	2
1970.98280	658.00150	3	62.0206	2
1973.07020	658.69730	3	61.0079	2
1973.07095	494.27500	4	61.0552	2
1978.89940	660.64040	3	37.8665	2
1979.03285	660.68485	3	88.7430	2
1984.02795	662.34995	3	80.6564	2
1984.02970	993.02215	2	80.5903	2
1985.95970	993.98710	2	74.0522	1
1988.04785	663.68990	3	72.4180	2
1989.02540	664.01575	3	75.4973	2
1992.05880	665.02690	3	81.1730	2
1994.00680	665.67620	3	95.0468	2
1994.00680	998.01070	2	94.9691	2
2002.98700	668.66960	3	68.6128	2
2003.03470	668.68550	3	90.4483	2
2003.03635	1002.52545	2	90.5212	2
2004.09090	669.03760	3	80.3412	2
2009.03700	670.68630	3	59.4036	2
2009.08375	670.70185	3	78.5060	2
2009.99610	671.00600	3	93.6694	1
2010.00520	1006.00990	2	93.2998	1
2011.00280	1006.50870	2	78.0824	1
2011.00460	671.34210	3	78.0886	1
2019.06470	674.02880	3	95.5169	1
2026.12400	676.38190	3	86.8877	1
2026.12890	1014.07175	2	86.9377	2
2027.05990	676.69390	3	88.8793	2
2031.02660	678.01610	3	88.6776	1
2033.06225	678.69470	3	73.9688	2
2034.06000	679.02730	3	72.6244	1
2037.04225	680.02135	3	66.4568	2
2041.07700	681.36630	3	81.3964	2
2041.97880	681.66690	3	73.7905	3
2043.01235	1022.51345	2	83.6412	2
2043.01245	682.01140	3	83.5151	2
2047.98230	683.66805	3	48.7412	2
2048.06130	1025.03790	2	96.6222	1
2048.95865	683.99350	3	77.5930	2
2049.04440	684.02210	3	88.2339	1
2058.07860	1030.04660	2	98.4576	1
2059.00735	687.34305	3	78.4490	2
2059.96780	1030.99120	2	85.7085	1
2060.01640	687.67940	3	93.8299	1
2060.05100	687.69090	3	87.8893	1
2060.06350	687.69510	3	87.9546	1
2060.94740	687.98975	3	64.8225	2
2064.03075	1033.02265	2	89.5853	2
2064.96105	1033.48780	2	85.5313	2
2067.99095	690.33760	3	70.1176	2
2070.96010	1036.48735	2	73.4130	2
2076.04930	693.02370	3	68.5479	2
2079.02930	694.01705	3	75.3268	2
2080.10240	521.03290	4	71.7795	2
2080.10375	694.37520	3	71.8548	2
2086.03685	1044.02570	2	89.5492	2
2089.05370	697.35850	3	76.1937	2
2092.08815	698.36995	3	75.1562	2
2093.98045	1047.99750	2	87.1040	2
2094.94315	699.32165	3	51.7515	2
2104.07180	702.36450	3	74.0419	3
2105.13900	702.72030	3	91.9188	1
2114.12725	705.71635	3	96.5348	2
2119.05360	707.35850	3	65.0055	2
2126.14440	1064.07945	2	78.6293	2
2131.17835	711.40005	3	84.9297	2
2137.12290	713.38155	3	71.3412	2
2143.09400	715.37190	3	82.9122	2
2148.10670	717.04285	3	62.4083	2
2151.09640	718.03940	3	79.3477	1
2156.01520	719.67900	3	66.9902	2
2161.14380	721.38855	3	87.4510	2
2169.12270	724.04815	3	77.6017	2
2170.03050	724.35075	3	77.4082	2
2180.97975	728.00050	3	68.0333	2
2190.06810	731.02995	3	75.5623	2
2190.06880	1096.04170	2	75.5259	2
2201.11735	734.71305	3	74.5748	2
2205.01550	736.01240	3	72.7651	2
2205.10060	1103.55755	2	100.5661	2
2205.10280	736.04155	3	100.7001	2
2227.05335	743.35835	3	55.7910	2
2250.02300	751.01490	3	47.0358	2
2269.26145	757.42775	3	84.6032	2
2279.05500	760.69230	3	69.8288	1
2282.08215	761.70130	3	65.1320	2
2282.23140	571.56510	4	70.9149	1
2284.23140	762.41775	3	92.1273	2
2291.01905	1146.51680	2	68.3147	2
2291.01975	764.68055	3	68.3060	2
2295.09470	766.03880	3	81.0670	1
2297.12415	766.71530	3	71.2507	2
2298.11380	767.04520	3	52.9600	1
2314.08860	772.37010	3	62.1643	1
2376.10190	793.04125	3	51.8400	2
2379.16175	794.06120	3	64.0570	2
2379.16390	595.79825	4	63.9996	2
2389.99450	797.67210	3	62.8548	2
2391.18530	1196.59995	2	96.4515	2
2401.30425	801.44205	3	83.4416	2
2416.23950	806.42045	3	85.9955	2
2427.24020	607.81730	4	61.8287	1
2435.25510	812.75900	3	66.5902	2
2440.34730	814.45635	3	92.7408	2
2460.19385	821.07190	3	86.7941	2
2525.30225	842.77470	3	87.3923	2
2532.23310	845.08495	3	75.3615	2
2549.47165	850.83115	3	84.9761	2
2549.47170	638.37520	4	84.9336	3
2600.20500	867.74230	3	89.9271	1
2620.21670	656.06145	4	66.3365	2
2643.34465	882.12215	3	88.0045	2
2682.32080	895.11420	3	55.5426	1
2782.42500	696.61350	4	92.6296	1
2804.28100	935.76760	3	78.7474	2
3208.55650	803.14640	4	71.6513	2
3536.66615	1179.89600	3	85.5940	2
