mono_mass	mz	charge	rt	n_psm
798.41380	400.21415	2	37.0892	2
798.48460	400.24960	2	56.4948	2
798.49090	400.25270	2	31.3197	1
799.45525	400.73490	2	47.8773	2
800.43890	401.22675	2	42.6620	2
800.43930	401.22695	2	39.0289	2
800.45490	401.23470	2	49.8963	1
801.43570	401.72510	2	35.3906	2
801.46050	401.73750	2	43.6883	1
801.53280	401.77370	2	43.1735	1
802.38625	402.20040	2	37.4827	2
802.49800	402.25630	2	60.7579	1
802.49820	402.25640	2	60.7226	1
805.40840	403.71150	2	43.8139	2
805.44440	403.72950	2	49.9777	2
806.39595	404.20525	2	36.2589	2
806.45420	404.23440	2	59.3984	2
807.41225	404.71345	2	38.6840	2
808.36275	405.18865	2	35.4760	2
808.43980	405.22720	2	34.4776	1
808.44080	405.22770	2	34.4528	1
811.35375	406.68415	2	36.2690	2
812.42070	407.21760	2	41.3257	1
812.43920	407.22690	2	38.7435	2
812.48715	407.25085	2	35.9820	2
812.48770	407.25115	2	43.3492	2
812.51190	407.26320	2	47.6521	2
814.45485	408.23470	2	50.3358	2
814.45585	408.23525	2	41.5356	2
814.51690	408.26570	2	57.5620	2
815.43910	408.72680	2	37.4109	1
815.46890	408.74175	2	55.5560	2
815.47525	408.74490	2	40.8860	2
815.47670	408.74560	2	45.1293	2
815.49775	408.75615	2	36.4943	2
815.51130	408.76295	2	44.8927	2
816.38370	409.19910	2	50.1205	1
816.44935	409.23195	2	65.4640	2
816.45930	409.23690	2	55.8449	2
816.47020	409.24240	2	36.2717	2
817.42910	409.72185	2	33.3057	2
817.45740	409.73600	2	39.1993	1
817.48170	409.74815	2	65.8245	2
818.44050	410.22755	2	51.6120	2
818.49045	410.25250	2	72.8281	2
819.39185	410.70320	2	33.6414	2
819.43125	410.72290	2	62.0236	2
820.43240	411.22350	2	37.7291	1
820.47015	411.24235	2	44.3768	2
820.48770	411.25115	2	70.6428	2
821.42765	411.72115	2	39.4553	2
822.39120	412.20290	2	30.4166	3
822.42370	412.21910	2	41.4648	1
822.42375	412.21915	2	35.5635	2
823.41885	412.71670	2	34.9563	2
823.42670	412.72065	2	53.4023	2
824.54860	413.28160	2	70.1648	2
826.45530	414.23490	2	46.7064	1
826.49100	414.25275	2	41.0314	2
826.49110	414.25285	2	38.4376	2
826.52725	414.27090	2	48.4236	2
826.52725	414.27090	2	68.7121	2
827.49855	414.75655	2	35.8926	2
828.41635	415.21550	2	30.1534	2
828.47590	415.24525	2	37.3738	2
829.45560	415.73510	2	39.0998	5
829.46270	415.73860	2	40.4499	2
829.49105	415.75280	2	54.6272	2
829.49260	415.75360	2	38.1281	1
829.50295	415.75875	2	35.1921	2
831.46965	416.74210	2	33.8914	2
831.49640	416.75545	2	60.9079	2
831.49655	416.75555	2	68.7994	2
832.39285	417.20370	2	33.0662	2
832.43020	417.22240	2	43.9769	1
833.44010	417.72730	2	61.8766	2
834.43550	418.22505	2	36.7376	2
835.44370	418.72910	2	42.0783	2
836.38960	419.20210	2	39.1492	2
836.40135	419.20795	2	40.0049	2
836.43950	419.22705	2	55.5465	2
836.44125	419.22790	2	42.2997	2
837.40305	419.70880	2	46.7954	2
837.40480	419.70970	2	53.1812	1
838.41830	420.21645	2	36.1565	2
839.42975	420.72215	2	53.9541	2
839.58475	420.79965	2	72.1698	2
840.47010	421.24235	2	41.8408	2
840.54310	421.27885	2	73.8966	2
840.54325	421.27895	2	58.5805	2
841.46580	421.74015	2	39.7191	2
841.49260	421.75360	2	53.7382	1
842.42860	422.22160	2	46.5818	2
842.48645	422.25050	2	46.0554	2
842.48670	422.25060	2	41.1284	1
842.48745	422.25100	2	37.2856	2
842.52190	422.26825	2	69.9118	2
842.52265	422.26860	2	47.8877	2
842.53380	422.27415	2	33.1193	2
843.45010	422.73235	2	38.1265	2
843.47340	422.74400	2	38.4023	1
843.48130	422.74790	2	43.5016	3
843.54325	422.77895	2	62.1792	2
844.45595	423.23525	2	52.7163	2
844.46590	423.24020	2	33.9832	2
845.45180	423.73320	2	36.9317	2
845.46070	423.73765	2	36.2118	2
845.46115	423.73785	2	43.0354	2
845.46490	423.73970	2	66.2101	2
845.51265	423.76360	2	64.1404	2
845.53695	423.77580	2	75.2235	2
846.39890	424.20670	2	35.7209	2
846.42460	424.21960	2	44.1462	1
846.42815	424.22135	2	41.6868	2
846.43790	424.22620	2	47.5185	1
846.44850	424.23155	2	60.0573	2
847.42280	424.71870	2	42.7074	1
847.44470	424.72960	2	39.5581	1
848.44000	425.22730	2	40.7457	3
848.44020	425.22740	2	52.0062	2
848.44415	425.22935	2	35.3620	2
849.42030	425.71740	2	45.5587	1
850.45445	426.23450	2	45.2353	2
850.50230	426.25845	2	38.2071	2
851.36930	426.69190	2	39.4678	1
851.40280	426.70870	2	34.2221	2
851.42250	426.71850	2	44.4192	1
851.43930	426.72695	2	35.8560	2
853.36060	427.68755	2	35.5763	2
853.39730	427.70595	2	41.7105	2
854.46035	428.23745	2	38.8275	2
856.43320	429.22390	2	63.4756	2
856.44805	429.23130	2	64.2087	2
856.46970	429.24215	2	48.8792	2
856.51330	429.26390	2	47.2630	2
856.53890	429.27670	2	56.7168	1
856.53960	429.27710	2	56.6823	1
857.44320	429.72890	2	38.6159	1
857.46130	429.73795	2	39.0881	2
857.46245	429.73850	2	41.3914	2
857.49505	429.75480	2	45.2910	2
857.49735	429.75595	2	53.9498	2
858.45755	430.23605	2	43.1023	2
858.46130	430.23790	2	36.6905	3
858.46980	430.24215	2	42.5512	2
859.46440	430.73950	2	36.8559	1
860.42390	431.21925	2	34.8381	2
860.44190	431.22820	2	44.1412	1
860.44270	431.22860	2	44.1158	1
860.46050	431.23750	2	32.4099	2
860.46150	431.23810	2	41.2245	1
860.46775	431.24115	2	46.0984	4
861.44445	431.72950	2	43.5489	2
861.49990	431.75720	2	47.5535	1
861.50790	431.76125	2	74.4221	2
862.38700	432.20075	2	38.0801	2
863.45105	432.73280	2	48.1248	2
863.45110	432.73285	2	33.7044	2
864.41905	433.21680	2	48.5005	2
864.43505	433.22480	2	51.8427	2
864.50645	433.26050	2	62.9497	2
865.41420	433.71440	2	38.5450	1
865.50120	433.75790	2	34.4280	1
866.49865	434.25660	2	41.1492	2
867.41640	434.71550	2	48.8267	2
867.43395	434.72425	2	38.2005	2
868.45965	435.23710	2	36.5820	2
869.49640	435.75545	2	33.1786	2
869.53310	435.77380	2	58.9792	2
869.53345	435.77400	2	51.4609	2
869.55905	435.78680	2	65.9807	2
870.44935	436.23195	2	53.4247	2
870.48135	436.24795	2	41.8307	2
870.51710	436.26580	2	57.1323	2
870.55410	436.28430	2	49.5778	2
871.44370	436.72910	2	37.3451	2
871.45145	436.73300	2	39.6902	2
871.53880	436.77665	2	58.5018	2
872.47370	437.24410	2	38.5245	2
872.49685	437.25570	2	41.0680	2
872.51510	437.26485	2	62.8578	2
873.47020	437.74240	2	44.2263	2
873.47190	437.74320	2	49.3639	2
873.48040	437.74750	2	47.3578	2
873.49550	437.75500	2	66.4912	2
874.43375	438.22415	2	43.6931	2
874.45845	438.23650	2	48.6494	2
874.46600	438.24030	2	41.7981	1
874.46885	438.24170	2	34.4454	2
874.47860	438.24660	2	35.3292	1
875.49020	438.75240	2	28.5110	1
875.52270	438.76860	2	48.7770	2
875.52280	438.76870	2	60.0845	2
876.41325	439.21390	2	38.1471	2
876.49520	439.25485	2	66.9102	2
877.43010	439.72230	2	42.3214	1
877.45430	439.73440	2	36.1489	2
877.46605	439.74030	2	48.4710	2
877.50950	439.76205	2	69.0193	2
878.43240	440.22345	2	46.8069	2
878.48620	440.25040	2	49.0341	2
878.48665	440.25060	2	53.5694	2
880.41300	441.21380	2	37.5426	1
880.42910	441.22185	2	42.3877	2
880.54930	441.28190	2	52.4242	1
881.51530	441.76490	2	54.2992	1
882.52875	442.27165	2	37.9980	2
883.53780	442.77620	2	50.0357	2
883.53820	442.77640	2	59.8921	1
883.53830	442.77645	2	57.8098	2
883.55990	442.78720	2	37.7865	1
884.44025	443.22740	2	43.0909	2
884.54340	443.27895	2	53.1932	2
884.57295	443.29375	2	58.3231	2
885.42370	443.71910	2	37.8990	2
885.43540	443.72500	2	41.3306	1
885.44440	443.72945	2	33.7642	2
885.48905	443.75180	2	34.2516	2
885.49200	443.75325	2	48.6236	2
885.49205	443.75330	2	50.6879	2
885.55310	443.78385	2	64.0738	2
886.47450	444.24450	2	39.9252	1
886.48650	444.25055	2	41.4459	2
886.51310	444.26385	2	46.9626	2
886.52260	444.26860	2	44.2704	1
887.46030	444.73740	2	35.1872	2
887.48580	444.75020	2	54.6120	1
888.46655	445.24055	2	37.0458	2
889.45860	445.73660	2	49.8306	2
889.46620	445.74040	2	47.1021	2
889.47725	445.74590	2	40.2996	2
889.48500	445.74975	2	69.2007	2
890.50500	446.25980	2	43.6071	2
891.44485	446.72970	2	48.2996	2
891.44835	446.73145	2	45.2478	2
891.48200	446.74830	2	62.1866	1
891.49790	446.75620	2	66.0975	2
891.50710	446.76085	2	65.4656	2
892.44060	447.22760	2	39.1328	3
893.45455	447.73455	2	45.1573	8
893.46125	447.73790	2	35.4252	2
893.60635	447.81045	2	74.7197	2
894.45660	448.23560	2	33.1615	2
895.44755	448.73105	2	58.8647	2
895.46560	448.74010	2	40.2991	1
895.46600	448.74030	2	40.3283	1
896.53315	449.27385	2	53.7727	2
897.40540	449.71000	2	65.8173	2
897.50295	449.75875	2	32.6245	2
898.40770	450.21115	2	65.4178	2
898.48735	450.25095	2	34.2002	2
898.49075	450.25270	2	43.3972	2
898.54850	450.28150	2	66.0663	2
898.56115	450.28785	2	54.1785	2
899.43830	450.72640	2	52.6521	2
899.45040	450.73245	2	39.7724	2
899.50825	450.76140	2	55.0765	2
899.51540	450.76495	2	59.4070	2
900.46165	451.23810	2	40.3027	2
900.49300	451.25380	2	51.6572	1
900.50350	451.25905	2	49.5877	2
900.53830	451.27640	2	42.9269	2
901.41270	451.71365	2	48.0621	2
901.43350	451.72400	2	38.1845	1
901.47600	451.74530	2	57.6809	2
901.48640	451.75050	2	45.6577	2
901.48660	451.75055	2	32.7508	2
901.52410	451.76930	2	41.5135	2
902.41325	452.21390	2	46.7201	2
902.49610	452.25530	2	39.2848	1
902.50720	452.26090	2	45.1710	1
903.48185	452.74820	2	52.0858	2
903.51050	452.76250	2	64.6508	1
903.52890	452.77170	2	41.1108	1
903.54325	452.77890	2	68.0546	2
905.45285	453.73370	2	42.9642	2
905.45365	453.73410	2	64.8970	2
906.46655	454.24055	2	31.0111	2
906.49860	454.25660	2	35.7911	1
906.51700	454.26575	2	47.0203	2
907.45180	454.73320	2	36.2016	2
907.49990	454.75720	2	47.4934	1
907.50090	454.75770	2	54.0136	3
908.50680	455.26070	2	53.8803	1
908.56930	455.29195	2	56.1233	2
909.42645	455.72050	2	43.6181	2
909.42720	455.72085	2	54.3378	2
909.45570	455.73510	2	39.0298	1
909.47525	455.74490	2	69.5922	2
911.38075	456.69765	2	32.9344	2
911.47530	456.74490	2	59.8059	1
911.48925	456.75190	2	42.0562	2
911.58045	456.79750	2	57.1964	2
912.54740	457.28100	2	41.3080	1
912.56530	457.28995	2	63.5007	2
913.44780	457.73115	2	40.5635	2
913.47315	457.74385	2	70.4220	2
913.48600	457.75030	2	46.3257	2
913.50940	457.76200	2	32.0102	2
913.54850	457.78150	2	52.8450	2
913.55965	457.78710	2	38.0077	2
913.59595	457.80525	2	39.2887	2
914.50760	458.26105	2	39.9688	2
914.51825	458.26640	2	45.1602	2
914.54300	458.27880	2	52.0859	1
915.44960	458.73205	2	36.0854	2
915.46775	458.74115	2	41.6299	2
915.50240	458.75850	2	31.4934	2
915.52160	458.76810	2	48.6792	1
915.53930	458.77690	2	34.0769	2
916.48565	459.25010	2	40.3086	2
916.49760	459.25605	2	36.6109	2
917.44430	459.72940	2	38.6355	1
917.46490	459.73975	2	33.5490	2
917.48110	459.74780	2	37.2608	2
918.44925	460.23190	2	79.0826	2
918.48415	460.24935	2	52.5117	2
918.49185	460.25320	2	63.4139	2
918.51710	460.26585	2	55.9928	2
918.51830	460.26640	2	62.2843	1
919.40635	460.71045	2	32.0523	2
919.40705	460.71080	2	60.7092	2
919.44390	460.72920	2	46.5632	1
919.51265	460.76360	2	45.8443	2
919.51285	460.76370	2	51.5201	2
919.51560	460.76510	2	56.4016	2
919.52140	460.76795	2	63.9101	2
920.49705	461.25580	2	45.9236	2
920.49725	461.25590	2	49.3095	2
920.50665	461.26060	2	40.5405	2
921.45085	461.73270	2	39.6889	2
921.94855	461.98155	2	36.9197	4
922.43925	462.22690	2	48.5911	2
923.43480	462.72465	2	42.9066	2
923.47170	462.74315	2	39.8480	2
923.58000	462.79730	2	77.0757	1
924.43780	463.22615	2	47.0500	2
924.54110	463.27780	2	51.6797	1
924.56515	463.28985	2	54.5172	2
926.51915	464.26685	2	38.0308	2
926.58015	464.29735	2	59.5970	2
926.59090	464.30270	2	60.6405	2
927.37590	464.69520	2	28.0925	1
927.44470	464.72960	2	45.6528	2
927.56415	464.78935	2	82.2022	2
928.45445	465.23450	2	49.6695	2
928.51660	465.26560	2	40.7654	2
928.52325	465.26890	2	50.4892	2
928.53415	465.27435	2	48.7723	2
928.55960	465.28710	2	61.8466	2
929.45540	465.73500	2	28.7220	1
929.48080	465.74770	2	35.9981	2
929.50675	465.76065	2	54.0039	2
929.51245	465.76350	2	47.2255	2
929.51820	465.76640	2	39.9078	2
929.51835	465.76645	2	35.1247	2
929.51850	465.76655	2	41.9508	2
930.42285	466.21870	2	60.1022	2
930.46630	466.24040	2	34.1658	2
930.47880	466.24665	2	40.8243	2
930.51855	466.26655	2	63.9974	2
930.54025	466.27740	2	36.9952	2
931.44440	466.72950	2	26.4953	2
931.47005	466.74230	2	34.8075	2
931.48670	466.75060	2	47.7387	2
931.50210	466.75835	2	54.9267	2
931.51290	466.76375	2	62.4311	4
931.53375	466.77415	2	66.9146	2
932.44520	467.22990	2	32.1815	1
932.46430	467.23940	2	37.8863	2
932.54415	467.27935	2	41.0654	2
933.43680	467.72570	2	29.9564	2
933.45555	467.73505	2	36.3166	2
933.46535	467.73995	2	50.1471	2
933.48505	467.74980	2	50.5408	2
933.50290	467.75870	2	51.3418	2
933.50735	467.76100	2	86.4565	2
933.52865	467.77160	2	55.3508	2
933.53960	467.77710	2	31.8579	2
934.41520	468.21490	2	39.0476	3
934.45140	468.23300	2	38.3556	3
934.48490	468.24970	2	41.8893	1
934.48620	468.25040	2	42.2186	1
934.48740	468.25100	2	54.1409	1
934.48770	468.25110	2	32.3488	2
934.51310	468.26385	2	49.0025	2
934.51335	468.26395	2	57.4118	2
934.52485	468.26970	2	58.6331	2
935.45430	468.73440	2	35.4688	1
935.47140	468.74295	2	44.0793	2
937.41350	469.71405	2	33.5438	2
937.48705	469.75080	2	39.6851	2
937.51215	469.76335	2	56.7592	2
938.43510	470.22485	2	36.7853	2
939.43110	470.72280	2	61.4992	1
939.48150	470.74805	2	58.5460	2
939.48220	470.74840	2	79.4524	2
939.51490	470.76470	2	31.2092	2
939.55020	470.78240	2	54.8640	2
939.56390	470.78925	2	80.0562	2
940.44390	471.22925	2	44.0425	2
940.52630	471.27040	2	61.0671	2
941.43445	471.72450	2	37.5479	2
941.55480	471.78470	2	49.5350	1
941.56570	471.79015	2	60.9446	2
941.57980	471.79720	2	65.8244	2
941.60615	471.81035	2	78.4733	2
942.48545	472.25000	2	42.8716	2
942.50255	472.25855	2	35.0088	2
942.51355	472.26405	2	47.0138	2
942.53920	472.27685	2	47.6798	2
943.44735	472.73095	2	60.2254	2
943.46605	472.74030	2	34.7717	2
943.48370	472.74910	2	42.7373	3
943.49760	472.75610	2	34.3917	3
943.53750	472.77600	2	45.4004	1
944.42530	473.21990	2	36.3642	3
944.43115	473.22285	2	62.6519	2
944.47555	473.24505	2	54.3966	2
944.49345	473.25400	2	42.2451	2
944.51730	473.26595	2	61.8257	2
944.51810	473.26630	2	46.7995	2
944.51905	473.26680	2	44.3810	2
944.52870	473.27165	2	48.3102	2
944.55440	473.28450	2	53.6518	2
945.45995	473.73725	2	76.2836	2
945.51280	473.76370	2	39.7369	2
945.54980	473.78215	2	57.7985	2
946.50985	474.26220	2	36.0362	2
946.51285	474.26370	2	44.9537	2
946.53375	474.27415	2	36.9392	2
946.54890	474.28175	2	73.3277	2
947.43460	474.72460	2	37.3866	2
947.51495	474.76475	2	70.5304	2
948.46635	475.24045	2	51.8551	2
948.46705	475.24080	2	43.2767	2
948.61185	475.31320	2	55.5269	2
949.42790	475.72120	2	33.0156	1
949.48470	475.74960	2	38.5627	2
949.48630	475.75045	2	53.1927	2
949.49095	475.75275	2	85.9129	2
949.52745	475.77100	2	78.6793	2
950.45395	476.23425	2	48.9983	2
950.48205	476.24830	2	45.7700	2
950.48265	476.24860	2	47.9113	2
950.48585	476.25020	2	72.6802	2
950.50080	476.25765	2	58.5533	2
950.50830	476.26145	2	50.5610	2
951.49115	476.75285	2	59.2587	2
951.51750	476.76600	2	79.3233	1
952.44860	477.23160	2	46.0755	1
952.45010	477.23230	2	42.0209	2
952.46920	477.24190	2	49.6456	2
952.53520	477.27490	2	41.1486	2
954.44100	478.22775	2	34.8986	2
954.44450	478.22955	2	51.4024	2
955.53410	478.77430	2	62.2244	2
955.57010	478.79230	2	60.2853	2
956.50385	479.25920	2	37.3928	2
956.51450	479.26450	2	35.6192	2
956.52920	479.27185	2	45.8269	2
956.52920	479.27190	2	52.3748	2
956.52930	479.27190	2	43.1541	2
956.53630	479.27545	2	65.5204	2
956.58040	479.29745	2	76.7223	2
957.48870	479.75160	2	31.5986	2
957.53520	479.77490	2	30.8442	1
957.56050	479.78755	2	47.0795	2
957.59645	479.80550	2	46.1186	2
958.47155	480.24305	2	40.4135	2
958.48790	480.25125	2	55.3550	2
958.50740	480.26100	2	51.6622	1
958.51080	480.26265	2	55.7621	2
959.50830	480.76140	2	39.8279	3
959.53200	480.77325	2	41.6665	2
959.53225	480.77340	2	68.1320	2
959.58130	480.79795	2	82.9175	2
960.45085	481.23270	2	34.1153	2
960.47020	481.24240	2	44.4586	2
960.47615	481.24535	2	40.9496	2
960.50510	481.25980	2	45.5180	1
960.51315	481.26385	2	38.2861	2
960.53175	481.27315	2	56.5830	2
960.53950	481.27700	2	60.5473	2
961.50910	481.76180	2	40.2890	1
962.47425	482.24440	2	45.2336	2
962.50720	482.26090	2	61.7280	1
962.51925	482.26690	2	54.5934	2
962.53850	482.27650	2	85.3517	2
963.44510	482.72985	2	53.4579	2
963.50195	482.75825	2	39.1187	2
963.50575	482.76015	2	33.2982	2
963.55390	482.78425	2	73.9294	2
964.46115	483.23785	2	37.0582	2
964.47960	483.24705	2	68.4627	2
964.49820	483.25635	2	41.9117	2
964.52340	483.26900	2	53.1454	1
965.44470	483.72965	2	40.3872	2
965.44840	483.73150	2	34.0365	1
965.46025	483.73745	2	36.6973	2
965.48170	483.74815	2	59.8717	2
965.62775	483.82115	2	81.8145	2
966.46530	484.23995	2	40.7333	2
966.46660	484.24060	2	35.4980	1
966.47440	484.24450	2	43.5362	1
966.50630	484.26040	2	43.6328	1
966.52400	484.26930	2	45.6028	2
967.47975	484.74715	2	57.0220	2
967.52370	484.76910	2	46.2873	2
967.54560	484.78005	2	35.6352	2
967.58165	484.79810	2	55.7322	2
968.52745	485.27100	2	36.3262	2
968.52895	485.27175	2	47.8548	2
969.43360	485.72410	2	38.6108	1
969.48810	485.75135	2	39.2265	2
969.52405	485.76930	2	49.3717	2
969.54840	485.78145	2	40.1544	2
969.56125	485.78790	2	51.7830	2
969.58580	485.80015	2	68.0735	2
969.58595	485.80025	2	63.1771	2
970.48725	486.25090	2	53.5138	2
970.54465	486.27960	2	55.0534	2
970.58100	486.29780	2	69.7625	2
970.58140	486.29800	2	68.3585	1
970.58160	486.29805	2	43.9540	2
971.50310	486.75885	2	30.3291	2
971.52865	486.77160	2	57.8543	2
971.52890	486.77170	2	34.8456	2
971.52920	486.77190	2	47.4705	2
971.55310	486.78385	2	56.6678	2
971.56470	486.78960	2	43.1980	1
971.56650	486.79050	2	32.5228	1
972.44105	487.22780	2	29.7515	2
972.46470	487.23965	2	32.2593	2
972.57190	487.29325	2	33.8294	2
973.50855	487.76155	2	40.9493	2
973.54385	487.77920	2	32.7793	2
974.50265	488.25860	2	36.9316	2
974.51915	488.26685	2	58.0760	2
975.50260	488.75860	2	51.5818	2
975.53845	488.77650	2	64.0314	2
976.50895	489.26175	2	46.6672	2
976.52365	489.26910	2	59.4841	2
976.54595	489.28025	2	39.8395	2
977.44420	489.72940	2	45.9928	2
977.48070	489.74765	2	44.4890	2
977.51860	489.76660	2	51.0482	2
978.46445	490.23950	2	44.8301	2
978.47685	490.24570	2	40.6115	2
978.50160	490.25805	2	57.1643	2
978.50220	490.25835	2	59.2900	2
979.44980	490.73215	2	65.5538	2
979.46110	490.73785	2	37.6202	2
979.49710	490.75585	2	51.3725	2
979.51600	490.76530	2	51.9577	1
979.56955	490.79210	2	55.2107	2
979.57025	490.79240	2	38.9818	2
980.45840	491.23650	2	35.8829	1
980.49675	491.25565	2	51.1940	2
981.52190	491.76820	2	28.4682	2
981.56150	491.78800	2	39.1657	1
981.59795	491.80625	2	40.0890	2
982.45935	492.23695	2	32.6315	2
982.47350	492.24405	2	40.9876	2
982.52035	492.26745	2	37.1077	2
983.47440	492.74450	2	47.1921	2
983.50385	492.75920	2	41.3955	2
983.57665	492.79560	2	63.3587	2
983.58325	492.79895	2	70.6754	2
983.58815	492.80135	2	43.0707	2
983.60100	492.80775	2	57.1599	2
984.49260	493.25360	2	50.8628	1
984.63355	493.32405	2	48.8308	2
985.37485	493.69470	2	32.8447	2
985.53830	493.77645	2	45.1896	2
985.54430	493.77940	2	42.5664	2
985.55500	493.78480	2	42.2630	2
986.48960	494.25210	2	66.6927	1
986.49310	494.25385	2	39.2109	2
987.49880	494.75665	2	29.9901	2
987.52380	494.76920	2	43.8165	2
987.53515	494.77485	2	48.3900	2
988.48320	495.24885	2	37.1341	2
988.51930	495.26695	2	41.7405	2
988.54370	495.27915	2	46.1625	2
988.55450	495.28455	2	51.9022	2
988.57380	495.29420	2	71.1244	2
988.58170	495.29810	2	49.5807	2
989.49740	495.75600	2	35.1835	2
989.55415	495.78435	2	47.1645	2
989.55530	495.78490	2	57.7947	2
990.45825	496.23640	2	35.8823	2
990.47340	496.24400	2	44.8563	2
990.50530	496.25990	2	56.6629	1
990.51495	496.26475	2	41.5819	2
990.54970	496.28210	2	72.0947	2
991.50875	496.76165	2	66.5901	2
991.54485	496.77970	2	68.4115	2
991.57080	496.79265	2	60.4683	2
992.48560	497.25010	2	55.5755	2
992.53100	497.27280	2	80.2821	1
992.60210	497.30835	2	70.0011	2
993.44055	497.72755	2	41.7164	2
993.44390	497.72925	2	28.2045	2
993.45125	497.73290	2	39.2058	2
993.49155	497.75305	2	62.7380	2
993.51310	497.76385	2	52.3235	2
993.53150	497.77300	2	67.4023	2
993.54765	497.78110	2	63.6556	2
994.49840	498.25650	2	47.9454	2
994.50850	498.26150	2	46.4045	2
994.50905	498.26180	2	30.8663	2
994.51600	498.26530	2	72.2524	2
994.54475	498.27965	2	33.7434	2
994.60600	498.31025	2	73.2083	2
994.65385	498.33420	2	45.0983	2
996.52885	499.27170	2	47.1157	2
996.53085	499.27270	2	67.6905	2
996.57200	499.29330	2	44.2781	2
997.58115	499.79790	2	37.9223	2
998.50070	500.25765	2	56.9836	2
998.58720	500.30085	2	39.6098	2
999.51720	500.76590	2	34.6049	1
999.53440	500.77450	2	41.4891	2
999.53580	500.77520	2	28.4807	1
999.57110	500.79280	2	31.1353	2
999.97880	500.99670	2	30.9913	4
1000.49340	501.25395	2	34.9275	2
1000.55295	501.28375	2	57.5580	2
1001.51560	501.76510	2	43.1092	3
1001.55435	501.78445	2	66.5780	2
1001.56120	501.78790	2	32.5764	2
1001.58770	501.80110	2	46.6280	1
1001.59195	501.80325	2	68.9054	2
1002.47210	502.24335	2	33.2431	2
1002.48120	502.24790	2	37.8913	2
1002.48700	502.25075	2	40.5329	2
1002.52825	502.27145	2	36.4382	2
1002.54660	502.28060	2	32.1083	2
1002.55800	502.28630	2	35.2996	1
1003.50080	502.75770	2	42.4288	1
1003.51950	502.76700	2	43.4249	1
1003.52680	502.77070	2	34.2200	2
1003.57060	502.79255	2	76.9006	2
1004.44555	503.23005	2	33.8294	2
1004.54055	503.27755	2	46.7817	2
1004.56590	503.29025	2	42.0486	2
1005.46970	503.74210	2	47.9236	1
1005.48070	503.74760	2	37.0245	2
1005.49330	503.75395	2	29.5605	2
1005.51210	503.76330	2	53.9995	1
1005.53140	503.77295	2	67.8802	2
1005.53540	503.77500	2	34.7514	2
1006.45325	504.23390	2	31.0362	2
1006.47195	504.24325	2	40.6814	2
1006.49900	504.25680	2	53.2161	2
1007.45655	504.73555	2	37.6454	2
1007.46775	504.74115	2	40.0584	2
1007.47545	504.74500	2	50.4871	2
1007.50475	504.75965	2	42.8525	2
1007.53985	504.77720	2	55.0159	2
1007.54400	504.77925	2	67.5625	2
1007.67375	504.84415	2	72.0769	2
1008.47655	505.24555	2	49.3517	2
1008.51590	505.26520	2	50.3159	1
1009.44785	505.73120	2	41.2794	2
1009.51960	505.76705	2	35.0785	2
1009.54820	505.78135	2	87.0940	2
1010.45110	506.23280	2	37.8544	2
1010.51010	506.26230	2	61.8423	1
1010.51100	506.26280	2	62.5879	2
1011.52375	506.76915	2	35.6842	2
1011.53485	506.77470	2	44.2813	2
1011.57115	506.79285	2	51.5512	2
1011.60845	506.81150	2	66.8555	2
1012.50560	507.26010	2	32.4914	1
1012.57040	507.29250	2	68.4245	3
1012.57090	507.29275	2	57.4760	2
1012.58185	507.29820	2	59.7477	2
1012.59200	507.30330	2	59.1089	1
1012.60285	507.30870	2	37.9409	2
1012.63945	507.32700	2	47.9117	2
1013.46410	507.73930	2	71.3297	1
1013.54005	507.77730	2	43.0085	2
1013.55500	507.78475	2	64.5417	2
1013.56190	507.78825	2	36.6671	2
1013.62350	507.81900	2	66.0871	2
1014.53465	508.27460	2	42.1416	2
1014.53505	508.27480	2	37.4512	2
1014.57140	508.29300	2	36.5502	2
1014.57310	508.29380	2	45.1258	1
1014.58260	508.29860	2	37.2676	1
1015.49285	508.75370	2	38.8104	2
1015.54390	508.77920	2	88.2278	2
1015.58470	508.79965	2	70.3176	2
1015.59160	508.80310	2	65.0084	2
1016.45960	509.23705	2	35.9427	2
1016.51800	509.26630	2	46.7673	1
1016.53150	509.27300	2	47.4157	2
1016.54850	509.28150	2	48.0723	2
1017.47425	509.74440	2	40.6710	2
1017.51730	509.76590	2	76.4059	2
1017.53430	509.77445	2	37.9453	2
1017.57720	509.79590	2	39.6387	2
1017.62240	509.81850	2	65.6155	2
1018.54450	510.27950	2	39.0672	2
1019.41970	510.71710	2	42.6045	2
1019.50345	510.75900	2	42.0715	2
1019.53960	510.77710	2	53.2463	2
1019.53975	510.77715	2	34.3436	2
1019.54740	510.78095	2	66.1535	2
1019.55095	510.78275	2	46.3750	2
1020.52315	511.26885	2	48.3879	2
1020.52350	511.26905	2	55.4296	2
1020.52395	511.26925	2	63.3835	2
1020.53585	511.27525	2	53.8107	2
1021.43950	511.72700	2	37.0028	2
1021.44825	511.73140	2	33.3355	2
1021.49460	511.75460	2	29.2969	3
1021.51165	511.76310	2	42.6580	2
1021.54505	511.77980	2	59.8385	2
1021.60340	511.80895	2	51.1039	2
1022.50360	512.25905	2	52.4277	2
1022.51125	512.26290	2	76.3311	2
1023.48785	512.75120	2	37.1392	2
1023.51640	512.76550	2	59.7594	2
1023.60880	512.81170	2	67.4891	3
1024.37480	513.19465	2	41.1537	2
1024.60350	513.30900	2	51.6316	1
1025.50350	513.75905	2	39.8210	2
1025.60265	513.80860	2	47.8591	2
1026.44725	514.23090	2	41.3371	2
1027.56620	514.79040	2	32.4455	2
1027.56640	514.79045	2	35.3384	2
1027.58130	514.79790	2	73.7969	1
1027.60220	514.80840	2	68.0692	2
1028.56080	515.28770	2	42.1997	2
1029.47690	515.74570	2	41.1811	1
1029.47765	515.74610	2	55.9287	2
1029.53880	515.77670	2	51.2446	1
1029.54185	515.77820	2	36.4138	2
1029.57860	515.79660	2	45.2923	1
1029.58240	515.79845	2	35.7134	2
1030.52880	516.27165	2	34.5314	2
1030.59200	516.30330	2	78.1124	2
1030.60715	516.31085	2	74.8305	2
1030.61400	516.31430	2	84.1630	1
1031.46355	516.73905	2	63.3100	2
1031.50300	516.75880	2	40.5122	2
1031.50780	516.76120	2	48.0292	2
1031.54395	516.77925	2	50.6240	2
1031.58640	516.80050	2	61.3187	1
1031.58670	516.80065	2	55.7577	2
1032.49860	517.25660	2	40.9115	2
1032.53460	517.27460	2	47.6700	2
1032.59740	517.30600	2	72.7585	2
1033.56705	517.79080	2	41.9252	2
1033.56820	517.79140	2	36.4926	1
1033.58045	517.79750	2	81.3410	2
1033.61685	517.81570	2	68.9526	2
1034.51965	518.26710	2	63.9408	2
1034.55920	518.28690	2	79.7202	1
1034.56460	518.28960	2	61.4021	1
1035.48785	518.75120	2	60.3397	2
1035.56080	518.78765	2	59.6361	2
1036.51890	519.26675	2	40.4469	2
1036.51905	519.26680	2	42.5069	2
1036.53455	519.27455	2	70.5354	2
1036.53745	519.27600	2	66.8511	2
1036.55500	519.28480	2	62.4492	2
1037.50625	519.76040	2	32.8779	2
1037.52625	519.77040	2	36.2716	2
1037.62270	519.81860	2	53.7678	1
1037.64850	519.83155	2	70.2641	2
1038.48030	520.24740	2	45.8695	1
1038.54695	520.28075	2	33.9033	2
1039.46530	520.73995	2	46.5465	2
1039.49815	520.75635	2	51.3101	2
1039.56600	520.79030	2	48.2388	5
1040.46990	521.24220	2	40.0967	2
1040.49320	521.25390	2	30.2855	2
1040.49575	521.25515	2	40.8521	2
1040.55035	521.28245	2	53.3100	2
1040.56875	521.29165	2	48.6618	2
1040.59815	521.30635	2	55.9096	2
1040.62285	521.31870	2	72.9673	2
1040.65925	521.33690	2	58.8062	2
1041.45515	521.73485	2	34.7515	2
1041.53495	521.77475	2	48.9742	2
1041.58205	521.79830	2	50.9060	2
1042.51505	522.26480	2	63.5898	2
1042.53080	522.27270	2	36.5894	2
1042.55575	522.28515	2	52.5399	2
1042.57750	522.29600	2	40.0530	1
1043.54395	522.77925	2	47.4334	2
1043.54990	522.78220	2	78.1298	1
1043.56150	522.78800	2	35.5342	2
1043.56315	522.78885	2	32.5660	2
1043.60345	522.80900	2	62.6478	2
1044.53870	523.27665	2	65.2899	2
1044.55325	523.28390	2	42.4238	2
1044.56090	523.28775	2	57.2796	2
1045.02840	523.52150	2	43.5234	4
1045.51225	523.76340	2	56.1927	2
1045.52800	523.77130	2	36.1922	1
1045.54060	523.77755	2	32.3845	2
1045.54100	523.77780	2	30.2833	1
1045.55875	523.78665	2	62.3578	2
1045.60225	523.80840	2	59.5435	2
1046.52510	524.26980	2	34.6108	2
1046.58800	524.30125	2	37.1418	2
1046.59690	524.30575	2	48.2106	2
1047.50765	524.76110	2	40.9525	2
1047.52690	524.77070	2	59.0069	2
1048.47965	525.24710	2	34.2592	2
1049.52510	525.76980	2	49.4977	2
1049.56185	525.78820	2	36.4334	2
1050.50895	526.26175	2	44.9770	2
1050.53450	526.27450	2	46.9133	2
1050.57115	526.29285	2	61.2739	2
1050.59630	526.30540	2	67.5887	1
1051.49510	526.75480	2	35.9239	2
1052.46345	527.23900	2	56.5753	2
1053.61835	527.81645	2	54.9311	2
1054.49770	528.25615	2	67.8726	2
1054.53365	528.27410	2	74.0136	2
1054.54115	528.27785	2	30.8925	2
1054.60140	528.30795	2	50.7562	2
1054.60290	528.30870	2	55.9729	2
1055.42315	528.71885	2	46.1690	2
1055.49265	528.75360	2	43.6373	2
1055.58635	528.80045	2	62.8929	2
1055.58740	528.80100	2	66.9460	2
1056.53170	529.27310	2	76.0639	1
1056.58145	529.29800	2	53.9456	2
1056.59365	529.30410	2	51.6633	2
1057.55235	529.78345	2	39.7956	2
1057.56710	529.79080	2	36.9152	2
1057.57670	529.79560	2	34.8701	2
1057.57675	529.79565	2	43.4038	2
1057.61885	529.81670	2	36.0127	2
1057.63870	529.82660	2	76.8747	2
1058.49260	530.25360	2	49.2829	2
1058.54425	530.27940	2	77.5091	2
1058.55830	530.28640	2	71.1844	2
1058.57240	530.29350	2	45.7172	2
1058.59625	530.30540	2	38.6537	2
1059.50435	530.75945	2	42.3635	2
1059.59975	530.80715	2	55.8476	2
1060.47565	531.24510	2	32.6348	2
1060.52340	531.26900	2	73.3619	2
1060.57430	531.29440	2	64.5291	1
1060.61700	531.31580	2	82.2312	2
1061.55100	531.78280	2	43.6742	3
1061.57615	531.79535	2	73.8620	2
1062.53490	532.27470	2	55.4105	2
1062.58285	532.29870	2	55.0868	2
1063.52955	532.77205	2	42.8116	2
1063.54140	532.77800	2	44.9952	3
1063.55430	532.78440	2	58.9425	1
1063.55470	532.78460	2	58.9143	1
1064.63405	533.32430	2	53.1089	2
1065.44760	533.73105	2	45.3013	2
1065.55230	533.78340	2	60.3400	2
1065.55340	533.78395	2	77.2345	2
1066.45725	534.23590	2	52.6062	2
1066.46710	534.24085	2	31.1302	2
1066.50600	534.26025	2	31.7711	2
1066.51830	534.26645	2	55.2661	2
1067.51300	534.76380	2	44.2172	2
1067.53690	534.77570	2	38.0101	2
1067.57235	534.79345	2	51.4318	2
1068.55080	535.28270	2	35.4880	3
1068.56030	535.28740	2	62.8471	1
1068.58020	535.29735	2	59.0921	2
1068.59320	535.30385	2	55.9636	2
1068.65440	535.33450	2	43.9837	2
1070.57220	536.29335	2	67.4581	2
1070.60875	536.31165	2	43.4807	2
1070.61860	536.31655	2	39.4690	2
1070.63390	536.32420	2	68.0423	2
1070.65860	536.33660	2	75.0603	1
1071.41685	536.71570	2	38.5702	2
1071.56335	536.78895	2	47.5235	2
1071.59300	536.80380	2	52.4737	3
1072.53230	537.27345	2	46.1972	2
1072.57380	537.29415	2	72.4252	2
1072.59620	537.30540	2	37.6928	1
1072.61295	537.31375	2	39.7658	2
1073.49875	537.75665	2	43.5765	2
1073.51720	537.76585	2	53.0801	2
1073.52450	537.76950	2	32.8857	2
1073.58685	537.80070	2	42.6719	2
1073.59110	537.80285	2	57.9820	2
1073.60835	537.81145	2	85.5662	2
1073.60880	537.81170	2	33.2384	1
1073.65855	537.83655	2	62.1138	2
1074.54550	538.28000	2	42.1057	2
1074.55160	538.28310	2	51.9957	2
1074.57205	538.29330	2	58.6670	2
1075.47950	538.74700	2	32.2227	1
1075.53360	538.77410	2	64.7750	2
1075.61260	538.81360	2	56.4324	2
1075.62765	538.82110	2	66.3965	2
1076.51365	539.26410	2	47.7920	2
1076.56135	539.28795	2	52.8647	2
1076.57155	539.29305	2	41.4256	2
1077.57025	539.79240	2	63.3251	2
1077.60460	539.80955	2	37.7395	2
1078.50325	540.25890	2	39.4867	2
1080.56920	541.29190	2	35.5031	1
1081.62375	541.81915	2	58.6930	2
1082.53280	542.27370	2	53.3778	2
1082.55455	542.28455	2	80.9499	2
1082.64550	542.33005	2	53.8055	2
1084.48680	543.25070	2	37.0531	2
1084.51970	543.26710	2	72.6170	2
1084.54525	543.27990	2	25.8149	2
1084.57005	543.29230	2	92.7249	2
1084.57070	543.29260	2	87.7839	3
1084.63820	543.32635	2	77.5091	2
1085.60845	543.81150	2	49.9453	2
1085.61390	543.81425	2	41.9324	2
1085.64445	543.82950	2	66.0310	2
1086.55535	544.28495	2	46.2525	2
1086.55620	544.28540	2	48.8215	5
1086.56750	544.29105	2	31.9449	2
1086.64110	544.32780	2	50.2067	1
1087.55070	544.78265	2	49.4851	2
1087.56525	544.78990	2	40.6710	2
1087.58760	544.80110	2	39.9329	2
1087.59120	544.80285	2	46.5310	2
1087.59870	544.80665	2	55.9142	2
1087.61235	544.81345	2	69.0816	2
1088.45510	545.23485	2	35.2495	2
1088.49730	545.25590	2	58.8608	1
1088.50420	545.25940	2	29.7868	1
1088.55420	545.28440	2	69.6700	1
1088.57205	545.29330	2	30.8882	2
1088.60875	545.31165	2	33.7042	2
1089.53125	545.77290	2	40.1773	2
1089.55795	545.78625	2	32.4075	2
1089.60260	545.80855	2	43.1632	2
1090.46835	546.24145	2	36.0870	2
1090.60280	546.30865	2	57.5402	2
1092.53930	547.27695	2	53.7071	2
1092.54480	547.27970	2	28.9365	1
1092.58115	547.29785	2	52.4616	2
1093.54040	547.77750	2	56.4868	2
1093.54050	547.77750	2	42.4289	2
1094.55135	548.28295	2	66.6722	2
1094.55490	548.28470	2	76.2156	2
1094.56700	548.29080	2	46.2145	1
1094.57285	548.29370	2	34.6816	6
1094.59690	548.30570	2	56.0890	1
1095.46510	548.73980	2	51.3116	2
1095.56360	548.78910	2	67.9856	1
1095.56730	548.79090	2	29.5115	1
1096.51910	549.26685	2	46.6087	2
1096.56235	549.28845	2	40.4808	2
1097.60820	549.81135	2	55.0204	2
1098.53445	550.27450	2	43.4083	2
1098.58245	550.29850	2	48.3060	2
1099.49400	550.75425	2	58.8342	2
1100.46090	551.23775	2	64.9877	2
1100.55790	551.28620	2	31.7918	2
1100.56225	551.28840	2	35.4251	2
1100.57125	551.29290	2	69.9166	2
1101.52310	551.76885	2	54.0668	2
1101.55560	551.78505	2	69.1460	2
1101.60885	551.81170	2	36.0600	2
1101.65180	551.83320	2	51.1942	2
1102.50835	552.26145	2	64.5060	2
1102.56965	552.29210	2	32.4865	2
1102.57755	552.29605	2	62.8731	2
1102.58690	552.30075	2	34.3715	2
1102.60220	552.30840	2	60.2016	2
1103.56090	552.78770	2	37.7343	2
1103.58280	552.79865	2	48.7645	2
1103.63850	552.82650	2	83.0524	1
1104.45410	553.23430	2	28.8167	1
1104.47615	553.24535	2	33.1453	4
1104.50900	553.26180	2	51.1595	1
1104.53020	553.27240	2	42.7172	2
1104.54680	553.28070	2	44.7706	2
1104.54730	553.28095	2	42.2820	2
1104.56440	553.28950	2	46.6550	2
1104.56750	553.29100	2	31.6571	1
1104.59390	553.30420	2	58.4681	2
1104.62640	553.32050	2	86.3031	2
1105.52930	553.77190	2	61.3484	1
1105.57650	553.79555	2	63.5307	2
1106.53935	554.27695	2	45.9002	2
1106.58670	554.30065	2	81.4291	2
1106.60970	554.31210	2	80.7338	2
1107.53880	554.77665	2	59.8060	2
1107.54560	554.78005	2	52.6860	2
1107.54905	554.78180	2	64.3776	2
1107.55930	554.78695	2	35.3567	2
1107.57875	554.79665	2	79.2889	4
1107.59255	554.80355	2	42.8448	2
1108.51520	555.26485	2	29.8970	2
1108.57140	555.29295	2	76.6981	2
1108.91965	555.46710	2	35.4378	4
1109.50360	555.75905	2	73.8429	2
1109.53355	555.77405	2	77.2239	2
1109.53960	555.77710	2	45.5268	2
1109.54945	555.78200	2	88.7667	2
1109.57135	555.79295	2	31.1433	2
1109.58720	555.80085	2	56.8685	2
1109.61270	555.81365	2	69.7518	2
1109.68185	555.84820	2	77.1506	2
1110.52030	556.26745	2	58.8085	2
1110.59020	556.30235	2	81.6424	2
1110.66485	556.33970	2	72.8464	2
1111.57275	556.79365	2	32.2277	2
1113.63260	557.82360	2	61.0923	1
1114.55640	558.28545	2	76.5199	2
1114.56240	558.28850	2	37.6352	1
1114.56680	558.29070	2	63.0804	2
1114.62305	558.31880	2	60.6715	2
1114.63440	558.32450	2	51.2498	1
1115.05445	558.53450	2	45.4047	4
1115.51340	558.76395	2	45.4629	2
1115.54590	558.78025	2	44.1642	2
1115.55715	558.78585	2	32.9136	2
1115.57825	558.79640	2	40.1521	2
1115.58530	558.79990	2	52.1207	2
1115.60265	558.80860	2	54.4489	2
1116.56600	559.29025	2	52.6586	2
1116.58210	559.29835	2	71.0278	2
1116.61320	559.31385	2	33.2379	2
1116.65360	559.33410	2	81.6133	1
1117.52745	559.77100	2	37.4279	2
1117.54295	559.77875	2	40.6179	2
1117.56170	559.78815	2	49.1224	2
1117.60625	559.81040	2	69.4982	2
1118.01730	560.01595	2	44.6308	4
1118.48505	560.24980	2	31.0258	2
1118.54840	560.28150	2	74.6244	2
1118.60705	560.31080	2	67.9625	2
1118.63355	560.32405	2	55.3429	2
1119.54245	560.77850	2	67.7540	2
1119.56750	560.79100	2	54.9829	3
1119.58180	560.79820	2	85.1756	1
1119.58210	560.79830	2	61.0694	2
1119.59625	560.80540	2	65.8861	2
1119.66840	560.84150	2	81.1938	2
1120.52510	561.26980	2	33.5890	1
1120.57720	561.29585	2	58.8905	2
1121.53465	561.77460	2	67.1941	2
1121.57120	561.79290	2	40.5804	1
1121.60940	561.81195	2	45.8148	2
1122.50805	562.26130	2	58.1130	2
1123.47790	562.74625	2	44.5532	2
1123.57080	562.79270	2	55.7887	2
1124.59045	563.30250	2	60.6152	2
1124.61935	563.31695	2	67.8052	2
1124.63095	563.32275	2	35.8149	6
1124.68110	563.34785	2	78.9930	2
1125.51075	563.76265	2	32.9762	2
1125.53865	563.77660	2	47.1107	2
1125.57255	563.79355	2	41.2916	2
1125.64010	563.82730	2	59.4647	1
1126.49760	564.25610	2	52.7108	1
1126.59810	564.30630	2	49.7411	2
1126.61765	564.31610	2	82.1061	2
1126.66050	564.33750	2	75.6435	2
1127.47385	564.74420	2	67.5291	2
1127.53250	564.77350	2	64.6614	1
1127.56570	564.79010	2	40.7086	2
1127.61225	564.81340	2	60.4471	2
1127.65465	564.83460	2	50.8075	2
1128.54570	565.28010	2	55.6542	1
1128.55580	565.28520	2	52.2596	1
1128.56585	565.29020	2	40.1215	2
1128.57785	565.29620	2	41.0079	2
1128.58910	565.30180	2	30.1583	2
1128.63905	565.32680	2	58.2201	2
1129.58025	565.79740	2	54.0915	2
1129.63315	565.82385	2	33.1292	2
1129.63390	565.82425	2	37.9529	2
1129.67120	565.84290	2	68.5919	2
1130.55990	566.28720	2	45.6653	2
1130.58180	566.29815	2	62.7702	2
1131.57715	566.79585	2	32.4174	2
1131.62900	566.82175	2	68.9664	2
1131.65385	566.83420	2	80.2913	2
1132.53730	567.27590	2	30.5043	2
1132.55620	567.28540	2	55.2869	1
1132.58865	567.30160	2	60.4941	2
1133.55320	567.78390	2	67.6837	2
1133.57175	567.79315	2	70.8969	2
1133.57215	567.79335	2	54.3905	2
1133.57490	567.79470	2	64.6970	2
1133.60890	567.81170	2	60.9069	1
1133.64450	567.82950	2	66.5992	1
1134.53330	568.27395	2	42.1690	2
1134.57785	568.29620	2	44.6191	2
1135.59825	568.80640	2	45.4937	2
1136.53620	569.27535	2	51.6366	2
1136.57125	569.29290	2	56.2204	2
1136.57180	569.29315	2	59.3751	2
1137.56570	569.79015	2	81.1669	2
1137.57960	569.79710	2	53.5534	3
1138.56610	570.29030	2	60.9121	2
1139.54590	570.78025	2	52.8097	2
1139.56155	570.78805	2	65.1025	2
1139.63010	570.82235	2	37.7605	2
1139.65510	570.83480	2	60.1340	2
1140.52415	571.26935	2	31.3285	2
1141.55630	571.78545	2	70.3255	2
1141.56850	571.79150	2	61.1843	2
1141.59730	571.80595	2	30.3962	2
1141.61050	571.81250	2	57.8890	2
1142.03275	572.02365	2	63.5087	4
1142.48885	572.25170	2	43.5311	2
1142.55600	572.28530	2	89.1451	2
1142.55785	572.28620	2	49.9529	2
1142.61805	572.31630	2	53.2538	2
1142.63215	572.32335	2	31.9818	2
1143.50860	572.76160	2	54.1489	2
1143.57125	572.79290	2	64.0238	2
1143.58835	572.80145	2	32.5710	2
1143.69035	572.85245	2	85.4063	2
1144.58875	573.30165	2	47.6794	2
1144.59515	573.30485	2	58.6981	2
1144.60940	573.31195	2	36.2402	2
1144.63470	573.32465	2	55.6954	2
1145.08460	573.54960	2	55.8884	4
1145.57705	573.79580	2	45.4039	2
1145.66970	573.84210	2	69.2590	1
1145.67000	573.84230	2	69.2822	1
1146.57745	574.29600	2	43.9316	2
1146.61345	574.31400	2	51.1045	2
1147.55345	574.78400	2	47.1695	2
1147.55480	574.78470	2	41.7453	2
1147.57830	574.79645	2	63.6252	2
1147.58795	574.80125	2	53.1377	2
1147.63930	574.82695	2	86.4918	2
1148.54700	575.28075	2	51.3982	2
1148.56965	575.29210	2	78.6198	2
1148.60840	575.31150	2	56.6331	1
1148.60870	575.31165	2	61.1232	2
1149.56580	575.79015	2	66.5278	2
1149.56760	575.79105	2	56.1928	2
1150.05850	576.03650	2	57.4118	4
1150.58680	576.30070	2	53.6559	2
1150.62330	576.31890	2	58.8050	1
1151.49240	576.75350	2	50.4422	1
1151.59410	576.80430	2	39.1708	1
1151.64850	576.83155	2	67.4617	2
1151.72810	576.87130	2	74.5630	1
1152.53000	577.27230	2	52.2084	2
1152.54265	577.27860	2	90.4741	2
1152.54870	577.28165	2	59.3214	2
1152.55195	577.28325	2	35.1053	2
1152.56740	577.29100	2	42.3162	1
1152.58600	577.30030	2	56.8224	2
1154.57260	578.29360	2	61.9879	1
1154.61975	578.31715	2	57.9564	2
1154.62980	578.32215	2	43.3690	2
1155.56420	578.78935	2	32.9656	2
1155.58150	578.79800	2	86.9946	2
1155.61480	578.81465	2	49.6506	2
1155.62655	578.82055	2	50.5654	2
1155.64815	578.83135	2	47.5282	2
1156.51950	579.26700	2	43.2818	2
1156.52320	579.26890	2	26.4265	1
1156.60290	579.30875	2	65.4075	2
1157.56335	579.78895	2	47.8365	2
1157.59275	579.80365	2	57.1363	2
1157.59455	579.80455	2	50.9059	2
1157.63535	579.82495	2	51.7602	2
1158.59920	580.30690	2	40.5405	2
1158.62500	580.31980	2	44.3370	1
1158.62590	580.32020	2	46.0990	1
1159.57265	580.79360	2	63.2646	2
1159.57425	580.79440	2	32.4734	2
1159.58565	580.80010	2	43.9021	2
1159.59535	580.80495	2	39.6045	2
1159.62090	580.81770	2	38.4071	2
1159.63880	580.82670	2	78.8608	2
1159.68260	580.84860	2	47.9729	2
1160.56440	581.28945	2	35.6841	2
1160.58600	581.30030	2	65.6084	2
1160.58730	581.30095	2	48.0895	2
1160.59295	581.30375	2	71.9835	2
1160.59770	581.30610	2	52.8997	2
1160.60820	581.31140	2	60.4761	3
1160.61540	581.31495	2	34.8629	2
1161.58910	581.80180	2	44.8380	1
1161.60040	581.80750	2	44.3698	2
1161.60150	581.80805	2	52.2453	2
1161.60730	581.81095	2	71.7462	2
1161.61520	581.81490	2	52.0240	2
1161.66270	581.83860	2	96.5964	3
1162.57960	582.29710	2	51.9016	1
1162.59910	582.30680	2	70.6231	3
1163.56690	582.79070	2	33.0533	1
1163.57590	582.79525	2	64.4749	2
1163.58240	582.79850	2	57.4339	1
1163.60835	582.81145	2	66.2429	2
1164.57085	583.29270	2	30.2959	2
1164.60240	583.30850	2	59.5554	1
1164.60290	583.30875	2	53.6242	2
1164.72370	583.36915	2	69.4357	2
1165.45980	583.73715	2	33.4052	2
1165.57820	583.79640	2	71.4155	3
1165.63480	583.82465	2	63.3657	2
1166.54005	584.27730	2	45.2960	2
1167.61790	584.81620	2	83.6328	2
1168.63265	585.32360	2	76.7822	2
1168.64660	585.33055	2	47.9653	2
1168.68150	585.34805	2	68.7126	2
1168.68285	585.34870	2	57.2173	2
1168.74370	585.37915	2	78.2651	2
1169.57245	585.79350	2	52.9951	2
1170.52040	586.26750	2	49.1175	1
1170.57705	586.29580	2	44.7444	2
1170.62580	586.32020	2	45.7969	2
1170.66000	586.33725	2	65.6593	2
1170.66040	586.33750	2	69.3503	2
1171.62040	586.81745	2	48.7430	2
1171.62420	586.81935	2	54.8127	2
1171.70065	586.85760	2	53.4850	2
1172.08630	587.05045	2	64.4344	4
1172.61520	587.31485	2	38.8852	2
1172.61890	587.31670	2	70.2546	2
1172.62910	587.32185	2	72.6722	2
1172.63000	587.32230	2	64.9495	2
1172.63890	587.32675	2	69.8879	2
1173.58880	587.80165	2	45.2198	2
1173.61345	587.81400	2	84.2297	2
1173.62410	587.81930	2	66.3218	1
1174.06645	588.04050	2	32.2409	4
1174.54940	588.28200	2	30.6310	1
1174.56155	588.28805	2	52.8371	2
1174.61000	588.31230	2	39.2311	2
1174.64260	588.32860	2	68.6428	1
1175.57335	588.79395	2	59.4857	2
1175.61870	588.81665	2	39.9996	2
1175.65500	588.83480	2	57.8740	1
1176.58110	589.29780	2	51.5719	2
1177.63455	589.82455	2	65.1223	2
1177.65920	589.83690	2	83.4693	1
1177.66120	589.83790	2	89.0964	2
1178.46270	590.23860	2	66.7312	2
1178.51700	590.26580	2	36.5656	2
1178.54740	590.28100	2	46.4300	2
1179.54470	590.77960	2	40.6965	1
1180.52320	591.26890	2	61.2927	1
1180.59805	591.30630	2	63.6859	2
1180.70735	591.36095	2	84.3968	2
1181.65240	591.83350	2	53.5182	2
1182.54430	592.27945	2	73.6910	2
1182.60415	592.30935	2	70.1779	2
1182.62830	592.32145	2	71.2186	2
1182.66530	592.33990	2	57.1042	2
1182.67955	592.34705	2	77.3513	2
1184.58715	593.30085	2	59.9987	2
1184.60450	593.30950	2	48.7027	1
1184.65840	593.33650	2	55.6337	1
1185.57505	593.79480	2	84.9714	2
1185.57790	593.79625	2	34.5313	2
1185.63980	593.82715	2	78.0252	2
1185.65250	593.83350	2	62.9076	1
1186.54370	594.27915	2	43.8379	2
1186.65680	594.33570	2	45.5563	2
1187.59080	594.80270	2	48.0244	1
1187.59610	594.80530	2	64.3473	1
1187.62240	594.81845	2	76.1252	2
1187.69465	594.85460	2	84.1526	2
1187.70255	594.85855	2	86.6800	2
1187.70330	594.85895	2	79.2342	2
1188.58935	595.30195	2	40.5281	2
1188.59790	595.30625	2	44.5277	2
1188.61590	595.31525	2	48.8834	2
1189.54090	595.77770	2	77.4118	2
1189.63760	595.82610	2	50.6573	2
1189.64515	595.82985	2	68.6208	2
1189.67120	595.84290	2	73.0596	2
1190.55970	596.28715	2	53.8278	2
1190.59110	596.30280	2	32.2174	1
1190.60055	596.30755	2	63.0806	2
1191.66540	596.84000	2	81.0421	2
1192.52865	597.27160	2	44.8925	2
1192.61560	597.31505	2	65.2696	2
1192.66140	597.33800	2	85.6853	2
1193.61635	597.81545	2	36.6482	2
1193.63220	597.82340	2	66.5277	2
1193.66970	597.84215	2	88.7017	2
1194.51210	598.26335	2	28.8604	2
1195.61025	598.81240	2	59.2037	2
1196.55040	599.28245	2	43.6928	2
1196.57145	599.29300	2	33.3922	2
1196.64955	599.33205	2	47.3186	2
1197.54555	599.78005	2	76.5818	2
1197.57100	599.79280	2	50.8957	2
1197.57515	400.19895	3	33.5649	2
1197.59190	599.80325	2	62.0814	2
1197.62615	599.82035	2	58.6893	2
1197.66430	599.83945	2	73.0020	2
1197.69810	599.85635	2	74.0422	2
1198.61965	600.31710	2	50.6369	2
1198.65590	400.55920	3	38.7386	2
1198.65590	600.33525	2	38.7763	2
1199.54700	600.78075	2	53.5092	2
1199.71310	600.86385	2	77.0764	2
1200.61960	401.21380	3	40.2139	2
1200.62425	601.31940	2	57.7764	2
1200.62485	601.31970	2	40.2139	2
1200.64595	601.33025	2	50.7139	2
1200.65165	601.33310	2	78.4378	2
1201.09200	601.55330	2	40.7694	4
1201.59895	601.80675	2	64.8730	2
1201.60850	401.54345	3	45.7413	2
1201.60885	601.81170	2	45.7701	2
1201.61990	601.81720	2	73.6857	2
1201.63010	401.55065	3	34.1132	2
1201.63050	601.82255	2	34.6898	2
1201.66735	601.84095	2	44.8925	2
1201.66955	601.84205	2	55.4268	2
1202.58905	602.30180	2	38.4399	2
1202.60505	602.30980	2	46.8315	2
1202.60600	401.87590	3	46.7801	1
1202.64235	401.88805	3	37.1972	2
1202.64440	602.32950	2	37.1972	2
1202.65110	602.33280	2	63.5724	2
1203.59860	602.80655	2	39.6670	2
1203.61685	602.81570	2	56.5205	2
1203.67235	602.84345	2	50.1618	2
1204.48140	603.24800	2	40.4144	1
1204.58215	603.29835	2	51.2540	2
1204.60970	603.31210	2	55.8036	1
1204.61460	603.31460	2	91.6087	1
1204.65645	402.55940	3	46.3433	2
1204.65710	603.33580	2	46.3477	2
1205.56495	402.86225	3	58.1038	2
1205.59205	402.87125	3	57.9282	2
1205.63160	603.82310	2	55.1254	1
1205.63210	603.82330	2	55.1614	1
1205.64095	603.82775	2	53.0753	2
1205.71235	402.91135	3	63.7734	2
1205.71350	603.86405	2	63.8089	2
1206.60645	604.31050	2	71.5278	2
1206.62445	604.31950	2	63.1799	2
1207.57235	604.79345	2	61.3669	2
1207.57310	604.79380	2	42.1625	1
1207.61820	604.81635	2	53.8971	2
1207.62410	604.81935	2	71.1793	2
1207.67530	604.84490	2	83.0331	1
1207.76590	604.89020	2	79.6228	2
1208.52465	605.26960	2	37.3137	2
1208.59365	605.30410	2	81.5298	2
1208.60395	605.30925	2	67.1335	2
1209.58885	605.80170	2	46.5204	2
1210.56180	606.28820	2	45.0970	1
1210.59920	606.30685	2	61.9036	2
1210.61380	404.54520	3	61.5539	2
1210.63025	404.55070	3	35.9766	2
1210.74060	606.37760	2	69.5742	1
1211.61995	606.81725	2	76.7047	2
1211.62555	404.88245	3	33.5146	2
1211.65110	404.89100	3	46.8468	2
1211.65180	606.83320	2	46.8826	2
1211.65535	606.83495	2	86.0746	2
1212.56720	405.19635	3	25.4145	2
1213.64515	405.55565	3	52.2136	2
1213.66735	607.84095	2	46.7478	2
1214.49895	608.25675	2	89.9927	2
1215.59880	608.80670	2	48.7086	2
1215.64700	608.83075	2	59.0370	2
1215.65185	608.83320	2	81.5861	2
1215.68175	406.23450	3	32.7817	2
1215.68200	608.84825	2	32.8162	2
1216.57615	609.29535	2	47.4104	2
1216.57645	609.29550	2	37.5162	2
1216.62240	609.31850	2	53.8600	2
1216.65740	609.33595	2	68.5595	2
1217.57125	609.79290	2	68.8295	2
1217.60680	609.81070	2	56.3418	2
1217.60955	609.81205	2	74.5638	2
1217.67630	406.89935	3	66.9747	2
1218.62845	610.32150	2	57.5973	2
1218.66340	610.33900	2	81.9365	2
1219.61315	610.81385	2	48.0868	2
1220.64080	611.32770	2	47.6474	2
1220.64100	611.32775	2	76.9726	2
1220.64140	611.32795	2	53.0203	2
1221.59765	611.80610	2	57.6523	2
1221.60990	408.21060	3	29.2177	1
1221.61060	611.81260	2	29.3352	2
1221.63540	611.82495	2	55.2939	2
1222.61320	612.31385	2	65.9727	2
1223.22070	612.61765	2	77.7222	4
1223.54155	612.77805	2	45.0746	2
1223.62540	612.81995	2	33.9724	2
1223.65135	408.89105	3	46.2322	2
1224.62365	613.31910	2	67.2421	2
1224.62935	613.32195	2	52.5200	2
1224.65810	409.22660	3	34.9274	2
1224.65880	613.33670	2	35.1552	1
1224.68480	613.34965	2	41.6612	2
1225.63560	613.82510	2	72.5092	1
1225.67220	613.84340	2	68.0030	1
1226.69790	614.35620	2	57.8970	2
1227.65710	614.83580	2	57.7287	1
1227.66055	614.83755	2	69.0536	2
1227.68240	410.23470	3	48.2208	2
1227.68240	614.84845	2	63.4461	2
1228.16330	615.08890	2	67.8233	4
1228.68540	615.35000	2	62.6448	1
1229.55725	615.78590	2	39.9633	2
1229.62025	615.81740	2	48.1900	2
1229.65000	410.89060	3	45.9930	2
1229.65040	615.83250	2	46.0432	2
1229.73745	410.91975	3	57.7122	2
1230.55960	411.19380	3	31.2526	1
1230.58380	616.29915	2	40.1148	2
1230.58850	616.30150	2	58.7458	2
1230.62100	616.31780	2	47.2603	2
1230.63990	616.32720	2	77.6559	2
1230.65650	616.33555	2	39.8552	2
1230.66325	616.33890	2	81.4706	2
1231.58640	616.80050	2	34.5843	2
1231.62425	616.81940	2	53.7115	2
1231.62455	616.81955	2	86.5893	2
1231.65680	616.83570	2	59.4017	2
1231.69240	411.57140	3	56.6356	2
1232.57200	617.29330	2	32.2483	1
1232.60725	617.31090	2	44.6528	2
1233.60805	617.81130	2	48.8943	2
1233.61080	617.81270	2	61.0464	2
1233.62090	617.81775	2	42.3927	2
1233.66150	617.83800	2	56.0384	2
1234.57000	412.53060	3	38.9097	1
1234.59765	618.30610	2	33.5381	2
1234.65565	618.33510	2	63.0118	2
1235.60670	412.87620	3	38.0871	2
1235.60680	618.81070	2	38.0924	2
1235.61440	618.81450	2	58.9752	1
1235.64930	618.83190	2	47.4880	1
1235.65160	412.89110	3	47.4433	2
1235.66840	618.84150	2	56.8124	2
1235.66950	412.89710	3	56.7526	2
1236.56220	619.28840	2	46.8570	2
1237.63535	413.55240	3	36.0285	2
1237.63585	619.82520	2	36.0895	2
1237.64525	619.82990	2	62.7649	2
1237.74020	619.87735	2	66.6070	2
1238.60880	620.31170	2	53.6285	2
1239.59265	620.80360	2	57.3811	2
1239.59555	414.20575	3	33.9207	2
1239.62050	620.81755	2	61.2531	2
1239.63955	620.82705	2	83.0426	2
1239.68370	620.84915	2	74.1653	2
1239.71865	620.86660	2	72.9098	2
1240.16100	621.08775	2	47.1291	4
1240.58820	414.53665	3	34.4754	2
1240.70065	621.35760	2	89.7456	2
1241.59330	621.80390	2	70.0246	1
1241.66600	621.84025	2	60.8268	2
1241.77475	621.89465	2	76.1636	2
1241.77500	414.93225	3	76.0649	2
1242.63620	415.21935	3	42.4749	2
1242.63680	622.32570	2	42.5145	2
1242.64720	622.33090	2	53.5618	1
1242.70455	622.35955	2	94.1736	2
1243.67680	415.56620	3	59.5607	1
1244.54290	623.27875	2	50.8954	2
1244.56760	623.29105	2	45.0133	2
1244.61140	415.87775	3	32.0775	2
1244.63355	623.32405	2	65.0130	2
1244.67250	415.89810	3	34.8985	2
1245.62115	416.21430	3	45.7079	2
1245.65045	623.83250	2	80.5221	2
1245.67090	416.23090	3	53.1629	2
1245.67525	623.84490	2	40.5884	2
1246.61285	416.54485	3	52.9266	2
1246.61400	624.31430	2	52.9507	1
1246.64985	416.55725	3	65.5759	2
1246.69160	624.35310	2	71.0536	2
1247.58160	416.86780	3	27.0321	2
1248.61830	625.31640	2	86.7676	1
1248.61910	625.31680	2	56.5309	1
1248.67170	625.34310	2	59.6041	2
1248.67200	625.34330	2	61.9450	2
1249.63060	625.82255	2	55.8448	2
1249.65520	625.83485	2	62.6800	2
1249.65675	625.83565	2	81.5578	2
1250.76090	626.38770	2	70.8542	1
1251.66140	626.83795	2	73.4751	2
1251.66320	418.22830	3	48.1720	1
1252.73980	627.37715	2	77.8078	2
1252.75000	418.59060	3	64.4980	1
1252.77720	627.39590	2	90.0945	2
1253.63000	418.88395	3	30.4961	2
1254.58825	628.30140	2	67.0992	2
1254.59970	628.30715	2	78.8333	2
1254.72945	419.25045	3	38.2628	2
1254.73000	628.37230	2	67.9251	2
1254.73010	628.37230	2	38.3179	2
1254.73265	419.25150	3	50.3060	2
1255.58505	628.79980	2	41.2838	2
1255.62590	628.82020	2	91.6294	1
1255.62755	628.82105	2	68.6731	2
1255.65655	419.55945	3	51.7266	2
1255.66860	628.84160	2	72.4549	2
1255.67795	628.84625	2	49.1224	2
1255.70270	628.85860	2	67.7465	2
1255.71375	419.57850	3	63.6861	2
1256.61055	629.31255	2	48.4813	2
1256.61150	629.31300	2	88.0037	2
1256.67275	629.34365	2	53.9150	2
1256.69670	419.90620	3	45.3529	2
1256.69810	629.35635	2	45.3478	2
1256.70365	629.35910	2	95.4527	2
1257.64745	629.83100	2	40.2455	2
1258.59865	630.30660	2	79.6634	2
1258.67735	630.34595	2	65.7892	2
1258.68885	630.35170	2	50.5050	2
1258.76365	630.38910	2	85.4990	2
1259.62075	630.81765	2	95.8958	2
1259.63330	630.82395	2	73.7395	2
1259.63590	630.82525	2	56.5826	2
1259.66150	630.83800	2	57.1039	2
1259.72380	630.86920	2	75.3212	2
1260.57735	631.29595	2	34.0455	2
1260.58815	631.30135	2	40.4234	2
1260.67235	631.34345	2	55.5195	2
1261.57765	631.79610	2	49.0893	2
1261.62235	421.54805	3	38.2017	2
1261.62270	631.81860	2	87.8655	1
1261.67130	421.56440	3	35.6640	1
1261.74720	631.88085	2	93.8529	2
1262.60790	421.87660	3	44.1898	2
1262.60810	632.31135	2	44.2884	2
1263.61965	422.21380	3	31.1958	2
1263.62050	632.81750	2	31.2012	2
1263.62890	632.82170	2	54.9878	2
1263.67255	632.84355	2	87.3169	2
1263.68285	632.84870	2	65.2694	2
1264.64870	422.55685	3	59.3291	2
1264.77430	633.39445	2	91.7302	2
1265.68880	633.85170	2	49.5272	2
1266.56370	634.28910	2	44.0128	2
1266.62175	423.21455	3	35.5659	2
1266.62495	634.31975	2	69.0894	2
1267.64865	634.83160	2	80.5984	2
1267.68915	634.85185	2	47.7714	2
1268.61445	423.87875	3	51.2032	2
1268.66220	635.33835	2	48.7651	2
1268.66290	423.89490	3	48.7127	2
1268.69820	635.35640	2	68.1370	2
1269.13420	635.57435	2	60.5606	2
1269.62465	635.81960	2	78.8863	2
1269.65195	424.22460	3	65.3344	2
1269.65800	424.22660	3	44.6710	2
1269.65845	635.83650	2	44.7032	2
1269.70425	635.85940	2	61.3583	2
1269.72895	635.87175	2	76.6007	2
1270.65345	636.33400	2	41.4900	2
1270.67710	424.56630	3	38.7012	1
1270.69970	424.57385	3	60.4730	2
1270.70090	636.35770	2	60.5320	2
1270.72770	636.37110	2	90.5262	2
1271.61780	636.81620	2	53.9148	1
1271.62290	636.81870	2	58.2324	2
1271.68870	424.90350	3	58.4387	2
1271.69205	636.85330	2	62.5996	2
1271.76105	636.88780	2	80.4510	2
1272.69335	637.35395	2	63.1097	2
1273.65635	637.83545	2	64.9198	2
1273.66985	637.84220	2	63.4182	2
1273.67795	637.84625	2	84.8002	2
1273.72180	637.86820	2	68.6799	2
1274.63090	425.88425	3	43.8946	2
1274.63200	638.32330	2	43.8950	1
1274.64500	638.32980	2	83.2344	1
1274.65135	638.33295	2	75.5584	2
1274.66315	638.33885	2	66.8878	2
1274.75980	638.38715	2	77.3011	2
1275.54160	638.77805	2	43.2134	2
1275.57205	638.79330	2	59.1860	2
1275.69385	426.23855	3	61.0970	2
1276.63290	639.32375	2	75.7961	2
1276.65280	639.33365	2	88.3600	2
1276.66605	639.34030	2	56.6401	2
1276.67395	639.34425	2	84.5794	2
1276.70390	639.35920	2	70.5216	2
1276.70415	639.35935	2	76.7875	2
1277.67325	639.84390	2	67.1833	2
1277.68725	639.85090	2	74.3912	2
1278.12620	640.07035	2	60.8236	4
1278.65075	640.33265	2	83.3166	2
1279.69635	427.57270	3	52.1519	2
1280.57855	641.29655	2	79.6102	2
1280.59980	427.87385	3	35.2227	2
1281.55675	641.78565	2	37.5809	2
1281.61040	428.21070	3	34.0416	1
1281.61230	641.81345	2	34.0040	2
1281.70355	428.24180	3	39.3510	2
1282.57380	642.29415	2	70.1439	2
1282.58690	642.30075	2	60.0769	2
1283.61545	642.81500	2	69.1700	2
1283.65045	642.83250	2	63.9678	2
1283.70830	642.86140	2	42.2462	1
1283.72190	428.91455	3	41.5053	2
1284.62620	643.32035	2	89.6394	2
1284.69330	643.35390	2	76.2753	2
1284.70285	643.35870	2	67.4831	2
1284.70450	429.24210	3	40.8062	1
1284.72945	643.37200	2	82.1359	2
1285.66325	643.83890	2	41.3621	2
1286.17650	644.09550	2	84.2148	4
1286.64470	429.88885	3	67.0577	2
1286.65090	429.89090	3	52.2932	1
1286.68340	644.34900	2	83.7290	2
1286.70075	644.35765	2	66.6985	2
1286.78500	644.39975	2	84.7049	2
1287.62930	644.82190	2	83.2852	2
1287.66850	644.84150	2	43.5258	2
1288.59220	645.30340	2	42.7270	2
1288.60650	645.31050	2	62.3601	2
1288.66310	645.33885	2	44.1973	2
1288.68110	645.34780	2	49.4354	2
1288.68540	645.35000	2	65.6742	2
1288.70320	430.57500	3	53.1578	1
1288.72205	645.36830	2	82.5051	2
1289.58960	645.80205	2	34.2495	2
1289.59270	430.87150	3	34.1898	2
1289.62830	645.82140	2	61.2411	3
1289.62910	645.82185	2	87.7041	2
1289.64655	645.83055	2	47.8244	2
1290.65690	646.33570	2	53.2224	2
1291.57965	646.79710	2	42.9910	2
1291.60530	646.80995	2	49.5550	2
1291.66605	646.84030	2	58.5531	2
1293.62400	647.81925	2	53.8626	2
1294.62320	648.31885	2	66.8195	2
1294.73330	648.37395	2	81.3992	2
1294.79730	432.60635	3	66.0380	2
1295.58870	648.80160	2	42.8704	1
1295.66540	432.89575	3	60.4111	2
1295.74535	648.87995	2	63.3345	2
1296.68310	649.34880	2	58.2009	2
1296.70230	649.35840	2	67.6206	1
1296.74000	649.37725	2	42.9565	2
1297.73650	649.87550	2	64.0815	2
1297.76015	433.59400	3	61.9396	2
1298.59340	433.87175	3	35.9138	2
1298.59350	650.30405	2	35.9502	2
1298.60935	433.87705	3	35.7735	2
1298.69565	650.35510	2	46.4067	2
1298.74260	650.37855	2	91.2831	2
1299.56810	650.79135	2	34.3665	2
1299.62960	650.82205	2	72.9483	2
1299.67900	650.84675	2	39.3278	2
1299.69330	650.85390	2	78.3462	2
1299.70470	650.85960	2	56.6871	1
1299.71520	650.86490	2	56.3919	1
1300.62450	651.31950	2	84.8735	2
1300.70275	651.35865	2	61.6739	2
1300.70820	651.36140	2	90.7926	2
1300.73895	651.37675	2	74.5137	2
1300.77440	651.39445	2	83.8349	2
1301.63695	434.88625	3	38.9164	2
1301.63715	651.82585	2	38.9815	2
1301.69785	651.85620	2	67.2733	2
1302.65920	652.33685	2	65.4375	2
1303.51420	652.76440	2	64.0913	2
1303.60520	652.80990	2	59.2285	1
1303.75025	652.88240	2	74.1853	2
1304.61145	653.31300	2	41.1505	2
1304.73505	653.37480	2	77.6370	2
1305.62410	653.81935	2	49.8020	2
1305.70500	653.85975	2	72.3193	2
1306.58310	436.53500	3	38.7710	2
1306.65160	436.55780	3	38.3510	2
1306.66515	654.33985	2	30.0529	2
1307.66250	654.83850	2	60.1819	1
1307.66270	654.83860	2	60.2000	1
1308.65800	655.33630	2	61.9432	3
1308.71970	437.24720	3	85.8532	2
1308.71995	655.36725	2	85.7568	2
1308.74180	655.37820	2	58.9562	2
1308.77810	655.39630	2	71.8193	2
1309.65255	655.83355	2	62.5049	2
1309.77235	655.89345	2	76.8478	2
1310.12245	656.06850	2	67.1751	4
1310.55880	656.28670	2	34.8023	1
1310.66380	437.89520	3	46.4577	1
1310.68165	656.34810	2	79.3943	2
1311.57095	656.79275	2	58.3793	2
1311.58455	656.79955	2	48.9481	2
1311.71600	438.24590	3	59.2348	2
1311.71720	656.86590	2	40.2693	1
1313.61455	657.81455	2	62.1445	2
1313.69345	657.85400	2	50.9638	2
1313.69395	438.90525	3	50.9525	2
1313.70265	657.85860	2	86.4297	2
1313.71965	438.91380	3	60.7956	2
1313.72010	657.86730	2	83.8916	2
1313.75110	438.92430	3	52.5610	1
1314.59825	439.20670	3	31.6788	2
1314.69720	658.35590	2	46.9132	2
1314.70275	439.24150	3	46.9584	2
1315.65825	658.83640	2	71.6975	2
1315.68410	658.84930	2	59.0980	1
1315.69930	658.85690	2	72.1559	1
1315.70985	658.86220	2	63.8672	2
1316.19860	659.10660	2	59.0202	2
1316.56400	659.28925	2	54.2448	2
1316.66850	659.34150	2	74.9690	3
1316.67585	439.89920	3	63.4532	2
1316.73460	659.37455	2	67.3070	2
1316.73485	659.37470	2	95.0549	2
1317.64300	659.82875	2	41.1976	2
1318.65925	660.33690	2	78.1469	2
1319.63385	660.82420	2	52.3598	2
1319.66445	440.89545	3	52.8069	2
1319.69205	660.85330	2	80.7338	2
1320.59830	661.30640	2	71.0589	2
1320.62400	441.21525	3	39.5699	2
1320.63460	441.21880	3	49.9924	1
1320.68370	661.34910	2	90.9266	5
1321.61560	661.81510	2	50.7439	1
1321.62015	661.81735	2	39.5097	2
1321.76435	661.88945	2	79.8483	2
1321.76465	441.59545	3	79.7796	2
1322.66715	662.34085	2	88.0301	2
1322.67175	662.34315	2	63.3969	2
1322.72675	662.37065	2	71.6894	2
1323.77710	662.89580	2	101.7273	1
1324.69200	663.35325	2	77.0763	2
1324.73435	663.37445	2	62.4173	2
1325.73170	663.87310	2	57.5813	1
1325.74990	663.88220	2	82.1747	2
1326.62035	664.31745	2	59.6955	2
1326.68970	443.23715	3	30.1116	2
1326.69160	664.35305	2	30.0867	2
1327.65265	443.55815	3	56.0178	2
1327.78855	664.90155	2	93.8607	2
1328.74475	443.92215	3	41.0396	2
1328.75285	665.38370	2	70.4732	2
1328.75305	443.92495	3	70.4667	2
1329.60785	665.81120	2	39.7722	2
1329.65330	665.83390	2	58.1010	1
1329.65405	665.83430	2	42.4841	2
1329.66840	665.84150	2	57.4389	2
1329.66915	444.23035	3	57.3742	2
1329.69385	444.23855	3	64.9569	2
1330.71455	666.36455	2	60.8162	2
1330.78055	666.39755	2	84.8938	2
1330.78195	444.60125	3	84.9568	2
1331.67685	666.84570	2	73.6352	2
1331.70950	666.86205	2	79.8702	2
1331.72955	666.87205	2	91.2339	2
1331.74405	666.87930	2	81.3358	2
1331.76765	666.89110	2	44.4285	2
1332.64675	667.33065	2	46.5539	2
1332.70195	667.35825	2	81.8008	2
1333.59575	667.80515	2	42.3379	2
1334.66140	445.89440	3	45.0585	1
1334.71880	445.91350	3	52.6132	1
1334.71915	668.36685	2	52.6318	2
1334.72400	668.36930	2	75.6753	2
1335.59480	668.80470	2	51.2350	3
1335.63840	668.82650	2	71.1455	2
1336.74625	446.58935	3	41.9822	2
1336.74750	669.38100	2	41.9927	2
1337.57230	669.79340	2	37.8177	1
1337.66270	669.83860	2	75.6123	1
1337.67335	669.84395	2	72.5577	2
1338.61295	670.31375	2	59.9341	2
1338.66790	447.22990	3	56.3946	2
1338.66810	670.34130	2	56.4492	1
1338.66855	670.34155	2	62.2269	2
1338.71985	670.36720	2	71.6635	2
1339.65205	670.83330	2	63.8090	2
1339.74560	447.58910	3	54.7604	1
1339.75400	670.88430	2	80.9524	2
1339.77100	447.59760	3	93.3603	2
1339.77155	670.89305	2	97.3393	10
1340.59740	671.30595	2	48.2411	2
1340.73035	671.37245	2	61.2198	2
1341.19810	671.60630	2	43.9823	4
1341.62115	671.81785	2	74.2825	2
1341.72495	448.24895	3	42.9391	2
1342.65135	448.55775	3	53.0872	2
1342.65220	448.55800	3	36.4726	2
1342.71010	448.57730	3	55.4060	2
1342.71115	672.36285	2	62.0535	2
1342.73845	672.37650	2	86.4217	10
1343.76540	448.92905	3	53.4533	2
1343.76705	672.89080	2	53.4621	2
1344.70630	673.36040	2	61.7585	1
1344.71405	673.36430	2	65.0969	2
1344.73900	673.37675	2	82.5785	2
1344.74405	449.25530	3	80.7960	2
1344.74765	449.25650	3	67.0398	2
1344.79600	673.40530	2	95.4909	2
1345.62300	673.81880	2	32.3439	1
1345.66475	673.83965	2	58.0370	2
1345.73145	673.87300	2	97.2890	2
1346.57850	674.29655	2	38.9267	2
1346.67510	674.34485	2	72.1935	2
1346.68390	674.34925	2	77.1424	2
1346.76570	449.92920	3	67.6517	2
1346.76750	674.39105	2	67.7176	2
1347.58040	674.79750	2	52.1543	2
1347.66855	674.84155	2	87.6091	2
1347.74510	674.87985	2	62.7475	2
1347.74765	450.25650	3	62.6184	2
1347.76470	450.26220	3	82.0567	2
1349.64670	675.83060	2	59.9551	1
1349.68275	675.84865	2	68.7048	2
1349.68485	675.84970	2	60.1617	2
1350.60870	676.31165	2	38.8050	2
1350.64030	676.32740	2	75.0905	1
1350.71540	676.36495	2	73.0378	2
1350.75065	676.38260	2	57.6522	2
1351.63820	451.55335	3	33.0263	2
1351.64020	676.82735	2	33.0342	2
1351.64115	676.82785	2	59.7569	2
1351.71100	451.57760	3	48.7081	1
1352.59670	451.87285	3	29.6017	2
1352.72850	451.91675	3	54.0336	2
1352.75610	677.38535	2	67.2211	2
1353.72320	677.86885	2	87.3932	2
1353.72545	677.87000	2	64.8603	2
1354.72905	678.37180	2	91.4481	6
1355.71550	678.86505	2	84.4544	2
1355.71625	678.86540	2	86.7575	2
1355.73085	678.87270	2	55.7271	2
1355.77765	452.93315	3	58.0133	2
1355.77855	678.89655	2	81.2792	2
1356.56960	679.29210	2	52.9771	1
1356.73665	679.37560	2	59.1703	2
1356.74760	453.25650	3	47.2056	1
1356.75005	679.38230	2	47.2296	2
1357.66300	679.83880	2	48.4163	2
1357.67250	453.56475	3	28.9465	2
1357.67280	679.84370	2	29.0932	2
1357.74640	453.58940	3	57.4118	2
1357.74710	679.88080	2	57.4810	2
1358.15455	453.72545	3	50.3589	4
1358.66695	680.34075	2	88.0972	4
1358.66830	453.89670	3	44.6705	2
1358.66880	680.34170	2	44.7230	1
1358.67900	453.90030	3	37.5005	1
1358.68045	680.34750	2	37.5476	2
1358.74115	680.37785	2	81.8919	2
1358.75850	680.38650	2	91.7702	2
1359.68240	680.84845	2	66.2399	2
1359.68800	454.23660	3	37.2322	2
1359.83540	454.28575	3	55.9046	2
1360.58620	454.53600	3	32.7147	2
1360.70070	681.35760	2	74.6905	2
1361.66835	681.84145	2	39.2937	2
1361.67360	681.84410	2	66.0006	1
1361.72100	681.86780	2	67.8437	2
1361.72295	681.86875	2	70.6176	2
1362.55990	682.28725	2	49.0063	2
1362.59005	682.30230	2	47.3806	2
1362.64420	682.32940	2	52.6806	1
1362.71285	682.36370	2	86.8495	2
1362.71410	682.36430	2	57.6024	1
1362.71575	682.36515	2	71.2482	2
1362.72395	682.36925	2	82.4834	2
1362.72790	682.37125	2	56.2553	2
1363.69110	455.57100	3	44.0672	2
1363.69310	682.85380	2	44.0790	2
1364.68425	683.34940	2	60.5241	2
1364.71850	683.36650	2	63.9428	2
1364.73560	683.37505	2	68.5665	2
1365.66645	683.84050	2	83.3781	2
1365.67870	683.84660	2	54.8457	2
1365.67880	456.23350	3	54.8021	2
1366.73170	456.58450	3	35.2817	2
1366.75820	456.59335	3	35.4171	2
1366.84540	684.43000	2	98.8344	2
1367.54530	684.77990	2	32.1504	3
1367.65395	456.89190	3	50.2452	2
1367.67420	456.89865	3	48.9535	2
1367.68780	456.90320	3	50.4460	2
1367.68970	684.85215	2	50.5122	2
1367.71205	684.86330	2	70.7380	2
1367.76680	684.89070	2	82.3498	2
1367.77795	684.89625	2	74.3725	2
1368.64605	457.22265	3	66.6454	2
1368.75070	685.38265	2	73.9012	2
1368.79820	457.27330	3	63.0328	1
1369.65140	685.83300	2	52.7605	1
1369.67380	457.56520	3	50.9569	2
1369.79415	685.90435	2	53.5950	2
1369.79460	457.60550	3	53.5349	3
1370.72310	686.36880	2	78.6131	3
1370.81840	686.41645	2	93.7370	2
1371.68390	686.84925	2	72.5412	2
1371.70950	686.86200	2	90.4049	2
1371.73540	458.25240	3	48.2746	2
1371.74650	458.25610	3	53.7970	2
1372.68430	687.34940	2	65.3210	2
1372.71750	458.57975	3	53.3975	2
1373.68905	687.85180	2	36.7663	2
1373.74020	687.87740	2	69.8475	2
1373.75205	687.88330	2	56.0193	2
1374.68830	459.23670	3	46.5995	2
1374.68950	688.35200	2	46.6510	1
1374.70885	688.36170	2	72.4843	2
1374.76240	459.26140	3	76.6303	2
1374.76285	688.38870	2	76.7298	2
1374.78965	688.40210	2	83.1673	2
1375.71260	459.57810	3	75.3206	1
1376.70790	689.36120	2	88.5739	2
1376.71880	689.36670	2	64.0913	2
1376.72810	459.91665	3	48.5385	2
1376.85055	459.95745	3	65.4752	2
1377.67180	689.84315	2	81.9557	2
1377.67845	689.84650	2	74.7115	2
1377.68520	689.84990	2	31.6402	2
1377.68620	460.23600	3	31.5984	2
1377.69250	460.23810	3	87.1687	2
1377.69690	689.85570	2	89.8540	8
1378.23340	690.12400	2	83.5548	4
1378.55425	690.28440	2	41.8002	2
1378.69570	690.35515	2	59.0118	2
1378.75685	690.38570	2	93.4938	2
1379.57075	690.79265	2	42.5428	2
1379.76550	460.92910	3	71.7228	2
1379.76560	690.89010	2	71.7158	1
1379.77160	690.89310	2	79.0462	2
1380.79845	691.40650	2	75.4983	2
1381.66575	691.84015	2	64.8114	2
1381.74725	691.88090	2	72.7961	2
1382.65055	692.33255	2	75.5508	2
1382.76050	692.38750	2	76.4999	3
1383.54090	692.77775	2	24.8608	4
1383.67965	462.23380	3	41.8942	2
1384.63950	462.55380	3	54.0598	1
1384.66295	693.33875	2	54.9602	2
1384.67060	693.34255	2	82.3878	2
1384.70950	693.36200	2	69.0947	2
1384.73365	462.58515	3	63.0569	2
1384.75400	693.38430	2	82.5394	2
1385.73520	693.87485	2	74.1654	2
1385.75220	693.88335	2	61.3056	2
1386.72475	463.24885	3	65.1448	2
1387.56050	694.78750	2	60.6961	1
1387.68765	694.85110	2	81.2207	2
1387.69390	694.85425	2	55.6668	2
1387.69630	694.85540	2	69.6752	1
1387.72635	463.58275	3	82.4513	2
1388.55600	695.28530	2	54.2165	2
1388.70535	695.35995	2	51.1413	2
1389.73300	695.87375	2	86.4605	2
1389.75125	695.88290	2	87.5773	2
1390.65020	464.55735	3	36.5285	2
1390.70700	464.57630	3	34.0469	1
1390.75540	464.59240	3	66.5201	2
1391.56450	464.86210	3	33.6985	1
1391.69500	696.85480	2	59.4047	2
1391.69510	464.90560	3	59.5077	1
1391.70660	696.86060	2	51.6974	2
1392.61685	465.21290	3	58.1373	2
1392.66600	697.34030	2	62.2944	2
1392.86970	697.44210	2	82.6834	2
1392.87090	465.29755	3	82.7549	2
1393.64235	697.82845	2	67.3619	2
1393.65210	697.83335	2	69.9725	2
1393.67790	697.84620	2	69.4139	2
1393.69125	697.85290	2	81.1613	2
1393.70350	465.57510	3	54.4555	2
1393.70455	697.85955	2	76.1795	2
1394.54860	698.28160	2	35.3036	2
1395.65295	698.83375	2	57.2170	2
1395.71085	466.24425	3	38.7071	2
1395.71110	698.86285	2	38.6535	2
1396.67790	699.34625	2	76.0053	2
1396.80490	699.40970	2	65.4089	1
1397.60465	699.80960	2	45.3578	2
1397.71590	699.86525	2	50.0677	2
1397.79550	699.90500	2	78.3543	2
1398.62940	700.32200	2	51.1779	2
1398.70350	700.35900	2	88.8952	2
1398.73910	467.25360	3	49.5176	2
1398.77180	700.39320	2	62.9592	2
1399.69490	700.85475	2	53.3411	2
1399.69925	467.57370	3	46.9863	2
1399.76780	700.89120	2	61.8192	1
1401.57150	701.79305	2	41.3998	2
1401.71240	701.86345	2	40.9799	2
1401.71485	468.24555	3	40.9013	2
1401.76105	468.26095	3	79.4872	2
1401.76245	701.88850	2	79.3830	2
1402.75055	702.38255	2	75.7356	2
1403.63175	702.82315	2	53.9774	2
1403.63880	702.82665	2	59.7442	2
1403.74065	702.87760	2	68.1240	2
1403.74075	468.92085	3	39.3413	2
1403.74155	702.87805	2	39.4005	2
1404.79780	703.40615	2	66.9414	2
1405.65175	703.83315	2	54.9597	2
1406.71585	704.36520	2	73.6511	2
1407.67090	704.84270	2	98.0720	1
1407.72390	470.24855	3	48.3612	2
1407.78355	470.26845	3	65.0822	2
1407.78365	470.26850	3	59.0615	2
1408.65105	705.33280	2	76.3067	2
1408.66300	705.33880	2	69.3550	2
1408.66885	705.34170	2	37.9789	2
1409.68785	705.85120	2	67.4753	2
1410.70060	706.35760	2	54.7164	2
1410.72605	471.24925	3	49.0110	2
1410.72720	706.37090	2	49.0818	1
1410.77165	471.26450	3	56.1297	2
1411.65860	706.83655	2	46.8514	2
1411.67460	706.84460	2	71.4591	1
1411.71595	471.57925	3	68.9257	2
1411.82860	471.61680	3	71.7768	1
1411.82905	706.92180	2	71.6259	2
1412.64455	707.32955	2	87.9600	2
1412.77530	707.39490	2	49.6125	2
1412.79900	471.94025	3	61.5799	2
1412.81370	707.41410	2	81.7787	2
1412.83810	471.95330	3	65.5259	2
1412.83960	707.42705	2	65.5855	2
1413.67435	707.84445	2	36.1433	2
1413.76625	707.89040	2	60.4346	2
1414.72955	472.58380	3	46.1069	2
1414.73050	708.37255	2	46.1398	2
1414.73295	708.37375	2	80.5757	2
1414.81410	708.41430	2	101.6456	1
1415.64980	708.83220	2	91.5300	2
1415.69010	708.85235	2	56.6999	2
1415.72720	708.87090	2	44.7702	2
1415.76210	472.92795	3	38.8637	2
1416.72380	473.24850	3	64.4727	1
1416.72495	709.36975	2	63.7521	2
1416.78735	709.40095	2	90.4103	2
1417.66550	709.84005	2	67.1624	2
1417.66925	709.84190	2	54.3012	2
1417.67940	473.56710	3	45.5464	2
1417.71075	709.86265	2	73.1471	2
1418.70000	473.90725	3	41.6022	2
1418.70830	710.36140	2	79.4149	1
1418.70870	710.36160	2	56.9271	2
1419.66230	710.83845	2	56.2476	2
1419.70055	710.85755	2	49.9144	2
1419.75580	474.25920	3	50.1552	2
1419.81295	710.91375	2	79.9699	2
1420.19170	474.40450	3	50.4520	4
1420.65025	711.33240	2	45.5983	6
1421.80325	474.94170	3	62.4355	2
1422.59340	712.30400	2	35.3860	1
1422.59415	475.20530	3	35.2982	2
1422.67415	475.23195	3	39.3050	2
1422.68760	712.35110	2	64.6000	2
1422.75285	712.38370	2	77.5920	2
1423.67100	712.84280	2	81.1344	2
1423.74140	712.87795	2	90.0491	2
1424.66080	713.33765	2	67.1569	2
1424.72005	713.36730	2	65.8805	2
1424.75240	713.38345	2	58.0528	2
1424.81475	475.94555	3	90.1833	2
1425.67220	713.84335	2	72.5198	2
1425.81030	713.91245	2	72.8200	2
1425.81875	476.28020	3	61.1651	2
1426.78980	476.60390	3	41.7793	2
1427.64270	714.82860	2	45.0914	1
1427.72595	714.87025	2	51.6048	2
1427.72630	476.91600	3	51.7107	1
1427.79915	714.90685	2	81.7103	2
1428.71105	477.24425	3	44.7078	2
1428.78230	477.26805	3	75.5943	2
1429.75005	715.88230	2	62.7104	2
1429.75750	715.88605	2	58.9282	2
1429.76240	715.88850	2	50.5730	2
1429.79690	715.90575	2	68.1008	2
1429.79955	715.90705	2	96.3866	2
1430.24855	477.75680	3	59.5043	4
1430.72855	716.37155	2	87.5509	2
1430.73620	477.91935	3	49.3412	2
1430.75880	716.38665	2	89.8786	2
1431.78745	478.26975	3	64.4192	2
1431.79255	716.90355	2	84.9839	2
1431.79975	716.90715	2	78.6817	2
1432.71520	717.36490	2	43.8532	1
1432.71675	478.57955	3	43.7479	2
1434.74805	718.38130	2	72.5761	2
1435.66345	718.83900	2	37.1049	2
1435.73130	718.87290	2	67.3293	1
1435.76860	718.89160	2	62.0538	2
1436.69510	479.90565	3	54.3679	2
1436.70380	719.35915	2	67.4202	2
1436.70990	719.36220	2	54.4847	2
1436.76325	479.92835	3	50.4790	2
1436.78685	479.93620	3	61.1904	2
1437.69250	719.85355	2	62.7099	2
1438.58795	480.53655	3	28.2096	2
1438.77150	720.39300	2	80.4948	1
1439.64710	720.83085	2	46.9701	2
1439.79895	720.90675	2	71.8760	2
1439.80755	720.91105	2	94.8712	2
1440.82025	721.41740	2	78.3810	2
1441.63290	721.82370	2	75.8462	1
1442.64890	722.33175	2	82.8829	2
1442.66920	722.34190	2	50.3987	2
1442.68890	722.35170	2	78.9200	2
1442.72860	481.91680	3	48.3684	2
1443.67340	722.84400	2	42.5789	2
1443.80865	722.91160	2	72.8570	2
1443.84525	722.92990	2	78.5229	2
1444.66985	723.34220	2	55.1177	2
1444.67790	723.34625	2	83.8561	2
1444.74260	723.37860	2	69.6807	2
1444.77015	482.59735	3	59.6314	2
1444.81140	723.41300	2	86.7042	3
1446.71010	724.36230	2	61.6294	1
1447.74765	724.88110	2	66.7836	2
1447.75545	483.59240	3	55.4922	2
1447.75770	724.88615	2	55.5880	2
1448.71550	725.36505	2	55.8753	2
1448.73785	725.37620	2	76.0381	2
1448.74290	725.37870	2	82.0785	2
1449.67700	725.84580	2	61.4529	2
1449.86650	484.29610	3	59.0098	2
1449.88425	725.94940	2	85.1937	2
1450.72350	726.36905	2	80.6664	2
1450.73645	726.37550	2	88.7327	2
1450.74910	726.38180	2	94.7459	2
1450.81810	484.61330	3	64.4852	2
1451.71390	484.91190	3	32.9576	1
1452.76710	485.26295	3	56.3368	2
1452.79955	727.40705	2	89.5744	2
1453.76100	727.88780	2	55.0890	1
1454.70770	485.90985	3	83.0089	2
1454.73145	728.37300	2	78.0870	2
1454.87100	485.96425	3	75.9191	2
1454.87125	728.44290	2	75.7906	2
1455.69775	728.85615	2	67.0011	2
1455.69850	486.24010	3	66.9750	2
1455.79885	728.90670	2	91.3926	2
1455.83805	728.92630	2	79.9144	2
1457.78750	486.93645	3	80.1536	2
1457.78850	729.90155	2	80.2049	2
1458.74680	487.25620	3	75.3813	2
1459.70540	730.86000	2	57.4993	2
1459.70890	730.86170	2	66.3390	2
1459.74445	730.87950	2	62.5630	2
1459.83955	487.62045	3	74.4526	2
1459.83965	730.92710	2	74.4845	2
1461.73870	731.87665	2	63.8726	2
1461.83800	488.28660	3	75.7054	2
1462.69540	732.35495	2	64.2337	2
1463.67430	488.89870	3	61.6085	2
1463.70800	732.86130	2	78.8359	2
1463.70930	732.86190	2	65.2335	2
1463.74085	488.92090	3	70.8916	2
1463.74970	732.88215	2	70.9546	2
1464.30165	489.10785	3	63.7607	4
1464.74920	489.25700	3	80.4172	2
1464.79440	733.40450	2	60.6204	2
1464.79565	733.40510	2	66.6910	2
1465.67310	733.84380	2	50.2565	2
1465.73550	733.87505	2	85.7652	2
1466.66340	489.89510	3	42.7599	2
1466.67675	734.34565	2	73.4994	2
1466.74210	734.37830	2	87.5156	2
1466.77315	489.93165	3	42.5999	2
1467.73570	734.87510	2	84.0517	6
1468.68700	735.35080	2	51.8427	2
1468.79770	735.40615	2	73.2743	2
1468.80680	490.60955	3	55.3441	2
1470.74680	491.25620	3	64.8401	2
1470.74925	491.25700	3	54.7486	2
1470.79755	736.40605	2	87.7184	2
1470.84525	736.42990	2	82.0840	2
1471.70895	736.86175	2	53.0476	2
1471.74195	736.87825	2	64.1805	2
1471.75730	491.59305	3	65.6777	2
1472.71410	491.91200	3	43.8639	1
1472.73560	491.91910	3	56.2431	2
1472.73750	737.37605	2	56.3119	2
1472.77680	491.93290	3	57.9174	2
1473.74775	737.88115	2	65.0210	2
1473.76160	492.26110	3	73.3818	1
1473.76220	492.26130	3	70.2537	1
1474.76755	738.39105	2	78.1522	2
1475.77260	492.93145	3	61.7966	2
1476.70925	739.36190	2	63.9906	2
1476.78335	739.39895	2	71.9651	2
1477.64950	493.55710	3	31.2758	1
1477.74075	739.87765	2	83.4449	2
1477.76160	739.88805	2	71.1895	2
1477.76860	739.89155	2	86.9482	2
1478.64105	740.32780	2	46.9131	2
1478.77825	740.39640	2	73.2659	2
1479.73700	740.87580	2	76.2421	1
1480.68795	494.56990	3	34.4069	2
1480.71800	741.36625	2	84.0804	2
1480.78765	494.60315	3	63.5644	2
1482.81475	742.41465	2	88.6109	2
1482.83030	742.42245	2	67.1199	2
1483.71270	495.57815	3	60.2770	2
1483.74570	495.58920	3	27.8295	1
1483.76160	742.88805	2	75.0171	2
1484.68255	743.34855	2	42.1336	2
1484.81060	743.41260	2	82.0170	2
1484.81980	495.94720	3	73.4183	2
1484.82205	743.41830	2	73.4805	2
1485.82325	496.28170	3	85.8643	2
1485.82415	743.91935	2	85.9499	2
1486.71915	496.58035	3	74.5108	2
1486.76405	744.38930	2	70.1915	2
1486.77835	496.60005	3	52.5457	2
1486.78205	744.39830	2	66.0930	2
1486.78260	496.60145	3	66.1533	2
1487.22615	744.62035	2	76.4281	2
1487.81210	744.91330	2	91.4840	1
1488.64980	745.33220	2	47.7920	1
1488.74315	497.25500	3	43.6374	2
1488.74440	745.37950	2	43.7130	1
1488.79450	497.27210	3	58.0452	2
1489.74995	745.88225	2	89.1969	2
1490.72240	746.36850	2	56.7789	1
1490.73120	497.91770	3	56.7358	1
1490.73250	497.91810	3	56.7124	1
1491.81020	746.91240	2	88.2884	1
1492.71020	747.36235	2	46.6919	2
1492.73895	498.58690	3	74.7247	2
1492.80760	498.60980	3	75.2924	2
1493.65005	498.89060	3	37.3398	2
1493.65120	747.83290	2	37.4452	1
1493.74720	498.92300	3	55.2312	2
1493.74795	747.88125	2	55.1688	2
1493.78245	498.93475	3	71.2882	2
1495.74230	499.58800	3	67.9316	2
1495.84110	748.92780	2	80.6354	2
1495.85435	499.62540	3	80.7006	2
1495.85680	748.93570	2	80.8437	1
1495.87240	499.63140	3	68.4625	2
1496.68710	749.35085	2	84.2007	2
1496.76295	499.92825	3	55.4619	2
1496.76370	749.38915	2	63.9305	2
1496.78330	749.39890	2	70.0726	2
1496.82535	749.41995	2	90.7787	2
1497.70990	749.86225	2	71.6050	2
1498.76310	750.38885	2	74.0132	2
1498.77780	750.39615	2	67.5369	2
1498.84120	750.42785	2	83.8861	2
1499.71410	500.91200	3	54.5393	2
1500.68840	501.23670	3	47.3570	1
1500.76265	501.26145	3	54.7159	2
1500.79280	501.27150	3	58.1309	2
1500.79465	751.40460	2	58.1643	2
1500.81555	501.27915	3	63.8488	2
1500.81625	501.27935	3	59.6217	2
1500.81630	501.27940	3	68.0171	2
1501.71640	751.86545	2	49.7246	2
1501.71645	501.57940	3	49.6644	2
1501.77870	751.89660	2	70.9226	3
1501.84405	501.62195	3	47.6152	2
1502.64660	752.33055	2	77.3871	2
1502.75430	752.38445	2	86.8751	2
1503.70580	502.24250	3	44.8169	1
1503.79475	752.90465	2	79.9613	2
1504.74975	502.59050	3	52.8771	2
1504.79815	753.40635	2	68.2046	2
1504.87670	502.63280	3	79.0739	2
1505.65245	502.89140	3	46.0566	2
1505.70835	502.91005	3	55.6059	2
1505.72500	502.91560	3	60.2436	2
1505.91940	753.96695	2	92.0620	2
1506.79345	754.40400	2	59.2951	2
1506.79480	754.40465	2	65.2565	2
1507.71330	503.57840	3	62.5685	2
1507.73500	503.58560	3	51.2993	1
1508.74245	755.37850	2	85.8192	2
1508.74255	503.92145	3	85.9885	2
1508.81340	503.94505	3	47.3577	2
1508.81565	755.41510	2	47.3495	2
1509.64280	504.22150	3	34.3410	1
1509.65765	504.22645	3	45.7629	2
1509.74630	504.25605	3	50.8345	2
1510.70720	756.36085	2	69.5285	2
1510.71390	504.57860	3	56.7814	2
1510.71430	756.36445	2	56.8128	2
1510.74550	756.38005	2	73.7203	2
1510.75260	504.59145	3	56.4255	2
1511.71655	756.86555	2	41.0953	2
1511.78835	756.90145	2	97.5587	2
1511.82020	756.91735	2	91.5386	2
1511.85785	756.93620	2	79.5988	2
1512.20750	505.07645	3	42.2102	4
1512.87600	505.29925	3	84.0202	2
1512.87755	757.44605	2	83.9575	2
1513.69875	757.85665	2	67.3355	2
1513.75075	757.88265	2	76.5197	2
1513.87040	757.94245	2	95.3581	2
1513.87205	505.63130	3	95.4825	2
1514.72265	505.91480	3	55.2871	2
1514.79745	505.93975	3	90.6562	2
1514.79850	758.40650	2	65.5306	2
1514.79875	758.40665	2	90.5606	2
1514.85695	758.43575	2	88.9936	2
1514.85725	505.95965	3	89.0666	2
1515.71725	506.24635	3	76.9548	2
1515.75350	758.88405	2	31.6092	2
1515.75360	506.25845	3	31.5696	2
1515.76140	758.88795	2	88.3864	2
1515.77210	506.26460	3	77.2895	2
1515.82170	758.91810	2	78.1885	1
1516.21010	759.11235	2	78.3615	4
1516.68440	506.56870	3	30.7512	1
1516.77725	759.39590	2	73.4153	2
1516.79915	759.40685	2	78.5070	2
1516.83505	759.42480	2	78.9539	2
1517.22305	506.74830	3	52.6885	4
1517.71600	759.86525	2	53.3411	2
1517.72990	759.87220	2	61.3965	2
1517.74120	759.87790	2	69.1129	2
1517.80920	506.94365	3	75.4288	2
1518.79510	760.40485	2	82.9737	2
1518.92490	507.31560	3	61.9196	1
1519.77850	507.60010	3	57.2606	2
1519.82865	760.92160	2	91.2747	2
1520.23800	761.12630	2	63.2827	4
1520.72050	761.36750	2	76.4754	1
1520.73615	761.37535	2	51.9364	2
1523.76215	762.88835	2	91.9230	2
1523.86815	508.96330	3	75.8368	2
1523.88190	762.94825	2	88.9881	2
1524.74020	763.37735	2	70.7940	2
1525.85550	763.93500	2	96.2551	2
1526.73210	509.91795	3	32.7896	2
1527.70975	510.24385	3	34.1309	2
1527.77925	764.89690	2	89.2213	2
1527.79875	764.90665	2	68.7392	2
1527.83260	764.92360	2	89.9877	1
1528.74415	765.37935	2	91.8053	2
1528.79890	765.40670	2	71.5622	2
1528.81005	510.61060	3	68.4735	2
1529.66375	510.89515	3	37.2509	2
1529.66455	765.83955	2	37.3036	2
1529.84045	510.95410	3	62.9905	2
1529.85715	510.95965	3	78.2892	2
1530.78440	766.39950	2	92.1520	1
1530.80395	511.27525	3	65.3593	2
1531.69840	511.57340	3	63.2299	2
1531.77490	766.89475	2	64.6972	2
1531.80025	766.90740	2	67.5991	2
1531.87310	766.94385	2	93.4897	2
1532.77435	767.39445	2	72.9483	2
1532.79980	767.40720	2	70.8051	2
1532.82260	767.41855	2	81.0151	2
1533.74285	512.25485	3	33.9260	2
1533.74585	512.25590	3	48.8222	2
1533.74635	767.88045	2	67.0652	2
1533.74710	767.88085	2	48.8887	2
1533.80080	512.27420	3	95.9906	1
1533.80205	767.90830	2	95.9717	2
1534.29740	768.15600	2	73.0917	4
1535.67085	512.89755	3	36.0974	2
1535.67920	768.84685	2	59.1778	2
1535.68325	768.84890	2	66.3881	2
1535.78490	512.93555	3	67.0657	2
1537.72060	513.58080	3	78.2945	2
1538.82430	770.41940	2	77.5276	2
1539.74995	770.88225	2	77.8403	2
1540.80710	514.60960	3	62.0858	2
1541.78575	514.93585	3	56.8416	2
1541.78810	771.90135	2	56.8788	2
1541.81680	771.91565	2	68.4091	2
1541.83080	771.92265	2	74.3086	2
1542.77215	515.26465	3	52.7454	2
1542.79105	772.40280	2	60.5869	2
1546.69940	774.35695	2	65.4697	2
1547.67315	774.84385	2	61.6427	2
1547.77380	516.93185	3	52.9820	2
1547.77540	774.89500	2	53.0423	1
1547.82105	774.91780	2	69.5918	2
1547.82110	774.91785	2	82.2097	2
1547.82410	516.94860	3	61.4863	2
1547.83145	516.95105	3	57.0156	2
1547.83185	774.92320	2	57.0697	2
1548.77760	517.26645	3	69.9410	2
1548.77880	775.39670	2	69.8800	2
1548.92505	775.46980	2	78.9569	2
1549.60260	775.80860	2	44.3691	2
1549.74485	517.58890	3	61.7273	2
1549.74910	775.88180	2	61.8834	2
1549.78145	775.89800	2	80.4563	2
1549.83090	775.92275	2	72.1317	2
1550.68915	517.90365	3	32.3196	2
1550.74050	517.92080	3	50.0076	2
1550.74585	776.38020	2	50.0751	2
1550.76875	517.93015	3	56.3021	2
1550.76945	776.39200	2	56.3669	2
1550.84980	776.43220	2	94.3434	2
1551.71720	518.24635	3	35.0729	2
1551.76755	776.89105	2	66.9694	2
1551.77495	518.26555	3	38.0622	2
1551.84765	776.93110	2	88.9991	2
1552.73255	518.58475	3	66.0080	2
1553.83155	518.95110	3	79.8152	2
1553.83345	777.92400	2	96.2416	2
1555.73830	778.87645	2	70.9963	2
1555.75110	519.59095	3	50.4505	2
1555.84575	778.93015	2	81.2481	2
1555.85790	519.62660	3	32.5531	2
1555.88300	519.63490	3	76.4275	2
1556.28260	779.14860	2	84.9989	4
1556.84235	779.42845	2	89.8969	2
1557.78370	779.89910	2	78.6368	1
1557.83275	779.92365	2	88.6970	2
1558.76515	780.38985	2	89.7775	2
1558.77355	780.39405	2	66.3312	2
1559.61040	780.81250	2	72.3485	2
1559.75125	520.92435	3	70.0404	2
1559.75885	520.92690	3	76.8796	2
1559.82150	780.91805	2	86.5285	2
1560.30380	781.15920	2	77.9287	2
1560.84200	521.28790	3	84.8212	1
1560.84215	781.42835	2	77.9629	2
1560.84400	781.42930	2	84.5687	2
1561.78880	781.90170	2	75.4370	2
1561.83580	781.92520	2	86.7091	2
1562.77270	521.93150	3	65.9652	1
1563.80445	522.27545	3	72.6168	2
1564.29890	783.15675	2	72.8336	4
1564.71625	522.57935	3	52.2987	2
1564.71755	783.36605	2	52.3788	2
1564.74240	783.37850	2	54.8376	2
1564.87615	783.44535	2	99.5758	2
1565.78650	522.93610	3	56.5877	2
1565.83130	522.95105	3	65.6407	2
1567.82605	784.92030	2	80.7843	2
1567.89330	523.63840	3	96.0928	2
1567.89735	784.95595	2	96.0228	2
1569.87725	785.94590	2	75.7110	2
1569.91365	785.96410	2	86.2358	2
1570.81075	786.41265	2	58.2806	2
1571.68655	524.90280	3	54.4294	2
1571.68795	786.85125	2	54.5168	2
1572.78200	787.39830	2	57.6872	2
1572.81510	787.41480	2	89.6602	1
1572.83140	525.28440	3	77.6915	2
1573.77980	787.89715	2	85.8586	2
1573.82700	787.92075	2	80.0319	2
1573.83740	787.92600	2	73.9527	2
1574.71115	788.36285	2	70.2585	2
1576.75215	789.38335	2	74.2495	2
1576.76680	789.39070	2	71.4317	3
1577.77140	789.89300	2	70.9552	1
1577.77160	789.89310	2	89.3305	3
1577.78985	789.90220	2	74.7689	2
1578.26110	527.09430	3	71.5947	4
1578.83735	527.28635	3	69.5542	2
1578.85225	527.29135	3	55.3228	2
1578.87360	527.29845	3	82.2890	2
1578.87465	790.44460	2	82.3257	2
1580.80570	527.94250	3	61.1326	2
1580.81870	791.41660	2	70.8596	1
1580.86195	791.43825	2	93.8203	2
1581.76365	791.88910	2	65.2011	2
1582.84665	792.43060	2	77.1721	2
1582.86660	792.44055	2	70.2915	2
1584.73970	529.25380	3	65.5085	1
1586.18015	794.09735	2	62.7356	4
1586.86910	794.44180	2	84.7825	2
1587.85240	794.93345	2	85.2459	2
1588.72580	795.37015	2	69.7160	2
1588.84150	795.42800	2	92.1218	2
1589.82070	530.94750	3	83.1646	2
1589.82200	795.91825	2	83.0930	2
1590.76555	796.39005	2	77.4418	2
1590.79000	531.27060	3	85.3093	1
1590.79810	796.40635	2	80.7255	2
1590.85215	796.43335	2	88.7774	2
1591.74830	531.59005	3	42.9795	2
1591.75010	796.88235	2	43.0146	2
1591.80210	531.60800	3	57.6744	1
1591.80365	796.90910	2	57.8064	2
1591.86195	796.93825	2	85.7041	2
1592.82090	531.94760	3	65.9397	1
1592.91470	797.46465	2	71.3511	2
1593.74260	532.25480	3	54.1179	2
1593.74265	797.87860	2	54.1001	2
1593.76490	797.88975	2	82.8090	2
1593.78680	797.90065	2	93.7688	2
1593.95055	797.98255	2	81.2125	2
1595.80310	798.90885	2	91.1358	2
1595.86305	532.96160	3	49.1566	2
1596.77655	533.26610	3	48.8103	4
1596.77825	799.39640	2	67.2811	2
1596.80125	799.40790	2	52.8945	2
1597.86915	799.94185	2	69.3373	2
1598.84225	533.95470	3	81.4988	2
1598.84730	800.43090	2	81.5338	3
1599.72420	800.86935	2	73.3617	2
1599.84810	800.93130	2	73.7715	1
1599.88785	534.30320	3	62.1961	2
1599.89860	534.30680	3	76.0727	2
1600.77875	801.39665	2	76.0052	2
1600.78420	534.60200	3	63.2892	3
1600.83300	801.42380	2	64.6558	1
1600.84490	534.62220	3	63.5624	2
1600.86910	801.44180	2	63.1175	2
1601.72750	801.87100	2	51.5394	2
1602.73970	535.25380	3	59.9606	1
1602.80170	802.40810	2	75.6512	2
1602.85660	802.43560	2	95.1709	2
1602.86300	802.43880	2	72.1042	2
1603.80950	802.91200	2	80.1413	2
1604.74490	803.37975	2	63.5083	2
1604.78295	535.93495	3	67.2552	2
1605.81510	803.91480	2	75.8162	1
1607.85065	804.93260	2	84.3047	2
1607.90425	536.97535	3	78.8028	2
1608.87845	805.44650	2	96.4108	2
1609.83695	537.61960	3	87.8989	2
1609.83795	805.92625	2	87.9951	2
1610.72160	806.36810	2	64.7570	2
1610.78290	537.93490	3	64.3906	2
1610.90770	806.46110	2	96.5656	2
1611.78940	806.90200	2	64.2264	1
1612.85100	807.43280	2	83.7659	2
1612.85745	538.62645	3	69.2597	2
1612.87115	807.44285	2	88.1588	2
1612.90430	538.64205	3	75.7686	2
1613.85365	807.93410	2	81.7759	2
1613.90375	807.95915	2	80.0313	2
1614.76165	808.38810	2	87.9072	2
1615.85640	539.62610	3	71.8548	1
1615.89580	808.95520	2	84.0758	1
1616.73160	539.91780	3	46.6087	2
1616.84880	809.43165	2	91.5003	2
1617.79000	809.90230	2	43.3139	2
1617.83830	809.92640	2	76.6954	2
1617.91485	809.96470	2	97.8128	2
1619.81575	540.94585	3	64.6053	2
1620.86295	541.29490	3	85.2140	2
1620.86460	811.43960	2	85.1800	2
1621.82910	811.92180	2	83.6125	2
1621.87370	811.94415	2	69.9830	2
1622.76590	541.92920	3	36.6184	2
1622.79755	541.93975	3	80.5388	2
1623.85970	812.93715	2	86.7491	2
1625.77465	813.89460	2	76.6383	2
1625.77740	813.89595	2	79.9030	2
1626.80815	814.41135	2	61.8884	2
1626.85730	543.29300	3	56.0110	2
1626.85950	814.43700	2	56.0449	2
1626.90120	814.45790	2	88.0892	2
1627.74800	814.88125	2	66.4562	2
1627.78465	543.60215	3	48.5647	2
1628.79170	543.93785	3	93.9173	2
1628.79410	815.40435	2	93.8550	2
1628.79480	815.40465	2	80.3925	2
1628.81590	543.94590	3	55.3996	2
1628.81710	815.41580	2	55.4571	2
1629.81140	815.91300	2	69.3275	2
1629.87385	815.94420	2	68.6550	2
1629.88250	815.94850	2	87.8439	2
1630.84515	544.62230	3	80.8905	2
1631.92555	544.98245	3	70.5258	2
1631.92605	816.97030	2	70.5789	2
1632.77920	545.26700	3	45.1342	2
1633.84365	545.62185	3	78.4081	2
1633.85450	545.62540	3	60.8682	1
1634.78855	818.40155	2	90.6316	2
1634.80085	818.40770	2	61.7350	2
1634.82955	545.95045	3	43.3139	2
1634.88750	545.96975	3	52.5658	2
1636.94005	819.47730	2	90.7869	2
1636.94510	546.65560	3	90.8394	1
1637.71920	819.86690	2	67.3820	1
1638.84165	547.28780	3	74.5925	2
1638.84180	820.42820	2	74.6755	1
1639.74080	820.87770	2	61.2739	2
1639.87420	820.94435	2	93.5175	2
1639.87720	547.63300	3	76.5091	2
1639.87730	820.94590	2	76.5678	2
1639.87900	547.63360	3	93.6253	1
1639.93030	820.97245	2	89.2867	2
1640.84765	547.95645	3	45.9830	2
1640.88890	821.45175	2	84.0201	2
1641.77000	821.89230	2	73.4712	1
1641.88310	821.94885	2	83.2302	2
1642.69005	822.35230	2	45.9596	2
1642.80715	822.41085	2	58.3122	2
1642.85160	548.62450	3	47.1324	2
1642.85230	822.43340	2	47.2000	2
1642.88275	548.63485	3	78.3329	2
1643.67215	822.84335	2	64.9290	2
1643.78830	548.93670	3	45.9246	1
1643.82670	822.92060	2	43.7185	1
1643.82915	822.92185	2	73.9948	2
1643.84030	548.95405	3	65.7060	2
1645.90525	549.64235	3	66.2690	2
1646.83740	549.95310	3	60.5662	1
1646.84960	549.95710	3	70.8431	1
1648.96710	413.24905	4	56.9944	2
1648.96935	550.66375	3	57.0472	2
1649.72180	825.86815	2	62.5099	2
1649.93560	825.97510	2	75.8824	2
1651.82945	826.92200	2	87.3284	2
1651.90700	826.96080	2	87.4468	2
1651.92570	551.64915	3	83.7746	2
1651.92745	826.97100	2	83.7402	2
1652.78690	551.93620	3	77.2249	1
1653.87345	552.29840	3	74.9149	2
1653.89440	827.95450	2	91.4411	2
1653.90660	827.96060	2	80.0834	1
1653.92330	552.31505	3	75.3507	2
1654.78815	828.40135	2	69.7831	2
1654.89375	828.45415	2	80.1452	2
1655.76410	552.92860	3	47.7409	2
1657.81730	829.91590	2	87.6470	2
1658.79200	553.93790	3	53.4234	1
1658.83600	553.95260	3	78.0164	2
1658.83770	830.42615	2	77.9571	2
1659.91090	554.31090	3	77.6858	2
1659.91260	830.96360	2	77.8335	1
1660.73950	554.58710	3	64.0510	2
1660.84230	554.62135	3	61.4528	2
1661.90540	831.96000	2	77.0166	1
1662.80175	555.27455	3	50.6955	2
1662.82875	832.42165	2	68.8888	2
1662.83585	555.28585	3	69.0270	2
1662.85675	832.43565	2	96.3142	2
1663.79490	555.60555	3	70.6017	2
1664.72625	833.37040	2	65.7379	2
1664.77955	833.39705	2	82.6406	2
1664.80980	833.41220	2	78.1818	2
1664.84235	833.42845	2	72.2617	2
1666.86685	834.44070	2	75.9501	2
1666.86935	556.63035	3	75.8500	2
1666.87825	834.44640	2	79.7931	2
1666.92000	834.46725	2	81.4647	2
1667.81660	556.94615	3	56.9681	2
1667.86470	834.93960	2	76.3943	2
1668.81320	557.27830	3	56.2965	1
1669.85355	835.93405	2	70.5870	2
1669.91390	557.64520	3	88.9285	2
1670.83960	836.42705	2	95.4609	2
1670.88305	557.96825	3	54.2681	2
1670.88710	836.45085	2	54.3450	2
1671.71810	558.24660	3	49.6258	1
1672.72310	558.58160	3	41.4697	1
1673.90040	837.95745	2	75.6104	2
1674.89870	838.45660	2	90.9369	2
1675.73960	838.87705	2	29.0463	2
1675.73990	559.58720	3	28.8475	3
1676.23055	420.06490	4	29.5408	4
1676.81700	839.41575	2	66.2773	2
1677.81345	560.27840	3	69.6202	2
1678.00380	560.34190	3	64.6801	1
1678.80870	560.61020	3	46.4286	1
1681.82275	841.91865	2	74.8081	2
1681.90055	561.64075	3	79.2899	2
1681.90170	841.95810	2	79.2288	2
1681.92660	841.97055	2	92.2916	2
1681.92735	561.64975	3	92.1839	2
1682.79885	842.40670	2	86.7201	2
1682.86805	842.44130	2	92.0405	2
1682.89390	842.45425	2	78.0844	2
1682.93370	842.47410	2	70.4676	1
1683.80810	562.27660	3	73.8520	1
1683.88395	842.94925	2	76.1359	2
1684.73905	562.58695	3	23.3574	2
1684.91490	843.46475	2	79.9976	2
1685.91535	562.97905	3	64.3164	2
1686.87590	563.29925	3	62.6798	2
1687.91495	844.96475	2	87.0620	2
1687.91735	563.64635	3	87.0991	2
1688.73400	845.37430	2	30.9851	1
1688.73460	563.91880	3	30.6496	3
1688.73490	423.19100	4	30.6195	1
1688.87490	563.96555	3	57.1960	2
1688.88285	845.44870	2	82.6093	2
1689.84295	564.28825	3	57.4678	2
1689.90860	564.31015	3	92.8703	2
1689.91155	845.96305	2	92.9344	2
1690.96195	564.66125	3	62.8826	2
1692.81900	847.41675	2	82.9423	2
1692.85000	847.43230	2	84.5607	1
1692.96675	847.49065	2	89.5474	2
1692.96920	565.33030	3	89.5967	1
1693.93635	565.65270	3	62.4227	2
1693.94085	565.65425	3	81.3740	2
1694.80345	565.94175	3	49.0577	2
1695.32885	848.67170	2	68.6504	4
1696.77335	849.39395	2	62.3465	2
1696.90870	849.46160	2	84.4226	2
1696.90905	566.64360	3	84.5687	2
1697.90200	566.97460	3	76.4493	2
1697.90360	849.95905	2	76.4574	2
1698.00970	567.01050	3	81.4902	2
1698.79390	850.40425	2	81.5914	2
1698.89760	567.30645	3	83.5747	2
1698.89795	850.45625	2	83.5366	2
1698.90330	567.30840	3	57.6193	1
1699.86155	567.62775	3	76.9357	2
1699.86990	567.63060	3	74.9136	1
1699.99020	851.00240	2	92.3433	2
1700.91245	851.46350	2	79.4520	2
1703.81545	568.94575	3	59.6904	2
1704.72840	569.25010	3	24.6270	2
1704.89695	853.45575	2	90.0621	2
1704.91555	569.31245	3	69.7832	2
1705.83700	569.61960	3	45.8709	2
1705.83800	853.92630	2	45.9298	2
1705.87130	853.94290	2	95.1147	2
1705.88345	853.94900	2	68.4114	2
1705.88350	569.63510	3	68.2640	3
1705.92360	569.64850	3	66.1926	1
1706.89065	854.45260	2	87.4525	2
1706.90365	854.45910	2	82.3144	2
1706.90520	569.97570	3	85.3302	11
1707.40675	570.14285	3	75.6312	4
1707.80400	854.90930	2	80.1141	1
1707.89100	854.95275	2	92.7954	2
1707.89170	570.30450	3	92.9574	1
1707.97770	854.99610	2	77.7504	2
1707.97890	570.33360	3	77.8621	2
1708.01940	855.01700	2	101.7214	1
1708.75880	570.59350	3	54.8025	1
1709.98195	571.00125	3	75.0447	2
1710.01950	571.01380	3	79.3268	2
1710.92715	856.47085	2	75.5187	2
1712.88935	857.45195	2	65.7329	2
1712.93940	571.98710	3	67.7743	2
1714.89885	572.64020	3	61.6037	2
1714.90115	858.45785	2	61.6762	2
1714.90525	858.45990	2	69.7217	2
1716.88680	859.45070	2	85.8143	1
1717.22885	859.62170	2	55.5273	4
1717.86370	573.62850	3	70.9912	2
1717.86465	859.93960	2	71.0227	2
1717.89850	859.95650	2	93.0540	2
1720.90520	861.45990	2	76.6598	2
1721.76145	861.88800	2	36.7264	2
1721.86380	861.93920	2	92.7277	3
1721.86680	861.94070	2	89.2812	1
1722.35480	862.18470	2	74.8008	4
1722.87380	575.29850	3	74.6517	2
1722.89620	575.30600	3	75.2183	2
1722.89860	575.30680	3	81.7188	2
1723.02430	575.34870	3	68.5598	2
1723.02530	862.51995	2	68.6156	2
1723.88230	862.94840	2	86.7994	1
1724.87395	863.44425	2	81.3218	2
1726.01350	576.34510	3	81.1012	2
1726.93560	576.65250	3	72.6677	2
1728.78845	577.27010	3	62.5363	2
1729.00390	577.34190	3	81.7288	2
1730.75620	577.92600	3	63.8168	2
1730.89695	866.45575	2	72.0454	2
1730.89750	866.45600	2	87.8381	2
1731.04435	578.02205	3	88.1254	2
1731.89120	866.95290	2	68.2433	1
1731.92465	866.96960	2	85.5132	2
1733.87420	578.96535	3	74.7379	2
1733.87555	867.94505	2	74.8595	2
1733.89280	867.95365	2	89.9530	2
1735.87870	579.63350	3	77.8026	2
1735.90820	579.64330	3	92.4055	1
1735.96665	868.99060	2	96.9218	2
1735.96780	579.66320	3	97.0057	2
1736.84750	579.95645	3	79.6044	2
1736.84800	869.43125	2	79.6265	2
1737.92670	580.31615	3	77.6227	2
1737.98865	870.00160	2	90.2223	2
1738.80280	870.40870	2	67.7170	2
1738.81930	580.61370	3	64.8113	2
1738.81995	580.61390	3	59.1490	2
1739.84520	580.95565	3	69.2889	2
1739.88550	580.96910	3	67.2377	1
1742.87280	581.96490	3	66.5457	2
1743.79905	872.90680	2	66.7599	2
1743.81020	872.91240	2	49.7324	2
1743.98355	872.99905	2	94.9298	2
1744.90040	582.64070	3	70.4950	1
1745.91235	582.97805	3	72.8847	2
1745.91935	873.96695	2	81.9306	2
1746.79775	874.40615	2	89.1199	2
1746.81420	874.41440	2	73.5404	2
1748.87450	583.96545	3	62.1162	2
1749.86500	584.29560	3	61.2143	2
1749.86525	875.93990	2	61.1553	2
1750.01040	584.34410	3	55.1358	2
1750.01130	876.01290	2	55.1993	2
1751.93885	876.97670	2	90.2562	2
1752.98730	585.33635	3	85.6277	2
1752.99015	877.50235	2	85.5658	2
1754.83545	878.42500	2	92.6259	2
1754.86330	878.43890	2	74.3601	1
1755.85840	878.93645	2	70.0670	2
1755.90340	878.95900	2	89.8465	2
1756.89135	879.45295	2	78.5622	2
1757.92465	586.98215	3	73.2952	2
1758.79330	880.40390	2	48.1505	2
1758.82950	587.28380	3	76.4510	1
1759.73825	880.87640	2	58.4142	2
1759.84580	880.93020	2	88.8322	2
1759.91190	880.96325	2	87.6769	2
1760.90330	881.45890	2	81.7373	1
1760.92160	587.98110	3	79.5049	1
1760.94130	881.47790	2	87.2243	2
1761.89625	588.30600	3	72.9152	2
1762.84195	882.42825	2	75.4674	2
1763.83285	882.92370	2	60.9390	2
1763.91455	882.96455	2	77.2671	2
1763.92990	882.97220	2	71.5572	1
1764.32635	589.11605	3	62.5276	4
1765.00135	883.50795	2	92.2430	2
1765.00330	589.34170	3	92.2788	2
1765.86355	883.93905	2	79.4160	2
1765.88915	883.95185	2	64.7215	2
1766.95010	884.48235	2	83.4185	2
1766.96610	589.99600	3	86.2635	1
1766.96790	884.49125	2	86.2148	2
1767.03270	590.01820	3	80.8492	1
1767.82070	590.28080	3	63.9895	1
1767.85070	590.29080	3	88.5111	2
1767.85080	884.93265	2	88.5506	2
1767.97400	590.33190	3	87.9741	2
1768.90210	885.45830	2	79.1692	2
1769.02035	590.68075	3	79.7629	2
1769.91660	885.96555	2	66.3724	2
1770.00390	591.00860	3	90.9924	1
1770.00495	591.00890	3	73.2164	2
1770.00680	886.01065	2	90.8772	2
1771.91520	591.64570	3	74.6573	2
1772.33435	887.17445	2	76.2071	4
1774.88660	888.45060	2	57.8022	2
1774.93120	888.47290	2	88.4190	2
1775.37785	592.79990	3	59.0583	4
1776.89710	593.30630	3	66.2099	2
1777.32105	889.66780	2	63.4140	4
1778.86295	890.43875	2	75.4034	2
1778.98880	594.00350	3	71.3078	2
1778.99045	890.50250	2	71.2400	2
1779.80130	594.27440	3	50.3313	1
1780.40380	594.47520	3	52.5595	4
1782.87575	595.29920	3	75.0361	2
1783.84595	892.93025	2	72.5814	2
1784.88060	595.96750	3	61.4636	1
1784.88390	893.44925	2	61.5172	2
1784.91710	595.97960	3	54.4225	2
1785.88960	596.30380	3	87.6016	1
1785.89025	893.95240	2	87.5154	2
1788.91315	597.31165	3	34.6206	2
1789.92890	895.97175	2	81.3461	2
1790.91120	896.46285	2	89.7071	2
1791.84810	598.29000	3	48.6006	2
1792.91175	598.64450	3	61.0066	2
1793.05320	598.69170	3	96.9751	1
1793.05750	897.53600	2	96.8133	2
1793.87390	897.94425	2	88.9281	2
1793.92200	897.96830	2	83.5804	2
1794.81825	898.41640	2	62.8310	2
1794.86010	898.43730	2	81.0630	1
1794.98515	898.49985	2	78.7114	2
1796.85600	599.95930	3	73.4776	2
1796.88040	599.96740	3	83.1105	2
1796.96830	599.99670	3	83.8135	1
1796.98020	600.00070	3	70.1539	3
1798.94920	900.48190	2	91.3974	1
1799.92550	600.98240	3	98.8175	1
1799.92775	900.97115	2	98.8510	2
1802.90150	601.97440	3	95.8009	1
1803.92430	602.31540	3	48.9400	2
1804.86665	602.62950	3	65.1315	2
1804.86800	903.44130	2	65.0550	3
1804.89605	602.63930	3	77.1636	2
1804.96960	602.66380	3	77.5695	2
1804.97620	903.49540	2	77.9403	2
1805.88010	903.94730	2	77.0055	7
1806.03660	603.01950	3	71.1213	2
1806.88430	904.44940	2	68.2147	2
1806.90040	603.30740	3	83.4877	2
1809.91460	905.96460	2	72.3033	3
1809.99460	604.33880	3	72.1774	1
1810.00585	906.01020	2	72.4489	2
1813.90270	907.95860	2	85.2869	2
1813.94810	907.98135	2	82.9852	2
1814.80180	605.94120	3	79.1398	2
1814.80270	908.40865	2	79.2670	2
1814.97115	605.99765	3	65.3806	2
1815.92490	606.31555	3	85.6427	2
1815.92585	908.97020	2	85.5772	2
1815.94100	606.32095	3	71.5102	2
1815.94520	908.97990	2	94.0893	1
1815.97620	908.99540	2	86.2695	1
1816.88920	606.63700	3	78.0630	1
1816.95505	909.48480	2	91.6594	2
1817.86320	606.96165	3	68.8645	2
1817.90235	606.97475	3	48.6558	2
1820.89540	607.97240	3	71.9766	2
1820.91310	607.97830	3	78.2879	1
1821.06250	608.02810	3	83.3063	2
1821.84965	608.29045	3	79.6658	2
1821.89285	608.30485	3	52.2639	2
1822.91345	912.46400	2	84.6456	2
1822.91690	912.46570	2	71.7866	2
1823.90585	608.97590	3	67.5908	2
1825.86365	609.62845	3	54.6815	2
1825.86555	913.94005	2	54.7231	2
1825.89530	913.95490	2	66.4287	2
1827.88230	610.30140	3	54.5588	1
1827.94020	610.32070	3	73.1712	1
1827.96975	914.99215	2	64.8296	2
1827.97070	610.33080	3	64.9023	1
1828.91320	915.46390	2	83.5483	2
1828.95115	915.48285	2	72.8759	2
1832.00880	611.67685	3	71.9281	2
1832.86535	917.43995	2	81.0012	2
1832.91745	611.97975	3	75.5489	2
1833.90425	612.30865	3	76.2481	2
1833.93745	917.97600	2	79.5116	2
1833.96700	612.32960	3	87.1600	2
1833.97865	917.99660	2	76.2181	2
1835.79695	612.93960	3	58.8988	2
1836.04860	613.02350	3	72.7257	2
1836.93005	613.31730	3	84.8293	2
1838.11820	613.71330	3	73.3231	1
1838.95735	613.99305	3	63.2697	2
1839.99385	614.33855	3	63.7494	2
1841.01475	614.67885	3	69.4668	2
1841.01625	921.51540	2	69.4358	2
1841.85675	614.95950	3	48.5273	2
1842.93020	615.31730	3	65.1819	1
1842.97315	615.33165	3	70.9596	2
1844.88495	923.44975	2	86.1453	2
1844.89100	615.97090	3	62.4731	2
1844.91080	615.97750	3	66.6404	2
1845.99255	616.33810	3	85.4115	2
1845.99295	924.00375	2	85.6097	2
1846.79200	924.40325	2	71.4986	2
1846.93560	924.47510	2	74.4521	2
1846.96910	924.49185	2	84.3554	2
1847.91210	924.96330	2	94.4692	1
1849.89425	617.63870	3	89.4766	2
1849.89480	925.95470	2	89.4134	2
1849.95680	617.65950	3	84.7376	1
1851.89560	618.30580	3	80.8475	2
1852.01995	927.01725	2	82.4831	2
1853.92775	618.98320	3	60.4023	2
1854.93000	928.47230	2	91.6779	2
1855.93070	619.65080	3	91.9226	1
1856.85840	619.96010	3	54.0491	1
1856.88150	929.44805	2	82.1686	2
1859.94340	620.98840	3	71.9793	1
1859.94380	930.97920	2	71.8700	2
1859.96185	620.99455	3	77.9967	2
1860.94705	621.32295	3	88.3469	2
1860.94980	931.48215	2	88.3816	2
1861.00075	621.34085	3	74.9866	2
1861.91580	931.96520	2	87.3872	2
1861.98695	621.66955	3	82.3772	2
1862.82030	621.94740	3	59.5107	2
1862.87250	932.44350	2	86.3475	2
1863.98840	622.33675	3	87.6828	2
1864.88010	622.63395	3	72.3846	2
1866.01440	623.01205	3	80.9847	2
1867.84365	623.62180	3	53.2759	2
1867.89480	623.63890	3	88.4171	1
1868.83480	935.42465	2	63.0515	2
1870.95890	936.48675	2	85.5393	2
1872.89940	625.30705	3	53.0174	2
1873.94650	625.65610	3	75.4399	2
1873.96800	937.99125	2	80.5160	2
1876.99260	626.67145	3	74.4757	2
1879.78270	627.60150	3	33.0260	1
1880.97535	627.99905	3	62.2581	2
1881.02700	628.01625	3	79.0091	2
1882.97560	942.49505	2	70.6700	2
1882.97605	628.66595	3	70.7941	2
1883.88355	942.94905	2	75.1881	2
1884.87650	629.29940	3	66.2797	1
1884.97700	943.49580	2	88.8648	2
1885.87240	943.94350	2	65.2009	2
1885.91860	629.64680	3	83.6409	2
1885.92040	943.96750	2	83.5159	2
1886.86890	944.44170	2	63.2458	2
1886.90180	944.45815	2	68.3359	2
1886.90185	629.97455	3	68.2744	2
1888.00260	630.34145	3	80.6748	2
1888.96850	945.49155	2	82.5868	2
1890.93585	631.31925	3	69.2325	2
1890.94785	631.32320	3	73.5318	2
1890.99595	631.33925	3	84.1360	2
1892.06730	947.04095	2	82.3921	2
1893.94500	474.49350	4	55.8398	1
1893.96005	947.98730	2	84.9019	2
1893.97635	632.33270	3	57.6593	2
1899.87770	950.94610	2	69.8164	2
1899.98415	634.33530	3	61.7065	2
1902.89730	952.45595	2	79.1781	2
1903.93410	635.65200	3	76.8960	1
1904.97140	635.99770	3	74.3011	2
1904.97205	953.49330	2	74.3611	2
1907.92430	636.98200	3	64.6293	1
1908.96795	955.49125	2	85.9527	2
1909.97910	478.50205	4	70.4137	2
1909.99920	637.67365	3	74.9785	2
1910.00120	956.00790	2	75.0655	1
1910.17215	637.73135	3	78.5359	2
1911.05690	956.53570	2	92.3888	1
1911.89085	956.95270	2	72.3541	2
1911.99890	638.34020	3	80.8847	2
1912.00005	957.00730	2	80.8532	2
1912.91405	638.64530	3	31.9213	2
1912.91480	479.23600	4	32.1459	1
1912.98660	638.66950	3	73.3948	1
1913.09850	638.70675	3	70.0995	2
1914.98320	958.49890	2	68.3305	1
1915.05350	479.77065	4	73.9058	2
1915.47440	639.49870	3	68.8581	4
1918.85290	640.62490	3	45.9243	2
1919.77120	640.93100	3	38.8862	1
1919.90895	960.96175	2	90.8389	2
1920.96705	641.32960	3	60.3498	2
1920.99915	641.34030	3	81.7358	2
1921.93185	641.65120	3	95.4108	2
1921.93195	961.97325	2	95.2623	2
1923.88790	962.95120	2	78.0954	2
1923.96470	642.32885	3	71.8426	2
1924.02185	642.34785	3	77.4838	2
1927.00080	643.34085	3	89.2211	2
1927.00365	964.50910	2	89.3225	2
1930.94600	644.65590	3	82.3832	2
1932.83850	645.28675	3	56.9876	2
1932.83895	967.42675	2	57.0843	2
1933.08840	967.55150	2	86.1787	2
1933.09295	645.37155	3	86.2765	2
1933.91430	967.96440	2	75.3260	1
1934.07985	645.70055	3	85.9824	2
1935.07935	646.03375	3	78.1982	2
1935.93250	646.31810	3	64.7069	2
1937.92660	646.98280	3	91.3971	2
1937.92695	969.97075	2	87.2617	2
1937.92855	969.97155	2	91.3402	2
1937.94550	646.98910	3	77.9289	2
1937.94775	969.98115	2	78.0304	2
1938.93785	970.47620	2	90.3987	2
1938.95410	970.48435	2	79.3382	2
1939.01810	647.34660	3	73.9806	2
1941.88000	648.30060	3	56.7495	1
1942.04315	648.35495	3	75.5229	2
1942.47745	648.49975	3	84.4862	4
1942.84160	648.62110	3	59.8993	2
1942.97030	972.49240	2	85.4754	2
1943.94140	648.98770	3	73.1866	2
1944.98255	649.33475	3	65.7636	2
1947.93255	650.31810	3	71.4669	2
1947.98385	650.33520	3	79.5485	2
1947.98610	975.00030	2	79.5344	2
1950.98040	651.33405	3	70.7996	2
1951.98010	651.66730	3	52.2648	1
1951.99035	651.67070	3	86.9131	2
1951.99195	977.00325	2	86.8067	2
1953.92255	977.96855	2	83.3570	2
1954.89575	978.45515	2	80.2164	2
1955.94080	652.98755	3	58.2524	2
1956.05760	653.02645	3	80.5045	2
1956.90060	653.30745	3	65.1652	2
1956.99320	979.50385	2	74.8534	2
1957.94635	979.98045	2	85.6335	2
1961.04065	654.68750	3	87.1335	2
1961.04280	981.52865	2	87.1888	4
1963.05450	982.53450	2	74.6354	2
1966.08040	984.04745	2	88.9340	2
1966.93730	656.65300	3	73.8034	2
1966.97700	984.49580	2	95.7476	2
1966.97750	656.66645	3	95.7614	2
1966.99080	984.50270	2	77.5004	2
1967.00620	656.67600	3	81.3360	2
1970.06960	657.69710	3	76.1545	2
1970.98265	658.00145	3	59.8434	2
1973.06950	494.27470	4	58.8831	1
1974.04630	988.03045	2	92.9487	2
1976.02180	659.68120	3	93.9651	2
1976.02195	989.01825	2	93.9531	2
1976.96725	659.99635	3	83.0028	2
1977.03325	989.52390	2	80.6065	2
1978.19515	660.40565	3	92.1865	2
1978.89840	660.64010	3	34.6812	2
1979.03410	660.68530	3	86.1788	2
1983.03220	662.01800	3	85.2574	2
1984.02755	662.34980	3	78.3241	2
1984.02790	993.02125	2	78.2356	2
1985.95965	993.98710	2	71.9006	2
1988.04690	663.68955	3	70.1051	2
1989.02370	664.01515	3	73.1468	2
1992.02525	997.01990	2	91.6892	2
1992.06015	665.02730	3	78.4674	2
1993.92095	665.64760	3	62.9932	2
1994.00365	665.67515	3	92.7893	2
1994.00915	998.01185	2	92.7077	2
2001.00140	668.00775	3	82.7400	2
2002.96295	1002.48875	2	74.9449	2
2002.98485	668.66890	3	66.3961	2
2003.03405	668.68530	3	87.7389	2
2003.03410	1002.52430	2	87.8079	2
2004.08955	669.03710	3	77.7164	2
2009.03755	670.68645	3	57.2577	2
2009.08515	670.70235	3	75.6807	2
2009.99925	1006.00690	2	90.9814	2
2010.00015	671.00735	3	91.0154	2
2011.00295	1006.50875	2	75.9187	2
2016.99120	1009.50285	2	78.8688	2
2019.07205	674.03130	3	92.9985	2
2026.01390	1014.01425	2	87.1948	2
2026.12345	676.38175	3	84.5236	2
2026.12540	1014.06995	2	84.4311	2
2026.92975	1014.47215	2	81.6197	2
2027.05510	676.69230	3	86.1392	2
2027.94640	676.98940	3	64.2958	2
2031.02930	678.01700	3	86.3791	1
2033.06330	678.69505	3	71.4017	2
2034.05865	679.02685	3	70.2073	2
2035.82950	1018.92200	2	81.0948	1
2035.85960	679.62710	3	56.5249	1
2037.04280	680.02155	3	64.1980	2
2037.09305	1019.55380	2	80.8015	2
2040.98290	1021.49870	2	92.4581	1
2041.07625	681.36600	3	78.6140	2
2041.97750	681.66640	3	71.4256	3
2043.01030	682.01070	3	80.9320	3
2043.01120	1022.51290	2	81.0333	2
2047.98215	683.66800	3	46.4878	2
2048.05260	683.69145	3	94.2128	2
2048.05260	1025.03355	2	94.2053	2
2048.95900	683.99360	3	75.0947	2
2049.04500	684.02230	3	85.7461	1
2049.87380	1025.94420	2	36.4336	1
2050.03140	684.35110	3	87.4583	2
2052.92765	1027.47110	2	74.2493	2
2054.09500	1028.05480	2	95.9055	2
2054.09710	685.70630	3	95.9386	2
2054.89845	685.97340	3	67.8378	2
2057.90795	1029.96125	2	78.9313	2
2058.07190	1030.04325	2	96.0956	2
2058.07420	687.03200	3	96.0896	2
2059.00535	687.34240	3	75.8881	2
2059.57350	687.53175	3	87.4773	4
2059.92795	687.64990	3	66.4644	2
2059.96825	1030.99140	2	83.2962	2
2060.00700	687.67630	3	91.5624	2
2062.03905	688.35360	3	86.0213	2
2064.02905	1033.02180	2	87.3517	2
2064.04760	689.02310	3	88.2872	2
2064.05390	1033.03425	2	88.1644	2
2064.95995	1033.48725	2	83.0986	2
2067.98950	690.33710	3	67.6581	2
2070.95800	1036.48630	2	71.0885	2
2071.03520	691.35230	3	65.6620	1
2071.03620	1036.52540	2	90.7789	2
2072.12085	691.71420	3	86.6509	2
2073.10415	692.04195	3	75.3446	2
2075.07860	692.70010	3	70.7192	3
2076.04960	693.02380	3	66.1807	2
2078.03370	693.68515	3	91.8406	2
2078.06510	693.69565	3	77.3201	2
2079.02930	694.01700	3	72.7275	1
2080.10215	521.03280	4	69.2056	2
2080.10475	694.37550	3	69.3575	2
2081.09620	694.70600	3	82.7804	2
2086.04200	1044.02830	2	87.2821	2
2089.05285	697.35825	3	73.8119	2
2090.94155	1046.47805	2	86.6386	2
2092.08650	698.36945	3	72.7633	2
2093.11230	698.71135	3	78.7741	2
2093.11325	1047.56390	2	78.7426	2
2093.46915	1047.74185	2	86.1985	4
2093.98145	699.00110	3	84.7000	2
2093.98475	1047.99965	2	84.6485	2
2094.94350	699.32180	3	49.7931	2
2094.98740	1048.50100	2	82.7088	2
2095.00475	699.34220	3	67.9620	2
2100.07105	701.03095	3	91.1115	2
2101.86350	701.62840	3	69.6367	1
2104.07155	1053.04305	2	71.6283	2
2105.05520	702.69230	3	73.1091	5
2105.14500	702.72230	3	89.2806	2
2112.13830	1057.07645	2	91.9303	2
2114.12535	1058.06995	2	94.1190	2
2114.12750	705.71640	3	93.9870	2
2119.04575	707.35585	3	62.8046	2
2121.13160	708.05110	3	81.3005	1
2122.10150	708.37445	3	68.9603	2
2125.14585	709.38920	3	91.8764	2
2126.14265	709.72150	3	76.3941	2
2126.63705	1064.32580	2	76.8904	4
2127.10695	710.04290	3	69.8252	2
2131.17870	711.40015	3	82.2946	2
2134.09840	712.37340	3	75.3993	1
2136.95750	713.32640	3	75.1564	1
2137.12340	713.38175	3	68.8375	2
2137.94715	1069.98085	2	71.9332	2
2143.09115	715.37095	3	80.2965	2
2148.10770	717.04315	3	60.2248	2
2151.09705	718.03960	3	76.7541	2
2156.01660	719.67950	3	64.2623	2
2160.04360	721.02180	3	62.2890	2
2161.14390	721.38860	3	85.0312	2
2169.12450	724.04880	3	75.0032	2
2169.20460	724.07550	3	89.1389	1
2170.03125	724.35105	3	74.8031	2
2180.98200	728.00130	3	65.5756	1
2181.13695	728.05290	3	79.3605	2
2181.13745	1091.57600	2	79.3266	2
2190.06680	731.02955	3	73.6616	2
2190.06820	1096.04140	2	73.6261	2
2190.17120	731.06435	3	90.5982	2
2201.11695	734.71295	3	72.2250	2
2205.01370	736.01185	3	70.4134	2
2205.10120	736.04100	3	97.9520	2
2205.10435	1103.55945	2	97.8290	2
2214.08190	1108.04820	2	78.5863	2
2222.02700	1112.02080	2	80.4437	2
2227.05235	743.35805	3	54.1581	2
2227.05285	1114.53370	2	54.1854	2
2236.11080	746.37755	3	84.3877	2
2240.18175	747.73455	3	83.7057	2
2240.18300	1121.09880	2	83.6763	2
2249.19690	1125.60570	2	81.6813	2
2250.02100	751.01430	3	44.9556	2
2269.26010	757.42730	3	81.8308	2
2279.05640	760.69270	3	67.6250	2
2282.08385	761.70190	3	62.9285	2
2282.17530	761.73240	3	78.7467	1
2283.16040	762.06070	3	81.0769	1
2284.23670	762.41950	3	89.6931	2
2284.23740	762.41970	3	92.9089	2
2291.01830	1146.51645	2	66.1204	2
2291.01900	764.68025	3	66.1457	2
2295.09315	766.03835	3	78.5541	2
2296.23730	766.41970	3	97.6936	1
2297.12325	766.71500	3	68.7959	2
2297.17630	766.73270	3	81.5448	1
2299.14940	767.39040	3	63.4706	1
2306.10560	769.70915	3	76.8393	2
2306.10620	1154.06040	2	76.8325	1
2314.08605	772.36930	3	60.2514	2
2316.21300	773.07830	3	79.6591	1
2318.12080	1160.06770	2	84.5401	1
2323.19595	1162.60525	2	84.2120	2
2323.28980	775.43720	3	88.1676	2
2336.17380	779.73185	3	82.5843	2
2347.18665	783.40285	3	58.1712	2
2364.20020	789.07400	3	75.7469	2
2372.21220	791.74470	3	85.0744	1
2376.10045	793.04075	3	50.1244	2
2377.08500	793.36890	3	75.2715	1
2379.16465	595.79845	4	61.7887	2
2379.16600	794.06260	3	61.8474	1
2387.14050	796.72075	3	84.3644	2
2389.99195	797.67125	3	60.7612	2
2391.09100	798.03760	3	76.9867	1
2391.16480	798.06220	3	79.9364	2
2391.19065	1196.60260	2	94.5555	2
2401.30200	801.44125	3	80.9161	2
2401.30320	1201.65890	2	81.0728	2
2404.07410	802.36530	3	70.2014	2
2407.23025	803.41735	3	74.8872	2
2416.24060	806.42080	3	83.2530	2
2427.23950	607.81715	4	59.6239	2
2433.24185	812.08785	3	80.3620	2
2435.25635	812.75940	3	64.4455	2
2440.35085	814.45755	3	90.2473	2
2447.14180	816.72120	3	81.2890	1
2450.22315	1226.11885	2	92.0045	2
2456.21265	819.74480	3	77.5607	2
2460.19315	821.07165	3	84.4916	2
2519.20750	840.74310	3	64.5650	1
2525.29945	842.77375	3	84.9906	2
2525.35550	632.34620	4	88.8842	1
2532.23345	845.08510	3	73.0537	2
2549.47045	850.83075	3	82.2694	2
2549.47240	638.37540	4	84.1877	7
2558.29650	853.77275	3	91.2065	2
2572.32030	858.44740	3	91.8575	1
2574.29420	859.10530	3	88.2378	1
2574.37800	644.60180	4	73.5865	1
2579.27710	860.76630	3	69.6971	2
2585.29795	862.77325	3	80.0061	2
2589.27175	864.09785	3	69.8584	2
2590.23100	864.41760	3	84.5078	1
2600.22340	1301.11900	2	88.0460	1
2604.27255	869.09810	3	83.8188	2
2620.21705	656.06155	4	64.1397	2
2620.26865	874.43015	3	80.5785	2
2630.31555	877.77910	3	83.6152	2
2643.33640	882.11940	3	85.7576	1
2682.32280	895.11490	3	53.7067	1
2691.39010	898.13730	3	75.0959	1
2694.40290	899.14155	3	82.0225	2
2726.43475	909.81885	3	73.5708	2
2749.47510	917.49895	3	80.7899	2
2769.42590	924.14920	3	85.0579	2
2794.38405	932.46865	3	76.3450	2
2801.45070	701.37000	4	84.9211	1
2804.27940	935.76705	3	76.0935	2
2851.40100	951.47425	3	87.0026	2
3000.54860	1001.19015	3	85.1253	2
3080.54050	1027.85410	3	79.7237	2
3132.48475	784.12850	4	68.2864	2
3208.56070	803.14745	4	69.3094	2
3536.65845	1179.89340	3	83.4212	2
4061.99800	1016.50680	4	66.5697	1
