mono_mass	mz	charge	rt	n_psm
798.41265	400.21360	2	38.1581	2
798.46050	400.23750	2	43.4993	1
798.48510	400.24980	2	57.6329	2
798.49070	400.25260	2	32.4124	1
799.45565	400.73510	2	49.2626	2
800.43935	401.22695	2	40.1362	2
800.43955	401.22705	2	43.7906	2
800.44030	401.22740	2	42.3762	1
800.44060	401.22760	2	37.9213	1
800.45500	401.23475	2	51.3176	2
801.43515	401.72485	2	36.5030	2
801.53300	401.77380	2	44.4669	2
802.38640	402.20045	2	38.5925	2
802.41830	402.21640	2	41.7703	1
802.45500	402.23480	2	42.9533	1
802.49790	402.25620	2	61.6708	1
802.49820	402.25640	2	61.6882	1
805.40760	403.71110	2	45.0545	2
805.44515	403.72985	2	51.3506	2
806.39570	404.20515	2	37.3656	2
806.41770	404.21610	2	71.4022	1
806.45390	404.23430	2	60.4473	2
806.45530	404.23490	2	50.5855	1
807.41305	404.71380	2	39.8335	2
808.36340	405.18900	2	36.5360	2
808.39735	405.20595	2	49.4210	2
808.44275	405.22865	2	35.6584	2
809.41815	405.71635	2	62.4249	2
810.36965	406.19210	2	47.2443	2
811.35395	406.68425	2	37.3658	2
811.49165	406.75310	2	49.7161	2
812.42285	407.21870	2	42.6431	2
812.43915	407.22685	2	39.8933	2
812.48710	407.25080	2	44.6010	2
812.51185	407.26320	2	49.0175	2
814.45495	408.23475	2	34.1938	2
814.45535	408.23495	2	51.7162	2
814.51625	408.26540	2	58.6565	2
815.44000	408.72730	2	38.5364	2
815.45050	408.73255	2	35.3926	2
815.46875	408.74165	2	56.7149	2
815.47575	408.74515	2	42.0091	2
815.47630	408.74545	2	46.2951	2
815.49735	408.75595	2	37.7060	2
815.51190	408.76325	2	46.1226	2
816.38380	409.19920	2	51.5284	2
816.44970	409.23215	2	66.3310	2
816.47030	409.24245	2	37.3978	2
817.42885	409.72170	2	34.3522	2
817.46050	409.73750	2	40.3413	1
817.48115	409.74785	2	66.7000	2
818.37720	410.19590	2	35.2276	1
818.44060	410.22760	2	52.9013	2
818.49035	410.25245	2	73.6310	2
819.39145	410.70300	2	34.7781	2
819.43110	410.72280	2	62.9538	2
820.43305	411.22380	2	38.7670	2
820.46975	411.24215	2	45.5377	2
820.48800	411.25130	2	71.4429	2
821.42795	411.72125	2	40.5273	2
822.39160	412.20310	2	31.9591	3
822.42390	412.21920	2	36.6542	2
822.42460	412.21955	2	42.6124	2
823.41860	412.71660	2	36.0402	1
823.42635	412.72045	2	54.6908	2
824.54840	413.28145	2	70.9706	2
826.36495	414.18980	2	35.5236	2
826.49125	414.25290	2	39.5586	2
826.49125	414.25290	2	42.1154	2
826.52710	414.27085	2	69.4500	2
826.52745	414.27100	2	49.7856	2
827.48605	414.75030	2	48.7750	2
828.44540	415.23000	2	39.7223	3
828.47800	415.24630	2	38.5882	1
828.50720	415.26090	2	51.4361	1
829.46525	415.73990	2	41.5943	2
829.46610	415.74035	2	34.4204	2
829.49155	415.75305	2	55.8162	2
829.50290	415.75875	2	36.4706	2
829.50315	415.75885	2	50.6300	2
830.45080	416.23270	2	40.1265	1
831.46985	416.74220	2	34.9968	2
831.47020	416.74240	2	48.5822	2
831.49650	416.75555	2	61.8739	2
831.49730	416.75590	2	69.6145	2
832.39320	417.20390	2	34.1881	2
832.42880	417.22170	2	45.0723	3
834.43535	418.22495	2	37.8842	2
835.41170	418.71310	2	46.9210	1
835.44375	418.72915	2	43.2693	2
836.38935	419.20195	2	40.2865	2
836.40255	419.20855	2	41.1131	2
836.44010	419.22730	2	56.6486	2
836.44060	419.22755	2	43.4810	2
837.40275	419.70865	2	48.0146	2
837.40590	419.71025	2	54.4338	2
838.41795	420.21625	2	37.3013	2
839.42980	420.72220	2	55.0964	1
839.58540	420.80000	2	72.9073	2
840.47070	421.24265	2	42.9615	2
840.54320	421.27890	2	74.6264	2
840.54350	421.27905	2	59.6268	2
841.49190	421.75320	2	54.9059	1
841.50260	421.75860	2	50.5806	1
841.96230	421.98845	2	41.2948	4
842.42855	422.22155	2	47.8598	2
842.46110	422.23780	2	39.5949	3
842.48565	422.25010	2	52.1848	2
842.48775	422.25115	2	42.3204	2
842.48790	422.25125	2	38.3023	2
842.52260	422.26860	2	70.7086	2
842.52270	422.26865	2	49.2580	2
842.53355	422.27405	2	34.2596	2
843.48150	422.74800	2	44.6474	2
843.54305	422.77885	2	63.0907	2
844.45535	423.23495	2	53.9906	2
844.46510	423.23985	2	35.0938	2
845.46020	423.73735	2	37.3360	2
845.46105	423.73780	2	44.1683	2
845.46455	423.73955	2	67.1267	2
845.51245	423.76350	2	65.0554	2
845.53715	423.77590	2	75.9774	2
846.39850	424.20650	2	36.8542	2
846.42725	424.22090	2	42.8269	2
846.44860	424.23160	2	61.0827	2
847.42410	424.71930	2	43.7533	1
847.44525	424.72990	2	40.6925	2
847.47985	424.74720	2	45.5181	2
848.43890	425.22670	2	53.2025	2
848.43895	425.22675	2	41.8607	2
848.44395	425.22925	2	36.4460	2
849.42100	425.71780	2	46.7505	2
849.43490	425.72470	2	53.8082	1
850.45360	426.23410	2	46.4141	2
850.50095	426.25775	2	39.4367	2
850.86370	426.43915	2	39.2188	2
851.40275	426.70865	2	35.2645	2
851.42155	426.71805	2	45.6292	2
851.43925	426.72690	2	36.9626	2
853.36100	427.68780	2	36.7599	2
854.46065	428.23760	2	39.8719	2
855.51770	428.76610	2	51.5254	1
856.43275	429.22365	2	64.3696	2
856.46955	429.24205	2	50.2868	2
856.51350	429.26400	2	48.4305	1
856.51390	429.26420	2	48.3121	1
856.51775	429.26615	2	45.7311	2
856.53965	429.27710	2	57.7891	2
857.44100	429.72780	2	39.4552	1
857.46180	429.73815	2	40.1696	2
857.46195	429.73825	2	42.5558	2
857.49635	429.75545	2	46.4618	2
857.49715	429.75585	2	55.1087	2
858.45660	430.23555	2	44.3162	2
858.46170	430.23810	2	37.8915	3
858.46915	430.24185	2	43.6186	2
858.47090	430.24270	2	48.4021	1
859.43860	430.72660	2	39.9594	2
859.46505	430.73980	2	46.8966	2
859.46530	430.73990	2	37.9810	1
859.50190	430.75830	2	66.1552	1
860.42425	431.21940	2	35.9878	2
860.44295	431.22875	2	45.2686	2
860.46050	431.23750	2	33.4651	2
861.44430	431.72940	2	44.6562	2
861.47150	431.74305	2	60.5323	2
861.47210	431.74330	2	47.6603	2
861.49965	431.75715	2	48.8394	2
861.50740	431.76100	2	75.2645	2
862.38565	432.20010	2	39.1666	2
863.45080	432.73265	2	34.8724	2
863.45115	432.73285	2	49.4711	2
864.41855	433.21655	2	49.9008	2
864.43455	433.22455	2	53.0513	2
864.50660	433.26055	2	63.8957	2
865.41110	433.71280	2	50.9583	1
865.41420	433.71440	2	39.6745	1
866.41170	434.21310	2	40.4717	2
866.49750	434.25605	2	42.4692	2
867.41655	434.71555	2	50.2054	2
867.43495	434.72475	2	39.0514	2
868.45855	435.23655	2	37.8220	2
868.50120	435.25790	2	44.6462	1
869.49710	435.75580	2	34.2546	2
869.53310	435.77380	2	59.8659	3
869.53370	435.77410	2	52.7670	1
869.55880	435.78665	2	66.8837	2
870.44975	436.23215	2	54.6616	2
870.48110	436.24780	2	43.0487	2
870.51705	436.26580	2	58.2072	2
870.55365	436.28410	2	51.1284	2
871.44395	436.72925	2	38.2447	2
871.45080	436.73270	2	40.8126	2
871.53815	436.77635	2	59.4742	2
872.47400	437.24430	2	39.6930	2
872.49510	437.25480	2	56.3034	1
872.49790	437.25620	2	42.1485	2
872.50970	437.26210	2	36.6309	2
872.51520	437.26490	2	63.7455	2
873.47380	437.74420	2	50.7823	2
873.48115	437.74785	2	48.6128	2
873.49645	437.75550	2	67.3439	2
874.43315	438.22385	2	44.8364	2
874.45870	438.23665	2	50.0429	2
874.46930	438.24195	2	35.6715	2
875.52265	438.76860	2	50.3237	2
875.52280	438.76870	2	61.0019	2
876.41340	439.21400	2	39.2997	3
876.43660	439.22560	2	48.1137	3
876.43880	439.22670	2	68.4265	2
876.44540	439.22995	2	37.9610	2
876.47110	439.24280	2	50.4125	2
876.47990	439.24720	2	54.1104	1
876.49535	439.25495	2	67.7168	2
877.42930	439.72195	2	43.4800	2
877.45455	439.73455	2	37.2410	2
877.46640	439.74045	2	49.8665	2
877.46645	439.74050	2	45.1157	2
877.46700	439.74080	2	42.6817	2
877.50940	439.76200	2	69.8119	2
877.52730	439.77090	2	68.9765	1
878.43180	440.22320	2	48.0630	1
878.48580	440.25015	2	54.8144	2
878.48590	440.25025	2	50.5032	2
879.39900	440.70680	2	34.5382	1
879.42020	440.71740	2	40.3060	1
880.42880	441.22170	2	43.5460	2
880.54910	441.28180	2	53.6478	2
882.48110	442.24785	2	36.2551	2
882.52845	442.27150	2	39.1590	2
883.47780	442.74620	2	47.6212	1
883.51230	442.76340	2	39.5637	1
883.53805	442.77630	2	58.8195	2
883.53820	442.77635	2	51.3225	2
884.44005	443.22730	2	44.2780	2
884.54410	443.27935	2	54.4287	2
884.57010	443.29235	2	73.9115	2
884.57160	443.29310	2	59.3798	2
885.43030	443.72240	2	39.0083	3
885.44470	443.72965	2	34.7680	2
885.49010	443.75230	2	35.4005	1
885.49215	443.75335	2	51.6544	2
885.55360	443.78405	2	64.9312	2
886.40700	444.21080	2	53.6697	1
886.48730	444.25095	2	42.5852	2
886.51330	444.26395	2	47.9417	2
886.52420	444.26940	2	45.4367	1
887.46025	444.73740	2	36.3184	2
887.49180	444.75320	2	41.3720	1
888.44590	445.23020	2	53.7770	1
889.45860	445.73660	2	51.1952	2
889.46620	445.74035	2	48.3439	2
889.47685	445.74570	2	41.4154	2
889.48500	445.74975	2	70.1338	2
891.44495	446.72975	2	49.6949	2
891.45645	446.73550	2	44.8028	2
891.48155	446.74805	2	63.0187	2
891.50625	446.76040	2	66.3901	2
892.44055	447.22755	2	40.2258	2
892.48360	447.24905	2	76.6823	2
893.45940	447.73695	2	45.9341	6
893.46210	447.73835	2	42.7366	2
893.60650	447.81050	2	75.4709	2
894.45565	448.23510	2	34.2036	2
895.44725	448.73090	2	59.9266	2
895.46470	448.73965	2	41.4225	2
896.41765	449.21610	2	37.7277	2
896.53410	449.27430	2	54.9540	2
897.40505	449.70980	2	66.7049	2
897.50280	449.75865	2	33.9706	2
898.40760	450.21105	2	66.2645	2
898.47880	450.24670	2	58.0261	1
898.48710	450.25080	2	35.3203	2
898.49095	450.25275	2	44.6243	2
898.54910	450.28180	2	66.9063	2
898.56030	450.28740	2	55.4399	2
899.43810	450.72635	2	53.9013	2
899.45055	450.73255	2	40.8679	2
899.50800	450.76125	2	56.2148	2
899.51480	450.76465	2	60.3453	2
900.45720	451.23585	2	41.3965	2
900.49190	451.25320	2	52.9884	2
900.49270	451.25365	2	41.2849	2
900.50380	451.25920	2	50.9121	2
900.53950	451.27700	2	44.0166	2
901.41220	451.71340	2	49.4637	2
901.43430	451.72440	2	39.3634	1
901.47495	451.74475	2	58.7693	2
901.48655	451.75055	2	33.6283	2
901.48720	451.75085	2	46.7541	2
901.52465	451.76960	2	42.6740	2
902.41280	452.21370	2	48.0096	2
902.48230	452.24845	2	39.8150	2
902.50750	452.26105	2	46.3235	2
903.48170	452.74815	2	53.3184	2
903.52855	452.77155	2	42.3425	2
903.54365	452.77910	2	68.8917	2
904.53825	453.27640	2	63.2171	2
905.45270	453.73365	2	44.0814	2
905.45320	453.73390	2	65.6742	1
906.45510	454.23480	2	43.7250	1
906.46640	454.24050	2	31.9692	1
906.49900	454.25680	2	36.9903	1
906.51750	454.26600	2	48.3182	2
907.45140	454.73300	2	37.3260	2
907.49995	454.75725	2	48.8085	2
908.00395	455.00925	2	55.2015	4
908.43125	455.22290	2	49.6787	2
908.53370	455.27410	2	40.6934	2
908.56955	455.29205	2	57.2199	2
909.42665	455.72060	2	55.5969	2
909.48110	455.74780	2	54.5152	1
911.38035	456.69745	2	34.0148	2
911.46555	456.74005	2	72.7882	2
911.47550	456.74505	2	60.8300	2
911.48900	456.75175	2	43.3132	2
911.58140	456.79795	2	58.2796	2
912.56470	457.28960	2	64.3632	2
913.43020	457.72240	2	48.9106	1
913.44760	457.73105	2	41.7172	2
913.47265	457.74360	2	71.2932	2
913.48700	457.75075	2	47.5084	2
913.50940	457.76195	2	33.1784	2
913.54790	457.78125	2	54.0309	2
913.55985	457.78720	2	39.2224	2
913.59710	457.80580	2	40.4694	2
914.50740	458.26100	2	41.0179	2
914.51820	458.26640	2	46.2950	2
915.44785	458.73120	2	36.9703	2
915.46960	458.74210	2	36.4710	1
915.50595	458.76025	2	32.4890	2
915.52200	458.76830	2	74.9504	2
915.53945	458.77705	2	35.1711	2
916.48590	459.25025	2	41.4464	2
916.49780	459.25620	2	37.7280	2
917.44280	459.72870	2	39.7944	1
917.48125	459.74790	2	40.3428	2
917.48400	459.74930	2	38.2994	2
918.44950	460.23200	2	79.8158	1
918.48425	460.24940	2	53.7509	2
918.49165	460.25310	2	64.2760	2
918.49290	460.25370	2	50.7250	2
918.51710	460.26585	2	63.1420	2
918.51760	460.26610	2	57.1386	2
919.40740	460.71100	2	33.1153	2
919.40740	460.71100	2	61.6197	2
919.44370	460.72910	2	47.7545	1
919.49085	460.75270	2	52.8891	2
919.50450	460.75950	2	53.0065	2
919.51225	460.76340	2	46.9880	2
919.51580	460.76520	2	57.5437	2
919.52105	460.76780	2	64.8106	2
920.49780	461.25615	2	47.1243	2
920.50660	461.26055	2	41.7222	2
921.44475	461.72965	2	40.8438	2
921.44545	461.73000	2	37.6012	2
922.43915	462.22685	2	49.9834	2
922.45120	462.23290	2	38.7977	1
923.43505	462.72480	2	44.0502	2
923.47220	462.74335	2	40.9921	2
923.49515	462.75485	2	50.7951	2
923.57980	462.79720	2	77.8376	1
924.43105	463.22280	2	37.4531	2
924.43730	463.22595	2	48.3509	2
924.53810	463.27635	2	52.7876	2
924.56460	463.28955	2	55.6653	2
925.47030	463.74245	2	79.1573	2
926.51855	464.26655	2	39.1066	2
926.58045	464.29750	2	60.4652	2
926.59130	464.30295	2	61.5565	2
927.37650	464.69550	2	29.4987	1
927.44520	464.72990	2	46.8051	2
927.56305	464.78880	2	82.8486	2
928.45480	465.23465	2	51.0017	2
928.51660	465.26555	2	41.9479	2
928.52335	465.26895	2	51.7884	2
928.53460	465.27460	2	50.1208	2
928.55925	465.28690	2	57.1692	2
928.55955	465.28705	2	62.7687	2
929.45645	465.73550	2	38.3903	2
929.48110	465.74780	2	37.0819	2
929.50065	465.75760	2	53.3233	2
929.51205	465.76330	2	48.5487	2
929.51810	465.76635	2	41.0204	2
929.51845	465.76650	2	43.0821	2
929.51905	465.76680	2	36.2038	2
930.42380	466.21915	2	61.0285	2
930.44140	466.22800	2	32.4697	2
930.46535	466.24000	2	35.2347	2
930.47890	466.24670	2	42.0015	2
930.51665	466.26560	2	64.7754	2
930.53975	466.27715	2	38.1854	2
931.47005	466.74230	2	36.0840	2
931.48645	466.75050	2	49.0222	2
931.50185	466.75820	2	56.0703	2
931.51310	466.76380	2	58.0612	2
931.53410	466.77435	2	67.6892	2
932.46390	467.23925	2	38.9802	2
932.54445	467.27950	2	42.2645	2
933.43700	467.72580	2	31.4249	1
933.45595	467.73530	2	37.3581	2
933.46540	467.73995	2	51.4442	2
933.48480	467.74965	2	51.8364	2
933.50360	467.75905	2	52.6640	2
933.53025	467.77240	2	56.4441	2
933.53995	467.77725	2	32.9495	2
934.41690	468.21570	2	40.1116	2
934.44985	468.23220	2	39.4296	2
934.48645	468.25050	2	43.3999	2
934.48680	468.25070	2	55.3163	1
934.48720	468.25090	2	33.4938	2
934.51285	468.26370	2	58.5260	2
934.52410	468.26935	2	59.6606	2
935.47075	468.74265	2	45.2075	2
935.47135	468.74295	2	60.4079	2
935.48610	468.75040	2	61.8291	1
937.41315	469.71385	2	34.6750	2
937.48685	469.75070	2	40.7862	2
937.51275	469.76365	2	57.8562	2
938.43395	470.22425	2	37.8765	2
939.43065	470.72260	2	62.3705	2
939.48185	470.74820	2	80.1898	2
939.55025	470.78245	2	56.0314	2
939.56445	470.78950	2	80.6490	2
940.44355	471.22905	2	45.2923	2
940.52590	471.27025	2	62.0556	2
941.43460	471.72460	2	38.6272	2
941.46410	471.73930	2	50.1753	2
941.55615	471.78535	2	50.9121	2
941.56700	471.79080	2	61.9394	2
941.57880	471.79665	2	66.6699	2
941.60645	471.81050	2	79.2458	2
942.50230	472.25845	2	36.1033	2
942.51290	472.26375	2	48.2587	2
942.51365	472.26410	2	43.7316	2
943.44805	472.73130	2	61.1868	2
943.46250	472.73850	2	35.8603	2
943.48865	472.75160	2	43.9336	2
943.49765	472.75610	2	35.5713	2
943.52455	472.76955	2	62.6155	2
943.53525	472.77490	2	46.4745	2
944.42495	473.21975	2	37.4226	2
944.43080	473.22270	2	63.5776	2
944.49270	473.25360	2	43.3624	2
944.51190	473.26320	2	63.9863	1
944.51775	473.26615	2	48.0404	2
944.52885	473.27170	2	49.6456	2
944.55520	473.28490	2	54.8614	2
944.57000	473.29225	2	78.6670	2
945.46030	473.73740	2	77.0230	2
945.51195	473.76325	2	40.7647	2
945.54995	473.78225	2	58.8419	2
946.50880	474.26165	2	37.1797	2
946.51320	474.26385	2	46.0885	2
946.52670	474.27060	2	69.5135	1
946.53490	474.27475	2	38.1229	2
946.54920	474.28190	2	74.1126	2
947.43425	474.72440	2	38.2447	2
947.48630	474.75045	2	45.4782	2
947.48675	474.75065	2	42.3594	2
947.51430	474.76445	2	71.2983	2
948.46630	475.24045	2	53.1073	2
948.46655	475.24055	2	44.5036	2
949.48600	475.75030	2	39.6853	2
949.48690	475.75070	2	54.3683	2
949.49080	475.75270	2	86.5578	1
949.50600	475.76030	2	77.2965	2
949.52770	475.77115	2	79.4592	2
950.45295	476.23375	2	50.4854	2
950.48130	476.24795	2	46.8414	2
950.48175	476.24815	2	49.2494	2
950.48605	476.25030	2	73.5147	2
950.50110	476.25780	2	59.5726	2
950.50810	476.26130	2	51.8988	2
951.48910	476.75180	2	60.2479	1
951.51710	476.76580	2	80.0606	2
952.44945	477.23200	2	43.2408	2
952.44970	477.23215	2	47.2520	2
952.46960	477.24210	2	51.0417	2
952.53555	477.27505	2	42.3518	2
954.44495	478.22975	2	52.7259	2
955.53390	478.77425	2	62.9219	2
955.57050	478.79255	2	61.2490	2
956.50485	479.25970	2	38.4724	2
956.51770	479.26615	2	36.8715	2
956.52930	479.27195	2	46.9592	2
956.52930	479.27195	2	53.5912	2
956.52955	479.27205	2	44.3111	2
956.53175	479.27315	2	41.6986	2
956.53670	479.27565	2	66.3695	2
956.57920	479.29690	2	77.5474	2
957.48830	479.75140	2	34.3612	4
957.51480	479.76470	2	44.1255	1
957.52505	479.76980	2	40.9922	2
957.53115	479.77285	2	48.5871	2
957.56085	479.78770	2	48.3766	2
957.59650	479.80550	2	47.5084	2
958.48720	480.25085	2	56.5890	2
958.50720	480.26090	2	52.9419	1
958.51015	480.26235	2	56.8922	2
959.50800	480.76130	2	41.0554	3
959.52965	480.77210	2	42.8030	2
959.53280	480.77370	2	68.9788	2
959.55530	480.78490	2	58.0987	2
960.44790	481.23125	2	35.2054	2
960.47550	481.24500	2	42.0622	2
960.50210	481.25830	2	46.6609	1
960.51290	481.26375	2	39.3439	2
960.53095	481.27275	2	57.6619	2
960.53900	481.27675	2	61.5256	2
961.45430	481.73450	2	34.1265	1
961.50890	481.76170	2	41.6192	1
962.47390	482.24420	2	45.7838	1
962.47420	482.24440	2	46.4141	2
962.50530	482.25995	2	62.5044	2
962.51890	482.26670	2	55.7900	2
962.53880	482.27665	2	86.1166	2
962.54670	482.28070	2	62.4172	1
963.44530	482.72995	2	54.7012	2
963.50195	482.75830	2	40.2550	2
963.50620	482.76040	2	34.4205	2
963.55440	482.78450	2	74.7172	2
964.46130	483.23795	2	38.3271	2
964.47910	483.24680	2	69.2360	2
964.49765	483.25610	2	43.1059	2
964.52255	483.26855	2	54.3067	2
965.44490	483.72975	2	41.4788	2
965.44610	483.73030	2	34.9476	3
965.45900	483.73680	2	37.7952	2
965.48205	483.74830	2	60.7904	2
965.62840	483.82150	2	82.3084	1
966.46535	484.23995	2	41.8301	2
966.46690	484.24075	2	36.5687	2
966.47720	484.24590	2	44.7014	1
966.52465	484.26960	2	46.9277	2
967.47950	484.74705	2	58.1210	2
967.52380	484.76920	2	47.5373	2
967.54550	484.78005	2	36.8542	2
967.58145	484.79800	2	56.8337	2
968.44505	485.22985	2	40.2600	2
968.52865	485.27160	2	37.3903	2
968.52905	485.27180	2	49.1237	2
969.43210	485.72330	2	39.5998	1
969.48020	485.74740	2	75.7223	1
969.48735	485.75095	2	40.3699	2
969.51275	485.76365	2	47.1660	2
969.52585	485.77020	2	50.6528	2
969.54880	485.78165	2	41.2511	2
969.56070	485.78760	2	53.0666	2
969.58630	485.80040	2	68.8018	2
969.58635	485.80045	2	64.0303	2
970.48720	486.25085	2	54.7501	2
970.54375	486.27915	2	56.1334	2
970.58080	486.29770	2	45.2259	2
970.58130	486.29790	2	70.5043	1
971.50190	486.75820	2	45.9921	1
971.50455	486.75955	2	31.5711	2
971.52810	486.77135	2	48.8008	2
971.52890	486.77170	2	58.9009	2
971.52900	486.77175	2	35.9597	2
971.55430	486.78440	2	57.7609	2
971.56590	486.79020	2	33.7405	1
971.56635	486.79045	2	44.2268	2
972.44060	487.22760	2	30.8802	1
972.46530	487.23990	2	33.2727	2
972.47480	487.24470	2	68.6965	1
973.50790	487.76125	2	42.0698	2
973.54130	487.77795	2	33.8804	2
974.50300	488.25880	2	38.0568	2
974.51890	488.26670	2	59.0903	2
974.54085	488.27770	2	41.9264	2
975.47560	488.74510	2	45.4677	1
975.51290	488.76375	2	45.0211	2
975.53830	488.77645	2	64.8156	2
976.49690	489.25575	2	58.2450	2
976.50930	489.26190	2	47.8947	2
976.52300	489.26880	2	60.4895	1
976.54625	489.28040	2	41.0536	2
977.44380	489.72920	2	47.0462	2
977.48120	489.74790	2	60.7451	2
977.49320	489.75390	2	52.1150	1
977.51860	489.76660	2	52.3662	2
977.97360	489.99410	2	45.7450	4
978.50200	490.25830	2	60.2274	2
979.44900	490.73180	2	66.3923	2
979.46135	490.73795	2	38.7069	2
979.49710	490.75585	2	52.6936	2
979.51460	490.76460	2	53.1898	1
979.56940	490.79195	2	40.2675	2
979.56960	490.79210	2	56.3083	1
980.45950	491.23700	2	36.9201	1
980.49450	491.25450	2	34.7345	1
980.49700	491.25575	2	52.5085	2
981.45260	491.73360	2	62.3601	2
981.50150	491.75800	2	47.5812	1
981.52435	491.76945	2	29.8137	2
981.59755	491.80605	2	41.2771	2
982.45940	492.23695	2	33.5939	2
982.47640	492.24550	2	42.0763	2
982.51935	492.26695	2	38.1751	2
982.54760	492.28110	2	40.5768	1
983.47470	492.74465	2	48.3258	2
983.50405	492.75930	2	42.4736	2
983.55540	492.78495	2	70.9367	2
983.57710	492.79585	2	64.2182	2
983.58510	492.79980	2	71.4794	2
983.58790	492.80120	2	44.4406	2
983.60165	492.80810	2	58.1557	2
984.43825	493.22640	2	33.9465	2
984.49350	493.25405	2	52.0638	2
984.63325	493.32390	2	50.2964	2
985.50165	493.75810	2	45.4163	2
985.51975	493.76715	2	43.9263	2
985.53830	493.77640	2	46.3802	2
985.54820	493.78140	2	43.4351	1
985.55510	493.78480	2	43.3546	1
986.48965	494.25215	2	67.5065	2
986.49710	494.25585	2	69.7354	2
986.53950	494.27700	2	50.0108	1
987.49880	494.75670	2	31.6231	1
987.52340	494.76900	2	44.8968	2
987.53525	494.77490	2	49.7640	2
987.57155	494.79305	2	59.3798	2
987.60150	494.80800	2	79.6879	2
988.48295	495.24875	2	38.1803	2
988.50735	495.26095	2	53.2545	2
988.51995	495.26725	2	42.8899	2
988.54375	495.27915	2	47.3054	2
988.58105	495.29780	2	50.9379	2
989.47815	495.74635	2	32.9784	2
989.50220	495.75840	2	35.6608	1
989.52945	495.77200	2	53.7040	2
989.55400	495.78425	2	48.4342	2
989.55495	495.78475	2	58.8730	2
990.46040	496.23750	2	37.0594	2
990.47405	496.24430	2	46.0233	2
990.51400	496.26430	2	48.9692	2
990.51575	496.26515	2	42.7104	2
990.55075	496.28265	2	72.9337	2
991.38570	496.70010	2	33.9465	2
991.50840	496.76150	2	67.3964	1
991.50880	496.76170	2	60.6763	1
991.50960	496.76210	2	60.6890	1
991.54550	496.78000	2	69.1746	2
991.57000	496.79225	2	61.4012	2
992.48570	497.25015	2	56.6737	2
992.53215	497.27335	2	80.9269	2
992.60185	497.30820	2	70.6826	2
993.44035	497.72745	2	42.8367	2
993.45110	497.73285	2	40.3508	2
993.46750	497.74105	2	58.6230	2
993.51330	497.76395	2	53.5325	2
993.54950	497.78205	2	64.5563	2
994.40265	498.20860	2	34.6039	2
994.47230	498.24340	2	53.2838	1
994.49770	498.25615	2	49.2971	2
994.50895	498.26175	2	47.6376	2
994.50995	498.26225	2	32.0119	2
994.51630	498.26545	2	73.0496	2
994.60615	498.31035	2	73.9326	2
994.65345	498.33400	2	46.3614	2
995.49250	498.75355	2	43.6730	2
996.50155	499.25805	2	42.7442	2
996.52950	499.27200	2	48.3170	1
996.53205	499.27330	2	68.4472	2
996.57230	499.29345	2	45.3955	2
997.58130	499.79795	2	39.0792	2
998.58710	500.30080	2	40.8514	2
999.48070	500.74765	2	31.8090	2
999.53490	500.77470	2	42.6404	1
999.53490	500.77475	2	29.8493	2
999.57190	500.79320	2	32.3260	2
1000.49405	501.25430	2	35.9930	2
1000.55770	501.28615	2	88.0463	8
1000.56705	501.29080	2	49.2365	2
1001.51520	501.76490	2	44.2139	2
1001.55500	501.78475	2	67.3505	2
1001.56095	501.78775	2	33.6989	2
1001.58740	501.80095	2	47.8303	2
1001.59220	501.80340	2	69.6726	1
1002.47205	502.24330	2	34.2928	2
1002.48200	502.24825	2	38.9852	2
1002.48645	502.25050	2	41.6043	2
1002.52730	502.27090	2	37.6013	1
1002.54540	502.28000	2	33.1465	2
1002.56100	502.28780	2	36.5309	1
1002.58660	502.30055	2	65.0854	2
1003.51855	502.76655	2	44.5390	2
1003.52460	502.76960	2	35.3433	1
1003.57020	502.79240	2	77.7206	2
1004.44620	503.23040	2	34.9735	1
1004.52940	503.27200	2	57.4278	1
1004.54110	503.27785	2	48.2039	2
1004.56500	503.28975	2	43.2742	2
1005.46920	503.74190	2	49.2803	1
1005.48485	503.74970	2	38.1125	2
1005.51230	503.76340	2	55.1429	2
1005.53115	503.77285	2	68.6492	2
1005.53560	503.77510	2	35.9182	1
1006.45325	504.23390	2	32.2942	2
1006.47040	504.24250	2	36.6801	1
1006.47125	504.24290	2	41.8255	2
1006.49965	504.25710	2	54.3613	2
1007.45640	504.73545	2	38.7200	2
1007.46715	504.74085	2	41.1680	2
1007.47520	504.74490	2	51.7507	2
1007.50460	504.75960	2	43.9655	2
1007.52095	504.76775	2	65.1434	2
1007.52865	504.77160	2	43.6780	2
1007.53995	504.77725	2	56.2255	2
1007.54395	504.77925	2	68.3608	2
1007.67425	504.84440	2	72.8043	2
1008.47730	505.24590	2	50.7201	2
1008.51360	505.26410	2	61.0812	1
1008.51640	505.26550	2	51.6145	1
1009.44745	505.73100	2	42.4336	2
1009.51945	505.76700	2	36.2344	2
1009.54800	505.78130	2	87.7005	2
1010.42770	506.22110	2	34.6690	1
1010.45215	506.23335	2	38.9173	2
1010.51180	506.26320	2	63.5279	2
1010.57590	506.29520	2	68.6360	2
1011.52365	506.76910	2	36.7293	2
1011.53530	506.77490	2	45.3575	2
1011.57210	506.79335	2	52.8218	2
1011.60785	506.81120	2	67.6289	2
1012.48820	507.25140	2	59.3350	1
1012.57060	507.29260	2	58.7320	1
1012.57080	507.29265	2	88.8745	6
1012.58185	507.29820	2	60.8482	2
1012.60350	507.30905	2	39.1014	2
1012.63925	507.32690	2	49.6386	2
1013.53990	507.77720	2	44.0738	2
1013.55495	507.78475	2	65.5346	2
1013.56145	507.78800	2	37.8144	2
1013.62445	507.81950	2	66.9373	2
1014.53410	508.27430	2	38.3974	3
1014.53450	508.27450	2	43.2353	2
1014.57140	508.29295	2	37.6777	2
1014.57230	508.29345	2	46.2660	2
1015.49245	508.75350	2	39.8410	2
1015.54085	508.77770	2	36.6075	2
1015.54240	508.77850	2	88.9049	1
1015.58425	508.79940	2	71.0993	2
1016.46025	509.23740	2	37.0209	2
1016.51820	509.26640	2	48.0052	1
1016.53240	509.27350	2	48.7156	2
1016.54815	509.28135	2	49.4970	2
1016.59960	509.30710	2	65.8208	4
1017.46960	509.74210	2	35.6138	2
1017.47265	509.74360	2	41.7506	2
1017.51665	509.76560	2	77.1165	2
1017.53500	509.77475	2	39.0714	2
1017.57350	509.79410	2	40.8391	1
1017.62330	509.81900	2	66.5386	1
1018.54425	510.27940	2	40.1963	2
1019.41940	510.71700	2	43.7198	1
1019.50335	510.75895	2	60.2482	2
1019.50380	510.75915	2	43.1823	2
1019.53995	510.77725	2	54.4011	2
1019.54015	510.77735	2	35.3798	2
1019.54720	510.78085	2	66.9712	2
1019.55315	510.78385	2	47.7090	2
1020.52360	511.26910	2	49.7127	1
1020.52370	511.26910	2	56.5973	3
1020.52470	511.26960	2	87.5856	8
1020.53385	511.27420	2	55.0268	2
1021.43965	511.72710	2	38.0063	2
1021.45000	511.73225	2	34.4497	2
1021.49280	511.75365	2	30.7666	2
1021.51205	511.76330	2	43.7525	2
1021.54495	511.77975	2	60.7349	2
1021.60330	511.80895	2	52.5493	2
1022.50365	512.25910	2	53.5858	2
1022.51090	512.26270	2	77.1474	2
1023.48685	512.75070	2	38.2345	2
1023.60705	512.81080	2	68.1644	2
1024.37505	513.19480	2	42.2173	2
1025.45530	513.73490	2	38.6777	1
1025.50295	513.75875	2	40.9322	2
1025.55110	513.78280	2	35.4890	2
1025.60250	513.80850	2	49.4715	2
1026.44865	514.23160	2	42.5026	2
1027.56590	514.79020	2	33.4882	1
1027.56665	514.79060	2	36.4160	2
1027.58120	514.79790	2	74.5477	2
1027.59170	514.80310	2	58.9598	2
1027.60245	514.80850	2	68.8544	2
1027.60270	514.80860	2	51.5958	1
1028.56005	515.28730	2	43.3054	2
1028.57580	515.29520	2	54.3243	1
1029.47730	515.74595	2	42.2991	2
1029.53895	515.77675	2	52.5465	2
1029.54265	515.77860	2	37.4837	2
1029.54555	515.78005	2	34.3596	2
1029.58205	515.79830	2	36.8108	2
1029.58250	515.79850	2	41.4158	1
1030.50450	516.25950	2	33.7148	1
1030.52960	516.27205	2	35.5820	2
1030.59200	516.30330	2	78.8338	3
1030.60650	516.31055	2	75.5548	2
1031.46400	516.73930	2	64.1845	2
1031.50370	516.75910	2	41.6589	2
1031.50720	516.76090	2	49.4135	2
1031.54645	516.78050	2	51.9208	2
1031.58620	516.80035	2	56.9176	2
1032.49815	517.25635	2	42.0407	2
1032.53515	517.27485	2	48.9616	2
1032.59715	517.30585	2	73.5647	2
1033.56645	517.79050	2	43.2124	2
1033.58105	517.79780	2	82.0886	2
1033.61665	517.81560	2	69.6801	2
1034.52175	518.26815	2	64.8334	2
1034.55020	518.28235	2	51.2262	2
1034.55970	518.28710	2	80.5142	1
1035.48775	518.75115	2	61.1789	2
1035.56180	518.78815	2	60.5398	2
1036.51835	519.26645	2	41.5722	2
1036.51860	519.26655	2	43.6033	2
1036.53355	519.27405	2	71.3735	2
1036.53730	519.27595	2	67.6545	2
1036.55530	519.28495	2	63.3590	2
1037.50665	519.76060	2	34.0046	2
1037.62320	519.81890	2	55.0521	2
1037.64825	519.83140	2	70.9966	2
1038.48055	520.24755	2	47.0115	2
1038.54700	520.28080	2	35.0279	2
1039.46440	520.73945	2	47.7775	2
1039.49750	520.75605	2	52.5847	2
1039.56650	520.79050	2	48.1182	2
1039.56665	520.79060	2	46.0611	2
1040.49320	521.25385	2	31.4967	2
1040.49625	521.25540	2	41.9478	2
1040.54960	521.28205	2	54.2531	2
1040.56875	521.29165	2	50.1678	2
1040.59835	521.30645	2	57.0124	2
1040.62200	521.31825	2	73.7234	2
1040.65975	521.33715	2	59.8983	2
1041.44030	521.72745	2	45.4572	2
1041.45585	521.73520	2	35.8442	2
1041.52880	521.77170	2	83.4643	1
1041.53325	521.77390	2	50.3475	2
1042.51515	522.26485	2	64.4635	2
1042.52970	522.27210	2	37.6087	2
1042.55585	522.28520	2	53.6958	2
1042.57860	522.29660	2	41.0703	1
1043.54370	522.77915	2	48.7362	2
1043.55080	522.78270	2	78.7504	2
1043.56140	522.78800	2	36.6279	2
1043.56250	522.78855	2	33.6890	2
1043.60340	522.80900	2	63.4929	2
1044.51890	523.26675	2	44.9801	2
1044.53925	523.27690	2	66.0743	2
1044.55585	523.28520	2	43.6079	2
1044.56080	523.28770	2	58.3921	2
1045.51220	523.76340	2	57.2171	2
1045.53920	523.77685	2	44.7091	2
1045.53990	523.77720	2	33.5039	2
1045.54040	523.77745	2	31.3510	2
1045.55890	523.78670	2	63.2671	2
1045.60235	523.80845	2	60.5021	2
1046.52210	524.26830	2	35.7407	2
1046.59630	524.30545	2	49.5592	2
1047.50070	524.75760	2	28.4960	1
1047.52725	524.77090	2	59.9927	2
1047.56350	524.78900	2	59.6225	1
1048.47960	525.24705	2	35.2971	2
1048.55680	525.28565	2	32.0587	2
1049.52580	525.77020	2	50.9224	2
1049.56160	525.78810	2	37.6341	2
1050.51840	526.26650	2	56.3929	1
1050.53450	526.27450	2	48.1546	2
1050.55750	526.28600	2	31.6926	1
1050.57120	526.29290	2	62.1674	2
1050.59620	526.30540	2	68.3902	2
1051.49380	526.75415	2	37.0920	2
1052.46380	527.23920	2	57.7010	2
1053.61790	527.81625	2	56.0629	2
1054.49735	528.25595	2	68.6360	2
1054.53405	528.27430	2	74.7516	2
1054.53960	528.27705	2	31.9784	2
1054.60290	528.30870	2	57.0483	2
1055.42305	528.71880	2	47.3400	2
1055.45910	528.73680	2	37.0213	1
1055.49240	528.75350	2	44.7397	2
1055.50710	528.76085	2	53.5152	2
1055.58630	528.80040	2	63.7380	2
1055.58630	528.80045	2	67.5987	2
1056.53180	529.27315	2	76.8135	2
1056.58140	529.29800	2	55.1460	3
1056.59240	529.30350	2	52.9832	2
1057.49945	529.75700	2	38.0236	2
1057.51280	529.76370	2	72.1918	1
1057.57610	529.79535	2	44.5244	2
1057.57655	529.79555	2	36.0201	2
1057.63865	529.82660	2	77.6383	2
1058.49325	530.25390	2	50.6655	2
1058.54420	530.27935	2	78.2829	2
1058.55805	530.28630	2	71.9403	2
1058.57200	530.29330	2	46.8062	3
1058.59520	530.30490	2	39.7451	2
1059.50965	530.76210	2	43.4921	2
1059.53910	530.77680	2	55.5890	1
1059.60015	530.80735	2	56.9021	2
1060.47660	531.24560	2	33.6890	2
1060.52350	531.26905	2	74.1443	2
1060.61670	531.31565	2	82.9246	2
1061.55090	531.78270	2	44.7753	2
1061.57610	531.79530	2	74.5448	2
1062.52365	532.26910	2	77.6961	2
1062.53460	532.27460	2	56.5325	2
1062.57175	532.29315	2	60.3072	2
1062.58290	532.29870	2	56.2771	1
1063.52940	532.77195	2	43.9873	2
1063.54085	532.77770	2	46.1442	2
1063.60720	532.81085	2	75.9568	2
1064.52560	533.27010	2	38.8574	1
1064.63460	533.32460	2	54.4594	2
1065.44740	533.73100	2	46.4428	2
1065.55295	533.78375	2	61.2727	2
1065.55375	533.78415	2	78.0028	2
1065.55995	533.78725	2	69.3274	2
1066.45790	534.23625	2	53.8183	2
1066.46790	534.24120	2	32.1116	2
1066.50500	534.25975	2	32.8020	2
1066.51820	534.26635	2	56.3535	2
1066.63925	534.32690	2	79.8453	2
1067.51350	534.76400	2	45.3810	2
1067.57145	534.79300	2	52.6150	2
1068.55000	535.28225	2	36.7242	2
1068.55990	535.28725	2	63.7146	2
1068.58065	535.29760	2	60.0903	2
1068.59305	535.30380	2	56.9571	2
1068.65380	535.33415	2	45.1436	2
1070.60830	536.31140	2	74.0253	1
1070.60835	536.31145	2	44.5934	2
1070.61915	536.31685	2	40.6438	2
1070.63410	536.32435	2	68.8341	2
1070.65875	536.33665	2	75.7686	2
1071.41720	536.71590	2	39.6235	2
1071.56690	536.79070	2	48.8918	2
1071.59380	536.80420	2	48.7340	1
1072.08480	537.04965	2	53.7020	4
1072.52940	537.27200	2	47.3727	3
1072.57485	537.29470	2	73.2013	2
1072.59580	537.30520	2	38.8372	2
1072.61335	537.31395	2	40.8998	2
1073.49900	537.75675	2	44.6788	2
1073.51780	537.76615	2	54.2112	2
1073.52310	537.76880	2	33.8748	1
1073.58725	537.80090	2	43.7264	2
1073.59070	537.80260	2	58.9701	2
1073.60885	537.81170	2	86.0558	2
1073.61020	537.81240	2	34.3464	1
1073.65955	537.83705	2	63.1496	2
1074.54555	538.28005	2	43.2072	2
1074.55230	538.28340	2	53.2306	2
1074.57130	538.29290	2	55.0676	1
1074.57165	538.29310	2	59.6317	2
1075.47810	538.74630	2	33.2402	2
1075.53345	538.77400	2	65.6360	2
1075.59135	538.80295	2	70.2226	2
1075.61320	538.81390	2	57.5360	2
1075.62865	538.82160	2	67.1658	2
1076.51395	539.26425	2	49.1450	2
1076.52575	539.27015	2	32.7936	2
1076.56110	539.28780	2	54.0559	2
1076.57260	539.29360	2	42.5307	2
1077.60455	539.80955	2	38.9003	2
1078.50430	540.25945	2	40.5861	2
1081.45670	541.73560	2	40.1944	1
1081.62385	541.81920	2	59.6976	2
1082.53260	542.27355	2	54.5584	2
1082.55585	542.28520	2	81.6546	2
1082.62550	542.32000	2	76.4435	2
1082.64595	542.33025	2	54.9285	2
1084.48650	543.25050	2	38.1478	2
1084.52030	543.26740	2	73.3522	1
1084.57085	543.29270	2	94.5151	4
1084.57225	543.29340	2	88.4488	2
1084.63830	543.32645	2	78.2244	2
1084.66065	543.33760	2	55.4136	2
1085.60765	543.81110	2	51.2519	2
1085.61285	543.81370	2	43.4271	2
1085.62370	543.81910	2	74.4022	2
1085.64510	543.82980	2	66.8568	2
1086.06430	544.03945	2	50.0327	4
1086.55610	544.28530	2	47.4211	2
1086.56775	544.29115	2	32.9265	2
1087.55195	544.78325	2	50.8160	2
1087.56120	544.78790	2	41.8490	1
1087.56380	544.78920	2	41.8721	1
1087.58755	544.80105	2	41.1033	2
1087.58940	544.80200	2	47.8999	2
1087.61240	544.81345	2	69.7989	2
1088.45635	545.23545	2	36.2958	2
1088.50660	545.26060	2	31.0305	2
1088.55350	545.28400	2	70.4430	1
1088.57110	545.29285	2	32.0170	2
1088.60830	545.31140	2	34.8329	2
1089.51900	545.76680	2	31.5934	1
1089.53180	545.77315	2	41.2983	2
1089.55755	545.78605	2	33.5353	2
1089.56650	545.79050	2	62.3233	1
1089.60325	545.80890	2	44.2217	2
1090.46835	546.24145	2	37.1541	2
1090.60200	546.30830	2	58.7027	1
1091.51690	546.76570	2	55.1378	2
1091.55740	546.78595	2	38.7871	2
1091.60030	546.80740	2	40.2187	1
1092.53895	547.27675	2	54.8338	2
1092.58120	547.29790	2	53.6398	2
1093.54085	547.77770	2	57.5770	2
1094.08115	548.04785	2	35.7359	4
1094.55165	548.28310	2	67.4484	2
1094.55600	548.28530	2	76.9960	2
1094.56075	548.28765	2	32.3658	2
1094.56625	548.29040	2	47.4184	2
1094.59885	548.30670	2	57.1996	2
1095.46590	548.74020	2	52.6045	2
1095.55660	548.78560	2	55.7520	1
1095.56685	548.79070	2	30.8470	2
1096.49770	549.25610	2	60.1135	3
1096.51910	549.26685	2	47.9539	2
1096.56235	549.28845	2	41.5142	2
1097.60830	549.81145	2	56.1282	2
1097.62020	549.81740	2	36.1595	1
1098.52835	550.27145	2	60.9656	2
1098.53450	550.27450	2	44.5570	2
1098.57790	550.29620	2	35.0767	1
1098.58335	550.29895	2	49.8427	2
1099.49365	550.75410	2	59.8079	2
1099.56325	550.78890	2	41.3624	2
1099.61495	550.81475	2	51.8652	2
1100.45995	551.23725	2	65.7577	2
1100.55805	551.28630	2	32.8282	2
1100.57245	551.29350	2	70.6161	2
1101.55635	551.78545	2	69.8643	2
1101.60350	551.80905	2	37.0645	2
1101.65140	551.83300	2	52.6682	2
1102.56550	552.29005	2	33.4439	2
1102.57770	552.29610	2	63.7324	2
1102.58670	552.30065	2	35.4755	2
1102.60560	552.31010	2	58.3331	1
1103.56050	552.78750	2	38.8320	2
1103.58270	552.79860	2	50.1128	2
1103.63835	552.82645	2	83.8132	2
1104.45190	553.23320	2	30.1058	1
1104.47590	553.24525	2	34.1745	4
1104.50905	553.26180	2	52.4231	2
1104.51870	553.26660	2	44.2754	1
1104.53135	553.27295	2	43.8455	2
1104.54675	553.28065	2	43.5564	2
1104.54750	553.28100	2	46.0560	2
1104.56360	553.28905	2	48.0044	2
1104.56570	553.29015	2	32.5672	2
1104.59220	553.30335	2	59.5038	2
1104.62730	553.32095	2	86.8426	2
1105.57590	553.79525	2	64.3036	2
1106.53945	554.27700	2	47.0677	2
1106.58635	554.30045	2	82.1220	2
1106.60895	554.31175	2	81.5110	2
1107.53850	554.77655	2	60.7399	2
1107.54520	554.77990	2	53.9324	2
1107.55010	554.78235	2	65.2427	2
1107.55545	554.78500	2	36.4509	2
1107.57890	554.79670	2	86.3106	7
1107.59270	554.80360	2	44.0239	2
1108.51575	555.26515	2	31.2046	2
1108.57105	555.29280	2	77.5144	2
1108.91980	555.46715	2	36.5612	4
1109.50330	555.75890	2	74.5080	1
1109.53340	555.77400	2	78.0276	2
1109.53950	555.77700	2	46.6438	2
1109.54855	555.78155	2	89.3243	2
1109.57300	555.79380	2	32.1725	1
1109.58770	555.80110	2	57.9194	2
1109.61315	555.81385	2	70.4761	2
1109.68100	555.84780	2	77.8838	2
1110.46635	556.24045	2	41.5446	2
1110.52060	556.26760	2	59.7888	2
1110.58965	556.30210	2	82.3705	2
1110.60880	556.31170	2	76.2224	1
1110.66565	556.34010	2	73.5698	2
1111.57195	556.79325	2	33.0888	2
1112.42250	557.21850	2	34.9422	2
1114.55590	558.28520	2	77.3301	2
1114.56645	558.29050	2	63.9154	2
1114.62425	558.31940	2	61.4999	2
1114.63450	558.32450	2	52.5088	1
1115.05335	558.53395	2	45.7876	4
1115.51415	558.76435	2	46.6123	2
1115.54480	558.77970	2	45.3498	1
1115.55770	558.78615	2	33.9541	2
1115.58080	558.79765	2	41.2436	2
1115.58340	558.79900	2	53.3409	1
1115.60190	558.80820	2	55.5413	2
1116.50465	559.25960	2	46.7866	2
1116.54300	559.27880	2	32.7940	1
1116.56640	559.29045	2	53.9272	2
1116.58210	559.29830	2	71.7991	2
1116.60610	559.31035	2	30.9415	2
1116.61350	559.31400	2	34.3784	2
1116.65540	559.33500	2	82.3032	1
1117.52615	559.77035	2	38.5441	2
1117.54325	559.77890	2	41.7120	2
1117.56120	559.78790	2	50.4802	2
1117.59850	559.80650	2	49.0808	1
1117.60455	559.80955	2	70.1861	2
1118.01760	560.01610	2	45.7407	4
1118.48530	560.24990	2	32.0480	2
1118.54750	560.28105	2	75.3664	2
1119.54160	560.77805	2	68.5627	2
1119.58325	560.79890	2	61.9660	2
1119.59540	560.80500	2	66.6898	2
1119.67085	560.84270	2	81.8776	2
1120.05915	561.03685	2	57.0362	4
1120.57620	561.29535	2	59.8647	2
1121.46695	561.74075	2	41.1917	2
1121.53525	561.77490	2	67.9059	2
1121.54700	561.78075	2	42.4146	2
1121.60880	561.81170	2	46.9778	2
1122.51340	562.26400	2	59.1186	1
1123.47880	562.74670	2	45.6628	2
1123.57000	562.79225	2	56.8969	2
1123.58240	562.79845	2	53.3568	2
1124.59025	563.30240	2	61.4063	2
1124.61915	563.31685	2	68.5790	2
1124.63030	563.32240	2	36.2199	4
1124.68075	563.34765	2	79.6951	2
1125.51085	563.76270	2	34.1307	2
1125.57150	563.79300	2	42.5514	2
1125.63975	563.82715	2	60.3705	2
1126.59800	564.30630	2	51.0890	1
1127.16070	564.58765	2	81.2683	4
1127.47435	564.74445	2	68.2748	2
1127.52115	564.76785	2	37.6416	2
1127.56460	564.78960	2	41.9010	1
1127.61295	564.81375	2	61.5050	2
1127.65655	564.83555	2	69.6317	4
1128.56670	565.29060	2	41.2226	2
1128.57895	565.29675	2	42.2043	2
1128.58940	565.30200	2	31.3825	2
1128.63935	565.32695	2	59.2131	2
1129.51220	565.76340	2	81.5225	1
1129.58080	565.79765	2	55.2273	2
1129.63415	565.82435	2	34.2645	2
1129.63505	565.82480	2	39.0488	2
1129.67160	565.84310	2	69.3590	2
1130.55970	566.28715	2	46.8152	2
1131.57760	566.79610	2	33.4334	2
1131.62895	566.82175	2	69.7139	2
1131.65375	566.83415	2	80.9949	2
1132.53850	567.27650	2	31.7460	2
1132.55615	567.28535	2	56.4134	2
1132.58865	567.30160	2	61.3062	2
1133.55360	567.78410	2	68.4294	3
1133.57095	567.79275	2	71.6014	2
1133.57205	567.79330	2	55.5351	2
1133.57540	567.79500	2	65.5293	2
1133.60890	567.81170	2	61.7337	2
1133.64470	567.82960	2	67.4015	1
1134.53355	568.27405	2	43.3662	2
1134.53445	568.27450	2	45.8885	2
1134.55050	568.28250	2	34.2825	2
1134.57760	568.29605	2	45.6916	2
1135.59775	568.80615	2	46.7018	2
1136.53740	569.27600	2	52.8934	2
1136.57075	569.29265	2	60.3752	2
1136.57190	569.29320	2	57.2890	2
1137.46175	569.73815	2	32.3234	2
1137.56510	569.78980	2	81.9590	2
1137.57870	569.79665	2	54.7453	2
1138.56460	570.28960	2	61.6545	1
1138.58800	570.30130	2	33.7991	1
1139.54645	570.78050	2	54.0255	2
1139.56155	570.78805	2	65.9142	2
1139.62940	570.82200	2	38.8571	2
1139.65550	570.83500	2	60.9785	2
1140.52350	571.26905	2	32.3869	2
1141.55525	571.78490	2	71.0651	2
1141.56790	571.79125	2	62.0499	2
1141.59795	571.80625	2	31.6323	2
1141.60995	571.81225	2	58.9056	2
1142.03355	572.02405	2	64.3241	4
1142.48850	572.25150	2	44.7218	2
1142.55715	572.28585	2	51.2595	2
1142.61830	572.31640	2	54.3504	1
1142.63135	572.32295	2	33.0175	2
1143.50805	572.76130	2	55.2915	2
1143.57190	572.79325	2	64.8739	2
1143.58880	572.80165	2	33.6524	2
1143.69105	572.85280	2	86.0557	2
1144.58835	573.30145	2	49.1236	2
1144.59580	573.30520	2	59.5962	1
1144.60930	573.31195	2	37.2788	2
1144.63550	573.32500	2	56.7636	2
1145.08380	573.54920	2	56.9713	4
1145.57575	573.79515	2	46.4958	2
1145.67020	573.84240	2	69.9562	1
1145.67030	573.84240	2	69.9292	1
1146.57565	574.29510	2	45.0466	2
1146.58495	574.29975	2	71.9591	2
1146.61405	574.31430	2	52.3585	2
1147.55090	574.78270	2	61.6130	1
1147.55315	574.78385	2	48.4392	2
1147.55515	574.78485	2	42.8056	2
1147.57870	574.79665	2	64.4270	2
1147.58800	574.80130	2	54.2739	2
1147.63705	574.82580	2	87.1009	2
1148.51400	575.26430	2	33.3763	2
1148.54725	575.28090	2	52.6596	2
1148.56495	575.28975	2	65.6051	2
1148.57025	575.29240	2	79.3648	2
1148.60815	575.31135	2	61.8919	2
1148.60940	575.31200	2	57.7168	1
1149.56700	575.79075	2	67.2926	2
1149.56775	575.79115	2	57.2243	2
1150.05945	576.03700	2	58.5011	4
1150.54180	576.27820	2	32.9651	2
1150.58720	576.30090	2	54.8043	2
1150.58830	576.30140	2	47.8378	2
1151.49240	576.75350	2	51.7145	1
1151.60895	576.81175	2	73.2899	2
1151.65410	576.83435	2	68.1011	2
1151.72875	576.87165	2	75.1483	2
1152.52155	577.26805	2	76.9232	2
1152.53085	577.27270	2	53.3861	2
1152.54880	577.28165	2	60.2273	2
1152.55220	577.28340	2	36.2626	2
1152.58560	577.30010	2	57.9188	2
1153.51760	577.76610	2	66.2911	1
1154.57140	578.29300	2	62.8539	1
1154.61985	578.31720	2	58.9136	2
1154.63080	578.32270	2	44.4616	2
1155.55665	578.78560	2	67.6842	2
1155.56360	578.78905	2	34.0717	2
1155.58235	578.79845	2	87.5648	2
1155.61425	578.81440	2	50.9816	2
1155.62655	578.82055	2	51.8559	2
1155.64995	578.83225	2	48.7698	2
1156.51820	579.26640	2	28.1364	1
1156.51880	579.26670	2	55.4214	2
1156.51980	579.26720	2	44.4063	2
1156.59345	579.30400	2	84.7234	2
1156.60325	579.30890	2	66.3259	2
1157.56405	579.78930	2	49.2156	2
1157.57635	579.79545	2	74.9059	2
1157.59505	579.80480	2	52.1897	2
1157.63345	579.82400	2	53.0460	2
1158.59955	580.30705	2	41.6315	2
1158.62410	580.31935	2	47.2570	2
1159.57250	580.79355	2	64.0251	2
1159.57365	580.79410	2	33.5567	2
1159.58360	580.79905	2	45.1975	2
1159.59530	580.80495	2	40.6653	2
1159.62015	580.81735	2	39.5249	2
1159.63880	580.82670	2	79.5567	2
1159.68285	580.84870	2	49.3813	2
1160.56530	581.28995	2	36.7470	2
1160.58580	581.30015	2	66.4792	2
1160.58715	581.30085	2	49.4453	2
1160.59235	581.30345	2	72.7036	2
1160.59780	581.30615	2	54.0868	2
1160.61550	581.31505	2	35.9236	2
1161.59930	581.80690	2	45.5038	2
1161.59930	581.80695	2	53.4798	2
1161.60735	581.81095	2	72.5378	2
1161.61450	581.81450	2	53.1900	2
1162.58940	582.30200	2	63.0107	1
1162.59880	582.30670	2	71.3769	2
1163.57645	582.79550	2	65.3353	2
1163.58100	582.79780	2	58.4949	1
1163.60850	582.81150	2	67.0265	1
1164.57375	583.29415	2	31.4749	2
1164.60355	583.30905	2	54.7481	2
1164.72375	583.36915	2	70.0735	2
1165.46005	583.73730	2	34.5143	2
1165.57795	583.79625	2	72.1902	2
1165.63395	583.82425	2	64.2022	2
1166.54005	584.27730	2	46.5304	2
1167.59220	584.80340	2	75.6889	1
1167.61755	584.81605	2	84.2939	2
1168.54110	585.27780	2	85.7530	1
1168.63200	585.32330	2	77.5829	2
1168.64590	585.33020	2	49.3182	2
1168.68125	585.34790	2	58.2222	2
1168.68155	585.34805	2	69.3637	2
1168.74375	585.37915	2	78.9637	2
1169.57190	585.79325	2	54.1792	2
1170.57685	586.29570	2	45.8708	2
1170.62970	586.32210	2	46.9224	2
1170.66060	586.33760	2	66.4865	2
1170.66135	586.33795	2	70.0937	2
1171.57695	586.79575	2	65.0195	2
1171.61910	586.81680	2	35.1933	1
1171.62060	586.81760	2	50.0820	2
1171.62335	586.81895	2	55.9732	2
1171.70085	586.85770	2	54.7305	2
1172.59720	587.30590	2	65.5291	1
1172.61405	587.31430	2	39.9920	2
1172.62165	587.31810	2	81.0713	4
1172.62930	587.32195	2	65.7504	2
1172.62945	587.32200	2	73.3887	2
1172.64130	587.32795	2	70.5837	2
1173.58920	587.80190	2	46.2150	2
1173.61490	587.81470	2	84.7608	1
1174.06580	588.04020	2	33.2913	4
1174.51285	588.26370	2	42.9929	2
1174.54710	588.28080	2	31.7487	2
1174.56140	588.28795	2	54.0129	2
1174.60770	588.31110	2	40.3802	2
1175.57375	588.79415	2	60.4075	2
1175.58730	588.80090	2	68.4393	1
1175.61920	588.81690	2	41.1653	2
1175.65565	588.83510	2	58.8293	2
1176.50760	589.26110	2	31.5292	1
1176.57400	589.29430	2	30.8044	1
1176.58185	589.29820	2	52.7773	2
1177.63415	589.82435	2	65.9111	2
1177.63440	589.82450	2	54.9209	1
1177.66145	589.83800	2	84.0666	2
1177.66270	589.83860	2	89.3787	1
1178.51765	590.26610	2	37.6671	2
1178.57260	590.29360	2	28.7534	1
1179.54525	590.77990	2	41.7767	2
1179.61560	590.81510	2	50.6119	2
1180.52275	591.26865	2	62.1773	2
1180.59700	591.30580	2	64.4269	2
1180.70690	591.36070	2	85.0075	2
1181.65240	591.83345	2	54.6404	2
1182.54090	592.27775	2	74.4571	2
1182.60470	592.30960	2	70.9052	2
1182.62545	592.32000	2	71.9680	2
1182.66485	592.33970	2	58.2400	2
1182.68005	592.34730	2	78.0692	2
1184.58620	593.30040	2	60.9082	2
1184.60690	593.31070	2	49.9805	1
1184.61860	593.31660	2	75.6550	2
1184.67660	593.34560	2	57.0096	1
1184.67730	593.34595	2	69.7489	2
1185.57410	593.79430	2	85.5956	2
1185.57910	593.79680	2	35.6972	1
1185.63985	593.82720	2	78.6837	2
1185.65085	593.83270	2	63.7764	2
1186.54370	594.27910	2	44.9543	2
1186.65585	594.33520	2	46.7018	2
1187.58780	594.80120	2	49.5176	1
1187.59555	594.80505	2	65.0598	2
1187.62240	594.81850	2	76.8440	2
1187.70240	594.85845	2	87.3033	2
1187.70250	594.85855	2	79.9687	2
1188.58950	595.30205	2	41.6588	2
1188.59815	595.30635	2	45.6367	2
1188.61660	595.31560	2	50.2325	2
1188.67650	595.34550	2	60.6941	1
1189.54040	595.77745	2	78.1003	2
1189.63775	595.82615	2	51.9546	2
1189.64580	595.83015	2	69.4237	2
1189.67130	595.84290	2	73.7819	2
1190.56010	596.28735	2	54.9919	2
1190.59015	596.30235	2	33.2753	2
1190.60020	596.30735	2	63.8950	2
1191.55320	596.78390	2	40.8983	1
1191.61375	596.81415	2	57.4730	2
1191.66530	596.83990	2	81.7463	2
1192.52815	597.27135	2	45.9908	2
1192.57630	597.29540	2	42.9848	1
1192.61620	597.31535	2	66.1031	2
1192.65810	597.33630	2	47.1254	1
1192.66080	597.33770	2	86.3094	2
1193.61600	597.81530	2	37.7624	2
1193.63355	597.82405	2	67.2534	2
1193.66985	597.84220	2	89.3162	2
1194.51110	598.26280	2	30.5902	1
1194.51265	598.26360	2	31.7264	2
1194.58300	598.29880	2	82.0866	1
1195.60950	598.81200	2	60.1555	2
1196.55025	599.28240	2	44.8078	2
1196.57295	599.29375	2	34.4820	2
1196.64925	599.33190	2	48.6178	2
1197.54565	599.78010	2	77.4531	2
1197.56975	599.79215	2	52.1507	2
1197.57575	400.19915	3	34.7023	2
1197.62465	599.81960	2	59.5776	2
1197.66490	599.83970	2	73.7805	1
1197.69745	599.85600	2	74.6642	2
1198.61900	400.54695	3	51.9469	2
1198.65600	400.55925	3	39.8333	2
1198.65670	600.33565	2	39.9307	2
1199.54650	600.78050	2	54.5822	2
1199.71310	600.86385	2	77.8140	2
1200.61940	401.21370	3	41.3303	2
1200.62220	601.31835	2	58.7871	2
1200.62445	601.31950	2	41.3408	2
1200.64570	601.33010	2	51.9785	2
1200.65055	601.33255	2	79.0943	2
1201.09070	601.55265	2	42.1432	4
1201.61925	601.81690	2	74.3325	2
1201.62985	601.82220	2	35.8036	2
1201.63000	401.55060	3	35.2371	2
1201.66665	401.56280	3	46.1388	2
1201.66700	601.84080	2	46.1695	1
1201.66820	601.84140	2	56.4646	1
1202.58885	602.30170	2	39.4842	2
1202.60415	401.87530	3	48.1001	2
1202.60525	602.30990	2	48.1545	2
1202.64150	401.88780	3	38.3325	2
1202.64205	602.32830	2	38.3656	2
1202.65040	602.33245	2	64.4633	2
1203.59870	602.80660	2	40.7248	2
1203.61770	602.81610	2	88.1657	7
1203.67200	602.84325	2	51.4682	2
1204.58395	603.29925	2	52.4903	2
1204.60290	603.30870	2	56.4290	1
1204.60895	603.31175	2	56.8045	2
1204.61315	603.31385	2	79.4590	2
1204.61610	603.31530	2	92.0199	1
1204.65770	402.55980	3	47.6502	2
1204.65850	603.33650	2	47.6629	2
1205.56530	402.86235	3	59.2792	2
1205.59120	402.87100	3	58.9547	1
1205.63040	603.82250	2	56.2538	2
1205.63120	402.88435	3	51.5943	2
1205.64085	603.82770	2	54.2113	2
1205.71295	402.91160	3	64.6171	2
1205.71350	603.86400	2	64.6872	2
1206.59515	604.30485	2	60.6588	2
1206.60640	604.31050	2	72.2341	3
1206.62505	604.31980	2	63.9940	2
1207.57275	604.79365	2	63.2060	2
1207.62050	604.81750	2	55.0494	2
1207.62445	604.81950	2	71.9323	2
1207.66545	604.84000	2	87.7916	2
1207.67200	604.84330	2	83.8342	1
1207.76610	604.89035	2	80.3184	2
1208.52345	605.26900	2	38.4538	2
1208.59500	605.30475	2	82.1860	2
1208.60390	605.30920	2	67.8016	1
1208.63875	403.88685	3	52.0914	2
1209.58910	605.80185	2	47.7142	2
1210.56095	606.28775	2	46.2369	2
1210.58700	606.30080	2	76.4099	1
1210.59920	606.30690	2	62.7350	2
1210.63075	404.55085	3	37.1227	2
1210.73985	606.37720	2	70.2226	2
1211.59810	606.80630	2	61.8500	1
1211.61880	606.81665	2	77.5172	2
1211.62620	404.88270	3	34.6534	1
1211.65170	404.89115	3	48.1729	2
1211.65205	606.83330	2	48.2141	2
1212.50205	607.25830	2	37.2104	2
1212.56590	405.19590	3	27.1351	1
1212.64710	405.22300	3	56.1649	2
1213.64640	405.55610	3	53.6415	1
1213.66645	607.84050	2	47.9591	2
1213.67110	405.56430	3	81.2840	1
1214.70255	608.35855	2	62.6807	2
1215.59890	608.80670	2	50.0774	2
1215.64600	608.83030	2	59.9293	2
1215.65180	608.83315	2	82.2179	2
1215.68195	608.84825	2	33.8802	2
1215.68235	406.23470	3	33.8426	2
1216.57430	609.29440	2	48.6788	2
1216.57540	609.29500	2	38.5630	2
1216.62225	609.31840	2	54.9612	2
1216.65675	609.33565	2	69.3072	2
1217.56315	609.78885	2	69.6140	2
1217.60845	609.81150	2	57.3888	2
1217.67695	406.89960	3	67.6966	2
1218.62930	610.32195	2	58.5986	2
1218.66420	610.33935	2	82.6296	2
1219.61280	610.81370	2	49.4131	2
1220.64090	611.32775	2	77.7308	2
1221.13330	611.57395	2	50.0716	4
1221.59830	611.80640	2	58.6466	2
1221.60990	611.81225	2	30.6516	2
1221.61140	408.21110	3	30.5548	2
1221.63625	611.82540	2	56.4029	2
1223.54265	612.77860	2	46.2014	2
1223.62590	612.82025	2	35.1122	2
1223.65040	408.89070	3	47.0072	1
1223.71330	612.86390	2	82.2454	9
1224.62420	613.31935	2	67.9325	2
1224.62825	409.21665	3	53.8729	2
1224.62960	613.32205	2	53.8076	2
1224.65725	409.22635	3	35.9979	2
1224.65810	613.33635	2	36.3187	2
1224.68395	613.34925	2	42.8681	2
1225.59860	613.80655	2	62.6411	2
1225.67245	613.84350	2	68.7409	2
1226.53630	409.85270	3	71.0199	1
1226.69820	614.35640	2	58.9364	2
1226.70770	614.36115	2	80.7808	2
1227.65695	614.83575	2	58.6151	2
1227.66090	614.83775	2	69.6723	2
1227.67210	614.84335	2	67.6224	2
1227.68220	614.84840	2	64.2509	2
1227.68320	410.23500	3	49.6365	2
1228.68730	615.35090	2	63.4219	1
1228.73960	615.37705	2	82.0277	2
1229.55815	615.78635	2	41.0718	2
1229.61270	615.81365	2	78.2984	2
1229.61835	615.81645	2	49.5537	2
1229.65060	615.83260	2	47.2706	2
1229.65070	410.89085	3	47.1930	2
1229.73695	410.91960	3	58.7384	2
1230.55925	411.19370	3	32.2546	2
1230.58455	616.29955	2	41.2132	2
1230.58480	616.29970	2	33.3659	1
1230.58490	411.20225	3	41.3088	2
1230.58915	616.30185	2	59.6869	2
1230.61940	616.31700	2	48.4979	2
1230.63970	616.32710	2	78.4330	2
1230.65680	616.33565	2	40.9372	2
1230.66305	616.33880	2	81.9442	2
1231.58615	616.80035	2	52.0426	2
1231.58635	616.80045	2	35.7298	2
1231.62445	616.81950	2	54.8662	2
1231.62780	616.82115	2	87.1302	2
1231.65610	616.83530	2	60.2863	2
1231.69305	411.57160	3	57.7608	2
1232.57220	617.29335	2	33.1860	2
1232.60705	617.31080	2	45.7308	2
1233.60330	412.20840	3	79.5808	1
1233.60790	617.81120	2	50.2660	2
1233.60900	617.81180	2	61.7962	1
1233.62150	617.81805	2	43.5406	2
1233.66105	617.83780	2	57.0461	2
1234.56825	412.53000	3	40.0224	2
1234.59625	618.30540	2	34.5840	2
1234.61075	412.54420	3	55.9131	2
1234.65320	618.33385	2	63.8298	2
1235.60710	412.87630	3	39.2275	2
1235.60735	618.81095	2	39.2577	2
1235.64880	618.83170	2	48.8702	2
1235.65030	412.89070	3	48.8292	2
1235.66850	618.84155	2	57.9799	2
1235.66960	412.89715	3	57.9119	2
1235.69850	618.85655	2	52.9160	2
1236.56255	619.28855	2	48.0639	2
1237.61395	413.54525	3	44.9218	2
1237.63500	413.55230	3	37.1199	2
1237.63530	619.82490	2	37.2157	2
1237.64575	619.83015	2	63.7067	2
1237.73970	619.87710	2	67.2958	3
1239.59205	620.80330	2	58.4377	2
1239.59615	414.20595	3	35.0534	2
1239.68330	620.84890	2	74.8555	2
1239.71990	620.86720	2	73.6003	2
1240.16070	621.08765	2	48.3865	4
1240.58720	414.53635	3	35.6085	2
1240.59120	621.30290	2	66.0066	2
1240.68035	621.34745	2	75.1106	2
1240.70165	621.35810	2	90.3088	2
1240.70460	621.35960	2	71.1863	1
1241.59315	621.80385	2	70.6849	2
1241.66375	621.83915	2	61.7123	2
1241.67365	414.89850	3	42.9056	2
1241.69855	621.85655	2	77.7940	2
1241.77515	414.93230	3	76.8721	2
1241.77545	621.89500	2	76.9384	2
1242.56700	622.29080	2	57.5023	1
1242.63660	415.21950	3	43.6657	2
1242.63750	622.32600	2	43.6753	2
1242.64610	622.33030	2	54.6572	1
1243.67725	415.56635	3	60.6015	2
1244.54295	623.27875	2	52.2163	2
1244.56785	623.29120	2	46.1739	2
1244.60990	415.87720	3	33.1229	1
1244.63285	623.32370	2	65.8152	2
1244.67205	415.89795	3	36.0470	2
1245.62135	623.81795	2	46.9590	2
1245.62160	416.21450	3	46.8652	2
1245.65060	623.83260	2	81.1107	2
1245.65975	623.83715	2	42.7492	2
1245.67255	416.23145	3	54.3961	2
1245.67540	623.84495	2	41.7687	2
1246.65000	416.55725	3	66.5775	2
1246.69220	624.35340	2	71.8371	2
1247.57510	416.86560	3	28.7309	1
1247.58090	624.79770	2	45.5631	1
1247.60490	624.80970	2	69.1824	2
1247.66795	624.84125	2	78.2731	2
1248.61380	625.31420	2	87.4087	1
1248.61945	625.31700	2	57.6116	2
1248.67275	625.34365	2	60.5270	2
1249.59130	625.80290	2	49.6222	2
1249.63050	625.82250	2	56.9490	2
1249.65400	625.83430	2	63.4884	2
1249.65720	625.83590	2	82.2820	2
1250.66660	626.34055	2	79.7438	2
1250.72585	626.37020	2	87.0518	2
1251.66225	626.83840	2	74.1744	2
1251.66410	418.22860	3	49.5646	2
1252.73905	627.37680	2	78.4413	2
1252.75100	418.59090	3	65.3058	2
1253.55870	627.78660	2	65.7885	2
1253.63050	418.88410	3	31.6988	2
1254.58750	628.30100	2	67.7585	2
1254.59995	628.30725	2	79.5797	2
1254.72960	628.37210	2	39.3977	2
1254.73025	628.37240	2	68.6962	2
1254.73050	419.25080	3	39.3541	3
1254.73370	419.25185	3	51.7238	2
1255.58390	628.79920	2	42.4120	2
1255.62640	628.82045	2	69.3276	2
1255.65620	419.55935	3	53.0710	2
1255.66830	628.84140	2	73.2620	2
1255.67795	628.84625	2	50.4519	2
1255.70220	628.85835	2	68.4839	2
1255.71355	419.57845	3	64.5824	2
1256.60860	629.31160	2	58.3143	2
1256.61205	629.31330	2	49.8492	2
1256.61230	629.31340	2	88.6324	1
1256.67395	629.34425	2	55.3488	6
1256.69785	419.90655	3	46.5838	2
1256.69895	629.35675	2	46.5595	2
1256.70445	629.35950	2	95.9849	2
1257.64635	629.83045	2	41.4865	2
1257.64755	420.22310	3	41.4540	2
1257.70570	629.86010	2	87.6285	1
1258.59895	630.30675	2	80.3674	2
1258.67670	630.34565	2	66.6045	2
1258.68925	630.35190	2	51.7748	2
1258.76280	630.38865	2	86.1245	2
1259.63330	630.82395	2	74.4765	2
1259.63610	630.82535	2	57.5590	2
1259.66165	630.83810	2	58.1503	2
1260.57755	631.29605	2	35.1122	2
1260.58795	631.30125	2	41.5341	2
1260.67165	631.34310	2	56.5673	2
1261.57940	631.79700	2	50.3842	2
1261.62275	421.54820	3	39.3220	2
1261.74505	631.87980	2	94.3870	2
1263.61995	632.81725	2	32.2862	2
1263.62000	422.21390	3	32.2492	2
1263.62880	632.82170	2	56.1202	2
1263.67195	632.84325	2	87.9227	2
1263.68490	632.84975	2	66.0689	2
1264.64785	422.55655	3	60.3503	2
1264.77580	633.39515	2	92.2053	2
1265.68820	633.85140	2	50.9738	2
1265.68900	422.90360	3	51.6989	1
1266.56320	634.28890	2	45.1436	2
1266.60065	634.30760	2	59.4169	2
1266.62100	423.21430	3	36.6877	2
1266.62190	634.31820	2	36.6956	2
1266.62895	634.32175	2	70.3931	2
1267.56785	423.52985	3	34.0495	2
1267.64885	634.83170	2	81.2844	2
1267.66775	634.84115	2	91.9466	2
1267.68890	634.85175	2	48.9693	2
1267.72880	423.58350	3	47.3012	1
1268.61445	423.87875	3	52.6044	2
1268.66295	635.33875	2	50.1978	2
1268.66315	423.89495	3	50.1359	2
1268.69845	635.35650	2	68.9491	2
1269.62505	635.81980	2	79.6256	2
1269.62980	635.82220	2	62.7964	1
1269.65925	635.83690	2	45.9444	2
1269.65975	424.22715	3	45.9344	2
1269.70450	635.85950	2	62.1701	2
1269.72965	635.87210	2	77.3557	2
1270.65335	636.33395	2	42.6505	2
1270.69970	424.57380	3	61.3110	2
1270.72750	636.37100	2	91.0692	2
1271.56360	424.86180	3	76.6537	1
1271.68845	424.90340	3	59.4111	2
1271.69180	636.85320	2	63.4112	1
1271.76150	636.88805	2	81.1133	2
1272.60080	425.20750	3	56.7634	1
1272.69210	637.35330	2	63.8433	2
1273.63590	637.82520	2	72.8883	1
1273.65610	637.83530	2	65.7169	2
1273.66985	637.84220	2	64.2407	2
1273.67730	637.84595	2	85.3653	2
1273.69030	637.85240	2	58.5275	1
1273.72275	637.86865	2	69.3920	2
1274.62935	425.88375	3	45.0158	2
1274.64480	638.32965	2	83.8989	2
1274.65195	638.33325	2	76.1324	2
1274.66320	638.33890	2	68.1828	3
1274.75995	638.38725	2	78.0133	2
1275.54190	638.77820	2	44.3440	2
1275.57225	638.79340	2	60.1301	2
1275.60365	638.80910	2	79.0640	2
1275.69325	426.23835	3	61.9976	2
1276.58350	639.29900	2	34.6170	2
1276.63430	639.32445	2	76.4514	2
1276.65290	639.33370	2	88.9831	2
1276.66590	639.34025	2	57.6669	2
1276.67370	639.34415	2	85.1001	2
1276.70305	639.35880	2	71.2537	2
1276.70370	639.35910	2	77.5828	2
1277.67390	639.84420	2	67.9399	2
1277.68580	426.90250	3	75.1994	1
1277.68730	639.85090	2	75.0815	2
1278.12620	640.07035	2	61.6914	4
1278.65015	640.33235	2	84.0016	2
1278.68160	427.23450	3	41.6789	1
1279.62380	640.81915	2	62.9351	2
1279.69550	427.57245	3	53.4214	2
1279.75065	640.88260	2	74.0562	2
1280.57955	641.29705	2	80.2459	2
1280.59985	427.87390	3	36.3233	2
1280.74690	641.38075	2	87.1060	2
1281.55765	641.78610	2	38.6494	2
1281.61070	641.81260	2	35.1228	2
1281.70510	428.24230	3	40.5471	1
1282.58700	642.30080	2	60.9733	2
1283.61490	642.81475	2	69.8326	2
1283.63510	428.88560	3	59.2442	1
1283.65055	642.83255	2	64.7827	2
1283.65935	642.83695	2	84.6799	2
1283.70825	428.91000	3	43.3416	2
1283.73475	642.87465	2	77.2484	2
1284.61340	429.21175	3	39.1664	2
1284.62735	643.32095	2	90.2050	2
1284.69405	643.35430	2	76.9906	2
1284.70335	643.35895	2	68.2259	2
1284.70420	429.24200	3	41.9210	2
1284.72925	643.37190	2	82.7878	2
1285.66295	643.83875	2	42.4642	2
1285.72310	429.58160	3	45.0748	2
1286.63610	644.32530	2	67.9634	1
1286.64560	429.88910	3	67.8486	2
1286.68420	644.34940	2	84.4383	3
1286.69920	644.35690	2	67.4346	2
1286.78470	644.39960	2	85.3296	2
1287.62955	644.82205	2	83.9655	2
1287.68415	644.84935	2	72.8720	2
1288.59085	645.30270	2	43.8507	2
1288.60670	645.31060	2	63.1647	1
1288.66275	645.33865	2	45.3232	2
1288.68240	645.34850	2	50.8130	1
1288.68640	645.35050	2	66.4561	2
1288.72310	645.36880	2	83.2565	2
1288.73985	645.37720	2	74.9406	2
1289.59380	430.87185	3	35.2868	2
1289.62780	645.82120	2	62.0756	2
1289.63030	645.82240	2	88.2513	2
1289.64730	645.83095	2	49.0271	2
1290.54500	431.18895	3	31.5657	2
1290.54985	646.28220	2	31.6322	2
1290.56985	646.29220	2	38.5923	2
1290.65735	646.33595	2	54.3064	2
1291.53600	646.77525	2	37.5203	2
1291.57845	646.79650	2	44.0238	2
1291.60515	646.80985	2	50.8546	2
1291.66660	646.84060	2	59.5671	2
1292.66060	431.89410	3	61.4273	3
1292.66160	647.33810	2	61.4603	1
1293.62375	647.81915	2	54.9917	2
1294.62405	648.31930	2	67.5378	2
1294.73355	648.37405	2	82.0884	2
1294.79785	432.60655	3	66.9173	2
1295.74720	648.88090	2	63.9756	1
1295.75545	432.92575	3	59.6922	2
1296.68325	649.34890	2	59.1921	2
1296.68425	433.23535	3	59.2520	2
1296.70445	649.35950	2	68.2911	2
1297.23350	649.62405	2	44.7730	4
1297.72520	433.58235	3	44.6928	2
1297.73635	649.87545	2	64.8687	2
1297.75975	433.59385	3	62.8638	2
1298.59310	650.30385	2	37.0261	2
1298.59505	433.87230	3	36.9625	2
1298.61020	433.87730	3	36.8793	2
1298.69345	650.35400	2	47.5666	2
1298.74725	650.38090	2	91.7301	2
1299.56940	650.79200	2	35.4534	2
1299.62985	650.82220	2	73.7232	2
1299.67880	650.84670	2	40.4198	1
1299.69380	650.85420	2	79.1188	2
1299.70385	650.85920	2	57.7009	2
1300.62325	651.31890	2	80.7144	2
1300.62360	651.31910	2	85.4635	2
1300.70380	651.35920	2	62.5842	2
1300.73990	651.37720	2	75.1213	2
1300.77640	651.39550	2	84.4912	2
1301.61175	651.81315	2	41.8917	2
1301.63625	434.88600	3	40.0472	2
1301.63635	651.82545	2	40.0846	2
1302.65980	652.33720	2	66.2294	2
1302.72700	652.37080	2	74.4818	2
1303.51430	652.76445	2	64.9414	2
1303.60550	652.81000	2	60.3042	1
1304.61200	653.31325	2	42.1802	2
1304.73370	653.37410	2	78.3758	2
1305.61630	436.21270	3	30.9308	1
1305.62370	653.81910	2	51.1230	2
1305.63375	436.21855	3	61.1493	2
1305.66040	653.83750	2	68.4134	1
1305.70535	653.85995	2	73.0590	2
1306.58290	436.53490	3	39.9007	2
1306.65150	436.55775	3	39.4111	2
1306.66310	654.33880	2	31.2303	1
1306.67690	654.34575	2	75.2955	2
1307.66295	654.83875	2	61.0620	2
1308.65765	655.33610	2	62.7988	2
1308.71865	655.36660	2	86.3866	2
1308.72040	437.24740	3	86.4756	2
1308.74105	655.37780	2	59.8456	2
1308.77750	655.39605	2	72.4433	2
1309.65235	655.83345	2	63.2987	2
1310.12265	656.06860	2	67.8960	4
1310.56020	656.28740	2	35.8914	1
1310.65260	437.89150	3	47.7706	1
1310.68025	656.34740	2	80.0881	2
1310.70200	437.90790	3	45.6968	2
1311.57140	656.79300	2	59.3508	2
1311.58270	656.79865	2	50.2660	2
1311.71400	438.24530	3	60.1474	1
1313.61395	657.81425	2	62.9581	2
1313.69420	438.90535	3	52.2751	2
1313.69505	657.85480	2	52.3283	2
1313.70210	657.85830	2	86.8998	2
1313.71780	438.91320	3	61.6654	1
1313.72020	657.86740	2	84.5499	2
1313.74725	438.92300	3	53.8458	2
1314.59990	439.20720	3	32.6882	1
1314.69670	658.35565	2	48.2455	2
1314.69735	658.35595	2	62.6492	2
1314.69925	439.24035	3	48.2630	2
1315.56985	439.53055	3	46.1223	2
1315.68200	658.84830	2	59.9913	2
1315.71025	658.86240	2	64.6465	2
1315.77100	439.59760	3	62.7658	1
1316.56450	659.28955	2	55.3588	2
1316.64720	659.33085	2	82.6958	2
1316.67605	439.89930	3	64.1896	2
1316.73420	659.37440	2	95.5943	2
1316.73515	659.37485	2	67.9715	2
1317.61070	440.21085	3	52.8141	2
1317.64360	659.82910	2	42.3202	2
1318.66670	660.34060	2	78.6796	1
1318.67150	660.34300	2	78.6539	1
1319.63350	660.82400	2	53.5512	1
1319.66490	440.89555	3	54.0254	2
1319.69125	660.85290	2	81.3237	2
1319.70970	440.91050	3	64.0171	2
1320.59920	661.30685	2	71.7774	2
1320.61150	661.31300	2	55.7825	1
1320.62465	441.21545	3	40.5512	2
1320.62465	661.31960	2	40.5782	2
1320.68350	661.34900	2	91.4253	12
1321.61560	661.81505	2	52.0102	2
1321.76420	661.88940	2	80.6290	2
1321.76455	441.59545	3	80.5526	2
1322.66705	662.34080	2	88.6788	2
1322.67130	662.34295	2	64.1197	2
1322.70600	441.90925	3	36.9019	2
1322.70920	662.36190	2	37.0159	1
1322.72665	662.37060	2	72.4195	2
1322.76810	441.93000	3	52.0859	1
1324.69170	663.35310	2	77.7551	2
1324.73330	663.37390	2	63.1802	2
1324.78300	442.60160	3	65.1193	2
1326.62060	664.31755	2	60.6183	2
1326.68975	443.23720	3	31.3428	2
1326.69070	664.35260	2	31.3308	1
1327.65215	443.55800	3	57.1336	2
1328.74560	443.92250	3	42.0959	2
1328.75180	443.92450	3	71.0811	2
1328.75230	665.38340	2	71.2355	2
1329.65350	665.83405	2	59.0343	2
1329.65385	665.83420	2	43.5510	2
1329.69340	444.23840	3	65.8233	2
1329.69380	665.85420	2	76.7597	2
1329.76260	665.88860	2	49.5229	1
1330.71405	666.36430	2	61.5898	2
1330.78185	666.39820	2	85.5660	2
1331.67605	666.84530	2	74.3273	2
1331.70915	666.86185	2	80.5185	2
1331.70955	666.86205	2	63.4349	2
1331.72820	666.87135	2	91.9657	2
1331.74620	666.88035	2	82.0223	2
1331.76800	666.89130	2	45.5710	2
1332.64635	667.33045	2	47.7222	2
1332.70075	667.35765	2	82.4656	2
1333.57195	445.53125	3	54.6194	2
1333.59385	667.80420	2	43.4575	2
1334.66220	445.89465	3	46.2874	2
1334.71935	445.91370	3	53.8688	2
1334.71965	668.36710	2	53.8822	2
1334.72375	668.36915	2	76.3770	2
1335.59520	668.80490	2	52.4624	3
1335.63870	668.82665	2	71.8370	2
1335.64365	668.82910	2	59.8078	2
1335.64880	668.83170	2	69.8952	1
1336.74670	446.58950	3	43.1514	2
1336.74730	669.38090	2	43.1243	2
1336.80875	669.41165	2	79.7158	2
1337.57280	669.79370	2	38.8949	2
1338.61295	670.31375	2	60.8528	2
1338.66890	670.34175	2	63.0835	2
1338.67075	447.23085	3	63.2403	2
1338.71500	447.24560	3	47.2321	1
1338.71875	670.36665	2	72.3791	2
1339.65270	670.83360	2	64.5902	2
1339.74630	447.58935	3	55.7279	2
1339.75410	670.88435	2	81.5589	2
1339.77180	670.89315	2	94.7909	4
1339.77265	447.59815	3	93.8568	2
1340.59700	671.30575	2	49.5591	2
1341.19860	671.60660	2	45.0767	4
1341.62130	671.81790	2	74.9597	2
1341.69900	448.24030	3	46.2544	1
1341.72790	448.24990	3	44.1369	2
1342.65090	448.55755	3	37.5177	2
1342.65160	448.55780	3	54.2889	1
1342.69325	672.35390	2	70.3736	2
1342.70880	448.57685	3	56.5277	2
1342.71040	672.36250	2	62.8037	2
1342.73640	672.37545	2	84.8462	12
1343.76580	448.92920	3	54.6062	2
1343.76690	672.89075	2	54.6113	2
1344.68130	673.34790	2	53.6642	1
1344.71495	673.36475	2	65.9540	2
1344.72970	449.25050	3	72.1249	1
1344.74145	673.37800	2	83.2332	2
1344.74540	673.38000	2	94.7905	1
1344.74550	449.25580	3	67.7531	2
1344.79820	673.40640	2	96.1260	1
1345.62225	449.54805	3	33.3106	2
1345.62290	673.81870	2	33.4202	1
1346.57805	674.29630	2	39.9725	2
1346.60000	449.87395	3	53.1407	2
1346.67500	674.34475	2	72.9655	2
1346.68375	674.34915	2	77.8784	2
1346.71900	449.91360	3	70.9883	1
1346.76665	449.92950	3	68.4789	2
1346.76665	674.39060	2	68.5470	2
1347.58070	674.79765	2	53.2251	2
1347.66855	674.84155	2	88.2120	2
1347.72140	674.86800	2	84.5663	2
1347.74535	674.87995	2	63.5482	2
1347.74795	450.25660	3	63.4585	2
1347.76420	450.26200	3	82.8948	2
1349.56880	675.79170	2	76.2657	2
1349.59045	675.80250	2	32.7394	2
1349.64640	675.83050	2	60.8101	1
1349.68425	675.84940	2	69.3921	2
1349.68595	675.85025	2	60.9439	2
1350.61005	676.31230	2	39.9090	2
1350.64225	676.32840	2	75.8311	2
1350.68630	451.23600	3	73.4744	1
1350.71590	676.36525	2	73.6932	2
1351.63800	451.55325	3	34.1314	2
1351.63810	676.82635	2	34.1364	2
1351.64125	676.82790	2	60.6475	2
1351.71255	451.57810	3	50.1479	2
1352.59730	451.87305	3	30.8874	2
1352.63940	677.32700	2	63.3783	1
1352.73000	451.91730	3	55.2375	2
1352.75665	677.38560	2	67.8743	2
1353.72300	677.86880	2	87.9150	2
1353.72595	677.87025	2	65.6230	2
1354.73010	678.37230	2	90.0876	4
1355.71575	678.86515	2	85.1084	2
1355.71675	678.86565	2	75.2776	2
1355.71720	678.86590	2	87.4141	1
1355.73070	678.87260	2	56.7041	2
1355.77775	678.89615	2	81.9024	2
1355.77780	452.93320	3	59.0503	1
1356.73680	679.37570	2	60.0947	2
1356.74865	453.25680	3	48.5165	2
1356.74985	679.38220	2	48.5563	2
1357.66240	679.83845	2	49.8929	2
1357.67160	453.56450	3	30.2315	1
1357.67335	679.84395	2	30.4664	2
1357.74475	679.87965	2	58.4700	2
1357.74525	453.58905	3	58.3972	2
1358.15550	453.72575	3	51.6977	4
1358.65765	680.33610	2	88.5130	2
1358.66145	680.33800	2	56.9597	2
1358.66820	680.34135	2	45.8147	2
1358.66935	453.89705	3	45.7650	2
1358.67940	453.90040	3	38.6243	2
1358.68045	680.34750	2	38.6573	2
1358.74120	680.37785	2	82.5687	2
1358.75270	680.38360	2	92.2108	2
1359.68260	680.84855	2	67.0020	2
1359.68820	454.23665	3	38.3242	2
1359.83620	454.28600	3	56.9938	1
1360.58650	454.53610	3	33.7775	2
1360.58650	681.30050	2	33.8421	1
1360.69890	681.35670	2	75.4190	1
1361.66865	681.84160	2	40.3505	2
1361.67240	681.84350	2	66.7594	2
1361.71900	681.86680	2	68.6151	2
1361.72320	681.86885	2	71.3871	2
1362.59020	682.30235	2	48.6733	2
1362.71400	682.36425	2	87.4818	2
1362.71545	682.36500	2	58.1889	2
1362.71630	682.36540	2	71.9993	2
1362.72315	682.36885	2	83.1646	2
1363.65855	682.83655	2	62.9006	2
1363.68260	682.84860	2	72.8280	1
1363.69130	455.57105	3	45.1383	2
1363.69260	682.85360	2	45.2973	2
1364.59250	455.87140	3	51.2934	1
1364.59265	683.30360	2	51.3845	2
1364.63885	683.32670	2	64.3773	2
1364.65370	683.33410	2	76.6779	1
1364.66870	683.34160	2	45.0972	1
1364.68310	683.34885	2	61.3428	2
1364.71810	683.36630	2	64.7490	2
1364.73410	683.37430	2	69.1744	2
1365.56000	456.19395	3	42.2432	2
1365.67880	456.23350	3	55.9416	2
1365.67885	683.84670	2	56.0100	2
1366.73240	456.58470	3	36.4004	1
1366.75730	684.38590	2	36.5864	1
1366.75900	456.59360	3	36.5079	2
1367.54550	684.78000	2	33.2027	2
1367.65455	456.89210	3	51.6050	2
1367.67330	456.89840	3	50.3941	2
1367.68855	456.90345	3	51.8625	2
1367.68930	684.85195	2	51.9284	2
1367.71250	684.86350	2	71.5087	2
1367.76810	684.89130	2	83.0145	2
1367.77755	684.89605	2	74.9405	2
1368.64795	457.22325	3	67.4038	2
1368.79760	457.27310	3	63.7923	1
1369.67420	457.56530	3	52.3231	2
1369.79300	685.90380	2	54.8046	2
1370.28550	457.76910	3	55.1818	4
1370.72340	686.36900	2	78.9616	2
1370.81625	686.41540	2	94.2551	2
1371.68335	686.84895	2	73.3006	2
1371.73565	458.25245	3	49.7296	2
1372.68355	687.34905	2	66.1303	2
1372.71715	458.57965	3	54.5454	2
1373.74060	687.87755	2	70.5565	2
1373.75240	687.88350	2	57.1059	2
1374.68805	688.35130	2	47.8140	2
1374.68810	459.23665	3	47.7990	2
1374.71015	688.36235	2	73.2429	2
1374.76225	459.26135	3	77.5719	2
1374.76230	688.38845	2	77.6410	2
1374.78710	688.40085	2	83.8019	2
1375.69970	459.57380	3	52.8617	1
1375.71340	459.57840	3	75.9976	1
1376.70790	689.36125	2	89.0397	2
1376.71845	689.36650	2	64.9077	2
1376.72990	459.91725	3	50.0184	2
1376.85055	459.95745	3	66.2670	2
1377.67055	689.84255	2	82.6320	2
1377.67790	689.84625	2	75.3581	2
1377.68560	689.85010	2	32.6016	2
1377.68930	460.23705	3	32.5907	2
1377.69155	460.23775	3	87.7642	2
1377.69775	689.85615	2	88.5692	4
1378.23340	690.12400	2	84.2010	4
1378.69810	690.35635	2	59.9056	2
1378.75760	690.38605	2	94.0031	2
1379.68725	460.90300	3	39.3667	2
1379.76580	460.92920	3	72.4753	2
1379.76665	690.89060	2	72.5189	2
1379.77100	690.89275	2	79.7076	2
1380.64190	461.22125	3	54.2426	2
1380.80020	691.40740	2	76.1854	1
1381.67425	691.84440	2	66.1114	2
1382.65230	692.33340	2	76.2206	2
1382.75950	692.38705	2	77.2015	2
1382.84860	461.95680	3	77.6616	1
1383.54160	692.77810	2	25.5958	3
1383.67920	462.23365	3	43.1350	2
1384.61905	693.31680	2	52.0745	2
1384.66305	693.33880	2	56.0380	2
1384.67500	693.34480	2	83.1019	2
1384.73475	462.58555	3	63.9331	2
1384.75350	693.38400	2	83.2360	2
1385.73455	693.87455	2	74.8428	2
1385.75070	693.88265	2	62.1086	2
1387.63220	694.82340	2	74.7718	1
1387.66695	463.56290	3	47.9485	2
1387.68700	694.85075	2	81.9331	2
1387.69435	694.85445	2	56.7374	2
1387.69500	694.85480	2	70.3375	1
1387.72795	463.58325	3	83.3195	2
1387.73050	694.87250	2	83.3591	2
1387.74675	694.88065	2	65.6560	2
1388.55635	695.28545	2	55.2687	2
1388.70515	695.35985	2	52.3917	2
1389.73340	695.87400	2	86.9684	2
1389.75340	695.88400	2	88.1385	1
1390.65140	464.55770	3	37.5229	1
1390.65450	696.33450	2	37.5701	1
1390.75780	464.59320	3	67.3181	2
1391.56250	464.86145	3	34.7315	2
1391.69410	696.85430	2	60.2945	3
1391.70460	696.85960	2	52.9453	2
1392.61745	465.21305	3	59.1235	2
1392.66775	697.34115	2	63.0265	2
1392.87005	697.44230	2	83.3996	2
1393.64330	697.82890	2	68.0740	2
1393.65185	697.83320	2	70.6744	2
1393.67800	697.84630	2	70.1519	2
1393.69240	697.85350	2	81.8415	2
1393.70235	465.57470	3	55.6336	2
1393.70380	697.85915	2	76.8994	2
1395.65240	698.83350	2	58.1834	2
1395.71115	466.24430	3	39.7692	2
1395.71190	698.86320	2	39.7758	2
1396.67860	699.34655	2	76.7176	2
1396.80530	699.40995	2	66.2402	2
1397.60340	466.87505	3	46.5494	2
1397.79655	699.90555	2	78.9960	2
1398.62665	700.32060	2	52.4822	2
1398.70000	700.35730	2	89.4882	1
1398.73535	467.25235	3	50.8467	2
1398.77240	700.39350	2	63.6474	2
1399.67550	700.84500	2	70.8227	3
1399.69540	700.85495	2	54.4539	2
1399.70040	467.57405	3	48.3816	2
1401.57135	701.79295	2	42.5252	2
1401.71080	468.24420	3	42.0569	2
1401.71280	701.86370	2	42.1733	1
1401.76380	701.88920	2	80.1492	2
1401.77615	468.26600	3	38.5014	2
1402.75070	702.38260	2	76.5009	2
1403.63865	702.82660	2	60.5959	2
1403.72280	702.86870	2	86.4755	1
1403.74130	468.92105	3	40.4738	2
1403.74195	702.87825	2	40.5243	2
1403.74220	702.87840	2	68.8838	2
1404.72290	469.24820	3	51.2157	1
1404.73000	703.37230	2	75.2398	2
1404.79945	703.40700	2	67.5671	2
1405.65170	703.83315	2	56.0547	2
1405.67445	469.56540	3	43.7955	2
1405.68085	469.56755	3	71.2188	2
1406.71580	704.36520	2	74.2642	2
1407.72445	470.24875	3	49.7803	2
1407.78360	470.26845	3	65.8875	2
1407.78370	470.26850	3	59.9980	3
1408.64995	705.33225	2	77.0536	2
1408.66215	705.33835	2	70.0635	2
1408.66855	705.34155	2	38.9825	2
1409.68725	705.85090	2	68.1351	2
1409.73985	470.92055	3	49.0833	2
1410.70015	706.35735	2	55.6231	2
1410.72410	471.24860	3	50.4169	2
1410.77210	471.26465	3	57.2914	2
1411.65990	706.83720	2	48.0812	3
1411.67370	706.84410	2	72.1862	1
1411.71765	471.57980	3	69.6247	2
1411.82720	471.61630	3	72.3845	2
1411.82775	706.92115	2	72.3122	2
1412.64335	707.32895	2	88.6488	2
1412.77400	707.39425	2	51.0600	2
1412.81415	707.41435	2	82.4047	2
1412.82400	471.94860	3	74.7474	1
1412.83925	471.95365	3	66.3597	2
1412.83975	707.42715	2	66.4301	2
1413.67450	707.84455	2	37.1847	2
1413.74670	707.88060	2	88.3036	1
1413.76605	707.89030	2	61.2729	2
1414.73050	472.58410	3	47.3320	2
1414.73195	708.37325	2	47.3922	2
1414.73215	708.37335	2	81.2562	2
1415.65125	708.83290	2	92.0693	2
1415.68960	708.85210	2	57.7217	2
1415.72700	708.87075	2	45.8227	2
1415.76230	472.92805	3	39.9644	2
1416.72500	473.24890	3	65.2166	2
1416.72520	709.36985	2	64.4943	2
1416.77755	473.26645	3	58.7691	2
1417.66480	709.83965	2	67.9137	2
1417.66930	709.84190	2	55.3847	2
1417.67890	473.56690	3	46.6648	2
1417.71185	709.86320	2	73.8124	2
1418.69790	473.90660	3	42.7895	1
1418.70785	710.36120	2	80.0712	2
1418.70930	710.36190	2	57.9720	2
1419.66390	710.83925	2	57.2575	2
1419.70120	710.85790	2	51.3120	2
1419.75610	474.25930	3	51.5049	2
1419.81365	710.91410	2	80.6787	2
1420.19080	474.40420	3	51.8390	4
1420.65025	711.33240	2	46.6751	6
1420.70280	711.35870	2	59.7473	2
1420.73140	474.58440	3	48.6388	1
1421.67715	474.89965	3	62.2957	2
1421.70570	474.90920	3	58.3356	2
1421.80275	474.94155	3	63.2959	2
1422.59655	475.20610	3	36.3876	2
1422.67425	475.23205	3	40.4343	2
1422.68660	712.35055	2	65.3406	2
1422.75300	712.38375	2	78.2800	2
1423.66985	712.84220	2	81.8500	2
1423.74080	712.87770	2	90.6792	1
1424.63355	475.88515	3	49.4080	2
1424.63355	713.32405	2	49.3572	2
1424.66185	713.33820	2	67.8199	2
1424.71860	713.36655	2	66.6356	2
1425.80880	713.91170	2	73.4784	2
1425.81835	476.28005	3	62.0587	2
1425.81930	713.91690	2	62.1346	1
1426.79050	476.60410	3	42.9269	2
1427.64360	714.82910	2	46.2068	2
1427.72590	714.87025	2	52.8385	2
1427.79880	476.94020	3	57.5226	1
1427.79955	714.90705	2	82.3473	2
1428.71125	477.24435	3	45.8754	2
1428.78250	477.26810	3	76.3283	2
1429.75140	715.88300	2	63.4530	2
1429.75605	477.59260	3	59.8693	2
1429.75665	715.88560	2	59.9621	2
1429.76035	715.88745	2	51.8677	2
1429.80080	715.90770	2	96.8727	2
1430.72405	716.36930	2	88.0271	2
1430.73700	477.91960	3	50.7611	2
1430.76965	716.39210	2	85.5160	2
1431.69310	716.85380	2	86.3419	1
1431.78830	478.27000	3	65.2741	2
1431.79930	716.90695	2	79.3928	2
1432.68000	478.56730	3	51.4679	1
1434.74760	718.38110	2	73.3227	2
1435.66270	718.83860	2	38.1201	2
1435.72860	718.87160	2	67.9006	1
1435.76735	718.89095	2	62.8351	2
1436.69390	479.90525	3	55.5416	2
1436.69480	719.35470	2	55.6335	2
1436.70430	719.35940	2	68.0959	2
1436.76325	479.92835	3	51.7829	2
1436.78610	479.93600	3	62.0203	2
1437.69170	719.85310	2	63.5166	2
1438.59010	480.53730	3	29.5791	1
1439.79955	720.90705	2	72.6126	2
1440.81965	721.41710	2	79.0528	2
1441.63030	721.82240	2	76.6602	2
1441.83110	721.92285	2	85.6956	2
1442.64895	722.33175	2	83.6167	2
1442.66935	722.34195	2	51.6589	2
1442.68800	722.35130	2	79.6459	2
1442.72970	481.91715	3	49.7640	2
1443.67375	722.84415	2	43.6130	2
1443.80950	722.91205	2	73.5144	2
1443.84600	722.93025	2	79.2039	2
1444.66930	723.34195	2	56.1912	2
1444.67900	723.34675	2	84.5155	2
1444.73265	482.58480	3	50.6861	2
1444.74205	723.37830	2	70.3428	2
1444.77080	482.59750	3	60.5622	2
1444.81340	723.41400	2	87.2588	2
1446.71100	724.36280	2	62.4219	2
1447.73165	724.87310	2	67.4954	2
1447.75590	483.59255	3	56.6155	2
1448.71485	725.36470	2	56.8337	2
1448.73900	725.37680	2	76.8059	1
1448.74320	725.37890	2	82.7275	2
1449.67920	725.84685	2	62.2346	2
1449.71455	725.86455	2	73.7622	2
1449.86695	484.29625	3	59.9807	2
1450.72440	726.36950	2	81.3901	2
1450.73780	726.37620	2	89.2919	2
1450.81990	484.61390	3	65.2821	2
1451.66410	484.89530	3	48.9561	2
1452.76890	485.26360	3	57.4071	2
1452.80280	727.40870	2	90.1283	2
1453.76070	727.88765	2	56.1856	2
1454.73070	728.37265	2	78.7611	2
1454.76295	485.92825	3	66.4172	2
1454.87050	485.96410	3	76.5712	2
1454.87210	728.44330	2	76.4513	2
1455.69905	486.24030	3	67.5247	2
1455.70120	728.85785	2	67.6065	2
1455.83775	728.92615	2	80.5952	2
1457.78680	486.93620	3	80.9294	2
1457.78885	729.90170	2	80.9835	2
1457.81560	729.91510	2	84.0318	1
1458.74615	487.25600	3	76.0695	2
1458.74800	730.38125	2	68.7913	2
1459.70410	730.85930	2	58.4700	2
1459.70955	730.86205	2	67.0978	2
1459.74435	730.87945	2	63.3711	2
1459.83940	487.62040	3	75.2291	2
1459.84150	730.92800	2	75.3037	2
1460.78490	731.39970	2	59.6563	1
1461.73990	731.87720	2	64.6441	1
1461.83880	488.28685	3	76.5151	2
1461.83980	731.92720	2	76.7259	2
1462.69545	732.35500	2	64.9568	2
1462.78060	732.39760	2	60.7048	1
1463.67610	488.89930	3	62.4852	2
1463.70770	488.90985	3	66.2018	2
1463.70860	732.86160	2	79.5284	2
1463.70885	732.86170	2	66.0379	2
1463.74045	488.92075	3	71.6667	2
1463.75095	732.88275	2	71.6393	2
1464.30160	489.10780	3	64.5273	4
1464.74920	489.25700	3	81.1842	2
1464.78150	489.26775	3	62.0588	2
1464.79300	733.40380	2	61.4036	2
1464.79510	733.40480	2	67.3499	2
1465.73350	733.87405	2	86.3445	2
1466.66400	489.89530	3	43.8806	2
1466.73880	734.37670	2	88.1009	1
1466.77440	489.93205	3	43.7826	2
1468.69425	735.35440	2	53.7577	2
1468.72190	735.36820	2	65.0801	1
1468.79705	735.40580	2	74.0014	2
1469.67700	490.89960	3	36.3747	1
1470.74690	491.25625	3	65.7268	2
1470.75065	491.25750	3	55.9079	2
1470.79745	736.40600	2	88.3094	2
1470.84535	736.42995	2	82.6958	2
1471.70935	736.86195	2	54.1450	2
1471.74145	736.87800	2	64.9484	2
1471.75750	491.59310	3	66.5408	2
1472.71410	491.91200	3	44.9800	1
1472.73675	491.91950	3	57.3123	2
1472.73760	737.37605	2	57.3804	2
1472.77640	491.93270	3	58.9905	1
1473.76390	492.26190	3	74.1081	1
1474.76860	738.39160	2	78.7837	2
1475.77420	492.93200	3	62.6330	1
1476.70915	739.36185	2	64.7417	2
1476.78255	739.39855	2	72.6181	2
1477.74240	739.87850	2	84.1612	2
1477.76215	739.88835	2	71.8975	2
1477.77155	739.89305	2	87.5400	2
1478.77810	740.39630	2	80.5192	1
1478.77935	740.39695	2	73.9455	2
1479.87780	740.94620	2	78.8067	2
1480.68920	494.57030	3	35.4807	2
1480.71730	741.36590	2	84.7880	2
1480.83675	494.61955	3	58.7091	2
1481.72630	494.91600	3	61.8235	1
1481.73620	494.91930	3	52.3191	1
1482.81390	742.41425	2	89.1421	2
1482.82990	742.42220	2	67.7771	2
1483.71280	495.57820	3	61.2080	2
1483.74645	495.58945	3	29.0881	2
1483.76380	742.88915	2	75.7262	2
1484.77250	495.93140	3	39.5114	1
1484.80915	743.41185	2	82.6639	2
1484.82090	495.94755	3	74.2086	2
1484.82205	743.41830	2	74.2749	2
1485.68765	743.85110	2	53.9643	2
1485.82280	496.28150	3	86.6058	2
1485.82535	743.91995	2	86.5492	2
1486.72015	496.58065	3	75.2717	2
1486.76580	744.39015	2	70.8674	2
1486.77915	496.60035	3	53.8180	2
1486.78240	744.39845	2	66.8181	2
1487.22630	744.62045	2	77.1185	2
1488.64905	745.33180	2	49.0888	2
1488.74260	497.25480	3	44.7722	2
1488.74435	745.37945	2	44.8388	2
1488.79435	497.27205	3	59.0581	2
1489.74420	745.87940	2	89.6604	2
1491.81105	746.91280	2	88.8799	2
1492.71025	747.36240	2	47.9212	2
1492.73770	498.58650	3	75.5712	2
1492.80630	498.60935	3	75.9824	2
1493.64870	498.89020	3	38.5281	2
1493.74860	747.88160	2	56.2771	2
1495.74235	499.58805	3	68.6722	2
1495.84000	748.92730	2	81.1898	2
1495.85515	499.62565	3	81.4595	2
1495.85655	748.93555	2	81.6023	2
1495.87095	499.63090	3	69.0831	2
1496.68695	749.35075	2	84.8440	2
1496.76285	499.92820	3	56.6507	2
1496.76375	749.38915	2	64.6789	2
1496.78570	749.40010	2	70.7462	2
1496.82465	749.41960	2	91.2627	2
1498.76060	750.38755	2	74.6917	2
1498.78090	750.39775	2	68.1058	2
1498.84225	750.42840	2	84.4857	2
1499.71435	500.91205	3	55.6965	2
1499.71610	750.86530	2	55.7465	1
1500.76430	751.38940	2	55.9055	1
1500.76450	501.26210	3	55.8458	2
1500.79515	751.40485	2	59.0957	2
1500.81570	501.27920	3	64.7420	1
1500.81685	501.27955	3	68.7673	2
1501.71635	501.57940	3	51.0308	2
1501.71670	751.86565	2	51.0911	2
1501.77720	751.89590	2	72.1024	6
1502.64745	752.33100	2	78.1286	2
1502.75305	752.38380	2	87.4791	2
1503.70560	502.24250	3	45.9443	2
1504.74960	502.59050	3	54.1210	2
1504.78130	753.39795	2	80.2130	2
1504.79740	753.40595	2	68.8979	2
1504.87645	502.63275	3	79.8681	2
1505.65285	502.89155	3	47.3079	2
1505.72630	502.91600	3	61.0281	2
1505.91860	753.96655	2	92.4895	2
1506.79395	754.40425	2	66.0065	2
1506.79450	754.40455	2	60.1906	2
1507.71190	503.57790	3	63.5431	1
1507.73540	503.58570	3	52.6586	1
1508.74355	503.92175	3	86.5521	2
1508.74565	755.38010	2	86.4170	2
1508.75860	503.92680	3	76.6328	2
1508.81325	503.94500	3	48.7185	2
1508.81450	755.41450	2	48.6946	2
1508.90365	503.97515	3	64.3083	2
1509.64430	504.22200	3	35.4423	1
1509.65695	504.22625	3	46.8703	2
1509.74830	504.25670	3	52.2056	2
1510.71530	504.57905	3	57.8461	2
1510.71655	756.36555	2	57.8836	2
1510.74600	756.38030	2	74.3881	2
1510.75295	504.59160	3	57.5644	2
1511.71610	756.86535	2	42.2643	2
1511.71680	504.91290	3	42.2453	3
1511.78985	756.90220	2	98.1574	2
1511.85725	756.93590	2	80.3104	2
1512.87660	505.29950	3	84.6203	2
1512.87730	757.44595	2	84.5847	2
1513.69880	757.85670	2	68.0064	2
1513.75050	757.88250	2	77.2652	2
1513.87205	757.94330	2	95.9269	2
1514.72280	505.91485	3	56.4968	2
1514.79930	758.40695	2	66.1936	2
1514.80045	758.40750	2	91.0114	2
1514.85425	758.43440	2	89.5287	2
1514.85460	505.95880	3	89.6205	1
1515.71750	506.24645	3	77.7012	2
1515.71840	758.86650	2	77.6144	3
1515.75265	506.25815	3	32.5289	2
1515.75320	758.88390	2	32.5615	2
1515.75560	758.88505	2	50.8885	2
1515.76310	758.88885	2	88.9042	2
1515.77150	506.26445	3	78.0920	2
1515.82425	758.91940	2	78.8380	2
1516.77745	759.39600	2	74.0644	2
1516.80075	759.40765	2	79.1877	2
1516.80590	506.60920	3	48.8887	1
1516.83410	759.42430	2	79.6541	2
1517.73190	759.87320	2	62.2696	2
1517.73835	759.87645	2	69.7347	2
1517.80940	759.91200	2	76.2839	1
1517.80965	506.94380	3	76.1666	2
1518.79405	760.40430	2	83.6784	2
1518.92525	507.31570	3	62.7452	2
1519.82740	760.92095	2	91.7496	2
1520.71860	761.36655	2	77.2428	2
1520.73675	761.37565	2	53.1018	2
1522.75875	762.38665	2	64.6871	2
1523.86725	508.96300	3	76.5895	2
1523.88135	762.94795	2	89.4931	2
1524.63640	509.21940	3	54.2058	1
1524.73935	763.37695	2	71.5358	2
1524.75645	509.25945	3	72.0664	2
1526.73400	509.91860	3	33.7936	2
1527.71150	510.24445	3	35.1975	2
1527.78780	764.90115	2	89.7364	2
1527.79900	764.90680	2	69.4260	2
1528.74080	765.37770	2	92.3017	2
1528.79965	765.40710	2	72.2327	2
1528.80970	510.61050	3	69.1422	2
1529.66465	765.83960	2	38.4142	2
1529.80985	765.91220	2	86.4560	2
1529.84095	510.95425	3	63.9383	2
1529.85830	510.96005	3	79.1791	2
1530.64730	511.22300	3	39.4840	5
1530.80180	511.27450	3	66.1881	1
1531.69810	511.57330	3	64.1471	2
1531.77685	766.89570	2	65.4069	2
1531.80025	766.90740	2	68.1934	2
1531.81625	766.91540	2	84.7934	2
1532.77500	767.39480	2	73.6265	1
1532.79640	767.40545	2	71.5443	2
1532.82215	767.41835	2	81.6857	2
1533.72270	767.86860	2	71.0255	1
1533.72420	767.86940	2	70.9937	1
1533.74190	512.25455	3	35.0017	2
1533.74525	767.87990	2	67.7447	2
1533.74560	512.25580	3	50.2328	2
1533.74690	767.88075	2	50.3316	2
1533.79880	767.90670	2	72.6720	1
1533.79945	767.90700	2	96.5180	2
1534.29740	768.15595	2	73.7164	4
1535.67095	512.89760	3	37.1458	2
1535.67835	768.84645	2	60.0447	2
1535.78590	512.93590	3	67.8384	2
1537.71965	513.58045	3	79.0861	2
1537.79445	769.90450	2	76.0379	2
1538.82370	770.41910	2	78.1881	2
1538.82620	513.94930	3	78.3316	1
1540.80680	514.60950	3	62.8901	2
1540.82000	514.61395	3	47.5185	2
1541.78710	514.93630	3	57.8790	2
1541.80480	514.94220	3	59.2332	1
1541.81780	771.91615	2	69.0749	2
1541.83030	514.95070	3	75.0288	2
1541.83050	771.92250	2	74.9596	2
1542.77315	515.26500	3	54.0381	2
1542.78940	772.40195	2	61.3693	2
1542.84215	772.42835	2	92.3225	2
1544.71780	773.36620	2	56.7964	2
1544.75940	515.92710	3	47.5863	1
1546.69830	774.35645	2	66.2963	2
1547.77340	516.93170	3	54.1634	1
1547.82065	774.91760	2	70.2829	2
1547.82480	516.94885	3	62.3280	2
1547.83155	516.95115	3	58.0259	2
1547.83230	774.92345	2	58.0300	2
1548.77800	775.39630	2	70.5455	2
1548.77865	517.26680	3	70.6107	2
1548.80055	517.27410	3	60.9135	2
1548.92430	775.46940	2	79.6142	2
1549.73875	775.87665	2	62.7190	2
1549.74570	517.58915	3	62.5841	2
1550.68910	517.90365	3	33.3324	2
1550.74060	517.92080	3	51.5047	2
1550.74600	776.38030	2	51.4439	2
1550.76910	517.93030	3	57.3459	2
1550.76960	776.39210	2	57.4200	2
1550.85320	776.43385	2	95.0694	2
1550.91980	776.46720	2	89.3400	1
1551.71660	518.24615	3	36.1777	2
1551.76720	776.89090	2	67.6513	1
1551.77515	518.26565	3	39.1969	2
1551.84640	776.93050	2	89.5618	2
1552.73455	518.58545	3	66.8260	2
1553.83110	518.95095	3	80.6181	2
1553.83340	777.92400	2	80.7349	1
1555.73795	778.87625	2	71.7085	2
1555.75115	519.59095	3	51.8042	2
1555.76320	519.59500	3	55.4930	1
1555.79185	778.90320	2	82.7564	2
1555.88215	519.63465	3	77.2343	2
1556.84325	779.42890	2	90.4363	2
1557.78430	779.89940	2	79.3494	3
1557.83080	520.28420	3	72.2690	1
1557.83260	779.92360	2	89.1956	1
1558.77460	780.39455	2	67.0629	2
1559.61105	780.81280	2	73.0589	2
1559.75275	520.92485	3	70.8783	2
1559.75860	520.92680	3	77.7605	2
1559.82000	780.91730	2	87.1736	1
1559.83710	780.92580	2	85.6008	2
1560.30440	781.15945	2	78.6090	2
1561.78900	781.90175	2	76.0983	2
1561.83450	781.92450	2	87.2474	2
1562.77365	521.93180	3	66.7223	2
1562.87170	782.44310	2	88.7076	1
1563.80520	522.27565	3	73.3340	2
1564.29905	783.15680	2	73.4823	4
1564.71630	522.57935	3	53.5079	2
1564.71780	783.36620	2	53.5565	1
1564.74255	783.37855	2	55.8817	2
1565.78680	522.93620	3	57.6456	2
1565.83170	522.95115	3	66.5199	2
1567.82555	784.92005	2	81.3957	2
1567.89590	523.63920	3	65.3007	1
1569.87755	785.94605	2	76.3480	2
1569.91605	785.96530	2	86.7698	2
1570.74680	524.58950	3	52.2313	1
1570.81005	786.41230	2	59.1576	2
1572.78395	787.39925	2	58.5308	2
1572.82990	525.28390	3	78.4932	2
1572.83110	787.42285	2	78.5974	2
1573.82705	787.92080	2	80.7339	2
1574.71115	788.36285	2	70.9443	2
1576.27515	789.14485	2	71.2085	4
1576.75495	789.38475	2	74.8147	2
1577.77050	789.89250	2	71.7909	3
1577.78990	789.90225	2	75.5272	2
1578.26160	527.09450	3	72.3659	4
1578.83715	527.28630	3	70.2776	2
1578.85325	527.29170	3	56.4763	2
1578.87475	527.29885	3	83.0144	2
1578.87705	790.44580	2	83.0832	2
1580.69985	527.90720	3	40.9049	2
1580.80485	527.94220	3	61.9970	2
1580.86390	791.43925	2	94.4801	2
1580.92920	527.98365	3	75.3336	2
1582.84650	792.43055	2	77.8809	2
1585.68895	793.85175	2	63.9568	2
1585.81930	529.61370	3	65.1590	1
1586.86920	794.44190	2	85.4008	2
1587.85690	530.29290	3	64.5210	2
1588.72635	795.37045	2	70.4122	2
1589.82150	530.94775	3	83.7810	2
1589.82205	795.91830	2	83.6782	2
1590.76360	796.38910	2	78.1626	2
1590.79800	796.40630	2	81.3580	2
1590.85730	796.43590	2	89.3948	1
1591.74865	531.59015	3	44.1582	2
1591.75015	796.88235	2	44.1649	2
1591.80260	531.60815	3	58.6822	2
1591.80390	796.90925	2	58.8392	2
1591.86185	796.93820	2	86.2451	2
1592.91590	797.46520	2	72.0415	2
1593.74215	532.25465	3	55.2391	2
1593.74295	797.87875	2	55.2578	2
1593.95030	532.32405	3	82.0070	2
1593.95035	797.98245	2	81.8078	2
1595.80270	798.90865	2	91.6101	2
1595.86375	532.96185	3	50.5436	2
1596.69510	533.23900	3	33.0647	1
1596.76845	533.26340	3	53.0152	2
1597.86960	799.94210	2	69.9898	1
1598.83740	533.95310	3	82.1804	2
1598.84660	800.43060	2	82.0809	3
1599.78770	800.90110	2	43.1107	1
1599.80880	534.27690	3	62.9790	3
1599.84880	800.93170	2	74.3814	1
1599.89415	534.30530	3	63.0808	2
1599.89760	534.30645	3	76.8102	2
1600.83740	801.42600	2	65.4321	1
1600.84365	534.62180	3	64.3692	2
1602.80145	802.40800	2	76.2854	2
1602.86290	802.43870	2	72.7747	2
1603.80935	802.91195	2	80.8060	2
1604.74390	803.37920	2	64.3009	1
1604.78325	535.93505	3	67.9954	2
1606.76490	536.59560	3	69.5931	1
1607.79685	536.93955	3	48.4397	2
1607.85030	804.93240	2	84.9178	2
1607.90365	536.97515	3	79.5227	2
1609.83615	537.61930	3	88.5764	2
1609.83685	805.92570	2	88.6128	2
1610.72135	806.36795	2	65.4785	2
1610.78470	537.93550	3	65.1431	1
1610.91190	806.46320	2	97.1362	2
1611.78970	806.90210	2	74.6517	1
1611.79210	806.90330	2	65.0136	1
1612.84950	807.43205	2	84.3344	2
1612.85725	538.62635	3	70.0397	2
1612.87085	807.44270	2	88.7782	2
1612.90460	538.64215	3	76.5965	2
1613.85425	807.93440	2	82.4479	2
1613.90540	807.96000	2	80.6895	2
1614.76135	808.38795	2	88.5041	2
1614.84015	808.42735	2	76.9888	2
1615.75890	539.59360	3	57.4383	1
1615.85785	539.62655	3	72.5786	2
1616.73195	539.91795	3	47.8674	2
1616.78420	809.39940	2	74.5976	1
1616.85180	809.43320	2	92.0746	1
1617.78760	809.90110	2	44.4195	1
1619.81580	540.94590	3	65.4069	2
1620.81880	811.41670	2	76.0966	1
1620.85935	541.29375	3	85.7876	2
1620.86540	811.44000	2	85.7580	2
1621.83030	811.92245	2	84.2362	2
1621.87390	811.94420	2	70.6240	2
1622.76535	541.92905	3	37.6953	2
1622.79830	541.94005	3	81.3236	2
1622.82860	812.42160	2	67.7959	1
1625.77435	813.89445	2	77.4330	2
1625.77645	813.89550	2	80.5579	2
1625.83340	542.95170	3	82.7227	1
1626.85685	543.29285	3	57.0732	2
1626.85950	814.43705	2	57.1062	2
1626.90330	814.45890	2	88.7295	1
1627.74920	814.88190	2	67.1549	2
1628.78955	815.40205	2	94.2877	2
1628.79460	543.93880	3	94.3978	1
1628.81580	815.41515	2	56.5594	2
1628.81630	543.94605	3	56.4992	2
1629.87330	815.94390	2	69.2439	2
1629.88290	815.94875	2	88.4154	2
1630.84630	544.62270	3	81.6201	2
1631.83080	544.95090	3	60.9371	1
1631.88840	544.97010	3	73.4316	1
1631.92260	544.98150	3	71.3164	2
1631.92475	816.96965	2	71.3582	2
1632.77795	545.26655	3	46.3556	2
1633.84355	545.62180	3	79.2455	2
1633.85720	545.62630	3	61.7196	1
1634.80160	818.40810	2	62.4935	2
1634.88770	545.96985	3	53.7504	2
1635.79980	818.90720	2	81.5053	1
1635.82550	546.28240	3	81.1525	2
1636.83155	819.42305	2	72.4891	2
1636.94225	819.47840	2	91.2422	2
1638.84035	547.28740	3	75.4272	2
1639.73965	820.87710	2	62.1109	2
1639.87670	547.63285	3	77.4218	2
1639.87755	820.94605	2	77.4865	2
1639.87895	820.94675	2	94.3978	2
1639.88120	547.63430	3	94.6164	1
1640.84805	547.95660	3	47.1820	2
1641.77155	821.89305	2	74.0643	2
1641.88330	821.94895	2	83.8389	2
1642.69145	822.35300	2	47.0783	2
1642.80625	822.41040	2	59.1919	2
1642.80760	548.60980	3	45.6106	1
1642.85155	548.62445	3	48.4293	2
1642.85205	822.43330	2	48.4654	2
1642.88340	548.63510	3	79.0301	2
1643.78470	822.89960	2	61.1409	1
1643.79040	548.93740	3	47.1309	2
1643.82420	822.91940	2	44.8598	1
1643.82795	822.92125	2	74.6340	2
1643.84130	548.95440	3	66.5121	2
1645.90420	549.64200	3	67.0974	2
1646.83750	549.95310	3	61.3373	2
1646.84890	549.95690	3	71.6585	1
1648.79215	550.60465	3	43.8401	2
1648.79485	413.20600	4	43.8116	2
1648.84490	413.21850	4	52.7178	2
1648.96780	413.24920	4	58.1165	2
1648.97010	550.66400	3	58.0930	2
1649.93535	825.97495	2	76.5596	2
1651.90770	826.96110	2	87.9912	2
1651.92630	551.64940	3	84.4124	2
1651.92765	826.97110	2	84.3646	2
1653.87315	552.29830	3	75.6294	2
1653.92260	552.31480	3	76.2007	2
1654.78780	828.40115	2	70.4478	2
1654.82150	552.61440	3	77.6919	1
1654.88960	552.63710	3	80.8914	1
1654.89335	828.45395	2	80.7670	2
1655.76280	552.92820	3	49.1833	2
1655.85570	552.95920	3	64.0819	1
1657.81740	829.91600	2	88.2202	2
1657.91930	553.64700	3	82.9778	1
1658.79150	553.93775	3	54.4884	2
1658.83840	830.42650	2	78.7652	1
1659.91040	554.31075	3	78.4988	2
1659.91455	830.96455	2	78.5682	2
1660.74190	554.58790	3	64.8430	2
1660.84280	554.62155	3	62.2933	2
1662.80125	555.27435	3	52.0126	2
1662.82825	555.28335	3	69.6483	2
1662.82830	832.42145	2	69.5152	2
1663.79585	555.60590	3	71.5141	2
1664.78065	833.39760	2	83.3013	2
1664.78860	417.20445	4	38.7142	2
1664.80910	833.41180	2	78.8993	1
1664.84305	833.42880	2	72.9306	2
1664.86685	555.96290	3	64.4841	2
1665.89640	833.95545	2	76.0777	2
1666.86905	556.63025	3	76.6243	2
1666.86910	834.44185	2	76.7483	2
1666.87780	834.44620	2	80.4927	2
1666.91915	834.46685	2	82.1271	2
1667.81640	556.94610	3	57.9365	1
1667.86425	834.93940	2	77.0036	2
1668.81455	557.27875	3	57.3564	2
1669.85265	835.93360	2	71.2849	2
1670.83615	836.42535	2	95.9791	2
1670.88465	557.96885	3	55.3487	2
1670.88620	836.45040	2	55.4084	1
1671.71690	558.24625	3	51.0120	2
1673.89950	837.95705	2	76.2571	2
1673.89995	558.97390	3	76.3852	2
1674.88470	838.44960	2	91.4605	2
1677.80985	560.27725	3	70.3484	2
1678.00390	560.34190	3	65.3763	2
1679.87740	560.96640	3	74.7660	1
1681.82210	841.91835	2	75.4968	2
1681.90155	561.64110	3	79.9599	2
1681.90210	841.95835	2	79.8973	2
1682.80405	842.40930	2	87.2530	2
1682.89365	842.45410	2	78.7221	2
1682.90450	561.97540	3	84.3596	1
1682.93365	842.47410	2	71.1338	2
1683.88430	842.94940	2	76.7796	2
1684.91525	843.46490	2	80.6123	2
1685.91505	562.97895	3	65.2380	2
1686.87275	563.29815	3	63.5219	2
1687.91880	844.96670	2	87.6675	2
1688.73360	423.19070	4	31.7546	1
1688.73560	563.91910	3	31.8177	3
1688.88160	845.44805	2	83.2303	2
1689.84190	564.28790	3	58.4050	2
1689.85880	423.47200	4	65.4263	1
1689.86030	564.29405	3	65.4785	2
1690.96330	564.66170	3	63.6716	2
1691.80245	846.90850	2	65.0238	2
1692.81960	847.41705	2	83.6109	2
1692.96805	847.49130	2	90.0697	2
1692.97120	565.33100	3	90.2079	2
1693.95485	565.65890	3	63.8747	2
1694.80150	565.94110	3	50.4461	2
1695.32935	848.67195	2	69.2911	4
1696.77565	849.39510	2	63.1153	2
1696.84515	849.42985	2	85.7251	2
1696.90800	566.64325	3	85.0811	2
1696.90905	849.46180	2	85.0016	2
1697.90315	566.97495	3	77.3886	2
1697.90410	849.95930	2	77.4528	2
1698.00820	850.01140	2	82.4028	1
1698.00925	567.01035	3	82.2471	2
1698.79350	850.40400	2	82.1970	2
1698.88660	567.30280	3	81.3520	1
1698.89720	850.45585	2	84.1727	2
1698.89905	567.30695	3	84.2001	2
1698.90340	567.30840	3	58.5054	2
1699.83790	567.61990	3	82.5846	1
1699.85860	567.62680	3	77.7813	1
1699.86620	567.62930	3	75.6212	1
1700.91145	851.46300	2	80.0935	2
1703.81525	568.94565	3	60.5860	2
1704.72850	569.25010	3	26.2213	1
1704.91590	569.31255	3	70.4567	2
1705.83905	853.92680	2	47.1309	2
1705.88200	569.63460	3	69.0545	3
1705.88340	853.94895	2	69.1125	2
1705.92150	569.64775	3	66.9788	2
1706.32970	569.78380	3	46.5356	4
1706.89005	854.45230	2	87.9854	2
1706.90470	854.45960	2	82.9931	3
1706.90650	569.97610	3	85.3844	9
1707.40720	570.14300	3	76.4051	4
1707.88850	854.95155	2	93.4163	2
1707.97710	570.33300	3	78.5358	2
1707.97845	854.99650	2	78.4042	2
1709.97985	571.00055	3	75.7630	2
1710.01745	571.01305	3	80.0294	2
1710.92460	856.46960	2	76.1590	1
1712.89050	857.45250	2	66.4483	2
1712.93840	571.98670	3	68.4891	2
1714.89995	572.64060	3	62.4200	2
1714.90100	858.45780	2	62.4905	2
1714.90565	858.46010	2	70.3817	2
1717.86370	573.62850	3	71.7027	2
1717.86485	859.93970	2	71.7661	2
1717.89935	859.95695	2	93.6085	2
1721.76130	861.88790	2	37.7596	2
1722.87330	575.29835	3	75.3963	2
1722.89700	575.30630	3	75.8730	3
1723.02385	575.34855	3	69.2629	2
1723.02630	862.52040	2	69.2702	2
1724.87570	863.44515	2	82.0360	2
1725.82675	863.92065	2	66.7677	2
1725.95280	863.98370	2	85.6561	1
1726.01550	576.34580	3	81.7826	2
1726.84585	864.43020	2	84.6584	2
1728.79035	577.27075	3	63.3972	2
1728.93665	577.31945	3	59.4497	2
1729.00345	577.34175	3	82.3841	2
1730.75690	577.92625	3	64.6249	2
1730.89780	866.45620	2	72.7722	2
1731.04690	578.02290	3	88.8176	2
1733.87465	578.96550	3	75.4602	2
1733.89355	867.95405	2	90.4494	2
1735.78730	868.90090	2	78.6944	2
1735.87880	579.63350	3	78.5564	2
1735.97000	868.99225	2	97.4305	2
1736.84715	579.95635	3	80.2847	2
1736.84745	869.43100	2	80.2763	2
1737.92655	580.31610	3	78.3670	2
1738.80355	870.40905	2	68.3253	2
1738.82025	580.61400	3	65.6952	2
1738.82030	580.61405	3	60.0203	2
1739.84210	580.95465	3	69.9727	2
1742.87335	581.96505	3	67.1866	2
1742.87390	872.44420	2	67.2314	1
1743.80345	872.90900	2	67.4396	2
1743.81045	872.91250	2	51.0708	2
1743.98365	872.99910	2	95.5720	2
1744.89870	582.64020	3	71.2136	1
1745.91490	582.97890	3	73.6646	2
1746.79435	874.40445	2	89.7305	2
1748.87330	583.96505	3	62.9004	2
1748.96830	583.99670	3	67.2153	1
1749.86590	875.94020	2	61.9549	2
1750.01050	584.34410	3	56.2147	2
1750.01285	876.01370	2	56.3105	2
1751.93915	876.97685	2	90.7948	2
1752.88920	585.30370	3	49.2061	1
1752.98855	877.50155	2	86.1161	2
1754.86350	878.43900	2	75.0799	1
1755.85950	878.93705	2	70.7375	2
1755.90670	878.96060	2	90.3890	2
1756.88780	586.63650	3	79.3237	1
1756.89060	879.45255	2	79.2371	2
1757.92385	586.98190	3	73.9956	2
1758.79435	880.40445	2	49.5022	2
1758.83350	587.28510	3	77.1371	2
1759.85120	880.93290	2	89.3674	1
1759.91105	880.96280	2	88.2511	2
1760.94030	881.47745	2	87.8123	2
1761.89770	588.30650	3	73.6156	1
1762.84275	882.42865	2	76.0694	2
1763.83375	882.92415	2	61.7364	2
1764.32505	589.11560	3	62.8796	4
1764.99915	589.34030	3	92.7853	2
1765.00155	883.50805	2	92.6938	2
1766.94505	884.47980	2	84.0342	2
1766.96055	884.48755	2	86.7479	2
1767.03410	590.01865	3	81.5353	2
1767.82190	590.28125	3	64.7226	2
1767.84945	590.29040	3	89.1018	2
1767.86680	884.94070	2	89.1582	1
1767.97120	590.33100	3	88.6721	2
1768.90245	885.45850	2	79.8340	2
1769.01840	590.68005	3	80.4324	2
1770.00495	591.00890	3	73.8753	2
1771.91555	591.64580	3	75.3745	2
1772.33440	887.17445	2	76.9227	4
1774.88395	888.44925	2	58.7298	2
1775.37745	592.79975	3	59.9081	4
1776.89730	593.30635	3	66.9942	2
1777.81130	889.91295	2	64.3446	2
1778.98960	594.00380	3	71.9265	2
1778.99140	890.50300	2	71.8699	2
1779.80390	445.95825	4	51.6671	2
1779.99270	891.00360	2	73.4432	1
1780.40335	594.47505	3	53.7773	4
1782.87270	595.29820	3	75.8785	1
1783.84510	892.92985	2	73.2758	2
1784.88130	893.44795	2	62.3279	2
1784.88250	595.96810	3	62.2613	2
1784.91660	595.97945	3	55.4789	2
1785.89005	893.95230	2	88.0812	2
1788.91260	597.31150	3	35.8089	2
1789.93105	895.97280	2	81.9669	2
1791.85000	598.29060	3	50.0744	1
1792.91110	598.64430	3	61.8038	2
1793.06090	897.53770	2	97.3823	2
1793.87630	897.94545	2	89.4630	2
1793.92235	897.96845	2	84.2361	2
1794.81555	898.41505	2	63.5852	2
1794.85840	898.43650	2	81.6811	1
1794.98655	898.50055	2	79.3758	2
1796.85755	599.95975	3	74.1828	2
1796.88060	599.96745	3	83.8745	2
1796.96830	599.99670	3	84.4804	1
1797.47165	600.16450	3	71.8559	4
1799.92800	900.97130	2	99.4497	2
1799.92825	600.98335	3	99.4902	2
1803.92235	602.31475	3	50.3546	2
1804.86820	602.63000	3	65.8790	2
1804.89605	602.63930	3	77.9351	2
1804.97135	602.66440	3	78.3103	2
1804.97600	903.49530	2	78.6323	2
1805.36070	903.68765	2	65.4226	4
1805.87765	903.94610	2	77.8137	6
1806.03810	603.02000	3	71.8891	1
1806.88465	904.44960	2	68.9199	2
1809.91685	905.96570	2	73.0243	2
1810.00135	906.00795	2	73.2009	2
1813.89880	907.95670	2	85.8497	1
1813.94885	907.98170	2	83.5487	2
1814.80130	605.94105	3	80.0002	2
1814.80575	908.41015	2	80.1253	2
1814.96900	605.99690	3	66.1437	1
1815.92865	908.97160	2	86.1789	2
1817.86180	606.96120	3	69.5071	2
1817.90300	606.97490	3	50.0367	1
1820.86135	911.43795	2	59.4382	2
1820.89640	607.97270	3	72.6602	1
1820.91395	607.97860	3	79.0326	2
1821.00400	608.00860	3	80.1504	1
1821.06280	608.02820	3	83.9374	2
1821.84620	608.28930	3	80.4609	2
1821.89915	608.30700	3	53.4476	2
1822.87870	912.44660	2	64.1412	1
1822.91990	912.46720	2	85.1931	1
1823.89140	608.97110	3	83.7274	1
1823.90605	608.97595	3	68.2312	2
1825.86475	913.93965	2	55.8251	2
1825.89565	913.95510	2	67.1342	2
1826.36530	609.79570	3	55.7204	4
1827.93895	610.32025	3	73.8812	2
1827.96915	610.33030	3	65.5993	2
1827.97000	914.99225	2	65.5651	2
1828.91315	915.46385	2	84.1306	2
1828.95240	915.48345	2	73.5059	2
1832.00815	611.67665	3	72.6376	2
1832.91725	611.97970	3	76.3251	2
1833.90940	612.31040	3	77.0806	1
1833.93850	917.97650	2	80.1312	2
1833.97010	612.33065	3	87.8260	2
1835.79770	612.93985	3	59.8211	2
1836.04735	613.02305	3	73.4501	2
1838.11490	460.53600	4	73.9945	1
1838.11780	613.71320	3	73.9885	1
1838.95870	613.99350	3	64.0563	2
1839.99300	614.33830	3	64.5292	2
1841.01590	921.51520	2	70.0373	2
1841.01685	614.67955	3	70.1005	2
1841.85865	614.96015	3	49.9511	2
1842.97215	615.33135	3	71.7111	2
1843.99535	923.00495	2	82.7961	2
1844.89230	615.97140	3	63.2482	1
1844.91150	615.97780	3	67.3776	2
1845.99080	616.33755	3	86.0193	2
1845.99350	924.00400	2	86.1879	2
1846.79235	924.40345	2	72.2268	2
1846.93665	924.47560	2	75.0233	2
1846.96915	924.49185	2	84.9451	2
1849.95970	617.66050	3	85.4415	2
1852.02205	927.01830	2	83.1056	2
1853.92700	618.98295	3	61.2160	2
1854.92980	928.47215	2	92.1926	2
1856.85850	619.96010	3	55.1762	2
1856.88100	929.44780	2	82.8591	2
1860.94680	621.32285	3	88.9098	2
1860.94980	931.48220	2	88.8991	2
1861.00010	621.34065	3	75.6909	2
1861.98700	621.66960	3	83.0457	2
1862.81905	621.94695	3	60.4356	2
1862.86480	932.43965	2	86.9602	2
1863.99245	622.33810	3	88.3204	2
1864.88145	622.63445	3	73.1190	2
1866.01455	623.01210	3	81.6911	2
1867.84295	623.62160	3	54.3450	2
1868.83400	935.42430	2	63.8348	2
1872.89670	625.30615	3	54.1127	2
1873.94675	625.65615	3	76.1579	2
1873.96790	937.99125	2	81.1983	2
1873.96990	625.66390	3	71.9963	2
1880.97530	627.99905	3	63.0290	2
1882.97580	942.49520	2	71.3496	2
1883.88205	628.96795	3	75.9518	2
1883.88315	942.94885	2	75.8481	2
1884.87735	629.29975	3	67.0395	2
1885.87220	943.94340	2	65.9423	2
1885.91940	943.96700	2	84.1366	2
1885.91995	629.64725	3	84.2750	2
1886.90120	944.45790	2	69.0123	2
1886.90320	629.97500	3	68.9202	2
1888.00270	630.34150	3	81.4013	2
1890.93735	631.31970	3	69.9003	2
1890.94885	631.32355	3	74.2165	2
1892.06940	947.04200	2	83.0257	2
1893.96075	947.98765	2	85.5048	2
1893.97865	632.33350	3	58.5955	2
1895.89050	948.95255	2	72.6518	2
1899.87870	950.94665	2	70.4841	2
1899.98575	634.33585	3	62.5226	2
1902.89715	952.45585	2	79.9030	2
1903.93200	635.65125	3	77.6350	2
1904.96895	953.49175	2	77.3353	2
1904.97090	635.99755	3	75.0485	2
1904.97210	953.49335	2	75.1395	2
1908.96775	955.49115	2	86.5218	2
1909.97890	478.50200	4	71.2266	2
1909.99425	637.67200	3	75.7598	2
1910.17350	637.73180	3	79.1790	2
1911.89145	956.95300	2	73.0565	2
1911.99825	638.34000	3	81.4738	2
1911.99955	957.00705	2	81.4593	2
1912.91335	638.64505	3	32.8694	2
1913.09750	638.70645	3	70.7996	2
1914.97980	639.33390	3	68.8268	2
1914.98250	958.49850	2	68.9704	1
1915.05360	479.77070	4	74.6819	1
1918.85250	640.62475	3	47.1901	2
1919.77040	640.93070	3	40.0125	1
1920.96570	641.32915	3	61.2540	2
1920.99740	641.33970	3	82.4392	2
1921.93265	961.97360	2	95.7627	2
1922.93620	641.98600	3	79.3644	2
1923.96390	642.32860	3	72.5449	2
1924.02155	642.34780	3	78.2438	2
1927.00000	643.34060	3	89.7998	1
1930.94120	644.65430	3	83.1016	2
1931.78225	483.95285	4	48.2678	2
1931.78520	644.93570	3	48.2879	1
1932.83900	645.28695	3	57.9392	2
1932.84195	967.42825	2	58.0376	2
1933.08600	967.55030	2	86.7038	2
1934.07925	645.70035	3	86.6360	2
1935.07955	646.03380	3	78.9036	2
1935.93160	646.31780	3	65.4671	2
1937.92095	969.96775	2	87.9660	2
1937.92690	969.97070	2	91.8007	2
1937.94580	646.98920	3	78.6207	2
1938.93120	970.47290	2	90.9557	1
1938.95275	970.48365	2	79.9121	2
1939.01830	647.34670	3	74.7003	2
1941.88070	648.30080	3	57.7966	2
1942.04175	648.35455	3	76.2288	2
1942.47470	648.49885	3	85.1071	4
1942.84155	648.62110	3	60.7711	2
1943.94190	648.98790	3	73.9630	1
1944.89240	973.45345	2	59.0367	2
1944.98250	649.33475	3	66.5772	2
1945.89555	649.63915	3	66.1769	2
1947.92840	650.31675	3	72.2935	2
1947.98620	650.33600	3	80.2202	2
1947.98720	975.00090	2	80.1837	2
1950.97905	651.33365	3	71.5688	2
1951.98750	651.66980	3	71.0885	1
1951.99370	977.00415	2	87.3809	2
1953.92700	977.97080	2	83.9991	1
1953.94290	652.32160	3	74.3699	1
1954.89685	978.45570	2	80.8375	2
1955.93900	652.98695	3	59.1521	2
1956.05785	653.02655	3	81.2217	2
1956.90235	653.30805	3	65.9829	2
1956.99195	979.50325	2	75.4704	2
1961.03810	981.52630	2	87.5835	3
1961.04785	654.68990	3	87.6615	2
1963.04770	655.35650	3	75.1933	1
1963.04940	982.53200	2	75.2053	2
1966.07280	984.04370	2	89.6602	1
1966.93625	656.65270	3	74.5118	2
1967.00615	656.67600	3	82.1621	2
1970.98200	658.00130	3	60.6527	2
1973.06920	494.27460	4	59.7301	2
1973.07095	658.69760	3	59.7473	2
1976.01910	989.01685	2	94.4509	2
1978.89850	660.64010	3	35.7650	2
1979.03475	660.68555	3	86.8694	2
1983.02965	662.01715	3	85.8520	2
1984.02930	993.02190	2	78.9353	2
1984.03220	662.35130	3	79.0229	1
1985.95985	993.98720	2	72.5783	2
1988.04595	663.68925	3	70.7782	2
1989.02365	664.01515	3	73.8437	2
1992.05710	665.02630	3	79.2728	2
1994.00740	998.01095	2	93.2354	2
2001.00230	668.00800	3	83.4151	2
2002.96070	1002.48760	2	75.6549	1
2002.98510	668.66900	3	67.0525	1
2003.03185	1002.52320	2	88.4817	2
2003.03370	668.68520	3	88.4094	2
2004.08765	669.03650	3	78.4783	2
2009.03895	670.68690	3	58.2735	2
2009.08355	670.70180	3	76.5034	2
2010.00135	1006.00795	2	91.4948	2
2010.00200	671.00790	3	91.5542	1
2016.99265	1009.50360	2	79.5905	2
2019.06855	674.03010	3	93.5703	2
2024.89550	1013.45500	2	55.9994	1
2026.12045	1014.06750	2	85.1077	2
2026.12225	676.38135	3	85.2496	2
2031.03005	678.01725	3	86.9326	2
2032.91355	1017.46405	2	82.6748	2
2032.91550	678.64575	3	82.8243	2
2033.06320	678.69500	3	72.1664	2
2037.04380	680.02185	3	64.9617	2
2041.07590	681.36590	3	79.4246	2
2042.46750	681.82975	3	72.8562	4
2043.01205	682.01130	3	81.6200	2
2043.01215	1022.51335	2	81.7145	2
2047.98225	683.66800	3	47.7496	2
2048.04910	1025.03185	2	94.7113	2
2048.95920	683.99365	3	75.8164	2
2049.04260	684.02150	3	86.3778	2
2052.93070	1027.47260	2	74.8384	2
2059.00390	687.34190	3	76.5681	2
2059.93070	687.65080	3	67.1833	1
2059.97060	1030.99260	2	83.9493	2
2060.06350	687.69510	3	86.0501	1
2064.96115	1033.48785	2	83.7808	2
2067.99135	690.33770	3	68.3577	2
2070.95890	1036.48675	2	71.8366	2
2072.11855	691.71345	3	87.1954	2
2073.08650	692.03610	3	75.5955	2
2075.08100	692.70090	3	71.4372	1
2076.05175	693.02455	3	66.9436	2
2078.06545	693.69575	3	78.0898	2
2079.03030	694.01735	3	73.5472	2
2080.10275	521.03295	4	69.8695	2
2086.03795	1044.02625	2	87.8616	2
2092.08630	698.36940	3	73.4413	2
2093.11170	1047.56315	2	79.4358	2
2093.97975	1047.99715	2	85.3376	2
2093.98340	699.00170	3	85.3628	1
2094.94505	699.32230	3	51.1593	2
2095.00470	699.34215	3	68.7062	2
2104.07010	1053.04235	2	72.3604	2
2104.56465	702.52885	3	73.0344	4
2114.12805	705.71660	3	94.5044	2
2119.04890	707.35690	3	63.5852	2
2125.15480	709.39220	3	92.7144	1
2126.14080	709.72090	3	77.1160	2
2126.14315	1064.07885	2	77.0533	2
2131.17905	711.40030	3	82.9344	2
2137.12220	713.38135	3	69.4905	2
2143.09425	715.37200	3	81.0244	2
2148.10800	717.04330	3	61.0671	2
2156.01490	719.67890	3	65.1822	2
2169.12305	724.04825	3	75.7510	2
2170.02715	724.34965	3	75.5897	2
2173.17565	725.39915	3	80.8725	2
2173.17600	1087.59525	2	80.8286	2
2177.94960	545.49470	4	43.9065	2
2180.98120	728.00100	3	66.3227	1
2181.13670	728.05280	3	80.0252	1
2181.13855	1091.57655	2	79.9683	2
2190.06720	731.02965	3	74.3198	2
2190.06840	1096.04150	2	74.2446	2
2201.11770	734.71320	3	72.9901	1
2205.01740	736.01305	3	71.1639	2
2205.10400	1103.55930	2	98.3897	2
2227.05260	743.35815	3	55.1945	2
2227.05335	1114.53395	2	55.2027	2
2236.11245	746.37810	3	85.0723	2
2240.18170	1121.09815	2	84.2750	2
2250.02135	751.01440	3	46.0555	2
2269.25990	757.42720	3	82.5331	2
2279.05510	760.69230	3	68.2612	2
2282.08475	761.70220	3	63.6471	2
2291.01930	764.68035	3	66.8881	2
2291.01940	1146.51695	2	66.8488	2
2295.09205	766.03795	3	79.2988	2
2297.12365	766.71515	3	69.4818	2
2323.20005	1162.60730	2	84.7202	2
2323.29100	775.43760	3	88.8006	1
2336.17480	779.73220	3	86.1680	1
2336.18550	585.05370	4	85.9707	1
2376.10035	793.04070	3	51.4084	2
2379.16590	595.79880	4	62.5762	2
2386.26880	478.26100	5	70.8114	2
2389.99220	797.67135	3	61.5842	2
2391.18360	1196.59910	2	94.9933	2
2401.30335	801.44170	3	81.5586	2
2407.22875	803.41685	3	75.6658	2
2416.23950	806.42045	3	83.9433	2
2427.23880	607.81700	4	60.4703	2
2435.25750	812.75975	3	65.2221	2
2440.35035	814.45740	3	90.8514	2
2460.19240	821.07140	3	85.0675	1
2525.30040	842.77405	3	85.5380	2
2532.23730	845.08635	3	73.7535	2
2549.46990	850.83060	3	82.9131	2
2549.47110	638.37510	4	83.9272	4
2589.27185	864.09790	3	70.5231	2
2620.21680	656.06150	4	64.8887	1
2804.28005	935.76730	3	76.8410	2
3208.56005	803.14730	4	69.9977	2
3536.65940	1179.89370	3	83.9930	1
