mono_mass	mz	charge	rt	n_psm
798.41235	400.21345	2	39.1370	2
798.45980	400.23720	2	44.0393	2
798.48520	400.24990	2	58.0552	2
798.49050	400.25250	2	33.4617	1
799.45525	400.73490	2	49.6066	2
800.43910	401.22685	2	44.3266	2
800.43945	401.22700	2	40.8310	2
800.45450	401.23450	2	51.5665	2
801.43490	401.72470	2	37.3124	2
801.53310	401.77385	2	45.0088	2
802.38605	402.20030	2	39.3753	2
802.45930	402.23690	2	59.7482	1
802.49850	402.25650	2	62.2161	2
805.40815	403.71135	2	45.5501	2
805.44470	403.72965	2	51.6884	2
806.39550	404.20505	2	38.1667	2
806.45330	404.23390	2	60.8632	2
806.45380	404.23420	2	50.7546	2
807.41295	404.71380	2	40.6194	2
808.36335	405.18895	2	37.3860	2
808.39700	405.20580	2	49.8527	2
808.40080	405.20770	2	31.0546	1
808.44070	405.22760	2	36.4738	1
809.41830	405.71645	2	62.9048	2
810.36915	406.19185	2	47.6883	2
811.35465	406.68460	2	38.0827	2
811.49170	406.75310	2	50.0009	2
812.42360	407.21910	2	43.2335	1
812.43880	407.22670	2	40.5968	2
812.47560	407.24510	2	60.7932	1
812.51140	407.26300	2	49.4025	2
814.45460	408.23460	2	35.2056	2
814.45535	408.23495	2	51.9927	2
814.51650	408.26555	2	59.1277	2
815.44070	408.72765	2	39.3087	2
815.45040	408.73250	2	36.3401	1
815.46870	408.74160	2	57.1023	2
815.47575	408.74515	2	42.7721	2
815.47730	408.74595	2	46.8586	2
815.49730	408.75595	2	38.4573	2
815.51190	408.76320	2	46.6651	1
816.38470	409.19960	2	51.8109	1
816.44935	409.23195	2	66.9124	2
816.47035	409.24245	2	38.0827	2
817.42905	409.72180	2	35.4928	2
817.43000	409.72230	2	37.5501	1
817.48140	409.74795	2	67.3487	2
818.37670	410.19560	2	36.2868	1
818.44010	410.22730	2	53.1446	2
818.49025	410.25240	2	74.2563	2
819.39120	410.70290	2	35.9146	2
819.43115	410.72285	2	63.5063	2
820.43275	411.22365	2	39.5138	2
820.46970	411.24210	2	46.0938	2
820.48835	411.25145	2	72.0777	2
821.44780	411.73120	2	34.3521	1
822.39050	412.20255	2	31.9968	4
822.42425	412.21945	2	37.6154	2
823.41870	412.71665	2	36.9590	2
823.42620	412.72040	2	55.0880	2
824.54845	413.28150	2	71.5456	2
826.36330	414.18890	2	36.6983	1
826.49120	414.25290	2	42.7860	2
826.49145	414.25300	2	40.2349	2
826.52715	414.27085	2	50.1078	2
826.52750	414.27105	2	70.1162	2
828.41550	415.21500	2	31.7893	1
828.44530	415.22990	2	40.4298	3
828.44940	415.23195	2	59.6438	2
829.46420	415.73940	2	42.2402	2
829.46535	415.73995	2	35.4686	2
829.49070	415.75260	2	56.2449	2
829.50220	415.75835	2	37.2027	2
829.50340	415.75895	2	50.9234	2
830.45030	416.23240	2	40.9059	1
831.46980	416.74220	2	36.0074	1
831.46980	416.74220	2	49.0434	2
831.49710	416.75580	2	70.2395	2
831.49720	416.75590	2	62.3973	2
832.39380	417.20420	2	35.3440	2
832.42855	417.22155	2	45.6830	2
833.47620	417.74540	2	54.6112	1
834.43555	418.22505	2	38.5737	2
835.44380	418.72915	2	43.8657	2
836.38855	419.20155	2	41.0568	2
836.44055	419.22755	2	57.0344	2
836.44090	419.22775	2	43.9732	2
837.40295	419.70875	2	48.4296	2
837.40555	419.71005	2	54.7299	2
838.41830	420.21645	2	38.0475	2
839.42960	420.72210	2	55.5033	2
839.58455	420.79955	2	73.5376	2
840.47055	421.24255	2	43.5504	2
840.54320	421.27890	2	75.2535	2
840.54355	421.27905	2	60.1041	2
841.46640	421.74050	2	41.5217	2
841.49260	421.75360	2	55.3348	1
841.49375	421.75415	2	51.8709	2
841.50260	421.75860	2	50.7892	1
842.42835	422.22145	2	48.2520	2
842.46115	422.23785	2	40.3233	2
842.48630	422.25045	2	42.8443	2
842.48645	422.25050	2	52.5038	2
842.48800	422.25125	2	39.0817	2
842.52270	422.26865	2	71.3440	2
842.52280	422.26870	2	49.6443	2
842.53350	422.27400	2	35.2106	2
843.47370	422.74410	2	40.2591	1
843.48160	422.74810	2	45.2074	2
843.54255	422.77855	2	63.6556	2
844.45490	423.23475	2	54.3224	2
844.46460	423.23955	2	36.0935	2
845.46095	423.73775	2	44.6755	2
845.46100	423.73775	2	38.1156	2
845.46490	423.73970	2	67.7348	2
845.48610	423.75035	2	53.0898	2
845.51260	423.76355	2	65.6207	2
845.53775	423.77615	2	76.5498	2
846.42740	424.22100	2	43.4870	2
846.43795	424.22625	2	49.1734	2
846.44875	424.23165	2	61.5774	2
847.42300	424.71880	2	44.3246	1
847.44445	424.72950	2	41.3734	2
847.48110	424.74785	2	46.1273	2
848.43870	425.22660	2	42.4713	2
848.43945	425.22700	2	50.7446	2
848.43970	425.22715	2	53.4399	2
848.44580	425.23020	2	37.2319	2
849.42055	425.71755	2	47.2619	2
849.44195	425.72825	2	53.0348	2
850.35630	426.18540	2	38.5703	2
850.45360	426.23410	2	46.9414	2
850.50210	426.25830	2	40.1046	2
851.40265	426.70860	2	36.2663	2
851.42145	426.71800	2	46.1799	2
851.43885	426.72670	2	37.7528	2
853.36095	427.68775	2	37.5250	2
854.46030	428.23740	2	40.5644	2
855.51760	428.76610	2	51.7505	1
856.43305	429.22380	2	64.9492	2
856.47015	429.24235	2	50.5263	2
856.51320	429.26390	2	48.8095	2
856.51590	429.26520	2	46.2788	2
856.54045	429.27750	2	58.2601	2
857.44220	429.72840	2	40.2944	2
857.46175	429.73815	2	40.8682	2
857.46245	429.73850	2	43.1610	2
857.49610	429.75530	2	47.0039	2
857.49720	429.75585	2	55.4712	2
858.45725	430.23590	2	44.8295	2
858.46120	430.23790	2	38.5566	2
858.47065	430.24265	2	44.2409	2
859.43815	430.72635	2	40.6878	2
859.46440	430.73950	2	38.7717	2
859.46505	430.73980	2	47.4985	2
860.42420	431.21940	2	36.9070	1
860.44240	431.22845	2	45.8150	2
860.46050	431.23750	2	34.5816	2
861.44425	431.72940	2	45.2195	2
861.47095	431.74275	2	48.2595	2
861.47100	431.74280	2	60.9831	2
861.50745	431.76100	2	75.7874	2
862.38620	432.20040	2	39.8804	2
863.45050	432.73255	2	35.8813	2
863.45080	432.73270	2	49.7332	2
863.45710	432.73580	2	59.2521	1
864.42010	433.21735	2	50.2220	2
864.43435	433.22445	2	53.3137	2
864.50705	433.26080	2	64.4356	2
865.41520	433.71490	2	40.3703	1
865.41945	433.71700	2	36.2391	2
865.50160	433.75805	2	36.4306	2
866.41020	434.21240	2	41.1552	1
866.45760	434.23610	2	75.8676	1
866.49835	434.25645	2	43.0316	2
867.41675	434.71565	2	50.5310	2
868.45900	435.23680	2	38.5069	2
868.49920	435.25690	2	45.0734	2
868.51330	435.26395	2	33.2757	2
869.49735	435.75595	2	35.3047	2
869.53330	435.77390	2	60.4152	2
869.53360	435.77405	2	52.9964	2
869.55850	435.78655	2	67.4784	2
870.44940	436.23200	2	55.0042	2
870.48105	436.24780	2	43.6017	2
870.51730	436.26590	2	58.6659	2
870.55405	436.28430	2	51.3111	2
871.44400	436.72930	2	38.9348	2
871.45135	436.73295	2	41.5219	2
871.53920	436.77685	2	59.9898	2
872.47470	437.24465	2	40.3502	2
872.49605	437.25530	2	56.6798	2
872.49780	437.25620	2	42.8223	2
872.51540	437.26500	2	64.2902	2
873.47325	437.74395	2	51.0915	2
873.48085	437.74770	2	49.0510	2
873.49620	437.75535	2	67.9782	2
874.43300	438.22375	2	45.4414	2
874.45815	438.23635	2	50.3044	2
874.46640	438.24050	2	43.4973	2
874.46930	438.24190	2	36.5130	2
875.49000	438.75230	2	54.2443	1
875.52260	438.76860	2	61.5475	2
875.52310	438.76880	2	50.5000	2
876.41250	439.21350	2	40.0887	3
876.44575	439.23015	2	38.5890	2
876.47070	439.24260	2	50.6982	3
876.48145	439.24800	2	54.4482	2
876.49515	439.25485	2	68.3908	2
877.45455	439.73455	2	37.9890	2
877.45465	439.73460	2	65.8428	2
877.46580	439.74020	2	45.6437	1
877.46595	439.74025	2	50.1608	2
877.46685	439.74070	2	43.2783	2
877.50995	439.76225	2	70.4530	2
877.52740	439.77100	2	69.5891	2
878.43160	440.22310	2	48.4833	1
878.47750	440.24605	2	51.7855	2
878.48640	440.25050	2	50.7856	1
878.48670	440.25060	2	55.1815	2
879.39750	440.70605	2	35.5976	2
880.42865	441.22160	2	44.0316	2
880.54910	441.28180	2	53.8938	2
882.48180	442.24820	2	37.3128	1
882.52890	442.27175	2	39.8271	2
883.53765	442.77610	2	59.2905	2
883.53800	442.77630	2	51.5975	2
883.56045	442.78750	2	39.5987	2
884.43950	443.22700	2	44.7175	1
884.54360	443.27910	2	54.7369	2
884.57265	443.29360	2	59.8020	2
885.43040	443.72250	2	39.7027	2
885.43480	443.72470	2	42.9940	1
885.44470	443.72965	2	35.7826	2
885.49170	443.75310	2	50.2645	1
885.49190	443.75325	2	51.8460	2
885.55305	443.78380	2	65.5335	2
886.40765	444.21110	2	53.9542	2
886.48685	444.25070	2	43.1660	2
886.51260	444.26360	2	48.4541	1
886.51260	444.26360	2	48.6526	1
887.46000	444.73730	2	37.1927	2
887.48660	444.75060	2	56.0907	1
888.44790	445.23120	2	60.9382	1
889.45785	445.73620	2	51.4710	2
889.46570	445.74010	2	48.7462	2
889.47700	445.74580	2	42.0477	2
889.48415	445.74935	2	70.6791	2
890.50370	446.25910	2	45.4230	1
891.44535	446.72995	2	49.8988	2
891.44865	446.73160	2	46.9716	2
891.48130	446.74795	2	63.5356	2
891.50660	446.76055	2	67.0312	2
892.44030	447.22745	2	40.9510	2
892.48300	447.24875	2	77.2259	2
893.45920	447.73685	2	46.3963	6
893.46140	447.73800	2	43.3384	2
893.60625	447.81040	2	76.0963	2
894.45665	448.23560	2	35.2160	2
894.50370	448.25910	2	32.3167	2
895.44770	448.73115	2	60.3803	2
895.46465	448.73960	2	42.0878	2
896.41750	449.21600	2	38.4436	2
896.53370	449.27415	2	55.3233	2
896.57990	449.29720	2	73.1598	1
897.40430	449.70945	2	67.2554	2
897.50305	449.75880	2	34.6420	2
898.40740	450.21095	2	66.8583	2
898.48040	450.24745	2	58.4292	2
898.48700	450.25075	2	36.2406	2
898.49115	450.25285	2	45.0903	2
898.54855	450.28160	2	67.5357	2
898.56015	450.28735	2	55.7805	2
899.43835	450.72645	2	54.1733	2
899.45060	450.73260	2	41.5291	2
899.50640	450.76050	2	56.5940	1
899.51455	450.76460	2	60.8864	2
900.46385	451.23925	2	42.1845	2
900.49025	451.25240	2	41.9417	2
900.49180	451.25320	2	35.8637	1
900.50285	451.25870	2	51.1322	2
900.53915	451.27685	2	44.5623	2
901.41160	451.71310	2	49.6990	2
901.43315	451.72385	2	39.9869	2
901.47640	451.74550	2	59.2151	2
901.48680	451.75070	2	34.8643	2
901.52520	451.76990	2	43.2562	2
902.41350	452.21400	2	48.3696	2
902.50785	452.26120	2	46.8536	2
903.48160	452.74805	2	53.5238	2
903.48520	452.74990	2	33.0375	1
903.52845	452.77150	2	42.8870	2
903.54390	452.77920	2	69.5254	2
903.57840	452.79650	2	81.0570	1
904.44385	453.22920	2	31.7729	2
904.53830	453.27640	2	63.7322	1
905.45275	453.73365	2	44.5744	2
905.45325	453.73390	2	66.2381	2
905.46170	453.73810	2	33.5290	1
906.51805	454.26630	2	48.6968	2
907.45155	454.73305	2	38.0501	2
907.50090	454.75770	2	49.1349	1
908.00415	455.00935	2	55.5373	4
908.53340	455.27400	2	41.3513	2
908.56925	455.29190	2	57.6495	2
909.42665	455.72060	2	56.0114	2
911.38055	456.69755	2	35.0581	2
911.46600	456.74025	2	73.2967	2
911.47615	456.74535	2	61.2983	2
911.48920	456.75185	2	43.7568	2
911.58120	456.79790	2	59.7110	1
912.54710	457.28080	2	43.1335	1
912.56535	457.28995	2	64.9180	2
913.45080	457.73265	2	42.3793	2
913.47365	457.74410	2	71.8990	2
913.48680	457.75070	2	47.9478	2
913.50830	457.76140	2	34.1097	2
913.54840	457.78145	2	54.4130	2
913.55970	457.78715	2	39.8905	2
913.59630	457.80540	2	41.1618	2
914.50750	458.26105	2	41.7302	2
914.51840	458.26650	2	46.8236	2
915.44790	458.73125	2	37.8126	2
915.47090	458.74270	2	37.3477	2
915.50140	458.75800	2	42.3466	1
915.50590	458.76020	2	33.5583	1
915.52130	458.76795	2	50.2866	2
915.52225	458.76840	2	75.4770	2
915.53855	458.77655	2	36.1150	2
916.48570	459.25015	2	42.1156	2
916.49845	459.25650	2	38.5613	2
917.46520	459.73990	2	35.6690	1
917.48270	459.74860	2	41.1261	1
917.48275	459.74865	2	39.0739	2
917.48330	459.74890	2	35.2621	1
918.42880	460.22170	2	34.0646	1
918.44945	460.23200	2	80.4195	2
918.46100	460.23780	2	35.7416	1
918.48440	460.24950	2	54.0559	2
918.49110	460.25280	2	64.7727	2
918.49310	460.25380	2	50.9785	2
918.51695	460.26575	2	63.6873	2
918.51780	460.26620	2	57.5676	2
919.40480	460.70970	2	34.2060	2
919.40755	460.71110	2	62.1227	2
919.44380	460.72920	2	48.3288	1
919.47345	460.74400	2	53.1350	2
919.50860	460.76155	2	53.2838	2
919.51260	460.76355	2	47.4687	2
919.51620	460.76540	2	57.9818	2
919.52075	460.76765	2	65.3447	2
920.49720	461.25590	2	47.5852	2
920.50725	461.26090	2	42.3273	2
921.44490	461.72975	2	41.5879	2
921.44635	461.73045	2	38.2025	2
921.46710	461.74080	2	36.6400	1
922.43950	462.22705	2	50.3642	2
922.45090	462.23270	2	39.3257	1
923.43535	462.72495	2	44.5141	2
923.47255	462.74355	2	41.7068	2
923.58090	462.79770	2	78.4414	1
924.42970	463.22215	2	38.6209	2
924.43720	463.22585	2	48.6892	2
924.53940	463.27700	2	53.0556	2
924.56485	463.28970	2	56.0378	2
925.46960	463.74210	2	79.6941	2
925.49810	463.75630	2	44.3539	1
926.51885	464.26670	2	39.8528	2
926.57970	464.29710	2	60.9780	2
926.59100	464.30280	2	62.0618	2
927.37570	464.69510	2	30.4746	2
927.44525	464.72990	2	47.2915	2
927.56400	464.78930	2	83.4610	2
928.45465	465.23460	2	51.1825	2
928.51710	465.26580	2	42.5943	2
928.52240	465.26850	2	52.1211	2
928.53470	465.27465	2	50.3953	2
928.53570	465.27510	2	33.3733	1
928.55930	465.28695	2	57.5951	2
928.55975	465.28715	2	63.3199	2
929.45650	465.73550	2	39.1621	2
929.45715	465.73585	2	30.9952	2
929.47995	465.74725	2	37.7703	2
929.50020	465.75735	2	53.5871	2
929.50725	465.76090	2	55.6280	2
929.51220	465.76340	2	48.9176	2
929.51825	465.76640	2	41.7614	2
929.51850	465.76655	2	37.1098	2
929.51875	465.76665	2	43.8047	2
930.42315	466.21885	2	61.5402	2
930.44120	466.22790	2	33.5240	1
930.46710	466.24085	2	36.2124	2
930.47825	466.24640	2	42.6562	2
930.51710	466.26585	2	65.3447	2
930.53890	466.27675	2	38.8715	2
931.44315	466.72885	2	33.9284	2
931.47065	466.74260	2	36.7825	2
931.48630	466.75040	2	49.4023	2
931.50195	466.75825	2	56.4758	2
931.51275	466.76365	2	58.4830	2
931.53425	466.77440	2	68.3666	2
932.46405	467.23930	2	39.7311	2
932.54410	467.27935	2	42.8517	2
933.43730	467.72590	2	32.1229	1
933.45610	467.73530	2	38.1182	1
933.45620	467.73540	2	38.1489	1
933.46550	467.74005	2	51.7043	2
933.48360	467.74910	2	52.1161	2
933.50360	467.75910	2	52.8574	2
933.52885	467.77170	2	56.9348	2
933.53950	467.77700	2	34.0022	2
934.41600	468.21525	2	40.8183	2
934.45140	468.23300	2	40.1228	2
934.48640	468.25045	2	43.8931	2
934.48700	468.25080	2	55.6623	2
934.48725	468.25090	2	34.4493	2
934.51240	468.26350	2	58.9916	2
934.52450	468.26950	2	60.1040	2
935.40060	468.70760	2	26.3667	1
935.47065	468.74260	2	45.7456	2
935.47070	468.74260	2	60.9146	2
935.48625	468.75040	2	62.3410	2
937.41455	469.71455	2	35.7552	2
937.48660	469.75055	2	41.3687	2
937.51220	469.76340	2	58.3008	1
938.43385	470.22420	2	38.6482	2
939.43060	470.72255	2	62.9513	2
939.45930	470.73700	2	33.8409	1
939.48220	470.74835	2	80.7893	2
939.51460	470.76460	2	33.1796	2
939.54960	470.78205	2	56.4203	2
939.56395	470.78925	2	81.2485	2
940.44335	471.22895	2	45.7767	2
940.52680	471.27070	2	62.5212	2
940.53415	471.27440	2	35.5701	2
941.43420	471.72440	2	39.4024	2
941.46465	471.73960	2	50.4319	2
941.56600	471.79030	2	62.3576	2
941.57940	471.79700	2	67.2823	2
941.60580	471.81020	2	79.8086	2
942.50250	472.25850	2	36.9407	3
942.51340	472.26400	2	48.6849	2
943.44780	472.73115	2	61.7310	2
943.46160	472.73810	2	36.7749	2
943.48680	472.75070	2	44.3855	2
943.52410	472.76930	2	63.1349	2
944.42475	473.21965	2	38.2415	2
944.43075	473.22265	2	64.0956	2
944.49315	473.25385	2	43.8120	2
944.50390	473.25920	2	31.5214	1
944.51150	473.26305	2	64.5311	2
944.51780	473.26620	2	48.4872	2
944.55535	473.28495	2	55.1736	2
944.57040	473.29250	2	79.2412	2
945.46070	473.73765	2	77.5915	2
945.51235	473.76345	2	41.4696	2
945.54935	473.78195	2	59.2837	2
946.50880	474.26165	2	37.9257	2
946.51290	474.26375	2	46.6034	2
946.53405	474.27430	2	38.8098	2
946.54940	474.28195	2	74.7361	2
947.43485	474.72470	2	39.1126	2
947.48540	474.75000	2	42.9641	1
947.48615	474.75035	2	46.0268	2
947.51530	474.76495	2	71.9040	2
948.46625	475.24040	2	53.3187	2
948.46680	475.24065	2	45.0336	2
948.61195	475.31325	2	57.0972	2
949.48610	475.75035	2	40.3022	2
949.48690	475.75075	2	54.7419	2
949.49155	475.75305	2	87.1895	2
949.50645	475.76050	2	77.9353	2
949.52800	475.77130	2	80.0303	2
950.45350	476.23405	2	50.6886	2
950.48265	476.24860	2	47.3307	2
950.48615	476.25035	2	74.0964	2
950.50160	476.25810	2	60.0143	2
950.50730	476.26090	2	52.1379	2
950.55480	476.28470	2	46.9086	1
951.49080	476.75270	2	60.7439	2
951.51815	476.76635	2	80.6104	2
952.45040	477.23250	2	47.9098	1
952.45045	477.23250	2	43.7779	2
952.46870	477.24160	2	51.2504	2
952.53440	477.27445	2	42.9443	2
954.44515	478.22985	2	52.9474	2
955.53335	478.77395	2	63.4492	2
955.57030	478.79240	2	61.7086	2
956.50350	479.25905	2	39.1933	2
956.51635	479.26545	2	37.4362	2
956.52905	479.27185	2	53.8567	2
956.52960	479.27210	2	44.8364	2
956.53630	479.27540	2	42.4039	1
956.53675	479.27565	2	66.9875	2
956.57945	479.29700	2	78.1178	2
957.48890	479.75175	2	33.7132	2
957.51340	479.76400	2	48.5237	2
957.51430	479.76440	2	44.6480	1
957.52590	479.77020	2	41.6559	1
957.53030	479.77240	2	49.0061	1
957.55950	479.78705	2	48.7509	2
957.59685	479.80570	2	47.9140	2
958.48800	480.25130	2	56.9762	2
958.51035	480.26245	2	57.3369	2
959.50770	480.76110	2	41.6946	2
959.53105	480.77280	2	43.3976	2
959.53250	480.77355	2	69.5762	2
960.44955	481.23205	2	36.1794	2
960.47110	481.24280	2	32.6176	1
960.47630	481.24540	2	42.7287	1
960.50220	481.25840	2	47.1482	1
960.51305	481.26380	2	40.0953	2
960.53135	481.27295	2	58.1133	2
960.53900	481.27675	2	62.0830	2
961.45310	481.73380	2	35.1599	1
961.50875	481.76165	2	42.2667	2
962.47415	482.24435	2	46.8834	2
962.48620	482.25040	2	50.6476	1
962.50655	482.26055	2	63.0768	2
962.51825	482.26640	2	56.1005	2
962.53800	482.27630	2	86.6704	1
962.55460	482.28460	2	57.3026	1
963.44570	482.73010	2	55.0140	2
963.50190	482.75820	2	40.9560	2
963.50555	482.76005	2	35.4611	2
963.55435	482.78445	2	75.2863	2
964.46125	483.23790	2	38.9499	2
964.47990	483.24720	2	69.8527	2
964.49765	483.25610	2	43.6698	2
964.52220	483.26840	2	54.6473	2
965.44490	483.72975	2	42.1691	2
965.45965	483.73710	2	38.5798	2
965.48225	483.74840	2	61.2741	2
965.62785	483.82120	2	83.0143	2
966.44120	484.22785	2	35.9478	4
966.46610	484.24035	2	42.4983	2
966.46680	484.24065	2	37.4490	2
966.48100	484.24775	2	45.3281	2
966.52535	484.26995	2	47.3230	2
967.47915	484.74685	2	58.5127	2
967.51960	484.76710	2	30.2460	1
967.52380	484.76920	2	47.9453	2
967.54575	484.78015	2	37.6006	2
967.58130	484.79795	2	57.2556	2
968.44505	485.22980	2	41.2856	2
968.52735	485.27095	2	38.1055	2
968.52915	485.27185	2	49.4619	2
969.43065	485.72260	2	40.2218	2
969.48095	485.74775	2	76.3318	2
969.48790	485.75125	2	40.9611	2
969.51300	485.76380	2	47.7053	1
969.52520	485.76985	2	50.9866	2
969.55040	485.78250	2	33.4321	1
969.56105	485.78780	2	53.2597	2
969.58655	485.80055	2	69.4005	2
969.58690	485.80070	2	64.5931	2
970.48660	486.25060	2	55.0951	2
970.52400	486.26930	2	41.6368	1
970.54415	486.27940	2	56.4856	2
970.58035	486.29745	2	34.2618	2
970.58035	486.29745	2	45.6752	2
970.58170	486.29810	2	71.0856	1
971.50420	486.75940	2	32.4262	2
971.51150	486.76300	2	29.1246	1
971.52860	486.77160	2	36.8738	2
971.52865	486.77160	2	49.2351	2
971.52980	486.77220	2	59.3411	2
971.55445	486.78450	2	58.2263	2
971.56500	486.78980	2	34.6706	1
971.56590	486.79020	2	34.6338	1
971.56630	486.79045	2	44.8169	2
972.43850	487.22650	2	31.7057	1
972.46610	487.24030	2	34.3304	2
972.57195	487.29325	2	35.8941	2
973.50795	487.76125	2	42.7095	2
973.54260	487.77855	2	34.8669	2
974.50345	488.25900	2	38.8048	2
974.51965	488.26710	2	59.5186	2
975.49035	488.75245	2	30.1669	2
975.49410	488.75430	2	81.2795	1
975.50305	488.75885	2	52.8855	2
975.51315	488.76385	2	45.5538	2
975.53915	488.77685	2	65.4409	2
976.49720	489.25585	2	58.6996	2
976.50830	489.26140	2	48.4969	1
976.50840	489.26150	2	48.4679	1
976.54635	489.28045	2	41.6437	2
977.44415	489.72935	2	47.5607	2
977.48195	489.74825	2	46.1222	2
977.49450	489.75450	2	52.2596	1
977.51775	489.76615	2	52.5979	2
978.46540	490.24000	2	46.4353	2
978.50240	490.25850	2	60.7439	2
979.44895	490.73175	2	66.9515	2
979.46120	490.73790	2	39.3651	2
979.49740	490.75600	2	52.9352	2
979.50170	490.75810	2	27.4171	1
979.51620	490.76540	2	53.4596	1
979.57050	490.79255	2	40.9008	2
980.45700	491.23575	2	37.6894	2
980.49660	491.25555	2	52.6454	2
981.45300	491.73375	2	62.8639	2
981.52295	491.76875	2	30.7029	2
981.59750	491.80600	2	41.9041	2
982.46010	492.23735	2	34.7177	2
982.47615	492.24535	2	42.6457	2
982.51915	492.26685	2	38.8941	2
982.52170	492.26810	2	35.7130	1
983.47470	492.74465	2	48.7840	2
983.50665	492.76060	2	43.0005	2
983.55550	492.78500	2	71.5895	2
983.57725	492.79590	2	64.7546	2
983.58545	492.80000	2	72.0851	2
983.58755	492.80105	2	44.7410	2
983.60090	492.80775	2	58.6429	2
984.43715	493.22585	2	35.0237	2
984.45650	493.23550	2	51.9510	1
984.49265	493.25360	2	52.2340	2
984.56005	493.28730	2	29.5606	2
984.63325	493.32390	2	50.6784	2
985.50155	493.75805	2	45.8975	2
985.51935	493.76695	2	44.4128	2
985.53855	493.77655	2	46.7935	2
985.55120	493.78290	2	43.9067	1
985.55280	493.78370	2	43.8884	1
985.61710	493.81580	2	46.3301	1
986.48980	494.25220	2	68.1286	2
986.49825	494.25640	2	70.3665	2
987.49955	494.75705	2	32.2787	2
987.50310	494.75880	2	56.7119	1
987.52370	494.76910	2	45.4764	2
987.53490	494.77475	2	50.0239	2
987.57180	494.79320	2	59.8271	2
987.60060	494.80760	2	80.2153	1
988.48260	495.24855	2	39.0844	2
988.50665	495.26060	2	53.4912	2
988.51950	495.26705	2	43.4303	2
988.54310	495.27885	2	47.8271	2
988.58075	495.29765	2	51.1874	2
989.47600	495.74530	2	34.3847	1
989.49675	495.75565	2	37.1027	2
989.55415	495.78435	2	48.8570	2
989.55470	495.78465	2	59.2900	2
989.57590	495.79520	2	65.9228	1
990.45870	496.23660	2	37.7477	2
990.47435	496.24445	2	46.5169	2
990.51410	496.26430	2	43.2859	2
990.55080	496.28270	2	73.5015	2
991.38590	496.70020	2	34.9601	2
991.50820	496.76140	2	61.2004	1
991.50850	496.76150	2	67.9662	1
991.50890	496.76170	2	61.1711	1
991.54500	496.77975	2	69.8199	2
991.57050	496.79255	2	61.8785	2
992.48515	497.24985	2	57.1527	2
992.53230	497.27345	2	81.5878	2
992.60180	497.30820	2	71.2900	2
993.44085	497.72770	2	43.4017	2
993.45130	497.73295	2	41.0716	2
993.46655	497.74055	2	58.9736	2
993.51315	497.76385	2	53.7388	2
993.55020	497.78235	2	65.1387	2
994.40210	498.20830	2	35.6225	2
994.49705	498.25580	2	49.5847	2
994.50785	498.26120	2	48.0638	2
994.50925	498.26190	2	32.8810	2
994.51595	498.26525	2	73.6230	2
994.60570	498.31015	2	74.5724	2
994.65355	498.33405	2	46.8236	2
995.49270	498.75360	2	44.1598	2
996.50025	499.25740	2	43.3184	2
996.53090	499.27275	2	69.1316	2
996.53195	499.27325	2	48.7275	2
996.57105	499.29280	2	45.9049	2
997.58155	499.79805	2	39.8066	2
998.58700	500.30080	2	41.4242	1
999.48225	500.74840	2	32.5242	2
999.53425	500.77440	2	30.7836	2
999.53450	500.77450	2	43.1426	2
999.57130	500.79290	2	33.2485	2
1000.49335	501.25395	2	36.8687	2
1000.54560	501.28010	2	44.2363	1
1000.55380	501.28420	2	59.1544	3
1000.56690	501.29075	2	49.5198	2
1000.59220	501.30340	2	63.1026	1
1001.51495	501.76475	2	44.6828	2
1001.55425	501.78440	2	68.0019	2
1001.56140	501.78800	2	34.7563	2
1001.58705	501.80080	2	48.2789	2
1002.47265	502.24360	2	35.3097	2
1002.48155	502.24805	2	39.6669	2
1002.48660	502.25060	2	42.2401	2
1002.52830	502.27140	2	38.3252	2
1002.54685	502.28070	2	34.2246	2
1002.58755	502.30105	2	65.6048	2
1003.51895	502.76675	2	45.0632	2
1003.52260	502.76860	2	36.3550	1
1003.57105	502.79280	2	78.2705	2
1004.54060	503.27760	2	48.5688	2
1004.56580	503.29020	2	43.8475	2
1005.46900	503.74175	2	49.5847	2
1005.48465	503.74960	2	38.8381	2
1005.49185	503.75320	2	31.0101	2
1005.53110	503.77285	2	69.2704	2
1005.53595	503.77525	2	36.7433	2
1006.45240	504.23345	2	33.0803	2
1006.47160	504.24310	2	42.4317	2
1006.49980	504.25720	2	54.6765	2
1006.50830	504.26140	2	59.2570	1
1007.45580	504.73520	2	39.4382	2
1007.46795	504.74125	2	41.8508	2
1007.47505	504.74480	2	51.9169	2
1007.50310	504.75880	2	44.4432	1
1007.52360	504.76910	2	65.7090	1
1007.52880	504.77165	2	44.1572	2
1007.53985	504.77720	2	56.5978	2
1007.54435	504.77945	2	68.9838	2
1007.67460	504.84460	2	73.3490	2
1008.47765	505.24610	2	50.9784	2
1008.51240	505.26345	2	61.6076	2
1008.51930	505.26695	2	51.8131	2
1009.44745	505.73100	2	42.9367	2
1009.51985	505.76720	2	37.0850	2
1009.54850	505.78155	2	88.2899	2
1010.45315	506.23390	2	39.6083	2
1010.51185	506.26320	2	64.1111	2
1010.57595	506.29525	2	69.2014	2
1011.52400	506.76925	2	37.5352	2
1011.53485	506.77475	2	45.9894	2
1011.57130	506.79295	2	53.0503	2
1011.60805	506.81130	2	68.2522	2
1012.48740	507.25100	2	59.8395	1
1012.50520	507.25990	2	34.6023	1
1012.57355	507.29405	2	78.7102	4
1012.58180	507.29815	2	61.2352	2
1012.60305	507.30880	2	39.7596	2
1012.63930	507.32695	2	49.6160	2
1013.46495	507.73975	2	72.7415	2
1013.53995	507.77725	2	44.5926	2
1013.55465	507.78460	2	66.0573	2
1013.56200	507.78830	2	38.5169	3
1013.58830	507.80145	2	64.6634	2
1013.62310	507.81880	2	67.5098	2
1013.62355	507.81905	2	65.0840	2
1014.50710	508.26080	2	31.8501	1
1014.53300	508.27380	2	43.9463	1
1014.53955	508.27705	2	39.1583	2
1014.57110	508.29280	2	46.8037	2
1014.57150	508.29300	2	38.4417	1
1014.58250	508.29850	2	39.0857	1
1015.49185	508.75325	2	40.5098	2
1015.54130	508.77790	2	89.4288	1
1015.58490	508.79970	2	71.7253	2
1015.59195	508.80325	2	66.4250	2
1016.45975	509.23715	2	37.8300	2
1016.53225	509.27340	2	49.1380	2
1016.54030	509.27740	2	43.6027	1
1016.54825	509.28140	2	49.7495	2
1017.47320	509.74385	2	42.3793	2
1017.51785	509.76620	2	77.6853	2
1017.53450	509.77450	2	39.7672	2
1017.57425	509.79440	2	41.5047	2
1017.62210	509.81830	2	67.1345	2
1018.54475	510.27965	2	40.9008	2
1019.42035	510.71745	2	44.2137	2
1019.50340	510.75900	2	60.7042	2
1019.50445	510.75950	2	43.6937	2
1019.53945	510.77705	2	54.6282	2
1019.54010	510.77735	2	36.2329	2
1019.54785	510.78120	2	67.5763	2
1019.55150	510.78300	2	48.0389	2
1020.44510	511.22980	2	30.2263	1
1020.52310	511.26885	2	49.9327	2
1020.52385	511.26920	2	56.9942	2
1020.52405	511.26930	2	64.7686	2
1020.53530	511.27490	2	55.3397	1
1020.53560	511.27510	2	55.8877	2
1021.43890	511.72670	2	38.8765	2
1021.45015	511.73235	2	35.4107	2
1021.49620	511.75540	2	31.3825	1
1021.51195	511.76325	2	44.2955	2
1021.54470	511.77965	2	61.2103	2
1021.60355	511.80905	2	52.6848	2
1022.50310	512.25885	2	53.8684	2
1022.51170	512.26310	2	77.7458	2
1023.60705	512.81080	2	68.8497	2
1024.37380	513.19415	2	42.8298	2
1024.49020	513.25240	2	60.0670	1
1025.45465	513.73460	2	39.3186	2
1025.50320	513.75890	2	41.5851	2
1025.60295	513.80875	2	49.6630	2
1026.44945	514.23200	2	43.0884	2
1027.56620	514.79040	2	37.2543	2
1027.56640	514.79050	2	34.4752	1
1027.58170	514.79810	2	75.0979	2
1027.59290	514.80375	2	59.3973	2
1027.60235	514.80845	2	69.4909	2
1028.56130	515.28795	2	43.9292	2
1029.47650	515.74555	2	57.3300	2
1029.47735	515.74595	2	42.5915	2
1029.53900	515.77680	2	52.7735	2
1029.54130	515.77790	2	38.2390	2
1029.55720	515.78585	2	31.1231	2
1029.58260	515.79860	2	37.5303	2
1030.52945	516.27200	2	36.5261	2
1030.59175	516.30315	2	79.4460	2
1030.60675	516.31065	2	76.1328	2
1031.46415	516.73935	2	64.7113	2
1031.50290	516.75870	2	42.2961	2
1031.50695	516.76075	2	49.6753	2
1031.54535	516.77995	2	52.0541	2
1031.58520	516.79990	2	62.6579	2
1031.58725	516.80090	2	57.4461	2
1032.49870	517.25660	2	42.6703	2
1032.53475	517.27465	2	49.3622	2
1032.59720	517.30590	2	74.1274	2
1033.56340	517.78900	2	71.5203	1
1033.56630	517.79045	2	43.6336	2
1033.58140	517.79795	2	82.6874	2
1033.61755	517.81605	2	70.3324	2
1034.52210	518.26830	2	65.3988	2
1035.48840	518.75150	2	61.6667	2
1035.56050	518.78750	2	61.0206	1
1036.51910	519.26680	2	43.9767	2
1036.53455	519.27455	2	71.9090	2
1036.53810	519.27630	2	68.3045	2
1036.55570	519.28510	2	63.8641	2
1037.50690	519.76075	2	35.0530	2
1037.62190	519.81820	2	55.4205	2
1037.64865	519.83160	2	71.5671	2
1038.48080	520.24765	2	47.5657	2
1038.54710	520.28080	2	35.9723	2
1039.46440	520.73950	2	48.2469	2
1039.49740	520.75600	2	52.7633	2
1039.56565	520.79010	2	47.2057	2
1040.47010	521.24230	2	41.8774	2
1040.49630	521.25540	2	42.5592	2
1040.54965	521.28210	2	54.5046	2
1040.56830	521.29145	2	50.3384	2
1040.59875	521.30665	2	57.4527	2
1040.62285	521.31870	2	74.3171	2
1040.65935	521.33695	2	60.3752	2
1041.43970	521.72710	2	45.9234	2
1041.45535	521.73495	2	36.7117	2
1041.52865	521.77160	2	84.0794	2
1041.53395	521.77425	2	50.5866	2
1042.51535	522.26495	2	64.9885	2
1042.53000	522.27230	2	38.4344	2
1042.55595	522.28525	2	53.9098	2
1043.54335	522.77895	2	49.0700	2
1043.54975	522.78215	2	79.2966	2
1043.56200	522.78830	2	34.6759	2
1043.56205	522.78830	2	37.4412	2
1043.60410	522.80935	2	64.0423	2
1044.52035	523.26745	2	45.4737	2
1044.53850	523.27650	2	66.6083	2
1044.55570	523.28510	2	44.0768	1
1044.56050	523.28750	2	58.8000	2
1044.59900	523.30680	2	88.6595	1
1045.51200	523.76330	2	57.6314	2
1045.53870	523.77660	2	45.1835	2
1045.53955	523.77705	2	34.5232	2
1045.54075	523.77765	2	32.0765	2
1045.60185	523.80820	2	61.0349	2
1046.52115	524.26785	2	36.6580	2
1046.59710	524.30580	2	49.8122	2
1047.52745	524.77100	2	60.4705	2
1047.56390	524.78925	2	60.0495	2
1048.47925	525.24690	2	36.1794	2
1048.55910	525.28680	2	32.7828	2
1049.52640	525.77050	2	51.1469	3
1049.53310	525.77380	2	40.8310	1
1049.56200	525.78830	2	38.3098	3
1050.50845	526.26150	2	46.5833	2
1050.53345	526.27400	2	48.5449	2
1050.55830	526.28640	2	32.3368	1
1050.57085	526.29270	2	62.6528	2
1050.59595	526.30525	2	69.0138	2
1051.49355	526.75405	2	37.8075	2
1051.51050	526.76250	2	58.9549	1
1052.46305	527.23880	2	58.1029	2
1053.61835	527.81645	2	56.4297	2
1054.49775	528.25615	2	69.2501	2
1054.53425	528.27440	2	75.3193	2
1054.54140	528.27800	2	32.9299	3
1054.60270	528.30860	2	52.1784	2
1054.60300	528.30880	2	57.5120	2
1055.42225	528.71840	2	47.7387	2
1055.49170	528.75315	2	45.2373	2
1055.50665	528.76060	2	53.7119	2
1055.58610	528.80035	2	64.2822	2
1055.58665	528.80060	2	68.2166	2
1056.53190	529.27325	2	77.3618	2
1056.58080	529.29770	2	55.3791	2
1056.59295	529.30375	2	53.1160	2
1057.49900	529.75680	2	38.7767	2
1057.56360	529.78905	2	38.7171	2
1057.57610	529.79530	2	36.8712	2
1057.57680	529.79565	2	44.9738	2
1057.61820	529.81640	2	37.9461	1
1057.63865	529.82660	2	78.2379	2
1058.49300	530.25380	2	50.8333	2
1058.54420	530.27940	2	78.9089	2
1058.55825	530.28640	2	72.5508	2
1058.57230	530.29340	2	47.2625	3
1058.59595	530.30525	2	40.4717	2
1059.50910	530.76185	2	44.0952	2
1059.53935	530.77695	2	55.9053	2
1059.59990	530.80720	2	57.3305	1
1060.47580	531.24520	2	34.7406	2
1060.52320	531.26890	2	74.7980	2
1060.54050	531.27750	2	44.9394	1
1060.61790	531.31625	2	83.5908	2
1061.54965	531.78210	2	45.2659	2
1061.57640	531.79545	2	75.1336	2
1062.52440	532.26945	2	78.3026	2
1062.53455	532.27455	2	56.9034	2
1062.57135	532.29295	2	60.7974	2
1062.58360	532.29905	2	56.5439	2
1063.54100	532.77775	2	46.5807	2
1063.56630	532.79040	2	41.1602	1
1063.60705	532.81080	2	76.4938	2
1064.56195	533.28825	2	31.7519	2
1064.58790	533.30120	2	51.2740	1
1064.63450	533.32450	2	54.6575	2
1065.44755	533.73105	2	46.9110	2
1065.55310	533.78380	2	61.7832	2
1065.55360	533.78410	2	78.5968	1
1065.56095	533.78775	2	69.9079	2
1066.45720	534.23590	2	54.1523	2
1066.46685	534.24070	2	33.0122	2
1066.50490	534.25970	2	31.2960	2
1066.51165	534.26310	2	33.8567	2
1066.51900	534.26680	2	56.7483	2
1066.60545	534.31000	2	81.6934	2
1066.64240	534.32850	2	80.5403	2
1067.51310	534.76385	2	45.9288	2
1067.57170	534.79310	2	52.8318	2
1068.55015	535.28235	2	37.3781	2
1068.55970	535.28715	2	64.2213	2
1068.58005	535.29730	2	60.5884	2
1068.59290	535.30375	2	57.3984	2
1068.61805	535.31630	2	43.1590	2
1068.65380	535.33415	2	45.7094	2
1070.60770	536.31115	2	74.5470	2
1070.60840	536.31150	2	45.0830	1
1070.63460	536.32460	2	69.4330	2
1070.65905	536.33680	2	76.3267	2
1071.41655	536.71555	2	40.3072	2
1071.56570	536.79015	2	49.2079	2
1071.59330	536.80390	2	53.9984	3
1072.52890	537.27175	2	47.8297	2
1072.55585	537.28520	2	72.0262	2
1072.57415	537.29435	2	73.7506	2
1072.59560	537.30510	2	39.4688	2
1072.61260	537.31355	2	41.5559	2
1073.49885	537.75670	2	45.1202	2
1073.51780	537.76620	2	54.4698	2
1073.58715	537.80085	2	44.1892	2
1073.59110	537.80280	2	59.4051	2
1073.60860	537.81155	2	86.6786	2
1073.65935	537.83695	2	63.5735	2
1074.02865	538.02160	2	35.1092	2
1074.54555	538.28005	2	43.6647	2
1074.55205	538.28330	2	53.4590	2
1074.57180	538.29315	2	60.0964	2
1075.47865	538.74660	2	34.4118	2
1075.53330	538.77390	2	66.1720	1
1075.55820	538.78640	2	61.7844	1
1075.59150	538.80305	2	70.7935	2
1075.61295	538.81375	2	57.9415	2
1075.62790	538.82120	2	67.7931	2
1076.46160	539.23805	2	51.5453	2
1076.51385	539.26420	2	49.4263	2
1076.52610	539.27030	2	33.9865	2
1076.56025	539.28740	2	54.2962	2
1076.57270	539.29365	2	43.1116	2
1077.60395	539.80925	2	39.5311	2
1078.50415	540.25935	2	41.3185	2
1081.45600	541.73530	2	40.8009	1
1081.55630	541.78540	2	69.8153	1
1081.62425	541.81940	2	60.1595	2
1082.53265	542.27360	2	54.8970	2
1082.55570	542.28515	2	82.2218	2
1082.62490	542.31970	2	77.0038	2
1082.64505	542.32980	2	55.2045	2
1084.48615	543.25035	2	38.8941	2
1084.51990	543.26720	2	73.9226	1
1084.54335	543.27895	2	28.5491	2
1084.56900	543.29180	2	45.6111	1
1084.57280	543.29370	2	88.9764	2
1084.57305	543.29380	2	96.0553	4
1084.63860	543.32660	2	78.7940	2
1084.66070	543.33760	2	55.7267	2
1085.57145	543.79300	2	47.1255	2
1085.60840	543.81150	2	51.4042	2
1085.61350	543.81405	2	43.6982	2
1085.62320	543.81890	2	74.9843	2
1085.64395	543.82925	2	67.4997	2
1086.55550	544.28505	2	47.8270	2
1086.56700	544.29075	2	34.0355	2
1086.56710	544.29080	2	50.8590	1
1087.55225	544.78340	2	51.0053	2
1087.56335	544.78895	2	42.4983	2
1087.58755	544.80105	2	41.7043	2
1087.59845	544.80650	2	30.5766	2
1087.61335	544.81395	2	70.4235	2
1088.45635	545.23545	2	37.1755	2
1088.49735	545.25595	2	60.2942	2
1088.50230	545.25840	2	41.3984	3
1088.51040	545.26250	2	31.7359	1
1088.55510	545.28480	2	71.0348	2
1088.57175	545.29315	2	32.9767	2
1088.60840	545.31145	2	35.7823	2
1089.53215	545.77335	2	41.9260	2
1089.55645	545.78550	2	34.4860	2
1089.56850	545.79150	2	62.8091	2
1090.46785	546.24120	2	37.8845	2
1090.60275	546.30865	2	59.1175	2
1091.51670	546.76560	2	55.5429	2
1091.55705	546.78580	2	39.5209	2
1092.53915	547.27685	2	55.1202	2
1093.54080	547.77765	2	57.9817	2
1093.55220	547.78340	2	38.3514	1
1094.08090	548.04770	2	36.5801	4
1094.55165	548.28310	2	68.1008	2
1094.55550	548.28505	2	77.5534	2
1094.56150	548.28800	2	33.3033	1
1094.56520	548.28990	2	47.7359	2
1094.59700	548.30580	2	57.6080	1
1095.55580	548.78520	2	54.3472	1
1095.55700	548.78580	2	56.1500	1
1095.56370	548.78910	2	69.4140	2
1095.56700	548.79080	2	31.4441	1
1096.49785	549.25620	2	60.5335	2
1096.51935	549.26695	2	48.3060	2
1096.56235	549.28845	2	42.1180	2
1097.60825	549.81140	2	56.4575	2
1098.52825	550.27140	2	61.4497	2
1098.53530	550.27490	2	44.9139	2
1098.58265	550.29860	2	49.9913	2
1099.49430	550.75440	2	60.2654	3
1099.56150	550.78805	2	41.9920	2
1099.61520	550.81490	2	51.8562	2
1100.46015	551.23735	2	66.3632	2
1100.55785	551.28620	2	33.8463	2
1100.57235	551.29345	2	71.1989	2
1101.55590	551.78520	2	70.4809	2
1101.60235	551.80845	2	37.7471	2
1101.65120	551.83290	2	52.8508	2
1102.57715	552.29585	2	64.2545	2
1102.58665	552.30060	2	36.3605	2
1102.61580	552.31520	2	72.0466	1
1103.56015	552.78735	2	39.4936	2
1103.58285	552.79870	2	50.3743	2
1103.63825	552.82640	2	84.3216	2
1104.47645	553.24550	2	35.1588	4
1104.50920	553.26190	2	52.5603	1
1104.51910	553.26685	2	44.6709	2
1104.53150	553.27300	2	44.2856	1
1104.54645	553.28050	2	46.4551	2
1104.54690	553.28070	2	43.9679	3
1104.56380	553.28920	2	48.3695	2
1104.56675	553.29065	2	33.6504	2
1104.59270	553.30360	2	59.9186	2
1104.62605	553.32030	2	87.3902	2
1105.52980	553.77220	2	62.9169	2
1105.57680	553.79565	2	64.8584	2
1106.53920	554.27685	2	47.5034	2
1106.58690	554.30075	2	82.7214	2
1106.61000	554.31225	2	82.0605	2
1107.53835	554.77645	2	61.2455	2
1107.54470	554.77960	2	54.1213	2
1107.55010	554.78235	2	65.7870	2
1107.55465	554.78460	2	37.1679	2
1107.57545	554.79500	2	89.5199	8
1107.59210	554.80335	2	44.4506	2
1108.51540	555.26500	2	31.8601	2
1108.54710	555.28080	2	32.5782	1
1108.57055	555.29255	2	78.0539	2
1108.57070	555.29260	2	48.3041	1
1108.92045	555.46750	2	37.3406	4
1109.50285	555.75870	2	75.1083	2
1109.53340	555.77395	2	78.6014	2
1109.53980	555.77720	2	47.0982	2
1109.55010	555.78235	2	89.9049	2
1109.57300	555.79380	2	33.0754	2
1109.58620	555.80035	2	58.4529	2
1109.61340	555.81400	2	71.1009	2
1109.68210	555.84830	2	78.4617	2
1110.46720	556.24085	2	42.0552	2
1110.52045	556.26750	2	60.2296	2
1110.59015	556.30235	2	82.9726	2
1110.60790	556.31120	2	76.7439	1
1110.66535	556.33995	2	74.1755	2
1111.57245	556.79350	2	34.2008	2
1112.44580	557.23020	2	34.8220	1
1113.63720	557.82590	2	58.5957	1
1114.55625	558.28540	2	77.9025	2
1114.56685	558.29070	2	64.3780	2
1114.62350	558.31905	2	62.0331	2
1114.63515	558.32485	2	52.7169	2
1115.05445	558.53450	2	46.2604	4
1115.51395	558.76425	2	47.0982	2
1115.52545	558.77000	2	33.2261	2
1115.54550	558.78000	2	45.8571	1
1115.55710	558.78580	2	34.9944	2
1115.57605	558.79530	2	41.8749	2
1115.58390	558.79920	2	53.5637	1
1115.60170	558.80810	2	55.8801	2
1116.50165	559.25810	2	43.7220	2
1116.50310	559.25885	2	47.2094	2
1116.56610	559.29035	2	54.1446	2
1116.58260	559.29860	2	72.4237	2
1116.60395	559.30925	2	31.6081	2
1116.61225	559.31340	2	35.2676	2
1116.65390	559.33420	2	82.8789	1
1117.52665	559.77060	2	39.2441	2
1117.54295	559.77875	2	42.3169	2
1117.56165	559.78810	2	50.6902	2
1117.60630	559.81040	2	70.7853	2
1118.01710	560.01580	2	46.2667	4
1118.48720	560.25085	2	32.9564	2
1118.54835	560.28145	2	75.9400	2
1118.63345	560.32400	2	56.9109	2
1119.54130	560.77790	2	69.1812	2
1119.58285	560.79870	2	62.4593	2
1119.59565	560.80510	2	67.3032	2
1119.67060	560.84260	2	82.4180	2
1120.05955	561.03705	2	57.4117	4
1120.57600	561.29530	2	60.3116	2
1121.46695	561.74075	2	41.8163	2
1121.53550	561.77500	2	68.5546	2
1121.54755	561.78105	2	42.9684	2
1121.61040	561.81245	2	47.4084	2
1122.51065	562.26260	2	59.4937	2
1123.47805	562.74630	2	46.1457	2
1123.56990	562.79225	2	57.3062	2
1123.58195	562.79825	2	53.3723	2
1124.59010	563.30235	2	61.9052	2
1124.61970	563.31715	2	69.1936	2
1124.63140	563.32295	2	37.5954	6
1124.68055	563.34755	2	80.2283	2
1125.51220	563.76335	2	35.1289	2
1125.54630	563.78040	2	44.9093	1
1125.57160	563.79305	2	43.0257	2
1125.63930	563.82690	2	60.8787	2
1126.49580	564.25520	2	54.2308	1
1126.53300	564.27380	2	60.3731	1
1126.59730	564.30590	2	51.2688	1
1126.65965	564.33710	2	76.9735	2
1127.47435	564.74445	2	68.9492	2
1127.52110	564.76780	2	38.4259	3
1127.56090	564.78770	2	77.4165	1
1127.56475	564.78965	2	42.4129	2
1127.61330	564.81395	2	61.9683	2
1127.65515	564.83485	2	52.3538	2
1128.56630	565.29040	2	41.8697	2
1128.57775	565.29615	2	42.7043	2
1128.58815	565.30135	2	32.0398	2
1128.63910	565.32685	2	59.6658	2
1129.58085	565.79770	2	55.5585	2
1129.63425	565.82440	2	35.2155	2
1129.63440	565.82450	2	39.7077	2
1129.67090	565.84270	2	69.9449	2
1130.55820	566.28640	2	47.2734	2
1131.57800	566.79630	2	34.5203	2
1131.62995	566.82225	2	70.3117	2
1131.65350	566.83405	2	81.5838	2
1132.54240	567.27845	2	32.5001	2
1132.55580	567.28515	2	56.7587	2
1132.58800	567.30125	2	61.7887	2
1133.55330	567.78390	2	69.0563	3
1133.57200	567.79330	2	55.9086	2
1133.57210	567.79330	2	72.2001	2
1133.57550	567.79500	2	66.0846	2
1133.60900	567.81180	2	62.2403	2
1133.64480	567.82970	2	67.9176	2
1134.53350	568.27400	2	43.7567	2
1134.55210	568.28330	2	35.3625	1
1134.57820	568.29635	2	46.2156	2
1134.59195	568.30325	2	47.6449	2
1135.59795	568.80625	2	47.1833	2
1136.53630	569.27545	2	53.0818	2
1136.56000	569.28730	2	58.6323	1
1136.57185	569.29320	2	57.6912	2
1136.57245	569.29350	2	60.8291	2
1137.46160	569.73810	2	33.7800	2
1137.56445	569.78950	2	82.5023	2
1137.57840	569.79645	2	55.0038	2
1138.56610	570.29030	2	62.2323	2
1138.58630	570.30040	2	34.7950	1
1139.54580	570.78015	2	54.3482	2
1139.56150	570.78800	2	66.4924	3
1139.62955	570.82205	2	39.5156	2
1139.65465	570.83460	2	61.5203	2
1140.52325	571.26890	2	33.3152	2
1140.56030	571.28740	2	76.9967	1
1141.55575	571.78515	2	71.6589	2
1141.56770	571.79115	2	62.5712	2
1141.59895	571.80675	2	32.4183	2
1141.60995	571.81225	2	59.3174	2
1142.03295	572.02375	2	64.9101	4
1142.48810	572.25130	2	45.1281	2
1142.55500	572.28480	2	90.3254	1
1142.55710	572.28580	2	51.3806	2
1142.61640	572.31545	2	54.6179	2
1142.63035	572.32245	2	34.0985	2
1143.50855	572.76155	2	55.5917	2
1143.55690	572.78570	2	74.9737	1
1143.57180	572.79315	2	65.4088	2
1143.58820	572.80135	2	34.6419	2
1143.69005	572.85230	2	86.6466	2
1144.58785	573.30120	2	49.4022	2
1144.59665	573.30560	2	60.0443	2
1144.60920	573.31190	2	38.0194	2
1144.63490	573.32470	2	57.1822	2
1145.08360	573.54905	2	57.3811	4
1145.57565	573.79510	2	46.9817	2
1145.67025	573.84240	2	70.6119	2
1146.57695	574.29575	2	45.5277	2
1146.58590	574.30025	2	72.4806	2
1146.61320	574.31390	2	52.5356	2
1147.55400	574.78425	2	48.7987	2
1147.55540	574.78500	2	43.3184	2
1147.57955	574.79705	2	65.0077	2
1147.58805	574.80130	2	54.5598	2
1147.63940	574.82700	2	87.6864	1
1148.51230	575.26340	2	34.4491	1
1148.54680	575.28070	2	52.8243	2
1148.56565	575.29010	2	66.1261	2
1148.57045	575.29250	2	79.9337	2
1148.60815	575.31135	2	58.0785	2
1148.60845	575.31150	2	62.4221	2
1149.55000	575.78230	2	58.7913	3
1149.56660	575.79060	2	57.6598	2
1149.56705	575.79080	2	67.9255	2
1150.56930	576.29190	2	59.0840	1
1150.58715	576.30085	2	55.1202	2
1150.58890	576.30170	2	48.1616	2
1151.60880	576.81170	2	73.9173	1
1151.65325	576.83390	2	68.7155	2
1151.71720	576.86590	2	83.3262	1
1151.72770	576.87110	2	75.8361	1
1152.52150	577.26805	2	77.5208	2
1152.53015	577.27235	2	53.6454	2
1152.54535	577.27995	2	91.6638	2
1152.54875	577.28165	2	60.6821	2
1152.55300	577.28375	2	37.0233	2
1152.58615	577.30035	2	58.2861	2
1154.62090	578.31775	2	59.3489	2
1154.63055	578.32255	2	44.9087	2
1155.55695	578.78575	2	68.2822	2
1155.56330	578.78890	2	35.0631	2
1155.58255	578.79855	2	88.0892	2
1155.62600	578.82025	2	51.9925	2
1155.65015	578.83235	2	49.1077	2
1156.51830	579.26645	2	55.7535	2
1156.52030	579.26745	2	44.8242	2
1156.60260	579.30855	2	66.8553	2
1157.57630	579.79545	2	75.4717	2
1157.59185	579.80320	2	58.5743	2
1157.59400	579.80425	2	52.3836	2
1157.63465	579.82460	2	53.2060	2
1158.59915	580.30685	2	42.2022	2
1158.62450	580.31950	2	47.7706	2
1159.56970	580.79210	2	63.6898	2
1159.57420	580.79435	2	34.5524	2
1159.58240	580.79850	2	45.6906	2
1159.59470	580.80465	2	41.3081	2
1159.61890	580.81670	2	40.1819	2
1159.63985	580.82720	2	80.0943	2
1159.68150	580.84800	2	49.8103	1
1160.56575	581.29015	2	37.5024	2
1160.58615	581.30035	2	67.0669	2
1160.58695	581.30075	2	49.6962	2
1160.59350	581.30405	2	73.2535	2
1160.59720	581.30585	2	54.2909	2
1160.61550	581.31505	2	36.8035	2
1161.59855	581.80655	2	45.9678	2
1161.59940	581.80700	2	53.7065	2
1161.60700	581.81075	2	73.1267	2
1161.61460	581.81460	2	53.3550	1
1161.66260	581.83860	2	95.4425	2
1162.59875	582.30665	2	71.9329	2
1163.57690	582.79575	2	65.8619	2
1163.58190	582.79825	2	58.9103	2
1163.60755	582.81105	2	67.6399	2
1164.57235	583.29345	2	32.2071	2
1164.60305	583.30880	2	55.0600	2
1164.72375	583.36915	2	70.6882	2
1165.46100	583.73775	2	35.5274	2
1165.57985	583.79720	2	87.1188	6
1166.54200	584.27825	2	46.9488	2
1167.59245	584.80350	2	76.1673	2
1167.61795	584.81625	2	84.9013	2
1168.64545	585.33000	2	49.4926	2
1168.68145	585.34800	2	69.9996	2
1168.68235	585.34845	2	58.7378	2
1168.74395	585.37925	2	79.5358	2
1169.57195	585.79325	2	54.4129	2
1170.51980	586.26720	2	50.6153	1
1170.62875	586.32165	2	47.4084	2
1170.66065	586.33760	2	70.6980	2
1170.66080	586.33770	2	67.0381	2
1171.57690	586.79570	2	65.5919	2
1171.62065	586.81760	2	50.2526	2
1171.62440	586.81945	2	56.3675	2
1171.70050	586.85755	2	54.9528	2
1172.59680	587.30570	2	66.0494	2
1172.61490	587.31470	2	40.6523	2
1172.61930	587.31690	2	71.5301	2
1172.62220	587.31840	2	53.8817	1
1172.62925	587.32190	2	66.3243	2
1172.62940	587.32195	2	73.9692	2
1172.64075	587.32765	2	71.1909	2
1173.58855	587.80155	2	46.7653	2
1173.61465	587.81460	2	85.3226	2
1174.06685	588.04070	2	34.2426	4
1174.54600	588.28030	2	32.5199	1
1174.56115	588.28785	2	54.2693	2
1174.60630	588.31045	2	41.0755	2
1175.53700	588.77575	2	44.3662	2
1175.57215	588.79335	2	60.8863	2
1175.58595	588.80025	2	69.1420	2
1175.61995	588.81725	2	41.8161	2
1175.65555	588.83505	2	59.2656	2
1176.57340	589.29400	2	31.4492	1
1176.58100	589.29780	2	52.9166	2
1177.60930	589.81190	2	63.4693	1
1177.63420	589.82440	2	66.5148	2
1177.63470	589.82465	2	55.2389	2
1177.66040	589.83750	2	90.0996	1
1177.66280	589.83870	2	84.8012	1
1178.51725	590.26590	2	38.3863	2
1178.56885	590.29170	2	29.7727	2
1180.52265	591.26860	2	62.6657	2
1180.59785	591.30620	2	64.9041	2
1180.70735	591.36095	2	85.6172	2
1181.65175	591.83315	2	54.9449	2
1182.54120	592.27785	2	75.0443	2
1182.60455	592.30955	2	71.4766	2
1182.62760	592.32110	2	72.5254	2
1182.66455	592.33955	2	58.6659	2
1182.68115	592.34785	2	78.6430	2
1184.58590	593.30020	2	61.3902	2
1184.60560	593.31010	2	50.2695	1
1184.61945	593.31700	2	76.2205	2
1184.67720	593.34590	2	70.3612	2
1185.57465	593.79460	2	86.1513	2
1185.57770	593.79610	2	36.4894	2
1185.63990	593.82725	2	79.2911	2
1185.65105	593.83280	2	64.1990	2
1186.54450	594.27950	2	45.3226	2
1186.65610	594.33535	2	47.1519	2
1187.59670	594.80565	2	65.5995	2
1187.62190	594.81825	2	77.3943	2
1187.69395	594.85425	2	85.3953	2
1187.70340	594.85895	2	80.4864	2
1187.70365	594.85910	2	87.9278	2
1188.58895	595.30175	2	42.2324	2
1188.59845	595.30650	2	46.1875	2
1188.61635	595.31545	2	50.4028	2
1188.67580	595.34520	2	61.1762	1
1189.54115	595.77785	2	78.6682	2
1189.63690	595.82575	2	52.0865	2
1189.64635	595.83045	2	70.0571	2
1189.67190	595.84320	2	74.3279	2
1190.56060	596.28755	2	55.2603	2
1190.60100	596.30775	2	64.4134	2
1191.61445	596.81450	2	57.8800	2
1191.66515	596.83985	2	82.3430	2
1192.52835	597.27145	2	46.5167	2
1192.59720	597.30590	2	56.1862	1
1192.61570	597.31510	2	66.6258	2
1192.66715	597.34085	2	86.8105	2
1193.61710	597.81580	2	38.3611	2
1193.63355	597.82405	2	67.8873	2
1193.66875	597.84165	2	89.8719	2
1194.51150	598.26305	2	31.0618	2
1194.55695	598.28575	2	53.4718	2
1194.62300	598.31880	2	72.8510	1
1195.60965	598.81210	2	60.6466	2
1196.54910	599.28180	2	45.2703	2
1196.57175	599.29315	2	35.4002	2
1196.65130	599.33290	2	49.0115	2
1197.54630	599.78040	2	77.9906	2
1197.57025	599.79240	2	52.2591	2
1197.57540	400.19905	3	35.4830	2
1197.62505	599.81980	2	60.0390	2
1197.69755	599.85605	2	75.2046	2
1198.61920	400.54700	3	52.0542	2
1198.65530	400.55905	3	40.5291	2
1198.65545	600.33500	2	40.5694	2
1199.54700	600.78075	2	54.8550	2
1199.66810	600.84135	2	89.7525	2
1199.71175	600.86315	2	78.3858	2
1200.61995	401.21390	3	41.9612	2
1200.62440	601.31945	2	59.2027	2
1200.62475	601.31965	2	41.9337	2
1200.64540	601.32995	2	52.0865	2
1200.65125	601.33290	2	79.6638	2
1201.09060	601.55255	2	42.6998	4
1201.61920	601.81685	2	74.8865	2
1201.62890	401.55025	3	36.1469	2
1201.63130	601.82295	2	36.5909	2
1201.66670	601.84065	2	46.5500	2
1201.66870	601.84160	2	56.8533	2
1202.58890	602.30170	2	40.1525	2
1202.60495	401.87560	3	48.4024	2
1202.60545	602.31000	2	48.4634	2
1202.64180	401.88785	3	39.0257	2
1202.64340	602.32900	2	38.9900	2
1202.65115	602.33285	2	64.9537	2
1203.59855	602.80655	2	41.4059	2
1203.61720	602.81585	2	57.9190	2
1203.67175	602.84315	2	51.6295	2
1204.48145	603.24800	2	42.1485	2
1204.58465	603.29960	2	52.6504	2
1204.60170	603.30810	2	56.8056	1
1204.60800	603.31130	2	57.2171	2
1204.61245	603.31350	2	80.0016	2
1204.61535	603.31495	2	92.7230	2
1204.65650	402.55945	3	47.9667	2
1204.65720	603.33590	2	47.9766	2
1205.56595	402.86260	3	59.5611	2
1205.59160	402.87110	3	59.3836	2
1205.62940	603.82195	2	56.5060	2
1205.64060	603.82760	2	54.4649	2
1205.71335	402.91170	3	65.2029	2
1205.71390	603.86425	2	65.2700	2
1206.59535	604.30495	2	61.1284	2
1206.60770	604.31115	2	72.8557	2
1206.62540	604.31995	2	64.5184	2
1207.57150	604.79300	2	62.7100	1
1207.57235	604.79345	2	63.7113	2
1207.62080	604.81765	2	55.3600	2
1207.62425	604.81940	2	72.5199	2
1207.67310	604.84380	2	84.3597	2
1207.76635	604.89045	2	80.8897	2
1208.06505	605.03980	2	44.3105	4
1208.59560	605.30510	2	82.7557	2
1208.60350	605.30905	2	68.4639	2
1209.58750	605.80105	2	48.0939	2
1210.56150	606.28800	2	46.6341	1
1210.56180	606.28820	2	46.6597	1
1210.59915	606.30685	2	63.2263	2
1210.74060	606.37760	2	70.8262	2
1211.59780	606.80620	2	62.4176	1
1211.61845	606.81650	2	78.0538	2
1211.62605	404.88260	3	35.5872	2
1211.65010	404.89065	3	48.5159	2
1211.65045	606.83250	2	48.5524	2
1212.50260	607.25860	2	37.8922	2
1212.53205	405.18465	3	51.5111	2
1212.56625	405.19605	3	28.1643	2
1213.64540	405.55570	3	53.6175	2
1213.66760	607.84110	2	48.2988	1
1213.67135	405.56440	3	81.8309	2
1213.67180	607.84320	2	81.9136	1
1214.59735	608.30595	2	63.6312	2
1214.70260	608.35860	2	63.1794	1
1215.59880	608.80670	2	50.2176	2
1215.64635	608.83045	2	60.4071	2
1215.65300	608.83375	2	82.7899	2
1215.68180	406.23455	3	34.8616	2
1215.68270	608.84865	2	34.8986	2
1216.57470	609.29460	2	48.9849	2
1216.57575	609.29515	2	39.2485	2
1216.61965	609.31710	2	55.2096	2
1216.65660	609.33560	2	69.8855	2
1216.72515	609.36985	2	85.7120	2
1217.56370	609.78910	2	70.2068	2
1217.60840	609.81150	2	57.8121	2
1217.67670	406.89950	3	68.3664	2
1218.66485	610.33970	2	83.2297	2
1219.61260	610.81355	2	49.6441	2
1220.64040	611.32750	2	49.2486	3
1220.64120	611.32790	2	78.2326	2
1221.59800	611.80625	2	59.0577	2
1221.60985	408.21055	3	31.1203	2
1221.61075	611.81265	2	31.1749	2
1221.63560	611.82510	2	56.7637	3
1222.56910	408.53030	3	30.5866	3
1222.62020	612.31740	2	56.6773	1
1223.54205	612.77830	2	46.6642	2
1223.62570	612.82015	2	36.0269	2
1223.64990	408.89060	3	47.5853	1
1223.71315	612.86385	2	79.4510	6
1224.62420	613.31940	2	68.5786	2
1224.62875	613.32165	2	53.9756	2
1224.65700	613.33580	2	37.1631	1
1224.65765	409.22645	3	36.8389	2
1224.68425	613.34940	2	43.3782	2
1225.59855	613.80655	2	63.1348	2
1225.67105	613.84280	2	69.3156	2
1226.70795	614.36125	2	81.3479	2
1227.65685	614.83570	2	59.0551	2
1227.66215	614.83835	2	70.3281	2
1227.67290	614.84370	2	68.2869	3
1227.68160	410.23450	3	49.7803	1
1227.68230	614.84845	2	64.7776	2
1228.68770	615.35110	2	63.9509	1
1228.73935	615.37695	2	82.5974	2
1229.55765	615.78610	2	41.6677	2
1229.61225	615.81340	2	78.8894	2
1229.61945	615.81700	2	49.7819	2
1229.62480	615.81970	2	45.2781	2
1229.65050	410.89075	3	47.6805	2
1229.65075	615.83265	2	47.7464	2
1229.73835	410.92005	3	59.1360	2
1230.58365	616.29910	2	41.7800	2
1230.58795	411.20325	3	35.3682	2
1230.58920	616.30190	2	60.1339	2
1230.62050	616.31755	2	48.8676	2
1230.63945	616.32700	2	78.9445	2
1230.65685	616.33570	2	41.5825	2
1230.65900	411.22690	3	30.6574	1
1230.66290	616.33870	2	82.5365	2
1231.58610	616.80030	2	36.5555	2
1231.62460	616.81955	2	55.1495	2
1231.64110	616.82785	2	54.2400	2
1231.65655	616.83555	2	60.7678	2
1231.65870	616.83660	2	57.2127	1
1231.69350	411.57180	3	58.1921	2
1232.57170	617.29310	2	34.2481	1
1232.60715	617.31085	2	46.2236	2
1233.60315	412.20835	3	80.0943	2
1233.60790	617.81120	2	50.3562	1
1233.62050	617.81755	2	44.0076	2
1233.66225	617.83840	2	57.4553	2
1234.56865	412.53015	3	40.6321	2
1234.59755	618.30605	2	35.6163	2
1234.60880	412.54355	3	56.2234	2
1234.65420	618.33435	2	64.3416	2
1235.60680	412.87620	3	39.9483	2
1235.60710	618.81080	2	39.9536	2
1235.64920	618.83190	2	49.1673	1
1235.65385	412.89185	3	49.0801	2
1235.66900	412.89695	3	58.3336	2
1235.66935	618.84195	2	58.3999	2
1235.69920	412.90700	3	52.8853	2
1236.56265	619.28860	2	48.3362	2
1237.61485	413.54555	3	45.0285	2
1237.63495	413.55225	3	37.7400	2
1237.63530	619.82495	2	37.8299	2
1237.64610	619.83030	2	64.2212	2
1237.74020	619.87740	2	67.8872	2
1238.66190	620.33820	2	52.7874	1
1239.59185	620.80320	2	58.8655	2
1239.59585	414.20585	3	35.9646	2
1239.61940	620.81700	2	62.6168	1
1239.63770	620.82610	2	84.4146	1
1239.68335	620.84895	2	75.3818	2
1239.71875	620.86665	2	74.1641	2
1240.16045	621.08750	2	48.6746	4
1240.58810	414.53660	3	36.4304	2
1240.59080	621.30270	2	66.6326	2
1240.67985	621.34720	2	75.6868	2
1240.70420	621.35935	2	90.8802	2
1241.59440	621.80450	2	71.2431	1
1241.66470	621.83960	2	62.1683	1
1241.67410	621.84430	2	43.3512	2
1241.77470	414.93220	3	77.4000	1
1241.77515	621.89485	2	77.4649	2
1242.63630	415.21935	3	44.0871	2
1242.63730	622.32590	2	44.1319	1
1242.64625	622.33040	2	55.0304	2
1243.67830	415.56670	3	61.0856	1
1244.54195	623.27825	2	52.3309	2
1244.56730	623.29090	2	46.5858	2
1244.61090	415.87755	3	34.1353	2
1244.63280	623.32370	2	66.3941	2
1244.67225	415.89805	3	36.8135	2
1245.62180	623.81820	2	47.3838	2
1245.62280	416.21485	3	47.3229	2
1245.65140	623.83300	2	81.7235	2
1245.65890	623.83675	2	43.2235	2
1245.67205	416.23130	3	54.7051	2
1245.67535	623.84495	2	42.3479	2
1246.64990	416.55725	3	67.1215	2
1246.69270	624.35360	2	72.4319	2
1248.07045	625.04250	2	48.0891	2
1248.61940	625.31700	2	58.0034	2
1248.67120	625.34285	2	60.9985	2
1248.67330	625.34390	2	63.2702	2
1249.59175	625.80315	2	49.8200	2
1249.63045	625.82250	2	57.3628	2
1249.65485	625.83470	2	64.0088	2
1249.65750	625.83600	2	82.8139	2
1250.59800	626.30630	2	30.0505	1
1250.66490	626.33970	2	80.1151	1
1250.72580	626.37015	2	87.5469	2
1250.76100	626.38780	2	72.1519	2
1251.66125	626.83790	2	74.7926	2
1251.66490	418.22890	3	49.7159	1
1252.73940	627.37700	2	79.0392	2
1252.75025	418.59065	3	65.8348	2
1253.55900	627.78675	2	66.3967	2
1253.62940	627.82200	2	32.3733	1
1253.63025	418.88405	3	32.2734	2
1254.59055	628.30255	2	68.3417	2
1254.59975	628.30715	2	80.1577	2
1254.72960	628.37210	2	69.2750	2
1254.72990	628.37220	2	40.0636	2
1254.73295	419.25160	3	51.7904	2
1255.22245	419.41475	3	40.7163	4
1255.58405	628.79930	2	42.9120	2
1255.62760	628.82105	2	69.9395	2
1255.65660	419.55950	3	53.2308	2
1255.65670	628.83560	2	53.3116	1
1255.66745	628.84100	2	73.7504	2
1255.67810	628.84630	2	50.6207	2
1255.70250	628.85850	2	69.0964	2
1255.71440	628.86450	2	65.1663	1
1255.71490	419.57890	3	65.1058	2
1256.61055	629.31255	2	49.9409	2
1256.69780	419.90650	3	47.0687	2
1256.69815	629.35635	2	47.0334	2
1256.70835	629.36145	2	96.6303	2
1257.64685	629.83070	2	41.9948	2
1257.67235	629.84345	2	55.4874	4
1258.59935	630.30695	2	80.9364	2
1258.67570	630.34515	2	67.1832	2
1258.68845	630.35150	2	51.8483	2
1258.76505	630.38980	2	86.7160	2
1259.57530	420.86570	3	35.7789	1
1259.63380	630.82420	2	75.0046	2
1259.63575	630.82515	2	58.0139	2
1259.66005	630.83730	2	58.5850	2
1260.57760	631.29605	2	36.0508	2
1260.58785	631.30120	2	42.1075	2
1260.67200	631.34330	2	56.9162	2
1261.57855	631.79655	2	50.4945	2
1261.62270	421.54820	3	40.0347	1
1261.67090	421.56420	3	37.4790	1
1261.74780	631.88120	2	94.9842	1
1263.61975	632.81715	2	33.2536	2
1263.61980	422.21390	3	33.1942	1
1263.62830	632.82140	2	56.4019	2
1263.66165	422.22780	3	54.0398	2
1263.67130	632.84290	2	88.4566	2
1263.68490	632.84970	2	66.6351	2
1264.64935	633.33195	2	60.8290	2
1264.64955	422.55710	3	60.7973	2
1264.77500	633.39480	2	92.8137	1
1265.58825	633.80140	2	42.0304	2
1265.61080	422.87750	3	30.5664	1
1265.68920	633.85185	2	51.0702	2
1266.56250	634.28855	2	45.5588	2
1266.62040	634.31750	2	37.4035	1
1266.62170	423.21450	3	37.4058	2
1266.62695	634.32075	2	70.9220	2
1267.64920	634.83190	2	81.8509	2
1267.68990	634.85220	2	49.2402	2
1268.61550	423.87910	3	52.6794	2
1268.66225	635.33840	2	50.3144	2
1268.66270	423.89485	3	50.2268	2
1268.69980	635.35715	2	69.5493	2
1269.62415	635.81935	2	80.1659	2
1269.62720	635.82090	2	63.3329	2
1269.65360	424.22510	3	66.8113	1
1269.65750	424.22640	3	46.3441	3
1269.65855	635.83655	2	46.3642	2
1269.70390	635.85925	2	62.7081	2
1269.73015	635.87235	2	77.8750	2
1269.75540	424.25910	3	55.2295	1
1270.65295	636.33375	2	43.0599	2
1270.69920	636.35690	2	61.8742	1
1270.69950	424.57380	3	61.8212	2
1270.72820	636.37140	2	91.6857	2
1271.56370	424.86180	3	77.2070	1
1271.61840	636.81650	2	55.2483	1
1271.62380	636.81920	2	59.5138	1
1271.64810	636.83130	2	84.1631	1
1271.68770	424.90315	3	59.8549	2
1271.69120	636.85285	2	63.9303	2
1271.76165	636.88810	2	81.6819	2
1272.69330	637.35390	2	64.4187	2
1273.63435	637.82445	2	73.3850	2
1273.65520	637.83490	2	66.4625	1
1273.66895	637.84175	2	64.8074	2
1273.67765	637.84610	2	85.9631	2
1273.72150	637.86805	2	69.9723	2
1274.54650	638.28050	2	72.7339	1
1274.62880	425.88355	3	45.4964	2
1274.64425	638.32940	2	84.4168	2
1274.65195	638.33325	2	76.6891	2
1274.66380	638.33920	2	68.9045	1
1274.76085	638.38770	2	78.5996	2
1275.54130	638.77795	2	44.6544	2
1275.57230	638.79340	2	60.6140	1
1275.60440	638.80950	2	79.6099	3
1275.69320	426.23835	3	62.4593	2
1276.63400	639.32425	2	77.0420	2
1276.65130	639.33290	2	89.5024	2
1276.66620	639.34035	2	58.0759	2
1276.67385	639.34420	2	85.6770	2
1276.70410	639.35930	2	71.8399	2
1276.70470	639.35960	2	78.1106	1
1277.63290	639.82370	2	80.7190	1
1277.67360	639.84410	2	68.5890	2
1277.68780	639.85120	2	75.5979	2
1278.12570	640.07010	2	62.1311	4
1278.65020	640.33235	2	84.6106	2
1279.62315	640.81885	2	63.4438	2
1279.69695	427.57295	3	53.5592	2
1279.75050	640.88255	2	74.6307	2
1280.57835	641.29645	2	80.8190	2
1280.59980	427.87385	3	37.0410	2
1280.74380	641.37920	2	87.5797	1
1281.55725	641.78590	2	39.3700	2
1281.61100	641.81275	2	36.0323	2
1282.57420	642.29440	2	71.5000	1
1282.58695	642.30075	2	61.4212	2
1283.61525	642.81490	2	70.4183	2
1283.65115	642.83285	2	65.3368	2
1283.65910	642.83685	2	85.2629	2
1283.70790	428.90990	3	43.7855	2
1283.73430	642.87445	2	77.8184	2
1284.61390	429.21190	3	39.8321	2
1284.62680	643.32065	2	90.7552	2
1284.69420	643.35435	2	77.5286	2
1284.70330	429.24170	3	42.5258	2
1284.70340	643.35895	2	68.8495	2
1284.72925	643.37190	2	83.3967	2
1285.66405	643.83930	2	43.0241	2
1285.72340	429.58170	3	45.6328	1
1286.58390	429.86860	3	53.0157	1
1286.64390	429.88855	3	68.4226	2
1286.65020	429.89070	3	53.8066	2
1286.68380	644.34915	2	85.0047	2
1286.69915	644.35685	2	68.0616	2
1286.78570	644.40015	2	85.9311	2
1287.63085	644.82270	2	84.5125	2
1287.68265	644.84860	2	73.4508	2
1288.59220	645.30335	2	44.2757	2
1288.60620	645.31035	2	63.6793	2
1288.66285	645.33870	2	45.8076	2
1288.68365	645.34910	2	50.8678	2
1288.68555	645.35005	2	67.0066	2
1288.72345	645.36900	2	83.8056	2
1288.74020	645.37740	2	75.4465	2
1289.59160	430.87110	3	36.1994	2
1289.62815	645.82135	2	62.5640	2
1289.62915	645.82185	2	88.8001	2
1289.64710	645.83080	2	49.3299	2
1290.54500	431.18890	3	32.3446	2
1290.54955	646.28205	2	32.4182	2
1290.56995	646.29225	2	39.2538	2
1290.65725	646.33590	2	54.5318	2
1291.57885	646.79670	2	44.4810	2
1291.60755	646.81105	2	50.9571	2
1291.66735	646.84095	2	59.9816	2
1292.66060	431.89410	3	61.9282	1
1292.66200	647.33830	2	61.9036	1
1293.62480	647.81965	2	55.2735	2
1294.62355	648.31905	2	68.1611	2
1294.73320	648.37390	2	82.6292	2
1294.79650	432.60610	3	67.5119	2
1295.66495	432.89560	3	61.7942	2
1295.72480	648.86965	2	75.8570	2
1295.74510	648.87980	2	64.5132	1
1295.75620	432.92600	3	60.1242	2
1296.68295	649.34875	2	59.6106	2
1296.68480	433.23555	3	59.6788	2
1296.70505	649.35980	2	68.9183	2
1297.23240	649.62345	2	45.2220	4
1297.72570	433.58250	3	44.3959	2
1297.73695	649.87575	2	65.4034	2
1297.76045	433.59410	3	63.2675	2
1298.59380	433.87190	3	37.6921	3
1298.59380	650.30420	2	37.6790	2
1298.61000	433.87730	3	37.5749	1
1298.69430	650.35445	2	48.0045	2
1298.74960	650.38210	2	92.3068	1
1299.56935	650.79195	2	36.3528	2
1299.62980	650.82220	2	74.2612	2
1299.67960	650.84710	2	41.0067	1
1299.69485	650.85470	2	79.6361	2
1299.70475	650.85965	2	58.1650	2
1299.71370	650.86410	2	57.7715	1
1300.62390	651.31925	2	86.0834	2
1300.70285	651.35870	2	63.0463	2
1300.73860	651.37655	2	75.7292	2
1300.77570	651.39510	2	85.0797	2
1301.60880	651.81170	2	42.4322	1
1301.63500	434.88560	3	40.6850	2
1301.63580	651.82515	2	40.7176	2
1302.66035	652.33745	2	66.7903	2
1302.72655	652.37055	2	75.0442	2
1303.51385	652.76420	2	65.5333	2
1303.60510	652.80980	2	60.7048	1
1304.61040	653.31245	2	42.7928	2
1304.73480	653.37470	2	78.9140	2
1305.61640	436.21275	3	31.6154	2
1305.62455	653.81955	2	51.1924	2
1305.63430	436.21870	3	61.6411	2
1305.65950	653.83700	2	69.0012	1
1305.70480	653.85970	2	73.6002	2
1306.58220	436.53465	3	40.5344	2
1306.65220	436.55800	3	40.0169	2
1306.66815	654.34135	2	31.9237	2
1306.67610	654.34530	2	75.8435	2
1307.66220	654.83840	2	61.5525	2
1308.65935	655.33695	2	63.2873	2
1308.71935	655.36695	2	86.8649	2
1308.72230	437.24800	3	86.9686	2
1308.74185	655.37820	2	60.3196	2
1308.77765	655.39610	2	73.0644	2
1309.65290	655.83375	2	63.8027	2
1309.66370	437.56185	3	71.9921	2
1310.12255	656.06855	2	68.5245	4
1310.56120	656.28790	2	36.7085	1
1310.65175	437.89115	3	48.0966	2
1310.68145	656.34800	2	80.5994	2
1310.70125	437.90770	3	46.1585	2
1311.57155	656.79305	2	59.7938	2
1311.58400	656.79925	2	50.4317	2
1311.71480	438.24550	3	60.6450	1
1311.76725	656.89090	2	84.4608	2
1313.61380	657.81415	2	63.4711	2
1313.69235	438.90470	3	52.4222	2
1313.69390	657.85420	2	52.4793	2
1313.70235	657.85845	2	87.4595	2
1313.71840	438.91340	3	62.1834	2
1313.72035	657.86745	2	85.1322	2
1313.74770	438.92320	3	53.9930	1
1314.59995	439.20725	3	33.7880	2
1314.65745	439.22645	3	50.0548	2
1314.69690	658.35570	2	48.6325	2
1314.69760	658.35605	2	63.1454	2
1314.70290	439.24155	3	48.6278	2
1315.55800	658.78630	2	74.6567	1
1315.56325	439.52835	3	46.4859	2
1315.66025	658.83740	2	72.9216	2
1315.67935	658.84695	2	60.5060	2
1315.69950	658.85700	2	73.4689	1
1315.71000	658.86230	2	65.2078	2
1316.56470	659.28960	2	55.6514	1
1316.66660	659.34060	2	76.2217	3
1316.67695	439.89955	3	64.6831	2
1316.67755	659.34605	2	64.7222	2
1316.73425	659.37440	2	68.6165	2
1316.73560	659.37505	2	96.2740	2
1317.60985	440.21055	3	52.9701	2
1317.64230	659.82845	2	42.8788	2
1317.74800	440.25660	3	75.5319	1
1318.66060	660.33760	2	79.3422	1
1318.67270	660.34360	2	79.1948	1
1319.63320	660.82390	2	53.6713	1
1319.66400	660.83930	2	54.2600	1
1319.66405	440.89525	3	54.2957	2
1319.69240	660.85345	2	81.8618	2
1319.70905	440.91030	3	64.4927	2
1320.60055	661.30755	2	72.3362	2
1320.61075	661.31265	2	56.0787	2
1320.62470	661.31960	2	41.2262	2
1320.62500	441.21560	3	41.1989	2
1320.62510	661.31980	2	71.0963	1
1320.63505	441.21895	3	51.4386	2
1320.67910	661.34680	2	90.2673	5
1321.61610	661.81535	2	52.2087	2
1321.76540	661.88995	2	81.1402	2
1321.76570	441.59580	3	81.0643	2
1322.66630	662.34040	2	89.1631	2
1322.67250	662.34350	2	64.6496	2
1322.70660	441.90950	3	37.4970	2
1322.71030	662.36240	2	37.6456	1
1322.72800	662.37130	2	72.9390	1
1323.71930	442.24705	3	71.5670	2
1324.69285	663.35370	2	78.2704	2
1324.73380	663.37415	2	63.7497	2
1324.78345	442.60175	3	65.6853	2
1326.62130	664.31795	2	61.0870	2
1326.68930	443.23705	3	31.9950	2
1326.69050	664.35250	2	31.9719	2
1327.65295	443.55825	3	57.4299	2
1328.74570	443.92250	3	42.6508	2
1328.75280	443.92485	3	71.6817	2
1328.75320	665.38390	2	71.8511	2
1329.65365	665.83410	2	43.9842	2
1329.65450	665.83450	2	59.4901	1
1329.69300	444.23825	3	66.3325	2
1329.69330	665.85390	2	77.3309	2
1330.71390	666.36420	2	62.0904	2
1330.78230	444.60140	3	86.2923	1
1330.78300	666.39880	2	86.1434	2
1331.67560	666.84505	2	74.8811	2
1331.70890	666.86170	2	63.9455	1
1331.70970	666.86215	2	81.1236	2
1331.72835	666.87145	2	92.7467	2
1331.74540	666.88000	2	82.5920	2
1331.76710	666.89085	2	46.0618	2
1332.64550	667.33005	2	48.0992	2
1332.70230	667.35840	2	83.0991	2
1333.57235	445.53140	3	54.9527	2
1333.59430	667.80440	2	43.9238	2
1333.69150	667.85300	2	59.6964	1
1334.66215	445.89465	3	46.7025	2
1334.71930	445.91370	3	54.0873	2
1334.71960	668.36705	2	54.0948	2
1334.72415	668.36935	2	76.9095	2
1335.63880	668.82670	2	72.3537	2
1335.64360	668.82910	2	60.2605	2
1336.74670	446.58950	3	43.6146	2
1336.74705	669.38080	2	43.5745	2
1336.80915	669.41185	2	80.2356	2
1337.57120	669.79290	2	39.6566	3
1337.59970	669.80715	2	59.7428	6
1337.67245	669.84350	2	73.8159	2
1338.61360	670.31410	2	61.3310	2
1338.66815	670.34135	2	63.5625	2
1338.71520	447.24570	3	47.6150	1
1338.71970	670.36715	2	72.9755	2
1339.65345	670.83400	2	65.1057	2
1339.74610	447.58930	3	56.0883	2
1339.75055	670.88255	2	82.0604	2
1339.77170	670.89310	2	94.3445	3
1340.59825	671.30640	2	49.7624	2
1340.73020	671.37235	2	62.5784	2
1341.19860	671.60660	2	45.5506	4
1341.62205	671.81830	2	75.5364	2
1341.69835	448.24005	3	46.7420	2
1341.72665	448.24950	3	44.5407	2
1342.65135	448.55775	3	38.2310	2
1342.65170	448.55780	3	54.5571	2
1342.69085	672.35270	2	70.9794	2
1342.70945	448.57710	3	56.8450	2
1342.71130	672.36290	2	63.2979	2
1342.73560	672.37510	2	85.5794	7
1343.76605	448.92930	3	54.8916	2
1343.76645	672.89050	2	54.8829	2
1344.68155	673.34805	2	53.8345	2
1344.71455	673.36455	2	66.5511	2
1344.72940	449.25040	3	72.6963	1
1344.74100	673.37780	2	83.8193	2
1344.74550	449.25580	3	82.1237	1
1344.74780	449.25655	3	68.5629	2
1345.62295	449.54825	3	34.3225	2
1345.62300	673.81880	2	34.4062	1
1346.57795	674.29625	2	40.6320	2
1346.67420	674.34440	2	73.5122	2
1346.68405	674.34930	2	79.9140	2
1346.71810	449.91330	3	71.5254	1
1346.76700	449.92960	3	69.0385	2
1346.76760	674.39105	2	69.1072	2
1347.58105	674.79780	2	53.3505	2
1347.58470	450.20220	3	44.2660	1
1347.66825	674.84140	2	88.7359	2
1347.72065	674.86760	2	85.2364	2
1347.74580	674.88015	2	64.0708	2
1347.74705	450.25630	3	63.9905	2
1347.76445	450.26205	3	83.3625	2
1349.56850	675.79150	2	76.7706	1
1349.58620	675.80040	2	33.8131	1
1349.68310	675.84880	2	70.0244	2
1349.68475	675.84965	2	61.4291	2
1350.60880	676.31170	2	40.4796	2
1350.64220	676.32835	2	76.4988	2
1350.71620	676.36540	2	74.2587	2
1351.63835	676.82645	2	35.1157	2
1351.63850	451.55345	3	35.0822	2
1351.64100	676.82780	2	61.1451	2
1352.59515	451.87230	3	31.4929	2
1352.64000	677.32730	2	63.8781	1
1352.72990	451.91725	3	55.5346	2
1352.75585	677.38520	2	68.5224	2
1353.72015	677.86735	2	88.4808	2
1353.72550	677.87000	2	66.1455	2
1354.72905	678.37180	2	89.5427	2
1355.71750	678.86600	2	85.6935	2
1355.73065	678.87260	2	57.0918	2
1355.77685	678.89570	2	82.4740	2
1355.77880	452.93355	3	59.4435	2
1356.73610	679.37530	2	60.5225	2
1356.74925	453.25700	3	48.8887	2
1356.75055	679.38255	2	48.9223	2
1357.66270	453.56150	3	50.0595	3
1357.66335	679.83895	2	50.0785	2
1357.67340	679.84395	2	31.1175	2
1357.67480	453.56550	3	30.9660	1
1357.74525	453.58900	3	58.8655	2
1357.74560	679.88010	2	58.9328	2
1358.65815	680.33635	2	89.0191	2
1358.66150	680.33800	2	57.3709	2
1358.66800	680.34130	2	46.2991	1
1358.66895	453.89690	3	46.2429	2
1358.67915	453.90030	3	39.2233	2
1358.68070	680.34760	2	39.2815	2
1358.74135	680.37795	2	83.1332	2
1358.75705	680.38580	2	92.9413	2
1359.68255	680.84855	2	67.6037	2
1359.68860	454.23680	3	39.0202	2
1360.58645	454.53610	3	34.7689	2
1360.70000	681.35730	2	75.9669	1
1361.66805	681.84130	2	40.9661	2
1361.67230	681.84345	2	67.3757	2
1361.72060	681.86755	2	69.2552	2
1361.72375	681.86915	2	71.9572	2
1362.58980	682.30220	2	48.9516	2
1362.64510	682.32980	2	54.0571	1
1362.71450	682.36450	2	58.6374	2
1362.71935	682.36695	2	83.7457	2
1363.65750	682.83605	2	63.3908	2
1363.68590	682.85020	2	73.3141	1
1363.68980	455.57050	3	45.5840	2
1363.69205	682.85330	2	45.6537	2
1364.59200	455.87130	3	51.4493	1
1364.59265	683.30360	2	51.4760	2
1364.63900	683.32680	2	64.8597	1
1364.65540	683.33500	2	77.2231	2
1364.66950	683.34200	2	45.3862	2
1364.68340	683.34900	2	61.8511	2
1364.71890	683.36675	2	65.2782	2
1364.73500	683.37475	2	69.7642	2
1365.67785	683.84620	2	56.3134	2
1365.67820	456.23335	3	56.3027	2
1366.73205	456.58460	3	37.1397	2
1366.75845	456.59345	3	37.2618	2
1367.54545	684.78000	2	34.2618	2
1367.65440	456.89205	3	51.6698	2
1367.67270	456.89815	3	50.5673	2
1367.68725	456.90300	3	51.9363	2
1367.68835	684.85145	2	52.0270	2
1367.71355	684.86405	2	72.1178	2
1367.76820	684.89135	2	83.6433	2
1367.77800	684.89630	2	75.4820	2
1368.64700	457.22290	3	68.0189	1
1368.75095	685.38275	2	75.1056	2
1368.79800	457.27330	3	64.4128	2
1369.67380	457.56520	3	52.4139	2
1369.79340	685.90395	2	55.0671	2
1370.28575	457.76920	3	55.4754	4
1370.72295	686.36875	2	79.9728	2
1370.81860	686.41660	2	94.8997	2
1371.68300	686.84880	2	73.8976	1
1371.73545	458.25240	3	49.8420	2
1371.74490	458.25560	3	55.2726	1
1372.68515	687.34985	2	66.6947	2
1372.71585	458.57920	3	54.7931	2
1373.69015	458.90395	3	38.4486	2
1373.74100	687.87775	2	71.1632	2
1373.75325	687.88390	2	57.4838	2
1374.68850	688.35150	2	48.2138	1
1374.68890	459.23690	3	48.2131	2
1374.70905	688.36180	2	73.7899	2
1374.76180	459.26120	3	78.0235	2
1374.76285	688.38870	2	78.0647	2
1374.79090	688.40270	2	84.3489	2
1375.71410	459.57860	3	76.5311	1
1376.71020	689.36235	2	89.6115	2
1376.71310	689.36385	2	83.4958	2
1376.71820	689.36635	2	65.5441	2
1376.72940	459.91710	3	50.1440	2
1376.84995	459.95725	3	66.8501	2
1377.67235	689.84345	2	83.1943	2
1377.67840	689.84650	2	75.9085	2
1377.68705	689.85080	2	33.6502	2
1377.68820	460.23670	3	33.6045	2
1377.69405	460.23865	3	88.4242	2
1377.69690	689.85570	2	88.0273	2
1377.74130	689.87790	2	84.2330	3
1378.69810	690.35635	2	60.3503	2
1378.75910	690.38685	2	94.5993	2
1379.68770	460.90320	3	39.9437	1
1379.76565	460.92915	3	72.9994	2
1379.76770	690.89115	2	73.0200	2
1379.77155	690.89305	2	80.2855	2
1380.64220	461.22135	3	54.4994	2
1380.79955	691.40705	2	76.7187	2
1381.67520	691.84490	2	66.6714	2
1381.74600	691.88030	2	73.9031	1
1382.65135	692.33295	2	76.7755	2
1382.75970	692.38710	2	77.7759	2
1382.84915	461.95695	3	78.1507	2
1383.54125	692.77790	2	26.7734	2
1383.64550	692.83000	2	52.8176	1
1383.67935	462.23370	3	43.5553	2
1384.66310	693.33880	2	56.3701	2
1384.73140	693.37300	2	83.7657	1
1384.73440	462.58540	3	64.4575	1
1385.73485	693.87470	2	75.4100	2
1385.75180	693.88320	2	62.5990	2
1387.56000	694.78730	2	62.1128	1
1387.63300	694.82380	2	75.3400	1
1387.66705	463.56295	3	48.1874	2
1387.69375	694.85415	2	57.0863	2
1387.72810	463.58330	3	83.8110	2
1387.72945	694.87200	2	83.8769	2
1387.74645	694.88050	2	66.2043	2
1388.55745	695.28600	2	55.6042	2
1388.70590	695.36020	2	52.4469	2
1389.73395	695.87425	2	87.5277	2
1390.70850	464.57680	3	36.0708	1
1390.75645	464.59275	3	67.9481	2
1391.55860	464.86010	3	35.6792	1
1391.69370	464.90520	3	60.8512	1
1391.69445	696.85450	2	60.7388	2
1391.70490	696.85975	2	53.1133	2
1392.61780	465.21320	3	59.5865	2
1392.66875	697.34165	2	63.5137	2
1392.87220	697.44335	2	83.9506	2
1393.64410	697.82935	2	68.7454	2
1393.65235	697.83345	2	71.2505	2
1393.67855	697.84655	2	70.7337	2
1393.69145	697.85300	2	82.4378	2
1393.70265	465.57480	3	55.9734	2
1393.70380	697.85920	2	77.4876	2
1395.65125	698.83290	2	58.5743	2
1395.71135	698.86295	2	40.3936	2
1395.71140	466.24440	3	40.4405	2
1396.67945	699.34700	2	77.2834	2
1396.80490	699.40975	2	66.7557	2
1397.60290	466.87490	3	47.0313	2
1397.78705	466.93625	3	65.7769	2
1397.79575	699.90515	2	79.5999	2
1398.62625	700.32040	2	52.5976	2
1398.73530	467.25240	3	51.0401	2
1398.77210	700.39335	2	64.2014	2
1399.66280	700.83870	2	61.3544	1
1399.67325	700.84390	2	71.4111	2
1399.69475	700.85465	2	54.7101	2
1399.69910	467.57365	3	48.5845	2
1401.57100	701.79280	2	42.9117	2
1401.71080	701.86270	2	42.5363	2
1401.71085	468.24420	3	42.4360	2
1401.76335	701.88895	2	80.6626	2
1402.74955	702.38205	2	77.0694	2
1403.63960	702.82710	2	61.0923	2
1403.74035	468.92070	3	41.0440	2
1403.74155	702.87805	2	69.4644	2
1403.74190	702.87825	2	41.1081	2
1404.79850	703.40655	2	68.1859	2
1405.65240	703.83350	2	56.3646	2
1405.68175	469.56785	3	71.7148	2
1406.71595	704.36525	2	74.7559	2
1406.73275	704.37365	2	80.6266	2
1407.72450	704.86955	2	49.9742	2
1407.72465	470.24880	3	49.9031	2
1407.78345	470.26845	3	66.4726	2
1407.78435	470.26870	3	60.4650	2
1408.65080	705.33265	2	77.6216	2
1408.66170	705.33810	2	70.6711	2
1408.66905	705.34180	2	39.6134	2
1409.68730	705.85095	2	68.7568	2
1409.74055	470.92075	3	49.3407	2
1410.70020	706.35735	2	55.9815	2
1410.72375	471.24850	3	50.5568	2
1410.77190	471.26455	3	57.7204	2
1411.65910	706.83685	2	48.4022	2
1411.67350	706.84400	2	72.6453	2
1411.71735	471.57970	3	70.2383	2
1411.82855	471.61680	3	73.0172	2
1411.82990	706.92225	2	72.8894	2
1412.64410	707.32935	2	89.1886	2
1412.73100	471.91760	3	73.7155	1
1412.77485	707.39470	2	51.1016	2
1412.81475	707.41465	2	83.0112	2
1412.82605	471.94925	3	75.2842	2
1412.83915	471.95365	3	66.9459	2
1412.83950	707.42700	2	67.0145	2
1413.67500	707.84475	2	37.9026	2
1413.76600	707.89030	2	61.7582	2
1414.72970	472.58380	3	47.6556	2
1414.73085	708.37270	2	47.7094	2
1414.73290	708.37370	2	81.7912	2
1415.64830	708.83140	2	92.6791	1
1415.68935	708.85195	2	58.1321	2
1415.72640	708.87050	2	46.3064	2
1415.76030	472.92740	3	40.5894	1
1416.72450	709.36950	2	90.2973	1
1416.72535	709.36995	2	65.0155	2
1416.78190	473.26790	3	59.2285	1
1417.66845	709.84150	2	55.6942	2
1417.67940	473.56705	3	47.0638	2
1417.68100	709.84780	2	47.1027	1
1417.71040	709.86250	2	74.3570	2
1417.81680	709.91565	2	84.2659	2
1418.70770	710.36115	2	80.5373	2
1418.70795	710.36125	2	58.3736	2
1419.66345	710.83900	2	57.6542	2
1419.69925	710.85690	2	51.3694	2
1419.75575	474.25915	3	51.5617	2
1419.75710	474.25960	3	40.4645	1
1419.81350	710.91400	2	81.2285	2
1420.19175	474.40450	3	51.8973	4
1420.65100	711.33275	2	47.1761	6
1420.70310	711.35885	2	60.1674	2
1421.67670	474.89950	3	62.8361	2
1421.70565	474.90915	3	58.7354	2
1421.80320	474.94170	3	63.7828	2
1422.59410	475.20530	3	37.2391	2
1422.59460	712.30460	2	37.3022	1
1422.67320	475.23165	3	41.0486	2
1422.68815	712.35135	2	65.8926	2
1422.75205	712.38330	2	78.7910	2
1423.67000	712.84230	2	82.4125	2
1424.63330	713.32390	2	49.5425	1
1424.66165	713.33810	2	68.4816	2
1424.72015	713.36735	2	67.2132	2
1425.67380	713.84420	2	73.8717	1
1425.80900	713.91175	2	74.0376	2
1425.81920	713.91690	2	62.6221	1
1425.81995	476.28060	3	62.5104	2
1426.79075	476.60420	3	43.4214	2
1427.64210	714.82835	2	46.6414	2
1427.72630	714.87040	2	52.9653	2
1427.79910	476.94030	3	57.9301	1
1427.79930	714.90695	2	82.8835	2
1428.71105	477.24430	3	46.3313	2
1428.78230	477.26800	3	76.8471	2
1429.75035	715.88245	2	63.9874	2
1429.75680	477.59290	3	60.3321	3
1429.75700	715.88580	2	60.5054	2
1429.76170	715.88810	2	51.9708	2
1429.80285	715.90870	2	97.7172	2
1430.73855	477.92010	3	50.8913	2
1430.77280	716.39365	2	86.2455	2
1431.78730	478.26970	3	65.7492	2
1431.80025	716.90740	2	79.9446	2
1432.71620	478.57930	3	45.3517	2
1432.71700	717.36580	2	45.4237	2
1433.62610	717.82030	2	75.2483	1
1434.74780	718.38115	2	73.8074	2
1435.66260	718.83860	2	38.8379	2
1435.76715	718.89085	2	63.3491	2
1436.69370	479.90515	3	55.8537	2
1436.69485	719.35470	2	55.9815	2
1436.70400	719.35925	2	68.7488	2
1436.76285	479.92820	3	51.9086	2
1436.78670	479.93620	3	62.5398	2
1437.69295	719.85375	2	64.0018	2
1438.58855	480.53675	3	30.5031	2
1439.64675	720.83065	2	48.6084	2
1439.79955	720.90705	2	73.1063	2
1440.82015	721.41735	2	79.6306	2
1441.83090	721.92275	2	86.3796	2
1442.65160	722.33310	2	84.1913	2
1442.66905	722.34180	2	51.7211	2
1442.68730	722.35090	2	80.1548	2
1442.72920	481.91700	3	49.8843	2
1443.67320	722.84385	2	44.0415	2
1443.80990	722.91225	2	74.0675	2
1443.84580	722.93020	2	79.7465	2
1444.66940	723.34200	2	56.5383	2
1444.67710	723.34580	2	85.1428	2
1444.74240	723.37850	2	70.9363	2
1444.77065	482.59745	3	61.0619	2
1444.81000	723.41230	2	87.7876	3
1446.71100	724.36280	2	62.9439	3
1446.78230	483.26800	3	64.6367	1
1447.73270	724.87360	2	68.1258	2
1447.75525	483.59235	3	57.0266	2
1448.71455	725.36455	2	57.2417	2
1448.74430	725.37940	2	83.2960	2
1449.67725	725.84590	2	62.7487	2
1449.71530	725.86490	2	74.3122	1
1449.86650	484.29610	3	60.4346	2
1450.72500	726.36975	2	81.9889	2
1450.73775	726.37615	2	89.8772	2
1450.81885	484.61355	3	65.8103	2
1451.66440	484.89540	3	49.1431	2
1451.71260	484.91150	3	34.9438	1
1451.79635	484.93940	3	51.6025	2
1452.76920	485.26370	3	57.8446	2
1452.80110	727.40785	2	90.6593	2
1453.76050	727.88750	2	56.5233	1
1454.73025	728.37240	2	79.1993	2
1454.76300	485.92825	3	66.9180	2
1454.87195	485.96460	3	77.1641	2
1454.87235	728.44345	2	77.0336	2
1455.69980	486.24050	3	68.2164	2
1455.70095	728.85775	2	68.2244	2
1455.83890	728.92675	2	81.1892	2
1457.78830	486.93670	3	81.4665	2
1457.78880	729.90165	2	81.4998	2
1458.74705	487.25630	3	76.6173	2
1458.74740	730.38095	2	69.3436	2
1459.70445	730.85950	2	58.8994	2
1459.71045	730.86250	2	67.7293	2
1459.74340	730.87895	2	63.8965	2
1459.84050	487.62075	3	75.7488	2
1459.84100	730.92775	2	75.7871	2
1461.83805	488.28660	3	76.9150	2
1461.83815	731.92635	2	77.1360	2
1462.69525	732.35490	2	65.4623	2
1462.71090	732.36270	2	65.7283	1
1462.76660	732.39060	2	68.3322	1
1463.67515	488.89895	3	62.9923	2
1463.70865	732.86160	2	80.0634	2
1463.70940	488.91040	3	66.6899	1
1463.70975	732.86215	2	66.5483	2
1463.74070	488.92085	3	72.2053	2
1463.75045	732.88250	2	72.2677	2
1464.30080	489.10750	3	65.1011	4
1464.74805	489.25665	3	81.6595	2
1464.76660	489.26280	3	84.7286	1
1464.78570	489.26920	3	62.4760	2
1464.79380	733.40420	2	61.9378	2
1464.79475	733.40465	2	68.0366	2
1465.73055	733.87255	2	86.8996	2
1466.77405	489.93195	3	44.2084	2
1468.31400	490.44525	3	56.5164	4
1468.69435	735.35445	2	53.9460	2
1468.79715	735.40585	2	74.5210	2
1470.74745	491.25645	3	66.2657	2
1470.74815	491.25665	3	56.3082	2
1470.80135	736.40795	2	88.7935	2
1470.84605	736.43030	2	83.3043	2
1471.70875	736.86165	2	54.3836	2
1471.74080	736.87765	2	65.4761	2
1471.75715	491.59295	3	67.0671	2
1472.71450	491.91210	3	45.4154	2
1472.73670	737.37565	2	57.7850	2
1472.73700	491.91960	3	57.7126	2
1472.75230	737.38340	2	53.6407	1
1472.77600	491.93260	3	59.3488	2
1473.76050	492.26080	3	74.6622	1
1474.76810	738.39130	2	79.3732	1
1475.77425	492.93200	3	63.1121	2
1476.69760	739.35610	2	52.8230	1
1476.71030	739.36245	2	65.3012	2
1476.78370	739.39915	2	73.2047	2
1477.74275	739.87865	2	84.7071	2
1477.76175	739.88815	2	72.4599	2
1478.77855	740.39655	2	74.4799	2
1479.73680	740.87570	2	77.5177	1
1479.87840	740.94645	2	79.3463	2
1480.68990	494.57055	3	36.3950	2
1480.83665	494.61950	3	59.2001	2
1481.73660	494.91950	3	52.5314	1
1481.88120	741.94790	2	78.3841	1
1482.82995	742.42225	2	68.4335	2
1483.71310	495.57830	3	61.6945	2
1483.74540	495.58910	3	29.8172	1
1483.76355	742.88905	2	76.2890	2
1484.81010	743.41235	2	83.2684	2
1484.82080	495.94750	3	74.6986	2
1484.82155	743.41805	2	74.8174	2
1485.68775	743.85115	2	54.2047	2
1485.79870	743.90660	2	82.8734	1
1485.82285	496.28155	3	87.0503	2
1485.82605	743.92030	2	87.0614	2
1486.71970	496.58050	3	75.7871	2
1486.76545	744.39000	2	71.4399	2
1486.77930	496.60040	3	54.0221	1
1486.78185	744.39820	2	67.4336	2
1487.22680	744.62070	2	77.6592	4
1488.64910	745.33180	2	49.2723	2
1488.74265	497.25480	3	45.1507	2
1488.79570	497.27250	3	59.4321	2
1490.73110	497.91760	3	58.1498	1
1490.73330	497.91840	3	58.1305	1
1492.71020	747.36235	2	48.1955	2
1492.71460	747.36460	2	65.8908	1
1492.80880	498.61020	3	76.4450	1
1493.64860	498.89010	3	39.1054	2
1493.64970	747.83210	2	39.1809	1
1493.74755	498.92315	3	56.6837	2
1493.74785	747.88120	2	56.6266	2
1495.74195	499.58790	3	69.2799	2
1495.83965	748.92710	2	81.7543	2
1495.85565	499.62585	3	81.9223	2
1495.85775	748.93615	2	82.1342	2
1495.87260	499.63150	3	69.6754	2
1496.68575	749.35015	2	85.3898	2
1496.76260	499.92810	3	56.9758	2
1496.76445	749.38950	2	65.1691	2
1496.78575	749.40015	2	71.2897	2
1496.82705	749.42080	2	91.9200	2
1498.76165	750.38810	2	75.2274	2
1498.77965	750.39710	2	68.7235	2
1498.84135	750.42795	2	85.1005	2
1499.71470	500.91215	3	55.9461	2
1499.71660	750.86560	2	56.0345	1
1499.77300	750.89380	2	85.7715	1
1500.76155	501.26115	3	56.1875	2
1500.79620	751.40540	2	59.5528	2
1500.79995	501.27390	3	59.5773	2
1500.81400	501.27860	3	61.0491	1
1500.81600	501.27930	3	65.2668	1
1500.81640	501.27940	3	69.3200	3
1501.28680	751.65070	2	72.4260	4
1501.71620	501.57935	3	51.1589	2
1501.71665	751.86560	2	51.2448	2
1501.80160	751.90810	2	68.1816	1
1502.75695	752.38575	2	88.0551	2
1503.70620	502.24270	3	46.3888	1
1503.71440	752.86450	2	53.5190	1
1504.65540	502.55910	3	90.0137	1
1504.74870	502.59015	3	54.2102	2
1504.78055	753.39755	2	80.7372	2
1504.79850	753.40655	2	69.5278	2
1504.87565	502.63250	3	80.3449	2
1505.65360	502.89180	3	47.6193	2
1505.72600	502.91595	3	61.4809	2
1505.77300	502.93160	3	62.9146	1
1505.91845	753.96650	2	93.1639	2
1506.79440	754.40450	2	66.5733	2
1506.79505	754.40480	2	60.6519	2
1507.71420	503.57870	3	63.9247	2
1507.73470	503.58550	3	52.7179	1
1508.74450	755.37955	2	86.9356	2
1508.75945	503.92710	3	77.0419	2
1508.81280	503.94485	3	48.9749	2
1508.81320	755.41390	2	48.9570	2
1508.90365	503.97515	3	64.8301	2
1509.65745	504.22640	3	47.2402	2
1509.74705	504.25630	3	52.3074	2
1510.71485	504.57890	3	58.2520	2
1510.71510	756.36480	2	58.3068	2
1510.74480	756.37965	2	74.9496	2
1510.75220	504.59130	3	57.9900	1
1511.71560	504.91250	3	42.7426	3
1511.71640	756.86545	2	42.7638	2
1511.79105	756.90280	2	98.9411	2
1511.85735	756.93595	2	80.8544	2
1512.87670	505.29950	3	85.3110	1
1512.87850	757.44650	2	85.1959	2
1513.69795	757.85625	2	68.6247	2
1513.75080	757.88270	2	77.8383	2
1513.87475	757.94465	2	96.5532	2
1514.72340	505.91505	3	56.8378	2
1514.79990	758.40720	2	66.7956	2
1514.80005	758.40730	2	91.5892	2
1514.80470	505.94220	3	45.8652	2
1514.85730	758.43595	2	90.0219	2
1515.71645	506.24610	3	78.1789	2
1515.71820	758.86635	2	78.1093	2
1515.75250	506.25810	3	33.6099	2
1515.75295	758.88375	2	33.6745	2
1515.75550	758.88500	2	50.9019	2
1515.76245	758.88850	2	89.3688	2
1515.77095	506.26425	3	78.5729	2
1515.82430	758.91940	2	79.4046	1
1516.77810	759.39630	2	74.6360	2
1516.79900	759.40675	2	79.7452	2
1516.80410	506.60860	3	49.1019	1
1516.83410	759.42430	2	80.2201	2
1517.73100	759.87280	2	62.7487	2
1517.73835	759.87645	2	70.2444	2
1517.80895	506.94360	3	76.7186	2
1518.79750	760.40600	2	84.2441	1
1518.92490	507.31555	3	63.2060	2
1520.73675	761.37565	2	53.2004	2
1521.79445	508.27205	3	44.9688	2
1522.75840	762.38650	2	65.2132	2
1523.86780	508.96320	3	77.0934	2
1523.88375	762.94915	2	90.0683	2
1524.74160	763.37810	2	72.1349	2
1524.75465	509.25880	3	72.5381	2
1525.76695	509.59625	3	63.8079	2
1526.73315	509.91830	3	34.8348	2
1527.71010	510.24400	3	36.1094	2
1528.79955	765.40705	2	72.8093	2
1528.81050	510.61080	3	69.7277	2
1529.66330	510.89505	3	38.9518	2
1529.66555	765.84005	2	39.0121	2
1529.84045	510.95410	3	64.2622	2
1529.85775	510.95985	3	79.5018	2
1530.80455	511.27545	3	66.7556	2
1531.69910	511.57360	3	64.6623	1
1531.77580	766.89515	2	65.9911	2
1531.80120	766.90790	2	68.8251	2
1531.80970	766.91210	2	85.3555	1
1532.77420	767.39435	2	74.1069	2
1532.79860	767.40655	2	72.0583	2
1532.82020	767.41740	2	82.2324	2
1533.74260	512.25480	3	35.9142	2
1533.74505	512.25560	3	50.3041	2
1533.74590	767.88025	2	68.4279	2
1533.80515	767.90985	2	75.6370	2
1535.67115	512.89765	3	37.8634	2
1535.67900	768.84680	2	60.4756	2
1535.78540	512.93575	3	68.5171	2
1537.72060	513.58080	3	79.5439	2
1537.79455	769.90455	2	76.5899	2
1538.65690	513.89290	3	49.5625	1
1538.82405	770.41930	2	78.7549	2
1538.82610	513.94930	3	78.8947	2
1540.80730	514.60970	3	63.4077	2
1540.82080	514.61420	3	47.7827	1
1541.78545	514.93575	3	58.3405	2
1541.78960	771.90210	2	58.4289	2
1541.81750	771.91605	2	69.6921	2
1541.82390	514.94860	3	75.9802	2
1541.83050	771.92250	2	75.5308	2
1542.77245	515.26475	3	54.1804	2
1542.79040	772.40250	2	61.8808	2
1542.84025	772.42740	2	92.9113	2
1544.71690	773.36575	2	57.1577	2
1546.69785	774.35620	2	66.8580	2
1547.77295	516.93160	3	54.3840	2
1547.81935	774.91695	2	70.8564	2
1547.82450	516.94880	3	62.8487	1
1547.83080	516.95085	3	58.4786	2
1547.83125	774.92290	2	58.5195	2
1548.77825	517.26670	3	71.1713	2
1548.77910	775.39685	2	71.0955	2
1548.80050	517.27410	3	61.3563	2
1548.92325	775.46890	2	80.1631	2
1549.73830	775.87645	2	63.2366	2
1549.74545	517.58910	3	63.0765	2
1549.82795	775.92125	2	73.3567	2
1550.68825	517.90335	3	34.3845	2
1550.74265	776.37860	2	51.5055	2
1550.76845	517.93010	3	57.7499	2
1550.76995	776.39225	2	57.8202	2
1551.71715	518.24630	3	36.9874	2
1551.76790	776.89120	2	68.2995	2
1551.77520	518.26565	3	39.7958	2
1551.84360	776.92910	2	90.0738	2
1552.73320	518.58500	3	67.3888	1
1553.83160	518.95115	3	81.1134	2
1553.83315	777.92385	2	81.1005	2
1555.73760	778.87610	2	72.3020	2
1555.75010	519.59065	3	51.9031	2
1555.76300	519.59490	3	55.8131	1
1555.79275	778.90365	2	83.3705	2
1555.88300	519.63490	3	77.7160	2
1556.84330	779.42890	2	90.9608	2
1557.78250	779.89850	2	79.8407	1
1557.83170	520.28450	3	72.7283	1
1558.77460	780.39455	2	67.6649	2
1558.79660	780.40560	2	79.6868	1
1559.75275	520.92485	3	71.3757	2
1559.75940	520.92710	3	78.1917	1
1559.82030	780.91740	2	87.6128	1
1559.83725	780.92590	2	86.2098	2
1561.79000	781.90230	2	76.6806	2
1561.83685	781.92570	2	87.7938	2
1562.77355	521.93175	3	67.3137	2
1563.80530	522.27570	3	73.8791	2
1564.29810	783.15635	2	74.0245	4
1564.71580	522.57920	3	53.6860	1
1564.71750	783.36600	2	53.7464	2
1564.74060	783.37755	2	56.2569	2
1565.78630	522.93605	3	58.0416	2
1565.83200	522.95130	3	67.1020	2
1567.82675	784.92065	2	81.9973	2
1567.89390	523.63855	3	65.8245	2
1569.87750	785.94605	2	76.8798	2
1569.91305	785.96380	2	87.3302	2
1570.74565	524.58915	3	52.2086	2
1570.80995	786.41225	2	59.6486	2
1572.78210	787.39830	2	58.9964	2
1572.83100	525.28430	3	78.9862	1
1572.83195	787.42325	2	79.0790	2
1573.82750	787.92105	2	81.2836	2
1574.71175	788.36315	2	71.4764	2
1576.75455	789.38455	2	75.3530	2
1576.76500	789.38980	2	72.6060	1
1577.77180	789.89320	2	72.3361	2
1577.79045	789.90250	2	76.0428	2
1578.26160	527.09445	3	72.8687	4
1578.83615	527.28600	3	70.8456	2
1578.85240	527.29140	3	56.8132	2
1578.87430	527.29870	3	83.5631	2
1578.87430	790.44440	2	83.5392	1
1580.70025	527.90735	3	41.4692	2
1580.80520	527.94230	3	62.5129	2
1580.92920	527.98370	3	75.8742	2
1582.84605	792.43030	2	78.3971	2
1584.74020	529.25400	3	66.9050	1
1585.68850	793.85155	2	64.4053	2
1585.82185	529.61455	3	65.6581	2
1586.87020	794.44240	2	86.0153	2
1587.85730	530.29305	3	65.0409	2
1588.72580	795.37015	2	70.9737	2
1589.82190	795.91825	2	84.2518	2
1589.82240	530.94810	3	84.3820	1
1590.80010	796.40730	2	81.9598	2
1590.80090	531.27420	3	86.3707	1
1591.74755	531.58980	3	44.4449	2
1591.74975	796.88215	2	44.4808	2
1591.80190	531.60790	3	59.0046	2
1591.80485	796.90970	2	59.2108	2
1591.86470	796.93960	2	86.8274	2
1592.82080	531.94750	3	67.3349	1
1592.91545	797.46500	2	72.6160	2
1593.74180	532.25455	3	55.4666	2
1593.74320	797.87890	2	55.5345	2
1593.94900	797.98180	2	82.3816	2
1593.95060	532.32410	3	82.5449	2
1595.80135	798.90795	2	92.2329	2
1595.86380	532.96190	3	50.6545	2
1596.69320	533.23830	3	34.1533	1
1596.76770	533.26315	3	53.1688	2
1597.86900	799.94180	2	70.5987	1
1597.88350	799.94905	2	81.5405	2
1598.83540	533.95240	3	82.6879	3
1598.84650	800.43055	2	82.5308	2
1599.78720	800.90090	2	43.4559	1
1599.84715	800.93085	2	74.9206	2
1599.88370	534.30180	3	63.5133	1
1599.89915	534.30695	3	77.3534	2
1600.78470	534.60215	3	64.5874	2
1600.84380	534.62185	3	64.8959	2
1600.86915	801.44185	2	64.4756	2
1601.72780	801.87120	2	52.7928	1
1602.80195	802.40825	2	76.7895	2
1602.86365	802.43910	2	73.2909	2
1603.81050	802.91255	2	81.3558	2
1604.74355	803.37905	2	64.7790	2
1604.78320	535.93500	3	68.6473	2
1605.80790	803.91120	2	79.2450	1
1606.76480	536.59550	3	70.2023	1
1606.87270	804.44360	2	81.0620	1
1607.79610	536.93930	3	48.6287	1
1607.85045	804.93250	2	85.4781	2
1607.90415	536.97530	3	80.0380	2
1609.83510	805.92480	2	89.0974	2
1609.83690	537.61960	3	89.0581	1
1610.72175	806.36815	2	65.9676	2
1610.78270	537.93480	3	65.7948	1
1610.97200	537.99795	3	71.2336	2
1611.79090	806.90270	2	65.4621	1
1612.85140	807.43300	2	84.9410	2
1612.85805	538.62665	3	70.5422	2
1612.86755	807.44105	2	89.3050	2
1612.90710	538.64295	3	77.1333	2
1613.85210	807.93335	2	82.9263	2
1613.90470	807.95965	2	81.2182	2
1614.84255	808.42855	2	77.6949	2
1615.75920	539.59370	3	57.8527	2
1615.85790	539.62655	3	73.1062	2
1616.73130	539.91770	3	48.1505	2
1616.78410	809.39935	2	75.1646	2
1617.78760	809.90110	2	44.7752	2
1619.81545	540.94575	3	65.9562	2
1620.86275	541.29485	3	86.3446	2
1620.86560	811.44005	2	86.3136	2
1621.83175	811.92315	2	84.8008	2
1621.87370	811.94415	2	71.1035	2
1622.76605	541.92930	3	38.2909	2
1622.79920	541.94035	3	81.8197	2
1622.80090	812.40770	2	81.9189	1
1623.87150	812.94300	2	87.7258	1
1625.77410	813.89430	2	77.9707	2
1625.77735	813.89595	2	81.1317	2
1625.82860	542.95010	3	83.3414	1
1626.85755	543.29315	3	57.5021	2
1626.85935	814.43695	2	57.5362	2
1627.74940	814.88200	2	67.7621	2
1627.78480	543.60220	3	50.0888	2
1628.79010	815.40235	2	94.7701	2
1628.81635	543.94605	3	56.8745	2
1628.81665	815.41560	2	56.9677	2
1629.78050	544.26740	3	56.5584	1
1629.87465	815.94460	2	69.8275	2
1629.88210	815.94835	2	89.0133	2
1630.84560	544.62245	3	82.1902	2
1631.88870	544.97020	3	73.8397	1
1631.92510	544.98230	3	71.7496	2
1631.92690	816.97070	2	71.8397	2
1632.77820	545.26665	3	46.7308	2
1633.84370	545.62185	3	79.7063	2
1633.85645	545.62610	3	62.2157	2
1634.80205	818.40830	2	63.0077	2
1634.82930	545.95040	3	44.8681	1
1634.88785	545.96990	3	53.9673	2
1635.76390	546.26190	3	54.9729	1
1635.82540	546.28240	3	81.7711	1
1638.83965	547.28715	3	75.8177	2
1639.87710	547.63295	3	77.8693	2
1639.87815	820.94635	2	77.9322	2
1639.87930	820.94695	2	95.1117	2
1639.87940	547.63370	3	95.2679	1
1639.94490	547.65555	3	73.6782	2
1640.84900	547.95695	3	47.5310	2
1641.77170	821.89310	2	74.6137	2
1641.88360	821.94910	2	84.4524	2
1642.69235	822.35345	2	47.4217	2
1642.80555	822.41005	2	59.6160	2
1642.85265	548.62480	3	48.7411	2
1642.85490	822.43470	2	48.7795	2
1642.88320	548.63500	3	79.5747	2
1643.78440	822.89950	2	61.6618	1
1643.79050	548.93740	3	47.4610	1
1643.82430	822.91945	2	45.1333	2
1643.82885	822.92170	2	75.1907	2
1643.84135	548.95440	3	67.0941	2
1644.84400	412.21830	4	42.4656	2
1645.90430	549.64205	3	67.6339	2
1646.83890	549.95360	3	61.8210	2
1648.79310	550.60495	3	44.0972	2
1648.79480	413.20595	4	44.1764	2
1648.84400	550.62195	3	52.7466	2
1648.84565	413.21870	4	52.7383	2
1648.96770	413.24920	4	58.5405	2
1648.96780	550.66320	3	58.5076	2
1649.93630	825.97545	2	77.0939	2
1651.90300	826.95880	2	88.6068	1
1651.92645	826.97050	2	84.9713	2
1651.92670	551.64950	3	85.0045	2
1653.87345	552.29840	3	76.1297	2
1653.92185	552.31455	3	76.6533	2
1654.78920	828.40185	2	71.0086	2
1654.82040	552.61410	3	78.1973	1
1654.89280	552.63820	3	81.4027	1
1654.89340	828.45400	2	81.3118	2
1655.76330	552.92835	3	49.3380	2
1655.85745	552.95975	3	64.6011	2
1657.81955	829.91705	2	88.7734	2
1657.92000	553.64730	3	83.4472	1
1658.78980	553.93720	3	54.7682	2
1659.90970	554.31050	3	79.0807	2
1659.91855	830.96655	2	79.1022	2
1660.73990	554.58720	3	65.4899	1
1660.84235	554.62140	3	62.7159	2
1662.80175	555.27450	3	52.1479	2
1662.82950	555.28380	3	70.1299	2
1662.82965	832.42210	2	70.0651	2
1662.89170	555.30450	3	76.9404	1
1663.79750	555.60640	3	72.0174	2
1664.79155	417.20520	4	39.2260	2
1664.80990	833.41220	2	79.4101	1
1664.84305	833.42880	2	73.4393	2
1664.86745	555.96305	3	64.9686	2
1665.89585	833.95520	2	76.5897	2
1666.86865	834.44160	2	77.2582	2
1666.87145	556.63110	3	77.1525	2
1666.87745	834.44600	2	81.0077	2
1666.91680	834.46570	2	82.6665	2
1667.81510	556.94560	3	58.3343	1
1667.86435	834.93945	2	77.5664	2
1668.81310	557.27830	3	57.7876	2
1669.85425	835.93440	2	71.8056	2
1670.83360	836.42405	2	96.6246	2
1670.88470	557.96885	3	55.6516	2
1670.88560	836.45010	2	55.7478	1
1671.71600	558.24590	3	51.0526	1
1672.72490	558.58220	3	42.9883	1
1673.89780	558.97320	3	76.9548	1
1673.90150	837.95805	2	76.8111	2
1674.88485	838.44970	2	92.0831	2
1677.02000	560.01390	3	72.8564	1
1677.81410	560.27860	3	70.9084	2
1677.82470	560.28220	3	46.4700	1
1678.00415	560.34200	3	65.9272	2
1679.87810	560.96665	3	75.3145	2
1681.82300	841.91880	2	76.0029	2
1681.90135	561.64105	3	80.4718	2
1681.90170	841.95810	2	80.4076	2
1682.79755	842.40605	2	87.8049	2
1682.89460	842.45455	2	79.2634	2
1682.90310	561.97500	3	84.9664	1
1683.88575	842.95015	2	77.3223	2
1684.91585	843.46520	2	81.1318	2
1685.91470	562.97885	3	65.6500	2
1686.87060	563.29750	3	63.9872	2
1687.92085	844.96770	2	88.1295	2
1688.73030	423.18990	4	32.4137	1
1688.88375	845.44915	2	83.8191	2
1689.22490	564.08225	3	33.0738	4
1689.84140	564.28775	3	58.8337	2
1689.85890	423.47200	4	65.9750	1
1689.86025	564.29405	3	66.0261	2
1690.96275	564.66155	3	64.1288	2
1691.80080	846.90770	2	65.5643	2
1692.81920	847.41690	2	84.1162	2
1692.96690	847.49070	2	90.6923	2
1693.94120	565.65430	3	82.6450	1
1693.95470	565.65885	3	64.3498	2
1694.80265	565.94150	3	50.4613	2
1694.83840	565.95340	3	48.1511	1
1695.32965	848.67210	2	69.9096	4
1696.77455	849.39455	2	63.6227	2
1696.84630	849.43040	2	86.3559	2
1696.90770	849.46110	2	85.5841	2
1696.90935	566.64375	3	85.6282	2
1697.90080	566.97420	3	77.8071	2
1697.90410	849.95935	2	77.8520	2
1698.00850	850.01150	2	82.8248	2
1698.00990	567.01055	3	82.7266	2
1698.88810	567.30330	3	40.4405	1
1698.89885	850.45670	2	84.7725	2
1698.90035	567.30740	3	84.8146	2
1699.83730	567.61970	3	83.0999	1
1699.86005	567.62730	3	78.2182	2
1700.91150	851.46305	2	80.5763	2
1703.73815	568.92000	3	62.1525	2
1703.81490	568.94555	3	61.0249	2
1704.72750	427.18920	4	27.0813	1
1704.73095	569.25090	3	26.9810	2
1704.91655	569.31280	3	71.0296	2
1705.83790	569.61990	3	47.4316	3
1705.83855	853.92655	2	47.5114	2
1705.88290	853.94870	2	69.7584	2
1706.37505	569.79895	3	67.7666	4
1706.88700	854.45080	2	88.5176	2
1706.90415	854.45935	2	83.5820	2
1707.88510	854.94980	2	93.9566	1
1707.88820	570.30330	3	85.4459	7
1707.89760	570.30650	3	77.4107	5
1707.97700	570.33290	3	79.1300	2
1707.97935	854.99695	2	78.9787	2
1708.75800	570.59330	3	56.3040	1
1709.98210	571.00130	3	76.2702	2
1710.01915	571.01365	3	80.4861	2
1712.88910	857.45180	2	66.9762	2
1712.93875	571.98685	3	69.0792	2
1714.90010	572.64060	3	62.9339	3
1714.90015	858.45735	2	63.0206	2
1714.90595	858.46025	2	70.9447	2
1717.86400	573.62860	3	72.2390	2
1717.86575	859.94015	2	72.2961	2
1717.87820	859.94640	2	84.0751	1
1721.76100	861.88780	2	38.4792	2
1722.87470	575.29880	3	75.9084	2
1722.89710	575.30630	3	76.3972	2
1723.02390	575.34860	3	69.8446	2
1723.02560	862.52010	2	69.8828	2
1724.87460	863.44460	2	82.5927	1
1724.91040	575.97740	3	66.7376	2
1724.93960	575.98710	3	80.7562	1
1725.95090	863.98270	2	86.2757	1
1726.01360	576.34515	3	82.3508	2
1728.78990	577.27055	3	63.8963	2
1728.93540	577.31910	3	59.8922	2
1729.00450	577.34210	3	82.8306	2
1730.75795	577.92660	3	65.1465	2
1730.89785	866.45620	2	73.1932	2
1731.04140	578.02110	3	89.2372	1
1733.87515	578.96565	3	75.9975	2
1735.78860	868.90160	2	79.2150	1
1735.87810	579.63330	3	79.0390	2
1735.96935	868.99195	2	98.1705	2
1736.84630	869.43040	2	80.7236	2
1736.84670	579.95620	3	80.7581	2
1737.92830	580.31670	3	78.8503	2
1738.80420	870.40940	2	68.9516	2
1738.81970	580.61380	3	60.5305	2
1738.82035	580.61405	3	66.2127	2
1739.84690	580.95625	3	70.5568	2
1742.87360	581.96515	3	67.8492	2
1743.80385	872.90920	2	68.0922	2
1743.81120	872.91290	2	51.2173	2
1744.90110	582.64095	3	71.7831	2
1745.83700	582.95290	3	59.8823	1
1745.91370	582.97850	3	74.1350	2
1748.87420	583.96535	3	63.3907	2
1749.86605	875.94030	2	62.3884	2
1750.00935	584.34370	3	56.5923	2
1750.01155	876.01305	2	56.6564	2
1752.89180	585.30450	3	49.2964	1
1752.98350	585.33510	3	86.7560	2
1752.99010	877.50235	2	86.6862	2
1753.84880	585.62355	3	53.1745	2
1755.85915	878.93685	2	71.2813	2
1755.92830	878.97140	2	72.3811	1
1756.89065	879.45260	2	79.7267	2
1757.92275	586.98150	3	74.5521	2
1758.79310	880.40380	2	49.5628	2
1758.83230	587.28470	3	77.6493	1
1759.84875	587.62355	3	66.2489	2
1760.94025	881.47740	2	88.3369	2
1761.89540	588.30570	3	79.0805	1
1761.89615	588.30595	3	74.2000	2
1762.84340	882.42900	2	76.6199	2
1762.89670	588.63950	3	57.8743	1
1763.83360	882.92405	2	62.2729	2
1764.32465	589.11550	3	63.3680	4
1766.94665	884.48060	2	84.6451	2
1767.82285	590.28155	3	65.2439	2
1767.97430	590.33200	3	89.2748	2
1768.90255	885.45855	2	80.3448	2
1769.01965	590.68050	3	80.9729	2
1770.00605	591.00925	3	74.4138	2
1771.91530	591.64570	3	75.9196	2
1772.33470	887.17465	2	77.4743	4
1774.88700	888.45075	2	59.1425	2
1775.37685	592.79955	3	60.3589	4
1776.89760	593.30645	3	67.5674	2
1777.32130	889.66790	2	64.5828	4
1778.99225	890.50340	2	72.4178	2
1779.99040	891.00250	2	73.9965	1
1780.40285	594.47490	3	53.9482	4
1782.87500	595.29890	3	76.2420	1
1784.88120	595.96765	3	62.7680	2
1784.88320	893.44890	2	62.8031	2
1784.91725	595.97970	3	55.8213	2
1785.88890	893.95170	2	88.6248	2
1788.91330	597.31170	3	36.4677	2
1789.93115	895.97285	2	82.5708	2
1792.91125	598.64435	3	62.3071	2
1794.81760	898.41610	2	64.0665	1
1794.98560	898.50010	2	79.9137	2
1796.85695	599.95960	3	74.7357	2
1796.96815	599.99665	3	85.0409	2
1796.98050	600.00080	3	71.4323	3
1799.92875	900.97165	2	100.2629	2
1799.93495	600.98560	3	100.1729	2
1800.99540	601.33910	3	82.7818	1
1803.92360	602.31510	3	50.4778	1
1804.86780	602.62990	3	66.4574	2
1804.86825	903.44140	2	66.4167	2
1804.97000	602.66395	3	78.8303	2
1804.97065	903.49260	2	79.1698	2
1805.38920	903.70190	2	73.8595	4
1806.03650	603.01945	3	72.4000	2
1809.91550	905.96500	2	73.5496	1
1809.99770	906.00610	2	73.7275	2
1814.80080	605.94085	3	80.4134	2
1814.96630	605.99600	3	66.6731	1
1814.97020	605.99730	3	66.7045	1
1815.94210	606.32130	3	72.7671	2
1817.86465	606.96215	3	70.0930	2
1817.90165	606.97450	3	50.1438	2
1820.86335	911.43895	2	59.8602	2
1820.89260	607.97150	3	73.1913	1
1820.91395	607.97860	3	79.4145	2
1821.06385	608.02855	3	84.4222	2
1821.84740	608.28975	3	80.9526	2
1821.89210	608.30460	3	53.6118	2
1823.89270	608.97150	3	84.3106	1
1823.90625	608.97600	3	68.8847	2
1825.86430	913.93945	2	56.1929	2
1825.86450	609.62880	3	56.1101	3
1825.89665	913.95560	2	67.7426	2
1827.94140	610.32105	3	74.4225	2
1827.96865	610.33015	3	66.1759	2
1827.97035	914.99245	2	66.1122	2
1828.90975	915.46215	2	84.7647	2
1828.95270	915.48360	2	74.0374	2
1832.00710	611.67630	3	73.1608	2
1832.91675	611.97950	3	76.8196	2
1832.92800	611.98330	3	61.4472	1
1833.94135	917.97795	2	80.7086	2
1833.96815	612.33000	3	88.4351	2
1835.79805	612.93995	3	60.2236	2
1836.04780	613.02320	3	73.9690	2
1838.11780	613.71320	3	74.3957	2
1838.96025	613.99405	3	64.5615	2
1839.99315	614.33830	3	65.0466	2
1840.89300	614.63830	3	78.4037	1
1840.89360	614.63850	3	78.5601	1
1841.01565	614.67915	3	70.7278	2
1841.01690	921.51575	2	70.6456	2
1841.85730	614.95970	3	49.9605	2
1842.93150	615.31775	3	66.3347	2
1842.97345	615.33175	3	72.2676	2
1844.89125	615.97100	3	63.7387	2
1844.91300	615.97825	3	68.0723	2
1845.99275	616.33820	3	86.6136	2
1846.79240	924.40350	2	72.7383	2
1846.93820	924.47640	2	75.5959	1
1846.97105	924.49280	2	85.5218	2
1852.02170	927.01815	2	83.7089	2
1853.92745	618.98305	3	61.7001	2
1854.91720	928.46590	2	92.9346	1
1856.86010	619.96060	3	55.4659	1
1856.88100	929.44780	2	83.4146	1
1860.94920	621.32370	3	89.5010	1
1860.95420	931.48440	2	89.4657	1
1861.00035	621.34070	3	76.1967	2
1861.98825	621.67005	3	83.7089	2
1862.81885	621.94685	3	60.9388	2
1862.87015	932.44235	2	87.5938	2
1863.99145	622.33775	3	88.8421	2
1864.88180	622.63450	3	73.6778	1
1867.84250	623.62140	3	54.5678	2
1868.83430	935.42440	2	64.3179	2
1872.89660	625.30615	3	54.3534	2
1873.94730	625.65635	3	76.6531	2
1873.96975	625.66385	3	72.5504	2
1875.87305	626.29830	3	71.6048	2
1880.97640	627.99940	3	63.5924	2
1882.97860	942.49655	2	71.8708	2
1883.88420	942.94940	2	76.4190	2
1885.87190	943.94320	2	66.5395	2
1885.92070	629.64750	3	84.6965	1
1885.92100	943.96780	2	84.7672	1
1886.90250	944.45850	2	69.6421	2
1886.90380	629.97520	3	69.5168	2
1888.00450	630.34210	3	81.9249	2
1890.93750	631.31975	3	70.5478	2
1890.94800	631.32325	3	74.7408	2
1891.98320	631.66830	3	73.3441	1
1893.94370	474.49320	4	57.2374	1
1893.97830	632.33340	3	59.0529	1
1899.87915	950.94685	2	71.0425	2
1902.89755	952.45605	2	80.3920	2
1903.93400	635.65190	3	78.1604	1
1904.97145	635.99775	3	75.5683	2
1904.97260	953.49360	2	75.6921	2
1909.99375	637.67185	3	76.2587	2
1910.17225	637.73135	3	79.7578	2
1911.88930	956.95190	2	73.5616	1
1912.00075	638.34085	3	82.0845	2
1912.00125	957.00790	2	82.0742	2
1912.91315	638.64500	3	33.9761	2
1912.99010	638.67060	3	74.6362	2
1913.09860	638.70680	3	71.3518	2
1915.47245	639.49810	3	70.1236	4
1918.85330	640.62500	3	47.4667	1
1920.99980	641.34050	3	83.0780	2
1922.93615	641.98600	3	79.8764	2
1924.02085	642.34755	3	78.4839	2
1927.00420	643.34200	3	90.3054	2
1931.78375	644.93520	3	48.3492	2
1932.83760	645.28645	3	58.3663	2
1932.84010	967.42730	2	58.4489	1
1934.07710	645.69960	3	87.1023	1
1935.07910	646.03365	3	79.4819	2
1935.93175	646.31785	3	66.0201	2
1937.92285	969.96870	2	92.5174	2
1937.94520	646.98900	3	79.1610	2
1938.95465	970.48460	2	80.4880	2
1941.88255	648.30145	3	58.1730	2
1941.98540	648.33570	3	84.9547	3
1942.04320	648.35500	3	76.7512	2
1942.84045	648.62075	3	61.2180	2
1942.96950	972.49200	2	86.6385	1
1944.89470	973.45465	2	59.4655	2
1944.98210	649.33460	3	67.1556	2
1945.89550	649.63910	3	66.7478	1
1947.92140	974.96800	2	54.8501	1
1947.98520	650.33570	3	80.6682	2
1947.98575	975.00015	2	80.6356	2
1950.98290	651.33490	3	72.1404	2
1951.98820	977.00140	2	87.8937	1
1954.89660	978.45555	2	81.4064	2
1955.94310	652.98830	3	59.5315	2
1956.05740	653.02640	3	81.7823	1
1956.99335	979.50395	2	75.9741	2
1961.04785	654.68990	3	88.2075	2
1961.04870	981.53160	2	88.1091	1
1963.04520	655.35565	3	75.5768	2
1966.93785	656.65320	3	74.9808	2
1970.98315	658.00165	3	61.1254	2
1976.02360	989.01910	2	95.0043	1
1978.89880	660.64020	3	36.5796	2
1979.03465	660.68550	3	87.3051	2
1983.02595	662.01590	3	86.4641	2
1984.02950	993.02200	2	79.4916	1
1985.95905	993.98680	2	73.1249	2
1988.04715	663.68965	3	71.3578	2
1989.02465	664.01550	3	74.3567	2
1992.05805	665.02660	3	79.7915	2
1994.00660	998.01060	2	93.7662	2
2002.98620	668.66935	3	67.6423	2
2003.03430	668.68535	3	88.8667	2
2004.08960	669.03710	3	78.9398	1
2009.03710	670.68630	3	58.7047	2
2009.08505	670.70230	3	76.9500	2
2009.99890	1006.00675	2	92.1834	2
2009.99930	671.00700	3	92.0396	1
2016.99390	1009.50420	2	80.1204	1
2019.07160	674.03115	3	94.1686	2
2031.02890	678.01690	3	87.2878	1
2032.91645	1017.46550	2	83.2404	2
2033.06270	678.69480	3	72.6716	2
2035.86170	679.62785	3	57.9244	2
2037.04220	680.02135	3	65.4982	2
2041.07705	681.36630	3	79.8764	2
2041.97575	681.66585	3	72.6770	2
2043.01195	682.01125	3	82.1574	2
2043.01195	1022.51325	2	82.2891	2
2047.98205	683.66795	3	48.0273	2
2048.95960	683.99380	3	76.3497	2
2059.00795	687.34325	3	77.1272	2
2059.92945	687.65040	3	67.8010	2
2059.97165	1030.99310	2	84.4905	2
2067.99245	690.33810	3	68.9180	2
2070.95885	1036.48670	2	72.3591	2
2073.08800	692.03660	3	76.0750	2
2075.08000	692.70060	3	72.0104	1
2076.05130	693.02435	3	67.5673	2
2078.06445	693.69545	3	78.5211	2
2079.02965	694.01715	3	74.0402	2
2080.10335	521.03310	4	70.5125	2
2086.03685	1044.02570	2	88.3005	2
2092.08720	698.36965	3	74.0011	2
2093.98425	1047.99940	2	85.9710	2
2094.94390	699.32190	3	51.1260	2
2095.00460	699.34210	3	69.2454	1
2104.07115	702.36430	3	72.7960	2
2106.02200	703.01460	3	71.1278	1
2114.12965	705.71715	3	95.1635	2
2119.04935	707.35705	3	64.1119	2
2131.17980	711.40055	3	83.4858	2
2137.12440	713.38210	3	70.0989	2
2143.09335	715.37170	3	81.4899	2
2148.10545	717.04240	3	61.4915	2
2156.01510	719.67895	3	65.7126	2
2169.12215	724.04795	3	76.1906	2
2170.02890	724.35025	3	76.0635	2
2173.17140	1087.59300	2	81.4338	1
2177.95035	545.49490	4	44.0996	2
2180.98050	728.00080	3	66.8988	1
2190.06570	731.02920	3	74.7567	1
2190.06795	1096.04125	2	74.6954	2
2201.11660	734.71280	3	73.4190	2
2205.01465	736.01215	3	71.6641	2
2205.10110	1103.55785	2	99.1188	2
2227.05185	743.35790	3	55.3756	2
2227.05215	1114.53335	2	55.3815	2
2250.02110	751.01430	3	46.4267	2
2269.26325	757.42835	3	83.0455	2
2279.05775	760.69315	3	68.8249	2
2282.08530	761.70235	3	64.1345	2
2291.01820	764.68000	3	67.4477	2
2291.01880	1146.51665	2	67.4416	2
2297.12340	766.71505	3	70.0049	2
2298.10940	767.04370	3	52.6172	1
2299.15670	767.39280	3	64.7035	1
2376.09990	793.04060	3	51.3587	1
2379.16305	595.79805	4	63.0095	2
2386.26965	478.26120	5	70.6502	2
2389.99075	797.67085	3	62.0246	2
2391.18885	1196.60170	2	95.6369	2
2401.30105	801.44095	3	82.1663	2
2416.23805	806.41995	3	84.5377	2
2427.23780	607.81670	4	60.9321	1
2435.25620	812.75935	3	65.7463	2
2440.35700	814.45960	3	91.4023	1
2460.20300	821.07490	3	85.5734	1
2532.23380	845.08520	3	74.2956	2
2549.46945	850.83045	3	83.5610	2
2549.47035	638.37485	4	83.4841	2
2620.21610	656.06130	4	65.3817	2
2804.28125	935.76765	3	77.4532	2
3015.58740	1006.20310	3	99.2761	1
3208.55800	803.14675	4	70.5771	2
