mono_mass	mz	charge	rt	n_psm
798.41230	400.21350	2	38.2212	1
798.46010	400.23730	2	43.5380	1
798.48540	400.25000	2	57.4074	2
798.48990	400.25220	2	32.5457	1
799.45510	400.73480	2	49.0172	2
799.51600	400.76530	2	38.1011	1
800.43890	401.22670	2	43.8380	2
800.43935	401.22695	2	40.2166	2
800.43970	401.22710	2	37.9965	2
800.45455	401.23455	2	51.0299	2
801.43525	401.72490	2	36.6117	2
801.46010	401.73730	2	44.7693	2
801.53330	401.77390	2	44.3553	2
802.38635	402.20050	2	38.7476	2
802.49830	402.25645	2	61.5364	2
805.40860	403.71160	2	45.0119	2
805.44490	403.72970	2	51.1054	2
806.39530	404.20490	2	37.4560	2
806.41680	404.21570	2	71.5591	1
806.45375	404.23415	2	60.2253	2
806.45500	404.23480	2	50.2995	1
807.41285	404.71370	2	39.9268	2
808.36300	405.18880	2	36.6653	2
808.39700	405.20575	2	49.1634	2
808.43930	405.22695	2	35.7186	2
811.35415	406.68435	2	37.4019	2
812.42185	407.21820	2	42.5188	2
812.43915	407.22685	2	39.9268	2
812.48755	407.25105	2	44.5423	2
812.51155	407.26305	2	48.7901	2
814.45485	408.23470	2	34.3135	2
814.45545	408.23500	2	51.4141	2
814.51625	408.26540	2	58.4649	2
815.43965	408.72710	2	38.5882	2
815.46900	408.74180	2	56.5062	2
815.47575	408.74515	2	42.0812	2
815.47595	408.74525	2	46.2906	2
815.49800	408.75630	2	37.6648	2
815.51190	408.76320	2	46.0214	2
816.38380	409.19920	2	51.2513	1
816.44935	409.23195	2	66.2865	2
816.45895	409.23675	2	56.8457	2
816.47080	409.24270	2	37.4289	2
817.42980	409.72215	2	34.6147	2
817.48110	409.74785	2	66.6858	2
818.37700	410.19580	2	35.3460	2
818.44035	410.22745	2	52.6522	2
818.48960	410.25210	2	73.6121	2
819.39120	410.70285	2	34.9490	2
819.41760	410.71610	2	39.9227	2
819.43120	410.72290	2	62.8376	2
820.43240	411.22350	2	38.8726	2
820.46930	411.24190	2	45.5302	2
820.48785	411.25120	2	71.4581	2
821.42780	411.72120	2	40.7697	1
822.39110	412.20285	2	31.1487	4
822.42365	412.21910	2	36.7604	2
822.42365	412.21910	2	42.6701	2
823.41870	412.71660	2	36.2076	1
823.42605	412.72030	2	54.4355	2
823.44495	412.72975	2	44.9301	2
824.54860	413.28155	2	70.9779	2
826.49125	414.25290	2	42.1891	2
826.49215	414.25335	2	39.5770	2
826.52700	414.27080	2	49.5398	2
826.52725	414.27090	2	69.4685	2
827.49780	414.75615	2	37.0965	2
828.41705	415.21580	2	31.3198	2
828.47865	415.24660	2	38.5834	2
829.44805	415.73130	2	40.0433	4
829.46480	415.73965	2	41.7005	2
829.49135	415.75295	2	55.5779	2
829.49165	415.75310	2	39.3180	2
829.50225	415.75840	2	36.4093	2
829.50290	415.75870	2	50.3702	1
830.43340	416.22400	2	30.4361	1
831.40620	416.71040	2	37.0114	1
831.46985	416.74220	2	48.4449	2
831.46995	416.74225	2	35.1376	2
831.49645	416.75550	2	61.7225	2
831.49650	416.75555	2	69.5791	2
832.39225	417.20340	2	34.3860	2
832.42950	417.22200	2	45.2025	3
833.44010	417.72730	2	62.7482	2
834.43455	418.22455	2	37.9297	2
835.44430	418.72945	2	43.2996	2
836.38935	419.20195	2	40.3754	2
836.40230	419.20840	2	41.3490	2
836.43985	419.22720	2	56.5214	2
836.44065	419.22760	2	43.4931	2
837.40260	419.70855	2	47.9420	2
837.40585	419.71020	2	54.1526	2
838.41800	420.21625	2	37.3672	2
839.42925	420.72190	2	54.9271	2
839.58425	420.79940	2	72.9651	2
840.47070	421.24260	2	43.0466	2
840.54315	421.27885	2	74.6357	2
840.54325	421.27890	2	59.4495	2
841.49160	421.75305	2	54.7187	2
841.50260	421.75860	2	50.3175	1
841.96395	421.98925	2	41.3940	4
842.42805	422.22130	2	47.7620	2
842.46075	422.23765	2	39.6923	2
842.48345	422.24900	2	51.9673	2
842.48665	422.25060	2	42.3327	2
842.48775	422.25115	2	38.4237	2
842.52255	422.26855	2	70.7077	2
842.52260	422.26860	2	49.0018	2
842.53250	422.27350	2	34.3556	1
843.44970	422.73210	2	39.3058	1
843.47310	422.74380	2	39.5705	1
843.48150	422.74800	2	44.6719	2
843.54275	422.77865	2	63.0177	2
844.45550	423.23500	2	53.7385	3
844.46480	423.23970	2	35.2204	1
845.45015	423.73235	2	38.1659	2
845.46035	423.73745	2	37.4536	2
845.46105	423.73780	2	44.2136	2
845.46445	423.73950	2	67.1067	2
845.48580	423.75020	2	52.5253	1
845.51220	423.76340	2	64.9669	2
845.53735	423.77595	2	75.9059	2
846.39830	424.20640	2	36.9040	2
846.42725	424.22090	2	42.8924	2
846.44870	424.23160	2	60.9495	2
847.42405	424.71930	2	43.7790	2
847.44500	424.72980	2	40.8030	2
848.43870	425.22665	2	41.9698	2
848.43970	425.22715	2	53.0652	2
848.44445	425.22950	2	36.5790	2
849.44260	425.72860	2	52.4944	2
850.45455	426.23455	2	46.4293	2
850.50190	426.25820	2	39.3761	2
851.40250	426.70850	2	35.4957	2
851.42160	426.71805	2	45.5988	2
851.42160	426.71810	2	49.3156	1
851.43905	426.72680	2	37.0966	2
853.36090	427.68770	2	36.8259	2
853.39740	427.70600	2	42.9258	2
854.46055	428.23755	2	40.0193	2
856.43295	429.22375	2	64.3130	2
856.44845	429.23150	2	65.1134	2
856.46920	429.24190	2	50.0218	2
856.51305	429.26380	2	48.3848	2
856.51490	429.26470	2	45.7110	1
856.53920	429.27685	2	57.6108	2
857.44235	429.72845	2	39.4735	2
857.46130	429.73795	2	40.3095	2
857.46230	429.73845	2	42.6126	2
857.49585	429.75520	2	46.4603	2
857.49685	429.75570	2	54.9225	2
857.53240	429.77350	2	39.9805	1
858.45740	430.23595	2	44.3375	2
858.46085	430.23770	2	37.8643	2
858.46970	430.24215	2	43.6578	2
858.47080	430.24270	2	48.2661	1
859.46275	430.73865	2	38.0708	2
859.46570	430.74010	2	46.9039	3
860.42415	431.21935	2	36.1320	2
860.46085	431.23770	2	33.7344	2
861.44415	431.72935	2	44.7308	2
861.47100	431.74280	2	47.5747	1
861.50060	431.75760	2	48.7085	2
861.50680	431.76070	2	75.1779	2
862.38590	432.20020	2	39.2611	2
863.45065	432.73260	2	49.2255	2
863.45070	432.73265	2	35.0762	2
864.42025	433.21740	2	49.6523	2
864.43505	433.22480	2	52.8716	2
864.50675	433.26065	2	63.7772	2
865.41160	433.71310	2	50.6386	1
865.41490	433.71470	2	39.7375	1
865.45630	433.73540	2	40.4166	1
865.50210	433.75830	2	35.6365	1
866.40950	434.21210	2	40.5993	1
866.49820	434.25640	2	42.3897	2
867.41645	434.71550	2	49.9660	2
867.43465	434.72460	2	39.1737	2
868.45910	435.23680	2	37.7811	2
869.49715	435.75585	2	34.4629	2
869.53350	435.77405	2	59.7745	2
869.53365	435.77410	2	52.4840	2
869.55910	435.78685	2	66.8639	2
870.44940	436.23195	2	54.4561	2
870.48095	436.24775	2	43.0066	2
870.51745	436.26600	2	58.0172	2
870.55400	436.28425	2	50.7049	2
871.44340	436.72900	2	38.3443	2
871.45140	436.73300	2	40.9208	2
871.50115	436.75785	2	54.3525	2
871.53820	436.77640	2	59.3616	2
872.47480	437.24470	2	39.7183	2
872.49520	437.25485	2	56.1012	2
872.49705	437.25580	2	42.2495	2
872.51510	437.26480	2	63.6671	2
873.44420	437.72940	2	33.1411	1
873.47050	437.74250	2	45.4608	2
873.47445	437.74450	2	50.5588	2
873.48060	437.74760	2	48.5042	2
873.48085	437.74770	2	46.1731	2
873.49630	437.75540	2	67.3792	2
874.43335	438.22395	2	44.8769	2
874.45865	438.23660	2	49.7901	2
874.46640	438.24050	2	42.9787	1
874.46930	438.24190	2	35.7548	2
875.43460	438.72460	2	33.6929	1
875.52260	438.76860	2	49.9362	2
875.52270	438.76865	2	60.9210	2
876.41280	439.21370	2	39.3494	2
876.43820	439.22640	2	68.4486	2
876.49540	439.25495	2	67.7883	2
877.42860	439.72160	2	43.4884	1
877.45490	439.73470	2	37.3319	2
877.46555	439.74005	2	49.6000	2
877.46645	439.74050	2	42.7600	2
877.50955	439.76205	2	69.7971	2
878.43250	440.22350	2	47.9900	1
878.48590	440.25020	2	50.1986	3
878.48655	440.25060	2	54.6012	2
879.39775	440.70615	2	34.8116	2
879.49290	440.75370	2	41.6115	1
880.41300	441.21380	2	38.6832	1
880.42950	441.22200	2	43.6103	2
880.54940	441.28195	2	53.3965	2
882.52880	442.27170	2	39.1637	2
883.53835	442.77645	2	58.6770	2
883.53840	442.77645	2	51.1417	2
883.56065	442.78760	2	38.8432	2
884.44060	443.22760	2	44.2807	1
884.54440	443.27945	2	54.2001	2
884.56950	443.29200	2	73.8627	2
884.57265	443.29360	2	59.1710	2
885.42360	443.71910	2	39.0913	1
885.43920	443.72690	2	42.5443	1
885.44450	443.72950	2	34.9808	2
885.48970	443.75210	2	35.5246	2
885.49175	443.75315	2	49.7688	2
885.55360	443.78405	2	64.8790	2
886.48695	444.25075	2	42.6452	2
886.51180	444.26320	2	48.0932	1
886.51320	444.26390	2	47.8649	1
886.52350	444.26900	2	45.4371	2
887.45995	444.73725	2	36.4550	2
887.48665	444.75060	2	55.3726	2
887.49110	444.75290	2	41.4813	1
888.46650	445.24055	2	38.2801	2
889.45960	445.73705	2	50.9143	2
889.46595	445.74025	2	48.2423	2
889.47725	445.74590	2	41.5242	2
889.48500	445.74975	2	69.9703	2
890.50450	446.25955	2	44.7896	2
891.44510	446.72985	2	49.4474	2
891.44850	446.73155	2	46.4290	2
891.48125	446.74790	2	62.9919	2
891.50620	446.76040	2	66.3391	2
892.44015	447.22735	2	40.3653	2
892.48450	447.24955	2	76.5955	2
893.45890	447.73670	2	45.9252	6
893.46250	447.73850	2	41.4577	3
893.60650	447.81050	2	75.4237	2
894.45580	448.23520	2	34.3810	2
895.44725	448.73090	2	59.7401	2
895.46540	448.74000	2	41.5527	1
896.53320	449.27390	2	54.7457	2
897.40510	449.70980	2	66.7584	2
897.50315	449.75885	2	33.7681	2
898.40695	450.21080	2	66.3468	2
898.47850	450.24655	2	57.8332	2
898.48680	450.25065	2	35.4594	2
898.49090	450.25270	2	44.5845	2
898.54880	450.28170	2	66.9222	2
898.56035	450.28745	2	55.1717	2
899.43850	450.72655	2	53.6375	2
899.45030	450.73240	2	40.9827	2
899.50740	450.76100	2	56.0129	2
899.51550	450.76505	2	60.2176	2
900.46545	451.24000	2	41.5843	2
900.48965	451.25210	2	41.3316	2
900.49185	451.25320	2	52.7094	2
900.50265	451.25865	2	50.6764	2
900.53890	451.27675	2	44.0983	2
901.41140	451.71300	2	49.2229	2
901.43320	451.72390	2	39.3394	2
901.47580	451.74520	2	58.5772	1
901.48650	451.75050	2	33.9521	2
901.48675	451.75065	2	46.7746	2
901.52365	451.76910	2	42.6982	2
901.52700	451.77080	2	75.0845	1
902.41300	452.21375	2	47.9318	2
902.43860	452.22660	2	42.4696	1
902.48160	452.24810	2	39.8775	2
902.50735	452.26095	2	46.3192	2
903.48130	452.74790	2	53.0861	2
903.49600	452.75530	2	37.7765	1
903.51000	452.76230	2	65.5229	1
903.52840	452.77150	2	42.2876	2
903.54310	452.77885	2	68.8891	2
905.45285	453.73370	2	65.7406	2
905.45315	453.73385	2	44.1986	2
906.51775	454.26615	2	48.1881	2
907.45135	454.73295	2	37.3942	2
907.49970	454.75715	2	48.5971	2
907.50095	454.75775	2	54.9563	2
908.43045	455.22250	2	49.4051	2
908.50760	455.26105	2	54.8145	2
908.53300	455.27380	2	40.5561	2
908.56925	455.29190	2	57.0276	2
909.42635	455.72045	2	55.2921	2
909.42640	455.72050	2	44.9818	2
909.45565	455.73510	2	40.2611	2
909.47515	455.74485	2	70.4030	2
909.48030	455.74740	2	54.3400	1
909.50570	455.76010	2	36.1835	1
911.38065	456.69760	2	34.2457	2
911.47575	456.74515	2	60.5994	2
911.48950	456.75205	2	43.2619	2
911.58060	456.79760	2	59.1003	1
912.56500	457.28980	2	64.3091	2
913.43065	457.72260	2	48.7035	2
913.44670	457.73065	2	41.7995	2
913.47375	457.74415	2	71.2192	2
913.48785	457.75120	2	47.4947	2
913.50940	457.76200	2	33.2944	2
913.54740	457.78100	2	53.7577	2
913.55985	457.78720	2	39.1930	2
913.59650	457.80555	2	40.4504	2
914.50800	458.26130	2	41.1537	2
914.51770	458.26615	2	46.3117	2
915.44870	458.73160	2	37.1140	2
915.46690	458.74075	2	42.8134	2
915.47160	458.74310	2	36.5744	1
915.50100	458.75780	2	41.7607	1
915.50335	458.75895	2	32.7479	2
915.53870	458.77660	2	35.2502	2
916.48650	459.25055	2	41.5337	2
916.49735	459.25595	2	37.8053	2
917.46475	459.73965	2	34.8124	2
917.48140	459.74800	2	38.4601	2
918.44915	460.23185	2	79.7620	2
918.48480	460.24965	2	53.4976	2
918.49185	460.25320	2	64.2547	2
918.51745	460.26600	2	56.9821	2
918.51835	460.26645	2	63.0479	2
919.40640	460.71050	2	33.3667	2
919.40815	460.71135	2	61.5124	2
919.44370	460.72910	2	47.7132	1
919.51205	460.76330	2	52.5929	2
919.51280	460.76370	2	44.0364	1
919.51280	460.76370	2	47.0008	2
919.51545	460.76500	2	57.3264	2
919.52220	460.76835	2	64.7302	2
920.49725	461.25595	2	50.4463	2
920.49765	461.25610	2	47.0849	2
920.50690	461.26075	2	41.7108	2
921.45340	461.73400	2	40.8629	1
921.45590	461.73520	2	40.7746	1
921.46665	461.74065	2	35.8157	2
921.94785	461.98120	2	38.1030	4
922.43920	462.22690	2	49.7371	2
922.47680	462.24570	2	47.7578	1
923.43505	462.72480	2	44.0794	2
923.47240	462.74345	2	41.1046	2
923.58020	462.79740	2	77.7580	2
924.43775	463.22615	2	48.2189	2
924.54000	463.27730	2	52.5742	2
924.56490	463.28975	2	55.4307	2
925.49770	463.75610	2	43.7879	2
926.51870	464.26660	2	39.2006	2
926.58015	464.29735	2	60.3611	2
926.59130	464.30295	2	61.4478	2
927.37540	464.69500	2	29.6867	2
927.44550	464.73000	2	46.8309	2
927.56430	464.78940	2	82.9125	2
928.45525	465.23490	2	50.7637	2
928.52350	465.26905	2	51.5373	2
928.53410	465.27435	2	49.8807	2
928.55920	465.28685	2	62.6554	2
929.48010	465.74735	2	37.1191	2
929.50700	465.76080	2	54.9563	2
929.51160	465.76305	2	48.3884	2
929.51800	465.76630	2	43.1519	2
929.51830	465.76645	2	36.3718	2
929.51940	465.76700	2	41.1226	2
930.42350	466.21905	2	60.9136	2
930.46635	466.24045	2	35.4336	2
930.47880	466.24670	2	42.0494	2
930.51630	466.26540	2	64.7649	2
930.53910	466.27680	2	38.1261	1
931.47010	466.74230	2	36.0910	2
931.48560	466.75005	2	48.8507	2
931.50090	466.75770	2	55.8745	1
931.51300	466.76375	2	57.8816	2
931.53460	466.77455	2	67.7649	2
932.44370	467.22910	2	33.4015	1
932.46410	467.23935	2	39.0494	2
932.54425	467.27940	2	42.3054	2
933.45590	467.73520	2	37.4936	1
933.45620	467.73540	2	37.4635	1
933.46530	467.73990	2	51.2316	2
933.48495	467.74975	2	51.5656	2
933.50360	467.75910	2	52.3682	2
933.53015	467.77235	2	56.2701	2
933.53945	467.77700	2	33.0890	2
934.41540	468.21495	2	40.2753	2
934.45135	468.23295	2	39.5187	2
934.48430	468.24940	2	43.0609	1
934.48670	468.25065	2	43.4378	2
934.48730	468.25095	2	33.6098	2
934.51260	468.26360	2	58.3129	2
934.51360	468.26405	2	50.1615	2
934.52325	468.26890	2	59.5031	2
935.45230	468.73340	2	36.6909	1
935.47040	468.74250	2	45.2994	2
937.41400	469.71430	2	34.9565	2
937.48720	469.75085	2	40.9306	2
937.51240	469.76350	2	57.6386	2
938.43380	470.22415	2	37.9863	2
939.43060	470.72260	2	62.2450	2
939.48155	470.74805	2	59.4980	2
939.48165	470.74810	2	80.1620	2
939.51450	470.76450	2	32.5569	2
939.53930	470.77690	2	53.6101	1
939.55005	470.78230	2	55.8327	2
939.56375	470.78915	2	80.7237	2
940.44335	471.22895	2	45.2732	2
940.52620	471.27035	2	61.8908	2
941.43475	471.72465	2	38.7525	2
941.46410	471.73935	2	49.9135	2
941.55470	471.78460	2	50.6336	1
941.56580	471.79015	2	61.7175	2
941.57910	471.79685	2	66.6976	2
941.60650	471.81050	2	79.1721	2
942.48665	472.25060	2	44.0719	2
942.50240	472.25845	2	36.2416	2
942.51340	472.26400	2	48.1605	2
942.53855	472.27655	2	48.9310	2
943.44780	472.73120	2	61.0694	2
943.46425	472.73940	2	36.0315	2
943.48345	472.74900	2	43.9316	2
943.49750	472.75605	2	35.6868	2
943.53520	472.77490	2	46.4851	1
944.42500	473.21980	2	37.6140	2
944.43120	473.22285	2	63.5225	2
944.47550	473.24500	2	55.4043	2
944.49255	473.25355	2	43.4425	2
944.51720	473.26590	2	62.6340	2
944.51835	473.26645	2	45.5301	2
944.51835	473.26645	2	47.9627	2
944.52875	473.27165	2	49.3976	2
944.55465	473.28460	2	54.6228	2
945.46005	473.73730	2	77.0271	2
945.51215	473.76335	2	40.9069	2
945.55020	473.78240	2	58.6672	2
946.50740	474.26100	2	49.7329	1
946.50880	474.26165	2	37.2401	2
946.51230	474.26345	2	46.1063	2
946.52700	474.27080	2	69.5597	2
946.53510	474.27480	2	38.1059	2
946.54890	474.28175	2	74.1203	2
947.43515	474.72485	2	38.4259	2
947.51425	474.76440	2	71.3705	2
948.46665	475.24060	2	52.8717	2
948.46720	475.24090	2	44.4470	2
948.61225	475.31340	2	56.5544	2
949.48575	475.75015	2	39.7001	2
949.48710	475.75085	2	54.1779	2
949.49065	475.75265	2	86.4980	2
949.50535	475.75995	2	77.3263	2
949.52740	475.77100	2	79.3774	2
950.45320	476.23385	2	50.1432	2
950.48220	476.24835	2	46.8978	2
950.48260	476.24855	2	49.0490	2
950.48640	476.25045	2	73.5268	2
950.50100	476.25780	2	59.4176	2
950.50780	476.26120	2	51.6126	2
951.49115	476.75285	2	60.0926	2
951.51770	476.76615	2	80.0029	2
952.44935	477.23195	2	47.2424	2
952.45045	477.23250	2	43.2737	2
952.46995	477.24225	2	50.7686	2
952.49720	477.25590	2	35.9306	1
952.53455	477.27460	2	42.3853	2
954.44090	478.22775	2	36.1905	2
954.44410	478.22935	2	52.4357	2
954.53860	478.27660	2	46.7962	1
955.53410	478.77435	2	62.8773	2
955.57055	478.79260	2	61.0957	2
956.50440	479.25945	2	38.5804	2
956.51575	479.26515	2	36.8638	2
956.52875	479.27165	2	46.9545	2
956.52910	479.27180	2	53.3609	2
956.53025	479.27240	2	44.3300	2
956.53650	479.27550	2	66.3977	2
956.58020	479.29740	2	77.4441	2
957.48810	479.75130	2	33.3261	4
957.51460	479.76460	2	47.9329	1
957.52920	479.77190	2	48.4414	1
957.53600	479.77530	2	32.1079	2
957.55990	479.78725	2	48.2265	2
957.59635	479.80545	2	47.2686	2
958.47155	480.24305	2	41.6405	2
958.48775	480.25115	2	56.3889	2
958.50770	480.26120	2	52.7028	1
958.51030	480.26240	2	56.7282	2
959.50770	480.76115	2	41.0644	2
959.53040	480.77250	2	42.8854	2
959.53340	480.77400	2	69.0184	1
959.55525	480.78490	2	57.9027	2
960.44955	481.23205	2	35.3728	2
960.47565	481.24510	2	42.1704	2
960.50510	481.25980	2	46.6301	1
960.51245	481.26350	2	39.4361	2
960.53145	481.27300	2	57.4869	2
960.53950	481.27710	2	61.3708	3
961.47270	481.74365	2	45.7793	2
961.50885	481.76170	2	41.5287	2
962.47435	482.24445	2	46.3787	2
962.50615	482.26035	2	62.3953	2
962.51885	482.26670	2	55.6091	2
962.53780	482.27615	2	85.9582	2
962.54470	482.27960	2	62.2888	1
963.44560	482.73010	2	54.4848	2
963.50240	482.75850	2	40.3362	2
963.50650	482.76055	2	34.5328	2
963.55440	482.78450	2	74.6722	2
964.46170	483.23810	2	38.2876	2
964.47990	483.24725	2	69.2649	2
964.49760	483.25605	2	43.1162	2
964.52295	483.26875	2	54.1120	2
965.44500	483.72980	2	41.6456	2
965.44510	483.72980	2	35.2436	3
965.45990	483.73720	2	37.8707	2
965.48195	483.74825	2	60.7084	2
965.62655	483.82055	2	82.3742	2
966.46695	484.24075	2	36.7356	2
966.46725	484.24090	2	41.9418	2
966.46820	484.24135	2	44.7071	2
966.50620	484.26035	2	44.8495	2
966.52440	484.26945	2	46.8028	2
967.48005	484.74730	2	57.9570	2
967.50230	484.75840	2	71.9556	1
967.52435	484.76945	2	47.4685	2
967.58145	484.79800	2	56.6731	2
968.44480	485.22965	2	40.6088	2
968.52850	485.27150	2	37.5120	2
968.52900	485.27180	2	48.9896	2
969.43110	485.72285	2	39.7467	2
969.48100	485.74780	2	75.7477	1
969.48850	485.75150	2	40.3944	2
969.52625	485.77040	2	50.3634	2
969.54950	485.78200	2	41.4693	2
969.56090	485.78775	2	52.8033	2
969.58615	485.80035	2	68.9091	2
969.58690	485.80075	2	63.9935	2
970.47640	486.24550	2	57.1723	1
970.48715	486.25085	2	54.5422	2
970.52450	486.26950	2	40.9786	1
970.54385	486.27920	2	55.9595	2
970.58055	486.29755	2	45.1247	2
970.58105	486.29780	2	69.1182	2
970.59140	486.30300	2	42.3864	1
971.50440	486.75950	2	31.7388	1
971.52850	486.77155	2	36.0599	2
971.52905	486.77180	2	48.6230	2
971.52955	486.77205	2	58.7238	2
971.55425	486.78440	2	57.5777	2
971.56530	486.78990	2	33.8098	2
971.56620	486.79040	2	44.3743	1
972.44140	487.22800	2	30.9773	1
972.46550	487.24000	2	33.4767	2
972.47390	487.24420	2	68.7317	1
972.57225	487.29340	2	35.0480	2
973.50805	487.76130	2	42.1679	2
973.54435	487.77945	2	34.0190	2
974.50385	488.25920	2	38.1032	2
974.51845	488.26650	2	58.9498	2
975.47370	488.74410	2	45.4836	1
975.49540	488.75500	2	80.6154	1
975.53850	488.77650	2	64.8502	2
976.49725	489.25590	2	58.0801	2
976.50905	489.26180	2	47.8316	2
976.52415	489.26935	2	60.3319	2
976.54540	489.28000	2	41.0195	2
977.44455	489.72955	2	47.1211	2
977.48145	489.74800	2	45.6470	2
977.48180	489.74820	2	60.6730	1
977.51870	489.76665	2	52.0957	2
978.46450	490.23955	2	45.9631	2
978.47750	490.24605	2	41.8740	2
978.50210	490.25835	2	60.1273	2
979.44965	490.73210	2	66.4300	2
979.46140	490.73800	2	38.8062	2
979.49705	490.75580	2	52.3985	2
979.57035	490.79245	2	40.1950	2
979.57050	490.79255	2	56.1631	2
980.45865	491.23660	2	37.0289	2
980.49620	491.25535	2	52.2305	2
981.52375	491.76915	2	29.9585	2
981.56055	491.78755	2	40.3464	2
981.59805	491.80630	2	41.3026	2
982.46100	492.23780	2	33.9261	2
982.47505	492.24480	2	42.1484	2
982.51870	492.26665	2	38.2608	2
983.47440	492.74450	2	48.2098	3
983.50405	492.75930	2	42.6124	2
983.57700	492.79580	2	64.1708	2
983.58440	492.79945	2	71.5174	2
983.58820	492.80135	2	44.2767	2
983.60140	492.80795	2	58.0519	2
984.43810	493.22630	2	34.1346	1
984.49345	493.25400	2	51.8020	2
984.63345	493.32400	2	49.9586	2
985.37540	493.69495	2	34.1855	2
985.50135	493.75795	2	44.6862	2
985.53805	493.77630	2	46.3609	2
985.54480	493.77970	2	43.7047	1
985.55550	493.78505	2	43.4195	2
986.49100	494.25280	2	67.5319	2
986.49460	494.25455	2	40.4287	2
987.49960	494.75710	2	31.5134	2
987.50270	494.75870	2	56.1239	1
987.52370	494.76910	2	44.9604	2
987.53510	494.77480	2	49.4736	2
987.57200	494.79330	2	59.2377	2
988.48295	495.24875	2	38.2927	2
988.51915	495.26685	2	42.9516	2
988.54390	495.27925	2	47.3004	2
988.54760	495.28105	2	53.0234	4
988.57360	495.29410	2	71.9130	2
988.58120	495.29790	2	50.6711	2
989.47775	495.74615	2	33.3064	2
989.49690	495.75580	2	36.4384	3
989.55410	495.78435	2	48.3035	2
989.55560	495.78505	2	58.7003	2
990.45770	496.23610	2	37.0966	2
990.47355	496.24405	2	45.9870	2
990.51375	496.26415	2	42.7549	2
990.55000	496.28225	2	72.8992	2
991.50925	496.76190	2	67.4718	2
991.50930	496.76195	2	60.6558	2
991.54520	496.77990	2	69.2046	2
991.57100	496.79280	2	61.2712	2
992.48485	497.24970	2	56.5492	2
992.53120	497.27285	2	80.9620	2
992.60170	497.30815	2	70.7757	2
993.44065	497.72760	2	42.9545	2
993.44385	497.72920	2	29.8437	2
993.45185	497.73325	2	40.5239	2
993.49195	497.75325	2	63.6043	2
993.51330	497.76395	2	53.3050	2
993.53245	497.77350	2	68.2442	2
993.54840	497.78145	2	64.4844	2
994.49785	498.25620	2	49.0567	2
994.50790	498.26120	2	32.2269	1
994.50790	498.26125	2	47.5864	2
994.51605	498.26530	2	73.0888	2
994.54450	498.27950	2	35.0504	2
994.60555	498.31005	2	73.9697	2
994.65325	498.33390	2	46.2291	2
996.49960	499.25710	2	38.0410	1
996.53180	499.27315	2	68.5344	2
996.57130	499.29290	2	45.4164	3
997.58120	499.79785	2	39.0815	2
998.50100	500.25775	2	58.0934	2
998.58715	500.30085	2	40.8158	2
999.48240	500.74845	2	31.9281	2
999.53420	500.77435	2	42.6775	2
999.53455	500.77455	2	29.9760	2
999.55570	500.78510	2	38.3344	1
999.57115	500.79285	2	32.5845	2
1000.49330	501.25390	2	36.1590	2
1000.54500	501.27980	2	43.8361	1
1000.55660	501.28560	2	85.1557	7
1001.51510	501.76485	2	44.2716	2
1001.55480	501.78470	2	67.4617	2
1001.56100	501.78780	2	33.7968	1
1001.58720	501.80090	2	47.8409	1
1002.47220	502.24335	2	34.5017	2
1002.48100	502.24775	2	39.0493	2
1002.48635	502.25045	2	41.7601	2
1002.52810	502.27135	2	37.6344	2
1002.54650	502.28055	2	33.3305	2
1002.55870	502.28660	2	36.5033	1
1003.50105	502.75780	2	43.5760	2
1003.51925	502.76690	2	44.5659	2
1003.52365	502.76910	2	35.4386	2
1003.57085	502.79270	2	77.6291	2
1004.44680	503.23070	2	35.1549	1
1004.52850	503.27155	2	57.2596	2
1004.54080	503.27770	2	48.0747	2
1004.56570	503.29015	2	43.2375	2
1005.46960	503.74210	2	49.0725	2
1005.47995	503.74725	2	38.1929	2
1005.49430	503.75440	2	31.1884	2
1005.51290	503.76370	2	54.9199	1
1005.53185	503.77320	2	68.8868	2
1005.53560	503.77510	2	36.0208	1
1006.45245	504.23350	2	32.4207	2
1006.47135	504.24295	2	41.9574	2
1006.49965	504.25710	2	54.1955	2
1007.45595	504.73525	2	38.7921	2
1007.46725	504.74090	2	41.2708	2
1007.47470	504.74465	2	51.5395	2
1007.50530	504.75995	2	44.0219	2
1007.52340	504.76900	2	65.1981	1
1007.52855	504.77160	2	43.7245	2
1007.53965	504.77715	2	56.0078	2
1007.54450	504.77950	2	68.4058	2
1007.67490	504.84475	2	72.8434	2
1008.47695	505.24575	2	50.5137	2
1008.51025	505.26240	2	61.0057	2
1008.51675	505.26565	2	51.2875	2
1009.44765	505.73110	2	42.4969	2
1009.51960	505.76710	2	36.3101	2
1009.54835	505.78145	2	87.6254	2
1010.42670	506.22060	2	34.8773	1
1010.45220	506.23340	2	39.0173	2
1010.51135	506.26295	2	62.6390	2
1010.57630	506.29540	2	68.6428	1
1011.52395	506.76925	2	36.8842	2
1011.53520	506.77490	2	45.5191	2
1011.54530	506.77990	2	42.9507	2
1011.57170	506.79315	2	52.5691	2
1011.60725	506.81090	2	67.6984	2
1012.48795	507.25125	2	59.2675	2
1012.57095	507.29275	2	58.4184	2
1012.57370	507.29410	2	89.8136	5
1012.58155	507.29805	2	60.6150	2
1012.60355	507.30905	2	39.1312	2
1012.63985	507.32720	2	49.1038	2
1013.46420	507.73940	2	72.1728	2
1013.54010	507.77730	2	44.1603	2
1013.55525	507.78490	2	65.4384	2
1013.56200	507.78825	2	37.8664	2
1013.62365	507.81910	2	66.9530	2
1014.53385	508.27420	2	43.3304	2
1014.53580	508.27520	2	38.5601	3
1014.57100	508.29280	2	37.6894	2
1014.57350	508.29400	2	46.3690	1
1014.58170	508.29810	2	38.4283	2
1015.49165	508.75310	2	39.9846	2
1015.54420	508.77940	2	88.7410	1
1015.58440	508.79950	2	71.1588	2
1015.59100	508.80275	2	65.8591	2
1016.45990	509.23720	2	37.1487	2
1016.51810	509.26635	2	47.8871	2
1016.53210	509.27335	2	48.5627	2
1016.54130	509.27790	2	43.0779	2
1016.54755	509.28105	2	49.2423	2
1017.46940	509.74200	2	35.7810	2
1017.47240	509.74350	2	41.9056	2
1017.51705	509.76580	2	77.1370	2
1017.53460	509.77455	2	39.1414	2
1017.57925	509.79690	2	40.8427	2
1017.60860	509.81160	2	65.6783	1
1017.62210	509.81835	2	66.4899	2
1018.54455	510.27955	2	40.2560	2
1018.58115	510.29785	2	70.6205	2
1019.42040	510.71750	2	43.7685	1
1019.50365	510.75910	2	43.2453	2
1019.53995	510.77725	2	35.5195	2
1019.54090	510.77770	2	54.2404	2
1019.54680	510.78070	2	67.0140	2
1019.55190	510.78320	2	47.6103	2
1020.52290	511.26875	2	49.5348	2
1020.52395	511.26925	2	56.4084	2
1020.52435	511.26945	2	64.1968	2
1020.53520	511.27490	2	54.7939	1
1020.53525	511.27490	2	55.2840	2
1021.43815	511.72635	2	38.1433	2
1021.44930	511.73195	2	34.6278	2
1021.49250	511.75350	2	30.7944	2
1021.51150	511.76305	2	43.8073	2
1021.54465	511.77960	2	60.7035	2
1021.60325	511.80890	2	52.1190	2
1022.50300	512.25875	2	53.4353	2
1022.51110	512.26285	2	77.1043	2
1023.44590	512.73020	2	39.3688	1
1023.48705	512.75080	2	38.4410	2
1023.50310	512.75880	2	40.0930	1
1023.51700	512.76580	2	60.5943	2
1023.60820	512.81140	2	68.3025	3
1024.37495	513.19475	2	42.4219	2
1025.44940	513.73200	2	38.7336	2
1025.50350	513.75900	2	41.0405	2
1025.55080	513.78270	2	35.5827	1
1025.60255	513.80855	2	49.0213	2
1026.44570	514.23015	2	42.5921	2
1027.56595	514.79025	2	36.5492	2
1027.56630	514.79040	2	33.6513	2
1027.59085	514.80270	2	58.8157	2
1027.59300	514.80380	2	80.5029	1
1027.60220	514.80835	2	68.8795	2
1028.56055	515.28755	2	43.4246	2
1028.56950	515.29200	2	80.1303	1
1029.47660	515.74560	2	42.3971	2
1029.47775	515.74615	2	56.8915	2
1029.53915	515.77685	2	52.2966	2
1029.54245	515.77850	2	37.6092	2
1029.54545	515.78000	2	34.5883	2
1029.58255	515.79855	2	36.9143	2
1030.52975	516.27215	2	35.7471	2
1030.59150	516.30305	2	78.7977	2
1030.60595	516.31025	2	75.5506	2
1031.46345	516.73900	2	64.1477	2
1031.48960	516.75210	2	52.6218	1
1031.50350	516.75905	2	41.7379	2
1031.50690	516.76070	2	49.1373	2
1031.54600	516.78025	2	51.6761	2
1031.58600	516.80030	2	62.1235	2
1031.58640	516.80045	2	56.7212	2
1032.49865	517.25660	2	42.1369	2
1032.53580	517.27515	2	48.7346	2
1032.59670	517.30565	2	73.5506	2
1033.56660	517.79055	2	43.1310	2
1033.58080	517.79770	2	82.0260	2
1033.61700	517.81580	2	69.7288	2
1034.51985	518.26720	2	64.7966	2
1034.55810	518.28630	2	80.4104	1
1035.48750	518.75100	2	61.1817	2
1035.56070	518.78760	2	60.4831	1
1036.51860	519.26660	2	43.5214	2
1036.53350	519.27400	2	71.3169	2
1036.53760	519.27610	2	67.7227	2
1036.55515	519.28485	2	63.3041	2
1037.50635	519.76045	2	34.1805	2
1037.53000	519.77230	2	60.7253	1
1037.62375	519.81915	2	54.7331	2
1037.64850	519.83150	2	71.0405	2
1038.48095	520.24775	2	47.0087	2
1038.54670	520.28065	2	35.1323	2
1039.46485	520.73970	2	47.7089	2
1039.49755	520.75605	2	52.2871	2
1039.56595	520.79025	2	47.8330	4
1040.46830	521.24145	2	41.3918	2
1040.49665	521.25560	2	42.0544	2
1040.54975	521.28215	2	54.1925	2
1040.56910	521.29180	2	49.8004	2
1040.59800	521.30625	2	56.8407	2
1040.62255	521.31855	2	73.7604	2
1040.65925	521.33690	2	59.6274	2
1041.43920	521.72690	2	45.4887	1
1041.45505	521.73480	2	35.9492	2
1041.53345	521.77400	2	50.1016	2
1041.58075	521.79765	2	51.9815	2
1042.51275	522.26365	2	64.3780	2
1042.53005	522.27230	2	37.7861	2
1042.55605	522.28530	2	53.4699	2
1042.57810	522.29635	2	41.1613	2
1043.54370	522.77915	2	48.6127	2
1043.55045	522.78250	2	78.8334	2
1043.56195	522.78825	2	33.8304	2
1043.56215	522.78835	2	36.7601	2
1043.60415	522.80935	2	63.4613	2
1044.51980	523.26720	2	44.6620	3
1044.53885	523.27670	2	66.1657	2
1044.55620	523.28540	2	43.6410	2
1044.56110	523.28780	2	58.2075	2
1045.51255	523.76355	2	57.0920	2
1045.53935	523.77695	2	33.6227	2
1045.54045	523.77750	2	31.4644	2
1045.55890	523.78670	2	63.1919	2
1045.60270	523.80865	2	60.3839	2
1046.52420	524.26935	2	35.8207	2
1046.58790	524.30120	2	38.2353	1
1046.59745	524.30600	2	49.3327	2
1047.52710	524.77085	2	59.8370	2
1048.47935	525.24695	2	35.4108	2
1048.55640	525.28550	2	32.1417	1
1049.52460	525.76955	2	50.6219	2
1049.56180	525.78815	2	37.6268	2
1050.50890	526.26175	2	46.1198	2
1050.53420	526.27435	2	48.0871	2
1050.55665	526.28560	2	31.8273	2
1050.57080	526.29270	2	62.0635	2
1050.59615	526.30535	2	68.4109	2
1051.49405	526.75430	2	37.2123	2
1052.46375	527.23915	2	57.5415	2
1053.61765	527.81610	2	55.8912	2
1054.49715	528.25585	2	68.7382	2
1054.53350	528.27405	2	74.7631	2
1054.54140	528.27800	2	32.2610	3
1054.60040	528.30745	2	51.7675	2
1054.60235	528.30845	2	56.9230	2
1055.42335	528.71895	2	47.3474	2
1055.49205	528.75330	2	44.8172	2
1055.58620	528.80040	2	67.8112	2
1055.58665	528.80060	2	63.7251	2
1055.62290	528.81870	2	64.9308	1
1056.53230	529.27345	2	76.7820	2
1056.56205	529.28830	2	43.4723	2
1056.58105	529.29780	2	54.8933	2
1056.59320	529.30385	2	52.6860	2
1057.50830	529.76140	2	43.9833	1
1057.51170	529.76310	2	72.3098	2
1057.55220	529.78340	2	41.0945	2
1057.57650	529.79550	2	36.0964	2
1057.57705	529.79580	2	44.5346	2
1057.61880	529.81670	2	37.2380	1
1057.61910	529.81680	2	37.7416	1
1057.63850	529.82650	2	77.5935	2
1058.49255	530.25355	2	50.4176	2
1058.54455	530.27955	2	78.2115	2
1058.55840	530.28650	2	72.0359	2
1058.57310	530.29385	2	46.8643	2
1058.59625	530.30540	2	39.8166	2
1059.50855	530.76155	2	43.5574	2
1059.60015	530.80735	2	56.7825	2
1060.47755	531.24605	2	33.9311	2
1060.52355	531.26905	2	74.1856	2
1060.57320	531.29390	2	65.3765	1
1060.61755	531.31605	2	82.9322	2
1061.55035	531.78245	2	44.8451	2
1061.57605	531.79530	2	74.5840	2
1062.52415	532.26935	2	77.7474	2
1062.53465	532.27460	2	56.3934	2
1062.57235	532.29345	2	60.1350	2
1062.58250	532.29855	2	56.0598	2
1063.52895	532.77175	2	43.9875	2
1063.54140	532.77800	2	46.1773	3
1064.52400	533.26930	2	38.9837	1
1064.63435	533.32445	2	54.0962	2
1065.44760	533.73105	2	46.4653	2
1065.55245	533.78350	2	61.1485	2
1065.55280	533.78365	2	77.9373	2
1066.45760	534.23610	2	53.5848	2
1066.46840	534.24145	2	32.3868	2
1066.50695	534.26075	2	33.0221	2
1066.51805	534.26630	2	56.2189	2
1067.51325	534.76390	2	45.3647	2
1067.57160	534.79310	2	52.4306	2
1068.55075	535.28265	2	36.6981	2
1068.56020	535.28740	2	63.6959	2
1068.58085	535.29770	2	59.9655	2
1068.59275	535.30365	2	56.8732	2
1068.65360	535.33410	2	45.1575	2
1070.57200	536.29330	2	68.3183	1
1070.60775	536.31115	2	44.6527	2
1070.63390	536.32425	2	68.8791	2
1070.65880	536.33665	2	75.7589	2
1071.41720	536.71585	2	39.7522	2
1071.56395	536.78925	2	48.6774	2
1072.08450	537.04950	2	53.4471	4
1072.52980	537.27220	2	47.3317	2
1072.57435	537.29445	2	73.2289	2
1072.59600	537.30530	2	38.8725	2
1072.61305	537.31380	2	40.9779	2
1073.49875	537.75665	2	44.7566	2
1073.51765	537.76610	2	54.0562	2
1073.52410	537.76930	2	34.0592	2
1073.58760	537.80110	2	43.7856	2
1073.59040	537.80245	2	58.8499	2
1073.60870	537.81165	2	86.1404	2
1073.60875	537.81165	2	34.4420	2
1073.66010	537.83735	2	62.9309	2
1074.54590	538.28020	2	43.2737	2
1074.55085	538.28270	2	52.9969	2
1074.57085	538.29270	2	59.5295	2
1075.47905	538.74680	2	33.6665	2
1075.53400	538.77430	2	65.6501	2
1075.59235	538.80345	2	70.2515	2
1075.61335	538.81395	2	57.3812	2
1075.62875	538.82165	2	67.2585	2
1076.51395	539.26425	2	48.9405	2
1076.56035	539.28745	2	53.8482	2
1076.57195	539.29325	2	42.5639	2
1077.57040	539.79250	2	64.2029	2
1077.60460	539.80955	2	38.9394	2
1078.50340	540.25900	2	40.7210	2
1080.56900	541.29180	2	36.6959	1
1081.58890	541.80170	2	37.0563	1
1081.62400	541.81925	2	59.5565	2
1082.53240	542.27345	2	54.3768	2
1082.55515	542.28485	2	81.6179	2
1082.64495	542.32975	2	54.7529	2
1084.48600	543.25025	2	38.2254	2
1084.52055	543.26755	2	73.4955	2
1084.54250	543.27850	2	27.9051	1
1084.57070	543.29265	2	88.2809	2
1084.57340	543.29400	2	93.1310	2
1084.63800	543.32630	2	78.1786	2
1084.66050	543.33750	2	55.1068	1
1085.60825	543.81140	2	50.9929	2
1085.61355	543.81405	2	43.1923	2
1085.64525	543.82990	2	66.8743	2
1086.06400	544.03925	2	49.9813	4
1086.55540	544.28500	2	49.9846	1
1086.55620	544.28540	2	47.4046	2
1086.56750	544.29100	2	33.1432	2
1087.55090	544.78275	2	50.5876	2
1087.56440	544.78945	2	41.8948	2
1087.58770	544.80115	2	41.1774	2
1087.61270	544.81365	2	69.8498	2
1088.45575	545.23515	2	36.4625	2
1088.50980	545.26220	2	31.0749	1
1088.55545	545.28500	2	70.4671	2
1088.57225	545.29340	2	32.1418	2
1088.60790	545.31120	2	34.9464	2
1089.53125	545.77290	2	41.4082	2
1089.55795	545.78625	2	33.6357	2
1089.56815	545.79135	2	62.2035	2
1089.60370	545.80910	2	44.3044	2
1090.46835	546.24145	2	37.2788	2
1090.60330	546.30895	2	58.4079	2
1092.53910	547.27680	2	54.6801	2
1092.58120	547.29790	2	53.3964	2
1093.54050	547.77750	2	43.6203	2
1093.54125	547.77790	2	57.4232	2
1094.55155	548.28305	2	67.5816	2
1094.55495	548.28475	2	76.9586	2
1094.56135	548.28795	2	32.5845	2
1094.57240	548.29350	2	35.8535	5
1094.59640	548.30545	2	57.0347	2
1095.46600	548.74025	2	52.3190	2
1095.55615	548.78535	2	53.8828	2
1095.58250	548.79850	2	55.0747	1
1096.51960	549.26710	2	47.8212	2
1096.56270	549.28860	2	41.6807	2
1097.60860	549.81160	2	55.9543	2
1097.61980	549.81720	2	36.3172	1
1098.53515	550.27485	2	44.5892	2
1098.57960	550.29710	2	35.1857	1
1098.58330	550.29890	2	49.4777	2
1099.49380	550.75415	2	59.7070	2
1099.56340	550.78900	2	41.4039	1
1100.46020	551.23740	2	65.8104	1
1100.55800	551.28630	2	33.0584	2
1100.56165	551.28810	2	36.9762	2
1100.57185	551.29320	2	70.7127	2
1101.52455	551.76955	2	55.1170	2
1101.55565	551.78510	2	69.9430	2
1101.60665	551.81060	2	37.1817	2
1101.61870	551.81660	2	58.2390	1
1101.65095	551.83275	2	52.2617	2
1102.50865	552.26160	2	65.4190	2
1102.56945	552.29200	2	33.7807	2
1102.57775	552.29615	2	63.7036	2
1102.58685	552.30070	2	35.5829	2
1103.56085	552.78770	2	38.9263	2
1103.58220	552.79835	2	49.8806	2
1103.63820	552.82640	2	83.7465	1
1104.47660	553.24555	2	34.3988	4
1104.50975	553.26215	2	52.1481	2
1104.53030	553.27240	2	43.8941	2
1104.54610	553.28035	2	43.5042	2
1104.54745	553.28100	2	45.9921	2
1104.56390	553.28925	2	47.8213	2
1104.56575	553.29015	2	32.8253	2
1104.59225	553.30340	2	59.3801	2
1104.62560	553.32010	2	86.8858	2
1104.68950	553.35200	2	87.9149	1
1105.52970	553.77210	2	62.1478	1
1105.57625	553.79540	2	64.3036	2
1106.53910	554.27685	2	47.0606	2
1106.55995	554.28725	2	35.9467	2
1106.58630	554.30040	2	82.1223	2
1106.60960	554.31205	2	81.4240	2
1107.53850	554.77650	2	60.6273	2
1107.54410	554.77935	2	53.6712	2
1107.54985	554.78220	2	65.2254	2
1107.55830	554.78640	2	41.4967	1
1107.55855	554.78655	2	36.4625	2
1107.57580	554.79520	2	89.6510	6
1107.59210	554.80335	2	44.0430	2
1108.51455	555.26455	2	31.2791	2
1108.57165	555.29310	2	77.4519	2
1108.92035	555.46745	2	36.6600	4
1109.50340	555.75895	2	74.6135	2
1109.53345	555.77400	2	77.9842	2
1109.53995	555.77725	2	46.6705	2
1109.55030	555.78245	2	89.2644	2
1109.57215	555.79335	2	32.4595	2
1109.58790	555.80120	2	57.7905	2
1109.61235	555.81345	2	70.5206	2
1109.68120	555.84790	2	77.8732	2
1110.52030	556.26740	2	59.6848	2
1110.58990	556.30225	2	82.3322	2
1110.66505	556.33980	2	73.6069	2
1111.57150	556.79300	2	33.3177	1
1113.63320	557.82390	2	61.9164	1
1113.64050	557.82750	2	57.9866	1
1114.55635	558.28545	2	77.2937	2
1114.56650	558.29055	2	63.9038	2
1114.62495	558.31975	2	61.4240	2
1114.63600	558.32530	2	52.3413	1
1115.05370	558.53410	2	46.5515	4
1115.51405	558.76430	2	46.6628	2
1115.52580	558.77020	2	32.5016	1
1115.54520	558.77990	2	45.3487	2
1115.55695	558.78575	2	34.1100	2
1115.57495	558.79475	2	41.3601	2
1115.58465	558.79960	2	53.0934	2
1115.60180	558.80820	2	55.3434	2
1116.50270	559.25860	2	43.2386	1
1116.56470	559.28960	2	55.8340	1
1116.56650	559.29055	2	53.6422	2
1116.58285	559.29870	2	71.8462	2
1116.61335	559.31395	2	34.4964	2
1116.65300	559.33380	2	82.2961	1
1117.52655	559.77055	2	38.6289	2
1117.54285	559.77870	2	41.8511	2
1117.56195	559.78825	2	50.2447	2
1117.60610	559.81035	2	70.2247	2
1118.01765	560.01610	2	45.8215	4
1118.48465	560.24960	2	32.3816	2
1118.54795	560.28125	2	75.3667	2
1118.60530	560.30990	2	68.9375	2
1118.63355	560.32405	2	56.3329	2
1119.54170	560.77810	2	68.5956	2
1119.58240	560.79850	2	61.8287	2
1119.59485	560.80470	2	66.7553	2
1119.67010	560.84235	2	81.8151	2
1120.05945	561.03700	2	56.8660	4
1120.57655	561.29555	2	59.7666	2
1121.53405	561.77430	2	68.0852	2
1121.57200	561.79330	2	41.8190	1
1121.60955	561.81205	2	46.9728	2
1122.51120	562.26290	2	59.0311	1
1123.47870	562.74660	2	45.7251	2
1123.57005	562.79230	2	56.7563	2
1123.58170	562.79810	2	53.0283	2
1124.61965	563.31710	2	68.6707	2
1124.63060	563.32260	2	37.2992	5
1124.68105	563.34780	2	79.5716	2
1125.51160	563.76310	2	34.2700	1
1125.53720	563.77590	2	48.3034	2
1125.57315	563.79385	2	42.5070	2
1125.63995	563.82725	2	60.2985	2
1126.49575	564.25515	2	53.7486	2
1126.59860	564.30660	2	50.9169	2
1126.61775	564.31615	2	82.8423	2
1126.66065	564.33760	2	76.3388	2
1127.47440	564.74450	2	68.3520	2
1127.53220	564.77340	2	65.5874	1
1127.56560	564.79010	2	42.0101	1
1127.61120	564.81290	2	61.2556	2
1127.65575	564.83515	2	51.8550	2
1128.56610	565.29030	2	41.3239	2
1128.57805	565.29630	2	42.2259	2
1128.59010	565.30230	2	31.4550	1
1128.63855	565.32655	2	59.0389	2
1129.58150	565.79800	2	55.0179	2
1129.63370	565.82410	2	34.3733	2
1129.63445	565.82450	2	39.1036	2
1129.67080	565.84265	2	69.3801	2
1130.56075	566.28765	2	46.8384	2
1130.58145	566.29800	2	63.5747	2
1131.57745	566.79600	2	33.6435	2
1131.62950	566.82205	2	69.7368	2
1131.65400	566.83430	2	80.9583	1
1132.53805	567.27630	2	31.9239	2
1132.55635	567.28545	2	56.2445	2
1132.58900	567.30180	2	61.2739	2
1133.55030	567.78240	2	32.4401	1
1133.55350	567.78405	2	68.5265	2
1133.57135	567.79295	2	71.6903	2
1133.57175	567.79315	2	55.3393	2
1133.57500	567.79480	2	65.5655	2
1133.60830	567.81145	2	61.7064	2
1133.64610	567.83030	2	67.4973	2
1134.53415	568.27435	2	43.3855	2
1134.53840	568.27650	2	45.9997	2
1134.57715	568.29585	2	45.7514	2
1135.59865	568.80660	2	46.6863	2
1136.53580	569.27515	2	52.6570	2
1136.57160	569.29305	2	60.2701	2
1136.57205	569.29330	2	57.1177	2
1137.56400	569.78930	2	81.8794	1
1137.57850	569.79650	2	54.5425	2
1138.56575	570.29015	2	61.6413	2
1138.58785	570.30120	2	33.8715	2
1139.54565	570.78010	2	53.8135	2
1139.56185	570.78820	2	65.9810	2
1139.62975	570.82215	2	38.9262	2
1139.65515	570.83485	2	60.9442	2
1140.52340	571.26900	2	32.6800	2
1140.54920	571.28190	2	59.8839	1
1141.55585	571.78520	2	71.1399	2
1141.56800	571.79130	2	61.9553	2
1141.59760	571.80605	2	31.7190	2
1141.61040	571.81245	2	58.7604	2
1142.03275	572.02365	2	64.3693	4
1142.48890	572.25170	2	44.7293	1
1142.55345	572.28400	2	89.5817	2
1142.55785	572.28620	2	51.0505	2
1142.61945	572.31700	2	54.2582	2
1142.63060	572.32260	2	51.7012	1
1142.63125	572.32290	2	33.2332	2
1143.50800	572.76130	2	55.1363	2
1143.57185	572.79320	2	64.8737	2
1143.58835	572.80145	2	33.7994	2
1143.69090	572.85275	2	86.0101	2
1144.58770	573.30115	2	48.8427	2
1144.59540	573.30500	2	59.5373	2
1144.60900	573.31180	2	37.3941	2
1144.63515	573.32485	2	56.6366	2
1145.08405	573.54930	2	56.8098	4
1145.57470	573.79465	2	46.5292	2
1145.67055	573.84255	2	70.0384	2
1146.57585	574.29520	2	45.0988	2
1146.58510	574.29980	2	71.8087	1
1146.61275	574.31365	2	52.0850	2
1147.55395	574.78425	2	48.3342	2
1147.55440	574.78445	2	42.8739	2
1147.57950	574.79700	2	64.4524	2
1147.58795	574.80125	2	54.0857	2
1147.63870	574.82660	2	87.0436	2
1148.51260	575.26360	2	33.5729	1
1148.54665	575.28060	2	52.4258	2
1148.56930	575.29195	2	79.2626	2
1148.60795	575.31125	2	61.8563	2
1149.56695	575.79075	2	67.3430	2
1149.56715	575.79085	2	57.0867	2
1150.05830	576.03645	2	58.3129	4
1150.54030	576.27745	2	33.1778	2
1150.58730	576.30095	2	54.6490	2
1150.58785	576.30120	2	47.7698	2
1151.49200	576.75330	2	51.4645	1
1151.59480	576.80470	2	40.4069	2
1151.64955	576.83205	2	68.2930	2
1151.72880	576.87170	2	75.2019	1
1152.53080	577.27265	2	53.1819	2
1152.53360	577.27410	2	29.9688	1
1152.54255	577.27855	2	90.9634	2
1152.54865	577.28160	2	60.1535	2
1152.55220	577.28340	2	36.3435	2
1152.58600	577.30030	2	57.7601	2
1152.58620	577.30040	2	50.6723	1
1154.57220	578.29340	2	62.8186	2
1154.61975	578.31715	2	58.8288	2
1154.63080	578.32265	2	44.5266	2
1155.56345	578.78900	2	34.2177	2
1155.58080	578.79765	2	87.4917	2
1155.61425	578.81440	2	50.8004	2
1155.62645	578.82050	2	51.5627	2
1155.64920	578.83190	2	48.6697	2
1156.51530	579.26490	2	28.2477	1
1156.51800	579.26625	2	55.2295	2
1156.51940	579.26700	2	44.4661	2
1156.59190	579.30320	2	84.6109	1
1156.60325	579.30890	2	66.3078	2
1156.68960	579.35210	2	81.7752	1
1157.56350	579.78900	2	48.9431	2
1157.59320	579.80385	2	58.0320	2
1157.59345	579.80400	2	51.9652	2
1157.63660	579.82555	2	52.7422	2
1158.59915	580.30685	2	41.7703	2
1158.62375	580.31915	2	47.2130	2
1158.62450	580.31950	2	45.4783	1
1159.57240	580.79345	2	64.0851	2
1159.57410	580.79430	2	33.7058	2
1159.58430	580.79945	2	45.1944	2
1159.59430	580.80445	2	40.8106	2
1159.61955	580.81705	2	39.6049	2
1159.63935	580.82695	2	79.5089	2
1159.68215	580.84835	2	49.1112	2
1160.56545	581.29000	2	36.8841	2
1160.58610	581.30030	2	66.5112	2
1160.58680	581.30070	2	49.2035	2
1160.59265	581.30360	2	72.8029	2
1160.59765	581.30610	2	53.8719	2
1160.60805	581.31130	2	61.3020	2
1160.61555	581.31505	2	36.0704	2
1161.59925	581.80690	2	45.5229	2
1161.60095	581.80775	2	53.2219	2
1161.60755	581.81105	2	72.5722	2
1161.61525	581.81490	2	53.0523	2
1161.66370	581.83915	2	95.4931	4
1162.59825	582.30640	2	71.4506	2
1163.57610	582.79535	2	65.3625	2
1163.60825	582.81140	2	67.0771	2
1164.57135	583.29295	2	31.5780	2
1164.60345	583.30900	2	60.3914	2
1164.60395	583.30925	2	54.5712	2
1164.72325	583.36890	2	70.1140	2
1165.46170	583.73815	2	34.7196	2
1165.57800	583.79630	2	81.6371	4
1165.63530	583.82495	2	64.1800	2
1166.54055	584.27755	2	46.4893	2
1167.61795	584.81625	2	84.3006	2
1168.54380	585.27920	2	85.6541	1
1168.63210	585.32330	2	77.4992	1
1168.64600	585.33030	2	49.0841	3
1168.68090	585.34770	2	69.4544	2
1168.68305	585.34880	2	58.1197	2
1168.74360	585.37910	2	78.9246	2
1169.57190	585.79320	2	53.9934	2
1170.51990	586.26725	2	50.2393	2
1170.57735	586.29595	2	45.9114	2
1170.62520	586.31990	2	46.9440	2
1170.66050	586.33755	2	70.1265	2
1170.66070	586.33765	2	66.5664	2
1171.57645	586.79550	2	65.1693	2
1171.62030	586.81745	2	49.8338	2
1171.62490	586.81975	2	55.7242	2
1171.70010	586.85735	2	54.4400	2
1172.59505	587.30480	2	65.4793	2
1172.61505	587.31480	2	40.0752	2
1172.62135	587.31795	2	78.8052	4
1172.62370	587.31910	2	53.4154	1
1172.62910	587.32180	2	73.4632	2
1172.62955	587.32205	2	65.8544	2
1172.63940	587.32695	2	70.6952	2
1173.50100	587.75780	2	60.2805	2
1173.57430	587.79440	2	33.0937	3
1173.58835	587.80145	2	46.2370	2
1173.61370	587.81410	2	84.8455	2
1174.54790	588.28120	2	32.0148	2
1174.56100	588.28775	2	53.8187	2
1174.60965	588.31210	2	40.4582	2
1175.57350	588.79400	2	60.3266	2
1175.58600	588.80030	2	68.5783	1
1175.61990	588.81720	2	41.2159	2
1175.65680	588.83570	2	58.7345	2
1176.50215	589.25835	2	31.6610	2
1176.58110	589.29785	2	52.5976	2
1177.63520	589.82490	2	65.9488	2
1177.66110	589.83785	2	89.4986	2
1177.66145	589.83800	2	84.0473	2
1178.46350	590.23905	2	67.6446	2
1178.51690	590.26575	2	37.7487	2
1178.54575	590.28015	2	47.6397	2
1180.52320	591.26890	2	62.1315	2
1180.59745	591.30600	2	64.4656	2
1180.70615	591.36035	2	84.9754	2
1181.65265	591.83360	2	54.4891	2
1182.54230	592.27840	2	74.4387	2
1182.60455	592.30955	2	70.9505	2
1182.62500	592.31980	2	72.0927	2
1182.66480	592.33965	2	58.0244	2
1182.67935	592.34695	2	78.0486	2
1184.58720	593.30090	2	60.8259	2
1184.60450	593.30950	2	49.8285	2
1185.57490	593.79475	2	85.5604	2
1185.64025	593.82740	2	78.7053	2
1186.54395	594.27925	2	45.0402	2
1186.65625	594.33540	2	46.7281	2
1187.58985	594.80220	2	49.1683	2
1187.59495	594.80475	2	65.1778	2
1187.62315	594.81885	2	76.8655	2
1187.70265	594.85860	2	87.2061	2
1187.70320	594.85890	2	79.9166	2
1188.58910	595.30180	2	41.7918	2
1188.59885	595.30670	2	45.6754	2
1188.61535	595.31495	2	49.9883	2
1189.54110	595.77785	2	78.1169	2
1189.63810	595.82635	2	51.6758	2
1189.64495	595.82975	2	69.4060	2
1189.67105	595.84280	2	73.8454	2
1190.56000	596.28725	2	54.8328	2
1190.58970	596.30210	2	33.4494	1
1190.60020	596.30735	2	63.8738	2
1191.61305	596.81380	2	57.3290	2
1191.66580	596.84020	2	81.7178	2
1192.52905	597.27180	2	46.0431	2
1192.61560	597.31510	2	66.1511	1
1192.66155	597.33805	2	86.2394	2
1193.61545	597.81500	2	37.8180	2
1193.63435	597.82445	2	67.4056	2
1193.67065	597.84260	2	89.1705	2
1194.51330	598.26390	2	30.3456	2
1194.58635	598.30045	2	81.9568	2
1194.61360	598.31410	2	67.0038	1
1195.61065	598.81260	2	60.0376	2
1196.55025	599.28240	2	44.8715	2
1196.57265	599.29360	2	34.6278	2
1196.65070	599.33265	2	48.4755	2
1197.54580	599.78015	2	77.3611	2
1197.57020	599.79240	2	51.9059	2
1197.57580	400.19920	3	34.5880	1
1197.59210	599.80335	2	62.9496	2
1197.62450	599.81950	2	59.4962	1
1197.63480	400.21890	3	52.4518	1
1197.63940	599.82700	2	71.9607	1
1197.66440	599.83950	2	73.8016	2
1197.69775	599.85615	2	74.7921	2
1198.62030	400.54740	3	51.6442	2
1198.62105	600.31780	2	51.6838	2
1198.65550	400.55910	3	39.8954	2
1198.65605	600.33530	2	39.9554	2
1198.66190	600.33820	2	90.2542	1
1199.50850	600.76150	2	59.5849	1
1199.54670	600.78065	2	54.4945	2
1199.71320	600.86385	2	77.8068	2
1200.61890	401.21355	3	41.4133	2
1200.62420	601.31940	2	58.6522	2
1200.62525	601.31990	2	41.4064	2
1200.64590	601.33025	2	51.7296	2
1200.65050	601.33250	2	79.0860	2
1201.58200	601.79830	2	43.4664	5
1201.59840	601.80650	2	65.8092	2
1201.60900	401.54360	3	46.9544	2
1201.60960	601.81205	2	47.0402	2
1201.61940	601.81700	2	74.4573	2
1201.63010	401.55065	3	35.3187	2
1201.63060	601.82255	2	35.8811	2
1201.66670	401.56285	3	46.0761	2
1201.66750	601.84100	2	56.3471	1
1201.66780	601.84115	2	46.0565	2
1202.58810	602.30135	2	39.6362	2
1202.60520	401.87565	3	47.9676	2
1202.60545	602.31000	2	48.0306	2
1202.64425	602.32940	2	38.3685	2
1202.65035	602.33245	2	64.4338	2
1203.59835	602.80645	2	40.8672	2
1203.61720	602.81590	2	74.7585	4
1203.67265	602.84360	2	51.2072	2
1204.48270	603.24860	2	41.7305	1
1204.58215	603.29835	2	52.2408	2
1204.60270	603.30860	2	56.2691	1
1204.60800	603.31130	2	56.7786	1
1204.61430	603.31440	2	91.9598	1
1204.65645	402.55940	3	47.5501	2
1204.65685	603.33570	2	47.5603	2
1205.56470	402.86220	3	59.0057	1
1205.59120	402.87100	3	58.7790	1
1205.62955	603.82205	2	56.0195	2
1205.64105	603.82780	2	54.0262	2
1205.71285	402.91155	3	64.5725	2
1205.71300	603.86380	2	64.6357	2
1206.59600	604.30525	2	60.5385	2
1206.60680	604.31070	2	72.3110	3
1206.62555	604.32005	2	63.9985	2
1207.57250	604.79355	2	62.1314	2
1207.62015	604.81735	2	54.8730	2
1207.62440	604.81945	2	72.0306	2
1207.66530	604.83990	2	87.6767	1
1207.67395	604.84425	2	83.6958	2
1207.76570	604.89010	2	80.2315	2
1208.52480	605.26965	2	38.5000	2
1208.59460	605.30460	2	82.1843	2
1208.60480	605.30965	2	68.0013	2
1209.58835	605.80145	2	47.7088	2
1210.59890	606.30675	2	62.7130	2
1210.61315	404.54500	3	62.3602	2
1210.63140	404.55105	3	37.1920	2
1210.74095	606.37775	2	70.2752	2
1211.59800	606.80630	2	61.8216	1
1211.61955	606.81705	2	77.4440	2
1211.62600	404.88260	3	34.7633	1
1211.65120	404.89100	3	48.0175	2
1211.65240	606.83345	2	48.0565	2
1211.65760	606.83610	2	86.6002	1
1212.54180	607.27815	2	56.5008	2
1212.56760	405.19645	3	27.4551	2
1212.64760	405.22310	3	55.8614	1
1213.64590	405.55590	3	53.2516	2
1213.66720	607.84085	2	47.9132	2
1213.67160	405.56450	3	81.2043	1
1214.59770	608.30610	2	63.1320	2
1214.61510	608.31480	2	63.3655	1
1214.64010	608.32730	2	64.3605	1
1214.70200	608.35830	2	62.6778	1
1215.59820	608.80640	2	49.8471	2
1215.64640	608.83045	2	59.8559	2
1215.65125	608.83290	2	82.2465	2
1215.68220	406.23465	3	33.9864	2
1215.68290	608.84870	2	34.0269	2
1216.57565	609.29510	2	38.6654	2
1216.57585	609.29520	2	48.5573	2
1216.62325	609.31890	2	54.8039	2
1216.65775	609.33615	2	69.3458	2
1216.72400	609.36925	2	84.9865	2
1217.56630	609.79040	2	69.6207	3
1217.60770	609.81115	2	57.2439	2
1217.60920	609.81185	2	75.3585	2
1217.67735	406.89975	3	67.8383	2
1218.62890	610.32170	2	58.4607	1
1218.63710	610.32580	2	62.1662	1
1218.66495	610.33975	2	82.5945	2
1219.61265	610.81360	2	49.2150	2
1220.64085	611.32770	2	54.0262	2
1220.64120	611.32790	2	77.6817	2
1221.13300	611.57380	2	49.8796	4
1221.51800	611.76630	2	45.0859	1
1221.59820	611.80635	2	58.5250	2
1221.60970	611.81210	2	30.5219	1
1221.61065	408.21085	3	30.4400	2
1221.63625	611.82540	2	56.2777	2
1222.61135	612.31295	2	66.9892	2
1222.62040	612.31750	2	56.1534	1
1223.54180	612.77815	2	46.2828	2
1223.56740	408.86310	3	35.9574	1
1223.62605	612.82030	2	35.2215	2
1223.65160	408.89115	3	47.3888	2
1223.65200	408.89130	3	46.9992	1
1223.71395	612.86425	2	84.5017	14
1224.62395	613.31925	2	68.1069	2
1224.62995	613.32225	2	53.5043	2
1224.65580	613.33520	2	36.3023	1
1224.65855	409.22680	3	36.0730	2
1224.68405	613.34930	2	42.8393	2
1225.63680	613.82570	2	73.3170	1
1225.67250	613.84350	2	68.8373	1
1226.69855	614.35655	2	58.7974	2
1226.70745	614.36100	2	80.7858	2
1227.65620	614.83540	2	58.5332	2
1227.66180	614.83815	2	69.8186	2
1227.68230	614.84840	2	64.2595	2
1227.68280	410.23485	3	49.3458	2
1228.16340	615.08900	2	68.6414	4
1228.73950	615.37700	2	82.0158	1
1229.55760	615.78610	2	41.1897	2
1229.61990	615.81725	2	49.3377	2
1229.65075	615.83265	2	47.2316	2
1229.65125	410.89105	3	47.1539	2
1229.69750	615.85600	2	39.7721	1
1229.73790	410.91990	3	58.5598	2
1230.55835	411.19340	3	32.5211	2
1230.58370	616.29910	2	41.3506	2
1230.58795	616.30125	2	59.6468	2
1230.62105	616.31780	2	48.4498	2
1230.63930	616.32690	2	78.3580	2
1230.65790	616.33625	2	41.0765	2
1230.66350	616.33905	2	82.0996	2
1231.58695	616.80075	2	35.8048	2
1231.58720	616.80085	2	51.8018	2
1231.62405	616.81930	2	54.6591	2
1231.62595	616.82025	2	87.1182	2
1231.65610	616.83535	2	60.2095	2
1231.66090	616.83770	2	56.5757	1
1231.69300	411.57160	3	57.5492	2
1232.57280	617.29365	2	33.4010	2
1232.60765	617.31110	2	45.7591	2
1233.60180	412.20790	3	79.5326	1
1233.60790	617.81120	2	50.0187	2
1233.61015	617.81235	2	61.8038	2
1233.62245	617.81850	2	43.5863	2
1233.66075	617.83765	2	56.9501	2
1234.56900	412.53030	3	40.1331	2
1234.59895	618.30675	2	34.8011	2
1234.65595	618.33525	2	63.8090	2
1235.60705	412.87630	3	39.2805	2
1235.60735	618.81095	2	39.2637	2
1235.64975	618.83215	2	48.6563	2
1235.65090	412.89090	3	48.5917	2
1235.66930	412.89705	3	57.6935	2
1235.66935	618.84195	2	57.7364	2
1235.69790	412.90660	3	48.7516	1
1236.56255	619.28855	2	48.0252	2
1237.63520	413.55235	3	37.1816	2
1237.63545	619.82500	2	37.2734	2
1237.64695	619.83075	2	63.6312	2
1237.74045	619.87750	2	67.4381	2
1238.60950	620.31200	2	54.6412	1
1239.59190	620.80320	2	58.3156	2
1239.59585	414.20585	3	35.1674	2
1239.62070	620.81760	2	62.0286	1
1239.62150	620.81800	2	61.9990	1
1239.68365	620.84910	2	74.8187	2
1239.71895	620.86675	2	73.6670	2
1240.16115	621.08785	2	48.2736	4
1240.58730	414.53640	3	35.6866	2
1240.70275	621.35865	2	90.2109	2
1240.70340	621.35895	2	71.2748	2
1241.59425	621.80440	2	70.8244	2
1241.66435	621.83945	2	61.6616	2
1241.77505	621.89480	2	76.8462	2
1241.77510	414.93230	3	76.7683	2
1242.63685	415.21955	3	43.6620	2
1242.63735	622.32595	2	43.7055	2
1242.70240	622.35850	2	94.4695	1
1243.58750	622.80100	2	64.7258	1
1243.67765	415.56650	3	60.4523	2
1244.54210	623.27830	2	51.9194	2
1244.56730	623.29090	2	46.2021	2
1244.63265	623.32360	2	65.8642	2
1244.67265	415.89815	3	36.1266	2
1245.62120	416.21435	3	46.8851	2
1245.64070	623.82760	2	62.3531	1
1245.65090	623.83275	2	81.1743	2
1245.65660	623.83560	2	42.8738	2
1245.67210	416.23130	3	54.1398	2
1245.67490	623.84475	2	41.8229	2
1245.69560	416.23910	3	43.3528	1
1246.61250	416.54475	3	53.9297	2
1246.64945	416.55710	3	66.4898	2
1246.69225	624.35340	2	71.8825	2
1248.61885	625.31670	2	57.4599	2
1248.67265	625.34360	2	60.4226	2
1248.67330	625.34390	2	62.7531	2
1249.63105	625.82280	2	56.8143	2
1249.65445	625.83450	2	63.5147	2
1249.65685	625.83570	2	82.2697	2
1250.66500	626.33980	2	79.6723	1
1250.72430	626.36940	2	86.9448	2
1250.75940	626.38695	2	71.6765	2
1251.66100	626.83775	2	74.2406	2
1251.66530	418.22900	3	49.2617	1
1252.73955	627.37705	2	78.4625	2
1252.75035	418.59070	3	65.2887	2
1252.77655	627.39555	2	90.5584	2
1253.55920	627.78690	2	65.9034	1
1253.63050	418.88410	3	31.8195	2
1254.58860	628.30160	2	67.9782	1
1254.59930	628.30695	2	79.5088	2
1254.72945	628.37200	2	39.4602	2
1254.72985	628.37220	2	68.7875	2
1254.72990	419.25055	3	39.4058	2
1254.73380	419.25185	3	51.3494	2
1255.58470	628.79965	2	42.5016	2
1255.62460	628.81960	2	92.0824	1
1255.62780	628.82120	2	69.4300	2
1255.65590	419.55920	3	52.7170	2
1255.65800	628.83630	2	52.7691	1
1255.66765	628.84110	2	73.2865	2
1255.67850	628.84650	2	50.2215	2
1255.70260	628.85855	2	68.6117	2
1255.71400	419.57860	3	64.5172	2
1255.72560	628.87010	2	70.8175	1
1256.60765	629.31110	2	58.1857	2
1256.61125	629.31290	2	49.6283	2
1256.67310	629.34380	2	54.8633	2
1256.69760	419.90650	3	46.5478	2
1256.69785	629.35620	2	46.5161	2
1256.70125	629.35790	2	95.8301	2
1257.64670	629.83060	2	41.5342	2
1257.64720	420.22300	3	41.5667	1
1258.59960	630.30710	2	80.3521	2
1258.67635	630.34545	2	66.6663	2
1258.68950	630.35205	2	51.5324	2
1258.76555	630.39005	2	86.0499	2
1259.63375	630.82415	2	74.4840	2
1259.63565	630.82510	2	57.4867	2
1259.66170	630.83815	2	57.9939	2
1259.72510	630.86980	2	76.0606	1
1260.57360	421.19850	3	36.5141	1
1260.57670	631.29560	2	35.3052	2
1260.58850	631.30150	2	41.6806	2
1260.60180	631.30820	2	45.0912	1
1260.62890	421.21690	3	59.5988	1
1260.66015	631.33735	2	66.0496	2
1260.67260	631.34355	2	56.4929	2
1261.57890	631.79670	2	50.1938	2
1261.62260	421.54810	3	39.4005	2
1261.67110	421.56430	3	36.8305	1
1261.74220	631.87840	2	94.2519	1
1262.60795	421.87660	3	45.4267	2
1263.62030	422.21405	3	32.4798	2
1263.62040	632.81745	2	32.5210	2
1263.62870	632.82160	2	55.9489	2
1263.67250	632.84355	2	87.8267	2
1263.68315	632.84885	2	66.1362	2
1264.64850	422.55675	3	60.1614	2
1264.64910	633.33185	2	60.1934	2
1264.77780	633.39620	2	92.0931	1
1265.68870	633.85165	2	50.6552	2
1266.56325	634.28890	2	45.2112	2
1266.62180	423.21455	3	36.7874	2
1266.62180	634.31820	2	36.8157	1
1266.62535	634.31995	2	69.8285	2
1267.64795	634.83125	2	81.2723	2
1267.68910	634.85180	2	48.7715	2
1267.72950	423.58380	3	47.2617	1
1268.61430	423.87870	3	52.2916	2
1268.66225	635.33840	2	49.9059	2
1268.66260	423.89480	3	49.8514	2
1268.69910	635.35680	2	69.0007	2
1269.13550	635.57500	2	61.3805	4
1269.62455	635.81955	2	79.5973	2
1269.65380	424.22520	3	66.2471	1
1269.65885	424.22685	3	45.8662	2
1269.65905	635.83680	2	45.8710	2
1269.70500	635.85975	2	62.1190	2
1269.72945	635.87200	2	77.3530	2
1270.65300	636.33375	2	42.7319	2
1270.69995	424.57390	3	61.2449	2
1270.70090	636.35770	2	61.2979	1
1270.72860	636.37155	2	90.9554	2
1271.56340	636.78900	2	52.9526	1
1271.56450	424.86210	3	76.5220	1
1271.61790	636.81620	2	54.8730	2
1271.62225	636.81840	2	59.0523	2
1271.68765	424.90315	3	59.2727	2
1271.69140	636.85300	2	63.4108	2
1271.76120	636.88790	2	81.1083	2
1272.69280	637.35370	2	63.9306	2
1273.65665	637.83560	2	65.7226	2
1273.66985	637.84220	2	64.2309	2
1273.67805	637.84630	2	85.3626	2
1273.72195	637.86825	2	69.4403	2
1274.62905	425.88360	3	45.0325	2
1274.64450	638.32955	2	83.8783	2
1274.65190	638.33320	2	76.2524	2
1274.66170	638.33810	2	67.6889	3
1274.76015	638.38735	2	77.9672	2
1275.54150	638.77800	2	44.4098	2
1275.57290	638.79370	2	60.0104	2
1275.64460	426.22210	3	53.7920	2
1275.69295	426.23825	3	61.8638	2
1276.63345	639.32400	2	76.5204	2
1276.65280	639.33365	2	88.7899	2
1276.66670	639.34060	2	57.5491	2
1276.67365	639.34410	2	85.1003	2
1276.70270	639.35865	2	71.3628	2
1276.70405	639.35930	2	77.5121	2
1277.63760	639.82610	2	61.4871	3
1277.67300	639.84380	2	68.0475	2
1277.68725	639.85090	2	75.1215	2
1278.65010	640.33235	2	83.9780	2
1279.62400	640.81925	2	62.9630	2
1279.69635	427.57270	3	53.1225	2
1280.57755	641.29605	2	80.2887	2
1280.59965	427.87380	3	36.3988	2
1281.55800	641.78625	2	38.7843	2
1281.60930	641.81195	2	35.2863	2
1281.60955	428.21045	3	35.3702	2
1281.70420	428.24200	3	40.5331	2
1282.57350	642.29405	2	70.9612	2
1282.58625	642.30040	2	60.8814	2
1283.61540	642.81500	2	69.9095	2
1283.65095	642.83275	2	64.8177	2
1283.70640	428.90940	3	43.3250	2
1283.72080	428.91420	3	42.7220	2
1283.73425	642.87440	2	77.3042	2
1284.61430	429.21200	3	39.2278	2
1284.62750	643.32100	2	90.1060	2
1284.67020	643.34240	2	84.7013	4
1284.69385	643.35420	2	77.0187	2
1284.70330	643.35890	2	68.3549	2
1284.70415	429.24195	3	42.0143	2
1284.72950	643.37205	2	82.8092	2
1285.66340	643.83895	2	42.5586	2
1285.72370	429.58185	3	45.1245	2
1286.64390	429.88860	3	67.9581	2
1286.65040	429.89070	3	53.2516	2
1286.66905	644.34180	2	85.0356	2
1286.68300	644.34880	2	84.3978	2
1286.69915	644.35685	2	67.5815	2
1286.78490	644.39975	2	85.2975	2
1287.62995	644.82225	2	83.9459	2
1287.66855	644.84155	2	44.7069	2
1287.68280	644.84865	2	72.9756	2
1288.59220	645.30340	2	43.9048	2
1288.60650	645.31055	2	63.1320	2
1288.66245	645.33850	2	45.3716	2
1288.68175	645.34815	2	50.4749	2
1288.68555	645.35005	2	66.5216	2
1288.72200	645.36825	2	83.2070	2
1288.74040	645.37745	2	74.9795	2
1289.58890	645.80170	2	35.4876	1
1289.59170	430.87115	3	35.4257	2
1289.62725	645.82090	2	88.2237	2
1289.62845	645.82150	2	62.0325	2
1289.64690	645.83070	2	48.9402	2
1290.65805	646.33630	2	54.1676	2
1290.67260	431.23150	3	67.8882	1
1291.53555	646.77505	2	37.4788	2
1291.57950	646.79700	2	44.1677	2
1291.60420	646.80935	2	50.5951	2
1291.66630	646.84040	2	59.4093	2
1293.62395	647.81925	2	54.8015	2
1294.16380	432.39520	3	61.2818	2
1294.62280	648.31865	2	67.6717	2
1294.73330	648.37390	2	82.0829	2
1294.79740	432.60640	3	66.9319	2
1295.58890	648.80170	2	44.0701	1
1295.66770	432.89650	3	61.2109	1
1295.72650	648.87055	2	75.3077	2
1295.74570	648.88015	2	64.1476	2
1295.75600	432.92590	3	59.4666	1
1296.68260	649.34855	2	59.0388	2
1296.70295	649.35875	2	68.4669	2
1297.23365	649.62410	2	44.7860	4
1297.59220	433.53800	3	56.5947	1
1297.68770	433.56980	3	62.3829	1
1297.72570	433.58250	3	45.3535	3
1297.73595	649.87525	2	64.9079	2
1297.76070	433.59420	3	62.7828	2
1298.59345	433.87175	3	37.0862	2
1298.60905	433.87695	3	36.9683	2
1298.69420	650.35440	2	47.5338	2
1298.74500	650.37980	2	91.7687	2
1299.56930	650.79195	2	35.6305	2
1299.62945	650.82200	2	73.7378	2
1299.67955	650.84705	2	40.5482	2
1299.69295	650.85375	2	79.0455	2
1299.71420	650.86440	2	57.2724	2
1300.62270	651.31860	2	80.6204	1
1300.62330	651.31895	2	85.4332	2
1300.69840	434.57340	3	32.8370	1
1300.70300	651.35875	2	62.4547	2
1300.70620	651.36040	2	91.2798	2
1300.73905	651.37680	2	75.1852	2
1300.77530	651.39495	2	84.4702	2
1301.61065	651.81260	2	42.0594	2
1301.63655	434.88610	3	40.1278	2
1301.63755	651.82605	2	40.1532	2
1301.69895	651.85675	2	68.1700	2
1302.65975	652.33715	2	66.2836	2
1303.51415	652.76435	2	64.9586	2
1303.74965	652.88210	2	74.9161	2
1304.61135	653.31295	2	42.3376	2
1304.73460	653.37455	2	78.3415	2
1305.62465	653.81960	2	50.8851	2
1305.65880	653.83670	2	68.4657	1
1305.70470	653.85960	2	73.1268	2
1306.58270	436.53485	3	40.0086	2
1306.65250	436.55810	3	39.5479	2
1306.66700	654.34080	2	31.3401	1
1306.67530	654.34490	2	75.2614	1
1307.66215	654.83835	2	61.0278	2
1308.65900	655.33680	2	62.7774	2
1308.71965	655.36710	2	86.3131	2
1308.72050	437.24745	3	86.4005	2
1308.74140	655.37795	2	59.7477	2
1308.77745	655.39600	2	72.5794	2
1309.65240	655.83350	2	63.3417	2
1309.66235	437.56140	3	71.4016	2
1309.77260	655.89355	2	77.6899	2
1310.56030	656.28740	2	35.9995	1
1310.61400	656.31430	2	68.8477	5
1310.65405	437.89195	3	47.6537	2
1310.68000	656.34725	2	80.0492	2
1311.57100	656.79280	2	59.2565	2
1311.58325	656.79890	2	50.0498	2
1311.64870	656.83160	2	88.4645	1
1311.71480	438.24550	3	60.0334	1
1313.61295	657.81375	2	62.9838	2
1313.69265	438.90480	3	51.9705	2
1313.69350	657.85400	2	55.8054	1
1313.69385	657.85420	2	52.0318	2
1313.70220	657.85835	2	87.0112	2
1313.71890	438.91355	3	61.6053	2
1313.72015	657.86735	2	84.5301	2
1313.74765	438.92315	3	53.5351	2
1314.59940	439.20710	3	32.9391	1
1314.69725	658.35590	2	62.6261	2
1314.69735	658.35595	2	48.0870	2
1314.70105	439.24095	3	48.1304	2
1315.65990	658.83725	2	72.5161	2
1315.68390	658.84925	2	59.8880	2
1315.71015	658.86235	2	64.6969	2
1315.77150	439.59780	3	62.7143	1
1316.56475	659.28965	2	55.2027	2
1316.64900	659.33180	2	82.8378	3
1316.67630	439.89940	3	64.2675	2
1316.73500	659.37480	2	68.1535	2
1316.73555	659.37505	2	95.4508	2
1317.61055	440.21075	3	52.4890	2
1317.64260	659.82860	2	42.4166	2
1317.68760	659.85110	2	62.2646	1
1318.65875	660.33665	2	78.8609	2
1318.68760	660.35110	2	63.5707	1
1319.63385	660.82420	2	53.3125	2
1319.66360	660.83910	2	53.7748	2
1319.66455	440.89545	3	53.7341	2
1319.69080	660.85270	2	81.3344	2
1320.59920	661.30690	2	71.7987	2
1320.62300	441.21490	3	40.7157	2
1320.62475	661.31965	2	40.6653	2
1320.63545	441.21910	3	51.0609	2
1320.68495	661.34975	2	90.2072	10
1321.61550	661.81505	2	51.7551	2
1321.76405	661.88930	2	80.5099	2
1321.76470	441.59550	3	80.4426	2
1322.57540	441.86570	3	33.4819	1
1322.66720	662.34085	2	88.5416	2
1322.67225	662.34340	2	64.1833	2
1322.72780	662.37120	2	72.5025	1
1323.71970	442.24720	3	71.0864	1
1324.69245	663.35350	2	77.7742	2
1324.73480	663.37470	2	63.2461	2
1324.78315	442.60165	3	65.1239	2
1325.74930	663.88190	2	82.8814	2
1326.62190	664.31825	2	60.5598	2
1326.68980	664.35220	2	31.3297	1
1326.68985	443.23725	3	31.3800	2
1327.56480	664.78970	2	49.4424	1
1327.65280	443.55820	3	56.9572	2
1327.78750	664.90105	2	94.3293	2
1328.74520	443.92230	3	42.1865	2
1328.75230	443.92470	3	71.1293	2
1328.75245	665.38350	2	71.2839	2
1329.60710	665.81085	2	41.0481	2
1329.65385	665.83420	2	43.6664	2
1329.65420	665.83440	2	58.9451	1
1329.66815	444.23000	3	58.2802	2
1329.69285	444.23820	3	65.8354	2
1330.71395	666.36425	2	61.5946	2
1330.78095	666.39775	2	85.4957	2
1330.78250	444.60140	3	85.6212	2
1331.67645	666.84550	2	74.3947	2
1331.70995	666.86225	2	80.5660	2
1331.71010	666.86230	2	63.4840	1
1331.72875	666.87165	2	91.8391	2
1331.74580	666.88020	2	82.0206	2
1331.76690	444.92960	3	45.6074	2
1331.76815	666.89135	2	45.5867	2
1332.64680	667.33065	2	47.7088	2
1332.70085	667.35770	2	82.4639	2
1333.59530	667.80495	2	43.5572	2
1334.65760	668.33610	2	74.3016	1
1334.66205	445.89465	3	46.2508	2
1334.71970	445.91380	3	53.5654	1
1334.71980	668.36720	2	53.5613	2
1334.72410	668.36930	2	76.3745	2
1335.63965	668.82710	2	72.0063	2
1336.74720	669.38090	2	43.1815	2
1336.80800	669.41125	2	79.6111	2
1337.59920	669.80690	2	59.1980	5
1337.67200	669.84325	2	73.3609	2
1338.06440	670.03945	2	39.2399	4
1338.61235	670.31345	2	60.7648	2
1338.66770	447.22980	3	57.3499	1
1338.66855	670.34155	2	63.0665	2
1338.71680	447.24620	3	47.1742	1
1338.72095	670.36775	2	72.4492	2
1339.65270	670.83365	2	64.6637	2
1339.74585	447.58925	3	55.5228	2
1339.75335	670.88395	2	81.5945	2
1339.77085	670.89270	2	96.6627	8
1339.77205	447.59795	3	93.7754	2
1340.59815	671.30635	2	49.3649	2
1340.72920	671.37190	2	61.9840	2
1341.19900	671.60675	2	45.1289	4
1341.62285	671.81870	2	75.0364	2
1341.72750	448.24980	3	44.2399	1
1342.65180	448.55790	3	54.0881	2
1342.65255	448.55810	3	37.6420	2
1342.69335	672.35395	2	70.4669	2
1342.70895	448.57690	3	56.3614	2
1342.71015	672.36235	2	62.8663	2
1342.73630	672.37540	2	84.1171	12
1343.72350	448.91510	3	71.9661	1
1343.76585	448.92920	3	54.4375	2
1343.76690	672.89075	2	54.4037	2
1344.68200	673.34830	2	53.4386	1
1344.70760	673.36105	2	62.5410	2
1344.71385	673.36420	2	65.9268	2
1344.74025	673.37740	2	83.2149	2
1344.74385	449.25520	3	81.4348	2
1344.74765	449.25650	3	67.8734	2
1344.79830	673.40640	2	95.9365	2
1345.62160	449.54780	3	33.4901	2
1345.62320	673.81890	2	33.5623	1
1345.66560	673.84010	2	58.9065	1
1346.57875	674.29665	2	40.1384	2
1346.67475	674.34465	2	72.9983	2
1346.68310	674.34880	2	77.8455	2
1346.76635	449.92940	3	68.4941	2
1346.76740	674.39100	2	68.5875	2
1347.58140	674.79800	2	53.1790	1
1347.58445	450.20210	3	43.9632	2
1347.66655	674.84055	2	88.1852	2
1347.72215	674.86835	2	84.5384	2
1347.74550	674.88000	2	63.5801	2
1347.74735	450.25640	3	63.4320	2
1347.76415	450.26200	3	82.7894	2
1348.53340	675.27400	2	49.6988	1
1349.56960	675.79210	2	76.2274	2
1349.62800	450.88330	3	50.9074	1
1349.64650	675.83050	2	60.7618	2
1349.68300	675.84875	2	69.4634	2
1350.60895	676.31175	2	39.9897	2
1350.68730	451.23640	3	73.4107	1
1350.71580	676.36520	2	73.7873	2
1350.75110	676.38280	2	58.6155	2
1351.59060	676.80260	2	50.3567	1
1351.63810	451.55330	3	34.2757	2
1351.63865	676.82660	2	34.3132	2
1351.64165	676.82810	2	60.5678	2
1352.59310	451.87160	3	30.8335	1
1352.64050	677.32750	2	63.4385	1
1352.72975	451.91720	3	55.0203	2
1352.75535	677.38495	2	68.0584	2
1353.72045	677.86750	2	87.8771	2
1353.72595	677.87025	2	65.7122	2
1353.76120	677.88790	2	70.5789	1
1354.72765	678.37110	2	89.8723	4
1355.71610	678.86530	2	87.2970	1
1355.71660	678.86555	2	85.0439	2
1355.73035	678.87245	2	56.6441	2
1355.77765	452.93315	3	58.8604	2
1355.77800	678.89630	2	81.9610	2
1356.56860	679.29160	2	53.9862	1
1356.73650	679.37550	2	59.9774	2
1356.74860	453.25680	3	48.3550	2
1356.75085	679.38270	2	48.3931	2
1357.66330	679.83895	2	49.5720	2
1357.66820	453.56330	3	30.2087	1
1357.67370	679.84410	2	30.4170	2
1357.74485	453.58890	3	58.2747	2
1357.74600	679.88030	2	58.3507	2
1358.15440	453.72540	3	50.8870	4
1358.62930	680.32190	2	59.6750	1
1358.65870	680.33660	2	88.4076	2
1358.66265	680.33860	2	56.8756	2
1358.66770	453.89650	3	45.8096	2
1358.66870	680.34160	2	45.8472	2
1358.67815	453.90000	3	38.6901	2
1358.68085	680.34770	2	38.7254	2
1358.74200	680.37830	2	82.5605	2
1358.75505	680.38480	2	92.1590	2
1359.68135	680.84795	2	67.1328	2
1359.68810	454.23665	3	38.4088	2
1359.83620	454.28600	3	56.8077	1
1360.58570	454.53580	3	33.8947	2
1360.70070	681.35760	2	75.4156	1
1361.66840	681.84145	2	40.4908	2
1361.67210	681.84335	2	66.8741	2
1361.70250	454.90810	3	43.8952	1
1361.72010	681.86730	2	68.7085	2
1361.72255	681.86855	2	71.4816	2
1362.55920	682.28685	2	50.1611	2
1362.59005	682.30230	2	48.5302	2
1362.64620	682.33040	2	53.6047	1
1362.71535	682.36495	2	58.1115	2
1362.71560	682.36510	2	72.0926	2
1362.72380	682.36915	2	83.1510	2
1363.68420	455.56870	3	49.2671	1
1363.68500	682.84980	2	72.8034	1
1363.69120	455.57100	3	45.2125	2
1363.74350	455.58840	3	59.3066	1
1364.59130	683.30290	2	51.0992	1
1364.63000	683.32230	2	71.9355	1
1364.64020	683.32740	2	64.3987	2
1364.68350	683.34900	2	61.3289	2
1364.71835	683.36645	2	64.7594	2
1364.73670	683.37560	2	69.2851	2
1365.55860	456.19350	3	42.2958	1
1365.66665	683.84060	2	84.0824	2
1365.67745	683.84600	2	55.8116	2
1365.67840	456.23340	3	55.7852	2
1366.73240	456.58470	3	36.4829	1
1366.75570	684.38510	2	36.6603	1
1366.75925	456.59365	3	36.6113	2
1367.65425	456.89205	3	51.2682	2
1367.67170	456.89785	3	50.0824	2
1367.68805	456.90330	3	51.4981	2
1367.68970	684.85215	2	51.5888	2
1367.71250	684.86355	2	71.5757	2
1367.76735	684.89095	2	83.0298	2
1367.77805	684.89630	2	75.0605	2
1368.03795	685.02625	2	33.2037	4
1368.64680	457.22285	3	67.5476	2
1368.75080	685.38270	2	74.6164	2
1368.79760	457.27310	3	63.7786	1
1369.67355	457.56515	3	51.9998	2
1369.79425	685.90440	2	54.5738	2
1370.28495	457.76890	3	54.9181	4
1370.72340	686.36900	2	79.3033	3
1370.81645	686.41550	2	94.0736	2
1371.68355	686.84905	2	73.3499	2
1371.71030	686.86245	2	90.8922	2
1371.73435	458.25205	3	49.3921	2
1371.74525	458.25565	3	54.7390	2
1372.68455	687.34955	2	66.1895	2
1372.71830	458.58000	3	54.3834	1
1373.69115	687.85285	2	37.9615	2
1373.74030	687.87745	2	70.6175	2
1373.75180	687.88320	2	56.9571	2
1374.67830	688.34640	2	86.8149	1
1374.68835	459.23670	3	47.7569	2
1374.70830	688.36140	2	73.3059	1
1374.76220	688.38835	2	77.4787	2
1374.76240	459.26140	3	77.3802	2
1374.78770	688.40115	2	83.7879	2
1375.71350	459.57845	3	76.0085	2
1376.70825	689.36140	2	89.0396	2
1376.71935	689.36695	2	64.9640	2
1376.72955	459.91710	3	49.6839	2
1376.85015	459.95730	3	66.3154	2
1377.67130	689.84290	2	82.6335	3
1377.67890	689.84675	2	75.4340	2
1377.68705	460.23625	3	32.8821	2
1377.68755	689.85105	2	32.8931	2
1377.69235	460.23805	3	87.7310	2
1377.69775	689.85615	2	88.5625	4
1378.23340	690.12400	2	84.2073	4
1378.55510	690.28485	2	43.0171	2
1378.67700	690.34580	2	59.5739	1
1378.69415	690.35435	2	59.8014	2
1378.75730	690.38595	2	93.8707	2
1379.76650	460.92940	3	72.5242	2
1379.76710	690.89080	2	72.5297	1
1379.77145	690.89300	2	79.7249	2
1380.79805	691.40630	2	76.1650	2
1381.66700	691.84080	2	65.6880	2
1382.65125	692.33290	2	76.2773	2
1382.75980	692.38720	2	77.2326	2
1383.53970	692.77715	2	26.1789	2
1383.68005	462.23395	3	43.1671	2
1384.66300	693.33880	2	55.9225	2
1384.66960	693.34210	2	83.1230	2
1384.70970	693.36210	2	69.8483	1
1384.73435	462.58540	3	63.8817	2
1384.75555	693.38505	2	83.2747	2
1385.73490	693.87470	2	74.9050	2
1385.75195	693.88325	2	62.0453	2
1386.72430	463.24870	3	66.0441	2
1387.56175	694.78815	2	61.4584	2
1387.68745	694.85100	2	81.9067	2
1387.69280	694.85370	2	56.6177	2
1387.69540	694.85500	2	70.5314	2
1387.72685	463.58290	3	83.1537	2
1388.55725	695.28590	2	55.1514	2
1388.70570	695.36015	2	52.1426	2
1389.73295	695.87375	2	86.9765	2
1389.75140	695.88300	2	88.1129	2
1390.65050	464.55740	3	37.7117	1
1390.75735	464.59305	3	67.4405	2
1391.56160	464.86115	3	34.8885	2
1391.69370	696.85410	2	60.2532	3
1391.70460	696.85960	2	52.6622	2
1392.61690	465.21290	3	58.9856	2
1392.66715	697.34085	2	63.0985	2
1392.87115	697.44285	2	83.3067	2
1393.64290	697.82875	2	68.2302	2
1393.65200	697.83325	2	70.7645	2
1393.67910	697.84685	2	70.1884	2
1393.69180	697.85320	2	81.8118	2
1393.70290	465.57490	3	55.3989	2
1393.70405	697.85930	2	76.9220	2
1394.55025	698.28240	2	36.6114	2
1394.75540	698.38500	2	86.5313	3
1395.65350	698.83405	2	58.1441	2
1395.71080	466.24420	3	39.8650	2
1395.71095	698.86275	2	39.8457	2
1396.67685	699.34570	2	76.7067	2
1396.80410	699.40930	2	66.3636	1
1397.60300	466.87490	3	46.5576	1
1397.71655	699.86555	2	51.1439	2
1397.78820	466.93665	3	65.2390	2
1397.79645	699.90550	2	79.0177	2
1398.62830	700.32145	2	52.1770	2
1398.70305	700.35880	2	89.3401	2
1398.73850	467.25345	3	50.5354	2
1398.77235	700.39345	2	63.7577	2
1399.66320	700.83885	2	60.8338	2
1399.69500	700.85480	2	54.3173	2
1399.76845	700.89150	2	62.5793	2
1401.57105	701.79280	2	42.6445	2
1401.71010	468.24395	3	42.2187	2
1401.71250	701.86350	2	42.2681	1
1401.76315	701.88885	2	80.0657	2
1402.75095	702.38275	2	76.4324	2
1403.63245	702.82350	2	54.9892	2
1403.63835	702.82645	2	60.4789	2
1403.72270	702.86860	2	86.4331	1
1403.74060	468.92080	3	40.5698	2
1403.74125	702.87790	2	68.9662	2
1403.74305	702.87880	2	40.6380	2
1404.72390	469.24860	3	50.9649	1
1404.73000	703.37230	2	75.2800	1
1404.79905	703.40680	2	67.7568	2
1405.65120	703.83285	2	55.8988	2
1405.67395	469.56525	3	43.8695	2
1406.66100	469.89430	3	51.4590	1
1406.71570	704.36510	2	74.4224	2
1407.72435	470.24870	3	49.4825	2
1407.72460	704.86960	2	49.5282	1
1407.78350	470.26845	3	59.8637	2
1407.78395	470.26860	3	65.9268	2
1408.65155	705.33305	2	77.0510	2
1408.66230	705.33840	2	70.0968	2
1408.66880	705.34170	2	39.1164	2
1409.68785	705.85120	2	68.3008	2
1409.73955	470.92045	3	48.8207	2
1410.70095	706.35775	2	55.4655	2
1410.72410	471.24860	3	50.1063	2
1410.77130	471.26440	3	57.0631	2
1411.65850	706.83655	2	47.9963	2
1411.67325	706.84390	2	72.3096	2
1411.71615	471.57930	3	69.6782	2
1411.82835	706.92145	2	72.4162	2
1411.82945	471.61710	3	72.5317	2
1412.64310	707.32885	2	88.4725	2
1412.77695	707.39575	2	50.7313	2
1412.81410	707.41435	2	82.4291	2
1412.83925	471.95370	3	66.4003	2
1412.83955	707.42705	2	66.4543	2
1413.67510	707.84480	2	37.3315	2
1413.76660	707.89055	2	61.2151	2
1414.72190	708.36825	2	60.5114	2
1414.73045	472.58410	3	47.2900	2
1414.73150	708.37300	2	81.2142	2
1414.73190	708.37325	2	47.3523	2
1415.65045	708.83250	2	91.9651	2
1415.68985	708.85220	2	57.6105	2
1415.72695	708.87075	2	45.9358	2
1415.76225	472.92800	3	40.0726	2
1416.72525	709.36990	2	64.5224	2
1416.73130	709.37290	2	96.5567	1
1416.78110	473.26760	3	58.6122	1
1417.66575	709.84015	2	68.0311	2
1417.66930	709.84195	2	55.2294	2
1417.67975	473.56715	3	46.7179	2
1417.71255	709.86355	2	73.9164	2
1418.69860	473.90680	3	42.7936	2
1418.70875	710.36165	2	57.8168	2
1418.70905	710.36180	2	80.0830	2
1419.66445	710.83950	2	57.1495	2
1419.69950	710.85700	2	51.0008	2
1419.75900	474.26025	3	51.1997	2
1419.81285	710.91370	2	80.6557	2
1420.19170	474.40450	3	51.5140	4
1420.65115	711.33285	2	46.7464	6
1421.80320	474.94170	3	63.2874	2
1422.59395	712.30425	2	36.6447	2
1422.59425	475.20535	3	36.5438	2
1422.67430	475.23200	3	40.5103	2
1422.68870	712.35160	2	65.4709	2
1422.75195	712.38325	2	78.2930	2
1423.66995	712.84225	2	81.8420	2
1423.73990	712.87720	2	90.6779	1
1424.66150	713.33805	2	68.0203	2
1424.71975	713.36715	2	66.7444	2
1424.75300	713.38375	2	58.8955	2
1425.67160	713.84305	2	73.3608	2
1425.80795	713.91125	2	73.5800	2
1425.82005	476.28060	3	61.9203	2
1426.78955	476.60380	3	42.9851	2
1427.64160	714.82810	2	46.2636	2
1427.72625	714.87040	2	52.6260	2
1427.79805	476.93995	3	57.3235	2
1427.79955	714.90705	2	82.3686	2
1428.71230	477.24470	3	45.8763	2
1428.78270	477.26820	3	76.2785	1
1429.74930	715.88190	2	63.5219	2
1429.75660	477.59280	3	59.6891	3
1429.75665	715.88560	2	59.8069	2
1429.76130	715.88795	2	51.6282	2
1429.80250	715.90850	2	96.7519	2
1430.73000	716.37230	2	88.0803	2
1430.73785	477.91985	3	50.4251	2
1431.28340	716.64900	2	85.6862	4
1431.69200	716.85330	2	86.2403	1
1431.79010	478.27060	3	65.2042	2
1431.80060	716.90755	2	79.3527	2
1432.71495	478.57890	3	44.9272	2
1432.71550	717.36500	2	45.0337	1
1434.74780	718.38120	2	73.3855	2
1435.66260	718.83860	2	38.2306	2
1435.76785	718.89120	2	62.8928	2
1436.69355	479.90515	3	55.3504	2
1436.70405	719.35930	2	55.4655	2
1436.70410	719.35930	2	68.2539	3
1436.76290	479.92825	3	51.4710	2
1436.78740	479.93640	3	61.9549	2
1436.78750	719.40100	2	62.0044	1
1437.69180	719.85320	2	63.5478	2
1438.58845	480.53675	3	29.7818	2
1438.77190	720.39320	2	81.1293	1
1439.64610	720.83035	2	48.1422	2
1439.79980	720.90720	2	72.6477	2
1439.80620	720.91040	2	95.2940	1
1440.81975	721.41715	2	79.0723	2
1441.63390	721.82420	2	76.6130	1
1442.64950	722.33200	2	83.5683	2
1442.66890	722.34170	2	51.4085	2
1442.68820	722.35140	2	79.6278	2
1442.72915	481.91700	3	49.4902	2
1442.77195	481.93125	3	61.5656	2
1443.67375	722.84415	2	43.6860	2
1443.80925	722.91190	2	73.6389	2
1443.84550	722.93000	2	79.1905	2
1444.66820	723.34140	2	56.0747	2
1444.67760	723.34610	2	84.4628	1
1444.74330	723.37895	2	70.4532	2
1444.77010	482.59730	3	60.4413	2
1444.81355	723.41405	2	87.1770	2
1447.20345	724.60900	2	63.4874	4
1447.73870	724.87660	2	67.6111	2
1447.75515	483.59230	3	56.4672	2
1448.71540	725.36495	2	56.7823	2
1448.73740	725.37595	2	76.7431	2
1448.74420	725.37940	2	82.8171	2
1449.67840	725.84645	2	62.2123	2
1449.71340	725.86400	2	73.8417	1
1449.78040	484.26740	3	51.3883	2
1449.86615	484.29600	3	59.8234	2
1449.88280	725.94870	2	85.6958	2
1450.72425	726.36940	2	81.3603	2
1450.73720	726.37585	2	89.2023	2
1450.81750	484.61310	3	65.3248	2
1451.66470	484.89550	3	48.7608	2
1451.71135	484.91105	3	34.1235	2
1451.71500	726.86480	2	70.3308	1
1451.82100	484.94760	3	66.0034	1
1452.75125	727.38290	2	81.0297	2
1452.76715	485.26300	3	57.2113	2
1452.79930	727.40690	2	90.0403	2
1453.76235	727.88845	2	56.0476	2
1454.73025	728.37240	2	78.8027	2
1454.87025	485.96405	3	76.5343	2
1454.87200	728.44330	2	76.4379	2
1455.69855	728.85655	2	67.8219	2
1455.69860	486.24015	3	67.8165	2
1455.80220	728.90840	2	91.7324	1
1455.83800	728.92630	2	80.6026	2
1457.78785	486.93655	3	80.8103	2
1457.78925	729.90190	2	80.8728	2
1458.74690	487.25620	3	76.0649	2
1459.70525	730.85990	2	58.3728	2
1459.70930	730.86195	2	67.2229	2
1459.74380	730.87920	2	63.4026	2
1459.83925	487.62035	3	75.1745	2
1459.84125	730.92790	2	75.2326	2
1461.73915	731.87685	2	64.6772	2
1461.83730	731.92590	2	76.4921	1
1461.83910	488.28695	3	76.3827	2
1462.69550	732.35500	2	65.0787	2
1462.76710	732.39085	2	67.9115	2
1463.67565	488.89915	3	62.4166	2
1463.70775	732.86115	2	79.4779	2
1463.70955	732.86205	2	66.1548	2
1463.74135	488.92105	3	71.7259	2
1463.74725	732.88090	2	71.7621	2
1464.30195	489.10790	3	64.5731	4
1464.74995	489.25725	3	81.0885	2
1464.76640	489.26270	3	84.0744	1
1464.79555	733.40505	2	61.4135	2
1464.79770	733.40610	2	67.5413	1
1465.73505	733.87480	2	86.3130	2
1466.66345	489.89505	3	43.9285	2
1466.67650	734.34555	2	74.2996	2
1466.74150	734.37800	2	88.0017	1
1466.76930	734.39190	2	43.8601	1
1466.77415	489.93200	3	43.7511	2
1467.24410	734.62935	2	84.4035	4
1467.82240	490.28140	3	55.7070	3
1468.68790	735.35125	2	52.8636	2
1468.79660	735.40560	2	74.0664	2
1469.67580	490.89920	3	36.5264	2
1470.74625	491.25605	3	65.7791	2
1470.74995	491.25725	3	55.7452	2
1470.79720	736.40590	2	88.2126	2
1470.84620	736.43035	2	82.7211	2
1471.70895	736.86175	2	53.9685	2
1471.74195	736.87825	2	65.0235	2
1471.75780	491.59320	3	66.6315	2
1472.71410	491.91200	3	45.0338	2
1472.73760	491.91980	3	57.1443	2
1472.73760	737.37605	2	57.2643	2
1472.77630	491.93270	3	58.7892	2
1473.76185	492.26120	3	71.0486	2
1474.76775	738.39115	2	78.8359	2
1475.77370	492.93185	3	62.5464	2
1476.69130	739.35290	2	52.3916	1
1476.70970	739.36215	2	64.8128	2
1476.78460	739.39960	2	72.7176	2
1477.74205	739.87830	2	84.1116	2
1477.76080	739.88770	2	72.0626	2
1477.77340	739.89400	2	87.3898	1
1478.64125	740.32790	2	48.1564	2
1478.77815	740.39635	2	74.0308	2
1479.73645	740.87550	2	76.9665	2
1480.68935	494.57040	3	35.6199	2
1480.71695	741.36575	2	84.7230	2
1480.78825	494.60335	3	64.3963	2
1480.83700	494.61960	3	58.6210	2
1481.72720	494.91630	3	61.7607	1
1481.73620	494.91930	3	52.0546	1
1482.81475	742.41465	2	89.0508	2
1482.83010	742.42230	2	67.9389	2
1483.71305	495.57830	3	61.0878	2
1483.74570	495.58920	3	29.1867	1
1483.76365	742.88910	2	75.7475	2
1484.68250	743.34850	2	43.3644	2
1484.80920	743.41190	2	82.6814	2
1484.81905	495.94695	3	55.7323	2
1484.82155	743.41805	2	74.2459	2
1484.82170	495.94780	3	74.1776	2
1485.82375	743.91915	2	86.4247	2
1485.82395	496.28190	3	86.4061	2
1486.72015	496.58065	3	75.2353	2
1486.76465	744.38960	2	71.0077	2
1486.77810	496.60000	3	53.5808	1
1486.78230	496.60140	3	67.0245	2
1486.78235	744.39845	2	66.9600	2
1487.22565	744.62010	2	77.1308	2
1487.81050	744.91250	2	91.8393	1
1488.74160	497.25445	3	44.8173	2
1488.79480	497.27220	3	58.9147	2
1489.74950	745.88205	2	89.5563	2
1490.73395	497.91855	3	57.6031	2
1491.81170	746.91315	2	88.7979	2
1492.70600	747.36030	2	52.1943	1
1492.71080	747.36265	2	47.8739	2
1492.73890	498.58690	3	75.4525	1
1492.80705	498.60960	3	75.9454	2
1493.64920	747.83185	2	38.6706	2
1493.64930	498.89035	3	38.5801	2
1493.74775	498.92315	3	56.1924	2
1493.74795	747.88125	2	56.1276	2
1495.74270	499.58820	3	68.7780	1
1495.84065	748.92760	2	81.2775	2
1495.85500	499.62560	3	81.3343	2
1495.87120	499.63100	3	69.1181	2
1496.68595	749.35025	2	84.8192	2
1496.76245	499.92810	3	56.4461	2
1496.76335	749.38895	2	64.7618	2
1496.78565	749.40010	2	70.8882	2
1496.82490	749.41970	2	91.1698	2
1498.76180	750.38820	2	74.7570	2
1498.77975	750.39715	2	68.3748	2
1498.84020	750.42735	2	84.4987	2
1499.71540	500.91240	3	55.4872	2
1499.71610	750.86530	2	55.5584	2
1499.77400	750.89430	2	85.2599	1
1500.76250	751.38850	2	55.7411	1
1500.76450	501.26210	3	55.6606	2
1500.79450	751.40455	2	58.9856	2
1500.79625	501.27270	3	58.9763	2
1500.81620	501.27930	3	64.6592	3
1500.81620	501.27930	3	68.8064	1
1501.28735	751.65095	2	71.9414	4
1501.71785	501.57990	3	50.7397	2
1501.71800	751.86630	2	50.8165	2
1501.80125	751.90790	2	67.7088	2
1502.64930	752.33190	2	78.1350	1
1502.70070	501.90750	3	53.0410	1
1502.75615	752.38535	2	87.4035	2
1503.79495	752.90475	2	80.7317	2
1504.74970	502.59050	3	53.8093	2
1504.79715	753.40585	2	68.9714	2
1504.87660	753.44560	2	79.8157	1
1504.87685	502.63285	3	79.7193	2
1505.65290	502.89155	3	47.2998	2
1505.70865	502.91015	3	56.6040	2
1505.72610	502.91600	3	60.9758	2
1505.91840	753.96645	2	92.3926	2
1506.72290	754.36870	2	88.9441	1
1506.79410	754.40435	2	66.1026	2
1506.79480	754.40465	2	60.1030	2
1507.71405	503.57860	3	63.4638	2
1508.74210	503.92130	3	86.4794	2
1508.74250	755.37850	2	86.3422	2
1508.81355	503.94510	3	48.4828	2
1508.81390	755.41425	2	48.5267	2
1509.64095	504.22095	3	34.2969	2
1509.65740	504.22640	3	46.9182	2
1509.74660	504.25615	3	51.8843	2
1510.70625	756.36040	2	70.3350	2
1510.71430	504.57870	3	57.7029	2
1510.71550	756.36505	2	57.7547	2
1510.74595	756.38025	2	74.4889	2
1510.75290	504.59160	3	57.3863	2
1511.71560	504.91250	3	42.3147	3
1511.71685	756.86570	2	42.3665	2
1511.79090	756.90275	2	97.9667	2
1511.85795	756.93625	2	80.2600	2
1512.87640	757.44545	2	84.5644	2
1512.87700	505.29960	3	84.6669	2
1513.69800	757.85625	2	68.2078	2
1513.75145	757.88300	2	77.2660	2
1513.87310	757.94385	2	95.7438	2
1513.87345	505.63175	3	95.8134	2
1514.72285	505.91485	3	56.3054	2
1514.79740	505.93970	3	91.1318	1
1514.79890	758.40675	2	66.4027	2
1514.80285	758.40870	2	90.9935	2
1514.85805	758.43630	2	89.4654	2
1515.71790	506.24655	3	77.7205	2
1515.75175	506.25785	3	32.8224	2
1515.75240	758.88350	2	50.6097	1
1515.75365	758.88410	2	32.8875	2
1515.76095	758.88775	2	88.9196	2
1515.77340	506.26510	3	77.9975	2
1516.20930	759.11195	2	79.0668	4
1516.77785	759.39620	2	74.1854	2
1516.80045	759.40750	2	79.2009	2
1516.83330	759.42395	2	79.6079	2
1517.71480	506.91220	3	54.2941	1
1517.73195	759.87325	2	62.1751	2
1517.73990	759.87720	2	69.8792	2
1517.80885	506.94355	3	76.0901	2
1517.81050	759.91250	2	76.2329	2
1518.79455	760.40455	2	83.6307	2
1518.92670	507.31620	3	62.7209	2
1519.74340	760.87900	2	63.1997	2
1519.82620	760.92040	2	91.6736	2
1520.71945	761.36700	2	77.2437	2
1520.73665	761.37560	2	52.8791	2
1523.76630	762.89045	2	92.3469	2
1523.86810	508.96330	3	76.4986	2
1523.88350	762.94905	2	89.3985	2
1524.63580	509.21920	3	54.0368	2
1524.74040	763.37745	2	71.6290	2
1525.76720	509.59635	3	63.2597	2
1526.73305	509.91825	3	33.9969	2
1527.70955	510.24375	3	35.3525	2
1527.78075	764.89765	2	89.5924	2
1527.79910	764.90685	2	69.4915	2
1528.74750	765.38105	2	92.2075	2
1528.79900	765.40680	2	72.3831	2
1528.80940	510.61040	3	69.2592	2
1529.66435	765.83945	2	38.5211	2
1529.84085	510.95425	3	63.8398	2
1529.85840	510.96005	3	78.9812	2
1530.64780	511.22320	3	39.6804	5
1530.80190	511.27455	3	66.2538	2
1531.69845	511.57340	3	64.0797	2
1531.71310	766.86380	2	65.3709	1
1531.77840	766.89650	2	65.5296	2
1532.77515	767.39485	2	73.7039	2
1532.79850	767.40650	2	71.6435	2
1532.82105	767.41780	2	81.6577	2
1533.74270	512.25480	3	35.1922	2
1533.74655	767.88055	2	67.9057	2
1533.74660	512.25615	3	49.9841	2
1533.74675	767.88065	2	50.0391	2
1533.79920	767.90690	2	96.3713	2
1534.29730	768.15595	2	73.8528	4
1535.67105	512.89760	3	37.2451	2
1535.67905	768.84680	2	59.9829	2
1535.68370	768.84910	2	67.3111	1
1535.78345	512.93505	3	67.9332	2
1537.72095	513.58090	3	79.0122	2
1537.79600	769.90530	2	76.0732	2
1538.82355	770.41905	2	78.2005	2
1539.75110	770.88285	2	78.5503	2
1540.80785	514.60985	3	62.8984	2
1540.82145	514.61440	3	47.4760	2
1541.78680	514.93620	3	57.6978	2
1541.78830	771.90145	2	57.7680	2
1541.80495	514.94225	3	59.1135	2
1541.81815	771.91635	2	69.1966	2
1541.82900	514.95030	3	75.0729	1
1541.83125	771.92290	2	75.0284	2
1542.77125	515.26435	3	53.7025	2
1542.79090	772.40275	2	61.3664	2
1542.80420	515.27530	3	56.6001	1
1546.69760	774.35605	2	66.3651	2
1547.67370	774.84410	2	62.5890	1
1547.77320	516.93170	3	53.9408	2
1547.77400	774.89430	2	53.9917	1
1547.82010	774.91730	2	70.3048	2
1547.82140	774.91800	2	82.9617	1
1547.82530	516.94900	3	62.2832	1
1547.83140	516.95105	3	57.8747	2
1547.83160	774.92305	2	57.9327	2
1548.77880	775.39670	2	70.6772	2
1548.77885	517.26690	3	70.7645	2
1548.80065	517.27415	3	60.8010	2
1548.92430	775.46945	2	79.6362	2
1549.60205	775.80830	2	45.5891	2
1549.74405	775.87930	2	62.6877	2
1549.74440	517.58875	3	62.4852	2
1549.82980	775.92220	2	72.9553	1
1550.68880	517.90350	3	33.5141	2
1550.74105	517.92095	3	51.0608	2
1550.74230	776.37840	2	51.1047	1
1550.76950	517.93040	3	57.2151	1
1550.76955	776.39205	2	57.2957	2
1550.85400	776.43430	2	94.8308	2
1551.71650	518.24610	3	36.3354	2
1551.76810	776.89130	2	67.8491	2
1551.77450	518.26540	3	39.2581	2
1551.84860	776.93160	2	89.4345	2
1552.73230	518.58470	3	66.9434	2
1553.83220	518.95130	3	80.5322	2
1553.83310	777.92385	2	80.6078	2
1555.73810	778.87630	2	71.8155	2
1555.75035	519.59075	3	51.5084	2
1555.79110	778.90280	2	82.7657	3
1555.84500	778.92975	2	81.9268	2
1555.88180	519.63455	3	77.1705	2
1556.84260	779.42855	2	90.3624	2
1557.83100	520.28430	3	72.2779	2
1558.76705	780.39080	2	90.2699	2
1558.77400	780.39430	2	67.2225	2
1558.79735	780.40595	2	79.1441	2
1559.61035	780.81245	2	73.1567	2
1559.75210	520.92465	3	70.8574	2
1559.75925	520.92700	3	77.6044	2
1559.82040	780.91745	2	87.0488	2
1560.84190	521.28790	3	85.6104	1
1560.84200	781.42825	2	78.6710	2
1560.84520	781.42985	2	85.2072	2
1561.78840	781.90150	2	76.1013	2
1561.83495	781.92475	2	87.2005	2
1562.77400	521.93195	3	66.8122	2
1563.80440	522.27540	3	73.3306	2
1564.29855	783.15655	2	73.6008	4
1564.71595	522.57925	3	53.2808	2
1564.71690	783.36570	2	53.3680	2
1564.74205	783.37830	2	55.7767	2
1564.88140	783.44800	2	100.1435	2
1565.78665	522.93615	3	57.4786	2
1565.83080	522.95085	3	66.5484	2
1567.82635	784.92045	2	81.4291	2
1567.89415	523.63865	3	65.2706	2
1567.89515	784.95485	2	96.4632	2
1569.87810	785.94635	2	76.3706	2
1569.91550	785.96505	2	86.7159	2
1570.74570	524.58920	3	51.8713	1
1570.80995	786.41225	2	59.1025	2
1571.68565	524.90250	3	55.4305	2
1572.78240	787.39845	2	58.4776	2
1572.82340	787.41900	2	90.2108	1
1572.83035	525.28405	3	78.3968	2
1573.76330	787.88890	2	65.6486	1
1573.77930	787.89695	2	86.3477	2
1573.82710	787.92080	2	80.7335	3
1573.83740	787.92600	2	74.7049	2
1574.71115	788.36285	2	71.0738	2
1575.78490	788.89975	2	70.3897	2
1576.75425	789.38440	2	74.9404	2
1577.76930	789.89190	2	89.8163	2
1577.76970	526.93050	3	71.7666	3
1577.77030	789.89240	2	71.8514	2
1577.78930	789.90195	2	75.4946	2
1578.83690	527.28620	3	70.3604	2
1578.85170	527.29120	3	56.3278	2
1578.87425	790.44440	2	83.0635	2
1578.87445	527.29875	3	83.0019	2
1580.69950	527.90710	3	41.0019	1
1580.80415	527.94200	3	61.8958	2
1580.81630	791.41540	2	71.6804	1
1580.85940	791.43695	2	94.2656	2
1580.92970	527.98385	3	75.2935	2
1581.76470	791.88965	2	66.0659	2
1582.84535	792.42995	2	77.9065	2
1582.86765	792.44110	2	71.1692	2
1584.74160	529.25445	3	66.4681	2
1585.82160	529.61445	3	65.1447	2
1586.18060	794.09760	2	63.5815	4
1586.86830	794.44140	2	85.3842	3
1587.85800	530.29330	3	64.5500	2
1588.72590	795.37025	2	70.5203	2
1588.85410	795.43435	2	92.5033	2
1589.82130	530.94770	3	83.7936	2
1589.82210	795.91830	2	83.7033	3
1590.76445	796.38950	2	78.1477	2
1590.79710	531.27300	3	85.9144	1
1590.79820	796.40640	2	81.3714	2
1591.74795	531.58990	3	44.1860	2
1591.75035	796.88245	2	44.2181	2
1591.80225	531.60800	3	58.5596	2
1591.80410	796.90935	2	58.7289	2
1591.86190	796.93825	2	86.2777	2
1592.82080	531.94755	3	66.8300	2
1592.91515	797.46485	2	72.1880	2
1593.74255	532.25475	3	54.9841	2
1593.74390	797.87920	2	55.0521	2
1593.76590	797.89020	2	83.5600	2
1593.95020	797.98240	2	81.8419	2
1593.95030	532.32400	3	81.9594	1
1594.74800	532.58990	3	71.0061	1
1595.80465	798.90960	2	91.5388	2
1595.86205	532.96125	3	50.2715	2
1596.69190	533.23790	3	33.2611	1
1596.76780	533.26320	3	52.8028	2
1596.77945	799.39700	2	68.1725	2
1596.80090	799.40770	2	53.8771	2
1597.86805	799.94130	2	70.0466	2
1598.84375	533.95515	3	82.2068	2
1599.34280	800.67870	2	88.2117	4
1599.72495	800.86975	2	74.1640	2
1599.88340	534.30175	3	63.0074	2
1599.89870	534.30685	3	76.7763	2
1600.78070	801.39765	2	76.8378	2
1600.78415	534.60195	3	64.1184	2
1600.83220	801.42340	2	65.5279	1
1600.84425	534.62200	3	64.3964	2
1600.86850	801.44150	2	63.9357	2
1601.72810	801.87130	2	52.5475	2
1601.78250	801.89850	2	71.4163	1
1602.74080	535.25420	3	60.7605	1
1602.86450	802.43950	2	72.8806	2
1603.80990	802.91225	2	80.8187	2
1604.30835	803.16145	2	76.4351	4
1604.74455	803.37955	2	64.3198	2
1604.78235	535.93475	3	68.1147	2
1606.76310	536.59500	3	69.6447	2
1607.79755	536.93980	3	48.2570	2
1607.85000	804.93225	2	84.8850	2
1607.90425	536.97535	3	79.4076	2
1609.83590	537.61920	3	88.3887	1
1609.83775	805.92615	2	88.4398	2
1610.72055	806.36755	2	65.6279	2
1610.78345	537.93505	3	65.2333	2
1610.90885	806.46170	2	96.9577	2
1610.97190	537.99790	3	70.6461	2
1611.78970	806.90215	2	65.0620	2
1611.79700	806.90580	2	85.4609	1
1612.85040	807.43245	2	84.4032	2
1612.85760	538.62645	3	70.0010	2
1612.86815	807.44135	2	88.6019	2
1612.90455	538.64210	3	76.4712	2
1613.85305	807.93380	2	82.4957	2
1613.90440	807.95950	2	80.6670	2
1614.75960	808.38705	2	88.4646	2
1614.84220	808.42840	2	76.9583	2
1615.85815	539.62665	3	72.6391	2
1616.73145	539.91775	3	47.7913	2
1616.78060	809.39760	2	74.7260	1
1616.83780	539.95320	3	61.1651	2
1616.84455	809.42955	2	91.9706	2
1617.79115	809.90285	2	44.4823	2
1617.83680	809.92570	2	77.4977	2
1619.81650	540.94610	3	65.4989	2
1620.86060	541.29415	3	85.7574	2
1620.86455	811.43955	2	85.7491	2
1621.82930	811.92190	2	84.2766	2
1621.87370	811.94410	2	70.7453	2
1622.76575	541.92915	3	37.8369	2
1622.79715	541.93965	3	81.2345	2
1622.82730	812.42090	2	67.9714	2
1625.77430	813.89440	2	77.4034	1
1625.77790	813.89620	2	80.5714	2
1625.83190	542.95120	3	82.6450	1
1626.85765	543.29315	3	56.9230	2
1626.85905	814.43680	2	56.9745	2
1626.90235	814.45845	2	88.5746	2
1627.74905	814.88180	2	67.3486	2
1627.78575	543.60250	3	49.6782	2
1628.79130	543.93770	3	94.3693	2
1628.79370	815.40410	2	94.2926	2
1628.79565	815.40510	2	81.0884	2
1628.81540	543.94570	3	74.2990	4
1628.81680	815.41570	2	56.4352	2
1629.81105	815.91280	2	70.0915	2
1629.87410	815.94435	2	69.4113	2
1629.88415	815.94935	2	88.3461	2
1630.84660	544.62280	3	81.4965	2
1631.83010	544.95060	3	60.8826	1
1631.88760	544.96980	3	73.5732	1
1631.92470	544.98215	3	71.3963	2
1631.92515	816.96985	2	71.4630	2
1632.77785	545.26655	3	46.3456	2
1633.84390	545.62190	3	79.1023	2
1633.85685	545.62625	3	61.6266	2
1634.80165	818.40810	2	62.5133	2
1634.82820	545.95000	3	44.4920	1
1634.82965	409.71470	4	44.5524	2
1634.88785	545.96985	3	53.5266	2
1636.83170	819.42310	2	72.5977	1
1636.94235	819.47845	2	91.1999	2
1637.81665	819.91560	2	74.3727	2
1638.84150	547.28775	3	75.3234	2
1639.74110	820.87780	2	62.0713	2
1639.87760	547.63310	3	77.2604	2
1639.87790	820.94620	2	77.3205	2
1639.87850	820.94650	2	94.0083	2
1639.88040	547.63410	3	94.4246	1
1639.93215	820.97335	2	89.7227	2
1640.84940	547.95705	3	47.1730	2
1640.88965	821.45210	2	84.7020	2
1641.77170	821.89315	2	74.1283	2
1641.88310	821.94880	2	83.9217	2
1642.69165	822.35310	2	47.1154	2
1642.80615	822.41035	2	59.1350	2
1642.85250	548.62475	3	48.2725	2
1642.85285	822.43370	2	48.3622	2
1642.88385	548.63525	3	78.9613	2
1643.79050	548.93740	3	47.0854	1
1643.82450	822.91950	2	44.9010	2
1643.82885	822.92170	2	74.7326	2
1643.84060	548.95415	3	66.5812	2
1645.90450	549.64210	3	67.1684	2
1646.83875	549.95355	3	61.3343	2
1648.96700	413.24905	4	57.9077	2
1648.97020	550.66400	3	57.9639	2
1649.72205	825.86830	2	63.3694	2
1649.93720	825.97585	2	76.5865	2
1651.91505	826.96480	2	87.9142	2
1651.92615	551.64930	3	84.4353	2
1651.92670	826.97060	2	84.3799	2
1653.87215	552.29795	3	75.6128	2
1653.90120	827.95790	2	91.8942	1
1653.90700	827.96080	2	80.7734	1
1653.92220	552.31465	3	76.0367	2
1654.78835	828.40145	2	70.5513	2
1654.89270	828.45365	2	80.8456	2
1655.76355	552.92845	3	48.8778	2
1655.85570	552.95920	3	64.0451	1
1657.81745	829.91600	2	88.1518	2
1658.79055	553.93745	3	54.3792	2
1658.83700	553.95295	3	78.7426	2
1658.83785	830.42620	2	78.6710	2
1659.91030	554.31070	3	78.3884	2
1659.91150	830.96300	2	78.5245	2
1660.74070	554.58750	3	64.9076	2
1660.84180	554.62120	3	62.2660	2
1662.79980	555.27390	3	51.7375	2
1662.82980	832.42220	2	69.6669	2
1662.83270	555.28480	3	69.7061	2
1663.79660	555.60610	3	71.5252	2
1664.77935	833.39695	2	83.3580	2
1664.80870	833.41160	2	78.8561	1
1664.84310	833.42880	2	73.0609	2
1666.86840	834.44150	2	76.6838	2
1666.86995	556.63055	3	76.5532	2
1666.87750	834.44605	2	80.4817	2
1666.91800	834.46630	2	82.1530	2
1667.81675	556.94620	3	57.8249	2
1667.86370	834.93910	2	77.0876	2
1668.81335	557.27840	3	57.2112	2
1669.85330	835.93390	2	71.4368	2
1670.83565	836.42510	2	95.8627	2
1670.88495	557.96895	3	55.1665	2
1670.88495	836.44975	2	55.2673	2
1671.71790	558.24660	3	50.7561	2
1672.72350	558.58175	3	42.7057	2
1673.90040	558.97410	3	76.4312	1
1673.90075	837.95765	2	76.2853	2
1674.81065	838.41260	2	60.0335	2
1674.88555	838.45005	2	91.3758	2
1675.73700	559.58630	3	30.2029	3
1675.73760	419.94170	4	30.1792	2
1676.81640	839.41545	2	67.1408	2
1677.81265	560.27815	3	70.3946	2
1678.00475	560.34215	3	65.4107	2
1681.82105	841.91780	2	75.5239	2
1681.90160	561.64115	3	79.9721	2
1681.90190	841.95820	2	79.9111	2
1681.92380	561.64850	3	92.8337	1
1681.92455	841.96955	2	92.7512	2
1682.79925	842.40690	2	87.2404	2
1682.89330	842.45395	2	78.7660	2
1682.90330	561.97500	3	84.3769	2
1682.93400	842.47430	2	71.2741	1
1683.88570	842.95015	2	76.9049	2
1684.91485	843.46470	2	80.6612	2
1685.91395	562.97860	3	65.1392	2
1686.87370	563.29850	3	63.4848	2
1687.91375	844.96415	2	87.5649	2
1687.91835	563.64670	3	87.6200	2
1688.73130	423.19010	4	31.8581	2
1688.87160	563.96450	3	58.0720	1
1688.88260	845.44860	2	83.2456	2
1689.71740	564.24640	3	32.9444	3
1689.84215	564.28800	3	58.3396	2
1689.90615	564.30930	3	93.2846	2
1689.91680	845.96570	2	93.3319	2
1690.96335	564.66170	3	63.7169	2
1692.81990	847.41720	2	83.6549	2
1692.96790	847.49125	2	90.0784	2
1692.97230	565.33140	3	90.0842	2
1693.93630	565.65270	3	63.2388	1
1693.94165	565.65445	3	82.0655	2
1694.80140	565.94105	3	50.1325	2
1695.32880	848.67170	2	69.4453	4
1696.77390	849.39425	2	63.1832	2
1696.84250	849.42855	2	85.7659	2
1696.90615	566.64265	3	85.1056	2
1696.90850	849.46150	2	84.9807	2
1697.83815	566.95330	3	50.3970	2
1697.90235	566.97470	3	77.1962	2
1697.90410	849.95935	2	77.2045	2
1698.00930	567.01035	3	82.1165	2
1698.79415	850.40435	2	82.2176	2
1698.89655	567.30610	3	84.2141	2
1698.89780	850.45615	2	84.1758	2
1698.90500	567.30890	3	58.4550	1
1699.83965	567.62045	3	82.4403	2
1699.86145	567.62775	3	77.6564	2
1700.91195	851.46325	2	80.1283	2
1703.81655	568.94615	3	60.5276	2
1704.72845	569.25010	3	26.6064	2
1704.84400	853.42930	2	59.1593	1
1704.89020	853.45235	2	90.6120	2
1704.91565	569.31250	3	70.5802	2
1705.83690	569.61960	3	47.0175	3
1705.83960	853.92705	2	47.0967	2
1705.88325	569.63500	3	69.0541	2
1705.88335	853.94895	2	69.1898	2
1705.92145	569.64775	3	67.1091	2
1706.89355	854.45405	2	87.9226	2
1706.90480	569.97550	3	87.4811	11
1706.90530	854.45990	2	83.0059	3
1707.40660	570.14280	3	76.3122	4
1707.88695	854.95075	2	93.2048	2
1707.97705	570.33295	3	78.5217	2
1707.97850	854.99655	2	78.4508	2
1709.98035	571.00075	3	75.7586	2
1710.01885	571.01355	3	79.9779	2
1710.92645	856.47050	2	76.1963	2
1712.88885	857.45170	2	66.5763	2
1712.93910	571.98700	3	68.6221	2
1714.89480	858.45470	2	79.0410	1
1714.89960	572.64045	3	62.3816	2
1714.90055	858.45755	2	62.5047	2
1714.90520	858.45990	2	70.4866	2
1717.86490	573.62890	3	71.9950	2
1717.86505	859.93980	2	71.8823	2
1717.89335	859.95395	2	93.4374	2
1720.90440	861.45950	2	77.4163	2
1721.76080	861.88765	2	37.8969	2
1721.86355	861.93905	2	74.8458	2
1721.86780	861.94120	2	89.7141	1
1722.87385	575.29855	3	75.3909	2
1722.89735	575.30635	3	76.9513	4
1722.90050	862.45750	2	75.9668	1
1723.02465	575.34885	3	69.3137	2
1723.02770	862.52110	2	69.3509	2
1724.87525	863.44490	2	81.9665	2
1725.95290	863.98370	2	85.6639	2
1726.01415	576.34535	3	81.7258	2
1726.84690	864.43070	2	84.6161	1
1728.79005	577.27065	3	63.3694	2
1728.93490	577.31890	3	59.3783	1
1729.00340	577.34175	3	82.3429	2
1730.75705	577.92630	3	64.7050	2
1730.89655	866.45555	2	72.9067	2
1731.04605	578.02260	3	88.5470	2
1731.92200	866.96830	2	86.1082	1
1733.87340	867.94400	2	75.6131	1
1733.87385	578.96520	3	75.4551	2
1733.89230	867.95345	2	90.3378	2
1735.87865	579.63350	3	78.4822	2
1735.96715	579.66295	3	97.4602	2
1735.97065	868.99260	2	97.3325	2
1736.84690	579.95625	3	80.2940	2
1736.84780	869.43115	2	80.3146	2
1736.93630	579.98600	3	74.0889	1
1737.92680	580.31620	3	78.3271	2
1738.80310	870.40880	2	68.5600	2
1738.81930	580.61370	3	59.9442	2
1738.82010	580.61395	3	65.7703	2
1739.84180	580.95450	3	70.0280	2
1739.88490	580.96890	3	68.1203	2
1742.87415	581.96535	3	67.4058	2
1743.79805	872.90630	2	67.6109	2
1743.81160	872.91305	2	50.8220	2
1743.98175	872.99815	2	95.4091	2
1744.89805	582.63995	3	71.3436	2
1745.91380	582.97855	3	73.6724	2
1745.93540	873.97495	2	82.5970	2
1746.79655	874.40555	2	89.5954	2
1746.81330	874.41395	2	74.3108	2
1748.87440	583.96540	3	62.9306	2
1749.86430	584.29535	3	62.0052	2
1749.86545	875.94000	2	61.9467	2
1750.01010	584.34400	3	56.0665	2
1750.01245	876.01350	2	56.1546	2
1751.93940	876.97695	2	90.7200	2
1752.89035	585.30405	3	48.8585	2
1752.98765	877.50110	2	86.1158	2
1752.98800	585.33660	3	86.1784	2
1753.84910	585.62360	3	52.8313	1
1754.86520	878.43990	2	75.1388	1
1755.86035	878.93745	2	70.8937	2
1755.90485	878.95970	2	90.3017	2
1755.92710	878.97080	2	72.1161	1
1756.88930	586.63700	3	79.3089	1
1756.89095	879.45275	2	79.2285	2
1757.92340	586.98175	3	74.0389	2
1758.79290	880.40375	2	49.2734	2
1758.83265	587.28485	3	77.1480	2
1759.84555	880.93005	2	89.2780	2
1759.91095	880.96275	2	88.2234	2
1760.94080	881.47765	2	87.7251	2
1761.89725	588.30635	3	73.7064	2
1762.84145	882.42800	2	76.1561	2
1763.83345	882.92400	2	61.7116	2
1764.32640	589.11605	3	63.3416	4
1764.99945	589.34040	3	92.7453	2
1765.00960	883.51205	2	92.6349	2
1765.86545	883.94000	2	80.1515	2
1765.88950	883.95205	2	65.6195	2
1766.95000	884.48230	2	84.0901	3
1766.96995	884.49225	2	86.6645	2
1767.03190	590.01790	3	81.4828	1
1767.82235	590.28140	3	64.8256	2
1767.85010	590.29060	3	89.0105	2
1767.85015	884.93235	2	89.0829	2
1767.97215	590.33130	3	88.5056	2
1768.90235	885.45845	2	79.8587	2
1769.01890	590.68020	3	80.3260	2
1769.91680	885.96570	2	67.2011	2
1770.00405	591.00860	3	73.9498	2
1770.00520	886.00990	2	91.3151	2
1770.87650	591.29940	3	57.1430	1
1771.91555	591.64580	3	75.3719	2
1772.33505	887.17480	2	76.9296	4
1774.88660	888.45060	2	58.6735	2
1774.93300	888.47380	2	88.8788	1
1775.37795	592.79990	3	59.8719	4
1776.89690	593.30625	3	67.1573	2
1777.32140	889.66795	2	64.2276	4
1778.99030	594.00405	3	72.1573	2
1778.99035	890.50245	2	72.0625	2
1779.80300	445.95800	4	51.3519	2
1780.40340	594.47505	3	53.4961	4
1782.85240	892.43350	2	78.5690	1
1782.87500	595.29890	3	75.7032	1
1783.84590	892.93020	2	73.4244	2
1784.88060	595.96745	3	62.2365	2
1784.88325	893.44890	2	62.3008	2
1784.91675	595.97955	3	55.3177	2
1785.89165	596.30445	3	88.1545	2
1785.89375	893.95415	2	87.9851	2
1788.91260	597.31145	3	35.8425	2
1789.88330	597.63500	3	97.4548	1
1789.92980	895.97220	2	82.0058	2
1792.91095	598.64425	3	61.7700	2
1793.05190	897.53325	2	97.3030	2
1793.87370	897.94415	2	89.4286	2
1793.92175	897.96815	2	84.2470	2
1794.81885	898.41670	2	63.6423	2
1794.85895	898.43675	2	81.6632	2
1794.98565	898.50010	2	79.3824	2
1796.85495	599.95890	3	74.2151	2
1796.88045	599.96740	3	83.8600	2
1796.96660	599.99610	3	84.4939	1
1796.97945	600.00040	3	70.9502	2
1799.02110	600.68100	3	83.5408	1
1799.92810	600.98330	3	99.3431	2
1799.93195	900.97325	2	99.3668	2
1803.92270	602.31485	3	50.0685	2
1804.86745	602.62975	3	66.0072	2
1804.89575	602.63920	3	77.8617	2
1804.97005	602.66395	3	78.2601	2
1804.97860	903.49660	2	78.6065	1
1805.36030	903.68745	2	65.5133	4
1805.88075	903.94765	2	76.8610	8
1806.03805	603.01995	3	71.9549	2
1806.88515	904.44985	2	69.0189	2
1806.89880	603.30685	3	84.1462	2
1809.91515	905.96485	2	73.1004	2
1809.99585	604.33920	3	72.9363	2
1810.00340	906.00895	2	73.2586	2
1813.89875	907.95665	2	85.8920	2
1813.94895	907.98175	2	83.6037	2
1814.80185	605.94120	3	79.8468	2
1814.80270	908.40860	2	79.9682	1
1814.97100	605.99760	3	66.2295	1
1815.92105	606.31425	3	86.1842	2
1815.92265	908.96860	2	86.1128	2
1815.93970	606.32050	3	72.3303	2
1816.88855	606.63675	3	78.7338	2
1817.86340	606.96170	3	69.6109	2
1817.90195	606.97460	3	49.7708	2
1818.00740	455.50910	4	85.7117	1
1819.90140	607.64110	3	81.6187	1
1820.86175	911.43815	2	59.3249	2
1820.89510	607.97230	3	72.7451	2
1820.91485	607.97885	3	78.9953	2
1821.06280	608.02820	3	83.9567	2
1821.84745	608.28975	3	80.3806	2
1821.89580	608.30590	3	53.2134	2
1822.91400	912.46425	2	85.2458	2
1822.91600	912.46530	2	72.6363	1
1823.89195	608.97125	3	83.6306	2
1823.90650	608.97610	3	68.3490	2
1825.86355	913.93905	2	55.6711	2
1825.89660	913.95555	2	67.2891	2
1826.36475	609.79550	3	55.5717	4
1826.95455	914.48455	2	78.6509	2
1827.93935	610.32040	3	73.9131	2
1827.96885	610.33020	3	65.7702	2
1827.97095	914.99275	2	65.7070	2
1828.91215	915.46335	2	84.2052	2
1828.95270	915.48365	2	73.6387	2
1830.85820	611.29330	3	63.8387	1
1832.00840	611.67675	3	72.7114	2
1832.86720	917.44085	2	81.6517	2
1832.91815	611.97995	3	76.2159	2
1832.92790	611.98320	3	60.8515	1
1833.90425	612.30870	3	76.9967	2
1833.94075	917.97765	2	80.1395	2
1833.96970	612.33050	3	87.6364	2
1835.79860	612.94015	3	59.7148	2
1836.04880	613.02350	3	73.5125	2
1838.95650	613.99275	3	64.0931	2
1839.99460	614.33880	3	64.5852	2
1841.01610	614.67930	3	70.2131	2
1841.01670	921.51560	2	70.1587	2
1841.85895	614.96025	3	49.6488	2
1841.88040	921.94750	2	65.3149	1
1842.93115	615.31765	3	66.1081	2
1842.97270	615.33150	3	71.7874	2
1844.88450	923.44955	2	86.7272	2
1844.89160	615.97115	3	63.3087	2
1844.91285	615.97825	3	67.5207	2
1845.99150	616.33780	3	85.9461	2
1845.99380	924.00420	2	86.0828	2
1846.79110	924.40280	2	72.3866	2
1846.93540	924.47495	2	75.1209	2
1846.96970	924.49215	2	84.9196	2
1849.89330	925.95395	2	89.9492	2
1849.96080	617.66090	3	85.2980	2
1851.89540	618.30575	3	81.5621	2
1852.02120	927.01785	2	83.1200	2
1853.92675	618.98285	3	61.1868	2
1854.92965	928.47210	2	92.0877	2
1856.85975	619.96050	3	55.0435	2
1856.88175	929.44815	2	82.9681	2
1859.94330	930.97895	2	72.7781	2
1859.96520	620.99570	3	78.7006	1
1860.94500	621.32225	3	88.8145	2
1860.95380	931.48415	2	88.8619	2
1860.99980	621.34050	3	75.6605	2
1861.91350	931.96400	2	87.9419	1
1861.98590	621.66925	3	83.0422	2
1862.82050	621.94745	3	60.3370	2
1862.86965	932.44210	2	86.8387	2
1863.99045	622.33745	3	88.1516	2
1864.88025	622.63400	3	73.1876	2
1866.01415	623.01195	3	81.5999	2
1867.84405	623.62195	3	54.2280	2
1868.83465	935.42460	2	63.8761	2
1872.89835	625.30670	3	53.9375	2
1873.94525	625.65565	3	76.1240	2
1873.96845	937.99150	2	81.1824	2
1876.99510	626.67230	3	75.2313	1
1879.78370	627.60180	3	34.2368	1
1880.97645	627.99940	3	63.0738	2
1881.02735	628.01640	3	79.7560	2
1882.97570	628.66580	3	71.5993	1
1882.97770	942.49615	2	71.5114	2
1883.86040	942.93750	2	85.1667	1
1883.88320	628.96835	3	75.9650	2
1883.88335	942.94895	2	75.8746	2
1885.87195	943.94325	2	66.0965	2
1885.91960	629.64715	3	84.3178	2
1885.91970	943.96715	2	84.2409	2
1886.86870	944.44160	2	64.0331	1
1886.90140	944.45795	2	69.1371	2
1886.90295	629.97495	3	69.0461	2
1887.87145	944.94300	2	82.6549	2
1888.00225	630.34135	3	81.3556	2
1888.96980	945.49215	2	83.3064	2
1890.93715	631.31965	3	69.9812	2
1890.94810	631.32330	3	74.2515	2
1890.99715	631.33965	3	84.7310	2
1892.06510	947.03985	2	83.0691	2
1893.94480	474.49350	4	56.7218	1
1893.95805	947.98630	2	85.4743	2
1893.95850	632.32680	3	85.5526	1
1893.97740	632.33305	3	58.5063	2
1899.87915	950.94685	2	70.5859	2
1899.98400	634.33525	3	62.4736	2
1902.89865	952.45660	2	79.9218	2
1903.93380	635.65190	3	77.6524	1
1904.97120	635.99770	3	75.0381	3
1904.97210	953.49335	2	75.0907	2
1908.96690	955.49070	2	86.4703	2
1909.97840	478.50190	4	71.2931	1
1909.99870	637.67350	3	75.6546	2
1910.17245	637.73140	3	79.1632	2
1911.89135	956.95295	2	73.1681	2
1911.99910	638.34030	3	81.5231	2
1911.99995	957.00725	2	81.4874	2
1912.89810	957.45630	2	67.3051	1
1912.91200	638.64460	3	33.1144	2
1912.99075	638.67085	3	74.1282	2
1913.09950	638.70710	3	70.8881	2
1915.05410	479.77080	4	74.6010	1
1915.47275	639.49820	3	69.6141	4
1917.94500	959.97975	2	61.7815	2
1918.85295	640.62495	3	47.1534	2
1919.76880	640.93020	3	40.0981	1
1919.90635	960.96045	2	91.2793	2
1920.96540	641.32905	3	61.1284	2
1920.99915	641.34030	3	82.3995	2
1921.93235	961.97345	2	95.6713	2
1923.88495	962.94975	2	78.7800	2
1923.96275	642.32820	3	72.6751	2
1924.02070	642.34750	3	78.2670	2
1926.99975	643.34050	3	89.6531	2
1930.94400	966.47930	2	83.3657	1
1930.94565	644.65580	3	83.0575	2
1932.83850	967.42650	2	57.9579	1
1932.83895	645.28690	3	57.8815	2
1933.08705	967.55080	2	86.6531	2
1933.08910	645.37030	3	86.7897	2
1934.07765	645.69985	3	86.5060	2
1935.07765	646.03315	3	78.8858	2
1935.89810	968.95630	2	87.2852	1
1935.93150	646.31775	3	65.5742	2
1937.92795	969.97125	2	91.7350	2
1937.92845	969.97150	2	87.7990	2
1937.93145	646.98440	3	91.8159	2
1937.94540	646.98910	3	78.6050	2
1937.95010	969.98230	2	78.7322	1
1938.94155	970.47805	2	90.8342	2
1938.95400	970.48425	2	80.0712	2
1939.01825	647.34670	3	74.7297	2
1940.98320	648.00170	3	73.4161	1
1941.88190	648.30120	3	57.6774	2
1942.04160	648.35445	3	76.1647	2
1942.47710	648.49965	3	85.0686	4
1942.84060	648.62080	3	60.7672	2
1942.96890	972.49170	2	86.0360	1
1943.94155	648.98780	3	73.9831	2
1944.98350	649.33510	3	66.6606	2
1945.89600	649.63925	3	66.2228	2
1947.93320	650.31830	3	72.3679	2
1947.98605	650.33595	3	80.2311	2
1947.98715	975.00085	2	80.2198	2
1950.97975	651.33385	3	71.6345	2
1951.99165	977.00310	2	87.3291	2
1951.99310	651.67165	3	87.3378	2
1953.92220	977.96835	2	83.9893	2
1953.94665	652.32280	3	74.3725	2
1954.89675	978.45565	2	80.9081	2
1955.94045	652.98740	3	59.0730	2
1956.05680	653.02620	3	81.1450	2
1956.90075	653.30755	3	66.0353	2
1956.99165	979.50310	2	75.5550	2
1957.94290	979.97875	2	86.2205	2
1961.03940	981.52700	2	87.6867	4
1961.04680	654.68955	3	87.6761	2
1963.05420	982.53440	2	75.3181	1
1966.08190	984.04820	2	89.4429	2
1966.93705	656.65295	3	74.5550	2
1966.97815	656.66665	3	96.1744	2
1966.98295	984.49875	2	96.1741	2
1966.98990	984.50220	2	78.2572	1
1970.07155	657.69780	3	76.9047	2
1970.98340	658.00175	3	60.6739	2
1973.07030	658.69740	3	59.6286	1
1976.01970	989.01710	2	94.3203	2
1976.02120	659.68100	3	94.4458	1
1976.97085	659.99755	3	83.6718	2
1977.03335	989.52395	2	81.2456	2
1978.20040	660.40740	3	92.4807	1
1978.89800	660.63990	3	35.9055	2
1979.03455	660.68545	3	86.7246	2
1983.02950	662.01710	3	85.8478	1
1984.02890	993.02170	2	78.9495	2
1985.95920	993.98690	2	72.7171	2
1988.04760	663.68980	3	70.8839	2
1989.02300	664.01495	3	73.8786	2
1992.01885	997.01670	2	92.1708	2
1992.05955	665.02710	3	79.1412	2
1994.00735	998.01095	2	93.1247	2
1994.01010	665.67730	3	93.2646	1
2001.00185	668.00790	3	83.3976	2
2002.96285	1002.48870	2	75.6946	2
2002.98610	668.66930	3	67.2775	2
2003.03225	668.68470	3	88.2424	2
2003.03390	1002.52420	2	88.3128	2
2004.08975	669.03720	3	78.4221	2
2009.03790	670.68655	3	58.1522	2
2009.08515	670.70230	3	76.3437	2
2010.00085	671.00755	3	91.4373	2
2010.00205	1006.00830	2	91.4061	2
2010.99995	671.34060	3	76.6609	2
2011.00490	1006.50970	2	76.6144	2
2016.99255	1009.50355	2	79.5627	2
2019.07020	674.03070	3	93.3927	2
2022.01795	675.01325	3	63.8199	2
2024.89540	1013.45495	2	55.9910	2
2026.01380	1014.01420	2	87.8816	1
2026.12190	676.38125	3	85.1114	2
2026.12475	1014.06965	2	85.1849	2
2026.92460	1014.46960	2	82.3013	1
2027.05235	676.69140	3	86.6194	2
2031.02930	678.01700	3	86.8308	1
2033.06290	678.69490	3	72.2151	2
2034.05960	679.02710	3	71.0970	1
2037.04425	680.02200	3	65.0236	2
2041.07685	681.36620	3	79.2871	2
2041.97700	681.66630	3	72.2626	3
2043.01025	682.01070	3	81.5621	2
2043.01090	1022.51270	2	81.7117	2
2047.98190	683.66790	3	47.6702	2
2048.05065	1025.03260	2	94.6218	2
2048.05270	683.69150	3	94.6930	2
2048.95800	683.99330	3	75.7818	2
2049.04295	684.02160	3	86.2775	2
2052.92925	1027.47190	2	74.9680	2
2054.09160	1028.05310	2	96.3349	1
2054.90010	685.97400	3	68.6865	2
2058.07080	687.03090	3	96.4547	1
2058.07685	1030.04570	2	96.4150	2
2059.00390	687.34190	3	76.5586	2
2059.92835	687.65005	3	67.3483	2
2059.96690	1030.99070	2	84.0110	2
2059.96780	687.66320	3	84.0091	1
2060.06500	687.69560	3	85.9683	3
2064.04455	689.02215	3	88.8198	2
2064.05430	1033.03445	2	88.7292	2
2064.96070	1033.48765	2	83.7961	2
2065.07540	689.36570	3	82.5237	1
2067.98950	690.33710	3	68.5047	2
2070.95885	1036.48670	2	71.9670	2
2071.03295	691.35155	3	66.5978	2
2071.03420	1036.52440	2	90.9548	1
2072.12365	691.71515	3	87.1067	2
2073.10550	692.04245	3	75.9994	2
2075.07930	692.70040	3	71.6064	2
2076.04845	693.02340	3	67.0767	2
2077.04740	1039.53100	2	59.1651	1
2078.06435	693.69540	3	78.0482	2
2080.10200	694.37460	3	70.0926	1
2080.10300	521.03305	4	69.9507	2
2081.09750	694.70645	3	83.4731	2
2086.03670	1044.02565	2	87.7902	2
2089.05395	697.35860	3	74.5459	2
2090.94210	1046.47830	2	87.1369	1
2092.08720	698.36965	3	73.5185	2
2092.97655	1047.49555	2	86.4954	2
2093.11180	698.71120	3	79.4430	2
2093.11325	1047.56390	2	79.4168	2
2093.97875	1047.99665	2	85.2673	2
2093.98255	699.00145	3	85.3381	2
2094.94665	699.32280	3	50.8573	2
2094.98805	1048.50130	2	83.4418	2
2095.00335	699.34170	3	68.8216	2
2101.86400	701.62860	3	70.3770	2
2105.05690	702.69290	3	73.8876	6
2105.15140	702.72440	3	89.7310	1
2106.02300	703.01490	3	70.7027	1
2111.05740	1056.53600	2	87.5566	1
2114.12830	705.71670	3	94.3570	2
2114.13040	1058.07250	2	94.5814	1
2119.04990	707.35725	3	63.6065	2
2121.13270	708.05150	3	81.9064	2
2122.10400	708.37525	3	69.7144	2
2125.15565	709.39245	3	92.5366	2
2126.14160	709.72115	3	77.1478	2
2126.14415	1064.07935	2	77.0787	2
2129.06740	710.69640	3	74.2700	1
2131.17900	711.40025	3	82.9092	2
2136.95700	713.32630	3	75.8735	1
2137.12340	713.38170	3	69.5320	2
2138.03960	713.68710	3	65.3456	1
2143.09100	715.37095	3	80.9909	2
2148.10825	717.04335	3	61.0384	2
2151.10030	718.04070	3	77.5372	2
2156.01520	719.67900	3	65.1716	2
2160.04435	721.02205	3	63.1040	2
2161.14380	721.38850	3	85.4222	1
2165.06500	722.69560	3	76.1225	1
2169.12340	724.04840	3	75.6803	2
2170.03015	724.35065	3	75.4866	2
2180.97300	1091.49380	2	66.6297	1
2180.98140	728.00110	3	66.4472	1
2181.13760	1091.57610	2	80.0092	2
2181.13880	728.05355	3	80.0153	2
2190.06665	731.02950	3	74.4944	2
2190.06745	1096.04100	2	74.4300	2
2201.11780	734.71320	3	73.0339	2
2205.01400	736.01195	3	71.3352	2
2205.10140	1103.55800	2	98.2169	2
2214.07990	1108.04725	2	79.2652	2
2227.05235	743.35805	3	55.0793	2
2227.05270	1114.53365	2	55.1109	2
2236.11680	746.37955	3	85.0436	2
2240.18225	747.73470	3	84.3958	2
2240.18350	1121.09905	2	84.3386	2
2249.19480	1125.60470	2	82.4271	1
2250.02025	751.01400	3	46.1137	2
2269.26295	757.42825	3	82.4635	2
2279.05685	760.69290	3	68.4425	2
2282.08535	761.70235	3	63.7574	2
2284.23630	762.41940	3	90.1410	1
2284.24070	762.42080	3	93.5599	1
2291.01925	1146.51690	2	67.0407	2
2291.01965	764.68050	3	67.0409	2
2295.09340	766.03840	3	79.2285	2
2297.12390	766.71525	3	69.5462	2
2299.14820	767.39000	3	64.3545	1
2306.10620	769.70935	3	77.5652	2
2314.08350	772.36840	3	61.0290	1
2316.20870	773.07680	3	80.3475	1
2323.19640	1162.60550	2	84.7954	2
2323.28750	775.43645	3	88.6625	2
2347.18750	783.40310	3	58.9391	1
2376.10075	793.04085	3	51.1686	2
2379.16585	595.79875	4	62.5957	2
2387.14400	796.72190	3	84.9413	1
2389.99045	797.67075	3	61.5600	2
2391.16405	798.06195	3	80.7008	2
2391.19055	1196.60255	2	94.9679	2
2391.19820	798.07330	3	95.0629	1
2401.30150	801.44110	3	81.5320	2
2404.07360	802.36515	3	71.0833	2
2407.22850	803.41680	3	75.5904	2
2416.24270	806.42150	3	83.9130	2
2433.24120	812.08765	3	81.0630	2
2435.25715	812.75965	3	65.3160	2
2440.35300	814.45825	3	90.6861	2
2456.21260	819.74480	3	78.2946	1
2460.19430	821.07205	3	85.0523	2
2519.20850	840.74340	3	65.4971	1
2525.30030	842.77405	3	85.5041	2
2532.23355	845.08510	3	73.8204	2
2549.47310	850.83160	3	82.9006	2
2549.96450	638.49840	4	84.5463	6
2589.27150	864.09780	3	70.6483	2
2604.27300	869.09830	3	84.5833	1
2620.21680	656.06145	4	64.9663	2
2749.48210	917.50130	3	81.4402	2
2765.47600	922.83260	3	79.5582	1
2769.42290	924.14820	3	85.6160	1
2804.27940	935.76705	3	76.8320	2
2858.47360	953.83180	3	90.7394	1
3132.48355	784.12815	4	69.1063	2
3208.56075	803.14750	4	70.0324	2
