mono_mass	mz	charge	rt	n_psm
798.41220	400.21340	2	37.9098	1
799.45575	400.73515	2	48.4480	2
799.51720	400.76590	2	37.6101	1
800.43910	401.22680	2	43.2672	2
801.43505	401.72480	2	36.0275	2
801.46060	401.73760	2	44.2600	3
801.53310	401.77380	2	43.8090	1
802.38570	402.20015	2	38.2095	2
802.49775	402.25615	2	60.9627	2
805.40955	403.71205	2	44.4185	2
805.44540	403.73000	2	50.5897	1
806.39595	404.20525	2	36.8899	2
806.45360	404.23410	2	59.6921	1
806.49070	404.25260	2	56.0527	1
807.41285	404.71370	2	39.3205	2
808.36310	405.18880	2	36.2026	2
808.43870	405.22660	2	35.2766	1
811.35420	406.68440	2	36.9547	2
812.42280	407.21870	2	41.9937	1
812.43910	407.22685	2	39.3049	2
812.48725	407.25090	2	36.5238	2
812.51190	407.26325	2	48.2024	2
814.45410	408.23435	2	42.1698	2
814.45530	408.23490	2	50.9457	1
814.51630	408.26545	2	57.9422	2
815.43925	408.72690	2	38.0470	2
815.47555	408.74505	2	41.5118	2
815.47695	408.74575	2	45.7074	2
815.51170	408.76310	2	45.4553	2
815.96405	408.98930	2	56.1288	2
816.38460	409.19960	2	50.8668	1
816.44940	409.23200	2	65.6950	2
816.45930	409.23690	2	56.2934	1
816.47110	409.24285	2	36.8755	2
817.45355	409.73405	2	39.6660	2
817.48150	409.74805	2	66.0512	2
818.44035	410.22745	2	52.1831	2
818.48980	410.25215	2	73.0814	2
819.39080	410.70265	2	34.1714	2
819.41660	410.71560	2	39.3664	1
819.43160	410.72310	2	62.2444	2
820.43335	411.22395	2	38.3003	2
820.46925	411.24190	2	44.9453	2
820.48775	411.25115	2	70.8709	2
821.42725	411.72090	2	40.0116	2
822.39085	412.20270	2	30.1094	4
822.42355	412.21905	2	36.0773	2
822.42410	412.21930	2	42.0697	1
823.41895	412.71675	2	35.5909	2
823.42665	412.72060	2	53.9480	2
824.54840	413.28145	2	70.3491	2
826.49085	414.25270	2	41.6023	2
826.49210	414.25330	2	39.0092	2
826.52710	414.27085	2	68.8719	2
826.52805	414.27130	2	48.9834	2
828.41630	415.21540	2	31.0758	4
828.47770	415.24610	2	38.1104	1
829.44760	415.73105	2	39.4246	4
829.46455	415.73955	2	41.0510	2
829.49100	415.75280	2	55.0963	2
829.49230	415.75340	2	38.7162	1
831.47040	416.74245	2	34.4834	2
831.49655	416.75555	2	61.1711	2
831.49685	416.75575	2	68.9870	2
833.43980	417.72715	2	62.0709	2
834.43525	418.22490	2	37.3192	2
835.44420	418.72940	2	42.7084	2
836.38930	419.20195	2	39.7680	2
836.40190	419.20820	2	40.6052	1
836.43920	419.22690	2	55.9761	2
836.44085	419.22770	2	42.9067	2
837.40285	419.70870	2	47.3586	2
837.40500	419.70980	2	53.6751	1
838.41805	420.21630	2	36.8090	2
839.42985	420.72220	2	54.4217	2
839.58490	420.79970	2	72.4082	2
840.47020	421.24240	2	42.4449	2
840.54295	421.27875	2	58.9077	2
840.54325	421.27890	2	74.1593	2
841.46630	421.74045	2	40.3528	2
841.49150	421.75300	2	54.2145	1
842.42920	422.22190	2	47.1296	3
842.48470	422.24965	2	51.5027	2
842.48735	422.25095	2	41.7457	2
842.48805	422.25130	2	37.8212	2
842.52220	422.26840	2	70.1002	1
842.53305	422.27380	2	33.7417	2
843.45170	422.73310	2	38.7113	1
843.48180	422.74820	2	44.1098	3
843.54330	422.77895	2	62.4048	2
844.45520	423.23490	2	53.2359	2
844.46520	423.23990	2	34.6567	2
845.45020	423.73235	2	37.5094	2
845.46045	423.73750	2	36.8638	2
845.46080	423.73770	2	43.6485	2
845.46530	423.73990	2	66.4296	2
845.51180	423.76315	2	64.3229	2
845.53730	423.77595	2	75.4738	2
846.39890	424.20670	2	36.3227	2
846.44860	424.23160	2	60.3667	2
846.92455	424.46955	2	42.7938	2
847.44515	424.72985	2	40.1730	2
848.43930	425.22690	2	41.2905	3
848.43970	425.22715	2	52.5441	2
848.44425	425.22940	2	35.9814	2
849.44140	425.72800	2	52.0485	1
850.45380	426.23415	2	45.8138	2
850.50245	426.25850	2	38.8416	2
850.86345	426.43900	2	38.6757	4
851.42180	426.71820	2	48.7474	2
851.42330	426.71890	2	45.0482	1
851.43905	426.72680	2	36.5161	2
853.36105	427.68780	2	36.3227	2
853.39740	427.70600	2	42.3135	2
854.46140	428.23800	2	39.3815	1
855.51780	428.76620	2	50.7979	1
856.43275	429.22365	2	63.6805	2
856.44800	429.23125	2	64.4112	2
856.46895	429.24175	2	49.4504	2
856.51470	429.26460	2	47.7370	2
856.53910	429.27680	2	57.1030	1
857.46120	429.73790	2	39.6839	2
857.46295	429.73875	2	41.9986	2
857.49550	429.75500	2	45.8842	1
857.49710	429.75580	2	54.4336	1
857.49810	429.75630	2	54.4104	1
858.46945	430.24200	2	43.1285	2
858.96100	430.48775	2	37.3408	2
859.46330	430.73890	2	37.4476	1
859.46520	430.73990	2	43.4678	1
860.42395	431.21925	2	35.4761	2
860.46810	431.24130	2	46.6597	4
861.44445	431.72950	2	44.1574	2
861.50020	431.75740	2	48.1027	1
861.50735	431.76095	2	74.7211	2
862.38690	432.20070	2	38.6448	2
863.44990	432.73230	2	41.3604	1
863.45045	432.73250	2	48.6831	2
863.45710	432.73580	2	58.1029	1
864.41955	433.21705	2	49.0393	2
864.43380	433.22420	2	40.0213	1
864.43430	433.22440	2	52.4685	1
864.50615	433.26035	2	63.1587	2
865.41550	433.71500	2	39.1392	1
866.49865	434.25660	2	41.7715	2
867.41595	434.71525	2	49.4253	2
867.43480	434.72470	2	38.5734	1
868.45855	435.23655	2	37.2140	2
869.49735	435.75595	2	33.7608	2
869.53360	435.77405	2	52.0042	2
869.53360	435.77410	2	59.2619	2
869.55875	435.78665	2	66.2001	2
870.44935	436.23195	2	53.9420	2
870.48110	436.24785	2	42.4348	2
870.51750	436.26600	2	57.4560	2
870.55395	436.28425	2	50.1986	2
871.44365	436.72910	2	37.9059	2
871.45150	436.73305	2	40.2986	2
871.53965	436.77710	2	58.8160	2
872.47480	437.24470	2	39.1084	1
872.49610	437.25540	2	55.6256	1
872.49710	437.25585	2	41.6391	2
872.51555	437.26505	2	63.0427	2
873.47090	437.74270	2	44.8304	2
873.47245	437.74350	2	49.9562	2
873.47975	437.74715	2	47.9252	2
873.49540	437.75495	2	66.7140	2
874.43240	438.22350	2	44.3003	2
874.45845	438.23655	2	49.2480	2
874.46660	438.24055	2	42.3839	2
874.47600	438.24530	2	35.9043	1
874.51160	438.26310	2	52.4637	1
875.49040	438.75250	2	29.2985	1
875.52205	438.76830	2	60.3355	2
875.52265	438.76860	2	49.3717	2
876.41285	439.21370	2	38.7565	2
876.47050	439.24250	2	49.5948	1
876.49510	439.25480	2	67.1346	2
877.45450	439.73450	2	36.7699	2
877.46655	439.74060	2	49.0089	2
877.46770	439.74110	2	42.1641	1
877.51025	439.76240	2	69.1844	2
878.43340	440.22400	2	47.3543	1
878.48615	440.25040	2	49.6258	2
878.48635	440.25045	2	54.0876	2
879.41770	440.71610	2	39.7665	1
880.41460	441.21460	2	38.1485	1
880.42945	441.22200	2	43.0071	2
880.54850	441.28150	2	52.9479	1
882.52875	442.27165	2	38.5725	2
883.53785	442.77620	2	58.1170	2
883.53880	442.77670	2	50.5802	1
883.56000	442.78730	2	38.3702	1
884.44060	443.22760	2	43.6905	1
884.54400	443.27925	2	53.7364	2
884.57245	443.29350	2	58.6626	2
885.42330	443.71890	2	38.4834	1
885.44450	443.72955	2	34.2959	2
885.49150	443.75305	2	34.8861	2
885.49270	443.75360	2	50.8747	2
885.55320	443.78385	2	64.2291	2
886.48710	444.25080	2	42.0265	2
886.51290	444.26370	2	47.2463	2
886.52305	444.26880	2	44.8447	2
886.54800	444.28130	2	41.4515	1
887.46005	444.73730	2	35.8170	2
887.49150	444.75300	2	40.8272	2
888.46680	445.24065	2	37.6090	2
889.45860	445.73660	2	50.4185	2
889.46540	445.73995	2	47.6515	2
889.47650	445.74555	2	40.8826	2
889.48430	445.74940	2	69.3682	2
890.50500	446.25975	2	44.2187	2
891.44475	446.72970	2	48.8357	2
891.44845	446.73150	2	45.8681	2
891.48190	446.74825	2	62.4017	2
891.49715	446.75585	2	66.4144	2
891.50675	446.76065	2	65.7101	2
892.44060	447.22760	2	39.7283	3
892.48320	447.24890	2	76.2306	2
893.45100	447.73280	2	46.0668	5
893.46100	447.73780	2	42.2849	1
893.46115	447.73785	2	36.0535	2
893.60610	447.81030	2	75.0261	2
895.44745	448.73100	2	59.1804	2
895.46490	448.73975	2	40.8941	2
896.53420	449.27435	2	54.2479	2
898.40765	450.21110	2	65.6592	2
898.48725	450.25090	2	34.7913	2
898.48985	450.25220	2	44.0112	2
898.54910	450.28185	2	66.2772	2
898.56065	450.28760	2	54.6788	2
899.43890	450.72670	2	53.1484	2
899.45105	450.73280	2	40.3338	2
899.50710	450.76085	2	55.5456	2
899.51535	450.76495	2	59.6969	2
900.46310	451.23880	2	40.9370	3
900.49090	451.25270	2	52.2226	1
900.49190	451.25320	2	40.7719	1
900.50305	451.25880	2	50.1791	2
900.53925	451.27690	2	43.5073	2
901.41195	451.71325	2	48.6267	2
901.52590	451.77025	2	42.1144	2
902.41415	452.21435	2	47.3101	2
902.48180	452.24820	2	39.2535	2
902.49690	452.25570	2	39.9666	1
902.50695	452.26075	2	45.7573	2
903.48135	452.74795	2	52.6313	2
903.48740	452.75100	2	31.2706	2
903.52820	452.77140	2	41.6854	1
903.54290	452.77875	2	68.2958	2
905.45220	453.73340	2	65.1016	2
905.45290	453.73375	2	43.6312	2
905.50730	453.76090	2	52.4985	1
906.51695	454.26575	2	47.5667	2
907.45205	454.73330	2	36.8064	2
907.50030	454.75745	2	48.0273	2
908.00360	455.00905	2	54.4311	4
908.43095	455.22275	2	48.8493	2
908.53425	455.27440	2	40.0053	2
908.56810	455.29130	2	56.9147	1
909.42620	455.72040	2	44.1525	3
909.42715	455.72085	2	54.8400	2
909.45595	455.73525	2	39.6075	2
909.47545	455.74500	2	69.7722	2
911.37975	456.69715	2	33.6304	2
911.47535	456.74495	2	60.0914	2
911.48880	456.75170	2	42.7279	1
911.58100	456.79780	2	57.5428	2
912.54870	457.28160	2	41.8474	1
912.56495	457.28975	2	63.6769	2
913.42920	457.72190	2	48.1323	1
913.44805	457.73130	2	41.1930	2
913.47305	457.74380	2	70.5985	2
913.48705	457.75080	2	46.8714	2
913.54740	457.78095	2	53.3255	2
913.55980	457.78720	2	38.6608	2
913.59655	457.80555	2	39.8829	2
914.50740	458.26095	2	40.5615	2
914.51775	458.26615	2	45.7637	2
915.44870	458.73160	2	36.6345	2
915.46005	458.73730	2	33.3136	2
915.46820	458.74135	2	42.2026	2
915.50130	458.75790	2	41.1593	1
915.52090	458.76770	2	49.2766	1
916.48485	459.24970	2	40.8890	2
916.49820	459.25635	2	37.2330	2
917.44365	459.72910	2	39.0320	2
917.46390	459.73920	2	53.5846	1
917.48040	459.74750	2	37.8211	2
917.48110	459.74780	2	39.8429	1
918.44855	460.23160	2	79.4654	2
918.48415	460.24935	2	53.0291	2
918.49220	460.25340	2	63.6184	2
918.51765	460.26610	2	62.4939	2
918.51855	460.26655	2	56.4612	2
919.40735	460.71095	2	60.9121	2
919.44340	460.72900	2	47.2434	1
919.51275	460.76365	2	46.4233	2
919.51285	460.76370	2	52.0883	2
919.51570	460.76515	2	56.8153	2
919.52240	460.76845	2	64.1465	2
920.49705	461.25580	2	46.5034	2
920.49710	461.25585	2	49.8697	2
920.50670	461.26060	2	41.1275	2
921.45055	461.73255	2	40.3150	4
921.94830	461.98145	2	37.5533	4
922.43920	462.22685	2	49.1602	2
922.43930	462.22690	2	41.0720	1
923.43480	462.72470	2	43.4826	2
923.47280	462.74370	2	40.4623	1
923.58090	462.79770	2	77.5365	1
924.43700	463.22580	2	47.5945	2
924.56410	463.28935	2	54.9759	2
925.42125	463.71790	2	36.3410	2
926.49660	464.25560	2	62.7232	1
926.51870	464.26660	2	38.6055	2
926.57960	464.29705	2	59.8452	2
926.59045	464.30250	2	60.8737	2
927.44550	464.73005	2	46.2473	2
927.56370	464.78915	2	82.6375	2
928.45415	465.23435	2	50.2626	2
928.51575	465.26515	2	41.3375	2
928.52345	465.26900	2	51.0260	2
928.53370	465.27410	2	49.3382	2
928.55915	465.28685	2	62.0637	2
929.45620	465.73540	2	29.3454	1
929.48105	465.74780	2	36.5677	2
929.50635	465.76045	2	54.4754	2
929.51420	465.76435	2	47.7765	2
929.51775	465.76615	2	42.5832	2
929.51890	465.76670	2	35.7142	3
929.51900	465.76680	2	40.5279	2
930.42345	466.21900	2	60.3551	2
930.46740	466.24095	2	34.7399	2
930.47870	466.24665	2	41.4238	2
930.51830	466.26645	2	64.1701	2
930.54030	466.27740	2	37.5902	2
931.47010	466.74235	2	35.5358	2
931.48650	466.75055	2	48.3000	2
931.50205	466.75830	2	55.3887	2
931.51175	466.76315	2	57.3467	2
931.53415	466.77440	2	67.1153	2
932.46420	467.23940	2	38.4665	2
932.54515	467.27985	2	41.6576	2
933.43725	467.72590	2	30.6893	2
933.45635	467.73545	2	36.8852	2
933.46530	467.73990	2	50.6966	2
933.48595	467.75025	2	51.0595	2
933.50350	467.75900	2	51.8803	2
933.50760	467.76110	2	86.8389	1
933.52870	467.77165	2	55.8136	2
933.53945	467.77700	2	32.3063	2
934.41585	468.21520	2	39.6258	2
934.45120	468.23285	2	38.8882	2
934.47390	468.24425	2	34.2003	2
934.48480	468.24970	2	42.4928	1
934.48705	468.25080	2	42.8488	2
934.48760	468.25105	2	32.9911	2
934.48790	468.25120	2	54.6187	1
934.51230	468.26345	2	57.7874	2
934.51285	468.26370	2	49.5690	2
934.52380	468.26915	2	58.9650	2
935.47125	468.74290	2	44.6589	2
937.48665	469.75060	2	40.2630	2
937.51225	469.76340	2	57.1473	2
938.43325	470.22390	2	37.3820	2
939.43020	470.72235	2	61.6921	2
939.48135	470.74795	2	79.8570	2
939.48160	470.74810	2	58.8671	2
939.55035	470.78245	2	55.3293	2
939.56365	470.78910	2	80.4366	2
940.44380	471.22920	2	44.6542	2
940.52635	471.27045	2	61.3421	2
941.43515	471.72485	2	38.1525	2
941.46390	471.73920	2	49.4040	2
941.55540	471.78495	2	50.1446	2
941.56510	471.78980	2	61.1614	2
941.58010	471.79735	2	66.0436	2
941.60630	471.81045	2	78.8490	2
942.48570	472.25015	2	43.4732	2
942.50205	472.25830	2	35.6406	2
942.51360	472.26405	2	47.5358	2
942.53855	472.27655	2	48.2796	2
943.44785	472.73125	2	60.4844	2
943.46625	472.74040	2	35.3186	2
943.49130	472.75290	2	43.8732	4
943.50050	472.75760	2	34.9764	3
943.53470	472.77460	2	45.9452	1
944.42420	473.21940	2	36.9733	2
944.43055	473.22255	2	62.8574	2
944.47535	473.24495	2	54.8680	2
944.49270	473.25360	2	42.8555	2
944.51810	473.26635	2	62.0379	2
944.51920	473.26685	2	44.9477	2
944.51950	473.26705	2	47.3392	2
944.52985	473.27220	2	48.8969	2
944.55510	473.28485	2	54.1391	2
945.45930	473.73690	2	76.6919	2
945.51320	473.76390	2	40.3225	2
945.54980	473.78215	2	58.1359	2
946.50865	474.26160	2	36.6851	2
946.51290	474.26370	2	45.5366	2
946.52750	474.27105	2	68.9350	2
946.53425	474.27440	2	37.5343	2
946.54895	474.28175	2	73.5894	2
947.43475	474.72465	2	37.9604	2
947.51360	474.76405	2	70.7239	2
948.45990	475.23720	2	31.6579	1
948.46645	475.24050	2	52.4282	2
948.46765	475.24110	2	43.8927	2
948.61185	475.31320	2	55.9828	2
949.48680	475.75065	2	39.1241	2
949.48745	475.75100	2	53.7131	2
949.49065	475.75260	2	86.3348	2
949.52775	475.77115	2	79.0910	2
950.45235	476.23345	2	49.6628	2
950.48140	476.24800	2	46.3375	2
950.48300	476.24880	2	48.4562	2
950.48675	476.25065	2	72.9274	2
950.50180	476.25815	2	58.8492	2
950.50770	476.26110	2	51.1336	2
951.49035	476.75245	2	59.5451	2
951.51800	476.76630	2	79.7134	2
952.44930	477.23190	2	46.6536	1
952.45060	477.23255	2	42.6752	2
952.46885	477.24170	2	50.2674	2
952.53520	477.27490	2	41.7486	2
954.44100	478.22780	2	35.5072	2
954.44490	478.22970	2	51.9720	2
955.53370	478.77410	2	62.2833	2
955.56985	478.79220	2	60.5511	2
956.50400	479.25930	2	38.0055	2
956.51695	479.26575	2	36.2817	2
956.52855	479.27155	2	52.8937	2
956.52860	479.27160	2	46.3701	2
956.53040	479.27245	2	43.7693	2
956.53665	479.27560	2	65.7439	2
956.57950	479.29705	2	77.1146	2
957.49090	479.75270	2	31.9670	2
957.53085	479.77270	2	47.8869	2
957.55985	479.78720	2	47.6289	2
957.59720	479.80590	2	46.6964	2
958.47130	480.24290	2	40.9918	2
958.48765	480.25110	2	55.8446	2
958.51035	480.26245	2	56.2091	2
959.50830	480.76140	2	40.4770	3
959.53090	480.77275	2	42.2630	2
959.58150	480.79805	2	83.3651	2
960.44830	481.23145	2	34.6872	2
960.47140	481.24295	2	45.0330	2
960.47510	481.24480	2	41.5244	2
960.51305	481.26380	2	38.8317	2
960.53095	481.27275	2	57.0219	2
960.53865	481.27660	2	60.7795	2
961.50900	481.76180	2	40.9226	1
962.47360	482.24405	2	45.8209	2
962.50705	482.26080	2	61.8574	2
962.51840	482.26645	2	55.0954	2
962.53740	482.27600	2	85.8301	2
963.44595	482.73025	2	53.9747	2
963.50215	482.75835	2	39.7119	2
963.55450	482.78450	2	74.1890	2
964.46150	483.23805	2	37.6818	2
964.47975	483.24715	2	68.6601	2
964.49130	483.25290	2	45.4617	1
964.49800	483.25630	2	42.4997	2
964.52330	483.26895	2	53.6214	2
965.44410	483.72930	2	40.9686	2
965.46025	483.73740	2	37.2713	2
965.48120	483.74785	2	60.1190	2
965.62740	483.82100	2	82.2789	2
966.46540	484.23995	2	41.3126	2
966.46665	484.24060	2	36.1168	2
966.47075	484.24265	2	44.1354	2
966.49110	484.25280	2	74.6453	1
966.50570	484.26010	2	44.2322	1
966.52490	484.26970	2	46.1901	2
967.47905	484.74680	2	57.3939	2
967.52405	484.76930	2	46.8663	2
967.58130	484.79795	2	56.1515	2
968.44445	485.22950	2	40.0595	2
968.52820	485.27140	2	48.4005	2
968.52875	485.27165	2	36.9422	2
969.48770	485.75115	2	39.7590	2
969.52550	485.77005	2	49.8821	2
969.54990	485.78220	2	40.8461	1
969.56035	485.78745	2	52.3338	2
969.58570	485.80015	2	68.2668	2
969.58675	485.80065	2	63.3554	2
970.48735	486.25095	2	54.0341	2
970.54295	486.27875	2	55.5230	2
970.58000	486.29730	2	69.9565	1
970.58120	486.29785	2	44.5058	2
971.50490	486.75970	2	30.8553	1
971.52885	486.77170	2	35.4210	2
971.52900	486.77180	2	48.0447	2
971.52955	486.77205	2	58.1461	2
971.55450	486.78455	2	57.0888	2
971.56655	486.79055	2	43.8341	2
972.57200	487.29325	2	34.4656	2
973.50805	487.76130	2	41.5170	2
973.54490	487.77975	2	33.3739	2
974.50330	488.25890	2	37.5065	3
974.51835	488.26645	2	58.3859	2
975.46310	488.73880	2	33.6837	1
975.50215	488.75835	2	52.1503	2
975.53840	488.77650	2	64.2171	1
975.53860	488.77660	2	64.2459	1
976.50850	489.26150	2	47.2411	2
976.52375	489.26915	2	59.7618	2
976.54610	489.28035	2	40.4364	2
977.44390	489.72920	2	46.5698	2
977.48140	489.74795	2	45.0929	2
977.51865	489.76660	2	51.5896	2
978.46460	490.23960	2	45.4079	1
978.47770	490.24615	2	41.1518	2
978.50195	490.25825	2	59.5818	2
978.50250	490.25855	2	57.5133	2
979.44960	490.73205	2	65.7745	2
979.46040	490.73745	2	38.2026	2
979.49745	490.75600	2	51.9072	2
979.57060	490.79260	2	39.5711	2
979.57120	490.79290	2	55.6615	1
980.49695	491.25575	2	51.7301	2
981.52310	491.76880	2	29.0725	2
981.56085	491.78770	2	39.7219	2
981.59750	491.80605	2	40.6693	2
982.46020	492.23740	2	33.2484	2
982.47330	492.24395	2	41.6059	2
982.51935	492.26695	2	37.6690	2
983.47420	492.74435	2	47.6365	2
983.50510	492.75980	2	41.9943	2
983.57675	492.79565	2	63.5399	2
983.58370	492.79910	2	70.9044	2
983.58810	492.80130	2	43.7112	2
983.60100	492.80775	2	57.4896	2
984.49190	493.25320	2	51.3553	2
984.63295	493.32375	2	49.3951	2
985.37465	493.69460	2	33.4053	2
985.53760	493.77605	2	45.8156	2
985.54550	493.78000	2	43.0109	1
985.55510	493.78480	2	42.8384	1
986.49060	494.25260	2	66.8567	1
986.54060	494.27760	2	49.1861	1
987.49990	494.75725	2	30.5731	2
987.52490	494.76970	2	44.4352	1
987.53555	494.77505	2	48.9808	2
988.48245	495.24850	2	37.7001	2
988.51940	495.26700	2	42.3239	2
988.54400	495.27925	2	46.7394	2
988.55420	495.28440	2	52.4477	2
988.58070	495.29760	2	50.1671	2
989.49665	495.75560	2	35.7871	2
989.55510	495.78480	2	58.1418	2
989.55515	495.78485	2	47.7042	2
990.45835	496.23645	2	36.5416	2
990.47440	496.24450	2	45.4233	2
990.51650	496.26550	2	42.1497	2
990.54925	496.28190	2	72.3031	2
991.50870	496.76160	2	66.7971	1
991.54485	496.77970	2	68.5977	2
991.56980	496.79215	2	60.6968	2
992.48515	497.24985	2	56.0311	2
992.53295	497.27375	2	80.6771	2
992.60190	497.30825	2	70.1802	2
993.44070	497.72765	2	42.3192	2
993.44200	497.72830	2	28.7946	1
993.45170	497.73310	2	39.8651	2
993.49130	497.75290	2	62.9557	3
993.51255	497.76355	2	52.8439	2
993.54745	497.78100	2	63.8567	2
994.49730	498.25590	2	48.4995	2
994.50780	498.26120	2	46.9548	2
994.50880	498.26170	2	31.3561	2
994.51565	498.26510	2	72.4905	2
994.60580	498.31020	2	73.4630	2
994.65390	498.33425	2	45.7099	2
996.52990	499.27220	2	47.6019	2
996.53070	499.27265	2	67.9006	2
996.57265	499.29360	2	44.8813	2
997.58190	499.79820	2	38.5540	2
998.50090	500.25770	2	57.4168	2
998.58690	500.30070	2	40.2328	1
999.53315	500.77385	2	29.1122	2
999.53505	500.77480	2	42.0651	2
999.57100	500.79275	2	31.6299	2
1000.49315	501.25385	2	35.4811	2
1000.55755	501.28605	2	93.6671	6
1001.51460	501.76460	2	43.6851	2
1001.55465	501.78460	2	66.7996	2
1001.56150	501.78800	2	33.2406	1
1001.58675	501.80065	2	47.2112	2
1001.59270	501.80360	2	69.0794	1
1002.47155	502.24305	2	33.7929	2
1002.48165	502.24810	2	38.4351	2
1002.48675	502.25065	2	41.1063	2
1002.52780	502.27115	2	37.0691	2
1003.50115	502.75785	2	43.0333	2
1003.51310	502.76380	2	48.7452	1
1003.51835	502.76645	2	44.0412	2
1003.57015	502.79235	2	77.3268	2
1004.44680	503.23070	2	34.3291	2
1004.53995	503.27725	2	47.4923	2
1004.56545	503.29000	2	42.6532	2
1005.46945	503.74205	2	48.5052	2
1005.48035	503.74745	2	37.5991	2
1005.49240	503.75350	2	31.3003	3
1005.51180	503.76320	2	54.4707	1
1005.53105	503.77280	2	68.1520	2
1005.53500	503.77475	2	35.3825	2
1006.45285	504.23370	2	31.6586	2
1006.47130	504.24290	2	41.3010	2
1006.49880	504.25670	2	53.7326	2
1007.45620	504.73540	2	38.2600	1
1007.46675	504.74070	2	40.6388	2
1007.47490	504.74475	2	50.9928	2
1007.50430	504.75945	2	43.4254	2
1007.52860	504.77160	2	43.2003	1
1007.53985	504.77720	2	55.5080	2
1007.54465	504.77960	2	67.7850	2
1007.67415	504.84435	2	72.3162	2
1008.47705	505.24580	2	49.9295	2
1008.52050	505.26750	2	50.9230	1
1009.44705	505.73080	2	41.8748	2
1009.51930	505.76690	2	35.7100	2
1009.54815	505.78135	2	87.5009	2
1010.45260	506.23360	2	38.4073	2
1010.49820	506.25640	2	38.6877	1
1010.51020	506.26240	2	62.8033	2
1010.51060	506.26260	2	62.0246	1
1010.55470	506.28460	2	48.8057	1
1011.52450	506.76955	2	36.2604	2
1011.53580	506.77515	2	44.8529	2
1011.54530	506.77990	2	42.3706	1
1011.57185	506.79320	2	52.0898	2
1011.60740	506.81095	2	67.0812	2
1012.57050	507.29255	2	57.8210	2
1012.57105	507.29280	2	68.5675	2
1012.58145	507.29800	2	60.0299	2
1012.60315	507.30885	2	38.5162	2
1012.64025	507.32740	2	48.6113	2
1013.46400	507.73925	2	71.5131	2
1013.54010	507.77730	2	43.5984	2
1013.55450	507.78455	2	64.7813	2
1013.56220	507.78835	2	37.2638	2
1013.62425	507.81940	2	66.2858	2
1014.51090	508.26270	2	32.5499	1
1014.53400	508.27430	2	42.7587	1
1014.53830	508.27640	2	37.9512	2
1014.57150	508.29300	2	37.1512	2
1014.57345	508.29400	2	45.8257	2
1014.58190	508.29820	2	37.8578	1
1015.49280	508.75370	2	39.3909	2
1015.53990	508.77720	2	36.1016	1
1015.54470	508.77960	2	88.6357	2
1015.58530	508.79990	2	70.5280	2
1015.59150	508.80305	2	65.1899	2
1016.46035	509.23745	2	36.5212	2
1016.51760	509.26610	2	47.3331	1
1016.53245	509.27350	2	47.9585	2
1016.54820	509.28140	2	48.5368	2
1017.47100	509.74280	2	35.0763	2
1017.47245	509.74350	2	41.2411	2
1017.51700	509.76575	2	76.8230	2
1017.53435	509.77450	2	38.5258	2
1017.62155	509.81805	2	65.8413	2
1018.54535	510.27995	2	39.6126	2
1019.42070	510.71760	2	43.1954	1
1019.50425	510.75940	2	42.6710	2
1019.53980	510.77720	2	53.8108	1
1019.54005	510.77730	2	34.8860	2
1019.54630	510.78045	2	66.3436	2
1019.54980	510.78215	2	46.9222	2
1020.44320	511.22890	2	28.3343	1
1020.52380	511.26920	2	63.5739	3
1020.52420	511.26935	2	55.8874	2
1020.52460	511.26960	2	48.9225	2
1020.53440	511.27450	2	54.2944	1
1020.53575	511.27515	2	54.8008	2
1021.43805	511.72630	2	37.5340	2
1021.44790	511.73120	2	33.8872	2
1021.49460	511.75460	2	29.9222	2
1021.51190	511.76325	2	43.2358	2
1021.54370	511.77910	2	60.1418	2
1021.60345	511.80900	2	51.6250	2
1022.50305	512.25880	2	52.9476	2
1022.51100	512.26280	2	76.7557	2
1023.48710	512.75085	2	37.7311	2
1023.51675	512.76565	2	60.0266	2
1023.60765	512.81110	2	67.6526	2
1024.37515	513.19485	2	41.7501	2
1024.60380	513.30920	2	52.2021	1
1025.45400	513.73430	2	38.1761	1
1025.50410	513.75930	2	40.4092	2
1025.55060	513.78260	2	34.9563	2
1025.60270	513.80860	2	48.4249	2
1026.44530	514.22990	2	41.9652	1
1027.56530	514.78990	2	32.8878	1
1027.56620	514.79035	2	35.9111	2
1027.59110	514.80280	2	58.2702	1
1027.59120	514.80290	2	58.3061	1
1027.60235	514.80845	2	68.2580	2
1028.56140	515.28795	2	42.8154	2
1029.47705	515.74580	2	41.8004	2
1029.47785	515.74620	2	56.3501	2
1029.53910	515.77680	2	51.8365	1
1029.54180	515.77820	2	37.0127	2
1029.58240	515.79850	2	36.2919	2
1030.52975	516.27215	2	35.1122	2
1030.59210	516.30330	2	78.4939	2
1030.60660	516.31060	2	75.1238	2
1031.46315	516.73885	2	63.5397	2
1031.50320	516.75890	2	41.1156	2
1031.50705	516.76080	2	48.5990	2
1031.54475	516.77965	2	51.1697	2
1031.58520	516.79990	2	61.5618	1
1031.58585	516.80020	2	56.1815	2
1032.49865	517.25660	2	41.4898	2
1032.53380	517.27420	2	48.2401	1
1032.59705	517.30580	2	72.9872	2
1033.56640	517.79045	2	42.5553	2
1033.56650	517.79050	2	37.1075	1
1033.58070	517.79760	2	81.7312	2
1033.61685	517.81570	2	69.1107	2
1034.52085	518.26770	2	64.1473	2
1034.56020	518.28740	2	80.1363	2
1035.48755	518.75105	2	60.5795	2
1035.56035	518.78745	2	59.9119	2
1036.51835	519.26645	2	40.9962	2
1036.51910	519.26685	2	43.0266	2
1036.53260	519.27360	2	70.7538	2
1036.53700	519.27575	2	67.0716	2
1036.55520	519.28490	2	62.6677	2
1037.50635	519.76045	2	33.3688	2
1037.52660	519.77055	2	36.8855	2
1037.62350	519.81900	2	54.2238	2
1037.64855	519.83155	2	70.4415	2
1039.46470	520.73960	2	47.1073	2
1039.49740	520.75600	2	51.8474	2
1039.56690	520.79075	2	47.2277	4
1040.46980	521.24220	2	40.6966	2
1040.49695	521.25575	2	41.4033	2
1040.54960	521.28210	2	53.8283	2
1040.56860	521.29160	2	49.2600	2
1040.59790	521.30620	2	56.3265	2
1040.62315	521.31885	2	73.2191	2
1040.65915	521.33685	2	59.1190	2
1041.53310	521.77380	2	49.5400	2
1041.58115	521.79785	2	51.4467	2
1042.51490	522.26470	2	63.7675	2
1042.53005	522.27230	2	37.0928	2
1042.55555	522.28505	2	53.0297	2
1042.57715	522.29585	2	40.6439	2
1043.54410	522.77930	2	48.0150	2
1043.54940	522.78195	2	78.4643	2
1043.56215	522.78835	2	36.1438	2
1043.56335	522.78895	2	33.1567	2
1043.60365	522.80910	2	62.8232	2
1044.53915	523.27685	2	65.4939	2
1044.55435	523.28445	2	43.0625	2
1044.56220	523.28835	2	57.6323	2
1045.02930	523.52195	2	44.1354	4
1045.52745	523.77100	2	36.7220	2
1045.54065	523.77760	2	32.9083	2
1045.55875	523.78665	2	62.5506	2
1045.60145	523.80800	2	59.8205	2
1046.52475	524.26965	2	35.2963	2
1046.58690	524.30070	2	37.6858	1
1046.59740	524.30600	2	48.7756	2
1047.52610	524.77035	2	59.3265	2
1048.47845	525.24650	2	34.7964	2
1048.56740	525.29100	2	57.5871	1
1049.52490	525.76970	2	50.1148	2
1049.53320	525.77390	2	39.6495	1
1049.56140	525.78795	2	37.0588	2
1050.50710	526.26080	2	41.7087	1
1050.50790	526.26120	2	45.5010	1
1050.53390	526.27425	2	47.4549	2
1050.57135	526.29295	2	61.4810	2
1051.49320	526.75385	2	36.6050	2
1052.46335	527.23895	2	56.9672	2
1053.61800	527.81630	2	55.4207	2
1054.49660	528.25555	2	68.0900	2
1054.53340	528.27400	2	74.2726	2
1054.54205	528.27830	2	31.3507	2
1054.60180	528.30820	2	51.3216	2
1054.60315	528.30885	2	56.3975	2
1055.42310	528.71885	2	46.6893	2
1055.45840	528.73650	2	36.4778	1
1055.49190	528.75320	2	44.2394	2
1055.56190	528.78820	2	41.5725	1
1055.58630	528.80040	2	67.2148	1
1055.58660	528.80055	2	63.0724	2
1056.53145	529.27300	2	76.4498	2
1056.58200	529.29830	2	54.4157	2
1056.59360	529.30410	2	52.2688	2
1057.55220	529.78335	2	40.3840	2
1057.57635	529.79545	2	44.0134	2
1057.57670	529.79560	2	35.4971	2
1057.63885	529.82670	2	77.2925	2
1058.49275	530.25365	2	49.9031	2
1058.54390	530.27920	2	77.8906	2
1058.55770	530.28610	2	71.4106	2
1058.57135	530.29295	2	46.3121	2
1058.59615	530.30535	2	39.2465	2
1059.50670	530.76065	2	42.9728	2
1060.47495	531.24475	2	33.1920	2
1060.52320	531.26885	2	73.6180	2
1060.61690	531.31570	2	82.6758	2
1061.55015	531.78235	2	44.2654	2
1061.57625	531.79540	2	74.1357	2
1062.53525	532.27490	2	55.8688	2
1062.58360	532.29910	2	55.5997	1
1063.52995	532.77225	2	43.4128	2
1063.54070	532.77760	2	45.5939	2
1063.55380	532.78420	2	59.3238	1
1063.55470	532.78460	2	59.2023	1
1064.63420	533.32440	2	53.6703	1
1065.44695	533.73075	2	45.8779	2
1065.55240	533.78345	2	60.5749	2
1065.55375	533.78415	2	77.6520	2
1066.45760	534.23610	2	53.1479	2
1066.50225	534.25840	2	32.2382	2
1066.51765	534.26610	2	55.7296	2
1067.51335	534.76395	2	44.7907	2
1067.53680	534.77565	2	38.5797	2
1067.57200	534.79325	2	51.9669	2
1068.55120	535.28285	2	36.1705	2
1068.56150	535.28800	2	63.0596	1
1068.58020	535.29740	2	59.3973	2
1068.59330	535.30395	2	56.3581	2
1068.65490	535.33475	2	44.5642	2
1070.57055	536.29255	2	67.6321	2
1070.58330	536.29890	2	37.9200	1
1070.60800	536.31130	2	44.1180	1
1070.61950	536.31705	2	40.0816	2
1070.63390	536.32425	2	68.2354	2
1070.65990	536.33720	2	75.3093	1
1071.41800	536.71630	2	39.1498	1
1071.56380	536.78915	2	48.1077	2
1071.59270	536.80360	2	52.9824	2
1072.53255	537.27355	2	46.7505	2
1072.57405	537.29430	2	72.6306	2
1072.59530	537.30490	2	38.2782	1
1072.61315	537.31385	2	40.3529	2
1073.49935	537.75695	2	44.1530	2
1073.51785	537.76620	2	53.5925	2
1073.52475	537.76965	2	33.3475	2
1073.58710	537.80080	2	43.2476	2
1073.59075	537.80265	2	58.2931	2
1073.60840	537.81150	2	85.9511	2
1073.65930	537.83690	2	62.3427	2
1074.54560	538.28005	2	42.7040	2
1074.55120	538.28290	2	52.5363	2
1074.57140	538.29300	2	58.9931	2
1075.48020	538.74740	2	32.8675	1
1075.53340	538.77400	2	64.9781	2
1075.59220	538.80340	2	69.8225	1
1075.61150	538.81300	2	56.8696	2
1075.62840	538.82150	2	66.5937	2
1076.51375	539.26415	2	48.3659	2
1076.56085	539.28770	2	53.3862	2
1076.57200	539.29330	2	41.9719	2
1077.56955	539.79205	2	63.5061	2
1077.60460	539.80960	2	38.3209	2
1078.47250	540.24350	2	34.4029	1
1078.50415	540.25935	2	40.0552	2
1081.45570	541.73510	2	39.6823	1
1081.62440	541.81945	2	58.9981	2
1082.53220	542.27340	2	53.9133	1
1082.55460	542.28455	2	81.3279	2
1082.64610	542.33030	2	54.2566	2
1084.48715	543.25085	2	37.6453	2
1084.50900	543.26180	2	49.8319	1
1084.51965	543.26710	2	72.8437	2
1084.54420	543.27940	2	26.5732	1
1084.56900	543.29180	2	93.1237	2
1084.57090	543.29270	2	44.7606	1
1084.57150	543.29300	2	88.1972	3
1084.63820	543.32640	2	77.8936	2
1085.60910	543.81180	2	50.5382	2
1085.61275	543.81365	2	42.6206	2
1085.64490	543.82975	2	66.2262	2
1086.06365	544.03910	2	49.4782	4
1086.55555	544.28505	2	46.7995	2
1086.56750	544.29100	2	32.5756	2
1087.55035	544.78245	2	50.0775	2
1087.56285	544.78870	2	41.2184	2
1087.58770	544.80115	2	40.5208	2
1087.59880	544.80670	2	56.3226	1
1087.61275	544.81365	2	69.2394	2
1088.45550	545.23505	2	35.8132	2
1088.55390	545.28425	2	69.8766	2
1088.60800	545.31130	2	34.2592	2
1089.53170	545.77315	2	40.7447	2
1089.55955	545.78705	2	33.0065	2
1089.60330	545.80890	2	43.7640	1
1090.46790	546.24120	2	36.6901	2
1090.60315	546.30885	2	57.8457	2
1091.51660	546.76560	2	54.4995	1
1092.53905	547.27680	2	54.1660	2
1092.58105	547.29780	2	52.9821	2
1093.53965	547.77710	2	56.9094	2
1094.08115	548.04785	2	35.1955	4
1094.55120	548.28285	2	66.9006	2
1094.55515	548.28485	2	76.6605	2
1094.59675	548.30565	2	56.4948	2
1095.46495	548.73975	2	51.8535	2
1095.55670	548.78565	2	53.3955	2
1095.56380	548.78920	2	68.1693	1
1096.51910	549.26680	2	47.1664	2
1096.56270	549.28865	2	41.0274	2
1097.60880	549.81170	2	55.4852	2
1098.53460	550.27455	2	43.9940	2
1098.57750	550.29600	2	34.6476	1
1098.58255	550.29855	2	48.8689	2
1099.49350	550.75400	2	59.1191	2
1099.56400	550.78930	2	40.8003	1
1100.45980	551.23720	2	65.1594	2
1100.55750	551.28605	2	32.2951	2
1100.56440	551.28945	2	35.9476	2
1100.57170	551.29315	2	70.0950	2
1101.52430	551.76940	2	54.5635	2
1101.55570	551.78510	2	69.3051	2
1101.60875	551.81165	2	36.6238	2
1101.65145	551.83300	2	51.7605	2
1102.50895	552.26175	2	64.7157	2
1102.55585	552.28520	2	33.1592	2
1102.57760	552.29610	2	63.0910	1
1102.58660	552.30060	2	34.9198	2
1102.60910	552.31180	2	57.5982	1
1103.47425	552.74440	2	33.4296	2
1103.56095	552.78775	2	38.2873	2
1103.58270	552.79860	2	49.3665	2
1104.13645	553.07550	2	83.4753	4
1104.50890	553.26170	2	51.7086	2
1104.53040	553.27250	2	43.3171	1
1104.54600	553.28030	2	42.9245	3
1104.54700	553.28080	2	45.3899	2
1104.56420	553.28935	2	47.1968	2
1104.59440	553.30450	2	58.8078	2
1104.62615	553.32035	2	86.6882	2
1105.52980	553.77220	2	61.5519	1
1105.57600	553.79530	2	63.6843	2
1106.54050	554.27750	2	46.4495	2
1106.58585	554.30020	2	81.8590	2
1106.58670	554.30060	2	93.9061	1
1106.60885	554.31170	2	81.1318	2
1107.53915	554.77685	2	60.0568	2
1107.54480	554.77970	2	53.2064	2
1107.54995	554.78225	2	64.5570	2
1107.55730	554.78590	2	40.7434	1
1107.55950	554.78700	2	35.9904	2
1107.57750	554.79600	2	93.6019	5
1107.59235	554.80345	2	43.4478	2
1108.51700	555.26580	2	30.6232	1
1108.57100	555.29280	2	77.1172	2
1109.41250	555.71355	2	36.7970	2
1109.53320	555.77390	2	77.6415	2
1109.54045	555.77750	2	46.1352	2
1109.54990	555.78225	2	89.1890	2
1109.58670	555.80060	2	57.4819	2
1109.61140	555.81295	2	69.9299	2
1109.68050	555.84750	2	77.5687	1
1110.52035	556.26745	2	59.0949	2
1110.59090	556.30270	2	82.0874	2
1110.60865	556.31160	2	75.7569	2
1110.66515	556.33985	2	73.1044	2
1113.60250	557.80850	2	59.2337	1
1114.55620	558.28540	2	76.9498	2
1114.56695	558.29075	2	63.2587	2
1114.62330	558.31890	2	60.8462	2
1114.63435	558.32445	2	51.8297	2
1115.05235	558.53345	2	45.2888	4
1115.51435	558.76445	2	46.0413	2
1115.54600	558.78030	2	44.7852	1
1115.55650	558.78555	2	33.4854	2
1115.57585	558.79520	2	40.7218	2
1115.58440	558.79950	2	52.6846	2
1115.60240	558.80845	2	54.9163	2
1116.56650	559.29055	2	53.1750	2
1116.58225	559.29840	2	71.2463	2
1116.61335	559.31395	2	33.7954	2
1117.52685	559.77070	2	38.0701	2
1117.54325	559.77890	2	41.1881	2
1117.56225	559.78840	2	49.6909	2
1117.60585	559.81020	2	69.6793	2
1118.01750	560.01600	2	45.2318	4
1118.48375	560.24915	2	31.5600	2
1118.54830	560.28140	2	74.9051	2
1118.60595	560.31025	2	68.1720	2
1118.63440	560.32450	2	55.7790	2
1119.54260	560.77855	2	67.9643	2
1119.56760	560.79110	2	55.4677	3
1119.58185	560.79820	2	85.5495	2
1119.58240	560.79845	2	61.2742	2
1119.59520	560.80490	2	66.1072	2
1119.66910	560.84185	2	81.6527	2
1120.57720	561.29590	2	59.1805	2
1121.53380	561.77420	2	67.4156	2
1121.60930	561.81195	2	46.3636	2
1122.51180	562.26320	2	58.4635	1
1123.47845	562.74650	2	45.1501	2
1123.56980	562.79220	2	56.2131	2
1124.58940	563.30200	2	60.8138	2
1124.61890	563.31675	2	67.9954	2
1124.63080	563.32270	2	35.6829	4
1124.68095	563.34775	2	79.3736	2
1125.51030	563.76245	2	33.6069	2
1125.53725	563.77590	2	47.6576	2
1125.57190	563.79325	2	41.8843	2
1125.64010	563.82735	2	59.7290	2
1126.49510	564.25480	2	53.2603	1
1126.59790	564.30625	2	50.3626	2
1126.61790	564.31625	2	82.5535	2
1127.16160	564.58805	2	83.8887	4
1127.47445	564.74450	2	67.6627	2
1127.56645	564.79050	2	41.2834	2
1127.61125	564.81290	2	60.6473	2
1127.65565	564.83510	2	51.3769	2
1128.55900	565.28680	2	52.7453	1
1128.56645	565.29050	2	40.7216	2
1128.57855	565.29655	2	41.6026	2
1128.63890	565.32675	2	58.4979	2
1129.58130	565.79790	2	54.5367	2
1129.63350	565.82400	2	33.7014	2
1129.63440	565.82445	2	38.5258	2
1129.67115	565.84285	2	68.7564	2
1130.55970	566.28715	2	46.2226	2
1130.58215	566.29835	2	62.9222	2
1131.57780	566.79620	2	32.9006	2
1131.62900	566.82180	2	69.1215	2
1132.55220	567.28340	2	55.7227	1
1132.58785	567.30120	2	60.6925	2
1133.55355	567.78405	2	67.8685	2
1133.57170	567.79310	2	71.0875	2
1133.57195	567.79325	2	54.8576	2
1133.57495	567.79475	2	64.9094	2
1133.60870	567.81165	2	61.0963	2
1133.64690	567.83070	2	66.8515	1
1134.53365	568.27410	2	42.8040	2
1134.53590	568.27525	2	45.4334	2
1134.57910	568.29680	2	45.2023	3
1135.59810	568.80630	2	46.0739	2
1136.53585	569.27520	2	52.2071	2
1136.57120	569.29285	2	59.6676	2
1136.57215	569.29335	2	56.6108	2
1137.56555	569.79005	2	81.6339	2
1137.57920	569.79685	2	54.0585	2
1138.56600	570.29030	2	61.0738	1
1139.54600	570.78030	2	53.3255	2
1139.56215	570.78835	2	65.3042	2
1139.63015	570.82235	2	38.3233	2
1139.65525	570.83490	2	60.3618	2
1140.52445	571.26950	2	31.8677	2
1141.55690	571.78570	2	70.5050	2
1141.56875	571.79165	2	61.3598	2
1141.59790	571.80620	2	30.9797	2
1141.61115	571.81285	2	58.1954	2
1142.03225	572.02340	2	63.7743	4
1142.48620	572.25040	2	44.3239	1
1142.55630	572.28540	2	89.5926	2
1142.55735	572.28595	2	50.5456	2
1142.61815	572.31635	2	53.7290	2
1142.62975	572.32215	2	32.4563	2
1142.62985	572.32220	2	51.2357	2
1143.50790	572.76125	2	54.6501	2
1143.57140	572.79295	2	64.2024	2
1143.58845	572.80150	2	33.0849	2
1143.69090	572.85275	2	85.8560	2
1144.58800	573.30125	2	48.2255	2
1144.59585	573.30520	2	59.0033	2
1144.60900	573.31175	2	36.8038	2
1144.63680	573.32565	2	56.0951	2
1145.08470	573.54965	2	56.3102	4
1145.57565	573.79510	2	45.9788	2
1145.66965	573.84210	2	69.4372	2
1146.57785	574.29620	2	44.5373	2
1146.61365	574.31410	2	51.6175	2
1147.54970	574.78210	2	60.9606	1
1147.55500	574.78480	2	42.3474	2
1147.55610	574.78530	2	47.7162	2
1147.57905	574.79680	2	63.8234	2
1147.58875	574.80165	2	53.6282	2
1147.63900	574.82675	2	86.9084	2
1148.54855	575.28155	2	51.9368	2
1148.56930	575.29190	2	79.0305	2
1148.60825	575.31140	2	61.3000	2
1149.56655	575.79055	2	56.5839	2
1149.56705	575.79080	2	66.6932	2
1150.05850	576.03655	2	57.7807	4
1150.58665	576.30060	2	54.1616	2
1150.58910	576.30180	2	47.1000	1
1151.59530	576.80490	2	39.7612	1
1151.65175	576.83315	2	67.5973	2
1152.53090	577.27275	2	52.7464	2
1152.54270	577.27860	2	90.8362	2
1152.54920	577.28185	2	59.6074	2
1152.55235	577.28345	2	35.7340	2
1152.56585	577.29020	2	42.9152	2
1152.58670	577.30065	2	57.2030	2
1154.61930	578.31690	2	58.2598	2
1154.62995	578.32225	2	43.9819	2
1155.56470	578.78965	2	33.5072	2
1155.58230	578.79840	2	87.3889	1
1155.61345	578.81400	2	50.2974	2
1155.62620	578.82035	2	51.1105	2
1155.64920	578.83185	2	48.0798	2
1156.51825	579.26640	2	54.7827	2
1156.52080	579.26765	2	43.8900	2
1156.59180	579.30320	2	84.3307	2
1156.60310	579.30880	2	65.6180	2
1157.56440	579.78945	2	48.3480	2
1157.59225	579.80340	2	57.4821	2
1157.59360	579.80405	2	51.4933	2
1157.63515	579.82485	2	52.3334	2
1158.59990	580.30720	2	41.1136	2
1158.62500	580.31980	2	46.6908	2
1159.57150	580.79300	2	63.4409	2
1159.57390	580.79420	2	32.9651	2
1159.58415	580.79935	2	44.5126	2
1159.59495	580.80475	2	40.1779	2
1159.62060	580.81755	2	38.9707	2
1159.64005	580.82730	2	79.2478	2
1159.68175	580.84815	2	48.5463	2
1160.56490	581.28975	2	36.2603	2
1160.58555	581.30005	2	65.8338	2
1160.58690	581.30070	2	48.7346	1
1160.59320	581.30390	2	72.1797	2
1160.59795	581.30625	2	53.4166	2
1160.60760	581.31105	2	60.6667	2
1160.61545	581.31500	2	35.4081	2
1161.52675	581.77065	2	33.9796	2
1161.60040	581.80750	2	52.8079	2
1161.60065	581.80760	2	44.9946	2
1161.60705	581.81080	2	71.9573	2
1161.61435	581.81445	2	52.5950	2
1161.65930	581.83690	2	94.6508	3
1162.57320	582.29390	2	52.5035	1
1163.56710	582.79080	2	33.5695	1
1163.57635	582.79545	2	64.7048	2
1163.60065	582.80760	2	71.0810	4
1163.60840	582.81145	2	66.4035	2
1164.60320	583.30890	2	54.1122	2
1164.60340	583.30900	2	59.8255	2
1164.72270	583.36865	2	69.5301	2
1165.46055	583.73755	2	34.1391	2
1165.57650	583.79550	2	71.5966	2
1165.63360	583.82410	2	63.5392	2
1166.53975	584.27715	2	45.8980	2
1167.61810	584.81635	2	84.0691	2
1168.63140	585.32300	2	77.2272	2
1168.64620	585.33040	2	48.4851	2
1168.68040	585.34745	2	68.8444	2
1168.68230	585.34845	2	57.5715	2
1168.74410	585.37935	2	78.6359	2
1169.57185	585.79320	2	53.5130	2
1170.52160	586.26810	2	49.7142	1
1170.57705	586.29580	2	45.3691	2
1170.62460	586.31960	2	46.3898	2
1170.65970	586.33715	2	65.8693	2
1170.66065	586.33760	2	69.5962	2
1171.57670	586.79560	2	64.4191	3
1171.62030	586.81745	2	49.3167	2
1171.62450	586.81950	2	55.3357	2
1171.70085	586.85770	2	54.0044	2
1172.59470	587.30460	2	64.8110	1
1172.61480	587.31465	2	39.4294	2
1172.61915	587.31685	2	82.6803	4
1172.63045	587.32250	2	72.8982	2
1172.63050	587.32255	2	65.1645	2
1172.63945	587.32700	2	70.0590	2
1173.58820	587.80140	2	45.7709	2
1173.61335	587.81395	2	84.6231	2
1174.51175	588.26315	2	42.5380	2
1174.54770	588.28110	2	30.9483	1
1174.55855	588.28655	2	32.8046	2
1174.56165	588.28810	2	53.3557	2
1174.60925	588.31190	2	39.7988	2
1175.57400	588.79425	2	59.7821	2
1175.61995	588.81725	2	40.5887	2
1175.65640	588.83550	2	58.1696	2
1176.49650	589.25555	2	30.8490	2
1176.58050	589.29755	2	52.1426	2
1177.63450	589.82455	2	65.2783	2
1177.66130	589.83795	2	83.9518	2
1177.66165	589.83810	2	89.4604	2
1178.46230	590.23840	2	66.9466	1
1178.51765	590.26610	2	37.1246	2
1178.54570	590.28010	2	46.9750	2
1179.54530	590.77990	2	41.2412	1
1180.52300	591.26880	2	61.4737	1
1180.59760	591.30610	2	63.8641	2
1180.70690	591.36075	2	84.7896	2
1181.65205	591.83330	2	54.0021	2
1182.54295	592.27875	2	73.9322	2
1182.60430	592.30940	2	70.4055	2
1182.62780	592.32120	2	71.3826	2
1182.66505	592.33980	2	57.4232	2
1182.68045	592.34750	2	77.7401	2
1184.58675	593.30065	2	60.2662	2
1184.60490	593.30970	2	49.2243	2
1185.57480	593.79465	2	85.4178	2
1185.57755	593.79605	2	35.0814	2
1185.64035	593.82745	2	78.4090	2
1185.65150	593.83300	2	63.0962	1
1186.54430	594.27945	2	44.4477	2
1186.58480	594.29970	2	56.0576	1
1186.65730	594.33595	2	46.1299	2
1187.59050	594.80250	2	48.5938	1
1187.59620	594.80540	2	64.5884	1
1187.62225	594.81840	2	76.5562	2
1187.70255	594.85855	2	87.0555	2
1187.70270	594.85865	2	79.6496	2
1188.54180	595.27820	2	50.6992	2
1188.58950	595.30205	2	41.1068	2
1188.59875	595.30665	2	45.1249	2
1188.61495	595.31475	2	49.4546	2
1189.54100	595.77775	2	77.7704	2
1189.63755	595.82605	2	51.1993	2
1189.64525	595.82990	2	68.8095	2
1189.67105	595.84280	2	73.2833	2
1190.56035	596.28745	2	54.3071	2
1190.58910	596.30180	2	32.7069	1
1190.59935	596.30695	2	63.2307	2
1191.61410	596.81430	2	56.8107	1
1191.66550	596.84005	2	81.4522	2
1192.52825	597.27140	2	45.4839	2
1192.61495	597.31475	2	65.4773	2
1192.66160	597.33810	2	86.1182	2
1193.61610	597.81535	2	37.1878	2
1193.63330	597.82395	2	66.7768	2
1193.66955	597.84205	2	89.1033	2
1194.51145	598.26300	2	29.5969	2
1194.61450	598.31450	2	66.2479	1
1195.60990	598.81220	2	59.4791	2
1196.54970	599.28215	2	44.2760	2
1196.57095	599.29275	2	33.9179	2
1196.64980	599.33220	2	47.8534	2
1197.54645	599.78050	2	77.0225	2
1197.57010	599.79230	2	51.4516	1
1197.57465	400.19880	3	33.9257	2
1197.59245	599.80350	2	62.2800	2
1197.62460	599.81960	2	58.9598	1
1197.66500	599.83975	2	73.2297	2
1197.69690	599.85570	2	74.3470	2
1198.61960	400.54715	3	51.1651	2
1198.62520	600.31990	2	69.1420	1
1198.65580	600.33520	2	39.3151	2
1198.65630	400.55935	3	39.2534	2
1199.51070	600.76260	2	59.0213	1
1199.54720	600.78090	2	54.0253	2
1199.71225	600.86340	2	77.4853	2
1200.62120	401.21430	3	40.7846	1
1200.62290	601.31875	2	58.0840	2
1200.62505	601.31980	2	40.8039	2
1200.64530	601.32990	2	51.2563	2
1200.65175	601.33315	2	78.8169	2
1201.09070	601.55260	2	41.6794	4
1201.60805	601.81130	2	46.3376	2
1201.60825	401.54335	3	46.3057	2
1201.61930	601.81695	2	73.9136	2
1201.62995	401.55055	3	34.7928	2
1201.63030	601.82245	2	35.2325	2
1201.66670	401.56280	3	45.5196	1
1201.66675	601.84065	2	45.5126	2
1202.59045	602.30250	2	38.9784	2
1202.60605	602.31030	2	47.3979	2
1202.60610	401.87600	3	47.3193	1
1202.64215	401.88800	3	37.7627	2
1202.64465	602.32960	2	37.7626	2
1202.65090	602.33275	2	63.7721	2
1203.59850	602.80650	2	40.2374	2
1203.61610	602.81530	2	95.6782	5
1203.67190	602.84320	2	50.7524	2
1204.58060	603.29755	2	51.7974	2
1204.60940	603.31195	2	56.2477	2
1204.61245	603.31350	2	91.8868	2
1204.65645	402.55940	3	46.8886	2
1204.65710	603.33580	2	46.9176	2
1205.56475	402.86220	3	58.4191	2
1205.59185	402.87125	3	58.2317	2
1205.63165	603.82310	2	55.6018	2
1205.64120	603.82785	2	53.5679	2
1205.71240	402.91140	3	63.9481	2
1205.71310	603.86380	2	63.9887	2
1206.59530	604.30490	2	59.9917	1
1206.60610	604.31030	2	71.7392	2
1206.62395	604.31925	2	63.3579	2
1207.57220	604.79335	2	61.5449	2
1207.57570	403.53250	3	36.7708	1
1207.61960	604.81705	2	54.3550	2
1207.62415	604.81935	2	71.4031	2
1207.67740	604.84600	2	83.4679	1
1207.76625	604.89040	2	79.9865	2
1208.52325	605.26890	2	37.9032	2
1208.59370	605.30415	2	81.9730	2
1208.60330	605.30890	2	67.3394	1
1208.67165	605.34310	2	90.2210	2
1209.58830	605.80140	2	47.0739	2
1210.56230	606.28840	2	45.6753	1
1210.59905	606.30680	2	62.0954	2
1210.61380	404.54520	3	61.7461	1
1210.63085	404.55090	3	36.5818	2
1211.59860	606.80660	2	61.2638	1
1211.61845	606.81650	2	77.1613	2
1211.62660	404.88280	3	34.0695	2
1211.65130	606.83295	2	47.4250	2
1211.65710	606.83585	2	86.4649	2
1212.54170	607.27810	2	55.9428	1
1212.56810	405.19660	3	26.0966	1
1213.64585	405.55590	3	52.7831	2
1213.66820	607.84140	2	47.3064	1
1214.49760	608.25610	2	90.3624	1
1214.61400	608.31430	2	62.7282	1
1215.59820	608.80635	2	49.3059	2
1215.64630	608.83040	2	59.2999	2
1215.65170	608.83310	2	82.0088	2
1215.68295	608.84875	2	33.3346	2
1215.68345	406.23510	3	33.2792	2
1216.57635	609.29545	2	47.9817	2
1216.57725	609.29590	2	38.0414	2
1216.62335	609.31895	2	54.3339	2
1216.65710	609.33580	2	68.7465	2
1216.72560	609.37010	2	84.9582	1
1217.56370	609.78910	2	69.0418	3
1217.60795	609.81125	2	56.7289	2
1217.60905	609.81180	2	74.8661	2
1217.62650	406.88280	3	35.1766	1
1217.64100	609.82780	2	101.8958	1
1217.67660	406.89950	3	67.1943	2
1218.62850	610.32150	2	57.9036	1
1218.66445	610.33950	2	82.4188	2
1218.67540	610.34500	2	86.3274	1
1219.61195	610.81325	2	48.6360	2
1220.64075	611.32765	2	48.1974	2
1220.64075	611.32765	2	53.5329	2
1220.64080	611.32765	2	77.3790	2
1221.59775	611.80615	2	57.9666	2
1221.60850	408.21010	3	29.9543	2
1221.63560	611.82510	2	55.7418	3
1222.61295	612.31375	2	66.1932	2
1222.72855	612.37155	2	77.6466	2
1223.54235	612.77845	2	45.6558	2
1223.62565	612.82010	2	34.5595	2
1223.65040	408.89070	3	46.7917	1
1224.62470	613.31960	2	67.4357	2
1224.63005	613.32230	2	53.0395	2
1224.65750	613.33600	2	35.6855	2
1224.65810	409.22660	3	35.4436	2
1224.68550	613.35000	2	42.2393	2
1225.67200	613.84330	2	68.1986	1
1226.69930	614.35690	2	58.2678	2
1226.70630	614.36040	2	80.5173	1
1227.65730	614.83590	2	58.0140	1
1227.66235	614.83845	2	69.1846	2
1227.67150	614.84300	2	67.1160	3
1227.68265	614.84860	2	63.6278	2
1227.68300	410.23490	3	48.8004	1
1229.55710	615.78585	2	40.5561	2
1229.62060	615.81760	2	48.7548	2
1229.64935	615.83195	2	46.5918	2
1229.65050	410.89075	3	46.5387	2
1229.73880	410.92020	3	58.0194	1
1230.55930	411.19370	3	31.7099	1
1230.58395	616.29925	2	40.6872	2
1230.58875	411.20350	3	33.8641	2
1230.58910	616.30180	2	59.0528	2
1230.62035	616.31745	2	47.8357	2
1230.64055	616.32755	2	78.0678	2
1230.65760	616.33610	2	40.4686	2
1230.66200	616.33825	2	81.9314	2
1231.58690	616.80070	2	51.3046	1
1231.58760	616.80105	2	35.1662	2
1231.62285	616.81870	2	54.1945	2
1231.62440	616.81950	2	86.9710	2
1231.65710	616.83580	2	59.6480	2
1231.65950	616.83700	2	56.0284	1
1231.69255	411.57145	3	56.9928	2
1232.57165	617.29310	2	32.6509	2
1232.60675	617.31065	2	45.2410	2
1233.60855	617.81155	2	49.4849	2
1233.62055	617.81755	2	43.0191	2
1233.66185	617.83820	2	56.4324	2
1234.56810	412.53000	3	39.4488	1
1234.58250	618.29850	2	50.9327	1
1234.59705	618.30580	2	34.1254	2
1234.65440	618.33450	2	63.1910	2
1235.60730	618.81090	2	38.6916	2
1235.60745	412.87645	3	38.6655	2
1235.64860	618.83160	2	48.0724	1
1235.65165	412.89115	3	47.9921	2
1235.66980	618.84215	2	57.1983	2
1235.67030	412.89735	3	57.1099	2
1236.56265	619.28860	2	47.4170	2
1237.63460	413.55210	3	36.5741	2
1237.63515	619.82485	2	36.6585	2
1237.64725	619.83090	2	62.9734	2
1237.74040	619.87750	2	66.7997	2
1238.60915	620.31185	2	54.1346	2
1239.59265	620.80360	2	57.6979	2
1239.59590	414.20590	3	34.5101	2
1239.62020	620.81735	2	61.4294	2
1239.63930	620.82690	2	83.4985	1
1239.68360	620.84910	2	74.4232	2
1239.71825	620.86640	2	73.1399	2
1240.16110	621.08780	2	47.6978	4
1240.58730	414.53635	3	35.0425	2
1240.70260	621.35860	2	70.7687	1
1240.70265	621.35860	2	90.1574	2
1241.59400	621.80430	2	70.1971	1
1241.66420	621.83940	2	61.0323	2
1241.69710	621.85580	2	77.5100	1
1241.77395	414.93190	3	76.5013	2
1241.77520	621.89485	2	76.6338	2
1242.63555	415.21910	3	43.0829	2
1242.63645	622.32550	2	43.1202	2
1242.65060	622.33260	2	33.6642	1
1242.65940	415.22710	3	33.6940	1
1242.70515	622.35985	2	94.4354	2
1244.54125	623.27790	2	51.4414	2
1244.56735	623.29095	2	45.6016	2
1244.61050	415.87740	3	32.5757	1
1244.63335	623.32395	2	65.1898	2
1244.67255	415.89810	3	35.4462	2
1245.62130	416.21440	3	46.2503	2
1245.65070	623.83260	2	80.9427	2
1245.65800	623.83630	2	42.2566	1
1245.67205	416.23130	3	53.6780	2
1245.67510	623.84485	2	41.1595	2
1246.61365	416.54515	3	53.4434	2
1246.64940	416.55705	3	65.8033	2
1246.69255	624.35355	2	71.2830	2
1247.58270	416.86815	3	27.7325	2
1248.61850	625.31655	2	87.1909	2
1248.67050	625.34255	2	59.8793	2
1248.67310	625.34385	2	62.1468	2
1249.63140	625.82300	2	56.2679	2
1249.65355	625.83405	2	62.8527	2
1249.65615	625.83535	2	82.0267	2
1250.61290	626.31370	2	63.8183	1
1250.72560	626.37010	2	86.8694	1
1251.66085	626.83770	2	73.7436	2
1252.74035	627.37745	2	78.1906	2
1252.75020	418.59070	3	64.7051	1
1252.77610	627.39530	2	90.5655	1
1253.55970	627.78710	2	65.2317	1
1253.63055	418.88415	3	31.0442	2
1254.58895	628.30175	2	67.3259	2
1254.60035	628.30745	2	79.2668	2
1254.72915	628.37185	2	68.1102	2
1254.72995	628.37225	2	38.8586	2
1254.73240	419.25140	3	50.8845	2
1255.22195	419.41460	3	39.5393	4
1255.58545	628.80000	2	41.8503	2
1255.62590	628.82025	2	91.9422	2
1255.62825	628.82140	2	68.8050	2
1255.65635	419.55940	3	52.2972	2
1255.66855	628.84155	2	72.7183	2
1255.67965	628.84710	2	49.7190	2
1255.70230	628.85840	2	67.9336	2
1255.71330	419.57840	3	63.8874	2
1255.72610	628.87030	2	70.2081	1
1256.60900	629.31180	2	57.6454	2
1256.61085	629.31270	2	49.0681	2
1256.61125	629.31290	2	88.4136	2
1256.67195	629.34325	2	54.3654	2
1256.69725	419.90635	3	45.9518	2
1256.69795	629.35625	2	45.9240	2
1256.70440	629.35950	2	95.7731	2
1257.64695	629.83075	2	40.8372	2
1258.59860	630.30655	2	80.0694	2
1258.67725	630.34590	2	66.0136	2
1258.68915	630.35185	2	51.0760	2
1258.76390	630.38925	2	85.9248	2
1259.57405	420.86530	3	34.3597	2
1259.61945	630.81700	2	96.1477	2
1259.63365	630.82410	2	74.0631	2
1259.63585	630.82520	2	56.9750	2
1259.65920	420.89370	3	51.4162	1
1259.66095	630.83775	2	57.4274	2
1259.72390	630.86920	2	75.6648	1
1260.57400	421.19860	3	35.8745	1
1260.57715	631.29585	2	34.5909	2
1260.58795	631.30125	2	41.0039	2
1260.67230	631.34345	2	55.9479	2
1261.57980	631.79715	2	49.6829	2
1261.62205	421.54795	3	38.7458	2
1261.62300	631.81880	2	88.2083	1
1261.67090	421.56420	3	36.2237	2
1261.74265	631.87860	2	94.2461	2
1262.60720	421.87635	3	44.8214	2
1262.60875	632.31165	2	44.8889	2
1263.61870	632.81665	2	31.6522	2
1263.61965	422.21380	3	31.7558	2
1263.62915	632.82185	2	55.4547	2
1263.67135	632.84295	2	87.7262	2
1263.68335	632.84895	2	65.4669	2
1264.64900	422.55695	3	59.6127	2
1264.77710	633.39585	2	92.1016	2
1265.68945	633.85200	2	50.1967	2
1266.56315	634.28885	2	44.6202	2
1266.62060	423.21410	3	36.1356	2
1266.62155	634.31805	2	36.2049	2
1266.62760	634.32110	2	69.2209	1
1267.56770	423.52980	3	33.5150	1
1267.64865	634.83160	2	80.9991	2
1267.68890	634.85175	2	48.2327	2
1268.61415	423.87865	3	51.7703	2
1268.66260	635.33855	2	49.3410	2
1268.66295	423.89490	3	49.2816	2
1268.69815	635.35635	2	68.3892	2
1269.62450	635.81955	2	79.3002	2
1269.63050	635.82255	2	62.1914	2
1269.65210	424.22460	3	65.5819	1
1269.65820	424.22665	3	45.2722	2
1269.65860	635.83655	2	45.2967	2
1269.70475	635.85965	2	61.5358	2
1269.72920	635.87185	2	77.1013	2
1270.65355	636.33405	2	42.0867	2
1270.69875	424.57350	3	60.6377	2
1270.69970	636.35710	2	60.7436	1
1270.72855	636.37155	2	90.8903	2
1271.56480	424.86220	3	76.2266	1
1271.61710	636.81580	2	54.3865	1
1271.62275	636.81865	2	58.5376	2
1271.68765	424.90315	3	58.7492	2
1271.76125	636.88790	2	80.8610	2
1272.69275	637.35365	2	63.2867	2
1273.65530	637.83495	2	65.0966	2
1273.67005	637.84230	2	63.6247	2
1273.67820	637.84635	2	85.1918	2
1273.72105	637.86780	2	68.8669	2
1274.62975	425.88385	3	44.5033	2
1274.64490	638.32970	2	83.6670	1
1274.65210	638.33330	2	75.8697	2
1274.66215	638.33835	2	67.0509	2
1274.76180	638.38820	2	77.7034	1
1275.54170	638.77810	2	43.8313	2
1275.57255	638.79355	2	59.4589	2
1275.69405	426.23860	3	61.3093	2
1276.63365	639.32410	2	76.1436	2
1276.65280	639.33370	2	88.7930	2
1276.66605	639.34030	2	57.0269	2
1276.67380	639.34420	2	85.0211	1
1276.70175	639.35815	2	70.7135	2
1276.70275	639.35865	2	77.2351	2
1277.63620	639.82540	2	60.8544	3
1277.67345	639.84400	2	67.3813	2
1277.68745	639.85100	2	74.6818	2
1278.65000	640.33230	2	83.7517	2
1279.62440	640.81950	2	62.3020	1
1279.69580	427.57255	3	52.6945	2
1280.57835	641.29645	2	79.9781	2
1281.55755	641.78605	2	38.1472	2
1281.61000	428.21060	3	34.6938	2
1281.61145	641.81300	2	34.5469	2
1282.57355	642.29405	2	70.3197	2
1282.58605	642.30030	2	60.2986	2
1283.61520	642.81485	2	69.3316	2
1283.65085	642.83270	2	64.1425	2
1283.72155	428.91445	3	42.0802	2
1284.62730	643.32095	2	90.0294	2
1284.69350	643.35405	2	76.7205	2
1284.70330	643.35890	2	67.6882	2
1284.70365	429.24180	3	41.3398	2
1284.72965	643.37210	2	82.5803	2
1285.65360	643.83410	2	49.6230	1
1285.66320	643.83885	2	41.9348	2
1286.17520	644.09485	2	84.6714	4
1286.64445	429.88875	3	67.2870	2
1286.65110	429.89100	3	52.8032	1
1286.68425	644.34940	2	84.1638	2
1286.69995	644.35725	2	66.9200	2
1286.78465	644.39960	2	85.1277	2
1287.62965	644.82210	2	83.7144	2
1288.59150	645.30305	2	43.3299	2
1288.60710	645.31085	2	62.5530	2
1288.66280	645.33865	2	44.8258	2
1288.68210	645.34830	2	49.9944	2
1288.68480	645.34965	2	65.8944	2
1288.72175	645.36815	2	82.9740	2
1288.74060	645.37760	2	74.5560	1
1289.58880	645.80165	2	34.7919	2
1289.59230	430.87135	3	34.7318	2
1289.62875	645.82165	2	61.4444	2
1289.62955	645.82205	2	88.1109	2
1289.64735	645.83095	2	48.3699	2
1290.65705	646.33580	2	53.7131	2
1291.53550	646.77500	2	36.9427	1
1291.57880	646.79670	2	43.5764	2
1291.60490	646.80975	2	50.1223	2
1291.66640	646.84045	2	58.8715	2
1293.62455	647.81955	2	54.3339	2
1294.62205	648.31830	2	67.0170	2
1294.73295	648.37375	2	81.8339	2
1294.79830	432.60670	3	66.2527	2
1295.66270	432.89480	3	60.6279	3
1295.74475	648.87965	2	63.5058	2
1295.75645	432.92605	3	58.9389	2
1296.68250	649.34850	2	58.4704	2
1296.70260	649.35860	2	67.8059	1
1297.23245	649.62350	2	44.2381	4
1297.72555	433.58245	3	44.8766	2
1297.73590	649.87525	2	64.2536	2
1297.76090	433.59425	3	62.1631	2
1298.59350	650.30400	2	36.4870	2
1298.59470	433.87215	3	36.4529	2
1298.61010	433.87730	3	36.3720	2
1298.69470	650.35460	2	46.9271	2
1298.74365	650.37910	2	91.6741	2
1299.56765	650.79110	2	34.8656	2
1299.62920	650.82190	2	73.2004	2
1299.67925	650.84690	2	39.8878	2
1299.69335	650.85395	2	78.7558	2
1299.71530	650.86495	2	56.7513	2
1300.62250	651.31855	2	80.3540	2
1300.62345	651.31900	2	85.2912	2
1300.70210	651.35830	2	61.8540	2
1300.70500	651.35980	2	91.2138	2
1300.74010	651.37730	2	74.7879	2
1300.76230	651.38840	2	74.0514	1
1300.77555	651.39505	2	84.2993	2
1301.63565	434.88580	3	39.4553	2
1301.63635	651.82545	2	39.5129	2
1301.69895	651.85675	2	67.4449	2
1302.65770	652.33610	2	65.6256	2
1303.51415	652.76435	2	64.2844	2
1303.75005	652.88230	2	74.4602	2
1304.61140	653.31300	2	41.7166	2
1304.73500	653.37475	2	78.0636	2
1305.62345	653.81900	2	50.4183	2
1305.70340	653.85900	2	72.5601	2
1306.58225	436.53470	3	39.3098	2
1306.65165	436.55780	3	38.8873	2
1306.66315	654.33885	2	30.6081	2
1306.67565	654.34510	2	74.8149	2
1307.63750	654.82600	2	66.8202	1
1307.66325	654.83890	2	60.4189	2
1308.65770	655.33610	2	62.1369	3
1308.71925	655.36690	2	86.2098	2
1308.71975	437.24720	3	86.3071	2
1308.74170	655.37810	2	59.2411	2
1308.77805	655.39630	2	72.0230	2
1309.63120	655.82290	2	66.5345	3
1309.65190	655.83320	2	62.7021	2
1309.66370	437.56180	3	70.8058	1
1309.77230	655.89345	2	77.3130	2
1310.65610	437.89260	3	47.0055	1
1310.68080	656.34770	2	79.7715	2
1311.57155	656.79305	2	58.6776	2
1311.58410	656.79935	2	49.5465	2
1311.64940	656.83200	2	88.2895	2
1311.71520	438.24570	3	59.4767	1
1313.61360	657.81405	2	62.3349	2
1313.69345	657.85400	2	51.5532	2
1313.69395	438.90525	3	51.4930	2
1313.70275	657.85865	2	86.8132	2
1313.72065	657.86760	2	84.3472	2
1313.74730	438.92300	3	53.1017	1
1314.59920	439.20700	3	32.1580	1
1314.69655	658.35555	2	47.4599	2
1314.69810	658.35630	2	62.0142	1
1314.70415	439.24200	3	47.4752	2
1315.65985	658.83720	2	71.9083	2
1315.68190	658.84820	2	59.3731	1
1315.68270	658.84860	2	59.3527	1
1315.69980	658.85720	2	72.3946	1
1315.71045	658.86250	2	64.0173	2
1316.56515	659.28985	2	54.7434	2
1316.66920	659.34190	2	75.3144	3
1316.67495	439.89890	3	63.6006	2
1316.73455	659.37455	2	67.5035	2
1316.73810	659.37635	2	95.3800	2
1317.64250	659.82850	2	41.7926	2
1317.68900	659.85180	2	61.6785	1
1318.65915	660.33685	2	78.5480	2
1319.63290	660.82370	2	52.8881	1
1319.66375	440.89520	3	53.2929	2
1319.69100	660.85280	2	81.1306	1
1320.59905	661.30680	2	71.2279	2
1320.62300	441.21490	3	40.1547	1
1320.68410	661.34930	2	88.6934	5
1321.61610	661.81530	2	51.3099	1
1321.62035	661.81745	2	40.1075	2
1321.76500	661.88980	2	80.3012	2
1321.76550	441.59575	3	80.2208	2
1322.57640	441.86605	3	32.7502	2
1322.66675	662.34065	2	88.4638	2
1322.67150	662.34305	2	63.5707	2
1322.72680	662.37065	2	71.8975	2
1323.71920	442.24700	3	70.4952	1
1324.69195	663.35325	2	77.5125	2
1324.73455	663.37455	2	62.6101	2
1324.78340	442.60170	3	64.4643	1
1325.73100	663.87280	2	57.8849	2
1325.74925	663.88190	2	82.6455	2
1326.62130	664.31795	2	59.9623	2
1326.68945	443.23710	3	30.7690	2
1326.69115	664.35285	2	30.7423	2
1327.65355	443.55845	3	56.4279	2
1327.78625	664.90040	2	94.2378	2
1328.74590	443.92260	3	41.6917	2
1328.75270	443.92480	3	71.0769	1
1328.75290	665.38375	2	70.6927	2
1329.60750	665.81100	2	40.3797	2
1329.65370	665.83415	2	43.0895	2
1329.65400	665.83430	2	58.3786	1
1329.66805	665.84130	2	57.7590	2
1329.66905	444.23030	3	57.6915	2
1329.69250	665.85350	2	76.4821	2
1329.69350	444.23840	3	65.1540	2
1330.71325	666.36390	2	60.9987	2
1330.77845	666.39650	2	85.3481	2
1330.78185	444.60120	3	85.4755	2
1331.67560	666.84510	2	73.9051	2
1331.70970	666.86210	2	80.2777	2
1331.72965	666.87210	2	91.5686	2
1331.74580	666.88020	2	81.7608	2
1331.76850	666.89150	2	45.0276	2
1332.64720	667.33085	2	47.1069	2
1332.70040	667.35745	2	82.2148	2
1333.59555	667.80505	2	42.9674	2
1334.66260	445.89480	3	45.6488	2
1334.72020	445.91400	3	53.1121	2
1334.72030	668.36745	2	53.1215	2
1334.72420	668.36935	2	76.0240	2
1335.63875	668.82665	2	71.3489	2
1335.64690	668.83070	2	69.3957	1
1336.59755	669.30605	2	55.2378	4
1336.74575	446.58920	3	42.5889	2
1336.74730	669.38095	2	42.6530	2
1337.57240	669.79350	2	38.3979	3
1337.67280	669.84365	2	72.7839	2
1338.61220	670.31335	2	60.2042	2
1338.66825	447.23000	3	56.7562	2
1338.66840	670.34150	2	56.8220	2
1338.66855	670.34155	2	62.4239	2
1338.71940	670.36695	2	71.8426	2
1339.65170	670.83315	2	63.9808	2
1339.74630	447.58940	3	55.2271	1
1339.75365	670.88410	2	81.3278	2
1339.77105	447.59765	3	93.7198	2
1339.77145	670.89300	2	96.6415	8
1340.59770	671.30615	2	48.7850	2
1340.73055	671.37255	2	61.4239	2
1341.19780	671.60620	2	44.5931	4
1341.62210	671.81835	2	74.5609	2
1341.72620	448.24930	3	43.5266	1
1342.65190	448.55790	3	53.6282	2
1342.65210	448.55795	3	37.0342	2
1342.70965	448.57715	3	55.8402	2
1342.71090	672.36275	2	62.2267	2
1343.22755	672.62105	2	82.0546	4
1343.76605	448.92925	3	53.9217	2
1343.76755	672.89105	2	53.9743	2
1344.70660	673.36055	2	61.9496	2
1344.71485	673.36470	2	65.2880	2
1344.72750	449.24980	3	71.6134	1
1344.74080	673.37770	2	83.0382	2
1344.74695	449.25625	3	67.2046	2
1344.79650	673.40555	2	95.7628	2
1345.62170	673.81810	2	32.8312	1
1345.62260	449.54810	3	32.7621	1
1345.73200	673.87330	2	97.6257	1
1346.57725	674.29590	2	39.4659	2
1346.67420	674.34440	2	72.4344	2
1346.68355	674.34905	2	77.5444	2
1346.76610	449.92930	3	67.8393	2
1346.76720	674.39085	2	67.9079	2
1347.58030	674.79740	2	52.6638	2
1347.66635	674.84045	2	88.0224	2
1347.72380	674.86920	2	84.4892	1
1347.74690	674.88075	2	62.8773	2
1347.74710	450.25630	3	62.7930	2
1347.76680	450.26290	3	82.6061	1
1349.56845	675.79150	2	75.8180	2
1349.64655	675.83055	2	60.1462	2
1349.68240	675.84845	2	68.8624	2
1349.68520	675.84990	2	60.3082	2
1350.60925	676.31190	2	39.3685	2
1350.64260	676.32860	2	75.4309	1
1350.71545	676.36500	2	73.2886	2
1350.75155	676.38305	2	57.9928	2
1351.63800	451.55330	3	33.5533	2
1351.63840	676.82650	2	33.5881	2
1351.64060	676.82760	2	59.9722	2
1351.71130	451.57770	3	49.3000	1
1352.63995	677.32725	2	62.7674	2
1352.72970	451.91715	3	54.5066	2
1352.75555	677.38505	2	67.4109	2
1353.72365	677.86910	2	87.7987	2
1353.72550	677.87005	2	65.0619	2
1354.72900	678.37180	2	90.7923	5
1355.71670	678.86565	2	84.8787	2
1355.71760	678.86610	2	87.1651	2
1355.72950	678.87205	2	56.1211	2
1355.77685	678.89570	2	81.6989	2
1355.77720	452.93300	3	58.3265	2
1356.73655	679.37555	2	59.4464	2
1356.75040	453.25740	3	47.7394	2
1356.75245	679.38350	2	47.7733	2
1357.66490	679.83975	2	48.9568	2
1357.67275	453.56485	3	29.6816	2
1357.67435	679.84445	2	29.8716	2
1357.74630	453.58935	3	57.7008	2
1357.74670	679.88060	2	57.7821	1
1358.15540	453.72570	3	50.9115	4
1358.65790	680.33620	2	88.3472	2
1358.66190	680.33820	2	56.3329	2
1358.66810	680.34130	2	45.3091	2
1358.66865	453.89685	3	45.2358	2
1358.67870	453.90020	3	38.0764	1
1358.68025	680.34740	2	38.0959	2
1358.74115	680.37785	2	82.3344	2
1358.75685	680.38570	2	92.0931	2
1359.68275	680.84865	2	66.4366	2
1359.68880	454.23685	3	37.7920	2
1360.58600	454.53595	3	33.2119	2
1360.69895	681.35675	2	75.0050	2
1361.66805	681.84130	2	39.8360	2
1361.67070	681.84260	2	66.1613	1
1361.72070	681.86765	2	68.0314	2
1361.72515	681.86985	2	70.8156	2
1362.55925	682.28690	2	49.5969	2
1362.59075	682.30265	2	47.9277	2
1362.71460	682.36460	2	57.7976	1
1362.71470	682.36460	2	87.2677	1
1362.71530	682.36495	2	71.4689	2
1362.72520	682.36985	2	82.9175	2
1362.72820	682.37140	2	56.6700	2
1363.68490	682.84970	2	72.2635	1
1363.69155	455.57110	3	44.6733	2
1363.69190	682.85325	2	44.7356	2
1364.59160	455.87110	3	50.5051	1
1364.64090	683.32770	2	63.7326	1
1364.67040	683.34250	2	44.6157	1
1364.68245	683.34850	2	60.7263	2
1364.72010	683.36730	2	64.1096	2
1364.73620	683.37540	2	68.7139	1
1365.55770	456.19315	3	41.6126	2
1365.66685	683.84070	2	83.8428	2
1365.67825	683.84640	2	55.3354	2
1365.67845	456.23345	3	55.2736	2
1366.73290	456.58490	3	35.8541	2
1366.76055	456.59410	3	35.9956	2
1366.84505	684.42980	2	99.3128	2
1367.65305	456.89160	3	50.8164	2
1367.67265	456.89815	3	49.5220	2
1367.68885	456.90355	3	50.9931	2
1367.69090	684.85275	2	51.0488	2
1367.71330	684.86395	2	70.9649	2
1367.76730	684.89090	2	82.8471	2
1367.77790	684.89625	2	74.6268	2
1368.03815	685.02635	2	33.3600	4
1368.75030	685.38245	2	74.1888	2
1369.67430	457.56535	3	51.5024	2
1369.79420	685.90440	2	54.0806	2
1369.79440	457.60540	3	54.0523	2
1370.72480	686.36965	2	78.5864	2
1370.81975	686.41715	2	94.0742	2
1371.68385	686.84920	2	72.7729	2
1371.70930	686.86190	2	90.7410	2
1371.73480	458.25220	3	48.8395	2
1371.74545	458.25575	3	54.2716	2
1372.68415	687.34935	2	65.5261	2
1372.71730	458.57970	3	53.9150	2
1373.68930	687.85190	2	37.3241	2
1373.73975	687.87715	2	69.9936	2
1373.75350	687.88405	2	56.4569	2
1374.68875	459.23685	3	47.1299	2
1374.71030	688.36240	2	72.7390	1
1374.76090	688.38770	2	77.1982	2
1374.76235	459.26140	3	77.1350	2
1374.78840	688.40145	2	83.6007	2
1375.71460	459.57880	3	75.6813	1
1376.70780	689.36115	2	88.9765	2
1376.71950	689.36705	2	64.2666	2
1376.72960	459.91715	3	49.1291	2
1376.85035	459.95735	3	65.6844	2
1377.67080	689.84270	2	82.4436	3
1377.67725	689.84590	2	74.9995	2
1377.68365	689.84910	2	32.0349	2
1377.68650	460.23610	3	31.9953	2
1377.69525	689.85490	2	89.6170	6
1377.69530	460.23900	3	87.6932	3
1378.23355	690.12405	2	83.9827	4
1378.55470	690.28465	2	42.4069	2
1378.69640	690.35545	2	59.2719	2
1378.75585	690.38520	2	93.8250	2
1379.57030	690.79240	2	43.1277	1
1379.68570	460.90250	3	38.7734	1
1379.76575	460.92920	3	71.9055	2
1379.77080	690.89270	2	79.4599	2
1381.66645	691.84050	2	65.0048	2
1382.65295	692.33375	2	75.8915	2
1382.75995	692.38725	2	76.9172	2
1383.53970	692.77710	2	25.5343	4
1383.67830	462.23340	3	42.5325	2
1384.66290	693.33870	2	55.4274	2
1384.67015	693.34235	2	82.8616	2
1384.71130	693.36295	2	69.2472	2
1384.73420	462.58535	3	63.2304	2
1384.75295	693.38375	2	83.0165	2
1385.73505	693.87480	2	74.4365	2
1385.75210	693.88335	2	61.5082	2
1386.72380	463.24850	3	65.3550	1
1387.56080	694.78770	2	60.8392	1
1387.63460	694.82460	2	74.3975	1
1387.68720	694.85085	2	81.6637	2
1387.69270	694.85365	2	56.0895	2
1387.69590	694.85520	2	69.8549	1
1387.72820	463.58335	3	82.9816	2
1388.55620	695.28540	2	54.6881	2
1388.70495	695.35975	2	51.7086	2
1389.73310	695.87380	2	86.8132	2
1389.75235	695.88345	2	87.9876	2
1390.65095	464.55755	3	37.0714	2
1390.70850	464.57675	3	34.6043	2
1390.75705	464.59295	3	66.7448	2
1391.56425	464.86200	3	34.1468	2
1391.69450	464.90540	3	59.7824	1
1391.69760	696.85610	2	92.0939	5
1391.70495	696.85975	2	52.2430	2
1392.61685	465.21290	3	58.4424	2
1392.87130	697.44290	2	83.1547	1
1393.64130	697.82790	2	67.5374	2
1393.65170	697.83315	2	70.1234	2
1393.67820	697.84635	2	69.6180	2
1393.68985	697.85220	2	81.5712	2
1393.70325	465.57500	3	54.9254	2
1393.70445	697.85950	2	76.6199	2
1394.54865	698.28160	2	35.8733	2
1394.75560	698.38510	2	86.4547	1
1395.65380	698.83415	2	57.5373	2
1395.71155	466.24445	3	39.2153	2
1395.71160	698.86310	2	39.1969	2
1396.67780	699.34620	2	76.4062	2
1396.80480	699.40970	2	65.6483	1
1397.60440	699.80950	2	45.9339	2
1397.71540	699.86500	2	50.6583	2
1397.79670	699.90565	2	78.7074	2
1398.63035	700.32245	2	51.7416	2
1398.70290	700.35870	2	89.2911	2
1398.73740	467.25305	3	50.1100	2
1398.77195	700.39325	2	63.1348	2
1399.69545	700.85500	2	53.8591	2
1399.69800	467.57330	3	47.5616	1
1399.76750	700.89100	2	61.9986	1
1400.74210	701.37830	2	82.9095	1
1401.57100	701.79275	2	42.0305	2
1401.71015	468.24400	3	41.5125	2
1401.71100	701.86280	2	41.5670	1
1401.76050	468.26080	3	79.9123	1
1401.76230	701.88840	2	79.8216	2
1402.75030	702.38245	2	76.1381	2
1403.63200	702.82325	2	54.4493	2
1403.63955	702.82705	2	59.9418	2
1403.74075	468.92085	3	39.9089	2
1403.74140	702.87795	2	39.9414	2
1403.74245	702.87850	2	68.3203	2
1403.80235	702.90845	2	95.7920	2
1404.79725	703.40590	2	67.1340	2
1405.65065	703.83260	2	55.3979	2
1406.71530	704.36490	2	73.9315	2
1407.67680	704.84570	2	98.4381	2
1407.72400	470.24860	3	48.9055	2
1407.72620	704.87040	2	49.0313	1
1407.78215	470.26795	3	59.3312	2
1407.78405	470.26860	3	65.3011	2
1408.65120	705.33285	2	76.7524	2
1408.66175	705.33815	2	69.5255	2
1408.66840	705.34145	2	38.4896	2
1409.68750	705.85100	2	67.6521	2
1410.70110	706.35780	2	55.0373	2
1410.72345	471.24840	3	49.5782	2
1410.72510	706.36980	2	49.6652	2
1410.77110	471.26430	3	56.5431	2
1411.65935	706.83695	2	47.3898	2
1411.67275	706.84365	2	71.6643	2
1411.71545	471.57910	3	69.0868	2
1411.82850	471.61675	3	71.9642	2
1411.82860	706.92155	2	71.8371	2
1412.64275	707.32865	2	88.4024	2
1412.77480	707.39465	2	50.2317	2
1412.79910	471.94030	3	61.7723	1
1412.81355	707.41405	2	82.1838	2
1412.83830	471.95335	3	65.7440	2
1412.83940	707.42700	2	65.8106	2
1413.67430	707.84445	2	36.7165	2
1413.76530	707.88990	2	60.6326	2
1414.72915	472.58365	3	46.6281	2
1414.73130	708.37295	2	46.6889	2
1414.73150	708.37305	2	81.0386	2
1415.65075	708.83265	2	91.8462	2
1415.69045	708.85250	2	57.0795	2
1415.72665	708.87060	2	45.3636	2
1415.76225	472.92800	3	39.4008	2
1416.72485	709.36970	2	63.9324	2
1416.72490	473.24890	3	64.6470	1
1416.72880	709.37170	2	97.3851	1
1416.78030	473.26740	3	58.0496	1
1416.78255	709.39855	2	90.7760	2
1417.66580	709.84020	2	67.3470	2
1417.66905	709.84180	2	54.7433	2
1417.67895	473.56695	3	46.1032	2
1417.71020	709.86235	2	73.3985	2
1417.77340	473.59840	3	33.6066	1
1418.70105	473.90760	3	42.2102	2
1418.70840	710.36145	2	57.2904	2
1419.66290	710.83870	2	56.6355	2
1419.70100	710.85780	2	50.5100	2
1419.75275	474.25815	3	50.7481	2
1419.81255	710.91355	2	80.4061	2
1420.19065	474.40415	3	51.0471	4
1420.65020	711.33240	2	46.1555	6
1422.59405	475.20530	3	35.9056	2
1422.59550	712.30505	2	35.9740	2
1422.67360	475.23180	3	39.8068	2
1422.68600	712.35025	2	64.7893	2
1422.75135	712.38295	2	78.0038	2
1423.66955	712.84205	2	81.5767	2
1423.73910	712.87685	2	90.4437	2
1424.66150	713.33800	2	67.3470	2
1424.71940	713.36700	2	66.0711	2
1424.75180	713.38320	2	58.3478	1
1424.81405	475.94530	3	90.6023	2
1425.67185	713.84320	2	72.7784	2
1425.80840	713.91150	2	73.0759	2
1425.81930	476.28035	3	61.3638	2
1426.78960	476.60380	3	42.3756	2
1427.64320	714.82885	2	45.6840	2
1427.72530	476.91570	3	52.2894	1
1427.72635	714.87045	2	52.1755	2
1427.79810	476.94000	3	56.7755	1
1427.79920	714.90685	2	82.1528	2
1428.71160	477.24445	3	45.3014	2
1428.78360	477.26850	3	75.9948	2
1429.74890	715.88170	2	62.8864	2
1429.75610	477.59265	3	59.1242	2
1429.75710	715.88580	2	59.2384	2
1429.76110	715.88780	2	51.1452	2
1429.79720	715.90585	2	96.6783	2
1429.79770	715.90610	2	68.3201	2
1430.73035	716.37245	2	87.9288	2
1430.73680	477.91955	3	49.9361	2
1430.76280	716.38870	2	90.2845	1
1431.78835	478.27005	3	64.5777	2
1431.79415	716.90435	2	85.3785	2
1431.79995	716.90725	2	79.0960	2
1432.71590	478.57925	3	44.3539	2
1432.71775	717.36615	2	44.4386	2
1434.74760	718.38110	2	72.8108	2
1435.66260	718.83860	2	37.6187	2
1435.76880	718.89170	2	62.2485	2
1436.69435	479.90540	3	54.8614	2
1436.70405	719.35930	2	67.5953	2
1436.70740	719.36100	2	54.9584	1
1436.76265	479.92815	3	51.0809	2
1436.78745	479.93640	3	61.3894	2
1437.69260	719.85360	2	62.9120	2
1437.71500	719.86480	2	72.7745	1
1438.58970	480.53720	3	28.9468	1
1438.77270	720.39360	2	80.8222	1
1439.64700	720.83080	2	47.5044	1
1439.79975	720.90715	2	72.0310	2
1439.80640	720.91050	2	95.1658	2
1440.82010	721.41735	2	78.7902	2
1441.63195	721.82325	2	76.2655	2
1442.64955	722.33205	2	83.3512	2
1442.66960	722.34210	2	50.9622	2
1442.68795	722.35125	2	79.3315	2
1442.73020	481.91730	3	48.9477	1
1442.77220	481.93130	3	61.0110	1
1443.67425	722.84440	2	43.1514	2
1443.80945	722.91200	2	73.1126	2
1443.84605	722.93030	2	78.9324	2
1444.66935	723.34195	2	55.5814	2
1444.74285	723.37870	2	69.8354	2
1444.76875	482.59685	3	59.8747	2
1444.81375	723.41415	2	87.0665	2
1446.71190	724.36320	2	61.7987	1
1446.77870	724.39660	2	87.3996	1
1446.78125	483.26765	3	63.4515	2
1447.74970	724.88210	2	67.0096	2
1447.75610	483.59260	3	55.9210	2
1448.71540	725.36500	2	56.2627	2
1448.73815	725.37635	2	76.4415	2
1448.74400	725.37930	2	82.5952	1
1449.67680	725.84570	2	61.6266	2
1449.71220	725.86340	2	73.3085	1
1449.86645	484.29610	3	59.2644	2
1450.72435	726.36945	2	81.0690	2
1450.73490	726.37470	2	89.1396	2
1450.75035	726.38245	2	95.1145	2
1450.81890	484.61355	3	64.6602	2
1451.66530	484.89570	3	48.0877	1
1451.71180	484.91120	3	33.4663	2
1451.82010	484.94730	3	65.3657	1
1452.74850	727.38150	2	80.7183	1
1452.76825	485.26335	3	56.7244	2
1452.79825	727.40640	2	89.9670	2
1453.75955	727.88705	2	55.5451	2
1454.70800	485.90990	3	83.4929	1
1454.73105	728.37280	2	78.4689	2
1454.87105	485.96430	3	76.3298	2
1454.87185	728.44320	2	76.1732	2
1455.69785	486.23985	3	67.1120	2
1455.69935	728.85695	2	67.2200	2
1455.79685	728.90570	2	91.6634	2
1455.83730	728.92595	2	80.3727	2
1457.78865	486.93685	3	80.6046	2
1457.78895	729.90175	2	80.6403	2
1458.74715	487.25630	3	75.6908	2
1459.70505	730.85980	2	57.8161	2
1459.71035	730.86245	2	66.5541	2
1459.74320	730.87890	2	62.7672	2
1459.74580	730.88020	2	78.6516	1
1459.84035	487.62070	3	74.7804	2
1459.84070	730.92760	2	74.8453	2
1461.73965	731.87710	2	64.0465	2
1461.83740	488.28640	3	76.0759	2
1462.69545	732.35500	2	64.3849	2
1462.72950	732.37200	2	97.1753	1
1462.76650	732.39050	2	67.2509	1
1463.67585	488.89920	3	61.7801	2
1463.70735	732.86095	2	79.2477	2
1463.70900	732.86175	2	65.4382	2
1463.73985	488.92055	3	71.1218	2
1463.74900	732.88180	2	71.1580	2
1464.75075	489.25750	3	80.9029	2
1464.79230	489.27135	3	64.8457	6
1464.79410	733.40435	2	60.7916	2
1464.79470	733.40465	2	66.8904	2
1465.67350	733.84400	2	50.8404	1
1465.73475	733.87465	2	86.2152	2
1465.80320	733.90890	2	69.2368	1
1466.66305	489.89495	3	43.3296	2
1466.67655	734.34555	2	73.7488	2
1466.74400	734.37930	2	87.9336	1
1466.77360	489.93180	3	43.1905	1
1467.73685	734.87570	2	84.4455	6
1468.31470	490.44550	3	55.4868	2
1468.68650	735.35050	2	52.4164	2
1468.79730	735.40590	2	73.5320	2
1470.67860	736.34660	2	78.1264	1
1470.74655	491.25610	3	65.0442	2
1470.74910	491.25695	3	55.2380	2
1470.79855	736.40655	2	88.1191	2
1470.84655	736.43055	2	82.5236	2
1471.70905	736.86180	2	53.5398	2
1471.74030	736.87740	2	64.3538	2
1471.75730	491.59305	3	65.9286	2
1472.71550	491.91240	3	44.4712	1
1472.73650	491.91940	3	56.6039	2
1472.73730	737.37590	2	56.6724	2
1472.77750	491.93310	3	58.2006	2
1473.74680	737.88070	2	65.2371	1
1473.76160	492.26110	3	70.4896	1
1474.76900	738.39180	2	78.5288	2
1475.77335	492.93170	3	61.9776	2
1476.68270	739.34860	2	51.9642	1
1476.70990	739.36220	2	64.1353	2
1476.78340	739.39900	2	72.1496	1
1477.74215	739.87835	2	83.9089	2
1477.76120	739.88790	2	71.4157	2
1477.76850	739.89150	2	87.3533	2
1478.63990	740.32720	2	47.5106	2
1478.77850	740.39655	2	73.5266	2
1480.68885	494.57025	3	34.9250	2
1480.71690	741.36570	2	84.5103	2
1480.78795	494.60325	3	63.7350	2
1480.83610	494.61930	3	58.0886	2
1481.72610	494.91600	3	61.1402	1
1482.81380	742.41415	2	89.0132	2
1482.83025	742.42240	2	67.2917	2
1483.71355	495.57845	3	60.4792	2
1483.76240	742.88845	2	75.3152	2
1483.82410	742.91930	2	93.1452	1
1484.68240	743.34850	2	42.7327	2
1484.80905	743.41180	2	82.4839	2
1484.81975	495.94720	3	73.7390	2
1484.82190	743.41820	2	73.8022	2
1485.82300	496.28160	3	86.3177	2
1485.82350	743.91900	2	86.4007	2
1486.71960	496.58045	3	74.8454	2
1486.76475	744.38965	2	70.3700	2
1486.77795	496.59995	3	53.0944	2
1486.78180	496.60120	3	66.3746	2
1486.78325	744.39890	2	66.2854	2
1487.71715	744.86585	2	77.9566	2
1487.80805	744.91130	2	91.7620	2
1488.64870	745.33160	2	48.3358	1
1488.74180	497.25450	3	44.2599	2
1488.74300	745.37880	2	44.3184	1
1488.79375	497.27185	3	58.3529	2
1491.80990	746.91220	2	88.7254	1
1492.71025	747.36240	2	47.2582	2
1492.80650	498.60945	3	75.6298	2
1493.64830	498.89000	3	37.9548	2
1493.65080	747.83265	2	38.0104	2
1493.74655	498.92280	3	55.6942	2
1493.74905	747.88180	2	55.6332	2
1495.74160	499.58780	3	68.1143	2
1495.84090	748.92775	2	81.0690	2
1495.85415	499.62535	3	81.1677	2
1495.87180	499.63120	3	68.6259	2
1496.68720	749.35085	2	84.6284	2
1496.76255	499.92810	3	55.8978	2
1496.76480	749.38970	2	64.0733	2
1496.78250	749.39850	2	70.2455	2
1496.82445	749.41950	2	91.1252	2
1497.71065	749.86260	2	71.8081	2
1498.76245	750.38850	2	74.2777	2
1498.77955	750.39705	2	67.7251	2
1498.84070	750.42765	2	84.3188	2
1499.71490	500.91220	3	54.9988	2
1500.76270	751.38860	2	55.2325	1
1500.76720	501.26300	3	55.1585	2
1500.79385	751.40420	2	58.4380	2
1500.79625	501.27270	3	58.4081	2
1500.81580	501.27920	3	64.0520	2
1500.81625	501.27935	3	68.2035	2
1501.28635	751.65045	2	71.3374	4
1501.71650	501.57945	3	50.2753	2
1501.71720	751.86585	2	50.3205	2
1501.84400	501.62195	3	48.1651	2
1502.64815	752.33135	2	77.8368	2
1502.75180	752.38320	2	87.3107	2
1503.79415	752.90435	2	80.3728	2
1504.74955	502.59045	3	53.3964	2
1504.79860	753.40660	2	68.3990	1
1504.87745	502.63310	3	79.5484	2
1505.65250	502.89145	3	46.6074	2
1505.70875	502.91015	3	56.0018	2
1505.92080	753.96770	2	92.4032	3
1506.79290	754.40375	2	59.5476	2
1506.79330	754.40395	2	65.4383	2
1507.71285	503.57820	3	62.7875	2
1507.73340	503.58510	3	51.8987	1
1508.74220	503.92135	3	86.4063	2
1508.74220	755.37840	2	86.2701	2
1508.81280	503.94490	3	47.8588	2
1508.81415	755.41435	2	47.8966	2
1509.64260	504.22145	3	32.2353	2
1509.64380	504.22185	3	34.8573	2
1509.65665	504.22615	3	46.2818	2
1509.74600	504.25595	3	51.4334	2
1510.70595	756.36025	2	69.6789	2
1510.71420	504.57870	3	57.1378	2
1510.71440	756.36445	2	57.1715	2
1510.74590	756.38025	2	73.9992	2
1510.75205	504.59130	3	56.8463	2
1511.71735	756.86595	2	41.6658	2
1511.78800	756.90130	2	97.9098	2
1511.82290	756.91870	2	91.8123	1
1511.85750	756.93605	2	80.0138	2
1512.20760	505.07645	3	42.8421	4
1512.87670	505.29950	3	84.4539	2
1512.87795	757.44625	2	84.3842	2
1513.69825	757.85640	2	67.5373	2
1513.74975	757.88215	2	76.9819	2
1513.87180	757.94315	2	95.6857	2
1513.87200	505.63130	3	95.7947	1
1514.72265	505.91480	3	55.7519	2
1514.79795	505.93990	3	91.0536	2
1514.79895	758.40675	2	65.7539	2
1514.79955	758.40705	2	90.9241	2
1514.85520	505.95900	3	89.4630	2
1514.85660	758.43560	2	89.3936	2
1515.71640	506.24605	3	77.4158	2
1515.71890	758.86670	2	77.3322	3
1515.75275	506.25820	3	31.9587	2
1515.75370	758.88415	2	32.0032	2
1515.76235	758.88845	2	88.7613	2
1515.77225	506.26465	3	77.7099	2
1515.82150	758.91800	2	78.5742	1
1516.73140	506.58440	3	52.6139	3
1516.77880	759.39670	2	73.6744	2
1516.80025	759.40740	2	78.8832	2
1516.83180	759.42315	2	79.3650	2
1517.71640	759.86550	2	53.8540	2
1517.73075	759.87265	2	61.6037	2
1517.74060	759.87760	2	69.2764	2
1517.80840	506.94340	3	75.7759	2
1518.79485	760.40470	2	83.4160	2
1518.92475	507.31555	3	62.1288	2
1519.82795	760.92125	2	91.6033	2
1520.23890	761.12670	2	63.4230	4
1520.73550	761.37505	2	52.5056	2
1521.79310	508.27165	3	44.0759	2
1523.76215	762.88835	2	92.2700	2
1523.86745	508.96305	3	76.2090	2
1523.88130	762.94795	2	89.3853	2
1524.63550	509.21910	3	53.5895	1
1524.74040	763.37745	2	70.9965	2
1525.76590	509.59590	3	62.5866	2
1525.85505	763.93480	2	96.6311	2
1526.73260	509.91815	3	33.2739	2
1526.73385	764.37420	2	33.4129	2
1527.71005	510.24395	3	34.6200	2
1527.77950	764.89700	2	89.5813	2
1527.80005	764.90730	2	68.8982	2
1528.74565	765.38010	2	92.1307	2
1528.79960	765.40710	2	71.7739	2
1528.81005	510.61065	3	68.6571	2
1529.66435	765.83945	2	37.8718	2
1529.84070	510.95415	3	63.1988	2
1529.85680	510.95955	3	78.7611	2
1530.15670	511.05950	3	38.4121	4
1530.78880	511.27020	3	92.5125	1
1530.80195	511.27460	3	65.5919	2
1531.69780	511.57320	3	63.4071	2
1531.71240	766.86350	2	64.7159	1
1531.77630	766.89540	2	64.8832	2
1531.80155	766.90805	2	67.7196	2
1531.81650	766.91550	2	84.5613	1
1531.86680	766.94070	2	93.8234	1
1532.77385	767.39420	2	73.1732	2
1532.79920	767.40690	2	71.0317	2
1532.82165	767.41810	2	81.4406	2
1533.74320	512.25500	3	34.4778	2
1533.74600	767.88025	2	67.2557	2
1533.74610	512.25595	3	49.4207	2
1533.74740	767.88095	2	49.4793	2
1533.80020	512.27400	3	96.2989	2
1533.80165	767.90810	2	96.2611	2
1534.29745	768.15600	2	73.2981	4
1534.82920	768.42190	2	94.4674	1
1535.67030	512.89735	3	36.6341	2
1535.67955	768.84705	2	59.4281	2
1535.68380	768.84915	2	66.5822	2
1535.78405	512.93525	3	67.2560	2
1537.72085	513.58085	3	78.6992	2
1537.79555	769.90505	2	75.6908	2
1538.82425	770.41940	2	77.9199	2
1539.75055	770.88255	2	78.2510	2
1540.80775	514.60985	3	62.2798	2
1541.78600	514.93595	3	57.1671	2
1541.78870	771.90160	2	57.2300	2
1541.80400	514.94190	3	58.5426	1
1541.81805	771.91630	2	68.5675	2
1541.83005	771.92230	2	74.5876	2
1542.77200	515.26460	3	53.2530	2
1542.79030	772.40240	2	60.7588	2
1546.69950	774.35700	2	65.6842	2
1546.79940	774.40700	2	61.0537	1
1547.67315	774.84385	2	61.8146	2
1547.77325	516.93170	3	53.4771	2
1547.77610	774.89530	2	53.5547	1
1547.82065	774.91760	2	82.7060	2
1547.82140	774.91800	2	69.7671	2
1547.83015	516.95065	3	57.3405	2
1547.83105	774.92280	2	57.3751	2
1547.88980	516.97050	3	84.8048	1
1548.77795	517.26660	3	70.0948	2
1548.77800	775.39630	2	70.0268	2
1548.79910	517.27360	3	60.2354	1
1548.92310	775.46885	2	79.3896	2
1549.60295	775.80875	2	44.9671	2
1549.74795	775.88125	2	62.0682	2
1549.78155	775.89805	2	80.8723	2
1549.83265	775.92360	2	72.3708	2
1550.68885	517.90355	3	32.7399	2
1550.74090	517.92090	3	50.5969	2
1550.74525	776.37990	2	50.6401	2
1550.76925	517.93035	3	56.6926	2
1550.77045	776.39250	2	56.7607	2
1550.85090	776.43275	2	94.6662	2
1551.71630	518.24605	3	35.6506	2
1551.76740	776.89095	2	67.1654	2
1551.77535	518.26570	3	38.6313	2
1551.84730	776.93095	2	89.3620	2
1552.73395	518.58525	3	66.1999	2
1553.83165	518.95115	3	80.2831	2
1553.83330	777.92395	2	96.5804	2
1555.73930	778.87690	2	71.1926	2
1555.75035	519.59070	3	51.0205	2
1555.79065	778.90260	2	82.5317	2
1555.84525	778.92990	2	81.6933	2
1555.85740	519.62640	3	32.9285	2
1555.88185	519.63455	3	76.8872	2
1556.84255	779.42855	2	90.2835	2
1557.78250	779.89850	2	79.0220	2
1557.83060	520.28410	3	71.7329	1
1558.76460	780.38960	2	90.1969	2
1558.77500	780.39475	2	66.5289	2
1559.60870	780.81165	2	72.5655	2
1559.75185	520.92455	3	70.2510	2
1559.75830	520.92670	3	77.4117	2
1559.82190	780.91820	2	86.9367	2
1560.84130	521.28770	3	85.2128	1
1560.84175	781.42815	2	78.3418	2
1560.84475	781.42965	2	84.9793	2
1561.78745	781.90100	2	75.7456	2
1561.83615	781.92535	2	87.1190	2
1562.77285	521.93155	3	66.1120	2
1563.80445	522.27545	3	72.8435	2
1564.29865	783.15660	2	73.0799	4
1564.71590	783.36525	2	52.9268	2
1564.71600	522.57930	3	52.8393	2
1564.74075	783.37765	2	55.2731	2
1564.87880	783.44665	2	100.1301	2
1565.78615	522.93600	3	56.9469	2
1565.82980	522.95055	3	65.8713	2
1567.82550	784.92000	2	81.1905	2
1567.89300	523.63830	3	64.6144	1
1567.89310	523.63830	3	96.3719	1
1567.89575	784.95515	2	96.3770	2
1569.87680	785.94570	2	76.0508	2
1569.91380	785.96415	2	86.6541	2
1570.74490	524.58890	3	51.4004	1
1570.80920	786.41185	2	58.5528	2
1571.68690	786.85070	2	54.9807	2
1571.68730	524.90300	3	54.9162	2
1572.73850	525.25340	3	56.1461	1
1572.78310	787.39885	2	58.0147	2
1572.81905	787.41680	2	90.0695	2
1572.82965	525.28385	3	78.1302	2
1573.78020	787.89740	2	86.2786	2
1573.82615	787.92035	2	80.4659	2
1573.83800	787.92630	2	74.2155	2
1574.71185	788.36320	2	70.4358	2
1576.75395	789.38425	2	74.5012	2
1576.76540	789.39000	2	71.6678	1
1577.76980	526.93050	3	71.1662	3
1577.77085	789.89270	2	71.2276	2
1577.77295	789.89375	2	89.6851	2
1577.78925	789.90190	2	75.0618	2
1578.83665	527.28615	3	69.7337	2
1578.85220	527.29130	3	55.7864	2
1578.87415	527.29865	3	82.7671	2
1578.87450	790.44455	2	82.8008	2
1580.80530	527.94235	3	61.3425	2
1580.86150	791.43800	2	94.1523	2
1581.76370	791.88915	2	65.3762	2
1582.84645	792.43050	2	77.5877	2
1582.86540	792.44000	2	70.4709	2
1586.18035	794.09745	2	62.9309	4
1587.36295	794.68875	2	85.4492	4
1588.72595	795.37025	2	69.8918	2
1588.83915	795.42685	2	92.4553	2
1589.82075	530.94755	3	83.5950	2
1589.82215	795.91835	2	83.5589	2
1590.76550	796.39000	2	77.8340	2
1590.79805	796.40630	2	81.1316	2
1590.85300	796.43380	2	89.2450	1
1591.74815	531.59000	3	43.5937	2
1591.74965	796.88210	2	43.6260	2
1591.80165	531.60785	3	57.9449	2
1591.80300	796.90875	2	58.0534	2
1591.86120	796.93790	2	86.1235	2
1592.91605	797.46530	2	71.5433	2
1593.74315	797.87885	2	54.5680	2
1593.74395	532.25525	3	54.6181	2
1593.76630	797.89045	2	83.2724	2
1593.78390	797.89920	2	94.0506	2
1593.94955	797.98205	2	81.6366	2
1595.80395	798.90925	2	91.4714	2
1595.86305	532.96165	3	49.7472	2
1596.69460	533.23880	3	32.5442	1
1596.76790	533.26325	3	52.3634	2
1596.77935	799.39695	2	67.4700	2
1596.80035	799.40745	2	53.3861	2
1597.86775	799.94115	2	69.5147	2
1598.83980	533.95390	3	81.9477	1
1598.84660	800.43060	2	81.9919	2
1599.72495	800.86975	2	73.6501	2
1599.84800	800.93130	2	74.0246	1
1599.88825	534.30335	3	62.3927	2
1599.89765	534.30650	3	76.4981	2
1600.29725	534.43965	3	62.9015	2
1600.77850	801.39655	2	76.4414	2
1600.84425	534.62200	3	63.7353	2
1600.86770	801.44115	2	63.2945	2
1601.72570	801.87010	2	52.1127	2
1602.73850	535.25340	3	60.1989	1
1602.80300	802.40880	2	76.0041	3
1602.85270	802.43360	2	95.4928	1
1602.86435	802.43945	2	72.3651	2
1603.80985	802.91220	2	80.5826	2
1604.74405	803.37930	2	63.6887	2
1604.78395	535.93525	3	67.4749	2
1607.85030	804.93240	2	84.7231	2
1607.90415	536.97535	3	79.2395	2
1608.88280	805.44870	2	96.8198	3
1609.83580	537.61920	3	88.3678	2
1609.83880	805.92670	2	88.4079	2
1610.72200	806.36830	2	64.9484	2
1610.78500	537.93560	3	64.5700	2
1610.90720	806.46090	2	96.8804	1
1611.78975	806.90215	2	74.3118	2
1611.79010	806.90230	2	64.4152	2
1612.85070	807.43265	2	84.1918	2
1612.85660	538.62615	3	69.4575	2
1612.87055	807.44255	2	88.5938	2
1612.90465	538.64215	3	76.2249	2
1613.85245	807.93350	2	82.2706	2
1613.90420	807.95940	2	80.4680	2
1614.76020	808.38740	2	88.3471	2
1614.84140	808.42800	2	76.9120	1
1615.85645	539.62605	3	72.0976	2
1616.73170	539.91785	3	47.1662	2
1616.78200	809.39830	2	74.2306	1
1616.84355	809.42905	2	91.8573	2
1617.78775	809.90115	2	43.9615	2
1617.83645	809.92550	2	77.1663	2
1617.91460	809.96460	2	98.1429	1
1619.81630	540.94605	3	64.8481	2
1620.85965	541.29385	3	85.6348	2
1620.86280	811.43870	2	85.6087	2
1621.82910	811.92185	2	84.1001	2
1621.87340	811.94395	2	70.1604	2
1622.76550	541.92910	3	37.1539	2
1622.79855	541.94010	3	80.9989	2
1622.82760	812.42110	2	67.3127	1
1623.86260	812.93860	2	87.1306	2
1625.77170	813.89310	2	77.1887	1
1625.77750	813.89600	2	80.3133	2
1626.85920	543.29365	3	56.3783	2
1626.86000	814.43725	2	56.4123	2
1626.90245	814.45850	2	88.5015	2
1627.74775	814.88115	2	66.6773	2
1627.78455	543.60210	3	49.1287	2
1628.79070	543.93750	3	94.2274	2
1628.79190	815.40325	2	94.1730	2
1628.79400	815.40430	2	80.8165	1
1628.81620	543.94600	3	55.8340	2
1628.81660	815.41560	2	55.8931	2
1629.81035	815.91245	2	69.4977	2
1629.87430	815.94445	2	68.8171	2
1629.88370	815.94910	2	88.2752	2
1630.84595	544.62260	3	81.2681	2
1631.88770	544.96985	3	72.9870	2
1631.92490	544.98225	3	70.7745	2
1631.92635	816.97045	2	70.8455	2
1632.77895	545.26695	3	45.7150	2
1632.89690	545.30620	3	39.1442	1
1633.84350	545.62175	3	78.8222	2
1634.78790	818.40120	2	90.9380	2
1634.80150	818.40800	2	61.9094	2
1634.82795	545.94995	3	43.9294	2
1634.88710	545.96965	3	53.0639	2
1635.77690	818.89570	2	95.5455	1
1636.83240	819.42350	2	71.9989	2
1636.94040	819.47745	2	91.1516	2
1637.81730	819.91590	2	73.8685	1
1638.80080	547.27420	3	64.0738	1
1638.84030	547.28735	3	74.9347	2
1639.74175	820.87815	2	61.4761	2
1639.87640	820.94550	2	77.0828	2
1639.87660	820.94560	2	93.9415	2
1639.87675	547.63285	3	77.0168	2
1639.87805	547.63330	3	94.0748	2
1639.93420	820.97435	2	89.6056	2
1640.84745	547.95645	3	46.5098	2
1640.88910	821.45185	2	84.4735	2
1641.77200	821.89330	2	73.6691	2
1641.88265	821.94860	2	83.6686	2
1642.69055	822.35255	2	46.4837	2
1642.80585	822.41020	2	58.5609	2
1642.85350	548.62510	3	47.6819	2
1642.85755	822.43605	2	47.7214	2
1642.88290	548.63490	3	78.7370	2
1643.67055	822.84255	2	65.1280	2
1643.79130	548.93770	3	46.4703	1
1643.82375	822.91915	2	44.3307	2
1643.82880	822.92165	2	74.2483	2
1643.84105	548.95425	3	65.9330	2
1645.90435	549.64205	3	66.4959	2
1646.83695	549.95290	3	60.7262	2
1648.96755	413.24920	4	57.3464	2
1648.96935	550.66370	3	57.3259	2
1649.72150	825.86805	2	62.6818	2
1649.93820	825.97640	2	76.2625	2
1651.83140	826.92295	2	87.7667	2
1651.90890	826.96170	2	87.8603	2
1651.92590	551.64925	3	84.2316	2
1651.92770	826.97115	2	84.2230	2
1653.87270	552.29820	3	75.2501	2
1653.89270	827.95360	2	91.7854	2
1653.90590	827.96020	2	80.5062	1
1653.92150	552.31440	3	75.9272	2
1654.78740	828.40095	2	69.9348	2
1654.89650	828.45555	2	80.5528	2
1655.76400	552.92860	3	48.2881	2
1656.80150	829.40800	2	84.9061	1
1657.81955	829.91705	2	88.0576	2
1658.78940	553.93710	3	53.9075	1
1658.83740	553.95305	3	78.4280	2
1658.83775	830.42615	2	78.3724	2
1659.91060	554.31080	3	78.1246	2
1660.74135	554.58770	3	64.1944	2
1660.84130	554.62105	3	61.6267	2
1660.90260	831.45860	2	98.4086	1
1662.80040	555.27405	3	51.2532	2
1662.82800	832.42130	2	69.0204	2
1662.83890	555.28690	3	69.2049	1
1662.85155	832.43305	2	96.6096	2
1663.79475	555.60550	3	70.8811	2
1664.72660	833.37055	2	65.9806	2
1664.77875	833.39665	2	83.1101	2
1664.81080	833.41270	2	78.5797	1
1664.84230	833.42840	2	72.5000	2
1666.86990	556.63055	3	76.2874	2
1666.87780	834.44615	2	80.1982	2
1666.92015	834.46735	2	81.8977	2
1667.81740	556.94640	3	57.2380	1
1667.86280	834.93870	2	76.7899	2
1669.85505	835.93480	2	70.8098	2
1669.91630	557.64600	3	89.3222	1
1670.83515	836.42485	2	95.7674	2
1670.88345	557.96840	3	54.7080	2
1670.88495	836.44975	2	54.8105	2
1671.71615	558.24600	3	50.3027	2
1672.72885	558.58355	3	42.1219	2
1673.90005	837.95730	2	75.9614	2
1674.89490	838.45470	2	91.2775	2
1675.73800	419.94180	4	29.7507	3
1675.74170	838.87815	2	29.8778	2
1676.72310	559.91500	3	30.6530	3
1676.81830	839.41645	2	66.4676	2
1677.81195	560.27795	3	69.8000	2
1677.82670	560.28280	3	45.4716	1
1678.00310	560.34165	3	64.9198	2
1681.82080	841.91770	2	75.0979	2
1681.90120	561.64100	3	79.6989	2
1681.90140	841.95800	2	79.6540	3
1681.92530	841.96990	2	92.7503	2
1681.92800	561.64990	3	92.6866	1
1682.79900	842.40680	2	87.0983	2
1682.88040	842.44745	2	92.3727	2
1682.89355	842.45405	2	78.4989	2
1683.88505	842.94980	2	76.5663	2
1684.74040	422.19240	4	23.9939	1
1684.74390	562.58860	3	23.9620	1
1684.91405	843.46430	2	80.4362	2
1685.91410	562.97860	3	64.4947	2
1685.91470	843.96460	2	64.6200	1
1686.87380	563.29850	3	62.9330	2
1687.91595	844.96525	2	87.4805	2
1687.91680	563.64620	3	87.5089	2
1688.73325	845.37390	2	31.4494	2
1688.73340	563.91840	3	31.1555	3
1688.87415	563.96530	3	57.5505	2
1688.87730	563.96640	3	83.1322	1
1688.88245	845.44850	2	83.0766	2
1689.71570	423.43620	4	32.4135	1
1689.84285	564.28820	3	57.7517	2
1689.90460	564.30880	3	93.2520	2
1689.91000	845.96230	2	93.3174	2
1690.96265	564.66145	3	63.0834	2
1692.81865	847.41660	2	83.4102	2
1692.84895	847.43175	2	84.9995	2
1692.96850	847.49150	2	89.9431	2
1692.96970	565.33050	3	89.9622	1
1693.93600	565.65260	3	62.6367	1
1693.94035	565.65405	3	81.8337	2
1694.80230	565.94135	3	49.6294	2
1695.32940	848.67195	2	68.8175	4
1696.77250	849.39355	2	62.5137	2
1696.84200	849.42825	2	85.5677	2
1696.90715	566.64300	3	84.9509	2
1696.90795	849.46125	2	84.8472	2
1697.90205	566.97460	3	76.9495	2
1697.90430	849.95940	2	77.0112	2
1698.00850	567.01010	3	81.9810	1
1698.79450	850.40450	2	82.0708	2
1698.89030	567.30400	3	39.2735	1
1698.89760	567.30645	3	84.0633	2
1698.89890	850.45675	2	84.0056	2
1698.90525	567.30900	3	57.8792	2
1699.83800	567.61990	3	82.2715	1
1699.86110	567.62760	3	77.4322	1
1699.87025	567.63065	3	75.2312	2
1699.99080	851.00265	2	92.6764	2
1700.91140	851.46295	2	79.8620	2
1703.73900	568.92030	3	61.0165	1
1703.81480	568.94550	3	59.9071	2
1704.73035	569.25070	3	25.3508	2
1704.89430	853.45445	2	90.4436	2
1704.91445	569.31210	3	69.9614	2
1705.83800	569.61990	3	46.4065	3
1705.83880	853.92665	2	46.4835	2
1705.87645	853.94550	2	95.4412	2
1705.88520	853.94990	2	68.5446	2
1705.92275	569.64820	3	66.3802	2
1706.37410	569.79865	3	66.5932	4
1706.89245	854.45350	2	87.8336	2
1706.90375	569.97520	3	89.0143	16
1706.90380	854.45920	2	82.7864	2
1707.88875	854.95165	2	93.1794	2
1707.89770	570.30650	3	76.5574	5
1707.97815	570.33330	3	78.2782	2
1707.97940	854.99700	2	78.1603	2
1708.75880	570.59350	3	55.2380	1
1709.98220	571.00135	3	75.3873	2
1710.01730	571.01300	3	79.7965	2
1710.92715	856.47085	2	75.8750	2
1712.88900	857.45180	2	65.9309	2
1712.93580	571.98590	3	67.9721	1
1714.89985	858.45720	2	61.8459	2
1714.90035	572.64070	3	61.7509	2
1714.90370	858.45910	2	69.8973	2
1716.88925	859.45190	2	86.2465	2
1717.22820	859.62140	2	55.9634	4
1717.86460	573.62880	3	71.3416	2
1717.86525	859.93990	2	71.2510	2
1717.89570	859.95515	2	93.3774	2
1720.90395	861.45925	2	77.1060	2
1721.76185	861.88820	2	37.2404	2
1721.86300	861.93880	2	91.3946	4
1722.35395	862.18425	2	75.1044	4
1722.87165	575.29785	3	74.9643	2
1722.89720	575.30630	3	75.5402	3
1722.89740	575.30640	3	82.2232	2
1723.02355	575.34845	3	68.7164	2
1723.02600	862.52025	2	68.7755	2
1724.87530	863.44490	2	81.7721	2
1724.94090	575.98760	3	79.9428	1
1725.82420	863.91940	2	66.1558	1
1725.95730	863.98590	2	85.5898	1
1726.01385	576.34525	3	81.5350	2
1726.93660	576.65280	3	72.9324	2
1728.78920	577.27035	3	62.7303	2
1729.00440	577.34210	3	82.2106	2
1730.75555	577.92580	3	63.9885	2
1730.89640	866.45545	2	72.3023	2
1730.89695	866.45575	2	88.3071	2
1731.04595	578.02260	3	88.5729	2
1731.88850	866.95150	2	68.4347	1
1731.92330	866.96895	2	85.9332	2
1733.87390	578.96525	3	75.0623	2
1733.87505	867.94480	2	75.1891	2
1733.89080	867.95270	2	90.2920	2
1735.79065	868.90260	2	78.4115	2
1735.87875	579.63355	3	78.2152	2
1735.96340	579.66170	3	97.3364	2
1735.96885	868.99170	2	97.2228	2
1736.84740	579.95640	3	80.0415	2
1736.84795	869.43125	2	80.0329	2
1737.92790	580.31655	3	78.0429	2
1737.98890	870.00175	2	90.6766	2
1738.80140	870.40800	2	67.8997	2
1738.81980	580.61385	3	65.0388	2
1738.81995	580.61390	3	59.3890	2
1739.83965	580.95385	3	69.4315	2
1742.87380	581.96520	3	66.7400	2
1743.79970	872.90710	2	66.9513	2
1743.81120	872.91290	2	50.3518	2
1743.98275	872.99865	2	95.2829	2
1744.89810	582.64000	3	70.7233	2
1745.91305	582.97830	3	73.1644	2
1745.91985	873.96720	2	82.4063	2
1746.79790	874.40620	2	89.5129	2
1746.81500	874.41475	2	73.8188	2
1748.87525	583.96570	3	62.3115	2
1749.86395	584.29525	3	61.4185	2
1749.86610	875.94035	2	61.3310	2
1750.01050	584.34410	3	55.5684	2
1750.01320	876.01385	2	55.6407	2
1751.93975	876.97715	2	90.6196	2
1752.98875	585.33685	3	86.0860	2
1752.98930	877.50190	2	86.0143	2
1754.83310	878.42380	2	93.0590	1
1755.85950	878.93705	2	70.2396	2
1755.90390	878.95925	2	90.2568	2
1755.92640	878.97050	2	71.4605	1
1756.88890	586.63690	3	79.0426	1
1756.89120	879.45290	2	78.9676	2
1758.79450	880.40450	2	48.6929	2
1758.83080	587.28420	3	76.8870	2
1759.73870	880.87660	2	58.6619	2
1759.84395	880.92925	2	89.1786	2
1759.91110	880.96285	2	88.0812	2
1760.92480	587.98220	3	79.9369	1
1760.94025	881.47740	2	87.6651	2
1761.89610	588.30600	3	73.1799	1
1762.84125	882.42790	2	75.7757	2
1763.83235	882.92345	2	61.1451	2
1763.83300	588.95160	3	61.0692	3
1763.91475	882.96465	2	77.7098	2
1763.93220	882.97335	2	71.7847	2
1765.00130	589.34100	3	92.6411	2
1765.00135	883.50795	2	92.6060	2
1765.86280	883.93870	2	79.8296	2
1765.89040	883.95245	2	64.9409	2
1766.95045	884.48250	2	83.8771	2
1766.96770	884.49110	2	86.6007	2
1766.96800	589.99660	3	86.6835	1
1767.82500	590.28230	3	64.0996	1
1767.84885	590.29020	3	88.9473	2
1767.85205	884.93330	2	88.9532	2
1767.97595	590.33260	3	88.4692	2
1768.90250	885.45855	2	79.5819	2
1769.02200	590.68130	3	80.1459	1
1769.91820	885.96635	2	66.6102	2
1770.00525	591.00905	3	73.5209	2
1770.00665	591.00945	3	91.3848	2
1770.00765	886.01110	2	91.2165	2
1771.91515	591.64565	3	74.9783	2
1772.33340	887.17400	2	76.5880	4
1774.88620	592.63600	3	58.0051	3
1774.88620	888.45040	2	58.0487	2
1774.93080	888.47270	2	88.8284	2
1776.89710	593.30630	3	66.5109	2
1777.32185	889.66820	2	63.5790	4
1778.86280	890.43870	2	75.8092	2
1778.99090	890.50275	2	71.4418	2
1779.86165	594.29450	3	93.2790	2
1779.99070	891.00260	2	72.9722	1
1780.40355	594.47510	3	53.0636	4
1782.87725	595.29965	3	75.3784	2
1783.84630	892.93045	2	72.8351	2
1784.87960	595.96710	3	61.6371	1
1784.88205	893.44830	2	61.6835	2
1784.91710	595.97965	3	54.8885	2
1785.88855	596.30345	3	88.0576	2
1785.88885	893.95170	2	87.9286	2
1788.02230	597.01470	3	85.8255	1
1788.91315	597.31165	3	35.1741	2
1789.92975	895.97215	2	81.7690	2
1790.90775	896.46115	2	90.0693	2
1791.84775	598.28985	3	49.1957	2
1792.91025	598.64400	3	61.1817	2
1793.05405	897.53430	2	97.1469	2
1793.06055	598.69410	3	97.2747	2
1793.87420	897.94440	2	89.3211	2
1793.92225	897.96840	2	84.0459	2
1794.81905	898.41680	2	62.9817	2
1794.85840	898.43645	2	81.4219	2
1794.98580	898.50020	2	79.1202	2
1796.85455	599.95880	3	73.7542	2
1796.88050	599.96745	3	83.6566	2
1796.97990	600.00060	3	70.3276	3
1799.92945	900.97200	2	99.3644	2
1799.93155	600.98445	3	99.3457	2
1803.92295	602.31495	3	49.5111	2
1804.86790	903.44120	2	65.2257	3
1804.86800	602.62995	3	65.3133	2
1804.89565	602.63915	3	77.6063	2
1804.97060	602.66410	3	77.9902	2
1804.97850	903.49650	2	78.3380	1
1805.88025	903.94740	2	76.5397	8
1806.03810	603.02000	3	71.3665	1
1806.88345	904.44900	2	68.3763	2
1806.89865	603.30680	3	83.9459	2
1809.91380	905.96420	2	72.5679	3
1809.99560	604.33910	3	72.3631	1
1810.00415	906.00935	2	72.7180	2
1813.90065	907.95760	2	85.7017	2
1813.94910	907.98180	2	83.4315	1
1814.80135	605.94105	3	79.6188	2
1814.80170	908.40810	2	79.6798	2
1814.96795	605.99660	3	65.5563	2
1815.92375	908.96915	2	86.0202	2
1815.92390	606.31525	3	86.0859	2
1815.94180	908.97820	2	94.4729	1
1816.95810	909.48630	2	92.0084	2
1817.86250	606.96145	3	69.0576	2
1817.90150	606.97445	3	49.2270	2
1820.86325	911.43890	2	58.7575	2
1820.91235	607.97805	3	78.6742	2
1821.06290	608.02820	3	83.7834	2
1821.84960	608.29050	3	80.1866	2
1821.89330	608.30500	3	52.7758	2
1822.91165	912.46310	2	85.0718	2
1822.91495	912.46475	2	71.9696	2
1823.90685	608.97620	3	67.7457	2
1825.86415	913.93935	2	55.1849	2
1825.86420	609.62870	3	55.1492	2
1825.89560	913.95510	2	66.6230	2
1826.95410	914.48430	2	78.3683	1
1827.93910	610.32030	3	73.4129	2
1827.96895	610.33025	3	65.0914	2
1827.96965	914.99210	2	65.0285	2
1828.91350	915.46405	2	84.0055	2
1828.95100	915.48275	2	73.1311	2
1832.00940	611.67705	3	72.1872	2
1832.86575	917.44015	2	81.4081	2
1832.91590	611.97925	3	75.9807	2
1833.90710	612.30960	3	76.7422	1
1833.93900	917.97680	2	79.8917	2
1833.96500	612.32895	3	87.5697	2
1835.79800	612.93990	3	59.1576	2
1836.04740	613.02310	3	73.0138	2
1836.92550	613.31575	3	85.2869	2
1838.11350	613.71180	3	73.5673	1
1838.95520	613.99235	3	63.4462	2
1839.99445	614.33875	3	63.9240	2
1841.01455	614.67880	3	69.6456	2
1841.01570	921.51515	2	69.5903	2
1841.85870	614.96020	3	49.0992	2
1842.93160	615.31780	3	65.4086	2
1842.97410	615.33200	3	71.1870	2
1843.99515	923.00485	2	82.6659	2
1844.88510	923.44980	2	86.5617	2
1844.89115	615.97100	3	62.6412	2
1844.91260	615.97815	3	66.8333	2
1845.99060	616.33745	3	85.8668	2
1845.99300	924.00380	2	86.0424	1
1846.79110	924.40280	2	71.7098	2
1846.93565	924.47510	2	74.7462	2
1846.97110	924.49280	2	84.7542	2
1847.91610	924.96530	2	94.7138	1
1849.89450	617.63880	3	89.8273	1
1849.89550	925.95500	2	89.7466	2
1851.89505	618.30560	3	81.2938	2
1852.02005	927.01730	2	82.9464	2
1853.92620	618.98265	3	60.5400	2
1854.92605	928.47030	2	91.9761	2
1856.85820	619.96000	3	54.5241	1
1856.88110	929.44780	2	82.6671	2
1859.94040	620.98740	3	72.2690	1
1859.94315	930.97885	2	72.0974	2
1860.94705	621.32295	3	88.7797	2
1860.95340	931.48395	2	88.8283	2
1861.00100	621.34090	3	75.3506	2
1861.91515	931.96485	2	87.8188	2
1861.98790	621.66990	3	82.8282	2
1862.81910	621.94700	3	59.7513	1
1862.87060	932.44260	2	86.7582	2
1863.98995	622.33725	3	88.1539	2
1864.88110	622.63430	3	72.6485	2
1864.99820	933.50640	2	94.4355	1
1866.01480	623.01220	3	81.3914	2
1867.84450	623.62210	3	53.7694	2
1867.89480	623.63890	3	88.7880	1
1867.90635	934.96045	2	83.3146	2
1868.83120	623.95100	3	63.3133	1
1868.83490	935.42470	2	63.2507	2
1870.96055	936.48755	2	85.9589	2
1872.90010	625.30730	3	53.5025	2
1873.94530	625.65570	3	75.8314	2
1873.96895	937.99175	2	80.9336	2
1876.99400	626.67190	3	74.7522	2
1879.78325	627.60170	3	33.5068	2
1880.97580	627.99920	3	62.4553	2
1881.02615	628.01600	3	79.4662	2
1882.97560	628.66580	3	71.0075	2
1882.97705	942.49580	2	70.8988	2
1883.88345	942.94900	2	75.4979	2
1884.97620	943.49535	2	89.2639	2
1885.87240	943.94345	2	65.3998	2
1885.91945	943.96700	2	83.9984	2
1885.92150	629.64780	3	84.1278	1
1886.86870	944.44160	2	63.4069	1
1886.90080	944.45770	2	68.4994	2
1886.90085	629.97420	3	68.4350	2
1887.87120	944.94290	2	82.4855	1
1888.00305	630.34165	3	81.1107	2
1888.96960	945.49210	2	83.0383	1
1890.93590	631.31925	3	69.3976	2
1890.94770	631.32320	3	73.8077	2
1890.99465	631.33885	3	84.6212	2
1892.06970	947.04210	2	82.8858	2
1893.94425	474.49335	4	56.1586	2
1893.95840	632.32670	3	85.4387	1
1893.95965	947.98710	2	85.3247	2
1893.97720	632.33300	3	57.9073	2
1899.87730	950.94595	2	69.9933	2
1899.98470	634.33550	3	61.9093	2
1902.89720	952.45585	2	79.6161	2
1903.93250	635.65140	3	77.3465	1
1904.96910	635.99695	3	74.5956	2
1904.97245	953.49350	2	74.7260	2
1907.92640	636.98270	3	64.8430	1
1908.96930	955.49195	2	86.3741	2
1909.97905	478.50205	4	70.6586	2
1909.99770	637.67315	3	75.3237	2
1910.17160	637.73110	3	78.9760	2
1911.89050	956.95255	2	72.5922	2
1911.99830	638.34005	3	81.2910	2
1911.99840	957.00650	2	81.2560	2
1912.91525	479.23610	4	32.5191	2
1912.98925	638.67035	3	73.6528	2
1913.09820	638.70670	3	70.2802	2
1913.40810	638.81000	3	32.6843	4
1914.98170	639.33450	3	68.3591	3
1915.05140	479.77010	4	74.2115	1
1919.90605	960.96030	2	91.1573	2
1920.96685	641.32955	3	60.5185	2
1920.99785	641.33990	3	82.2145	2
1921.92915	641.65030	3	95.6579	2
1921.93380	961.97415	2	95.5503	2
1923.88800	962.95130	2	78.4600	1
1923.96150	642.32775	3	72.0892	2
1924.02010	642.34730	3	77.9785	2
1927.00140	964.50795	2	89.7142	2
1927.00180	643.34120	3	89.6162	2
1930.94610	644.65600	3	82.8556	2
1932.83820	645.28665	3	57.2836	2
1933.08855	967.55155	2	86.5855	2
1933.09230	645.37140	3	86.7139	1
1933.90995	967.96225	2	75.6353	2
1934.08215	645.70130	3	86.4326	2
1935.07760	646.03310	3	78.6275	1
1935.89990	968.95720	2	87.1303	2
1935.93175	646.31785	3	64.8853	2
1937.92570	969.97015	2	87.6737	2
1937.92695	969.97075	2	91.6738	2
1937.92900	646.98360	3	91.7504	2
1937.94580	646.98920	3	78.3420	2
1938.93555	970.47505	2	90.7672	2
1938.95435	970.48445	2	79.7429	2
1939.01805	647.34660	3	74.3060	2
1940.98620	648.00265	3	72.9235	2
1941.87790	648.29990	3	57.0495	1
1941.95280	971.98370	2	79.1390	1
1942.04295	648.35495	3	75.9272	2
1942.47700	648.49960	3	84.9329	4
1942.83995	648.62060	3	60.1855	2
1942.96780	972.49115	2	85.8954	2
1943.94140	648.98775	3	73.4709	2
1944.98380	649.33520	3	65.9857	2
1945.89450	649.63880	3	65.5542	1
1947.93245	650.31810	3	71.6855	2
1947.98565	650.33580	3	79.9778	2
1947.98780	975.00120	2	79.9437	2
1948.99060	975.50260	2	85.9203	1
1950.98075	651.33415	3	71.0266	2
1951.98945	651.67040	3	87.2866	2
1951.99015	977.00235	2	87.2139	2
1953.92390	977.96925	2	83.7926	2
1954.89640	978.45545	2	80.6180	2
1955.93955	652.98710	3	58.5049	2
1956.05950	653.02710	3	80.9364	2
1956.90190	653.30790	3	65.3649	2
1956.99190	979.50325	2	75.1564	2
1957.94860	979.98155	2	86.0395	2
1961.02730	981.52090	2	87.4532	1
1961.04715	654.68965	3	87.6302	2
1961.04740	981.53100	2	87.6750	3
1966.08435	984.04945	2	89.2996	2
1966.93750	656.65310	3	74.1023	2
1966.97390	984.49425	2	96.0328	2
1966.97865	656.66685	3	96.0600	2
1966.98985	984.50220	2	77.9169	2
1967.00475	656.67555	3	81.8422	2
1967.04170	656.68780	3	92.3756	1
1970.06925	657.69705	3	76.6996	2
1970.98275	658.00155	3	60.0340	2
1973.06910	494.27460	4	59.0527	1
1973.06950	658.69710	3	59.0741	1
1974.05040	988.03250	2	93.2707	2
1976.01975	659.68055	3	94.3061	2
1976.02375	989.01915	2	94.2515	2
1976.96760	659.99645	3	83.4664	2
1977.03375	989.52415	2	81.0073	2
1978.19335	660.40505	3	92.4848	2
1978.89825	660.64005	3	35.2238	2
1979.03365	660.68515	3	86.6217	2
1983.03230	662.01800	3	85.7107	2
1984.02725	993.02090	2	78.6471	2
1984.02885	662.35025	3	78.7100	2
1985.95880	993.98670	2	72.1536	2
1988.04735	663.68970	3	70.3077	2
1989.02415	664.01530	3	73.4351	2
1992.02125	997.01790	2	92.0641	2
1992.05800	665.02660	3	78.9128	2
1993.91990	665.64725	3	63.1402	2
1994.00335	998.00895	2	93.0690	2
1994.00340	665.67510	3	93.1225	2
1996.12240	999.06850	2	93.6421	1
2001.00070	668.00750	3	83.2051	2
2002.96335	1002.48895	2	75.2558	2
2002.98485	668.66890	3	66.6144	2
2003.03335	1002.52395	2	88.2424	2
2003.03360	668.68515	3	88.1748	2
2004.08910	669.03700	3	78.2231	2
2009.03595	670.68590	3	57.6028	2
2009.08540	670.70240	3	76.1070	2
2009.99875	1006.00665	2	91.3421	2
2009.99965	671.00715	3	91.3758	2
2011.00200	671.34130	3	76.3662	1
2011.00230	1006.50845	2	76.3235	2
2016.99165	1009.50310	2	79.3083	2
2019.06900	674.03030	3	93.3445	2
2022.01640	675.01270	3	63.1882	1
2026.01025	1014.01240	2	87.5753	2
2026.12190	676.38125	3	85.0392	2
2026.12620	1014.07040	2	84.8264	2
2026.92910	1014.47180	2	82.0926	2
2027.05370	676.69185	3	86.5643	2
2027.94555	676.98910	3	64.5076	2
2031.02830	678.01670	3	86.7759	2
2033.06130	678.69435	3	71.6475	2
2034.06230	679.02800	3	70.4569	1
2035.86010	679.62730	3	56.8691	1
2037.04250	680.02140	3	64.3434	2
2037.09190	1019.55320	2	81.2047	2
2041.07725	681.36635	3	79.0604	2
2041.90925	1021.96190	2	90.4817	2
2041.97425	681.66535	3	71.6313	2
2042.00120	1022.00790	2	92.9087	1
2043.01195	1022.51325	2	81.4733	2
2043.01235	682.01140	3	81.3579	2
2047.98255	683.66810	3	47.0393	2
2048.04930	683.69035	3	94.5526	2
2048.05345	1025.03400	2	94.4994	2
2048.96020	683.99400	3	75.4069	2
2049.04375	684.02185	3	86.1753	2
2050.03220	684.35130	3	87.8874	2
2052.92910	1027.47180	2	74.5306	2
2054.09510	1028.05480	2	96.2128	2
2054.10800	685.70990	3	96.1770	1
2054.89870	685.97350	3	68.0311	2
2057.90465	1029.95960	2	79.3853	2
2058.07865	687.03350	3	96.4127	2
2058.08450	1030.04955	2	96.4268	2
2059.00520	687.34235	3	76.3178	2
2059.57480	687.53220	3	87.8687	4
2059.96690	687.66290	3	83.8161	2
2059.96790	1030.99125	2	83.7570	2
2060.00980	687.67720	3	91.9073	2
2062.04445	688.35540	3	86.4512	2
2064.02940	1033.02195	2	87.7607	2
2064.04665	689.02280	3	88.6923	2
2064.05115	1033.03285	2	88.6325	2
2064.95885	1033.48670	2	83.5416	2
2067.99010	690.33730	3	67.8408	2
2070.95780	1036.48615	2	71.3176	2
2071.03220	691.35130	3	65.8916	1
2071.03305	1036.52380	2	90.9978	2
2072.11890	691.71355	3	87.0636	2
2073.10500	692.04225	3	75.7123	2
2075.08100	692.70090	3	70.9488	3
2076.04965	693.02380	3	66.3957	2
2078.03185	693.68455	3	92.1363	2
2078.06545	693.69575	3	77.7701	2
2080.10240	521.03285	4	69.3470	2
2080.10450	694.37545	3	69.4424	2
2081.09655	694.70615	3	83.2806	2
2086.03920	1044.02690	2	87.7316	2
2089.05335	697.35840	3	74.1023	2
2090.93955	1046.47705	2	86.9833	2
2092.08900	698.37025	3	73.0436	2
2092.97690	1047.49575	2	86.3680	2
2093.11255	698.71145	3	79.1831	2
2093.11265	1047.56360	2	79.1457	2
2093.92380	1047.96920	2	88.6605	1
2093.97900	1047.99680	2	85.0745	2
2093.98035	699.00070	3	85.1361	2
2094.94410	699.32200	3	50.3889	2
2094.98740	1048.50100	2	83.1797	2
2095.00305	699.34160	3	68.1440	2
2100.06970	701.03050	3	91.4663	2
2102.07475	701.69885	3	75.3562	2
2104.06880	702.36350	3	73.3941	5
2104.07230	1053.04340	2	71.8635	1
2105.04200	702.68790	3	70.7741	1
2105.14060	702.72080	3	89.6600	1
2106.02200	703.01460	3	70.0535	1
2112.14025	1057.07740	2	92.2579	2
2114.12890	1058.07175	2	94.4105	2
2114.13155	705.71775	3	94.3000	2
2119.04860	707.35680	3	62.9554	2
2122.10000	708.37390	3	69.1053	1
2125.14700	709.38960	3	92.3997	2
2126.14050	709.72075	3	76.8560	2
2126.63540	1064.32500	2	77.3503	4
2127.10500	710.04230	3	69.9883	1
2131.17785	711.39990	3	82.7392	2
2136.95420	713.32535	3	75.5953	2
2137.12300	713.38160	3	68.9996	2
2137.94700	1069.98075	2	72.1624	2
2143.09290	715.37155	3	80.7639	2
2148.10860	717.04350	3	60.4139	1
2151.09685	718.03955	3	77.2537	2
2156.01600	719.67930	3	64.4685	2
2160.04395	721.02195	3	62.4625	2
2161.14590	721.38925	3	85.2055	2
2169.12450	724.04875	3	75.3426	2
2169.20870	724.07680	3	89.5404	1
2170.02980	724.35050	3	75.1513	2
2180.97140	1091.49300	2	65.9778	1
2180.98140	728.00110	3	65.8007	1
2181.13635	728.05270	3	79.7742	2
2181.13660	1091.57555	2	79.7595	2
2190.06590	731.02925	3	73.9686	2
2190.06735	1096.04095	2	73.9388	2
2190.17220	731.06470	3	90.9588	2
2195.99780	733.00650	3	75.8928	1
2197.10100	733.37430	3	66.4891	1
2201.11645	734.71275	3	72.4999	2
2205.01430	736.01205	3	70.6505	2
2205.09975	1103.55715	2	98.1427	2
2205.10195	736.04125	3	98.2570	2
2214.07840	739.03340	3	79.0235	1
2214.08010	1108.04735	2	78.9639	2
2220.21810	741.08000	3	76.0904	2
2222.02650	1112.02055	2	80.8445	2
2227.05325	1114.53390	2	54.6273	2
2227.05380	743.35855	3	54.5946	2
2236.11355	746.37845	3	84.8412	2
2240.18305	747.73495	3	84.1721	2
2240.18330	1121.09895	2	84.1349	2
2245.07300	749.36495	3	89.0081	2
2249.19715	1125.60585	2	82.1467	2
2250.02065	751.01415	3	45.5467	2
2269.26295	757.42825	3	82.3085	2
2279.05795	760.69325	3	67.7822	2
2282.08510	761.70230	3	63.0982	2
2283.15880	762.06020	3	81.1290	2
2284.23670	762.41950	3	93.2153	2
2284.23695	762.41960	3	90.0932	2
2291.01710	764.67965	3	66.3383	2
2291.01785	1146.51620	2	66.3108	2
2295.09400	766.03860	3	78.9677	2
2297.12415	766.71530	3	68.9526	2
2299.14940	767.39040	3	63.6469	1
2306.10470	1154.05960	2	77.3731	1
2306.10585	769.70925	3	77.2921	2
2314.08770	772.36985	3	60.4266	2
2316.21020	773.07730	3	80.1518	1
2323.19550	1162.60505	2	84.6055	2
2323.29340	775.43840	3	88.5995	2
2336.17180	779.73120	3	83.0335	2
2347.18725	783.40300	3	58.3876	2
2364.20145	789.07440	3	76.0844	2
2372.20825	791.74335	3	85.4926	2
2376.10190	793.04120	3	50.7242	2
2377.08400	793.36860	3	75.6337	1
2379.16495	595.79850	4	61.9678	2
2379.16600	794.06260	3	62.0296	1
2387.14075	796.72085	3	84.7805	2
2389.99095	797.67090	3	60.9297	2
2391.08980	798.03720	3	77.4711	1
2391.16230	798.06135	3	80.4059	2
2391.19265	1196.60360	2	94.7959	2
2398.13700	800.38625	3	79.5310	2
2401.30300	801.44160	3	81.3469	2
2401.30335	1201.65895	2	81.5625	2
2404.07455	802.36545	3	70.3822	2
2407.22840	803.41675	3	75.2193	2
2416.23600	1209.12530	2	83.8384	1
2416.24270	806.42150	3	83.7198	2
2427.24010	607.81730	4	59.8194	2
2433.24110	812.08765	3	80.8023	2
2435.25675	812.75955	3	64.6517	2
2440.34730	814.45635	3	90.6678	2
2450.10660	1226.06060	2	76.6308	2
2450.22190	1226.11825	2	92.3919	2
2453.16850	818.73010	3	76.2862	1
2456.21315	819.74500	3	77.9785	2
2460.19555	821.07245	3	84.9161	2
2519.20725	840.74305	3	64.7890	2
2525.30005	842.77395	3	85.3916	2
2525.35990	632.34730	4	89.2893	1
2532.23480	845.08555	3	73.3426	2
2549.46920	850.83030	3	82.8068	3
2549.96535	638.49860	4	83.5404	4
2558.29150	853.77110	3	91.5442	2
2572.31335	858.44505	3	92.2639	2
2574.28845	859.10340	3	88.6190	2
2579.27685	860.76620	3	69.8677	2
2589.27065	864.09750	3	70.0319	2
2590.22900	864.41695	3	84.9100	2
2604.27170	869.09785	3	84.2875	2
2620.21750	656.06170	4	64.2766	1
2620.26805	874.42995	3	80.9765	2
2630.31410	877.77860	3	84.0802	2
2643.33225	882.11805	3	86.2551	2
2691.39010	898.13730	3	75.4665	1
2694.40280	899.14155	3	82.4923	2
2700.31250	901.11140	3	74.2711	1
2724.43590	909.15255	3	88.1993	2
2726.43700	909.81960	3	73.8568	1
2749.47750	917.49980	3	81.2019	2
2769.42570	924.14915	3	85.4838	2
2794.37955	932.46715	3	76.8499	2
2801.44885	701.36950	4	85.3623	2
2804.27820	935.76670	3	76.5369	2
2851.40890	951.47690	3	87.4129	2
2858.46920	953.83030	3	90.7324	1
3000.54580	1001.18920	3	85.4865	2
3080.55005	1027.85730	3	80.1299	2
3132.48330	784.12810	4	68.4700	2
3208.55945	803.14715	4	69.4943	2
3536.66365	1179.89515	3	83.9171	2
4062.00905	1016.50955	4	66.7325	2
