mono_mass	mz	charge	rt	n_psm
798.41240	400.21350	2	37.8742	1
798.46050	400.23750	2	43.4463	1
798.48545	400.25000	2	57.5461	2
799.45500	400.73480	2	49.2631	2
800.43900	401.22680	2	43.7978	2
800.43990	401.22725	2	40.0769	2
800.44020	401.22740	2	42.2157	1
800.45485	401.23475	2	51.3139	2
801.43550	401.72505	2	36.3196	2
801.53355	401.77405	2	44.5553	2
802.38650	402.20055	2	38.4832	2
802.45510	402.23480	2	42.8739	1
802.49830	402.25650	2	61.7461	2
805.40790	403.71120	2	45.0398	2
805.44520	403.72990	2	51.3783	2
806.39535	404.20495	2	37.2263	2
806.45380	404.23415	2	60.4196	2
806.45510	404.23485	2	50.5726	2
807.41285	404.71370	2	39.7337	2
808.36295	405.18875	2	36.3750	2
808.39725	405.20590	2	49.4654	2
808.44380	405.22920	2	35.4726	1
808.44460	405.22960	2	35.4353	1
811.35370	406.68410	2	37.0843	2
811.49150	406.75300	2	49.6963	2
812.42265	407.21860	2	42.6170	2
812.43895	407.22675	2	39.7868	2
812.47555	407.24505	2	60.2309	2
812.48730	407.25095	2	44.6202	2
812.51155	407.26305	2	49.0598	2
814.45455	408.23460	2	34.0345	2
814.45555	408.23505	2	51.6913	2
814.51635	408.26545	2	58.6057	2
815.44230	408.72840	2	38.3710	2
815.46870	408.74165	2	56.6452	2
815.47495	408.74475	2	41.9364	2
815.47690	408.74570	2	46.3452	2
815.49785	408.75620	2	37.5679	2
816.38345	409.19900	2	51.5325	2
816.44970	409.23210	2	66.4375	2
816.47090	409.24270	2	37.1761	2
817.42985	409.72220	2	34.2288	2
817.48130	409.74790	2	66.8303	2
818.43290	410.22370	2	43.2186	1
818.43995	410.22725	2	52.8898	2
818.49010	410.25235	2	73.8865	2
819.39135	410.70295	2	34.6201	2
819.43045	410.72250	2	63.0098	2
819.44840	410.73150	2	39.5219	1
820.43325	411.22390	2	38.6366	2
820.46965	411.24210	2	45.5969	2
820.48850	411.25155	2	71.6932	2
821.42855	411.72155	2	40.5016	2
822.39120	412.20285	2	30.7355	4
822.42405	412.21930	2	36.5280	2
822.42425	412.21940	2	42.5861	2
823.41790	412.71620	2	35.8611	1
823.42600	412.72025	2	54.6606	2
823.44400	412.72930	2	44.9627	1
824.54860	413.28155	2	71.1525	2
826.49135	414.25300	2	39.4949	2
826.49140	414.25295	2	42.0705	2
826.52720	414.27090	2	49.7907	2
826.52765	414.27110	2	69.6644	2
827.48580	414.75020	2	48.8078	1
828.44100	415.22780	2	31.5465	1
828.44550	415.23000	2	39.6511	3
828.44930	415.23190	2	59.1493	1
828.47790	415.24620	2	38.5210	2
828.50710	415.26080	2	51.4574	1
829.45500	415.73480	2	45.8134	1
829.46390	415.73920	2	41.5206	2
829.46560	415.74005	2	34.2026	2
829.49130	415.75290	2	39.2115	2
829.49185	415.75320	2	55.7163	2
829.50325	415.75890	2	36.3122	2
829.50375	415.75915	2	50.6032	2
830.43250	416.22350	2	29.9164	1
830.45110	416.23280	2	40.0956	1
831.46940	416.74195	2	34.8105	2
831.46970	416.74210	2	48.6057	2
831.49650	416.75550	2	69.8323	2
832.39225	417.20340	2	33.9489	2
832.41250	417.21350	2	42.6554	2
832.42920	417.22190	2	45.1301	2
833.43100	417.72280	2	44.9730	1
834.43455	418.22455	2	37.6923	2
835.44460	418.72960	2	43.2254	2
836.38895	419.20175	2	40.2086	2
836.40155	419.20805	2	41.0558	2
836.43960	419.22705	2	56.5498	2
836.44025	419.22740	2	43.4512	2
837.40310	419.70885	2	48.0529	2
837.40575	419.71015	2	54.3631	2
838.41825	420.21640	2	37.0793	2
838.49190	420.25320	2	42.6722	1
839.42915	420.72185	2	55.0323	2
839.58485	420.79970	2	73.1779	2
840.47090	421.24270	2	42.9394	2
840.54285	421.27870	2	59.6230	2
840.54315	421.27885	2	74.8920	2
841.49160	421.75310	2	54.8265	2
841.96100	421.98775	2	41.2305	4
842.42820	422.22135	2	47.9026	2
842.46080	422.23770	2	39.5813	2
842.48530	422.24990	2	52.2485	2
842.48675	422.25065	2	42.2735	2
842.48770	422.25115	2	38.1986	2
842.52195	422.26825	2	70.9216	2
842.52200	422.26830	2	49.2980	2
842.53330	422.27390	2	34.0954	2
843.46920	422.74190	2	39.5169	1
843.48145	422.74800	2	44.7295	2
843.54255	422.77855	2	63.1868	2
844.45490	423.23475	2	53.9569	2
844.46425	423.23940	2	34.9879	2
845.46045	423.73750	2	37.1685	2
845.46135	423.73795	2	44.2404	2
845.46505	423.73980	2	67.2784	2
845.48650	423.75050	2	52.7666	1
845.51190	423.76320	2	65.1087	2
845.53775	423.77615	2	76.2103	2
846.39900	424.20680	2	36.7547	2
846.42810	424.22135	2	42.7886	2
846.44860	424.23160	2	61.1003	2
846.48000	424.24730	2	35.4403	1
847.42330	424.71895	2	43.8109	2
847.44500	424.72980	2	40.6351	2
847.48100	424.74780	2	45.6303	2
848.43940	425.22695	2	41.8086	2
848.43955	425.22705	2	53.2310	2
848.44495	425.22975	2	36.2877	2
849.42010	425.71735	2	46.7955	2
850.45385	426.23420	2	46.4567	2
850.50200	426.25830	2	39.3598	2
851.37020	426.69240	2	40.5622	1
851.40240	426.70850	2	35.0743	2
851.42160	426.71810	2	45.7201	2
851.43900	426.72675	2	36.8332	2
853.36075	427.68765	2	36.6569	2
853.39710	427.70580	2	42.9099	2
854.46065	428.23760	2	39.7841	2
856.43215	429.22335	2	64.4207	2
856.44865	429.23160	2	65.3401	2
856.46965	429.24210	2	50.2573	2
856.51320	429.26390	2	48.4550	2
856.51730	429.26590	2	45.8414	2
856.53965	429.27710	2	57.7343	2
857.46190	429.73825	2	42.5081	2
857.46215	429.73835	2	40.1102	2
857.49560	429.75510	2	55.0270	1
857.49600	429.75525	2	46.5102	2
857.49620	429.75540	2	54.9925	1
858.45610	430.23530	2	44.3586	2
858.46940	430.24195	2	43.6236	2
858.47010	430.24230	2	48.4147	1
858.96300	430.48880	2	37.7702	4
859.43790	430.72625	2	39.8963	2
859.46520	430.73985	2	46.9189	2
859.50220	430.75835	2	66.2584	2
860.42430	431.21940	2	35.7998	2
860.44280	431.22870	2	45.3400	1
860.46050	431.23750	2	33.3050	2
861.44470	431.72960	2	44.7037	2
861.47125	431.74290	2	47.7578	2
861.49940	431.75695	2	48.8856	2
861.50755	431.76105	2	75.5232	2
862.38620	432.20035	2	39.1272	2
863.45050	432.73255	2	34.6471	2
863.45070	432.73260	2	49.4389	2
863.45770	432.73610	2	58.8267	2
864.41970	433.21715	2	49.9272	2
864.43490	433.22475	2	53.0774	2
864.50705	433.26080	2	63.9545	2
865.41500	433.71475	2	39.6439	2
865.50100	433.75780	2	35.3078	1
866.41300	434.21380	2	40.3425	1
866.41330	434.21390	2	40.3721	1
866.49785	434.25620	2	42.4522	2
867.41625	434.71540	2	50.2038	2
867.43395	434.72425	2	39.0210	2
868.45890	435.23670	2	37.6575	2
868.51310	435.26380	2	32.2070	2
869.49695	435.75580	2	34.0722	2
869.53285	435.77370	2	59.9037	2
869.53420	435.77440	2	52.7146	2
869.55880	435.78670	2	67.0295	2
870.44895	436.23175	2	54.5990	2
870.48085	436.24770	2	43.0495	2
870.51645	436.26550	2	58.1163	2
870.55355	436.28405	2	51.1543	2
871.44400	436.72925	2	38.0786	2
871.45060	436.73260	2	40.7321	2
871.53850	436.77655	2	59.4847	2
872.47485	437.24470	2	39.5813	2
872.49660	437.25560	2	56.1090	1
872.49680	437.25565	2	42.1281	2
872.50890	437.26170	2	36.4898	1
872.50920	437.26190	2	36.4533	1
872.51495	437.26475	2	63.8336	2
873.46995	437.74225	2	45.5405	2
873.47360	437.74405	2	50.7882	2
873.48035	437.74745	2	48.6909	2
873.49575	437.75515	2	67.5053	2
874.43340	438.22395	2	44.8877	2
874.45845	438.23650	2	50.0183	2
874.46925	438.24190	2	35.4223	2
875.52290	438.76875	2	61.0689	2
875.52355	438.76905	2	50.3039	2
876.41275	439.21365	2	39.2065	2
876.43620	439.22535	2	48.1894	2
876.43880	439.22670	2	68.6110	2
876.49540	439.25495	2	67.9064	2
877.42960	439.72210	2	43.4248	1
877.45450	439.73450	2	37.0743	2
877.46605	439.74035	2	49.8435	2
877.46610	439.74035	2	45.1694	2
877.46645	439.74050	2	42.6477	2
877.47875	439.74665	2	50.4257	4
877.51005	439.76230	2	69.9972	2
877.52770	439.77110	2	69.2185	1
878.43120	440.22290	2	48.1062	1
878.48585	440.25020	2	54.7455	2
879.39735	440.70595	2	34.3539	2
879.39740	440.70600	2	41.8940	1
879.41830	440.71640	2	40.2524	1
879.48810	440.75130	2	52.1859	1
880.41250	441.21350	2	38.3297	1
880.42955	441.22205	2	43.4844	2
880.54950	441.28200	2	53.5754	2
881.41440	441.71450	2	38.7752	1
881.55810	441.78630	2	63.6537	1
882.52870	442.27165	2	39.0810	2
883.47600	442.74530	2	47.6593	1
883.53795	442.77625	2	51.3187	2
883.53830	442.77640	2	58.7718	3
883.56030	442.78740	2	38.9157	1
884.44215	443.22835	2	44.3039	2
884.54410	443.27930	2	54.3835	2
884.57040	443.29250	2	74.2130	1
884.57195	443.29325	2	59.3553	2
885.42345	443.71900	2	38.9233	2
885.43340	443.72400	2	42.3626	1
885.44480	443.72970	2	34.5939	1
885.48200	443.74825	2	43.6049	2
885.48690	443.75070	2	35.1652	2
885.49175	443.75315	2	51.6548	2
885.49180	443.75320	2	49.9245	1
885.55345	443.78400	2	65.0432	2
886.40580	444.21020	2	53.6470	1
886.48650	444.25055	2	42.5353	2
886.49120	444.25290	2	56.2457	1
886.51300	444.26380	2	48.1340	2
887.46000	444.73725	2	36.1632	2
887.47110	444.74280	2	41.1203	1
887.49160	444.75310	2	41.3211	1
889.45870	445.73665	2	51.1927	2
889.46585	445.74020	2	48.3859	2
889.47725	445.74590	2	41.3651	2
889.48400	445.74930	2	70.2844	2
891.44460	446.72960	2	49.6508	2
891.44945	446.73200	2	46.6003	2
891.48195	446.74825	2	63.0419	2
891.50625	446.76040	2	66.4945	2
892.44060	447.22760	2	40.1840	3
892.48380	447.24915	2	76.9229	2
893.45845	447.73650	2	45.9204	6
893.46110	447.73785	2	42.7097	2
893.60630	447.81040	2	75.7343	2
894.45530	448.23490	2	34.0290	1
895.44695	448.73075	2	59.8962	2
895.46565	448.74010	2	41.3748	2
896.39810	449.20630	2	32.7117	1
896.53360	449.27405	2	54.8858	2
897.40510	449.70980	2	66.8097	2
897.50290	449.75875	2	33.7164	2
898.40700	450.21080	2	66.3147	2
898.47940	450.24695	2	57.9479	2
898.48710	450.25085	2	35.1320	2
898.49060	450.25255	2	44.6778	2
898.54865	450.28160	2	67.0299	2
898.56010	450.28735	2	55.3199	2
899.43855	450.72655	2	53.8296	2
899.45045	450.73250	2	40.8121	2
899.50835	450.76150	2	56.0644	2
899.51455	450.76455	2	60.3525	2
900.45755	451.23605	2	41.3510	2
900.49070	451.25260	2	41.1981	2
900.49260	451.25360	2	52.9813	1
900.50260	451.25855	2	50.8842	2
900.53950	451.27700	2	44.0630	2
901.41195	451.71325	2	49.4082	2
901.43290	451.72370	2	39.2870	1
901.47540	451.74495	2	58.6864	2
901.48585	451.75020	2	33.4752	2
901.52430	451.76945	2	42.6244	2
902.41375	452.21415	2	47.9919	2
902.48260	452.24860	2	39.6845	1
902.48320	452.24890	2	39.6658	1
902.50725	452.26090	2	46.3689	2
903.44780	452.73120	2	38.1334	2
903.48100	452.74780	2	53.2310	2
903.49590	452.75520	2	37.6184	1
903.52860	452.77160	2	42.3102	2
903.54370	452.77915	2	69.1043	2
904.42600	453.22030	2	31.9842	1
904.44410	453.22930	2	31.0589	2
904.53865	453.27660	2	63.2511	2
905.45270	453.73360	2	65.7333	2
905.45320	453.73390	2	44.1053	2
905.46110	453.73780	2	32.3034	3
906.46780	454.24120	2	32.2059	1
906.51800	454.26630	2	48.3677	2
907.45185	454.73320	2	37.1609	2
907.50050	454.75750	2	48.8332	1
908.00350	455.00900	2	55.0549	4
908.43090	455.22270	2	49.7435	1
908.53375	455.27415	2	40.7103	2
908.56915	455.29185	2	57.1218	2
909.42705	455.72080	2	55.4821	2
909.45615	455.73535	2	40.0914	2
909.47495	455.74475	2	70.6985	2
909.50450	455.75950	2	36.0106	1
911.38040	456.69745	2	33.8114	2
911.47530	456.74490	2	60.8084	2
911.49010	456.75235	2	43.3445	2
911.58050	456.79755	2	58.2452	2
912.45450	457.23450	2	62.3626	1
912.54730	457.28090	2	42.6103	1
912.56455	457.28955	2	64.4467	2
913.42940	457.72200	2	48.9329	1
913.44845	457.73150	2	41.6982	2
913.47320	457.74385	2	71.5120	2
913.48685	457.75075	2	47.5800	2
913.50960	457.76210	2	32.9873	2
913.54850	457.78150	2	54.0235	2
913.55970	457.78715	2	39.1467	2
913.59660	457.80555	2	40.4376	2
914.50695	458.26075	2	40.9370	2
914.51800	458.26625	2	46.3665	2
915.44680	458.73065	2	36.8053	2
915.47110	458.74280	2	36.3124	1
915.50175	458.75815	2	41.6192	2
915.50515	458.75985	2	32.3129	2
915.52090	458.76775	2	50.0894	2
915.52200	458.76830	2	75.1786	2
915.53885	458.77670	2	35.0090	2
916.48600	459.25030	2	41.3698	2
916.49810	459.25630	2	37.6022	3
917.46540	459.74000	2	34.4405	1
917.47860	459.74660	2	38.1760	1
917.48105	459.74780	2	40.2251	2
917.48170	459.74810	2	34.1210	1
918.44925	460.23190	2	80.0918	2
918.48430	460.24945	2	53.6819	2
918.49165	460.25310	2	64.2775	2
918.51715	460.26585	2	63.1965	2
918.51800	460.26630	2	57.0627	2
919.40495	460.70975	2	32.9348	2
919.40775	460.71115	2	61.6259	2
919.44395	460.72925	2	47.8122	2
919.47050	460.74250	2	52.8728	3
919.50835	460.76145	2	53.0115	2
919.51240	460.76345	2	47.0551	2
919.51255	460.76355	2	43.9543	2
919.51525	460.76490	2	57.4799	2
919.52140	460.76800	2	64.8665	2
920.49755	461.25605	2	47.1997	2
920.49760	461.25610	2	50.7038	1
920.50720	461.26090	2	41.7122	1
920.50730	461.26090	2	41.6609	1
921.44475	461.72965	2	40.7928	2
921.44605	461.73030	2	37.4088	2
921.46620	461.74040	2	35.6994	1
921.55350	461.78400	2	61.8367	1
922.43840	462.22645	2	49.9570	2
922.45100	462.23280	2	38.4229	3
923.43500	462.72475	2	44.0461	2
923.47170	462.74310	2	40.9395	2
923.49440	462.75450	2	50.8089	1
923.58050	462.79750	2	78.1160	1
924.43775	463.22615	2	48.3627	2
924.53895	463.27675	2	52.8065	2
924.56440	463.28945	2	55.5317	2
925.46960	463.74210	2	79.4009	2
925.49840	463.75650	2	43.7063	2
926.51875	464.26665	2	39.0233	2
926.57975	464.29715	2	60.4747	2
926.59140	464.30300	2	61.5883	2
927.37870	464.69660	2	29.1836	1
927.44480	464.72970	2	46.8240	2
927.56325	464.78890	2	83.1691	2
928.45360	465.23405	2	50.9940	2
928.52340	465.26895	2	51.8412	2
928.53355	465.27405	2	50.1412	2
928.55940	465.28700	2	62.8345	2
928.55970	465.28710	2	57.0755	2
929.44500	465.72980	2	32.2748	1
929.45710	465.73585	2	29.9489	2
929.48060	465.74760	2	36.8888	2
929.50605	465.76030	2	55.0442	2
929.51130	465.76295	2	48.6213	2
929.51795	465.76625	2	43.0571	2
929.51855	465.76655	2	40.9866	2
929.51930	465.76695	2	36.0517	2
930.42360	466.21905	2	61.0953	2
930.46635	466.24045	2	35.0479	2
930.51740	466.26595	2	64.8272	2
930.53970	466.27715	2	38.0488	2
931.46995	466.74225	2	35.9023	2
931.48580	466.75020	2	49.0066	2
931.50145	466.75800	2	55.9338	2
931.51255	466.76355	2	57.9961	2
931.53430	466.77440	2	67.8542	2
932.44490	467.22970	2	33.0398	1
932.46385	467.23920	2	38.8782	2
932.54420	467.27940	2	42.2226	2
933.43790	467.72620	2	31.1123	1
933.45560	467.73510	2	37.2056	1
933.45580	467.73520	2	37.2371	1
933.46525	467.73990	2	51.4431	2
933.48525	467.74990	2	51.8593	2
933.50285	467.75870	2	52.6208	2
933.52825	467.77140	2	56.4037	2
933.53955	467.77705	2	32.6909	2
934.41570	468.21510	2	40.0522	2
934.45080	468.23270	2	39.3525	2
934.48430	468.24940	2	42.9565	1
934.48660	468.25060	2	55.1949	2
934.48720	468.25085	2	33.2712	2
934.48725	468.25090	2	43.3471	2
934.51265	468.26360	2	58.4985	2
934.51350	468.26405	2	50.4484	2
934.52365	468.26910	2	59.6229	2
935.45190	468.73320	2	36.3727	1
935.47055	468.74255	2	45.2946	2
935.48960	468.75210	2	61.8633	1
937.41460	469.71460	2	34.5487	2
937.48680	469.75070	2	40.7589	2
937.51175	469.76315	2	57.7692	2
938.43360	470.22410	2	37.7426	2
939.43015	470.72235	2	62.4081	2
939.48175	470.74815	2	80.4721	2
939.51460	470.76455	2	32.1345	2
939.54965	470.78210	2	55.8788	2
939.56405	470.78930	2	80.9653	2
940.44385	471.22920	2	45.3453	2
940.52655	471.27055	2	62.0974	2
940.53490	471.27470	2	34.3589	2
941.43490	471.72475	2	38.5182	2
941.46365	471.73910	2	50.1337	2
941.55575	471.78515	2	50.9099	2
941.57935	471.79695	2	66.8023	2
941.60630	471.81040	2	79.5154	2
942.50250	472.25855	2	35.9188	2
942.51340	472.26395	2	48.3036	2
942.51430	472.26445	2	43.7207	2
943.44790	472.73120	2	61.2178	2
943.46520	472.73990	2	35.7050	2
943.48855	472.75155	2	43.9589	2
943.49740	472.75600	2	35.4941	3
943.53540	472.77500	2	46.5378	1
944.42440	473.21950	2	37.3292	3
944.43085	473.22270	2	63.5953	2
944.49300	473.25380	2	43.2875	2
944.51190	473.26325	2	64.0477	2
944.51800	473.26630	2	48.1102	2
944.51820	473.26640	2	62.7746	1
944.51825	473.26640	2	45.5969	2
944.52945	473.27200	2	49.5982	2
944.55435	473.28445	2	54.7501	2
945.45950	473.73700	2	77.2671	2
945.51230	473.76345	2	40.7271	2
945.54955	473.78205	2	58.7825	2
946.50880	474.26165	2	37.0185	2
946.51285	474.26370	2	46.1564	2
946.53400	474.27425	2	38.0061	2
946.54880	474.28165	2	74.3691	2
947.43315	474.72385	2	37.8941	2
947.48590	474.75025	2	42.2890	2
947.51495	474.76475	2	71.5459	2
948.46695	475.24075	2	53.0774	2
948.46710	475.24085	2	44.4948	2
949.48440	475.74945	2	39.5599	2
949.48710	475.75085	2	54.3057	2
949.49065	475.75260	2	86.9765	2
949.50515	475.75985	2	77.5496	2
949.52790	475.77125	2	79.7311	2
950.45295	476.23375	2	50.4386	2
950.48205	476.24830	2	49.2115	2
950.48230	476.24845	2	46.9996	2
950.48605	476.25030	2	73.7290	2
950.50105	476.25780	2	59.5327	2
950.50860	476.26160	2	51.9074	2
951.51840	476.76650	2	80.3408	2
952.44985	477.23225	2	47.2952	2
952.45095	477.23275	2	43.2513	2
952.46830	477.24140	2	51.1012	2
952.53470	477.27460	2	42.3051	2
954.44130	478.22795	2	35.9497	2
954.44565	478.23010	2	52.6873	2
955.53440	478.77450	2	62.9572	2
955.57055	478.79255	2	61.2472	2
956.50350	479.25900	2	38.3659	2
956.51550	479.26500	2	36.6815	2
956.52870	479.27170	2	47.0626	2
956.52965	479.27210	2	44.3304	2
956.52975	479.27215	2	53.5120	2
956.53640	479.27550	2	66.4671	2
956.57945	479.29705	2	77.8014	2
957.48825	479.75140	2	33.0464	4
957.52485	479.76970	2	40.9629	2
957.53060	479.77255	2	48.6494	2
957.53610	479.77530	2	31.7360	2
957.56050	479.78755	2	48.4159	2
957.59730	479.80590	2	47.6085	2
958.48735	480.25095	2	56.5203	2
958.50700	480.26080	2	48.8384	1
958.50930	480.26190	2	56.8051	3
959.50700	480.76075	2	41.0204	2
959.53110	480.77280	2	42.8344	2
959.53230	480.77345	2	69.1677	2
959.55415	480.78435	2	58.0225	2
959.58135	480.79795	2	84.0376	2
960.45030	481.23240	2	35.0403	2
960.47595	481.24525	2	42.0198	2
960.50180	481.25820	2	46.7689	1
960.51280	481.26365	2	39.2386	2
960.53115	481.27285	2	57.5747	2
960.53895	481.27675	2	61.5614	2
961.45380	481.73420	2	33.9038	1
961.50925	481.76190	2	41.5584	2
962.47400	482.24425	2	46.4273	2
962.50595	482.26030	2	62.5339	2
962.51900	482.26675	2	55.5934	2
962.53875	482.27665	2	86.5088	2
963.44555	482.73005	2	54.6214	2
963.50175	482.75815	2	40.1934	2
963.50645	482.76050	2	34.2922	2
963.55400	482.78425	2	74.9562	2
964.46240	483.23845	2	38.0586	2
964.47955	483.24705	2	69.4245	2
964.49775	483.25615	2	43.0856	2
964.52350	483.26900	2	54.2769	1
965.44510	483.72985	2	41.4320	2
965.44590	483.73020	2	34.7576	3
965.45680	483.73570	2	43.9156	1
965.45950	483.73700	2	40.1354	1
965.45985	483.73720	2	37.6818	2
965.48165	483.74810	2	60.7976	2
966.46570	484.24015	2	41.7799	2
966.46660	484.24060	2	36.4049	2
966.47460	484.24460	2	44.7233	1
966.49275	484.25365	2	75.4177	2
966.52445	484.26950	2	46.9706	2
967.47830	484.74645	2	58.0321	2
967.52420	484.76940	2	47.5876	2
967.54520	484.77990	2	36.6920	2
967.58140	484.79800	2	56.7401	2
968.44435	485.22945	2	40.2035	2
968.52845	485.27150	2	37.2569	2
968.52850	485.27155	2	49.1016	2
969.42910	485.72180	2	39.4460	2
969.48780	485.75120	2	40.3142	2
969.51240	485.76350	2	47.2541	1
969.52575	485.77015	2	50.6082	2
969.54910	485.78180	2	41.3314	1
969.56065	485.78760	2	53.0150	2
969.58610	485.80035	2	68.9782	2
969.58700	485.80075	2	64.0988	2
970.48640	486.25045	2	54.6908	2
970.54370	486.27910	2	55.9712	2
970.58065	486.29765	2	45.2211	2
970.58125	486.29790	2	70.6738	2
971.50410	486.75930	2	31.3538	2
971.52845	486.77150	2	58.8483	2
971.52885	486.77170	2	48.7874	2
971.52920	486.77185	2	35.8074	2
971.55365	486.78410	2	57.6985	2
971.56580	486.79015	2	33.4747	2
971.56640	486.79050	2	44.2945	2
972.46635	487.24045	2	33.1490	2
972.57060	487.29255	2	34.8943	2
973.50825	487.76140	2	42.0486	2
973.54390	487.77930	2	33.7056	1
974.50340	488.25900	2	37.9497	2
974.51885	488.26670	2	59.0284	2
975.47325	488.74390	2	45.4769	2
975.50290	488.75870	2	52.6405	1
975.53825	488.77640	2	64.8942	2
976.49670	489.25560	2	58.1826	2
976.50930	489.26195	2	47.9995	2
976.54550	489.28005	2	41.0507	2
977.44400	489.72930	2	47.0892	2
977.46750	489.74100	2	32.9659	1
977.48125	489.74790	2	60.7846	2
977.48190	489.74820	2	45.6539	2
977.51850	489.76655	2	52.3800	2
978.46495	490.23980	2	45.9282	2
978.47855	490.24655	2	41.6648	2
978.50205	490.25830	2	60.2022	2
979.44945	490.73200	2	66.4083	2
979.46150	490.73800	2	38.5844	2
979.49790	490.75620	2	52.6779	2
979.49990	490.75720	2	25.9190	1
979.57010	490.79230	2	40.2595	2
980.45670	491.23565	2	36.7800	2
980.49680	491.25565	2	52.4651	2
981.50350	491.75900	2	47.6355	1
981.52445	491.76950	2	29.6648	2
981.59735	491.80595	2	41.2221	2
982.05295	492.03375	2	40.4410	4
982.45985	492.23720	2	33.4081	2
982.47645	492.24550	2	41.9854	2
982.51950	492.26705	2	38.0659	2
983.47345	492.74400	2	48.6159	2
983.50535	492.75995	2	42.4024	2
983.57790	492.79625	2	64.2907	2
983.58435	492.79945	2	71.7006	2
983.58810	492.80135	2	44.4843	2
983.60025	492.80740	2	58.1259	2
984.43690	493.22575	2	33.7505	2
984.49230	493.25340	2	52.0238	1
984.49240	493.25350	2	52.0492	1
984.56210	493.28835	2	28.1309	2
984.63385	493.32420	2	50.3520	2
985.37565	493.69510	2	34.1709	2
985.53835	493.77645	2	46.4197	2
985.54570	493.78015	2	43.4806	2
985.55625	493.78540	2	43.3212	2
985.61640	493.81550	2	45.9873	2
986.48995	494.25225	2	67.6705	2
986.49385	494.25425	2	40.3819	2
987.49950	494.75705	2	31.1223	2
987.50290	494.75870	2	56.1829	1
987.52275	494.76865	2	44.9983	2
987.53440	494.77450	2	49.8005	1
987.57115	494.79285	2	59.3233	2
987.60100	494.80780	2	79.9631	2
988.48345	495.24900	2	38.0313	2
988.51130	495.26290	2	53.2083	3
988.51980	495.26720	2	42.8341	3
988.54340	495.27900	2	47.3837	2
988.58110	495.29785	2	50.9292	2
989.48000	495.74730	2	32.7574	1
989.49660	495.75560	2	36.1176	3
989.53020	495.77240	2	53.6126	1
989.55465	495.78460	2	48.4905	2
989.55515	495.78485	2	58.8168	2
989.57590	495.79520	2	65.4313	1
990.45880	496.23665	2	36.9214	2
990.47365	496.24410	2	46.0722	2
990.51460	496.26460	2	42.7009	1
990.55000	496.28225	2	73.1435	2
991.50885	496.76170	2	67.4526	2
991.50920	496.76190	2	60.7007	1
991.50950	496.76200	2	60.7349	1
991.54540	496.78000	2	69.4167	2
991.57035	496.79250	2	61.4481	2
992.48435	497.24945	2	56.5828	2
992.51540	497.26500	2	41.9188	1
992.53240	497.27345	2	81.2538	2
992.55390	497.28420	2	69.0092	1
992.60185	497.30820	2	70.8906	2
993.44060	497.72755	2	42.8152	2
993.45115	497.73285	2	40.2595	2
993.49215	497.75335	2	63.8445	2
993.51270	497.76365	2	53.4225	2
993.54880	497.78165	2	64.6366	2
994.44105	498.22780	2	36.4404	2
994.49690	498.25570	2	49.2446	2
994.50830	498.26145	2	47.6690	2
994.50870	498.26165	2	31.8004	2
994.51560	498.26505	2	73.1934	2
994.54500	498.27975	2	34.7443	2
994.60615	498.31035	2	74.1928	2
994.65340	498.33400	2	46.3980	2
995.49265	498.75360	2	43.6549	2
996.49200	499.25330	2	37.9141	1
996.52970	499.27210	2	48.3589	1
996.53150	499.27300	2	68.6395	2
996.57185	499.29320	2	45.4438	2
997.47655	499.74555	2	29.3643	2
997.51870	499.76660	2	33.9725	1
997.58160	499.79810	2	39.0334	2
998.58655	500.30055	2	40.7978	2
999.48340	500.74895	2	31.5681	2
999.53405	500.77430	2	42.5315	2
999.53640	500.77545	2	29.6726	2
999.55440	500.78450	2	38.3192	1
999.57140	500.79300	2	32.1124	2
1000.49405	501.25430	2	35.7791	2
1000.55460	501.28460	2	33.8751	1
1000.55760	501.28610	2	84.4273	5
1000.56720	501.29090	2	49.4442	2
1000.59275	501.30365	2	62.6012	2
1001.51450	501.76450	2	44.2565	2
1001.55385	501.78420	2	67.5356	2
1001.56170	501.78815	2	33.5670	2
1001.58635	501.80045	2	47.9201	2
1002.47055	502.24255	2	34.0493	2
1002.48315	502.24885	2	38.8027	2
1002.48695	502.25075	2	41.5530	2
1002.52790	502.27125	2	37.4704	2
1002.54605	502.28030	2	32.9923	2
1003.51930	502.76695	2	44.6098	2
1003.52565	502.77010	2	35.1939	2
1003.57050	502.79255	2	77.9790	2
1004.44720	503.23090	2	34.7001	1
1004.54065	503.27760	2	48.2790	2
1004.56660	503.29060	2	43.2587	2
1005.48090	503.74775	2	37.9577	2
1005.49060	503.75260	2	30.9168	2
1005.53155	503.77305	2	68.8916	2
1005.53605	503.77530	2	35.7791	2
1006.45255	504.23355	2	32.0487	2
1006.47195	504.24325	2	41.7497	2
1006.50015	504.25740	2	54.2842	2
1007.45700	504.73580	2	38.5824	2
1007.46755	504.74105	2	41.1161	2
1007.47580	504.74515	2	51.7278	2
1007.50395	504.75925	2	43.9811	2
1007.52270	504.76865	2	65.1578	2
1007.52885	504.77170	2	43.6858	2
1007.54095	504.77775	2	56.1298	2
1007.54465	504.77960	2	68.5451	2
1007.67375	504.84415	2	72.9860	2
1008.47760	505.24605	2	50.6668	2
1008.51320	505.26390	2	61.1514	1
1008.51600	505.26530	2	51.5971	2
1009.44750	505.73100	2	42.3900	2
1009.51970	505.76715	2	36.0795	2
1009.54840	505.78145	2	88.1044	2
1010.42220	506.21840	2	34.6089	1
1010.45190	506.23325	2	38.8101	2
1010.51035	506.26245	2	62.7300	2
1010.57640	506.29550	2	68.7842	2
1011.52375	506.76915	2	36.5917	2
1011.53510	506.77485	2	45.4111	2
1011.54685	506.78070	2	42.9712	2
1011.57150	506.79300	2	52.8064	2
1011.60785	506.81120	2	67.8267	2
1012.48740	507.25100	2	59.3022	1
1012.57060	507.29260	2	58.6706	2
1012.57070	507.29260	2	69.2895	2
1012.58175	507.29815	2	60.8888	2
1012.59150	507.30300	2	60.1269	1
1012.60360	507.30910	2	39.0283	2
1012.63900	507.32680	2	49.6218	2
1013.46410	507.73930	2	72.2908	2
1013.53955	507.77705	2	44.1320	2
1013.55470	507.78465	2	65.6079	2
1013.56175	507.78815	2	37.7062	2
1013.58720	507.80090	2	64.2362	1
1013.62260	507.81860	2	64.6284	1
1013.62350	507.81900	2	67.0834	2
1014.53325	508.27390	2	43.2043	2
1014.53360	508.27410	2	38.2955	3
1014.57090	508.29275	2	37.5320	2
1014.57140	508.29300	2	46.3595	2
1015.49150	508.75300	2	39.7386	2
1015.58490	508.79975	2	71.3152	2
1015.59120	508.80290	2	65.9428	3
1016.45995	509.23725	2	36.8687	2
1016.51815	509.26635	2	48.0605	2
1016.53170	509.27315	2	48.7565	2
1016.54090	509.27770	2	43.1083	1
1016.54800	509.28130	2	49.5036	2
1017.47190	509.74320	2	41.6801	2
1017.49130	509.75295	2	47.5927	2
1017.51775	509.76615	2	77.3911	2
1017.53450	509.77460	2	38.9606	2
1017.57235	509.79345	2	40.8171	2
1017.60810	509.81130	2	65.8197	1
1017.62300	509.81875	2	66.6215	2
1018.53300	510.27380	2	58.3622	1
1018.54475	510.27965	2	40.1398	2
1018.58210	510.29830	2	70.8203	1
1019.42020	510.71740	2	43.7329	1
1019.50460	510.75960	2	43.1441	2
1019.54010	510.77735	2	54.2956	2
1019.54010	510.77735	2	35.1575	2
1019.54750	510.78105	2	67.0930	2
1019.55320	510.78385	2	47.7283	2
1020.44420	511.22940	2	29.3798	1
1020.52295	511.26875	2	49.6831	2
1020.52430	511.26945	2	56.4881	2
1020.52450	511.26950	2	64.3171	3
1020.53390	511.27420	2	54.9354	1
1020.53550	511.27500	2	55.3843	2
1021.43840	511.72645	2	37.8591	2
1021.44915	511.73185	2	34.2237	2
1021.49190	511.75320	2	30.4185	2
1021.51195	511.76325	2	43.7664	2
1021.54520	511.77990	2	60.7100	2
1021.60370	511.80910	2	52.5268	2
1022.50360	512.25905	2	53.5658	2
1022.51125	512.26290	2	77.4218	2
1023.48705	512.75080	2	38.1031	2
1023.60710	512.81080	2	68.3607	2
1024.37430	513.19445	2	42.1089	2
1024.49040	513.25250	2	59.5817	1
1024.60270	513.30860	2	52.8571	1
1025.50285	513.75870	2	40.9029	2
1025.55065	513.78260	2	35.2996	2
1025.60305	513.80880	2	49.3771	2
1026.44575	514.23015	2	42.4594	2
1027.56580	514.79020	2	33.2812	2
1027.56635	514.79045	2	36.2580	2
1027.58180	514.79815	2	74.7739	2
1027.59125	514.80290	2	58.9121	2
1027.60205	514.80830	2	69.0415	2
1028.56090	515.28770	2	43.2613	2
1029.47665	515.74560	2	41.9660	2
1029.47720	515.74590	2	56.7656	2
1029.53870	515.77660	2	52.5066	2
1029.54025	515.77740	2	37.2905	2
1029.58265	515.79860	2	36.6519	2
1030.52950	516.27200	2	35.3906	2
1030.59135	516.30295	2	79.1362	2
1030.60630	516.31045	2	75.8245	2
1031.46345	516.73900	2	64.1921	2
1031.50290	516.75870	2	41.6141	2
1031.50735	516.76095	2	49.3873	2
1031.54705	516.78080	2	51.9072	2
1031.58640	516.80050	2	56.9130	2
1031.58680	516.80070	2	62.1590	1
1032.49860	517.25655	2	42.0147	2
1032.53435	517.27445	2	48.9753	2
1032.59680	517.30570	2	73.7784	2
1033.56675	517.79065	2	43.1730	2
1033.58105	517.79780	2	82.4221	2
1033.61730	517.81595	2	69.8983	2
1034.52125	518.26790	2	64.8871	2
1034.55920	518.28690	2	80.7960	1
1034.56630	518.29040	2	62.2351	1
1035.48760	518.75105	2	61.1584	2
1035.56030	518.78745	2	60.5472	2
1036.51830	519.26640	2	43.5923	2
1036.51885	519.26670	2	41.5505	2
1036.53360	519.27410	2	71.5491	2
1036.53730	519.27595	2	67.8473	2
1036.55525	519.28490	2	63.3886	2
1037.50615	519.76035	2	33.7847	2
1037.62370	519.81910	2	54.8392	2
1037.64830	519.83145	2	71.2107	2
1038.48070	520.24760	2	47.0535	1
1038.54680	520.28070	2	34.8389	2
1039.46515	520.73985	2	47.8228	2
1039.49750	520.75605	2	52.5874	2
1039.56565	520.79010	2	46.8458	2
1040.46925	521.24190	2	41.1930	2
1040.49305	521.25380	2	31.2905	2
1040.49595	521.25525	2	41.8715	2
1040.55020	521.28240	2	54.1999	2
1040.56865	521.29160	2	50.1438	2
1040.59790	521.30620	2	56.9218	2
1040.62290	521.31875	2	73.9485	2
1040.65925	521.33690	2	59.9223	2
1041.43980	521.72720	2	45.4693	2
1041.45530	521.73490	2	35.6729	1
1041.45560	521.73510	2	35.6414	1
1041.53225	521.77340	2	50.3221	2
1041.58120	521.79790	2	52.3251	2
1042.51555	522.26505	2	64.5075	2
1042.53005	522.27230	2	37.5038	2
1042.55655	522.28555	2	53.5907	2
1043.54360	522.77905	2	48.7487	2
1043.54980	522.78220	2	78.9553	2
1043.56175	522.78815	2	36.4636	2
1043.56360	522.78910	2	33.5097	3
1043.60325	522.80890	2	63.5423	2
1044.51905	523.26680	2	45.0324	2
1044.53870	523.27665	2	66.1517	2
1044.55650	523.28555	2	43.5708	2
1044.56050	523.28750	2	58.3168	2
1045.02935	523.52195	2	44.6894	2
1045.51185	523.76320	2	57.1169	2
1045.54020	523.77740	2	33.3125	2
1045.54050	523.77755	2	31.1546	2
1045.55900	523.78680	2	63.3050	2
1045.60185	523.80820	2	60.5352	2
1046.52510	524.26985	2	35.5572	2
1046.58810	524.30130	2	38.1461	1
1046.59855	524.30655	2	49.5354	2
1047.52655	524.77055	2	59.9482	2
1047.56260	524.78855	2	59.5671	2
1048.47760	525.24605	2	35.1586	2
1048.55750	525.28600	2	31.7940	1
1049.52510	525.76985	2	50.9367	2
1049.56190	525.78825	2	37.4986	2
1050.50900	526.26180	2	46.1191	1
1050.51050	526.26250	2	42.1872	1
1050.53410	526.27430	2	48.1684	2
1050.55675	526.28565	2	31.4674	2
1050.57170	526.29315	2	62.1768	2
1050.59645	526.30550	2	68.5718	2
1051.49365	526.75410	2	36.9016	2
1052.46395	527.23925	2	57.6031	2
1053.58150	527.79800	2	46.7355	1
1053.61850	527.81650	2	55.9061	2
1054.49765	528.25610	2	68.8232	2
1054.53380	528.27420	2	74.9862	2
1054.53910	528.27685	2	31.7695	2
1054.59990	528.30720	2	51.9971	1
1054.60230	528.30845	2	56.9781	2
1055.42260	528.71860	2	47.3166	2
1055.49285	528.75370	2	44.7894	2
1055.58625	528.80040	2	63.8040	2
1055.58650	528.80050	2	67.7261	2
1056.53195	529.27325	2	77.0551	2
1056.58180	529.29815	2	54.9468	2
1056.59290	529.30370	2	52.9233	2
1057.50725	529.76090	2	43.9197	2
1057.57675	529.79565	2	35.8654	2
1057.57760	529.79605	2	44.5738	2
1057.61645	529.81550	2	37.1138	2
1057.63845	529.82650	2	77.9159	2
1058.49335	530.25395	2	50.6284	2
1058.54465	530.27960	2	78.5667	2
1058.55810	530.28630	2	72.1588	2
1058.57200	530.29330	2	46.8573	2
1058.59420	530.30440	2	39.6676	2
1059.50810	530.76135	2	43.4595	2
1059.53880	530.77670	2	55.4170	2
1059.60070	530.80760	2	56.7996	2
1060.47505	531.24480	2	33.4701	2
1060.52285	531.26870	2	74.3772	2
1060.61720	531.31590	2	83.2958	2
1061.55090	531.78275	2	44.8228	2
1061.57630	531.79545	2	74.7961	2
1062.52440	532.26945	2	77.9239	2
1062.53395	532.27425	2	56.4032	2
1062.57070	532.29265	2	60.2800	2
1062.58260	532.29860	2	56.0615	2
1063.52930	532.77190	2	44.0107	2
1063.54095	532.77775	2	46.1641	2
1063.60735	532.81095	2	76.1491	2
1064.52425	533.26940	2	38.6994	2
1064.56140	533.28800	2	30.9080	2
1064.63440	533.32450	2	54.3629	2
1065.44740	533.73095	2	46.4860	2
1065.55275	533.78365	2	78.2643	2
1065.55330	533.78390	2	61.2999	2
1066.45720	534.23585	2	53.8362	2
1066.46830	534.24140	2	31.8714	2
1066.50435	534.25945	2	30.4906	2
1066.50470	534.25960	2	32.5958	2
1066.51825	534.26640	2	56.2170	2
1066.60670	534.31065	2	81.4198	2
1066.63890	534.32670	2	80.1378	1
1067.51295	534.76375	2	45.4648	2
1067.57240	534.79350	2	52.5720	2
1068.55025	535.28240	2	36.5968	2
1068.55850	535.28650	2	63.6895	2
1068.58000	535.29730	2	60.1006	2
1068.59310	535.30385	2	56.8558	2
1068.61950	535.31700	2	42.4759	1
1068.61990	535.31720	2	59.2757	1
1068.65355	535.33405	2	45.2520	2
1070.60740	536.31100	2	74.2490	1
1070.61980	536.31715	2	40.6309	2
1070.63350	536.32405	2	69.0105	2
1070.65865	536.33660	2	75.9927	2
1071.41670	536.71565	2	39.6176	2
1071.52380	536.76920	2	40.5723	1
1071.56605	536.79030	2	48.9066	2
1072.52865	537.27160	2	47.4100	2
1072.57420	537.29440	2	73.4140	2
1072.57570	537.29515	2	53.6494	6
1072.59685	537.30570	2	38.7198	2
1072.61315	537.31385	2	40.8717	2
1073.49890	537.75670	2	44.6678	2
1073.51810	537.76630	2	54.1396	2
1073.52700	537.77080	2	33.6846	3
1073.58715	537.80085	2	43.7475	2
1073.59145	537.80300	2	58.9328	2
1073.60830	537.81140	2	34.1577	1
1073.60855	537.81155	2	86.4010	2
1073.65900	537.83680	2	63.1964	2
1074.54665	538.28060	2	43.1441	2
1074.55035	538.28245	2	53.2028	2
1074.57105	538.29280	2	59.5860	2
1075.47865	538.74660	2	33.1490	2
1075.53270	538.77365	2	65.6805	2
1075.55800	538.78630	2	61.2985	1
1075.59095	538.80275	2	70.3954	2
1075.61265	538.81360	2	57.4399	2
1075.62755	538.82105	2	67.3470	2
1076.51360	539.26410	2	49.1217	2
1076.53040	539.27250	2	32.5849	3
1076.55995	539.28725	2	53.9836	2
1076.56075	539.28765	2	37.4446	2
1076.57270	539.29365	2	42.4824	2
1077.57070	539.79260	2	64.3799	1
1077.60510	539.80980	2	38.8708	2
1078.50465	540.25960	2	40.5580	2
1080.52770	541.27110	2	52.0129	1
1081.45680	541.73565	2	40.0031	2
1081.62380	541.81915	2	59.6551	2
1082.53250	542.27355	2	54.5477	2
1082.55585	542.28520	2	81.9780	2
1082.64525	542.32990	2	54.7770	2
1084.48610	543.25030	2	38.0138	2
1084.52010	543.26730	2	73.5238	2
1084.54345	543.27900	2	27.2372	2
1084.57005	543.29230	2	45.2027	2
1084.57235	543.29345	2	88.8723	2
1084.57605	543.29530	2	93.7507	2
1084.63845	543.32650	2	78.4802	2
1084.66060	543.33760	2	55.2637	2
1085.60795	543.81125	2	51.2160	2
1085.60820	543.81140	2	54.0744	1
1085.61370	543.81410	2	43.3471	2
1085.62345	543.81900	2	74.6588	2
1085.64455	543.82955	2	67.0013	2
1086.06370	544.03910	2	50.0339	4
1086.55550	544.28505	2	47.4702	2
1086.56690	544.29070	2	32.7167	2
1087.55210	544.78335	2	50.7831	2
1087.56240	544.78845	2	41.8135	2
1087.58790	544.80120	2	41.0720	2
1087.59760	544.80610	2	44.7737	2
1087.61315	544.81385	2	69.9895	2
1088.45485	545.23470	2	36.1414	2
1088.49760	545.25610	2	59.8291	1
1088.50935	545.26195	2	30.7900	2
1088.55510	545.28480	2	70.6355	2
1088.57155	545.29305	2	31.8370	2
1088.60825	545.31140	2	34.6496	2
1089.51820	545.76640	2	31.3701	1
1089.53235	545.77345	2	41.2765	2
1089.55670	545.78565	2	33.3444	2
1089.56690	545.79070	2	62.3086	2
1089.56690	545.79070	2	59.2808	1
1089.60285	545.80870	2	44.2701	2
1090.46815	546.24135	2	36.9852	2
1090.60235	546.30845	2	58.6056	2
1091.59840	546.80650	2	40.1649	1
1092.53875	547.27665	2	54.7166	2
1092.58160	547.29805	2	53.5448	2
1093.53970	547.77715	2	43.5329	2
1093.54020	547.77740	2	57.4795	2
1094.55205	548.28330	2	67.6403	2
1094.55515	548.28485	2	77.2721	2
1094.56105	548.28780	2	32.1175	2
1094.56560	548.29010	2	47.4650	2
1094.57180	548.29320	2	35.6257	5
1094.59720	548.30590	2	57.1218	1
1095.46635	548.74045	2	52.5396	2
1095.55620	548.78540	2	55.6545	1
1095.56405	548.78930	2	68.9911	2
1095.56870	548.79160	2	30.5865	1
1096.51975	549.26715	2	47.9918	2
1096.56245	549.28850	2	41.4649	2
1097.60795	549.81125	2	55.9660	2
1097.61990	549.81720	2	35.9747	1
1098.53620	550.27540	2	44.5501	2
1098.58010	550.29730	2	34.9518	1
1098.58245	550.29850	2	49.8106	2
1099.49320	550.75385	2	59.7697	2
1099.56285	550.78870	2	41.2869	2
1100.46060	551.23760	2	65.8300	2
1100.55720	551.28590	2	36.7978	2
1100.55790	551.28620	2	32.6508	2
1100.57190	551.29320	2	70.7333	2
1101.52475	551.76965	2	55.2318	2
1101.55540	551.78495	2	69.9971	2
1101.60580	551.81020	2	36.9291	2
1101.65105	551.83280	2	52.6485	2
1102.56370	552.28910	2	33.5086	4
1102.57725	552.29590	2	63.7246	2
1102.58710	552.30085	2	35.2919	2
1103.56075	552.78765	2	38.7219	2
1103.58220	552.79840	2	50.0868	2
1103.63830	552.82645	2	84.1083	2
1104.44960	553.23210	2	30.0065	1
1104.47630	553.24540	2	33.9529	4
1104.50940	553.26195	2	52.3799	2
1104.53050	553.27250	2	43.8695	1
1104.54490	553.27970	2	43.5348	3
1104.54670	553.28065	2	46.0721	2
1104.56365	553.28910	2	48.0765	2
1104.56630	553.29040	2	32.3900	2
1104.59280	553.30365	2	59.4377	2
1104.62600	553.32030	2	87.2144	2
1104.68790	553.35120	2	88.4321	1
1105.57625	553.79540	2	64.3352	2
1106.53935	554.27695	2	47.1163	2
1106.58685	554.30070	2	82.4532	2
1106.60860	554.31160	2	81.8454	2
1107.53840	554.77650	2	60.7466	2
1107.54455	554.77955	2	53.7818	2
1107.54930	554.78190	2	65.2841	2
1107.55660	554.78560	2	36.2655	2
1107.57600	554.79530	2	86.7377	5
1107.59330	554.80395	2	44.1001	2
1108.51410	555.26430	2	30.9563	2
1108.57040	555.29250	2	47.9555	1
1108.57255	555.29355	2	77.7434	2
1108.92035	555.46745	2	36.3059	4
1109.50350	555.75905	2	74.6913	2
1109.53370	555.77415	2	78.2874	2
1109.53975	555.77715	2	46.6947	2
1109.54960	555.78205	2	89.7387	2
1109.57060	555.79260	2	31.9942	1
1109.58760	555.80110	2	57.9123	2
1109.61270	555.81365	2	70.6577	2
1109.68090	555.84770	2	78.1676	2
1110.52030	556.26745	2	59.7398	2
1110.59070	556.30265	2	82.7089	2
1110.66560	556.34005	2	73.7893	2
1111.57080	556.79265	2	32.9478	2
1112.42150	557.21800	2	34.7367	1
1113.60270	557.80860	2	59.8541	1
1114.55685	558.28570	2	77.5867	2
1114.56160	558.28810	2	38.6192	1
1114.56635	558.29045	2	63.9041	2
1114.62365	558.31910	2	61.5122	2
1114.63410	558.32435	2	52.5065	2
1115.05345	558.53400	2	45.8225	4
1115.51385	558.76420	2	46.6346	2
1115.52500	558.76980	2	32.1410	2
1115.55740	558.78595	2	33.7292	2
1115.57400	558.79425	2	41.1663	2
1115.60120	558.80790	2	55.3131	2
1116.54100	559.27780	2	32.7522	1
1116.56705	559.29080	2	53.8098	2
1116.58245	559.29850	2	72.0236	2
1116.60260	559.30860	2	30.8259	2
1116.61355	559.31405	2	34.1580	2
1116.65400	559.33430	2	82.6564	2
1117.52730	559.77095	2	38.4589	2
1117.54305	559.77880	2	41.6699	2
1117.56380	559.78920	2	50.4905	3
1117.58650	559.80050	2	74.0028	1
1117.59800	559.80630	2	49.0596	1
1117.60585	559.81020	2	70.3385	2
1118.01780	560.01620	2	45.7504	4
1118.48455	560.24955	2	31.8637	2
1118.54775	560.28115	2	75.5929	2
1118.63415	560.32435	2	56.4743	2
1119.54200	560.77830	2	68.7235	1
1119.58345	560.79900	2	61.9401	2
1119.59505	560.80480	2	66.7763	2
1119.66990	560.84220	2	82.2055	2
1120.05985	561.03720	2	56.8925	4
1120.57650	561.29550	2	59.8059	2
1121.53655	561.77555	2	68.0714	2
1121.54770	561.78110	2	42.3524	3
1121.60935	561.81195	2	47.0263	2
1122.51235	562.26345	2	59.0357	2
1123.47790	562.74625	2	45.6930	2
1123.57070	562.79265	2	56.7724	2
1123.58110	562.79780	2	53.2649	2
1124.59095	563.30275	2	61.4271	2
1124.62010	563.31735	2	68.7603	2
1124.63125	563.32290	2	36.6314	8
1124.68115	563.34785	2	80.0294	2
1125.40860	563.71160	2	28.7651	1
1125.51155	563.76305	2	33.9051	2
1125.53755	563.77605	2	48.5042	2
1125.57145	563.79300	2	42.5032	2
1125.63945	563.82700	2	60.4092	2
1126.49560	564.25510	2	53.8694	2
1126.66240	564.33850	2	76.6658	3
1127.47420	564.74435	2	68.4115	2
1127.56525	564.78990	2	41.8424	2
1127.61215	564.81335	2	61.5433	2
1127.65500	564.83480	2	52.1126	3
1128.56525	565.28990	2	41.1662	2
1128.57780	565.29620	2	42.0536	2
1128.59060	565.30260	2	31.1597	2
1128.63850	565.32650	2	59.1567	2
1129.58105	565.79780	2	55.0741	2
1129.63300	565.82375	2	34.1028	2
1129.63445	565.82450	2	38.9932	2
1129.67095	565.84275	2	69.5490	2
1130.55670	566.28560	2	46.8182	2
1131.57755	566.79605	2	33.2421	2
1131.62960	566.82210	2	69.9278	2
1131.65435	566.83445	2	81.3154	2
1132.53660	567.27560	2	31.5296	2
1132.55550	567.28505	2	56.2838	2
1132.58920	567.30190	2	61.3046	2
1133.55400	567.78430	2	68.6297	2
1133.57155	567.79305	2	55.4051	2
1133.57195	567.79325	2	71.7934	2
1133.57455	567.79455	2	65.6509	2
1133.60870	567.81165	2	61.7173	2
1133.64500	567.82980	2	67.4971	1
1134.53470	568.27465	2	43.2638	2
1134.53510	568.27480	2	45.9923	2
1134.57930	568.29690	2	45.7843	3
1135.59830	568.80645	2	46.7747	2
1136.53595	569.27525	2	52.8362	2
1136.55930	569.28690	2	58.1783	1
1136.57105	569.29280	2	57.1636	2
1136.57120	569.29290	2	60.3472	2
1137.56445	569.78950	2	82.2334	2
1137.57785	569.79620	2	54.6079	2
1137.59050	569.80250	2	34.4454	1
1138.56555	570.29005	2	61.7121	2
1138.58740	570.30100	2	33.5828	1
1139.54530	570.77990	2	53.9634	2
1139.62990	570.82225	2	38.7522	2
1139.65470	570.83460	2	61.0071	2
1140.05320	571.03385	2	65.9865	4
1140.52340	571.26895	2	32.2760	2
1140.56065	571.28760	2	76.6929	2
1141.55605	571.78530	2	71.2777	2
1141.56845	571.79150	2	62.0409	2
1141.59775	571.80615	2	31.3939	2
1141.61040	571.81250	2	58.7944	2
1141.64010	571.82730	2	82.1008	1
1142.03260	572.02355	2	64.3920	4
1142.48790	572.25125	2	44.6777	2
1142.55665	572.28560	2	90.1894	2
1142.55820	572.28635	2	51.2500	2
1142.61805	572.31630	2	54.2715	2
1142.63300	572.32375	2	32.8296	2
1143.50770	572.76115	2	55.1347	2
1143.57235	572.79345	2	64.9276	2
1143.58800	572.80130	2	33.4299	2
1143.69070	572.85260	2	86.4692	2
1144.58770	573.30115	2	49.1316	2
1144.59610	573.30535	2	59.5377	2
1144.60960	573.31205	2	37.1361	2
1144.63675	573.32565	2	56.6381	2
1145.08400	573.54930	2	56.8568	4
1145.57550	573.79505	2	46.5421	2
1145.67000	573.84230	2	70.1467	1
1146.57640	574.29550	2	45.1016	2
1146.58480	574.29970	2	72.1170	2
1146.61365	574.31410	2	52.3476	2
1147.55080	574.78270	2	61.6468	1
1147.55500	574.78475	2	48.4472	2
1147.55505	574.78480	2	42.7667	2
1147.57950	574.79700	2	64.4784	2
1147.58815	574.80135	2	54.2050	2
1147.64030	574.82740	2	87.5024	1
1148.51375	575.26415	2	33.2235	2
1148.54715	575.28085	2	52.5936	2
1148.57095	575.29275	2	79.6387	2
1148.60860	575.31155	2	61.9045	2
1148.60890	575.31170	2	57.5981	1
1149.51670	575.76560	2	69.3734	1
1149.56660	575.79060	2	57.0985	2
1149.56725	575.79090	2	67.4498	2
1150.05960	576.03705	2	58.3632	4
1150.54250	576.27850	2	32.7473	2
1150.58660	576.30060	2	54.6905	2
1150.58800	576.30125	2	47.8493	2
1150.62300	576.31880	2	59.7381	1
1151.49300	576.75380	2	51.7012	2
1151.65320	576.83390	2	68.2959	2
1151.72890	576.87170	2	75.4120	2
1152.52750	577.27100	2	29.7399	1
1152.53030	577.27245	2	53.3586	2
1152.54105	577.27780	2	91.5034	2
1152.54925	577.28190	2	60.2281	2
1152.55270	577.28365	2	36.0794	2
1152.58505	577.29980	2	57.8266	2
1153.51790	577.76620	2	66.3807	2
1153.65150	577.83300	2	84.4220	1
1154.57230	578.29345	2	62.9009	2
1154.61990	578.31720	2	58.8757	2
1154.63060	578.32260	2	44.5106	2
1155.56360	578.78905	2	33.8789	2
1155.58105	578.79780	2	87.9327	2
1155.61420	578.81435	2	50.9728	2
1155.62670	578.82065	2	51.8207	2
1155.64990	578.83225	2	48.7872	2
1156.51560	579.26510	2	27.8490	1
1156.51820	579.26640	2	55.2399	1
1156.51880	579.26665	2	44.4178	2
1156.59050	579.30250	2	85.0713	2
1156.60320	579.30885	2	66.4373	2
1157.57730	579.79590	2	75.1409	2
1157.59140	579.80295	2	58.0615	2
1157.59435	579.80445	2	52.1591	2
1157.63250	579.82350	2	53.0193	2
1158.59935	580.30695	2	41.5810	2
1158.62435	580.31945	2	47.3325	2
1159.57315	580.79385	2	64.0370	2
1159.57365	580.79410	2	33.3391	2
1159.58345	580.79900	2	45.2310	2
1159.59480	580.80470	2	40.6081	2
1159.61995	580.81725	2	39.4639	2
1159.63955	580.82705	2	79.8283	2
1160.56450	581.28950	2	36.5637	2
1160.58655	581.30055	2	49.3701	2
1160.58690	581.30075	2	66.6080	2
1160.59265	581.30360	2	72.8499	2
1160.59705	581.30580	2	53.9907	2
1160.60790	581.31120	2	61.4165	2
1160.61540	581.31500	2	35.7531	3
1161.59910	581.80680	2	45.5590	2
1161.59955	581.80705	2	53.4223	2
1161.60780	581.81115	2	72.7171	2
1161.61510	581.81480	2	53.1003	2
1161.65770	581.83615	2	95.2844	2
1162.55270	582.28360	2	41.2177	1
1162.58170	582.29810	2	65.1221	1
1162.59120	582.30290	2	63.0621	1
1162.59905	582.30680	2	71.5669	2
1163.57630	582.79545	2	65.4124	2
1163.58250	582.79850	2	58.3674	1
1163.60800	582.81130	2	67.1242	2
1164.56980	583.29220	2	31.2630	2
1164.60300	583.30880	2	60.4668	1
1164.60355	583.30905	2	54.6335	2
1164.72320	583.36885	2	70.2506	2
1165.46125	583.73790	2	34.3241	2
1165.57735	583.79595	2	81.6867	4
1165.59880	583.80670	2	46.4323	2
1165.63465	583.82460	2	64.2215	2
1166.54285	584.27870	2	46.5421	2
1167.59250	584.80350	2	75.8873	1
1167.61845	584.81650	2	84.5997	2
1168.63165	585.32310	2	77.8373	2
1168.68065	585.34760	2	69.5952	2
1168.68205	585.34830	2	58.1717	2
1168.74395	585.37925	2	79.2337	2
1169.13745	585.57600	2	49.8882	4
1169.57200	585.79325	2	54.0763	2
1170.57700	586.29575	2	45.9332	2
1170.62520	586.31990	2	46.9969	2
1170.66010	586.33735	2	70.2715	2
1170.66100	586.33780	2	66.5562	2
1171.57625	586.79540	2	65.0991	2
1171.62040	586.81750	2	50.0536	2
1171.62410	586.81930	2	55.8127	2
1171.70020	586.85740	2	54.5731	2
1172.59665	587.30560	2	65.5809	2
1172.61470	587.31460	2	39.9312	2
1172.61950	587.31700	2	71.1637	3
1172.62855	587.32155	2	73.5811	2
1172.62970	587.32215	2	65.8564	2
1172.64005	587.32730	2	70.7604	2
1173.50165	587.75810	2	60.3006	2
1173.58905	587.80180	2	46.2884	2
1173.61345	587.81400	2	85.0602	2
1174.06685	588.04070	2	33.0262	4
1174.51115	588.26285	2	43.0008	2
1174.54840	588.28150	2	31.4345	2
1174.56160	588.28805	2	53.9253	2
1175.53670	588.77560	2	43.9740	1
1175.57320	588.79390	2	60.3859	2
1175.58730	588.80095	2	68.6394	2
1175.61800	588.81630	2	41.1371	2
1175.65510	588.83480	2	58.7619	2
1176.50070	589.25760	2	31.2856	2
1176.58210	589.29835	2	52.7070	2
1177.63430	589.82440	2	65.9964	2
1177.66155	589.83805	2	84.4833	2
1177.66270	589.83860	2	90.0761	3
1178.51765	590.26610	2	37.5088	2
1178.54640	590.28045	2	47.7359	2
1178.56410	590.28930	2	28.6193	1
1179.61710	590.81580	2	50.6259	1
1180.52390	591.26920	2	62.1565	2
1180.59760	591.30610	2	64.4391	2
1180.70740	591.36100	2	85.3896	2
1181.65210	591.83330	2	54.5399	2
1182.54120	592.27790	2	74.6535	2
1182.60400	592.30925	2	71.0935	2
1182.62675	592.32065	2	72.1457	2
1182.66400	592.33930	2	58.1778	2
1182.67970	592.34715	2	78.3587	2
1183.62070	592.81760	2	50.5646	1
1184.58610	593.30030	2	60.9469	2
1184.60460	593.30960	2	49.9644	2
1185.57500	593.79480	2	85.9278	2
1185.57755	593.79605	2	35.4859	2
1185.63970	593.82710	2	78.9503	2
1185.65145	593.83300	2	63.7845	2
1186.54375	594.27915	2	44.9765	2
1186.65620	594.33540	2	46.7302	1
1186.65660	594.33560	2	46.7584	1
1187.59070	594.80265	2	49.3585	2
1187.59540	594.80495	2	65.0805	2
1187.62250	594.81855	2	77.0807	2
1187.70275	594.85865	2	80.2487	2
1187.70310	594.85885	2	87.7248	2
1188.58935	595.30195	2	41.6088	2
1188.59900	595.30680	2	45.7278	2
1188.61620	595.31535	2	50.2085	2
1188.67090	595.34270	2	60.6619	2
1189.54040	595.77745	2	78.3586	2
1189.63855	595.82655	2	51.9300	2
1189.64665	595.83060	2	69.6692	2
1189.67180	595.84315	2	73.9764	2
1190.56070	596.28765	2	54.8341	2
1190.59070	596.30260	2	33.1110	1
1190.60055	596.30755	2	63.9277	2
1191.61395	596.81425	2	57.3482	2
1191.66460	596.83955	2	82.0716	2
1192.52850	597.27155	2	46.0403	2
1192.58810	597.30130	2	69.3410	1
1192.59805	597.30630	2	55.6014	2
1192.61625	597.31540	2	66.1595	2
1192.66105	597.33780	2	86.7043	2
1193.61650	597.81555	2	37.5975	2
1193.63305	597.82380	2	67.4153	2
1193.67085	597.84270	2	89.7278	2
1194.51160	598.26305	2	30.3386	2
1194.58140	598.29800	2	82.4198	1
1194.61430	598.31440	2	66.9406	2
1195.60940	598.81195	2	60.1295	2
1196.55005	599.28230	2	44.8562	2
1196.57310	599.29385	2	34.2868	2
1196.64960	599.33205	2	48.6621	2
1197.54525	599.77990	2	77.6750	2
1197.57030	599.79245	2	52.0937	2
1197.57525	400.19905	3	34.5172	2
1197.59170	599.80310	2	62.9858	2
1197.62340	599.81900	2	59.5523	1
1197.63560	400.21910	3	52.6701	1
1197.66590	599.84020	2	73.9975	1
1197.69770	599.85615	2	74.8996	2
1198.61975	400.54720	3	51.9457	2
1198.65550	400.55910	3	39.8102	2
1198.65630	600.33545	2	39.8450	2
1199.54665	600.78060	2	54.4737	2
1199.66720	600.84090	2	89.7897	1
1199.71295	600.86375	2	78.0757	2
1200.61925	401.21370	3	41.3114	2
1200.62305	601.31880	2	58.6935	2
1200.62480	601.31965	2	41.2519	2
1200.64635	601.33045	2	51.9668	2
1200.65155	601.33305	2	79.3318	2
1201.09105	601.55280	2	42.1274	4
1201.59830	601.80640	2	65.7310	1
1201.60970	401.54380	3	47.1488	2
1201.61950	601.81700	2	74.5288	2
1201.63040	401.55075	3	35.0793	2
1201.63045	601.82250	2	35.6150	2
1201.66605	401.56260	3	46.2175	2
1201.66780	601.84120	2	56.3688	2
1202.58810	602.30130	2	38.1259	1
1202.58930	602.30195	2	39.4064	2
1202.60470	401.87550	3	48.1242	1
1202.60530	401.87570	3	48.1474	1
1202.60575	602.31015	2	48.1969	2
1202.64355	602.32905	2	38.1932	2
1202.65095	602.33275	2	64.5074	2
1203.59915	602.80685	2	40.6675	2
1203.61720	602.81590	2	57.3909	3
1203.67150	602.84300	2	51.4628	2
1204.48210	603.24835	2	41.4954	2
1204.58415	603.29935	2	52.4391	2
1204.60180	603.30820	2	56.3017	1
1204.60745	603.31100	2	56.6758	2
1204.61340	603.31395	2	79.7310	2
1204.61400	603.31430	2	92.6662	1
1204.65770	402.55985	3	47.6936	2
1204.65790	603.33625	2	47.7040	2
1205.56485	402.86225	3	59.2166	2
1205.59080	402.87085	3	58.8836	2
1205.62855	603.82155	2	55.9790	2
1205.63050	402.88410	3	51.5726	1
1205.64085	603.82770	2	54.1108	2
1205.71260	402.91145	3	64.7615	2
1205.71400	603.86425	2	64.8297	2
1206.59460	604.30455	2	60.6316	2
1206.60740	604.31100	2	72.4371	2
1206.62480	604.31970	2	64.0383	1
1206.66200	604.33830	2	91.4644	1
1207.57230	604.79340	2	62.1991	1
1207.57275	604.79365	2	63.2403	2
1207.57670	403.53280	3	37.1314	1
1207.62160	604.81810	2	54.9162	1
1207.62415	604.81935	2	72.1508	2
1207.67200	604.84330	2	84.1719	2
1207.76605	604.89030	2	80.6222	2
1208.52310	605.26885	2	38.2829	2
1208.59450	605.30455	2	82.5208	2
1208.60360	605.30910	2	67.9798	2
1209.58815	605.80135	2	47.7603	2
1209.62430	605.81940	2	61.1809	1
1210.56115	606.28785	2	46.2559	2
1210.58750	606.30105	2	76.6223	2
1210.59880	606.30670	2	62.7464	2
1210.63010	404.55060	3	36.9751	1
1210.73945	606.37700	2	70.4301	2
1211.59695	606.80575	2	61.8769	2
1211.61965	606.81710	2	77.7682	2
1211.62600	404.88260	3	34.4628	1
1211.65140	404.89105	3	48.2492	2
1211.65160	606.83305	2	48.2598	2
1211.65650	606.83555	2	87.0913	2
1212.56630	405.19600	3	26.7418	1
1212.64800	405.22330	3	55.9312	1
1213.64600	405.55590	3	53.4725	1
1213.66685	607.84070	2	47.9752	2
1213.67040	405.56410	3	81.6223	2
1214.59810	608.30630	2	63.1562	1
1214.70275	608.35865	2	62.6885	2
1215.59860	608.80655	2	50.0472	2
1215.64655	608.83055	2	59.8908	2
1215.65295	608.83375	2	82.5208	2
1215.68160	608.84810	2	33.6949	2
1215.68375	406.23520	3	33.6310	2
1216.57565	609.29510	2	48.7143	2
1216.57580	609.29515	2	38.4240	2
1216.62345	609.31900	2	54.7996	2
1216.65735	609.33595	2	69.5211	2
1216.72560	609.37005	2	85.4994	2
1217.56175	609.78815	2	69.8320	2
1217.60770	609.81110	2	57.2865	2
1217.60850	609.81150	2	75.6137	1
1217.67600	406.89925	3	67.9138	2
1218.66440	610.33950	2	82.9758	2
1219.61120	610.81290	2	49.3560	2
1219.71850	610.86650	2	86.4430	2
1220.63990	611.32725	2	54.2358	2
1220.64115	611.32785	2	77.9512	2
1221.13250	611.57350	2	50.0662	4
1221.51830	611.76640	2	45.0014	1
1221.59835	611.80645	2	58.5332	2
1221.61030	408.21070	3	30.3863	2
1221.61060	611.81260	2	30.4627	2
1221.63650	611.82550	2	56.2352	3
1222.62150	612.31800	2	56.2090	1
1223.54125	612.77790	2	46.2175	2
1223.55350	408.85840	3	31.6553	1
1223.62560	612.82005	2	34.9262	2
1223.65005	408.89065	3	47.5304	2
1223.65090	408.89090	3	47.1667	1
1223.71470	612.86460	2	79.1315	7
1224.62425	613.31940	2	68.0982	2
1224.62840	613.32150	2	53.7097	2
1224.62915	409.21695	3	53.8011	2
1224.65775	409.22650	3	35.8352	2
1224.65865	613.33660	2	36.1121	2
1224.68370	613.34915	2	42.8249	2
1225.67165	613.84310	2	68.9216	2
1226.69940	614.35695	2	58.9092	2
1226.70665	614.36060	2	81.1624	2
1227.65765	614.83610	2	58.4735	2
1227.66120	614.83790	2	69.8584	2
1227.67225	614.84340	2	67.8141	2
1227.68220	614.84835	2	64.3097	2
1227.68250	410.23475	3	49.5981	2
1228.68620	615.35040	2	63.4672	1
1228.73880	615.37665	2	82.3875	2
1229.55760	615.78605	2	40.9941	2
1229.61160	615.81310	2	78.5442	2
1229.62080	615.81770	2	49.5247	2
1229.64980	615.83215	2	47.3487	2
1229.65010	410.89060	3	47.2609	2
1229.65150	615.83300	2	65.1273	1
1229.70000	615.85730	2	39.6950	1
1229.73795	410.91995	3	58.6627	2
1230.55920	411.19365	3	32.0407	2
1230.58260	616.29855	2	41.1299	2
1230.58760	616.30110	2	59.6227	2
1230.58900	411.20360	3	34.1790	1
1230.62150	616.31805	2	48.5274	2
1230.63940	616.32695	2	78.6721	2
1230.65685	616.33570	2	40.8843	2
1230.66255	616.33855	2	82.3006	2
1231.58680	616.80070	2	35.5491	2
1231.62385	616.81920	2	54.7405	2
1231.62520	616.81985	2	87.5523	2
1231.65625	616.83540	2	60.2873	2
1231.69330	411.57170	3	57.6698	2
1232.57210	617.29330	2	32.8872	1
1232.60785	617.31120	2	45.7826	2
1233.60330	412.20840	3	79.8213	2
1233.60790	617.81120	2	50.2516	1
1233.60930	617.81190	2	61.8001	1
1233.62090	617.81770	2	43.5100	2
1233.66150	617.83800	2	56.9442	2
1234.56920	412.53035	3	39.9365	2
1234.59810	618.30630	2	34.3886	2
1234.65395	618.33425	2	63.8936	2
1235.60720	618.81090	2	39.1816	2
1235.60755	412.87645	3	39.1763	2
1235.64850	618.83150	2	48.8801	2
1235.65065	412.89080	3	48.8410	2
1235.66885	412.89690	3	57.8244	2
1235.66945	618.84200	2	57.8816	2
1235.69860	618.85660	2	52.8871	1
1236.56315	619.28885	2	48.0262	2
1236.67160	619.34310	2	73.2849	1
1237.63505	413.55230	3	36.9801	2
1237.63535	619.82495	2	37.0491	2
1237.64625	619.83040	2	63.7492	2
1237.74060	619.87755	2	67.4444	2
1238.61580	620.31520	2	46.5674	1
1239.59200	620.80330	2	58.3114	2
1239.59560	414.20580	3	34.8618	2
1239.63850	620.82655	2	84.1802	2
1239.68390	620.84925	2	75.0137	2
1239.71905	620.86680	2	73.8452	2
1240.16040	621.08745	2	48.3991	4
1240.58785	414.53655	3	35.3930	2
1240.61940	621.31700	2	60.3110	1
1240.70065	621.35760	2	90.7098	2
1240.70300	621.35880	2	71.3726	1
1241.59305	621.80380	2	70.8282	2
1241.66480	621.83970	2	61.6787	1
1241.67315	621.84385	2	42.8423	2
1241.69805	621.85630	2	78.0469	2
1241.77495	621.89475	2	77.2507	2
1241.77515	414.93235	3	77.1501	2
1242.56540	622.29000	2	57.3753	1
1242.63670	415.21950	3	43.6788	2
1242.63755	622.32605	2	43.7150	2
1242.64600	622.33030	2	54.5684	1
1242.70780	622.36120	2	95.1267	1
1244.54230	623.27840	2	52.1881	2
1244.56800	623.29130	2	46.1639	2
1244.61035	415.87740	3	32.9209	2
1244.63320	623.32390	2	65.8928	2
1244.67280	415.89820	3	35.8405	2
1244.67400	623.34430	2	75.1340	1
1245.62170	623.81810	2	47.0098	2
1245.62205	416.21460	3	46.9111	2
1245.65095	623.83275	2	81.4301	2
1245.65705	623.83580	2	42.7243	2
1245.67200	416.23125	3	54.3254	2
1245.67545	623.84500	2	41.7314	2
1246.61330	416.54500	3	54.1313	1
1246.64950	416.55710	3	66.6769	2
1246.67150	624.34300	2	78.5675	1
1246.69165	624.35310	2	72.0593	2
1247.57860	624.79655	2	45.5030	2
1247.60570	624.81010	2	69.3786	1
1248.61710	625.31585	2	87.7411	2
1248.61950	625.31700	2	57.5161	2
1248.67105	625.34280	2	60.5144	2
1249.63090	625.82270	2	56.8272	2
1249.65265	625.83360	2	63.5058	2
1249.65660	625.83560	2	82.5860	2
1250.61460	626.31460	2	67.1787	1
1250.72595	626.37025	2	87.3682	2
1250.76030	626.38740	2	71.8475	1
1251.66090	626.83770	2	74.4127	2
1251.66610	418.22930	3	49.5666	2
1252.73935	627.37695	2	78.7008	2
1252.75125	418.59100	3	65.3827	2
1252.77720	627.39590	2	91.1134	1
1253.55915	627.78685	2	65.8663	2
1253.62975	418.88385	3	31.4186	2
1253.62980	627.82220	2	31.4821	1
1254.58830	628.30140	2	67.8824	2
1254.59985	628.30720	2	79.8606	2
1254.73000	628.37225	2	39.3285	2
1254.73005	628.37230	2	68.8498	2
1254.73015	419.25065	3	39.2913	2
1254.73405	419.25195	3	51.6911	2
1255.58385	628.79920	2	42.3399	2
1255.62750	628.82100	2	69.5418	2
1255.65670	419.55950	3	53.0466	2
1255.66800	628.84130	2	73.4528	2
1255.67915	628.84685	2	50.4174	2
1255.70260	628.85855	2	68.6627	2
1255.71260	628.86360	2	64.7265	1
1255.71410	419.57860	3	64.6659	2
1256.60695	629.31075	2	58.2503	2
1256.61160	629.31310	2	89.0338	1
1256.61175	629.31315	2	49.7487	2
1256.69790	419.90660	3	46.6587	2
1256.69825	629.35640	2	46.6291	2
1256.70315	629.35885	2	96.4240	2
1257.64675	629.83065	2	41.4015	2
1257.64870	420.22350	3	41.4244	1
1257.67255	629.84355	2	55.0069	4
1257.69980	629.85720	2	88.0246	1
1258.59845	630.30650	2	80.6222	2
1258.67590	630.34525	2	66.7084	2
1258.68945	630.35200	2	51.7493	2
1258.76325	630.38890	2	86.5418	2
1259.63405	630.82430	2	74.7048	2
1259.63560	630.82505	2	57.4478	2
1259.66160	630.83805	2	58.0075	2
1259.72385	630.86920	2	76.2131	2
1260.57350	421.19840	3	36.1911	1
1260.57745	631.29600	2	34.8994	2
1260.58790	631.30120	2	41.4545	2
1260.60265	631.30860	2	45.1093	2
1260.67225	631.34340	2	56.4382	2
1261.57990	631.79720	2	50.2932	2
1261.62235	421.54805	3	39.2662	2
1261.62260	631.81860	2	88.7010	1
1261.67050	421.56410	3	36.6318	1
1261.74435	631.87945	2	94.8703	2
1262.60740	421.87640	3	45.7998	1
1263.61985	632.81720	2	32.0753	2
1263.62015	422.21400	3	32.0353	2
1263.62890	632.82175	2	55.8781	2
1263.67200	632.84330	2	88.3037	2
1263.68290	632.84870	2	66.1516	2
1264.64805	422.55660	3	60.3602	2
1264.64835	633.33145	2	60.4561	2
1264.77325	633.39390	2	92.6212	2
1265.68830	633.85145	2	50.9649	2
1266.56260	634.28855	2	45.1900	2
1266.60100	634.30780	2	59.3073	1
1266.60890	423.21020	3	61.6679	1
1266.62075	423.21420	3	36.5559	2
1266.62400	634.31930	2	36.5201	1
1266.62460	634.31960	2	70.0178	1
1266.62790	634.32120	2	70.5230	1
1267.64855	634.83155	2	81.5820	2
1267.68935	634.85195	2	48.9436	2
1268.61595	423.87925	3	52.5617	2
1268.66185	635.33820	2	50.1707	2
1268.66215	423.89465	3	50.1071	2
1268.69840	635.35650	2	69.1311	2
1269.62455	635.81955	2	79.9004	2
1269.63005	635.82230	2	62.7868	2
1269.65170	424.22450	3	66.3709	1
1269.65870	635.83660	2	46.0251	3
1269.70365	635.85910	2	62.2068	2
1269.73000	635.87225	2	77.5757	2
1270.64070	424.55420	3	49.1508	3
1270.65255	636.33355	2	42.5398	2
1270.70040	424.57405	3	61.3299	2
1270.72825	636.37140	2	91.5301	2
1271.56505	424.86230	3	76.8790	2
1271.62330	636.81890	2	59.0129	2
1271.68750	424.90310	3	59.3925	2
1271.69090	636.85275	2	63.4310	2
1271.76065	636.88760	2	81.4248	2
1272.57090	637.29270	2	41.3070	1
1272.65720	637.33590	2	46.9044	1
1272.69255	637.35355	2	63.8989	2
1273.63430	637.82440	2	73.0434	1
1273.65580	637.83520	2	65.7698	2
1273.66985	637.84220	2	64.2985	2
1273.67665	637.84560	2	85.7316	2
1273.72100	637.86780	2	69.6057	2
1274.62880	425.88355	3	45.0963	2
1274.64430	638.32940	2	84.2296	2
1274.65165	638.33310	2	76.3349	2
1274.66300	638.33880	2	67.7260	2
1275.54115	638.77785	2	44.3864	2
1275.57200	638.79330	2	60.0718	2
1275.69365	426.23845	3	62.0925	2
1276.58450	639.29950	2	34.4128	1
1276.63390	639.32425	2	76.6451	2
1276.64930	639.33190	2	89.3972	2
1276.66700	639.34075	2	57.5407	2
1276.67350	639.34400	2	85.4914	2
1276.70310	639.35885	2	71.4712	2
1276.70450	639.35950	2	77.7788	2
1277.67365	639.84410	2	68.1317	2
1277.68750	639.85105	2	75.2859	2
1278.61270	640.31360	2	61.5167	5
1278.65100	640.33280	2	84.3309	2
1278.68160	427.23450	3	41.6367	1
1279.62440	640.81945	2	62.9570	2
1279.69670	427.57285	3	53.3637	2
1280.57735	641.29595	2	80.4719	2
1280.60025	427.87400	3	36.1890	2
1280.74700	641.38080	2	87.5133	1
1281.55855	641.78655	2	38.4858	2
1281.61080	641.81270	2	34.9075	2
1281.70445	428.24205	3	40.4550	2
1282.57525	642.29490	2	71.1315	2
1282.58715	642.30085	2	60.9794	2
1283.61570	642.81510	2	69.9576	2
1283.63380	428.88520	3	59.2164	1
1283.65115	642.83285	2	64.8561	2
1283.65985	642.83720	2	84.9947	2
1283.70650	428.90940	3	43.4141	1
1283.71090	642.86270	2	43.4194	1
1283.72060	428.91410	3	42.7019	2
1283.73410	642.87435	2	77.4949	2
1284.61400	429.21190	3	39.1013	1
1284.62940	643.32195	2	90.6073	2
1284.69480	643.35465	2	77.2096	2
1284.70190	643.35820	2	68.3926	2
1284.70275	429.24150	3	41.8984	2
1284.72805	643.37130	2	83.1281	2
1285.66305	643.83880	2	42.4210	2
1285.72360	429.58180	3	45.1718	1
1286.17085	644.09270	2	85.3842	2
1286.63770	644.32610	2	68.1564	1
1286.64535	429.88905	3	68.0446	2
1286.68515	644.34985	2	84.7375	2
1286.69865	644.35660	2	67.5743	2
1286.78485	644.39970	2	85.7262	2
1287.62965	644.82210	2	84.3029	2
1287.66650	644.84050	2	44.6673	1
1287.68280	644.84870	2	73.0846	2
1288.59080	645.30265	2	43.8300	2
1288.60625	645.31040	2	63.1091	2
1288.65110	430.55760	3	39.5115	1
1288.66340	645.33900	2	45.3768	2
1288.68235	645.34845	2	50.7326	2
1288.68630	645.35045	2	66.5290	2
1288.72195	645.36825	2	83.5727	2
1288.73835	645.37645	2	75.1652	2
1289.58780	645.80120	2	35.1883	1
1289.59250	430.87140	3	35.0963	2
1289.62905	645.82180	2	62.0319	2
1289.63045	645.82250	2	88.6014	2
1289.64680	645.83065	2	49.0013	2
1290.65745	646.33600	2	54.1760	2
1291.53625	646.77540	2	37.4135	2
1291.57870	646.79665	2	44.0679	2
1291.60635	646.81045	2	50.8204	2
1291.66640	646.84045	2	59.5035	2
1293.62465	647.81960	2	54.8392	2
1294.16170	432.39450	3	61.4242	2
1294.62325	648.31890	2	67.6966	2
1294.73320	648.37390	2	82.4011	2
1294.79750	432.60645	3	67.0596	2
1295.58870	648.80160	2	44.0285	1
1295.66520	432.89570	3	61.3560	1
1295.72500	648.86980	2	75.5241	1
1295.74615	648.88035	2	64.0423	2
1295.75575	432.92585	3	59.6838	2
1295.75670	648.88560	2	59.7683	1
1296.57350	649.29400	2	72.3468	1
1296.68235	433.23475	3	59.1953	2
1296.68265	649.34860	2	59.1644	2
1296.70305	649.35880	2	68.4503	2
1297.23255	649.62355	2	44.8411	4
1297.72465	433.58215	3	45.0712	4
1297.73635	649.87545	2	64.9485	2
1297.76030	433.59405	3	62.8713	2
1298.59330	433.87170	3	36.8278	2
1298.59365	650.30410	2	36.8686	2
1298.61030	433.87735	3	36.7113	2
1298.69480	650.35470	2	47.6370	2
1298.74090	650.37770	2	92.0956	2
1299.56905	650.79180	2	35.2316	2
1299.67910	650.84685	2	40.3219	2
1299.69425	650.85440	2	79.3620	2
1299.71495	650.86475	2	57.2632	2
1300.62275	651.31865	2	85.8309	2
1300.70330	651.35895	2	62.6231	2
1300.73915	651.37685	2	75.3532	2
1300.76160	651.38805	2	74.7466	2
1300.77585	651.39520	2	84.8349	2
1301.60910	651.81185	2	41.7925	2
1301.63660	434.88615	3	40.0172	2
1301.63805	651.82630	2	40.0276	2
1301.69915	651.85685	2	68.2056	2
1302.65970	652.33710	2	66.3093	2
1303.51415	652.76435	2	64.9827	2
1303.60540	652.80995	2	60.2510	2
1303.75135	652.88295	2	75.0863	2
1304.61130	653.31290	2	42.1618	2
1304.73495	653.37475	2	78.6437	2
1305.61635	436.21275	3	30.7510	2
1305.62375	653.81915	2	51.0928	2
1305.63435	436.21875	3	61.1850	2
1305.66080	653.83770	2	68.4955	1
1305.70480	653.85970	2	73.2524	2
1306.58275	436.53485	3	39.8396	2
1306.65155	436.55775	3	39.3595	2
1306.66415	654.33935	2	31.0234	2
1306.67465	654.34460	2	75.4984	2
1307.66190	654.83820	2	61.0501	2
1308.65800	655.33630	2	62.8029	2
1308.71960	655.36710	2	86.7748	2
1308.72235	437.24805	3	86.8637	2
1308.74170	655.37810	2	59.8028	2
1308.77765	655.39610	2	72.6613	2
1309.65335	655.83395	2	63.3128	2
1309.66310	437.56160	3	71.6590	1
1309.77300	655.89375	2	78.1145	2
1310.12310	656.06880	2	68.0515	4
1310.56065	656.28760	2	35.7204	2
1310.65200	437.89130	3	47.8424	1
1310.68180	656.34820	2	80.3458	2
1310.70105	437.90760	3	45.8332	2
1311.57000	656.79225	2	59.3765	2
1311.58410	656.79935	2	50.2363	2
1311.65010	656.83230	2	88.8324	1
1311.71565	656.86510	2	41.2598	2
1311.76580	656.89020	2	84.3143	2
1313.61380	657.81420	2	62.9571	2
1313.69360	438.90515	3	52.2540	2
1313.69400	657.85425	2	52.2910	2
1313.70080	657.85770	2	87.2226	2
1313.71860	438.91350	3	61.6913	2
1313.72020	657.86735	2	84.8955	2
1313.74520	438.92230	3	53.7280	1
1314.59950	439.20710	3	32.5178	1
1314.64140	658.32800	2	63.6428	3
1314.69630	658.35540	2	48.3148	2
1314.69740	658.35595	2	62.6575	2
1314.70105	439.24095	3	48.3078	2
1315.55970	658.78710	2	74.3046	1
1315.65790	658.83625	2	72.5602	2
1315.68050	658.84750	2	59.9532	2
1315.69960	658.85710	2	73.1056	1
1315.71035	658.86245	2	64.6959	2
1316.56405	659.28930	2	55.1690	2
1316.66680	659.34070	2	75.8602	2
1316.67530	439.89905	3	64.1920	2
1316.67630	659.34540	2	64.2413	1
1316.73545	659.37500	2	68.1727	2
1316.73625	659.37540	2	96.0466	2
1317.60985	440.21055	3	52.7711	2
1317.64265	659.82860	2	42.2516	2
1318.66050	660.33755	2	79.0434	2
1319.66350	660.83900	2	87.5522	1
1319.66385	440.89520	3	53.8906	2
1319.66410	660.83930	2	53.9201	1
1319.69080	660.85265	2	81.6461	2
1320.59845	661.30650	2	71.9690	2
1320.62405	661.31930	2	40.5240	2
1320.62490	441.21560	3	40.4995	2
1320.68360	661.34905	2	74.1591	2
1321.61635	661.81545	2	51.9974	2
1321.76520	441.59565	3	80.8490	2
1321.76525	661.88990	2	80.9506	2
1322.66615	662.34035	2	89.0812	2
1322.67240	662.34350	2	64.1621	2
1322.72705	662.37080	2	72.6028	2
1324.69160	663.35310	2	77.9870	2
1324.73460	663.37460	2	63.2509	2
1324.78265	442.60150	3	65.1900	2
1325.74790	663.88125	2	83.1975	2
1326.62065	664.31760	2	60.5969	2
1326.68940	443.23705	3	31.1141	2
1326.68950	664.35200	2	31.0839	2
1327.56250	664.78850	2	49.6497	1
1327.65120	443.55765	3	57.0066	2
1327.78605	664.90030	2	94.9838	2
1328.74545	443.92240	3	42.0797	2
1328.75260	443.92480	3	71.3557	2
1328.75355	665.38405	2	71.5327	2
1329.60785	665.81120	2	40.8521	2
1329.65355	665.83405	2	43.5388	2
1329.65465	665.83460	2	58.9755	2
1329.66850	444.23010	3	58.3892	1
1329.69320	444.23830	3	65.9010	2
1329.69445	665.85450	2	76.9925	2
1329.76420	665.88940	2	49.4876	1
1329.76640	665.89050	2	81.0783	1
1330.71355	666.36405	2	61.6178	2
1330.78180	666.39820	2	85.9650	2
1331.55500	444.85890	3	61.6102	1
1331.67605	666.84530	2	74.5316	2
1331.70900	666.86180	2	63.4551	2
1331.70925	666.86190	2	80.8062	2
1331.72795	666.87125	2	92.3615	2
1331.74575	666.88015	2	82.3218	2
1331.76655	444.92945	3	45.7408	2
1331.76750	666.89105	2	45.7484	2
1332.62520	445.21570	3	61.2642	1
1332.64710	667.33085	2	47.7958	2
1332.70115	667.35785	2	82.8042	2
1333.59505	667.80480	2	43.3992	2
1334.66200	445.89460	3	46.3023	2
1334.71850	668.36650	2	53.7462	2
1334.71960	445.91380	3	53.7698	2
1334.72460	668.36960	2	76.5852	2
1335.63845	668.82650	2	71.9879	2
1335.64880	668.83170	2	70.0404	1
1336.74600	446.58930	3	43.1842	1
1336.74815	669.38135	2	43.1121	2
1336.80870	669.41160	2	79.9549	2
1337.57370	669.79410	2	38.8405	3
1337.59880	669.80670	2	59.2483	5
1337.66430	669.83940	2	76.5524	1
1337.67320	669.84390	2	73.4719	1
1338.61290	670.31375	2	60.8563	2
1338.66915	670.34185	2	63.0983	2
1338.71445	447.24540	3	47.2737	2
1338.71975	670.36715	2	72.5945	2
1339.65245	670.83350	2	64.6284	2
1339.74610	447.58930	3	55.5761	2
1339.75360	670.88410	2	81.8505	2
1339.77060	670.89260	2	96.1867	5
1339.77130	447.59770	3	94.3207	2
1340.59820	671.30640	2	49.5007	2
1340.72970	671.37210	2	61.9995	1
1341.19910	671.60680	2	45.1199	4
1341.62040	671.81750	2	75.1678	2
1341.72750	448.24975	3	44.1884	2
1342.65155	448.55780	3	37.3774	2
1342.65165	448.55780	3	54.1708	2
1342.70990	448.57725	3	56.3458	2
1342.71040	672.36250	2	62.8105	2
1342.73770	672.37615	2	86.4758	10
1343.76660	448.92945	3	54.4847	2
1343.76735	672.89095	2	54.4846	2
1344.68240	673.34850	2	53.5641	1
1344.71435	673.36445	2	66.0957	2
1344.72845	449.25010	3	72.3536	2
1344.74055	673.37755	2	83.5809	2
1344.74405	449.25530	3	81.9494	2
1344.74675	449.25620	3	67.9852	2
1344.79860	673.40660	2	96.5415	2
1345.62280	449.54820	3	33.1139	2
1345.62455	673.81955	2	33.1864	2
1346.57665	674.29560	2	39.9039	2
1346.67430	674.34445	2	73.1724	2
1346.68325	674.34890	2	78.1366	2
1346.71880	449.91350	3	71.1786	1
1346.76720	449.92970	3	68.6947	2
1346.76780	674.39120	2	68.7654	2
1347.58475	450.20220	3	43.8924	2
1347.66825	674.84140	2	88.5669	2
1347.72290	674.86870	2	84.9399	2
1347.74610	450.25595	3	63.5419	2
1347.74745	674.88100	2	63.6060	2
1347.76470	450.26220	3	83.2298	2
1349.56915	675.79185	2	76.4700	2
1349.59030	675.80240	2	32.5415	1
1349.64500	675.82975	2	60.8374	2
1349.68375	675.84915	2	69.6008	2
1349.68480	675.84970	2	60.9519	2
1350.60930	676.31195	2	39.7941	2
1350.64300	676.32875	2	76.0947	2
1350.71535	676.36495	2	73.9174	2
1351.63805	451.55330	3	33.9091	2
1351.63840	676.82650	2	33.9435	2
1351.64015	676.82735	2	60.6262	2
1351.71040	451.57740	3	50.1309	1
1352.59550	451.87240	3	30.7026	1
1352.72775	451.91650	3	55.0193	2
1352.75600	677.38530	2	68.0603	2
1353.71975	677.86715	2	88.2762	2
1353.72480	677.86970	2	65.6724	2
1354.72700	678.37080	2	89.3551	2
1355.71570	678.86515	2	85.4993	2
1355.71790	678.86620	2	87.7693	2
1355.72970	678.87215	2	56.5544	2
1355.77780	678.89620	2	82.2054	2
1356.73625	679.37540	2	60.0640	2
1356.74865	453.25685	3	48.5589	2
1356.75010	679.38235	2	48.5952	2
1357.66395	679.83925	2	49.8674	2
1357.67290	453.56490	3	30.1360	1
1357.67435	679.84445	2	30.2930	2
1357.74510	453.58895	3	58.3385	2
1357.74610	679.88035	2	58.4055	2
1358.15515	453.72565	3	51.6547	4
1358.63020	680.32240	2	59.7327	1
1358.65805	680.33630	2	88.9475	2
1358.66215	680.33835	2	56.8352	2
1358.66690	680.34070	2	45.8837	1
1358.66890	453.89690	3	45.8332	2
1358.67890	453.90025	3	38.5179	2
1358.68025	680.34740	2	38.5745	2
1358.74150	680.37800	2	82.8718	2
1358.75795	680.38625	2	92.6695	2
1359.68210	680.84830	2	67.1485	2
1359.68860	454.23680	3	38.2233	2
1359.69060	680.85260	2	38.3347	1
1360.58660	454.53615	3	33.5615	2
1361.66870	681.84160	2	40.2943	2
1361.67225	681.84340	2	66.8377	2
1361.70460	454.90880	3	43.9101	1
1361.71990	681.86725	2	68.8336	2
1361.72400	681.86925	2	71.5973	2
1362.55935	682.28695	2	50.4534	2
1362.58925	682.30190	2	48.6541	2
1362.71155	682.36305	2	87.8775	2
1362.71430	682.36440	2	58.0954	2
1362.71540	682.36495	2	72.1613	2
1362.72285	682.36870	2	83.5124	2
1363.66030	682.83740	2	62.8979	2
1363.68455	682.84955	2	72.9858	2
1363.69035	455.57070	3	45.2569	2
1363.69260	682.85355	2	45.3792	2
1364.59160	683.30310	2	51.4162	2
1364.63930	683.32690	2	64.3729	2
1364.65450	683.33455	2	76.8951	2
1364.66805	683.34130	2	45.0675	2
1364.68430	683.34940	2	61.3598	2
1364.71855	683.36655	2	64.7716	2
1364.73645	683.37550	2	69.3868	2
1365.55965	456.19380	3	42.1672	2
1365.66805	683.84130	2	84.4663	2
1365.67780	683.84620	2	55.7838	2
1365.67895	456.23360	3	55.7552	2
1366.73255	456.58480	3	36.2297	2
1366.75720	684.38590	2	36.4276	1
1366.75865	456.59345	3	36.3468	2
1366.84395	684.42925	2	99.8770	2
1367.65455	456.89210	3	51.5641	2
1367.67305	456.89830	3	50.4174	2
1367.68820	456.90330	3	51.8439	2
1367.68910	684.85180	2	51.9174	2
1367.71180	684.86320	2	71.7292	2
1367.76675	684.89065	2	83.3841	2
1367.77780	684.89615	2	75.2001	2
1368.52870	685.27160	2	33.0344	5
1368.64730	457.22300	3	67.5981	2
1368.75200	685.38330	2	74.6953	1
1368.79790	457.27320	3	63.6482	1
1368.79850	457.27340	3	63.9503	1
1369.67355	457.56510	3	52.2828	2
1369.79315	685.90385	2	54.6835	2
1370.28455	457.76880	3	55.0226	4
1370.72260	686.36860	2	79.2105	2
1370.81790	686.41620	2	94.7141	2
1371.68350	686.84905	2	73.5155	2
1371.71040	686.86250	2	91.3921	1
1371.73445	458.25205	3	49.6880	2
1372.68480	687.34965	2	66.2138	2
1372.71685	458.57955	3	54.4135	2
1373.69125	687.85290	2	37.7799	2
1373.74110	687.87785	2	70.7279	2
1373.75215	687.88335	2	56.9265	2
1374.68815	459.23665	3	47.8709	2
1374.68890	688.35175	2	47.8986	2
1374.70920	688.36190	2	73.3892	2
1374.76160	459.26115	3	77.8288	2
1374.76400	688.38925	2	77.8654	2
1374.78710	688.40085	2	84.1329	2
1375.71350	459.57845	3	76.1797	2
1376.70905	689.36180	2	89.4836	2
1376.71890	689.36675	2	65.0201	2
1376.72940	459.91705	3	49.9645	2
1376.84975	459.95720	3	66.3753	2
1377.67175	689.84315	2	82.9703	2
1377.67750	689.84605	2	75.5544	2
1377.68380	689.84915	2	32.4246	2
1377.68860	460.23680	3	32.4138	2
1377.69285	460.23820	3	88.2046	2
1377.69780	689.85615	2	89.2756	4
1378.23420	690.12440	2	84.5461	4
1378.55530	690.28495	2	42.9173	2
1378.69800	690.35625	2	59.8610	2
1378.75940	690.38700	2	94.3677	2
1379.76515	460.92900	3	72.6586	2
1379.76635	690.89045	2	72.6981	2
1379.77255	690.89355	2	79.9858	2
1380.79940	691.40700	2	76.4670	2
1381.67650	691.84550	2	66.1997	1
1381.74565	691.88010	2	73.5810	2
1382.65425	692.33440	2	76.3952	2
1382.75915	692.38685	2	77.4551	2
1382.84945	461.95710	3	77.9017	2
1383.53910	692.77685	2	25.4179	2
1383.68045	462.23410	3	43.1463	2
1384.61930	693.31690	2	52.0543	1
1384.66315	693.33885	2	55.8470	2
1384.67870	693.34660	2	83.4166	1
1384.73505	462.58565	3	63.9887	2
1384.74630	693.38040	2	83.5123	2
1385.73535	693.87495	2	75.0780	2
1385.75200	693.88330	2	62.1237	2
1387.56070	694.78760	2	61.5869	1
1387.68635	694.85045	2	82.2654	2
1387.69400	694.85425	2	56.6055	2
1387.72790	463.58325	3	83.6368	2
1387.72945	694.87200	2	83.6906	2
1388.55705	695.28580	2	55.1092	2
1388.70575	695.36015	2	52.2910	2
1389.73285	695.87370	2	87.3509	2
1389.75300	695.88380	2	88.4693	2
1390.65145	464.55775	3	37.4059	2
1390.65620	696.33540	2	37.4653	1
1390.70790	464.57660	3	34.9954	2
1390.75630	464.59270	3	67.5403	2
1391.56400	464.86190	3	34.5079	1
1391.69410	464.90530	3	60.3473	1
1391.69445	696.85450	2	60.2542	2
1391.69450	696.85450	2	67.7817	1
1391.70505	696.85980	2	52.8666	2
1392.61755	465.21315	3	59.1012	2
1392.63720	697.32590	2	64.5326	1
1392.66780	697.34120	2	63.0202	2
1392.86935	697.44195	2	83.7068	2
1393.64315	697.82885	2	68.2387	2
1393.65180	697.83315	2	70.8227	2
1393.67750	697.84600	2	70.3049	2
1393.69105	697.85280	2	82.1466	2
1393.70295	465.57490	3	55.4715	2
1393.70365	697.85910	2	77.1446	2
1395.65155	698.83305	2	58.0899	2
1395.71130	466.24440	3	39.7520	2
1395.71175	698.86315	2	39.7019	2
1396.67730	699.34590	2	76.9306	2
1396.80420	699.40940	2	66.3197	2
1397.60285	466.87490	3	46.5957	2
1397.71675	699.86565	2	51.4018	2
1397.78755	466.93645	3	65.3082	2
1397.79640	699.90545	2	79.2676	2
1398.62750	700.32105	2	52.4105	2
1398.70530	700.35990	2	89.8939	2
1398.72220	700.36840	2	65.4363	1
1398.73610	467.25265	3	50.8444	2
1398.77220	700.39340	2	63.7393	2
1399.69535	700.85495	2	54.3526	2
1399.70005	467.57395	3	48.3979	2
1401.57050	701.79255	2	42.4284	2
1401.71240	468.24470	3	41.9555	2
1401.76340	701.88895	2	80.3980	2
1401.77635	468.26605	3	38.3920	2
1402.75055	702.38255	2	76.7159	2
1403.63450	702.82450	2	55.0968	1
1403.63900	702.82680	2	60.6022	2
1403.74075	702.87765	2	69.0698	2
1403.74140	468.92105	3	40.4303	2
1403.74185	702.87820	2	40.4640	2
1404.72700	469.24960	3	51.2768	1
1404.73030	703.37240	2	75.4415	2
1404.79880	703.40665	2	67.7569	2
1405.65095	703.83275	2	55.8389	2
1405.67395	469.56525	3	43.8054	2
1406.71505	704.36480	2	74.4294	2
1407.72320	470.24835	3	49.7170	2
1407.72680	704.87070	2	49.7703	1
1407.78300	470.26825	3	66.0283	2
1407.78300	470.26830	3	59.9762	3
1408.64970	705.33215	2	77.3023	2
1408.66205	705.33830	2	79.9128	4
1408.66930	705.34195	2	38.8727	2
1409.68620	705.85040	2	68.3307	2
1409.73895	470.92025	3	49.0961	2
1410.69965	706.35710	2	55.3991	2
1410.72470	471.24880	3	50.3858	2
1410.77125	471.26435	3	57.1947	2
1411.67300	706.84380	2	72.2079	3
1411.71625	471.57935	3	69.8720	2
1411.82800	471.61660	3	72.6293	2
1411.82850	706.92150	2	72.5313	2
1412.15050	707.08255	2	48.8573	4
1412.64420	707.32935	2	89.0811	2
1412.77470	471.93220	3	49.8825	1
1412.77510	707.39480	2	51.0308	2
1412.81465	707.41460	2	82.7197	2
1412.82375	471.94850	3	74.9613	2
1412.83850	471.95345	3	66.4915	2
1412.83995	707.42725	2	66.5561	2
1413.67450	707.84455	2	37.0182	2
1413.74440	707.87950	2	88.5578	1
1413.76615	707.89035	2	61.2708	2
1414.72940	472.58375	3	47.3785	2
1414.73160	708.37310	2	47.4390	2
1414.73220	708.37340	2	81.5549	2
1415.65345	708.83400	2	92.5147	2
1415.69040	708.85250	2	57.6029	2
1415.72635	708.87045	2	45.8931	2
1415.76165	472.92785	3	39.8744	2
1416.72570	709.37015	2	64.5363	2
1416.77880	473.26690	3	58.7092	1
1417.66600	709.84030	2	68.1293	1
1417.66825	709.84140	2	55.1973	2
1417.67945	473.56710	3	46.6847	2
1417.68090	709.84770	2	46.7114	1
1417.70945	709.86200	2	74.0326	2
1417.72710	709.87085	2	86.3705	2
1418.69850	473.90675	3	42.7402	2
1418.70905	710.36180	2	57.8508	2
1418.70990	710.36220	2	80.3094	2
1418.75510	473.92560	3	82.2575	1
1419.66360	710.83905	2	57.1268	2
1419.69815	474.24000	3	51.2188	2
1419.70000	710.85725	2	51.2792	2
1419.75290	474.25825	3	51.4967	2
1419.81285	710.91370	2	81.0007	2
1420.65135	711.33295	2	46.7395	6
1421.80295	474.94155	3	63.3128	2
1422.59470	712.30465	2	36.3125	2
1422.59540	475.20570	3	36.2242	2
1422.67420	475.23200	3	40.4031	2
1422.68685	712.35070	2	65.4123	2
1422.75145	712.38300	2	78.5106	2
1423.67095	712.84275	2	82.1749	2
1423.74720	712.88090	2	91.0047	1
1424.66190	713.33820	2	68.0417	2
1424.68680	475.90290	3	69.3463	1
1424.72085	713.36770	2	66.7380	2
1425.80890	713.91170	2	73.7148	2
1425.81905	476.28030	3	62.0857	2
1426.79045	476.60410	3	42.9044	2
1427.64120	714.82785	2	46.2255	2
1427.72530	476.91570	3	52.9178	1
1427.72655	714.87055	2	52.7402	2
1427.79890	476.94020	3	57.4125	2
1427.80025	714.90740	2	82.6211	2
1428.71110	477.24430	3	45.9472	2
1428.78370	477.26850	3	76.5280	2
1429.75085	715.88270	2	63.5132	2
1429.75630	715.88545	2	59.9879	2
1429.75730	477.59300	3	59.8432	3
1429.76150	715.88800	2	51.8075	1
1429.80185	715.90820	2	97.3667	2
1430.72930	716.37190	2	88.4356	2
1430.73740	477.91970	3	50.7270	2
1430.76310	716.38880	2	90.8751	1
1430.77780	716.39620	2	85.9963	2
1431.68900	716.85180	2	86.7154	2
1431.78795	478.26995	3	65.3189	2
1431.80000	716.90730	2	79.6676	2
1434.74740	718.38100	2	73.4801	2
1435.66230	718.83845	2	37.9858	2
1435.76780	718.89120	2	62.8629	2
1436.69350	479.90510	3	55.3533	2
1436.69775	719.35615	2	55.4765	2
1436.70305	719.35880	2	68.2649	2
1436.76325	479.92835	3	51.7862	2
1436.78725	479.93635	3	62.0662	2
1437.69345	719.85400	2	63.4870	2
1438.58460	480.53550	3	29.4490	1
1438.77190	720.39320	2	81.4010	2
1439.64730	720.83090	2	48.2597	2
1439.80015	720.90735	2	72.7610	2
1439.80445	720.90950	2	95.8340	2
1440.82025	721.41740	2	79.2956	2
1441.63185	721.82320	2	76.8706	2
1441.82930	721.92195	2	86.0722	2
1442.65020	722.33235	2	83.9024	2
1442.66900	722.34175	2	51.6240	2
1442.68810	722.35135	2	79.8892	2
1442.72860	481.91680	3	49.7487	2
1443.67400	722.84425	2	43.5706	2
1443.80915	722.91185	2	73.7234	2
1443.84565	722.93010	2	79.4763	2
1444.66805	723.34130	2	55.9996	2
1444.67865	723.34660	2	84.8265	2
1444.73225	482.58470	3	50.6666	2
1444.74155	723.37805	2	70.5227	2
1444.77015	482.59730	3	60.5732	2
1444.80405	723.40930	2	87.8700	4
1447.20280	724.60865	2	63.4450	4
1447.73420	724.87435	2	67.6649	2
1447.75625	483.59270	3	56.4919	2
1448.71430	725.36440	2	56.6968	2
1448.73725	725.37590	2	77.0548	2
1448.74445	725.37950	2	83.0445	2
1449.67725	725.84590	2	62.2370	2
1449.71450	725.86455	2	73.9539	2
1449.86695	484.29625	3	60.0067	2
1449.88550	725.95000	2	86.1174	1
1450.72430	726.36945	2	81.6843	2
1450.73955	726.37705	2	89.7033	2
1450.74240	726.37850	2	95.6091	1
1450.81955	484.61380	3	65.3744	2
1451.66430	484.89540	3	48.9329	2
1451.71245	484.91140	3	33.7607	2
1451.79630	484.93940	3	51.5141	1
1452.69640	727.35550	2	57.0287	1
1452.76820	485.26335	3	57.2866	2
1452.80305	727.40880	2	90.5471	2
1453.75940	727.88695	2	56.0052	2
1454.73020	728.37235	2	78.9830	2
1454.87190	728.44325	2	76.7071	2
1454.87200	485.96460	3	76.8150	2
1455.69825	486.24000	3	67.7259	2
1455.70010	728.85735	2	67.7897	2
1455.83820	728.92635	2	80.9166	2
1457.78760	486.93645	3	81.2743	2
1457.78900	729.90180	2	81.3040	2
1457.81375	729.91415	2	84.3820	2
1458.74645	487.25610	3	76.2738	2
1459.67520	730.84490	2	74.8280	1
1459.70530	730.85990	2	58.3702	2
1459.70995	730.86225	2	67.2488	2
1459.74390	730.87920	2	63.4197	2
1459.84005	487.62065	3	75.4633	2
1459.84045	730.92750	2	75.5066	2
1461.74025	731.87740	2	64.6739	2
1461.83795	488.28660	3	76.7468	2
1461.84160	731.92810	2	76.9615	2
1462.69495	732.35475	2	64.9562	2
1462.76660	732.39060	2	67.8905	2
1462.77985	732.39720	2	60.6967	2
1463.67430	488.89870	3	62.4609	2
1463.70720	488.90970	3	66.3546	1
1463.70870	732.86160	2	79.7968	2
1463.70900	732.86175	2	66.1171	2
1463.74050	488.92080	3	71.8639	2
1463.75110	732.88280	2	71.8529	2
1464.30150	489.10775	3	64.6410	4
1464.75030	489.25735	3	81.4846	2
1464.77705	733.39580	2	61.9809	2
1464.78245	489.26810	3	62.0317	2
1464.79350	733.40405	2	67.5456	2
1464.79435	733.40445	2	61.4219	2
1465.73505	733.87480	2	86.7408	2
1466.73900	734.37680	2	88.5469	1
1466.77410	489.93195	3	43.7150	2
1467.73990	734.87720	2	87.4472	1
1468.68760	735.35105	2	53.1127	2
1468.72270	735.36860	2	65.1564	1
1468.79710	735.40580	2	74.2228	2
1468.80600	490.60930	3	56.2612	3
1470.74640	491.25605	3	65.7983	2
1470.74885	491.25685	3	55.7503	2
1470.79890	736.40670	2	88.7011	2
1470.84630	736.43040	2	83.0391	2
1471.70960	736.86210	2	54.0158	2
1471.74070	736.87760	2	64.9880	2
1471.75815	491.59335	3	66.6465	2
1472.71390	491.91190	3	45.0322	1
1472.73675	491.91950	3	57.1845	2
1472.73725	737.37590	2	57.2788	2
1472.75370	737.38410	2	80.7437	1
1472.77700	491.93295	3	58.9429	2
1473.76180	492.26120	3	71.1864	2
1473.76450	492.26210	3	74.3296	1
1474.76860	738.39155	2	79.0230	2
1475.77425	492.93205	3	62.6284	2
1476.70970	739.36215	2	64.7930	2
1476.78395	739.39925	2	72.7950	2
1477.74325	739.87890	2	84.4748	2
1477.76040	739.88745	2	72.0950	2
1477.77335	739.89395	2	87.9380	2
1478.77755	740.39605	2	74.1645	2
1479.73600	740.87530	2	77.1740	1
1480.68820	494.57000	3	35.2646	2
1480.71750	741.36600	2	85.1558	2
1480.83695	494.61955	3	58.6054	2
1481.72530	494.91570	3	61.8054	1
1482.80400	742.40930	2	86.5363	1
1482.81275	742.41365	2	89.5844	2
1482.83020	742.42240	2	67.9717	2
1483.71300	495.57825	3	61.2176	2
1483.74585	495.58920	3	28.7665	2
1483.76385	742.88920	2	75.9291	2
1484.71420	743.36440	2	58.5576	1
1484.80990	743.41225	2	83.0048	2
1484.82050	495.94740	3	74.4663	2
1484.82150	743.41800	2	74.5615	2
1485.82340	496.28175	3	86.9841	2
1485.82365	743.91910	2	86.9484	2
1486.67290	496.56490	3	45.1507	1
1486.72000	496.58060	3	75.4712	2
1486.76400	744.38930	2	71.0823	2
1486.77850	496.60010	3	53.6892	2
1486.78310	744.39880	2	66.9400	3
1487.71610	744.86530	2	78.4393	3
1488.64800	745.33130	2	49.0381	2
1488.72280	745.36870	2	65.1509	1
1488.74230	745.37845	2	44.8954	2
1488.74275	497.25485	3	44.8692	2
1488.79550	497.27245	3	58.9991	2
1489.74755	745.88105	2	90.1018	2
1490.69340	746.35400	2	79.9500	1
1491.80960	746.91210	2	89.3605	2
1492.67985	747.34720	2	81.1900	2
1492.70955	747.36205	2	47.9404	2
1492.73740	498.58640	3	75.7704	2
1492.80785	498.60985	3	76.1542	2
1493.64920	498.89030	3	38.4294	2
1493.74920	747.88185	2	56.1192	2
1495.74235	499.58805	3	68.8567	2
1495.84075	748.92765	2	81.4901	2
1495.85520	499.62570	3	81.7887	2
1495.87150	499.63110	3	69.2442	1
1496.68650	749.35055	2	85.1934	2
1496.76295	749.38875	2	64.7290	2
1496.76340	499.92840	3	56.4690	2
1496.78475	749.39965	2	70.9010	2
1496.82710	749.42080	2	91.6852	2
1498.76145	750.38800	2	74.9247	2
1498.78050	750.39750	2	68.2761	2
1498.84100	750.42780	2	84.8374	2
1499.71420	500.91200	3	55.4502	1
1499.71550	500.91240	3	55.4816	1
1499.71630	750.86540	2	55.5239	1
1499.77445	750.89450	2	85.6022	2
1500.76155	501.26110	3	55.6593	2
1500.79460	751.40460	2	59.0908	2
1500.81580	501.27920	3	64.8214	1
1500.81635	501.27935	3	68.9542	2
1501.28735	751.65095	2	72.0582	4
1501.71670	501.57950	3	51.0257	2
1501.71705	751.86580	2	51.0633	2
1502.64730	752.33090	2	78.3824	1
1502.75115	752.38285	2	87.8662	2
1503.70640	502.24270	3	45.9670	1
1503.71690	752.86570	2	53.2863	1
1503.79490	752.90470	2	80.8141	2
1504.74985	502.59055	3	53.9645	2
1504.79780	753.40620	2	69.1067	2
1504.87750	502.63310	3	80.1812	2
1505.65295	502.89160	3	47.3269	2
1505.70830	502.91000	3	56.6973	1
1505.72595	502.91590	3	61.0370	2
1505.76590	502.92920	3	62.2553	1
1505.91970	753.96710	2	92.9241	2
1506.72730	754.37090	2	89.3518	1
1506.79360	754.40410	2	60.1674	2
1506.79420	754.40435	2	66.0850	2
1507.71350	503.57840	3	63.4898	2
1507.73270	503.58480	3	52.6152	1
1508.74390	503.92190	3	86.9373	1
1508.74405	755.37930	2	86.8122	2
1508.81255	503.94475	3	48.8082	2
1508.81520	755.41485	2	48.7247	2
1509.64040	504.22070	3	32.5741	1
1509.65750	504.22640	3	46.8838	2
1509.65840	755.83650	2	46.9659	1
1509.74760	504.25650	3	52.1143	2
1510.70580	756.36015	2	70.5734	2
1510.71485	756.36470	2	57.7588	2
1510.71510	504.57895	3	57.7241	2
1510.74490	756.37970	2	74.6170	2
1511.71690	756.86575	2	42.2170	2
1511.79125	756.90290	2	98.5873	2
1511.85670	756.93565	2	80.5619	2
1512.20825	505.07665	3	43.3371	4
1512.87765	505.29985	3	85.0029	2
1512.87900	757.44675	2	84.9064	2
1513.69605	757.85530	2	68.6996	2
1513.75120	757.88285	2	77.5151	2
1513.87075	757.94265	2	96.3307	2
1513.87350	505.63180	3	96.4609	1
1514.72255	505.91480	3	56.3697	2
1514.79950	758.40700	2	66.2551	2
1514.80415	758.40935	2	91.4391	2
1514.85515	758.43485	2	89.9247	2
1514.85700	505.95960	3	90.0330	2
1515.75335	506.25840	3	32.3496	2
1515.75355	758.88405	2	32.3844	2
1515.75505	758.88480	2	50.8105	2
1515.76310	758.88880	2	89.2222	2
1515.77135	506.26440	3	78.3244	2
1515.81360	758.91410	2	69.3134	1
1515.82220	758.91835	2	79.0781	2
1516.20840	759.11145	2	79.2732	4
1516.68635	506.56940	3	31.5963	2
1516.77820	759.39635	2	74.2863	2
1516.79915	759.40685	2	79.4538	2
1516.83310	759.42385	2	79.9264	2
1517.72995	759.87225	2	62.3001	2
1517.73860	759.87660	2	69.8682	2
1517.80780	506.94320	3	76.3951	2
1517.81140	759.91300	2	76.5206	1
1518.79395	760.40425	2	83.9776	2
1518.92540	507.31575	3	62.8446	2
1519.82765	760.92110	2	92.1962	2
1520.71855	761.36655	2	77.4580	2
1520.73645	761.37550	2	52.9929	2
1523.76065	762.88760	2	92.8702	2
1523.86810	508.96330	3	76.7837	2
1523.88265	762.94860	2	89.9247	2
1524.63620	509.21930	3	54.0688	1
1524.73995	763.37725	2	71.7568	2
1525.76650	509.59610	3	63.3545	1
1526.73365	509.91850	3	33.6201	2
1527.71005	510.24395	3	34.9529	2
1527.78255	764.89855	2	90.2268	2
1527.79945	764.90700	2	69.5820	2
1528.74365	765.37910	2	92.8079	2
1528.80005	765.40730	2	72.4148	2
1528.81105	510.61095	3	69.3489	2
1529.66405	510.89525	3	38.2762	2
1529.66560	765.84010	2	38.2856	2
1529.80810	765.91130	2	86.7718	1
1529.84175	510.95450	3	63.9886	2
1529.85705	510.95960	3	79.3870	2
1530.80175	511.27450	3	66.3252	2
1531.69835	511.57340	3	64.1264	2
1531.77545	766.89500	2	65.4725	2
1531.79970	766.90715	2	68.3605	2
1532.77490	767.39470	2	73.7890	2
1532.79665	767.40560	2	71.7319	2
1532.82155	767.41805	2	82.0083	2
1533.72720	767.87090	2	71.1419	1
1533.74265	512.25480	3	34.7785	2
1533.74520	512.25565	3	50.1985	2
1533.74610	767.88030	2	67.9423	2
1533.74680	767.88070	2	50.2569	1
1533.79865	767.90660	2	96.9780	2
1534.29810	768.15630	2	73.9171	4
1535.67125	512.89765	3	36.9649	2
1535.67835	768.84645	2	59.9851	2
1535.78530	512.93570	3	68.0739	2
1537.72130	513.58100	3	79.3040	2
1537.79425	769.90440	2	76.2499	2
1538.82330	770.41895	2	78.4746	2
1540.82120	514.61430	3	47.5330	2
1541.78565	514.93580	3	57.7866	2
1541.78950	771.90205	2	57.8896	2
1541.81730	771.91595	2	69.2601	2
1541.83040	514.95075	3	75.3228	2
1541.83110	771.92285	2	75.2224	2
1542.77005	515.26395	3	53.8614	2
1542.79055	772.40255	2	61.3895	2
1546.69820	774.35640	2	66.4027	2
1547.77420	516.93200	3	54.0607	2
1547.81980	774.91720	2	70.4653	2
1547.82470	516.94880	3	62.3677	2
1547.83100	516.95090	3	57.9358	2
1547.83190	774.92325	2	57.9426	2
1547.83400	774.92430	2	82.3222	1
1548.77735	775.39595	2	70.6929	2
1548.77755	517.26645	3	70.7962	2
1548.80090	517.27420	3	60.8987	2
1548.92450	775.46955	2	79.8948	2
1549.60000	775.80730	2	45.5269	1
1549.74075	775.87765	2	62.7812	2
1549.74470	517.58885	3	62.5902	2
1549.78210	775.89830	2	81.4535	1
1549.82890	775.92175	2	73.0210	2
1550.68915	517.90365	3	33.0837	2
1550.74005	517.92065	3	51.3442	2
1550.74570	776.38010	2	51.4123	2
1550.76965	517.93050	3	57.2208	2
1550.77025	776.39240	2	57.3181	2
1550.85565	776.43510	2	95.3376	2
1551.71700	518.24625	3	36.0178	2
1551.76805	776.89130	2	67.7897	2
1551.77560	518.26580	3	39.1165	2
1551.84815	776.93135	2	89.9957	2
1552.73690	518.58620	3	66.9455	1
1553.83175	518.95120	3	80.9233	2
1553.83250	777.92355	2	80.9575	2
1555.73790	778.87625	2	71.8970	2
1555.75015	519.59065	3	51.7594	2
1555.76260	519.59480	3	55.2972	2
1555.79070	778.90260	2	83.1006	2
1555.84390	778.92920	2	82.0952	1
1555.88195	519.63460	3	77.4838	2
1556.84295	779.42875	2	90.8303	2
1557.78355	779.89905	2	79.6097	2
1557.83090	520.28420	3	72.4203	2
1558.77500	780.39475	2	67.2131	2
1559.60940	780.81195	2	73.2608	2
1559.75160	520.92445	3	71.0578	2
1559.75830	520.92670	3	78.0124	2
1559.82070	780.91765	2	87.4912	2
1559.83680	780.92570	2	86.0948	2
1560.80750	781.41100	2	79.2632	5
1560.80860	781.41160	2	84.9564	1
1560.84130	781.42795	2	78.9886	2
1560.84430	781.42940	2	85.6581	2
1561.78020	521.60070	3	81.5442	1
1561.78895	781.90175	2	76.3028	2
1561.83565	781.92510	2	87.6562	2
1562.77310	521.93165	3	66.8644	2
1563.80525	522.27570	3	73.5075	2
1564.29775	783.15615	2	73.6817	4
1564.71630	522.57940	3	53.4018	1
1564.71780	783.36615	2	53.4830	2
1564.74300	783.37880	2	55.6925	2
1565.78670	522.93615	3	57.5351	2
1565.83290	522.95155	3	66.6159	2
1567.82665	784.92060	2	81.6899	2
1567.89520	523.63900	3	65.3505	2
1569.87785	785.94620	2	76.5540	2
1569.91485	785.96470	2	87.1854	2
1570.74650	524.58940	3	52.0598	1
1570.81010	786.41230	2	59.0694	2
1571.68565	524.90245	3	55.5366	2
1571.82760	786.92110	2	83.7671	1
1572.78350	787.39905	2	58.4412	2
1572.82945	787.42200	2	78.8646	2
1572.83175	525.28450	3	78.7319	2
1573.68500	525.56890	3	42.3273	1
1573.76210	787.88830	2	65.6021	1
1573.78465	787.89960	2	86.9172	2
1573.82685	787.92070	2	81.0314	2
1573.83640	787.92550	2	74.8535	1
1574.71140	788.36300	2	71.0934	2
1576.27385	789.14420	2	71.3766	2
1576.75420	789.38435	2	75.0190	2
1577.77100	789.89280	2	72.0180	3
1577.77280	789.89365	2	90.4542	2
1577.79040	789.90245	2	75.6894	2
1578.26115	527.09430	3	72.5650	4
1578.83670	527.28615	3	70.4574	2
1578.85360	527.29180	3	56.3488	2
1578.87245	527.29810	3	83.3334	2
1578.87540	790.44500	2	83.3644	2
1580.70085	527.90755	3	40.8520	2
1580.80465	527.94215	3	61.9753	2
1580.85985	791.43720	2	94.8757	2
1580.92825	527.98335	3	75.5599	2
1582.84585	792.43020	2	78.0551	2
1584.74050	529.25410	3	66.4899	1
1585.82165	529.61450	3	65.1982	2
1586.18060	794.09755	2	63.5297	4
1586.86820	794.44140	2	85.8144	3
1587.85230	794.93340	2	86.2132	1
1587.85755	530.29315	3	64.5983	2
1588.72565	795.37010	2	70.5312	2
1589.82130	530.94770	3	84.0754	2
1589.82170	795.91810	2	84.0207	3
1590.76485	796.38970	2	78.4155	2
1590.79350	531.27180	3	86.2188	1
1590.79910	796.40685	2	81.6541	2
1591.74815	531.58995	3	44.2100	2
1591.74935	796.88195	2	44.1883	2
1591.80270	531.60820	3	58.5412	2
1591.80365	796.90910	2	58.7276	2
1591.86235	796.93845	2	86.6395	2
1592.83240	797.42350	2	70.1208	1
1592.91490	797.46475	2	72.2188	2
1593.74065	532.25415	3	54.9943	2
1593.74380	797.87915	2	55.0709	2
1593.94975	797.98215	2	82.1351	2
1594.74730	532.58970	3	71.0158	1
1595.80240	798.90845	2	92.0383	2
1595.86320	532.96165	3	50.5386	2
1596.69290	533.23820	3	32.8951	2
1596.76770	533.26320	3	52.9545	2
1596.77925	799.39690	2	68.2055	2
1597.86810	799.94130	2	70.1670	2
1597.88590	799.95020	2	81.2134	1
1598.83750	533.95310	3	82.4882	2
1598.84485	800.42970	2	82.3599	2
1599.78490	800.89970	2	43.0210	1
1599.80310	534.27500	3	63.0268	3
1599.84710	800.93080	2	74.5945	2
1599.88915	534.30365	3	63.1277	2
1599.89690	534.30625	3	77.0522	2
1600.78440	801.39950	2	77.1237	2
1600.83870	801.42660	2	65.4867	2
1600.84280	534.62155	3	64.4306	2
1600.86885	801.44170	2	63.9744	2
1602.80175	802.40815	2	76.4321	2
1602.80570	802.41010	2	62.7093	1
1602.86275	802.43865	2	72.9538	2
1603.81035	802.91245	2	81.0968	2
1604.74470	803.37965	2	64.3728	2
1604.78330	535.93500	3	68.1945	2
1606.76325	536.59500	3	69.7381	2
1607.79790	536.93990	3	48.4430	1
1607.85005	804.93230	2	85.2296	2
1607.90425	536.97535	3	79.7912	2
1609.83620	537.61930	3	88.9769	2
1609.83660	805.92555	2	89.0140	2
1610.72160	806.36810	2	65.5147	2
1610.78360	537.93515	3	65.2309	2
1610.91040	806.46245	2	97.6100	2
1610.97155	537.99780	3	70.8630	2
1611.78840	806.90150	2	65.0803	2
1611.78900	806.90180	2	74.8843	1
1612.85015	807.43235	2	84.6687	2
1612.85745	538.62645	3	70.1887	2
1612.86920	807.44185	2	89.1475	2
1612.90615	538.64265	3	76.8003	2
1613.85035	807.93245	2	82.6562	2
1613.90470	807.95960	2	80.9243	1
1614.76440	808.38945	2	88.9236	2
1614.84180	808.42820	2	77.3706	2
1615.75790	539.59320	3	57.3479	2
1615.85815	539.62665	3	72.7865	2
1615.89555	808.95505	2	84.9784	2
1616.73170	539.91785	3	47.9101	2
1616.78245	809.39850	2	74.8351	2
1616.85025	809.43240	2	92.4007	2
1617.78695	809.90075	2	44.4257	2
1619.81450	540.94540	3	65.4780	2
1620.82005	811.41730	2	76.3141	2
1620.86215	541.29465	3	86.1678	2
1620.86535	811.43995	2	86.1621	2
1621.82925	811.92190	2	84.6102	2
1621.85850	811.93650	2	83.7838	1
1621.87320	811.94390	2	70.7684	2
1622.76540	541.92905	3	37.5571	2
1622.79790	541.93990	3	81.5929	2
1622.79960	812.40710	2	81.6463	1
1622.82820	812.42140	2	68.0281	1
1623.86475	812.93965	2	87.6988	2
1624.95335	813.48395	2	86.8496	2
1625.77440	813.89450	2	77.6177	2
1625.77770	813.89610	2	80.8432	2
1625.83145	542.95105	3	83.1447	2
1626.85605	543.29260	3	56.9738	2
1626.85815	814.43635	2	56.9828	2
1626.90120	814.45790	2	89.1063	1
1627.74880	814.88170	2	67.3136	2
1628.79040	815.40245	2	94.6509	2
1628.79190	815.40320	2	81.3547	1
1628.79200	543.93795	3	94.7507	2
1628.81650	543.94610	3	56.3436	2
1628.81660	815.41560	2	56.4327	2
1629.78080	544.26750	3	56.0872	1
1629.87345	815.94400	2	69.4566	2
1629.88985	815.95220	2	88.8094	2
1630.84445	544.62210	3	81.8827	2
1630.84580	816.43020	2	82.0698	1
1631.83120	544.95100	3	61.0057	1
1631.88800	544.96990	3	73.5919	2
1631.92515	544.98235	3	71.5042	2
1631.92645	816.97050	2	71.6027	2
1632.77755	545.26645	3	46.2776	2
1633.84375	545.62185	3	79.4875	2
1633.85640	545.62610	3	61.8257	1
1634.80065	818.40760	2	62.4663	2
1634.88725	545.96970	3	53.6486	2
1635.79805	818.90630	2	81.8270	2
1636.94100	819.47780	2	91.6934	2
1638.84050	547.28740	3	75.6119	2
1639.74130	820.87790	2	62.1381	1
1639.87535	547.63240	3	77.6408	2
1639.87695	820.94575	2	77.7090	2
1639.87975	547.63385	3	95.0507	2
1639.88320	820.94885	2	94.8114	2
1640.84795	547.95660	3	47.2308	2
1640.89060	821.45260	2	85.0277	1
1641.77130	821.89295	2	74.3253	2
1641.88405	821.94930	2	84.1990	2
1642.69040	822.35250	2	47.0888	2
1642.80695	822.41075	2	59.1036	2
1642.85335	548.62505	3	48.4709	2
1642.85420	822.43435	2	48.5094	2
1642.88385	548.63525	3	79.3038	2
1643.79135	548.93770	3	47.1485	2
1643.82430	822.91945	2	44.8353	2
1643.82805	822.92130	2	74.8579	2
1643.84170	548.95450	3	66.5860	2
1645.90505	549.64230	3	67.2833	2
1646.83920	549.95370	3	61.3352	2
1648.96395	413.24830	4	58.0275	2
1648.96840	550.66340	3	57.9752	2
1649.72070	825.86760	2	63.2414	1
1649.93695	825.97575	2	76.7467	2
1651.90255	826.95855	2	88.4019	2
1651.92570	551.64915	3	84.7677	2
1651.92765	826.97110	2	84.7318	2
1652.75160	827.38310	2	68.5008	1
1653.87175	552.29785	3	75.8043	2
1653.92105	552.31430	3	76.4034	2
1654.78860	828.40160	2	70.5958	2
1654.82225	552.61470	3	77.9592	2
1654.88750	552.63640	3	81.1832	1
1654.89415	828.45435	2	81.0597	2
1655.76360	552.92845	3	49.1808	2
1655.85560	552.95915	3	64.1723	2
1656.79980	829.40720	2	85.3701	2
1657.82125	829.91790	2	88.6068	2
1658.79090	553.93755	3	54.4208	2
1659.91160	554.31115	3	78.7634	2
1659.92650	830.97050	2	78.8370	1
1660.74210	554.58800	3	64.9194	2
1660.84230	554.62140	3	62.2608	1
1661.90390	831.95920	2	78.0076	1
1662.80105	555.27430	3	52.0021	2
1662.82935	832.42195	2	69.7017	2
1662.83095	555.28425	3	69.7676	2
1663.79650	555.60610	3	71.6691	2
1664.77890	833.39675	2	83.5892	2
1664.80900	833.41180	2	79.1055	1
1664.84285	833.42870	2	73.1095	2
1666.86770	834.44115	2	76.9361	2
1666.87160	556.63115	3	76.8373	2
1666.87530	834.44490	2	80.7456	2
1666.91755	834.46605	2	82.4584	2
1667.81470	556.94550	3	57.7787	1
1667.86385	834.93920	2	77.2149	2
1668.81560	557.27910	3	57.2366	1
1669.85285	835.93370	2	71.4405	2
1670.83460	836.42460	2	96.3998	2
1670.88295	557.96825	3	55.1299	2
1671.71545	558.24575	3	51.0072	2
1672.72240	558.58140	3	42.5817	1
1672.85130	837.43290	2	84.5616	1
1673.89910	558.97365	3	76.6277	2
1673.90090	837.95775	2	76.4638	2
1674.88630	838.45045	2	91.8868	2
1675.73670	419.94145	4	30.1690	2
1675.73880	559.58690	3	30.1459	2
1677.81155	560.27775	3	70.4981	2
1678.00390	560.34190	3	65.6351	1
1679.87790	560.96660	3	75.0373	1
1681.82105	841.91780	2	75.6509	2
1681.90085	561.64090	3	80.2108	2
1681.90160	841.95810	2	80.1585	3
1681.92470	841.96960	2	93.2966	1
1681.92990	561.65060	3	93.3715	1
1682.79815	842.40635	2	87.6307	2
1682.89450	842.45455	2	79.0145	2
1682.93210	561.98460	3	81.0579	1
1682.93365	842.47410	2	71.3233	2
1683.88560	842.95010	2	76.9867	2
1684.91550	843.46505	2	80.8754	2
1685.91505	562.97895	3	65.2146	2
1686.87475	563.29885	3	63.5827	2
1687.91455	563.64545	3	88.1095	2
1687.91640	844.96550	2	88.0701	2
1688.73460	563.91880	3	31.5066	3
1688.87130	563.96440	3	58.0854	1
1688.87900	845.44680	2	83.5364	2
1688.87930	563.96700	3	83.6156	2
1689.71660	423.43640	4	32.4421	3
1689.84045	564.28740	3	58.3110	2
1689.91010	564.31060	3	93.9740	2
1690.96285	564.66155	3	63.7556	2
1692.82010	847.41735	2	83.8711	2
1692.96610	565.32930	3	90.6637	1
1692.96735	847.49095	2	90.4895	2
1693.94135	565.65435	3	82.3684	2
1694.80300	565.94160	3	50.3634	2
1695.32985	848.67220	2	69.4681	4
1696.77410	849.39430	2	63.1115	2
1696.84210	849.42830	2	86.1089	2
1696.90805	566.64330	3	85.4687	2
1696.90960	849.46205	2	85.3244	2
1697.90245	566.97475	3	77.6148	2
1697.90340	849.95900	2	77.6747	2
1698.00830	567.01000	3	82.5830	2
1698.00835	850.01145	2	82.6852	2
1698.79335	850.40395	2	82.5559	2
1698.88620	567.30270	3	81.7126	1
1698.89730	567.30635	3	84.5449	2
1698.89865	850.45660	2	84.5362	2
1698.90555	567.30910	3	58.4465	2
1699.83835	567.62005	3	82.9100	2
1699.85820	567.62670	3	78.0338	1
1699.86815	567.62995	3	75.7453	2
1700.88770	851.45110	2	66.2052	1
1700.90800	567.97660	3	80.3671	1
1700.91265	851.46360	2	80.3149	2
1701.86720	568.29630	3	60.8519	1
1703.73950	568.92040	3	61.6412	1
1703.81510	568.94560	3	60.5659	2
1704.72715	569.24965	3	25.9663	2
1704.72780	427.18920	4	26.0406	1
1704.91650	569.31275	3	70.5958	2
1705.83760	569.61980	3	47.1118	3
1705.83960	853.92705	2	47.2063	2
1705.88365	853.94910	2	69.3159	2
1705.92125	569.64765	3	67.1566	2
1706.37410	569.79860	3	69.2499	4
1706.89050	854.45250	2	88.3651	2
1706.90400	569.97530	3	85.6464	7
1706.90420	854.45940	2	83.3246	2
1707.89280	854.95365	2	93.7638	2
1707.89745	570.30640	3	77.1782	6
1707.97775	854.99615	2	78.6606	2
1707.97985	570.33385	3	78.7691	2
1708.76040	570.59410	3	55.6853	1
1709.98165	571.00115	3	75.8656	2
1710.01815	571.01330	3	80.2831	2
1710.92685	856.47070	2	76.3776	2
1712.88925	857.45190	2	66.5232	2
1712.93805	571.98660	3	68.7048	2
1714.89380	858.45420	2	79.2317	1
1714.89910	572.64030	3	62.4264	2
1714.90045	858.45750	2	62.5012	2
1714.90510	858.45985	2	70.5618	2
1717.86325	573.62835	3	71.8916	2
1717.86550	859.94005	2	71.9547	2
1717.86930	859.94195	2	83.7779	2
1717.90010	859.95735	2	94.0165	2
1720.90445	861.45950	2	77.7147	2
1721.76160	861.88810	2	37.6223	2
1721.86410	861.93935	2	74.9967	2
1722.87450	575.29875	3	75.6628	2
1722.89715	575.30635	3	76.0542	2
1723.02440	575.34870	3	69.4759	2
1723.02635	862.52045	2	69.5104	2
1724.87715	863.44585	2	82.3327	2
1725.82630	863.92040	2	66.8753	2
1725.95275	863.98365	2	86.0664	2
1726.01610	576.34600	3	82.1408	2
1726.93665	576.65285	3	73.6484	2
1728.78995	577.27060	3	63.4252	2
1728.93295	577.31825	3	59.4151	2
1729.00560	577.34245	3	82.7485	2
1730.75720	577.92630	3	64.7067	2
1730.89650	866.45555	2	72.9207	2
1731.04720	578.02300	3	89.2106	1
1733.87365	867.94410	2	75.8042	2
1733.87515	578.96565	3	75.6761	2
1733.89110	867.95280	2	90.8859	1
1735.78690	868.90070	2	78.9176	1
1735.87960	579.63380	3	78.7875	2
1735.96550	868.99000	2	97.8519	2
1735.96830	579.66340	3	98.0455	1
1736.84695	869.43075	2	80.5029	2
1736.84785	579.95655	3	80.5285	2
1736.93660	579.98610	3	74.3645	1
1737.92755	580.31645	3	78.5999	2
1737.98990	870.00220	2	91.2555	1
1738.80120	870.40785	2	68.5033	2
1738.81970	580.61385	3	60.0144	2
1738.82040	580.61410	3	65.7666	2
1739.84525	580.95570	3	70.0945	2
1739.88650	580.96945	3	68.1370	2
1742.87340	581.96505	3	67.3770	2
1743.80305	872.90880	2	67.6359	2
1743.81060	872.91255	2	51.0630	2
1743.98160	872.99810	2	96.0352	2
1744.89955	582.64045	3	71.4493	2
1745.91465	582.97880	3	73.8719	2
1745.94080	873.97765	2	82.9158	2
1746.79650	874.40550	2	90.1252	2
1746.81310	874.41380	2	74.4938	1
1748.87510	583.96565	3	62.9222	2
1749.86465	875.93960	2	61.8766	2
1749.86590	584.29590	3	61.9453	2
1750.00895	584.34355	3	56.0320	2
1750.01275	876.01365	2	56.1294	2
1751.93520	876.97490	2	91.1696	1
1752.88990	585.30390	3	49.0904	1
1752.98365	585.33515	3	86.5777	2
1752.99125	877.50290	2	86.5083	2
1753.84840	585.62340	3	52.9447	1
1754.86230	878.43840	2	75.2844	1
1755.86020	878.93735	2	70.8847	2
1755.90115	878.95785	2	90.8101	2
1756.88935	586.63705	3	79.5779	2
1756.88990	879.45225	2	79.4176	2
1757.92325	586.98170	3	74.2500	2
1758.79355	880.40405	2	49.4463	2
1758.83285	587.28490	3	77.3647	2
1759.84265	880.92860	2	89.8288	2
1759.90860	880.96160	2	88.6125	2
1760.94190	881.47820	2	88.1776	2
1761.89780	588.30650	3	73.8536	2
1762.84170	882.42815	2	76.2679	2
1762.89700	588.63960	3	57.3428	1
1763.83340	882.92395	2	61.7507	2
1764.32510	589.11565	3	62.8903	4
1765.00220	883.50840	2	93.2391	2
1765.00540	589.34240	3	93.1518	1
1766.95050	884.48250	2	84.3735	2
1767.03225	590.01800	3	81.8588	2
1767.82210	590.28130	3	64.7713	2
1767.85450	590.29210	3	89.5119	1
1767.86390	884.93920	2	89.4772	1
1767.97220	590.33130	3	89.0241	2
1768.90195	885.45825	2	80.0798	2
1769.02060	590.68080	3	80.7157	2
1769.91670	885.96560	2	67.1728	1
1770.00160	886.00810	2	91.8836	1
1770.00350	591.00845	3	74.1286	2
1770.89320	591.30500	3	81.7468	1
1771.91580	591.64590	3	75.6078	1
1772.33580	887.17520	2	77.1097	4
1774.88560	888.45010	2	58.6574	2
1774.88700	592.63630	3	58.6114	3
1776.89655	593.30615	3	67.1213	2
1777.32070	889.66760	2	64.1029	4
1778.99075	890.50265	2	72.0590	2
1779.80300	445.95800	4	51.6484	1
1779.99105	891.00280	2	73.6542	2
1780.40415	594.47530	3	53.6339	4
1782.87630	595.29940	3	75.9651	1
1784.88090	595.96760	3	62.2737	2
1784.88175	893.44815	2	62.3082	2
1784.91620	595.97935	3	55.2499	2
1785.88920	893.95185	2	88.4946	2
1788.91095	597.31090	3	35.4775	2
1789.93040	895.97250	2	82.2652	2
1791.84785	598.28990	3	50.0308	2
1792.91015	598.64400	3	61.7833	2
1793.05950	897.53700	2	97.8024	2
1793.87605	897.94530	2	89.9384	2
1793.92190	897.96820	2	84.5995	1
1794.81710	898.41580	2	63.5731	2
1794.85880	898.43665	2	81.9574	2
1794.98565	898.50010	2	79.6098	2
1796.85590	599.95925	3	74.4719	2
1796.88055	599.96745	3	84.2377	2
1796.96680	599.99620	3	84.8125	1
1797.47020	600.16400	3	72.0537	4
1799.92935	600.98370	3	99.9960	2
1799.93050	900.97250	2	99.9040	2
1801.00090	601.34090	3	82.5153	1
1803.92480	602.31550	3	50.2953	2
1804.86690	602.62960	3	65.9672	2
1804.89515	602.63900	3	78.2273	2
1804.97100	602.66430	3	78.5061	3
1804.97495	903.49475	2	78.8350	2
1805.35945	903.68700	2	65.4820	4
1805.87790	903.94620	2	78.0698	6
1806.03585	603.01925	3	72.0948	2
1806.88340	904.44900	2	69.0840	1
1809.91530	905.96495	2	73.2296	2
1809.99280	604.33820	3	73.0474	2
1809.99740	906.00600	2	73.4218	2
1813.90360	907.95910	2	86.1621	1
1813.94800	907.98130	2	83.8797	2
1814.80175	605.94115	3	80.2772	2
1814.80565	908.41010	2	80.3772	2
1814.96890	605.99690	3	66.2275	1
1814.97030	605.99740	3	66.2605	1
1815.92200	908.96830	2	86.5802	2
1815.94290	606.32160	3	72.4625	1
1817.86310	606.96160	3	69.6911	2
1817.90300	606.97490	3	50.0095	1
1820.86160	911.43805	2	59.3836	2
1820.91285	607.97820	3	79.2076	2
1821.00560	608.00915	3	80.4035	2
1821.05440	911.53450	2	84.4324	1
1821.06195	608.02795	3	84.2437	2
1821.84885	608.29020	3	80.6859	2
1821.89890	608.30690	3	53.3267	2
1823.90480	608.97550	3	68.4413	2
1825.86470	913.93960	2	55.6007	2
1825.86490	609.62890	3	55.5605	2
1825.89660	913.95560	2	67.3192	2
1826.95480	914.48470	2	78.8542	2
1827.93995	610.32060	3	74.0979	2
1827.96800	610.32995	3	65.7036	2
1827.96920	914.99190	2	65.6404	2
1828.91430	915.46440	2	84.5052	2
1828.95260	915.48355	2	73.7146	2
1832.00815	611.67665	3	72.8308	2
1832.91780	611.97985	3	76.5250	2
1832.92720	611.98300	3	60.9748	1
1833.90750	612.30980	3	77.3578	1
1833.93905	917.97680	2	80.4156	2
1833.96665	612.32950	3	88.2702	2
1833.97510	917.99480	2	77.1105	1
1835.79760	612.93980	3	59.7776	2
1836.04770	613.02320	3	73.6543	2
1836.92110	613.31430	3	85.7921	1
1838.11695	613.71295	3	74.1721	2
1838.95740	613.99305	3	64.1068	2
1839.99440	614.33875	3	64.5704	2
1840.89330	614.63840	3	78.2819	1
1841.01440	614.67875	3	70.2993	2
1841.01515	921.51485	2	70.2427	2
1841.85915	614.96030	3	49.9008	2
1842.93175	615.31785	3	65.9340	2
1842.97200	615.33125	3	71.9328	2
1843.99725	923.00590	2	83.1062	2
1844.89145	615.97110	3	63.2990	2
1844.91330	615.97835	3	67.6006	2
1845.99060	616.33750	3	86.4457	2
1845.99230	924.00340	2	86.6172	2
1846.79100	924.40275	2	72.3506	2
1846.93730	924.47595	2	75.2332	2
1846.97185	924.49320	2	85.2664	2
1849.95745	617.65975	3	86.0099	2
1852.02130	927.01790	2	83.4460	2
1853.92740	618.98310	3	61.2173	2
1854.92790	928.47120	2	92.6429	2
1856.85960	619.96050	3	54.9767	1
1856.87850	929.44650	2	83.1630	2
1856.95190	619.99120	3	76.1247	1
1860.94845	931.48150	2	89.3233	2
1860.95030	621.32405	3	89.2590	2
1861.00015	621.34065	3	75.8887	2
1861.98495	621.66895	3	83.4521	2
1862.81950	621.94710	3	60.4191	2
1862.86940	932.44200	2	87.3594	2
1863.90340	622.30840	3	59.4334	1
1863.98930	622.33700	3	88.7094	2
1864.88130	622.63440	3	73.3165	2
1866.01465	623.01215	3	82.0507	2
1867.84345	623.62175	3	54.2123	2
1867.89060	623.63750	3	89.5178	1
1868.83400	935.42425	2	63.8631	2
1872.89685	625.30620	3	53.9249	2
1873.94640	625.65605	3	76.3345	2
1873.97015	937.99235	2	81.5174	2
1875.87220	626.29800	3	71.2531	2
1880.97580	627.99920	3	63.1576	2
1882.97770	942.49610	2	71.5347	2
1883.88330	942.94890	2	76.0245	2
1883.91840	628.98010	3	70.9618	2
1884.87790	629.29990	3	67.2050	1
1885.87190	943.94325	2	66.0224	2
1885.91900	629.64690	3	84.5674	1
1885.91925	943.96690	2	84.4355	2
1886.90030	944.45745	2	69.1940	2
1886.90190	629.97460	3	69.1237	2
1888.00360	630.34180	3	81.7176	2
1890.93865	631.32015	3	70.0658	2
1890.94850	631.32345	3	74.4978	2
1890.99220	631.33800	3	85.2927	1
1892.06445	947.03950	2	83.3952	2
1893.94300	474.49300	4	56.7186	1
1893.96300	947.98875	2	85.9044	2
1893.97875	632.33350	3	58.5108	2
1895.89160	948.95310	2	72.8114	1
1899.87980	950.94715	2	70.6350	2
1899.98470	634.33550	3	62.5656	2
1902.89630	952.45540	2	80.1480	2
1903.93240	635.65140	3	77.8568	2
1904.97000	953.49225	2	77.5576	2
1904.97070	635.99750	3	75.3130	2
1904.97245	953.49350	2	75.3725	2
1908.96680	955.49070	2	86.8886	2
1909.97985	478.50225	4	71.4126	2
1909.98230	637.66800	3	71.4386	1
1909.99605	637.67265	3	75.9578	2
1910.00165	956.00810	2	76.0274	2
1910.17150	637.73110	3	79.4594	2
1911.89120	956.95290	2	73.2228	1
1911.99895	957.00675	2	81.7517	2
1912.00030	638.34070	3	81.7885	2
1912.91295	638.64490	3	32.6823	2
1912.99150	638.67110	3	74.2861	2
1913.09875	638.70685	3	71.0157	2
1914.97880	639.33350	3	69.0554	3
1915.05440	479.77085	4	74.8065	2
1916.95360	639.99180	3	66.5795	1
1918.85280	640.62490	3	47.2122	2
1919.77205	640.93130	3	39.9618	2
1919.90595	960.96025	2	91.7777	2
1920.96680	641.32950	3	61.3856	1
1920.99700	641.33960	3	82.7830	2
1921.93680	961.97565	2	96.1657	2
1923.88595	962.95025	2	79.0836	2
1923.96430	642.32870	3	72.7329	2
1924.02065	642.34745	3	78.3867	2
1926.99950	643.34040	3	90.2385	1
1930.94385	644.65520	3	83.4580	2
1932.83765	645.28645	3	57.8169	2
1933.08980	967.55215	2	87.0516	2
1934.07850	645.70010	3	87.0430	2
1935.07910	646.03365	3	79.1413	2
1935.93270	646.31820	3	65.5425	2
1937.92450	969.96955	2	92.2681	2
1937.92630	969.97040	2	88.3592	1
1937.93540	969.97500	2	86.1906	1
1937.94590	646.98925	3	78.8855	2
1938.93590	970.47520	2	91.3167	1
1938.95295	970.48375	2	80.1595	2
1939.01840	647.34675	3	74.9302	2
1941.88125	648.30100	3	57.6427	2
1942.04405	648.35525	3	76.4610	2
1942.47620	648.49935	3	85.4883	4
1942.84130	648.62105	3	60.7759	2
1942.96840	972.49150	2	86.5026	1
1943.94170	648.98780	3	74.1516	1
1944.98250	649.33475	3	66.6822	2
1945.89550	649.63910	3	66.2719	1
1947.92940	650.31710	3	72.4533	2
1947.98630	650.33605	3	80.4716	2
1947.98750	975.00105	2	80.4367	2
1950.97960	651.33380	3	71.7652	2
1951.99120	651.67100	3	71.2701	1
1951.99215	977.00335	2	87.7948	2
1954.89650	978.45555	2	81.1024	2
1955.93960	652.98715	3	59.1272	2
1956.05885	653.02690	3	81.5222	2
1956.90085	653.30755	3	66.0660	2
1956.99280	979.50365	2	75.6534	2
1961.03785	981.52620	2	87.9950	2
1961.04805	654.68995	3	88.0165	2
1963.04890	655.35690	3	75.3529	2
1963.05200	982.53330	2	75.3843	2
1966.93785	656.65325	3	74.7378	2
1970.07180	657.69790	3	77.2051	1
1970.98280	658.00150	3	60.6558	2
1973.06890	658.69690	3	59.6750	2
1973.07035	494.27490	4	59.6918	2
1976.02685	989.02070	2	94.8171	2
1978.89815	660.64000	3	35.5764	2
1979.03480	660.68555	3	87.2564	2
1983.02980	662.01720	3	86.2563	2
1984.02745	662.34975	3	79.2202	2
1984.02970	993.02210	2	79.1499	2
1985.96070	993.98765	2	72.7520	2
1988.04520	663.68900	3	70.9558	2
1989.02465	664.01545	3	74.0382	2
1992.05760	665.02645	3	79.5149	2
1994.00150	665.67440	3	93.7186	1
1994.00425	998.00940	2	93.5862	2
2001.00070	668.00750	3	83.8162	1
2002.96180	1002.48820	2	75.8554	1
2002.98605	668.66930	3	67.2272	2
2003.03340	668.68505	3	88.8033	2
2003.03535	1002.52495	2	88.9090	2
2004.08955	669.03710	3	78.7004	2
2009.03500	670.68560	3	58.1590	2
2009.08325	670.70170	3	76.6839	2
2009.99810	671.00665	3	91.9217	2
2010.00085	1006.00770	2	91.9540	2
2016.99285	1009.50370	2	79.8336	2
2019.06885	674.03020	3	94.0038	2
2022.01860	675.01350	3	63.8020	1
2024.97530	675.99900	3	37.3447	1
2026.12105	1014.06780	2	85.3497	2
2026.12730	676.38305	3	85.4378	2
2027.05590	676.69255	3	87.2222	2
2031.02990	678.01720	3	87.2860	2
2033.06190	678.69455	3	72.3840	2
2035.86325	679.62835	3	57.4207	2
2037.04175	680.02120	3	65.0177	2
2039.98130	681.00100	3	69.6008	1
2041.07815	681.36665	3	79.6309	2
2041.97545	681.66575	3	72.3234	2
2043.01020	682.01070	3	81.9190	2
2043.01035	1022.51245	2	82.0394	2
2047.98280	683.66820	3	47.7899	2
2048.05395	1025.03425	2	95.1358	2
2048.05470	683.69220	3	95.1980	1
2048.95860	683.99345	3	76.0128	2
2049.04140	684.02105	3	86.8120	2
2049.87290	1025.94370	2	37.2518	2
2050.03400	684.35190	3	80.0447	1
2050.03420	684.35200	3	80.0728	1
2052.93200	1027.47330	2	75.0430	1
2058.07570	687.03250	3	96.8527	1
2059.00515	687.34235	3	76.8060	2
2059.93000	687.65060	3	67.3743	1
2059.96825	1030.99140	2	84.2718	2
2060.06260	687.69480	3	86.4483	2
2064.95960	1033.48710	2	84.1409	2
2067.99235	690.33805	3	68.5390	2
2070.95950	1036.48700	2	72.0230	2
2071.03900	1036.52680	2	91.5475	1
2072.11940	691.71370	3	87.6056	1
2073.10375	692.04185	3	76.2354	2
2075.08130	692.70100	3	71.6418	1
2076.04980	693.02385	3	67.0647	2
2078.06680	693.69620	3	78.3038	2
2080.10250	694.37480	3	70.3603	1
2080.10340	521.03315	4	70.0542	2
2086.03895	1044.02675	2	88.2344	2
2092.08715	698.36965	3	73.6482	2
2093.11315	1047.56385	2	79.6762	2
2093.98080	1047.99770	2	85.6860	2
2093.98360	699.00180	3	85.6810	1
2094.94540	699.32240	3	51.1221	2
2105.05710	702.69300	3	73.9914	5
2105.14770	702.72320	3	90.3522	1
2114.12490	705.71555	3	94.9165	2
2119.04885	707.35685	3	63.6056	2
2122.10700	708.37630	3	69.7948	1
2126.14230	709.72140	3	77.3209	1
2126.14295	1064.07875	2	77.3020	2
2131.17835	711.40005	3	83.2571	2
2137.12340	713.38175	3	69.7102	2
2143.09255	715.37145	3	81.3065	2
2148.10720	717.04300	3	61.0931	1
2156.01565	719.67915	3	65.2491	2
2169.12380	724.04850	3	75.9173	2
2170.03100	724.35095	3	75.7392	2
2180.98270	728.00150	3	66.4594	1
2181.13695	1091.57575	2	80.2224	2
2190.06600	731.02925	3	74.4405	2
2190.06640	1096.04050	2	74.4041	2
2201.11840	734.71340	3	73.1305	1
2205.01560	736.01245	3	71.3474	2
2205.09915	1103.55685	2	98.7286	2
2205.10860	736.04350	3	98.8984	1
2227.05325	1114.53390	2	54.8951	2
2227.05360	743.35850	3	54.8897	2
2236.11280	746.37820	3	85.3610	2
2250.02175	751.01450	3	46.1163	2
2269.25965	757.42715	3	82.8447	2
2279.05490	760.69225	3	68.4223	2
2279.33860	570.84190	4	81.7347	1
2282.08410	761.70195	3	63.7432	2
2291.01780	764.67990	3	66.9954	2
2291.01965	1146.51710	2	66.9620	2
2295.09300	766.03830	3	79.5432	2
2297.12455	766.71545	3	69.6451	2
2299.15670	767.39280	3	64.2713	1
2314.09030	772.37070	3	60.9997	1
2323.19700	1162.60580	2	85.0926	1
2323.29200	775.43790	3	89.2164	1
2379.16330	595.79810	4	62.5547	2
2379.16370	794.06185	3	62.6656	2
2389.99145	797.67110	3	61.5355	2
2391.19335	1196.60395	2	95.3059	2
2401.30030	801.44070	3	81.9129	2
2407.22680	803.41620	3	75.8041	2
2416.24265	806.42145	3	84.3083	2
2427.23840	607.81690	4	60.4742	2
2435.25545	812.75905	3	65.2836	2
2440.34860	814.45680	3	91.3054	1
2460.19500	821.07230	3	85.4175	1
2525.29990	842.77390	3	85.9388	2
2532.23405	845.08530	3	73.9452	2
2549.47120	850.83100	3	83.2873	2
2549.96360	638.49815	4	84.2298	4
2660.31980	887.78055	3	63.6595	2
2804.28125	935.76765	3	77.1121	2
3208.55965	803.14720	4	70.1277	2
3536.66820	1179.89670	3	84.3674	2
4061.99680	1016.50650	4	67.4013	1
