mono_mass	mz	charge	rt	n_psm
798.41260	400.21360	2	39.3041	1
798.46060	400.23760	2	44.3865	1
798.49010	400.25230	2	33.7833	2
799.45485	400.73470	2	50.1254	2
800.43940	401.22700	2	41.2061	3
800.43945	401.22700	2	44.6553	2
800.45495	401.23475	2	52.2057	2
800.49040	401.25250	2	62.5999	1
801.43590	401.72520	2	37.7521	2
801.45980	401.73715	2	45.6792	2
801.53240	401.77350	2	45.7371	2
802.38615	402.20035	2	39.7724	2
802.49835	402.25645	2	62.7142	2
805.44450	403.72950	2	52.5431	1
806.39580	404.20515	2	38.6067	2
806.45385	404.23420	2	61.2770	2
806.45460	404.23460	2	51.2055	2
807.41270	404.71360	2	40.9985	2
808.36315	405.18885	2	37.7813	2
808.43855	405.22655	2	37.3285	2
811.35415	406.68435	2	38.4808	2
811.49140	406.75300	2	50.4422	2
812.42250	407.21850	2	43.6203	2
812.43940	407.22695	2	40.9144	2
812.48690	407.25070	2	45.5468	2
812.51165	407.26310	2	49.9926	2
813.43420	407.72440	2	35.1430	1
814.45490	408.23475	2	35.6401	2
814.45600	408.23525	2	52.5825	2
814.51630	408.26540	2	59.5620	2
815.44065	408.72760	2	39.7212	2
815.44990	408.73225	2	36.8558	2
815.46850	408.74150	2	57.6023	2
815.47620	408.74540	2	43.1478	2
815.47680	408.74570	2	47.2798	2
815.49740	408.75600	2	39.0278	2
815.51110	408.76285	2	47.0585	2
816.44990	409.23220	2	67.3813	2
816.45870	409.23660	2	58.1313	1
816.47055	409.24255	2	38.5124	2
817.42965	409.72210	2	35.8285	2
817.48080	409.74770	2	67.8691	1
818.44040	410.22750	2	53.6758	2
818.49045	410.25250	2	74.9598	2
819.39105	410.70280	2	36.2779	2
819.41770	410.71610	2	41.1648	1
819.43130	410.72290	2	63.9250	2
820.43470	411.22460	2	39.8320	2
820.46920	411.24185	2	46.4384	2
820.48845	411.25150	2	72.7096	2
821.42900	411.72175	2	41.6343	2
821.44660	411.73055	2	34.7703	2
822.39105	412.20280	2	32.6568	4
822.42370	412.21915	2	37.9586	2
823.41830	412.71640	2	37.3240	1
823.42630	412.72045	2	55.6695	2
823.44440	412.72950	2	46.0641	2
824.54825	413.28140	2	72.1583	2
826.43610	414.22530	2	42.4256	1
826.49065	414.25260	2	40.6790	2
826.49145	414.25300	2	43.1390	2
826.52720	414.27085	2	50.6983	2
826.52765	414.27110	2	70.5882	2
827.44970	414.73210	2	30.7214	1
827.48635	414.75050	2	49.7323	2
828.41720	415.21585	2	32.2708	2
828.47750	415.24605	2	39.9159	2
828.50700	415.26080	2	52.2899	1
829.44820	415.73140	2	40.9857	4
829.46430	415.73945	2	35.8048	2
829.46470	415.73960	2	42.5445	2
829.49110	415.75290	2	56.6714	2
829.50235	415.75845	2	37.8132	2
829.50300	415.75880	2	51.5087	1
831.46920	416.74190	2	36.3539	1
831.47010	416.74230	2	49.5977	2
831.49650	416.75555	2	70.8493	2
832.39190	417.20320	2	35.5361	2
832.93035	417.47245	2	45.9337	4
834.43495	418.22475	2	38.8588	2
835.41050	418.71250	2	47.8653	1
835.44395	418.72925	2	44.2173	2
836.39145	419.20300	2	41.5357	2
836.40060	419.20760	2	42.3959	1
836.44080	419.22765	2	44.3429	2
836.44115	419.22785	2	57.3205	2
837.40205	419.70830	2	48.8563	2
837.40550	419.71005	2	55.2262	2
838.41770	420.21610	2	38.3961	2
839.42950	420.72205	2	55.9651	2
839.58425	420.79940	2	74.1858	2
840.54305	421.27880	2	75.9082	2
840.54330	421.27890	2	60.6161	2
841.46645	421.74050	2	41.7735	2
841.49140	421.75300	2	55.7288	2
841.49340	421.75395	2	52.4623	2
842.42850	422.22150	2	48.7108	2
842.45545	422.23500	2	42.8253	2
842.46150	422.23810	2	40.8131	1
842.48675	422.25065	2	43.2298	2
842.48760	422.25110	2	39.4872	2
842.52200	422.26830	2	71.9148	2
842.52285	422.26870	2	50.1941	2
842.53385	422.27420	2	35.7360	2
843.48115	422.74785	2	45.5901	2
843.49340	422.75400	2	37.6859	1
843.54280	422.77865	2	64.1236	2
844.45545	423.23505	2	54.8882	2
844.46565	423.24010	2	36.5057	2
845.45965	423.73710	2	38.5075	2
845.46170	423.73810	2	45.0885	2
845.46445	423.73950	2	68.2800	2
845.48630	423.75040	2	53.7075	2
845.51235	423.76345	2	66.0675	2
845.53760	423.77605	2	77.3330	2
846.42860	424.22160	2	43.8372	2
846.44880	424.23170	2	61.9685	2
847.42360	424.71910	2	44.7642	1
847.43100	424.72280	2	32.2416	1
847.44455	424.72955	2	41.6536	2
847.48030	424.74745	2	46.5308	2
848.43910	425.22680	2	53.7945	2
848.43945	425.22700	2	42.7282	2
848.44405	425.22930	2	37.6879	2
849.42050	425.71750	2	47.7428	3
849.43475	425.72465	2	54.4313	2
850.35680	426.18570	2	38.9560	1
850.45390	426.23420	2	47.3918	2
850.50260	426.25860	2	40.7327	2
851.36970	426.69210	2	41.4684	1
851.40270	426.70865	2	36.6550	2
851.42120	426.71790	2	50.4233	1
851.42165	426.71810	2	46.6090	2
851.43910	426.72685	2	38.1620	2
852.44960	427.23210	2	61.5107	2
853.36115	427.68785	2	38.0539	2
854.46080	428.23770	2	40.8743	2
856.43295	429.22375	2	65.3467	2
856.46955	429.24205	2	51.0141	2
856.48050	429.24750	2	46.6642	1
856.51300	429.26375	2	49.2427	2
856.51680	429.26570	2	46.7344	2
856.53840	429.27645	2	58.6527	2
857.44020	429.72740	2	40.6191	2
857.46150	429.73805	2	41.1682	2
857.46190	429.73825	2	43.5248	2
857.49630	429.75540	2	47.3662	2
857.49730	429.75590	2	55.8958	1
857.49760	429.75610	2	55.8667	1
858.45650	430.23550	2	45.2999	2
858.46990	430.24225	2	44.5735	2
859.43870	430.72660	2	41.1004	1
859.46480	430.73970	2	39.1600	3
859.46495	430.73975	2	47.9357	2
860.42375	431.21920	2	37.2158	2
860.44180	431.22820	2	46.2020	1
860.46045	431.23750	2	34.8656	2
861.44395	431.72925	2	45.4766	2
861.47020	431.74240	2	61.4693	1
861.47175	431.74315	2	48.7903	2
861.50805	431.76130	2	76.6033	2
861.53260	431.77355	2	51.3295	2
862.38670	432.20065	2	40.2636	2
863.45060	432.73260	2	36.2451	2
863.45115	432.73285	2	50.2213	2
863.47550	432.74500	2	47.0988	1
864.41930	433.21690	2	50.7758	2
864.43500	433.22480	2	53.7075	2
864.50735	433.26095	2	64.9501	2
865.41485	433.71470	2	40.9031	2
865.41905	433.71680	2	36.5106	2
866.45750	434.23600	2	76.4657	2
866.49850	434.25650	2	43.6135	2
867.39670	434.70565	2	38.5445	2
867.41680	434.71565	2	51.0798	2
867.43400	434.72430	2	40.0801	2
868.45915	435.23685	2	39.0610	2
868.50125	435.25790	2	45.4588	2
868.51325	435.26390	2	33.5647	2
869.45420	435.73440	2	35.5335	1
869.49515	435.75485	2	35.6738	2
869.53295	435.77375	2	60.7097	2
869.53360	435.77410	2	53.4548	2
869.55890	435.78675	2	68.0053	2
870.44920	436.23185	2	55.5620	2
870.51790	436.26620	2	59.0538	2
870.55425	436.28440	2	52.2105	2
871.44430	436.72940	2	39.3689	1
871.45110	436.73285	2	41.8578	2
871.53850	436.77650	2	60.2977	2
872.47540	437.24495	2	40.9042	2
872.49730	437.25595	2	43.2217	2
872.51535	437.26500	2	64.7905	2
873.47460	437.74460	2	51.5551	1
873.47510	437.74480	2	51.5314	1
873.47780	437.74620	2	47.0419	1
873.47920	437.74690	2	47.0752	1
873.49620	437.75535	2	68.4729	2
874.43320	438.22385	2	45.7367	2
874.45810	438.23630	2	50.8088	2
874.46625	438.24045	2	44.0678	2
874.46975	438.24215	2	36.9770	2
875.48990	438.75225	2	31.5389	2
875.52315	438.76885	2	61.9389	2
876.40080	439.20770	2	28.6760	1
876.41220	439.21340	2	40.4221	3
876.43780	439.22620	2	48.9877	2
876.44615	439.23035	2	38.9608	2
876.47060	439.24260	2	51.2108	3
876.48130	439.24795	2	54.9547	2
876.49605	439.25530	2	68.8480	2
877.45465	439.73460	2	38.4034	2
877.46540	439.74000	2	50.6665	2
877.46640	439.74050	2	45.9542	2
877.51010	439.76235	2	71.0415	2
877.52740	439.77100	2	70.0661	2
878.38100	440.19780	2	31.3862	1
878.43215	440.22335	2	48.8310	2
878.48680	440.25070	2	51.3560	1
878.48685	440.25070	2	55.7861	2
879.39725	440.70590	2	36.0573	2
879.39740	440.70600	2	42.8278	1
879.49250	440.75350	2	42.8851	1
880.41435	441.21445	2	39.8121	2
880.42885	441.22170	2	44.2927	2
880.54905	441.28185	2	54.3506	2
881.51625	441.76540	2	56.1771	2
882.48270	442.24860	2	37.7451	1
882.52925	442.27190	2	40.3441	2
883.51130	442.76300	2	40.6953	1
883.53800	442.77630	2	59.6532	2
883.53875	442.77665	2	52.1780	2
883.56360	442.78910	2	40.2510	1
884.44040	443.22750	2	45.1236	1
884.54420	443.27935	2	55.2855	2
884.56965	443.29210	2	75.2708	2
884.57015	443.29235	2	60.3521	2
885.42550	443.72005	2	40.0470	2
885.43610	443.72530	2	43.2751	1
885.44445	443.72950	2	36.1140	2
885.48250	443.74850	2	44.6981	2
885.49005	443.75235	2	36.7436	2
885.49270	443.75360	2	52.4364	2
885.51145	443.76300	2	48.8805	4
885.55350	443.78405	2	65.9187	2
886.48590	444.25025	2	43.4436	2
887.46010	444.73735	2	37.5653	2
887.48800	444.75125	2	56.2048	2
887.53295	444.77375	2	59.0869	2
888.44560	445.23010	2	54.4015	2
889.45850	445.73650	2	52.0014	2
889.46580	445.74020	2	49.1769	2
889.47730	445.74590	2	42.3668	2
889.48420	445.74940	2	71.2494	2
890.47700	446.24580	2	72.7665	2
891.44450	446.72950	2	50.0805	2
891.44985	446.73220	2	47.5710	2
891.48220	446.74840	2	63.7717	2
891.50660	446.76060	2	67.5217	2
892.44020	447.22735	2	41.2855	2
892.48440	447.24950	2	78.0034	2
893.45115	447.73285	2	44.1005	2
893.45965	447.73710	2	46.6974	6
893.46140	447.73800	2	43.6434	2
893.60615	447.81035	2	76.7933	2
894.44650	448.23050	2	44.3964	1
894.45620	448.23540	2	35.5645	1
894.50290	448.25870	2	32.7261	2
895.44775	448.73115	2	60.7865	2
895.46510	448.73980	2	42.3284	1
895.46540	448.74000	2	42.3622	1
896.41675	449.21565	2	38.7585	2
896.53380	449.27420	2	55.8012	1
897.40400	449.70930	2	67.6597	1
897.47380	449.74420	2	46.4197	2
897.50315	449.75885	2	35.1736	2
898.40790	450.21125	2	67.0697	2
898.47960	450.24710	2	58.7084	1
898.48705	450.25080	2	36.8737	2
898.49110	450.25280	2	45.7302	2
898.54905	450.28180	2	67.9421	2
898.56015	450.28735	2	56.3638	2
899.43810	450.72635	2	54.6700	2
899.45050	450.73255	2	41.7781	2
899.51475	450.76465	2	61.2121	2
900.46380	451.23915	2	42.5262	2
900.49160	451.25310	2	42.2462	1
900.50250	451.25855	2	51.6068	2
900.53940	451.27700	2	44.9093	2
901.41180	451.71315	2	50.1820	2
901.43335	451.72395	2	40.2800	2
901.47655	451.74555	2	59.6873	2
901.48605	451.75030	2	35.0851	2
901.48680	451.75070	2	57.4754	1
901.52685	451.77070	2	76.4005	2
902.41355	452.21405	2	48.7107	2
902.48320	452.24890	2	40.8586	2
902.49670	452.25565	2	41.6074	2
902.50780	452.26120	2	47.2246	2
903.48165	452.74810	2	54.0391	2
903.49620	452.75540	2	38.8714	1
903.52965	452.77210	2	43.4155	2
903.54325	452.77890	2	69.9799	2
904.42860	453.22160	2	33.5898	1
904.44440	453.22950	2	32.1560	2
905.45315	453.73385	2	66.4089	2
905.45325	453.73390	2	44.9234	2
905.46150	453.73810	2	33.7570	1
906.46840	454.24150	2	33.1869	1
906.51695	454.26575	2	49.2352	2
907.45355	454.73405	2	38.4374	2
907.50040	454.75750	2	49.6745	2
908.00385	455.00920	2	56.0191	4
908.43130	455.22295	2	50.5284	2
908.56960	455.29210	2	58.0881	2
909.42665	455.72060	2	56.4526	2
911.38010	456.69730	2	35.3946	2
911.38140	456.69800	2	31.6222	1
911.47490	456.74470	2	61.8016	2
911.48985	456.75220	2	44.3511	2
911.51520	456.76490	2	34.4068	1
911.58015	456.79735	2	59.1679	2
912.54720	457.28090	2	43.6391	1
912.54740	457.28100	2	43.6577	1
912.56260	457.28860	2	46.7564	1
912.56530	457.28995	2	65.3696	2
913.42950	457.72205	2	49.6592	2
913.44980	457.73220	2	42.9189	4
913.47405	457.74430	2	72.5048	2
913.48720	457.75085	2	48.2832	2
913.50875	457.76165	2	34.5459	2
913.54805	457.78130	2	54.8304	2
913.55950	457.78705	2	40.5360	2
913.59630	457.80545	2	41.8414	2
914.50740	458.26100	2	41.9734	2
914.51815	458.26635	2	47.1685	2
915.44655	458.73055	2	38.2046	2
915.46710	458.74080	2	43.4692	2
915.47025	458.74240	2	37.7763	2
915.50540	458.75995	2	33.8719	2
915.52125	458.76790	2	50.8704	2
915.52190	458.76825	2	76.2232	2
915.53930	458.77690	2	36.6186	2
916.48550	459.25000	2	42.3233	1
916.49800	459.25630	2	38.9181	3
917.48150	459.74800	2	41.4310	2
917.48180	459.74815	2	39.3706	2
917.96405	459.98930	2	36.1242	2
918.42850	460.22150	2	34.2105	1
918.44915	460.23185	2	81.0537	2
918.48385	460.24920	2	54.5608	2
918.49070	460.25265	2	65.0962	2
918.49240	460.25350	2	51.5151	2
918.51770	460.26610	2	58.0394	3
918.51770	460.26610	2	64.0675	2
919.40430	460.70945	2	34.4494	2
919.40720	460.71090	2	62.3926	2
919.44350	460.72900	2	48.6734	1
919.46845	460.74150	2	53.5952	2
919.50835	460.76150	2	53.8664	2
919.51290	460.76375	2	47.8413	2
919.51650	460.76550	2	58.4022	1
919.52040	460.76750	2	65.7832	2
920.49640	461.25550	2	48.0164	2
920.50785	461.26120	2	42.8345	2
921.44485	461.72970	2	41.8929	2
921.44520	461.72990	2	38.8006	3
921.45570	461.73510	2	35.2354	1
922.44020	462.22735	2	50.8604	2
923.43525	462.72490	2	44.8615	2
923.47235	462.74345	2	42.0513	2
923.58010	462.79730	2	79.1614	1
924.43720	463.22585	2	49.1291	2
924.53940	463.27700	2	53.5874	2
924.56465	463.28960	2	56.3970	2
925.46970	463.74215	2	80.4454	2
926.51830	464.26645	2	40.1691	2
926.57995	464.29725	2	61.2423	2
926.59125	464.30290	2	62.4666	2
927.37680	464.69570	2	31.0553	2
927.44525	464.72990	2	47.4780	2
927.56445	464.78950	2	84.0648	2
928.45420	465.23435	2	51.6303	2
928.51685	465.26570	2	43.2490	2
928.52205	465.26830	2	49.3617	2
928.52390	465.26925	2	52.6463	2
928.53415	465.27435	2	50.9220	2
928.55920	465.28690	2	58.0197	1
928.56010	465.28730	2	63.7222	2
929.45660	465.73560	2	39.6032	2
929.45690	465.73570	2	31.4388	2
929.47440	465.74450	2	51.1848	1
929.47965	465.74710	2	38.2238	2
929.50030	465.75745	2	54.2672	2
929.51175	465.76315	2	49.4175	2
929.51780	465.76620	2	42.1186	2
929.51835	465.76645	2	44.1517	2
929.51925	465.76690	2	37.4780	2
930.42370	466.21910	2	61.9640	2
930.44060	466.22755	2	33.7085	2
930.46600	466.24025	2	36.5657	2
930.47780	466.24615	2	43.0865	2
930.51760	466.26605	2	65.6157	2
930.53885	466.27670	2	39.4326	2
931.44450	466.72950	2	29.9916	1
931.47070	466.74260	2	37.4253	2
931.48655	466.75055	2	49.7903	2
931.50105	466.75780	2	56.7850	2
931.51225	466.76340	2	58.8343	2
931.53360	466.77410	2	68.7593	2
932.44380	467.22920	2	34.6523	1
932.46410	467.23930	2	40.0420	2
932.49520	467.25490	2	36.4450	1
932.54515	467.27985	2	43.4155	2
933.43770	467.72610	2	32.6479	1
933.45610	467.73530	2	38.4710	1
933.45620	467.73540	2	38.4997	1
933.46550	467.74000	2	52.2298	1
933.48555	467.75005	2	52.6362	2
933.50360	467.75905	2	53.3829	2
933.52875	467.77165	2	57.3491	2
933.54005	467.77730	2	34.2211	2
934.41860	468.21660	2	41.0779	2
934.45095	468.23275	2	40.3740	2
934.47820	468.24640	2	36.0496	2
934.48630	468.25045	2	44.1839	2
934.48675	468.25065	2	56.0266	2
934.48745	468.25100	2	34.8944	2
934.51225	468.26340	2	59.4256	2
934.52390	468.26920	2	60.5028	2
935.40170	468.70810	2	27.8919	1
935.45310	468.73380	2	37.6560	1
935.47015	468.74235	2	46.0281	2
935.47180	468.74320	2	61.1812	2
935.48440	468.74950	2	44.7310	1
937.41425	469.71440	2	36.1505	2
937.45310	469.73380	2	44.0112	1
937.48700	469.75080	2	41.7125	2
937.51145	469.76300	2	58.7077	2
938.43320	470.22390	2	38.9414	2
939.43100	470.72280	2	63.3416	2
939.46470	470.73960	2	33.9664	2
939.48155	470.74805	2	81.4068	2
939.51410	470.76435	2	33.4448	2
939.53890	470.77670	2	54.4745	1
939.54960	470.78210	2	56.8170	2
939.56430	470.78945	2	81.7504	2
940.44385	471.22920	2	46.2957	2
940.51990	471.26720	2	57.4804	1
940.52685	471.27070	2	62.8956	2
940.53480	471.27470	2	35.9037	2
941.43500	471.72475	2	39.7134	2
941.46435	471.73945	2	50.9269	2
941.57970	471.79715	2	67.7257	2
941.60675	471.81065	2	80.5818	2
942.48795	472.25125	2	44.7400	2
942.50250	472.25855	2	37.2996	2
942.51330	472.26395	2	44.4024	2
942.51380	472.26420	2	49.0960	2
943.46355	472.73910	2	37.0649	2
943.48840	472.75150	2	44.9158	2
943.50590	472.76020	2	37.2255	1
943.52340	472.76900	2	63.5464	2
944.42840	473.22150	2	38.7387	2
944.43165	473.22310	2	64.4663	2
944.49310	473.25380	2	43.9840	2
944.51190	473.26325	2	64.9240	2
944.51770	473.26610	2	46.4452	2
944.51810	473.26635	2	48.9284	2
944.52900	473.27175	2	50.3365	2
944.55450	473.28455	2	55.6734	2
945.46015	473.73735	2	78.0569	2
945.51275	473.76365	2	41.7168	2
945.54970	473.78215	2	59.6466	2
946.50865	474.26160	2	35.8361	2
946.50875	474.26165	2	38.3686	2
946.51310	474.26385	2	46.9330	2
946.52735	474.27095	2	70.6040	2
946.53495	474.27480	2	39.2871	2
946.54910	474.28185	2	75.4476	2
947.43565	474.72510	2	39.4975	2
947.51470	474.76460	2	72.4169	2
948.46640	475.24050	2	53.8198	2
948.46695	475.24075	2	45.3612	2
948.61180	475.31315	2	57.8395	2
949.42840	475.72150	2	35.5748	1
949.48590	475.75020	2	40.8164	2
949.48670	475.75060	2	55.1981	2
949.49145	475.75300	2	87.9425	2
949.50540	475.75995	2	78.4103	2
949.52740	475.77095	2	80.7654	2
950.45345	476.23400	2	51.1102	2
950.48060	476.24760	2	50.1493	1
950.48105	476.24780	2	47.5968	2
950.48620	476.25035	2	74.7071	2
950.50120	476.25790	2	60.3523	2
950.50670	476.26060	2	52.8056	2
951.51725	476.76590	2	81.4068	2
952.45000	477.23230	2	48.2262	2
952.45015	477.23235	2	44.1358	2
952.46920	477.24185	2	51.8354	2
952.53465	477.27460	2	43.3584	2
954.44540	478.23000	2	53.4206	2
955.53450	478.77455	2	63.7533	2
956.50425	479.25940	2	39.5476	2
956.51690	479.26570	2	38.0461	2
956.52895	479.27175	2	54.2854	2
956.52900	479.27175	2	47.8487	2
956.52965	479.27210	2	45.2021	2
956.57825	479.29640	2	78.8447	2
957.48920	479.75185	2	33.9035	2
957.50720	479.76090	2	39.3340	1
957.51330	479.76390	2	48.9298	1
957.52500	479.76980	2	42.0490	1
957.56100	479.78780	2	49.2884	1
957.59730	479.80595	2	48.7209	2
958.48795	480.25125	2	57.4017	2
958.50400	480.25930	2	57.6748	2
959.51035	480.76245	2	42.2232	2
959.53080	480.77270	2	43.6917	2
959.53320	480.77390	2	69.9540	2
959.55570	480.78510	2	58.8944	2
959.58120	480.79785	2	85.1283	2
960.45000	481.23225	2	36.5156	2
960.46420	481.23940	2	32.8804	1
960.47590	481.24525	2	42.9813	2
960.51275	481.26365	2	40.4210	2
960.53165	481.27310	2	58.4489	2
960.53925	481.27690	2	62.5168	2
961.45260	481.73360	2	35.4581	2
962.47315	482.24385	2	47.3157	2
962.48470	482.24960	2	51.1470	2
962.50525	482.25990	2	63.3134	2
962.53775	482.27615	2	87.6445	2
963.44505	482.72980	2	55.5659	2
963.50160	482.75810	2	41.3678	2
963.50600	482.76025	2	35.9225	2
963.55490	482.78475	2	76.0290	2
964.46170	483.23815	2	39.2345	2
964.47305	483.24380	2	34.6970	2
964.48085	483.24770	2	70.3428	2
964.48660	483.25060	2	46.6692	1
964.49820	483.25635	2	44.0468	2
964.52310	483.26880	2	55.1430	1
965.44465	483.72960	2	42.4672	2
965.44575	483.73015	2	36.4436	2
965.46015	483.73735	2	38.7959	2
965.48235	483.74845	2	61.5902	2
965.62730	483.82095	2	83.8650	2
966.46645	484.24055	2	37.7395	2
966.46725	484.24090	2	42.8149	2
966.48240	484.24850	2	45.6077	1
966.49160	484.25305	2	76.2752	2
966.51530	484.26490	2	46.0668	1
966.52465	484.26960	2	47.9593	2
967.47910	484.74685	2	58.8301	2
967.51900	484.76680	2	30.7437	1
967.52400	484.76930	2	48.4273	2
967.58145	484.79800	2	57.6281	2
968.44500	485.22975	2	41.4049	2
968.52765	485.27110	2	38.4299	2
968.52935	485.27195	2	49.7903	2
969.43190	485.72320	2	40.5802	1
969.48790	485.75120	2	41.3839	1
969.52475	485.76965	2	51.3816	2
969.54990	485.78220	2	33.8020	1
969.56065	485.78760	2	53.7818	2
969.58560	485.80005	2	69.7503	2
969.58655	485.80055	2	65.0053	2
970.48675	486.25065	2	55.6217	2
970.51640	486.26550	2	42.1736	2
970.54505	486.27980	2	56.7700	2
970.58025	486.29740	2	46.1219	2
970.58040	486.29750	2	34.6254	1
970.58100	486.29780	2	70.1876	2
971.50420	486.75940	2	32.5892	2
971.52840	486.77145	2	49.6623	2
971.52875	486.77165	2	37.2703	2
971.52900	486.77175	2	59.7454	2
971.55375	486.78415	2	58.5977	2
971.56525	486.78990	2	35.1216	2
971.56710	486.79080	2	45.1035	1
972.46630	487.24045	2	34.6705	2
973.50780	487.76120	2	40.6440	1
973.50800	487.76130	2	42.9812	2
973.52170	487.76810	2	47.6736	1
973.54280	487.77870	2	35.2968	2
974.50310	488.25885	2	39.2009	2
974.51840	488.26650	2	59.8007	2
975.49020	488.75240	2	30.6679	1
975.50275	488.75865	2	53.4113	2
975.51360	488.76410	2	45.8313	3
975.53920	488.77685	2	65.8165	2
976.49810	489.25635	2	59.0010	2
976.50785	489.26120	2	48.8764	2
976.52675	489.27065	2	70.3929	2
976.54545	489.28000	2	42.1878	2
977.44425	489.72940	2	47.8233	2
977.48175	489.74815	2	61.6124	2
977.48230	489.74840	2	46.3917	2
977.51980	489.76720	2	53.1217	1
978.46545	490.24005	2	46.6436	2
978.48610	490.25030	2	42.6792	1
978.50235	490.25845	2	60.9849	2
979.44980	490.73215	2	67.1251	2
979.46140	490.73795	2	39.6557	2
979.49735	490.75595	2	53.4698	2
979.51655	490.76555	2	68.1599	2
979.57050	490.79250	2	41.5656	1
980.45620	491.23540	2	38.3989	2
980.49635	491.25545	2	53.1677	2
981.45330	491.73390	2	63.3235	2
981.52375	491.76915	2	31.1519	2
981.59740	491.80595	2	42.3071	2
982.45980	492.23715	2	34.9657	2
982.47675	492.24565	2	42.9195	2
982.52010	492.26735	2	39.2243	2
983.47430	492.74445	2	49.1726	2
983.50500	492.75975	2	43.2742	2
983.55480	492.78470	2	72.2078	2
983.57660	492.79555	2	65.2291	2
983.58475	492.79965	2	72.6908	2
983.58830	492.80145	2	45.4258	2
983.60140	492.80800	2	58.9161	3
984.43795	493.22625	2	35.2711	2
984.45520	493.23490	2	58.4168	2
984.49340	493.25400	2	52.7177	2
984.56135	493.28795	2	48.7978	2
984.63345	493.32400	2	51.2566	2
985.50125	493.75790	2	46.2111	2
985.50210	493.75830	2	45.3796	1
985.53860	493.77660	2	47.0652	1
985.54790	493.78125	2	44.1836	2
985.61700	493.81580	2	46.8255	2
986.48940	494.25200	2	68.6198	2
987.49935	494.75695	2	32.5578	2
987.52355	494.76905	2	45.7688	2
987.53530	494.77495	2	50.4730	2
987.60075	494.80765	2	80.9873	2
988.48295	495.24875	2	39.2607	2
988.50715	495.26085	2	53.9847	2
988.51950	495.26705	2	43.5820	2
988.54435	495.27945	2	48.2419	2
988.58020	495.29740	2	51.6854	2
989.47750	495.74600	2	34.4895	2
989.52990	495.77220	2	54.4350	1
989.55430	495.78440	2	49.2925	2
989.55450	495.78450	2	59.6797	2
990.45910	496.23680	2	38.3146	2
990.47465	496.24460	2	46.9432	2
990.50575	496.26015	2	61.2422	2
990.55080	496.28270	2	74.3034	2
991.38580	496.70015	2	35.1658	2
991.50840	496.76150	2	68.3188	2
991.50860	496.76160	2	61.5289	2
991.54535	496.77995	2	70.4447	2
991.57025	496.79240	2	62.3821	2
992.48505	497.24980	2	57.4063	2
992.53265	497.27365	2	82.2143	2
992.60200	497.30825	2	71.7208	2
993.44090	497.72775	2	43.5923	2
993.45195	497.73325	2	41.2537	2
993.46585	497.74020	2	59.3486	2
993.51255	497.76355	2	54.0983	2
993.51320	497.76390	2	50.5064	2
993.53215	497.77335	2	69.3961	2
993.55010	497.78230	2	65.6442	2
994.40275	498.20865	2	35.8753	2
994.43995	498.22725	2	37.8484	2
994.47290	498.24375	2	53.9317	2
994.49570	498.25515	2	49.9325	2
994.50725	498.26090	2	48.4569	2
994.50840	498.26150	2	33.0507	1
994.51280	498.26370	2	69.5207	1
994.51595	498.26525	2	74.0347	2
994.60505	498.30980	2	75.1496	2
994.65320	498.33385	2	47.3599	2
995.49280	498.75370	2	44.4930	2
996.52690	499.27070	2	49.0112	2
996.57240	499.29350	2	46.3422	1
997.47040	499.74250	2	61.4052	1
997.47900	499.74680	2	31.0702	1
998.58800	500.30130	2	41.9427	1
999.48130	500.74790	2	32.8248	3
999.53430	500.77440	2	43.3976	2
999.53505	500.77480	2	31.2533	2
999.55490	500.78475	2	39.6629	2
999.57145	500.79300	2	33.6735	2
1000.49355	501.25405	2	37.0925	2
1000.54560	501.28010	2	44.7021	1
1000.55075	501.28265	2	60.0326	2
1000.56750	501.29105	2	50.2118	2
1000.59235	501.30345	2	63.4439	2
1001.51560	501.76510	2	45.0629	3
1001.55490	501.78475	2	68.4193	2
1001.56050	501.78750	2	35.1684	1
1001.58730	501.80090	2	48.6543	2
1001.59200	501.80330	2	70.7552	1
1002.47130	502.24295	2	35.5777	2
1002.48130	502.24795	2	39.9305	2
1002.48630	502.25045	2	42.4274	2
1002.52700	502.27080	2	38.8486	2
1002.54660	502.28055	2	34.5749	2
1002.55990	502.28720	2	37.7101	1
1002.56510	502.28980	2	56.1364	1
1002.58650	502.30060	2	66.1773	1
1003.50135	502.75795	2	44.2411	2
1003.51970	502.76710	2	45.3381	1
1003.52310	502.76885	2	36.7199	2
1003.57065	502.79260	2	78.9941	2
1004.52890	503.27175	2	58.3204	2
1004.54100	503.27780	2	49.0101	2
1004.56345	503.28900	2	44.3706	2
1005.46890	503.74170	2	50.0244	1
1005.48140	503.74800	2	39.0920	2
1005.49090	503.75275	2	31.5388	2
1005.51280	503.76370	2	55.8713	1
1005.53165	503.77310	2	69.8079	2
1005.53525	503.77490	2	37.1566	2
1005.56120	503.78790	2	68.2099	1
1006.44925	504.23190	2	33.4791	2
1006.47195	504.24325	2	42.6268	2
1006.49840	504.25645	2	55.0963	2
1007.45650	504.73550	2	49.9497	1
1007.45710	504.73580	2	39.6968	2
1007.46770	504.74110	2	41.9148	1
1007.47600	504.74530	2	52.5620	2
1007.50145	504.75800	2	44.7500	2
1007.52370	504.76915	2	66.0120	2
1007.54030	504.77745	2	57.0969	2
1007.54435	504.77945	2	69.5331	2
1007.67485	504.84470	2	73.9389	2
1008.47730	505.24595	2	51.4869	2
1008.51280	505.26365	2	61.8296	2
1008.52780	505.27115	2	84.8948	2
1009.44795	505.73125	2	43.1967	2
1009.46185	505.73820	2	45.9105	2
1009.50180	505.75820	2	38.3399	1
1009.51975	505.76715	2	37.5991	2
1009.54840	505.78150	2	89.0791	2
1010.42670	506.22060	2	36.0004	2
1010.45300	506.23380	2	39.8954	2
1010.49980	506.25720	2	40.0093	2
1010.51120	506.26290	2	64.3041	2
1010.57620	506.29535	2	69.3214	2
1011.52425	506.76940	2	37.8982	2
1011.53465	506.77460	2	46.1597	2
1011.54655	506.78055	2	43.9245	2
1011.57135	506.79295	2	53.5716	2
1011.60725	506.81090	2	68.7412	2
1012.57070	507.29260	2	59.6947	1
1012.57070	507.29265	2	70.1243	2
1012.58170	507.29815	2	61.9036	2
1012.60350	507.30905	2	40.2254	2
1012.63985	507.32720	2	50.4780	2
1013.46425	507.73940	2	73.1334	2
1013.53985	507.77720	2	44.8548	2
1013.55505	507.78480	2	66.6327	2
1013.56195	507.78825	2	39.0493	2
1013.59560	507.80510	2	46.0819	1
1013.62360	507.81905	2	68.0318	2
1014.50850	508.26150	2	32.3163	1
1014.53380	508.27420	2	39.4263	2
1014.57085	508.29270	2	38.9103	2
1014.57110	508.29285	2	47.1345	2
1015.48985	508.75220	2	40.6916	2
1015.58540	508.80000	2	72.2774	2
1015.59155	508.80305	2	66.8856	2
1016.45980	509.23715	2	38.2821	2
1016.51870	509.26660	2	48.9567	1
1016.53235	509.27345	2	49.5796	2
1016.54640	509.28045	2	50.6456	2
1017.47220	509.74340	2	42.4838	2
1017.51695	509.76575	2	78.1793	2
1017.53465	509.77460	2	40.1390	2
1017.57290	509.79370	2	42.0374	2
1017.62245	509.81850	2	67.5862	2
1018.54335	510.27895	2	41.3779	2
1018.54845	510.28150	2	66.1960	2
1018.58120	510.29790	2	71.7223	1
1019.42065	510.71760	2	44.5186	2
1019.50345	510.75900	2	60.9603	2
1019.50350	510.75900	2	43.9256	2
1019.54015	510.77735	2	36.5581	2
1019.54055	510.77755	2	55.0879	2
1019.54760	510.78110	2	67.9826	2
1019.55365	510.78410	2	48.5179	2
1020.44640	511.23050	2	30.8937	1
1020.52380	511.26915	2	65.1409	2
1020.52405	511.26930	2	50.3829	2
1020.52430	511.26945	2	57.3704	2
1020.53410	511.27430	2	55.8413	1
1020.53545	511.27500	2	56.3049	2
1021.44985	511.73220	2	35.6736	2
1021.49375	511.75415	2	31.7032	2
1021.51180	511.76320	2	44.6243	2
1021.54470	511.77965	2	61.4386	2
1021.60305	511.80880	2	53.5016	2
1022.50320	512.25885	2	54.2082	2
1022.51100	512.26275	2	78.4303	2
1023.51615	512.76535	2	61.6739	2
1023.60770	512.81110	2	69.2239	2
1024.37350	513.19400	2	42.8799	1
1024.48950	513.25200	2	60.4434	2
1025.50320	513.75885	2	41.8620	2
1025.60210	513.80830	2	50.3545	2
1026.44665	514.23060	2	43.2812	2
1027.56695	514.79075	2	37.5754	2
1027.58120	514.79790	2	75.7689	1
1027.59150	514.80305	2	59.7765	2
1027.60240	514.80845	2	69.8939	2
1028.56580	515.29020	2	81.5300	2
1029.47615	515.74535	2	57.5064	2
1029.47765	515.74610	2	42.8268	2
1029.53880	515.77670	2	53.2980	2
1029.54370	515.77910	2	38.6143	2
1029.55765	515.78610	2	31.5738	2
1029.58220	515.79835	2	37.9585	2
1030.52965	516.27210	2	36.9121	2
1030.59110	516.30280	2	80.0682	2
1030.60685	516.31070	2	76.7580	2
1031.46360	516.73905	2	65.0424	2
1031.50280	516.75865	2	42.5779	2
1031.50660	516.76060	2	50.1585	2
1031.54955	516.78205	2	52.5620	2
1031.58660	516.80060	2	57.7256	2
1031.58700	516.80080	2	62.8457	2
1032.49835	517.25645	2	42.9150	2
1032.53465	517.27460	2	49.7765	2
1032.59730	517.30595	2	74.7741	2
1033.56645	517.79050	2	44.1009	2
1033.58105	517.79780	2	83.4108	2
1033.58130	517.79790	2	71.8767	1
1033.61655	517.81555	2	70.7969	2
1034.52210	518.26830	2	65.7512	2
1034.55920	518.28690	2	81.8710	1
1034.56650	518.29055	2	63.0606	2
1035.48735	518.75095	2	61.8196	2
1035.56075	518.78765	2	61.2992	2
1036.51900	519.26680	2	44.4232	2
1036.53425	519.27440	2	72.3639	2
1036.53765	519.27610	2	68.7024	2
1036.55495	519.28475	2	64.2091	2
1037.50560	519.76010	2	35.3439	1
1037.50570	519.76010	2	35.3174	1
1037.52960	519.77210	2	61.6218	2
1037.62360	519.81905	2	55.6994	2
1037.64825	519.83140	2	72.1508	2
1038.48055	520.24755	2	47.9119	2
1038.54580	520.28015	2	36.5028	2
1039.46525	520.73990	2	48.6496	2
1039.49720	520.75585	2	53.2637	2
1039.56500	520.78980	2	48.7341	2
1039.56600	520.79030	2	46.8746	1
1040.46750	521.24100	2	42.1854	1
1040.49345	521.25400	2	32.4323	2
1040.49665	521.25560	2	42.7772	2
1040.55075	521.28265	2	54.9496	2
1040.56910	521.29180	2	50.9685	1
1040.59795	521.30625	2	57.7341	2
1040.62260	521.31855	2	74.9015	2
1040.65940	521.33695	2	60.9504	2
1041.44025	521.72740	2	46.1564	2
1041.45540	521.73500	2	37.0104	2
1041.52875	521.77165	2	84.9094	2
1041.53095	521.77275	2	51.0457	2
1042.51570	522.26515	2	65.3778	2
1042.53000	522.27230	2	38.7005	2
1042.55535	522.28495	2	54.3684	2
1042.57790	522.29625	2	42.0066	2
1043.54300	522.77880	2	49.4525	2
1043.54985	522.78220	2	79.6272	2
1043.56160	522.78805	2	35.0800	2
1043.56240	522.78850	2	37.8655	2
1043.60335	522.80895	2	64.3532	2
1044.52055	523.26755	2	45.6455	2
1044.53865	523.27660	2	66.8123	2
1044.56080	523.28765	2	59.2573	2
1045.51185	523.76320	2	57.8444	2
1045.53800	523.77630	2	45.4004	1
1045.53950	523.77705	2	34.8363	2
1045.54005	523.77730	2	32.4456	2
1045.60255	523.80855	2	61.3527	2
1046.52500	524.26980	2	37.1002	2
1046.59830	524.30640	2	50.2393	2
1047.52700	524.77075	2	60.7383	2
1047.56370	524.78915	2	60.3794	2
1048.47780	525.24620	2	36.3588	1
1048.55875	525.28665	2	33.1396	2
1049.52505	525.76980	2	51.7269	2
1049.53380	525.77415	2	41.0564	2
1049.56140	525.78795	2	38.8778	2
1050.50980	526.26215	2	47.0008	2
1050.53375	526.27415	2	48.9082	2
1050.55845	526.28650	2	32.6504	2
1050.57075	526.29265	2	63.0026	2
1051.49270	526.75365	2	38.1995	2
1051.51200	526.76325	2	59.3207	2
1052.46320	527.23890	2	58.4757	2
1053.61845	527.81650	2	56.7332	2
1054.53365	528.27410	2	75.9995	2
1054.54045	528.27750	2	33.0042	2
1054.60260	528.30855	2	57.8976	2
1055.42290	528.71870	2	47.9643	2
1055.49240	528.75350	2	45.4810	2
1055.58585	528.80020	2	68.5018	2
1055.58640	528.80050	2	64.6193	2
1055.62195	528.81825	2	65.8768	2
1056.52225	529.26840	2	53.1472	2
1056.53205	529.27330	2	78.0909	2
1056.58120	529.29785	2	55.7221	2
1056.59295	529.30375	2	60.0470	2
1056.59385	529.30420	2	53.6535	2
1057.49815	529.75635	2	39.1083	2
1057.50915	529.76185	2	44.6399	2
1057.51150	529.76300	2	72.8878	1
1057.57670	529.79565	2	37.3826	2
1057.57820	529.79635	2	45.2358	2
1057.61725	529.81590	2	38.4663	2
1057.63845	529.82650	2	78.8700	2
1058.49200	530.25325	2	51.3167	2
1058.54440	530.27945	2	79.4929	2
1058.55895	530.28675	2	73.0464	2
1058.57290	530.29370	2	47.4464	3
1058.59835	530.30645	2	40.8812	2
1059.50890	530.76175	2	44.3249	2
1059.53965	530.77710	2	56.2124	2
1059.59970	530.80710	2	57.6142	1
1060.47510	531.24480	2	34.9349	2
1060.52305	531.26880	2	75.4232	2
1060.61725	531.31590	2	84.2865	2
1061.55055	531.78255	2	45.5105	2
1061.57585	531.79520	2	75.6637	2
1062.52380	532.26915	2	78.6228	2
1062.53495	532.27475	2	57.2064	2
1062.57115	532.29285	2	61.0813	2
1062.58320	532.29890	2	56.9078	2
1063.53085	532.77270	2	45.0224	2
1063.54200	532.77830	2	46.9497	1
1063.55330	532.78390	2	61.5570	1
1063.60705	532.81080	2	77.1104	2
1064.52550	533.27000	2	39.7731	3
1064.54050	533.27750	2	60.0025	1
1064.56135	533.28795	2	32.0627	2
1064.58850	533.30150	2	51.8598	1
1064.63445	533.32450	2	55.4127	2
1065.44760	533.73110	2	47.1184	2
1065.55300	533.78375	2	62.1411	2
1065.55340	533.78395	2	79.1845	2
1065.56135	533.78795	2	70.4833	2
1066.45715	534.23585	2	54.5833	2
1066.46760	534.24105	2	33.1344	2
1066.50415	534.25935	2	31.6977	2
1066.50670	534.26065	2	34.0433	2
1066.51830	534.26645	2	57.0282	2
1066.60595	534.31025	2	82.4116	2
1066.64160	534.32810	2	80.9430	1
1067.57270	534.79360	2	53.1727	2
1068.55050	535.28250	2	38.0316	3
1068.55935	535.28695	2	64.5608	2
1068.58120	535.29785	2	60.7932	2
1068.59255	535.30355	2	57.5382	2
1068.61855	535.31655	2	43.4824	2
1068.65450	535.33455	2	46.0847	2
1069.53980	535.77720	2	54.3421	1
1070.60860	536.31155	2	75.2134	2
1070.63410	536.32430	2	69.8983	2
1070.65885	536.33670	2	76.9397	2
1071.41630	536.71545	2	40.5860	2
1071.56640	536.79050	2	49.6668	2
1072.08350	537.04905	2	55.7751	4
1072.53075	537.27265	2	48.1410	2
1072.57440	537.29445	2	74.3753	2
1072.60300	537.30880	2	39.9747	1
1072.61330	537.31395	2	41.8930	2
1073.49950	537.75705	2	45.2948	2
1073.58650	537.80050	2	44.4356	2
1073.59080	537.80270	2	59.7505	2
1073.60895	537.81175	2	35.8410	2
1073.60930	537.81195	2	87.3386	2
1073.65970	537.83710	2	64.1281	2
1074.02720	538.02085	2	35.3658	4
1074.54685	538.28070	2	43.8470	2
1074.55790	538.28620	2	53.8981	2
1074.57120	538.29290	2	60.4034	2
1075.47945	538.74700	2	34.7076	2
1075.52280	538.76865	2	68.9443	2
1075.53395	538.77425	2	66.4762	2
1075.59170	538.80315	2	71.3372	2
1075.61270	538.81365	2	58.2365	2
1075.62810	538.82130	2	68.1915	2
1076.46025	539.23740	2	52.0426	2
1076.51375	539.26415	2	49.7548	2
1076.52695	539.27075	2	34.1252	2
1076.56005	539.28730	2	54.7322	2
1076.57165	539.29310	2	43.3874	2
1077.60475	539.80965	2	39.9896	2
1078.47140	540.24300	2	36.0487	1
1078.50510	540.25985	2	41.5969	2
1081.62430	541.81940	2	60.5348	2
1082.53235	542.27345	2	55.3569	2
1082.55495	542.28475	2	82.9591	2
1082.62435	542.31945	2	77.7171	2
1084.48615	543.25035	2	39.2294	2
1084.51900	543.26680	2	74.1615	2
1084.54495	543.27975	2	29.5629	2
1084.57015	543.29235	2	89.9838	2
1084.57070	543.29265	2	45.8508	2
1084.57290	543.29375	2	94.7974	2
1084.63850	543.32650	2	79.4354	2
1084.66100	543.33775	2	56.3327	2
1085.60880	543.81165	2	51.8585	2
1085.61335	543.81395	2	44.2926	2
1085.62310	543.81880	2	75.5734	2
1085.64505	543.82980	2	67.9063	2
1086.06440	544.03950	2	50.6515	4
1086.55475	544.28465	2	48.1022	2
1086.56715	544.29085	2	34.1697	2
1086.59190	544.30320	2	38.9913	1
1087.55255	544.78355	2	51.4049	2
1087.55830	544.78640	2	42.8177	1
1087.56140	544.78800	2	42.8511	1
1087.58780	544.80115	2	42.0554	2
1087.59365	544.80410	2	45.4586	2
1087.59900	544.80680	2	31.2489	1
1087.61225	544.81340	2	70.8229	2
1088.45640	545.23545	2	37.4478	2
1088.50280	545.25870	2	41.6665	2
1088.50985	545.26220	2	32.1172	2
1088.55460	545.28460	2	71.4624	2
1088.57170	545.29310	2	33.2741	2
1088.60840	545.31145	2	36.1769	2
1089.53400	545.77430	2	42.2943	1
1089.55710	545.78580	2	34.8757	2
1089.58560	545.80010	2	48.7626	1
1089.60200	545.80825	2	45.0053	2
1090.46835	546.24145	2	38.1370	2
1090.60215	546.30835	2	59.5905	2
1091.55720	546.78585	2	39.8413	2
1092.53900	547.27680	2	55.4613	2
1092.54530	547.27990	2	31.3503	1
1092.58135	547.29795	2	54.2365	2
1093.53800	547.77630	2	44.3432	1
1093.54040	547.77750	2	58.2441	2
1094.55120	548.28290	2	68.4549	2
1094.55510	548.28485	2	78.1454	2
1094.56070	548.28760	2	33.3686	1
1094.56515	548.28985	2	48.1690	2
1094.56860	548.29160	2	81.9090	1
1094.57120	548.29290	2	37.0470	5
1094.59775	548.30615	2	57.9672	2
1095.46655	548.74055	2	53.2083	2
1095.55640	548.78550	2	54.8204	1
1095.56415	548.78935	2	69.8365	2
1095.56580	548.79020	2	31.6171	1
1096.49745	549.25600	2	60.8485	2
1096.52410	549.26930	2	48.8515	2
1096.56380	549.28920	2	42.2849	2
1097.57130	549.79290	2	67.2400	1
1097.60815	549.81135	2	56.7897	2
1097.62025	549.81740	2	37.4149	2
1098.52810	550.27130	2	61.8702	1
1098.53730	550.27590	2	45.1763	2
1098.57840	550.29645	2	36.4511	2
1098.58155	550.29805	2	50.6438	2
1099.49330	550.75390	2	60.4921	2
1100.46020	551.23740	2	66.7245	2
1100.55815	551.28635	2	34.0356	2
1100.57205	551.29330	2	71.4840	2
1101.55535	551.78495	2	70.7649	2
1101.60260	551.80855	2	38.2549	2
1101.64645	551.83050	2	87.1382	2
1101.65095	551.83275	2	53.5911	2
1102.56955	552.29205	2	34.9056	2
1102.57595	552.29525	2	64.5318	2
1102.58635	552.30045	2	36.7223	2
1102.60190	552.30820	2	61.9049	1
1103.56095	552.78775	2	39.9006	2
1103.58220	552.79835	2	50.8155	2
1103.63775	552.82615	2	85.0633	2
1104.45160	553.23305	2	31.3503	2
1104.47590	553.24525	2	35.3116	4
1104.50935	553.26195	2	52.9673	2
1104.51910	553.26680	2	44.8692	2
1104.54595	553.28025	2	44.4564	2
1104.54705	553.28080	2	46.9876	2
1104.56370	553.28910	2	48.9579	2
1104.56600	553.29030	2	33.8410	2
1104.59380	553.30415	2	60.2500	2
1104.61935	553.31695	2	83.1011	2
1104.62575	553.32015	2	88.0525	2
1104.72740	553.37095	2	78.5318	2
1105.53005	553.77230	2	63.1676	2
1105.57655	553.79555	2	65.0582	2
1106.53895	554.27675	2	47.7598	2
1106.58625	554.30040	2	83.3762	2
1106.59660	554.30560	2	51.5136	1
1106.60945	554.31200	2	82.7982	2
1107.53860	554.77660	2	61.6429	2
1107.54455	554.77955	2	54.4780	2
1107.54930	554.78195	2	66.0674	2
1107.55630	554.78540	2	55.2211	1
1107.55670	554.78560	2	37.6043	2
1107.57950	554.79700	2	89.7233	7
1107.59265	554.80360	2	45.0001	2
1108.51505	555.26480	2	32.1219	2
1108.54295	555.27875	2	32.7865	2
1108.57050	555.29255	2	78.7482	2
1108.57095	555.29275	2	48.6309	2
1108.92030	555.46740	2	37.6537	4
1109.50310	555.75885	2	75.4827	2
1109.53345	555.77400	2	79.2385	2
1109.53960	555.77710	2	47.3105	2
1109.54935	555.78195	2	90.6116	2
1109.57250	555.79350	2	33.4032	1
1109.58660	555.80060	2	58.6324	2
1109.61260	555.81360	2	71.5733	2
1109.68070	555.84760	2	79.1975	1
1110.46710	556.24085	2	42.3712	2
1110.52060	556.26760	2	60.6210	2
1110.59110	556.30280	2	83.7290	2
1110.66515	556.33985	2	74.7430	2
1111.44020	556.72740	2	32.6698	2
1111.56840	556.79150	2	34.2840	1
1113.63370	557.82410	2	62.8278	1
1113.63950	557.82700	2	58.9008	1
1114.55595	558.28525	2	78.6455	2
1114.56695	558.29075	2	64.6193	2
1114.62385	558.31920	2	62.2737	2
1114.63560	558.32510	2	53.1676	1
1115.05500	558.53480	2	46.4813	4
1115.51385	558.76420	2	47.2846	2
1115.52535	558.76995	2	33.2662	2
1115.55780	558.78620	2	35.2787	2
1115.58140	558.79795	2	42.1138	2
1115.60190	558.80820	2	56.1073	2
1116.50215	559.25835	2	44.0518	2
1116.50415	559.25935	2	47.4550	2
1116.53965	559.27710	2	34.0776	2
1116.56455	559.28955	2	54.5131	2
1116.58165	559.29810	2	72.9193	2
1116.60600	559.31025	2	32.0128	2
1116.61345	559.31400	2	35.7048	2
1116.65400	559.33430	2	83.6272	1
1117.52690	559.77075	2	39.5794	2
1117.54315	559.77885	2	42.5727	2
1117.56170	559.78815	2	51.1336	2
1117.58510	559.79980	2	74.9583	1
1117.59765	559.80610	2	49.8774	2
1117.60630	559.81045	2	71.1554	2
1118.01740	560.01595	2	46.4244	4
1118.48460	560.24960	2	33.0976	2
1118.54785	560.28120	2	76.5838	2
1118.63390	560.32420	2	57.3318	2
1119.54170	560.77810	2	69.4721	2
1119.57280	560.79370	2	51.4580	2
1119.58430	560.79945	2	62.7844	2
1119.59560	560.80505	2	67.6048	2
1119.67020	560.84235	2	83.1912	2
1120.05960	561.03705	2	57.6329	4
1120.57550	561.29505	2	60.5237	2
1121.46660	561.74060	2	41.9235	2
1121.53630	561.77540	2	68.8206	2
1121.54730	561.78095	2	43.2161	2
1121.60910	561.81180	2	47.7861	2
1122.51400	562.26425	2	59.8499	2
1123.47845	562.74650	2	46.3278	2
1123.56995	562.79225	2	57.5658	2
1123.58110	562.79785	2	54.2034	2
1124.59035	563.30245	2	62.1900	2
1124.61950	563.31700	2	69.5896	2
1124.68110	563.34780	2	80.8689	2
1124.91385	563.46420	2	30.3248	2
1125.12505	563.56980	2	37.9389	4
1125.51230	563.76340	2	35.4632	2
1125.57115	563.79285	2	43.3290	2
1125.64005	563.82730	2	61.1710	2
1126.59835	564.30645	2	51.8121	2
1126.66000	564.33730	2	77.6833	2
1127.47425	564.74440	2	69.2619	2
1127.52080	564.76770	2	38.6725	2
1127.56450	564.78955	2	42.7771	2
1127.61315	564.81385	2	62.4985	2
1127.65620	564.83540	2	89.2644	9
1128.56535	565.28995	2	42.1420	2
1128.57740	565.29595	2	42.9409	2
1128.63895	565.32675	2	59.9708	2
1129.57960	565.79710	2	55.9141	3
1129.63370	565.82410	2	35.6166	2
1129.63470	565.82460	2	40.1389	2
1129.67155	565.84305	2	70.3954	2
1130.55610	566.28530	2	27.2852	2
1130.56080	566.28765	2	47.5374	2
1131.57715	566.79585	2	34.6781	2
1131.62895	566.82175	2	70.7330	2
1131.65405	566.83430	2	82.2626	2
1132.53810	567.27635	2	32.7311	2
1132.55595	567.28525	2	57.0864	2
1132.58840	567.30145	2	62.0242	2
1133.55360	567.78410	2	69.3809	2
1133.57155	567.79305	2	56.2198	2
1133.57210	567.79330	2	72.5366	2
1133.57560	567.79505	2	66.4365	2
1133.60840	567.81150	2	62.4357	2
1134.53385	568.27420	2	43.9362	2
1134.53650	568.27555	2	46.5848	2
1134.55090	568.28275	2	35.5176	2
1134.57745	568.29600	2	46.4195	2
1134.59185	568.30320	2	48.0232	2
1135.59920	568.80690	2	47.6370	2
1136.53575	569.27515	2	53.4496	2
1136.57080	569.29265	2	61.2627	2
1136.57165	569.29310	2	57.8794	2
1137.46150	569.73800	2	33.4911	1
1137.56430	569.78940	2	83.2696	1
1137.57900	569.79675	2	55.4814	2
1138.56660	570.29055	2	62.4934	2
1138.58730	570.30090	2	35.1108	1
1138.58800	570.30130	2	35.0747	1
1139.54525	570.77990	2	54.7601	2
1139.56185	570.78820	2	66.7142	2
1139.59840	570.80650	2	72.8826	1
1139.63025	570.82240	2	39.8606	2
1139.65460	570.83460	2	61.8479	2
1140.52355	571.26905	2	33.6328	2
1140.61570	571.31510	2	62.7781	1
1141.55585	571.78520	2	72.1892	2
1141.56810	571.79135	2	62.8365	2
1141.59850	571.80655	2	32.6542	2
1141.60950	571.81200	2	59.5542	2
1142.03310	572.02385	2	65.1742	4
1142.48885	572.25170	2	45.2307	2
1142.55715	572.28585	2	91.0925	2
1142.55790	572.28625	2	51.8353	2
1142.61720	572.31590	2	55.0127	2
1142.63215	572.32335	2	34.3227	2
1143.50820	572.76140	2	55.9113	2
1143.55650	572.78555	2	75.4827	2
1143.57330	572.79390	2	65.7336	2
1143.58800	572.80125	2	34.9042	2
1143.69105	572.85280	2	87.4458	2
1144.58930	573.30195	2	49.9875	2
1144.59650	573.30550	2	60.1911	2
1144.60950	573.31205	2	38.3440	2
1144.63900	573.32675	2	57.3974	2
1145.08415	573.54935	2	57.5996	4
1145.57505	573.79480	2	47.2559	2
1145.67045	573.84250	2	70.9835	2
1146.57670	574.29560	2	45.7839	2
1146.58580	574.30020	2	72.9863	2
1146.61320	574.31385	2	53.0009	2
1147.54970	574.78210	2	62.3220	1
1147.55410	574.78435	2	49.1564	2
1147.55545	574.78500	2	43.5342	2
1147.57950	574.79705	2	65.2835	2
1147.58835	574.80145	2	55.0055	2
1147.64015	574.82735	2	88.5375	2
1148.51385	575.26420	2	34.7778	2
1148.54690	575.28070	2	53.2319	2
1148.56610	575.29035	2	66.6686	2
1148.57040	575.29250	2	80.6530	2
1148.60840	575.31145	2	62.6398	2
1149.51680	575.76570	2	70.1502	1
1149.56675	575.79065	2	57.8121	2
1149.56710	575.79080	2	68.3596	1
1149.62490	575.81970	2	42.1905	1
1150.05850	576.03655	2	59.1265	4
1150.58695	576.30075	2	55.4350	2
1150.58890	576.30170	2	48.5290	2
1150.62230	576.31840	2	60.4638	1
1151.49340	576.75395	2	52.4132	2
1151.57855	576.79655	2	80.3638	2
1151.65130	576.83290	2	69.1107	2
1151.72860	576.87160	2	76.3374	2
1152.52160	577.26805	2	78.2130	2
1152.52745	577.27100	2	31.2258	2
1152.53010	577.27235	2	53.9872	2
1152.54160	577.27810	2	92.4680	2
1152.54925	577.28190	2	60.9302	2
1152.55220	577.28340	2	37.3953	2
1152.58435	577.29945	2	51.8995	2
1152.58590	577.30020	2	58.5649	2
1152.60400	577.30930	2	47.6447	1
1153.51820	577.76640	2	67.1991	2
1153.57280	577.79370	2	52.4624	1
1154.62125	578.31790	2	59.4991	2
1154.63090	578.32275	2	45.1404	2
1155.55695	578.78575	2	68.5653	2
1155.56280	578.78865	2	35.4273	2
1155.58140	578.79795	2	88.9024	2
1155.61370	578.81415	2	51.6237	2
1155.62725	578.82090	2	52.5028	2
1155.64960	578.83205	2	49.4401	2
1156.51825	579.26640	2	56.0905	2
1156.51970	579.26710	2	45.0208	2
1156.51970	579.26710	2	29.9404	1
1156.59190	579.30320	2	86.0967	2
1156.60355	579.30905	2	67.4728	2
1157.59315	579.80385	2	58.8027	2
1157.59500	579.80480	2	52.8673	3
1157.63130	579.82290	2	53.6883	1
1158.59955	580.30705	2	42.4003	2
1158.60030	580.30740	2	41.7075	1
1158.62420	580.31935	2	45.9385	2
1158.62455	580.31955	2	48.2182	2
1159.56950	580.79200	2	64.0725	2
1159.57425	580.79440	2	34.8033	2
1159.58180	580.79815	2	46.1216	2
1159.59510	580.80480	2	41.5088	2
1159.62020	580.81740	2	40.5103	2
1159.63905	580.82680	2	80.8017	2
1159.68125	580.84790	2	50.3958	2
1160.56475	581.28965	2	37.8030	2
1160.58630	581.30045	2	67.2831	2
1160.58655	581.30055	2	50.0987	2
1160.59345	581.30400	2	73.5594	2
1160.59720	581.30590	2	54.7067	2
1160.61545	581.31500	2	37.0286	2
1160.64165	581.32810	2	33.0759	2
1161.52730	581.77090	2	35.7623	1
1161.59840	581.80645	2	46.2333	2
1161.60005	581.80730	2	54.1252	2
1161.61515	581.81485	2	53.7254	2
1161.66100	581.83780	2	96.5020	1
1162.58115	582.29785	2	66.0171	2
1162.59040	582.30250	2	63.9038	2
1162.59915	582.30685	2	72.3854	2
1163.57660	582.79555	2	66.2910	2
1163.60785	582.81120	2	67.8794	2
1164.56945	583.29200	2	32.6257	2
1164.60315	583.30885	2	55.4282	2
1164.72375	583.36915	2	71.0673	2
1165.46080	583.73770	2	35.8622	2
1165.57770	583.79610	2	73.2815	2
1165.63425	583.82440	2	65.1253	2
1166.54430	584.27945	2	47.3828	2
1167.59235	584.80345	2	76.7413	2
1167.61795	584.81625	2	85.5343	2
1168.68215	585.34835	2	70.4838	2
1168.68330	585.34890	2	58.9243	2
1168.74395	585.37925	2	80.2292	2
1169.13755	585.57605	2	50.4440	4
1169.57120	585.79290	2	54.7909	2
1170.51980	586.26720	2	50.9165	1
1170.62880	586.32170	2	47.6484	2
1170.63650	586.32550	2	44.7691	1
1170.66040	586.33750	2	67.3766	2
1170.66125	586.33790	2	71.1276	2
1171.57650	586.79550	2	65.8322	2
1171.62020	586.81740	2	36.4282	2
1171.62080	586.81770	2	50.7328	1
1171.62355	586.81905	2	56.6810	2
1171.70055	586.85755	2	55.4877	2
1172.62040	587.31750	2	93.0085	5
1172.62555	587.32005	2	74.3942	2
1172.62975	587.32215	2	66.6032	2
1172.64160	587.32810	2	71.5407	2
1173.10795	587.56125	2	41.0783	4
1173.58880	587.80165	2	46.9689	2
1173.59130	587.80290	2	84.1412	1
1173.61380	587.81420	2	85.7694	2
1173.61450	587.81450	2	33.2307	1
1174.06650	588.04055	2	34.1970	4
1174.51215	588.26335	2	43.7091	2
1174.54535	588.27995	2	32.5680	2
1174.56110	588.28780	2	54.6765	2
1174.60775	588.31115	2	41.4489	2
1175.57265	588.79360	2	61.0443	2
1175.58630	588.80040	2	69.4402	2
1175.61905	588.81680	2	42.1472	2
1175.65570	588.83515	2	59.4962	2
1176.57370	589.29410	2	31.7839	1
1176.58045	589.29750	2	53.2314	2
1177.63400	589.82430	2	66.8304	2
1177.66070	589.83760	2	85.5290	2
1177.66330	589.83890	2	91.0111	1
1178.51695	590.26575	2	38.6647	2
1178.57030	590.29240	2	30.3303	2
1179.54565	590.78010	2	42.6113	2
1179.61470	590.81460	2	51.2364	2
1180.52350	591.26905	2	63.0237	2
1180.59795	591.30625	2	65.0627	2
1180.70800	591.36130	2	86.3712	2
1181.65260	591.83360	2	55.3193	2
1182.54150	592.27800	2	75.6008	2
1182.57320	592.29390	2	72.9179	1
1182.60365	592.30910	2	71.9469	2
1182.62510	592.31980	2	73.0195	2
1182.66430	592.33945	2	59.1388	2
1182.68065	592.34760	2	79.2518	2
1184.58510	593.29980	2	61.8936	1
1184.60460	593.30960	2	50.6117	1
1184.61920	593.31690	2	76.8996	2
1184.67590	593.34520	2	57.5801	1
1184.67680	593.34570	2	70.8475	1
1185.57470	593.79465	2	86.7689	2
1185.57855	593.79655	2	36.8188	2
1185.63995	593.82725	2	79.8157	2
1185.65160	593.83310	2	64.5930	2
1186.54390	594.27925	2	45.5694	2
1186.65625	594.33540	2	47.5138	2
1187.58950	594.80205	2	50.0752	2
1187.62290	594.81875	2	77.9294	2
1187.70295	594.85875	2	81.3097	2
1187.70300	594.85875	2	88.8027	2
1188.54250	595.27850	2	52.0027	1
1188.58160	595.29805	2	69.4433	2
1188.58935	595.30195	2	42.5161	2
1188.59830	595.30640	2	46.5808	1
1188.59840	595.30650	2	39.0209	1
1188.61515	595.31485	2	50.7528	2
1188.67630	595.34540	2	61.4404	1
1189.54145	595.77800	2	79.0222	2
1189.63910	595.82680	2	52.5774	2
1189.64630	595.83040	2	70.6214	2
1189.67160	595.84305	2	74.8703	2
1190.56050	596.28755	2	55.6464	2
1190.59160	596.30310	2	34.5854	2
1190.60030	596.30740	2	64.6724	2
1191.61220	596.81340	2	76.4206	1
1191.66550	596.84000	2	83.0647	2
1192.52755	597.27105	2	46.7342	2
1192.59780	597.30620	2	56.3600	1
1192.61640	597.31550	2	66.8955	2
1192.65720	597.33590	2	48.2145	1
1192.66160	597.33810	2	87.7823	2
1193.61560	597.81510	2	38.7335	2
1193.63335	597.82395	2	68.2510	2
1193.66995	597.84225	2	90.7181	2
1194.51260	598.26355	2	31.4387	2
1194.61435	598.31445	2	67.8197	2
1194.62100	598.31780	2	73.2876	1
1195.60700	598.81080	2	60.9063	2
1196.55020	599.28235	2	45.5148	2
1196.57255	599.29355	2	35.7651	2
1196.65090	599.33270	2	49.3563	2
1197.54640	599.78050	2	78.5574	2
1197.57075	599.79265	2	52.7166	2
1197.57560	400.19915	3	36.0196	2
1197.62410	599.81935	2	60.1885	2
1197.69850	599.85650	2	75.7193	2
1198.62055	400.54745	3	52.6360	2
1198.62440	600.31950	2	70.5844	1
1198.65575	600.33515	2	40.9931	2
1198.65615	400.55930	3	40.9648	2
1199.54660	600.78055	2	55.1669	2
1199.67125	600.84290	2	90.7531	2
1199.71335	600.86395	2	78.9664	2
1200.62130	401.21440	3	42.3529	2
1200.62235	601.31845	2	59.4301	2
1200.62455	601.31955	2	42.2925	2
1200.64705	601.33080	2	52.5493	2
1200.65015	601.33235	2	80.0763	2
1201.09075	601.55265	2	42.6056	4
1201.59800	601.80630	2	66.3727	1
1201.61950	601.81700	2	75.2351	2
1201.63040	401.55070	3	36.6010	2
1201.63040	601.82250	2	36.8760	2
1201.66735	601.84095	2	47.0193	2
1201.66830	601.84140	2	57.1963	1
1202.58960	602.30210	2	40.3732	2
1202.60400	401.87530	3	48.8877	1
1202.60480	602.30965	2	48.9132	2
1202.64105	401.88765	3	39.3756	2
1202.64405	602.32930	2	39.3188	2
1202.65105	602.33280	2	65.2943	2
1203.59900	602.80675	2	41.5968	2
1203.61685	602.81570	2	93.6571	8
1203.67180	602.84315	2	52.1240	2
1204.58285	603.29870	2	53.0837	2
1204.60870	603.31165	2	57.4280	2
1204.61350	603.31405	2	80.5101	2
1204.65685	402.55955	3	48.5363	2
1204.65725	603.33590	2	48.5431	2
1205.56550	402.86245	3	60.0918	2
1205.63050	603.82250	2	56.8996	2
1205.64050	603.82755	2	54.8512	2
1205.71305	402.91160	3	65.7264	2
1205.71415	603.86435	2	65.8111	2
1206.59505	604.30480	2	61.4467	2
1206.60770	604.31110	2	73.2863	2
1206.62465	604.31960	2	64.7415	2
1207.57260	604.79355	2	62.9205	2
1207.57300	604.79380	2	43.9045	2
1207.62030	604.81745	2	55.7069	2
1207.62415	604.81935	2	73.0384	2
1207.65990	604.83720	2	89.1708	1
1207.67265	604.84360	2	85.1334	2
1207.76590	604.89020	2	81.4930	2
1208.59550	605.30505	2	83.4706	2
1208.60510	605.30985	2	68.6541	2
1209.58830	605.80145	2	48.3634	2
1210.56050	606.28750	2	46.8455	1
1210.58765	606.30110	2	77.4949	2
1210.59970	606.30710	2	63.4864	2
1210.61410	404.54530	3	63.4536	1
1210.73990	606.37720	2	71.3590	2
1211.61930	606.81690	2	78.7112	2
1211.62520	606.81990	2	36.0062	1
1211.62640	404.88275	3	35.9544	2
1211.65140	606.83300	2	49.1480	1
1211.65210	404.89130	3	49.1052	2
1212.50225	607.25840	2	38.1774	2
1212.53270	405.18480	3	52.0881	1
1212.54110	607.27780	2	57.0968	2
1212.56775	405.19655	3	29.1732	2
1212.65155	405.22445	3	56.8804	2
1213.64510	607.82985	2	54.3252	2
1213.64585	405.55590	3	54.3174	2
1213.66645	607.84050	2	48.5932	2
1213.67130	405.56440	3	82.5789	2
1213.67210	607.84330	2	82.6628	2
1214.60125	608.30790	2	63.8370	2
1214.70165	608.35810	2	63.3793	2
1215.59820	608.80640	2	50.5822	2
1215.64690	608.83070	2	60.6087	2
1215.65160	608.83310	2	83.4474	2
1215.68275	608.84865	2	35.2377	2
1215.68305	406.23495	3	35.2093	2
1216.57555	609.29505	2	49.2655	2
1216.57640	609.29550	2	39.4557	2
1216.62350	609.31900	2	55.5930	2
1216.65755	609.33605	2	70.3604	2
1216.72515	609.36985	2	86.4438	2
1217.56220	609.78835	2	70.6832	2
1217.60785	609.81120	2	58.0542	2
1217.62575	406.88255	3	36.9328	2
1217.67715	406.89965	3	68.8284	2
1218.63610	610.32530	2	62.9689	1
1218.66680	610.34070	2	83.9948	2
1219.61140	610.81300	2	49.9641	2
1220.64105	611.32780	2	78.8363	2
1221.13310	611.57380	2	50.6492	4
1221.51880	611.76665	2	45.6558	2
1221.59895	611.80675	2	59.2576	2
1221.60980	408.21055	3	31.3935	2
1221.61075	611.81265	2	31.4635	2
1221.61430	611.81440	2	65.8977	2
1221.63560	611.82510	2	57.0081	3
1222.56825	408.53000	3	31.1133	2
1222.62120	612.31790	2	56.9556	1
1223.22080	612.61765	2	79.5026	4
1223.54220	612.77840	2	46.9063	2
1223.62570	612.82010	2	36.3940	2
1223.65095	408.89095	3	47.9694	2
1224.62495	613.31975	2	68.8438	2
1224.62720	409.21635	3	54.6443	2
1224.62770	613.32115	2	54.6167	2
1224.65650	409.22610	3	37.1314	1
1224.65925	613.33690	2	37.4579	2
1224.68405	613.34930	2	43.8112	2
1225.59835	613.80645	2	63.3792	2
1225.66980	613.84220	2	69.6891	1
1226.70645	614.36050	2	82.0754	2
1227.63010	614.82230	2	64.3238	1
1227.65685	614.83570	2	59.1759	2
1227.66150	614.83800	2	70.6450	2
1227.67240	614.84350	2	68.6007	3
1227.68180	614.84820	2	65.0911	2
1228.73935	615.37695	2	83.4420	2
1229.55750	615.78605	2	41.8047	2
1229.61250	615.81350	2	79.3120	2
1229.61915	615.81685	2	50.1660	2
1229.65070	410.89085	3	48.1307	2
1229.65145	615.83300	2	48.1870	2
1229.73820	410.92000	3	59.4991	2
1230.55880	411.19350	3	33.2374	2
1230.58360	616.29905	2	41.9420	2
1230.58410	616.29930	2	34.6355	1
1230.58790	411.20320	3	35.5695	1
1230.58920	616.30185	2	60.2871	2
1230.63960	616.32710	2	79.6191	2
1230.65670	616.33565	2	41.7273	2
1230.65990	616.33720	2	83.1673	2
1231.58705	616.80080	2	36.9406	2
1231.58835	616.80145	2	52.4213	2
1231.62390	616.81925	2	55.5448	2
1231.62590	616.82020	2	88.4430	2
1231.65645	616.83550	2	61.0129	2
1231.69250	411.57145	3	58.5979	2
1232.57160	617.29305	2	34.2971	2
1233.60840	617.81150	2	50.5634	2
1233.61010	617.81230	2	62.5607	2
1233.62125	617.81790	2	44.2640	2
1233.66140	617.83800	2	57.6456	2
1234.56920	412.53035	3	40.9383	2
1234.59940	618.30695	2	35.9597	2
1234.60980	412.54385	3	56.8218	2
1235.60760	618.81105	2	40.4275	2
1235.64885	618.83170	2	49.6412	2
1235.65125	412.89100	3	49.5744	2
1235.66910	412.89695	3	58.7426	2
1235.67145	618.84300	2	58.7718	2
1235.69860	412.90680	3	53.5330	2
1236.56310	619.28880	2	48.4811	2
1236.67210	619.34330	2	74.0878	1
1237.61445	413.54540	3	45.7415	2
1237.63435	413.55205	3	38.2238	2
1237.63575	619.82515	2	38.2872	2
1237.64625	619.83040	2	64.7309	2
1237.74000	619.87725	2	68.2459	2
1238.66220	620.33840	2	53.1371	1
1239.59235	620.80345	2	59.0916	2
1239.59580	414.20585	3	36.3386	2
1239.62105	620.81780	2	62.7814	2
1239.63815	620.82635	2	85.1618	2
1239.68285	620.84870	2	75.8509	2
1239.71905	620.86680	2	74.7121	2
1240.16100	621.08780	2	49.0000	4
1240.58785	414.53655	3	36.7845	2
1240.61990	621.31720	2	61.0417	1
1240.67980	621.34720	2	76.2698	2
1240.70480	621.35970	2	72.3224	1
1240.70515	621.35985	2	91.6339	2
1241.59305	621.80380	2	71.6061	2
1241.61885	621.81670	2	84.0332	2
1241.66610	621.84030	2	62.4346	1
1241.67400	621.84425	2	43.6774	2
1241.67520	414.89900	3	43.7532	1
1241.67600	414.89930	3	69.1451	2
1241.77500	621.89475	2	78.2713	2
1241.77505	414.93230	3	78.2077	2
1242.63665	415.21945	3	44.5087	2
1242.63760	622.32605	2	44.5471	2
1242.64585	622.33020	2	55.3821	2
1243.58710	622.80085	2	65.5280	2
1244.54115	623.27785	2	52.8291	2
1244.56730	623.29095	2	46.7901	2
1244.61065	415.87745	3	34.3520	2
1244.63360	623.32405	2	66.6660	2
1244.67205	415.89795	3	37.1780	2
1245.62150	623.81805	2	47.6773	2
1245.62185	416.21455	3	47.6203	2
1245.63780	623.82620	2	63.2194	1
1245.65075	623.83265	2	82.2551	2
1245.66190	623.83820	2	43.4394	1
1245.67155	416.23110	3	55.2572	2
1245.67475	623.84465	2	42.7176	2
1246.65020	416.55730	3	67.6917	2
1246.66970	624.34215	2	79.4726	2
1246.69135	624.35295	2	72.8893	2
1247.58200	416.86795	3	30.3250	2
1248.57470	625.29460	2	44.0402	1
1248.61825	625.31640	2	88.6473	2
1248.67090	625.34270	2	63.5423	1
1248.67155	625.34305	2	61.2068	2
1249.63095	625.82275	2	57.6548	2
1249.65385	625.83420	2	64.2388	2
1249.65615	625.83535	2	83.5346	2
1250.72505	626.36980	2	88.4009	2
1250.75900	626.38680	2	72.6491	1
1251.66125	626.83790	2	75.3224	2
1251.66600	418.22930	3	50.2667	1
1252.73965	627.37710	2	79.5552	2
1252.77550	627.39500	2	92.1914	1
1253.55870	627.78660	2	66.5279	1
1253.63055	418.88410	3	32.3950	2
1253.63140	627.82300	2	32.5067	2
1254.60000	628.30725	2	80.8279	2
1254.72940	628.37195	2	69.6067	2
1254.72980	628.37220	2	40.4004	2
1254.73075	419.25085	3	40.3397	2
1254.73450	419.25210	3	52.5210	2
1255.58440	628.79950	2	43.1427	2
1255.62795	628.82125	2	70.2785	2
1255.65660	419.55945	3	53.8729	2
1255.65770	628.83610	2	53.9032	2
1255.66850	628.84150	2	74.3425	2
1255.67835	628.84645	2	51.0253	2
1255.70310	628.85880	2	69.4910	2
1255.71390	419.57860	3	65.7579	2
1256.61245	629.31350	2	50.2467	2
1256.61270	629.31365	2	89.9286	2
1256.67535	629.34495	2	90.9234	10
1256.69735	419.90640	3	47.5608	2
1256.69755	629.35605	2	47.5298	2
1256.70490	629.35975	2	97.4773	2
1257.64630	629.83045	2	42.4591	2
1257.64690	420.22290	3	42.4670	2
1258.59870	630.30660	2	81.3743	2
1258.67800	630.34630	2	67.4892	2
1258.68910	630.35185	2	52.3228	2
1258.76400	630.38930	2	87.5479	2
1259.63350	630.82405	2	75.6283	2
1259.63620	630.82540	2	58.1514	2
1259.66140	630.83800	2	58.7769	2
1260.57780	631.29620	2	36.2725	2
1260.58860	631.30155	2	42.2581	2
1260.60205	631.30830	2	45.6584	2
1260.67185	631.34320	2	57.0056	2
1261.57835	631.79645	2	50.7430	2
1261.62280	421.54820	3	40.3175	2
1261.67030	421.56405	3	37.9259	2
1261.74425	631.87940	2	95.9930	2
1263.61025	632.81240	2	52.9805	2
1263.61915	632.81685	2	33.3455	2
1263.62000	422.21395	3	33.3402	2
1263.62950	632.82205	2	56.6527	2
1263.67275	632.84365	2	89.1994	2
1263.68400	632.84930	2	66.8901	2
1264.64860	633.33155	2	74.1313	2
1264.64880	633.33170	2	61.3166	1
1264.77410	633.39430	2	93.6416	2
1265.61155	422.87780	3	30.9806	2
1265.68860	633.85155	2	51.7007	2
1266.51570	634.26510	2	34.4437	1
1266.56280	634.28870	2	45.7941	2
1266.57360	634.29410	2	41.0761	1
1266.59850	634.30650	2	60.1489	1
1266.62155	423.21445	3	37.8654	2
1266.62320	634.31890	2	37.8431	2
1266.62490	634.31970	2	70.7603	1
1266.62845	634.32150	2	71.3965	2
1267.64890	634.83175	2	82.3440	2
1267.66940	634.84200	2	93.2660	1
1267.68900	634.85175	2	49.5129	2
1268.61435	423.87870	3	53.2930	2
1268.61580	635.31520	2	53.3378	1
1268.66255	423.89475	3	50.8066	2
1268.66320	635.33885	2	50.8675	2
1268.69840	635.35645	2	69.8679	2
1269.62485	635.81970	2	80.7704	2
1269.62800	635.82130	2	63.4182	3
1269.65280	424.22490	3	67.3423	1
1269.65870	424.22685	3	46.8735	2
1269.70140	635.85795	2	63.0275	2
1269.72960	635.87210	2	78.3939	2
1270.15015	636.08235	2	48.3892	4
1270.65290	636.33370	2	43.2274	2
1270.69930	424.57370	3	62.1599	2
1270.69960	636.35705	2	62.1951	2
1270.72885	636.37170	2	92.5307	2
1271.56510	424.86230	3	77.8680	2
1271.56510	636.78980	2	77.8635	1
1271.64780	636.83120	2	84.8983	2
1271.68730	424.90300	3	60.2344	2
1271.69150	636.85300	2	64.2544	1
1271.76145	636.88800	2	82.5001	2
1272.69185	637.35320	2	64.5027	2
1273.65595	637.83525	2	66.5658	2
1273.66860	637.84160	2	65.1705	2
1273.67795	637.84625	2	86.6361	2
1273.72190	637.86825	2	70.4781	2
1274.62840	425.88340	3	45.8268	1
1274.64435	638.32945	2	85.0328	2
1274.65220	638.33340	2	77.1179	1
1274.70895	425.91025	3	46.8201	2
1274.76040	638.38745	2	79.2027	2
1275.54065	638.77760	2	44.8047	2
1275.57260	638.79360	2	60.6961	2
1275.69340	426.23840	3	62.8881	2
1276.60580	639.31020	2	37.2606	1
1276.63470	639.32460	2	77.3934	2
1276.65330	639.33395	2	90.4361	2
1276.66560	639.34010	2	58.2874	1
1276.67395	639.34425	2	86.4038	2
1276.70410	639.35935	2	72.2934	2
1276.70425	639.35940	2	78.7352	2
1277.63165	639.82310	2	80.2062	2
1277.67375	639.84415	2	69.0270	2
1277.68710	639.85080	2	76.0888	2
1278.12535	640.06995	2	62.3961	4
1278.63275	640.32365	2	49.8826	2
1278.65170	640.33315	2	85.2686	2
1278.68150	427.23445	3	42.5260	2
1279.69625	427.57270	3	54.1752	2
1279.75125	640.88290	2	75.1753	2
1280.57940	641.29695	2	81.1530	2
1280.74550	641.38000	2	88.3399	1
1281.55830	641.78640	2	39.5128	2
1281.60780	428.20990	3	36.4729	1
1281.61135	641.81295	2	36.3080	2
1281.76585	428.26255	3	64.6563	2
1282.57400	642.29425	2	71.9172	2
1282.58635	642.30045	2	61.7054	2
1283.61460	642.81460	2	70.6513	2
1283.65205	642.83330	2	65.6389	2
1283.71550	428.91240	3	51.8314	1
1283.73485	642.87470	2	78.4100	2
1284.62810	643.32130	2	91.5382	2
1284.69375	643.35415	2	77.9691	2
1284.70375	429.24185	3	42.8913	2
1284.70400	643.35925	2	69.2285	2
1284.71720	643.36590	2	86.9991	1
1284.72820	643.37140	2	84.0539	2
1285.66330	643.83895	2	43.2299	2
1285.72290	429.58160	3	46.0104	1
1286.64275	644.32865	2	68.9631	2
1286.64520	429.88900	3	68.9090	2
1286.68320	644.34890	2	85.7913	3
1286.69870	644.35660	2	68.3632	2
1286.78570	644.40015	2	86.7029	2
1287.62995	644.82225	2	85.2632	2
1287.68310	644.84880	2	73.9160	2
1288.59025	645.30240	2	44.4901	2
1288.60605	645.31030	2	63.7847	2
1288.66165	645.33810	2	46.0211	2
1288.68680	645.35070	2	67.2884	2
1288.72285	645.36870	2	84.6035	2
1289.59040	430.87070	3	36.5027	2
1289.62770	645.82110	2	93.0899	1
1289.62880	645.82170	2	62.6828	3
1289.62885	645.82170	2	89.3666	2
1289.64695	645.83075	2	49.5048	2
1289.70300	430.90830	3	67.0352	1
1290.54480	431.18885	3	32.4984	2
1290.56950	646.29200	2	39.4635	2
1290.65715	646.33585	2	54.8876	2
1291.57905	646.79680	2	44.6875	2
1291.60655	646.81055	2	51.3241	2
1291.66700	646.84075	2	60.2552	2
1292.65980	647.33720	2	62.3056	1
1292.66025	431.89400	3	62.3307	2
1293.62400	647.81925	2	55.5933	2
1294.62305	648.31880	2	68.5072	2
1294.73230	648.37340	2	83.3229	2
1294.79715	432.60630	3	68.0616	2
1295.66190	648.83820	2	62.2873	1
1295.66410	432.89530	3	62.2546	1
1295.72460	648.86960	2	76.3373	2
1295.74580	648.88015	2	64.6453	2
1295.75510	432.92565	3	60.6803	2
1295.77270	648.89365	2	88.6079	2
1296.68220	649.34835	2	59.9501	2
1296.70375	649.35915	2	69.1737	2
1296.73975	433.25385	3	44.8617	2
1297.23295	649.62375	2	45.6075	4
1297.65820	649.83640	2	81.0514	1
1297.73605	649.87530	2	65.6974	2
1297.76110	433.59430	3	63.7531	2
1298.59350	650.30400	2	38.0730	2
1298.59395	433.87190	3	38.0148	2
1298.61090	433.87755	3	37.9060	2
1298.61240	433.87810	3	43.4624	1
1298.69520	650.35490	2	48.3098	2
1298.74520	650.37990	2	92.8736	2
1299.56955	650.79205	2	36.6599	2
1299.62980	650.82220	2	74.9933	2
1299.69360	650.85405	2	80.3299	2
1299.71520	650.86485	2	57.9093	2
1300.62420	651.31935	2	86.7466	2
1300.70335	651.35895	2	63.4934	2
1300.70760	651.36105	2	92.7397	2
1300.73930	651.37690	2	76.1766	2
1300.76300	651.38880	2	75.6460	1
1300.77550	651.39500	2	85.8640	2
1301.60975	651.81215	2	42.6085	2
1301.63385	651.82420	2	41.1758	2
1301.63595	434.88590	3	41.1046	2
1302.66075	652.33765	2	67.0721	2
1302.72600	652.37030	2	75.6488	2
1303.51480	652.76470	2	65.7028	2
1303.60630	652.81045	2	60.9926	2
1303.74400	652.87930	2	75.9565	1
1304.61040	653.31250	2	43.0202	1
1304.73505	653.37480	2	79.5956	2
1305.61650	436.21275	3	31.9448	2
1305.62505	653.81980	2	51.5482	2
1305.63565	436.21915	3	62.0832	2
1305.66065	653.83760	2	69.2947	2
1305.67580	653.84520	2	61.8556	2
1305.70470	653.85960	2	74.0694	2
1306.58250	436.53480	3	40.7140	2
1306.65225	436.55800	3	40.1956	2
1306.67095	654.34275	2	31.8672	2
1306.67290	654.34370	2	76.4876	2
1307.66205	654.83830	2	61.7317	2
1308.72020	655.36735	2	87.7484	2
1308.72055	437.24745	3	87.8503	2
1308.74155	655.37805	2	60.5608	2
1308.77740	655.39595	2	73.4114	2
1309.14965	655.58210	2	63.3647	4
1309.66415	437.56200	3	72.4781	2
1310.12240	656.06850	2	68.7883	4
1310.64805	437.88995	3	48.7267	2
1310.67945	656.34700	2	81.3548	2
1310.70170	437.90780	3	46.5305	2
1311.57160	656.79310	2	60.0984	2
1311.58295	656.79875	2	50.6220	2
1311.65500	656.83480	2	89.5650	1
1311.71450	656.86450	2	42.1957	1
1311.76665	656.89060	2	85.2078	2
1313.61340	657.81400	2	63.6606	2
1313.69355	438.90510	3	53.0316	2
1313.69360	657.85410	2	53.0783	2
1313.70225	657.85840	2	87.9120	2
1313.71875	438.91355	3	62.5526	2
1313.72120	657.86785	2	85.8717	2
1313.74585	438.92255	3	54.5703	2
1314.64210	658.32830	2	64.2946	1
1314.69715	658.35585	2	63.4114	2
1314.69715	658.35585	2	49.1835	2
1314.69880	439.24020	3	49.1471	2
1315.56040	439.52740	3	46.7859	1
1315.61110	439.54430	3	46.6931	1
1315.65870	658.83660	2	73.3507	2
1315.68105	658.84780	2	60.5903	2
1315.69930	658.85690	2	73.9400	1
1315.71045	658.86250	2	65.4033	2
1316.56410	659.28930	2	55.9850	1
1316.64840	659.33150	2	83.6647	1
1316.67660	439.89950	3	64.9548	2
1316.73525	659.37490	2	68.9659	2
1316.73595	659.37525	2	97.2133	2
1317.60965	440.21050	3	53.5741	2
1317.64150	659.82800	2	43.0863	2
1317.74835	440.25670	3	76.3730	2
1318.66400	660.33925	2	79.7534	2
1319.63310	660.82385	2	54.0609	2
1319.66350	440.89510	3	54.7395	2
1319.66440	660.83950	2	54.7883	1
1319.66590	660.84020	2	88.5020	1
1319.69135	660.85295	2	82.5350	2
1319.70940	440.91040	3	65.1555	2
1320.59790	661.30620	2	72.8393	2
1320.61110	661.31280	2	56.3320	1
1320.62370	661.31910	2	71.4145	1
1320.62405	661.31930	2	41.5457	2
1320.63545	441.21910	3	52.0581	2
1320.68360	661.34910	2	75.0660	3
1321.61710	661.81580	2	52.5987	1
1321.76490	441.59555	3	81.9110	2
1321.76540	661.88995	2	81.9822	2
1322.66525	662.33990	2	90.0320	2
1322.67285	662.34370	2	64.9186	2
1322.70600	441.90930	3	37.9953	2
1322.72760	662.37105	2	73.4756	2
1323.66900	442.23030	3	56.5304	1
1324.69190	663.35320	2	78.8022	2
1324.73575	663.37515	2	63.8424	2
1324.78170	442.60120	3	66.1078	1
1325.72770	663.87110	2	84.4417	1
1326.62070	664.31765	2	61.2943	2
1326.68985	443.23725	3	32.2215	2
1326.69020	664.35235	2	32.1938	2
1327.65220	443.55800	3	57.7829	2
1328.74515	443.92230	3	42.9736	2
1328.75350	665.38400	2	72.4486	2
1328.75360	443.92510	3	72.3059	2
1329.65315	665.83385	2	44.1304	2
1329.69305	665.85380	2	77.8458	2
1329.69370	444.23850	3	66.8436	2
1329.76320	665.88890	2	50.2962	1
1329.76690	665.89075	2	82.0448	2
1330.71450	666.36450	2	62.2686	2
1330.78280	666.39870	2	87.0047	2
1331.67605	666.84530	2	75.3224	2
1331.70955	666.86205	2	81.6539	2
1331.72875	666.87165	2	93.5461	2
1331.74500	666.87980	2	83.2479	2
1331.76630	444.92935	3	46.4719	2
1331.76680	666.89065	2	46.5014	2
1332.64635	667.33045	2	48.3923	2
1332.70335	667.35895	2	83.7636	2
1333.57370	445.53180	3	55.5076	1
1333.59430	667.80445	2	44.0774	2
1334.66205	445.89460	3	47.0743	2
1334.71855	445.91345	3	54.6168	2
1334.71920	668.36685	2	54.5996	2
1334.72475	668.36965	2	77.4278	2
1335.63875	668.82665	2	72.6502	2
1336.74630	446.58940	3	43.9547	2
1336.74725	669.38090	2	43.8965	2
1336.80860	669.41155	2	80.9950	2
1337.57360	669.79410	2	39.8906	1
1337.60000	669.80730	2	59.9911	5
1337.67200	669.84325	2	74.2575	2
1338.61340	670.31400	2	61.5848	2
1338.66875	670.34165	2	63.8301	2
1338.71935	670.36695	2	73.4620	2
1339.65235	670.83345	2	65.3154	2
1339.74645	447.58940	3	56.4577	2
1339.75170	670.88310	2	82.6647	2
1339.77065	670.89260	2	95.1586	2
1340.59870	671.30660	2	50.0438	2
1340.70585	671.36020	2	45.2070	2
1340.72945	671.37200	2	62.7249	2
1342.65165	448.55780	3	38.5841	2
1342.65190	448.55790	3	55.0355	2
1342.69115	672.35285	2	71.3744	2
1342.70905	448.57695	3	57.1510	2
1342.70965	672.36210	2	63.3980	2
1343.22835	672.62145	2	83.4999	4
1343.76600	448.92925	3	55.3748	2
1343.76645	672.89050	2	55.3495	2
1344.68230	673.34840	2	54.2525	1
1344.71430	673.36445	2	66.7534	2
1344.72920	673.37190	2	73.1943	1
1344.72990	449.25060	3	73.1444	2
1344.74145	673.37800	2	84.5082	2
1344.74425	449.25535	3	83.1505	2
1344.74765	449.25650	3	68.9090	2
1344.79960	673.40710	2	97.8326	1
1345.62220	449.54800	3	34.5297	1
1345.62440	673.81950	2	34.5800	2
1345.66400	673.83930	2	59.4646	2
1346.57825	674.29640	2	40.7443	2
1346.67535	674.34495	2	74.0123	2
1346.68415	674.34935	2	80.5155	2
1346.68460	674.34960	2	79.0119	1
1346.76625	674.39040	2	69.6980	2
1346.76700	449.92960	3	69.6339	2
1347.58395	450.20190	3	44.4355	2
1347.66750	674.84105	2	89.3447	2
1347.72290	674.86870	2	86.0379	2
1347.74645	674.88050	2	64.5316	2
1347.74735	450.25640	3	64.4124	2
1347.76525	450.26235	3	84.3545	2
1349.56950	675.79200	2	77.3913	1
1349.58830	675.80140	2	33.9584	1
1349.62930	450.88370	3	51.9631	1
1349.63340	675.82400	2	61.5458	1
1349.68380	675.84915	2	70.3904	2
1349.68760	675.85110	2	61.6269	2
1350.60965	676.31210	2	40.6241	2
1350.64265	676.32860	2	76.9532	2
1350.68725	451.23635	3	74.6583	2
1350.71515	676.36485	2	74.6502	2
1351.63840	676.82650	2	35.3846	3
1351.63880	451.55350	3	35.4054	3
1351.64140	676.82795	2	61.3318	2
1352.59450	451.87210	3	31.7415	2
1352.63960	677.32710	2	63.9803	2
1352.72920	451.91700	3	55.8458	2
1352.75585	677.38520	2	68.7982	2
1353.72290	677.86870	2	89.0299	2
1353.72635	677.87045	2	66.3407	2
1354.72970	678.37210	2	90.3642	2
1355.71715	678.86585	2	86.5095	2
1355.71770	678.86610	2	88.7701	1
1355.73125	678.87290	2	57.2400	2
1355.77730	452.93300	3	59.8857	2
1355.77875	678.89665	2	83.0276	2
1356.73630	679.37540	2	60.7563	2
1356.74890	453.25690	3	49.3822	2
1356.75005	679.38230	2	49.4220	2
1357.66310	679.83885	2	50.6916	2
1357.67280	453.56490	3	31.2150	2
1357.67315	679.84385	2	31.2886	2
1357.70140	453.57440	3	53.7262	1
1357.74520	453.58900	3	59.1686	2
1357.74610	679.88030	2	59.2315	2
1357.75620	453.59270	3	44.7072	1
1358.15420	453.72535	3	52.4630	4
1358.63000	680.32230	2	60.3870	2
1358.66160	680.33805	2	57.5156	2
1358.66255	680.33855	2	89.8597	2
1358.66795	680.34125	2	46.5630	2
1358.66805	453.89660	3	46.4965	2
1358.67965	680.34710	2	39.5740	2
1358.67970	453.90050	3	39.5063	1
1358.74090	680.37775	2	83.7690	2
1358.75795	680.38625	2	93.5233	2
1359.68250	680.84850	2	67.8955	1
1359.68785	454.23655	3	39.2791	2
1359.68910	680.85180	2	39.3390	1
1360.58690	454.53625	3	35.0273	2
1360.69980	681.35715	2	76.4575	2
1361.66730	681.84090	2	41.1150	2
1361.67090	681.84270	2	67.6334	2
1361.71945	681.86700	2	69.6187	2
1361.72335	681.86895	2	72.4379	2
1362.59060	682.30255	2	49.2065	2
1362.64500	682.32980	2	54.4116	1
1362.71225	682.36340	2	88.8460	2
1362.71485	682.36470	2	58.7768	2
1362.71640	682.36550	2	72.9487	1
1362.72015	682.36735	2	84.4149	2
1363.65820	682.83640	2	63.5795	2
1363.68520	682.84985	2	73.8279	2
1363.69015	455.57065	3	45.9671	2
1363.69150	682.85305	2	46.0330	2
1364.59250	455.87140	3	52.0486	1
1364.59330	683.30390	2	52.0681	2
1364.64030	683.32740	2	64.9812	2
1364.65605	683.33530	2	77.7069	2
1364.66790	683.34125	2	45.5694	2
1364.68320	683.34885	2	62.0507	2
1364.71885	683.36670	2	65.4661	2
1364.73560	683.37505	2	70.0619	2
1365.67875	683.84665	2	56.6270	2
1365.68020	456.23400	3	56.6151	2
1366.73170	456.58450	3	37.5608	3
1366.75840	456.59340	3	37.6393	1
1367.65490	456.89225	3	52.2636	2
1367.67330	456.89835	3	51.0792	2
1367.68880	456.90355	3	52.6364	2
1367.68915	684.85185	2	52.6900	2
1367.71335	684.86395	2	72.5663	2
1367.76865	684.89160	2	84.1628	2
1367.77850	684.89655	2	76.0941	2
1368.03760	685.02605	2	34.3519	4
1368.64640	457.22270	3	68.4238	2
1368.75120	685.38290	2	75.3713	1
1368.79750	457.27310	3	64.7767	2
1369.67365	457.56515	3	53.0216	2
1369.79255	685.90355	2	55.6400	2
1370.72350	686.36905	2	80.1454	2
1370.77590	457.93260	3	55.6245	5
1370.81880	686.41665	2	95.7950	2
1371.68355	686.84905	2	74.4388	2
1371.73630	458.25270	3	50.3094	3
1371.74745	458.25645	3	55.5119	2
1372.58290	687.29870	2	64.3464	1
1372.68440	687.34950	2	66.9487	2
1373.69035	458.90405	3	38.7030	2
1373.74000	458.92060	3	71.6642	2
1373.74075	687.87765	2	71.5489	2
1373.75265	687.88360	2	57.6547	2
1374.68805	688.35130	2	48.5931	2
1374.68845	459.23675	3	48.5360	2
1374.70675	688.36065	2	74.1583	2
1374.76190	459.26125	3	78.8958	2
1374.76310	688.38885	2	78.9609	2
1374.78850	688.40155	2	85.0652	2
1375.56885	459.53020	3	40.2907	2
1375.71300	459.57825	3	77.0523	2
1375.71790	688.86625	2	80.2964	2
1376.71000	689.36230	2	90.4001	2
1376.71385	689.36420	2	84.1880	2
1376.71870	689.36665	2	65.7828	2
1376.72990	459.91720	3	50.5894	2
1376.85010	459.95730	3	67.2500	2
1377.64190	689.82820	2	48.4917	2
1377.67185	689.84320	2	83.9269	2
1377.67780	689.84615	2	76.2121	2
1377.68545	689.85000	2	33.7135	2
1377.68680	460.23620	3	33.6409	2
1377.69230	460.23800	3	89.2179	1
1377.69690	689.85570	2	88.8377	2
1378.23465	690.12460	2	85.4852	4
1378.69830	690.35640	2	60.5554	2
1378.75780	690.38620	2	95.2516	2
1379.69530	690.85490	2	49.3150	1
1379.76445	460.92875	3	73.6305	2
1379.76685	690.89070	2	73.5771	2
1379.77065	690.89260	2	80.8955	2
1380.64300	461.22160	3	55.0774	2
1380.79895	691.40675	2	77.2329	2
1381.66660	691.84060	2	66.5001	1
1381.67460	691.84460	2	66.9542	2
1381.74510	691.87980	2	74.0514	1
1382.65730	692.33590	2	77.1874	1
1382.76035	692.38745	2	78.2713	2
1382.84790	461.95655	3	78.9412	2
1383.54065	692.77760	2	28.2090	2
1383.68100	462.23425	3	43.8726	2
1384.64115	462.55430	3	56.0264	2
1384.66245	693.33850	2	56.5942	2
1384.66615	693.34035	2	84.3946	2
1384.73430	462.58535	3	64.7953	2
1384.75530	693.38490	2	84.1187	2
1385.66480	693.83970	2	80.1319	1
1385.73440	693.87445	2	75.9078	2
1385.75190	693.88320	2	62.7303	2
1386.72500	463.24890	3	66.8527	1
1387.56130	694.78790	2	62.3733	1
1387.63100	694.82275	2	75.8188	2
1387.69580	694.85515	2	57.2936	2
1387.72920	463.58365	3	84.7661	2
1387.72970	694.87210	2	84.8061	2
1387.74665	694.88060	2	66.4790	2
1388.55755	695.28605	2	55.8172	2
1388.70450	695.35950	2	52.7813	2
1389.73560	695.87510	2	88.1374	1
1390.75715	464.59295	3	68.4792	2
1391.69335	696.85395	2	77.5572	4
1391.70475	696.85965	2	53.5120	2
1392.61730	465.21305	3	59.9091	2
1392.66875	697.34165	2	63.6981	2
1392.87085	697.44270	2	84.8893	2
1393.64515	697.82985	2	69.1243	2
1393.65285	697.83370	2	71.6006	2
1393.67835	697.84645	2	71.0672	2
1393.69305	697.85380	2	83.0898	2
1393.70275	465.57485	3	56.3635	2
1393.70365	697.85910	2	77.9551	2
1393.81860	697.91660	2	75.7794	1
1395.65165	698.83310	2	58.6520	2
1395.71080	466.24420	3	40.7897	2
1395.71175	698.86315	2	40.7938	2
1396.67885	699.34670	2	77.8043	2
1396.80525	699.40990	2	67.0745	2
1397.60345	466.87505	3	47.3613	2
1397.60455	699.80955	2	47.4260	2
1397.78800	466.93660	3	66.2476	1
1397.79580	699.90515	2	80.1720	2
1398.62560	700.32010	2	53.0314	2
1398.77270	700.39365	2	64.4414	2
1399.66365	700.83910	2	61.5026	2
1399.67390	700.84425	2	71.8554	2
1399.69545	700.85500	2	54.9722	2
1399.70060	467.57415	3	49.0446	2
1400.75625	701.38540	2	79.9900	2
1401.57015	701.79235	2	43.0266	2
1401.71005	468.24395	3	42.6571	2
1401.71095	701.86275	2	42.6854	2
1401.76210	701.88835	2	81.3409	2
1401.77660	468.26615	3	39.5474	2
1402.75020	702.38240	2	77.6138	2
1403.63885	702.82670	2	61.1495	2
1403.74070	468.92080	3	41.3072	2
1403.74150	702.87800	2	41.3384	2
1403.74155	702.87805	2	69.7790	2
1404.72510	469.24895	3	51.9567	2
1404.72880	703.37165	2	76.2233	2
1404.79885	703.40670	2	68.5074	2
1405.65195	703.83325	2	56.5581	2
1405.68165	469.56780	3	72.3852	2
1406.71605	704.36530	2	75.0217	2
1407.69150	704.85300	2	76.4453	1
1407.72450	470.24875	3	50.3262	2
1407.72520	704.86990	2	50.4329	1
1407.78305	470.26830	3	66.8042	2
1407.78310	470.26830	3	60.7160	3
1408.64990	705.33220	2	78.0567	2
1408.66310	705.33880	2	71.0334	2
1408.66805	705.34130	2	39.6941	2
1409.68695	705.85075	2	69.0061	2
1409.74035	470.92070	3	49.7620	2
1410.70065	706.35760	2	56.1399	2
1410.72410	471.24860	3	51.0495	2
1410.72730	706.37090	2	51.1023	1
1410.77245	471.26475	3	58.1160	2
1410.77295	706.39375	2	58.1799	2
1411.67255	706.84355	2	72.8093	2
1411.71655	471.57945	3	70.7147	2
1411.82885	706.92170	2	73.3428	2
1411.82910	471.61695	3	73.4990	2
1412.15100	707.08280	2	49.3879	4
1412.64325	707.32890	2	90.0858	2
1412.72960	471.91715	3	74.2298	2
1412.77415	707.39435	2	51.7447	2
1412.79920	471.94030	3	63.2493	1
1412.81560	707.41505	2	83.6027	2
1412.83900	471.95360	3	67.4087	2
1412.83925	707.42690	2	67.4659	2
1413.67515	707.84485	2	38.1037	2
1413.76595	707.89025	2	62.0415	2
1413.80860	472.27680	3	65.8976	2
1414.72285	708.36870	2	61.1495	2
1414.72995	472.58390	3	48.0163	2
1414.73115	708.37285	2	48.0483	2
1414.73250	708.37350	2	82.4167	2
1415.64850	708.83150	2	93.5744	2
1415.68940	708.85200	2	58.2909	2
1415.76105	472.92765	3	40.8273	2
1416.71530	473.24570	3	75.7587	2
1416.72540	709.37000	2	65.2363	2
1416.73115	709.37285	2	94.5675	4
1416.77940	473.26705	3	59.5228	2
1417.66665	709.84060	2	68.8754	2
1417.66910	709.84185	2	55.9648	2
1417.67995	473.56725	3	47.2180	2
1417.68040	709.84750	2	47.2504	2
1417.70940	709.86200	2	74.8160	1
1417.71260	709.86360	2	74.7953	1
1417.77245	473.59810	3	35.4787	2
1418.69910	473.90700	3	43.5033	2
1418.70890	710.36175	2	58.5286	2
1418.71010	710.36235	2	81.1293	2
1419.66375	710.83915	2	57.7826	2
1419.69945	474.24040	3	51.9152	2
1419.70020	710.85735	2	51.9459	2
1419.75935	474.26035	3	52.1736	2
1419.81290	710.91375	2	81.8552	2
1420.65200	711.33325	2	47.3314	6
1421.67760	474.89980	3	63.2248	1
1421.70405	474.90865	3	59.1457	2
1421.80255	474.94145	3	64.2485	2
1422.59400	475.20525	3	37.5399	2
1422.59440	712.30450	2	37.6347	2
1422.67310	475.23165	3	41.3979	2
1422.68515	712.34985	2	66.0426	2
1422.75280	712.38370	2	79.2831	2
1423.67025	712.84240	2	83.0359	2
1424.66085	713.33770	2	68.7722	2
1424.71935	713.36695	2	67.3819	2
1424.75175	713.38315	2	59.4014	2
1424.81270	713.41360	2	92.3819	1
1424.81400	475.94530	3	92.3366	1
1425.67240	713.84350	2	74.3576	1
1425.80975	713.91215	2	74.4876	2
1425.81960	713.91710	2	62.9519	2
1425.81965	476.28045	3	62.8642	2
1426.79250	714.40350	2	43.7762	1
1427.64260	714.82860	2	46.7900	2
1427.72640	714.87050	2	53.3185	2
1427.79735	476.93970	3	58.2677	2
1427.80020	714.90740	2	83.5426	2
1428.71165	477.24450	3	46.6166	2
1428.78030	477.26740	3	77.3700	2
1429.74925	715.88190	2	64.1934	2
1429.75585	715.88520	2	60.8760	2
1429.75630	477.59270	3	60.7638	2
1429.76175	715.88815	2	52.4131	2
1429.80025	715.90740	2	98.5512	2
1430.73925	477.92035	3	51.4315	2
1430.77665	716.39560	2	86.8446	2
1431.78740	478.26975	3	66.3854	2
1431.79990	716.90720	2	80.5704	2
1432.71680	717.36570	2	45.8249	2
1433.62555	717.82005	2	75.7333	2
1434.66430	479.22870	3	52.8726	1
1434.74540	718.37995	2	74.2843	2
1435.66260	718.83860	2	38.9707	2
1435.76815	718.89135	2	63.4933	2
1436.69330	479.90505	3	56.2235	2
1436.69400	719.35430	2	56.2866	2
1436.70425	719.35940	2	69.0199	2
1436.76335	479.92840	3	52.4684	2
1436.78895	479.93695	3	62.8125	2
1437.69260	719.85360	2	64.1855	2
1438.58625	480.53600	3	30.9751	2
1438.77050	720.39250	2	82.2605	2
1439.64510	720.82980	2	48.8475	1
1439.79920	720.90690	2	73.5464	2
1440.67675	481.23285	3	48.6069	2
1440.79440	481.27210	3	74.5818	1
1440.81975	721.41715	2	80.1314	2
1441.63330	721.82390	2	77.7719	1
1441.82895	721.92175	2	87.2092	2
1442.64720	722.33085	2	84.7954	2
1442.66915	722.34185	2	52.1185	2
1442.68760	722.35110	2	80.7285	2
1442.72875	481.91685	3	50.3363	2
1443.67390	722.84425	2	44.1658	2
1443.80975	722.91215	2	74.4932	2
1443.84565	722.93010	2	80.3496	2
1444.66910	723.34185	2	56.6808	2
1444.67800	723.34630	2	85.8293	1
1444.74270	723.37865	2	71.2985	2
1444.77055	482.59745	3	61.3889	2
1444.81275	723.41365	2	88.7030	2
1445.74150	482.92110	3	60.3291	1
1447.20405	724.60930	2	64.0522	4
1447.73225	724.87340	2	68.4002	2
1447.75690	483.59290	3	57.2643	2
1448.71165	725.36310	2	57.3534	2
1448.74375	725.37915	2	83.8916	2
1449.67775	725.84615	2	62.9126	2
1449.71480	725.86465	2	74.7481	2
1449.86670	484.29620	3	60.8935	2
1450.72440	726.36950	2	82.6702	2
1450.73685	726.37570	2	90.6060	2
1450.78980	484.60390	3	52.2730	4
1450.81910	484.61365	3	66.2204	2
1451.66370	484.89520	3	49.5452	2
1451.82025	484.94735	3	66.8668	2
1452.69530	727.35490	2	57.6896	1
1452.76875	485.26350	3	58.0830	2
1452.79715	727.40585	2	91.4646	2
1453.76115	727.88785	2	56.7411	2
1454.73040	728.37245	2	79.7532	2
1454.76300	485.92825	3	67.4395	2
1454.87060	485.96415	3	77.6193	2
1454.87220	728.44335	2	77.5507	2
1455.69880	486.24020	3	68.5362	2
1455.70045	728.85750	2	68.5572	2
1455.83740	728.92600	2	81.7928	2
1457.66610	729.84030	2	41.5070	1
1457.78835	486.93675	3	82.3385	2
1457.78920	729.90190	2	82.3524	2
1458.74675	730.38065	2	69.7238	2
1458.74715	487.25635	3	77.1183	2
1459.70550	730.86005	2	59.0308	2
1459.70965	730.86210	2	68.0617	2
1459.74380	730.87915	2	64.0073	2
1459.83950	487.62045	3	76.4247	2
1459.84105	730.92780	2	76.4819	2
1461.76170	731.88810	2	81.0401	1
1461.83785	488.28655	3	77.8100	2
1461.83915	731.92685	2	77.8679	2
1462.62830	488.55000	3	29.5525	1
1462.68690	732.35070	2	65.4927	2
1462.71350	732.36400	2	65.9833	2
1462.76850	732.39150	2	68.6541	2
1463.26970	732.64215	2	62.0504	4
1463.67620	488.89935	3	63.2554	2
1463.70825	488.91000	3	66.9817	2
1463.70910	732.86185	2	66.7746	2
1463.70975	732.86215	2	80.7081	2
1463.74110	488.92095	3	72.7442	2
1463.75460	732.88460	2	72.5663	2
1464.75030	489.25735	3	82.5139	2
1464.78710	489.26965	3	62.8580	2
1464.79340	489.27175	3	66.2812	6
1464.79400	733.40425	2	68.3080	2
1464.79455	733.40455	2	62.0983	2
1465.73655	733.87555	2	87.6250	2
1465.75570	733.88510	2	81.4883	1
1466.74550	734.38000	2	89.4945	1
1466.77340	489.93170	3	44.4967	2
1467.68320	490.23500	3	62.1430	1
1467.82370	490.28180	3	56.7476	3
1468.69370	735.35415	2	54.2132	2
1470.74630	491.25605	3	66.5942	2
1470.74820	491.25665	3	56.6224	2
1470.76760	736.39110	2	74.6025	1
1470.79650	736.40550	2	89.6490	1
1470.82220	736.41840	2	85.6338	2
1470.84565	736.43010	2	83.9053	2
1471.70805	736.86130	2	54.6509	2
1471.72610	491.58260	3	41.3196	2
1471.74160	736.87810	2	65.6044	2
1471.75760	491.59310	3	67.4999	2
1472.71550	491.91240	3	45.7586	2
1472.73665	491.91950	3	57.9370	2
1472.73785	737.37620	2	58.0219	2
1472.75595	737.38525	2	81.5092	2
1472.77485	491.93220	3	59.8588	2
1473.76255	492.26145	3	72.0391	2
1474.76850	738.39155	2	79.7615	2
1475.77440	492.93210	3	63.4480	1
1476.69670	739.35560	2	53.1983	1
1476.71020	739.36240	2	65.4553	2
1477.74540	739.88000	2	85.4401	2
1477.76155	739.88805	2	72.8283	2
1478.77885	740.39670	2	74.9323	2
1478.78020	740.39740	2	81.7397	1
1479.58995	740.80225	2	41.6663	2
1479.87725	740.94590	2	80.0108	2
1480.68910	494.57030	3	36.5954	2
1480.78865	494.60350	3	65.1759	2
1480.83710	494.61965	3	59.3404	2
1482.81360	742.41405	2	90.5257	2
1482.82990	742.42225	2	68.7667	2
1483.71245	495.57805	3	62.1287	2
1483.74585	495.58925	3	30.3529	2
1483.76305	742.88880	2	76.8556	2
1484.81205	743.41330	2	83.8409	2
1484.82150	495.94780	3	75.5024	2
1484.82280	743.41865	2	75.5649	2
1485.79770	743.90610	2	83.5348	1
1485.82595	743.92025	2	88.0142	2
1485.82630	496.28270	3	88.1033	1
1486.71990	496.58055	3	76.3922	2
1486.76485	744.38970	2	71.8158	2
1486.78200	744.39830	2	67.6574	2
1486.78215	496.60130	3	67.7894	2
1488.64845	745.33150	2	49.5128	2
1488.74315	497.25500	3	45.3894	2
1488.74460	745.37960	2	45.5349	1
1488.79385	497.27190	3	59.8285	2
1489.70360	497.57510	3	58.2927	1
1489.70580	745.86020	2	58.3355	1
1489.74610	745.88030	2	90.9886	2
1490.73435	497.91875	3	58.4665	2
1491.81510	746.91480	2	90.3310	1
1492.71010	747.36235	2	48.4191	2
1492.74010	498.58730	3	76.7859	1
1492.80740	498.60975	3	77.1769	2
1493.64965	498.89045	3	39.3381	2
1493.65000	747.83225	2	39.4122	2
1493.74710	498.92300	3	56.9310	2
1493.74875	747.88165	2	56.8471	2
1493.78490	498.93560	3	73.1009	1
1495.63320	499.55170	3	41.7710	1
1495.74065	499.58745	3	69.6642	2
1495.84105	748.92780	2	82.2831	2
1495.85480	499.62555	3	82.8737	2
1495.85735	748.93595	2	83.0541	2
1495.87180	499.63120	3	70.0648	1
1496.68815	749.35135	2	86.1363	2
1496.76260	499.92815	3	57.1583	2
1496.76315	749.38885	2	65.3509	2
1496.78655	749.40055	2	71.6335	2
1496.82555	749.42005	2	92.5616	2
1498.76060	750.38755	2	75.7788	2
1498.78005	750.39730	2	68.9441	2
1498.79860	500.60680	3	47.6391	1
1498.84230	750.42840	2	85.7116	2
1499.71340	500.91170	3	56.2499	2
1500.76115	501.26100	3	56.5037	2
1500.76230	751.38840	2	56.5493	1
1500.79385	751.40420	2	59.8542	2
1500.79415	501.27200	3	59.8222	2
1500.81570	501.27920	3	69.8453	1
1500.81620	501.27930	3	65.8803	3
1501.71620	501.57935	3	51.7164	2
1501.71670	751.86565	2	51.7741	2
1501.77870	751.89665	2	73.0798	6
1501.81480	751.91470	2	78.4925	2
1502.67850	501.90010	3	38.0963	1
1502.74400	752.37930	2	88.7477	2
1503.71865	752.86660	2	53.8531	2
1504.74850	502.59010	3	54.7702	2
1504.78710	753.40080	2	81.5521	2
1504.79790	753.40620	2	69.7843	2
1504.87685	502.63285	3	81.2809	2
1505.65310	502.89160	3	47.9063	2
1505.72560	502.91580	3	61.7908	2
1505.92115	753.96785	2	93.9423	2
1506.79415	754.40435	2	66.7691	2
1507.71420	503.57865	3	64.2985	2
1507.73325	503.58500	3	53.2433	2
1508.74520	755.37985	2	87.7170	2
1508.75875	503.92685	3	77.9347	2
1508.81270	503.94485	3	49.4433	2
1508.81425	755.41440	2	49.4887	2
1509.65835	504.22670	3	47.4735	2
1509.65980	755.83720	2	47.5310	1
1509.74670	504.25620	3	52.7095	2
1510.71400	504.57860	3	58.4465	2
1510.71540	756.36495	2	58.4980	2
1510.74485	756.37970	2	75.4148	2
1510.75215	504.59130	3	58.1492	2
1510.75380	756.38420	2	58.1933	1
1511.71640	756.86550	2	43.0393	2
1511.78985	756.90220	2	100.0301	2
1511.85775	756.93615	2	81.4341	2
1512.20750	505.07640	3	44.0534	4
1512.87705	757.44580	2	85.9010	2
1513.69630	757.85545	2	69.4052	2
1513.75085	757.88270	2	78.3062	2
1513.87135	757.94295	2	97.4957	2
1514.72265	505.91485	3	57.1754	2
1514.72530	758.36990	2	57.2589	1
1514.79915	758.40685	2	66.9514	2
1514.79965	758.40710	2	92.2860	2
1514.85665	505.95945	3	90.8525	2
1514.85865	758.43660	2	90.8168	2
1515.71820	506.24665	3	78.6411	2
1515.71840	758.86645	2	78.5494	2
1515.75265	758.88360	2	33.5774	2
1515.75280	506.25820	3	33.6037	2
1515.75365	758.88410	2	51.2640	2
1515.76280	758.88870	2	89.8542	2
1515.77100	506.26425	3	79.1212	2
1515.81190	758.91320	2	69.9996	1
1515.82335	758.91895	2	79.8557	2
1516.77840	759.39650	2	75.1175	2
1516.80130	759.40790	2	80.2963	2
1516.83390	759.42425	2	80.8634	2
1517.73130	759.87295	2	62.9464	2
1517.73810	759.87635	2	70.4726	2
1517.80930	506.94370	3	77.3037	2
1517.81115	759.91285	2	77.4642	2
1518.92420	507.31530	3	63.5989	1
1520.71985	761.36720	2	78.2182	2
1520.73695	761.37575	2	53.6554	2
1521.79300	508.27160	3	45.2642	2
1523.86760	508.96310	3	77.7789	2
1523.88170	762.94815	2	90.8469	2
1524.74095	763.37775	2	72.5284	2
1525.76640	509.59610	3	64.1247	1
1526.73390	509.91855	3	35.0274	2
1527.71060	510.24415	3	36.3278	2
1528.80005	765.40730	2	73.1332	2
1528.80995	510.61060	3	70.0385	2
1529.66220	510.89465	3	38.0864	2
1529.66440	765.83950	2	39.1636	2
1529.80690	765.91070	2	87.7115	1
1529.84090	510.95425	3	64.7414	2
1529.85795	510.95990	3	80.4233	2
1530.80335	511.27505	3	67.1359	2
1531.69865	511.57350	3	64.9714	2
1531.77385	766.89420	2	66.1235	2
1531.81510	766.91480	2	86.0545	1
1532.77380	767.39420	2	74.5308	2
1532.79705	767.40580	2	72.4219	2
1532.82150	767.41800	2	82.9043	2
1533.73045	767.87250	2	71.8241	2
1533.74260	512.25480	3	36.1582	2
1533.74630	767.88040	2	50.9217	1
1533.74735	767.88095	2	68.6485	2
1533.79820	767.90640	2	98.0627	2
1533.79945	767.90700	2	73.7369	2
1533.80300	512.27490	3	98.1401	1
1534.29760	768.15610	2	74.6710	4
1535.67200	512.89795	3	38.1421	2
1535.67815	768.84635	2	60.5312	2
1535.78495	512.93560	3	68.9953	2
1537.72000	769.86730	2	80.3145	1
1537.72020	513.58070	3	80.2290	2
1538.65710	513.89295	3	49.9870	2
1538.82480	770.41970	2	79.2720	2
1540.80820	514.61000	3	63.6845	2
1540.81915	514.61365	3	48.0807	2
1541.78625	514.93605	3	58.6179	2
1541.78800	771.90130	2	58.6850	2
1541.81740	771.91595	2	69.9484	2
1541.82900	514.95025	3	76.1603	2
1541.83135	771.92295	2	76.0585	2
1541.85110	514.95760	3	58.1988	1
1542.76995	515.26395	3	54.7017	2
1542.79000	772.40230	2	61.9867	1
1542.80240	515.27470	3	57.4452	1
1546.69865	774.35660	2	67.1360	2
1546.80020	774.40740	2	62.2926	1
1547.77385	516.93185	3	54.8556	2
1547.82005	774.91730	2	71.2437	2
1547.82150	774.91800	2	84.0224	1
1547.82490	516.94890	3	63.1673	2
1547.83125	516.95100	3	58.7084	2
1547.83220	774.92340	2	58.7153	2
1548.77805	517.26660	3	71.5107	2
1548.77845	775.39650	2	71.4495	2
1548.80160	517.27450	3	61.6670	1
1548.92425	775.46940	2	80.7393	2
1549.74410	775.87935	2	63.5965	2
1549.74460	517.58880	3	63.5980	2
1549.82770	775.92115	2	73.7369	2
1550.68910	517.90360	3	34.4760	2
1550.74650	776.38050	2	52.0971	2
1550.76940	517.93040	3	57.9577	2
1550.76980	776.39215	2	57.9929	2
1551.71600	518.24590	3	37.2102	2
1551.77565	518.26580	3	40.1000	2
1551.84725	776.93090	2	90.9302	2
1553.83310	777.92380	2	81.9449	2
1555.73780	778.87620	2	72.6554	2
1555.75000	519.59060	3	52.4948	2
1555.76370	519.59515	3	56.1399	2
1555.79140	778.90300	2	84.0002	2
1555.84740	778.93100	2	82.7872	1
1555.85700	519.62630	3	34.7814	1
1555.88325	519.63500	3	78.3993	2
1555.88370	778.94910	2	78.4876	1
1556.84405	779.42930	2	91.5782	2
1557.78445	779.89950	2	80.3834	2
1557.83760	779.92610	2	90.4916	1
1558.77495	780.39475	2	67.9461	2
1558.79925	780.40690	2	80.0531	2
1559.61085	780.81270	2	73.9783	2
1559.75215	520.92465	3	72.0012	2
1559.76000	520.92725	3	78.9041	2
1559.82015	780.91735	2	88.3366	2
1559.83630	780.92545	2	86.9095	2
1560.84940	521.29040	3	65.5401	1
1561.78900	781.90180	2	77.1362	2
1561.83585	781.92520	2	88.5019	2
1562.77390	521.93190	3	67.7060	1
1563.80330	522.27505	3	74.2185	2
1564.29765	783.15610	2	74.4557	4
1564.71640	522.57940	3	54.1048	1
1564.71750	783.36600	2	54.1601	2
1564.74220	783.37835	2	56.4204	2
1565.83125	522.95100	3	67.5072	2
1567.82615	784.92035	2	82.5138	2
1567.89440	523.63870	3	66.1717	1
1567.89805	784.95630	2	97.9731	2
1569.87745	785.94600	2	77.2951	2
1569.91415	785.96435	2	88.1480	2
1570.80965	786.41210	2	59.6275	2
1570.82435	786.41945	2	84.5848	2
1572.78275	787.39865	2	59.0606	2
1572.83020	787.42240	2	79.8772	1
1572.83090	525.28425	3	79.7235	2
1573.76430	787.88940	2	66.2146	1
1573.78390	787.89920	2	87.9755	1
1573.82730	787.92095	2	81.9478	2
1573.86470	525.62880	3	75.8695	1
1574.71125	788.36290	2	71.7536	2
1575.78540	788.90000	2	71.1924	3
1576.75460	789.38455	2	75.6909	2
1577.76970	526.93050	3	72.8113	3
1577.78935	789.90195	2	76.5122	2
1578.26175	790.13815	2	73.4823	4
1578.83755	527.28645	3	71.3041	2
1578.85500	527.29225	3	57.2354	2
1578.87350	527.29845	3	84.3172	2
1578.87505	790.44480	2	84.3290	2
1580.69985	527.90725	3	41.7460	2
1580.77105	791.39280	2	51.4709	2
1580.80520	527.94230	3	62.7789	2
1580.92850	527.98340	3	76.5053	1
1583.86600	528.96260	3	71.2637	1
1584.74055	529.25415	3	67.2937	2
1585.68800	793.85130	2	64.5539	3
1585.82120	529.61430	3	66.1023	1
1586.87160	794.44310	2	86.7627	3
1587.85705	530.29295	3	65.4926	2
1588.72675	795.37065	2	71.2106	2
1588.75990	530.59390	3	59.2924	2
1589.82060	530.94750	3	84.9584	1
1589.82135	795.91795	2	84.8672	2
1590.76220	796.38840	2	79.1896	2
1590.79395	531.27195	3	87.1166	2
1590.79905	796.40680	2	82.5674	2
1591.74710	531.58965	3	44.7972	2
1591.74915	796.88185	2	44.8073	2
1591.80345	531.60840	3	59.3636	2
1591.80445	796.90950	2	59.4098	2
1591.86230	796.93840	2	87.5174	2
1592.81930	531.94700	3	67.6237	1
1592.91485	797.46470	2	73.0673	2
1593.74295	797.87875	2	55.8459	2
1593.74305	532.25495	3	55.7894	2
1593.95055	797.98255	2	83.0275	2
1594.74830	532.59000	3	71.8451	1
1595.80335	798.90895	2	93.0145	2
1595.86200	532.96130	3	51.1544	1
1596.76780	533.26320	3	53.6237	2
1597.86865	799.94160	2	70.8808	2
1597.88465	799.94960	2	82.1325	2
1598.84095	533.95425	3	83.3126	2
1598.84850	800.43155	2	83.2234	2
1599.78765	800.90110	2	43.5628	2
1599.84775	800.93115	2	75.3950	2
1599.89780	534.30655	3	78.0260	2
1599.89930	534.30705	3	63.9458	2
1599.90035	800.95745	2	63.9617	2
1600.29305	534.43830	3	64.3304	4
1600.84280	534.62150	3	65.2291	2
1600.86850	801.44150	2	64.5873	2
1601.72665	801.87060	2	53.0890	2
1602.74010	535.25400	3	61.7302	1
1602.80220	802.40835	2	77.0731	2
1602.86265	802.43860	2	73.6949	2
1603.81065	802.91260	2	81.9505	2
1604.74435	803.37945	2	65.0393	2
1604.78360	535.93510	3	69.0587	2
1605.81650	803.91550	2	77.5701	1
1606.87710	804.44580	2	81.7452	1
1607.79790	536.93990	3	49.0670	1
1607.84985	804.93220	2	86.0740	2
1607.90440	536.97540	3	80.7960	2
1609.83720	537.61970	3	90.0209	2
1609.83905	805.92680	2	90.0801	2
1610.72120	806.36785	2	66.1196	2
1610.78280	537.93490	3	65.9292	2
1610.91110	806.46285	2	98.8163	2
1610.97230	537.99805	3	71.7930	2
1611.79105	806.90280	2	65.5885	2
1612.85030	807.43245	2	85.5395	2
1612.85755	538.62645	3	71.1216	2
1612.86470	807.43960	2	90.0411	1
1612.90505	538.64230	3	77.7421	2
1613.85200	807.93330	2	83.3769	1
1613.90450	807.95950	2	81.6212	1
1614.75600	808.38530	2	89.7837	1
1614.84090	808.42770	2	78.1587	2
1615.75825	539.59335	3	58.0955	2
1615.85755	539.62645	3	73.6119	2
1616.73145	539.91775	3	48.4513	2
1616.84450	809.42950	2	93.2857	1
1617.78640	809.90050	2	44.9496	1
1619.81520	540.94570	3	66.2419	1
1619.83365	540.95180	3	65.2650	2
1620.86200	541.29460	3	87.0465	2
1620.86520	811.43985	2	87.0408	2
1621.76340	541.59510	3	37.6702	1
1621.82945	811.92200	2	85.4711	2
1621.87305	811.94380	2	71.4214	2
1622.76555	541.92915	3	38.5163	2
1622.76920	812.39190	2	38.6289	1
1622.79850	812.40650	2	82.6889	1
1622.80400	541.94190	3	82.6003	2
1622.82775	812.42115	2	68.7123	2
1625.77405	813.89430	2	78.3711	2
1625.77725	813.89590	2	81.6320	2
1626.85715	543.29295	3	57.7296	2
1626.85900	814.43675	2	57.7573	2
1627.74875	814.88165	2	67.9746	2
1628.79115	543.93765	3	95.3529	2
1628.79230	815.40345	2	95.3021	2
1628.81600	543.94595	3	57.1492	2
1628.81655	815.41555	2	57.2090	2
1629.78030	544.26740	3	56.8689	1
1629.87320	815.94385	2	70.1043	2
1629.88375	815.94915	2	89.7235	2
1630.84600	544.62260	3	82.8958	2
1631.83080	544.95090	3	61.8754	1
1631.88940	544.97040	3	74.3217	1
1631.92565	544.98245	3	72.3240	2
1631.92675	816.97065	2	72.3529	2
1632.77890	545.26690	3	46.9141	2
1632.83100	545.28430	3	68.1465	1
1633.84350	545.62175	3	80.4786	2
1633.85700	545.62630	3	62.4899	1
1634.80090	818.40775	2	63.1439	2
1634.88765	545.96980	3	54.3747	2
1635.76355	546.26180	3	55.2646	2
1635.82580	546.28250	3	82.7928	1
1636.83230	819.42340	2	73.3442	1
1636.94015	819.47735	2	92.5670	2
1638.84120	547.28765	3	76.5757	2
1639.87665	547.63285	3	78.5884	2
1639.87740	820.94600	2	78.6536	2
1639.88105	547.63430	3	96.0515	2
1639.88165	820.94810	2	95.6596	2
1640.84810	547.95660	3	47.8984	2
1641.88245	821.94850	2	85.0768	2
1642.69040	822.35250	2	47.5886	2
1642.80575	822.41015	2	59.6193	2
1642.85340	548.62505	3	49.0956	2
1642.85485	822.43470	2	49.2117	2
1642.88350	548.63510	3	80.2399	2
1643.79050	548.93745	3	47.7966	2
1643.82570	822.92010	2	45.2431	2
1643.82870	822.92160	2	75.6088	2
1643.84080	548.95420	3	67.3438	2
1644.84220	412.21780	4	42.7199	2
1645.90435	549.64205	3	68.1271	2
1646.83850	549.95345	3	62.0237	2
1646.86985	549.96385	3	74.1339	2
1648.79280	550.60485	3	44.5785	2
1648.79480	413.20600	4	44.6724	1
1648.84400	550.62190	3	53.3809	1
1648.96660	413.24895	4	58.9422	2
1648.96925	550.66365	3	58.8636	2
1649.72380	825.86920	2	63.8021	1
1649.93595	825.97525	2	77.5153	2
1651.90280	826.95870	2	89.3800	2
1651.92590	551.64920	3	85.6447	2
1651.92875	826.97165	2	85.6332	2
1652.73095	551.91755	3	50.5360	2
1653.87315	552.29835	3	76.6997	2
1653.92175	552.31450	3	77.3913	2
1654.78820	828.40140	2	71.3121	2
1654.82125	552.61435	3	78.9041	2
1654.89465	828.45460	2	81.8494	2
1655.76390	552.92860	3	49.7348	2
1657.82140	829.91795	2	89.5027	2
1657.91820	553.64670	3	84.2850	1
1658.79135	553.93770	3	55.0691	2
1658.83765	830.42610	2	79.5637	2
1659.91040	554.31070	3	79.8287	3
1659.91305	830.96380	2	79.9193	2
1660.74210	554.58795	3	65.6707	2
1660.84180	554.62120	3	63.0319	2
1661.90435	831.95945	2	78.7844	2
1662.80060	555.27415	3	52.6953	2
1662.82980	555.28390	3	70.4380	1
1662.82980	832.42215	2	70.3115	2
1663.79850	555.60680	3	72.6180	1
1664.81020	833.41240	2	79.8845	2
1664.84385	833.42920	2	73.8166	2
1664.86855	555.96345	3	65.4363	2
1665.89510	833.95480	2	77.1985	1
1666.86910	556.63030	3	77.6800	2
1666.87820	834.44635	2	81.5669	2
1666.91705	834.46580	2	83.3171	2
1667.71510	556.91230	3	68.6862	2
1667.81615	556.94600	3	58.5080	2
1667.86390	834.93925	2	77.8927	2
1668.81420	557.27865	3	57.9697	2
1669.85370	835.93410	2	72.0638	2
1670.83600	836.42530	2	97.4341	2
1670.88330	836.44890	2	56.0159	1
1670.88355	557.96845	3	55.9342	2
1671.71405	558.24530	3	51.5629	2
1672.72380	558.58185	3	43.1527	2
1672.90350	837.45900	2	73.7035	2
1673.90090	837.95770	2	77.2328	2
1674.88720	838.45090	2	92.7383	2
1676.81580	839.41515	2	67.7866	2
1678.00490	560.34225	3	66.4142	2
1681.82160	841.91810	2	76.3644	2
1681.90095	561.64090	3	81.1178	2
1681.90130	841.95795	2	80.9865	2
1681.92590	561.64920	3	94.4099	1
1682.79890	842.40670	2	88.4737	2
1682.89385	842.45420	2	79.8239	2
1682.92860	561.98350	3	82.1259	1
1683.88435	842.94945	2	77.7788	2
1684.91600	843.46525	2	81.5884	2
1685.91355	562.97845	3	66.0321	2
1686.87450	563.29875	3	64.3837	2
1687.91585	844.96520	2	88.8906	2
1688.88300	845.44875	2	84.3801	2
1689.22270	423.31300	4	33.0288	2
1689.22580	564.08255	3	33.0722	4
1689.83765	564.28645	3	58.9748	2
1689.85880	423.47200	4	66.5162	1
1690.96030	564.66070	3	64.5096	1
1692.81855	847.41655	2	84.6720	2
1692.97255	847.49355	2	91.3265	2
1693.93650	565.65280	3	64.0374	2
1693.93750	565.65310	3	83.3708	1
1693.95570	565.65915	3	64.8676	2
1694.80300	565.94160	3	50.8727	2
1694.83810	565.95330	3	48.5861	1
1695.32965	848.67210	2	70.0659	4
1696.77530	849.39495	2	63.7187	2
1696.84400	849.42925	2	86.9653	2
1696.90720	849.46090	2	86.2358	2
1696.90800	566.64330	3	86.3765	2
1697.83695	566.95290	3	51.2050	2
1697.90280	566.97485	3	78.7528	2
1697.90415	849.95935	2	78.7424	2
1698.00970	850.01210	2	83.8377	2
1698.00980	567.01055	3	83.6672	2
1698.89680	567.30620	3	85.4087	2
1698.89875	850.45665	2	85.3999	2
1698.90270	567.30815	3	59.1200	2
1699.86810	567.62995	3	76.6712	2
1700.90930	851.46190	2	81.0615	2
1701.87075	568.29755	3	61.5392	2
1703.73750	568.91980	3	62.3445	1
1703.81635	568.94605	3	61.0759	2
1703.84010	852.92730	2	71.1942	2
1703.92195	568.98125	3	63.9567	2
1704.72780	569.24990	3	28.3713	1
1704.72830	427.18935	4	28.4070	2
1704.91700	569.31290	3	71.2847	2
1705.83910	853.92680	2	47.7908	2
1705.88350	853.94900	2	70.1649	2
1706.32990	569.78390	3	47.1888	4
1706.37485	569.79890	3	68.1383	4
1706.88950	854.45205	2	89.2663	2
1706.90400	854.45925	2	84.2545	2
1707.88880	570.30350	3	86.0768	5
1707.89150	854.95305	2	94.8025	2
1707.89870	570.30680	3	78.1111	6
1707.97900	854.99680	2	79.4030	2
1707.97985	570.33385	3	79.5087	2
1708.75880	570.59355	3	56.4260	2
1709.98170	571.00120	3	76.8794	1
1710.01930	571.01370	3	81.2547	2
1712.88800	571.96990	3	67.2451	1
1712.88920	857.45190	2	67.1511	3
1712.93740	571.98640	3	69.5333	1
1714.90060	572.64080	3	63.2090	3
1714.90085	858.45770	2	63.2609	2
1714.90665	858.46060	2	71.2162	2
1716.97050	573.33080	3	68.3882	1
1717.86510	573.62895	3	72.5854	2
1717.86665	859.94060	2	72.5965	2
1717.87900	859.94680	2	84.6973	1
1721.76175	861.88815	2	38.5734	2
1722.87420	575.29865	3	76.6625	2
1722.89730	575.30635	3	76.9122	2
1723.02465	575.34885	3	70.3068	2
1723.02735	862.52095	2	70.3353	2
1724.83480	575.95220	3	48.7567	1
1724.94120	575.98770	3	81.4690	2
1725.95725	863.98590	2	86.8810	2
1726.01520	576.34565	3	83.1723	2
1727.90700	576.97630	3	69.4920	1
1728.78865	577.27015	3	64.2207	2
1728.93470	577.31885	3	60.1323	2
1729.00540	577.34240	3	83.7612	1
1730.75805	577.92660	3	65.4363	2
1730.89680	866.45570	2	73.5826	2
1730.90530	866.45990	2	89.6781	1
1731.04385	578.02185	3	90.3107	2
1731.88490	866.94970	2	65.1934	1
1731.88920	866.95190	2	69.6601	1
1733.87415	578.96530	3	76.5484	2
1733.87810	867.94635	2	76.6798	2
1735.87885	579.63355	3	79.6718	2
1735.96970	579.66380	3	99.1426	1
1735.96970	868.99210	2	99.0461	2
1736.84690	869.43075	2	81.2489	2
1736.84740	579.95640	3	81.2891	2
1737.92725	580.31635	3	79.4351	2
1738.80305	870.40880	2	69.1156	2
1738.81930	580.61370	3	60.6445	2
1738.82010	580.61400	3	66.5384	2
1739.84635	580.95605	3	70.9213	2
1739.88520	580.96900	3	68.8809	2
1742.87370	581.96520	3	68.0952	2
1743.79695	872.90575	2	68.2875	2
1743.81155	872.91305	2	51.6614	2
1743.86680	582.29620	3	50.0288	1
1743.98670	873.00060	2	97.1276	1
1744.90065	582.64080	3	72.2444	2
1745.83810	582.95330	3	60.1699	2
1745.91450	582.97875	3	74.8111	2
1746.80170	874.40810	2	90.9884	2
1746.81380	874.41420	2	75.2908	1
1748.87500	583.96560	3	63.6513	1
1749.86535	875.93995	2	62.5470	2
1749.86625	584.29605	3	62.6065	2
1750.01135	584.34435	3	56.8677	2
1750.01175	876.01315	2	56.9627	2
1752.89110	585.30430	3	49.7182	1
1752.98815	877.50135	2	87.3746	2
1754.86420	878.43940	2	76.0995	2
1755.85935	878.93695	2	71.5190	2
1755.91310	878.96380	2	91.8285	1
1756.89065	879.45260	2	80.1661	2
1757.92405	586.98195	3	75.0952	2
1758.83200	587.28460	3	78.0905	2
1759.84835	587.62340	3	66.4412	2
1759.90760	880.96110	2	89.4320	1
1760.93855	881.47655	2	89.1371	2
1761.89710	588.30630	3	74.8084	2
1762.84160	882.42810	2	77.0138	2
1763.83330	588.95170	3	62.3913	3
1763.83365	882.92410	2	62.4381	2
1764.99735	589.33970	3	94.0013	2
1765.00360	883.50910	2	93.9725	2
1766.94765	884.48110	2	85.2413	2
1767.82320	590.28170	3	65.4031	2
1767.85480	590.29220	3	90.2305	2
1767.97045	590.33075	3	90.1743	2
1768.90275	885.45865	2	80.8575	2
1769.01980	590.68050	3	81.7000	2
1769.91715	885.96585	2	67.8577	2
1770.00510	591.00900	3	74.9066	2
1771.91530	591.64570	3	76.6137	2
1772.33520	887.17485	2	77.8513	4
1774.88670	888.45060	2	59.3101	2
1774.88770	592.63650	3	59.2807	2
1776.89735	593.30635	3	67.9164	2
1777.32175	889.66815	2	64.5464	4
1778.99120	594.00430	3	72.8572	1
1778.99160	890.50310	2	72.7094	2
1779.80340	445.95810	4	52.3280	2
1780.40420	594.47530	3	54.3657	4
1782.87590	595.29925	3	76.7928	2
1784.88030	595.96735	3	62.9976	2
1784.88295	893.44875	2	63.0945	2
1784.91590	595.97925	3	56.0473	2
1785.88880	893.95165	2	89.4322	2
1788.91165	597.31115	3	36.7595	2
1789.93180	895.97315	2	83.1296	2
1791.84550	598.28910	3	50.5834	1
1793.87480	897.94470	2	90.7721	1
1793.92470	897.96960	2	85.4684	1
1794.81770	898.41610	2	64.1188	1
1794.86015	898.43735	2	82.8370	2
1794.98660	898.50060	2	80.4144	2
1796.87840	599.96670	3	85.1792	1
1796.96730	599.99640	3	85.7691	1
1796.97990	600.00060	3	71.8966	3
1798.88855	600.63680	3	49.2906	2
1799.92920	600.98365	3	101.3169	2
1799.93950	900.97700	2	101.3491	1
1800.99940	601.34040	3	83.6162	2
1803.92260	602.31480	3	50.9522	1
1804.86885	602.63020	3	66.6576	2
1804.97090	602.66425	3	79.4435	2
1804.97150	903.49305	2	79.7317	2
1805.36005	903.68730	2	66.0935	4
1805.88000	903.94730	2	78.8257	5
1806.03630	603.01935	3	72.9274	2
1809.91475	905.96465	2	73.9466	2
1810.76100	604.59430	3	47.4166	1
1813.90700	605.64290	3	53.9457	1
1814.80170	605.94115	3	81.3207	2
1814.97070	605.99750	3	67.0338	2
1817.90155	606.97445	3	50.5224	2
1820.86225	911.43840	2	60.0116	2
1820.89540	607.97240	3	73.7859	2
1820.91355	607.97845	3	80.0760	2
1821.06180	608.02785	3	85.2353	2
1821.84780	608.28990	3	81.6916	2
1821.89915	608.30695	3	54.0335	2
1823.90655	608.97610	3	69.2609	2
1825.86305	609.62830	3	56.2758	2
1825.86345	913.93900	2	56.3911	2
1825.89505	913.95480	2	68.0409	2
1827.94085	610.32090	3	75.0359	2
1827.96910	610.33030	3	66.3454	2
1827.97080	914.99270	2	66.2471	2
1828.91365	915.46410	2	85.3360	2
1828.95105	915.48280	2	74.4270	2
1829.03760	915.52610	2	70.5540	1
1830.85770	611.29320	3	64.7018	1
1832.00800	611.67660	3	73.6634	2
1832.91725	611.97970	3	77.4275	2
1833.90990	612.31055	3	78.2528	2
1833.96570	612.32915	3	89.2409	2
1835.79750	612.93980	3	60.4702	2
1836.04785	613.02320	3	74.5512	2
1838.11545	613.71240	3	75.0583	2
1838.95680	613.99290	3	64.8874	2
1839.99430	614.33870	3	65.3285	2
1840.89290	614.63825	3	79.0913	2
1841.01710	614.67965	3	70.9997	2
1841.01770	921.51610	2	70.9383	2
1841.85760	614.95980	3	50.3875	2
1842.93295	615.31825	3	66.4435	2
1842.97345	615.33175	3	72.7498	2
1844.89315	615.97165	3	63.9533	2
1844.91255	615.97810	3	68.4212	2
1845.99120	616.33765	3	87.4237	2
1845.99330	924.00395	2	87.6441	2
1846.79170	924.40310	2	72.9887	2
1846.97125	924.49290	2	86.1078	2
1852.02005	927.01730	2	84.2629	2
1852.93210	618.65130	3	63.8832	1
1853.92700	618.98295	3	61.9155	2
1854.93000	928.47230	2	93.3876	1
1856.86045	619.96075	3	55.7608	2
1856.87975	929.44715	2	83.9642	2
1860.94355	621.32180	3	90.1116	2
1860.94790	931.48120	2	90.2610	1
1860.99975	621.34050	3	76.7277	2
1861.98585	621.66925	3	84.3858	2
1862.81955	621.94710	3	61.1133	2
1862.87590	932.44525	2	88.1895	2
1863.98815	622.33665	3	89.7895	2
1867.84455	623.62215	3	54.9154	2
1868.83425	935.42440	2	64.4737	2
1872.89765	625.30650	3	54.5701	2
1873.94645	625.65610	3	77.1684	2
1873.96900	625.66360	3	73.1882	1
1875.87340	626.29840	3	72.0979	2
1880.97510	627.99895	3	63.8872	2
1882.97740	942.49595	2	72.1204	2
1883.88295	942.94875	2	76.8237	2
1883.91955	628.98045	3	71.6979	2
1884.87140	943.44295	2	77.5953	2
1885.87240	943.94350	2	66.5817	2
1885.91810	943.96630	2	85.3419	2
1885.92410	629.64860	3	85.3655	1
1886.87040	944.44250	2	64.4199	2
1886.90090	629.97425	3	69.7550	2
1886.90275	944.45865	2	69.9211	2
1888.00505	630.34230	3	82.7347	2
1890.93870	631.32015	3	70.9496	2
1890.94755	631.32310	3	75.3579	2
1892.06500	947.03975	2	84.0964	2
1893.94390	474.49325	4	57.4575	2
1893.96240	947.98850	2	86.8025	1
1893.98030	632.33400	3	59.2195	1
1902.89705	952.45580	2	80.9285	2
1903.93345	635.65175	3	78.6822	2
1904.97205	635.99795	3	76.2428	2
1904.97215	953.49335	2	76.3027	2
1909.98120	478.50255	4	72.2717	2
1909.99900	637.67360	3	76.9623	1
1910.00265	956.00860	2	76.9839	2
1910.17230	637.73140	3	80.4462	2
1911.89110	956.95285	2	73.9396	2
1912.00015	638.34065	3	82.6382	2
1912.00125	957.00790	2	82.5785	2
1912.91330	638.64505	3	33.9137	2
1913.09840	638.70675	3	71.8750	2
1915.05335	479.77065	4	75.7246	2
1915.47325	639.49835	3	70.3660	4
1916.95205	639.99130	3	67.1956	2
1918.85305	640.62495	3	47.7104	2
1921.00005	641.34060	3	83.7585	2
1921.93560	961.97505	2	97.0332	2
1922.93585	641.98590	3	80.6164	2
1924.02010	642.34730	3	79.1180	2
1926.99955	643.34045	3	91.1425	2
1930.94310	644.65495	3	84.4436	2
1932.83820	645.28665	3	58.4095	2
1932.83960	967.42705	2	58.5414	2
1934.08045	645.70075	3	87.9807	2
1935.07950	646.03380	3	80.0206	1
1935.93160	646.31780	3	66.3221	2
1937.93120	969.97290	2	93.1312	1
1937.94485	646.98890	3	79.6932	2
1938.95355	970.48405	2	80.8688	2
1939.01585	647.34590	3	75.8185	2
1939.84350	647.62180	3	29.0583	1
1941.88120	648.30100	3	58.2492	2
1942.04310	648.35500	3	77.3613	2
1942.47635	648.49935	3	86.4725	4
1942.84155	648.62115	3	61.4197	2
1942.96580	972.49020	2	87.3331	1
1944.98315	649.33500	3	67.4393	2
1945.89725	649.63970	3	67.1076	2
1946.04970	974.03215	2	70.2009	2
1947.92335	974.96895	2	55.1110	2
1947.92870	650.31680	3	73.2514	1
1947.98720	975.00090	2	81.1904	2
1950.98055	651.33410	3	72.6221	2
1951.99000	977.00230	2	88.6047	2
1951.99120	651.67100	3	72.1039	2
1954.89760	978.45605	2	81.8843	2
1955.93950	652.98710	3	59.7377	2
1956.05740	653.02640	3	82.4728	2
1956.90030	653.30735	3	66.7474	2
1956.99165	979.50310	2	76.3088	2
1961.04750	654.68975	3	88.9105	2
1961.05030	981.53245	2	88.8823	2
1963.05460	655.35880	3	75.9799	2
1966.93655	656.65280	3	75.5446	2
1966.99330	984.50390	2	97.6596	1
1970.98485	658.00220	3	61.3595	2
1973.07010	658.69730	3	60.3028	1
1978.89800	660.63995	3	36.7784	2
1979.03310	660.68495	3	88.1115	2
1984.02940	993.02195	2	79.9402	2
1986.00420	663.00870	3	92.2741	1
1988.04785	663.68990	3	71.6663	2
1989.02535	664.01570	3	74.8408	2
1992.05955	665.02710	3	80.4578	2
1994.00530	665.67570	3	94.5448	2
1994.00915	998.01185	2	94.4450	2
2002.98625	668.66935	3	67.8466	2
2003.03305	1002.52380	2	89.8909	2
2003.03455	668.68545	3	89.8176	2
2004.08975	669.03715	3	79.5662	2
2009.03705	670.68630	3	58.8634	2
2009.08560	670.70250	3	77.6248	2
2009.99710	671.00630	3	93.0611	1
2010.00490	1006.00975	2	92.7072	2
2015.96750	672.99640	3	77.2959	1
2016.96940	673.33040	3	70.1251	1
2019.06995	674.03060	3	94.9115	2
2022.01810	675.01330	3	64.4377	1
2024.89560	1013.45510	2	56.3258	1
2026.12180	676.38120	3	86.3672	1
2026.12940	1014.07200	2	86.2940	1
2027.05785	676.69320	3	88.2284	2
2031.02590	678.01590	3	88.0741	1
2033.06250	678.69480	3	73.2243	2
2037.04405	680.02195	3	65.6706	2
2041.07640	681.36605	3	80.6077	2
2041.97585	681.66590	3	73.0737	2
2043.01085	1022.51270	2	82.9672	2
2043.01195	682.01125	3	82.8591	2
2047.98210	683.66795	3	48.3340	2
2048.05050	1025.03250	2	96.0066	1
2048.95850	683.99340	3	76.8553	2
2054.89860	685.97350	3	69.4690	2
2059.00585	687.34255	3	77.6858	2
2059.97080	1030.99265	2	85.1416	2
2060.05830	687.69340	3	87.3270	1
2060.95020	687.99065	3	64.0654	2
2064.02620	1033.02040	2	89.1177	2
2064.96000	1033.48730	2	84.9640	1
2066.09130	689.70440	3	74.6079	1
2067.99155	690.33780	3	69.2609	2
2070.96010	1036.48735	2	72.6903	2
2071.03520	691.35230	3	67.2509	1
2072.12740	691.71640	3	88.4114	1
2073.08760	692.03650	3	76.6320	1
2075.08230	692.70140	3	72.3512	1
2076.04915	693.02365	3	67.8080	2
2078.06640	693.69610	3	79.0482	1
2079.02865	694.01680	3	74.5860	2
2080.10315	521.03310	4	70.9775	2
2080.10485	694.37555	3	71.1288	2
2086.03915	1044.02685	2	89.0786	2
2087.89400	696.97190	3	61.4875	1
2089.05285	697.35825	3	75.5071	2
2092.08850	698.37010	3	74.4558	2
2093.98520	1047.99985	2	86.5280	2
2094.94590	699.32260	3	51.5916	2
2105.05520	702.69230	3	74.8654	5
2105.14370	702.72185	3	91.2601	2
2106.02200	703.01460	3	71.5839	2
2114.12915	705.71700	3	95.8912	2
2131.13040	533.78990	4	85.3595	1
2131.17850	711.40010	3	84.2357	2
2137.12430	713.38205	3	70.5300	2
2143.09385	715.37185	3	82.1944	2
2148.10710	717.04295	3	61.7693	2
2156.01405	719.67865	3	66.1288	2
2161.15190	721.39120	3	86.6239	1
2169.12230	724.04800	3	76.8183	2
2170.03125	724.35105	3	76.6362	2
2180.98070	728.00085	3	67.1930	2
2181.14040	1091.57750	2	80.9210	1
2183.11380	728.71190	3	81.4613	1
2190.06815	731.03000	3	75.0014	2
2190.06900	1096.04180	2	74.9648	2
2205.01580	736.01255	3	72.0609	2
2205.09935	736.04035	3	100.0241	2
2205.09965	1103.55710	2	99.8043	2
2227.05295	743.35825	3	55.4103	2
2227.05300	1114.53375	2	55.4679	2
2236.10700	746.37630	3	86.2589	1
2237.09280	746.70490	3	56.1651	1
2241.03640	561.26640	4	55.3349	1
2250.01990	751.01390	3	46.5491	2
2269.25955	757.42715	3	83.8324	2
2279.05665	760.69280	3	69.0615	2
2282.08310	761.70165	3	64.3605	2
2282.23050	571.56490	4	70.0587	1
2284.23340	762.41840	3	91.5352	2
2291.01925	764.68035	3	67.5777	2
2291.01925	1146.51690	2	67.5717	2
2295.09305	766.03830	3	80.3634	2
2296.22715	766.41635	3	99.7300	2
2297.12635	766.71605	3	70.4209	2
2298.11050	767.04410	3	52.8112	2
2323.29000	775.43730	3	90.0521	1
2376.09865	793.04015	3	51.7824	2
2379.16530	595.79860	4	63.2821	2
2379.16555	794.06245	3	63.3491	2
2386.26930	478.26110	5	71.4199	1
2389.99235	797.67140	3	62.2124	2
2391.18580	1196.60020	2	95.9343	2
2391.19260	798.07150	3	96.0942	1
2401.30275	801.44150	3	82.7921	2
2416.24095	806.42095	3	85.3072	2
2427.23970	607.81720	4	61.1219	1
2435.25560	812.75910	3	65.8417	2
2440.35030	814.45735	3	92.1877	2
2460.19395	821.07190	3	86.2357	2
2525.29860	842.77350	3	86.7965	2
2532.23485	845.08555	3	74.7380	2
2549.47035	850.83075	3	84.3229	2
2549.47050	638.37490	4	84.2349	3
2600.21950	1301.11700	2	89.4828	1
2620.21745	656.06165	4	65.5491	2
2620.23730	656.06660	4	67.6294	1
2643.33395	882.11860	3	87.4510	2
2804.28145	935.76775	3	77.9890	2
2851.39835	951.47340	3	88.6818	2
2899.40970	967.47720	3	87.5994	1
3208.55710	803.14655	4	70.8894	2
3536.65870	1179.89350	3	85.0844	1
