mono_mass	mz	charge	rt	n_psm
798.41285	400.21370	2	39.7145	2
798.48500	400.24980	2	59.1902	3
798.49080	400.25270	2	34.3696	2
799.45535	400.73495	2	50.5195	2
800.43855	401.22655	2	45.1552	2
800.43940	401.22695	2	41.6429	2
800.44020	401.22740	2	43.8224	1
800.45505	401.23480	2	52.5755	2
801.43520	401.72490	2	38.1083	2
801.53215	401.77340	2	46.4612	2
802.38665	402.20060	2	40.1626	2
802.45900	402.23680	2	60.6507	1
802.49810	402.25635	2	63.4351	2
805.40810	403.71130	2	46.4212	1
806.39635	404.20545	2	38.9818	2
806.41760	404.21605	2	72.6823	2
806.45385	404.23420	2	61.9101	2
806.45425	404.23440	2	51.5644	2
807.41355	404.71405	2	41.3787	2
808.36255	405.18855	2	38.1911	2
808.43840	405.22650	2	37.6768	1
811.35510	406.68480	2	38.8612	1
812.42250	407.21850	2	44.1776	2
812.43920	407.22690	2	41.3862	2
812.47645	407.24550	2	61.2237	2
812.48680	407.25065	2	46.0401	2
812.48710	407.25080	2	38.6878	1
812.51215	407.26335	2	50.3998	2
813.43595	407.72525	2	35.2922	2
814.43725	408.22590	2	41.9714	2
814.45530	408.23490	2	35.7393	2
814.45540	408.23495	2	52.9334	2
814.51650	408.26555	2	60.2150	2
815.43930	408.72690	2	40.1532	3
815.45860	408.73660	2	43.9018	1
815.46860	408.74160	2	58.2433	1
815.47605	408.74530	2	43.7008	2
815.49770	408.75610	2	39.6057	2
816.44940	409.23200	2	68.0118	2
816.47195	409.24325	2	38.9313	2
817.42950	409.72205	2	36.1934	2
817.44790	409.73120	2	35.0550	2
817.45450	409.73450	2	41.7525	1
818.44025	410.22740	2	54.0803	2
818.48985	410.25225	2	75.5139	2
819.39475	410.70465	2	36.1936	2
819.43125	410.72290	2	64.5745	2
820.43495	411.22475	2	40.2717	2
820.46960	411.24205	2	46.8772	2
820.48750	411.25105	2	73.2858	2
821.39660	411.70555	2	29.7730	2
821.44700	411.73080	2	35.2873	2
822.39030	412.20240	2	31.6796	2
822.42420	412.21935	2	38.2178	2
823.41860	412.71660	2	37.6918	1
823.42570	412.72010	2	56.1842	2
823.44340	412.72900	2	39.5043	1
823.44450	412.72950	2	46.4848	1
824.54870	413.28160	2	72.7476	2
826.43680	414.22570	2	42.9758	1
826.49080	414.25270	2	43.6070	2
826.52770	414.27110	2	71.1565	2
826.52775	414.27115	2	51.0830	2
827.49765	414.75610	2	39.2487	2
828.41720	415.21590	2	32.7096	3
828.44550	415.23000	2	41.1487	3
828.47610	415.24530	2	40.1726	2
828.50770	415.26120	2	52.7338	1
829.46500	415.73980	2	36.0399	1
829.46525	415.73990	2	43.0185	2
829.46560	415.74010	2	36.1307	1
829.47785	415.74620	2	32.7862	2
829.49130	415.75295	2	57.2582	2
829.50245	415.75850	2	38.3095	2
829.50305	415.75880	2	51.9608	2
830.45080	416.23270	2	41.6382	1
831.47010	416.74230	2	49.9578	2
831.49650	416.75550	2	71.4479	2
831.49665	416.75560	2	63.7081	2
832.39265	417.20360	2	35.8810	2
832.41160	417.21310	2	44.1387	1
832.93075	417.47265	2	46.3464	4
833.44015	417.72735	2	64.1998	2
834.42630	418.22040	2	47.2398	1
834.43540	418.22500	2	39.1995	2
835.44470	418.72960	2	44.7157	3
835.52775	418.77115	2	42.9237	2
836.40170	419.20810	2	42.5150	1
836.44060	419.22760	2	44.8572	1
836.44105	419.22780	2	57.8709	2
837.40220	419.70835	2	49.2343	2
837.40600	419.71030	2	55.7014	2
838.41765	420.21610	2	38.7530	2
839.42905	420.72180	2	56.5274	2
839.45465	420.73460	2	35.5737	2
839.58390	420.79920	2	74.7410	1
840.47075	421.24265	2	44.2880	2
840.54310	421.27880	2	76.4171	2
840.54350	421.27900	2	61.2463	2
841.46625	421.74040	2	42.2146	2
841.49210	421.75330	2	56.2604	1
841.49390	421.75420	2	52.7932	2
841.50270	421.75870	2	51.6459	1
842.42825	422.22140	2	49.0174	2
842.45580	422.23520	2	43.3422	1
842.46050	422.23750	2	41.2931	2
842.48555	422.25005	2	53.3117	2
842.48720	422.25090	2	43.7693	2
842.48760	422.25105	2	39.8817	2
842.52260	422.26860	2	50.5977	1
842.52270	422.26865	2	72.5280	2
842.53395	422.27425	2	36.0779	2
843.45240	422.73350	2	40.7214	1
843.48140	422.74800	2	46.0983	2
843.54265	422.77860	2	64.7545	2
844.45500	423.23475	2	55.4054	2
844.46465	423.23960	2	36.7779	2
845.46070	423.73760	2	38.9531	2
845.46165	423.73810	2	45.6223	2
845.46505	423.73980	2	68.9334	2
845.51245	423.76350	2	66.6597	2
845.53750	423.77600	2	77.9406	2
846.42765	424.22110	2	44.3146	2
846.44885	424.23170	2	62.5399	2
847.44445	424.72950	2	42.0796	2
847.48060	424.74760	2	46.9693	2
847.92545	424.97000	2	45.2613	2
848.43920	425.22690	2	54.2062	1
848.43940	425.22700	2	43.1858	2
848.44335	425.22895	2	38.0518	2
849.42020	425.71735	2	48.1476	2
849.44140	425.72800	2	53.9888	2
850.38535	426.19995	2	28.0705	2
850.45330	426.23395	2	47.8455	2
850.50230	426.25845	2	41.2280	2
850.86340	426.43895	2	40.5737	4
851.40215	426.70835	2	36.9115	2
851.42175	426.71815	2	47.1370	2
851.43725	426.72590	2	35.4038	2
851.43950	426.72705	2	38.5177	2
853.36055	427.68755	2	38.3931	2
853.39750	427.70605	2	44.2527	2
854.43880	428.22670	2	58.5113	2
855.54280	428.77870	2	55.0282	1
856.43265	429.22360	2	65.9228	2
856.44830	429.23145	2	66.9568	2
856.47005	429.24230	2	51.4661	2
856.51310	429.26385	2	49.5924	2
856.51330	429.26390	2	58.4710	1
856.51545	429.26500	2	47.2439	2
856.53785	429.27620	2	59.2599	2
857.44150	429.72800	2	41.0974	1
857.46155	429.73805	2	41.5374	2
857.46165	429.73810	2	44.1656	2
857.49700	429.75575	2	47.8074	2
857.49730	429.75590	2	56.4273	1
857.49740	429.75600	2	56.4527	1
858.45690	430.23570	2	45.7945	2
858.47010	430.24235	2	45.0752	2
858.48110	430.24780	2	34.5502	2
859.46485	430.73970	2	39.5724	2
859.50290	430.75875	2	40.2499	2
860.42410	431.21930	2	37.5425	2
860.46050	431.23755	2	35.1396	2
861.44475	431.72965	2	45.9146	2
861.46000	431.73730	2	49.1686	5
861.49640	431.75545	2	47.1005	2
861.50760	431.76110	2	77.1700	2
861.53230	431.77350	2	51.9792	1
862.38630	432.20040	2	40.7164	1
862.41810	432.21630	2	37.9725	2
863.45050	432.73250	2	36.4339	2
863.45075	432.73265	2	50.5758	2
864.42015	433.21740	2	51.2006	2
864.43480	433.22470	2	54.1819	1
864.50690	433.26070	2	65.5938	2
865.41870	433.71665	2	36.8318	2
865.50210	433.75830	2	37.3711	2
866.45660	434.23560	2	76.9556	1
866.49745	434.25600	2	44.3031	2
867.39730	434.70590	2	38.9038	2
867.41635	434.71545	2	51.4749	2
867.43355	434.72405	2	40.4652	2
868.45890	435.23675	2	39.6332	2
868.51285	435.26370	2	33.9694	2
869.49405	435.75430	2	35.9776	2
869.53335	435.77395	2	61.3561	2
869.53360	435.77410	2	53.8735	1
869.55905	435.78680	2	68.6332	2
870.43820	436.22640	2	35.5358	2
870.44925	436.23190	2	56.1466	2
870.48105	436.24780	2	44.2274	2
870.48595	436.25025	2	37.1289	2
870.51770	436.26615	2	59.5359	2
870.55500	436.28480	2	52.8299	2
871.45135	436.73295	2	42.3005	2
871.51310	436.76380	2	38.3317	1
871.53810	436.77635	2	60.8627	2
872.47035	437.24245	2	37.3128	2
872.47525	437.24490	2	41.3936	2
872.49700	437.25580	2	43.7161	2
872.51535	437.26500	2	65.4166	2
873.47125	437.74290	2	46.8458	2
873.47485	437.74470	2	51.8988	2
873.48080	437.74770	2	49.8202	1
873.49570	437.75510	2	69.0721	2
874.43305	438.22380	2	46.2269	2
874.45880	438.23670	2	51.1702	2
874.46635	438.24045	2	44.6815	2
874.47040	438.24250	2	37.4605	2
875.52295	438.76875	2	62.5423	2
876.41240	439.21345	2	40.8171	2
876.43890	439.22670	2	49.3087	3
876.47080	439.24270	2	51.6358	3
876.47915	439.24685	2	55.5242	2
876.49595	439.25525	2	69.4418	2
877.45475	439.73465	2	38.7769	2
877.45560	439.73510	2	66.6854	1
877.46565	439.74010	2	46.4111	2
877.46675	439.74070	2	51.0240	2
877.50915	439.76185	2	71.6484	2
877.52705	439.77080	2	70.6721	2
878.43330	440.22390	2	49.1960	1
878.48600	440.25030	2	51.7224	1
878.48665	440.25065	2	56.3604	2
879.39755	440.70605	2	36.2311	2
880.41450	441.21450	2	40.1990	2
880.42845	441.22150	2	44.7962	2
880.54930	441.28190	2	54.7272	2
881.47090	441.74270	2	34.4004	2
882.52845	442.27150	2	40.8930	2
883.51070	442.76260	2	41.1530	1
883.53750	442.77600	2	52.5184	1
883.53790	442.77625	2	60.2500	2
884.43970	443.22710	2	45.6458	2
884.50825	443.26140	2	49.1623	2
884.54420	443.27940	2	55.8027	2
884.57010	443.29235	2	75.8045	2
884.57030	443.29240	2	60.9407	1
885.42380	443.71920	2	40.4256	2
885.43460	443.72460	2	43.7429	1
885.44445	443.72950	2	36.3791	2
885.48910	443.75180	2	36.9950	2
885.49260	443.75355	2	52.7682	2
885.55420	443.78440	2	66.5102	2
886.40690	444.21070	2	54.6233	1
886.48735	444.25095	2	43.9672	2
886.51305	444.26380	2	49.3489	2
887.45995	444.73730	2	37.8952	2
888.45500	445.23475	2	35.8369	2
888.46615	445.24035	2	39.5931	2
889.45820	445.73640	2	52.3288	2
889.46590	445.74020	2	49.5099	2
889.47715	445.74585	2	42.8166	2
889.48490	445.74970	2	71.9441	2
890.44870	446.23160	2	47.4988	1
890.47695	446.24575	2	73.3804	2
890.48650	446.25050	2	47.9795	2
890.50475	446.25965	2	46.7260	2
891.44500	446.72975	2	50.4124	2
891.44885	446.73170	2	48.1235	2
891.48215	446.74835	2	64.2843	2
891.49720	446.75590	2	68.8043	1
891.50680	446.76065	2	68.1690	2
892.44065	447.22760	2	41.7300	2
892.48390	447.24925	2	78.5253	2
893.44970	447.73210	2	46.1402	3
893.45050	447.73250	2	44.7554	1
893.46100	447.73775	2	44.1725	2
893.60660	447.81060	2	77.3212	2
894.50230	448.25845	2	33.1650	2
895.44740	448.73100	2	61.3842	2
895.46555	448.74005	2	42.7642	2
895.48070	448.74760	2	64.6222	1
896.53385	449.27420	2	56.3539	2
897.40360	449.70910	2	68.3087	1
897.47495	449.74475	2	47.0294	2
897.50355	449.75905	2	35.6843	2
898.40720	450.21090	2	67.5416	2
898.48680	450.25070	2	37.0000	2
898.49070	450.25265	2	46.3435	2
898.54910	450.28185	2	68.5318	2
898.56035	450.28745	2	57.0880	2
899.43840	450.72650	2	55.0953	2
899.45000	450.73230	2	42.2484	2
899.51545	450.76500	2	61.8154	2
900.46465	451.23960	2	42.9588	2
900.49100	451.25280	2	42.7812	1
900.50230	451.25840	2	51.9038	2
900.53955	451.27705	2	45.3580	2
901.41155	451.71305	2	50.5438	2
901.43320	451.72390	2	40.6719	2
901.47715	451.74585	2	60.4291	2
901.48685	451.75070	2	35.3832	2
901.52730	451.77095	2	76.8972	2
902.41345	452.21400	2	49.0353	2
902.48170	452.24810	2	41.2171	1
902.48210	452.24830	2	41.2525	1
902.50680	452.26070	2	55.6992	1
903.44970	452.73210	2	39.9034	1
903.46480	452.73970	2	34.0159	1
903.48125	452.74790	2	54.4277	2
903.49650	452.75550	2	39.4204	1
903.51050	452.76250	2	67.3455	2
903.52960	452.77205	2	44.0362	2
903.54330	452.77895	2	70.6306	2
904.42410	453.21930	2	33.6111	1
904.44345	453.22900	2	32.4006	2
904.53810	453.27630	2	64.7158	1
905.45220	453.73340	2	45.4275	1
905.45260	453.73360	2	45.3990	1
905.45350	453.73400	2	66.8375	2
905.46145	453.73800	2	34.1355	2
906.51695	454.26575	2	49.5647	2
907.45170	454.73310	2	38.8675	2
908.00275	455.00865	2	56.6189	4
908.43145	455.22300	2	50.9424	2
908.53385	455.27425	2	42.6442	2
908.56900	455.29175	2	58.9001	2
909.42590	455.72020	2	46.1566	2
909.42665	455.72060	2	57.0823	2
909.47555	455.74505	2	72.1636	2
911.38000	456.69730	2	35.8587	2
911.47485	456.74470	2	62.4418	2
911.49025	456.75240	2	45.0100	2
911.49310	456.75380	2	30.6464	1
911.51530	456.76490	2	34.8876	1
911.58010	456.79730	2	59.8019	1
912.54610	457.28030	2	44.3481	1
912.56435	457.28945	2	65.9740	2
913.42990	457.72220	2	49.9836	1
913.45370	457.73415	2	43.2093	2
913.48690	457.75075	2	48.6864	2
913.50885	457.76170	2	34.9647	2
913.54800	457.78125	2	55.3409	2
913.56000	457.78730	2	41.1052	2
914.50745	458.26100	2	42.3646	2
914.51925	458.26690	2	47.6190	2
915.44400	458.72930	2	38.5278	2
915.46710	458.74085	2	43.8671	2
915.46930	458.74195	2	35.7138	2
915.47070	458.74260	2	38.3171	2
915.50935	458.76195	2	34.1080	2
915.52135	458.76795	2	76.6339	2
915.53890	458.77670	2	37.0554	2
916.48615	459.25035	2	42.7564	2
916.49795	459.25625	2	39.3339	2
917.48120	459.74785	2	39.7697	2
917.48120	459.74790	2	41.8943	3
918.44955	460.23205	2	81.4813	2
918.48410	460.24935	2	55.0639	2
918.49180	460.25320	2	43.3235	1
918.49200	460.25325	2	65.6205	2
918.51770	460.26615	2	64.6968	2
918.51775	460.26615	2	58.6923	2
919.40240	460.70845	2	34.7810	2
919.40785	460.71120	2	62.9679	2
919.46815	460.74135	2	53.9578	2
919.50805	460.76130	2	54.3345	2
919.51220	460.76340	2	45.2626	1
919.51245	460.76350	2	48.2090	2
919.51505	460.76480	2	59.1108	2
919.52065	460.76760	2	66.3591	2
920.43820	461.22640	2	29.3103	1
920.49650	461.25555	2	48.4334	2
920.50765	461.26110	2	43.5942	2
921.44515	461.72985	2	42.3399	2
921.44555	461.73005	2	39.2778	2
922.44040	462.22750	2	51.2637	2
922.45290	462.23370	2	40.0893	1
922.47560	462.24510	2	49.0763	2
922.52420	462.26940	2	40.4185	1
923.43520	462.72485	2	45.3026	2
923.47235	462.74345	2	42.5032	2
923.58015	462.79735	2	79.7594	2
924.43785	463.22620	2	49.4570	2
924.54005	463.27730	2	53.9299	2
924.56515	463.28985	2	56.9674	2
925.46995	463.74230	2	80.9552	2
925.49815	463.75640	2	45.2243	2
926.49710	464.25580	2	64.9716	1
926.51870	464.26660	2	40.6026	2
926.55505	464.28480	2	32.4305	2
926.58020	464.29740	2	61.8409	2
926.59160	464.30305	2	63.0813	2
927.37565	464.69510	2	31.0977	2
927.44450	464.72950	2	47.7291	2
927.56430	464.78945	2	84.4710	2
928.45475	465.23465	2	51.8940	2
928.51730	465.26595	2	43.7489	2
928.52310	465.26880	2	49.6579	2
928.53445	465.27450	2	51.3196	2
928.55985	465.28720	2	64.3357	2
928.56005	465.28730	2	58.6725	2
929.44770	465.73110	2	34.0641	1
929.45145	465.73300	2	32.8612	2
929.48050	465.74755	2	38.6291	2
929.50720	465.76085	2	56.4735	2
929.51190	465.76320	2	49.7766	2
929.51860	465.76660	2	37.8397	2
929.51865	465.76660	2	42.5906	2
929.51890	465.76675	2	44.6384	2
930.42365	466.21910	2	62.5958	2
930.46615	466.24035	2	36.8882	2
930.47765	466.24610	2	43.5555	2
930.51700	466.26575	2	66.1358	2
930.53900	466.27680	2	39.9213	1
930.54020	466.27740	2	39.9554	1
931.47085	466.74270	2	37.7912	2
931.48600	466.75030	2	50.0847	2
931.50190	466.75820	2	57.3533	2
931.51285	466.76370	2	59.4738	2
931.53375	466.77415	2	69.3543	2
932.44450	467.22950	2	35.0005	1
932.46395	467.23925	2	40.4549	2
932.54475	467.27965	2	44.1124	2
933.45585	467.73520	2	38.8603	2
933.46520	467.73990	2	52.3573	1
933.48430	467.74945	2	52.9988	2
933.50360	467.75905	2	53.8005	2
933.52885	467.77170	2	57.9551	2
933.54015	467.77735	2	34.6318	2
934.41565	468.21510	2	41.5325	2
934.45035	468.23245	2	40.7816	2
934.48645	468.25050	2	44.6721	2
934.48675	468.25070	2	56.5623	2
934.48770	468.25115	2	35.2622	2
934.51225	468.26340	2	60.0554	2
934.51350	468.26400	2	51.5011	2
934.52440	468.26950	2	61.1327	2
935.40230	468.70840	2	27.6959	1
935.45480	468.73470	2	38.1600	1
935.47055	468.74255	2	46.4900	2
935.48410	468.74930	2	45.2576	1
936.45820	469.23635	2	33.0635	2
937.41435	469.71445	2	36.3533	2
937.48765	469.75110	2	42.1626	2
937.51145	469.76300	2	59.2935	2
938.43340	470.22395	2	39.3259	2
939.46340	470.73895	2	34.5759	2
939.48075	470.74765	2	60.9786	2
939.48230	470.74840	2	81.8498	2
939.51365	470.76410	2	34.0072	2
939.54960	470.78210	2	57.4685	2
939.56395	470.78925	2	82.0376	2
940.44385	471.22920	2	46.7559	2
940.52680	471.27065	2	63.4862	2
940.53405	471.27435	2	36.2591	2
941.43515	471.72485	2	40.0533	2
941.57895	471.79675	2	68.3164	2
941.60635	471.81045	2	81.1293	2
942.48760	472.25110	2	45.2999	2
942.50245	472.25850	2	37.6655	2
942.51390	472.26420	2	49.4150	3
942.53850	472.27650	2	50.2857	2
943.44770	472.73115	2	62.6802	2
943.48765	472.75110	2	45.4781	2
944.42560	473.22010	2	38.7529	2
944.43180	473.22320	2	65.0598	2
944.47445	473.24450	2	56.6294	2
944.49285	473.25370	2	44.4493	2
944.50330	473.25890	2	32.2290	1
944.51750	473.26600	2	49.3000	1
944.51845	473.26650	2	46.9031	2
944.52890	473.27170	2	50.6595	2
944.55455	473.28455	2	56.2653	2
945.46020	473.73735	2	78.4071	2
945.51360	473.76410	2	42.1367	2
945.54950	473.78200	2	60.2720	2
946.50830	474.26140	2	51.0091	2
946.50910	474.26185	2	38.8368	2
946.50975	474.26215	2	36.2867	2
946.51295	474.26375	2	47.3599	2
946.52670	474.27060	2	71.2060	1
946.53515	474.27485	2	39.8277	2
946.54910	474.28180	2	75.9730	2
947.43460	474.72455	2	39.7748	2
947.51460	474.76460	2	73.0408	2
948.46620	475.24035	2	54.2537	2
948.46705	475.24080	2	45.8568	2
948.61245	475.31350	2	58.7496	2
949.48515	475.74985	2	41.3296	2
949.48750	475.75105	2	55.6702	2
949.49130	475.75295	2	88.3663	2
949.50575	475.76015	2	78.8378	2
949.52765	475.77110	2	81.2552	2
950.45315	476.23385	2	51.4277	2
950.48225	476.24840	2	47.9574	2
950.48245	476.24850	2	50.3482	2
950.48680	476.25070	2	75.1772	2
950.50105	476.25780	2	61.0085	2
950.50700	476.26075	2	53.2041	2
950.52820	476.27140	2	33.8935	1
951.51820	476.76640	2	81.8548	2
952.44920	477.23190	2	48.5482	1
952.45055	477.23255	2	44.6126	2
952.53435	477.27445	2	43.9157	2
954.44035	478.22745	2	37.5384	2
954.44535	478.23000	2	53.8073	2
955.53440	478.77445	2	64.3483	2
955.57075	478.79265	2	62.6576	2
956.50445	479.25950	2	39.9305	2
956.51630	479.26540	2	38.5440	2
956.52880	479.27170	2	54.6648	2
956.52885	479.27170	2	48.2139	2
956.52940	479.27195	2	45.7361	2
956.52940	479.27200	2	33.6610	1
956.53655	479.27555	2	68.0768	2
956.57855	479.29655	2	79.4113	2
957.48840	479.75145	2	34.2606	2
957.51345	479.76400	2	49.2147	2
957.59770	479.80610	2	49.2712	2
958.47665	480.24560	2	42.6791	2
958.48725	480.25090	2	58.0641	2
958.50015	480.25735	2	58.3070	2
959.50860	480.76155	2	42.8378	2
959.53125	480.77290	2	44.2053	2
959.53235	480.77345	2	70.5157	2
959.55565	480.78510	2	59.6001	2
959.58165	480.79815	2	85.5789	2
960.45100	481.23280	2	36.8548	2
960.46210	481.23830	2	33.1574	2
960.47500	481.24480	2	43.3921	2
960.51270	481.26365	2	40.8624	2
960.53160	481.27310	2	59.1649	1
960.53905	481.27680	2	63.1329	2
961.45450	481.73450	2	35.8150	2
962.46970	482.24215	2	47.7578	2
962.48580	482.25020	2	51.5228	1
962.50510	482.25980	2	63.9248	1
962.51875	482.26665	2	56.7997	2
962.53800	482.27625	2	88.2448	2
963.44570	482.73015	2	56.0941	2
963.50200	482.75830	2	65.2786	1
963.50240	482.75845	2	41.8470	2
963.50615	482.76040	2	36.3740	2
963.55450	482.78450	2	76.5087	2
964.46140	483.23795	2	39.6836	2
964.47245	483.24350	2	34.9058	2
964.48020	483.24740	2	70.9985	1
964.49150	483.25300	2	47.2683	1
964.49800	483.25630	2	44.6717	2
964.52340	483.26895	2	55.6423	2
965.44480	483.72965	2	42.9326	2
965.44480	483.72970	2	54.1768	1
965.44730	483.73090	2	36.8460	1
965.45935	483.73695	2	39.2041	2
965.48245	483.74850	2	62.1192	2
965.62675	483.82065	2	84.4484	2
966.46500	484.23980	2	43.1975	2
966.46735	484.24095	2	38.1281	2
966.48220	484.24840	2	45.8492	1
966.49180	484.25320	2	76.7599	2
966.52390	484.26925	2	48.5203	2
967.47970	484.74710	2	59.4673	2
967.52415	484.76935	2	49.0223	2
967.58115	484.79785	2	58.2258	2
968.44475	485.22965	2	41.6771	2
968.52800	485.27130	2	38.7937	1
968.52880	485.27170	2	38.8174	1
968.52890	485.27170	2	50.0800	2
969.48870	485.75165	2	41.8239	2
969.52460	485.76955	2	51.7493	2
969.54935	485.78195	2	34.3468	2
969.56060	485.78755	2	54.2169	2
969.58565	485.80010	2	70.2695	2
969.58650	485.80060	2	65.6495	2
970.46465	486.23960	2	33.7574	2
970.48750	486.25100	2	56.1293	2
970.51725	486.26590	2	42.6518	2
970.58110	486.29780	2	35.0830	2
970.58120	486.29785	2	70.7351	2
970.58205	486.29835	2	46.7300	2
971.50385	486.75920	2	32.8740	2
971.51450	486.76450	2	29.7366	1
971.52895	486.77175	2	49.9839	2
971.52905	486.77185	2	60.4169	2
971.52920	486.77190	2	37.6696	2
971.55365	486.78410	2	59.2075	2
971.56475	486.78965	2	35.4834	2
972.44165	487.22810	2	32.2465	2
972.46560	487.24010	2	35.1812	2
973.50815	487.76135	2	43.4697	2
973.54280	487.77865	2	35.6919	2
974.50325	488.25890	2	39.6233	2
974.51805	488.26630	2	60.3016	2
975.48910	488.75180	2	30.6658	1
975.50320	488.75885	2	53.8002	2
975.53860	488.77660	2	66.2699	2
976.49755	489.25605	2	59.7111	2
976.50760	489.26105	2	49.1495	2
976.52355	489.26905	2	61.7570	2
976.52625	489.27040	2	70.8828	2
976.53790	489.27620	2	34.2417	2
976.54590	489.28020	2	42.7037	2
977.44375	489.72915	2	48.0484	2
977.48160	489.74810	2	62.1492	1
977.48240	489.74850	2	46.9331	3
977.51800	489.76625	2	53.7138	2
978.46560	490.24010	2	47.0742	1
978.47650	490.24555	2	42.8944	2
978.50265	490.25860	2	61.4702	2
979.44960	490.73205	2	67.6254	2
979.46135	490.73795	2	40.0462	2
979.49715	490.75585	2	53.9208	2
980.45620	491.23535	2	38.6411	2
980.49130	491.25290	2	36.4936	1
980.49645	491.25555	2	53.5486	2
981.52465	491.76960	2	31.2739	2
981.59780	491.80620	2	42.8610	1
982.46020	492.23735	2	35.1681	2
982.47630	492.24545	2	43.3843	2
982.51965	492.26710	2	39.6509	2
983.47430	492.74445	2	49.4886	2
983.50585	492.76020	2	43.6671	2
983.57650	492.79555	2	65.8317	2
983.58310	492.79880	2	73.2934	2
983.58770	492.80110	2	46.1050	2
983.60195	492.80825	2	59.5900	2
984.56025	493.28740	2	30.2815	2
984.63350	493.32400	2	51.7390	2
985.37575	493.69515	2	35.4784	2
985.50420	493.75940	2	45.8542	1
985.53740	493.77600	2	47.5766	1
985.54590	493.78020	2	44.7117	1
985.55080	493.78270	2	44.6325	1
985.61835	493.81645	2	47.4226	2
986.48895	494.25175	2	69.2585	2
987.49820	494.75635	2	32.7758	2
987.52340	494.76900	2	46.1917	2
987.53485	494.77470	2	50.8150	2
987.57320	494.79390	2	60.8173	1
988.48325	495.24890	2	39.6836	2
988.50750	495.26105	2	54.3937	2
988.51960	495.26710	2	44.0362	2
988.54415	495.27935	2	48.6422	2
988.55060	495.28260	2	54.5682	2
988.57385	495.29420	2	73.6159	2
988.58035	495.29745	2	52.0162	2
989.47495	495.74475	2	34.5785	2
989.52765	495.77110	2	54.9576	2
989.55470	495.78465	2	60.3608	2
989.55495	495.78475	2	49.6736	2
990.45945	496.23700	2	38.8158	2
990.47390	496.24420	2	36.4885	1
990.47455	496.24455	2	47.4126	2
990.51390	496.26420	2	50.1981	1
990.55070	496.28260	2	74.7732	2
990.55800	496.28630	2	40.2788	1
991.50920	496.76190	2	62.1168	1
991.51070	496.76260	2	68.7787	1
991.54540	496.77995	2	71.0307	2
991.57005	496.79230	2	63.0521	2
992.48530	497.24995	2	57.9850	2
992.53305	497.27380	2	82.6475	2
992.55380	497.28420	2	70.3086	2
992.60190	497.30820	2	72.2263	2
993.44075	497.72765	2	44.0258	2
993.44300	497.72880	2	31.1216	1
993.45185	497.73320	2	41.6154	2
993.47645	497.74550	2	30.6077	2
993.49250	497.75355	2	65.2785	2
993.51235	497.76345	2	54.3629	2
993.51290	497.76370	2	50.7406	1
993.54935	497.78195	2	66.3244	2
994.44050	498.22750	2	38.1960	2
994.47280	498.24370	2	54.3048	1
994.49540	498.25500	2	50.2388	2
994.50760	498.26105	2	48.8603	2
994.50810	498.26130	2	33.4989	2
994.51580	498.26520	2	74.4778	2
994.54495	498.27975	2	36.7197	2
994.60625	498.31040	2	75.6287	2
994.65380	498.33415	2	47.9810	2
996.52670	499.27060	2	49.3707	1
996.57270	499.29360	2	46.8065	1
997.58150	499.79805	2	40.8764	2
998.50120	500.25785	2	59.4657	2
998.58820	500.30140	2	42.5197	2
999.48110	500.74780	2	33.2855	3
999.53155	500.77305	2	31.4250	2
999.53510	500.77485	2	43.9181	2
999.55555	500.78505	2	40.1462	2
999.57090	500.79275	2	34.0728	2
1000.42925	501.22190	2	37.0083	2
1000.49340	501.25400	2	37.4284	2
1000.55375	501.28415	2	60.8200	2
1000.59295	501.30375	2	64.0358	2
1001.51445	501.76450	2	45.5289	2
1001.55470	501.78460	2	69.0171	2
1001.56130	501.78795	2	35.5632	2
1001.58705	501.80080	2	49.0123	2
1001.59050	501.80250	2	71.3173	1
1002.46995	502.24225	2	35.8099	2
1002.48300	502.24875	2	40.3151	2
1002.48680	502.25070	2	42.8137	2
1002.52855	502.27155	2	39.3982	2
1002.54710	502.28080	2	35.0186	2
1003.48255	502.74855	2	32.2970	2
1003.49995	502.75725	2	44.7328	2
1003.51910	502.76685	2	45.7659	2
1003.52595	502.77025	2	37.1284	2
1003.57085	502.79270	2	79.5265	2
1004.44625	503.23040	2	36.4649	2
1004.54075	503.27765	2	49.4012	2
1004.56515	503.28985	2	44.9861	2
1005.46930	503.74190	2	50.3289	1
1005.48035	503.74745	2	39.5159	2
1005.49040	503.75250	2	31.7523	1
1005.49760	503.75610	2	33.7881	1
1005.51360	503.76410	2	56.3514	1
1005.53090	503.77275	2	70.3392	2
1005.53630	503.77540	2	37.6300	2
1006.45230	504.23340	2	33.9769	2
1006.47125	504.24290	2	43.0391	2
1006.49840	504.25650	2	55.5449	2
1007.45580	504.73520	2	50.2528	1
1007.45710	504.73580	2	40.0186	1
1007.46770	504.74115	2	42.3897	2
1007.47630	504.74540	2	52.8722	1
1007.50200	504.75830	2	45.2959	1
1007.52325	504.76890	2	66.6016	2
1007.53980	504.77720	2	57.7811	2
1007.54410	504.77935	2	70.1011	2
1007.67475	504.84465	2	74.4460	2
1008.47620	505.24535	2	51.8629	2
1008.51190	505.26320	2	62.3154	2
1008.52660	505.27060	2	85.2784	1
1009.44770	505.73115	2	43.6941	2
1009.52000	505.76730	2	38.0612	3
1009.54915	505.78185	2	89.5578	2
1010.49565	506.25510	2	40.4842	2
1010.57500	506.29475	2	69.7631	2
1011.52400	506.76930	2	38.2620	1
1011.53435	506.77445	2	46.5516	2
1011.57130	506.79290	2	53.9248	2
1011.60805	506.81130	2	69.4179	2
1012.57050	507.29250	2	70.7092	2
1012.57055	507.29255	2	60.5169	2
1012.60335	507.30895	2	40.7548	2
1012.64050	507.32755	2	51.0635	2
1013.46385	507.73920	2	73.6050	2
1013.47140	507.74295	2	27.2693	2
1013.53970	507.77710	2	45.3232	2
1013.55515	507.78485	2	67.2885	2
1013.56190	507.78820	2	39.5375	2
1013.62355	507.81910	2	68.6534	2
1014.50855	508.26155	2	32.6569	2
1014.53565	508.27510	2	39.8188	2
1014.56630	508.29040	2	47.5385	2
1014.57120	508.29285	2	39.3931	2
1014.57230	508.29340	2	57.6864	1
1014.58210	508.29830	2	40.3512	1
1015.48975	508.75220	2	41.0818	2
1015.54080	508.77770	2	38.1892	1
1015.54500	508.77980	2	33.5309	1
1015.54585	508.78020	2	90.7764	2
1015.58540	508.79995	2	72.8057	2
1015.59350	508.80400	2	67.4895	3
1016.45950	509.23700	2	38.6360	2
1016.51770	509.26610	2	49.2334	1
1016.53195	509.27325	2	49.9294	2
1016.54745	509.28100	2	51.2290	2
1017.47290	509.74370	2	42.8329	2
1017.51725	509.76590	2	78.5845	2
1017.53465	509.77460	2	40.6422	2
1017.57255	509.79355	2	42.6442	2
1017.60860	509.81160	2	67.6788	1
1017.62260	509.81855	2	68.2194	2
1018.53320	510.27390	2	57.9203	1
1018.53380	510.27420	2	59.6762	1
1018.54440	510.27945	2	41.9948	2
1018.58110	510.29780	2	72.3422	1
1019.42030	510.71740	2	44.9657	2
1019.50405	510.75930	2	44.4205	2
1019.54030	510.77745	2	36.9378	2
1019.54050	510.77750	2	55.5546	2
1019.54700	510.78080	2	68.5949	2
1019.55305	510.78380	2	48.9634	2
1020.43790	511.22620	2	30.7308	1
1020.52370	511.26915	2	57.9492	2
1020.52415	511.26935	2	65.7009	2
1020.52450	511.26955	2	50.6860	2
1020.53545	511.27500	2	56.8946	2
1021.43955	511.72705	2	39.4619	2
1021.44900	511.73180	2	35.9498	2
1021.48735	511.75095	2	32.5016	4
1021.51250	511.76350	2	45.1032	2
1021.54450	511.77955	2	61.9301	2
1021.60310	511.80885	2	54.0208	2
1022.43880	512.22670	2	65.3377	1
1022.50490	512.25975	2	54.5779	2
1022.51105	512.26280	2	78.9517	2
1023.50090	512.75770	2	41.2281	1
1023.51735	512.76595	2	62.2839	2
1023.60770	512.81110	2	69.8129	2
1024.37410	513.19430	2	43.2768	2
1025.45230	513.73340	2	39.9317	1
1025.48340	513.74895	2	51.3894	2
1025.50355	513.75905	2	42.3075	2
1025.55080	513.78270	2	37.2435	1
1025.60195	513.80825	2	50.8785	2
1026.44545	514.23000	2	43.7246	2
1026.48070	514.24760	2	57.6814	1
1027.56590	514.79020	2	35.1655	1
1027.56655	514.79055	2	37.9524	2
1027.59145	514.80300	2	60.3607	2
1027.60220	514.80840	2	70.4704	2
1028.56085	515.28770	2	44.6202	2
1028.56995	515.29225	2	82.1117	2
1028.59770	515.30610	2	78.5506	1
1029.47630	515.74545	2	58.0685	2
1029.47780	515.74615	2	43.2718	2
1029.53975	515.77715	2	53.7185	2
1029.54355	515.77905	2	39.0218	2
1029.54630	515.78040	2	36.0653	1
1029.55730	515.78595	2	31.8709	2
1029.57630	515.79545	2	48.3319	2
1029.58255	515.79855	2	38.3713	2
1030.52930	516.27190	2	37.2820	2
1030.59140	516.30300	2	80.5156	2
1030.60710	516.31085	2	77.2584	2
1031.46380	516.73915	2	65.6003	2
1031.50300	516.75880	2	43.0177	2
1031.50630	516.76045	2	50.5261	2
1031.55000	516.78230	2	52.8886	2
1031.58700	516.80080	2	58.3308	2
1032.49865	517.25660	2	43.3798	2
1032.53470	517.27460	2	50.1199	2
1032.56105	517.28780	2	56.8152	2
1032.59720	517.30585	2	75.2743	2
1033.56625	517.79040	2	44.7332	2
1033.58040	517.79750	2	83.8450	2
1033.61780	517.81615	2	71.3535	2
1034.52165	518.26810	2	66.2974	2
1034.56650	518.29055	2	63.5598	2
1035.48780	518.75115	2	62.2477	2
1035.56175	518.78815	2	61.8407	2
1036.44700	519.23080	2	42.4119	1
1036.51880	519.26670	2	42.9249	2
1036.53490	519.27475	2	73.1629	2
1036.53765	519.27610	2	69.2897	2
1036.55535	519.28495	2	64.7717	2
1037.50560	519.76010	2	35.6473	3
1037.52600	519.77025	2	39.0984	2
1037.53175	519.77315	2	62.1916	2
1037.56870	519.79160	2	35.9078	1
1037.62320	519.81890	2	56.2546	2
1037.64885	519.83170	2	72.5626	2
1038.48010	520.24730	2	48.2981	2
1038.52390	520.26920	2	50.4528	1
1038.54585	520.28020	2	36.8497	2
1039.49795	520.75625	2	53.6583	2
1039.56580	520.79020	2	47.2967	1
1039.56600	520.79030	2	48.9460	3
1040.49290	521.25375	2	32.6604	2
1040.49585	521.25520	2	43.2220	2
1040.59910	521.30685	2	58.2832	2
1040.62305	521.31880	2	75.3859	2
1040.65925	521.33690	2	61.6478	2
1041.44005	521.72730	2	46.5287	2
1041.45410	521.73430	2	37.3177	2
1041.53425	521.77440	2	51.3492	2
1041.57780	521.79620	2	53.3945	2
1042.51565	522.26510	2	65.9507	2
1042.52990	522.27220	2	39.0382	2
1042.55515	522.28485	2	54.8170	2
1042.57735	522.29595	2	42.4183	2
1043.54370	522.77910	2	49.7598	3
1043.55030	522.78245	2	79.9342	2
1043.56170	522.78815	2	35.4707	2
1043.56195	522.78825	2	38.2548	2
1043.60385	522.80920	2	64.9150	2
1044.52095	523.26775	2	46.0659	2
1044.53910	523.27685	2	67.3404	2
1044.56110	523.28785	2	59.8714	2
1045.51120	523.76290	2	58.3811	1
1045.53875	523.77665	2	45.7999	2
1045.54030	523.77745	2	32.7533	2
1045.54075	523.77765	2	35.2774	2
1045.60185	523.80820	2	61.9003	2
1046.52520	524.26990	2	37.4231	2
1046.59765	524.30610	2	50.5710	2
1047.52710	524.77080	2	61.2800	2
1048.47900	525.24675	2	36.4414	2
1048.55800	525.28625	2	33.7102	2
1049.45720	525.73590	2	30.2814	2
1049.52520	525.76985	2	52.1029	2
1049.52640	525.77050	2	31.4530	1
1049.53260	525.77360	2	41.5592	1
1049.56160	525.78810	2	39.4344	3
1050.51025	526.26240	2	47.3964	2
1050.53440	526.27450	2	49.1735	1
1050.53480	526.27470	2	49.1510	1
1050.55730	526.28590	2	33.1332	2
1050.57175	526.29315	2	63.6140	2
1050.59660	526.30560	2	70.0899	1
1051.49275	526.75365	2	38.5809	2
1052.46305	527.23880	2	59.1422	2
1053.61870	527.81660	2	57.2943	2
1054.49820	528.25640	2	70.0594	1
1054.53315	528.27385	2	76.4802	2
1054.54100	528.27775	2	33.4003	2
1054.60295	528.30875	2	58.3909	2
1055.42265	528.71860	2	48.2666	2
1055.49325	528.75390	2	45.9187	2
1055.58620	528.80040	2	65.1902	2
1055.58640	528.80045	2	68.9584	2
1055.62130	528.81795	2	66.3875	2
1056.52135	529.26795	2	53.6153	2
1056.53205	529.27330	2	78.5013	2
1056.58080	529.29770	2	56.2036	2
1056.59290	529.30375	2	54.0511	2
1057.48760	529.75110	2	30.1439	2
1057.55210	529.78330	2	42.1294	2
1057.57665	529.79560	2	37.8106	2
1057.57740	529.79600	2	45.7066	2
1057.61440	529.81450	2	38.9816	2
1057.63915	529.82685	2	79.3849	2
1058.49230	530.25345	2	51.6185	2
1058.54380	530.27920	2	80.0218	2
1058.55805	530.28630	2	73.5436	2
1058.57385	530.29420	2	47.8149	2
1058.59775	530.30615	2	41.3504	2
1059.50980	530.76220	2	44.8752	2
1059.53950	530.77705	2	56.7765	2
1059.61105	530.81280	2	86.9872	2
1060.47840	531.24645	2	35.1138	2
1060.52330	531.26890	2	75.8763	2
1060.61725	531.31590	2	84.7211	2
1061.55075	531.78265	2	45.9741	2
1061.57425	531.79440	2	76.0901	2
1062.52370	532.26915	2	78.9596	2
1062.53505	532.27480	2	57.7289	2
1062.57165	532.29310	2	61.6295	2
1062.58295	532.29875	2	57.4837	2
1063.53020	532.77240	2	45.5547	2
1063.54145	532.77800	2	47.3157	2
1063.55490	532.78470	2	62.0657	2
1063.56710	532.79080	2	65.6744	1
1063.60680	532.81070	2	77.6649	2
1064.56265	533.28860	2	32.5005	2
1064.58695	533.30075	2	52.1771	2
1064.63395	533.32425	2	56.1838	2
1065.01660	533.51555	2	40.2328	2
1065.44840	533.73150	2	47.5168	1
1065.55305	533.78380	2	79.6962	2
1065.55335	533.78395	2	62.7564	2
1066.45680	534.23570	2	54.9833	2
1066.46835	534.24145	2	33.4380	2
1066.50435	534.25945	2	31.9917	2
1066.50950	534.26200	2	34.6498	1
1066.51800	534.26630	2	57.5633	2
1066.60720	534.31090	2	82.8933	1
1067.51220	534.76335	2	46.5564	2
1067.57305	534.79380	2	53.4434	2
1068.56010	535.28735	2	65.1589	2
1068.58150	535.29805	2	61.3106	2
1068.59345	535.30400	2	58.0944	2
1068.65415	535.33435	2	46.7008	2
1069.04245	535.52850	2	39.7678	4
1069.54035	535.77745	2	54.6722	2
1070.60950	536.31200	2	75.7440	1
1070.62010	536.31730	2	42.3831	1
1070.63375	536.32415	2	70.5027	2
1070.65915	536.33685	2	77.4709	2
1071.56625	536.79040	2	50.0195	2
1072.52975	537.27215	2	48.5277	2
1072.57465	537.29460	2	74.9055	2
1072.57590	537.29520	2	55.0191	5
1072.59855	537.30655	2	40.4918	2
1072.61330	537.31390	2	42.4392	2
1073.49960	537.75710	2	45.6789	2
1073.52770	537.77110	2	35.5557	3
1073.58765	537.80110	2	44.9086	2
1073.59060	537.80255	2	60.3060	2
1073.60850	537.81155	2	36.1735	2
1073.60885	537.81170	2	87.7540	2
1073.65960	537.83710	2	64.8821	2
1074.54610	538.28030	2	44.3070	2
1074.55730	538.28595	2	54.2857	2
1074.57060	538.29260	2	60.9612	1
1075.47810	538.74630	2	35.1034	1
1075.53440	538.77450	2	66.9738	2
1075.59220	538.80340	2	71.9336	1
1075.61290	538.81370	2	58.8336	1
1076.46100	539.23780	2	52.3673	2
1076.51360	539.26405	2	50.0226	2
1076.56120	539.28790	2	39.3342	1
1076.56135	539.28795	2	55.2178	2
1076.57220	539.29335	2	43.8670	2
1077.57085	539.79270	2	65.6270	2
1077.60495	539.80975	2	40.5191	2
1078.47265	540.24360	2	36.3251	2
1078.50420	540.25935	2	42.0582	2
1080.54570	541.28015	2	31.5820	2
1081.62505	541.81980	2	61.2119	2
1082.53240	542.27350	2	55.8237	2
1082.55485	542.28470	2	83.4373	2
1082.64575	542.33015	2	56.1007	2
1084.48530	543.24995	2	39.6581	2
1084.51910	543.26685	2	74.5408	2
1084.57005	543.29230	2	90.6054	2
1084.57070	543.29260	2	46.3017	3
1084.63850	543.32655	2	79.9393	2
1084.66095	543.33775	2	57.0873	2
1085.60890	543.81170	2	52.1108	2
1085.61350	543.81405	2	45.0441	2
1085.62430	543.81940	2	76.0085	2
1085.64490	543.82970	2	68.5358	2
1086.55585	544.28520	2	48.4110	2
1086.55660	544.28560	2	50.8228	6
1086.56785	544.29120	2	34.5975	2
1086.59020	544.30240	2	39.4794	1
1087.55090	544.78275	2	43.3328	2
1087.55155	544.78305	2	51.6824	2
1087.56460	544.78960	2	43.4381	1
1087.58835	544.80145	2	42.5833	2
1087.59080	544.80270	2	45.9437	1
1087.59860	544.80660	2	58.3573	1
1087.59885	544.80670	2	31.4754	2
1087.61335	544.81395	2	71.3611	2
1088.45655	545.23555	2	37.7585	2
1088.50630	545.26040	2	32.5219	3
1088.55440	545.28450	2	72.0121	2
1088.57150	545.29300	2	33.8433	2
1088.60825	545.31140	2	36.5567	2
1089.53280	545.77370	2	42.5531	1
1089.55740	545.78595	2	35.3320	2
1089.56650	545.79050	2	63.7002	1
1089.60115	545.80785	2	45.5095	2
1090.46885	546.24170	2	38.4936	2
1090.60350	546.30905	2	60.3988	2
1091.53230	546.77340	2	31.9159	1
1092.53875	547.27665	2	55.8961	2
1092.54430	547.27940	2	31.7101	1
1092.58135	547.29795	2	54.6028	2
1093.54085	547.77770	2	58.8158	2
1094.55200	548.28330	2	69.0595	2
1094.55440	548.28450	2	78.5896	2
1094.56655	548.29055	2	48.7440	2
1094.57400	548.29430	2	38.6604	4
1094.59710	548.30585	2	58.5756	2
1095.46435	548.73945	2	53.5534	2
1095.56360	548.78905	2	70.4206	2
1095.56770	548.79110	2	32.0184	1
1096.52990	549.27220	2	49.3043	1
1096.56400	549.28930	2	42.7156	2
1097.60905	549.81180	2	57.3908	2
1098.53560	550.27510	2	45.6522	2
1098.58250	550.29855	2	51.1118	2
1099.49480	550.75470	2	61.0775	3
1100.46020	551.23740	2	67.2229	2
1100.55770	551.28610	2	34.5345	2
1100.56230	551.28840	2	38.2011	2
1100.57210	551.29330	2	71.9389	2
1101.52405	551.76930	2	56.5004	2
1101.55550	551.78505	2	71.2125	2
1101.60410	551.80935	2	38.6917	2
1101.61820	551.81640	2	60.4466	1
1101.64870	551.83160	2	87.7518	1
1101.65125	551.83290	2	54.1605	2
1102.50835	552.26145	2	67.0099	2
1102.57120	552.29290	2	35.2019	1
1102.57605	552.29530	2	65.0844	2
1102.58790	552.30125	2	37.1311	2
1103.56160	552.78805	2	40.3702	2
1103.58180	552.79820	2	51.1674	1
1103.63910	552.82680	2	85.5176	2
1104.44850	553.23150	2	31.5518	1
1104.47555	553.24505	2	35.5483	4
1104.48380	553.24920	2	36.5253	1
1104.50795	553.26125	2	53.2376	2
1104.51660	553.26560	2	45.4094	1
1104.53050	553.27255	2	44.9960	2
1104.54470	553.27965	2	45.1254	2
1104.54680	553.28070	2	47.5881	2
1104.56375	553.28915	2	49.4055	2
1104.56630	553.29040	2	34.3339	2
1104.59315	553.30385	2	60.7999	2
1104.61930	553.31690	2	83.5889	1
1104.62570	553.32010	2	88.4563	1
1104.69080	553.35270	2	90.2543	1
1105.52950	553.77200	2	63.8022	2
1105.57720	553.79585	2	65.5387	2
1106.53935	554.27695	2	48.0953	2
1106.56085	554.28770	2	67.8830	2
1106.58660	554.30060	2	83.7815	2
1106.61020	554.31240	2	83.2850	2
1107.53910	554.77680	2	62.2180	2
1107.54380	554.77920	2	54.8578	2
1107.54860	554.78160	2	66.6250	2
1107.55530	554.78495	2	48.3319	2
1107.55640	554.78545	2	38.1030	2
1107.55705	554.78580	2	55.6447	2
1107.57580	554.79515	2	68.1602	2
1107.59285	554.80370	2	45.6839	2
1108.51620	555.26540	2	32.4108	2
1108.54535	555.27995	2	33.0711	2
1108.57075	555.29265	2	79.2032	2
1108.57140	555.29300	2	48.9137	1
1108.92025	555.46740	2	37.9255	4
1109.53365	555.77410	2	79.7454	2
1109.53875	555.77665	2	47.7003	2
1109.55040	555.78250	2	91.0203	2
1109.58655	555.80055	2	59.2347	2
1109.61220	555.81335	2	72.0946	2
1110.52015	556.26735	2	61.1377	2
1110.59005	556.30230	2	84.1920	2
1110.66505	556.33980	2	75.2390	2
1111.43910	556.72685	2	32.9939	2
1113.63990	557.82725	2	59.5662	2
1114.55590	558.28520	2	79.1980	2
1114.56630	558.29045	2	65.1539	2
1114.62395	558.31925	2	62.8308	2
1114.63565	558.32510	2	53.5431	2
1115.05470	558.53465	2	46.8814	4
1115.51325	558.76390	2	47.6748	2
1115.52480	558.76965	2	33.7329	2
1115.55720	558.78590	2	35.6191	2
1115.58400	558.79925	2	42.5314	2
1115.60140	558.80800	2	56.6499	2
1116.56395	559.28925	2	54.9138	2
1116.58165	559.29810	2	73.4172	2
1116.60275	559.30865	2	32.5057	2
1116.61330	559.31390	2	55.7636	1
1116.61435	559.31445	2	36.1027	2
1116.65425	559.33440	2	84.0740	2
1117.52745	559.77100	2	39.9697	2
1117.54295	559.77875	2	43.0157	2
1117.56265	559.78860	2	51.4154	2
1117.60660	559.81060	2	71.6034	2
1118.01735	560.01595	2	46.7947	4
1118.48370	560.24910	2	33.3916	2
1118.54825	560.28140	2	77.0212	2
1118.60365	560.30910	2	70.5361	2
1118.63400	560.32425	2	58.0344	2
1119.54330	560.77890	2	70.0542	1
1119.57950	560.79700	2	63.4499	1
1119.58600	560.80030	2	63.3073	1
1119.59690	560.80570	2	68.1379	2
1119.67090	560.84270	2	83.6996	2
1120.05940	561.03700	2	58.2246	4
1120.57580	561.29520	2	61.0315	2
1121.53520	561.77485	2	69.2267	2
1121.54690	561.78075	2	43.6444	2
1121.57170	561.79310	2	43.2742	2
1121.60855	561.81155	2	48.2040	2
1122.51270	562.26360	2	60.3407	2
1123.47820	562.74635	2	46.7090	2
1123.56945	562.79200	2	58.1929	2
1123.58100	562.79775	2	54.7903	2
1124.59020	563.30240	2	62.7128	2
1124.61900	563.31675	2	70.1267	2
1124.63490	563.32470	2	36.4310	3
1125.51390	563.76420	2	35.8592	1
1125.53785	563.77620	2	49.5095	2
1125.57135	563.79295	2	43.8593	2
1125.64030	563.82740	2	61.7185	2
1126.59810	564.30630	2	52.1692	1
1126.62290	564.31875	2	84.7777	2
1126.65975	564.33715	2	78.2163	2
1127.47445	564.74450	2	69.7579	2
1127.53270	564.77360	2	67.2401	1
1127.61330	564.81395	2	63.3433	2
1127.65520	564.83490	2	53.2960	2
1128.55730	565.28590	2	54.5377	1
1128.56785	565.29120	2	42.5546	2
1128.58835	565.30145	2	32.6680	2
1128.61825	565.31640	2	87.6405	2
1128.63930	565.32695	2	60.5991	2
1129.58135	565.79795	2	56.4107	2
1129.63435	565.82445	2	36.0110	2
1129.63460	565.82460	2	40.6666	2
1129.67135	565.84295	2	70.9734	2
1130.55865	566.28660	2	26.9214	2
1130.56140	566.28800	2	47.9640	1
1131.57820	566.79635	2	35.0265	2
1131.62875	566.82165	2	71.2495	2
1131.65455	566.83455	2	82.7466	2
1132.53690	567.27575	2	33.1010	2
1132.55545	567.28500	2	57.6287	2
1132.58830	567.30140	2	62.5297	2
1133.55140	567.78300	2	33.9658	1
1133.55380	567.78420	2	69.9413	2
1133.57165	567.79310	2	56.7392	2
1133.57245	567.79350	2	72.9783	2
1133.57515	567.79485	2	66.9516	2
1133.64550	567.83000	2	68.8704	1
1134.53325	568.27390	2	44.3676	2
1134.53975	568.27715	2	47.0030	2
1134.54200	568.27830	2	34.8614	1
1134.57750	568.29600	2	46.8211	2
1134.59215	568.30335	2	48.4632	2
1136.53615	569.27535	2	53.7443	2
1136.57095	569.29275	2	58.5034	2
1136.57240	569.29345	2	61.7776	2
1137.56510	569.78985	2	83.8583	2
1137.57850	569.79650	2	55.9601	3
1137.58865	569.80160	2	36.2968	2
1138.56610	570.29035	2	63.0231	2
1138.58580	570.30020	2	35.4364	1
1139.54560	570.78010	2	55.2221	2
1139.56210	570.78830	2	67.2726	2
1139.63045	570.82250	2	40.3125	2
1139.63400	570.82430	2	56.6719	1
1139.65495	570.83475	2	62.3740	2
1140.52360	571.26910	2	34.0348	2
1140.61550	571.31500	2	63.3658	1
1141.55595	571.78525	2	72.7503	2
1141.56785	571.79120	2	63.3961	2
1141.59820	571.80635	2	33.0634	2
1141.60950	571.81200	2	60.1485	2
1142.48785	572.25120	2	45.5668	2
1142.52400	572.26930	2	69.1162	1
1142.55535	572.28495	2	91.6885	2
1142.55795	572.28625	2	52.1184	2
1142.61735	572.31595	2	55.4675	2
1142.63020	572.32240	2	34.7731	2
1143.50925	572.76190	2	56.3860	2
1143.55695	572.78575	2	75.7611	2
1143.57335	572.79395	2	66.2679	2
1143.58915	572.80185	2	35.2946	2
1143.69180	572.85315	2	87.9210	2
1144.59000	573.30230	2	50.4071	2
1144.59160	573.30310	2	57.9463	5
1144.59680	573.30565	2	60.6743	2
1144.61035	573.31245	2	38.6969	2
1144.63585	573.32520	2	57.9762	2
1145.53030	573.77240	2	53.1664	1
1145.57570	573.79515	2	47.6468	2
1145.67030	573.84240	2	71.4710	1
1145.67080	573.84270	2	71.4899	1
1146.57595	574.29525	2	46.2141	2
1146.58500	574.29980	2	73.5385	2
1146.61300	574.31380	2	53.3010	2
1146.66605	574.34030	2	76.9331	2
1147.55110	574.78280	2	62.9048	2
1147.55435	574.78445	2	49.4825	2
1147.55570	574.78515	2	44.0024	2
1147.57945	574.79700	2	65.8268	2
1147.58750	574.80105	2	55.4599	2
1147.63840	574.82645	2	89.0309	2
1148.54715	575.28085	2	53.5516	2
1148.57070	575.29265	2	81.1656	2
1148.58190	575.29820	2	59.0122	1
1148.60855	575.31155	2	63.1632	2
1149.56640	575.79050	2	68.8959	1
1149.56730	575.79090	2	58.3691	2
1150.56990	576.29225	2	59.8765	2
1150.58770	576.30115	2	55.8655	2
1150.58890	576.30170	2	48.8270	1
1151.57925	576.79690	2	80.8513	2
1151.64915	576.83185	2	69.6923	2
1151.72820	576.87140	2	76.8142	2
1152.52905	577.27180	2	31.2738	2
1152.53095	577.27275	2	54.3086	2
1152.54050	577.27755	2	93.1332	2
1152.54900	577.28180	2	61.3947	2
1152.55235	577.28345	2	37.8205	2
1152.58500	577.29980	2	52.3264	1
1152.58580	577.30015	2	59.1698	2
1153.51930	577.76690	2	67.7902	1
1153.57180	577.79320	2	52.6810	1
1154.62135	578.31795	2	60.0951	2
1154.63040	578.32245	2	45.6237	2
1155.56295	578.78875	2	35.8391	2
1155.58135	578.79795	2	89.3932	2
1155.61310	578.81380	2	51.8289	2
1155.62680	578.82065	2	52.7800	2
1155.65015	578.83235	2	49.6810	2
1156.51780	579.26615	2	56.5934	2
1156.51865	579.26660	2	45.4416	2
1156.52840	579.27150	2	32.5738	2
1156.59225	579.30340	2	86.5640	2
1156.60480	579.30965	2	68.1933	2
1157.59290	579.80370	2	59.3739	2
1157.59400	579.80425	2	53.1488	2
1158.59950	580.30705	2	42.8188	2
1158.60000	580.30730	2	42.1582	1
1158.62380	580.31915	2	46.3756	2
1158.62425	580.31940	2	48.5896	2
1159.57000	580.79225	2	64.8008	2
1159.57390	580.79425	2	35.2372	2
1159.59380	580.80415	2	41.9396	2
1159.62015	580.81735	2	41.0084	2
1159.63980	580.82720	2	81.3183	1
1159.68125	580.84790	2	50.8510	2
1160.58585	581.30020	2	67.8425	2
1160.58640	581.30045	2	50.3814	2
1160.59370	581.30410	2	73.8273	2
1160.59795	581.30625	2	55.1574	2
1160.60720	581.31090	2	62.6229	2
1160.61550	581.31505	2	37.3962	2
1161.05875	581.53665	2	38.6026	4
1161.52530	581.76990	2	36.0085	1
1161.59810	581.80630	2	46.6728	2
1161.59995	581.80725	2	54.4862	2
1161.60480	581.80965	2	74.0410	2
1161.61455	581.81455	2	54.0462	2
1161.61990	581.81720	2	43.8273	1
1161.65780	581.83620	2	97.3328	1
1162.57945	582.29700	2	54.7669	2
1162.59160	582.30310	2	64.4450	1
1162.59900	582.30680	2	72.9022	2
1163.57710	582.79580	2	66.8670	2
1163.58250	582.79850	2	59.7690	1
1163.60735	582.81095	2	68.4143	2
1164.56705	583.29080	2	32.9424	2
1164.60230	583.30840	2	61.8051	1
1164.60280	583.30865	2	55.8943	2
1164.72400	583.36930	2	71.5926	2
1165.46030	583.73745	2	36.1658	2
1165.57745	583.79600	2	73.8023	2
1165.63495	583.82475	2	65.6774	2
1166.54520	584.27990	2	47.8480	2
1167.61770	584.81610	2	85.9227	2
1168.63215	585.32335	2	79.2931	2
1168.64580	585.33020	2	50.1835	3
1168.68220	585.34835	2	71.0060	2
1168.68260	585.34860	2	59.6710	1
1168.74330	585.37890	2	80.7341	2
1169.57200	585.79325	2	55.1673	2
1170.57765	586.29610	2	47.0109	2
1170.62595	586.32025	2	48.0119	2
1170.66020	586.33740	2	71.6686	2
1170.66060	586.33760	2	67.9398	2
1171.57635	586.79545	2	66.2907	2
1171.62030	586.81745	2	50.9058	2
1171.62110	586.81780	2	36.7555	1
1171.62415	586.81935	2	57.4480	2
1171.70105	586.85780	2	56.0699	2
1172.61950	587.31700	2	72.4072	2
1172.62265	587.31860	2	74.7801	2
1172.63105	587.32280	2	67.1566	2
1172.63970	587.32710	2	71.9992	2
1173.10880	587.56170	2	41.4999	4
1173.57500	587.79480	2	34.3083	5
1173.58840	587.80145	2	47.3886	2
1173.59250	587.80350	2	84.5268	1
1173.61350	587.81405	2	85.9563	2
1173.61480	587.81470	2	33.4927	2
1173.62520	587.81990	2	68.4935	1
1174.51200	588.26330	2	44.2466	2
1174.54740	588.28100	2	32.8822	2
1174.56110	588.28785	2	55.0753	2
1174.60810	588.31130	2	41.9601	2
1175.57445	588.79450	2	61.5341	2
1175.58760	588.80110	2	70.0645	1
1175.61970	588.81710	2	42.6957	2
1175.65665	588.83560	2	60.0898	2
1176.57255	589.29355	2	32.1123	2
1176.58110	589.29785	2	53.4306	2
1177.63385	589.82420	2	67.3903	2
1177.66165	589.83810	2	91.7225	2
1178.51760	590.26605	2	39.0408	2
1178.54645	590.28050	2	48.6449	2
1178.57080	590.29270	2	30.1999	2
1179.54615	590.78035	2	43.1004	2
1179.58940	590.80200	2	45.8235	1
1179.61450	590.81450	2	51.6157	1
1180.52430	591.26940	2	63.6377	2
1180.59765	591.30610	2	65.5092	2
1180.70665	591.36060	2	86.7679	2
1181.57580	591.79520	2	47.8086	1
1181.65250	591.83350	2	55.8285	2
1182.54225	592.27840	2	76.1171	2
1182.60370	592.30915	2	72.4787	2
1182.62750	592.32105	2	73.4437	2
1182.68070	592.34760	2	79.8194	2
1184.58515	593.29985	2	62.3051	2
1184.60420	593.30940	2	50.9371	2
1185.57435	593.79445	2	87.1417	2
1185.57810	593.79630	2	37.2174	2
1185.64025	593.82740	2	80.2387	2
1185.65060	593.83260	2	65.2469	1
1186.54500	594.27980	2	45.9809	2
1186.61050	594.31250	2	49.1170	1
1186.65580	594.33520	2	47.9231	2
1187.59000	594.80230	2	50.4355	2
1187.59720	594.80585	2	66.2073	2
1187.62320	594.81890	2	78.3719	2
1187.69560	594.85510	2	86.8829	1
1187.70320	594.85885	2	89.3256	2
1187.70325	594.85890	2	81.7351	2
1188.54050	595.27750	2	52.2577	1
1188.58020	595.29740	2	69.8764	1
1188.58915	595.30185	2	43.0111	2
1188.59910	595.30680	2	46.9639	1
1188.59990	595.30725	2	39.4565	2
1188.61630	595.31540	2	51.0492	2
1189.63955	595.82705	2	52.8553	2
1189.64610	595.83030	2	71.2651	2
1189.67155	595.84305	2	75.3289	2
1190.53930	596.27695	2	55.6522	2
1190.56075	596.28765	2	56.1220	2
1190.60030	596.30740	2	65.2167	2
1191.61340	596.81400	2	76.8077	1
1191.61450	596.81450	2	58.6519	1
1191.66505	596.83980	2	83.5335	2
1192.52870	597.27160	2	47.1538	2
1192.61505	597.31480	2	67.4513	2
1192.66120	597.33785	2	88.3107	2
1193.61670	597.81560	2	39.1913	2
1193.63385	597.82420	2	68.8500	2
1193.67020	597.84235	2	91.2984	2
1194.51290	598.26370	2	31.6478	2
1194.61320	598.31385	2	68.2879	2
1195.60885	598.81170	2	61.4450	2
1196.54960	599.28210	2	46.0090	2
1196.57345	599.29400	2	36.1354	2
1196.65175	599.33315	2	49.6446	2
1197.54565	599.78010	2	79.0117	2
1197.57035	599.79245	2	52.9915	2
1197.57580	400.19920	3	36.3636	2
1197.59355	599.80405	2	64.1657	2
1197.62785	599.82120	2	60.7345	2
1197.69745	599.85600	2	76.1225	2
1198.62450	600.31950	2	71.1166	1
1198.65490	400.55890	3	41.4748	2
1198.65530	600.33495	2	41.5034	2
1199.54655	600.78055	2	55.5771	2
1199.67080	600.84270	2	91.3991	2
1199.71295	600.86375	2	79.4382	2
1200.62230	401.21470	3	42.9015	2
1200.62405	601.31930	2	60.0186	2
1200.62420	601.31935	2	42.8781	2
1200.64690	601.33070	2	52.7747	2
1200.65100	601.33280	2	80.5454	2
1201.09150	601.55300	2	43.2912	4
1201.59815	601.80635	2	66.7289	2
1201.60930	401.54370	3	48.3886	2
1201.60940	601.81195	2	48.4455	2
1201.62025	601.81740	2	75.5989	2
1201.62985	401.55055	3	37.2430	2
1201.63095	601.82275	2	37.2767	2
1201.66810	601.84135	2	57.7438	2
1201.66810	601.84130	2	47.5994	1
1202.58965	602.30210	2	40.7203	2
1202.60540	401.87575	3	49.2595	2
1202.60575	602.31015	2	49.2711	2
1202.64115	401.88765	3	39.8737	2
1202.64200	602.32830	2	39.8555	2
1202.65090	602.33270	2	65.9150	2
1203.59860	602.80655	2	42.0424	2
1203.61710	602.81580	2	58.7804	2
1203.66980	602.84215	2	52.4003	2
1204.48315	603.24885	2	42.7563	2
1204.58335	603.29895	2	53.4305	2
1204.60750	603.31105	2	58.0170	2
1204.61285	603.31370	2	80.9164	2
1204.61410	603.31435	2	93.8620	2
1204.65700	603.33575	2	48.9870	2
1204.65710	402.55965	3	48.9539	2
1205.56485	402.86220	3	60.7877	2
1205.63015	603.82235	2	57.3828	2
1205.63940	603.82695	2	55.2691	2
1205.71280	402.91150	3	66.4141	2
1205.71330	603.86395	2	66.4571	2
1206.60790	604.31120	2	73.7518	2
1206.62430	604.31945	2	65.2888	2
1206.66625	604.34040	2	92.9666	2
1207.56980	604.79220	2	63.4551	1
1207.57300	604.79380	2	44.4130	1
1207.57310	604.79380	2	64.4592	2
1207.62070	604.81765	2	56.1573	2
1207.62445	604.81950	2	73.4762	2
1207.66370	604.83910	2	89.7476	1
1207.67205	604.84330	2	85.6460	2
1207.76665	604.89060	2	82.0680	2
1208.59275	605.30365	2	84.0341	2
1208.60530	605.30990	2	69.1721	2
1208.67175	605.34315	2	92.6183	2
1209.58845	605.80150	2	48.6811	2
1210.56160	606.28810	2	47.3153	1
1210.59910	606.30685	2	64.0228	2
1210.62890	404.55020	3	38.7408	1
1210.74075	606.37765	2	71.8840	2
1211.61965	606.81710	2	79.1644	2
1211.62590	404.88260	3	36.3532	2
1211.65150	404.89110	3	49.5351	2
1211.65215	606.83335	2	49.6217	2
1211.65785	606.83620	2	88.4348	2
1212.53155	405.18445	3	52.4831	2
1212.54090	607.27770	2	57.6286	2
1212.56715	405.19635	3	29.0371	2
1212.65090	405.22420	3	57.5921	1
1213.64430	607.82940	2	54.8780	1
1213.64445	405.55540	3	54.8853	2
1213.66710	607.84080	2	48.8874	1
1213.67160	405.56450	3	83.1523	1
1214.60380	608.30920	2	64.3941	1
1214.70040	608.35750	2	63.9185	2
1215.59815	608.80635	2	50.8718	2
1215.64805	608.83130	2	61.0961	2
1215.65120	608.83290	2	83.8712	2
1215.68195	406.23460	3	35.6213	2
1215.68270	608.84865	2	35.6265	2
1216.57595	609.29525	2	49.5348	2
1216.57660	609.29560	2	39.8002	2
1216.62230	609.31845	2	56.0100	2
1216.65760	609.33605	2	70.9407	2
1216.72665	609.37060	2	86.9284	2
1217.56170	609.78810	2	71.2649	2
1217.60815	609.81135	2	58.6303	2
1217.60935	609.81195	2	76.9066	2
1217.62475	406.88215	3	37.3353	2
1217.67665	406.89945	3	69.4752	2
1218.66415	610.33935	2	84.4785	2
1219.61135	610.81295	2	50.2281	2
1220.63965	611.32710	2	55.4253	2
1220.64055	611.32755	2	79.3462	2
1220.68770	407.90320	3	48.3332	1
1221.13380	611.57415	2	50.8338	4
1221.51830	611.76645	2	46.0450	2
1221.59765	611.80610	2	59.8386	2
1221.61045	408.21075	3	31.7925	2
1221.61075	611.81265	2	31.8604	2
1221.61380	611.81420	2	66.4084	1
1221.63590	611.82520	2	57.5506	3
1222.57030	612.29245	2	31.2957	2
1222.57060	408.53080	3	31.2262	1
1222.61190	612.31320	2	68.5790	1
1223.54215	612.77835	2	47.2746	2
1223.62675	612.82065	2	36.7930	2
1223.71280	612.86370	2	80.3170	5
1224.56240	613.28850	2	72.8683	1
1224.62415	613.31935	2	69.3804	2
1224.62810	409.21665	3	55.2135	2
1224.62855	613.32155	2	55.1873	2
1224.65670	409.22615	3	37.5579	2
1224.65795	613.33625	2	37.8050	2
1224.68385	613.34920	2	44.4849	2
1225.67115	613.84285	2	70.2457	2
1226.70690	614.36075	2	82.5682	2
1227.62845	410.21675	3	65.0339	2
1227.65760	614.83610	2	59.7418	2
1227.66055	614.83755	2	71.2044	2
1227.68200	410.23460	3	50.6938	2
1227.68255	614.84855	2	65.5653	2
1228.16280	615.08870	2	69.8838	4
1228.73950	615.37705	2	83.9373	2
1229.55210	410.85795	3	29.5498	2
1229.55255	615.78355	2	29.5761	2
1229.55755	615.78605	2	42.2220	2
1229.61885	615.81670	2	50.4934	2
1229.64970	410.89050	3	48.5636	1
1229.65080	615.83270	2	48.6262	1
1229.73775	410.91985	3	60.2253	2
1230.55960	411.19380	3	33.6523	2
1230.58435	616.29945	2	42.3555	2
1230.58450	411.20210	3	42.4629	1
1230.58825	616.30140	2	60.7585	2
1230.58860	411.20345	3	35.9598	2
1230.63980	616.32720	2	80.1117	2
1230.65750	616.33600	2	42.1814	1
1230.66190	616.33825	2	83.7640	2
1231.55210	616.78330	2	78.5799	1
1231.58745	616.80100	2	37.4061	2
1231.58895	616.80175	2	52.6342	2
1231.62420	616.81940	2	56.0377	2
1231.62495	616.81975	2	88.8361	2
1231.65670	616.83565	2	61.5672	2
1231.69255	411.57145	3	59.3541	2
1232.57030	617.29240	2	34.7712	1
1232.59980	617.30720	2	28.6694	2
1233.60890	617.81175	2	50.7507	2
1233.61190	617.81320	2	63.1052	1
1233.62045	617.81750	2	44.7604	2
1233.66070	617.83765	2	58.2160	2
1234.56850	412.53010	3	41.4062	2
1235.60660	618.81060	2	40.9506	2
1235.61600	618.81530	2	61.1554	1
1235.64845	618.83150	2	49.9628	2
1235.65125	412.89105	3	49.8898	2
1235.66935	412.89705	3	59.4734	2
1235.67310	618.84385	2	59.5279	2
1235.69860	412.90680	3	54.0560	2
1236.56355	619.28905	2	48.7412	2
1237.63535	413.55240	3	38.6868	2
1237.63560	619.82510	2	38.7234	2
1237.64680	619.83065	2	65.3126	2
1237.74070	619.87760	2	68.7807	2
1238.66190	620.33820	2	53.5082	1
1239.59205	620.80330	2	59.7187	2
1239.59645	414.20610	3	36.7143	2
1239.62325	620.81890	2	63.2848	2
1239.63900	620.82680	2	85.5329	1
1239.68340	620.84895	2	76.3061	2
1239.71945	620.86700	2	75.1150	2
1240.16070	621.08760	2	49.2900	4
1240.58810	414.53665	3	37.1836	2
1240.62210	621.31830	2	61.6112	1
1240.70230	621.35845	2	92.1639	2
1240.70400	621.35930	2	72.8362	1
1241.59350	621.80405	2	72.0066	2
1241.67695	414.89955	3	69.8847	2
1241.67800	414.89990	3	63.0999	1
1241.71700	621.86580	2	89.1608	1
1241.77495	621.89475	2	78.8978	2
1241.77550	414.93245	3	78.8296	2
1242.59570	415.20585	3	28.7960	2
1242.63600	622.32530	2	45.1601	2
1242.63710	415.21960	3	45.0963	2
1242.64640	622.33050	2	55.9424	1
1242.70030	622.35740	2	97.0618	1
1243.58870	622.80160	2	66.0957	1
1243.67790	415.56660	3	61.9906	1
1244.54195	623.27825	2	53.0914	2
1244.56805	623.29130	2	47.2177	2
1244.61035	415.87740	3	34.8028	2
1244.63335	623.32395	2	67.1410	2
1244.67195	415.89790	3	37.6066	2
1244.68770	623.35110	2	70.2394	1
1245.61985	416.21385	3	48.0123	2
1245.62060	623.81760	2	48.0914	1
1245.65105	623.83280	2	82.7751	2
1245.66120	623.83790	2	43.8050	2
1245.67200	416.23125	3	55.8914	2
1245.67550	623.84500	2	43.2638	2
1246.61290	416.54490	3	55.4551	2
1246.64985	416.55720	3	68.4458	2
1246.69165	624.35310	2	73.3880	2
1247.57790	624.79620	2	46.5053	1
1248.57460	625.29460	2	44.5438	1
1248.61850	625.31650	2	58.8083	1
1248.61935	625.31695	2	89.0689	2
1248.67200	625.34325	2	64.0904	2
1248.67245	625.34350	2	61.7467	2
1249.63095	625.82275	2	58.2455	2
1249.65375	625.83415	2	64.7426	2
1249.65675	625.83565	2	83.9682	2
1250.59990	626.30720	2	30.4715	1
1250.72815	626.37135	2	88.9900	2
1251.66225	626.83840	2	75.6637	2
1251.66460	418.22880	3	51.7312	1
1252.73935	627.37695	2	79.9915	2
1252.77595	627.39525	2	92.8578	2
1253.56055	627.78755	2	67.1410	2
1253.63025	627.82240	2	32.8791	2
1253.63035	418.88405	3	32.8113	2
1254.58780	628.30120	2	68.9268	1
1254.60035	628.30745	2	81.2944	2
1254.72970	419.25050	3	40.7978	3
1254.73030	628.37245	2	40.8663	2
1254.73515	419.25230	3	52.8814	2
1255.58355	628.79905	2	43.5861	2
1255.62720	628.82090	2	93.8076	2
1255.62735	628.82095	2	70.7918	2
1255.65725	419.55970	3	54.3421	2
1255.66890	628.84175	2	74.8421	2
1255.67975	628.84715	2	51.2881	2
1255.70295	628.85875	2	70.0038	2
1255.71300	419.57830	3	66.4467	2
1255.72630	628.87040	2	72.2539	1
1256.60885	629.31170	2	90.4543	2
1256.61045	629.31250	2	50.4617	2
1256.67305	629.34380	2	55.9786	2
1256.69785	419.90655	3	48.0733	2
1256.69860	629.35655	2	48.0660	2
1256.70415	629.35935	2	98.2890	2
1257.64590	420.22260	3	42.9875	2
1258.59855	630.30655	2	81.6601	2
1258.67185	630.34320	2	56.6873	2
1258.67740	630.34595	2	68.0231	2
1258.68845	630.35150	2	52.5380	2
1258.76665	630.39060	2	88.0231	2
1259.63470	630.82460	2	76.0927	2
1259.63605	630.82530	2	58.5418	2
1259.66090	630.83775	2	59.3271	2
1259.66540	630.84000	2	69.7816	1
1259.72505	630.86980	2	77.4206	2
1260.57850	631.29655	2	36.5305	2
1260.58870	631.30160	2	42.7035	2
1260.60320	631.30885	2	46.1099	2
1260.62990	421.21720	3	61.6058	1
1260.63850	631.32650	2	43.5698	1
1260.67305	631.34380	2	57.5063	2
1261.57830	631.79640	2	50.8510	2
1261.62265	631.81860	2	89.5368	2
1261.62280	421.54820	3	40.8420	2
1261.67140	421.56440	3	38.3907	1
1261.74830	631.88145	2	96.7480	2
1262.60755	421.87645	3	46.8109	2
1262.64780	632.33120	2	30.6709	1
1263.60905	632.81180	2	53.3112	2
1263.62010	422.21400	3	33.7991	2
1263.62070	632.81760	2	33.8432	2
1263.62920	632.82185	2	57.1959	2
1263.66055	422.22745	3	55.0925	2
1263.67325	632.84390	2	89.6558	2
1263.68335	632.84895	2	67.3981	2
1264.64875	422.55685	3	61.9931	2
1264.65010	633.33230	2	62.0297	2
1264.65080	633.33270	2	74.5872	1
1264.77575	633.39515	2	94.2211	2
1265.61470	422.87880	3	31.2208	1
1265.68860	633.85155	2	52.0772	2
1266.56235	634.28845	2	46.2469	2
1266.62105	423.21430	3	38.2821	2
1266.62195	634.31825	2	38.3194	2
1267.64840	634.83150	2	82.6968	2
1267.66175	634.83815	2	93.8210	2
1267.68875	634.85165	2	49.7173	2
1268.61510	423.87895	3	53.6927	2
1268.66330	423.89500	3	51.1726	2
1268.66420	635.33940	2	51.2585	2
1268.69745	635.35600	2	70.3880	2
1269.62515	635.81985	2	81.1969	2
1269.63285	635.82370	2	63.9720	2
1269.65945	424.22710	3	47.4435	2
1269.70340	635.85895	2	63.6072	2
1269.72960	635.87210	2	78.8021	2
1270.15035	636.08245	2	48.8703	4
1270.65140	636.33300	2	43.6495	2
1270.69975	424.57385	3	62.7767	2
1270.70040	636.35750	2	62.8204	1
1270.73000	636.37230	2	93.2148	2
1271.56505	424.86230	3	78.4678	2
1271.64650	636.83050	2	85.3626	1
1271.68790	424.90320	3	60.9354	1
1271.69130	636.85290	2	64.7918	1
1271.70960	636.86210	2	72.0730	2
1271.76085	636.88770	2	82.9007	2
1272.69325	637.35390	2	64.8889	2
1273.66750	637.84100	2	65.6826	2
1273.67805	637.84630	2	87.0837	2
1273.72180	637.86820	2	71.0035	2
1274.56740	425.86310	3	43.1224	1
1274.62950	425.88380	3	46.3318	1
1274.64625	638.33040	2	85.4134	2
1274.65190	638.33320	2	77.1984	2
1274.66160	638.33810	2	69.4996	3
1274.70915	425.91030	3	47.3328	2
1274.75850	638.38650	2	79.7139	1
1275.54080	638.77770	2	45.2077	2
1275.56975	638.79215	2	61.1981	2
1275.69325	426.23835	3	63.5276	2
1275.74225	638.87840	2	88.6690	2
1276.60955	426.54375	3	67.5739	2
1276.63435	639.32445	2	77.7162	2
1276.65410	639.33430	2	91.0605	2
1276.66725	639.34090	2	58.8515	2
1276.67355	639.34405	2	86.8611	2
1276.70380	639.35915	2	72.7717	2
1276.70405	639.35930	2	79.1339	2
1277.63750	639.82600	2	62.7824	3
1277.67360	639.84410	2	69.6293	2
1277.68740	639.85095	2	76.4752	2
1278.65120	640.33285	2	85.7318	2
1278.68040	427.23410	3	43.0653	1
1279.69580	427.57255	3	54.6361	2
1280.58000	641.29725	2	81.3932	2
1280.74390	641.37925	2	88.8995	2
1281.55735	641.78595	2	39.8276	2
1281.61025	428.21065	3	36.7118	2
1281.61160	641.81310	2	36.6589	2
1281.70560	428.24245	3	42.1133	2
1282.57490	642.29470	2	72.3879	2
1282.58630	642.30040	2	62.2149	2
1282.66700	428.56290	3	58.0609	1
1283.61545	642.81500	2	71.0594	2
1283.65235	642.83345	2	66.1729	2
1283.65930	642.83695	2	86.1177	2
1283.71850	428.91340	3	52.2321	1
1283.71995	428.91395	3	43.9742	2
1283.72045	642.86750	2	44.0543	2
1284.62605	643.32030	2	92.0948	2
1284.69310	643.35380	2	78.2800	2
1284.70345	429.24175	3	43.4466	2
1284.70420	643.35935	2	69.8199	2
1284.72900	643.37175	2	84.4406	2
1285.65340	429.55840	3	51.3343	1
1285.66325	643.83890	2	43.6653	2
1285.66345	429.56175	3	43.7763	2
1285.72295	429.58155	3	46.5839	2
1286.17475	644.09465	2	86.7368	4
1286.64465	429.88880	3	69.6345	2
1286.65000	429.89060	3	54.6978	2
1286.68410	644.34935	2	86.3051	2
1286.69910	644.35680	2	68.8754	2
1286.78535	644.39995	2	87.1074	2
1287.63025	644.82240	2	85.6697	2
1287.68315	644.84885	2	74.4164	2
1288.59115	645.30285	2	44.9396	2
1288.60600	645.31030	2	64.3481	2
1288.66220	645.33840	2	46.4564	2
1288.68600	645.35030	2	67.8723	2
1288.72310	645.36880	2	85.0914	2
1288.73960	645.37710	2	76.3890	1
1289.58950	645.80200	2	36.9364	1
1289.59225	430.87135	3	36.8827	2
1289.62910	645.82185	2	63.1916	2
1289.62925	645.82190	2	89.7149	2
1289.64735	645.83095	2	49.6757	2
1290.65620	646.33535	2	55.2785	2
1290.67230	431.23135	3	69.8280	2
1291.57915	646.79685	2	45.1320	2
1291.60535	646.80995	2	51.5560	2
1291.66650	646.84050	2	60.7639	2
1293.62425	647.81940	2	56.0624	2
1294.16270	432.39485	3	62.9782	2
1294.62255	648.31855	2	69.1055	2
1294.73350	648.37405	2	83.7643	2
1294.79760	432.60650	3	68.7162	2
1295.66440	432.89540	3	62.8838	1
1295.72530	648.86995	2	76.7598	2
1295.74530	648.87990	2	65.0960	2
1296.68280	433.23485	3	60.7028	2
1296.68285	649.34870	2	60.6375	2
1296.70410	649.35930	2	69.7337	1
1296.74060	433.25410	3	45.4223	3
1297.23275	649.62365	2	46.1301	4
1297.73535	649.87495	2	66.2314	2
1297.76045	433.59410	3	64.4025	2
1298.59335	433.87175	3	38.3976	2
1298.59335	650.30395	2	38.4313	2
1298.60990	433.87725	3	38.2625	2
1298.69405	650.35430	2	48.6266	2
1298.74530	650.37995	2	93.4968	2
1299.56890	650.79175	2	36.9928	2
1299.62925	650.82190	2	75.3558	2
1299.68000	650.84730	2	41.6405	2
1299.69275	650.85365	2	80.8268	2
1299.71475	650.86465	2	58.4835	2
1300.62260	651.31855	2	87.1755	2
1300.70280	651.35870	2	93.3399	2
1300.70440	651.35945	2	64.1733	2
1300.73905	651.37680	2	76.5646	2
1300.76165	651.38810	2	76.0629	2
1300.77600	651.39530	2	86.3477	2
1301.61170	651.81315	2	43.0768	2
1301.63275	651.82365	2	41.7113	2
1301.63535	434.88570	3	41.5964	2
1301.69860	651.85660	2	69.3898	2
1302.65875	652.33665	2	67.6305	2
1303.51485	652.76470	2	66.1727	2
1303.75050	652.88250	2	76.4303	2
1304.61065	653.31260	2	43.3987	2
1304.73495	653.37475	2	80.0946	2
1305.61630	436.21270	3	32.2519	1
1305.62495	653.81975	2	51.7698	2
1305.67610	653.84535	2	62.3793	2
1305.70540	653.85995	2	74.5055	2
1306.58310	436.53495	3	41.1453	2
1306.65225	436.55800	3	40.6368	2
1306.66805	654.34130	2	32.3703	2
1306.67580	654.34520	2	76.7938	2
1307.66240	654.83850	2	62.1890	2
1308.65870	655.33660	2	64.0471	3
1308.71945	437.24710	3	88.3713	2
1308.72055	655.36755	2	88.2705	2
1308.74225	655.37840	2	61.0469	2
1308.77700	655.39575	2	73.8824	2
1309.65240	655.83345	2	64.4776	2
1309.77195	655.89325	2	79.1392	2
1310.12335	656.06895	2	69.2696	4
1310.55980	656.28720	2	37.3354	1
1310.68090	656.34770	2	81.7655	2
1310.71950	437.91380	3	48.7495	1
1311.57095	656.79275	2	60.6925	2
1311.58370	656.79910	2	50.7586	2
1311.65055	656.83255	2	89.9245	2
1311.76810	656.89130	2	85.6356	1
1313.61405	657.81430	2	64.1731	2
1313.69360	438.90510	3	53.4614	2
1313.70280	657.85870	2	88.1438	2
1313.71910	438.91360	3	63.2054	2
1313.72020	657.86735	2	86.2760	2
1313.74650	438.92275	3	55.1571	2
1314.69780	439.23985	3	49.5601	2
1314.69780	658.35620	2	49.5870	2
1314.69815	658.35635	2	64.0018	2
1315.65980	658.83720	2	73.8845	1
1315.67980	658.84715	2	61.1557	2
1315.69970	658.85710	2	74.2995	1
1315.70975	658.86215	2	65.8648	2
1315.77115	439.59765	3	64.5090	2
1316.66590	659.34025	2	76.9649	2
1316.67490	439.89890	3	65.4837	2
1316.73470	659.37460	2	69.5963	1
1316.73685	659.37570	2	98.0164	2
1317.61085	440.21090	3	54.1294	2
1317.64215	659.82835	2	43.5287	2
1318.66000	660.33730	2	80.1773	2
1319.63320	660.82385	2	54.4275	2
1319.65980	660.83720	2	88.9626	1
1319.66345	440.89505	3	55.2785	2
1319.69080	660.85270	2	82.9702	2
1319.72800	660.87130	2	97.9808	1
1320.59435	661.30445	2	73.4546	2
1320.60890	661.31170	2	56.7944	1
1320.62080	661.31770	2	42.0623	3
1320.63490	441.21890	3	52.3877	2
1320.68320	661.34885	2	75.4750	2
1321.76405	441.59525	3	82.4662	2
1321.76510	661.88985	2	82.5925	2
1322.66620	662.34035	2	90.5182	2
1322.67185	662.34320	2	65.4455	2
1322.72620	662.37035	2	73.9260	2
1322.76510	441.92900	3	53.2589	1
1324.69200	663.35330	2	79.2597	2
1324.78195	442.60125	3	66.7207	2
1326.62150	664.31805	2	61.7847	2
1326.68960	443.23715	3	32.5939	2
1326.69145	664.35300	2	32.5993	2
1327.65220	443.55800	3	58.4228	2
1327.65990	664.83720	2	80.5140	1
1327.78550	664.90005	2	96.6814	2
1328.74525	443.92235	3	43.4467	2
1328.75290	443.92490	3	73.3720	1
1328.75390	665.38420	2	73.1575	2
1329.60580	665.81015	2	41.9602	2
1329.65385	665.83420	2	44.5788	2
1329.65390	665.83420	2	60.1936	1
1329.66695	444.22960	3	59.9276	2
1329.69090	665.85270	2	78.2787	1
1329.69315	444.23830	3	67.4851	2
1329.76660	665.89060	2	82.4917	2
1330.72155	666.36805	2	63.2784	4
1330.78140	666.39795	2	87.5008	2
1330.78215	444.60135	3	87.5918	2
1331.67480	666.84470	2	75.6583	2
1331.70985	666.86220	2	81.9756	2
1331.72875	666.87165	2	94.0592	2
1331.74545	666.88000	2	83.6276	2
1331.76820	666.89135	2	47.0292	2
1332.64685	667.33070	2	48.7162	2
1332.66030	667.33740	2	87.3337	2
1332.70370	667.35915	2	84.1246	2
1333.59415	667.80435	2	44.4930	2
1334.66200	445.89460	3	47.5609	2
1334.71900	445.91360	3	55.0995	2
1334.71905	668.36680	2	55.1264	2
1334.72410	668.36935	2	77.8181	2
1335.59640	668.80550	2	52.9040	2
1335.63810	668.82635	2	73.0615	2
1336.74650	446.58945	3	44.5141	2
1336.74720	669.38090	2	44.5462	2
1337.57135	669.79295	2	40.1091	2
1337.67280	669.84370	2	74.6949	2
1338.61310	670.31385	2	62.0841	2
1338.66710	447.22965	3	58.9698	2
1338.66835	670.34145	2	64.3925	2
1338.66935	447.23040	3	64.5156	2
1338.71800	670.36630	2	73.9179	2
1339.65235	670.83345	2	65.7699	2
1339.74640	447.58940	3	57.2119	2
1339.75430	670.88445	2	83.0675	2
1339.77145	447.59775	3	95.9715	2
1339.77155	670.89305	2	95.7824	2
1339.78265	447.60145	3	50.0275	2
1340.59920	671.30685	2	50.2957	2
1340.73025	671.37240	2	63.2555	2
1341.19780	671.60615	2	46.1614	4
1341.62040	671.81750	2	76.3387	2
1342.65155	448.55775	3	39.0133	2
1342.65210	448.55800	3	55.4880	2
1342.69300	672.35380	2	71.8199	2
1342.70935	448.57705	3	57.7538	2
1342.71060	672.36260	2	63.8540	2
1343.22760	672.62110	2	83.8485	4
1343.76590	448.92920	3	55.9205	2
1343.76685	672.89070	2	55.9435	2
1344.68190	673.34825	2	54.6077	2
1344.71380	673.36420	2	67.3350	2
1344.72940	449.25040	3	73.6127	2
1344.74370	449.25520	3	83.8022	1
1344.74455	673.37955	2	83.9146	2
1344.74705	449.25630	3	69.6832	2
1344.79560	673.40505	2	98.6611	2
1345.62315	673.81885	2	34.9952	2
1345.62320	449.54830	3	34.9437	1
1345.66400	673.83930	2	60.0035	2
1346.57815	674.29635	2	41.0189	2
1346.59950	449.87380	3	54.3616	1
1346.67445	674.34450	2	74.5326	2
1346.68290	674.34870	2	80.9470	2
1346.76660	449.92950	3	70.3544	2
1346.76705	674.39080	2	70.4095	2
1347.58020	674.79740	2	53.7662	1
1347.66830	674.84140	2	89.7229	2
1347.74745	450.25645	3	65.0691	2
1347.74775	674.88115	2	65.1640	2
1347.76545	450.26240	3	84.9147	2
1349.56860	675.79160	2	77.8110	1
1349.62960	450.88380	3	52.2950	1
1349.68365	675.84910	2	70.9165	2
1350.61010	676.31230	2	41.0869	1
1350.64265	676.32860	2	77.5415	2
1350.68600	451.23590	3	75.2294	1
1350.71575	676.36515	2	75.0271	2
1350.75100	676.38280	2	59.7769	2
1351.64145	676.82800	2	61.8434	2
1352.13190	677.07325	2	36.6322	4
1352.59680	451.87285	3	32.1068	2
1352.62160	451.88110	3	37.1330	5
1352.72955	451.91710	3	56.4805	2
1352.75505	677.38480	2	69.3230	2
1353.72185	677.86820	2	89.3390	2
1353.72640	677.87050	2	66.8054	2
1354.73010	678.37235	2	90.9484	2
1355.71685	678.86570	2	89.1689	2
1355.71930	678.86695	2	86.9420	2
1355.73110	678.87285	2	57.7211	2
1355.77775	452.93320	3	60.5838	2
1355.77880	678.89665	2	83.3194	2
1356.56860	679.29160	2	55.0182	2
1356.73590	679.37520	2	61.2719	2
1356.74965	453.25715	3	49.7694	2
1356.75095	679.38275	2	49.8278	2
1357.66290	679.83875	2	51.1187	2
1357.66325	453.56170	3	51.0567	2
1357.67370	453.56515	3	31.5261	2
1357.67470	679.84465	2	31.6161	2
1357.74515	453.58900	3	59.8389	2
1357.74520	679.87990	2	59.9823	1
1357.75610	453.59260	3	45.2338	1
1358.62800	680.32130	2	60.9093	1
1358.66265	680.33860	2	58.1221	2
1358.66470	680.33965	2	90.3874	2
1358.66780	680.34120	2	46.9898	1
1358.66845	453.89675	3	46.9380	2
1358.67960	453.90050	3	39.9737	1
1358.68010	680.34730	2	39.9935	2
1358.73690	680.37570	2	90.2699	1
1358.74085	680.37770	2	84.1246	2
1358.75755	680.38605	2	93.9603	2
1359.68155	680.84805	2	68.4142	2
1359.68795	454.23660	3	39.7350	2
1359.83480	454.28555	3	58.4457	2
1360.58670	454.53620	3	35.4133	2
1360.69870	681.35665	2	76.8771	2
1361.66670	681.84060	2	41.5162	2
1361.67185	681.84320	2	68.0845	2
1361.71950	681.86700	2	70.2108	1
1361.72400	681.86925	2	72.9650	2
1362.55950	682.28700	2	51.2045	2
1362.59010	682.30235	2	49.4526	2
1362.64445	682.32950	2	54.7588	2
1362.71150	682.36300	2	89.3713	2
1362.71510	682.36480	2	73.3414	1
1362.71550	682.36505	2	59.3863	2
1362.72305	682.36880	2	84.8540	2
1362.73020	455.25070	3	58.7028	1
1363.65850	682.83650	2	64.1221	2
1363.68440	682.84950	2	74.4055	1
1363.69005	455.57065	3	46.5470	2
1363.69170	682.85310	2	46.6202	2
1364.59200	455.87130	3	52.4183	1
1364.59235	683.30345	2	52.4621	2
1364.65500	683.33480	2	78.0493	3
1364.66930	683.34190	2	45.9507	2
1364.68315	683.34885	2	62.5031	2
1364.71790	683.36625	2	65.9828	2
1364.73555	683.37505	2	70.5680	2
1365.66705	683.84080	2	85.6349	2
1365.67930	683.84690	2	57.2693	2
1365.68120	456.23435	3	57.2323	2
1366.72060	456.58080	3	50.3440	1
1366.73180	456.58450	3	38.0067	1
1366.75455	456.59215	3	38.0461	2
1367.54600	684.78030	2	34.7066	3
1367.65440	456.89205	3	52.5937	2
1367.67400	456.89860	3	51.4073	2
1367.68760	684.85105	2	53.1186	2
1367.68770	456.90320	3	53.1872	3
1367.71215	684.86335	2	73.1038	2
1367.76690	684.89075	2	84.5667	2
1367.77745	684.89600	2	76.5607	2
1368.64660	457.22280	3	69.0490	2
1368.74955	685.38205	2	75.5831	2
1368.79825	457.27335	3	65.3595	2
1369.67490	457.56560	3	53.4666	1
1369.79280	685.90365	2	56.2385	2
1369.79410	457.60530	3	56.2465	3
1370.72355	686.36905	2	80.6212	2
1370.81825	686.41640	2	96.5483	2
1371.68420	686.84935	2	74.7828	2
1371.70730	686.86090	2	92.6766	1
1371.73640	458.25270	3	50.6042	2
1371.74765	458.25650	3	56.0302	2
1371.76210	686.88830	2	84.4077	1
1372.58480	687.29970	2	64.8932	2
1372.68490	687.34970	2	67.5117	2
1372.71885	458.58020	3	55.7331	2
1373.69020	687.85235	2	39.2291	2
1373.69060	458.90410	3	39.1559	2
1373.69340	687.85400	2	75.7911	2
1373.74070	687.87765	2	72.0298	2
1373.75245	687.88350	2	58.1853	2
1374.68765	459.23650	3	48.8271	2
1374.68835	688.35145	2	48.8394	2
1374.70795	688.36125	2	74.5082	2
1374.76225	459.26135	3	79.6196	2
1374.76290	688.38870	2	79.6567	2
1374.78685	688.40070	2	85.5067	2
1375.56890	459.53020	3	40.7624	2
1375.71290	459.57820	3	77.4918	1
1375.71870	688.86660	2	80.6760	2
1376.70885	689.36170	2	90.9484	2
1376.71480	689.36470	2	84.6418	2
1376.71850	689.36650	2	66.3295	2
1376.72985	459.91720	3	50.9657	2
1376.85015	459.95730	3	67.9345	2
1377.67245	689.84350	2	84.3139	2
1377.67770	689.84610	2	76.5137	2
1377.68740	689.85100	2	34.2170	1
1377.69035	460.23740	3	34.1648	2
1377.69165	460.23780	3	89.5917	2
1377.69680	689.85570	2	89.3309	2
1378.23385	690.12420	2	85.8371	4
1378.55430	690.28445	2	43.9456	2
1378.69875	690.35665	2	61.0414	2
1378.75485	690.38470	2	95.7411	2
1379.57040	690.79250	2	44.8828	2
1379.76575	460.92915	3	74.1137	2
1379.76690	690.89075	2	74.1191	2
1379.77265	690.89360	2	81.3254	2
1380.79780	691.40615	2	77.6563	2
1381.66650	691.84055	2	67.0203	2
1381.74480	691.87970	2	74.3327	1
1382.65350	692.33400	2	77.3785	2
1382.75960	692.38710	2	78.7043	2
1382.85060	461.95750	3	79.5526	1
1383.53990	692.77720	2	28.0341	1
1383.68165	462.23450	3	44.5597	2
1384.64135	462.55435	3	56.6565	2
1384.66185	693.33820	2	57.1459	2
1384.66810	693.34135	2	84.6971	2
1384.73440	462.58540	3	65.3813	2
1384.75810	693.38630	2	84.3252	2
1385.73530	693.87490	2	76.2761	2
1385.75180	693.88320	2	63.2500	2
1386.72425	463.24870	3	67.4708	2
1387.56210	694.78830	2	62.9466	1
1387.63000	694.82230	2	76.1608	2
1387.69375	694.85415	2	57.8149	2
1387.72825	463.58335	3	85.3813	2
1387.72950	694.87200	2	85.4780	2
1388.55605	695.28530	2	56.3032	2
1388.70445	695.35950	2	53.0515	2
1389.73405	695.87430	2	88.4964	2
1389.75185	695.88320	2	89.5946	2
1390.75740	464.59310	3	69.1393	2
1391.69240	464.90470	3	61.4951	1
1391.69425	696.85440	2	61.3262	2
1391.70465	696.85960	2	53.8707	2
1392.61695	465.21290	3	60.5424	2
1392.63865	697.32660	2	65.7157	2
1392.66800	697.34130	2	64.2340	2
1393.64460	697.82960	2	69.7027	2
1393.65170	697.83315	2	72.0622	2
1393.67770	697.84610	2	71.5400	2
1393.69210	697.85335	2	83.5677	2
1393.70200	465.57460	3	57.0266	2
1393.70305	697.85880	2	78.3385	2
1394.54830	698.28140	2	37.6022	1
1395.65175	698.83315	2	59.1996	2
1395.70965	466.24385	3	41.2606	2
1395.71020	698.86240	2	41.2931	2
1396.67785	699.34620	2	78.2241	2
1396.80480	699.40970	2	67.6931	2
1397.60305	466.87495	3	47.8637	2
1397.60310	699.80880	2	47.9165	1
1397.71650	699.86550	2	52.0774	2
1397.79695	699.90575	2	80.6375	2
1398.62625	700.32040	2	53.3061	2
1398.70495	700.35975	2	91.2721	2
1398.77240	700.39350	2	64.9511	2
1399.69410	700.85430	2	55.3300	2
1399.70070	467.57420	3	49.3487	2
1401.57045	701.79250	2	43.3777	2
1401.71090	701.86270	2	43.1545	2
1401.71195	468.24455	3	43.0924	2
1401.76265	701.88860	2	81.7237	2
1401.76350	468.26180	3	81.9099	1
1401.77665	468.26615	3	40.0531	2
1402.75090	702.38275	2	78.0672	2
1403.63150	702.82305	2	56.2926	2
1403.63980	702.82715	2	61.6609	2
1403.74090	702.87770	2	70.3263	2
1403.74145	468.92110	3	41.8145	2
1403.74200	702.87830	2	41.8493	2
1404.72820	703.37140	2	76.6337	2
1404.79925	703.40690	2	69.0242	2
1405.65065	703.83260	2	57.1458	2
1406.71595	704.36525	2	75.2633	2
1407.72495	704.86975	2	50.6936	2
1407.72505	470.24895	3	50.6309	2
1407.78265	470.26815	3	67.3902	2
1407.78330	470.26835	3	61.3054	2
1407.78370	704.89910	2	67.5944	1
1408.65070	705.33265	2	78.4069	2
1408.66245	705.33850	2	71.5290	2
1408.66915	705.34185	2	40.0610	2
1409.68750	705.85105	2	69.5150	2
1409.74040	470.92070	3	50.1147	2
1410.69900	706.35680	2	56.5959	2
1410.72515	471.24895	3	51.3918	2
1410.72580	706.37015	2	51.3562	2
1410.77225	471.26470	3	58.8739	2
1411.65995	706.83725	2	48.9217	2
1411.71675	471.57950	3	71.3292	2
1411.82895	706.92175	2	73.7829	2
1412.64355	707.32905	2	90.7099	2
1412.77375	707.39415	2	52.0566	2
1412.81375	707.41415	2	84.0051	2
1412.83895	471.95360	3	68.0543	2
1412.83915	707.42685	2	68.1029	2
1412.84145	707.42800	2	84.5811	2
1413.67530	707.84495	2	38.4559	2
1413.74770	707.88110	2	89.7688	1
1413.76610	707.89035	2	62.5653	2
1413.80765	472.27650	3	66.6095	2
1414.72440	708.36950	2	61.7259	2
1414.73085	472.58425	3	48.3815	2
1414.73120	708.37290	2	48.4374	2
1414.73195	708.37325	2	82.8094	2
1414.77090	708.39270	2	82.1212	1
1415.64855	708.83155	2	94.1754	2
1415.67850	472.90010	3	45.0971	1
1415.68940	708.85200	2	58.8106	2
1415.72630	708.87040	2	46.9006	1
1415.76125	472.92770	3	41.2727	2
1416.71470	473.24550	3	76.3590	1
1416.72555	709.37005	2	65.7723	2
1417.66760	709.84110	2	69.4230	2
1417.66925	709.84190	2	56.4199	2
1417.68030	473.56740	3	47.5540	2
1417.68090	709.84775	2	47.5357	2
1417.71050	709.86255	2	75.1544	2
1418.69865	473.90680	3	44.0861	2
1418.70760	710.36110	2	59.0592	2
1418.70940	710.36200	2	81.5760	2
1418.77775	710.39615	2	90.8694	2
1419.66480	710.83970	2	58.2780	2
1419.69825	710.85640	2	52.2655	2
1419.69860	474.24015	3	52.2318	2
1419.74680	474.25620	3	52.5922	1
1419.81450	710.91455	2	82.2558	2
1420.65160	711.33305	2	47.6372	6
1421.80315	474.94165	3	64.8328	2
1422.59370	475.20515	3	38.0112	2
1422.59470	712.30460	2	37.9949	2
1422.67330	475.23170	3	42.0160	2
1422.68720	712.35085	2	66.4824	2
1422.75330	712.38390	2	79.6907	2
1423.67050	712.84250	2	83.4771	2
1423.74130	712.87795	2	92.4289	2
1424.66195	713.33825	2	69.3283	2
1424.71955	713.36705	2	67.8721	2
1424.81350	713.41405	2	93.1360	2
1424.81400	475.94525	3	93.1222	2
1425.67285	713.84370	2	74.7573	2
1425.80975	713.91215	2	74.8916	2
1425.81960	476.28045	3	63.5502	2
1426.78870	476.60350	3	44.4488	1
1426.79410	714.40430	2	44.4183	1
1427.64210	714.82830	2	47.1933	2
1427.72590	476.91590	3	53.7238	2
1427.72670	714.87065	2	53.6022	2
1427.79700	476.93960	3	58.9374	2
1427.79900	714.90680	2	83.9763	2
1428.71190	477.24460	3	47.1239	2
1428.78125	477.26765	3	77.7815	2
1429.74925	715.88190	2	64.6886	2
1429.75670	715.88565	2	61.5013	2
1429.75745	477.59310	3	61.4379	2
1429.76200	715.88830	2	52.7192	2
1429.79675	715.90565	2	70.2456	2
1429.80225	715.90840	2	99.2856	2
1430.72840	716.37150	2	89.4239	1
1430.73625	477.91935	3	51.8017	2
1430.76260	716.38855	2	92.3906	2
1431.28695	716.65075	2	87.3651	4
1431.78795	478.26990	3	67.0442	2
1431.79945	716.90700	2	80.9747	2
1432.68700	717.35080	2	52.2265	1
1432.71525	478.57900	3	46.3513	2
1433.62670	717.82060	2	76.1399	1
1434.74830	718.38140	2	74.6889	2
1435.66230	718.83845	2	39.3142	2
1435.76850	718.89155	2	63.9721	2
1436.69450	719.35455	2	56.9071	2
1436.69470	479.90550	3	56.8355	2
1436.70445	719.35950	2	69.5360	2
1436.76355	479.92845	3	52.8296	2
1436.78760	479.93645	3	63.4030	2
1436.78810	719.40130	2	63.4862	1
1437.69290	719.85370	2	64.6588	2
1438.58915	480.53695	3	31.1721	2
1438.76920	720.39190	2	82.4972	1
1439.64445	720.82950	2	49.0995	2
1439.79995	720.90725	2	74.0565	2
1439.80760	720.91105	2	97.6431	2
1440.82025	721.41740	2	80.4855	2
1441.63260	721.82360	2	78.1647	2
1441.83115	721.92285	2	87.6578	2
1442.64850	722.33150	2	85.1287	2
1442.67045	722.34250	2	52.2737	2
1442.68825	722.35140	2	81.0375	2
1442.73025	481.91735	3	50.6410	2
1443.67385	722.84420	2	44.5545	2
1443.77210	482.26465	3	66.1120	2
1443.81005	722.91230	2	74.8999	2
1443.84505	722.92980	2	80.7868	2
1444.66995	723.34225	2	57.2039	2
1444.67680	723.34565	2	86.3845	2
1444.73270	482.58485	3	51.6918	2
1444.74215	723.37835	2	71.7478	2
1444.77085	482.59755	3	61.9618	2
1444.81140	723.41295	2	89.1933	2
1446.71365	724.36410	2	62.8381	2
1447.69475	724.85465	2	65.5198	2
1447.74080	724.87765	2	68.9089	2
1447.75575	483.59250	3	57.9008	2
1448.71440	725.36445	2	57.8393	2
1448.73845	725.37650	2	78.3189	2
1448.74415	725.37935	2	84.2234	2
1449.67695	725.84575	2	63.4301	2
1449.71170	725.86315	2	75.0837	2
1449.86735	484.29640	3	61.5549	2
1449.88300	725.94880	2	87.3448	2
1450.72425	726.36940	2	83.1278	2
1450.73575	726.37515	2	91.1395	2
1450.78985	484.60390	3	52.6208	4
1450.81805	484.61325	3	66.9059	2
1451.66390	484.89525	3	49.8978	2
1451.81895	484.94690	3	67.4539	2
1452.69840	727.35650	2	58.2731	1
1452.76855	485.26345	3	58.7218	2
1452.80020	727.40735	2	92.0404	2
1453.76210	727.88830	2	57.3222	2
1454.73050	728.37250	2	80.2051	2
1454.87125	485.96435	3	78.0421	2
1454.87160	728.44310	2	77.9711	2
1455.69290	486.23820	3	69.0012	2
1455.69955	728.85705	2	69.0429	2
1455.83795	728.92625	2	82.2804	2
1457.66260	729.83860	2	41.8992	1
1457.78790	486.93655	3	82.9006	2
1457.78880	729.90170	2	82.9350	2
1458.68440	730.34950	2	76.6955	2
1458.74675	487.25620	3	77.5388	2
1459.67390	730.84420	2	76.0357	2
1459.70600	730.86025	2	59.5853	2
1459.70910	730.86180	2	68.5974	2
1459.74450	730.87955	2	64.5450	2
1459.84020	487.62065	3	76.9942	2
1459.84145	730.92800	2	77.0485	2
1461.67970	731.84710	2	72.8628	1
1461.72265	488.24815	3	52.9408	2
1461.83800	731.92625	2	78.5303	2
1461.83840	488.28670	3	78.4340	2
1462.63200	488.55130	3	29.4532	1
1462.68820	732.35140	2	65.8859	2
1462.71220	732.36340	2	66.5057	1
1462.73220	732.37340	2	71.5006	1
1463.67565	488.89915	3	63.8540	2
1463.70785	488.90985	3	67.5385	2
1463.70965	732.86210	2	67.3295	2
1463.70965	732.86210	2	81.0835	2
1463.73975	488.92050	3	73.2226	2
1463.75345	732.88400	2	72.9730	2
1463.76310	732.88880	2	63.1229	3
1464.75035	489.25735	3	83.0304	2
1464.79310	489.27160	3	66.8228	5
1464.79460	733.40460	2	68.8093	3
1464.79475	733.40465	2	62.5885	2
1465.73500	733.87480	2	88.0315	2
1466.66370	489.89520	3	44.9007	2
1466.67840	734.34645	2	75.5774	2
1466.74440	734.37950	2	89.9602	1
1466.77420	489.93200	3	45.0115	2
1467.24615	734.63035	2	85.7137	4
1467.82340	490.28170	3	57.3730	3
1468.68795	735.35125	2	54.1409	2
1468.79710	735.40580	2	75.3545	1
1470.74700	491.25630	3	67.1935	2
1470.74870	491.25680	3	57.2644	2
1470.78740	491.26970	3	44.4689	1
1470.79725	736.40590	2	90.1558	2
1470.84605	736.43030	2	84.2555	2
1471.70860	736.86155	2	54.9779	2
1471.72620	491.58270	3	41.7765	1
1471.74135	736.87795	2	66.0443	2
1471.75805	491.59330	3	68.1409	2
1472.71510	491.91230	3	46.2649	1
1472.73705	491.91960	3	58.5939	2
1472.73910	737.37680	2	58.6593	2
1472.76150	491.92780	3	67.5467	2
1472.77500	491.93230	3	60.5572	1
1473.76185	492.26120	3	72.5996	2
1473.76300	492.26160	3	75.8223	2
1474.76735	738.39095	2	80.0864	2
1475.77440	492.93210	3	63.9691	2
1476.68890	739.35170	2	53.4923	2
1476.70915	739.36185	2	65.9183	2
1476.78285	739.39870	2	73.9931	2
1477.74415	739.87935	2	85.8367	2
1477.75955	739.88705	2	73.2644	2
1477.76880	739.89170	2	89.4401	1
1478.63975	740.32715	2	49.0656	2
1478.77750	740.39605	2	75.3369	2
1479.73280	740.87370	2	78.3403	1
1480.71880	741.36670	2	86.4670	2
1480.78920	494.60365	3	65.7320	2
1480.83620	494.61930	3	59.9639	2
1481.72750	494.91640	3	63.2489	1
1482.80810	742.41130	2	87.9825	1
1482.81290	742.41375	2	91.0785	2
1482.83095	742.42275	2	69.3027	2
1483.71315	495.57835	3	62.7519	2
1483.74570	495.58915	3	30.3065	2
1483.76435	742.88945	2	77.2610	2
1484.68310	743.34885	2	44.3700	2
1484.80965	743.41210	2	84.1865	2
1484.82195	495.94790	3	76.0279	2
1484.82215	743.41835	2	76.1223	2
1485.82250	496.28145	3	88.6635	2
1485.82405	743.91930	2	88.6031	2
1486.72035	496.58075	3	76.8687	2
1486.76445	744.38950	2	72.2285	2
1486.77860	496.60015	3	55.0379	2
1486.78105	496.60095	3	68.2508	2
1486.78285	744.39870	2	68.1931	2
1488.64720	745.33085	2	49.7119	2
1488.74365	497.25515	3	45.8919	2
1488.79505	497.27230	3	60.4816	2
1489.70430	497.57535	3	58.9062	2
1490.73120	497.91765	3	59.0476	2
1490.73850	746.37650	2	91.5116	1
1491.81100	746.91275	2	90.8694	2
1492.67900	747.34680	2	82.4382	1
1492.73955	498.58715	3	77.3210	2
1492.80705	498.60960	3	77.7241	2
1493.64830	498.89005	3	39.7641	2
1493.74705	498.92295	3	57.4479	2
1493.74865	747.88160	2	57.4082	2
1493.78430	498.93540	3	73.5006	1
1495.74190	499.58790	3	70.1828	2
1495.83960	748.92705	2	82.6197	2
1495.85520	499.62565	3	83.5023	2
1495.85790	748.93620	2	83.7021	2
1495.87145	499.63110	3	70.7036	2
1496.68740	749.35095	2	86.5989	2
1496.73060	499.91750	3	66.1011	1
1496.76160	499.92780	3	57.7855	2
1496.76385	749.38920	2	65.7698	2
1496.78560	749.40010	2	72.0998	2
1496.82540	749.42000	2	93.1277	2
1497.84405	749.92930	2	93.9909	2
1498.76025	750.38740	2	76.1770	2
1498.79830	500.60670	3	47.9794	1
1498.84250	750.42850	2	86.0890	2
1499.71450	500.91210	3	56.8635	2
1500.76270	501.26150	3	57.1463	2
1500.79420	501.27200	3	60.4495	2
1500.79565	751.40510	2	60.4819	2
1500.81505	501.27895	3	70.5075	2
1500.81540	501.27910	3	66.4137	1
1501.28705	751.65080	2	73.2184	4
1501.71750	501.57975	3	52.0209	2
1501.71755	751.86605	2	52.0903	2
1501.84415	501.62200	3	50.4856	2
1502.64720	752.33085	2	79.4465	2
1502.75095	752.38275	2	89.1328	2
1503.75230	752.88345	2	76.6926	2
1503.79440	752.90450	2	81.7910	2
1504.66270	753.33860	2	49.1223	1
1504.74910	502.59030	3	55.3091	2
1504.79730	753.40595	2	70.2800	2
1504.87645	502.63275	3	81.8249	2
1505.65250	502.89140	3	48.2398	2
1505.70855	502.91015	3	58.0043	2
1505.72710	502.91630	3	62.3418	2
1505.92045	753.96750	2	94.4867	2
1506.79470	754.40460	2	61.3382	2
1506.79520	754.40490	2	67.2800	2
1507.71440	503.57875	3	64.9425	2
1507.73425	503.58535	3	53.6400	2
1508.74360	755.37910	2	88.1522	2
1508.74450	503.92210	3	88.3980	1
1508.81340	755.41395	2	49.8039	2
1508.81355	503.94510	3	49.7652	2
1509.65785	504.22655	3	47.7289	2
1509.65985	755.83720	2	47.7862	2
1509.74525	504.25570	3	53.0307	2
1510.70565	756.36010	2	71.5072	2
1510.70770	504.57650	3	59.0572	2
1510.71385	756.36420	2	59.1063	2
1510.74585	756.38020	2	75.7197	2
1510.75210	504.59130	3	58.9577	2
1511.71615	756.86535	2	43.5286	2
1511.78705	756.90080	2	100.8065	2
1511.82385	756.91920	2	93.8403	2
1511.85690	756.93570	2	81.7910	2
1512.20745	505.07640	3	44.4991	4
1512.87740	757.44600	2	86.2090	2
1513.69575	757.85515	2	69.9458	2
1513.75185	757.88320	2	78.6792	2
1513.87195	505.63125	3	98.5874	2
1513.87270	757.94365	2	98.4145	2
1514.72270	505.91485	3	57.8922	2
1514.79490	505.93890	3	92.8390	1
1514.79890	758.40675	2	67.4035	2
1514.80015	758.40735	2	92.7526	2
1514.85745	505.95975	3	91.4308	2
1514.85795	758.43625	2	91.3671	2
1515.71725	758.86590	2	78.9173	2
1515.71765	506.24645	3	78.9920	2
1515.75170	506.25785	3	34.0973	2
1515.75460	758.88460	2	34.1728	2
1515.76115	758.88785	2	90.0918	2
1515.77155	506.26445	3	79.5936	2
1515.79000	506.27060	3	51.7671	1
1515.82290	758.91875	2	80.2161	2
1516.77840	759.39645	2	75.4527	2
1516.80010	759.40735	2	80.7007	2
1516.80050	506.60740	3	49.8576	1
1516.83335	759.42395	2	81.2632	2
1517.71350	506.91180	3	55.3511	3
1517.73055	759.87255	2	63.4908	2
1517.73685	759.87570	2	70.8535	2
1517.80945	506.94375	3	77.8097	2
1517.81085	759.91270	2	77.9117	2
1518.79485	760.40470	2	85.2860	2
1518.92540	507.31575	3	64.2310	2
1519.74630	760.88045	2	64.6342	2
1519.82555	760.92005	2	93.5125	2
1520.73580	761.37515	2	53.8598	2
1521.79395	508.27195	3	45.7410	2
1523.76560	762.89005	2	94.4206	2
1523.86675	508.96285	3	78.2854	2
1523.88235	762.94845	2	91.3615	2
1524.73980	763.37715	2	73.0299	2
1524.82890	509.28360	3	70.5571	1
1525.85835	763.93645	2	99.2856	2
1526.73325	509.91835	3	35.3910	2
1527.70990	510.24390	3	36.6785	2
1527.78385	764.89920	2	93.0512	2
1528.74875	765.38165	2	94.3084	2
1528.79930	765.40695	2	73.5541	2
1528.80985	510.61055	3	70.5951	2
1529.66370	510.89520	3	39.5419	4
1529.66400	765.83925	2	39.5773	2
1529.81080	765.91270	2	88.1057	1
1529.84095	510.95425	3	65.4162	2
1529.85700	510.95960	3	81.0460	2
1530.80500	511.27560	3	67.8199	2
1531.69775	511.57320	3	65.5043	2
1531.77465	766.89460	2	66.5405	2
1531.80100	766.90775	2	69.4804	2
1531.81425	766.91440	2	86.4079	2
1532.79730	767.40595	2	72.9066	2
1532.82145	767.41800	2	83.3482	2
1533.72450	767.86950	2	72.3106	1
1533.72790	767.87120	2	72.2732	1
1533.74260	767.87860	2	36.5569	1
1533.74355	512.25515	3	36.4961	2
1533.74485	512.25555	3	51.1191	2
1533.74705	767.88080	2	69.1948	2
1533.79830	767.90645	2	74.1891	2
1533.79835	512.27335	3	99.0012	2
1533.79940	767.90695	2	98.9236	2
1534.29750	768.15605	2	74.9618	4
1535.67005	512.89725	3	38.5729	2
1535.67800	768.84630	2	60.9427	2
1535.78420	512.93535	3	69.6396	2
1537.71995	513.58060	3	80.7285	2
1538.82390	770.41925	2	79.7128	2
1540.69800	514.57330	3	61.5186	1
1540.80800	514.60995	3	64.2795	2
1541.78825	771.90140	2	59.4141	2
1541.81630	771.91545	2	70.3589	2
1541.82930	514.95040	3	76.5470	1
1541.83075	771.92265	2	76.4215	2
1542.77210	515.26465	3	55.2485	2
1542.78920	772.40190	2	62.4060	2
1546.69810	774.35630	2	67.7174	2
1547.67290	774.84375	2	63.4963	2
1547.77270	516.93150	3	55.3954	2
1547.82025	774.91740	2	71.7422	2
1547.82310	774.91880	2	84.3760	1
1547.83105	516.95095	3	59.3474	2
1547.83255	774.92355	2	59.3811	2
1548.77690	775.39570	2	71.8713	2
1548.77915	517.26695	3	71.9334	2
1548.79980	517.27385	3	62.4060	2
1548.92425	775.46940	2	81.1373	2
1549.60025	775.80740	2	46.4331	2
1549.74385	517.58855	3	64.1089	2
1549.74395	775.87925	2	64.2893	2
1549.82720	775.92085	2	74.1522	2
1550.68910	517.90365	3	34.8607	2
1550.74055	517.92075	3	52.3923	2
1550.74275	776.37865	2	52.4539	2
1550.76955	517.93045	3	58.5319	2
1550.77005	776.39230	2	58.5986	2
1550.85230	776.43345	2	97.2120	2
1551.71630	518.24605	3	37.6065	2
1551.76795	776.89125	2	68.9696	2
1551.77605	518.26595	3	40.5800	2
1551.84650	776.93050	2	91.4574	2
1552.73140	518.58440	3	68.3829	2
1553.83115	518.95100	3	82.5842	2
1553.83285	777.92370	2	82.5599	2
1553.83540	777.92500	2	99.1827	2
1555.73840	778.87645	2	73.1252	2
1555.75155	519.59110	3	52.8220	2
1555.76320	519.59500	3	56.7580	1
1555.78965	778.90210	2	84.4122	2
1555.84520	778.92990	2	83.0517	1
1555.84860	778.93160	2	83.0884	1
1555.85720	519.62630	3	35.1730	2
1555.88255	519.63480	3	78.9249	2
1556.84235	779.42845	2	92.0947	2
1557.78250	779.89850	2	80.7730	2
1557.83495	779.92475	2	90.9021	2
1558.76665	780.39060	2	92.3297	2
1558.77475	780.39465	2	68.4351	2
1558.80080	780.40770	2	80.4660	2
1559.75130	520.92440	3	72.6584	1
1559.83640	780.92545	2	87.4845	2
1560.84080	781.42765	2	86.8395	2
1560.84245	781.42850	2	80.0835	2
1561.78960	781.90210	2	77.5647	2
1561.83600	781.92530	2	88.9620	2
1562.77220	521.93130	3	68.3671	1
1563.80515	522.27565	3	74.6307	2
1564.29865	783.15660	2	74.7379	4
1564.71610	522.57930	3	54.4763	1
1564.71750	783.36605	2	54.5473	2
1564.74235	783.37845	2	56.9563	2
1564.87380	783.44420	2	101.6923	1
1565.78580	522.93590	3	59.0710	1
1565.83070	522.95085	3	68.1136	2
1567.82420	523.61530	3	82.8615	1
1567.82700	784.92080	2	82.7750	2
1567.89165	784.95310	2	98.7335	2
1569.87700	785.94580	2	77.6648	2
1569.91460	785.96460	2	88.5944	2
1570.74445	524.58875	3	53.2111	2
1570.80995	786.41225	2	60.1482	2
1570.82320	786.41890	2	85.0607	1
1571.68555	524.90245	3	57.0171	2
1572.78310	787.39885	2	59.6180	2
1572.83025	525.28405	3	80.3376	2
1573.68590	525.56920	3	43.3220	2
1573.76480	787.88970	2	66.6797	1
1573.77970	787.89710	2	88.4401	2
1573.82815	787.92135	2	82.3510	2
1573.83685	787.92570	2	75.9127	2
1574.71200	788.36330	2	72.1298	2
1576.75480	789.38470	2	76.0001	2
1577.76950	526.93040	3	73.3305	3
1577.77200	789.89325	2	91.9670	2
1577.78980	789.90215	2	76.8983	2
1578.83820	527.28665	3	71.8757	2
1578.85380	790.43420	2	86.5637	1
1578.85410	527.29200	3	57.9237	2
1578.87325	527.29835	3	84.7951	2
1578.87420	790.44435	2	84.8456	2
1580.69960	527.90710	3	42.2764	2
1580.80505	527.94230	3	63.3726	2
1580.85735	791.43595	2	96.5453	2
1580.92845	527.98340	3	77.0237	2
1581.76505	791.88980	2	67.0524	2
1582.84725	792.43090	2	79.1391	2
1582.87045	792.44250	2	72.4796	2
1583.86815	528.96335	3	71.8115	2
1584.74160	529.25450	3	67.9573	1
1585.82100	529.61430	3	66.7383	1
1586.18170	794.09815	2	64.5355	4
1586.86780	794.44120	2	87.1340	3
1587.85080	794.93270	2	87.4636	1
1587.85795	530.29325	3	66.1032	2
1588.72750	795.37105	2	71.6296	2
1588.75855	530.59345	3	59.8640	2
1588.84670	795.43060	2	94.4813	1
1589.82095	530.94760	3	85.2213	2
1589.82335	795.91895	2	85.1578	2
1590.76190	796.38825	2	79.6366	2
1590.79250	531.27140	3	87.5608	1
1590.79625	796.40540	2	82.9756	2
1590.85230	796.43340	2	91.2039	1
1591.74740	531.58970	3	45.3534	2
1591.74935	796.88195	2	45.3839	2
1591.80275	796.90865	2	60.1564	2
1591.80580	531.60920	3	60.0136	1
1591.86345	796.93900	2	87.9906	2
1592.82080	531.94750	3	68.2777	1
1592.91550	797.46500	2	73.4950	1
1593.74325	532.25500	3	56.3539	2
1593.74350	797.87900	2	56.4201	2
1593.75860	797.88660	2	85.2596	2
1593.95025	797.98240	2	83.4174	2
1595.80310	798.90885	2	93.5627	2
1595.86340	532.96170	3	51.4885	1
1596.76645	533.26275	3	53.9831	2
1596.77825	799.39640	2	69.3595	2
1596.80040	799.40745	2	54.8294	2
1597.86885	799.94170	2	71.3875	2
1597.88240	799.94845	2	82.5384	2
1598.84280	533.95485	3	83.7769	2
1598.84705	800.43080	2	83.6594	2
1599.78720	800.90085	2	43.9791	2
1599.84810	800.93130	2	75.6999	2
1599.89760	534.30645	3	64.5662	2
1599.89815	534.30665	3	78.4899	2
1599.90250	800.95850	2	64.6272	1
1600.29270	534.43815	3	64.8968	4
1600.77920	801.39690	2	78.0024	2
1600.84290	534.62155	3	65.7988	2
1600.86760	801.44110	2	65.0120	2
1601.72755	801.87105	2	53.3627	2
1602.80335	802.40895	2	77.3266	2
1602.86330	802.43895	2	74.0805	2
1603.81140	802.91295	2	82.3537	2
1604.74515	803.37985	2	65.6019	2
1605.81630	803.91540	2	77.9981	1
1606.76460	536.59550	3	70.9383	1
1607.84850	804.93150	2	86.4725	2
1607.90345	536.97510	3	81.2715	2
1609.83640	537.61940	3	90.7178	1
1609.83935	805.92695	2	90.7154	2
1610.78365	537.93515	3	66.4694	2
1610.90925	806.46190	2	99.5281	2
1610.97390	537.99860	3	72.3781	1
1611.78990	806.90225	2	66.0525	2
1611.79030	806.90240	2	75.8913	1
1612.87215	807.44335	2	90.4541	2
1612.90505	538.64230	3	78.2296	2
1613.85130	807.93290	2	83.5959	2
1613.90490	807.95975	2	81.9496	2
1614.75970	808.38715	2	90.1697	2
1614.84110	808.42785	2	78.6251	2
1615.75895	539.59360	3	58.7596	2
1615.85750	539.62645	3	74.0450	2
1615.89375	808.95415	2	86.1881	2
1616.73270	539.91815	3	48.7723	2
1616.78090	809.39770	2	75.9283	1
1616.84985	809.43220	2	93.8074	2
1616.92515	539.98230	3	62.9278	2
1617.78620	809.90035	2	45.3656	2
1617.83845	809.92650	2	78.8375	2
1619.81700	540.94630	3	66.8189	2
1620.86235	541.29470	3	87.4713	2
1620.86470	811.43960	2	87.4388	2
1621.82925	811.92190	2	85.8367	2
1621.87370	811.94410	2	71.8114	2
1622.76625	541.92935	3	38.9202	2
1622.79800	812.40630	2	83.2481	1
1622.79820	541.94000	3	83.1279	2
1622.82855	812.42155	2	69.2372	2
1623.86415	812.93935	2	89.0610	2
1625.77350	813.89405	2	78.7353	2
1625.77680	813.89570	2	81.9838	2
1625.83190	542.95120	3	84.5531	1
1625.83300	542.95160	3	85.6945	1
1625.87460	542.96550	3	67.6036	2
1626.85715	543.29300	3	58.3863	2
1626.85870	814.43660	2	58.4180	2
1627.74805	814.88130	2	68.3716	2
1627.78530	543.60240	3	50.9783	1
1628.79035	543.93740	3	95.7113	2
1628.79035	815.40245	2	95.6729	2
1628.81625	815.41540	2	57.8442	2
1628.81635	543.94605	3	57.8061	2
1629.87420	815.94435	2	70.5790	2
1629.88195	815.94825	2	90.1641	2
1630.84445	816.42950	2	83.5135	2
1630.84565	544.62250	3	83.3801	2
1631.83080	544.95090	3	62.4607	1
1631.88760	544.96980	3	74.7353	1
1631.92575	544.98250	3	72.8708	2
1631.92705	816.97080	2	72.9356	2
1632.77855	545.26675	3	47.3328	2
1633.84345	545.62175	3	81.0060	2
1633.85725	545.62635	3	63.1113	2
1634.82965	545.95045	3	45.7992	2
1634.88795	545.96995	3	54.8237	2
1635.76435	546.26205	3	55.7386	2
1636.94140	819.47795	2	93.1631	2
1638.84125	547.28770	3	77.0818	2
1639.74200	820.87825	2	63.2205	2
1639.87620	547.63270	3	79.1922	2
1639.87815	820.94635	2	79.2310	2
1639.87855	547.63345	3	96.6940	2
1639.88185	820.94820	2	96.3450	2
1639.93215	820.97335	2	91.6860	2
1640.84820	547.95665	3	48.2716	2
1641.79520	548.27230	3	72.5560	1
1641.88370	821.94910	2	85.3636	2
1642.69015	822.35235	2	47.8705	2
1642.80625	822.41040	2	60.0841	2
1642.85300	548.62490	3	49.4233	2
1642.85435	822.43445	2	49.4821	2
1642.88200	548.63460	3	80.7394	2
1643.78995	548.93725	3	48.1567	2
1643.82670	822.92060	2	45.7918	1
1643.82880	822.92165	2	75.9070	2
1643.84135	548.95440	3	67.9288	2
1644.84265	412.21795	4	43.2115	2
1645.90465	549.64215	3	68.7902	2
1646.83840	549.95340	3	62.5368	2
1648.96845	413.24940	4	59.7067	2
1648.96945	550.66375	3	59.6526	2
1649.93665	825.97560	2	77.9091	2
1651.90145	826.95800	2	89.8748	2
1651.92630	551.64940	3	86.0890	2
1651.92920	826.97190	2	86.0543	2
1653.87275	552.29820	3	77.2067	2
1653.92175	552.31455	3	77.9767	2
1654.78655	828.40055	2	71.6885	2
1654.81960	552.61380	3	79.4908	1
1654.89090	552.63760	3	82.3465	1
1654.89420	828.45440	2	82.2239	2
1655.76335	552.92840	3	50.0506	2
1657.81875	829.91665	2	89.9026	2
1657.92140	553.64770	3	84.9617	1
1658.79185	553.93785	3	55.5211	2
1658.83715	830.42585	2	79.8947	2
1659.91120	554.31100	3	80.4290	2
1659.91135	830.96295	2	80.5596	2
1660.73815	554.58665	3	66.2045	2
1660.84240	554.62140	3	63.6421	2
1660.84600	554.62260	3	66.3824	1
1661.90500	831.95975	2	79.0480	2
1662.80055	555.27415	3	53.0636	2
1662.83045	832.42250	2	70.7579	2
1663.79880	555.60690	3	73.1519	1
1664.72670	833.37065	2	67.7230	2
1664.81055	833.41255	2	80.3404	2
1664.84225	833.42840	2	74.1715	2
1666.86820	556.63000	3	78.0980	2
1666.87830	834.44640	2	81.9838	2
1666.91860	834.46660	2	83.7192	2
1667.71295	556.91155	3	69.2372	2
1667.81535	556.94570	3	59.1300	2
1667.86385	834.93920	2	78.0308	2
1668.81385	557.27855	3	58.5727	2
1669.85435	835.93445	2	72.4669	2
1669.91385	557.64520	3	91.2375	2
1670.83235	836.42345	2	98.2019	2
1670.88395	836.44925	2	56.5367	2
1670.88490	557.96890	3	56.4689	2
1671.71890	558.24690	3	51.9306	2
1672.72140	558.58105	3	43.6131	2
1673.80120	837.90790	2	90.0724	2
1673.90010	558.97400	3	77.7554	2
1673.90050	837.95755	2	77.5930	2
1674.88775	838.45115	2	93.3311	2
1675.73755	419.94165	4	31.3630	2
1676.22920	559.75035	3	31.8235	4
1676.81515	839.41485	2	68.2271	2
1677.81335	560.27840	3	71.7782	2
1678.00395	560.34190	3	66.9935	2
1681.82100	561.61430	3	76.8019	1
1681.82180	841.91820	2	76.6841	2
1681.90075	561.64085	3	81.3845	2
1681.90220	841.95840	2	81.3171	2
1681.92810	561.65000	3	94.7085	1
1681.93085	841.97270	2	94.7225	2
1682.80025	842.40740	2	88.8440	2
1682.86440	842.43945	2	94.1752	2
1682.89245	842.45350	2	80.2783	2
1682.93155	561.98445	3	82.6278	2
1683.88515	842.94985	2	78.1268	2
1684.74075	422.19250	4	27.4900	2
1684.74180	562.58785	3	27.4577	2
1684.91690	843.46575	2	81.9112	2
1685.91425	562.97865	3	66.6714	2
1686.87665	563.29945	3	65.1074	2
1687.91630	844.96540	2	89.2710	2
1687.93600	563.65260	3	66.2287	1
1688.73320	563.91830	3	33.0414	3
1688.73365	845.37410	2	33.3315	2
1688.87290	563.96490	3	59.5202	1
1688.87880	845.44670	2	84.6888	2
1689.84150	564.28775	3	59.6470	2
1689.90790	564.30990	3	95.9894	2
1689.91180	845.96315	2	96.0741	2
1690.96135	564.66105	3	64.9989	2
1692.81630	565.27940	3	85.0650	2
1692.82070	847.41760	2	84.9998	2
1692.96930	565.33035	3	91.8408	2
1692.97220	847.49335	2	91.7795	2
1693.93700	565.65290	3	64.6520	1
1693.94115	565.65435	3	83.7613	2
1694.80235	565.94135	3	51.1478	2
1694.83840	565.95340	3	48.9188	1
1695.32930	848.67195	2	70.4685	4
1696.77415	849.39435	2	64.2224	2
1696.84530	849.42995	2	87.4902	2
1696.90800	566.64330	3	86.7349	2
1696.90915	849.46185	2	86.6101	2
1697.90315	566.97500	3	79.3741	2
1697.90505	849.95980	2	79.3575	2
1698.00890	850.01170	2	84.4852	2
1698.01025	567.01070	3	84.2877	2
1698.88840	567.30340	3	41.1961	1
1698.89865	567.30680	3	85.7958	2
1698.90155	850.45805	2	85.7459	2
1698.90380	567.30855	3	59.7319	2
1699.86760	567.62980	3	77.1180	2
1700.91150	851.46305	2	81.4482	2
1701.86975	568.29715	3	62.1621	2
1703.81690	568.94625	3	61.5621	2
1704.72835	427.18940	4	28.2988	2
1704.72990	569.25060	3	28.2914	3
1704.89650	853.45550	2	91.9942	1
1704.91575	569.31250	3	71.6884	2
1705.83650	569.61940	3	48.0312	3
1705.83950	853.92705	2	48.1284	2
1705.87300	853.94380	2	97.9862	1
1705.88305	569.63495	3	70.7247	2
1705.88320	853.94890	2	70.8444	1
1705.91820	569.64670	3	68.5844	1
1706.82300	569.94830	3	47.0579	1
1706.88655	854.45055	2	89.6207	2
1706.90430	569.97540	3	84.6122	3
1707.39695	854.70575	2	85.8594	4
1707.80530	854.90990	2	82.2933	2
1707.88835	854.95145	2	95.4014	2
1707.89860	570.30680	3	78.6393	6
1707.89940	570.30710	3	95.4469	1
1707.97910	570.33360	3	79.8693	2
1707.97910	854.99680	2	79.7753	2
1708.80800	570.60990	3	82.3150	1
1709.98315	571.00165	3	77.2691	2
1710.01795	571.01325	3	81.6715	2
1712.88760	571.96980	3	67.7762	1
1712.88935	857.45195	2	67.6822	2
1712.93915	571.98695	3	70.0103	2
1714.89990	572.64055	3	63.7916	2
1714.90210	858.45830	2	63.8622	2
1714.90470	858.45965	2	71.6588	2
1717.86430	573.62870	3	72.9961	2
1717.86470	859.93960	2	73.0299	2
1717.87080	859.94270	2	84.9674	1
1717.89755	859.95605	2	95.5085	2
1720.90410	861.45935	2	78.7701	2
1721.76220	861.88835	2	38.9202	2
1721.86365	861.93910	2	75.9641	2
1722.87365	575.29850	3	77.1402	2
1722.89820	575.30670	3	77.3451	2
1723.02415	575.34865	3	70.8826	2
1723.02580	862.52015	2	70.8919	2
1724.87610	863.44530	2	83.6099	2
1724.94185	575.98790	3	82.0452	2
1725.95195	863.98325	2	87.2733	2
1726.01550	576.34575	3	83.6681	2
1726.93615	576.65265	3	74.9577	2
1728.78950	577.27045	3	64.7538	2
1728.93500	577.31890	3	60.7398	2
1729.00335	577.34170	3	84.2000	2
1730.75635	577.92605	3	65.8977	2
1730.89530	866.45490	2	73.9522	2
1730.90225	866.45840	2	90.1038	2
1731.04605	578.02265	3	91.0520	2
1731.89060	866.95260	2	70.1224	1
1731.92750	866.97100	2	87.7838	1
1733.81070	434.46000	4	28.3628	1
1733.87425	578.96535	3	76.9860	2
1733.87480	867.94470	2	77.1051	1
1735.87875	579.63350	3	80.1456	2
1735.96505	579.66230	3	99.9190	2
1735.96860	868.99160	2	99.8179	2
1736.84545	869.43000	2	81.5382	2
1736.84615	579.95595	3	81.5960	2
1737.92665	580.31615	3	79.9284	2
1737.99385	870.00420	2	92.6990	2
1738.80315	870.40885	2	69.5753	2
1738.82090	580.61420	3	61.1875	2
1738.82115	580.61430	3	67.2145	2
1739.84510	580.95560	3	71.4476	2
1739.88690	580.96955	3	69.4568	2
1742.87470	581.96550	3	68.6234	2
1742.97900	582.00030	3	74.2400	1
1743.79395	872.90425	2	68.7856	2
1743.81150	872.91300	2	51.9520	2
1743.86645	582.29610	3	50.2955	2
1743.98435	872.99945	2	97.8418	2
1744.90105	582.64095	3	72.7361	2
1745.91440	582.97870	3	75.3967	2
1745.93640	873.97545	2	84.0991	2
1746.79555	874.40505	2	91.5922	2
1746.81365	874.41410	2	75.6392	2
1748.87550	583.96575	3	64.2634	2
1748.96830	583.99670	3	68.7081	1
1749.86530	875.93995	2	62.9856	2
1749.86655	584.29615	3	63.0518	2
1750.01085	584.34420	3	57.5008	2
1750.01170	876.01310	2	57.5968	2
1751.84220	584.95470	3	58.4956	1
1751.93800	876.97625	2	92.5730	2
1752.98670	585.33615	3	87.7858	2
1752.99050	877.50250	2	87.7276	2
1753.84840	585.62340	3	54.0072	1
1754.86320	878.43890	2	76.4588	2
1755.86175	878.93815	2	71.9726	2
1755.91045	878.96250	2	92.2825	2
1755.92625	586.31600	3	66.6381	2
1756.88910	586.63695	3	80.5820	2
1756.89080	879.45270	2	80.4573	2
1757.92360	586.98180	3	75.4582	2
1758.79260	880.40360	2	49.8653	2
1758.83240	587.28470	3	78.4676	2
1759.84550	880.93000	2	91.1718	1
1759.85000	587.62395	3	67.0744	2
1760.92110	587.98100	3	81.7196	1
1760.93855	881.47655	2	89.5042	2
1761.89690	588.30620	3	75.2591	1
1761.89830	441.48190	4	79.8965	1
1762.84490	882.42975	2	77.3838	2
1763.83335	882.92395	2	62.9911	2
1764.32480	589.11550	3	64.4648	4
1765.00060	589.34080	3	94.4402	2
1765.00435	883.50945	2	94.4034	2
1765.86375	883.93915	2	81.5337	2
1765.88970	883.95215	2	66.5737	2
1766.94850	884.48150	2	85.5700	2
1767.82170	590.28120	3	65.8365	2
1767.84870	590.29015	3	90.7596	2
1767.84980	884.93215	2	90.7760	2
1767.97110	590.33095	3	90.9841	2
1768.90295	885.45875	2	81.1966	2
1769.02100	590.68095	3	82.2586	2
1770.00575	591.00915	3	75.3012	2
1770.00610	886.01035	2	93.2582	2
1770.89045	591.30410	3	82.8478	2
1771.84380	886.92920	2	77.6116	3
1774.88415	888.44935	2	59.9353	2
1775.37795	592.79990	3	61.0238	4
1776.83060	889.42260	2	64.6820	3
1776.89765	593.30650	3	68.5203	2
1778.98845	594.00340	3	73.2006	2
1778.99040	890.50250	2	73.0896	2
1779.80400	445.95830	4	52.6995	1
1779.99130	891.00290	2	74.6082	2
1780.40430	594.47535	3	54.8228	4
1780.78660	594.60280	3	63.2782	1
1782.87630	595.29940	3	77.2065	2
1783.84685	892.93070	2	74.4826	2
1784.88080	595.96755	3	63.5526	2
1784.88235	893.44845	2	63.6471	2
1784.91645	595.97945	3	56.6169	2
1785.88400	596.30190	3	89.9379	1
1785.88780	893.95120	2	89.8444	2
1788.91280	597.31155	3	37.1941	2
1789.93070	895.97260	2	83.4515	2
1792.91175	598.64450	3	62.8640	2
1793.05860	897.53655	2	99.8001	2
1793.88110	897.94780	2	91.0973	1
1793.92175	897.96815	2	85.8042	2
1794.81850	898.41650	2	64.5821	2
1794.85900	898.43680	2	83.1997	2
1794.98480	898.49970	2	80.7984	2
1796.85655	599.95945	3	75.7680	2
1796.88000	599.96730	3	85.6457	2
1796.96730	599.99640	3	86.2422	1
1796.97950	600.00045	3	72.3820	2
1801.00000	601.34060	3	84.0421	2
1802.89550	601.97240	3	99.3552	1
1804.86910	602.63030	3	67.1612	2
1804.89670	602.63950	3	79.3178	2
1804.97000	903.49230	2	80.3841	1
1804.97130	602.66440	3	79.9566	3
1805.35905	903.68680	2	66.5380	4
1805.38925	903.70190	2	74.6347	4
1806.82690	603.28290	3	63.7076	2
1806.88340	904.44900	2	70.1502	2
1809.91450	905.96455	2	74.3407	2
1809.99575	906.00515	2	74.7198	2
1809.99730	604.33970	3	74.6248	2
1813.94860	907.98155	2	85.0649	2
1814.80260	605.94150	3	81.8465	2
1814.80460	908.40960	2	81.8879	2
1814.97135	605.99775	3	67.6604	2
1815.92635	908.97045	2	87.8333	2
1815.94000	606.32060	3	73.7582	1
1815.97725	908.99590	2	88.4747	2
1817.86190	606.96120	3	70.8169	1
1817.90155	606.97445	3	50.7878	2
1820.89555	607.97245	3	74.2450	2
1820.91500	607.97890	3	80.5889	1
1821.00455	608.00880	3	81.7708	2
1821.06130	608.02770	3	85.7210	1
1821.84870	608.29015	3	82.1943	2
1821.89890	608.30690	3	54.4561	2
1822.91570	912.46510	2	73.6455	2
1823.90595	608.97590	3	69.8787	2
1825.86385	913.93920	2	57.0010	2
1825.86415	609.62865	3	56.8992	2
1825.89560	913.95505	2	68.5552	2
1827.94140	610.32110	3	75.4342	1
1827.96685	610.32955	3	66.7419	2
1827.97005	914.99230	2	66.6885	2
1828.91320	915.46385	2	85.5784	2
1828.95200	915.48330	2	74.6944	2
1828.99080	915.50270	2	85.1370	2
1830.85675	611.29285	3	65.3180	2
1832.00840	611.67670	3	74.1051	2
1832.86890	917.44175	2	83.0559	2
1832.91745	611.97975	3	77.9065	2
1833.90925	612.31035	3	78.7759	2
1833.93675	917.97565	2	81.6714	2
1833.96715	612.32965	3	89.7522	2
1833.97530	917.99490	2	78.1804	1
1835.79870	612.94015	3	61.1011	2
1836.04875	613.02350	3	75.0183	2
1837.79350	613.60510	3	60.0499	1
1838.11380	613.71190	3	75.5569	1
1838.95605	613.99260	3	65.4509	2
1840.89395	614.63860	3	79.5554	2
1841.01600	614.67925	3	71.4098	2
1841.01675	921.51565	2	71.3292	2
1841.86015	614.96065	3	50.6274	2
1842.93380	615.31855	3	66.8722	2
1842.97230	615.33140	3	73.2223	2
1844.88660	923.45060	2	88.4940	1
1844.89140	615.97105	3	64.4856	2
1844.91150	615.97780	3	68.9615	2
1845.99150	616.33780	3	87.9817	2
1845.99285	924.00370	2	88.1678	2
1846.79020	924.40240	2	73.2559	2
1846.93695	924.47575	2	76.2139	2
1846.96755	924.49105	2	86.4782	2
1851.89460	618.30545	3	83.3858	2
1852.02040	927.01750	2	84.5044	2
1853.92700	618.98295	3	62.4412	2
1854.92680	928.47065	2	93.8424	2
1856.85770	619.95980	3	56.3030	2
1856.88245	929.44850	2	84.2610	2
1859.94460	930.97960	2	73.7197	2
1860.94825	931.48140	2	90.5535	2
1860.94890	621.32355	3	90.6683	2
1860.99855	621.34010	3	77.1480	2
1861.98690	621.66955	3	84.9144	2
1862.81895	621.94690	3	61.6909	2
1862.87240	932.44350	2	88.5359	2
1863.90450	622.30880	3	60.8412	1
1863.98815	622.33665	3	90.4209	2
1864.88300	622.63495	3	74.3495	2
1864.99960	933.50710	2	96.4315	1
1866.01425	623.01205	3	83.5134	2
1867.84170	623.62115	3	55.3459	2
1867.89470	934.95460	2	90.9459	1
1867.89820	623.64000	3	90.9788	1
1868.83420	935.42440	2	64.9745	2
1872.89775	625.30650	3	54.9463	2
1873.94775	625.65650	3	77.5329	2
1875.87500	626.29890	3	72.6419	1
1876.99680	626.67290	3	76.6851	1
1880.97450	627.99880	3	64.5157	2
1881.02890	628.01690	3	81.5977	1
1882.97570	628.66580	3	72.5449	1
1882.97840	942.49650	2	72.4727	2
1883.88250	942.94855	2	77.1346	2
1883.92140	628.98110	3	72.1577	1
1884.87745	629.29975	3	68.5428	2
1885.87475	943.94465	2	66.9641	2
1885.91950	943.96705	2	85.5869	2
1885.92300	629.64830	3	85.6884	1
1886.86840	944.44150	2	64.8203	1
1886.90115	944.45785	2	70.3933	2
1886.90220	629.97465	3	70.2957	2
1888.00495	630.34225	3	83.1908	2
1890.93845	631.32010	3	71.5619	2
1890.94750	631.32310	3	75.6911	2
1890.99835	631.34005	3	86.6710	2
1892.06580	947.04020	2	84.3830	2
1893.96060	947.98760	2	87.2101	2
1893.97950	632.33380	3	59.7958	1
1898.96220	950.48840	2	96.3382	1
1902.89745	952.45600	2	81.2313	2
1903.93380	635.65185	3	79.0973	2
1904.97085	635.99755	3	76.7462	2
1904.97190	953.49320	2	76.8081	2
1905.86220	953.93840	2	80.2341	1
1909.98000	478.50230	4	72.8302	1
1909.99590	637.67255	3	77.4145	2
1910.00300	956.00880	2	77.4855	1
1910.17285	637.73155	3	80.8876	2
1911.89090	956.95270	2	74.1772	2
1911.99855	638.34010	3	82.9930	2
1911.99855	957.00655	2	82.8361	2
1912.91460	638.64550	3	34.5793	3
1912.98885	638.67020	3	75.5071	2
1913.09935	638.70705	3	72.3074	2
1915.05265	479.77045	4	76.1885	2
1915.47255	639.49810	3	70.8147	4
1916.95190	639.99125	3	67.7514	2
1918.85200	640.62460	3	48.1456	2
1919.77040	640.93075	3	41.2061	2
1919.90330	960.95890	2	93.1027	2
1920.96340	641.32840	3	62.7054	1
1920.96530	641.32900	3	62.7305	1
1921.00015	641.34065	3	84.2468	2
1921.93640	961.97545	2	97.7656	2
1923.88730	962.95090	2	80.3900	1
1924.02015	642.34735	3	79.6022	2
1927.00050	643.34075	3	91.7221	2
1927.00740	964.51100	2	91.8548	1
1930.94875	644.65685	3	84.7558	2
1932.83890	645.28690	3	58.9947	2
1933.08920	967.55190	2	88.2968	1
1934.07525	645.69900	3	88.5359	2
1935.08090	646.03420	3	80.4046	1
1935.93335	646.31835	3	66.8875	2
1937.92745	969.97100	2	93.6215	2
1937.94240	969.97850	2	87.3338	1
1937.94530	646.98900	3	80.1455	2
1938.93930	970.47690	2	92.7440	1
1938.95340	970.48400	2	81.0489	2
1939.01845	647.34675	3	76.2079	2
1939.84030	647.62070	3	28.7854	2
1941.01140	486.26010	4	52.6165	1
1941.88225	648.30135	3	58.8844	2
1942.04405	648.35525	3	77.8463	2
1942.47685	648.49955	3	86.9210	4
1942.84190	648.62125	3	61.9430	2
1942.96875	972.49165	2	87.8272	2
1944.97610	649.33260	3	86.8286	1
1944.98300	649.33495	3	68.0466	2
1946.04855	974.03155	2	70.6412	2
1947.92665	650.31615	3	73.6678	2
1947.98655	975.00055	2	81.5057	2
1947.98715	650.33630	3	81.6018	2
1950.97950	651.33375	3	73.1841	2
1951.98000	651.66730	3	54.7853	1
1951.99300	977.00375	2	88.9976	2
1953.94070	652.32080	3	75.8714	1
1954.08235	652.36805	3	93.0230	2
1954.89650	978.45555	2	82.1942	2
1955.93800	652.98660	3	60.3306	2
1956.05890	653.02690	3	82.9406	2
1956.90075	653.30755	3	67.2798	2
1956.95925	653.32700	3	64.3683	2
1956.99220	979.50340	2	76.6219	2
1961.04535	981.52995	2	89.2456	2
1961.05340	654.69175	3	89.2709	2
1963.05065	982.53260	2	76.3142	2
1963.05465	655.35880	3	76.2508	2
1965.92040	656.31410	3	82.8983	1
1966.93795	656.65325	3	75.9442	2
1966.97730	984.49590	2	98.5727	1
1966.98265	656.66815	3	98.5194	2
1970.07115	657.69765	3	78.4451	2
1970.98250	658.00140	3	61.8739	2
1973.06935	658.69705	3	60.8778	2
1976.02070	989.01765	2	96.4796	2
1978.19550	660.40580	3	94.9076	2
1978.89855	660.64010	3	37.1515	2
1979.03480	660.68555	3	88.6301	2
1984.02880	662.35020	3	80.3038	2
1984.03010	993.02235	2	80.2720	2
1985.96095	993.98775	2	73.7104	2
1986.00715	663.00965	3	92.9173	2
1988.04910	663.69030	3	72.1631	2
1989.02735	664.01640	3	75.1880	2
1992.05825	665.02670	3	80.8816	2
1994.00640	665.67605	3	95.0401	2
1994.00770	998.01115	2	94.9988	2
1999.91530	1000.96490	2	53.6861	1
2001.00280	668.00820	3	84.9056	2
2002.96365	1002.48910	2	76.6333	2
2002.98490	668.66890	3	68.3502	2
2003.03260	1002.52360	2	90.6049	2
2003.03480	668.68555	3	90.5397	2
2004.08990	669.03725	3	80.0269	2
2009.03685	670.68620	3	59.5323	2
2009.08465	670.70215	3	78.1587	2
2009.99800	1006.00630	2	93.3453	2
2010.00120	671.00770	3	93.7143	3
2011.00230	671.34135	3	77.6704	2
2011.00360	1006.50910	2	77.6302	2
2016.99180	1009.50320	2	80.9725	1
2019.06910	674.03030	3	95.4946	2
2022.01820	675.01335	3	64.8965	2
2026.01475	1014.01465	2	89.2098	2
2026.12330	1014.06890	2	86.5085	2
2026.12455	676.38210	3	86.4818	2
2027.05675	676.69285	3	88.8079	2
2031.03050	678.01740	3	88.5359	2
2033.06245	678.69475	3	73.7470	2
2034.06210	679.02800	3	72.3203	2
2035.86200	679.62790	3	58.6249	1
2037.04345	680.02175	3	66.1386	2
2041.07660	681.36615	3	81.1030	2
2042.46850	681.83010	3	74.1472	4
2043.01120	1022.51290	2	83.4172	2
2043.01235	682.01140	3	83.2846	2
2047.98155	683.66780	3	48.6500	2
2048.05080	1025.03265	2	96.5537	2
2048.05295	683.69160	3	96.5112	2
2048.95995	683.99395	3	77.2232	2
2049.04300	684.02160	3	88.0524	2
2054.09110	1028.05280	2	98.3880	2
2054.09755	685.70645	3	98.4774	2
2058.07665	687.03280	3	98.3758	2
2059.00635	687.34275	3	78.1294	2
2059.07810	687.36665	3	92.2158	2
2059.92820	687.65000	3	68.4668	1
2059.96965	1030.99210	2	85.4486	2
2060.00980	687.67720	3	94.0045	1
2060.06500	687.69560	3	87.7778	1
2060.94935	687.99035	3	64.6035	2
2063.05270	688.69150	3	97.3514	1
2064.02990	1033.02225	2	89.4041	2
2064.95805	1033.48630	2	85.2296	2
2066.09420	689.70530	3	74.9478	1
2067.99195	690.33790	3	69.8486	2
2070.95885	1036.48670	2	73.0950	2
2071.03480	691.35220	3	67.7513	2
2072.11920	691.71365	3	88.8797	2
2075.08350	692.70180	3	72.7228	3
2076.04915	693.02365	3	68.2535	2
2078.06475	693.69550	3	79.4660	2
2079.02930	694.01705	3	75.0524	2
2080.10315	521.03305	4	71.4744	2
2080.10375	694.37515	3	71.5455	2
2086.03320	696.35170	3	89.4510	1
2086.03950	1044.02705	2	89.3927	2
2089.05395	697.35855	3	75.8389	2
2092.08740	698.36975	3	74.8332	2
2092.14260	698.38815	3	83.8776	2
2093.11300	1047.56380	2	80.6964	1
2093.92945	1047.97200	2	90.3928	2
2093.98300	1047.99880	2	86.8720	2
2094.94435	699.32205	3	51.8072	2
2095.00565	699.34250	3	69.9874	2
2104.56310	702.52830	3	74.6418	4
2105.04430	702.68870	3	72.7709	2
2105.14160	702.72115	3	91.9609	2
2106.02030	703.01400	3	72.0593	1
2114.12595	705.71590	3	96.5111	2
2114.13085	1058.07270	2	96.8033	2
2125.15355	709.39180	3	94.5854	2
2126.14100	709.72095	3	78.2544	2
2126.14170	1064.07815	2	78.1962	2
2127.10650	710.04280	3	71.8549	2
2131.12960	533.78970	4	86.0171	1
2131.18300	711.40160	3	84.5750	2
2137.12305	713.38165	3	71.0644	2
2143.09280	715.37155	3	82.6555	2
2148.10680	717.04290	3	62.2834	2
2151.09560	718.03910	3	79.0113	2
2156.01465	719.67880	3	66.7781	2
2156.14040	1079.07750	2	99.5890	1
2161.13955	721.38710	3	87.2820	2
2165.06655	722.69610	3	77.9047	2
2169.12500	724.04895	3	77.2852	2
2170.03030	724.35070	3	77.0735	2
2180.98185	728.00120	3	67.8111	2
2181.13635	1091.57545	2	81.1455	2
2181.13735	728.05305	3	81.2082	2
2190.06705	1096.04080	2	75.1147	2
2190.06730	731.02970	3	75.1712	2
2201.11745	734.71305	3	74.2451	2
2205.01430	736.01205	3	72.4178	2
2205.09945	1103.55700	2	100.4712	2
2205.10595	736.04255	3	100.5999	2
2227.05270	743.35820	3	55.7945	2
2227.05360	1114.53410	2	55.8360	2
2236.11280	746.37820	3	86.6710	2
2240.17550	1121.09500	2	85.7001	1
2248.17020	750.39730	3	96.3765	1
2250.02055	751.01410	3	46.9081	2
2269.26005	757.42730	3	84.3454	2
2279.05780	760.69320	3	69.5753	2
2282.08520	761.70235	3	64.8645	2
2282.23125	571.56510	4	70.6631	2
2284.23160	762.41780	3	92.1167	2
2291.01925	764.68035	3	67.9916	2
2291.01965	1146.51710	2	67.9859	2
2295.09290	766.03825	3	80.7924	2
2296.23080	766.41755	3	100.4773	2
2297.12620	766.71600	3	70.9453	2
2298.11250	767.04480	3	52.9608	1
2299.14450	767.38880	3	65.3702	1
2306.10650	769.70945	3	78.6450	2
2314.08740	772.36975	3	62.0237	2
2316.21060	773.07745	3	81.9828	2
2323.19500	1162.60480	2	86.2098	1
2344.12920	782.38370	3	72.2079	2
2347.18435	783.40205	3	59.9348	2
2376.10000	793.04060	3	51.9681	2
2379.16380	794.06185	3	63.9473	2
2379.16530	595.79860	4	63.8885	2
2389.99120	797.67100	3	62.7744	2
2391.16350	798.06180	3	82.1971	2
2391.18925	1196.60190	2	96.3403	2
2391.18960	798.07045	3	96.4400	2
2401.30265	801.44145	3	83.1218	2
2404.07325	802.36505	3	72.1549	2
2407.23325	803.41835	3	77.0596	2
2416.24295	806.42160	3	86.0191	2
2427.24070	607.81750	4	61.6962	1
2435.25550	812.75910	3	66.3026	2
2440.34840	814.45675	3	92.7862	2
2460.19360	821.07180	3	86.6315	2
2525.29890	842.77355	3	87.2101	2
2532.23360	845.08515	3	74.9979	2
2549.47070	850.83085	3	84.7831	2
2549.96380	638.49825	4	85.4045	4
2558.28560	853.76910	3	93.4935	1
2574.38100	644.60250	4	75.7181	1
2589.27245	864.09810	3	71.7562	2
2599.73240	1300.87350	2	89.2709	2
2600.20500	867.74230	3	89.8725	1
2620.21560	656.06120	4	66.0116	2
2682.31880	895.11350	3	55.6055	1
2683.37100	895.46425	3	95.1648	2
2730.45210	911.15800	3	93.9159	1
2782.42900	696.61450	4	92.7100	1
2800.34100	934.45430	3	96.6874	1
2804.28215	935.76800	3	78.3494	2
2851.40940	951.47705	3	89.1325	2
2899.41630	967.47940	3	88.1113	1
3024.61770	1009.21320	3	99.9603	1
3132.48495	784.12850	4	70.1930	2
3208.55785	803.14675	4	71.2965	2
3536.66400	1179.89525	3	85.3893	2
