mono_mass	mz	charge	rt	n_psm
798.41220	400.21340	2	39.0948	1
798.46070	400.23770	2	43.9576	1
798.48475	400.24965	2	57.9103	2
799.45570	400.73520	2	49.4828	2
800.43910	401.22680	2	38.7140	1
800.43910	401.22680	2	40.7926	3
800.43910	401.22685	2	44.2529	2
800.45505	401.23480	2	51.4985	2
801.43520	401.72485	2	37.3210	2
801.53300	401.77375	2	44.9148	2
802.38620	402.20035	2	39.3932	2
802.49840	402.25645	2	62.0206	2
805.40785	403.71120	2	45.4073	2
805.44510	403.72980	2	51.6821	3
806.39545	404.20500	2	38.2184	2
806.45420	404.23435	2	60.7071	2
806.45490	404.23475	2	50.6925	2
806.49040	404.25250	2	57.0683	2
807.41290	404.71375	2	40.6024	2
808.36295	405.18875	2	37.3337	2
808.39655	405.20555	2	49.6924	2
808.44250	405.22855	2	36.4561	2
811.35430	406.68440	2	38.1045	2
811.49155	406.75305	2	49.8920	2
812.42140	407.21800	2	43.1150	1
812.42210	407.21830	2	43.1426	1
812.43910	407.22685	2	40.5948	2
812.47575	407.24515	2	60.4834	2
812.48760	407.25110	2	44.9666	1
812.51140	407.26295	2	49.2908	2
814.45475	408.23465	2	35.1265	2
814.45600	408.23525	2	51.9428	2
814.51655	408.26555	2	58.9410	2
815.43915	408.72685	2	39.2767	2
815.46865	408.74160	2	56.9377	2
815.47515	408.74485	2	42.6609	2
815.47720	408.74590	2	46.6565	2
815.49790	408.75620	2	38.4704	2
815.51155	408.76305	2	46.5220	2
816.38510	409.19980	2	51.7978	2
816.44995	409.23230	2	66.7249	2
816.47015	409.24240	2	38.1045	2
817.42935	409.72195	2	35.4062	2
817.48115	409.74785	2	67.1260	2
818.44030	410.22740	2	53.0924	2
818.49025	410.25240	2	74.1240	2
819.39130	410.70290	2	35.8507	2
819.43125	410.72290	2	63.2930	2
820.43380	411.22420	2	39.4872	2
820.46890	411.24170	2	45.8885	2
820.48820	411.25140	2	71.9424	2
821.42900	411.72180	2	41.1843	1
821.44720	411.73085	2	34.2528	2
822.39010	412.20230	2	31.2633	1
822.39060	412.20260	2	33.3633	3
822.42420	412.21940	2	37.5711	2
823.41910	412.71680	2	36.9458	1
823.42635	412.72045	2	54.9420	2
823.44260	412.72860	2	45.3644	1
824.43290	413.22370	2	29.5278	1
824.54855	413.28155	2	71.4153	2
826.49040	414.25245	2	40.2138	2
826.49120	414.25290	2	42.7086	2
826.52745	414.27100	2	50.0047	2
826.52755	414.27105	2	69.9415	2
827.48630	414.75040	2	49.0955	1
828.41680	415.21565	2	32.0127	2
828.44920	415.23190	2	59.4706	1
828.47605	415.24530	2	39.3110	2
828.48345	415.24900	2	31.9138	2
828.50770	415.26110	2	51.5544	1
829.44805	415.73130	2	40.6210	4
829.46480	415.73970	2	35.3524	2
829.46520	415.73990	2	42.1805	1
829.49090	415.75275	2	56.0323	2
829.50235	415.75845	2	37.2090	2
829.50340	415.75895	2	50.8691	2
830.48540	416.25000	2	48.4119	1
830.48570	416.25010	2	48.4679	1
831.46970	416.74210	2	35.9369	1
831.47040	416.74250	2	48.8818	2
831.49700	416.75580	2	70.1122	2
831.49730	416.75590	2	62.2094	1
832.39285	417.20370	2	35.2310	2
832.42905	417.22180	2	45.5243	2
834.43475	418.22465	2	38.4726	2
835.44355	418.72905	2	43.8038	2
836.38975	419.20215	2	41.0505	2
836.40135	419.20795	2	41.8431	2
836.44055	419.22755	2	56.8154	2
836.44090	419.22770	2	43.9128	2
837.40345	419.70900	2	48.2514	2
837.40625	419.71040	2	54.6358	2
838.41740	420.21595	2	38.0211	2
838.49170	420.25310	2	43.1525	1
839.42930	420.72195	2	55.3068	2
839.58490	420.79970	2	73.4480	2
840.47080	421.24270	2	43.4152	2
840.54325	421.27890	2	59.8964	2
840.54360	421.27910	2	75.1072	2
841.46575	421.74015	2	41.4219	2
841.49175	421.75315	2	55.1257	2
841.50230	421.75840	2	50.7315	1
842.42870	422.22165	2	48.0725	2
842.46105	422.23780	2	40.4104	2
842.48610	422.25035	2	52.4940	2
842.48690	422.25075	2	42.7370	2
842.48745	422.25100	2	39.0760	2
842.52245	422.26850	2	71.2237	2
842.52295	422.26875	2	49.4642	2
842.53340	422.27395	2	35.1622	2
843.45340	422.73400	2	39.8877	1
843.48150	422.74805	2	45.0618	2
843.54240	422.77845	2	63.4404	2
844.45550	423.23505	2	54.2013	2
844.46595	423.24025	2	36.0125	2
845.46070	423.73765	2	38.1688	2
845.46120	423.73790	2	44.5993	2
845.46515	423.73985	2	67.5686	2
845.48580	423.75020	2	53.0411	2
845.51320	423.76390	2	65.4093	2
845.53755	423.77605	2	76.3972	2
846.42850	424.22155	2	43.3874	2
846.43780	424.22620	2	49.0382	2
846.44910	424.23180	2	61.3544	2
847.42325	424.71890	2	44.2314	2
847.44460	424.72960	2	41.2906	1
847.47990	424.74720	2	45.8962	2
848.43950	425.22700	2	53.4089	2
848.43960	425.22710	2	42.4014	3
848.44020	425.22735	2	50.6606	2
848.44455	425.22955	2	37.2413	2
849.42090	425.71775	2	47.0539	2
849.43560	425.72510	2	53.9271	1
850.45310	426.23385	2	46.7435	2
850.50195	426.25825	2	40.1006	2
851.40250	426.70855	2	36.2218	2
851.42065	426.71760	2	46.0405	2
851.42080	426.71770	2	49.7297	1
851.43940	426.72700	2	37.7752	2
853.36125	427.68795	2	37.5857	2
853.39605	427.70530	2	43.4733	2
854.46055	428.23760	2	40.5260	2
856.43240	429.22345	2	64.7118	2
856.44820	429.23140	2	65.6204	2
856.46970	429.24210	2	50.5114	2
856.51290	429.26370	2	48.6274	1
856.51390	429.26420	2	48.6037	1
856.51645	429.26550	2	46.1025	2
856.53910	429.27685	2	58.0505	2
857.44180	429.72820	2	40.2390	1
857.46150	429.73800	2	40.8164	2
857.46195	429.73825	2	43.1248	2
857.49555	429.75505	2	46.7774	2
857.49620	429.75540	2	55.2672	1
858.45655	430.23555	2	44.7584	2
858.47065	430.24260	2	44.0920	2
858.48050	430.24750	2	33.8293	1
858.96330	430.48890	2	38.6807	4
859.46490	430.73975	2	47.3166	2
860.42465	431.21960	2	36.8198	2
860.44205	431.22830	2	45.6140	2
860.46090	431.23770	2	34.5078	1
861.44420	431.72940	2	45.1193	2
861.47080	431.74270	2	48.0867	3
861.49570	431.75510	2	46.3274	1
861.50735	431.76095	2	75.6814	2
862.38630	432.20045	2	39.8435	2
862.41935	432.21695	2	37.1172	2
863.45030	432.73245	2	35.7829	2
863.45045	432.73250	2	49.6294	2
863.45730	432.73590	2	59.1427	1
864.41975	433.21715	2	50.1175	2
864.43480	433.22465	2	53.2453	2
864.47050	433.24250	2	56.8351	1
864.50680	433.26070	2	64.2625	2
865.41610	433.71530	2	40.5584	1
865.42020	433.71740	2	36.0815	2
865.50090	433.75770	2	36.3477	1
866.41030	434.21240	2	41.0884	1
866.49780	434.25620	2	42.9856	2
867.39610	434.70530	2	38.0973	1
867.41680	434.71565	2	50.4308	2
867.43460	434.72460	2	39.8778	2
868.45875	435.23665	2	38.5235	2
868.50185	435.25820	2	44.9221	2
868.51300	435.26380	2	33.1748	2
869.45320	435.73390	2	34.9230	1
869.49730	435.75595	2	35.2595	2
869.53335	435.77395	2	60.1404	2
869.53355	435.77405	2	52.9402	2
869.55875	435.78665	2	67.3048	2
870.43590	436.22525	2	34.6871	2
870.44890	436.23175	2	54.8634	2
870.48100	436.24775	2	43.5227	2
870.51740	436.26595	2	58.4458	2
870.55430	436.28445	2	51.2687	2
871.44415	436.72935	2	39.0757	2
871.45080	436.73270	2	41.4550	2
871.53865	436.77660	2	59.7579	2
872.47425	437.24440	2	40.3444	2
872.49710	437.25580	2	42.7375	2
872.51530	437.26490	2	56.1703	1
872.51540	437.26500	2	64.1015	2
873.47425	437.74440	2	50.9382	2
873.48065	437.74760	2	48.8868	2
873.48210	437.74830	2	46.6259	1
873.49560	437.75510	2	67.8253	2
874.43365	438.22410	2	45.2428	2
874.45800	438.23625	2	50.2368	2
874.46885	438.24170	2	36.4247	2
874.47835	438.24645	2	37.3535	2
875.48970	438.75220	2	31.1549	1
875.52235	438.76845	2	50.5023	2
875.52290	438.76875	2	61.3208	2
876.41375	439.21415	2	40.1058	2
876.43790	439.22620	2	68.9139	1
876.47210	439.24330	2	50.6070	3
876.47880	439.24670	2	54.3770	1
876.49630	439.25540	2	68.2330	2
877.45485	439.73470	2	38.0378	2
877.46600	439.74030	2	50.0847	2
877.46600	439.74030	2	45.5322	2
877.46640	439.74050	2	43.1657	1
877.50965	439.76210	2	70.2935	2
877.52725	439.77090	2	69.4776	2
878.43220	440.22340	2	48.2984	1
878.48660	440.25060	2	50.7279	1
878.48670	440.25065	2	55.0316	2
879.39830	440.70640	2	35.5527	1
880.41370	441.21410	2	39.4184	1
880.42940	441.22200	2	43.9413	2
880.54950	441.28200	2	53.7907	2
882.52885	442.27170	2	39.8116	2
883.53850	442.77655	2	59.0665	2
883.53890	442.77675	2	51.5861	2
883.56025	442.78740	2	39.6301	2
884.44070	443.22760	2	44.6502	1
884.54405	443.27930	2	54.6060	2
884.56965	443.29210	2	74.3857	2
884.57100	443.29280	2	59.6319	2
885.42380	443.71920	2	39.6864	2
885.44445	443.72950	2	35.7280	2
885.48230	443.74845	2	44.0097	2
885.48830	443.75140	2	36.2688	1
885.49220	443.75340	2	51.8168	2
885.55350	443.78405	2	65.3020	2
886.40765	444.21110	2	53.8261	2
886.48785	444.25120	2	43.0421	2
886.49020	444.25240	2	56.5689	1
886.51320	444.26390	2	48.2701	1
886.51320	444.26390	2	48.3215	1
887.46020	444.73735	2	37.1722	2
887.49150	444.75300	2	41.9404	1
888.45040	445.23250	2	60.7005	1
889.45895	445.73675	2	51.4127	2
889.46580	445.74015	2	48.5775	2
889.47715	445.74585	2	41.9840	2
889.48475	445.74965	2	70.5736	2
891.44450	446.72955	2	49.7977	2
891.44905	446.73185	2	46.8113	2
891.48190	446.74825	2	63.2977	2
891.50680	446.76065	2	66.8345	2
892.44085	447.22770	2	40.8971	2
892.48380	447.24915	2	77.0765	2
893.44970	447.73210	2	43.7814	2
893.45795	447.73625	2	46.1876	6
893.46085	447.73770	2	43.2085	2
893.60605	447.81030	2	75.9263	2
894.45650	448.23550	2	35.0833	2
894.50340	448.25895	2	32.3935	2
895.44765	448.73110	2	60.1689	2
895.46390	448.73920	2	41.9508	1
895.46550	448.74000	2	41.9743	1
896.53340	449.27395	2	55.1505	2
897.40560	449.71005	2	67.0718	2
897.50340	449.75895	2	34.6535	2
898.40760	450.21105	2	66.6343	2
898.48005	450.24730	2	58.2472	2
898.48720	450.25090	2	36.1653	2
898.49160	450.25305	2	44.9794	2
898.54830	450.28140	2	67.3325	2
898.56085	450.28770	2	55.5779	2
899.43880	450.72670	2	54.0399	2
899.45015	450.73235	2	41.4503	2
899.50830	450.76140	2	56.4126	1
899.51545	450.76500	2	60.6280	2
900.46275	451.23865	2	42.0503	2
900.49150	451.25300	2	41.9043	2
900.50355	451.25905	2	51.0542	2
900.53925	451.27690	2	44.4560	2
901.41135	451.71295	2	49.6009	2
901.43390	451.72425	2	39.9667	2
901.47650	451.74555	2	59.0322	2
901.48580	451.75020	2	47.1675	1
901.48650	451.75055	2	34.8667	2
901.52405	451.76930	2	43.1874	2
902.41355	452.21405	2	48.1937	2
902.49600	452.25530	2	41.0934	1
902.50770	452.26120	2	46.6209	1
903.48125	452.74790	2	53.4609	2
903.52890	452.77175	2	42.7990	2
903.54320	452.77890	2	69.3830	2
904.42760	453.22110	2	33.3299	1
904.44405	453.22930	2	31.9379	2
904.53790	453.27620	2	63.5196	2
905.45255	453.73355	2	66.0058	2
905.45300	453.73380	2	44.4699	2
905.46140	453.73800	2	33.4507	2
906.51710	454.26580	2	48.5573	2
907.45120	454.73290	2	38.0726	2
907.50055	454.75755	2	48.9765	2
908.00425	455.00940	2	55.3315	4
908.53375	455.27415	2	41.3248	2
908.56920	455.29185	2	57.4277	2
909.42710	455.72080	2	55.7966	2
909.45520	455.73490	2	40.8069	1
909.47540	455.74495	2	70.9928	2
911.38040	456.69745	2	34.9945	2
911.47510	456.74485	2	61.0614	2
911.58080	456.79770	2	58.5182	2
912.54730	457.28090	2	43.0242	2
912.56495	457.28975	2	64.7028	2
913.45130	457.73295	2	42.3093	2
913.47365	457.74410	2	71.7994	2
913.48715	457.75085	2	47.7520	2
913.50865	457.76160	2	34.0940	2
913.54815	457.78135	2	54.2679	2
913.55995	457.78725	2	39.9318	2
913.59655	457.80555	2	41.1412	2
914.50760	458.26105	2	41.6499	2
914.51890	458.26675	2	46.5989	2
915.44705	458.73080	2	37.8129	2
915.47150	458.74300	2	37.3859	2
915.50465	458.75960	2	33.5792	2
915.52060	458.76755	2	50.2116	2
915.52245	458.76850	2	75.3597	2
915.53875	458.77665	2	36.0417	2
916.49860	459.25660	2	38.5895	3
917.46400	459.73930	2	54.5330	1
917.46600	459.74030	2	35.6069	1
917.48090	459.74770	2	41.0834	1
917.48170	459.74810	2	39.0573	1
917.51760	459.76610	2	40.7314	2
918.42940	460.22200	2	33.9490	1
918.44905	460.23180	2	80.2069	2
918.48500	460.24975	2	53.9282	2
918.49130	460.25290	2	64.5713	2
918.51645	460.26550	2	63.4997	2
918.51715	460.26585	2	57.3473	2
919.40505	460.70980	2	34.1534	2
919.40845	460.71150	2	61.9050	2
919.44310	460.72880	2	48.1304	2
919.46980	460.74220	2	53.0589	2
919.50580	460.76015	2	53.2115	2
919.51250	460.76355	2	47.2627	2
919.51595	460.76525	2	57.7973	2
919.52170	460.76815	2	65.1238	2
920.49715	461.25585	2	47.4310	2
920.50670	461.26060	2	42.2788	2
921.44510	461.72980	2	41.5305	3
921.44590	461.73020	2	38.2986	3
921.46680	461.74070	2	36.5912	1
921.55350	461.78400	2	62.1569	1
922.43920	462.22690	2	42.2185	1
922.43950	462.22700	2	50.2441	2
922.45330	462.23390	2	39.2624	1
923.43485	462.72470	2	44.4621	2
923.47215	462.74335	2	41.7098	2
923.53360	462.77410	2	59.5917	1
924.43810	463.22635	2	48.5301	2
924.53895	463.27675	2	52.9786	2
924.56485	463.28970	2	55.7687	2
925.47050	463.74250	2	79.5339	1
925.49830	463.75640	2	44.0950	2
926.51905	464.26680	2	39.8336	2
926.58020	464.29735	2	60.7380	2
926.59185	464.30325	2	61.8684	2
927.37785	464.69620	2	30.8345	2
927.44515	464.72985	2	47.0856	2
927.56365	464.78910	2	83.1996	2
928.45570	465.23515	2	51.1224	2
928.51615	465.26535	2	42.4857	2
928.52265	465.26860	2	52.1148	2
928.53400	465.27430	2	33.4022	1
928.53420	465.27440	2	50.3274	2
928.55955	465.28705	2	63.0914	2
928.55975	465.28715	2	57.3760	2
929.44610	465.73035	2	33.6009	2
929.45675	465.73565	2	31.2703	2
929.48055	465.74755	2	37.8002	2
929.50705	465.76080	2	55.3373	2
929.51175	465.76315	2	48.7840	2
929.51840	465.76650	2	37.0874	2
929.51885	465.76670	2	43.7767	2
929.51890	465.76670	2	41.7263	2
930.42345	466.21900	2	61.3494	2
930.46630	466.24045	2	36.1728	2
930.47830	466.24645	2	42.6004	2
930.51705	466.26580	2	65.0974	2
930.53915	466.27690	2	38.8813	2
931.44260	466.72860	2	29.6093	1
931.46970	466.74210	2	36.7639	2
931.48605	466.75030	2	49.2302	2
931.50195	466.75830	2	56.2585	2
931.51275	466.76365	2	58.2962	2
931.53440	466.77445	2	68.1803	2
932.44420	467.22940	2	34.2691	1
932.46480	467.23965	2	39.6618	2
932.49570	467.25510	2	36.0399	1
932.54480	467.27970	2	42.7676	2
933.43795	467.72625	2	32.4432	2
933.45620	467.73540	2	38.1561	2
933.46495	467.73980	2	51.6436	2
933.48460	467.74955	2	52.0477	2
933.50360	467.75910	2	52.8218	2
933.52875	467.77165	2	56.7180	2
933.53970	467.77710	2	33.8243	1
934.41565	468.21510	2	40.8090	2
934.45135	468.23295	2	40.0679	2
934.47525	468.24490	2	35.6600	2
934.48615	468.25035	2	43.8104	2
934.48660	468.25060	2	55.4370	1
934.48745	468.25100	2	34.4305	2
934.51250	468.26355	2	58.7933	2
934.51305	468.26380	2	50.6608	2
934.52385	468.26920	2	59.9252	2
935.40290	468.70870	2	27.3937	1
935.45400	468.73430	2	37.3163	1
935.47085	468.74270	2	45.5293	2
935.49030	468.75240	2	62.1365	2
937.41460	469.71455	2	35.8457	2
937.48665	469.75060	2	41.3003	2
938.43410	470.22435	2	38.6645	2
939.43100	470.72280	2	62.6456	1
939.48150	470.74805	2	80.5289	2
939.48180	470.74815	2	59.9596	2
939.51420	470.76440	2	33.1630	2
939.53870	470.77660	2	54.0118	1
939.54980	470.78220	2	56.1969	2
939.56455	470.78955	2	81.0158	2
940.44340	471.22900	2	45.5909	2
940.52695	471.27075	2	62.3571	2
940.53610	471.27530	2	35.6222	1
941.43470	471.72465	2	39.3640	2
941.46370	471.73910	2	50.3827	1
941.56655	471.79055	2	62.1955	2
941.58015	471.79735	2	67.0769	2
941.60615	471.81035	2	79.5719	2
942.50260	472.25860	2	36.8924	3
942.51335	472.26395	2	48.4961	2
942.53875	472.27665	2	49.3408	2
943.44820	472.73135	2	61.4976	2
943.48760	472.75110	2	44.3310	2
943.51320	472.76390	2	36.8393	1
944.42595	473.22025	2	38.1885	2
944.43170	473.22315	2	63.9068	2
944.49305	473.25380	2	43.7504	2
944.51160	473.26310	2	64.3274	2
944.51720	473.26590	2	63.0324	1
944.51760	473.26605	2	45.8884	2
944.51845	473.26650	2	48.3023	2
944.52865	473.27160	2	49.7902	2
944.55500	473.28480	2	55.0068	2
945.45970	473.73710	2	77.4213	2
945.51240	473.76345	2	41.4173	2
945.54920	473.78190	2	59.0858	2
946.50880	474.26170	2	37.9544	2
946.50955	474.26205	2	35.2497	2
946.51215	474.26335	2	46.3909	2
946.52660	474.27060	2	70.0820	1
946.53420	474.27440	2	38.8391	2
946.54850	474.28150	2	74.5921	2
947.43510	474.72485	2	39.0807	2
947.46110	474.73780	2	32.8862	1
947.48645	474.75050	2	42.8275	2
947.51500	474.76475	2	71.8044	2
948.46620	475.24040	2	53.2556	2
948.46780	475.24115	2	44.8812	2
949.48570	475.75015	2	40.2806	2
949.48710	475.75080	2	54.6033	2
949.49110	475.75290	2	86.9849	1
949.50580	475.76015	2	77.7424	2
949.52755	475.77105	2	79.7894	2
950.45410	476.23430	2	50.5779	2
950.48215	476.24835	2	47.1339	2
950.48285	476.24870	2	49.4093	2
950.48690	476.25075	2	73.9778	2
950.50160	476.25805	2	59.8058	2
950.50690	476.26070	2	52.1388	2
951.49050	476.75250	2	60.4997	1
951.51765	476.76610	2	80.3938	2
952.45010	477.23230	2	47.7016	2
952.45120	477.23285	2	43.6974	2
952.46880	477.24170	2	51.2081	2
952.53480	477.27470	2	42.8514	2
954.44010	478.22730	2	36.9866	1
954.44535	478.22995	2	52.8903	2
955.53475	478.77470	2	63.2453	2
955.57050	478.79255	2	61.5027	2
956.50445	479.25950	2	39.1903	2
956.51685	479.26570	2	37.5314	2
956.52920	479.27190	2	44.7013	2
956.52935	479.27195	2	53.7349	2
956.53030	479.27240	2	42.3031	1
956.53635	479.27545	2	66.7863	2
956.57925	479.29695	2	77.8840	2
957.49105	479.75280	2	33.6153	2
957.51345	479.76400	2	44.5814	2
957.51425	479.76440	2	48.3663	2
957.52525	479.76990	2	41.5893	2
957.53250	479.77350	2	48.8368	1
957.53565	479.77510	2	32.7157	2
957.55910	479.78685	2	48.5624	2
957.59740	479.80595	2	47.7520	2
958.48760	480.25105	2	56.8087	2
958.50790	480.26120	2	57.1173	2
958.50870	480.26160	2	49.0329	1
959.50800	480.76125	2	41.6568	2
959.52995	480.77225	2	43.3049	2
959.53300	480.77380	2	69.4142	2
959.55510	480.78485	2	58.3072	2
960.45065	481.23260	2	36.1653	2
960.46135	481.23800	2	32.5468	2
960.47575	481.24515	2	42.6236	2
960.51295	481.26375	2	40.0425	2
960.53145	481.27300	2	57.8975	2
960.53965	481.27710	2	61.8933	2
961.50850	481.76155	2	42.1372	2
962.47410	482.24435	2	46.6852	2
962.50550	482.26005	2	62.8204	2
962.51850	482.26650	2	55.8867	2
962.54530	482.27990	2	62.6777	1
963.44510	482.72980	2	54.8848	2
963.50210	482.75835	2	40.9289	2
963.50575	482.76015	2	35.3728	2
963.55485	482.78470	2	75.1631	2
964.46205	483.23830	2	38.9570	2
964.48035	483.24745	2	69.7016	2
964.49685	483.25570	2	43.5883	2
964.52295	483.26875	2	54.5087	2
965.44430	483.72940	2	42.0651	2
965.46010	483.73735	2	38.5184	2
965.48195	483.74825	2	61.0536	2
965.62690	483.82070	2	82.7989	1
966.44030	484.22740	2	35.8497	4
966.46635	484.24045	2	42.4186	2
966.46755	484.24105	2	37.3910	2
966.48515	484.24985	2	45.1318	2
966.49285	484.25370	2	75.6007	2
966.52405	484.26930	2	47.1430	2
967.47925	484.74690	2	58.3290	2
967.52420	484.76940	2	47.7174	3
967.54605	484.78030	2	37.6523	2
967.58185	484.79820	2	57.0271	2
968.44405	485.22930	2	41.2224	2
968.52815	485.27135	2	38.1290	2
968.52900	485.27175	2	49.2692	2
969.42970	485.72210	2	40.2263	2
969.48085	485.74770	2	76.1501	2
969.48160	485.74810	2	65.3803	1
969.48780	485.75115	2	40.9579	2
969.52490	485.76975	2	50.8173	2
969.56075	485.78765	2	53.1907	2
969.58595	485.80025	2	69.2423	2
969.58710	485.80085	2	64.3641	2
970.48725	486.25090	2	54.9710	2
970.54455	486.27955	2	56.2657	2
970.58065	486.29760	2	45.4609	2
970.58095	486.29775	2	34.1850	2
970.58135	486.29795	2	70.9898	2
971.50270	486.75870	2	46.2736	1
971.50325	486.75890	2	32.4217	2
971.51440	486.76450	2	29.4030	1
971.52870	486.77160	2	49.0645	2
971.52875	486.77165	2	36.7639	2
971.52930	486.77195	2	59.1450	2
971.55365	486.78410	2	58.0455	2
971.56565	486.79010	2	34.5956	2
972.44265	487.22860	2	31.8544	2
972.46560	487.24010	2	34.3155	2
972.57210	487.29330	2	35.8229	1
973.50815	487.76135	2	42.5956	2
973.54350	487.77905	2	34.8332	2
974.50340	488.25895	2	38.7869	2
974.51910	488.26685	2	59.2983	2
975.47480	488.74470	2	45.7862	1
975.49870	488.75660	2	57.0785	1
975.50290	488.75875	2	52.8261	2
975.53795	488.77625	2	65.1851	2
976.49730	489.25595	2	58.4814	2
976.50910	489.26185	2	48.2254	2
976.52360	489.26910	2	60.7576	1
976.52660	489.27060	2	69.8097	1
976.54580	489.28020	2	41.6247	2
977.44455	489.72960	2	47.3725	2
977.48160	489.74810	2	45.8911	2
977.48195	489.74825	2	61.0036	2
977.51810	489.76635	2	52.5809	2
978.46545	490.24000	2	46.1951	2
978.47830	490.24645	2	42.2197	2
978.50230	490.25845	2	60.4908	2
979.44950	490.73200	2	66.7513	2
979.46105	490.73780	2	39.3590	2
979.49760	490.75610	2	52.8785	2
979.57015	490.79235	2	40.8725	2
980.45700	491.23580	2	37.9015	2
980.49580	491.25515	2	52.6366	2
981.52305	491.76880	2	30.9611	2
981.59755	491.80605	2	41.8219	2
982.45965	492.23710	2	34.6762	2
982.47720	492.24590	2	42.5696	2
982.51965	492.26710	2	38.8763	2
982.52160	492.26810	2	35.6172	1
983.47510	492.74480	2	48.5002	2
983.50565	492.76010	2	42.9080	2
983.57650	492.79555	2	64.5758	2
983.58340	492.79900	2	71.9738	2
983.58805	492.80130	2	44.7504	2
983.60045	492.80750	2	58.4226	2
984.43870	493.22665	2	34.9255	2
984.45490	493.23470	2	57.8997	1
984.45750	493.23600	2	51.9931	1
984.49330	493.25390	2	52.1799	2
984.55990	493.28720	2	29.8026	1
984.63310	493.32385	2	50.4951	2
985.37545	493.69500	2	35.3393	2
985.53825	493.77645	2	46.5408	2
985.55005	493.78230	2	43.8099	2
985.61610	493.81530	2	46.1229	1
986.49005	494.25230	2	67.9768	2
986.53885	494.27670	2	50.1914	2
987.49760	494.75610	2	32.2247	2
987.50360	494.75910	2	56.5077	1
987.52430	494.76940	2	45.2531	2
987.53545	494.77500	2	49.9630	2
987.57200	494.79330	2	59.6008	2
987.60135	494.80795	2	79.9880	2
988.48275	495.24865	2	39.0193	2
988.50965	495.26210	2	53.4063	2
988.54485	495.27970	2	47.7759	2
988.57380	495.29420	2	72.3608	1
988.58165	495.29810	2	51.0957	2
989.47615	495.74535	2	34.0056	2
989.49685	495.75575	2	37.0527	2
989.51705	495.76580	2	43.2942	4
989.55435	495.78445	2	48.6629	2
989.55465	495.78460	2	59.0923	2
989.57590	495.79520	2	65.7322	1
990.45855	496.23655	2	37.8126	2
990.47400	496.24430	2	46.3073	2
990.50590	496.26020	2	60.8414	1
990.55085	496.28270	2	73.4223	2
991.50875	496.76165	2	67.7788	2
991.50940	496.76195	2	60.9452	2
991.54520	496.77990	2	69.6694	2
991.57055	496.79255	2	61.7070	2
992.48550	497.25005	2	56.9019	2
992.53215	497.27335	2	81.3251	2
992.55495	497.28475	2	69.2792	2
992.60170	497.30815	2	71.1663	2
993.44105	497.72780	2	43.3045	2
993.44370	497.72910	2	30.9683	1
993.45215	497.73335	2	40.9682	2
993.49250	497.75355	2	64.1154	2
993.51305	497.76380	2	53.6455	2
993.55020	497.78235	2	64.9151	2
994.50805	498.26130	2	47.8703	2
994.50870	498.26160	2	32.8055	2
994.51620	498.26535	2	73.5122	2
994.60630	498.31040	2	74.4323	2
994.65410	498.33435	2	46.5723	2
995.49255	498.75360	2	44.0275	2
996.49560	499.25510	2	38.7189	1
996.53155	499.27305	2	68.9551	2
996.53255	499.27355	2	48.5053	2
996.57240	499.29350	2	45.6825	2
997.58130	499.79790	2	39.7893	2
998.58765	500.30110	2	41.3687	2
999.48170	500.74810	2	32.5281	3
999.53475	500.77470	2	43.0494	2
999.53485	500.77470	2	31.0529	2
999.57145	500.79300	2	33.2445	2
1000.49360	501.25410	2	36.7856	2
1000.54585	501.28020	2	44.1391	2
1000.55470	501.28465	2	87.3825	8
1000.56740	501.29100	2	49.4277	2
1000.59225	501.30340	2	62.8914	2
1001.51550	501.76500	2	44.6187	3
1001.55375	501.78415	2	67.8323	2
1001.56125	501.78790	2	34.7065	2
1001.58655	501.80060	2	48.1040	2
1001.59265	501.80360	2	70.1253	2
1002.47130	502.24295	2	35.2261	2
1002.48255	502.24855	2	39.6249	2
1002.48665	502.25060	2	42.1639	2
1002.52635	502.27045	2	38.3165	2
1002.54585	502.28020	2	34.1533	2
1003.51240	502.76350	2	49.6781	1
1003.51980	502.76720	2	44.8995	1
1003.52140	502.76795	2	36.2292	2
1003.57040	502.79245	2	78.0625	2
1004.44620	503.23040	2	35.7730	1
1004.54045	503.27750	2	48.3019	2
1004.56595	503.29025	2	43.7618	2
1005.46965	503.74210	2	49.4353	2
1005.48025	503.74740	2	38.8195	2
1005.49115	503.75285	2	31.3451	2
1005.53125	503.77290	2	69.1145	2
1005.53525	503.77490	2	36.6380	2
1006.45345	504.23400	2	33.1516	2
1006.47110	504.24280	2	42.3297	2
1006.50135	504.25795	2	54.5314	2
1007.45675	504.73565	2	39.3451	2
1007.46910	504.74180	2	41.7820	1
1007.47605	504.74530	2	51.9111	2
1007.50275	504.75865	2	44.3483	2
1007.52280	504.76870	2	65.4753	2
1007.52875	504.77165	2	44.0843	2
1007.54040	504.77750	2	56.4461	2
1007.54430	504.77945	2	68.8363	2
1007.67495	504.84475	2	73.2434	2
1008.47735	505.24595	2	50.9309	2
1008.51180	505.26315	2	61.3860	2
1008.51700	505.26580	2	51.7627	2
1009.44760	505.73105	2	42.8150	2
1009.51910	505.76685	2	37.0923	2
1009.54880	505.78170	2	88.1268	2
1010.45400	506.23430	2	39.5708	2
1010.50995	506.26225	2	63.8913	2
1010.55460	506.28460	2	49.8562	1
1010.57560	506.29505	2	69.0459	2
1011.52355	506.76905	2	37.5170	2
1011.53495	506.77475	2	45.7313	2
1011.54660	506.78060	2	43.4374	1
1011.57160	506.79305	2	53.0055	2
1011.60760	506.81110	2	68.0970	2
1012.48855	507.25155	2	59.5771	2
1012.57045	507.29250	2	58.8871	2
1012.57360	507.29410	2	89.4563	9
1012.58180	507.29815	2	61.0774	2
1012.59130	507.30290	2	60.4190	1
1012.60325	507.30890	2	39.7436	2
1012.63985	507.32720	2	49.5697	2
1013.46475	507.73965	2	72.5821	2
1013.53945	507.77700	2	44.4846	2
1013.55475	507.78465	2	65.8661	2
1013.56205	507.78830	2	38.5799	2
1013.58715	507.80085	2	64.4903	2
1013.62375	507.81915	2	67.3577	2
1013.62425	507.81940	2	64.8910	2
1014.51000	508.26230	2	32.1421	1
1014.53530	508.27495	2	43.6763	2
1014.53575	508.27515	2	39.0996	2
1014.57175	508.29315	2	38.4627	2
1014.57220	508.29340	2	46.5484	2
1015.49290	508.75375	2	40.4622	2
1015.54240	508.77850	2	89.2519	1
1015.58585	508.80020	2	71.5667	2
1015.59220	508.80340	2	66.2261	3
1016.45945	509.23700	2	37.8920	2
1016.51955	509.26705	2	48.3407	2
1016.53255	509.27355	2	48.9472	2
1016.53935	509.27695	2	43.5069	2
1016.54760	509.28110	2	49.7394	2
1017.47345	509.74400	2	42.2788	2
1017.51715	509.76585	2	77.4827	2
1017.53425	509.77440	2	39.7512	2
1017.57265	509.79360	2	41.4874	2
1017.60820	509.81140	2	66.1073	1
1017.62175	509.81820	2	66.9594	2
1018.54505	510.27980	2	40.8479	2
1019.42015	510.71735	2	44.1152	2
1019.50270	510.75860	2	43.6112	2
1019.53985	510.77720	2	36.1295	2
1019.54005	510.77730	2	54.5159	2
1019.54780	510.78115	2	67.3893	2
1019.55195	510.78325	2	47.8652	2
1020.44430	511.22940	2	30.6020	1
1020.52315	511.26885	2	49.8549	2
1020.52725	511.27090	2	74.4578	4
1020.53340	511.27395	2	55.2177	2
1021.43895	511.72675	2	38.8071	2
1021.45005	511.73230	2	35.3215	2
1021.49350	511.75400	2	31.6678	2
1021.51125	511.76295	2	44.1955	2
1021.54560	511.78010	2	60.9660	2
1021.60280	511.80865	2	52.6725	2
1022.51105	512.26280	2	77.5202	2
1023.60780	512.81120	2	68.6768	2
1024.37440	513.19445	2	42.6911	2
1024.48930	513.25190	2	59.8633	1
1024.54440	513.27950	2	39.1279	1
1025.45335	513.73395	2	39.2456	2
1025.50315	513.75885	2	41.5293	2
1025.55040	513.78250	2	36.3107	1
1025.60315	513.80885	2	49.5129	2
1026.44875	514.23165	2	42.9969	2
1027.56530	514.78995	2	34.4072	2
1027.56675	514.79065	2	37.2089	2
1027.58175	514.79815	2	74.9573	2
1027.59140	514.80300	2	80.7896	1
1027.59160	514.80305	2	59.2282	2
1027.60210	514.80830	2	69.3532	2
1028.55190	515.28320	2	46.6690	2
1028.56150	515.28800	2	43.8567	1
1029.47655	515.74555	2	57.1133	2
1029.47700	515.74580	2	42.5296	1
1029.53925	515.77690	2	52.7057	2
1029.54060	515.77755	2	38.2286	2
1029.55680	515.78565	2	31.3801	2
1029.58265	515.79860	2	37.5634	2
1030.53030	516.27245	2	36.5083	2
1030.59175	516.30315	2	79.2292	2
1030.60640	516.31045	2	75.9788	2
1031.46300	516.73880	2	64.5035	2
1031.50365	516.75910	2	42.2301	2
1031.50705	516.76080	2	49.5463	2
1031.54635	516.78045	2	52.0281	2
1031.58595	516.80025	2	57.2319	2
1032.49870	517.25660	2	42.5647	2
1032.53400	517.27425	2	49.1982	2
1032.56015	517.28735	2	55.7121	2
1032.59745	517.30600	2	74.0047	2
1033.56585	517.79020	2	43.5838	2
1033.58115	517.79785	2	82.4576	2
1033.61675	517.81565	2	70.2025	2
1034.52105	518.26780	2	65.1537	2
1035.48790	518.75120	2	61.4428	2
1035.56050	518.78755	2	60.7973	2
1036.51845	519.26650	2	42.1423	2
1036.53465	519.27460	2	71.7659	2
1036.53780	519.27620	2	68.1497	2
1036.55540	519.28495	2	63.6702	2
1037.50695	519.76075	2	34.9894	2
1037.52600	519.77030	2	38.1688	2
1037.62375	519.81915	2	55.1318	2
1037.64855	519.83155	2	71.4387	2
1038.48110	520.24780	2	47.3563	2
1038.54720	520.28090	2	35.8769	2
1039.46505	520.73980	2	48.0432	2
1039.49770	520.75610	2	52.7293	2
1039.56510	520.78985	2	46.9251	2
1040.46840	521.24150	2	41.8388	1
1040.49320	521.25385	2	32.1814	2
1040.49630	521.25545	2	42.4535	2
1040.54960	521.28205	2	54.3899	2
1040.56890	521.29175	2	50.2781	2
1040.59790	521.30625	2	57.1857	2
1040.62300	521.31875	2	74.1851	2
1040.65995	521.33725	2	60.1613	2
1041.43960	521.72705	2	45.7460	2
1041.45620	521.73540	2	36.6093	2
1041.53405	521.77430	2	50.5150	2
1041.58185	521.79820	2	52.5544	2
1042.51535	522.26495	2	64.7899	2
1042.53030	522.27245	2	38.3742	2
1042.54300	522.27880	2	43.5236	1
1042.55640	522.28550	2	53.8142	2
1043.54325	522.77890	2	48.9051	2
1043.55030	522.78245	2	79.1033	2
1043.56180	522.78820	2	34.6484	2
1043.56180	522.78820	2	37.4537	2
1043.60255	522.80855	2	63.8229	2
1044.51985	523.26720	2	45.2757	2
1044.53890	523.27670	2	66.4434	2
1044.55550	523.28505	2	43.9739	2
1044.56110	523.28785	2	58.6274	2
1045.51250	523.76350	2	57.4073	2
1045.52780	523.77120	2	37.9934	1
1045.53905	523.77680	2	45.0391	2
1045.53965	523.77710	2	34.4742	2
1045.54090	523.77770	2	32.1091	2
1045.55890	523.78670	2	63.5878	2
1045.60260	523.80855	2	60.8607	2
1046.52375	524.26915	2	36.6171	2
1046.59740	524.30600	2	49.6847	2
1047.52725	524.77090	2	60.2479	2
1047.56240	524.78850	2	59.8434	2
1048.47900	525.24680	2	36.1549	2
1048.55755	525.28605	2	32.7261	2
1049.52580	525.77015	2	51.0645	2
1049.53400	525.77430	2	40.7737	1
1049.56165	525.78810	2	38.3417	2
1050.53450	526.27455	2	48.3586	2
1050.55870	526.28660	2	32.3163	1
1050.57180	526.29320	2	62.4399	2
1050.59635	526.30545	2	68.8599	2
1051.49395	526.75425	2	37.8699	2
1052.46370	527.23910	2	57.9256	2
1053.61855	527.81655	2	56.2305	2
1054.49800	528.25630	2	69.0948	2
1054.53430	528.27440	2	75.2086	1
1054.54150	528.27800	2	32.8055	2
1054.60160	528.30810	2	52.1643	1
1054.60255	528.30855	2	57.2873	2
1055.42295	528.71875	2	47.5513	2
1055.49245	528.75350	2	45.0702	2
1055.58650	528.80055	2	64.0725	2
1055.58655	528.80055	2	68.0136	2
1056.53215	529.27335	2	77.2237	2
1056.58160	529.29810	2	55.2228	2
1056.59285	529.30370	2	53.0686	2
1057.50850	529.76150	2	44.2539	1
1057.57665	529.79560	2	36.8437	2
1057.57710	529.79585	2	44.8156	2
1057.61715	529.81585	2	37.9595	2
1057.63865	529.82660	2	78.0014	2
1058.08080	530.04765	2	46.2513	4
1058.49240	530.25345	2	50.7758	2
1058.54445	530.27950	2	78.6559	2
1058.55910	530.28685	2	72.4014	2
1058.59735	530.30595	2	40.4655	2
1059.50875	530.76165	2	43.9536	2
1059.53925	530.77690	2	55.6450	2
1059.60050	530.80750	2	57.0930	2
1059.60900	530.81180	2	85.3060	1
1060.47790	531.24620	2	34.7137	2
1060.52370	531.26910	2	74.6834	2
1060.61780	531.31615	2	83.3275	2
1061.55040	531.78250	2	45.0707	2
1061.57645	531.79550	2	75.0088	2
1062.52385	532.26920	2	78.0703	2
1062.53505	532.27480	2	56.6967	2
1062.57130	532.29290	2	60.5391	2
1062.58240	532.29845	2	56.3622	2
1063.54120	532.77785	2	46.3718	2
1063.56680	532.79070	2	41.0984	1
1063.60705	532.81080	2	76.3345	2
1064.52525	533.26990	2	39.4776	2
1064.56095	533.28775	2	31.8041	2
1064.58740	533.30100	2	51.2423	2
1064.63460	533.32460	2	54.5808	2
1065.44785	533.73120	2	46.6903	2
1065.55315	533.78385	2	78.3544	2
1065.55375	533.78415	2	61.5815	2
1066.45725	534.23590	2	54.0181	2
1066.46790	534.24125	2	32.9725	2
1066.50460	534.25960	2	31.4931	1
1066.50930	534.26195	2	33.7389	2
1066.51870	534.26665	2	56.5459	2
1066.60670	534.31065	2	81.4831	2
1067.51380	534.76415	2	45.7029	2
1067.57170	534.79310	2	52.7713	2
1068.55090	535.28270	2	37.4460	2
1068.55995	535.28725	2	64.0384	2
1068.58055	535.29755	2	60.3138	2
1068.59280	535.30365	2	57.1785	2
1068.61945	535.31700	2	59.5509	2
1068.61955	535.31705	2	43.0725	2
1068.65450	535.33450	2	45.4660	2
1070.60695	536.31075	2	74.4758	2
1070.60850	536.31150	2	44.9431	2
1070.62015	536.31735	2	41.2570	2
1070.63450	536.32450	2	69.2920	2
1070.65840	536.33645	2	76.1759	2
1071.41770	536.71610	2	40.2885	2
1071.56580	536.79015	2	49.0772	2
1071.59280	536.80370	2	53.8660	3
1072.52865	537.27160	2	47.6166	2
1072.55580	537.28520	2	71.9213	2
1072.57420	537.29435	2	73.6650	2
1072.59555	537.30505	2	39.4526	2
1072.61305	537.31380	2	41.4775	2
1073.49885	537.75670	2	45.0048	2
1073.51740	537.76600	2	54.3545	2
1073.52380	537.76915	2	34.8717	2
1073.58805	537.80130	2	44.0612	2
1073.59145	537.80300	2	59.2042	2
1073.60840	537.81150	2	86.4433	2
1073.65930	537.83690	2	63.3610	2
1074.54545	538.28000	2	43.5580	2
1074.54960	538.28205	2	53.4037	2
1074.57085	538.29270	2	59.8621	2
1075.47845	538.74650	2	34.3811	2
1075.53425	538.77440	2	65.9531	2
1075.55960	538.78710	2	61.5467	1
1075.59060	538.80260	2	70.6797	2
1075.61290	538.81370	2	57.7581	2
1075.62880	538.82165	2	67.6250	2
1076.51380	539.26415	2	49.2836	2
1076.52680	539.27065	2	33.8213	2
1076.56025	539.28740	2	54.1648	2
1076.56070	539.28760	2	38.3343	1
1076.57280	539.29370	2	43.0140	2
1077.56970	539.79210	2	64.6766	1
1077.60515	539.80985	2	39.5113	2
1078.50460	540.25960	2	41.2519	2
1080.53810	541.27630	2	31.0759	1
1081.45540	541.73500	2	40.7421	1
1081.55550	541.78500	2	69.6682	1
1081.62445	541.81950	2	59.9066	2
1082.53225	542.27340	2	54.7624	2
1082.55530	542.28495	2	81.9858	2
1082.64270	542.32860	2	81.9554	1
1082.64580	542.33015	2	55.0364	2
1084.48655	543.25055	2	38.8492	2
1084.52010	543.26730	2	73.7997	2
1084.54450	543.27955	2	28.8858	2
1084.57260	543.29360	2	88.7999	2
1084.57295	543.29375	2	93.7073	2
1084.63855	543.32655	2	78.5657	2
1084.66040	543.33745	2	55.5097	2
1085.60700	543.81080	2	54.3517	1
1085.60820	543.81140	2	51.3475	2
1085.61205	543.81330	2	43.6160	2
1085.62340	543.81895	2	74.8672	2
1085.64465	543.82960	2	67.3000	2
1086.55560	544.28505	2	47.6323	2
1086.55685	544.28570	2	50.2191	6
1086.56645	544.29050	2	33.8976	2
1087.55220	544.78340	2	50.9311	2
1087.56345	544.78900	2	42.3736	2
1087.58790	544.80125	2	41.6247	2
1087.59890	544.80670	2	30.9074	1
1087.61235	544.81345	2	70.2883	2
1088.45590	545.23525	2	37.1526	2
1088.50350	545.25900	2	41.3589	1
1088.50370	545.25910	2	31.8343	1
1088.55460	545.28460	2	70.9292	2
1088.57220	545.29335	2	32.8634	2
1088.60845	545.31150	2	35.6868	2
1089.53140	545.77300	2	41.8379	2
1089.55770	545.78615	2	34.5024	2
1089.56845	545.79150	2	62.5977	2
1090.46855	546.24155	2	37.9246	2
1090.60265	546.30860	2	58.9235	2
1091.51650	546.76550	2	55.3576	1
1092.53920	547.27690	2	54.9483	2
1092.54310	547.27885	2	31.2149	2
1092.58175	547.29815	2	53.7393	2
1093.54060	547.77755	2	57.7973	2
1093.55420	547.78440	2	38.3394	1
1094.08105	548.04780	2	36.5251	4
1094.55160	548.28305	2	67.9197	2
1094.55510	548.28485	2	77.3908	2
1094.56160	548.28805	2	33.2134	2
1094.56580	548.29020	2	47.5773	2
1094.59760	548.30605	2	57.4266	2
1095.46605	548.74030	2	52.7358	2
1095.56405	548.78930	2	69.2740	2
1095.56730	548.79090	2	31.5301	2
1096.51880	549.26665	2	48.1356	2
1096.56260	549.28860	2	41.9987	2
1097.60885	549.81170	2	56.2881	2
1097.62050	549.81750	2	36.9507	1
1098.53600	550.27525	2	44.8206	2
1098.58260	550.29860	2	49.9185	2
1099.49345	550.75400	2	60.0385	2
1099.56330	550.78890	2	41.9386	2
1100.45980	551.23720	2	66.1240	2
1100.55770	551.28610	2	33.7147	2
1100.55970	551.28710	2	37.7098	1
1100.57230	551.29340	2	71.0552	2
1101.52440	551.76950	2	55.4992	1
1101.55530	551.78495	2	70.3357	2
1101.60440	551.80945	2	37.8371	2
1101.65075	551.83265	2	52.7919	2
1102.50820	552.26140	2	65.8975	2
1102.56920	552.29190	2	34.5853	3
1102.57790	552.29625	2	64.0436	2
1102.58620	552.30040	2	36.2900	2
1103.56100	552.78780	2	39.4794	2
1103.58285	552.79870	2	50.3074	2
1103.63850	552.82650	2	84.1059	1
1104.45085	553.23270	2	31.1802	2
1104.47660	553.24555	2	35.0554	4
1104.50930	553.26195	2	52.5493	2
1104.53030	553.27240	2	44.2141	1
1104.54630	553.28040	2	43.9080	3
1104.54725	553.28090	2	46.2486	2
1104.56380	553.28920	2	48.1860	2
1104.56595	553.29025	2	33.5223	2
1104.59340	553.30395	2	59.6923	2
1104.62520	553.31985	2	87.2102	2
1105.52860	553.77160	2	62.7148	1
1105.57625	553.79540	2	64.6166	2
1106.53915	554.27685	2	47.2867	2
1106.58740	554.30095	2	82.4789	2
1106.60920	554.31190	2	81.8289	2
1107.53840	554.77650	2	61.0193	2
1107.54410	554.77935	2	53.9874	2
1107.54995	554.78225	2	65.5589	2
1107.55680	554.78570	2	37.1578	2
1107.57775	554.79615	2	90.0599	12
1107.59210	554.80330	2	44.4093	2
1108.51575	555.26515	2	31.9378	2
1108.57015	555.29235	2	48.1064	2
1108.57150	555.29305	2	77.8315	2
1108.92085	555.46770	2	37.3654	4
1109.50315	555.75885	2	74.9503	2
1109.53360	555.77405	2	78.3771	2
1109.53900	555.77680	2	46.8915	2
1109.54660	555.78060	2	89.6927	2
1109.57570	555.79515	2	33.0145	2
1109.58730	555.80095	2	58.1066	2
1109.61285	555.81370	2	70.9601	2
1109.68130	555.84795	2	78.2304	2
1110.52015	556.26735	2	60.0467	2
1110.58975	556.30215	2	82.7168	2
1110.66525	556.33990	2	74.0098	2
1111.44065	556.72760	2	32.4598	2
1111.56655	556.79055	2	33.9928	2
1114.55640	558.28550	2	77.7261	2
1114.56605	558.29030	2	64.2020	2
1114.62385	558.31920	2	61.8176	2
1114.63440	558.32450	2	52.6983	1
1115.05500	558.53475	2	46.0352	4
1115.51360	558.76410	2	46.8426	2
1115.52500	558.76980	2	33.0871	1
1115.54590	558.78020	2	45.6392	1
1115.55815	558.78635	2	34.9049	2
1115.57935	558.79695	2	41.7808	2
1115.58300	558.79880	2	53.4838	1
1115.60140	558.80800	2	55.6042	2
1116.50170	559.25815	2	43.6420	2
1116.54190	559.27820	2	34.0261	1
1116.56575	559.29015	2	53.9926	2
1116.56770	559.29110	2	56.1118	1
1116.58240	559.29850	2	72.3047	2
1116.60385	559.30920	2	31.7694	2
1116.61340	559.31400	2	35.2183	2
1116.65380	559.33420	2	82.6181	1
1117.52810	559.77135	2	39.1861	2
1117.54265	559.77860	2	42.2196	2
1117.56195	559.78825	2	50.6325	2
1117.58540	559.80000	2	74.2486	1
1117.60595	559.81025	2	70.6306	2
1118.01695	560.01575	2	46.0593	4
1118.48440	560.24945	2	32.9430	2
1118.54865	560.28160	2	75.8023	2
1118.63300	560.32380	2	56.7614	2
1119.54135	560.77795	2	69.0258	2
1119.58310	560.79880	2	62.2385	1
1119.59535	560.80495	2	67.0921	2
1119.66980	560.84220	2	82.1800	2
1120.06005	561.03730	2	57.1910	4
1120.57625	561.29540	2	60.0762	2
1121.54015	561.77735	2	68.3629	2
1121.54660	561.78060	2	42.8622	1
1121.60930	561.81190	2	47.2054	2
1122.51305	562.26380	2	59.3108	2
1123.47900	562.74680	2	45.9440	2
1123.57040	562.79250	2	57.0580	2
1123.58075	562.79765	2	53.3960	2
1124.59050	563.30255	2	61.7069	2
1124.61975	563.31715	2	69.0615	2
1124.63105	563.32280	2	37.6301	6
1124.68110	563.34780	2	80.0054	2
1125.51055	563.76255	2	35.0478	2
1125.53775	563.77615	2	48.6707	2
1125.57160	563.79305	2	42.9031	2
1125.64030	563.82740	2	60.6459	2
1126.49705	564.25580	2	54.0750	2
1126.53280	564.27370	2	60.1234	1
1126.59860	564.30660	2	51.2160	2
1126.66100	564.33780	2	76.8151	3
1127.47415	564.74435	2	68.7409	2
1127.53960	564.77710	2	44.3364	1
1127.56170	564.78815	2	77.2471	2
1127.56300	564.78880	2	42.3254	1
1127.61270	564.81360	2	61.7835	2
1127.65565	564.83510	2	52.3015	2
1128.56580	565.29020	2	41.7856	2
1128.57810	565.29635	2	42.5489	2
1128.58870	565.30160	2	32.1141	2
1128.61600	565.31530	2	86.2028	1
1128.63905	565.32680	2	59.4524	2
1129.58080	565.79770	2	55.3575	2
1129.63435	565.82445	2	39.7188	2
1129.63460	565.82460	2	35.1314	2
1129.67165	565.84310	2	69.7952	2
1130.55725	566.28590	2	47.0126	2
1130.61560	566.31510	2	38.0381	1
1131.57735	566.79595	2	34.4433	2
1131.62880	566.82170	2	70.2076	2
1131.65410	566.83430	2	81.3543	2
1132.53785	567.27620	2	32.4847	2
1132.55520	567.28490	2	56.6072	2
1132.58965	567.30210	2	61.5860	2
1133.54590	567.78020	2	33.2382	1
1133.54960	567.78210	2	33.3006	1
1133.55390	567.78420	2	68.8890	2
1133.57175	567.79315	2	55.6972	2
1133.57205	567.79330	2	72.0645	2
1133.57515	567.79485	2	65.8844	2
1133.60835	567.81145	2	62.0154	2
1133.64550	567.83000	2	67.7927	1
1134.53465	568.27460	2	43.6632	2
1134.53465	568.27460	2	46.1717	2
1134.55180	568.28320	2	35.2027	2
1134.57810	568.29635	2	45.9856	2
1134.59190	568.30325	2	47.4347	2
1135.59860	568.80655	2	46.9504	2
1136.53615	569.27535	2	53.0107	2
1136.57160	569.29310	2	57.4641	2
1136.57240	569.29345	2	60.5969	2
1137.56570	569.79015	2	82.2294	2
1137.57800	569.79630	2	54.8545	3
1138.56595	570.29025	2	62.0073	2
1138.58790	570.30125	2	34.7734	2
1139.54565	570.78010	2	54.1928	2
1139.63045	570.82250	2	39.4526	2
1139.65485	570.83470	2	61.2892	2
1140.05370	571.03415	2	66.1052	4
1140.52390	571.26925	2	33.2730	2
1140.55990	571.28720	2	76.8312	1
1141.55610	571.78535	2	71.5320	2
1141.56785	571.79120	2	62.3340	2
1141.59940	571.80695	2	32.3600	2
1141.60995	571.81225	2	59.1169	2
1142.03325	572.02390	2	64.7086	4
1142.48780	572.25120	2	45.0016	2
1142.55735	572.28595	2	51.3263	2
1142.55845	572.28650	2	90.1389	2
1142.61695	572.31575	2	54.4855	2
1142.63285	572.32370	2	33.9667	2
1143.50830	572.76145	2	55.3919	2
1143.55790	572.78620	2	74.8908	1
1143.57160	572.79310	2	65.1821	2
1143.58780	572.80115	2	34.5567	2
1143.69140	572.85295	2	86.4433	2
1144.58845	573.30150	2	49.2615	2
1144.59675	573.30565	2	59.8165	2
1144.60940	573.31195	2	38.0427	2
1144.63655	573.32555	2	56.9276	2
1144.65340	573.33400	2	67.9871	2
1145.08385	573.54920	2	57.1553	4
1145.57530	573.79495	2	46.7485	2
1145.67000	573.84230	2	70.4622	1
1146.57735	574.29595	2	45.3066	2
1146.58590	574.30020	2	72.3652	2
1146.61380	574.31420	2	52.5192	2
1147.55420	574.78440	2	48.6075	2
1147.55540	574.78500	2	43.2185	2
1147.57920	574.79690	2	64.7606	2
1147.58730	574.80095	2	54.4214	2
1147.60680	574.81070	2	39.2723	1
1147.63980	574.82715	2	87.5205	2
1148.54730	575.28095	2	52.7639	2
1148.56910	575.29185	2	79.6662	2
1148.58240	575.29850	2	58.0382	1
1148.60770	575.31110	2	57.8745	1
1148.60885	575.31170	2	62.1878	2
1149.56680	575.79065	2	57.4097	2
1149.56725	575.79090	2	67.7501	2
1150.05945	576.03700	2	58.6587	4
1150.58690	576.30070	2	54.9253	2
1150.58740	576.30100	2	47.9868	2
1151.49285	576.75370	2	51.8294	2
1151.65555	576.83505	2	68.5600	2
1151.72860	576.87160	2	75.6274	2
1152.52660	577.27060	2	31.0736	2
1152.53070	577.27260	2	53.5349	2
1152.53930	577.27695	2	91.4449	2
1152.54865	577.28160	2	60.4496	2
1152.55360	577.28410	2	36.9713	2
1152.58540	577.29995	2	58.1098	2
1153.51820	577.76640	2	66.6789	1
1153.57360	577.79410	2	52.2337	1
1154.57140	578.29300	2	63.1482	1
1154.62070	578.31765	2	59.1500	2
1154.63060	578.32260	2	44.7531	2
1155.56305	578.78880	2	35.0223	2
1155.58105	578.79780	2	87.9228	2
1155.61570	578.81510	2	51.1161	1
1155.62780	578.82120	2	51.9737	2
1155.64990	578.83225	2	48.9152	2
1156.51060	579.26260	2	29.3563	1
1156.51840	579.26650	2	55.5231	2
1156.51890	579.26670	2	44.7166	1
1156.59280	579.30370	2	85.0410	1
1156.60335	579.30895	2	66.7167	2
1157.57665	579.79560	2	75.3274	2
1157.59250	579.80350	2	58.3838	2
1157.59500	579.80475	2	52.3063	2
1157.63250	579.82355	2	53.1546	2
1158.59865	580.30660	2	42.1097	2
1158.62555	580.32005	2	47.5851	2
1159.56920	580.79185	2	63.4762	2
1159.57400	580.79430	2	34.4639	2
1159.58000	580.79725	2	45.5216	2
1159.59505	580.80480	2	41.2414	2
1159.62065	580.81760	2	40.1517	2
1159.63930	580.82695	2	79.8540	2
1159.68260	580.84860	2	49.6386	1
1160.58510	581.29985	2	66.8924	2
1160.58665	581.30060	2	49.5605	2
1160.59265	581.30360	2	73.1521	2
1160.59745	581.30600	2	54.2006	2
1160.60735	581.31095	2	61.6993	2
1160.61545	581.31500	2	36.6982	2
1160.64110	581.32780	2	32.8308	1
1161.05915	581.53685	2	38.0349	4
1161.52710	581.77080	2	35.4292	1
1161.59925	581.80690	2	45.7637	2
1161.59965	581.80710	2	53.5922	2
1161.60620	581.81040	2	73.0765	1
1161.61475	581.81465	2	53.2710	2
1161.66300	581.83880	2	95.2517	1
1162.58145	582.29800	2	65.3771	2
1162.59875	582.30665	2	71.8226	2
1163.57670	582.79565	2	65.6761	2
1163.58230	582.79840	2	58.6997	1
1163.60895	582.81175	2	67.4243	2
1164.57130	583.29295	2	32.2539	2
1164.60255	583.30855	2	54.8952	2
1164.60380	583.30920	2	60.7912	1
1164.72420	583.36940	2	70.5076	2
1165.46160	583.73810	2	35.4691	2
1165.57705	583.79580	2	92.4033	8
1165.59970	583.80710	2	46.5800	2
1165.63405	583.82430	2	64.5116	2
1166.54395	584.27925	2	46.7194	2
1166.63615	584.32535	2	48.7348	2
1167.59300	584.80375	2	76.0230	2
1167.61820	584.81640	2	84.6012	2
1168.63210	585.32330	2	77.9296	1
1168.64490	585.32970	2	49.3698	2
1168.68160	585.34810	2	58.5129	2
1168.68165	585.34810	2	69.8767	2
1168.74335	585.37895	2	79.2902	2
1169.57190	585.79320	2	54.2917	2
1170.62510	586.31980	2	47.1665	2
1170.66070	586.33760	2	66.8652	2
1170.66085	586.33770	2	70.5655	2
1171.57750	586.79605	2	65.3790	2
1171.62040	586.81750	2	50.1556	2
1171.62500	586.81975	2	56.1155	2
1171.70050	586.85755	2	54.8094	2
1172.59790	587.30625	2	65.8339	2
1172.61500	587.31480	2	40.5898	2
1172.61910	587.31680	2	87.3902	5
1172.62845	587.32150	2	73.8242	2
1172.62970	587.32210	2	66.1452	2
1172.63985	587.32720	2	71.0820	2
1173.50230	587.75840	2	60.5560	1
1173.58955	587.80205	2	46.4867	2
1173.61440	587.81450	2	85.0677	1
1174.06680	588.04070	2	34.0453	4
1174.51135	588.26295	2	43.4465	2
1174.55020	588.28240	2	32.5383	1
1174.56100	588.28775	2	54.1145	2
1174.60730	588.31090	2	40.9775	1
1175.53665	588.77560	2	44.2976	2
1175.57420	588.79440	2	60.6506	2
1175.61965	588.81710	2	41.7363	2
1175.65600	588.83525	2	59.0808	2
1176.57340	589.29400	2	31.6477	1
1176.58130	589.29790	2	52.8579	2
1177.63480	589.82470	2	55.0567	1
1177.63520	589.82485	2	66.2812	2
1177.66250	589.83850	2	84.4707	1
1178.51780	590.26620	2	38.3742	2
1178.54625	590.28040	2	47.9022	2
1178.56685	590.29070	2	29.9775	2
1179.61410	590.81430	2	50.6828	1
1180.52350	591.26905	2	62.4450	2
1180.59735	591.30595	2	64.6847	2
1180.70745	591.36100	2	85.3706	2
1181.65210	591.83330	2	54.7807	2
1182.54145	592.27800	2	74.8921	2
1182.60380	592.30915	2	71.3506	2
1182.62710	592.32080	2	72.4040	2
1182.66480	592.33965	2	58.4527	2
1182.68040	592.34750	2	78.4076	2
1183.62160	592.81805	2	50.7271	2
1184.58595	593.30025	2	61.1722	2
1184.60515	593.30985	2	50.1277	2
1185.57485	593.79470	2	85.9283	2
1185.57800	593.79630	2	36.3817	2
1185.64025	593.82740	2	79.0668	2
1185.65130	593.83295	2	64.0197	2
1185.67240	593.84350	2	59.9499	1
1186.54385	594.27920	2	45.1831	2
1186.65615	594.33535	2	46.8968	2
1187.58960	594.80210	2	49.4975	2
1187.59790	594.80620	2	65.3553	2
1187.62255	594.81855	2	77.2081	2
1187.70335	594.85895	2	80.2995	2
1187.70335	594.85895	2	87.7283	2
1188.58150	595.29800	2	69.1648	1
1188.58905	595.30180	2	42.1397	2
1188.59895	595.30675	2	45.9568	2
1188.61530	595.31490	2	50.3612	2
1188.67185	595.34320	2	60.9109	2
1189.54120	595.77785	2	78.4129	2
1189.63930	595.82695	2	52.0594	2
1189.64630	595.83040	2	69.9305	2
1189.67180	595.84315	2	74.1957	2
1190.56110	596.28785	2	55.0941	2
1190.59155	596.30305	2	34.2200	2
1190.60025	596.30740	2	64.2071	2
1191.61345	596.81400	2	57.6637	2
1191.66605	596.84030	2	82.0864	2
1192.52825	597.27140	2	46.2777	2
1192.59725	597.30590	2	55.9481	2
1192.61610	597.31535	2	66.4512	2
1192.66300	597.33880	2	86.6688	2
1193.61605	597.81530	2	38.3820	2
1193.63435	597.82445	2	67.7152	2
1193.66800	597.84130	2	89.6846	2
1194.51125	598.26290	2	31.3202	2
1194.58370	598.29910	2	82.4213	1
1194.61380	598.31420	2	67.2984	1
1195.60985	598.81220	2	60.3932	2
1196.55000	599.28225	2	45.1238	2
1196.57240	599.29350	2	35.3134	2
1196.65075	599.33265	2	48.7937	2
1197.54600	599.78030	2	77.7588	2
1197.57005	599.79230	2	52.2653	2
1197.57705	400.19960	3	35.5634	2
1197.59290	599.80370	2	63.2452	2
1197.62490	599.81975	2	59.7869	2
1197.63700	599.82580	2	72.3659	1
1197.66500	599.83980	2	74.1808	1
1197.69820	599.85635	2	75.0735	2
1198.62030	400.54740	3	52.0541	2
1198.65595	400.55925	3	40.4730	2
1198.65625	600.33540	2	40.5312	2
1199.54640	600.78045	2	54.7232	2
1199.54750	600.78100	2	49.3394	1
1199.71270	600.86365	2	78.1327	2
1200.61950	401.21375	3	41.8720	2
1200.62280	601.31870	2	58.9988	2
1200.62480	601.31970	2	41.8773	2
1200.64635	601.33045	2	52.0827	2
1200.65190	601.33320	2	79.3831	2
1201.09080	601.55270	2	42.5932	4
1201.59850	601.80655	2	65.9796	2
1201.60960	401.54380	3	47.3511	2
1201.61990	601.81725	2	74.7717	2
1201.63020	401.55065	3	36.1116	2
1201.63080	601.82265	2	36.5109	2
1201.66715	601.84085	2	56.6455	2
1201.66760	601.84105	2	46.3342	2
1202.58970	602.30215	2	40.1004	2
1202.60540	401.87575	3	48.2437	2
1202.60580	602.31020	2	48.3021	2
1202.64160	401.88780	3	38.9689	2
1202.64310	602.32885	2	38.9608	2
1202.64970	602.33210	2	64.7339	2
1203.59885	602.80670	2	41.3337	2
1203.61760	602.81610	2	88.5031	7
1203.67315	602.84385	2	51.5935	2
1204.48220	603.24840	2	42.0450	2
1204.58300	603.29880	2	52.6414	2
1204.60340	603.30900	2	56.5995	1
1204.60840	603.31150	2	56.9687	2
1204.61190	603.31320	2	92.4505	1
1204.61410	603.31430	2	79.7200	2
1204.65715	603.33585	2	47.8130	2
1204.65775	402.55985	3	47.8345	2
1205.56540	402.86240	3	59.3944	2
1205.63020	603.82235	2	56.3830	2
1205.64060	603.82760	2	54.3238	2
1205.71295	603.86375	2	65.0595	2
1205.71315	402.91165	3	64.9996	2
1206.59585	604.30520	2	60.8585	2
1206.60740	604.31100	2	72.7035	2
1206.62560	604.32010	2	64.3007	2
1207.57170	604.79315	2	63.4995	2
1207.62435	604.81945	2	72.4256	2
1207.67430	604.84440	2	84.1439	1
1207.76625	604.89040	2	80.6476	2
1208.06470	605.03965	2	44.2085	2
1208.59460	605.30455	2	82.5001	2
1208.60590	605.31020	2	68.3042	2
1209.58805	605.80130	2	47.8942	2
1210.56105	606.28780	2	46.4502	2
1210.58860	606.30160	2	76.7376	1
1210.59865	606.30660	2	63.0026	2
1210.61300	404.54490	3	62.8122	1
1210.73970	606.37715	2	70.6936	2
1211.59750	606.80600	2	62.1812	1
1211.61980	606.81720	2	77.8285	2
1211.62620	404.88270	3	35.4825	1
1211.65050	606.83250	2	48.4121	2
1211.65165	404.89115	3	48.3535	2
1212.53235	405.18470	3	51.5348	2
1212.56880	405.19685	3	28.5193	2
1212.64990	405.22390	3	56.2558	1
1213.64535	405.55570	3	53.6002	2
1213.66745	607.84100	2	48.1063	2
1213.67120	405.56435	3	81.6127	2
1214.51050	405.84410	3	73.1428	1
1214.59735	608.30595	2	63.4218	2
1214.70305	608.35880	2	62.9548	2
1215.59845	608.80650	2	50.1483	2
1215.64720	608.83085	2	60.1561	2
1215.65130	608.83295	2	82.5533	2
1215.68145	406.23440	3	34.7759	2
1215.68270	608.84860	2	34.8097	2
1216.57635	609.29545	2	48.8448	2
1216.57665	609.29560	2	39.1638	2
1216.62300	609.31880	2	55.0617	2
1216.65805	609.33630	2	69.7660	2
1216.72565	609.37010	2	85.4706	2
1217.56280	609.78870	2	70.1119	2
1217.60790	609.81125	2	57.6118	2
1217.67655	406.89945	3	68.2088	2
1218.66470	610.33965	2	83.0016	2
1219.61235	610.81345	2	49.5176	2
1219.62290	610.81870	2	70.0164	1
1220.63975	611.32715	2	54.4531	2
1220.64120	611.32790	2	78.0122	2
1221.13360	611.57405	2	50.1787	4
1221.51930	611.76690	2	45.2907	1
1221.59810	611.80630	2	58.8528	2
1221.60990	611.81220	2	31.3450	2
1221.61045	408.21075	3	31.3072	2
1221.61495	611.81475	2	65.3606	2
1221.63555	611.82505	2	56.5458	2
1222.56950	408.53040	3	30.8295	1
1222.61890	612.31670	2	56.5023	1
1223.54245	612.77850	2	46.4596	2
1223.62575	612.82015	2	35.9332	2
1223.71390	612.86420	2	83.8177	12
1224.62425	613.31940	2	68.4079	2
1224.62910	613.32180	2	53.8749	2
1224.65760	409.22645	3	36.7058	2
1224.65855	613.33655	2	37.0044	2
1224.68410	613.34935	2	43.3191	2
1225.67245	613.84350	2	69.1770	2
1226.70080	614.35770	2	59.1733	1
1226.70725	614.36090	2	81.1354	2
1227.65735	614.83595	2	58.8006	2
1227.66120	614.83790	2	70.1679	2
1227.68215	614.84835	2	64.5659	2
1227.68235	410.23470	3	49.7233	2
1228.16315	615.08885	2	68.9741	4
1228.68760	615.35110	2	63.7487	1
1228.73860	615.37655	2	82.3353	2
1229.55715	615.78585	2	41.5630	2
1229.61215	615.81335	2	78.6048	2
1229.61930	615.81690	2	49.6583	2
1229.64980	410.89055	3	47.4659	2
1229.65060	615.83255	2	47.5537	2
1229.65260	615.83360	2	65.4194	2
1229.73860	410.92015	3	58.9459	2
1230.58445	616.29950	2	41.6993	2
1230.58450	411.20210	3	41.7908	2
1230.58860	616.30160	2	59.8962	2
1230.62110	616.31785	2	48.6759	2
1230.63915	616.32685	2	78.7249	2
1230.65645	616.33550	2	41.5056	2
1230.66275	616.33865	2	82.2668	2
1231.58670	616.80065	2	36.4847	2
1231.62440	616.81950	2	54.9985	2
1231.62500	616.81980	2	87.4995	2
1231.65660	616.83555	2	60.5337	2
1231.65920	616.83685	2	57.0005	2
1231.69235	411.57135	3	57.9790	2
1232.57090	617.29270	2	34.2089	1
1232.60755	617.31105	2	46.0203	2
1233.60180	412.20785	3	79.8885	2
1233.62150	617.81805	2	43.8970	2
1233.66055	617.83755	2	57.2383	2
1234.56875	412.53020	3	40.6022	2
1234.59905	618.30680	2	35.5115	2
1234.65400	618.33430	2	64.1536	1
1235.60705	412.87625	3	39.9238	2
1235.60720	618.81090	2	39.9317	2
1235.64970	618.83210	2	48.9815	2
1235.65220	412.89135	3	48.9418	2
1235.66920	412.89700	3	58.1337	2
1235.66925	618.84190	2	58.1885	2
1235.69885	412.90685	3	52.8902	2
1236.56220	619.28835	2	48.1620	2
1237.63515	413.55235	3	37.8047	2
1237.63520	619.82485	2	37.8919	2
1237.64630	619.83040	2	64.0092	2
1237.74005	619.87730	2	67.7396	2
1239.59265	620.80360	2	58.6436	2
1239.59560	414.20580	3	35.8667	2
1239.68320	620.84885	2	75.2291	2
1239.71950	620.86705	2	74.0607	2
1240.16065	621.08760	2	48.5192	4
1240.58770	414.53650	3	36.3291	2
1240.70360	621.35910	2	71.7064	1
1240.70565	621.36010	2	90.6872	2
1241.59360	621.80410	2	71.1473	2
1241.66525	621.83990	2	61.9601	2
1241.67360	621.84410	2	43.2674	1
1241.67400	414.89860	3	43.2619	1
1241.69900	621.85680	2	78.1145	1
1241.71440	621.86450	2	87.5877	1
1241.77550	414.93245	3	77.2363	2
1241.77560	621.89510	2	77.3032	2
1242.56475	622.28965	2	57.7101	2
1242.63675	415.21950	3	43.9949	2
1242.63675	622.32565	2	44.0017	2
1242.64580	622.33020	2	54.8318	1
1243.67600	415.56590	3	60.8191	1
1244.54265	623.27860	2	52.3377	2
1244.56805	623.29130	2	46.3664	2
1244.61090	415.87755	3	34.0546	2
1244.63360	623.32405	2	66.1793	2
1244.67270	415.89820	3	36.7313	2
1244.67430	623.34440	2	75.3098	1
1245.62105	416.21430	3	47.1096	2
1245.62115	623.81785	2	47.1216	2
1245.64040	623.82750	2	62.6723	1
1245.65110	623.83280	2	81.4235	2
1245.65945	623.83700	2	43.1034	2
1245.67235	416.23135	3	54.5708	2
1245.67575	623.84515	2	42.2502	2
1246.61230	416.54470	3	54.3311	2
1246.64985	416.55720	3	66.9494	2
1246.69225	624.35340	2	72.3158	2
1247.60470	624.80960	2	69.7066	2
1248.62065	625.31760	2	57.8342	2
1248.67220	625.34340	2	60.7405	2
1248.67400	625.34430	2	63.0564	1
1249.63045	625.82250	2	57.1495	2
1249.65350	625.83405	2	63.7901	2
1249.65715	625.83585	2	82.5616	2
1250.60060	626.30760	2	30.1971	1
1250.66420	626.33940	2	79.8782	1
1250.72460	626.36960	2	87.3768	2
1250.76030	626.38740	2	72.0901	1
1251.66130	626.83790	2	74.6532	2
1251.66560	418.22910	3	49.6542	1
1252.74025	627.37740	2	78.7850	2
1252.75020	418.59070	3	65.6761	2
1252.78015	627.39735	2	91.0521	2
1253.55930	627.78690	2	66.1853	2
1253.63030	418.88405	3	32.2139	2
1254.58970	628.30215	2	68.1568	2
1254.59985	628.30720	2	79.9173	2
1254.72970	628.37215	2	40.0164	2
1254.72995	628.37225	2	69.1159	2
1254.73005	419.25060	3	39.9802	2
1254.73425	419.25205	3	51.7925	2
1255.58500	628.79980	2	42.8197	2
1255.62820	628.82135	2	69.8135	2
1255.65540	419.55905	3	53.1880	2
1255.66735	628.84095	2	73.6925	2
1255.67890	628.84675	2	50.5645	2
1255.70220	628.85840	2	68.9443	2
1255.71485	419.57885	3	64.9097	2
1255.71560	628.86510	2	64.9982	1
1256.60800	629.31130	2	58.5652	1
1256.61035	629.31245	2	49.8597	2
1256.61800	629.31630	2	88.9895	2
1256.69715	419.90630	3	46.8585	2
1256.69845	629.35650	2	46.8296	2
1256.70380	629.35915	2	96.3793	2
1257.64690	629.83075	2	41.9360	2
1257.67270	629.84365	2	55.2674	4
1257.70210	629.85830	2	87.9765	1
1258.59925	630.30690	2	80.7076	2
1258.67720	630.34590	2	67.0054	2
1258.68855	630.35155	2	51.8484	2
1258.76510	630.38980	2	86.4840	2
1259.57485	420.86555	3	35.6599	2
1259.57540	630.79500	2	35.6541	1
1259.63350	630.82400	2	74.9194	2
1259.63620	630.82535	2	57.7631	2
1259.66120	630.83790	2	58.3214	2
1259.66670	630.84060	2	68.6728	1
1260.57705	631.29580	2	35.9538	2
1260.58905	631.30180	2	42.0148	2
1260.67290	631.34375	2	56.7016	2
1261.57890	631.79670	2	50.4226	2
1261.62260	421.54810	3	39.9063	1
1261.67090	421.56420	3	37.5214	1
1261.74400	631.87925	2	94.7871	2
1263.61990	632.81720	2	33.0857	2
1263.62040	422.21410	3	33.0725	2
1263.62900	632.82180	2	56.1764	2
1263.67215	632.84335	2	88.2978	2
1263.68330	632.84890	2	66.4432	2
1264.64830	422.55670	3	60.5677	2
1264.64925	633.33190	2	60.6021	2
1264.77415	633.39435	2	92.6230	2
1265.60840	422.87670	3	30.7462	1
1265.68840	633.85150	2	51.0017	2
1266.56235	634.28845	2	45.3404	2
1266.60270	634.30860	2	59.5678	1
1266.62110	423.21430	3	37.4406	2
1266.62250	634.31855	2	37.4234	2
1266.62445	634.31950	2	70.2692	2
1267.64855	634.83155	2	81.5990	2
1267.68910	634.85185	2	49.0431	2
1268.61390	423.87855	3	52.6776	2
1268.66185	635.33820	2	50.2734	2
1268.66205	423.89460	3	50.1814	2
1268.69930	635.35690	2	69.4088	2
1269.62500	635.81980	2	79.9488	2
1269.62870	635.82160	2	63.0759	2
1269.65270	424.22480	3	66.6488	1
1269.65770	424.22650	3	46.1349	2
1269.65885	635.83670	2	46.1617	2
1269.70330	635.85895	2	62.4931	2
1269.72980	635.87220	2	77.6449	2
1270.65300	636.33380	2	42.9392	2
1270.70010	636.35730	2	61.6666	1
1270.70080	424.57420	3	61.5937	2
1270.72780	636.37115	2	91.4686	2
1271.56475	424.86220	3	77.0230	2
1271.68750	424.90310	3	59.6586	2
1271.69155	636.85305	2	63.7069	2
1271.76100	636.88775	2	81.4436	2
1272.69290	637.35370	2	64.1727	2
1273.63400	637.82425	2	73.3116	2
1273.64060	637.82760	2	70.7994	1
1273.65600	637.83530	2	66.0808	2
1273.66860	637.84160	2	64.6214	2
1273.67750	637.84605	2	85.7338	2
1273.72250	637.86850	2	69.8445	2
1274.62840	425.88340	3	45.2561	1
1274.64515	638.32985	2	84.1758	2
1274.65140	638.33300	2	76.5499	2
1274.66330	638.33890	2	68.0402	2
1275.54270	638.77865	2	44.5457	2
1275.57255	638.79355	2	60.3394	2
1275.69325	426.23835	3	62.2760	2
1276.60940	426.54370	3	66.4902	1
1276.63400	639.32430	2	76.8384	2
1276.65100	639.33280	2	89.3372	2
1276.66690	639.34075	2	57.8585	2
1276.67405	639.34430	2	85.4358	2
1276.70380	639.35920	2	71.7347	2
1276.70430	639.35940	2	77.8796	1
1277.63760	639.82610	2	61.7669	3
1277.67315	639.84385	2	68.4391	2
1277.68670	639.85065	2	75.4711	2
1278.62840	640.32150	2	75.1641	1
1278.65000	640.33225	2	84.3397	2
1278.68140	427.23440	3	42.1023	1
1279.62435	640.81945	2	63.2137	2
1279.69685	427.57290	3	53.5299	2
1280.57930	641.29690	2	80.5819	2
1280.59905	427.87360	3	37.0272	2
1280.59960	641.30710	2	37.0226	1
1280.73300	641.37380	2	79.7212	1
1280.74395	641.37925	2	87.4327	2
1281.55745	641.78600	2	39.3031	2
1281.60600	428.20930	3	36.0345	1
1281.60945	641.81200	2	35.9454	2
1281.70420	428.24200	3	41.0700	1
1281.76660	428.26280	3	64.0670	1
1282.57435	642.29445	2	71.3611	2
1282.58665	642.30060	2	61.2250	2
1283.61590	642.81525	2	70.2588	2
1283.65200	642.83325	2	65.1160	2
1283.65880	642.83670	2	84.9876	2
1283.70870	428.91020	3	43.6972	2
1283.73480	642.87465	2	77.6164	2
1284.62950	643.32205	2	90.5626	2
1284.69445	643.35450	2	77.3312	2
1284.70340	429.24175	3	42.4236	2
1284.70395	643.35925	2	68.7110	2
1284.72845	643.37150	2	83.1599	2
1285.66310	643.83880	2	42.8766	2
1285.72290	429.58160	3	45.4146	1
1286.17065	644.09260	2	85.3628	2
1286.58310	429.86830	3	52.9636	1
1286.64515	429.88900	3	68.3203	2
1286.64990	429.89060	3	53.6964	1
1286.68505	644.34980	2	84.7079	2
1286.69960	644.35710	2	67.8840	2
1286.78535	644.39995	2	85.6988	2
1287.63040	644.82250	2	84.2820	2
1287.68330	644.84895	2	73.3446	2
1288.59095	645.30275	2	44.1787	2
1288.60520	645.30990	2	63.4217	2
1288.66235	645.33845	2	45.5782	2
1288.68335	645.34895	2	50.8453	2
1288.68685	645.35070	2	66.8155	2
1288.72335	645.36895	2	83.5967	2
1288.74010	645.37730	2	75.3462	2
1289.59050	645.80250	2	36.1297	1
1289.59080	430.87090	3	36.0685	2
1289.62920	645.82190	2	62.3004	3
1289.62980	645.82215	2	88.6087	2
1289.64695	645.83075	2	49.1630	2
1290.65750	646.33605	2	54.3923	2
1291.57820	646.79640	2	44.3799	2
1291.60585	646.81020	2	50.9101	2
1291.66620	646.84040	2	59.7766	2
1293.62485	647.81970	2	55.1208	2
1294.16315	432.39500	3	61.6953	2
1294.60440	648.30945	2	46.3175	2
1294.62425	648.31940	2	68.0028	2
1294.73300	648.37380	2	82.3700	2
1294.79715	432.60630	3	67.3321	2
1295.58940	648.80200	2	44.3416	1
1295.72490	648.86970	2	75.7059	1
1295.74665	648.88060	2	64.2954	2
1295.75595	432.92590	3	59.9517	2
1295.77300	648.89375	2	87.3128	2
1296.68325	433.23500	3	59.4928	2
1296.68360	649.34910	2	59.4294	2
1296.70360	649.35910	2	68.7705	2
1297.23295	649.62375	2	45.0392	4
1297.72745	433.58305	3	44.2922	2
1297.73610	649.87535	2	65.1821	2
1297.76000	433.59395	3	63.1251	2
1298.59280	650.30365	2	37.7121	2
1298.59485	433.87220	3	37.6794	2
1298.61130	433.87770	3	37.6028	2
1298.69435	650.35445	2	47.7801	2
1298.74520	650.37990	2	92.1626	2
1299.56885	650.79170	2	36.2531	2
1299.63040	650.82250	2	74.1557	1
1299.67910	650.84680	2	40.9656	2
1299.69365	650.85410	2	79.4136	2
1299.71480	650.86470	2	57.5561	2
1300.62360	651.31905	2	85.8357	2
1300.70240	651.35845	2	62.8486	2
1300.73945	651.37700	2	75.5679	2
1300.76160	651.38810	2	74.9571	2
1300.77580	651.39520	2	84.7727	2
1301.63625	434.88605	3	40.6521	2
1301.63660	651.82555	2	40.6914	2
1301.69850	651.85650	2	68.5048	2
1302.66020	652.33735	2	66.6233	2
1303.51420	652.76435	2	65.2966	2
1303.57450	435.53210	3	82.8421	1
1303.60565	652.81010	2	60.4903	2
1303.75000	652.88230	2	75.2702	2
1304.61080	653.31270	2	42.6833	2
1304.73590	653.37525	2	78.7277	2
1305.61545	436.21245	3	31.7314	2
1305.62535	653.81995	2	51.1509	2
1305.63510	436.21895	3	61.4374	2
1305.66120	653.83790	2	68.8701	2
1305.70495	653.85975	2	73.5159	2
1306.58265	436.53485	3	40.4675	2
1306.65400	436.55860	3	40.0043	3
1306.67375	654.34415	2	75.6860	2
1306.67465	654.34460	2	31.8594	2
1307.66290	654.83870	2	61.3257	2
1308.65920	655.33685	2	63.0603	2
1308.67720	437.23300	3	32.0558	1
1308.72020	655.36740	2	86.7262	2
1308.72255	437.24815	3	86.7868	2
1308.74160	655.37805	2	60.0760	2
1308.77710	655.39585	2	72.9448	2
1309.63220	655.82340	2	67.5472	3
1309.65315	655.83385	2	63.5877	2
1309.66280	437.56155	3	71.8610	2
1309.77205	655.89330	2	78.1636	2
1310.56000	656.28730	2	36.6326	1
1310.65060	437.89080	3	47.9292	2
1310.68025	656.34740	2	80.3654	2
1311.57080	656.79270	2	59.6243	2
1311.58350	656.79905	2	50.3404	2
1311.64560	656.83010	2	88.7789	1
1311.71575	438.24585	3	60.3744	2
1311.76590	656.89025	2	84.2709	2
1313.61385	657.81420	2	63.2373	2
1313.69305	438.90495	3	52.4264	2
1313.69360	657.85405	2	52.4685	2
1313.70195	657.85825	2	87.2454	2
1313.71840	438.91340	3	61.9691	1
1313.72090	657.86770	2	84.8606	2
1314.60030	439.20740	3	33.6062	1
1314.65730	439.22640	3	49.9656	1
1314.69715	658.35585	2	48.4455	2
1314.69760	658.35610	2	62.9436	2
1314.70110	439.24100	3	48.4666	2
1315.65955	658.83705	2	72.8247	2
1315.68085	658.84770	2	60.2298	2
1315.71065	658.86260	2	64.9469	2
1315.77010	439.59730	3	63.1187	1
1316.56415	659.28935	2	55.4602	2
1316.65710	659.33580	2	79.5307	4
1316.67580	439.89920	3	64.4523	2
1316.73490	659.37475	2	68.4690	2
1316.73500	659.37480	2	96.0053	2
1317.61040	440.21070	3	52.9451	2
1317.64305	659.82880	2	42.7622	2
1318.67190	660.34325	2	78.9541	2
1319.63260	660.82360	2	53.6104	1
1319.66390	660.83920	2	54.1463	2
1319.66430	440.89535	3	54.1065	2
1319.69130	660.85290	2	81.6330	2
1320.59935	661.30695	2	72.2541	2
1320.61095	661.31275	2	55.8622	2
1320.62340	441.21510	3	41.1450	1
1320.62400	661.31925	2	41.1831	2
1320.63480	441.21890	3	51.4421	2
1320.68750	661.35100	2	89.4951	11
1321.61565	661.81510	2	52.1226	2
1321.76425	661.88940	2	80.9050	2
1321.76550	441.59575	3	80.8335	2
1322.66625	662.34040	2	89.0220	2
1322.67145	662.34300	2	64.4441	2
1322.72755	662.37105	2	72.8620	2
1323.71930	442.24705	3	71.4993	2
1324.69220	663.35335	2	78.0398	2
1324.73480	663.37465	2	63.4956	2
1324.78305	442.60160	3	65.5021	2
1325.69320	442.90500	3	57.7210	1
1325.74980	663.88220	2	83.1737	2
1326.62165	664.31810	2	60.8478	2
1326.68960	443.23715	3	32.0045	2
1326.68975	664.35215	2	31.9802	2
1326.74110	664.37780	2	76.0737	1
1327.65190	443.55790	3	57.2457	2
1327.78570	664.90015	2	94.9847	2
1328.74530	443.92235	3	42.5097	2
1328.75300	665.38380	2	71.7456	2
1328.75340	443.92510	3	71.5828	2
1329.60770	665.81110	2	41.3886	1
1329.65405	665.83430	2	43.8861	2
1329.65415	665.83435	2	59.2519	2
1329.66910	444.23030	3	58.7420	2
1329.69330	444.23835	3	66.1913	2
1329.69355	665.85405	2	77.1184	2
1329.76320	665.88890	2	49.5631	1
1329.76820	665.89140	2	81.1637	2
1330.71495	666.36475	2	61.8727	2
1330.78170	666.39810	2	85.9313	2
1331.67785	666.84620	2	74.7442	2
1331.70885	666.86170	2	63.7150	2
1331.70990	666.86225	2	80.8565	2
1331.72920	666.87190	2	92.4346	2
1331.74555	666.88005	2	82.3298	2
1331.76710	666.89085	2	45.8272	2
1332.62545	445.21575	3	61.5318	2
1332.64610	667.33030	2	47.9211	2
1332.70300	667.35880	2	82.8469	2
1333.57225	445.53135	3	54.8145	2
1333.59350	667.80400	2	43.8341	2
1334.66205	445.89460	3	46.4518	2
1334.71930	445.91370	3	53.9058	2
1334.71940	668.36700	2	53.9613	2
1334.72400	668.36930	2	76.7361	2
1335.63870	668.82665	2	72.2456	2
1335.64840	668.83150	2	70.3418	1
1336.74605	446.58930	3	43.4963	2
1336.74635	669.38045	2	43.4678	2
1336.80805	669.41130	2	79.9826	2
1337.57025	669.79240	2	39.5812	2
1337.60000	669.80730	2	59.5102	5
1337.66420	669.83940	2	76.7060	1
1337.67220	669.84340	2	73.7060	2
1338.61310	670.31380	2	61.1129	2
1338.66885	670.34170	2	63.3553	2
1338.71450	447.24540	3	47.4314	1
1338.71850	670.36655	2	72.8776	2
1339.65335	670.83395	2	64.8773	2
1339.74565	447.58915	3	55.8944	2
1339.75345	670.88400	2	81.8604	2
1339.77120	670.89290	2	94.1450	3
1339.77230	447.59800	3	94.2896	1
1340.59850	671.30655	2	49.6083	2
1340.73120	671.37290	2	62.3739	1
1341.20000	671.60725	2	45.3164	4
1341.62220	671.81835	2	75.3758	2
1341.69980	448.24050	3	46.5044	1
1341.72700	448.24960	3	44.4514	1
1342.65070	448.55750	3	54.4159	2
1342.65120	448.55765	3	38.2486	2
1342.69235	672.35345	2	70.8881	2
1342.70910	448.57700	3	56.6403	2
1342.71075	672.36265	2	63.0678	2
1342.74010	672.37735	2	84.1138	10
1343.76625	448.92935	3	54.7234	2
1343.76730	672.89090	2	54.7036	2
1344.68280	673.34865	2	53.7674	2
1344.71445	673.36450	2	66.3399	2
1344.72950	449.25045	3	72.5877	2
1344.74040	673.37750	2	83.5919	1
1344.74510	449.25560	3	81.9231	1
1344.74805	449.25665	3	68.2170	2
1345.62285	449.54820	3	34.2527	2
1345.62430	673.81945	2	34.3495	2
1346.57835	674.29645	2	40.5365	2
1346.67475	674.34465	2	73.4297	2
1346.68245	674.34850	2	78.1690	2
1346.71890	449.91355	3	71.4800	2
1346.76680	674.39070	2	69.0059	2
1346.76685	449.92955	3	68.9176	2
1347.58040	674.79745	2	53.2784	2
1347.58420	450.20200	3	44.1323	1
1347.66710	674.84085	2	88.5506	2
1347.72310	674.86880	2	84.9854	2
1347.74635	674.88045	2	63.8481	2
1347.74715	450.25635	3	63.7977	2
1347.76430	450.26200	3	83.1653	2
1349.62940	450.88370	3	51.2619	1
1349.68335	675.84895	2	69.8766	2
1349.68385	675.84920	2	61.2023	2
1350.60950	676.31205	2	40.4412	2
1350.64240	676.32850	2	76.3066	2
1350.71550	676.36505	2	74.1319	2
1351.63845	451.55340	3	34.9849	2
1351.63950	676.82705	2	34.9666	2
1351.64160	676.82805	2	60.8843	2
1352.59810	451.87330	3	31.5927	1
1352.63985	677.32720	2	63.6486	2
1352.72885	451.91690	3	55.3090	2
1352.75650	677.38550	2	68.3547	2
1353.72280	677.86865	2	88.2978	2
1353.72590	677.87020	2	65.9448	2
1354.72845	678.37150	2	89.3611	2
1355.71640	678.86545	2	85.4464	2
1355.72980	678.87215	2	56.8400	2
1355.77790	452.93325	3	59.2801	2
1355.77850	678.89655	2	82.2054	2
1356.73615	679.37535	2	60.3035	2
1356.74875	453.25685	3	48.6890	2
1356.74985	679.38220	2	48.7215	2
1357.66420	679.83940	2	49.9821	2
1357.67330	453.56500	3	31.1185	1
1357.67410	679.84430	2	31.2069	2
1357.74590	453.58925	3	58.6411	2
1357.74600	679.88030	2	58.7023	2
1358.15520	453.72570	3	51.8346	4
1358.62990	680.32220	2	59.9793	1
1358.66000	680.33730	2	88.8981	2
1358.66170	680.33810	2	57.1244	2
1358.66790	680.34125	2	46.0536	2
1358.66975	453.89715	3	45.9775	2
1358.67905	453.90030	3	39.1851	2
1358.68000	680.34730	2	39.2189	2
1358.74200	680.37830	2	82.8816	2
1358.75620	680.38535	2	92.6509	2
1359.68180	680.84815	2	67.4428	2
1359.68890	454.23690	3	38.9607	2
1359.83470	454.28550	3	57.1574	1
1360.58680	454.53620	3	34.7057	2
1360.69975	681.35715	2	75.8292	2
1361.66810	681.84130	2	40.8723	2
1361.67155	681.84305	2	67.1822	2
1361.72130	681.86795	2	69.0974	2
1361.72360	681.86910	2	71.8325	2
1362.55935	682.28695	2	50.5459	2
1362.59025	682.30240	2	48.7884	2
1362.71310	682.36385	2	87.8338	2
1362.71470	682.36465	2	58.3944	2
1362.71685	682.36570	2	72.4647	2
1362.72240	682.36845	2	83.5031	2
1363.65755	682.83605	2	63.1868	2
1363.68395	682.84925	2	73.2163	2
1363.68965	455.57045	3	45.3975	2
1363.69220	682.85340	2	45.4349	2
1364.59215	683.30335	2	51.4501	2
1364.59300	455.87160	3	51.3921	1
1364.65320	683.33385	2	76.9926	2
1364.66900	683.34180	2	45.2198	2
1364.68340	683.34895	2	61.6381	2
1364.71840	683.36645	2	65.0375	2
1364.73655	683.37555	2	69.6147	2
1365.55895	456.19360	3	42.6314	2
1365.66720	683.84090	2	84.4372	2
1365.68000	456.23395	3	56.0640	2
1365.68030	683.84745	2	56.1101	2
1366.73230	456.58470	3	37.1222	2
1366.75630	684.38540	2	37.2916	1
1366.75870	456.59350	3	37.2357	2
1367.54635	684.78045	2	34.1847	2
1367.65460	456.89215	3	51.6510	2
1367.67325	456.89835	3	50.4649	2
1367.68885	456.90355	3	51.9636	2
1367.68995	684.85225	2	52.0253	2
1367.71335	684.86395	2	72.0034	2
1367.76705	684.89080	2	83.3834	2
1367.77790	684.89625	2	75.3840	2
1368.75125	685.38290	2	74.9923	2
1368.79690	457.27290	3	64.2125	2
1369.67300	457.56490	3	52.4263	2
1369.79290	685.90375	2	54.9182	2
1370.72250	686.36855	2	79.2703	2
1370.77690	457.93290	3	54.8801	5
1370.82015	686.41735	2	94.6700	2
1371.68410	686.84935	2	73.7583	2
1371.73505	458.25230	3	49.7468	2
1372.68435	687.34945	2	66.5031	2
1372.71730	458.57970	3	54.6595	2
1373.69005	458.90395	3	38.4330	2
1373.69150	687.85300	2	38.5482	1
1373.74085	687.87770	2	71.0469	2
1373.75210	687.88335	2	57.2122	2
1374.68770	688.35110	2	47.9866	2
1374.68815	459.23665	3	48.0087	2
1374.68900	688.35180	2	87.0768	1
1374.70965	688.36210	2	73.6701	2
1374.76245	688.38850	2	77.8920	2
1374.76250	459.26145	3	77.8204	2
1374.78845	688.40150	2	84.1137	2
1375.71390	459.57860	3	76.4149	1
1375.71690	688.86570	2	79.4401	1
1376.70845	689.36150	2	89.4287	2
1376.71310	689.36380	2	83.2443	1
1376.71890	689.36670	2	65.2435	2
1376.72905	459.91695	3	50.0631	2
1376.84995	459.95725	3	66.6610	2
1377.67200	689.84325	2	82.9672	2
1377.67790	689.84620	2	75.7436	2
1377.68650	689.85055	2	33.4848	2
1377.68750	460.23645	3	33.4083	2
1377.69160	460.23780	3	88.2547	2
1377.69660	689.85555	2	87.8875	2
1378.23525	690.12490	2	84.5220	4
1378.69910	690.35685	2	60.1083	2
1378.75900	690.38680	2	94.3519	2
1379.76570	460.92920	3	72.9180	2
1379.76615	690.89035	2	72.9779	2
1379.77165	690.89310	2	80.0395	2
1380.79795	691.40625	2	76.5243	2
1381.67420	691.84440	2	66.4565	2
1381.74565	691.88010	2	73.8187	2
1382.65140	692.33295	2	76.5836	2
1382.75965	692.38710	2	77.5741	2
1382.84920	461.95700	3	77.9349	1
1383.53900	692.77680	2	27.6669	2
1383.68005	462.23395	3	43.4464	2
1384.62060	693.31760	2	52.2012	1
1384.66385	693.33920	2	56.1473	2
1384.69690	693.35570	2	83.4739	1
1384.73425	462.58535	3	64.2666	2
1384.74890	693.38175	2	83.5762	2
1385.73440	693.87450	2	75.2620	2
1385.75325	693.88390	2	62.3803	2
1386.72395	463.24860	3	66.3986	2
1387.56140	694.78800	2	61.8618	1
1387.68895	694.85175	2	82.3088	2
1387.69410	694.85430	2	56.8685	2
1387.72875	463.58355	3	83.6021	2
1387.72885	694.87170	2	83.6603	2
1388.55530	695.28490	2	55.4169	1
1388.70465	695.35960	2	52.4371	2
1389.73390	695.87420	2	87.3649	2
1390.64920	696.33190	2	38.2775	1
1390.75645	464.59275	3	67.8068	2
1391.69325	464.90505	3	60.5941	2
1391.69440	696.85450	2	60.5038	2
1391.70450	696.85955	2	53.0683	2
1392.61710	465.21300	3	59.3644	2
1392.63760	697.32610	2	64.7886	1
1392.66885	697.34170	2	63.2765	2
1392.86990	697.44225	2	83.6979	2
1393.64385	697.82920	2	68.5374	2
1393.65150	697.83305	2	71.1335	2
1393.67855	697.84655	2	70.6002	2
1393.69195	697.85325	2	82.1462	2
1393.70250	465.57480	3	55.7322	2
1393.70365	697.85910	2	77.2977	2
1395.65185	698.83320	2	58.3629	2
1395.70995	466.24395	3	40.3712	2
1395.71130	698.86295	2	40.3522	2
1396.67965	699.34710	2	77.0563	2
1396.74560	699.38005	2	79.7944	2
1396.80425	699.40940	2	66.5982	2
1397.71665	699.86560	2	51.4689	2
1397.78710	466.93630	3	65.6201	2
1397.79620	699.90540	2	79.3549	2
1398.62595	700.32025	2	52.5888	2
1398.70185	700.35820	2	89.8358	2
1398.73670	467.25285	3	50.9934	2
1398.77235	700.39345	2	63.9552	2
1399.69490	700.85470	2	54.5504	2
1399.69745	467.57310	3	48.4344	2
1401.57145	701.79300	2	42.8276	2
1401.71170	701.86315	2	42.4316	2
1401.71220	468.24465	3	42.3603	2
1401.76205	468.26125	3	80.5467	2
1401.76305	701.88880	2	80.4223	2
1402.75085	702.38270	2	76.8660	2
1403.64050	702.82750	2	60.7340	2
1403.74060	702.87760	2	69.3306	2
1403.74155	468.92110	3	40.9822	2
1403.74245	702.87850	2	41.0156	2
1404.72840	703.37150	2	75.6175	1
1404.79960	703.40710	2	68.0319	2
1405.65330	703.83395	2	56.1473	2
1406.66160	469.89450	3	51.8768	1
1406.71590	704.36525	2	74.6755	2
1407.72350	470.24845	3	49.8040	2
1407.72525	704.86990	2	49.8676	2
1407.78420	470.26865	3	66.2759	2
1407.78435	470.26875	3	60.2480	2
1408.65045	705.33250	2	77.4015	2
1408.66310	705.33885	2	70.5398	2
1408.66850	705.34150	2	39.5461	2
1409.68645	705.85050	2	68.6226	2
1409.74005	470.92060	3	49.1684	2
1410.69995	706.35725	2	55.6786	2
1410.72410	471.24860	3	50.4894	2
1410.77235	471.26470	3	57.4900	2
1411.67400	706.84430	2	72.5203	2
1411.71635	471.57935	3	70.0909	2
1411.82840	471.61670	3	72.9180	2
1411.82920	706.92185	2	72.7953	2
1412.15070	707.08260	2	48.9980	4
1412.64330	707.32890	2	89.0459	2
1412.77650	707.39550	2	51.0643	2
1412.81405	707.41430	2	82.7535	2
1412.82520	471.94900	3	75.1529	1
1412.83935	471.95375	3	66.7753	2
1412.84010	707.42735	2	66.8443	2
1413.67435	707.84445	2	37.9297	2
1413.76710	707.89085	2	61.5504	2
1414.72310	708.36880	2	60.7284	1
1414.72920	472.58370	3	47.4661	2
1414.73065	708.37260	2	81.5439	2
1414.73140	708.37300	2	47.5165	2
1415.65005	708.83230	2	92.4825	2
1415.68930	708.85195	2	57.9457	2
1415.72630	708.87040	2	46.0724	2
1415.76180	472.92790	3	40.5256	1
1416.72465	473.24880	3	65.6256	2
1416.72555	709.37005	2	64.7684	2
1416.72895	709.37175	2	90.8656	4
1416.77935	473.26705	3	59.0040	2
1417.66520	709.83985	2	68.3919	2
1417.66915	709.84185	2	55.4602	2
1417.67975	473.56720	3	46.7986	2
1417.68080	709.84770	2	46.8516	1
1417.70980	709.86215	2	74.2497	2
1417.81530	709.91490	2	84.0146	1
1418.70830	710.36145	2	58.1600	2
1418.71000	710.36230	2	80.3278	2
1419.66400	710.83930	2	57.4327	2
1419.69915	710.85685	2	51.3553	2
1419.75680	474.25950	3	51.5815	2
1419.77160	474.26450	3	57.3724	1
1419.81405	710.91430	2	80.9850	2
1420.19170	474.40450	3	51.8953	4
1420.65105	711.33280	2	46.9125	6
1421.80295	474.94160	3	63.5689	2
1422.59320	712.30390	2	37.2659	2
1422.59385	475.20520	3	37.1769	2
1422.67345	475.23175	3	41.0040	2
1422.68715	712.35085	2	65.7057	2
1422.75325	712.38390	2	78.5602	2
1423.67020	712.84235	2	82.1517	2
1424.66195	713.33825	2	68.3309	2
1424.68770	475.90320	3	69.6381	1
1424.72060	713.36755	2	67.0161	2
1424.80350	713.40900	2	91.1030	1
1425.67150	713.84305	2	73.7361	2
1425.80955	713.91205	2	73.9380	2
1425.81930	476.28040	3	62.3273	2
1425.82010	713.91730	2	62.3910	2
1426.79065	476.60415	3	43.3014	2
1427.64270	714.82860	2	46.3768	2
1427.72635	714.87045	2	52.9101	2
1427.79975	714.90715	2	82.6283	2
1428.71070	477.24420	3	46.0725	2
1428.78155	477.26775	3	76.6527	2
1429.75095	715.88275	2	63.7580	2
1429.75680	715.88565	2	60.1923	2
1429.76260	715.88860	2	51.9451	2
1429.80540	715.91000	2	97.3464	2
1430.24835	477.75675	3	60.7405	4
1430.72835	716.37145	2	88.4532	2
1430.73845	477.92010	3	50.8141	2
1430.77910	716.39685	2	85.9256	2
1431.78735	478.26975	3	65.5883	2
1431.79925	716.90690	2	79.6941	2
1432.71545	478.57910	3	45.1779	2
1432.71785	717.36620	2	45.2709	2
1433.62480	717.81970	2	75.1333	1
1434.74780	718.38120	2	73.7251	2
1435.66300	718.83880	2	38.7692	3
1435.76690	718.89070	2	63.1199	2
1436.69340	479.90505	3	55.6399	2
1436.69790	719.35625	2	55.7319	2
1436.70370	719.35910	2	68.5934	2
1436.76315	479.92830	3	51.8838	2
1436.78650	479.93610	3	62.3338	2
1437.69250	719.85355	2	63.7716	2
1438.58900	480.53695	3	30.8026	2
1438.77205	720.39330	2	81.4415	2
1439.64445	720.82950	2	48.4201	2
1439.79885	720.90670	2	73.0120	2
1440.67900	481.23360	3	48.0392	1
1440.82040	721.41750	2	79.3549	2
1441.63160	721.82305	2	76.9952	2
1441.83370	721.92415	2	85.9980	2
1442.65115	722.33285	2	83.9171	2
1442.66895	722.34175	2	51.7288	2
1442.68910	722.35180	2	79.9171	2
1442.72790	481.91655	3	49.8095	2
1443.67310	722.84380	2	43.8630	2
1443.80965	722.91210	2	73.9465	2
1443.84605	722.93030	2	79.5012	2
1444.66910	723.34180	2	56.3245	2
1444.67805	723.34630	2	84.8103	2
1444.74310	723.37885	2	70.8280	2
1444.77075	482.59750	3	60.7972	2
1444.81230	723.41340	2	87.6793	3
1447.20235	724.60845	2	63.7385	4
1447.73415	724.87435	2	67.9525	2
1447.75585	483.59255	3	56.7763	2
1448.71360	725.36410	2	56.9897	2
1448.73760	725.37610	2	77.1847	2
1448.74395	725.37925	2	83.0651	2
1449.67720	725.84590	2	62.5286	2
1449.71530	725.86495	2	74.1928	2
1449.86665	484.29615	3	60.2168	2
1449.88110	725.94780	2	86.0636	1
1450.72445	726.36950	2	81.7330	2
1450.73330	726.37395	2	89.7136	2
1450.81775	484.61320	3	65.6437	2
1451.66510	484.89565	3	49.0007	2
1451.79740	484.93970	3	51.6528	1
1452.69680	727.35570	2	57.3325	1
1452.76845	485.26345	3	57.6091	2
1452.79780	727.40615	2	90.4948	2
1453.76110	727.88785	2	56.3190	2
1454.73040	728.37245	2	78.9748	2
1454.87175	485.96455	3	76.9595	2
1454.87180	728.44320	2	76.8328	2
1455.69950	486.24040	3	68.0616	2
1455.70005	728.85730	2	68.0968	2
1455.83860	728.92655	2	80.9539	2
1457.78745	729.90100	2	81.2742	2
1457.78815	486.93665	3	81.2324	2
1458.74700	487.25630	3	76.4353	1
1459.70530	730.85990	2	58.6759	2
1459.71050	730.86255	2	67.5635	2
1459.74395	730.87925	2	63.6565	2
1459.83965	487.62045	3	75.6163	2
1459.84115	730.92785	2	75.6543	2
1461.73970	731.87715	2	64.9498	2
1461.83690	731.92570	2	76.9678	2
1461.83885	488.28690	3	76.7763	2
1462.69485	732.35470	2	65.2355	2
1462.76690	732.39075	2	68.1906	2
1462.77900	732.39680	2	60.9332	1
1463.67570	488.89915	3	62.7524	2
1463.70810	732.86135	2	79.8224	2
1463.70830	488.91000	3	66.5394	2
1463.70940	732.86195	2	66.3908	2
1463.74085	488.92090	3	72.1277	2
1463.75090	732.88270	2	72.1194	2
1464.30120	489.10765	3	64.9196	4
1464.74835	489.25670	3	81.4489	2
1464.76590	489.26260	3	84.4050	1
1464.77880	733.39670	2	62.2284	1
1464.78380	489.26855	3	62.2714	2
1464.79415	733.40435	2	61.6939	2
1464.79440	733.40450	2	67.8370	2
1465.73370	733.87410	2	86.7039	2
1466.74100	734.37780	2	88.5292	1
1466.76880	734.39170	2	44.0416	1
1466.77395	489.93190	3	44.0794	2
1467.82360	490.28180	3	56.0124	3
1468.68760	735.35110	2	53.3069	2
1468.71995	735.36725	2	65.4510	2
1468.79770	735.40610	2	74.4402	2
1470.74675	491.25620	3	66.0628	2
1470.74900	491.25690	3	56.0782	1
1470.79755	736.40605	2	88.6748	2
1470.84880	736.43165	2	83.0126	2
1471.70945	736.86200	2	54.2333	2
1471.74060	736.87755	2	65.2435	2
1471.75630	491.59270	3	66.9239	2
1472.71535	491.91235	3	45.1911	2
1472.73675	737.37565	2	57.5797	2
1472.73700	491.91960	3	57.4904	2
1472.75550	737.38500	2	80.8260	1
1472.77640	491.93270	3	59.1835	2
1473.76235	492.26135	3	71.4175	2
1473.76300	492.26160	3	74.5429	1
1474.76825	738.39140	2	79.0519	2
1475.77440	492.93210	3	62.9127	2
1476.70945	739.36200	2	65.0652	2
1476.78400	739.39930	2	73.1058	2
1477.74205	739.87830	2	84.4457	2
1477.76150	739.88800	2	72.3696	2
1477.77060	739.89260	2	87.9094	1
1478.77825	740.39640	2	74.3745	2
1479.73660	740.87560	2	77.2803	2
1480.68935	494.57040	3	36.2631	2
1480.71780	741.36620	2	85.0730	1
1480.83805	494.61995	3	58.8923	2
1481.72620	494.91600	3	62.0668	1
1482.81210	742.41330	2	89.5735	1
1482.83215	742.42335	2	68.2694	2
1483.71330	495.57840	3	61.4702	2
1483.74555	495.58915	3	30.0006	2
1483.76295	742.88875	2	76.1189	2
1484.71450	743.36450	2	58.8517	1
1484.80990	743.41220	2	83.0331	2
1484.82135	495.94770	3	74.6223	2
1484.82300	743.41875	2	74.7138	2
1485.82370	743.91910	2	86.8893	2
1486.72040	496.58075	3	75.6488	2
1486.73490	744.37470	2	76.3892	3
1486.76350	744.38900	2	71.3208	2
1486.78240	744.39850	2	67.2394	2
1488.64910	745.33180	2	49.1336	2
1488.74255	497.25480	3	45.0357	2
1488.79460	497.27210	3	59.2722	2
1489.74860	745.88155	2	90.0456	2
1491.80465	746.90960	2	89.2945	2
1492.71020	747.36240	2	47.9947	2
1492.73780	498.58650	3	75.9589	2
1492.80715	498.60965	3	76.3091	2
1493.64900	747.83180	2	39.1224	1
1493.64970	498.89050	3	39.0137	2
1493.74680	498.92290	3	56.4758	1
1493.74900	747.88175	2	56.4145	2
1493.78520	498.93570	3	72.5161	1
1495.74160	499.58780	3	69.1228	2
1495.84120	748.92790	2	81.5065	2
1495.85585	499.62590	3	81.7386	2
1495.85650	748.93555	2	81.8688	2
1495.87190	499.63125	3	69.5296	2
1496.68735	749.35095	2	85.1482	2
1496.76155	499.92780	3	56.7534	2
1496.76325	749.38890	2	64.9663	2
1496.78545	749.40000	2	71.1961	2
1496.82675	749.42065	2	91.6508	2
1498.76195	750.38825	2	75.1068	2
1498.78070	750.39760	2	68.5738	2
1498.79960	500.60715	3	47.0822	2
1498.84110	750.42785	2	84.7937	2
1499.71470	500.91215	3	55.7635	2
1499.71660	750.86560	2	55.8203	1
1500.76235	501.26140	3	55.9712	2
1500.79515	751.40485	2	59.3308	2
1500.80160	501.27450	3	59.4204	2
1500.81550	501.27910	3	65.0525	2
1500.81570	501.27915	3	69.2365	2
1501.71785	751.86620	2	51.1752	2
1501.71800	501.57995	3	51.1148	2
1501.77830	751.89640	2	72.5411	5
1501.80190	751.90820	2	68.0602	1
1501.81450	751.91450	2	77.7876	1
1502.64690	752.33070	2	78.4182	2
1502.70080	501.90750	3	53.3332	1
1502.75385	752.38420	2	87.8660	2
1503.70470	502.24220	3	46.0980	1
1503.79710	752.90580	2	80.8362	2
1504.74945	502.59040	3	54.1062	2
1504.79665	753.40560	2	69.3625	2
1504.87675	502.63285	3	80.1410	2
1505.65390	502.89190	3	47.4090	2
1505.72605	502.91595	3	61.2584	2
1505.91810	753.96630	2	92.9149	2
1506.72300	754.36880	2	89.3909	1
1506.79380	754.40415	2	60.4200	2
1506.79405	754.40430	2	66.3828	2
1507.71480	503.57890	3	63.7393	2
1507.73490	503.58560	3	52.7284	1
1508.74150	503.92110	3	86.9248	2
1508.74150	755.37805	2	86.7754	2
1508.81395	503.94525	3	48.8123	2
1508.81475	755.41465	2	48.7632	2
1509.64260	504.22150	3	33.6682	1
1509.65830	504.22670	3	46.9997	2
1509.66040	755.83745	2	47.0625	2
1509.74720	504.25635	3	52.3647	2
1510.70570	756.36015	2	70.8603	2
1510.71425	504.57865	3	58.0383	2
1510.71480	756.36465	2	58.0702	2
1510.74500	756.37980	2	74.8333	2
1511.71550	756.86505	2	42.6500	2
1511.71620	504.91270	3	42.7177	3
1511.78935	756.90195	2	98.6310	2
1511.85715	756.93585	2	80.6120	2
1512.87780	505.29985	3	84.9581	2
1512.87925	757.44690	2	84.8958	2
1513.69520	757.85485	2	68.9788	2
1513.75080	757.88270	2	77.6053	2
1513.87460	757.94455	2	96.3148	2
1514.72265	505.91480	3	56.6633	2
1514.79855	758.40655	2	91.3986	2
1514.79895	758.40675	2	66.5675	2
1514.80445	505.94205	3	45.5831	2
1514.85790	758.43620	2	89.8529	2
1515.71730	506.24635	3	77.9814	2
1515.71805	758.86630	2	77.8787	2
1515.75255	506.25810	3	33.4137	2
1515.75280	758.88370	2	50.8972	1
1515.75350	758.88405	2	33.4218	2
1515.76465	758.88960	2	89.2020	2
1515.77115	506.26430	3	78.3434	2
1515.82385	758.91920	2	79.1367	2
1516.77915	759.39685	2	74.5221	2
1516.80040	759.40745	2	79.5125	2
1516.80050	506.60740	3	49.0003	1
1516.83505	759.42480	2	79.9745	2
1517.73030	759.87240	2	62.4763	2
1517.73765	759.87610	2	70.1459	2
1517.80965	506.94380	3	76.5525	2
1518.79395	760.40425	2	83.9578	2
1518.92460	507.31550	3	63.0268	1
1520.71985	761.36720	2	77.5508	2
1520.73605	761.37530	2	53.1276	2
1523.86780	508.96320	3	76.8773	2
1523.87925	762.94690	2	89.9136	2
1524.63540	509.21910	3	54.3211	1
1524.74070	763.37765	2	72.0061	2
1526.73275	509.91820	3	34.7419	2
1527.71020	510.24400	3	35.9620	2
1527.78250	764.89850	2	91.5370	1
1527.80130	764.90790	2	69.8432	1
1528.79890	765.40675	2	72.6837	2
1528.81025	510.61070	3	69.5844	2
1528.81080	765.41270	2	69.6325	1
1529.66330	510.89500	3	38.8834	3
1529.66555	765.84005	2	38.9290	2
1529.81210	765.91330	2	86.7648	1
1529.84110	510.95430	3	64.1590	1
1529.85675	510.95950	3	79.3265	2
1530.80255	511.27480	3	66.6037	2
1531.77625	766.89540	2	65.7665	2
1531.79990	766.90725	2	68.6305	2
1531.81355	766.91405	2	85.0651	2
1532.77565	767.39510	2	74.0070	2
1532.79970	767.40715	2	71.9528	2
1532.82075	767.41765	2	81.9909	2
1533.74245	512.25475	3	35.8153	2
1533.74620	512.25600	3	50.2956	2
1533.74655	767.88055	2	50.4038	2
1533.74770	767.88115	2	68.2401	2
1533.80250	767.90850	2	96.9495	2
1533.80570	767.91010	2	75.4242	3
1535.67125	512.89765	3	37.8697	2
1535.67860	768.84660	2	60.2414	2
1535.78480	512.93555	3	68.3814	2
1537.71975	513.58050	3	79.3181	2
1538.82355	770.41905	2	78.4979	2
1540.80725	514.60965	3	63.1758	2
1540.82060	514.61410	3	47.5325	2
1541.78575	514.93585	3	58.1008	2
1541.78770	771.90110	2	58.1822	1
1541.80410	514.94200	3	59.4755	1
1541.81720	771.91590	2	69.5240	2
1541.83015	514.95065	3	75.5402	2
1541.83060	771.92260	2	75.4060	2
1542.77230	515.26470	3	54.0468	2
1542.79045	772.40250	2	61.6435	2
1546.69895	774.35675	2	66.6860	2
1547.77335	516.93170	3	54.2600	2
1547.82105	774.91780	2	70.7493	2
1547.82535	516.94905	3	62.6242	2
1547.83215	516.95130	3	58.2379	2
1547.83240	774.92350	2	58.2446	2
1548.77830	517.26670	3	71.1062	2
1548.77995	775.39725	2	71.0118	2
1548.80040	517.27405	3	61.1395	2
1548.92480	775.46970	2	79.9117	2
1549.73685	775.87570	2	62.9888	2
1549.74550	517.58910	3	62.8800	2
1549.83010	775.92235	2	73.2569	2
1550.68825	517.90335	3	34.2736	2
1550.74145	517.92105	3	51.4154	2
1550.74560	776.38005	2	51.5057	2
1550.76830	517.93000	3	57.5575	1
1550.77030	776.39240	2	57.6062	2
1550.86150	776.43800	2	95.5873	1
1551.71570	518.24585	3	36.8854	2
1551.76735	776.89095	2	68.1049	2
1551.77625	518.26605	3	39.7785	2
1551.84945	776.93200	2	89.9276	2
1552.73360	518.58510	3	67.2630	1
1553.83270	777.92365	2	80.9253	2
1555.73875	778.87665	2	72.1953	2
1555.75000	519.59060	3	51.8782	2
1555.78910	778.90180	2	83.0975	2
1555.85670	519.62620	3	34.4198	1
1555.88280	519.63485	3	77.5400	2
1556.84510	779.42980	2	90.8192	2
1557.78405	779.89930	2	79.6025	2
1557.83020	520.28400	3	72.6598	1
1558.77500	780.39475	2	67.5041	2
1559.61055	780.81255	2	73.5243	2
1559.75180	520.92450	3	71.2866	2
1559.75790	520.92660	3	77.9912	1
1559.82050	780.91755	2	87.5257	2
1559.83700	780.92580	2	86.1404	2
1560.30450	781.15950	2	78.8741	4
1560.84155	781.42805	2	79.0097	2
1560.84210	781.42830	2	85.7067	2
1561.78090	521.60090	3	81.5042	1
1561.78910	781.90185	2	76.4925	2
1561.83575	781.92515	2	87.6303	2
1562.77420	521.93200	3	67.1192	1
1563.80440	522.27540	3	73.7665	2
1564.29765	783.15610	2	73.9420	4
1564.71635	522.57940	3	53.5870	2
1564.71715	783.36585	2	53.6553	2
1564.74160	783.37805	2	56.0057	2
1565.78735	522.93635	3	57.8314	2
1565.83045	522.95075	3	66.9053	2
1567.82610	784.92030	2	81.7036	2
1567.89365	523.63850	3	65.6283	2
1569.87820	785.94640	2	76.6815	2
1569.91435	785.96445	2	87.1775	2
1570.74610	524.58930	3	52.2091	2
1570.80995	786.41225	2	59.3744	2
1571.68650	524.90280	3	55.8279	2
1572.78300	787.39880	2	58.7610	2
1572.83050	787.42250	2	78.8566	2
1572.83175	525.28450	3	78.7506	2
1573.77770	787.89610	2	86.8593	1
1573.82685	787.92070	2	81.0487	2
1574.71160	788.36310	2	71.3775	2
1576.75360	789.38410	2	75.2012	2
1576.76650	789.39050	2	72.5105	3
1577.76980	789.89220	2	90.3812	2
1577.77040	789.89245	2	72.2206	2
1577.78995	789.90225	2	75.8720	2
1578.26205	527.09460	3	72.7919	4
1578.83755	527.28645	3	70.7387	2
1578.85180	527.29120	3	56.6019	2
1578.87380	527.29855	3	83.3243	2
1578.87560	790.44510	2	83.3582	2
1580.69970	527.90715	3	41.3977	2
1580.80490	527.94220	3	62.2836	2
1580.81770	791.41610	2	72.0300	1
1580.92915	527.98365	3	75.7130	2
1582.84630	792.43045	2	78.1325	2
1584.74085	529.25420	3	66.7537	2
1585.82080	529.61420	3	65.4723	2
1586.17850	794.09655	2	63.7649	4
1587.36125	794.68790	2	85.9988	4
1587.85550	530.29245	3	64.8192	2
1588.72590	795.37025	2	70.8897	2
1589.82135	795.91795	2	84.0139	2
1590.76520	796.38985	2	78.4694	2
1590.79560	531.27245	3	86.1759	2
1590.79970	796.40715	2	81.6950	2
1590.85660	796.43560	2	89.7109	1
1591.74635	531.58940	3	44.3404	2
1591.74915	796.88185	2	44.3985	2
1591.80240	531.60810	3	58.8247	2
1591.80330	796.90895	2	59.0039	2
1591.86390	796.93920	2	86.6056	2
1592.82090	531.94760	3	67.1309	2
1592.91575	797.46515	2	72.4676	2
1593.74170	532.25450	3	55.2402	2
1593.74260	797.87860	2	55.3292	2
1593.76600	797.89030	2	83.9766	1
1593.95175	797.98315	2	82.1172	2
1594.74760	532.58980	3	71.3165	1
1595.80510	798.90980	2	92.0146	2
1595.86330	532.96170	3	50.6242	2
1596.69190	533.23790	3	33.9897	1
1596.69310	533.23830	3	36.5643	1
1596.76755	533.26315	3	53.1192	2
1596.77945	799.39700	2	68.5047	2
1597.86835	799.94145	2	70.4550	2
1597.88675	799.95065	2	81.3029	2
1598.84120	533.95435	3	82.5781	4
1598.84860	800.43160	2	82.2874	3
1599.84845	800.93150	2	74.8107	2
1599.88995	534.30390	3	63.3528	2
1599.89860	534.30680	3	77.1468	2
1600.78020	801.39740	2	77.1716	1
1600.78615	534.60265	3	64.3912	2
1600.83585	801.42520	2	65.8086	2
1600.84265	534.62150	3	64.6795	2
1600.86835	801.44145	2	64.2906	2
1601.72660	801.87060	2	52.7891	1
1602.80230	802.40845	2	76.6210	2
1602.86375	802.43915	2	73.1917	2
1603.81080	802.91265	2	81.1113	2
1604.74415	803.37935	2	64.5764	2
1604.78310	535.93495	3	68.4772	2
1606.76370	536.59515	3	70.0507	2
1607.85060	804.93260	2	85.1484	2
1607.90555	536.97580	3	79.7633	2
1609.83740	537.61970	3	88.9062	1
1609.83750	805.92605	2	88.9515	2
1610.72355	806.36905	2	65.8003	2
1610.78470	537.93550	3	65.5550	1
1610.97210	537.99800	3	71.1145	2
1611.78945	806.90200	2	65.2781	2
1612.85135	807.43295	2	84.6407	2
1612.85755	538.62645	3	70.4746	2
1612.86980	807.44220	2	89.1030	2
1612.90440	538.64205	3	76.8999	2
1613.85220	807.93335	2	82.7433	2
1613.90530	807.95995	2	80.9622	2
1614.76000	808.38730	2	88.8898	1
1614.84145	808.42800	2	77.4654	2
1615.75830	539.59340	3	57.6317	1
1615.85840	539.62670	3	73.0373	2
1615.89525	808.95490	2	84.9341	2
1616.73105	539.91760	3	47.9539	2
1616.78590	809.40020	2	75.0293	1
1616.84990	809.43220	2	92.3237	1
1617.78810	809.90135	2	44.6415	2
1619.81805	540.94660	3	65.7721	2
1620.82040	811.41750	2	76.4524	1
1620.86210	541.29460	3	86.1432	2
1620.86275	811.43865	2	86.1085	2
1621.83120	811.92285	2	84.5171	2
1621.86230	811.93840	2	83.7882	1
1621.87360	811.94410	2	71.0221	2
1622.76585	541.92920	3	38.2824	2
1622.79760	541.93980	3	81.5728	2
1622.79840	812.40645	2	81.6796	2
1622.82980	812.42220	2	68.2921	1
1623.86720	812.94090	2	87.5716	1
1624.95920	813.48690	2	86.8536	1
1625.77430	813.89445	2	77.7063	2
1625.77790	813.89620	2	80.8907	2
1625.83520	542.95230	3	82.9939	1
1626.85665	543.29280	3	57.2626	2
1626.85950	814.43700	2	57.2946	2
1627.74925	814.88190	2	67.6193	2
1627.78600	543.60260	3	50.0476	1
1628.79090	543.93760	3	94.6429	1
1628.79175	815.40315	2	94.6128	2
1628.81600	543.94595	3	56.6632	2
1628.81685	815.41570	2	56.7274	2
1629.78000	544.26730	3	56.4069	1
1629.87350	815.94405	2	69.6797	2
1629.88360	815.94905	2	88.8268	2
1630.84660	544.62280	3	81.9038	2
1631.75440	544.92540	3	39.6790	1
1631.83060	544.95080	3	61.2574	1
1631.92550	544.98245	3	71.6826	2
1631.92660	816.97055	2	71.7424	2
1632.77810	545.26665	3	46.4298	2
1633.84400	545.62195	3	79.4817	2
1633.85635	545.62605	3	62.0699	2
1634.80225	818.40840	2	62.7554	2
1634.88860	545.97015	3	53.8432	2
1635.79960	818.90710	2	81.8267	1
1636.86770	546.62980	3	70.2572	1
1636.94420	819.47940	2	91.7020	2
1638.84090	547.28760	3	75.7352	2
1639.74340	820.87900	2	62.4082	1
1639.87610	547.63265	3	77.6673	2
1639.87680	820.94570	2	94.8806	2
1639.87755	547.63310	3	95.0455	2
1639.87825	820.94640	2	77.7063	2
1640.84910	547.95700	3	47.3243	2
1641.77170	821.89310	2	74.5184	1
1641.88500	821.94975	2	84.1870	2
1642.69105	822.35280	2	47.2290	2
1642.80690	548.60960	3	45.7250	1
1642.80720	822.41090	2	59.4017	2
1642.85300	548.62490	3	48.5478	2
1642.85460	822.43460	2	48.6072	2
1642.88255	548.63480	3	79.2927	2
1643.79030	548.93735	3	47.2377	2
1643.82545	822.92000	2	44.9089	2
1643.82850	822.92150	2	75.0477	2
1643.83995	548.95395	3	66.8948	2
1644.84470	412.21845	4	42.3654	2
1645.90505	549.64230	3	67.5127	2
1645.95040	549.65740	3	69.7271	1
1646.83940	549.95370	3	61.6111	2
1646.85030	549.95740	3	72.1208	1
1648.96775	413.24925	4	58.3287	2
1648.96950	550.66380	3	58.2732	2
1649.93625	825.97540	2	76.8941	2
1651.90555	826.96005	2	88.4044	2
1651.92590	551.64925	3	84.7801	2
1651.92775	826.97115	2	84.6996	2
1653.87285	552.29820	3	75.9838	2
1653.92215	552.31465	3	76.5009	2
1654.78780	828.40120	2	70.9234	2
1654.82150	552.61440	3	78.0022	2
1654.89630	828.45545	2	81.0543	2
1655.76345	552.92845	3	49.2223	2
1655.85595	552.95925	3	64.3793	2
1656.80330	829.40890	2	85.3598	1
1657.81830	829.91640	2	88.6141	2
1657.91970	553.64720	3	83.2231	1
1658.79135	553.93770	3	54.6407	2
1659.91220	554.31135	3	78.7848	2
1659.91960	830.96710	2	78.8508	2
1660.74060	554.58750	3	65.2085	2
1660.84300	554.62160	3	62.5601	2
1662.80000	555.27395	3	52.1144	2
1662.82970	832.42210	2	69.9357	2
1662.83020	555.28400	3	70.0259	2
1662.89230	555.30470	3	76.7687	1
1663.79525	555.60570	3	71.8853	2
1664.78080	833.39770	2	83.6554	1
1664.80960	833.41210	2	79.1365	2
1664.84155	833.42805	2	73.3638	2
1665.89680	833.95570	2	76.4335	2
1666.86920	834.44190	2	77.0561	2
1666.87135	556.63105	3	76.9314	2
1666.87580	834.44515	2	80.7678	2
1666.91860	834.46660	2	82.4283	2
1667.81565	556.94580	3	58.1258	2
1667.86405	834.93930	2	77.3365	2
1668.81330	557.27835	3	57.5504	2
1669.85365	835.93410	2	71.6768	2
1670.83790	836.42625	2	96.3580	2
1670.88385	557.96855	3	55.3969	2
1670.88460	836.44960	2	55.5096	1
1671.71595	558.24595	3	51.0015	2
1672.72365	558.58180	3	42.9129	2
1673.89930	558.97370	3	76.7318	1
1673.90055	837.95755	2	76.6179	2
1674.88360	838.44910	2	91.8368	2
1675.73745	419.94165	4	30.9805	2
1675.73765	559.58650	3	30.9888	2
1676.81630	839.41540	2	67.3822	1
1677.81370	560.27850	3	70.8036	2
1678.00520	560.34230	3	65.7264	1
1679.87950	560.96710	3	75.1584	1
1681.82330	841.91890	2	75.8638	2
1681.90095	561.64090	3	80.2647	2
1681.90180	841.95820	2	80.1740	2
1682.79925	842.40690	2	87.6683	2
1682.89400	842.45430	2	79.0126	2
1682.93210	561.98460	3	81.0703	1
1682.93300	842.47380	2	71.6143	1
1683.88540	842.95000	2	77.1100	2
1684.74080	422.19250	4	27.1812	1
1684.74140	562.58775	3	27.1641	2
1684.91645	843.46550	2	80.8964	2
1685.91450	562.97875	3	65.4642	2
1686.87365	563.29850	3	63.8221	2
1687.91490	844.96470	2	88.0449	2
1688.73200	845.37330	2	32.6046	1
1688.87835	845.44645	2	83.5266	2
1689.22410	564.08195	3	32.9023	4
1689.84235	564.28805	3	58.6106	2
1689.90755	564.30975	3	93.8816	2
1690.96250	564.66145	3	63.9712	2
1692.81960	565.28050	3	83.9387	1
1692.82050	847.41755	2	83.8549	2
1692.96610	565.32930	3	90.5317	2
1692.96700	847.49080	2	90.4611	2
1693.93700	565.65290	3	63.5483	1
1693.94090	565.65420	3	82.3829	1
1694.80230	565.94135	3	50.4224	2
1694.83840	565.95340	3	48.0335	1
1695.32910	848.67180	2	69.7587	4
1696.77390	849.39420	2	63.4082	2
1696.84790	849.43120	2	86.1036	2
1696.90995	849.46225	2	85.2783	2
1696.91035	566.64405	3	85.4357	2
1697.83785	566.95325	3	50.7548	2
1697.90255	566.97475	3	77.6362	2
1697.90460	849.95955	2	77.6753	2
1698.01005	850.01230	2	82.6421	2
1698.01045	567.01075	3	82.4943	2
1698.79715	850.40585	2	82.5614	2
1698.89940	567.30705	3	84.5387	2
1698.90070	850.45765	2	84.5025	2
1698.90520	567.30900	3	58.7419	2
1699.83900	567.62030	3	82.8523	2
1699.86845	567.63005	3	75.9342	2
1700.88500	851.44980	2	66.5015	1
1700.91055	851.46255	2	80.3596	2
1701.86770	568.29650	3	61.0780	1
1703.74000	568.92060	3	61.9211	1
1703.81530	568.94570	3	60.7899	2
1704.72740	427.18915	4	27.7451	2
1704.73190	569.25120	3	27.6855	1
1704.91690	569.31290	3	70.8727	2
1705.83650	569.61940	3	47.1908	3
1705.83885	853.92670	2	47.2943	2
1705.88390	853.94925	2	69.5900	2
1705.92190	569.64790	3	67.4241	2
1706.37580	569.79920	3	67.6396	4
1706.89270	854.45360	2	88.3684	2
1706.90500	569.97560	3	87.6631	13
1706.90525	854.45990	2	83.3217	2
1707.89050	854.95255	2	93.8088	2
1707.89830	570.30670	3	77.2289	5
1707.97760	570.33315	3	78.8217	2
1707.97790	854.99620	2	78.6902	2
1708.76040	570.59410	3	55.9990	1
1709.98120	571.00100	3	76.0544	2
1710.01885	571.01355	3	80.2705	2
1712.89000	857.45225	2	66.8046	2
1712.93855	571.98675	3	68.9494	2
1714.90130	858.45790	2	62.7851	2
1714.90140	572.64110	3	62.6987	3
1714.90540	858.46000	2	70.8642	2
1717.86365	573.62850	3	72.1276	2
1717.86545	859.94000	2	72.1895	2
1717.87590	859.94520	2	83.8197	1
1720.90420	861.45940	2	77.7818	1
1721.76075	861.88765	2	38.4072	2
1721.86270	861.93865	2	75.2069	2
1722.87475	575.29885	3	75.8274	2
1722.89775	575.30650	3	76.2426	2
1723.02515	575.34900	3	69.7258	2
1723.02745	862.52100	2	69.7577	2
1723.79770	862.90610	2	79.7679	1
1724.87505	863.44480	2	82.3433	2
1724.94035	575.98740	3	80.4942	2
1725.82560	863.92010	2	67.1724	1
1725.95305	863.98380	2	86.0035	2
1726.01425	576.34535	3	82.1146	2
1726.84560	864.43010	2	84.9232	1
1726.87700	576.63290	3	75.4045	1
1728.78930	577.27035	3	63.7010	2
1728.93530	577.31900	3	59.6737	1
1729.00555	577.34245	3	82.6604	2
1730.75680	577.92620	3	64.9770	2
1730.89460	866.45455	2	73.1330	2
1731.04465	578.02215	3	89.0621	2
1731.88660	866.95060	2	64.8787	1
1731.91990	866.96720	2	86.5002	1
1733.87475	578.96555	3	75.8457	2
1733.87560	867.94510	2	75.9797	1
1735.78575	868.90015	2	78.9481	2
1735.87950	579.63375	3	78.8421	2
1735.91580	868.96520	2	82.3943	1
1735.96830	868.99140	2	97.8615	2
1736.84525	869.42990	2	80.4883	2
1736.84680	579.95620	3	80.5484	2
1736.93530	579.98570	3	74.5540	1
1737.92735	580.31640	3	78.6218	2
1738.80285	870.40870	2	68.7975	2
1738.81970	580.61380	3	60.2764	2
1738.82000	580.61390	3	66.0296	2
1739.84800	580.95660	3	70.4176	2
1739.88560	580.96910	3	68.4471	2
1742.87495	581.96555	3	67.6797	2
1743.80370	872.90915	2	67.9412	2
1743.81185	872.91320	2	51.1838	2
1743.98045	872.99750	2	96.0418	2
1744.90050	582.64075	3	71.6852	2
1745.91360	582.97850	3	74.0401	2
1746.79465	874.40460	2	90.0721	2
1748.87315	583.96500	3	63.1542	2
1749.86515	875.93985	2	62.1550	2
1749.86670	584.29615	3	62.2292	2
1750.01000	584.34395	3	56.3538	2
1750.01185	876.01320	2	56.4512	2
1752.89120	585.30435	3	49.2058	2
1752.98405	585.33525	3	86.5401	2
1752.99110	877.50280	2	86.4781	2
1753.84975	585.62385	3	53.1301	2
1755.85980	878.93715	2	71.1659	2
1755.92760	878.97110	2	72.2750	1
1756.88815	586.63665	3	79.6372	2
1756.89100	879.45280	2	79.4758	2
1757.92430	586.98200	3	74.4154	2
1758.79460	880.40455	2	49.4636	2
1758.83275	587.28485	3	77.4291	2
1759.84805	587.62330	3	66.0354	2
1759.91365	880.96410	2	88.6583	2
1760.92210	587.98130	3	80.4866	1
1760.93990	881.47725	2	88.2126	2
1761.89650	588.30610	3	74.0721	2
1762.84185	882.42820	2	76.4540	2
1762.89430	588.63870	3	57.6557	1
1763.83335	882.92395	2	62.0175	2
1763.93270	882.97360	2	72.6710	1
1764.32460	589.11545	3	63.1537	4
1765.00025	883.50740	2	93.1337	2
1766.94825	884.48140	2	84.3738	2
1767.03300	590.01830	3	81.8395	2
1767.82190	590.28125	3	65.0345	2
1767.85765	590.29315	3	89.4286	2
1767.97540	590.33240	3	88.9733	2
1768.90380	885.45915	2	80.0986	2
1769.01985	590.68055	3	80.7678	2
1769.91665	885.96560	2	67.4968	2
1770.00585	591.00920	3	74.2868	2
1770.87745	591.29975	3	57.3548	2
1771.91555	591.64580	3	75.7766	2
1772.33530	887.17495	2	77.2481	4
1774.88640	592.63610	3	58.8942	3
1774.88670	888.45065	2	58.9359	2
1776.89760	593.30645	3	67.4106	2
1777.32135	889.66795	2	64.3691	4
1778.99180	890.50315	2	72.3099	2
1779.80365	445.95820	4	51.7250	2
1779.98770	891.00110	2	73.9393	1
1780.40365	594.47515	3	53.8318	4
1782.87585	595.29920	3	76.1071	2
1784.88040	595.96740	3	62.5289	2
1784.88395	893.44925	2	62.5889	2
1784.91580	595.97920	3	55.5440	2
1785.88910	893.95180	2	88.4804	2
1788.91200	597.31125	3	36.3895	2
1789.93105	895.97280	2	82.2736	2
1791.76810	598.26330	3	42.9585	1
1791.84600	598.28930	3	50.0842	1
1792.91005	598.64395	3	62.0755	2
1793.87770	897.94610	2	89.9740	1
1793.92060	897.96760	2	84.5799	2
1794.81615	898.41535	2	63.8535	2
1794.85915	898.43685	2	81.9680	2
1794.98405	898.49930	2	79.6372	2
1796.85640	599.95940	3	74.6462	1
1796.88135	599.96775	3	84.1869	2
1796.98060	600.00080	3	71.3051	3
1799.92845	600.98340	3	99.9753	2
1799.93170	900.97310	2	99.8997	2
1800.99920	601.34030	3	82.5055	2
1803.92280	602.31485	3	50.3608	2
1804.86915	602.63030	3	66.2699	2
1804.97145	602.66445	3	78.5427	2
1804.97375	903.49415	2	78.9154	2
1805.36130	903.68790	2	65.7678	4
1805.38790	903.70125	2	73.6591	4
1806.03720	603.01965	3	72.3212	2
1809.91615	905.96535	2	73.4594	2
1809.99130	604.33770	3	73.2659	1
1809.99820	906.00635	2	73.6421	2
1813.95250	907.98350	2	83.8957	2
1814.80220	605.94130	3	80.2355	2
1814.80595	908.41025	2	80.3389	2
1814.96575	605.99585	3	66.5055	2
1815.92940	908.97200	2	86.5324	1
1815.94085	606.32090	3	72.7151	2
1817.86420	606.96200	3	69.9680	2
1817.90185	606.97455	3	50.0937	2
1820.86220	911.43835	2	59.6395	2
1820.91410	607.97860	3	79.1928	1
1821.00540	608.00910	3	80.3262	1
1821.06190	608.02790	3	84.2033	1
1821.84760	608.28980	3	80.7384	2
1821.89700	608.30625	3	53.5244	2
1823.89170	608.97120	3	84.0577	2
1823.90550	608.97580	3	68.7405	2
1825.86345	913.93900	2	55.9183	2
1825.86400	609.62860	3	55.8677	3
1825.89705	913.95580	2	67.5735	2
1827.94200	610.32130	3	74.2868	2
1827.96940	610.33040	3	65.9713	2
1827.97085	914.99270	2	65.9134	2
1828.91360	915.46410	2	84.4782	2
1828.95180	915.48315	2	73.9147	2
1832.00940	611.67710	3	73.0943	2
1832.91755	611.97980	3	76.6439	2
1832.92665	611.98280	3	61.2077	2
1833.93790	917.97625	2	80.4369	2
1833.96445	612.32875	3	88.2978	2
1835.79825	612.94000	3	60.0110	2
1836.04845	613.02340	3	73.8797	2
1838.11290	460.53550	4	74.3320	1
1838.11780	613.71320	3	74.3159	2
1838.95750	613.99310	3	64.3856	2
1839.99355	614.33845	3	64.8524	2
1841.01560	614.67915	3	70.5916	2
1841.01690	921.51575	2	70.5343	2
1841.85845	614.96005	3	49.9152	2
1842.93165	615.31780	3	66.1848	2
1842.97375	615.33185	3	72.1836	2
1843.99585	923.00520	2	83.1031	2
1844.89180	615.97120	3	63.5524	2
1844.91310	615.97830	3	67.8894	2
1845.98900	924.00175	2	86.5728	2
1845.98955	616.33710	3	86.3801	2
1846.79260	924.40360	2	72.6185	2
1846.93650	924.47555	2	75.4482	2
1846.97030	924.49245	2	85.2262	2
1849.95920	617.66030	3	85.8276	1
1852.02090	927.01770	2	83.4497	2
1853.92745	618.98305	3	61.4700	2
1854.93325	928.47390	2	92.6873	2
1856.85830	619.96000	3	55.2069	1
1856.88380	929.44915	2	83.1387	2
1859.97205	620.99795	3	78.9831	2
1860.95035	621.32405	3	89.2075	2
1860.95070	931.48260	2	89.2594	2
1860.99935	621.34040	3	76.0431	2
1861.98640	621.66940	3	83.4497	2
1862.82075	621.94750	3	60.6584	2
1862.87230	932.44345	2	87.3294	2
1863.99225	622.33800	3	88.6831	2
1864.88205	622.63460	3	73.5786	2
1866.01540	623.01240	3	81.9805	1
1867.84330	623.62170	3	54.4528	2
1868.83530	935.42490	2	64.1337	2
1872.89595	625.30590	3	54.1746	2
1873.94730	625.65640	3	76.4865	2
1875.87280	626.29820	3	71.4740	2
1880.97640	627.99940	3	63.3655	2
1882.97735	942.49595	2	71.7695	2
1883.88395	942.94925	2	76.2365	2
1883.92190	628.98120	3	71.2532	1
1884.87710	629.29965	3	67.4790	2
1885.87180	943.94320	2	66.3253	2
1885.91910	629.64695	3	84.4183	2
1885.92495	943.96975	2	84.4095	2
1886.90205	944.45830	2	69.4665	2
1886.90290	629.97490	3	69.3775	2
1888.00720	630.34300	3	81.6708	2
1890.93725	631.31970	3	70.4116	2
1890.94885	631.32355	3	74.6886	2
1892.06915	947.04185	2	83.3939	2
1893.96450	947.98950	2	85.8686	2
1893.97845	632.33345	3	58.8329	2
1895.89130	948.95295	2	73.0744	2
1899.87860	950.94660	2	70.9621	2
1902.89875	952.45665	2	80.2033	2
1903.93225	635.65135	3	77.9220	2
1904.97080	635.99750	3	75.4656	2
1904.97255	953.49355	2	75.5590	2
1908.97680	955.49570	2	86.9086	1
1909.98065	478.50245	4	71.6182	2
1909.98120	637.66770	3	71.6393	1
1909.99420	637.67200	3	76.1130	2
1910.00245	956.00850	2	76.1835	2
1910.17250	637.73145	3	79.4443	2
1911.89120	956.95290	2	73.4774	1
1911.99865	638.34015	3	81.7991	2
1912.00265	957.00860	2	81.7685	2
1912.91395	638.64525	3	33.7763	2
1912.99125	638.67100	3	74.4973	2
1913.09880	638.70685	3	71.2544	2
1914.97960	639.33380	3	69.3348	3
1914.98380	958.49920	2	69.4282	1
1915.05330	479.77060	4	75.0660	1
1915.96700	639.66290	3	70.7341	1
1916.95190	639.99120	3	66.8613	1
1918.85290	640.62490	3	47.2648	2
1920.99770	641.33985	3	82.7823	2
1921.93880	961.97670	2	96.1989	1
1923.96315	642.32835	3	72.9776	2
1924.02100	642.34760	3	78.2881	2
1926.99935	643.34040	3	90.1489	2
1930.94270	644.65480	3	83.5239	1
1932.83790	645.28655	3	58.1290	2
1932.84290	967.42870	2	58.2244	2
1934.07740	645.69975	3	87.0095	2
1935.07900	646.03360	3	79.1621	2
1935.93265	646.31815	3	65.8251	2
1937.92835	969.97145	2	92.3014	2
1937.94510	646.98900	3	78.9066	2
1938.95310	970.48380	2	80.1769	2
1939.01845	647.34675	3	75.1147	2
1939.83850	970.92650	2	28.4390	1
1941.88090	648.30090	3	57.9764	1
1942.04305	648.35495	3	76.5890	2
1942.47610	648.49930	3	85.4716	4
1942.84105	648.62095	3	60.9949	2
1942.97250	972.49350	2	86.4350	1
1943.93970	648.98720	3	74.3621	1
1944.98210	649.33460	3	66.9567	2
1945.89410	649.63860	3	66.5729	2
1947.92870	650.31685	3	72.7434	2
1947.98460	650.33545	3	80.4582	2
1947.98560	975.00010	2	80.4278	2
1950.98010	651.33400	3	72.0340	2
1952.00135	977.00795	2	87.7939	2
1954.89610	978.45530	2	81.1321	2
1955.94025	652.98735	3	59.3361	2
1956.05930	653.02705	3	81.5063	2
1956.89920	653.30700	3	66.3491	1
1956.99250	979.50355	2	75.8105	2
1961.04385	981.52920	2	87.9815	2
1961.04765	654.68980	3	88.0662	2
1963.04755	655.35645	3	75.5067	2
1966.93760	656.65310	3	74.8724	2
1970.98350	658.00175	3	60.8814	2
1973.07130	658.69770	3	59.8228	1
1976.01715	989.01585	2	94.8428	2
1978.89890	660.64020	3	36.4424	2
1979.03625	660.68600	3	87.2451	2
1983.02930	662.01700	3	86.2688	1
1984.02950	993.02205	2	79.1971	2
1985.96035	993.98745	2	73.0342	2
1988.04765	663.68980	3	71.2345	2
1989.02545	664.01575	3	74.2235	2
1992.05885	665.02690	3	79.5376	2
1994.00320	998.00885	2	93.5658	2
1994.00460	665.67550	3	93.6205	1
2002.98710	668.66965	3	67.4878	2
2003.03385	668.68525	3	88.7351	2
2003.03515	1002.52485	2	88.8610	2
2004.09045	669.03740	3	78.6960	2
2009.03730	670.68640	3	58.4603	2
2009.08395	670.70190	3	76.7703	2
2009.99870	1006.00665	2	91.8785	2
2016.99260	1009.50355	2	79.8510	2
2019.08330	674.03500	3	94.0182	1
2026.12285	1014.06870	2	85.3651	2
2026.12550	676.38240	3	85.5787	1
2031.02550	678.01575	3	87.1882	2
2033.06415	678.69535	3	72.6071	2
2035.86240	679.62805	3	57.6985	2
2037.04315	680.02165	3	65.2914	2
2041.07595	681.36590	3	79.6253	2
2041.97640	681.66610	3	72.5564	2
2043.01145	682.01105	3	81.9246	2
2043.01185	1022.51320	2	82.0226	2
2047.98275	683.66820	3	47.8126	2
2048.96020	683.99400	3	76.1670	2
2049.04530	684.02235	3	86.7479	2
2050.03560	684.35250	3	80.0939	1
2058.07400	687.03190	3	96.7554	1
2058.08400	1030.04930	2	96.7369	1
2059.00555	687.34245	3	76.9310	2
2059.93030	687.65070	3	67.6657	2
2059.96830	1030.99140	2	84.2539	2
2060.06520	687.69570	3	86.3628	1
2060.07030	687.69740	3	86.4023	1
2064.95960	1033.48705	2	84.1245	2
2067.99115	690.33765	3	68.8059	2
2070.95850	1036.48650	2	72.2537	2
2073.10450	692.04210	3	76.3883	2
2075.07825	692.70000	3	71.8910	2
2076.04965	693.02380	3	67.3619	2
2078.06540	693.69570	3	78.2646	2
2079.02955	694.01715	3	73.9363	2
2080.10290	521.03300	4	70.3509	2
2080.10435	694.37540	3	70.6606	2
2086.03735	1044.02595	2	88.2065	2
2092.08750	698.36975	3	73.8797	2
2093.11180	1047.56320	2	79.6840	1
2093.98275	1047.99865	2	85.7123	2
2094.94590	699.32260	3	51.1533	2
2095.00370	699.34185	3	69.1577	2
2104.56495	702.52890	3	73.4815	4
2105.15670	702.72620	3	90.3032	1
2114.12820	705.71665	3	94.9593	2
2119.05385	707.35855	3	63.8821	2
2126.14380	1064.07920	2	77.3704	2
2131.18020	711.40070	3	83.2468	2
2137.12275	713.38155	3	70.0012	2
2143.09300	715.37160	3	81.2379	2
2148.10745	717.04305	3	61.2667	2
2156.01710	719.67965	3	65.5317	2
2169.12270	724.04815	3	76.0719	2
2170.02905	724.35025	3	75.9205	2
2180.98120	728.00100	3	66.6969	2
2190.06375	731.02855	3	74.6221	2
2190.06680	1096.04070	2	74.5831	2
2198.06600	733.69590	3	67.0468	1
2201.11740	734.71310	3	73.3933	1
2205.01560	736.01245	3	71.5662	2
2205.10095	1103.55775	2	98.6651	2
2205.10600	736.04260	3	98.8349	1
2227.05285	1114.53370	2	55.1830	2
2227.05410	743.35865	3	55.1550	2
2236.10200	746.37460	3	85.2947	1
2250.02110	751.01430	3	46.1315	2
2269.25940	757.42710	3	82.8144	2
2279.05855	760.69345	3	68.6868	2
2282.08450	761.70210	3	63.9464	2
2291.01880	1146.51665	2	67.2473	2
2291.02005	764.68065	3	67.2754	2
2297.12525	766.71570	3	69.8846	2
2299.15270	767.39150	3	64.5112	2
2314.08700	772.36960	3	61.2261	1
2376.10080	793.04085	3	51.3904	2
2379.16300	794.06160	3	62.9018	1
2379.16315	595.79805	4	62.8435	2
2389.99185	797.67125	3	61.8122	2
2391.18420	1196.59940	2	95.2200	2
2401.30130	801.44100	3	81.8920	2
2416.23935	806.42040	3	84.2482	2
2427.24160	607.81765	4	60.6826	2
2435.25590	812.75920	3	65.5494	2
2440.33940	814.45370	3	91.1711	1
2460.19630	821.07270	3	85.3215	1
2491.26510	831.42900	3	96.6114	1
2525.29700	842.77290	3	85.9784	1
2532.23280	845.08490	3	74.1316	2
2549.47205	850.83130	3	83.3037	2
2549.96385	638.49825	4	84.1878	4
2600.20970	1301.11210	2	88.8555	1
2620.21765	656.06170	4	65.1288	2
2620.23765	656.06670	4	67.1932	2
2660.32280	887.78150	3	63.9016	1
2804.28200	935.76795	3	77.1733	2
2858.47970	953.83380	3	91.1879	1
3208.56015	803.14730	4	70.4234	2
3536.66870	1179.89680	3	84.2452	2
