mono_mass	mz	charge	rt	n_psm
798.41280	400.21370	2	38.1437	2
798.48520	400.24990	2	57.8427	2
799.45535	400.73495	2	49.2204	2
800.43860	401.22660	2	42.2210	1
800.43920	401.22690	2	43.7467	2
800.43990	401.22720	2	40.1673	3
800.45495	401.23475	2	51.3556	2
801.43505	401.72480	2	36.5125	2
801.53375	401.77415	2	44.4613	2
802.38615	402.20035	2	38.6548	2
802.49855	402.25655	2	61.9529	2
805.40835	403.71145	2	44.9752	2
805.44470	403.72965	2	51.4194	2
806.39570	404.20515	2	37.3989	2
806.45410	404.23435	2	60.5887	2
807.41280	404.71370	2	39.8659	2
808.36370	405.18910	2	36.5446	2
808.44320	405.22885	2	35.6457	2
811.35400	406.68430	2	37.3800	2
811.49195	406.75325	2	49.7013	2
812.43940	407.22695	2	39.9245	2
812.47560	407.24505	2	60.4404	2
812.48725	407.25090	2	44.5222	2
812.51190	407.26325	2	49.0207	2
814.45465	408.23460	2	34.1955	2
814.45525	408.23490	2	51.7442	2
814.51625	408.26540	2	58.8338	2
815.43865	408.72660	2	38.5472	2
815.46905	408.74180	2	56.8798	2
815.47510	408.74485	2	42.0134	2
815.47660	408.74555	2	46.3103	2
815.49750	408.75600	2	37.7061	2
815.51170	408.76310	2	46.0338	1
816.38340	409.19900	2	51.5724	2
816.44925	409.23190	2	66.6040	2
816.47020	409.24240	2	37.3726	2
817.42950	409.72205	2	34.4222	2
817.48140	409.74795	2	67.0219	2
818.44055	410.22755	2	52.9695	2
818.49005	410.25230	2	74.0039	2
819.39135	410.70295	2	34.8277	2
819.43070	410.72260	2	63.2200	1
820.43385	411.22420	2	38.7684	2
820.46880	411.24170	2	45.5069	2
820.48840	411.25150	2	71.8181	2
821.42910	411.72180	2	40.6361	1
822.39100	412.20280	2	30.0198	3
822.42385	412.21920	2	36.7238	2
822.42425	412.21940	2	42.5562	2
823.41870	412.71660	2	36.0793	1
823.42655	412.72055	2	54.8707	2
824.54880	413.28165	2	71.3366	2
826.49060	414.25255	2	39.5819	2
826.49130	414.25295	2	42.1361	2
826.52745	414.27100	2	69.8191	2
826.52760	414.27110	2	49.8157	2
828.41615	415.21535	2	31.0749	2
828.47720	415.24590	2	38.5664	1
829.44795	415.73125	2	39.9733	4
829.45470	415.73460	2	45.7694	1
829.46505	415.73980	2	41.5813	2
829.46555	415.74005	2	34.4196	2
829.49140	415.75300	2	56.0096	2
829.49210	415.75330	2	39.2815	1
829.50285	415.75870	2	36.4568	2
829.50310	415.75880	2	50.6465	1
831.47000	416.74225	2	35.0330	2
831.47005	416.74230	2	48.5536	2
831.49670	416.75565	2	69.9893	2
831.49725	416.75590	2	62.1540	2
832.39265	417.20360	2	34.1431	2
832.42910	417.22180	2	45.0614	2
834.43530	418.22490	2	37.8256	2
835.44410	418.72930	2	43.2182	2
836.38870	419.20160	2	40.3150	1
836.40135	419.20795	2	41.1348	2
836.44020	419.22740	2	56.8704	2
836.44060	419.22760	2	43.3907	2
837.40295	419.70875	2	47.9684	2
837.40530	419.70995	2	54.5435	2
838.41805	420.21630	2	37.2632	2
839.42985	420.72220	2	55.3050	2
839.58475	420.79965	2	73.3101	2
840.47060	421.24260	2	42.9209	2
840.54310	421.27880	2	75.0239	2
840.54325	421.27895	2	59.8394	2
841.46590	421.74020	2	40.8553	3
841.49150	421.75300	2	55.0680	1
841.50250	421.75850	2	50.5801	1
842.42830	422.22140	2	47.7796	2
842.48580	422.25020	2	52.4102	1
842.48715	422.25085	2	42.2803	2
842.48725	422.25090	2	38.3675	2
842.52220	422.26840	2	71.0987	2
842.52235	422.26845	2	49.2836	2
842.53365	422.27410	2	34.2275	2
843.45110	422.73285	2	39.2311	2
843.46840	422.74150	2	39.6023	3
843.48120	422.74785	2	44.6311	2
843.54320	422.77885	2	63.4229	2
844.45425	423.23440	2	54.1018	2
844.46460	423.23955	2	35.1315	2
845.46035	423.73750	2	37.3247	2
845.46080	423.73770	2	44.1439	2
845.46505	423.73980	2	67.4564	2
845.51185	423.76320	2	65.3339	2
845.53695	423.77575	2	76.3568	2
846.39960	424.20710	2	36.9424	2
846.42830	424.22140	2	42.7873	3
846.44845	424.23150	2	61.2861	2
847.42310	424.71880	2	43.7733	1
847.44420	424.72940	2	40.7130	1
847.48000	424.74730	2	45.4865	2
848.43970	425.22710	2	41.8075	2
848.44005	425.22730	2	53.2763	2
848.44465	425.22960	2	36.4618	2
849.42035	425.71745	2	46.7531	2
849.44120	425.72790	2	52.8425	1
850.42685	426.22070	2	54.3974	2
850.45345	426.23400	2	46.3908	2
850.50220	426.25835	2	39.4626	2
851.36965	426.69210	2	40.5884	2
851.40195	426.70825	2	35.2972	2
851.42135	426.71795	2	45.6297	2
851.43870	426.72665	2	37.0165	2
852.44970	427.23210	2	60.6722	1
853.36100	427.68780	2	36.7908	2
854.44050	428.22750	2	57.1673	1
854.46050	428.23750	2	39.8962	2
855.51700	428.76580	2	51.6096	1
856.43275	429.22365	2	64.6885	2
856.44895	429.23180	2	65.6220	2
856.46995	429.24225	2	50.2621	2
856.51260	429.26360	2	48.3496	2
856.51675	429.26565	2	45.7324	2
856.53920	429.27690	2	58.0289	1
857.44240	429.72850	2	39.6690	1
857.46170	429.73815	2	40.1857	2
857.46270	429.73860	2	42.5215	2
857.49595	429.75525	2	46.4450	2
858.45670	430.23560	2	44.2828	1
858.47050	430.24250	2	43.5733	1
858.96200	430.48830	2	37.9309	4
859.46610	430.74030	2	46.9113	3
859.50210	430.75830	2	66.4422	1
860.42430	431.21940	2	35.9804	2
860.44160	431.22805	2	45.2405	2
861.44420	431.72940	2	44.6080	2
861.47120	431.74285	2	47.6873	2
861.49960	431.75710	2	48.7984	1
861.50730	431.76090	2	75.5896	2
862.38670	432.20060	2	39.2333	1
862.41890	432.21670	2	36.4184	1
863.45075	432.73265	2	34.8277	2
863.45120	432.73290	2	49.3977	2
863.45690	432.73570	2	59.0857	1
864.41910	433.21680	2	49.9075	2
864.43450	433.22455	2	53.1508	2
864.50685	433.26070	2	64.2073	2
865.41540	433.71495	2	39.7145	2
865.50120	433.75790	2	35.5312	1
865.50130	433.75790	2	35.4999	1
866.41050	434.21250	2	40.4703	1
866.49790	434.25625	2	42.4458	2
867.39310	434.70380	2	37.4392	2
867.41620	434.71540	2	50.2306	2
867.42360	434.71910	2	56.9275	1
867.43335	434.72395	2	39.0851	2
868.45950	435.23700	2	37.7916	2
868.51300	435.26375	2	32.3139	2
869.49735	435.75595	2	34.2856	2
869.53335	435.77395	2	52.8168	2
869.53335	435.77395	2	60.1094	2
869.55890	435.78670	2	67.2111	2
870.44885	436.23170	2	54.8173	2
870.48130	436.24790	2	43.0096	2
870.51750	436.26605	2	58.3962	2
870.55335	436.28395	2	51.1438	2
871.44405	436.72930	2	38.2331	2
871.45040	436.73245	2	40.8180	2
871.53885	436.77670	2	59.7152	2
872.47490	437.24475	2	39.6792	2
872.49520	437.25490	2	35.2660	1
872.49615	437.25535	2	56.4617	2
872.49710	437.25585	2	42.1650	2
872.49720	437.25590	2	35.2847	1
872.51550	437.26505	2	64.0763	2
873.44450	437.72950	2	32.9196	1
873.46300	437.73880	2	46.0183	2
873.47285	437.74370	2	50.7821	2
873.48000	437.74725	2	48.6185	2
873.49660	437.75555	2	67.7080	2
874.43265	438.22360	2	44.7845	2
874.45835	438.23645	2	50.0522	2
874.46930	438.24190	2	35.6457	2
874.47795	438.24625	2	36.5105	2
875.43480	438.72470	2	33.4875	1
875.52280	438.76865	2	61.2582	2
875.52310	438.76885	2	50.2942	2
876.41320	439.21390	2	39.3010	2
876.43580	439.22520	2	48.0881	3
876.43815	439.22635	2	68.7814	2
876.49635	439.25545	2	68.0869	2
877.42980	439.72220	2	43.3796	1
877.45450	439.73450	2	37.2506	2
877.45470	439.73465	2	65.5300	2
877.46655	439.74055	2	49.8226	2
877.46700	439.74080	2	42.6556	1
877.46700	439.74080	2	45.0389	2
877.47890	439.74675	2	50.4380	4
877.50980	439.76215	2	70.1936	2
878.48635	440.25050	2	54.9949	2
879.39760	440.70610	2	34.5277	1
879.41790	440.71620	2	40.2675	1
880.42900	441.22180	2	43.4570	2
880.54980	441.28215	2	53.7522	2
881.41460	441.71455	2	38.8690	2
881.42570	441.72010	2	32.1280	1
881.51510	441.76480	2	55.6670	1
882.52865	442.27160	2	39.1499	2
883.47640	442.74550	2	47.6160	1
883.53850	442.77650	2	51.3727	1
883.53860	442.77660	2	59.0208	3
883.56040	442.78750	2	38.9707	1
884.44125	443.22790	2	44.2061	2
884.54390	443.27920	2	54.5954	2
884.57025	443.29240	2	74.2791	2
884.57110	443.29280	2	59.5963	2
885.42315	443.71885	2	39.0068	2
885.44440	443.72945	2	34.7540	2
885.48080	443.74770	2	35.3623	2
885.48270	443.74860	2	43.5379	1
885.49130	443.75290	2	49.9210	1
885.49225	443.75340	2	51.6881	2
885.55310	443.78385	2	65.2707	2
886.40755	444.21105	2	53.7293	2
886.48715	444.25085	2	42.5310	2
886.51330	444.26390	2	47.9139	2
887.45985	444.73720	2	36.3327	2
887.49095	444.75275	2	41.3752	2
887.53305	444.77380	2	58.4807	2
889.45795	445.73625	2	51.2305	2
889.46520	445.73985	2	48.3383	2
889.47690	445.74575	2	41.4323	2
889.48455	445.74955	2	70.4387	2
891.44505	446.72980	2	49.6598	2
891.44875	446.73165	2	46.4835	2
891.48130	446.74790	2	63.2541	2
891.50685	446.76075	2	66.6910	2
892.44000	447.22730	2	40.2404	2
892.48350	447.24905	2	77.0137	2
893.44950	447.73200	2	43.3509	1
893.45890	447.73670	2	45.8539	6
893.46185	447.73820	2	42.7029	2
893.60620	447.81035	2	75.8693	2
894.44850	448.23150	2	43.3897	1
894.45565	448.23510	2	34.1681	2
895.44740	448.73100	2	60.0970	2
895.46495	448.73975	2	41.4134	2
896.53415	449.27440	2	55.1253	2
897.40550	449.71000	2	66.9323	2
897.50320	449.75890	2	33.8229	2
898.40725	450.21090	2	66.4895	2
898.47960	450.24710	2	58.2167	1
898.48685	450.25070	2	35.3322	2
898.49120	450.25285	2	44.5759	2
898.54815	450.28135	2	67.2382	2
898.56005	450.28730	2	55.6094	2
899.43905	450.72680	2	54.0151	2
899.45045	450.73250	2	40.8713	2
899.50790	450.76120	2	56.3867	2
899.51565	450.76510	2	60.5585	2
900.46490	451.23970	2	41.5195	1
900.49160	451.25305	2	41.2723	2
900.49220	451.25335	2	53.0613	2
900.50305	451.25885	2	50.9222	2
900.53905	451.27680	2	44.0091	2
901.41270	451.71365	2	49.3929	2
901.43305	451.72380	2	39.3196	2
901.47610	451.74535	2	58.9199	2
901.48690	451.75075	2	33.7296	2
901.52495	451.76975	2	42.6223	2
902.41370	452.21410	2	47.8984	2
902.48100	452.24780	2	39.8271	1
902.50770	452.26110	2	46.3038	1
903.44835	452.73145	2	38.2647	2
903.48120	452.74790	2	53.3873	2
903.52925	452.77190	2	42.3104	2
903.54365	452.77915	2	69.2896	2
904.42390	453.21930	2	32.0946	1
904.44355	453.22905	2	31.0875	2
904.53870	453.27660	2	63.4876	2
905.45200	453.73330	2	44.0923	2
905.45260	453.73355	2	65.9528	2
905.46070	453.73760	2	32.4940	1
906.47060	454.24260	2	31.9359	1
906.49960	454.25710	2	36.8958	1
906.51750	454.26605	2	48.2822	2
907.45100	454.73275	2	37.3437	2
907.50055	454.75755	2	48.7728	2
908.00370	455.00910	2	55.3607	4
908.43105	455.22280	2	49.6412	2
908.53350	455.27400	2	40.7286	1
908.56910	455.29185	2	57.4415	2
909.42640	455.72045	2	55.7649	2
909.45575	455.73515	2	40.1345	2
911.37740	456.69600	2	30.1688	1
911.38050	456.69755	2	34.0137	2
911.47590	456.74520	2	60.9757	1
911.48920	456.75190	2	43.3609	1
911.58080	456.79770	2	58.5190	2
912.56410	457.28930	2	45.6584	1
912.56475	457.28965	2	64.6848	2
913.42955	457.72205	2	48.8715	2
913.45090	457.73275	2	41.7205	2
913.47345	457.74400	2	71.6351	2
913.48655	457.75055	2	47.4619	2
913.50955	457.76205	2	33.1289	2
913.54775	457.78115	2	54.1728	2
913.56040	457.78750	2	39.2324	2
913.59685	457.80570	2	40.5081	2
914.50795	458.26125	2	41.0466	2
914.51895	458.26675	2	46.2773	2
914.54350	458.27900	2	53.4500	1
915.44675	458.73065	2	36.9945	2
915.47135	458.74295	2	36.6665	2
915.50530	458.75995	2	32.5053	2
915.52120	458.76790	2	75.2901	2
915.53920	458.77685	2	35.2077	2
916.48525	459.24990	2	41.4083	2
916.49830	459.25645	2	37.8699	2
917.46435	459.73945	2	54.4566	2
917.46670	459.74060	2	34.7160	3
917.48080	459.74770	2	40.4121	1
917.48110	459.74785	2	38.3738	2
918.44895	460.23175	2	80.1701	2
918.48460	460.24960	2	53.8389	2
918.49115	460.25285	2	64.5479	2
918.49235	460.25345	2	50.7433	2
918.51715	460.26585	2	57.3583	2
918.51795	460.26625	2	63.4604	2
919.40650	460.71055	2	33.1822	2
919.40665	460.71060	2	61.8308	2
919.44345	460.72900	2	47.7132	2
919.47710	460.74585	2	52.9629	2
919.50120	460.75790	2	53.0820	2
919.51295	460.76375	2	46.9522	2
919.51515	460.76485	2	57.7836	2
919.52035	460.76745	2	65.0997	2
920.49755	461.25605	2	47.0904	2
920.50665	461.26060	2	41.6703	2
921.44520	461.72990	2	40.9215	3
921.46760	461.74110	2	35.8442	1
921.55300	461.78380	2	62.0994	1
921.94870	461.98160	2	38.0953	4
922.43930	462.22695	2	49.9616	2
923.43540	462.72500	2	43.9882	2
923.47260	462.74355	2	41.0267	2
923.49470	462.75470	2	50.8254	1
923.53330	462.77390	2	59.5606	1
923.57995	462.79725	2	78.2134	2
924.43775	463.22615	2	48.2822	2
924.53935	463.27695	2	52.9045	2
924.56425	463.28940	2	55.8528	2
925.47005	463.74235	2	79.4857	2
925.49825	463.75645	2	43.7456	2
926.51855	464.26655	2	39.1454	2
926.57995	464.29725	2	60.6746	2
926.59065	464.30260	2	61.8013	2
927.37730	464.69590	2	29.4654	1
927.44505	464.72980	2	46.7567	2
927.56420	464.78935	2	83.2555	2
928.45470	465.23465	2	51.0656	2
928.51690	465.26575	2	41.9505	2
928.52320	465.26890	2	51.9177	2
928.53430	465.27445	2	50.1441	2
928.55885	465.28670	2	57.3896	2
928.56015	465.28735	2	63.0233	2
929.44630	465.73045	2	32.4825	2
929.45620	465.73535	2	30.1538	2
929.47170	465.74310	2	50.3486	1
929.48060	465.74760	2	37.0729	2
929.50720	465.76090	2	55.3324	2
929.51095	465.76275	2	48.5263	2
929.51805	465.76630	2	43.0985	2
929.51870	465.76660	2	36.2572	3
929.51925	465.76690	2	41.0734	2
929.54290	465.77870	2	60.1516	1
930.42305	466.21880	2	61.2762	2
930.46520	466.23990	2	35.2492	2
930.47815	466.24635	2	42.1151	2
930.51675	466.26565	2	65.0669	2
930.53990	466.27720	2	38.1532	1
931.44060	466.72760	2	28.1264	1
931.47025	466.74240	2	36.0472	2
931.48690	466.75070	2	48.9896	2
931.50190	466.75820	2	56.2744	2
931.51230	466.76340	2	58.2693	3
931.53420	466.77435	2	68.0617	2
932.44490	467.22980	2	33.2908	1
932.46390	467.23920	2	39.0018	2
932.54400	467.27925	2	42.2221	2
933.45600	467.73530	2	37.4256	2
933.46515	467.73985	2	51.4856	2
933.48460	467.74960	2	51.9536	2
933.50320	467.75890	2	52.7280	2
933.51540	467.76500	2	30.4974	1
933.52940	467.77200	2	56.6766	2
933.53980	467.77715	2	32.8741	2
934.41530	468.21490	2	40.1269	2
934.45140	468.23295	2	39.4386	2
934.48705	468.25080	2	43.3081	2
934.48745	468.25100	2	55.5147	2
934.48755	468.25105	2	33.4574	2
934.51255	468.26355	2	58.7134	2
934.51400	468.26430	2	50.5278	1
934.52420	468.26940	2	59.8366	2
935.45380	468.73420	2	36.5888	1
935.47110	468.74280	2	45.1808	2
935.48920	468.75185	2	62.0811	2
937.41430	469.71440	2	34.7243	2
937.48630	469.75045	2	40.7565	2
937.51200	469.76330	2	58.0529	2
938.43395	470.22425	2	37.8833	2
939.43020	470.72240	2	62.6426	1
939.48195	470.74825	2	80.5171	2
939.51420	470.76440	2	32.2885	2
939.54980	470.78215	2	56.2413	2
939.56420	470.78940	2	81.0375	2
940.44380	471.22920	2	45.2132	2
940.52625	471.27040	2	62.3252	2
940.53435	471.27445	2	34.5600	2
941.43420	471.72435	2	38.6597	2
941.46445	471.73950	2	50.1757	2
941.55680	471.78570	2	50.9298	2
941.56685	471.79070	2	62.2168	2
941.57890	471.79680	2	66.9914	2
941.60625	471.81040	2	79.6268	2
942.50250	472.25850	2	36.1250	2
942.51335	472.26395	2	48.2207	2
943.44815	472.73135	2	61.4285	2
943.46360	472.73905	2	35.8856	2
943.48820	472.75140	2	43.9175	2
943.49785	472.75620	2	35.7124	2
943.53540	472.77500	2	46.4835	2
944.42440	473.21945	2	37.5055	2
944.43125	473.22290	2	63.8628	2
944.49280	473.25370	2	43.2477	2
944.51765	473.26610	2	45.4790	2
944.51830	473.26645	2	48.0263	2
944.51890	473.26670	2	63.0064	1
944.51890	473.26670	2	63.0456	1
944.52880	473.27165	2	49.6310	2
944.55460	473.28455	2	55.0380	2
944.56950	473.29200	2	79.0709	1
945.45995	473.73725	2	77.3804	2
945.51175	473.76315	2	40.7920	2
945.54995	473.78225	2	59.0321	2
946.50905	474.26180	2	37.1992	2
946.51295	474.26375	2	46.0724	2
946.53520	474.27490	2	38.2205	2
946.54980	474.28215	2	74.4856	2
947.43445	474.72450	2	38.3633	2
947.48580	474.75020	2	42.3268	1
947.51465	474.76460	2	71.6726	2
948.46550	475.24000	2	53.1820	2
948.46760	475.24110	2	44.4539	2
949.43240	475.72350	2	34.0736	1
949.48635	475.75045	2	39.6638	2
949.48675	475.75065	2	54.4841	2
949.49105	475.75285	2	86.9428	2
949.50510	475.75985	2	77.6597	2
949.52815	475.77135	2	79.8162	2
950.45420	476.23440	2	50.4470	2
950.48155	476.24805	2	46.7892	2
950.48190	476.24825	2	49.1749	2
950.48600	476.25030	2	73.8512	2
950.50165	476.25810	2	59.7718	2
950.50745	476.26105	2	51.9711	2
951.51790	476.76620	2	80.4156	2
952.45005	477.23230	2	43.1830	2
952.45065	477.23265	2	47.1833	2
952.46930	477.24195	2	51.0810	2
952.53545	477.27500	2	42.3106	2
954.44490	478.22975	2	52.7584	2
955.53375	478.77415	2	63.2569	2
955.56990	478.79225	2	61.4605	2
956.50365	479.25915	2	38.5107	2
956.51775	479.26615	2	36.8394	2
956.52895	479.27175	2	53.6884	2
956.52930	479.27195	2	46.9569	2
956.52985	479.27220	2	44.2654	2
956.53330	479.27390	2	41.6842	1
956.53665	479.27560	2	66.6664	2
956.57920	479.29690	2	77.9040	2
957.48860	479.75160	2	34.3910	4
957.51430	479.76445	2	48.0869	2
957.52535	479.76995	2	41.0192	2
957.53080	479.77270	2	48.5639	2
957.53440	479.77450	2	31.8575	1
957.55980	479.78720	2	48.3149	2
957.59685	479.80570	2	47.4619	2
958.48695	480.25075	2	56.8153	2
958.50675	480.26065	2	48.7520	2
958.50770	480.26110	2	53.0235	1
958.50960	480.26205	2	57.1151	2
959.50850	480.76150	2	41.0669	2
959.53065	480.77260	2	42.8169	2
959.53325	480.77390	2	69.3521	2
959.55500	480.78480	2	58.3217	2
960.45085	481.23270	2	35.2390	2
960.45695	481.23575	2	31.4741	2
960.47560	481.24505	2	42.0653	2
960.50435	481.25945	2	46.6269	2
960.51280	481.26365	2	39.3803	2
960.53175	481.27315	2	57.8803	2
960.53885	481.27670	2	61.7643	2
961.45400	481.73430	2	34.0581	1
961.50860	481.76155	2	41.5840	2
962.47320	482.24385	2	46.3596	2
962.50630	482.26040	2	62.7929	2
962.51905	482.26680	2	55.9792	2
962.53815	482.27635	2	86.4898	2
962.54490	482.27970	2	62.6476	1
963.44565	482.73010	2	54.8800	2
963.50165	482.75810	2	40.2691	2
963.50610	482.76030	2	34.4737	2
963.55450	482.78455	2	75.0813	2
964.46170	483.23810	2	38.1726	2
964.47965	483.24710	2	69.5835	2
964.49790	483.25620	2	43.0773	2
964.52280	483.26870	2	54.4894	1
965.44485	483.72970	2	41.4727	2
965.44560	483.73010	2	34.9924	3
965.45640	483.73550	2	43.8313	1
965.46055	483.73755	2	37.7678	2
965.48175	483.74815	2	60.9897	2
965.62735	483.82095	2	82.7157	2
966.46385	484.23920	2	41.8049	2
966.46620	484.24040	2	36.5985	2
966.52410	484.26935	2	46.8402	2
967.47935	484.74695	2	58.3150	2
967.52340	484.76900	2	47.4719	2
967.54545	484.78000	2	36.8590	2
967.58170	484.79810	2	57.0240	2
968.44505	485.22985	2	40.2742	2
968.52825	485.27140	2	37.4184	2
968.52870	485.27165	2	49.1152	2
969.43135	485.72295	2	39.5923	2
969.48080	485.74770	2	76.0940	2
969.48820	485.75140	2	40.3829	2
969.51240	485.76350	2	47.1308	1
969.52580	485.77015	2	50.6313	2
969.55120	485.78290	2	32.4381	1
969.56025	485.78740	2	53.1184	2
969.58590	485.80025	2	69.1646	2
969.58740	485.80100	2	64.3317	2
970.48720	486.25085	2	54.9375	2
970.54445	486.27950	2	56.3372	2
970.58085	486.29770	2	70.8463	2
970.58125	486.29790	2	45.1314	2
970.58190	486.29820	2	33.2055	1
971.50100	486.75780	2	45.9436	1
971.50395	486.75925	2	31.5539	2
971.51010	486.76230	2	27.9131	1
971.52805	486.77130	2	48.7389	2
971.52895	486.77180	2	35.9605	2
971.52900	486.77175	2	59.0856	2
971.55355	486.78405	2	57.9914	2
971.56510	486.78980	2	33.7554	1
971.56530	486.78990	2	33.6401	1
971.56730	486.79090	2	44.2628	1
972.43930	487.22690	2	30.9041	1
972.46645	487.24050	2	33.3095	2
972.47430	487.24445	2	69.0820	2
972.53990	487.27720	2	70.1029	1
972.57135	487.29295	2	35.0380	2
973.50780	487.76120	2	42.0602	2
973.54355	487.77905	2	33.8881	2
974.50295	488.25875	2	38.0810	2
974.51910	488.26685	2	59.2402	2
974.53915	488.27685	2	41.8899	2
975.47385	488.74420	2	45.4060	2
975.49520	488.75490	2	80.9688	1
975.50250	488.75850	2	52.7225	1
975.53840	488.77645	2	65.1471	2
976.49770	489.25615	2	58.4603	2
976.50900	489.26175	2	47.9088	2
976.54595	489.28025	2	41.1358	2
977.44440	489.72950	2	47.0137	2
977.48145	489.74800	2	45.5476	2
977.48180	489.74820	2	60.9719	2
977.49370	489.75410	2	52.1756	1
977.51870	489.76665	2	52.4661	2
978.46455	490.23955	2	45.8589	2
978.47955	490.24705	2	41.7203	2
978.50235	490.25845	2	60.4277	2
979.44970	490.73210	2	66.5806	2
979.46095	490.73775	2	38.7092	2
979.49755	490.75605	2	52.7541	2
979.50170	490.75810	2	26.3883	1
979.51610	490.76530	2	53.3560	1
979.57025	490.79240	2	40.2218	2
979.57045	490.79250	2	56.5267	2
980.45605	491.23530	2	36.9944	2
980.49690	491.25570	2	52.5442	2
981.52400	491.76930	2	29.8531	2
981.59705	491.80580	2	41.2931	2
982.05320	492.03385	2	40.4876	2
982.45945	492.23700	2	33.6147	2
982.47425	492.24440	2	42.0556	2
982.51995	492.26725	2	38.1990	2
982.52180	492.26820	2	34.7852	1
983.47545	492.74500	2	48.2179	2
983.50625	492.76040	2	42.3969	2
983.57680	492.79565	2	64.5474	2
983.58420	492.79935	2	71.8257	2
983.58835	492.80145	2	44.3304	2
983.60150	492.80800	2	58.4054	2
984.43800	493.22630	2	33.9507	2
984.45650	493.23550	2	51.8277	1
984.49195	493.25325	2	52.1245	2
984.55905	493.28680	2	28.4439	2
984.63305	493.32380	2	50.3347	2
985.53815	493.77635	2	46.3102	2
985.55410	493.78430	2	43.3126	2
985.61600	493.81530	2	45.7798	1
986.49030	494.25240	2	67.8927	2
986.49300	494.25380	2	40.4407	1
986.53870	494.27660	2	50.0142	1
987.50005	494.75730	2	31.2563	2
987.52370	494.76915	2	44.8764	2
987.53525	494.77490	2	49.7242	2
987.57210	494.79330	2	59.5466	2
987.60055	494.80755	2	80.0105	2
988.48325	495.24890	2	38.2041	2
988.50700	495.26080	2	45.3241	1
988.50785	495.26120	2	53.2989	2
988.51925	495.26690	2	42.8254	2
988.52090	495.26770	2	64.3898	1
988.54400	495.27925	2	47.2926	2
988.58125	495.29795	2	50.9527	2
989.47860	495.74660	2	33.0475	2
989.52890	495.77170	2	53.7988	1
989.55315	495.78385	2	48.4786	2
989.55520	495.78485	2	59.0399	2
989.57555	495.79505	2	65.6270	2
990.45830	496.23645	2	37.0798	2
990.47370	496.24415	2	46.0414	2
990.51525	496.26490	2	42.6531	2
990.55015	496.28235	2	73.2731	2
991.50885	496.76170	2	60.8947	2
991.50940	496.76200	2	67.6513	2
991.54535	496.77995	2	69.5573	2
991.57015	496.79235	2	61.6520	2
992.48505	497.24980	2	56.8991	2
992.53245	497.27350	2	81.3047	2
992.55400	497.28430	2	69.1895	1
992.60185	497.30820	2	71.0638	2
993.44080	497.72765	2	42.7955	2
993.44180	497.72820	2	29.8380	1
993.45195	497.73325	2	40.3373	2
993.51250	497.76350	2	53.5548	2
993.54925	497.78190	2	64.8810	2
994.43980	498.22720	2	36.6443	2
994.49750	498.25600	2	49.2321	2
994.50840	498.26145	2	47.6803	2
994.50865	498.26160	2	32.0090	2
994.51600	498.26530	2	89.1376	5
994.54450	498.27955	2	34.9489	2
994.60575	498.31015	2	74.3355	2
994.65350	498.33405	2	46.3037	2
995.49250	498.75355	2	43.5505	2
996.53150	499.27305	2	68.8330	2
996.57180	499.29315	2	45.3358	2
997.56780	499.79120	2	39.6434	1
997.58150	499.79805	2	39.0998	2
998.58645	500.30050	2	40.7995	2
999.53495	500.77475	2	42.5866	2
999.53510	500.77485	2	29.8832	2
999.57125	500.79290	2	32.3138	2
999.98110	500.99785	2	31.9148	4
1000.49390	501.25420	2	36.0130	2
1000.55475	501.28465	2	85.2642	6
1000.56680	501.29070	2	49.1948	2
1000.59275	501.30365	2	62.8843	2
1001.51480	501.76465	2	44.1509	2
1001.55410	501.78435	2	67.7615	2
1001.56160	501.78810	2	33.7864	1
1001.59210	501.80330	2	70.0113	1
1002.47235	502.24345	2	34.2905	2
1002.48305	502.24880	2	38.9509	2
1002.48680	502.25065	2	41.6072	2
1002.52790	502.27125	2	37.6172	2
1002.54600	502.28025	2	33.1821	2
1002.55970	502.28710	2	36.5321	2
1003.51875	502.76665	2	44.5118	2
1003.52500	502.76975	2	35.3925	2
1003.57050	502.79255	2	78.0801	2
1004.44600	503.23025	2	34.9438	2
1004.52900	503.27175	2	57.6562	2
1004.54000	503.27730	2	48.1934	2
1004.56565	503.29010	2	43.2498	2
1005.46910	503.74180	2	49.2159	1
1005.48070	503.74765	2	38.1084	2
1005.49015	503.75235	2	30.1275	2
1005.51275	503.76365	2	55.2831	2
1005.53100	503.77280	2	69.0170	2
1005.53610	503.77530	2	35.9246	2
1006.45300	504.23380	2	32.2139	2
1006.47180	504.24320	2	41.7981	2
1006.50065	504.25760	2	54.5414	2
1006.50810	504.26130	2	59.0020	1
1007.45655	504.73555	2	38.7187	2
1007.46805	504.74130	2	41.1877	2
1007.47545	504.74500	2	51.7999	2
1007.50305	504.75880	2	43.8960	2
1007.52300	504.76880	2	65.4182	1
1007.52890	504.77170	2	43.6148	2
1007.54030	504.77745	2	56.4256	2
1007.54415	504.77935	2	68.7165	2
1007.67470	504.84465	2	73.1568	2
1008.47645	505.24550	2	50.6861	2
1008.51300	505.26380	2	61.3115	2
1008.52120	505.26790	2	51.7245	1
1009.44760	505.73105	2	42.3591	2
1009.51935	505.76695	2	36.2553	2
1009.54910	505.78185	2	88.0705	2
1010.42900	506.22180	2	34.6280	1
1010.45290	506.23370	2	38.9120	2
1010.51050	506.26250	2	63.8139	2
1010.51060	506.26260	2	62.9888	1
1010.57565	506.29510	2	68.9758	2
1011.52425	506.76940	2	36.7830	2
1011.53465	506.77460	2	45.3264	2
1011.54590	506.78025	2	42.9421	2
1011.57180	506.79315	2	52.9121	2
1011.60765	506.81110	2	68.0363	2
1012.48745	507.25100	2	59.5179	2
1012.57030	507.29245	2	58.8927	2
1012.57165	507.29310	2	91.7715	6
1012.58165	507.29810	2	61.0420	2
1012.60340	507.30900	2	39.0921	2
1012.64010	507.32735	2	49.5656	2
1013.46415	507.73935	2	72.4401	2
1013.53910	507.77685	2	44.0404	2
1013.55425	507.78440	2	65.7770	2
1013.56170	507.78815	2	37.8436	2
1013.58820	507.80140	2	64.5065	1
1013.62335	507.81895	2	67.2677	2
1014.53380	508.27415	2	38.4247	2
1014.53405	508.27430	2	43.1624	2
1014.57130	508.29295	2	37.7010	2
1014.57275	508.29365	2	46.2560	2
1014.60820	508.31140	2	45.9106	1
1015.49180	508.75320	2	39.8372	2
1015.54330	508.77895	2	89.2269	2
1015.58520	508.79985	2	71.4622	2
1015.59130	508.80290	2	66.1083	3
1016.45980	509.23715	2	37.0511	2
1016.51780	509.26615	2	47.9760	2
1016.53150	509.27300	2	48.6872	2
1016.54725	509.28090	2	49.4494	2
1017.47340	509.74395	2	41.7030	2
1017.49070	509.75260	2	47.5146	1
1017.51720	509.76585	2	77.4736	2
1017.53475	509.77470	2	39.0575	2
1017.57335	509.79395	2	40.8814	2
1017.60810	509.81130	2	66.0065	1
1017.62135	509.81795	2	66.8433	2
1018.54400	510.27925	2	40.1931	2
1019.42095	510.71775	2	43.6403	2
1019.50320	510.75885	2	43.1305	2
1019.53920	510.77685	2	54.5385	2
1019.54000	510.77730	2	35.3849	2
1019.54710	510.78085	2	67.3005	2
1019.55285	510.78370	2	47.5912	2
1020.44160	511.22810	2	29.3200	1
1020.52375	511.26915	2	49.6913	2
1020.52420	511.26940	2	86.3631	5
1020.53270	511.27365	2	55.2246	2
1021.43800	511.72630	2	38.0213	2
1021.44950	511.73205	2	34.4143	2
1021.49455	511.75455	2	30.5776	2
1021.51180	511.76320	2	43.7168	2
1021.54560	511.78010	2	60.9039	2
1021.60345	511.80900	2	52.5769	2
1021.70090	511.85770	2	67.6091	1
1022.50365	512.25910	2	53.6611	2
1022.51090	512.26270	2	77.5008	2
1023.48765	512.75110	2	38.2545	2
1023.60715	512.81085	2	68.5853	2
1024.37340	513.19395	2	42.2219	2
1024.60370	513.30915	2	52.9475	2
1025.45075	513.73265	2	38.6783	2
1025.50360	513.75910	2	40.9330	2
1025.55125	513.78290	2	35.5205	2
1025.60220	513.80835	2	49.3045	2
1026.44785	514.23120	2	42.4284	2
1027.56620	514.79040	2	33.4219	1
1027.56695	514.79075	2	36.4593	2
1027.58140	514.79800	2	74.8783	2
1027.59060	514.80255	2	59.1541	2
1027.59120	514.80290	2	80.8076	1
1027.60305	514.80880	2	69.2247	2
1028.54980	515.28220	2	46.3891	1
1028.56190	515.28820	2	43.3559	1
1029.47710	515.74580	2	57.1111	2
1029.47755	515.74605	2	42.1235	2
1029.53925	515.77690	2	52.6149	2
1029.54205	515.77830	2	37.5154	2
1029.58265	515.79860	2	36.8397	2
1030.53020	516.27235	2	35.5888	2
1030.59170	516.30315	2	79.1975	2
1030.60680	516.31070	2	75.9543	2
1031.46325	516.73890	2	64.4817	2
1031.50320	516.75890	2	41.6423	2
1031.50590	516.76025	2	49.3406	2
1031.54625	516.78040	2	51.9711	2
1031.58580	516.80020	2	57.2200	2
1031.58630	516.80040	2	62.4207	1
1032.49805	517.25630	2	42.0001	2
1032.53480	517.27465	2	48.9290	2
1032.59720	517.30585	2	73.9035	2
1033.56650	517.79050	2	43.1072	2
1033.58110	517.79785	2	82.4321	2
1033.61710	517.81585	2	70.0786	2
1034.52160	518.26810	2	65.1197	2
1034.56520	518.28990	2	62.5523	1
1035.48830	518.75140	2	61.3980	2
1035.56090	518.78770	2	60.7385	2
1036.51860	519.26660	2	41.5501	2
1036.51950	519.26700	2	43.6070	2
1036.53360	519.27410	2	71.7030	2
1036.53780	519.27620	2	68.0322	2
1036.55495	519.28475	2	63.6442	2
1037.50665	519.76060	2	33.9848	2
1037.52610	519.77035	2	37.4621	2
1037.62395	519.81925	2	55.1086	2
1037.64880	519.83165	2	71.3393	2
1038.48110	520.24780	2	47.1179	1
1038.54630	520.28045	2	35.0183	2
1039.46485	520.73970	2	47.7462	2
1039.49775	520.75615	2	52.6076	2
1039.56630	520.79040	2	46.7005	2
1040.46935	521.24195	2	41.2415	2
1040.49310	521.25380	2	31.3777	2
1040.49640	521.25550	2	41.8925	2
1040.54955	521.28205	2	54.3897	2
1040.56985	521.29220	2	50.1247	2
1040.59750	521.30600	2	57.2051	2
1040.62300	521.31880	2	74.0905	2
1040.65945	521.33700	2	60.1045	2
1041.44045	521.72750	2	45.3902	2
1041.45460	521.73460	2	35.8544	1
1041.53375	521.77415	2	50.3485	2
1042.51490	522.26475	2	64.7530	2
1042.52990	522.27225	2	37.6419	2
1042.55585	522.28520	2	53.8046	2
1043.54290	522.77870	2	48.6797	2
1043.55050	522.78255	2	79.0779	2
1043.56230	522.78840	2	33.6723	2
1043.56235	522.78845	2	36.6586	2
1043.60355	522.80905	2	63.8294	2
1044.52060	523.26760	2	44.5556	3
1044.53875	523.27665	2	66.3032	2
1044.55675	523.28565	2	43.5145	2
1044.56145	523.28800	2	58.5742	2
1045.51280	523.76370	2	57.3973	1
1045.53335	523.77395	2	46.6853	2
1045.54040	523.77750	2	33.4952	2
1045.54060	523.77760	2	31.2830	2
1045.55865	523.78660	2	63.5494	2
1045.60265	523.80860	2	60.7342	2
1046.52530	524.26995	2	35.7581	2
1046.59655	524.30555	2	49.5101	2
1047.50380	524.75920	2	53.5141	1
1047.52670	524.77065	2	60.1526	2
1047.56405	524.78930	2	59.7848	2
1048.47865	525.24660	2	35.3853	2
1048.55595	525.28525	2	31.9472	2
1049.52595	525.77025	2	50.9808	2
1049.53270	525.77360	2	40.1762	1
1050.50970	526.26210	2	46.0467	2
1050.51650	526.26550	2	56.6344	1
1050.53470	526.27460	2	48.0650	1
1050.55705	526.28580	2	31.5997	2
1050.56375	526.28915	2	38.2963	4
1050.57125	526.29290	2	62.4385	2
1050.59625	526.30540	2	68.7711	2
1051.03650	526.52555	2	51.4058	2
1051.49395	526.75425	2	37.1115	2
1051.51010	526.76230	2	58.7120	1
1052.46480	527.23965	2	57.9573	2
1052.55140	527.28300	2	31.7403	1
1053.61800	527.81630	2	56.2506	2
1054.49710	528.25585	2	68.9809	2
1054.53430	528.27440	2	75.1136	2
1054.54030	528.27740	2	32.0208	3
1054.60210	528.30830	2	57.2657	2
1055.42325	528.71890	2	47.2434	2
1055.49255	528.75355	2	44.6921	2
1055.57965	528.79710	2	49.5203	2
1055.58630	528.80040	2	64.0445	2
1055.58635	528.80045	2	67.9240	2
1056.53270	529.27365	2	77.1718	2
1056.58085	529.29770	2	55.2422	2
1056.59295	529.30375	2	53.0535	2
1057.50765	529.76110	2	43.8379	2
1057.56600	529.79030	2	38.0587	2
1057.57640	529.79545	2	36.0423	2
1057.57785	529.79620	2	44.4541	2
1057.61545	529.81500	2	37.2555	2
1057.63875	529.82665	2	78.0173	2
1058.49305	530.25380	2	50.6561	2
1058.54450	530.27950	2	78.6368	2
1058.55845	530.28650	2	72.3103	2
1058.57210	530.29330	2	46.7641	2
1058.59380	530.30415	2	39.7791	2
1059.50940	530.76195	2	43.3965	2
1059.57450	530.79450	2	48.3979	1
1059.60050	530.80755	2	57.1244	2
1060.47600	531.24525	2	33.6825	2
1060.52390	531.26925	2	74.5094	2
1060.61745	531.31600	2	83.3526	2
1061.55035	531.78245	2	44.6947	2
1061.57655	531.79555	2	74.9295	2
1062.52430	532.26940	2	78.1152	2
1062.53485	532.27470	2	56.7097	2
1062.57190	532.29320	2	60.4807	1
1062.58240	532.29850	2	56.4077	2
1063.52990	532.77225	2	43.9223	2
1063.54025	532.77740	2	46.0490	2
1063.55380	532.78420	2	61.0147	1
1063.60755	532.81105	2	76.2812	2
1064.52660	533.27060	2	38.8491	3
1064.56115	533.28785	2	30.9791	2
1064.63430	533.32445	2	54.6023	2
1065.44660	533.73055	2	46.3698	2
1065.55235	533.78345	2	61.5113	2
1065.55320	533.78385	2	78.3680	2
1066.45660	534.23560	2	53.9307	2
1066.46700	534.24075	2	32.0482	2
1066.50385	534.25920	2	30.5849	2
1066.50785	534.26120	2	32.8037	2
1066.51795	534.26625	2	56.5862	2
1066.60610	534.31030	2	81.4040	2
1067.51325	534.76390	2	45.3537	2
1067.57160	534.79310	2	52.6745	2
1068.55090	535.28270	2	36.7138	3
1068.55865	535.28660	2	63.9550	2
1068.57965	535.29710	2	60.2763	2
1068.59255	535.30355	2	57.1953	2
1068.61730	535.31590	2	42.5788	1
1068.61960	535.31710	2	59.4791	1
1068.65510	535.33485	2	45.1216	2
1070.60630	536.31045	2	74.3675	2
1070.61990	536.31725	2	40.6427	2
1070.63385	536.32420	2	69.1945	2
1070.65890	536.33670	2	76.1475	2
1071.41685	536.71570	2	39.6536	2
1071.56665	536.79060	2	48.8611	2
1072.08410	537.04935	2	53.8082	4
1072.52865	537.27160	2	47.3053	2
1072.57435	537.29445	2	73.5103	2
1072.59620	537.30540	2	38.8051	2
1072.61375	537.31415	2	40.9048	2
1073.49920	537.75690	2	44.5763	2
1073.51785	537.76620	2	54.3569	2
1073.52690	537.77070	2	33.8854	3
1073.58705	537.80080	2	43.6639	2
1073.59110	537.80285	2	59.1541	2
1073.60890	537.81170	2	34.3783	1
1073.60895	537.81175	2	86.4256	2
1073.65970	537.83710	2	63.4301	2
1074.54620	538.28035	2	43.0947	2
1074.55340	538.28400	2	53.3092	2
1074.57160	538.29310	2	59.8290	2
1075.47945	538.74700	2	33.2957	2
1075.53450	538.77450	2	65.8472	2
1075.59195	538.80325	2	70.5539	2
1075.61255	538.81355	2	57.7504	2
1075.62805	538.82130	2	67.5492	2
1076.51375	539.26415	2	49.0800	2
1076.52555	539.27005	2	32.8791	2
1076.56070	539.28765	2	54.1704	2
1076.57280	539.29370	2	42.4734	2
1077.60455	539.80955	2	38.8904	2
1078.50325	540.25890	2	40.5934	2
1081.45620	541.73535	2	40.1224	2
1081.62460	541.81960	2	59.8869	2
1082.53270	542.27365	2	54.7284	2
1082.55555	542.28505	2	81.9630	2
1082.64480	542.32970	2	55.1038	2
1084.48675	543.25065	2	38.1625	2
1084.51965	543.26710	2	73.6645	2
1084.54515	543.27985	2	27.5353	2
1084.57200	543.29330	2	88.8208	3
1084.57235	543.29345	2	93.6838	2
1084.63805	543.32630	2	78.6066	2
1084.66005	543.33730	2	55.6170	2
1085.07595	543.54525	2	45.0512	2
1085.60830	543.81145	2	51.2882	2
1085.61225	543.81340	2	43.1876	2
1085.62350	543.81900	2	74.8217	2
1085.64450	543.82950	2	67.2036	2
1086.06460	544.03960	2	50.0381	4
1086.55530	544.28495	2	47.3486	2
1086.56710	544.29080	2	32.9293	2
1087.55090	544.78275	2	50.8125	2
1087.56255	544.78855	2	41.8099	2
1087.58855	544.80155	2	41.0978	2
1087.59530	544.80490	2	44.6897	1
1087.59950	544.80700	2	57.2743	1
1087.60010	544.80730	2	29.9485	1
1087.61315	544.81385	2	70.1650	2
1088.45495	545.23475	2	36.3254	2
1088.49620	545.25535	2	60.0198	2
1088.50425	545.25940	2	30.9842	2
1088.55455	545.28455	2	70.7826	2
1088.57170	545.29310	2	31.9805	2
1088.60845	545.31150	2	34.8200	2
1089.53195	545.77325	2	41.2879	2
1089.55690	545.78575	2	33.5258	2
1089.60235	545.80845	2	44.1831	2
1090.46780	546.24115	2	37.1692	2
1090.60245	546.30850	2	58.8387	2
1091.51705	546.76580	2	55.3430	2
1092.53945	547.27700	2	54.9906	2
1092.58160	547.29805	2	53.7473	2
1093.54055	547.77755	2	57.8139	2
1093.54200	547.77830	2	43.5119	1
1094.55245	548.28350	2	67.8387	2
1094.55540	548.28500	2	77.3564	2
1094.56070	548.28760	2	32.3545	2
1094.56580	548.29020	2	47.3203	2
1094.57200	548.29330	2	35.8083	5
1094.59770	548.30610	2	57.4238	2
1095.46600	548.74030	2	52.6419	2
1095.55395	548.78425	2	54.1170	2
1095.56340	548.78900	2	69.1720	2
1095.56830	548.79140	2	30.7373	2
1095.58000	548.79730	2	55.4518	1
1096.51895	549.26675	2	47.8457	2
1096.56230	549.28845	2	41.4994	2
1097.60880	549.81165	2	56.3116	2
1098.53580	550.27520	2	44.4235	2
1098.57850	550.29655	2	35.1315	2
1098.58235	550.29845	2	49.7863	2
1099.49410	550.75435	2	59.9490	2
1099.56305	550.78880	2	41.3510	2
1100.46030	551.23745	2	65.9881	2
1100.55810	551.28630	2	32.8094	2
1100.57095	551.29275	2	70.9738	2
1101.55545	551.78500	2	70.1934	2
1101.60465	551.80960	2	37.0849	2
1101.65105	551.83280	2	52.6995	2
1102.56805	552.29130	2	33.5921	2
1102.57665	552.29560	2	63.9895	2
1102.58625	552.30040	2	35.5104	2
1103.56135	552.78795	2	38.8240	2
1103.58235	552.79845	2	50.0923	2
1103.63785	552.82620	2	84.1584	2
1104.45270	553.23365	2	30.1425	2
1104.47570	553.24515	2	34.1317	4
1104.50915	553.26185	2	52.4904	2
1104.52340	553.26900	2	38.6931	2
1104.53090	553.27270	2	43.7629	1
1104.54660	553.28060	2	43.4645	3
1104.54720	553.28090	2	45.9429	2
1104.56370	553.28915	2	47.9607	2
1104.56625	553.29040	2	32.5884	2
1104.59245	553.30350	2	59.6541	2
1104.61850	553.31650	2	82.0248	1
1104.62565	553.32010	2	87.2437	2
1105.57545	553.79500	2	64.5954	2
1106.54000	554.27725	2	47.0085	2
1106.58680	554.30065	2	82.4630	2
1106.59730	554.30590	2	50.9235	1
1106.60890	554.31170	2	81.8034	2
1107.53855	554.77655	2	60.9564	2
1107.54450	554.77955	2	53.9925	2
1107.54925	554.78190	2	65.4648	2
1107.55695	554.78575	2	36.4085	2
1107.57775	554.79615	2	90.0399	12
1107.59215	554.80335	2	43.9541	2
1108.42870	555.22160	2	35.8804	3
1108.51750	555.26600	2	31.1166	2
1108.57020	555.29240	2	47.8668	1
1108.57175	555.29315	2	77.8122	2
1109.50390	555.75920	2	74.8422	1
1109.53360	555.77410	2	78.3849	2
1109.54075	555.77765	2	46.5987	2
1109.54865	555.78160	2	89.6743	2
1109.58690	555.80075	2	58.2259	2
1109.61225	555.81340	2	70.8411	2
1109.68055	555.84755	2	78.3030	2
1110.52125	556.26790	2	59.9542	2
1110.59055	556.30255	2	82.8089	2
1110.60950	556.31200	2	76.5757	1
1110.66515	556.33985	2	73.9368	2
1111.56540	556.78995	2	33.0197	2
1114.55575	558.28515	2	77.6625	2
1114.56160	558.28810	2	45.4647	3
1114.56225	558.28840	2	38.7444	2
1114.56675	558.29065	2	64.1930	2
1114.62400	558.31925	2	61.7436	2
1114.63440	558.32450	2	52.6646	1
1115.51400	558.76430	2	46.5656	2
1115.54450	558.77955	2	45.2759	2
1115.55755	558.78605	2	33.9220	2
1115.57925	558.79690	2	41.2341	2
1115.60105	558.80780	2	55.7325	2
1116.03415	559.02435	2	32.6375	2
1116.50120	559.25790	2	43.1420	1
1116.53860	559.27660	2	32.9299	1
1116.56575	559.29015	2	53.9606	2
1116.58290	559.29870	2	72.1449	2
1116.60385	559.30920	2	30.8837	2
1116.61330	559.31395	2	34.3212	2
1116.65420	559.33440	2	82.6887	2
1117.52595	559.77025	2	38.5443	2
1117.54445	559.77950	2	41.6878	2
1117.56285	559.78870	2	50.4764	2
1117.58450	559.79950	2	74.1784	1
1117.60570	559.81010	2	70.5180	2
1118.01730	560.01590	2	45.6769	4
1118.48370	560.24910	2	32.0721	2
1118.54885	560.28170	2	75.7142	2
1118.63385	560.32420	2	56.7617	2
1119.54200	560.77830	2	68.8903	2
1119.57130	560.79290	2	50.7122	1
1119.58320	560.79890	2	62.2089	2
1119.59505	560.80480	2	66.9861	2
1119.66995	560.84225	2	82.2254	2
1120.05920	561.03685	2	57.2376	4
1120.57565	561.29510	2	60.0091	2
1121.53680	561.77570	2	68.2590	2
1121.54800	561.78125	2	42.3686	2
1121.60975	561.81215	2	46.9271	2
1122.51195	562.26325	2	59.2468	2
1123.47815	562.74635	2	45.5783	2
1123.57030	562.79245	2	57.0907	2
1123.58155	562.79805	2	53.3636	2
1124.42160	563.21810	2	30.9396	1
1124.59060	563.30255	2	61.6316	2
1124.61965	563.31710	2	68.9219	2
1124.63240	563.32350	2	36.9393	5
1124.68065	563.34760	2	79.9514	2
1125.51110	563.76285	2	34.0841	2
1125.53750	563.77600	2	48.4921	1
1125.57135	563.79295	2	42.4691	2
1125.63970	563.82715	2	60.6090	2
1126.49640	564.25550	2	54.0505	2
1126.53330	564.27390	2	60.0667	1
1126.59775	564.30615	2	51.0228	2
1127.47410	564.74430	2	68.6113	2
1127.56505	564.78980	2	41.8557	2
1127.61290	564.81375	2	61.7435	2
1127.65480	564.83470	2	52.2011	3
1127.65500	564.83480	2	58.7986	1
1127.65720	564.83590	2	87.6204	5
1128.54500	565.27980	2	56.9582	1
1128.56680	565.29065	2	41.2054	2
1128.57835	565.29645	2	42.1541	2
1128.59080	565.30270	2	31.2613	2
1128.63885	565.32670	2	59.3987	2
1129.58005	565.79730	2	55.3959	2
1129.63450	565.82455	2	34.2324	2
1129.63495	565.82475	2	39.0920	2
1129.67145	565.84300	2	69.7047	2
1130.55760	566.28610	2	46.7082	2
1130.58200	566.29830	2	63.8838	1
1131.57800	566.79630	2	33.4344	2
1131.62965	566.82210	2	70.0833	2
1131.65420	566.83440	2	81.3390	2
1132.53660	567.27560	2	31.6628	2
1132.55505	567.28480	2	56.6431	2
1132.58870	567.30165	2	61.5414	2
1133.55350	567.78400	2	68.7712	2
1133.57165	567.79310	2	55.7286	2
1133.57185	567.79320	2	72.0096	2
1133.57425	567.79440	2	65.7770	2
1133.60880	567.81170	2	61.9816	2
1133.64490	567.82970	2	67.7615	1
1134.53370	568.27415	2	43.1978	2
1134.55080	568.28270	2	34.2855	1
1134.57930	568.29690	2	45.7112	3
1134.59270	568.30360	2	47.2296	1
1135.59950	568.80700	2	46.6547	2
1136.53605	569.27530	2	52.9398	2
1136.57185	569.29320	2	57.5087	2
1136.57185	569.29320	2	60.5248	2
1137.56455	569.78955	2	82.2738	2
1137.57850	569.79655	2	54.9307	2
1138.56585	570.29020	2	61.9765	2
1138.58725	570.30090	2	33.7680	2
1139.54595	570.78025	2	54.1369	2
1139.56190	570.78820	2	66.1547	3
1139.63010	570.82235	2	38.8559	2
1139.65525	570.83490	2	61.2296	2
1140.52340	571.26900	2	32.3743	2
1141.55645	571.78550	2	71.4006	2
1141.56855	571.79155	2	62.3220	2
1141.59860	571.80660	2	31.5537	2
1141.60950	571.81200	2	59.0900	2
1141.64320	571.82890	2	82.0855	1
1142.03200	572.02330	2	64.5758	4
1142.48805	572.25130	2	44.5858	2
1142.55750	572.28600	2	51.2931	2
1142.55750	572.28605	2	90.0814	2
1142.61680	572.31565	2	54.5088	2
1142.63030	572.32245	2	33.0212	2
1143.50745	572.76100	2	55.4875	2
1143.57170	572.79315	2	65.1541	2
1143.58865	572.80160	2	33.6099	2
1143.69115	572.85285	2	86.4364	2
1144.58815	573.30135	2	49.0871	2
1144.59705	573.30580	2	59.7820	2
1144.60855	573.31155	2	37.3141	2
1144.63560	573.32510	2	56.9889	2
1145.08380	573.54920	2	57.1971	4
1145.57465	573.79460	2	46.4552	2
1145.63020	573.82240	2	35.8751	1
1145.67105	573.84280	2	70.3494	2
1146.57675	574.29565	2	44.9952	2
1146.58520	574.29990	2	72.2375	2
1146.61230	574.31340	2	52.4334	2
1147.55090	574.78270	2	61.8642	2
1147.55340	574.78395	2	48.3743	2
1147.55565	574.78510	2	42.7387	2
1147.57930	574.79690	2	64.7448	2
1147.58815	574.80135	2	54.4180	2
1147.63970	574.82710	2	87.4922	2
1148.51330	575.26390	2	33.3908	1
1148.54700	575.28080	2	52.6950	2
1148.56975	575.29215	2	79.7000	2
1148.60835	575.31145	2	62.1695	2
1148.60920	575.31185	2	57.8828	2
1149.56680	575.79065	2	57.4483	2
1149.56770	575.79110	2	67.6406	2
1150.05640	576.03545	2	58.6633	4
1150.53960	576.27710	2	32.9605	1
1150.58765	576.30110	2	54.9836	2
1150.58780	576.30115	2	47.7693	2
1150.62410	576.31930	2	59.9318	1
1151.49210	576.75335	2	51.7147	2
1151.65065	576.83260	2	68.5206	2
1151.72795	576.87125	2	75.5733	2
1152.52860	577.27160	2	29.8289	2
1152.53035	577.27245	2	53.4526	2
1152.53760	577.27610	2	91.4412	1
1152.54870	577.28165	2	60.4328	2
1152.55235	577.28345	2	36.2500	2
1152.58605	577.30030	2	58.0827	2
1153.51830	577.76640	2	66.5313	1
1153.65270	577.83360	2	84.4265	1
1154.57225	578.29340	2	63.1391	2
1154.62000	578.31725	2	59.0979	2
1154.63035	578.32245	2	44.3893	2
1155.56240	578.78845	2	34.0187	2
1155.58240	578.79845	2	87.9161	2
1155.61470	578.81465	2	51.0150	2
1155.62640	578.82045	2	51.9176	2
1155.65010	578.83235	2	48.7126	2
1156.51790	579.26625	2	55.5892	2
1156.51925	579.26690	2	44.3253	2
1156.59290	579.30370	2	85.0793	2
1156.60335	579.30895	2	66.5757	2
1157.56350	579.78905	2	49.1437	2
1157.57665	579.79560	2	75.2726	2
1157.59315	579.80385	2	58.3706	2
1157.59350	579.80400	2	52.2769	2
1157.63150	579.82300	2	53.1205	2
1158.59890	580.30670	2	40.8366	1
1158.59950	580.30700	2	41.6144	2
1158.62420	580.31940	2	47.2313	2
1159.57200	580.79325	2	64.2944	2
1159.57400	580.79425	2	33.5179	2
1159.58460	580.79960	2	45.1210	2
1159.59555	580.80505	2	40.6690	2
1159.61980	580.81720	2	39.5232	2
1159.63935	580.82695	2	79.8809	2
1160.56465	581.28960	2	36.7558	2
1160.58505	581.29980	2	66.7487	2
1160.58585	581.30020	2	49.3197	2
1160.59200	581.30330	2	73.0201	2
1160.59730	581.30590	2	54.2243	2
1160.60740	581.31100	2	61.7094	1
1160.61505	581.31480	2	35.9478	2
1161.59950	581.80705	2	45.4451	2
1161.59980	581.80720	2	53.5599	2
1161.60695	581.81075	2	72.8559	2
1161.61545	581.81500	2	53.2789	2
1161.64670	581.83060	2	97.0831	1
1162.59240	582.30350	2	63.3055	1
1162.59875	582.30665	2	71.6903	2
1163.56580	582.79020	2	34.0684	1
1163.57680	582.79565	2	65.5853	2
1163.58170	582.79815	2	58.6685	2
1163.60835	582.81145	2	67.3212	2
1164.57000	583.29230	2	31.4167	2
1164.60340	583.30900	2	60.6670	1
1164.60375	583.30915	2	54.9266	2
1164.72310	583.36885	2	70.4076	2
1165.45990	583.73725	2	34.4837	2
1165.57525	583.79490	2	91.1215	6
1165.59740	583.80600	2	46.3503	1
1165.63405	583.82430	2	64.4921	2
1166.54500	584.27980	2	46.4264	2
1167.59300	584.80375	2	75.9952	2
1167.61835	584.81645	2	84.6540	2
1168.63245	585.32350	2	77.9674	2
1168.64600	585.33030	2	49.2617	3
1168.68195	585.34825	2	69.7299	2
1168.68285	585.34870	2	58.4680	2
1168.74430	585.37945	2	79.3559	2
1169.57170	585.79310	2	54.2905	2
1170.57725	586.29590	2	45.8302	2
1170.62500	586.31980	2	46.9200	2
1170.66020	586.33735	2	66.7772	2
1170.66035	586.33745	2	70.4569	2
1171.57555	586.79505	2	65.3045	2
1171.62010	586.81730	2	35.1694	1
1171.62065	586.81760	2	50.0590	2
1171.62380	586.81915	2	56.1634	2
1171.70115	586.85785	2	54.8841	2
1172.59730	587.30595	2	65.7534	2
1172.61560	587.31505	2	39.9865	2
1172.62115	587.31785	2	72.1580	2
1172.62315	587.31885	2	86.7253	6
1172.62910	587.32185	2	73.7472	2
1172.63025	587.32240	2	66.0119	2
1172.63975	587.32715	2	70.9445	2
1173.50200	587.75830	2	60.4989	2
1173.58965	587.80210	2	46.2239	2
1173.61440	587.81450	2	85.1156	1
1174.06650	588.04055	2	33.2405	4
1174.51185	588.26320	2	42.9885	2
1174.54885	588.28170	2	31.6627	2
1174.56025	588.28740	2	54.1091	2
1174.60790	588.31120	2	40.3732	1
1175.53665	588.77560	2	43.8668	2
1175.57320	588.79385	2	60.5885	2
1175.58650	588.80050	2	68.8552	2
1175.61890	588.81670	2	41.1575	2
1175.62960	588.82210	2	79.9050	1
1175.65635	588.83545	2	59.0259	2
1176.57250	589.29350	2	30.7194	1
1176.58070	589.29765	2	52.7888	2
1177.61080	589.81270	2	63.2147	1
1177.63445	589.82450	2	66.1850	2
1177.66050	589.83750	2	84.5122	3
1177.66400	589.83930	2	89.8931	2
1178.51740	590.26595	2	37.6766	2
1178.57020	590.29235	2	28.7343	2
1179.54410	590.77930	2	41.7669	1
1179.61450	590.81450	2	50.5850	1
1180.52235	591.26845	2	62.4489	2
1180.59780	591.30620	2	64.6695	2
1180.70740	591.36095	2	85.3906	2
1181.65170	591.83315	2	54.8211	2
1182.54175	592.27815	2	74.7918	2
1182.60470	592.30965	2	71.2502	2
1182.62715	592.32085	2	72.2812	2
1182.66535	592.33995	2	58.4322	2
1182.68045	592.34750	2	78.4772	2
1183.62150	592.81800	2	50.6161	1
1184.58695	593.30075	2	61.1315	2
1184.60525	593.30990	2	49.9361	2
1184.67550	593.34500	2	57.1620	3
1185.57465	593.79460	2	85.9183	2
1185.57775	593.79615	2	35.6683	2
1185.63985	593.82720	2	79.0726	2
1185.65120	593.83290	2	64.0551	2
1186.54295	594.27875	2	44.8531	2
1186.65760	594.33610	2	46.6469	2
1187.58950	594.80200	2	49.3119	2
1187.59580	594.80520	2	65.3086	2
1187.62225	594.81840	2	77.1947	2
1187.70285	594.85870	2	87.7161	2
1187.70290	594.85875	2	80.3194	2
1188.58965	595.30210	2	41.6352	2
1188.59880	595.30670	2	38.0038	1
1188.59935	595.30695	2	45.6089	2
1188.61665	595.31560	2	50.2079	2
1188.67440	595.34450	2	60.8777	2
1189.54080	595.77765	2	78.4517	2
1189.63735	595.82595	2	52.0301	2
1189.64520	595.82985	2	69.7931	2
1189.67190	595.84325	2	74.1175	2
1190.53920	596.27690	2	54.3208	1
1190.56090	596.28770	2	55.1591	2
1190.58840	596.30150	2	33.2380	1
1190.60070	596.30760	2	64.2064	2
1191.61380	596.81415	2	57.6892	2
1191.66595	596.84025	2	82.0565	2
1192.52815	597.27135	2	45.9811	2
1192.57590	597.29520	2	42.8848	1
1192.61670	597.31565	2	66.3343	2
1192.66205	597.33830	2	86.6860	2
1193.61590	597.81525	2	37.7300	2
1193.63405	597.82430	2	67.6459	2
1193.66875	597.84165	2	89.6948	2
1194.51315	598.26385	2	30.2957	2
1194.61455	598.31455	2	67.1532	2
1195.60975	598.81215	2	60.3350	2
1196.55000	599.28230	2	44.7243	2
1196.57255	599.29355	2	34.4476	2
1196.64990	599.33220	2	48.5637	2
1197.54580	599.78015	2	77.7541	2
1197.56970	599.79215	2	52.2134	2
1197.57590	400.19920	3	34.7108	1
1197.62510	599.81980	2	59.7795	2
1197.66430	599.83945	2	74.1317	2
1197.69810	599.85635	2	75.0561	2
1198.61920	400.54700	3	52.0039	2
1198.65515	400.55895	3	39.8606	2
1198.65655	600.33555	2	39.9293	2
1199.54655	600.78055	2	54.7542	2
1199.71240	600.86350	2	78.1994	2
1200.61970	401.21385	3	41.3218	2
1200.62260	601.31860	2	58.9387	2
1200.62540	601.31995	2	41.3033	2
1200.64555	601.33005	2	52.0305	2
1200.65125	601.33290	2	79.4502	2
1201.09125	601.55290	2	42.0973	4
1201.59820	601.80635	2	65.9007	2
1201.61955	601.81705	2	74.6715	2
1201.62925	401.55035	3	35.2296	2
1201.63050	601.82250	2	35.7979	2
1201.66740	601.84100	2	46.1150	2
1202.58910	602.30185	2	39.4921	2
1202.60500	401.87560	3	48.0329	1
1202.60545	602.31000	2	48.0764	2
1202.64050	401.88745	3	38.3788	2
1202.64315	602.32885	2	38.3210	2
1202.65070	602.33265	2	64.7472	2
1203.59845	602.80650	2	40.7373	2
1203.61465	602.81460	2	91.0176	6
1203.67210	602.84330	2	51.5364	2
1204.48245	603.24850	2	41.5288	2
1204.58375	603.29915	2	52.5277	2
1204.60290	603.30870	2	56.6668	1
1204.61000	603.31230	2	56.9833	1
1204.61045	603.31250	2	92.4323	2
1204.61355	603.31405	2	79.7853	2
1204.65710	402.55960	3	47.5515	2
1204.65775	603.33615	2	47.5619	2
1205.56470	402.86220	3	59.3835	1
1205.62975	603.82215	2	56.3919	2
1205.64025	603.82740	2	54.3568	2
1205.71255	402.91145	3	64.9679	2
1205.71380	603.86415	2	65.0308	2
1206.59625	604.30540	2	60.8250	2
1206.60695	604.31075	2	72.5819	2
1206.62470	604.31960	2	64.2762	2
1207.57170	604.79310	2	43.1523	1
1207.57315	604.79385	2	62.4610	2
1207.57575	403.53255	3	37.2924	2
1207.61940	604.81700	2	55.2127	2
1207.62465	604.81960	2	72.3023	2
1207.66460	604.83960	2	88.1269	1
1207.67310	604.84380	2	84.1985	1
1207.76650	604.89055	2	80.6423	2
1208.52310	605.26885	2	38.4596	2
1208.59415	605.30435	2	82.5027	2
1208.60445	605.30950	2	68.1462	2
1208.63890	403.88690	3	52.1505	1
1208.67130	605.34290	2	90.8023	1
1209.58880	605.80165	2	47.6242	2
1210.56190	606.28820	2	46.1875	1
1210.59910	606.30685	2	79.9653	4
1210.61440	404.54540	3	62.7484	1
1210.63060	404.55080	3	37.1388	2
1210.74030	606.37745	2	70.5854	2
1211.59750	606.80600	2	62.1261	1
1211.61945	606.81700	2	77.8398	2
1211.62635	404.88270	3	34.6015	2
1211.62780	606.82120	2	34.6641	2
1211.65150	606.83300	2	48.1661	2
1211.65170	404.89115	3	48.1322	2
1212.56470	405.19550	3	27.0726	1
1213.64580	405.55590	3	53.6245	1
1213.66670	607.84060	2	47.8746	2
1213.67180	405.56450	3	81.6089	1
1213.67270	607.84360	2	81.6393	1
1214.59660	608.30560	2	63.3916	1
1214.70240	608.35850	2	62.9544	1
1215.59860	608.80660	2	50.0523	2
1215.64660	608.83055	2	60.1246	2
1215.65175	608.83315	2	82.5932	2
1215.68215	406.23465	3	33.8307	2
1215.68285	608.84870	2	33.8671	2
1216.57445	609.29450	2	48.6183	2
1216.57615	609.29535	2	38.5651	2
1216.62220	609.31840	2	55.1345	2
1216.65690	609.33575	2	69.6769	2
1216.72525	609.36990	2	85.4987	2
1217.56350	609.78900	2	69.9573	2
1217.60810	609.81135	2	57.6307	2
1217.67755	406.89980	3	68.0915	2
1218.66500	610.33980	2	83.0021	2
1219.61190	610.81325	2	49.3614	2
1219.71770	610.86610	2	86.4146	1
1220.64085	611.32770	2	78.0528	2
1221.13355	611.57405	2	50.0495	4
1221.59765	611.80610	2	58.7794	2
1221.60915	408.21030	3	30.4795	2
1221.61060	611.81255	2	30.5596	2
1221.63540	611.82500	2	56.6142	2
1222.62070	612.31760	2	56.5105	1
1223.54230	612.77845	2	46.1330	2
1223.56620	408.86270	3	35.8237	1
1223.62535	612.81995	2	35.0945	2
1223.65045	408.89075	3	47.4156	2
1223.71420	612.86440	2	87.6471	18
1224.62415	613.31935	2	68.3224	2
1224.62835	409.21675	3	53.9836	2
1224.62860	613.32160	2	53.8976	2
1224.65805	409.22660	3	35.9879	2
1224.65850	613.33655	2	36.2427	2
1224.68390	613.34925	2	42.8047	2
1225.67260	613.84360	2	69.0868	1
1226.69935	614.35695	2	59.1231	2
1226.70720	614.36090	2	81.1682	2
1227.65740	614.83600	2	58.7712	2
1227.66140	614.83800	2	70.0450	2
1227.68105	614.84780	2	64.5716	2
1227.68310	410.23500	3	49.5594	1
1228.16310	615.08880	2	68.8671	4
1228.68770	615.35110	2	63.7046	1
1228.73905	615.37680	2	82.3557	2
1229.55770	615.78610	2	41.0113	2
1229.61140	615.81295	2	78.6759	2
1229.61830	615.81640	2	49.4837	2
1229.62510	615.81980	2	44.7193	1
1229.65030	615.83240	2	65.3544	1
1229.65065	410.89080	3	47.1481	2
1229.65165	615.83310	2	47.2406	2
1229.73790	410.91990	3	58.8926	2
1230.55945	411.19375	3	32.2498	2
1230.58460	616.29955	2	41.1757	2
1230.58485	411.20220	3	41.2413	2
1230.58540	616.30000	2	33.3960	1
1230.58740	411.20305	3	34.3550	2
1230.58900	616.30175	2	59.8416	2
1230.61925	616.31690	2	48.4375	2
1230.64055	616.32755	2	78.7543	2
1230.65735	616.33595	2	40.9303	2
1230.66225	616.33840	2	82.4211	2
1231.58635	616.80045	2	52.1009	2
1231.58725	616.80090	2	35.7333	2
1231.62355	616.81905	2	87.5005	2
1231.62435	616.81945	2	55.0425	2
1231.65735	616.83595	2	60.4883	2
1231.65955	616.83705	2	57.0317	2
1231.69240	411.57140	3	57.9862	2
1232.57095	617.29275	2	33.2433	2
1232.60775	617.31115	2	45.6688	2
1233.60390	412.20855	3	79.8553	2
1233.60775	617.81115	2	50.2132	2
1233.62035	617.81745	2	43.4263	2
1233.66135	617.83795	2	57.2752	2
1234.56930	412.53035	3	40.0155	2
1234.59915	618.30685	2	34.5772	2
1234.65410	618.33430	2	64.1387	2
1235.60720	412.87630	3	39.2400	2
1235.60735	618.81095	2	39.2667	2
1235.64770	618.83110	2	48.8188	3
1235.65160	412.89110	3	48.7440	2
1235.66785	618.84120	2	58.1704	2
1235.66950	412.89710	3	58.1351	2
1235.69780	618.85620	2	52.9911	1
1236.56260	619.28860	2	47.9346	2
1237.63485	413.55220	3	37.1310	2
1237.63560	619.82505	2	37.1991	2
1237.64640	619.83050	2	64.0103	2
1237.74110	619.87780	2	67.7033	2
1239.59260	620.80360	2	58.6054	2
1239.59560	414.20580	3	35.0430	2
1239.61900	620.81680	2	62.3744	1
1239.68320	620.84885	2	75.1459	2
1239.71955	620.86705	2	73.9643	2
1240.16060	621.08760	2	48.3185	4
1240.58770	414.53650	3	35.6122	2
1240.62330	414.54840	3	44.7508	1
1240.70190	621.35825	2	90.6690	2
1241.59310	621.80380	2	71.0450	2
1241.66430	621.83940	2	61.9144	1
1241.67410	621.84430	2	42.8541	1
1241.67630	414.89940	3	68.3065	2
1241.77455	414.93210	3	77.2257	2
1241.77555	621.89505	2	77.2877	2
1242.56500	622.28980	2	57.7165	1
1242.63685	415.21955	3	43.5736	2
1242.63765	622.32610	2	43.5804	2
1242.64530	622.32990	2	54.8356	1
1242.70560	622.36010	2	95.0545	1
1244.54165	623.27810	2	52.2484	2
1244.56700	623.29075	2	46.0798	2
1244.61045	415.87740	3	33.0850	2
1244.63360	623.32410	2	66.0836	2
1244.67255	415.89810	3	36.0181	2
1244.67320	623.34385	2	75.2672	2
1245.62190	416.21460	3	46.8151	2
1245.62190	623.81820	2	46.9015	2
1245.64035	623.82745	2	62.6686	2
1245.65045	623.83250	2	81.4521	2
1245.65930	623.83690	2	42.6816	2
1245.67130	416.23100	3	54.5413	2
1245.67555	623.84505	2	41.7481	2
1246.64900	416.55695	3	66.8136	2
1246.66970	624.34210	2	78.7250	1
1246.69285	624.35370	2	72.1746	2
1247.57675	416.86620	3	28.6320	2
1247.57980	624.79720	2	45.4449	3
1247.60415	624.80935	2	69.5649	2
1248.61940	625.31700	2	57.8086	1
1248.61940	625.31700	2	87.7437	1
1248.67175	625.34315	2	60.7062	2
1249.63155	625.82305	2	57.1422	2
1249.65550	625.83505	2	63.7977	2
1249.65650	625.83550	2	82.5962	2
1250.61430	626.31440	2	67.3860	1
1250.72830	626.37145	2	87.3962	2
1250.76060	626.38755	2	71.9578	2
1251.66155	626.83805	2	74.5537	2
1251.66385	418.22855	3	49.4837	2
1252.73925	627.37690	2	78.8509	2
1252.74975	418.59055	3	65.5535	2
1253.55995	627.78725	2	66.0482	2
1253.63050	418.88410	3	31.5133	2
1253.63150	627.82300	2	31.5768	1
1254.58930	628.30190	2	68.0715	2
1254.60015	628.30735	2	79.9096	2
1254.72940	628.37195	2	69.0353	2
1254.72985	419.25055	3	39.3542	2
1254.73025	628.37240	2	39.4081	2
1254.73325	419.25170	3	51.7491	2
1255.58460	628.79960	2	42.3406	2
1255.62810	628.82130	2	69.6996	2
1255.62930	628.82190	2	92.4778	1
1255.65485	419.55890	3	53.1430	2
1255.66810	628.84135	2	73.5704	2
1255.67895	628.84675	2	50.4470	2
1255.70265	628.85860	2	68.8563	2
1255.71335	419.57840	3	64.9070	2
1256.60610	629.31030	2	58.5330	1
1256.61070	629.31260	2	49.7632	2
1256.61075	629.31265	2	88.9711	2
1256.67370	629.34410	2	55.5634	5
1256.69800	419.90660	3	46.5377	2
1256.69875	629.35665	2	46.5325	2
1256.70250	629.35850	2	96.3782	2
1257.64640	629.83045	2	41.3878	2
1257.64745	420.22305	3	41.4438	2
1258.59825	630.30640	2	80.6896	2
1258.67565	630.34510	2	66.8722	2
1258.68970	630.35210	2	51.8407	3
1258.76430	630.38945	2	86.4977	2
1259.57440	420.86540	3	34.8928	2
1259.63385	630.82420	2	74.8407	2
1259.63470	630.82460	2	57.7634	2
1259.66060	420.89410	3	52.2617	1
1259.66130	630.83790	2	58.3406	2
1259.72460	630.86960	2	76.3887	1
1260.57260	421.19810	3	36.3636	1
1260.57690	631.29570	2	35.0971	2
1260.58860	631.30155	2	41.4889	2
1260.67195	631.34325	2	56.7904	2
1261.57845	631.79650	2	50.3248	2
1261.62230	421.54800	3	39.3247	2
1261.62310	631.81885	2	88.7131	2
1261.67135	421.56440	3	36.7802	2
1261.74265	631.87860	2	94.7787	2
1263.61940	632.81700	2	32.2753	2
1263.61960	422.21380	3	32.2417	2
1263.62920	632.82190	2	56.3010	2
1263.67160	632.84305	2	88.2866	2
1263.68405	632.84930	2	66.3289	2
1264.64840	422.55670	3	60.5221	2
1264.77330	633.39390	2	92.5892	1
1265.68885	633.85170	2	50.9463	2
1265.68920	422.90370	3	51.7826	1
1266.56365	634.28910	2	45.0285	2
1266.60065	634.30760	2	59.5178	2
1266.62080	423.21420	3	36.7184	2
1266.62255	634.31855	2	36.7039	2
1266.62510	634.31985	2	70.1438	2
1267.56600	423.52930	3	34.0420	1
1267.64875	634.83165	2	81.6079	2
1267.66050	634.83750	2	92.3319	1
1267.68940	634.85195	2	48.8714	2
1268.61510	423.87900	3	52.6420	2
1268.66290	635.33870	2	50.1708	2
1268.66355	423.89515	3	50.1100	2
1268.69960	635.35705	2	69.3150	2
1269.62515	635.81985	2	79.9405	2
1269.63590	635.82520	2	63.0114	1
1269.65190	424.22460	3	66.5419	1
1269.65800	635.83630	2	45.8898	2
1269.65830	424.22670	3	45.8959	3
1269.70300	635.85880	2	62.4690	2
1269.72910	635.87180	2	77.6819	2
1270.65340	636.33400	2	42.5065	2
1270.69945	424.57375	3	61.5462	2
1270.70070	636.35760	2	61.6175	1
1270.72805	636.37130	2	91.4755	2
1271.56440	424.86205	3	76.9592	2
1271.61800	636.81630	2	55.1251	1
1271.62230	636.81840	2	59.3009	1
1271.68785	424.90320	3	59.6289	2
1271.69190	636.85320	2	63.7304	1
1271.76055	636.88755	2	81.4848	2
1272.65720	637.33590	2	46.8088	1
1272.69215	637.35335	2	64.1759	2
1273.60160	425.54110	3	28.6054	1
1273.64200	637.82830	2	70.6353	1
1273.65500	637.83480	2	66.1849	1
1273.66880	637.84170	2	64.5589	2
1273.67750	637.84605	2	85.7221	2
1273.72145	637.86800	2	69.7820	2
1274.62960	425.88380	3	44.9648	2
1274.64440	638.32945	2	84.2301	2
1274.65105	638.33280	2	76.4903	2
1274.66330	638.33895	2	67.9586	2
1274.76030	638.38740	2	78.4322	2
1275.54180	638.77820	2	44.2127	2
1275.57255	638.79355	2	60.2839	2
1275.69350	426.23845	3	62.2721	2
1276.58700	639.30080	2	34.6554	1
1276.63360	639.32405	2	76.7728	2
1276.65140	639.33300	2	89.3428	2
1276.66740	639.34100	2	57.8775	2
1276.67335	639.34395	2	85.4879	2
1276.70265	639.35860	2	71.6005	2
1276.70360	639.35905	2	77.9117	2
1277.67290	639.84370	2	68.3269	2
1277.68730	639.85095	2	75.4121	2
1278.12620	640.07040	2	61.9057	4
1278.65050	640.33255	2	84.3613	2
1278.68120	427.23430	3	41.6560	1
1279.62495	640.81975	2	63.1767	2
1279.69655	427.57280	3	53.5194	2
1280.57905	641.29680	2	80.5766	2
1280.59890	641.30670	2	36.2977	1
1280.60030	427.87405	3	36.3325	2
1280.74765	641.38110	2	87.4392	2
1281.55790	641.78625	2	38.6257	2
1281.61060	428.21080	3	35.1508	1
1281.61110	641.81285	2	35.1284	2
1281.70425	428.24200	3	40.4672	2
1282.57620	642.29540	2	71.2434	1
1282.58635	642.30045	2	61.1895	2
1283.58700	428.86960	3	41.3470	1
1283.61610	642.81535	2	70.1386	2
1283.65080	642.83265	2	65.0671	2
1283.65955	642.83705	2	85.0396	2
1283.70700	428.90960	3	43.2422	1
1283.73385	642.87420	2	77.5976	2
1284.61280	429.21150	3	39.1747	1
1284.62585	643.32020	2	90.5491	2
1284.69410	643.35435	2	77.3209	2
1284.70055	643.35755	2	68.5567	2
1284.70360	429.24180	3	41.9162	2
1284.72860	643.37155	2	83.1899	2
1285.66410	643.83935	2	42.4143	2
1285.72450	429.58210	3	45.0690	1
1285.72510	429.58230	3	45.0387	1
1286.64515	429.88900	3	68.2050	2
1286.68400	644.34925	2	84.7603	2
1286.70010	644.35730	2	67.8381	3
1286.78500	644.39975	2	85.7168	2
1287.63120	644.82285	2	84.3050	2
1287.68480	644.84965	2	73.2182	2
1288.59255	645.30355	2	43.7313	2
1288.60600	645.31030	2	63.4474	2
1288.66180	645.33815	2	45.2685	2
1288.68250	645.34850	2	50.7713	2
1288.68530	645.34995	2	66.7328	2
1288.72255	645.36855	2	83.6214	2
1288.74015	645.37735	2	75.2939	2
1289.58905	645.80180	2	35.3976	2
1289.59070	430.87080	3	35.3243	2
1289.62900	645.82180	2	62.3316	3
1289.63035	645.82245	2	88.5836	2
1289.64800	645.83130	2	48.9606	2
1290.65790	646.33625	2	54.4487	2
1290.67260	431.23150	3	68.1608	1
1291.53695	646.77575	2	37.4949	2
1291.57875	646.79665	2	43.9778	2
1291.60560	646.81010	2	50.8424	2
1291.66645	646.84050	2	59.7215	2
1293.62375	647.81915	2	55.1905	2
1294.16290	432.39490	3	61.6196	4
1294.62350	648.31905	2	67.8978	2
1294.73445	648.37450	2	82.4089	2
1294.79685	432.60620	3	67.2426	2
1295.58860	648.80160	2	43.9301	2
1295.72535	648.86995	2	75.6290	2
1295.74570	648.88010	2	64.2759	1
1295.75675	432.92615	3	59.8920	2
1296.68275	649.34865	2	59.3786	2
1296.68310	433.23495	3	59.4260	2
1296.70430	649.35945	2	68.6523	2
1297.23230	649.62345	2	44.7407	4
1297.73010	433.58400	3	43.9026	1
1297.73675	649.87565	2	65.1569	2
1297.76070	433.59415	3	63.1072	2
1298.59260	650.30355	2	37.0239	2
1298.59465	433.87215	3	36.9842	2
1298.60970	433.87715	3	36.8519	2
1298.69425	650.35440	2	47.5223	2
1298.71910	433.91360	3	54.6438	1
1298.74665	650.38060	2	92.1741	2
1299.56945	650.79200	2	35.4602	2
1299.62930	650.82190	2	74.0441	1
1299.67915	650.84685	2	40.3692	2
1299.69375	650.85415	2	79.4448	2
1299.70390	650.85920	2	57.9229	1
1299.71460	650.86460	2	57.5877	1
1300.62365	651.31910	2	85.8515	2
1300.70295	651.35875	2	62.8462	2
1300.71120	651.36290	2	91.7855	1
1300.73865	651.37660	2	75.5108	2
1300.76160	651.38810	2	74.8781	2
1300.77590	651.39520	2	84.8861	2
1301.61020	651.81240	2	41.8544	1
1301.63660	434.88615	3	40.0366	2
1301.63695	651.82575	2	40.0709	2
1302.65960	652.33710	2	66.4841	2
1303.51440	652.76450	2	65.2180	2
1303.60490	652.80970	2	60.3942	1
1303.61960	652.81710	2	47.2056	1
1303.74920	652.88185	2	75.2133	2
1304.61125	653.31290	2	42.1724	2
1304.73510	653.37480	2	78.7319	2
1305.59450	436.20540	3	33.1385	1
1305.61350	653.81400	2	30.9091	1
1305.61680	436.21290	3	30.8420	2
1305.62360	653.81910	2	51.1384	2
1305.63460	436.21880	3	61.4030	2
1305.66040	653.83750	2	68.7696	1
1305.70560	653.86010	2	73.3887	2
1306.58245	436.53475	3	39.8960	2
1306.65220	436.55800	3	39.4130	2
1306.66675	654.34065	2	31.1494	2
1306.67605	654.34530	2	75.6210	2
1307.66110	654.83780	2	61.2947	1
1307.66200	654.83830	2	61.2771	1
1308.65805	655.33630	2	63.0466	2
1308.71985	655.36720	2	86.7501	2
1308.72140	437.24775	3	86.8147	2
1308.74140	655.37800	2	60.0439	2
1308.77720	655.39585	2	72.8346	2
1309.65250	655.83350	2	63.5812	2
1309.66355	437.56180	3	71.7363	2
1310.12265	656.06860	2	68.2581	4
1310.55980	656.28720	2	35.8855	1
1310.65160	437.89110	3	47.7101	1
1310.68100	656.34780	2	80.3877	2
1310.70155	437.90780	3	45.6373	2
1311.57060	656.79260	2	59.5648	2
1311.58400	656.79925	2	50.2662	2
1311.71415	438.24530	3	60.3432	2
1311.71550	656.86500	2	41.3416	1
1311.76595	656.89025	2	84.3432	2
1313.61325	657.81390	2	63.2211	2
1313.69375	438.90520	3	52.3357	2
1313.69375	657.85415	2	52.3713	2
1313.70210	657.85830	2	87.2964	2
1313.71915	438.91365	3	61.9216	2
1313.72065	657.86760	2	84.9407	2
1313.74550	438.92240	3	53.9385	1
1314.59730	439.20635	3	32.6861	2
1314.69560	658.35505	2	48.2007	2
1314.69695	658.35575	2	62.9031	2
1314.70080	439.24085	3	48.2208	2
1315.60490	439.54220	3	45.9052	1
1315.66060	658.83760	2	72.7047	2
1315.68110	658.84780	2	60.1891	2
1315.70010	658.85730	2	73.2331	1
1315.71010	658.86230	2	64.9121	2
1315.77080	439.59755	3	63.1180	2
1316.56455	659.28955	2	55.5504	2
1316.66740	659.34100	2	76.0103	3
1316.67570	439.89915	3	64.4630	2
1316.73395	659.37425	2	68.3887	2
1316.73635	659.37545	2	95.9833	2
1317.60985	440.21055	3	52.8519	2
1317.64190	659.82825	2	42.2573	2
1317.74730	440.25640	3	75.4109	1
1318.66530	660.33990	2	79.0346	1
1318.67100	660.34280	2	79.0029	1
1318.68910	660.35180	2	63.8267	1
1319.63320	660.82390	2	53.6130	2
1319.66365	660.83910	2	54.2056	2
1319.66470	440.89550	3	54.1676	2
1319.69160	660.85310	2	81.6413	2
1320.59975	661.30715	2	72.1201	2
1320.61090	661.31270	2	55.9508	2
1320.62325	661.31890	2	40.5619	2
1320.62340	661.31900	2	70.8882	2
1320.68630	661.35045	2	92.6083	16
1321.61515	661.81485	2	52.0664	2
1321.76475	441.59555	3	80.8454	2
1321.76555	661.89005	2	80.9731	2
1322.66725	662.34090	2	89.0060	2
1322.67135	662.34295	2	64.4320	2
1322.72695	662.37075	2	72.7740	2
1323.71940	442.24710	3	71.4223	2
1324.69120	663.35290	2	78.0879	2
1324.73535	663.37495	2	63.4926	2
1324.78290	442.60155	3	65.3965	2
1325.74910	663.88180	2	83.3165	2
1326.62110	664.31785	2	60.8119	2
1326.68960	443.23715	3	31.2129	2
1326.69025	664.35240	2	31.2208	2
1327.56590	664.79025	2	49.5778	2
1327.65360	443.55850	3	57.3163	1
1328.74495	443.92225	3	42.0878	2
1328.75275	665.38365	2	71.5844	2
1328.75330	443.92505	3	71.4778	2
1329.65400	665.83430	2	59.1984	1
1329.65445	665.83450	2	43.4852	2
1329.69420	444.23865	3	66.0220	2
1329.69445	665.85450	2	77.1090	2
1329.76335	665.88895	2	49.4309	2
1330.71320	666.36385	2	61.8511	2
1330.78225	666.39840	2	85.9508	2
1330.78300	444.60160	3	86.1179	1
1331.67630	666.84545	2	74.6633	2
1331.70895	666.86175	2	63.7489	2
1331.70960	666.86210	2	80.8738	2
1331.72835	666.87145	2	92.3587	2
1331.74575	666.88015	2	82.3338	2
1331.76685	666.89070	2	45.5703	2
1332.62340	445.21510	3	61.4808	1
1332.64680	667.33070	2	47.6614	2
1332.70070	667.35760	2	82.8457	2
1333.59455	667.80455	2	43.3375	2
1334.66265	445.89485	3	46.1887	2
1334.71930	668.36695	2	53.9683	2
1334.71960	445.91380	3	54.0437	2
1334.72380	668.36920	2	76.7306	2
1335.63830	668.82645	2	72.2706	2
1335.64770	668.83110	2	70.2319	2
1336.74700	446.58960	3	43.0288	1
1336.74780	669.38120	2	43.0496	2
1336.80835	669.41145	2	80.0024	2
1337.57130	669.79295	2	38.8903	2
1337.59930	669.80690	2	59.4857	6
1337.66245	669.83850	2	76.6825	2
1337.67250	669.84355	2	73.5788	2
1338.61225	670.31340	2	61.0520	2
1338.66900	670.34180	2	63.3432	2
1338.71505	447.24560	3	47.1534	2
1338.71965	670.36710	2	72.7603	2
1339.65235	670.83345	2	64.8703	2
1339.74615	447.58930	3	55.9114	2
1339.75295	670.88375	2	81.9024	2
1339.77125	447.59770	3	94.3361	2
1339.77220	670.89340	2	96.2353	5
1340.59815	671.30635	2	49.4572	2
1340.72880	671.37170	2	62.3636	1
1341.19840	671.60645	2	45.0143	4
1341.62045	671.81750	2	75.2884	2
1341.70050	448.24075	3	46.2317	2
1341.72625	448.24935	3	43.9761	2
1342.65155	448.55780	3	54.4152	2
1342.65210	448.55800	3	37.5841	2
1342.69335	672.35395	2	70.7187	2
1342.70950	448.57710	3	56.7336	2
1342.71015	672.36235	2	63.0750	2
1342.73750	672.37600	2	85.4244	11
1343.76600	448.92925	3	54.7841	2
1343.76630	672.89045	2	54.7890	2
1344.68100	673.34780	2	53.7694	1
1344.71550	673.36500	2	66.2442	2
1344.72935	449.25040	3	72.4966	2
1344.74165	673.37810	2	83.6072	2
1344.74435	449.25540	3	81.9345	2
1344.74765	449.25650	3	68.1717	2
1344.79515	673.40485	2	96.5250	2
1345.62270	673.81860	2	33.3591	1
1345.62285	449.54825	3	33.3063	2
1346.57865	674.29660	2	39.9596	2
1346.59840	449.87340	3	53.2328	1
1346.67450	674.34455	2	73.3019	2
1346.68350	674.34905	2	78.2464	2
1346.76690	674.39075	2	68.9139	2
1346.76705	449.92960	3	68.8306	2
1347.58085	674.79770	2	53.2683	2
1347.58410	450.20200	3	43.7963	1
1347.66675	674.84065	2	88.5453	2
1347.72270	674.86865	2	84.9866	2
1347.74625	450.25605	3	63.7801	2
1347.74675	674.88065	2	63.8674	2
1347.76480	450.26220	3	83.1983	2
1349.64560	675.83010	2	61.0326	1
1349.68360	675.84910	2	69.7533	2
1349.68655	675.85055	2	61.1398	2
1349.74410	675.87930	2	87.0397	1
1350.60860	676.31160	2	39.8424	1
1350.64290	676.32875	2	76.2318	2
1350.68690	451.23620	3	73.8108	1
1350.71590	676.36520	2	74.0541	2
1351.63820	451.55330	3	34.1050	2
1351.63880	676.82665	2	34.1098	2
1351.64075	676.82765	2	60.8431	2
1351.71130	451.57770	3	50.1143	2
1352.59520	451.87230	3	30.7903	1
1352.63980	677.32720	2	63.6609	1
1352.72835	451.91675	3	55.4306	2
1352.75675	677.38565	2	68.2665	2
1353.72245	677.86850	2	88.2999	2
1353.72620	677.87035	2	65.8626	2
1354.72780	678.37120	2	89.3801	3
1355.71615	678.86535	2	85.5228	2
1355.71660	678.86560	2	87.7052	1
1355.73040	678.87250	2	56.9294	2
1355.77810	678.89635	2	82.2453	2
1355.77820	452.93335	3	59.2546	2
1356.73565	679.37510	2	60.2996	2
1356.74795	453.25655	3	48.4919	2
1356.75020	679.38240	2	48.5037	2
1357.66240	453.56140	3	49.7974	3
1357.66345	679.83900	2	49.8463	2
1357.67080	453.56420	3	30.2357	2
1357.67420	679.84440	2	30.4089	1
1357.74525	453.58900	3	58.6241	2
1357.74655	679.88055	2	58.6575	2
1358.63100	680.32280	2	59.9474	1
1358.65820	680.33635	2	88.8762	2
1358.66245	680.33850	2	57.1704	2
1358.66850	680.34150	2	45.7853	2
1358.66930	453.89705	3	45.6924	2
1358.67925	680.34690	2	38.6385	2
1358.67970	453.90050	3	38.6082	1
1358.74160	680.37805	2	82.9386	2
1358.75460	680.38460	2	92.5946	2
1359.68255	680.84855	2	67.3338	2
1359.68815	454.23665	3	38.3423	2
1359.83460	454.28550	3	57.2362	1
1360.58645	454.53605	3	33.7372	2
1360.69945	681.35700	2	75.7477	2
1361.66770	681.84110	2	40.3078	2
1361.67270	681.84360	2	67.0556	2
1361.71970	681.86715	2	68.9860	2
1361.72375	681.86915	2	71.7230	2
1362.58940	682.30195	2	48.5843	2
1362.71320	682.36390	2	87.8434	2
1362.71490	682.36475	2	58.4316	2
1362.71615	682.36535	2	72.3456	2
1362.72240	682.36845	2	83.5600	2
1363.66050	682.83750	2	63.1627	2
1363.68500	682.84980	2	73.1462	1
1363.69075	455.57085	3	45.0889	2
1363.69240	682.85350	2	45.2129	2
1364.59250	683.30355	2	51.4191	2
1364.59330	455.87170	3	51.3630	1
1364.63895	683.32675	2	64.6308	2
1364.66865	683.34160	2	44.9389	2
1364.68430	683.34940	2	61.5954	2
1364.71850	683.36650	2	65.0045	2
1364.73505	683.37480	2	69.5277	2
1365.55960	456.19380	3	42.1200	2
1365.66700	683.84080	2	84.5368	2
1365.67805	683.84630	2	56.1808	2
1365.67835	456.23335	3	56.1502	2
1366.73380	456.58520	3	36.4129	1
1366.75770	684.38610	2	36.5987	1
1366.75840	456.59340	3	36.5122	2
1367.65370	456.89185	3	51.6004	2
1367.67270	456.89820	3	50.3897	2
1367.68760	456.90315	3	51.8864	2
1367.68910	684.85185	2	51.9785	2
1367.71240	684.86350	2	71.8572	2
1367.76795	684.89125	2	83.4107	2
1367.77750	684.89605	2	75.3262	2
1368.03795	685.02625	2	33.1819	4
1368.64765	457.22315	3	67.7683	2
1368.75125	685.38290	2	74.8860	2
1368.79790	457.27325	3	64.1706	2
1369.67405	457.56525	3	52.3664	2
1369.79350	457.60510	3	54.9489	3
1369.79425	685.90440	2	54.9834	2
1370.72305	686.36880	2	79.2970	2
1370.81990	686.41725	2	94.6388	2
1371.68380	686.84920	2	73.6315	2
1371.71090	686.86270	2	91.2894	1
1371.73495	458.25225	3	49.6683	2
1371.74390	458.25520	3	55.2075	1
1372.68440	687.34950	2	66.3609	2
1372.71700	458.57960	3	54.7183	2
1373.69020	687.85235	2	37.8927	2
1373.74045	687.87750	2	70.9095	2
1373.75245	687.88350	2	57.2766	2
1374.68875	459.23685	3	47.7725	2
1374.68875	688.35165	2	47.8110	2
1374.71145	688.36300	2	73.5428	2
1374.76220	688.38840	2	77.9337	2
1374.76225	459.26135	3	77.8710	2
1374.78870	688.40160	2	84.1687	2
1375.71410	459.57865	3	76.3370	2
1376.70960	689.36210	2	89.4643	2
1376.71350	689.36400	2	83.2796	1
1376.71805	689.36630	2	65.2752	2
1376.72995	459.91725	3	49.9589	2
1376.85060	459.95750	3	66.5488	2
1377.67270	689.84360	2	83.0050	2
1377.67800	689.84630	2	75.6809	2
1377.68560	689.85005	2	32.6116	2
1377.68895	460.23695	3	32.5719	2
1377.69220	460.23800	3	88.2263	2
1377.69715	689.85585	2	88.9714	4
1378.23510	690.12485	2	84.5681	4
1378.69805	690.35630	2	60.0706	2
1378.75440	690.38445	2	94.3783	2
1379.68745	460.90310	3	39.3928	2
1379.76570	460.92915	3	72.8316	2
1379.76760	690.89110	2	72.8501	2
1379.77170	690.89315	2	80.0678	2
1380.79860	691.40660	2	76.7049	2
1381.67410	691.84430	2	66.3555	1
1381.74550	691.88000	2	73.7361	1
1382.65385	692.33420	2	76.5458	2
1382.75940	692.38695	2	77.5695	2
1382.84545	692.43000	2	78.0034	2
1382.84900	461.95695	3	77.9673	2
1383.54050	692.77750	2	25.8815	3
1383.67850	462.23340	3	42.9886	2
1384.61890	693.31670	2	52.1322	2
1384.64220	462.55470	3	55.5123	1
1384.66320	693.33890	2	56.2148	2
1384.66910	693.34180	2	83.4408	1
1384.73430	462.58540	3	64.2493	1
1384.74950	693.38205	2	83.5655	2
1385.73425	693.87440	2	75.2023	2
1385.75215	693.88335	2	62.3793	2
1387.55975	694.78715	2	61.8331	2
1387.63200	694.82330	2	75.1241	2
1387.68765	694.85110	2	82.2790	2
1387.69305	694.85380	2	56.9348	2
1387.69410	694.85430	2	70.6718	1
1387.72735	463.58305	3	83.6265	2
1387.72840	694.87150	2	83.6867	2
1388.55575	695.28515	2	55.4944	2
1388.70465	695.35960	2	52.4362	2
1389.73360	695.87410	2	87.3638	2
1389.75420	695.88440	2	88.5110	1
1390.65090	464.55755	3	37.5816	2
1390.65320	696.33390	2	37.5411	1
1390.70990	464.57725	3	35.1918	2
1390.75765	464.59315	3	67.7147	2
1391.56210	464.86130	3	34.6968	2
1391.69410	464.90530	3	60.5530	2
1391.69520	696.85490	2	60.4710	3
1391.70505	696.85980	2	52.9962	2
1392.61670	465.21280	3	59.3029	2
1392.66835	697.34145	2	63.2852	2
1392.87255	697.44355	2	83.7527	2
1393.64250	697.82850	2	68.4293	2
1393.65105	697.83280	2	71.0112	2
1393.67790	697.84625	2	70.4639	2
1393.69165	697.85310	2	82.1211	2
1393.70285	465.57490	3	55.8272	2
1393.70365	697.85910	2	77.2568	2
1394.75450	698.38450	2	86.9432	1
1395.65260	698.83360	2	58.3757	2
1395.71070	466.24420	3	39.7972	2
1395.71200	698.86325	2	39.7736	2
1396.68005	699.34730	2	77.0436	2
1396.80490	699.40975	2	66.4866	2
1397.60340	466.87505	3	46.5017	2
1397.60610	699.81030	2	46.5311	1
1397.71670	699.86560	2	51.5164	2
1397.78780	466.93650	3	65.5060	1
1397.79630	699.90545	2	79.3896	2
1398.62685	700.32070	2	52.5196	2
1398.70560	700.36010	2	89.8304	2
1398.73730	467.25300	3	50.8691	2
1398.77195	700.39325	2	64.0181	2
1399.69435	700.85445	2	54.6021	2
1399.69935	467.57375	3	48.2922	2
1401.57175	701.79315	2	42.3684	2
1401.71105	701.86280	2	41.9795	2
1401.71170	468.24450	3	41.9109	2
1401.76290	701.88875	2	80.4411	2
1402.75070	702.38260	2	76.8303	2
1403.63895	702.82675	2	60.7908	2
1403.73990	468.92055	3	40.4163	2
1403.74165	702.87810	2	40.4740	2
1403.74210	702.87830	2	69.2539	2
1404.72230	469.24800	3	51.2546	1
1404.79840	703.40650	2	67.9745	2
1405.65175	703.83315	2	56.2524	2
1406.66260	469.89480	3	51.7784	2
1406.71570	704.36515	2	74.5671	2
1407.72440	470.24875	3	49.7266	2
1407.78380	470.26855	3	66.1799	2
1407.78390	470.26860	3	60.1982	3
1408.64970	705.33210	2	77.4110	2
1408.66210	705.33830	2	70.4147	3
1408.66950	705.34205	2	38.9721	2
1409.68690	705.85075	2	68.5281	2
1409.74070	470.92080	3	49.0281	2
1410.70030	706.35745	2	55.7982	2
1410.72500	471.24895	3	50.4120	2
1410.72570	706.37010	2	50.4963	1
1410.77210	471.26465	3	57.5090	2
1411.67390	706.84425	2	72.4016	2
1411.71645	471.57945	3	69.9971	2
1411.82850	471.61675	3	72.7739	2
1411.83010	706.92235	2	72.6967	2
1412.15135	707.08295	2	48.7949	4
1412.64505	707.32980	2	89.0059	2
1412.77530	707.39495	2	51.0755	2
1412.81280	707.41370	2	82.7880	2
1412.82445	471.94875	3	75.0946	2
1412.83900	707.42675	2	66.7273	2
1412.83950	471.95375	3	66.6588	2
1413.67460	707.84460	2	37.1990	2
1413.76550	707.89005	2	61.5111	2
1414.72200	708.36830	2	60.7025	1
1414.73055	472.58410	3	47.2331	2
1414.73115	708.37285	2	47.2945	2
1414.73265	708.37360	2	81.5849	2
1415.65070	708.83265	2	92.4963	2
1415.67760	472.89980	3	43.7914	1
1415.69070	708.85260	2	57.9294	2
1415.72550	708.87000	2	45.7903	2
1415.76255	472.92810	3	39.9596	2
1415.76715	708.89085	2	61.1729	2
1416.72440	473.24870	3	65.5164	1
1416.72510	709.36980	2	64.7811	2
1416.72830	709.37140	2	92.1718	7
1416.77950	473.26710	3	58.9491	2
1417.66605	709.84030	2	68.2720	2
1417.66910	709.84185	2	55.5834	2
1417.68040	473.56740	3	46.5864	2
1417.70855	709.86155	2	74.1794	2
1418.69930	473.90700	3	42.6606	1
1418.70845	710.36150	2	58.1678	2
1418.70880	710.36170	2	80.3591	2
1419.66370	710.83915	2	57.4729	2
1419.70020	710.85735	2	51.3214	2
1419.75750	474.25980	3	51.5366	2
1419.81350	710.91405	2	81.0066	2
1420.19080	474.40420	3	51.8326	4
1420.65135	711.33295	2	46.6421	6
1421.80280	474.94155	3	63.5599	2
1422.59420	475.20530	3	36.4222	2
1422.59510	712.30480	2	36.5372	2
1422.67400	475.23195	3	40.3901	2
1422.68700	712.35080	2	65.6140	2
1422.75175	712.38315	2	78.6064	2
1423.66990	712.84225	2	82.1608	2
1424.66195	713.33825	2	68.2047	2
1424.72030	713.36745	2	66.9237	2
1424.81415	475.94530	3	91.1774	2
1425.67170	713.84310	2	73.6546	2
1425.80875	713.91165	2	73.8397	2
1425.81980	476.28055	3	62.3259	2
1425.82000	713.91730	2	62.4054	1
1426.78955	476.60375	3	42.8356	2
1427.64280	714.82870	2	46.1408	2
1427.72525	476.91570	3	53.0350	2
1427.72615	714.87035	2	52.8743	2
1427.79980	714.90720	2	82.6570	2
1428.71170	477.24450	3	45.8172	2
1428.78170	477.26780	3	76.6459	2
1429.75130	715.88295	2	63.7718	2
1429.75635	715.88545	2	60.1577	2
1429.76100	715.88775	2	51.8995	2
1429.79965	715.90710	2	97.2612	2
1430.24815	477.75665	3	60.6868	4
1430.72925	716.37190	2	88.4066	2
1430.73695	477.91955	3	50.7533	2
1430.76370	716.38910	2	90.7968	1
1430.77785	716.39620	2	85.9562	2
1431.78680	478.26955	3	65.4905	2
1431.79985	716.90720	2	79.7510	2
1432.71420	478.57870	3	44.8256	2
1432.71625	717.36540	2	44.9620	2
1434.74830	718.38145	2	73.6259	2
1435.66260	718.83860	2	38.1137	2
1435.76750	718.89105	2	63.1070	2
1436.69330	479.90505	3	55.7606	2
1436.69580	719.35520	2	55.8189	2
1436.70345	719.35900	2	68.4838	2
1436.76340	479.92840	3	51.8679	2
1436.78755	479.93645	3	62.3305	2
1437.69270	719.85360	2	63.7740	2
1438.58690	480.53620	3	29.5911	1
1438.77320	720.39390	2	81.4312	2
1439.64600	720.83030	2	48.1394	2
1439.79950	720.90705	2	72.9320	2
1440.81980	721.41720	2	79.4172	2
1441.63205	721.82330	2	76.9536	2
1441.83230	721.92340	2	86.0813	2
1442.64940	722.33200	2	83.9217	2
1442.66920	722.34185	2	51.6522	2
1442.68800	722.35125	2	79.9404	2
1442.72880	481.91685	3	49.7632	2
1443.67425	722.84440	2	43.4932	2
1443.80950	722.91205	2	73.8785	2
1443.84580	722.93015	2	79.5624	2
1444.66910	723.34185	2	56.3737	2
1444.67890	723.34675	2	84.8779	2
1444.73240	482.58470	3	50.7016	1
1444.74145	723.37800	2	70.7074	2
1444.77065	482.59750	3	60.7652	2
1444.81170	723.41310	2	87.6546	2
1447.20285	724.60870	2	63.7212	4
1447.73310	724.87385	2	67.8871	2
1447.75550	483.59245	3	56.8438	2
1448.71420	725.36435	2	57.0579	2
1448.73910	725.37685	2	77.1429	2
1448.74535	725.37995	2	83.0735	2
1449.67725	725.84590	2	62.5296	2
1449.71550	725.86505	2	74.0983	2
1449.86640	484.29605	3	60.1868	2
1450.72500	726.36975	2	81.7028	2
1450.73475	726.37465	2	89.6947	2
1450.81765	484.61315	3	65.5505	2
1451.66490	484.89555	3	48.9286	2
1451.71190	484.91120	3	33.9428	1
1451.79585	484.93920	3	51.5813	2
1452.69710	727.35580	2	57.3270	1
1452.76875	485.26350	3	57.6288	2
1452.79930	727.40695	2	90.5164	2
1453.76180	727.88820	2	56.3813	1
1454.73000	728.37230	2	79.0391	2
1454.87120	485.96435	3	76.9481	2
1454.87245	728.44350	2	76.8247	2
1455.69955	486.24045	3	67.9422	2
1455.70020	728.85740	2	67.9799	2
1455.83785	728.92620	2	81.0066	2
1456.65220	486.55800	3	40.5739	1
1457.78800	486.93660	3	81.2458	2
1457.78815	729.90135	2	81.2809	2
1457.81320	729.91385	2	84.4072	2
1458.68330	730.34890	2	75.7718	1
1458.74640	487.25610	3	76.4217	2
1459.70465	730.85960	2	58.6339	2
1459.71030	730.86240	2	67.4795	2
1459.74390	730.87925	2	63.6798	2
1459.83980	487.62055	3	75.5380	2
1459.84065	730.92760	2	75.5998	2
1461.73895	731.87675	2	64.9492	2
1461.83860	731.92655	2	76.9863	2
1461.83950	488.28710	3	76.7757	2
1462.69520	732.35485	2	65.2108	2
1462.71130	732.36290	2	65.4855	1
1463.67465	488.89880	3	62.7215	2
1463.70900	488.91030	3	66.4471	1
1463.70925	732.86190	2	79.8466	2
1463.70940	732.86200	2	66.2673	2
1463.74135	488.92105	3	71.9878	2
1463.75070	732.88265	2	71.9821	2
1463.76480	732.88970	2	62.6213	1
1464.30200	489.10795	3	64.8639	4
1464.74895	489.25690	3	81.4592	2
1464.76350	489.26180	3	84.4794	1
1464.77820	733.39640	2	62.2269	1
1464.78495	489.26890	3	62.2649	2
1464.79395	733.40425	2	61.6541	2
1464.79450	733.40450	2	67.7679	2
1465.73460	733.87455	2	86.7230	2
1466.74200	734.37830	2	88.5055	1
1466.76945	734.39200	2	43.6718	2
1466.77435	489.93205	3	43.6306	2
1468.69480	735.35470	2	53.8688	2
1468.76980	735.39220	2	89.4939	1
1468.79665	735.40560	2	74.3620	2
1468.80690	490.60960	3	56.6821	1
1470.74635	491.25605	3	65.9331	2
1470.74915	491.25700	3	56.0989	2
1470.79775	736.40615	2	88.6744	2
1470.84530	736.42990	2	83.0735	2
1471.70875	736.86165	2	54.2638	2
1471.74050	736.87755	2	65.2232	2
1471.75675	491.59285	3	66.8086	2
1472.71525	491.91235	3	44.9105	2
1472.73635	491.91940	3	57.5320	2
1472.73785	737.37620	2	57.6006	2
1472.75710	737.38580	2	80.8381	1
1472.77720	491.93300	3	59.2038	1
1473.74710	737.88080	2	66.1390	1
1473.76270	492.26150	3	71.3099	2
1473.76270	492.26150	3	74.4735	1
1474.76705	738.39080	2	79.1110	2
1475.77425	492.93200	3	62.9000	2
1476.71055	739.36255	2	65.0338	2
1476.78460	739.39960	2	72.9626	2
1477.74200	739.87825	2	84.5228	2
1477.76085	739.88770	2	72.2469	2
1478.77835	740.39645	2	74.3087	2
1479.73685	740.87570	2	77.2988	2
1480.68700	741.35080	2	35.5099	1
1480.68935	494.57040	3	35.4574	2
1480.71660	741.36560	2	85.1432	2
1480.83705	494.61965	3	58.8847	2
1481.72710	494.91630	3	62.0513	2
1481.73600	494.91930	3	52.3894	1
1482.80230	742.40840	2	86.4711	2
1482.81345	742.41400	2	89.5515	2
1482.83155	742.42305	2	68.1755	2
1483.71290	495.57825	3	61.4284	2
1483.74535	495.58905	3	28.9854	2
1483.76240	742.88845	2	76.0908	2
1484.80965	743.41210	2	83.0626	2
1484.82125	495.94765	3	74.5750	2
1484.82185	743.41820	2	74.6333	2
1485.82330	496.28170	3	86.9126	2
1485.82525	743.91990	2	86.8832	2
1486.71965	496.58050	3	75.5650	2
1486.76495	744.38975	2	71.2418	2
1486.77775	496.59985	3	53.9025	2
1486.78260	744.39860	2	67.1566	3
1487.71750	744.86600	2	78.5235	3
1488.64930	745.33190	2	48.9995	2
1488.74000	497.25390	3	44.8327	1
1488.74385	745.37920	2	44.7582	2
1488.79515	497.27235	3	59.2113	2
1489.74705	745.88080	2	90.0265	2
1491.80990	746.91220	2	89.2616	1
1492.67900	747.34680	2	81.2389	1
1492.71055	747.36255	2	47.8349	2
1492.73815	498.58665	3	75.8965	2
1492.80700	498.60960	3	76.3065	2
1493.64990	498.89055	3	38.4785	2
1493.65215	747.83335	2	38.5063	2
1493.74875	747.88165	2	56.4643	2
1493.78300	498.93490	3	72.3786	2
1494.85940	499.29370	3	64.3560	1
1495.63505	499.55230	3	40.9669	2
1495.74185	499.58790	3	69.0396	2
1495.84115	748.92785	2	81.5537	2
1495.85580	499.62585	3	81.7438	2
1495.85650	748.93550	2	81.8407	2
1495.87200	499.63130	3	69.4386	2
1496.68640	749.35050	2	85.2283	2
1496.76220	499.92800	3	56.7958	2
1496.76340	749.38900	2	64.9385	2
1496.78490	749.39970	2	71.1247	2
1496.82635	749.42045	2	91.6096	2
1498.76225	750.38840	2	75.0342	2
1498.77880	750.39665	2	68.4647	2
1498.84065	750.42760	2	84.8776	2
1499.71450	500.91210	3	55.8807	2
1499.71580	750.86520	2	55.9507	2
1499.77100	750.89275	2	85.6165	2
1500.76250	751.38850	2	56.1306	2
1500.76350	501.26175	3	56.0621	2
1500.79500	751.40475	2	59.2747	2
1500.80130	501.27435	3	59.3925	2
1500.81580	501.27920	3	65.0124	2
1500.81590	501.27920	3	69.1360	2
1501.28735	751.65095	2	72.2036	4
1501.71645	751.86550	2	51.1271	2
1501.71695	501.57960	3	51.0702	2
1501.80100	751.90780	2	67.9382	1
1501.81590	751.91525	2	77.8176	2
1502.69980	501.90720	3	53.3399	1
1502.75155	752.38305	2	87.8807	2
1503.71810	752.86630	2	53.4764	1
1503.79490	752.90475	2	80.9421	2
1504.74965	502.59050	3	54.2319	2
1504.79910	753.40680	2	69.3099	1
1504.87700	502.63295	3	80.2255	2
1505.65375	502.89185	3	47.1590	2
1505.72695	502.91625	3	61.2215	2
1505.92025	753.96740	2	92.8563	2
1506.79365	754.40410	2	66.2675	2
1506.79400	754.40430	2	60.3728	2
1507.71355	503.57845	3	63.7094	2
1507.73510	503.58560	3	52.6946	1
1508.74390	755.37925	2	86.7612	2
1508.81240	503.94475	3	48.6754	2
1508.81335	755.41395	2	48.6261	2
1509.64125	504.22100	3	32.7507	2
1509.65835	504.22670	3	46.8074	2
1509.66035	755.83745	2	46.8760	2
1509.74660	504.25610	3	52.2229	2
1510.71420	504.57870	3	58.0459	2
1510.71585	756.36520	2	58.0529	2
1510.74525	756.37990	2	74.7557	2
1510.75180	504.59120	3	57.7813	2
1511.71660	504.91280	3	42.2898	3
1511.71675	756.86565	2	42.1778	2
1511.78850	756.90150	2	98.5130	2
1511.85760	756.93610	2	80.6289	2
1512.87710	757.44580	2	84.9545	2
1512.87865	505.30015	3	85.0504	2
1513.69815	757.85635	2	68.3941	2
1513.74985	757.88220	2	77.6206	2
1513.87220	757.94340	2	96.2851	2
1514.72275	505.91485	3	56.6986	2
1514.79930	758.40690	2	66.4973	2
1514.79930	758.40690	2	91.3761	2
1514.80630	758.41040	2	45.4136	1
1514.85660	758.43560	2	89.8953	2
1515.71805	758.86630	2	77.8987	2
1515.75280	506.25820	3	32.5460	2
1515.75365	758.88410	2	32.5802	2
1515.75595	758.88525	2	50.8770	2
1515.76395	758.88925	2	89.2345	2
1515.77125	506.26435	3	78.3901	2
1515.81030	758.91240	2	69.4909	1
1515.82245	758.91850	2	79.1692	2
1516.77840	759.39650	2	74.4501	2
1516.80030	759.40740	2	79.5680	2
1516.80290	506.60820	3	48.8292	1
1516.83345	759.42400	2	80.0023	2
1517.73080	759.87265	2	62.5673	2
1517.73855	759.87655	2	70.0527	2
1517.80885	506.94355	3	76.5178	2
1518.79395	760.40425	2	84.0069	2
1518.92505	507.31565	3	63.0543	2
1519.82865	760.92160	2	92.1251	2
1520.71970	761.36710	2	77.5336	2
1520.73545	761.37500	2	53.1765	2
1520.78850	761.40150	2	70.5171	1
1523.76390	762.88920	2	92.8844	1
1523.86725	508.96305	3	76.8668	2
1523.88360	762.94905	2	89.9008	2
1524.63455	509.21880	3	54.3334	2
1524.74100	763.37780	2	71.8789	2
1525.76555	509.59575	3	63.5892	2
1526.73280	509.91820	3	33.7965	2
1526.73440	764.37450	2	33.9115	1
1527.70960	510.24380	3	35.1520	2
1527.78170	764.89810	2	90.1354	1
1527.80005	764.90730	2	69.7612	2
1527.82150	764.91800	2	68.4132	1
1528.74290	765.37875	2	92.7251	2
1528.79950	765.40700	2	72.5605	2
1528.80995	510.61060	3	69.4978	2
1529.66350	510.89510	3	38.3521	3
1529.66405	765.83930	2	38.3946	2
1529.80655	765.91055	2	86.8146	2
1529.84085	510.95420	3	64.1495	2
1529.85780	510.95985	3	79.3979	2
1530.80330	511.27505	3	66.4296	2
1531.69800	511.57325	3	64.4213	2
1531.77545	766.89500	2	65.6825	2
1531.80010	766.90735	2	68.5876	2
1531.81570	766.91510	2	85.1653	1
1532.77385	767.39420	2	73.9172	2
1532.79970	767.40715	2	71.8255	2
1532.82135	767.41795	2	81.9711	2
1533.72570	767.87010	2	71.3042	1
1533.74400	512.25530	3	34.9847	2
1533.74650	512.25610	3	50.2307	2
1533.74740	767.88100	2	50.3430	1
1533.74765	767.88110	2	68.1172	2
1533.80120	767.90790	2	96.9364	2
1534.29690	768.15575	2	74.0657	4
1535.66990	512.89725	3	37.1441	2
1535.67925	768.84690	2	60.2175	2
1535.78640	512.93610	3	68.2364	2
1537.72010	513.58065	3	79.3502	2
1537.79320	769.90390	2	76.3987	2
1538.82355	770.41905	2	78.5702	2
1540.80835	514.61005	3	63.1897	2
1540.81970	514.61380	3	47.3701	1
1541.78625	514.93600	3	58.1034	2
1541.78825	771.90140	2	58.2058	2
1541.81820	771.91640	2	69.4386	2
1541.83005	771.92230	2	75.3482	2
1541.83040	514.95070	3	75.4290	1
1542.76910	515.26365	3	54.0809	2
1542.79160	772.40305	2	61.6030	2
1546.69905	774.35680	2	66.5406	2
1547.77345	516.93175	3	54.3125	2
1547.82025	774.91740	2	70.6192	2
1547.82130	774.91790	2	83.2214	1
1547.82360	516.94845	3	62.6207	2
1547.83125	516.95100	3	58.2512	2
1547.83135	774.92295	2	58.2572	2
1547.83670	774.92560	2	82.3346	1
1548.77805	517.26660	3	70.9469	2
1548.77860	775.39655	2	70.9044	2
1548.80030	517.27400	3	61.0895	1
1548.92470	775.46965	2	79.9713	2
1549.73750	775.87600	2	62.9714	2
1549.74525	517.58905	3	62.8461	2
1549.82915	775.92185	2	73.1693	2
1550.68870	517.90350	3	33.3036	2
1550.74045	517.92075	3	51.4084	2
1550.74515	776.37985	2	51.4769	2
1550.76860	517.93010	3	57.5645	2
1550.77000	776.39225	2	57.6387	2
1550.85310	776.43380	2	95.4466	2
1551.71715	518.24630	3	36.1920	2
1551.76635	776.89045	2	68.0164	2
1551.77515	518.26565	3	39.1790	2
1551.84920	776.93190	2	89.9332	2
1553.83105	518.95095	3	80.9107	2
1553.83260	777.92360	2	80.8876	2
1555.73935	778.87695	2	72.1060	2
1555.75025	519.59065	3	51.8573	2
1555.76220	519.59470	3	55.6557	1
1555.78945	778.90200	2	83.1256	2
1555.84680	778.93070	2	82.1788	1
1555.88215	519.63465	3	77.5587	2
1556.84270	779.42860	2	90.7726	2
1557.78310	779.89880	2	79.6816	1
1557.83150	520.28440	3	72.5207	1
1558.77535	780.39495	2	67.4198	2
1559.61085	780.81270	2	73.3916	2
1559.75225	520.92470	3	71.1845	2
1559.75960	520.92715	3	78.0308	2
1559.82030	780.91740	2	87.4522	1
1559.83715	780.92585	2	86.0396	2
1560.30490	781.15975	2	78.8883	4
1560.84085	781.42770	2	85.8251	2
1561.78935	781.90195	2	76.4561	2
1561.83535	781.92495	2	87.6197	2
1562.77390	521.93190	3	67.0292	1
1563.80455	522.27545	3	73.6995	2
1564.29875	783.15665	2	73.8437	4
1564.71630	522.57940	3	53.6027	2
1564.71745	783.36600	2	53.6924	2
1564.74225	783.37840	2	56.0933	2
1565.78725	522.93635	3	57.8619	2
1565.83000	522.95060	3	66.8016	2
1567.82645	784.92050	2	81.7142	2
1567.89335	523.63840	3	65.5588	2
1569.87690	785.94570	2	76.6741	2
1569.91435	785.96445	2	87.2042	2
1570.74500	524.58890	3	52.2714	1
1570.81025	786.41240	2	59.3402	2
1572.78365	787.39910	2	58.7412	2
1572.82990	787.42220	2	78.9256	2
1572.83075	525.28420	3	78.7941	2
1573.76300	787.88880	2	65.7719	2
1573.82725	787.92090	2	81.0620	2
1573.83700	787.92580	2	75.0167	1
1574.71190	788.36325	2	71.2500	2
1576.75360	789.38410	2	75.1540	2
1577.77085	789.89270	2	90.4589	2
1577.77115	789.89285	2	72.1306	2
1577.79040	789.90245	2	75.8148	2
1578.26135	527.09435	3	72.6869	4
1578.83660	527.28615	3	70.6403	2
1578.85355	527.29180	3	56.7289	2
1578.87390	790.44425	2	83.3912	2
1578.87440	527.29875	3	83.3577	2
1580.70000	527.90725	3	40.8758	2
1580.80520	527.94235	3	62.2716	2
1580.81810	791.41630	2	71.9440	1
1580.86165	791.43810	2	94.8336	2
1580.92885	527.98355	3	75.6561	2
1581.76590	791.89020	2	66.2313	1
1582.84590	792.43025	2	78.1800	2
1584.74060	529.25410	3	66.6089	2
1585.82125	529.61435	3	65.3700	2
1586.18100	794.09775	2	63.7586	4
1586.86885	794.44170	2	85.7901	2
1587.85700	530.29295	3	64.8111	2
1588.72560	795.37010	2	70.7157	2
1589.82000	795.91730	2	84.0423	2
1589.82100	530.94760	3	84.1798	2
1590.76500	796.38980	2	78.4881	2
1590.79165	531.27115	3	86.1809	2
1590.79880	796.40665	2	81.6788	2
1591.74750	531.58975	3	44.0314	2
1591.74860	796.88160	2	44.0672	2
1591.80215	531.60800	3	58.8050	2
1591.80285	796.90870	2	58.9753	2
1591.86015	796.93735	2	86.6280	2
1592.82060	531.94750	3	67.0766	1
1592.83070	797.42260	2	70.3072	1
1592.91520	797.46490	2	72.4015	2
1593.74085	797.87770	2	55.4562	2
1593.74115	532.25430	3	55.3915	2
1593.94990	797.98220	2	82.1779	2
1594.74830	532.59000	3	71.2134	1
1595.80440	798.90950	2	92.0098	2
1595.86390	532.96190	3	50.5616	2
1596.69100	533.23760	3	33.0722	1
1596.76750	533.26310	3	53.0904	2
1597.86890	799.94175	2	70.3248	2
1597.88640	799.95050	2	81.3806	1
1598.83755	533.95310	3	82.4970	2
1598.84630	800.43045	2	82.4007	2
1599.78820	800.90135	2	42.9544	2
1599.84740	800.93100	2	74.7333	2
1599.88755	534.30310	3	63.3618	2
1599.89745	534.30640	3	77.1403	2
1600.29675	534.43950	3	63.8339	4
1600.84255	534.62145	3	64.6926	2
1600.86785	801.44120	2	64.2705	2
1601.72550	801.87000	2	52.8114	1
1602.74010	535.25400	3	61.1003	1
1602.80200	802.40825	2	76.5827	2
1602.86245	802.43850	2	73.0928	2
1603.80940	802.91195	2	81.1262	2
1604.74480	803.37965	2	64.6308	2
1604.78325	535.93505	3	68.3614	2
1606.87320	804.44390	2	80.8436	1
1607.79520	536.93900	3	48.3372	1
1607.84930	804.93195	2	85.2524	2
1607.90465	536.97550	3	79.8212	2
1609.83670	537.61950	3	88.9035	2
1609.83910	805.92680	2	88.9389	2
1610.72120	806.36790	2	65.6882	2
1610.78440	537.93540	3	65.4125	1
1610.90440	806.45950	2	97.5252	2
1610.97175	537.99785	3	71.0394	2
1611.78940	806.90200	2	65.2661	1
1612.85100	807.43280	2	84.7221	2
1612.85865	538.62680	3	70.3414	2
1612.87020	807.44235	2	89.1366	2
1612.90490	538.64225	3	76.8893	2
1613.85575	807.93515	2	82.7227	2
1613.90410	807.95935	2	81.0065	2
1614.75715	808.38585	2	88.8847	2
1614.83995	808.42725	2	77.2702	2
1615.85740	539.62640	3	72.9012	2
1616.73240	539.91805	3	47.7562	2
1616.78355	809.39905	2	74.9682	2
1616.85160	809.43310	2	92.3749	1
1617.78810	809.90135	2	44.3383	2
1619.81570	540.94585	3	65.6475	2
1620.82120	811.41790	2	76.4517	1
1620.86095	541.29425	3	86.1452	2
1620.86435	811.43945	2	86.1665	2
1621.82985	811.92220	2	84.5994	2
1621.87190	811.94325	2	70.9815	2
1622.76545	541.92905	3	37.6687	2
1622.79770	541.93985	3	81.5480	2
1622.82820	812.42140	2	68.2008	2
1623.86460	812.93960	2	87.6736	1
1624.95140	813.48300	2	86.8559	2
1625.77355	813.89405	2	77.7262	2
1625.77730	813.89590	2	80.8848	2
1625.83145	542.95110	3	83.0868	2
1626.85695	543.29290	3	57.3059	2
1626.86035	814.43745	2	57.3307	2
1626.90230	814.45840	2	89.0565	2
1627.74890	814.88175	2	67.5134	2
1628.78830	815.40145	2	94.6004	2
1628.79310	543.93830	3	94.6850	1
1628.79640	815.40550	2	81.3862	1
1628.81570	815.41515	2	56.8105	2
1628.81605	543.94595	3	56.7527	2
1629.78270	544.26820	3	56.4484	1
1629.87415	815.94435	2	69.6156	2
1629.88205	815.94830	2	88.7751	2
1630.84540	544.62240	3	81.8755	2
1630.84570	816.43010	2	82.0545	1
1631.82970	544.95050	3	61.1856	1
1631.92360	544.98180	3	71.6054	2
1631.92615	816.97035	2	71.6669	2
1632.77870	545.26680	3	46.1939	2
1633.84315	545.62165	3	79.5016	2
1633.85770	545.62650	3	61.9449	1
1634.80115	818.40785	2	62.7269	2
1634.82790	545.94990	3	44.3868	1
1634.88810	545.96995	3	53.8635	2
1635.79720	818.90585	2	81.8172	2
1636.93915	819.47685	2	91.6418	2
1638.84085	547.28755	3	75.6836	2
1639.87545	547.63240	3	77.6952	2
1639.87740	547.63310	3	94.9817	1
1639.87790	820.94625	2	94.6875	2
1639.87855	820.94655	2	77.7843	2
1640.84910	547.95695	3	47.0941	2
1641.77130	821.89290	2	74.4284	2
1641.88270	821.94865	2	84.2354	2
1642.69220	822.35335	2	46.9848	2
1642.80540	822.40995	2	59.3401	2
1642.85175	548.62450	3	48.3695	2
1642.85270	822.43365	2	48.4027	2
1642.88270	548.63485	3	79.3558	2
1643.79000	548.93730	3	47.0401	2
1643.82350	822.91900	2	44.6446	2
1643.82945	822.92200	2	74.9907	2
1643.84055	548.95410	3	66.7822	2
1644.75800	823.38630	2	77.5902	1
1645.90450	549.64210	3	67.4610	2
1646.80235	549.94135	3	49.6126	2
1646.83915	549.95365	3	61.5693	2
1648.96700	413.24905	4	58.3080	2
1648.96930	550.66370	3	58.2880	2
1649.72310	825.86880	2	63.5143	1
1649.93650	825.97555	2	76.8835	2
1651.90430	826.95945	2	88.4009	2
1651.92810	551.65000	3	84.7918	2
1651.92900	826.97175	2	84.7307	2
1653.87370	552.29850	3	75.9589	2
1653.92215	552.31465	3	76.5259	2
1654.78740	828.40100	2	70.7794	2
1654.82080	552.61420	3	78.0073	1
1654.89310	828.45380	2	81.1360	1
1654.89340	828.45400	2	81.1050	1
1655.76410	552.92860	3	49.0922	2
1655.85575	552.95915	3	64.3672	2
1656.80100	829.40780	2	85.4187	1
1657.81660	829.91560	2	88.5863	2
1657.91900	553.64690	3	83.2474	1
1658.79070	553.93750	3	54.6599	2
1659.91060	554.31080	3	78.8325	3
1659.92270	830.96865	2	78.9169	2
1660.74360	554.58845	3	65.0993	2
1660.84305	554.62160	3	62.5119	2
1661.90555	831.96005	2	78.1203	2
1662.80005	555.27395	3	52.0899	2
1662.82910	832.42185	2	69.8458	2
1662.82955	555.28380	3	69.9705	2
1663.79570	555.60580	3	71.7839	1
1664.78090	833.39770	2	83.6471	1
1664.81025	833.41240	2	79.1485	2
1664.84400	833.42930	2	73.2454	2
1666.87030	834.44245	2	77.0187	2
1666.87110	556.63100	3	76.9233	2
1666.87665	834.44560	2	80.7845	2
1666.91770	834.46615	2	82.4681	2
1667.81545	556.94575	3	58.1148	2
1667.86280	556.96150	3	77.4689	1
1667.86340	834.93895	2	77.3586	2
1668.81400	557.27860	3	57.5717	2
1669.85275	835.93365	2	71.5705	2
1670.83740	836.42600	2	96.3724	2
1670.88440	557.96875	3	55.5484	2
1670.88475	836.44965	2	55.6799	2
1671.71665	558.24615	3	51.0093	2
1672.72340	558.58175	3	42.4786	2
1672.85350	837.43400	2	84.5829	1
1673.89860	558.97350	3	76.7258	1
1673.90040	837.95750	2	76.6110	2
1674.88525	838.44990	2	91.8485	2
1675.73770	419.94170	4	30.2426	1
1675.73905	559.58695	3	30.2299	2
1676.81760	839.41610	2	67.3802	1
1677.81215	560.27800	3	70.6745	2
1677.82650	560.28280	3	45.9756	1
1678.00540	560.34240	3	65.8267	1
1679.87790	560.96660	3	75.1719	1
1681.82240	841.91850	2	75.7814	2
1681.90080	561.64085	3	80.2906	2
1681.90230	841.95840	2	80.2360	3
1682.80160	842.40805	2	87.5983	2
1682.89330	842.45390	2	79.1078	2
1682.90430	561.97540	3	84.7470	1
1682.92870	561.98350	3	81.1164	1
1683.88605	842.95030	2	77.1005	2
1684.91540	843.46500	2	80.9420	2
1685.91425	562.97865	3	65.4072	2
1686.87520	563.29900	3	63.8574	2
1687.91655	844.96555	2	87.9924	2
1688.73570	845.37510	2	31.9013	1
1688.87350	563.96510	3	58.3661	1
1688.87730	563.96640	3	83.6793	1
1688.88250	845.44850	2	83.6014	2
1688.88530	563.96900	3	83.6528	1
1689.22355	423.31315	4	32.0876	2
1689.22410	564.08195	3	32.1374	4
1689.84245	564.28810	3	58.5684	2
1690.96240	564.66140	3	64.0261	2
1692.81940	847.41695	2	83.9070	2
1692.96560	565.32910	3	90.5677	1
1692.96720	847.49085	2	90.4531	2
1693.94270	565.65480	3	82.4299	1
1694.80265	565.94150	3	50.3895	2
1695.32970	848.67210	2	69.6501	4
1696.77385	849.39420	2	63.3600	2
1696.84460	849.42955	2	86.1452	2
1696.90800	849.46130	2	85.3330	2
1696.90980	566.64390	3	85.4694	2
1697.90215	566.97465	3	77.7150	2
1697.90455	849.95955	2	77.7455	2
1698.00940	567.01040	3	82.5577	2
1698.01035	850.01245	2	82.7226	2
1698.79375	850.40415	2	82.5340	2
1698.88620	567.30270	3	81.6711	1
1698.89855	850.45655	2	84.5578	2
1698.89895	567.30690	3	84.5908	2
1698.90430	567.30870	3	58.6869	2
1699.83840	567.62005	3	82.9441	2
1699.86130	567.62770	3	78.1387	1
1699.86810	567.62995	3	75.8771	2
1700.88460	851.44960	2	66.3891	1
1700.91025	851.46240	2	80.4206	2
1701.86760	568.29650	3	61.0089	1
1703.73890	568.92020	3	61.8713	1
1703.81530	568.94570	3	60.7561	2
1704.72750	427.18915	4	26.3276	2
1704.72780	569.24990	3	26.2893	3
1704.91555	569.31245	3	70.7768	2
1705.83965	853.92710	2	47.0398	2
1705.85110	853.93280	2	68.4509	1
1705.88430	853.94945	2	69.4920	2
1705.92200	569.64795	3	67.3367	2
1706.32880	569.78355	3	46.4864	4
1706.37440	569.79875	3	67.5476	4
1706.89040	854.45250	2	88.6081	2
1706.90345	569.97505	3	85.9147	8
1707.39735	854.70595	2	84.3589	4
1707.88370	854.94915	2	93.7487	2
1707.89840	570.30670	3	77.2181	5
1707.97690	570.33290	3	78.8910	2
1707.97995	854.99725	2	78.7653	2
1708.75980	570.59390	3	56.1313	1
1709.98255	571.00145	3	76.0286	2
1710.01820	571.01335	3	80.3504	2
1712.88960	857.45205	2	66.7192	2
1712.93795	571.98660	3	68.8637	2
1714.89395	858.45425	2	79.3050	2
1714.90070	858.45765	2	62.7842	2
1714.90095	572.64090	3	62.6870	2
1714.90515	858.45985	2	70.7433	2
1717.86380	573.62855	3	72.0337	2
1717.86555	859.94005	2	72.0543	2
1717.87110	859.94280	2	83.8126	1
1721.76155	861.88805	2	37.7619	2
1722.87380	575.29855	3	75.8032	2
1722.89760	575.30645	3	76.2102	2
1723.02430	575.34870	3	69.6251	2
1723.02660	862.52060	2	69.6689	2
1724.87545	863.44500	2	82.3392	2
1724.91090	575.97760	3	66.4527	1
1724.94180	575.98785	3	80.5687	2
1725.82580	863.92020	2	67.1083	1
1726.01545	576.34575	3	82.1153	2
1726.93605	576.65260	3	73.7546	2
1728.79015	577.27065	3	63.6798	2
1729.00390	577.34190	3	82.6651	2
1730.75600	577.92595	3	64.8517	2
1730.89475	866.45465	2	73.0318	2
1730.90090	866.45770	2	88.7723	1
1731.04795	578.02325	3	89.1144	2
1733.87430	578.96535	3	75.8035	2
1733.87540	867.94500	2	75.9119	1
1733.89125	867.95290	2	90.8379	2
1735.78730	868.90095	2	79.0129	2
1735.87940	579.63375	3	78.8821	2
1735.96725	868.99090	2	97.7900	2
1736.84675	869.43065	2	80.5368	2
1736.84730	579.95635	3	80.5708	2
1736.93775	579.98650	3	74.4755	2
1737.92775	580.31655	3	78.6644	2
1737.99100	870.00280	2	91.1663	1
1738.80200	870.40830	2	68.7107	2
1738.81985	580.61390	3	60.2426	2
1738.81985	580.61390	3	65.9223	2
1739.84470	580.95550	3	70.3017	1
1739.88495	580.96890	3	68.3319	2
1742.87320	581.96500	3	67.5845	2
1743.80355	872.90905	2	67.8561	2
1743.81070	872.91265	2	51.1325	2
1743.97825	872.99640	2	95.9660	2
1744.90080	582.64085	3	71.5452	2
1745.91335	582.97840	3	73.9878	2
1745.94430	873.97940	2	82.9783	2
1746.79635	874.40545	2	90.0866	2
1746.81380	874.41420	2	74.6292	1
1748.87495	583.96560	3	63.1708	2
1749.86540	875.94000	2	62.1742	2
1750.01050	584.34410	3	56.4853	2
1750.01245	876.01350	2	56.5237	2
1751.93760	876.97605	2	91.1883	2
1752.89085	585.30420	3	49.0933	2
1752.98970	585.33720	3	86.5909	2
1752.99025	877.50240	2	86.5002	2
1754.86390	878.43925	2	75.4198	2
1754.89890	585.97360	3	59.4492	1
1755.85975	878.93715	2	71.0688	2
1755.90760	878.96110	2	90.7429	2
1755.92790	878.97120	2	72.1886	2
1756.89035	879.45245	2	79.5073	2
1757.92295	586.98160	3	74.3889	2
1758.79325	880.40390	2	49.3766	2
1758.83215	587.28465	3	77.4452	2
1759.84940	587.62370	3	65.8560	1
1759.91295	880.96375	2	88.5889	2
1760.92260	587.98145	3	80.5167	2
1760.93955	881.47705	2	88.1581	2
1761.89650	588.30610	3	74.0064	2
1762.84230	882.42840	2	76.4215	2
1763.83310	882.92380	2	61.9893	2
1764.32525	589.11570	3	63.1240	4
1764.99560	589.33915	3	93.1122	2
1765.00120	883.50790	2	93.0706	2
1766.94880	884.48170	2	84.3959	2
1767.03465	590.01880	3	81.8434	2
1767.82235	590.28140	3	64.9724	2
1767.85535	590.29240	3	89.4286	2
1767.85900	884.93680	2	89.4234	1
1767.95970	590.32720	3	94.6307	1
1767.97450	590.33210	3	88.9658	2
1768.90230	885.45845	2	80.1263	2
1769.01915	590.68030	3	80.7589	2
1769.91725	885.96590	2	67.3962	2
1770.00515	591.00900	3	74.3002	2
1771.91530	591.64570	3	75.7195	2
1772.33505	887.17480	2	77.2413	4
1774.88575	888.45015	2	58.8615	2
1775.37840	592.80010	3	60.0967	4
1776.89740	593.30640	3	67.3237	2
1777.32015	889.66735	2	64.3620	4
1778.99115	890.50285	2	72.2097	2
1779.80290	445.95800	4	51.6631	2
1779.80310	594.27500	3	51.7103	1
1779.99080	891.00270	2	73.7634	2
1780.40385	594.47525	3	53.8701	4
1782.84960	892.43210	2	78.8491	1
1782.87565	595.29915	3	76.0790	2
1783.84830	892.93145	2	73.6119	2
1784.88110	595.96765	3	62.5599	2
1784.88225	893.44840	2	62.5964	2
1784.91670	595.97950	3	55.7105	2
1785.88960	893.95210	2	88.4628	2
1788.91250	597.31140	3	35.7330	2
1789.87900	597.63360	3	97.8663	1
1789.93175	895.97315	2	82.2845	2
1791.84755	598.28980	3	50.0286	2
1792.91085	598.64420	3	62.0454	2
1793.06060	897.53755	2	97.7896	2
1793.87515	897.94485	2	89.8385	2
1793.92265	897.96860	2	84.6293	2
1794.81730	898.41590	2	63.8672	2
1794.86095	898.43775	2	81.9424	2
1794.98485	898.49970	2	79.7251	2
1796.85790	599.95990	3	74.5205	2
1796.87980	599.96720	3	84.2746	2
1796.97020	599.99730	3	84.8672	1
1796.97970	600.00050	3	71.1901	2
1797.96460	600.32880	3	73.2220	1
1799.92600	600.98260	3	99.8399	1
1799.92830	900.97145	2	99.8255	2
1800.99980	601.34055	3	82.5691	2
1803.92325	602.31500	3	50.3018	2
1804.86730	602.62970	3	66.1237	1
1804.87060	903.44260	2	66.0641	3
1804.97140	602.66440	3	78.6019	3
1804.97740	903.49600	2	78.9515	2
1805.87880	903.94670	2	78.1375	6
1806.03625	603.01935	3	72.2181	2
1806.88450	904.44950	2	69.2737	1
1809.91590	905.96520	2	73.3382	2
1809.99650	604.33940	3	73.1913	1
1810.00070	906.00765	2	73.5180	2
1813.94675	907.98065	2	83.9455	2
1814.80165	605.94115	3	80.2578	2
1814.80530	908.40990	2	80.4109	1
1814.96790	605.99655	3	66.3914	2
1815.92730	908.97095	2	86.5302	2
1815.93995	606.32060	3	72.6156	2
1816.88895	606.63695	3	79.1340	2
1817.86430	606.96200	3	69.8332	1
1817.90300	606.97490	3	49.9941	2
1820.86235	911.43845	2	59.5772	2
1820.89480	607.97220	3	72.9883	1
1820.91300	607.97825	3	79.2659	2
1821.06330	608.02835	3	84.2550	2
1821.84725	608.28970	3	80.7031	2
1821.89745	608.30645	3	53.5489	2
1822.91860	912.46660	2	85.5477	1
1823.89190	608.97125	3	84.0807	2
1823.90580	608.97590	3	68.6465	2
1825.86340	913.93900	2	56.0694	2
1825.86510	609.62900	3	56.0026	2
1825.89545	913.95500	2	67.5191	2
1826.95500	914.48480	2	79.0082	1
1827.93885	610.32025	3	74.2130	2
1827.96940	914.99200	2	65.8071	2
1827.96945	610.33040	3	65.8918	2
1828.91530	915.46495	2	84.5012	2
1828.95350	915.48405	2	73.8452	2
1828.99220	915.50340	2	84.0372	1
1832.00860	611.67680	3	72.9624	2
1832.91670	611.97950	3	76.6168	2
1832.92670	611.98280	3	61.1699	2
1833.90890	612.31020	3	77.4066	1
1833.93875	917.97665	2	80.4551	2
1833.96790	612.32990	3	88.1343	2
1835.79805	612.93995	3	59.9812	2
1836.04840	613.02340	3	73.7891	2
1838.11850	613.71340	3	74.2688	1
1838.95625	613.99270	3	64.3937	2
1839.99455	614.33875	3	64.8109	2
1840.89390	614.63855	3	78.3334	2
1841.01475	614.67885	3	70.4911	2
1841.01610	921.51530	2	70.4076	2
1841.85705	614.95960	3	49.8799	2
1842.93300	615.31825	3	66.0890	2
1842.97300	615.33160	3	72.0542	2
1843.99810	923.00635	2	83.1369	2
1844.89145	615.97110	3	63.5193	2
1844.91340	615.97840	3	67.7983	2
1845.99025	616.33735	3	86.3678	2
1845.99155	924.00305	2	86.5580	2
1846.79225	924.40340	2	72.5242	2
1846.93575	924.47515	2	75.3593	2
1846.96840	924.49145	2	85.2580	2
1849.95900	617.66025	3	85.9382	2
1852.02140	927.01795	2	83.4999	2
1853.92745	618.98310	3	61.4546	2
1854.92910	928.47180	2	92.6297	2
1856.85835	619.96005	3	55.3748	2
1856.87920	929.44690	2	83.1693	2
1860.94775	621.32320	3	89.2591	2
1860.95225	931.48340	2	89.2591	2
1861.00080	621.34085	3	76.0173	2
1861.98630	621.66935	3	83.4414	2
1862.81925	621.94700	3	60.6187	2
1862.87445	932.44450	2	87.3423	2
1863.98880	622.33690	3	88.6549	2
1864.88155	622.63445	3	73.4165	2
1866.01420	623.01200	3	82.0000	2
1867.84420	623.62200	3	54.5629	1
1868.83420	935.42440	2	64.1052	2
1872.89680	625.30620	3	54.2345	2
1873.94530	937.97990	2	76.5442	1
1873.94655	625.65610	3	76.4845	2
1873.96750	937.99100	2	81.5088	1
1875.87290	626.29825	3	71.3759	2
1879.78440	627.60210	3	33.9791	1
1880.97600	627.99925	3	63.3715	2
1882.97750	942.49605	2	71.6346	2
1883.88355	942.94905	2	76.2012	2
1883.91850	628.98010	3	71.1520	1
1884.87570	629.29920	3	67.3683	1
1885.87130	943.94295	2	66.2026	2
1885.91915	943.96685	2	84.4285	2
1885.92065	629.64750	3	84.4745	2
1886.90270	944.45865	2	69.3828	2
1886.90360	629.97510	3	69.2946	3
1887.87160	944.94310	2	83.0000	1
1888.00450	630.34210	3	81.6786	2
1890.93720	631.31970	3	70.2512	2
1890.94765	631.32315	3	74.6045	2
1892.06640	947.04050	2	83.4220	2
1893.96260	947.98860	2	85.8901	2
1893.97900	632.33360	3	58.7495	2
1895.89050	948.95250	2	72.9821	1
1899.87750	950.94605	2	70.8129	2
1899.98560	634.33580	3	62.8223	2
1902.89850	952.45650	2	80.1640	2
1903.93210	635.65130	3	77.9560	2
1904.97060	635.99745	3	75.3819	2
1904.97225	953.49340	2	75.4691	2
1908.97040	955.49250	2	86.8829	2
1909.94130	637.65440	3	77.6216	1
1909.98020	478.50230	4	71.4882	2
1909.98195	637.66795	3	71.5480	2
1909.99525	637.67235	3	76.0849	2
1910.00300	956.00880	2	76.1345	1
1910.17265	637.73150	3	79.6019	2
1911.89260	956.95355	2	73.3701	2
1911.99940	957.00695	2	81.7736	2
1912.00075	638.34085	3	81.7823	2
1912.89470	957.45460	2	67.6030	1
1912.91415	638.64530	3	32.8682	2
1912.98940	638.67040	3	74.4001	2
1913.09765	638.70650	3	71.1561	2
1914.98045	639.33410	3	69.2217	2
1914.98450	958.49950	2	69.3409	1
1915.05420	479.77085	4	74.9459	2
1916.95345	639.99175	3	66.6714	2
1918.85240	640.62475	3	47.0713	2
1920.96570	641.32920	3	61.4924	2
1920.99975	641.34050	3	82.8139	2
1921.93205	961.97330	2	96.1369	2
1923.88730	962.95090	2	79.1716	2
1923.96310	962.98880	2	89.0970	1
1924.02085	642.34755	3	78.4570	2
1924.95960	642.66050	3	87.9596	1
1927.00225	643.34135	3	90.1520	2
1930.94410	644.65530	3	83.4601	1
1932.83750	645.28640	3	58.1153	2
1932.84070	967.42760	2	58.2108	1
1933.08840	967.55145	2	87.0417	2
1934.07820	645.70000	3	86.9506	2
1935.07840	646.03340	3	79.2280	2
1935.93300	646.31830	3	65.7099	2
1937.92785	969.97120	2	92.1794	2
1937.92930	969.97190	2	88.3109	2
1937.94540	969.98000	2	79.0400	1
1937.94550	646.98910	3	78.9749	2
1938.93400	970.47430	2	91.3168	1
1938.95275	970.48365	2	80.2341	2
1939.01880	647.34685	3	75.0642	2
1939.83860	970.92660	2	27.1671	1
1941.88210	648.30130	3	57.9420	2
1942.04355	648.35515	3	76.5767	2
1942.47620	648.49935	3	85.4838	4
1942.84130	648.62100	3	60.9375	2
1942.96830	972.49145	2	86.4360	2
1943.94210	648.98800	3	74.2526	1
1944.98245	649.33475	3	66.8641	2
1945.89505	649.63895	3	66.3998	2
1947.92160	974.96810	2	54.7812	1
1947.93335	650.31840	3	72.6100	2
1947.98600	650.33590	3	80.4848	2
1947.98710	975.00080	2	80.4757	2
1950.98060	651.33415	3	71.8870	2
1951.99195	977.00325	2	87.7513	2
1953.94360	652.32180	3	74.7028	1
1954.89650	978.45550	2	81.1623	2
1955.93810	652.98665	3	59.3081	2
1956.05965	653.02715	3	81.5160	2
1956.99285	979.50370	2	75.7474	2
1961.03860	981.52660	2	87.9324	1
1961.04700	981.53080	2	87.9103	1
1961.04840	654.69005	3	88.0728	2
1963.04740	655.35640	3	75.5609	1
1963.04995	982.53225	2	75.4980	2
1966.93735	656.65305	3	74.8213	2
1970.05810	657.69330	3	76.4198	1
1970.07060	657.69745	3	77.2678	2
1970.98230	658.00135	3	60.8509	2
1973.07065	494.27495	4	59.8999	2
1976.02345	989.01900	2	94.7783	2
1978.89935	660.64035	3	35.7682	2
1979.03465	660.68550	3	87.2128	2
1983.02610	662.01600	3	86.2533	1
1984.02720	662.34970	3	79.3514	1
1984.02885	993.02170	2	79.2367	2
1985.95975	993.98715	2	72.8921	2
1988.04630	663.68940	3	71.1302	2
1989.02540	664.01575	3	74.1510	2
1992.05820	665.02670	3	79.5736	2
1994.00825	998.01140	2	93.5568	2
2001.00115	668.00765	3	83.7790	2
2002.96205	1002.48830	2	75.9395	2
2002.98730	668.66970	3	67.4120	1
2003.03210	1002.52330	2	88.8151	2
2003.03490	668.68555	3	88.7395	2
2004.08890	669.03690	3	78.7939	2
2009.03720	670.68630	3	58.4870	2
2009.08535	670.70235	3	76.7696	2
2010.00070	1006.00760	2	91.8566	2
2010.00200	671.00795	3	91.8939	2
2016.99285	1009.50370	2	79.8777	2
2019.07580	674.03255	3	93.9961	2
2024.89530	1013.45490	2	56.2101	1
2024.97780	675.99990	3	37.5153	1
2026.12320	1014.06890	2	85.4555	2
2026.12425	676.38205	3	85.6924	2
2031.02655	678.01610	3	87.2346	2
2033.06360	678.69510	3	72.4961	2
2035.86320	679.62830	3	57.7265	2
2037.04275	680.02155	3	65.2208	2
2041.07580	681.36585	3	79.6911	2
2041.97780	681.66650	3	72.4720	3
2043.01035	682.01070	3	81.9049	2
2043.01225	1022.51340	2	81.9999	2
2047.98150	683.66775	3	47.6182	2
2048.05130	683.69100	3	95.0968	1
2048.05420	1025.03440	2	95.1858	1
2048.95850	683.99340	3	76.1388	2
2049.04200	684.02130	3	86.7689	1
2050.03575	684.35250	3	80.1028	2
2059.00620	687.34270	3	76.8977	2
2059.92920	687.65035	3	67.5407	2
2059.96925	1030.99190	2	84.3372	2
2064.05090	1033.03275	2	89.2130	2
2064.96050	1033.48755	2	84.1475	2
2067.99060	690.33750	3	68.7191	2
2070.96070	1036.48765	2	72.1171	2
2072.11955	691.71380	3	87.5595	2
2073.10340	692.04175	3	76.3672	2
2075.08190	692.70125	3	71.7618	2
2076.04780	693.02320	3	67.2720	2
2078.06605	693.69595	3	78.3675	2
2079.02685	694.01625	3	73.8684	2
2080.10265	521.03295	4	70.2011	2
2080.10460	694.37550	3	70.5282	2
2086.03640	1044.02550	2	88.1937	2
2089.95560	1045.98510	2	84.7142	1
2092.08585	698.36925	3	73.7801	2
2093.11230	1047.56340	2	79.7436	1
2093.97400	698.99860	3	85.7170	1
2093.97785	1047.99620	2	85.6266	2
2094.94505	699.32230	3	51.1905	2
2095.00370	699.34185	3	69.0476	2
2104.07500	1053.04480	2	72.7230	1
2105.05860	702.69350	3	74.1351	5
2106.01930	703.01370	3	70.8990	1
2114.12925	705.71700	3	94.8959	2
2119.04595	707.35590	3	63.9200	2
2126.13670	709.71950	3	77.4985	1
2126.14300	1064.07880	2	77.4107	2
2131.18045	711.40075	3	83.2760	2
2136.95560	713.32580	3	76.1708	1
2137.12220	713.38135	3	69.8737	2
2143.09350	715.37180	3	81.2597	2
2148.10805	717.04330	3	61.3466	2
2156.01605	719.67930	3	65.3698	2
2169.12450	724.04875	3	76.0452	2
2170.03030	724.35070	3	75.8633	2
2180.98045	728.00075	3	66.6419	2
2181.13810	728.05330	3	80.3303	2
2181.13880	1091.57670	2	80.2931	2
2190.06670	731.02950	3	74.6045	2
2190.06770	1096.04115	2	74.5423	2
2201.11720	734.71300	3	73.2686	1
2205.01515	736.01230	3	71.4303	2
2205.09900	1103.55680	2	98.6762	2
2227.05210	743.35800	3	55.3677	2
2227.05350	1114.53405	2	55.3732	2
2236.11340	746.37840	3	85.3655	2
2240.18090	1121.09775	2	84.6379	2
2250.02125	751.01435	3	45.9509	2
2269.26210	757.42800	3	82.8804	2
2279.05660	760.69280	3	68.6192	2
2282.08410	761.70195	3	63.9462	2
2282.17680	761.73290	3	79.7748	1
2291.01925	764.68035	3	67.1824	2
2291.01930	1146.51695	2	67.1480	2
2295.09415	766.03865	3	79.5918	2
2297.12350	766.71510	3	69.8106	2
2299.15300	767.39160	3	64.5115	1
2306.10670	769.70950	3	77.8663	1
2323.19480	1162.60470	2	85.1400	2
2376.10015	793.04065	3	51.5005	2
2379.16430	794.06205	3	62.9085	2
2379.16490	595.79850	4	62.8384	2
2389.99010	797.67065	3	61.7936	2
2391.19850	1196.60650	2	95.3778	1
2401.30130	801.44105	3	81.8640	2
2404.07460	802.36545	3	71.2856	2
2407.22985	803.41720	3	75.9335	2
2416.24220	806.42135	3	84.3016	2
2427.24120	607.81760	4	60.6454	2
2435.25675	812.75950	3	65.4358	2
2440.35420	814.45870	3	91.2504	1
2460.19155	821.07115	3	85.3988	2
2525.29810	842.77330	3	85.8931	2
2532.23405	845.08525	3	74.0649	2
2549.47195	850.83125	3	83.2850	2
2549.96630	638.49890	4	84.9308	6
2589.27050	864.09740	3	70.8514	2
2620.21480	656.06100	4	65.1614	2
2660.31250	887.77810	3	63.9076	1
2804.28040	935.76740	3	77.1602	2
3208.55735	803.14660	4	70.2628	2
