mono_mass	mz	charge	rt	n_psm
798.41300	400.21380	2	39.3088	1
798.46070	400.23770	2	44.5184	1
799.45470	400.73460	2	50.2861	2
800.43895	401.22675	2	44.7766	2
800.43955	401.22705	2	41.2640	2
800.45465	401.23460	2	52.4132	2
801.43540	401.72500	2	37.5601	2
801.53260	401.77360	2	46.0630	2
802.38635	402.20045	2	39.7323	2
802.49860	402.25660	2	63.1141	1
806.39610	404.20530	2	38.4679	2
806.45430	404.23450	2	51.5020	1
807.41255	404.71355	2	40.9769	2
808.36240	405.18845	2	37.6990	2
808.43870	405.22660	2	37.1468	1
811.35470	406.68460	2	38.4105	2
812.42220	407.21840	2	43.9268	2
812.43900	407.22675	2	41.0081	2
812.47570	407.24515	2	60.9771	2
812.48680	407.25065	2	45.6906	2
812.51180	407.26320	2	50.1641	2
813.43715	407.72585	2	34.5940	2
814.45310	408.23385	2	44.4415	2
814.45525	408.23490	2	35.2786	2
814.45555	408.23510	2	52.7795	2
814.51675	408.26565	2	59.9179	2
815.43885	408.72670	2	39.7274	2
815.46890	408.74170	2	57.9160	1
815.47560	408.74510	2	43.2820	3
815.47735	408.74595	2	47.3726	2
815.49745	408.75600	2	39.0376	2
815.51040	408.76250	2	47.2433	1
816.44970	409.23215	2	67.6946	2
816.47055	409.24255	2	38.4179	2
817.44775	409.73115	2	34.4012	2
818.44060	410.22755	2	53.8594	2
818.49045	410.25250	2	75.3878	2
819.39515	410.70485	2	35.5588	2
819.43110	410.72285	2	64.3427	2
820.43465	411.22460	2	39.8688	2
820.46960	411.24210	2	46.5605	2
820.48825	411.25140	2	73.0543	2
821.42900	411.72180	2	41.7253	1
821.44745	411.73100	2	34.7125	2
822.39040	412.20250	2	31.1066	2
822.42445	412.21950	2	37.7955	2
823.41930	412.71690	2	37.2117	1
823.42680	412.72065	2	55.9334	2
823.44350	412.72900	2	46.1722	1
824.54835	413.28145	2	72.4847	2
826.43650	414.22555	2	42.5941	2
826.49135	414.25300	2	43.2056	2
826.52770	414.27115	2	50.8829	2
826.52800	414.27130	2	70.8799	2
827.49740	414.75595	2	38.8374	2
828.41560	415.21510	2	32.5567	1
828.44600	415.23030	2	40.7342	3
828.44980	415.23220	2	60.2179	1
828.50750	415.26100	2	52.5322	1
829.45470	415.73460	2	46.8988	1
829.46575	415.74015	2	42.6668	2
829.46585	415.74020	2	35.7129	2
829.49125	415.75290	2	56.9229	2
829.50285	415.75870	2	37.6772	2
830.45210	416.23330	2	41.2914	1
831.49700	416.75575	2	63.4390	2
831.49700	416.75580	2	71.2079	2
832.39230	417.20345	2	35.2252	2
832.42970	417.22210	2	46.0553	3
833.43180	417.72320	2	45.9041	1
833.43985	417.72720	2	63.9117	2
834.39050	418.20250	2	34.9964	2
834.43480	418.22470	2	38.7446	2
835.41390	418.71420	2	48.0929	2
835.44410	418.72935	2	44.2833	2
836.39055	419.20260	2	41.4735	2
836.39970	419.20710	2	42.1727	1
836.44130	419.22795	2	44.4638	2
836.44215	419.22835	2	57.5490	2
837.40265	419.70860	2	49.1140	2
837.40620	419.71035	2	55.4328	2
838.41735	420.21595	2	38.2998	2
839.42945	420.72200	2	56.1930	2
839.58485	420.79970	2	74.5450	2
840.47060	421.24260	2	43.9040	1
840.54275	421.27865	2	76.2691	2
840.54300	421.27880	2	60.9376	1
841.46630	421.74045	2	41.8437	2
841.49215	421.75335	2	55.9679	2
841.49335	421.75395	2	52.6418	2
842.42800	422.22130	2	48.7963	1
842.46105	422.23780	2	40.8130	2
842.48610	422.25035	2	53.1114	2
842.48670	422.25065	2	43.4279	2
842.48830	422.25145	2	39.4133	2
842.52265	422.26860	2	72.2891	2
842.52315	422.26885	2	50.3978	2
842.53425	422.27445	2	35.4312	2
843.45285	422.73370	2	40.3298	2
843.48145	422.74800	2	45.7361	2
843.54275	422.77865	2	64.5184	2
844.45495	423.23475	2	55.1328	2
844.46510	423.23980	2	36.2155	2
845.46045	423.73755	2	38.4366	2
845.46135	423.73795	2	45.2607	2
845.46480	423.73965	2	68.6533	2
845.51205	423.76330	2	66.4122	2
845.53755	423.77605	2	77.7800	2
846.42775	424.22115	2	43.9326	2
846.44855	424.23155	2	62.2576	2
847.42330	424.71890	2	44.9393	3
847.44495	424.72975	2	41.7269	2
847.48040	424.74745	2	46.6288	2
848.43920	425.22690	2	42.8679	2
848.43965	425.22710	2	53.9950	2
848.44315	425.22885	2	37.5467	2
849.42025	425.71745	2	47.8812	2
849.44195	425.72825	2	53.7245	2
850.35650	426.18550	2	38.9630	1
850.38555	426.20005	2	27.1026	2
850.45265	426.23365	2	47.5108	2
850.50235	426.25845	2	40.8059	2
851.40300	426.70880	2	36.3575	1
851.42130	426.71790	2	50.5782	1
851.42160	426.71805	2	46.7680	2
851.43710	426.72580	2	34.7859	1
851.43945	426.72700	2	38.0322	2
853.36100	427.68775	2	37.8480	2
853.39790	427.70620	2	43.8264	2
854.43980	428.22715	2	58.1985	2
854.46070	428.23765	2	40.9261	2
855.54290	428.77870	2	54.7526	1
856.43295	429.22375	2	65.6574	2
856.44770	429.23115	2	66.6452	2
856.47010	429.24230	2	51.4151	2
856.51230	429.26340	2	49.3354	1
856.51260	429.26360	2	58.1440	1
856.51500	429.26480	2	46.8921	2
856.53850	429.27655	2	58.9389	2
857.46195	429.73825	2	41.1810	2
857.49635	429.75545	2	47.4501	2
857.49675	429.75570	2	56.1357	2
858.45750	430.23600	2	45.4509	1
858.48030	430.24740	2	34.0100	2
858.96785	430.49120	2	44.8112	4
859.46475	430.73965	2	48.0587	2
859.46500	430.73980	2	39.0966	2
860.42400	431.21930	2	37.0149	2
860.46050	431.23750	2	34.4712	1
861.44465	431.72960	2	45.5878	2
861.47150	431.74305	2	48.9236	2
861.49610	431.75530	2	46.7641	1
861.50775	431.76115	2	77.0468	2
861.53305	431.77380	2	51.6864	2
862.38670	432.20060	2	40.3176	1
862.41870	432.21665	2	37.4776	2
863.45060	432.73255	2	35.9007	2
863.45770	432.73610	2	60.0070	1
864.42030	433.21745	2	51.0311	2
864.50695	433.26075	2	65.3432	2
865.41830	433.71640	2	36.2835	2
865.50185	433.75820	2	36.7776	2
866.49760	434.25610	2	43.8760	2
867.39690	434.70570	2	38.4926	1
867.41605	434.71530	2	51.2972	2
867.43390	434.72425	2	40.1042	2
868.45885	435.23675	2	39.0716	2
868.51305	435.26380	2	33.4624	2
869.49175	435.75315	2	35.3160	2
869.53330	435.77390	2	53.5987	1
869.53350	435.77405	2	61.1140	2
869.55850	435.78650	2	68.2953	2
870.43770	436.22610	2	34.8539	2
870.44990	436.23225	2	55.8753	2
870.51740	436.26600	2	59.2153	2
870.55440	436.28445	2	52.6278	2
871.45115	436.73285	2	41.9258	2
871.53740	436.77600	2	60.5962	2
872.47040	437.24250	2	36.7368	1
872.47505	437.24480	2	41.0391	2
872.49735	437.25595	2	43.3189	2
872.51520	437.26490	2	65.1317	2
873.47130	437.74295	2	46.4738	2
873.47515	437.74485	2	51.7416	2
873.48020	437.74740	2	49.6396	1
873.49565	437.75510	2	68.7664	2
874.43350	438.22405	2	45.8620	2
874.44890	438.23170	2	34.0670	2
874.45880	438.23670	2	50.9964	2
874.46545	438.24000	2	44.3288	2
874.46950	438.24205	2	36.8800	2
875.52265	438.76860	2	62.2780	2
876.41235	439.21345	2	40.3854	2
876.43815	439.22635	2	49.1210	2
876.47040	439.24250	2	51.4190	2
876.47865	439.24660	2	55.2224	2
876.49570	439.25515	2	69.1611	2
877.45375	439.73415	2	38.2707	2
877.46550	439.74000	2	46.1208	1
877.46615	439.74035	2	50.8788	2
877.50960	439.76210	2	71.3795	2
877.52725	439.77090	2	70.4191	2
878.45140	440.23300	2	31.8491	1
878.48665	440.25060	2	56.0487	2
878.48710	440.25080	2	51.5642	2
879.39840	440.70650	2	35.5992	1
880.41320	441.21390	2	39.7790	1
880.42890	441.22175	2	44.4693	2
880.54850	441.28150	2	54.5240	1
881.47180	441.74315	2	33.8562	2
882.48240	442.24850	2	37.4286	1
882.52880	442.27170	2	40.4355	2
883.51110	442.76280	2	40.7962	1
883.53800	442.77630	2	52.3587	1
883.53850	442.77655	2	59.9207	2
884.43975	443.22715	2	45.3127	2
884.50930	443.26190	2	48.9400	3
884.54385	443.27920	2	55.4974	2
884.56965	443.29210	2	75.6580	2
884.57020	443.29240	2	60.6624	2
885.42370	443.71915	2	40.0303	2
885.43370	443.72410	2	43.4011	1
885.44455	443.72955	2	35.7709	2
885.48960	443.75210	2	36.4722	1
885.49225	443.75340	2	52.6040	2
885.55360	443.78410	2	66.2433	1
886.48375	444.24915	2	43.5787	2
886.51190	444.26320	2	49.0808	1
887.45995	444.73725	2	37.3696	2
887.53245	444.77350	2	59.4364	2
888.44520	445.22990	2	54.4965	2
888.45545	445.23500	2	35.3160	2
888.46660	445.24055	2	39.1195	2
889.45845	445.73650	2	52.1584	2
889.46625	445.74040	2	49.2802	2
889.47725	445.74590	2	42.4701	2
889.48460	445.74960	2	71.6636	2
890.47705	446.24580	2	73.1372	2
890.48605	446.25030	2	47.6613	2
890.50440	446.25950	2	46.3689	2
891.44515	446.72985	2	50.3082	2
891.45100	446.73280	2	47.7679	3
891.48165	446.74810	2	64.0539	2
891.49725	446.75590	2	68.4415	2
891.50605	446.76030	2	67.8687	2
892.44035	447.22745	2	41.3776	2
892.48480	447.24965	2	78.4248	2
893.45085	447.73270	2	44.2894	2
893.46050	447.73750	2	46.8066	3
893.46075	447.73765	2	43.7990	2
893.46125	447.73790	2	37.4951	2
893.60610	447.81030	2	77.1929	2
894.50375	448.25920	2	32.7246	2
895.44750	448.73105	2	61.1218	2
895.46620	448.74040	2	42.4092	1
896.53300	449.27375	2	56.0172	2
897.40610	449.71030	2	68.0701	1
897.47405	449.74435	2	46.6792	2
897.50370	449.75910	2	34.9121	2
898.40740	450.21095	2	67.3041	2
898.48670	450.25065	2	36.4298	2
898.49070	450.25265	2	46.0090	2
898.54915	450.28185	2	68.2287	2
898.55995	450.28725	2	56.7422	2
899.43865	450.72660	2	54.8411	2
899.45060	450.73260	2	41.9071	2
899.51525	450.76495	2	61.5722	2
900.46370	451.23910	2	42.5890	2
900.49150	451.25300	2	54.0132	1
900.50250	451.25850	2	51.7515	2
900.53910	451.27685	2	44.9748	2
901.41160	451.71305	2	50.3653	2
901.43295	451.72375	2	40.2653	2
901.47660	451.74555	2	60.1422	2
901.48700	451.75075	2	34.7148	2
901.52400	451.76930	2	43.8334	2
902.41295	452.21375	2	48.8640	2
902.48230	452.24840	2	40.8446	2
903.48150	452.74800	2	54.1996	2
903.49690	452.75570	2	38.9930	1
903.52950	452.77200	2	43.6597	2
903.54275	452.77865	2	70.3198	2
904.42375	453.21920	2	33.1515	2
904.44365	453.22910	2	31.8503	2
904.53810	453.27640	2	64.4892	1
905.45175	453.73315	2	45.0700	2
905.45275	453.73365	2	66.6083	2
905.46190	453.73820	2	33.6128	1
905.46220	453.73840	2	33.5811	1
906.51710	454.26585	2	49.3745	2
907.45250	454.73355	2	38.3576	2
908.00390	455.00920	2	56.2686	4
908.53365	455.27410	2	42.2529	2
908.56950	455.29205	2	58.5730	2
909.42635	455.72045	2	56.7745	2
909.42665	455.72060	2	45.7693	2
909.47505	455.74480	2	71.8847	2
911.38035	456.69745	2	35.3060	2
911.47485	456.74470	2	62.2117	2
911.48970	456.75215	2	44.6163	2
911.49400	456.75430	2	30.1490	1
911.58020	456.79740	2	59.4727	2
912.54720	457.28090	2	44.0003	1
912.56470	457.28960	2	65.7037	2
913.42900	457.72180	2	49.8061	2
913.45290	457.73375	2	42.8344	2
913.48700	457.75075	2	48.4143	2
913.50820	457.76135	2	34.2765	2
913.54855	457.78155	2	55.0459	2
913.56015	457.78735	2	40.6348	2
913.59660	457.80560	2	41.9837	1
914.50760	458.26105	2	42.0193	2
914.51850	458.26655	2	47.2804	2
915.44740	458.73100	2	38.2549	2
915.46685	458.74070	2	43.4950	2
915.46930	458.74190	2	35.0040	2
915.51010	458.76230	2	33.5670	2
915.52120	458.76790	2	51.1120	1
915.52175	458.76815	2	76.5416	2
915.53865	458.77660	2	36.4673	2
916.48625	459.25040	2	42.4326	2
916.49835	459.25645	2	38.8860	2
917.48030	459.74740	2	41.3878	2
917.48140	459.74800	2	39.3185	2
918.44850	460.23155	2	81.3432	2
918.48420	460.24940	2	54.7789	2
918.49145	460.25300	2	65.3690	2
918.51745	460.26600	2	64.4333	2
918.51780	460.26615	2	58.3628	2
919.40305	460.70880	2	34.1572	2
919.40690	460.71070	2	62.7434	1
919.46845	460.74150	2	53.7403	2
919.51040	460.76250	2	54.0883	3
919.51265	460.76360	2	47.9193	2
919.51560	460.76505	2	58.7589	2
919.52040	460.76745	2	66.1395	2
920.49715	461.25585	2	48.1422	2
920.50790	461.26120	2	43.1790	1
921.45455	461.73455	2	41.7245	2
921.94785	461.98120	2	39.1809	4
922.43935	462.22695	2	51.0876	2
922.47575	462.24515	2	48.8399	2
923.43480	462.72470	2	44.9796	2
923.47290	462.74375	2	42.1330	2
924.43780	463.22615	2	49.2626	2
924.54055	463.27755	2	53.6907	2
924.56460	463.28960	2	56.6593	2
925.47060	463.74260	2	80.8471	1
925.50935	463.76195	2	30.8507	2
926.51840	464.26645	2	40.1713	2
926.55470	464.28465	2	31.9126	2
926.57955	464.29705	2	61.5697	2
926.59155	464.30305	2	62.8139	2
927.37600	464.69530	2	30.5276	1
927.44520	464.72985	2	47.4189	2
927.56455	464.78955	2	84.3232	2
928.45465	465.23460	2	51.8003	2
928.51720	465.26590	2	43.4187	1
928.52255	465.26855	2	49.4505	2
928.53480	465.27465	2	51.1502	2
928.55945	465.28700	2	64.0799	2
929.44640	465.73050	2	33.6783	1
929.45740	465.73600	2	31.0904	1
929.48070	465.74760	2	38.1712	2
929.50665	465.76060	2	56.1659	2
929.51230	465.76340	2	49.5414	2
929.51840	465.76645	2	37.2834	2
929.51855	465.76655	2	44.2125	2
929.51865	465.76660	2	42.1662	2
930.42335	466.21895	2	62.3080	2
930.46645	466.24050	2	36.2885	2
930.47755	466.24605	2	43.1848	2
930.51730	466.26595	2	65.8882	2
930.53850	466.27655	2	39.5006	2
931.47100	466.74280	2	37.2515	1
931.48605	466.75030	2	49.8850	2
931.50205	466.75830	2	57.0219	2
931.51340	466.76395	2	59.1250	2
931.53415	466.77435	2	69.0594	2
932.46405	467.23930	2	40.0277	2
932.54460	467.27955	2	43.7169	2
933.45580	467.73515	2	38.3765	2
933.48465	467.74960	2	52.8217	2
933.50370	467.75915	2	53.5489	2
933.50870	467.76160	2	88.2047	1
933.52870	467.77165	2	57.5984	2
933.54025	467.77740	2	33.9979	2
934.41490	468.21475	2	41.2100	2
934.45045	468.23250	2	40.3834	2
934.48610	468.25040	2	56.2645	1
934.48630	468.25040	2	44.3012	2
934.48755	468.25105	2	34.5785	2
934.51305	468.26380	2	51.2973	2
934.51335	468.26395	2	59.7702	2
934.52380	468.26920	2	60.8577	2
935.47045	468.74255	2	46.1568	2
936.45690	469.23575	2	32.6900	2
937.41445	469.71450	2	35.7338	2
937.48665	469.75060	2	41.8130	2
937.51170	469.76310	2	58.9486	2
938.43480	470.22465	2	39.0028	2
939.43070	470.72260	2	63.6871	1
939.46540	470.74000	2	34.0533	1
939.48160	470.74805	2	60.6813	2
939.48185	470.74820	2	81.6881	2
939.51385	470.76420	2	33.4406	2
939.53810	470.77640	2	54.6613	1
939.54960	470.78205	2	57.1392	2
939.56445	470.78950	2	81.8822	2
940.44385	471.22920	2	46.4222	2
940.52625	471.27040	2	63.2165	2
940.53445	471.27450	2	35.5941	2
941.43475	471.72465	2	39.6491	2
941.57885	471.79675	2	68.0200	2
941.60635	471.81045	2	80.9163	2
942.48660	472.25055	2	44.8859	2
942.50305	472.25880	2	37.0712	2
942.51390	472.26420	2	49.2109	3
942.53850	472.27650	2	50.0637	3
943.44745	472.73100	2	62.4586	2
943.48765	472.75110	2	45.1271	2
944.43140	473.22300	2	64.8468	2
944.46880	473.24170	2	31.3455	2
944.47515	473.24485	2	56.2846	2
944.49250	473.25355	2	44.1042	2
944.50430	473.25945	2	31.6677	2
944.51760	473.26610	2	49.0256	1
944.51855	473.26655	2	46.5676	2
944.52840	473.27150	2	50.4912	1
944.55545	473.28500	2	55.9611	2
945.46015	473.73735	2	78.3371	2
945.51310	473.76385	2	41.8040	2
945.54990	473.78225	2	59.9777	2
946.50880	474.26165	2	38.3381	2
946.51000	474.26230	2	35.5739	1
946.51280	474.26370	2	47.0300	2
946.52640	474.27050	2	70.9648	1
946.53540	474.27495	2	39.3803	2
946.54950	474.28205	2	75.8785	2
947.43590	474.72525	2	39.2437	2
947.51465	474.76460	2	72.8189	2
948.43145	475.22300	2	32.4074	2
948.46630	475.24045	2	54.0485	2
948.46690	475.24075	2	45.5022	2
948.61180	475.31320	2	58.3195	2
949.48660	475.75055	2	55.3791	2
949.48690	475.75075	2	41.0646	2
949.49190	475.75320	2	88.1186	2
949.52730	475.77090	2	81.0976	2
950.45245	476.23350	2	51.2747	2
950.48235	476.24845	2	50.1714	2
950.48285	476.24870	2	47.6825	2
950.48585	476.25020	2	75.0488	2
950.50130	476.25790	2	60.7454	2
950.50780	476.26120	2	53.0113	2
951.51750	476.76600	2	81.6991	2
952.45010	477.23235	2	44.2450	2
952.53460	477.27455	2	43.5466	2
954.44040	478.22745	2	36.9830	2
954.44495	478.22975	2	53.5999	2
955.53405	478.77430	2	64.1161	2
956.50470	479.25965	2	39.4979	2
956.51710	479.26585	2	38.0533	2
956.52870	479.27160	2	47.9471	2
956.52930	479.27190	2	54.4383	2
956.52970	479.27210	2	45.3814	2
956.53675	479.27565	2	67.8162	2
956.57935	479.29695	2	79.2514	2
957.48985	479.75220	2	33.6968	2
957.51340	479.76400	2	48.9504	1
957.59770	479.80615	2	48.9888	2
958.47650	480.24550	2	42.3219	2
958.48745	480.25100	2	57.7461	2
958.50105	480.25780	2	57.9795	2
959.50890	480.76175	2	42.4660	2
959.53055	480.77255	2	43.8827	2
959.53200	480.77325	2	70.2644	2
959.55505	480.78480	2	59.2474	2
959.58075	480.79765	2	85.4185	2
960.45105	481.23280	2	36.3093	2
960.46030	481.23740	2	32.5009	2
960.47035	481.24245	2	46.8342	2
960.47460	481.24455	2	43.0120	2
960.51255	481.26355	2	40.4061	2
960.53960	481.27705	2	62.8678	2
961.45375	481.73420	2	35.0837	2
962.47135	482.24295	2	47.4551	2
962.48570	482.25010	2	51.4088	1
962.50730	482.26090	2	63.6382	2
962.51895	482.26675	2	56.4975	2
962.53915	482.27685	2	88.0240	2
963.44475	482.72965	2	55.8205	2
963.50230	482.75840	2	41.4502	3
963.50655	482.76055	2	35.7895	2
963.55475	482.78465	2	76.3862	2
964.46190	483.23820	2	39.1861	2
964.48000	483.24730	2	70.6459	1
964.49775	483.25615	2	44.2757	2
964.52310	483.26880	2	55.3820	1
965.44505	483.72985	2	42.6123	2
965.44540	483.73000	2	53.9540	1
965.44855	483.73155	2	35.9431	2
965.46005	483.73730	2	38.7969	2
965.48270	483.74860	2	61.8929	2
965.62710	483.82085	2	84.2958	2
966.46485	484.23970	2	42.8472	2
966.46730	484.24095	2	37.5896	2
966.47180	484.24320	2	45.5151	1
966.49200	484.25325	2	76.6344	2
966.51460	484.26460	2	46.1982	1
966.51490	484.26480	2	46.2442	1
966.52430	484.26945	2	48.2569	2
967.47960	484.74710	2	59.1569	2
967.52110	484.76780	2	30.2395	1
967.52405	484.76930	2	48.7536	2
967.58205	484.79830	2	57.8985	2
968.44520	485.22985	2	41.5202	2
968.52720	485.27090	2	38.3287	2
968.52910	485.27180	2	49.9085	2
969.43240	485.72350	2	40.6335	1
969.48785	485.75120	2	41.4116	2
969.52470	485.76960	2	51.5982	2
969.55020	485.78240	2	42.1262	1
969.56045	485.78750	2	53.9854	2
969.58600	485.80030	2	65.4063	2
969.58610	485.80035	2	70.0037	2
970.46540	486.24000	2	33.2974	1
970.48710	486.25085	2	55.8556	2
970.52170	486.26810	2	42.3645	1
970.54430	486.27940	2	57.0755	1
970.58030	486.29740	2	34.3414	2
970.58135	486.29795	2	70.4794	2
970.58165	486.29810	2	46.4104	2
971.50375	486.75915	2	32.4607	2
971.52850	486.77155	2	60.1609	2
971.52855	486.77155	2	49.7368	2
971.52950	486.77200	2	37.1476	2
971.55340	486.78400	2	58.8876	2
971.56490	486.78975	2	34.8260	2
972.46600	487.24025	2	34.4815	2
973.50740	487.76100	2	40.7155	1
973.50820	487.76140	2	43.1272	2
973.54195	487.77825	2	35.0115	2
974.50375	488.25915	2	39.1640	2
974.51860	488.26660	2	60.0120	2
975.49045	488.75250	2	30.1942	2
975.50345	488.75900	2	53.5489	2
975.53880	488.77670	2	66.0099	1
976.50820	489.26140	2	48.9943	1
976.52330	489.26895	2	61.5423	2
976.52670	489.27065	2	70.6468	2
976.53755	489.27605	2	33.7924	2
976.54565	489.28010	2	42.3296	2
977.44450	489.72955	2	47.7995	2
977.48110	489.74780	2	46.5614	1
977.48180	489.74820	2	61.9464	1
977.51870	489.76660	2	53.5044	1
978.46635	490.24045	2	46.7342	2
978.47595	490.24525	2	42.5511	2
978.50180	490.25820	2	59.3069	3
979.44950	490.73200	2	67.3586	2
979.46145	490.73805	2	39.6361	2
979.49735	490.75595	2	53.6839	2
980.45680	491.23570	2	37.8903	2
980.49630	491.25545	2	53.3444	2
981.52330	491.76890	2	30.7531	2
982.46020	492.23740	2	34.5937	2
982.47650	492.24550	2	43.0354	2
982.52045	492.26750	2	39.1547	2
983.47420	492.74440	2	49.2947	2
983.50620	492.76040	2	43.3362	2
983.57625	492.79540	2	65.5610	2
983.58415	492.79935	2	73.0330	2
983.58720	492.80090	2	45.7079	2
983.60160	492.80810	2	59.2115	3
984.63390	493.32420	2	51.5459	2
985.37475	493.69465	2	34.7958	2
985.53720	493.77590	2	47.1867	1
985.55195	493.78325	2	44.2615	2
985.61800	493.81630	2	47.1087	1
986.48870	494.25165	2	68.9682	2
987.49830	494.75645	2	32.2609	2
987.52335	494.76895	2	45.8823	2
987.53440	494.77445	2	50.6314	2
987.57220	494.79340	2	60.5530	1
988.48265	495.24860	2	39.2269	2
988.50880	495.26170	2	54.1720	2
988.51995	495.26725	2	43.7232	2
988.54325	495.27890	2	48.3436	2
988.55040	495.28250	2	54.2854	2
988.57400	495.29430	2	73.4054	2
988.58065	495.29760	2	51.8332	2
989.55375	495.78415	2	49.4766	2
989.55470	495.78465	2	60.0755	2
990.45900	496.23675	2	38.3187	2
990.47455	496.24455	2	47.0831	2
990.51280	496.26370	2	35.8139	1
990.55050	496.28255	2	74.6114	2
991.50890	496.76170	2	61.8922	2
991.54650	496.78055	2	70.7635	2
991.57040	496.79250	2	62.7858	2
992.48455	497.24955	2	57.7097	2
992.53335	497.27395	2	82.4957	2
992.55400	497.28430	2	70.0348	1
992.60195	497.30825	2	71.9826	2
993.44040	497.72745	2	30.5080	2
993.44175	497.72815	2	43.6912	2
993.45145	497.73300	2	41.2736	2
993.47875	497.74665	2	30.1818	2
993.49185	497.75320	2	65.0074	2
993.51285	497.76370	2	50.5769	2
993.51290	497.76375	2	54.1646	2
993.54905	497.78180	2	66.0251	2
994.45380	498.23420	2	36.6084	1
994.49655	498.25555	2	50.1064	2
994.50815	498.26135	2	48.6567	2
994.50885	498.26170	2	33.0211	2
994.51610	498.26535	2	74.3197	2
994.54535	498.27995	2	36.1867	2
994.60570	498.31015	2	75.5089	2
994.65355	498.33405	2	47.5705	2
996.52385	499.26920	2	49.0695	2
997.46900	499.74180	2	61.7121	1
997.56650	499.79055	2	40.7639	2
997.58080	499.79770	2	40.4843	1
998.50070	500.25765	2	59.0113	2
998.58750	500.30100	2	42.1661	2
999.47990	500.74725	2	32.8504	2
999.53265	500.77360	2	30.8726	2
999.53425	500.77440	2	43.5512	2
999.55515	500.78485	2	39.7642	2
999.57130	500.79290	2	33.5345	2
1000.42935	501.22195	2	36.4275	2
1000.49260	501.25360	2	36.8995	2
1000.55250	501.28360	2	60.4994	2
1000.59210	501.30330	2	63.7984	2
1001.51450	501.76450	2	45.1971	3
1001.55410	501.78435	2	68.7081	2
1001.56110	501.78780	2	34.9072	1
1001.58690	501.80070	2	48.7221	2
1002.46950	502.24205	2	35.1590	2
1002.48155	502.24805	2	39.9669	2
1002.48675	502.25065	2	42.4981	2
1002.52900	502.27180	2	38.8976	2
1002.54745	502.28100	2	34.3622	2
1002.56120	502.28785	2	37.7410	2
1003.48190	502.74820	2	31.7605	2
1003.50045	502.75750	2	44.3594	2
1003.51960	502.76710	2	45.4258	1
1003.52460	502.76960	2	36.5213	2
1003.57085	502.79270	2	79.3687	2
1004.54060	503.27755	2	49.1983	2
1004.56395	503.28925	2	44.5809	2
1005.46950	503.74200	2	50.1548	1
1005.47980	503.74720	2	39.1612	2
1005.49180	503.75320	2	31.1867	1
1005.49785	503.75620	2	33.2328	2
1005.53140	503.77295	2	70.1067	2
1005.53575	503.77515	2	37.0492	2
1006.47060	504.24260	2	42.6930	2
1006.49910	504.25680	2	55.2800	2
1007.45590	504.73520	2	50.1026	1
1007.46660	504.74060	2	42.0838	2
1007.47500	504.74480	2	52.6225	1
1007.50125	504.75790	2	44.9274	2
1007.52340	504.76900	2	66.3568	2
1007.54040	504.77745	2	57.4205	2
1007.54360	504.77910	2	69.8217	1
1007.67485	504.84470	2	74.2566	2
1008.47640	505.24545	2	51.7094	2
1008.51065	505.26260	2	62.1019	2
1008.51875	505.26665	2	52.4762	2
1009.44790	505.73125	2	43.3728	2
1009.52120	505.76790	2	37.5073	3
1009.54865	505.78160	2	89.2876	2
1010.49740	506.25600	2	40.0397	1
1010.57515	506.29485	2	69.5756	2
1011.52400	506.76930	2	37.8002	1
1011.53465	506.77460	2	46.2186	2
1011.57160	506.79305	2	53.6709	2
1011.60755	506.81105	2	69.1028	2
1012.56975	507.29215	2	60.1735	2
1012.57030	507.29240	2	70.4796	2
1012.58215	507.29835	2	62.3884	2
1012.60315	507.30885	2	40.3195	2
1012.63915	507.32685	2	50.7971	2
1013.46440	507.73950	2	73.4266	2
1013.47180	507.74315	2	26.3633	2
1013.53935	507.77695	2	44.9460	2
1013.55505	507.78480	2	67.0019	2
1013.56170	507.78815	2	39.0905	2
1013.62360	507.81910	2	68.3151	2
1014.51080	508.26270	2	32.1729	1
1014.53265	508.27360	2	39.3765	2
1014.56695	508.29075	2	47.2058	2
1014.57090	508.29270	2	38.9188	2
1014.58155	508.29805	2	39.8436	2
1015.48885	508.75175	2	40.6987	2
1015.54390	508.77925	2	90.4325	2
1015.58530	508.79995	2	72.5845	2
1015.59275	508.80365	2	67.1770	2
1016.42690	509.22070	2	28.3236	1
1016.45985	509.23720	2	38.1839	2
1016.50560	509.26010	2	37.0424	1
1016.51840	509.26645	2	49.0444	2
1016.53280	509.27370	2	49.6929	2
1016.54785	509.28120	2	50.9709	2
1017.47170	509.74310	2	42.5297	2
1017.51730	509.76595	2	78.4875	2
1017.53435	509.77450	2	40.2057	2
1017.57270	509.79365	2	42.2757	2
1017.60810	509.81135	2	67.3909	2
1017.62265	509.81860	2	67.9255	2
1018.54500	510.27975	2	41.5895	2
1019.42070	510.71760	2	44.6741	2
1019.50395	510.75925	2	44.0767	2
1019.54055	510.77755	2	36.3479	2
1019.54065	510.77765	2	55.2796	2
1019.54740	510.78095	2	68.3253	2
1019.55255	510.78360	2	48.7563	2
1020.44610	511.23030	2	30.4200	1
1020.52370	511.26915	2	57.6547	2
1020.52400	511.26925	2	65.4759	2
1020.52425	511.26940	2	50.5408	2
1020.53470	511.27460	2	56.5665	2
1021.43850	511.72650	2	38.9981	1
1021.44950	511.73200	2	35.3438	2
1021.49490	511.75470	2	31.4241	2
1021.51205	511.76330	2	44.7474	2
1021.54490	511.77970	2	61.7118	2
1021.60350	511.80900	2	53.7742	2
1021.70230	511.85840	2	68.9067	1
1022.43765	512.22610	2	65.1105	2
1022.50425	512.25940	2	54.3750	2
1022.51100	512.26275	2	78.8001	2
1023.51675	512.76565	2	62.0478	2
1023.60720	512.81085	2	69.5089	2
1025.45180	513.73320	2	39.5498	1
1025.50315	513.75885	2	41.9906	2
1025.55020	513.78240	2	36.7104	1
1025.60240	513.80845	2	50.6806	2
1026.44630	514.23040	2	43.4074	2
1026.48120	514.24790	2	57.3333	2
1027.56600	514.79030	2	34.4555	1
1027.56650	514.79055	2	37.4302	2
1027.59175	514.80315	2	60.0805	2
1027.60210	514.80830	2	70.2063	2
1028.56015	515.28735	2	44.1968	2
1029.47675	515.74565	2	57.7686	2
1029.53900	515.77680	2	53.4510	2
1029.54310	515.77880	2	38.5003	2
1029.55770	515.78615	2	31.3325	2
1029.57570	515.79510	2	47.9960	1
1029.58210	515.79830	2	37.8827	2
1030.52960	516.27205	2	36.7338	2
1030.59190	516.30325	2	80.3603	2
1030.60665	516.31060	2	77.1265	2
1031.46295	516.73875	2	65.3959	2
1031.50290	516.75870	2	42.6433	2
1031.50655	516.76055	2	50.3185	2
1031.52330	516.76890	2	39.3494	1
1031.54745	516.78100	2	52.7567	2
1031.58655	516.80055	2	58.0063	2
1032.49900	517.25675	2	42.9836	2
1032.53520	517.27490	2	49.8927	2
1032.59730	517.30590	2	75.1418	2
1033.56640	517.79050	2	44.3522	2
1033.58080	517.79765	2	83.6880	2
1033.61770	517.81610	2	71.0898	2
1034.52245	518.26850	2	66.0800	2
1034.56590	518.29020	2	63.3198	1
1035.48730	518.75090	2	62.0139	2
1035.56100	518.78775	2	61.6299	2
1036.51850	519.26650	2	42.6072	2
1036.53350	519.27400	2	72.7949	2
1036.53830	519.27640	2	68.9914	2
1036.55535	519.28495	2	64.5525	2
1036.66430	519.33940	2	49.7353	1
1037.50470	519.75965	2	34.9811	2
1037.52560	519.77010	2	38.6663	1
1037.53210	519.77330	2	61.9708	1
1037.62330	519.81890	2	55.9998	2
1037.64870	519.83165	2	72.3694	2
1038.47950	520.24700	2	48.0376	2
1038.54670	520.28060	2	36.2337	2
1039.49770	520.75615	2	53.4583	2
1039.56585	520.79020	2	46.9800	2
1039.56660	520.79055	2	49.0039	2
1040.49300	521.25375	2	32.3942	2
1040.49595	521.25525	2	42.8961	2
1040.59820	521.30635	2	57.9516	2
1040.62275	521.31865	2	75.2617	2
1040.65985	521.33720	2	61.4046	2
1041.44020	521.72740	2	46.2083	1
1041.45480	521.73470	2	36.7726	2
1041.53335	521.77395	2	51.2041	2
1041.53690	521.77570	2	47.7955	1
1041.58090	521.79775	2	53.1622	2
1042.51485	522.26470	2	65.6913	2
1042.53045	522.27250	2	38.5874	2
1042.55520	522.28490	2	54.5508	2
1042.57670	522.29565	2	42.0761	2
1043.54255	522.77855	2	49.5387	2
1043.55000	522.78230	2	79.8043	2
1043.56110	522.78785	2	34.7907	2
1043.56245	522.78850	2	37.7306	2
1043.60385	522.80920	2	64.6885	2
1044.52070	523.26765	2	45.7695	2
1044.53900	523.27680	2	67.0754	2
1044.56130	523.28795	2	59.5309	2
1045.51210	523.76330	2	58.0939	1
1045.53875	523.77665	2	45.4385	2
1045.54025	523.77740	2	34.5912	2
1045.54035	523.77745	2	32.3993	2
1045.56530	523.78990	2	50.9370	1
1045.60225	523.80840	2	61.6531	2
1046.52485	524.26970	2	36.9318	2
1046.59745	524.30600	2	50.3979	2
1047.52720	524.77085	2	61.0713	2
1048.47840	525.24650	2	35.8789	2
1048.55665	525.28560	2	33.1836	2
1049.45750	525.73605	2	29.6998	2
1049.52575	525.77015	2	52.0031	2
1049.53430	525.77440	2	41.1455	1
1049.56180	525.78820	2	38.9587	3
1050.51770	526.26610	2	57.3509	1
1050.53390	526.27420	2	49.0205	1
1050.53560	526.27510	2	48.9783	1
1050.55745	526.28600	2	32.7695	2
1050.57155	526.29305	2	63.3582	2
1051.49345	526.75400	2	38.1493	2
1052.46230	527.23840	2	58.8332	1
1053.61880	527.81670	2	56.9835	2
1054.49770	528.25610	2	69.7979	1
1054.53395	528.27425	2	76.3572	2
1054.54100	528.27780	2	32.9618	2
1054.60315	528.30885	2	58.0842	2
1055.42310	528.71880	2	48.0351	2
1055.49255	528.75355	2	45.5920	2
1055.58640	528.80045	2	64.9732	2
1055.58720	528.80090	2	68.6811	1
1056.53240	529.27350	2	78.3979	2
1056.58235	529.29845	2	55.9110	2
1056.59355	529.30405	2	53.8322	2
1057.48635	529.75045	2	29.6578	2
1057.51070	529.76260	2	73.1063	1
1057.55195	529.78325	2	41.7532	2
1057.57680	529.79565	2	37.2315	2
1057.57830	529.79645	2	45.3459	2
1057.61660	529.81555	2	38.4440	2
1057.63870	529.82665	2	79.2463	2
1058.49220	530.25340	2	51.4773	2
1058.54440	530.27950	2	79.8712	2
1058.55830	530.28640	2	73.3430	2
1058.57400	530.29425	2	47.4870	2
1058.59775	530.30615	2	40.9362	2
1059.51000	530.76225	2	44.5270	2
1059.53945	530.77700	2	56.4688	2
1060.47570	531.24510	2	34.4945	2
1060.52325	531.26890	2	75.8110	2
1060.61725	531.31590	2	84.5632	2
1061.55050	531.78255	2	45.6467	2
1061.57595	531.79525	2	76.0308	2
1062.52420	532.26940	2	78.7858	1
1062.53455	532.27455	2	57.4507	2
1062.57175	532.29315	2	61.4171	2
1062.60800	532.31130	2	43.7275	1
1063.53095	532.77275	2	45.2923	2
1063.54155	532.77805	2	47.0039	2
1063.55410	532.78435	2	60.8805	2
1063.56670	532.79060	2	65.4492	1
1063.60660	532.81060	2	77.4939	1
1064.56320	533.28890	2	31.9765	1
1064.58760	533.30110	2	52.0803	1
1064.63465	533.32460	2	55.8006	2
1065.44805	533.73130	2	47.2366	2
1065.50905	533.76180	2	39.8886	2
1065.55240	533.78350	2	62.4335	2
1065.55330	533.78390	2	79.5523	1
1066.45735	534.23595	2	54.7080	2
1066.46760	534.24105	2	33.0100	2
1066.50485	534.25970	2	31.4301	2
1066.51900	534.26680	2	57.2379	2
1067.51340	534.76395	2	46.2516	2
1067.53640	534.77550	2	40.3665	3
1067.57255	534.79355	2	53.2526	2
1068.55080	535.28270	2	37.9791	3
1068.55930	535.28690	2	64.9390	1
1068.58285	535.29870	2	61.0602	2
1068.59310	535.30380	2	57.7729	2
1068.65380	535.33420	2	46.3366	2
1070.63340	536.32400	2	70.2106	2
1071.56710	536.79080	2	49.8273	2
1072.08470	537.04960	2	54.7235	4
1072.53115	537.27285	2	48.2851	2
1072.57390	537.29420	2	74.7924	3
1072.59925	537.30690	2	40.0888	2
1072.61315	537.31385	2	42.0971	2
1073.49975	537.75715	2	45.4016	2
1073.52590	537.77020	2	34.8768	3
1073.58760	537.80105	2	44.5831	2
1073.59080	537.80265	2	60.0449	2
1073.60895	537.81175	2	87.5659	2
1073.60965	537.81210	2	35.5331	2
1073.65965	537.83710	2	64.6289	2
1074.54675	538.28065	2	43.9631	2
1074.55810	538.28630	2	54.0558	2
1074.57085	538.29270	2	60.6938	2
1075.47860	538.74660	2	34.4189	1
1075.53440	538.77445	2	66.7401	2
1075.59130	538.80290	2	71.3808	1
1075.61190	538.81320	2	58.5030	1
1076.46030	539.23740	2	52.2212	1
1076.51415	539.26435	2	49.8563	2
1076.55910	539.28680	2	38.8573	1
1076.56160	539.28810	2	54.9234	2
1076.57190	539.29325	2	43.5182	2
1077.57100	539.79275	2	65.3472	2
1077.60510	539.80980	2	40.1110	2
1078.47390	540.24425	2	35.7230	2
1078.50340	540.25895	2	41.6910	2
1080.54080	541.27770	2	30.9547	1
1081.62450	541.81950	2	60.9271	1
1082.42930	542.22190	2	38.1125	1
1082.53260	542.27360	2	55.5549	2
1082.55605	542.28530	2	83.2542	2
1082.64480	542.32970	2	55.8323	2
1084.48615	543.25035	2	39.1809	2
1084.52015	543.26735	2	74.3816	2
1084.57005	543.29230	2	45.9812	2
1084.57050	543.29255	2	90.2639	2
1084.63840	543.32645	2	79.7820	2
1084.66130	543.33790	2	56.7413	1
1085.60825	543.81140	2	51.9890	2
1085.61315	543.81385	2	44.6059	2
1085.64445	543.82950	2	68.2598	2
1086.55590	544.28525	2	50.6002	6
1086.55635	544.28545	2	48.1716	2
1086.56780	544.29115	2	33.9674	2
1087.55230	544.78340	2	51.5680	2
1087.55630	544.78540	2	43.0312	1
1087.56130	544.78790	2	43.0602	1
1087.58875	544.80165	2	42.2660	2
1087.60025	544.80740	2	30.9023	2
1087.61305	544.81380	2	71.1195	2
1088.45575	545.23515	2	37.2936	2
1088.50670	545.26060	2	31.9528	3
1088.55450	545.28455	2	71.7766	2
1088.60830	545.31145	2	35.9670	2
1089.53400	545.77430	2	42.2335	1
1089.55745	545.78600	2	34.6796	2
1089.60225	545.80840	2	45.1552	2
1090.46860	546.24160	2	38.0609	2
1090.60320	546.30885	2	60.0631	2
1091.52715	546.77085	2	31.4048	2
1092.53845	547.27650	2	55.6561	2
1092.58120	547.29790	2	54.3851	2
1093.54010	547.77735	2	58.4953	2
1094.55040	548.28245	2	68.7434	2
1094.55505	548.28480	2	78.4652	2
1094.55940	548.28700	2	33.3970	1
1094.56570	548.29015	2	48.4513	2
1094.57390	548.29420	2	36.8994	2
1094.59720	548.30590	2	58.2780	1
1095.46130	548.73790	2	53.3799	2
1095.56325	548.78890	2	70.1910	2
1095.56720	548.79085	2	31.5168	2
1096.53120	549.27290	2	49.1212	2
1096.56390	549.28925	2	42.3868	2
1097.60895	549.81175	2	57.0577	2
1098.53530	550.27490	2	45.3458	2
1098.57920	550.29685	2	36.2676	2
1098.58260	550.29855	2	50.9395	2
1099.49440	550.75450	2	60.8071	2
1100.46050	551.23750	2	66.9994	2
1100.55790	551.28625	2	33.8831	2
1100.56220	551.28840	2	37.6720	2
1100.57205	551.29330	2	71.7176	2
1100.62350	551.31905	2	95.3917	2
1101.48410	551.74930	2	61.3609	1
1101.52410	551.76935	2	56.1617	2
1101.55565	551.78510	2	70.9920	2
1101.60760	551.81110	2	38.2355	2
1101.65155	551.83305	2	53.8884	2
1102.50910	552.26185	2	66.7060	2
1102.55785	552.28620	2	34.6192	2
1102.57680	552.29570	2	64.9076	1
1102.58710	552.30085	2	36.5853	2
1103.56175	552.78815	2	39.9720	2
1103.58230	552.79840	2	50.9909	1
1103.63865	552.82660	2	85.3492	2
1104.45580	553.23520	2	31.1683	1
1104.47605	553.24530	2	34.9265	4
1104.50850	553.26150	2	53.0782	2
1104.51850	553.26655	2	45.0083	2
1104.53150	553.27300	2	44.6834	1
1104.54640	553.28050	2	44.8149	3
1104.54725	553.28090	2	47.2568	2
1104.56400	553.28925	2	49.2058	2
1104.56710	553.29080	2	33.7717	1
1104.58730	553.30090	2	85.6978	1
1104.59290	553.30370	2	60.5577	2
1104.62625	553.32040	2	88.3100	2
1104.69125	553.35290	2	89.8633	2
1105.52990	553.77225	2	63.5629	2
1105.57700	553.79580	2	65.3134	2
1106.53940	554.27700	2	47.8045	2
1106.55985	554.28720	2	67.6460	2
1106.58640	554.30045	2	83.6263	2
1106.60915	554.31185	2	83.1004	2
1107.53910	554.77685	2	61.9851	2
1107.54460	554.77960	2	54.6155	2
1107.54975	554.78215	2	66.3489	2
1107.55670	554.78565	2	55.4013	2
1107.55785	554.78620	2	37.6062	2
1107.57505	554.79480	2	67.8876	2
1107.59275	554.80365	2	45.2948	2
1108.51375	555.26415	2	31.8946	2
1108.54535	555.27995	2	32.6321	2
1108.57020	555.29240	2	79.0706	2
1108.57100	555.29280	2	48.7167	1
1108.92080	555.46770	2	37.4427	4
1109.53350	555.77405	2	79.5901	2
1109.54000	555.77730	2	47.4002	2
1109.55120	555.78285	2	90.6952	2
1109.58640	555.80050	2	58.9184	2
1109.61240	555.81350	2	71.8581	2
1110.52045	556.26750	2	60.8894	2
1110.59055	556.30255	2	84.0349	2
1110.66575	556.34015	2	75.0847	2
1111.57030	556.79240	2	34.0779	1
1111.66330	556.83890	2	58.6328	1
1113.63935	557.82695	2	59.2472	2
1114.55575	558.28515	2	79.0430	2
1114.56595	558.29025	2	64.9127	2
1114.62450	558.31955	2	62.5651	2
1115.05480	558.53465	2	46.5626	4
1115.51445	558.76450	2	47.4002	2
1115.52490	558.76970	2	33.2703	2
1115.55760	558.78605	2	34.9251	2
1115.58220	558.79840	2	42.2123	2
1115.60140	558.80800	2	56.3105	2
1116.50260	559.25860	2	44.3246	1
1116.56330	559.28890	2	54.6708	2
1116.58315	559.29885	2	73.2503	2
1116.61400	559.31430	2	35.4623	2
1116.65415	559.33435	2	83.9165	2
1117.52650	559.77050	2	39.5777	2
1117.54315	559.77885	2	42.7021	2
1117.56025	559.78740	2	51.3332	2
1117.59795	559.80625	2	50.0100	2
1117.60615	559.81035	2	71.3872	2
1118.01720	560.01585	2	46.5003	4
1118.48430	560.24940	2	32.9938	2
1118.54855	560.28155	2	76.9627	2
1118.60440	560.30950	2	70.2154	2
1118.63365	560.32410	2	57.7095	2
1119.54305	560.77880	2	69.7520	2
1119.58150	560.79805	2	86.7749	2
1119.58185	560.79820	2	63.1985	2
1119.59575	560.80515	2	67.8749	2
1119.66950	560.84205	2	83.5462	2
1120.05915	561.03685	2	57.9060	4
1120.57630	561.29545	2	60.8249	2
1121.53515	561.77485	2	68.9369	2
1121.54735	561.78095	2	43.3031	2
1121.57215	561.79335	2	42.9599	2
1121.60895	561.81175	2	47.9372	2
1122.51330	562.26390	2	60.0680	2
1123.47820	562.74640	2	46.4390	2
1123.56980	562.79220	2	57.8628	2
1123.58035	562.79745	2	54.5300	2
1124.59005	563.30230	2	62.4476	2
1124.61915	563.31685	2	69.8664	2
1124.63150	563.32300	2	35.8411	1
1125.51130	563.76295	2	35.1665	2
1125.53865	563.77660	2	49.2354	2
1125.57070	563.79265	2	43.5130	2
1125.63995	563.82725	2	61.4645	2
1126.62140	564.31800	2	84.5278	2
1126.66020	564.33740	2	78.0675	2
1127.47410	564.74430	2	69.5424	2
1127.61305	564.81380	2	63.0654	2
1127.65570	564.83515	2	53.0989	2
1128.56720	565.29085	2	42.2170	2
1128.58760	565.30105	2	32.2302	2
1128.62170	565.31810	2	87.4640	1
1128.63890	565.32675	2	60.3136	2
1129.58135	565.79795	2	56.1032	2
1129.63415	565.82435	2	40.2331	2
1129.63475	565.82465	2	35.3696	2
1129.67065	565.84260	2	70.7062	2
1130.55930	566.28690	2	26.0332	1
1130.56120	566.28790	2	47.5731	2
1131.57690	566.79575	2	34.3673	2
1131.62890	566.82170	2	71.0078	2
1131.65415	566.83435	2	82.5626	2
1132.54015	567.27735	2	32.7564	2
1132.55590	567.28520	2	57.3254	2
1132.58795	567.30125	2	62.2982	2
1133.55335	567.78395	2	69.6572	2
1133.57130	567.79290	2	56.4022	2
1133.57160	567.79310	2	72.7844	2
1133.57480	567.79465	2	66.6765	2
1133.60960	567.81210	2	62.6587	2
1134.53390	568.27420	2	44.0275	2
1134.54040	568.27750	2	46.6894	2
1134.57850	568.29650	2	46.5310	1
1134.59210	568.30335	2	48.1997	2
1135.62540	568.82000	2	41.3445	1
1136.53625	569.27540	2	53.5462	2
1136.57145	569.29300	2	58.1879	2
1136.57175	569.29315	2	61.5602	2
1137.56410	569.78935	2	83.7610	2
1137.57870	569.79660	2	55.6861	2
1138.56640	570.29050	2	62.8568	2
1138.58750	570.30100	2	34.7607	1
1139.54605	570.78030	2	54.9553	2
1139.56200	570.78825	2	67.0320	2
1139.63030	570.82240	2	39.9324	2
1139.65435	570.83445	2	62.1356	2
1140.52325	571.26890	2	33.4971	2
1140.61650	571.31550	2	63.0961	1
1141.55515	571.78485	2	72.5246	2
1141.56795	571.79125	2	63.1637	2
1141.59775	571.80615	2	32.6321	2
1141.61010	571.81230	2	59.8567	2
1142.52450	572.26955	2	68.8335	2
1142.55600	572.28525	2	91.3786	2
1142.55755	572.28605	2	52.0231	2
1142.61765	572.31610	2	55.1888	2
1142.63025	572.32240	2	34.1135	2
1143.50980	572.76215	2	56.0782	2
1143.55635	572.78545	2	75.6967	2
1143.57355	572.79405	2	66.0554	2
1143.58870	572.80160	2	34.6115	2
1143.69175	572.85315	2	87.6916	2
1144.58865	573.30160	2	50.2525	2
1144.59600	573.30530	2	60.4690	1
1144.59830	573.30640	2	60.4324	1
1144.60840	573.31145	2	38.2730	2
1144.63555	573.32505	2	57.6507	2
1145.08505	573.54980	2	57.8209	4
1145.57565	573.79510	2	47.3450	2
1145.67085	573.84270	2	71.2403	2
1146.57660	574.29555	2	45.8542	2
1146.58465	574.29960	2	73.3430	2
1146.61355	574.31405	2	53.1313	2
1147.55145	574.78300	2	62.6272	2
1147.55410	574.78435	2	49.3130	2
1147.55560	574.78510	2	43.6858	2
1147.57990	574.79720	2	65.5570	2
1147.58790	574.80125	2	55.1810	2
1147.63925	574.82690	2	88.7750	2
1148.54685	575.28070	2	53.3474	2
1148.56975	575.29215	2	81.0088	2
1148.60895	575.31175	2	62.9061	2
1150.56670	576.29060	2	59.4900	1
1150.57170	576.29310	2	59.6026	1
1150.58615	576.30035	2	55.6052	2
1150.58830	576.30140	2	48.6118	1
1151.57970	576.79710	2	80.7216	1
1151.65040	576.83245	2	69.3960	2
1151.72850	576.87150	2	76.6925	2
1152.52620	577.27035	2	30.7411	2
1152.53035	577.27245	2	54.1129	2
1152.54345	577.27900	2	92.7706	2
1152.54835	577.28145	2	61.1744	2
1152.55210	577.28335	2	37.3129	2
1152.58500	577.29975	2	58.8485	2
1152.58670	577.30060	2	52.1974	1
1152.60300	577.30875	2	47.6931	2
1153.51860	577.76660	2	67.5145	2
1154.61995	578.31725	2	59.8462	2
1154.63035	578.32245	2	45.2678	2
1155.56315	578.78885	2	35.1311	2
1155.58200	578.79830	2	89.2131	2
1155.61415	578.81435	2	51.7393	2
1155.62685	578.82070	2	52.6633	2
1155.64950	578.83200	2	49.4840	2
1156.51800	579.26625	2	56.2619	2
1156.51870	579.26665	2	45.0983	2
1156.53080	579.27265	2	32.0149	2
1156.59150	579.30305	2	86.3665	2
1156.60455	579.30955	2	67.8685	2
1157.59285	579.80370	2	59.0627	2
1157.59495	579.80475	2	53.0158	2
1158.59900	580.30680	2	41.8010	1
1158.59935	580.30695	2	42.5032	2
1158.62490	580.31975	2	48.3201	2
1158.62500	580.31980	2	46.0744	2
1159.56960	580.79205	2	64.5800	2
1159.57370	580.79410	2	34.5530	2
1159.59500	580.80475	2	41.5867	2
1159.62035	580.81745	2	40.6086	2
1159.64000	580.82730	2	81.1549	1
1159.68035	580.84745	2	50.6261	2
1160.56495	581.28975	2	37.6421	2
1160.58590	581.30025	2	67.5754	2
1160.58645	581.30050	2	50.2881	2
1160.59365	581.30410	2	73.6222	2
1160.59800	581.30625	2	54.8959	2
1160.60775	581.31115	2	62.3840	2
1160.61530	581.31495	2	36.8648	2
1161.59870	581.80665	2	46.3649	2
1161.59905	581.80680	2	54.2700	2
1161.60425	581.80940	2	73.8869	2
1161.61585	581.81520	2	53.8611	2
1162.58010	582.29730	2	54.5663	2
1162.58040	582.29750	2	66.4128	1
1162.59140	582.30300	2	64.2216	1
1162.59920	582.30690	2	72.7111	3
1163.57605	582.79530	2	66.6133	2
1163.60725	582.81090	2	68.1470	2
1164.57095	583.29275	2	32.5936	2
1164.60185	583.30820	2	55.6272	2
1164.72420	583.36940	2	71.3004	2
1165.46080	583.73770	2	35.5043	2
1165.57805	583.79630	2	73.6177	2
1165.59860	583.80655	2	47.4341	2
1165.63435	583.82445	2	65.4269	2
1166.54680	584.28070	2	47.5470	2
1167.61815	584.81635	2	85.7604	2
1168.63100	585.32280	2	79.1198	1
1168.64600	585.33030	2	50.0369	3
1168.68210	585.34830	2	59.3227	1
1168.68285	585.34870	2	70.7661	2
1168.74385	585.37920	2	80.5714	2
1169.57190	585.79325	2	54.9451	2
1170.52150	586.26800	2	50.9961	1
1170.62575	586.32015	2	47.7385	2
1170.66080	586.33765	2	67.6648	2
1170.66115	586.33785	2	71.4383	2
1171.57695	586.79575	2	66.0759	2
1171.62090	586.81775	2	50.7684	2
1171.62405	586.81930	2	57.3890	2
1171.70125	586.85790	2	55.7454	2
1172.61920	587.31685	2	72.2503	2
1172.62160	587.31810	2	74.6505	2
1172.62990	587.32225	2	66.9472	2
1172.64015	587.32735	2	71.7948	2
1173.10905	587.56180	2	41.1353	4
1173.57470	587.79460	2	33.7357	5
1173.58880	587.80165	2	47.0615	2
1173.59010	587.80230	2	84.3727	1
1173.61380	587.81415	2	85.8218	2
1174.51230	588.26345	2	43.9435	2
1174.56225	588.28840	2	54.8657	2
1174.60925	588.31190	2	41.6155	2
1175.57315	588.79385	2	61.3137	2
1175.58580	588.80020	2	69.8327	1
1175.61740	588.81600	2	42.3346	2
1175.65575	588.83515	2	59.8220	2
1176.51930	589.26690	2	32.0485	1
1176.57455	589.29455	2	31.5299	2
1176.58055	589.29755	2	53.2526	2
1177.63440	589.82450	2	67.1178	2
1177.66250	589.83855	2	91.3350	2
1178.51810	590.26630	2	38.5901	2
1178.54580	590.28015	2	48.3804	2
1178.56965	590.29210	2	29.7765	2
1179.54830	590.78140	2	42.7739	1
1179.58870	590.80160	2	45.5257	1
1180.52400	591.26925	2	63.3869	2
1180.59710	591.30580	2	65.2573	2
1180.70675	591.36065	2	86.6348	2
1181.57540	591.79500	2	47.5065	1
1181.65280	591.83365	2	55.5444	2
1182.54190	592.27820	2	76.1093	1
1182.60365	592.30910	2	72.3008	2
1182.62825	592.32140	2	73.2707	2
1182.66620	592.34035	2	59.5838	2
1182.68020	592.34740	2	79.6191	1
1184.58500	593.29975	2	62.1255	2
1184.60420	593.30940	2	50.7507	2
1184.65880	593.33670	2	58.1489	1
1185.57475	593.79465	2	86.9814	2
1185.57765	593.79610	2	36.6869	2
1185.63960	593.82705	2	80.0770	2
1185.67220	593.84340	2	60.6201	1
1186.54410	594.27930	2	45.6951	1
1186.65630	594.33540	2	47.6535	2
1187.59035	594.80245	2	50.3494	2
1187.59710	594.80585	2	65.9651	2
1187.62310	594.81885	2	78.2486	2
1187.70290	594.85875	2	89.0296	2
1187.70370	594.85915	2	81.5708	2
1188.58170	595.29810	2	69.6244	1
1188.58870	595.30160	2	42.7024	2
1188.59780	595.30620	2	46.5838	1
1188.59940	595.30700	2	39.0625	1
1188.61475	595.31465	2	50.9439	2
1189.63855	595.82655	2	52.7202	2
1189.64590	595.83020	2	71.0233	2
1189.67125	595.84290	2	75.2100	2
1190.53910	596.27680	2	55.3611	1
1190.56055	596.28755	2	55.8509	2
1190.59200	596.30330	2	34.3000	1
1190.60075	596.30765	2	64.9812	2
1191.66575	596.84015	2	83.3708	2
1192.52840	597.27150	2	46.8503	2
1192.61630	597.31545	2	67.2111	2
1192.66195	597.33825	2	88.0795	2
1193.61560	597.81505	2	38.7419	2
1193.63415	597.82435	2	68.5168	2
1193.66980	597.84215	2	90.9237	2
1194.51305	598.26380	2	31.1572	2
1194.61395	598.31425	2	68.0489	2
1195.60740	598.81095	2	61.1860	2
1196.54995	599.28225	2	45.7158	2
1196.57260	599.29360	2	35.5382	3
1196.65040	599.33250	2	49.5129	2
1197.54620	599.78035	2	78.9169	2
1197.57095	599.79275	2	52.8352	2
1197.57535	400.19905	3	35.8441	2
1197.59255	599.80355	2	63.9014	2
1197.62510	599.81980	2	60.4637	1
1197.66460	599.83960	2	75.1617	1
1197.69795	599.85625	2	76.0546	2
1198.61950	400.54710	3	52.8266	1
1198.62700	600.32080	2	70.8708	1
1198.65620	400.55930	3	41.0922	2
1198.65680	600.33565	2	41.1258	2
1199.54695	600.78075	2	55.3074	2
1199.66900	600.84180	2	91.0248	1
1199.71325	600.86390	2	79.3433	2
1200.62170	401.21450	3	42.5348	2
1200.62320	601.31890	2	59.7567	2
1200.62335	601.31895	2	42.5606	2
1200.64755	601.33105	2	52.6559	2
1200.65135	601.33295	2	80.3871	2
1201.09155	601.55305	2	42.7135	4
1201.59890	601.80670	2	66.5214	2
1201.60945	401.54375	3	48.1115	2
1201.61040	601.81250	2	48.1490	2
1201.61905	601.81680	2	75.4739	2
1201.62950	401.55040	3	36.4823	1
1201.63040	401.55070	3	36.6949	1
1201.63100	601.82280	2	36.7412	2
1201.66750	601.84100	2	57.3811	1
1202.58945	602.30200	2	40.3486	2
1202.60480	602.30965	2	49.1075	2
1202.60520	401.87570	3	49.0847	2
1202.64170	401.88785	3	39.4953	2
1202.64185	602.32820	2	39.4420	2
1202.65120	602.33290	2	65.7400	2
1203.59820	602.80640	2	41.6734	2
1203.61725	602.81590	2	58.4520	2
1203.67200	602.84325	2	52.2607	2
1204.48285	603.24870	2	42.4522	2
1204.58260	603.29860	2	53.2299	2
1204.60805	603.31130	2	57.6616	2
1204.61265	603.31360	2	93.4746	2
1204.61315	603.31385	2	80.7600	2
1204.65655	402.55945	3	48.7487	2
1204.65735	603.33595	2	48.7852	2
1205.56475	402.86220	3	60.5055	2
1205.63010	603.82235	2	57.0495	2
1205.64185	603.82820	2	54.9775	2
1205.71320	402.91165	3	66.1352	2
1205.71410	603.86430	2	66.1990	2
1206.60735	604.31095	2	73.5545	2
1206.62460	604.31960	2	65.0420	2
1206.66845	604.34150	2	92.5460	2
1207.57350	604.79405	2	63.1932	2
1207.62220	604.81840	2	55.8739	1
1207.62515	604.81985	2	73.2828	2
1207.76645	604.89050	2	81.9094	2
1208.52570	605.27010	2	39.2995	2
1208.59340	605.30400	2	83.8827	2
1208.60455	605.30955	2	68.8847	2
1208.67430	605.34440	2	92.2157	2
1209.58840	605.80145	2	48.4736	2
1210.56285	606.28870	2	47.0697	2
1210.59885	606.30670	2	63.7853	2
1210.63090	404.55090	3	38.2310	1
1210.73995	606.37725	2	71.6205	2
1211.61930	606.81695	2	79.0351	2
1211.62630	606.82040	2	35.8357	1
1211.62650	404.88280	3	35.8034	1
1211.65070	606.83265	2	49.4239	2
1211.65090	404.89090	3	49.3391	2
1211.65665	606.83560	2	88.2153	2
1212.53210	405.18460	3	52.3792	2
1212.54180	607.27820	2	57.2999	2
1212.56670	405.19620	3	28.1716	1
1212.64950	405.22380	3	57.2302	1
1213.64560	607.83010	2	54.6374	1
1213.64580	405.55590	3	54.6208	2
1213.66680	607.84070	2	48.6693	2
1213.67130	405.56440	3	82.9231	1
1214.49720	608.25590	2	91.4063	1
1214.60220	608.30840	2	64.1632	1
1214.70105	608.35780	2	63.6806	2
1215.59830	608.80645	2	50.7357	2
1215.64680	608.83065	2	60.8528	2
1215.65150	608.83300	2	83.7013	2
1215.68235	406.23470	3	34.9172	2
1215.68310	608.84885	2	34.9506	2
1216.57550	609.29505	2	49.3691	2
1216.57715	609.29585	2	39.3853	2
1216.62315	609.31885	2	55.7477	2
1216.65710	609.33585	2	70.6784	2
1216.72565	609.37010	2	86.7027	2
1217.56130	609.78790	2	71.0285	2
1217.60740	609.81100	2	58.3090	2
1217.60875	609.81165	2	76.7745	2
1217.62535	406.88235	3	36.8057	2
1217.67650	406.89945	3	69.1683	2
1218.66490	610.33975	2	84.3833	2
1219.60910	610.81185	2	50.0618	2
1219.71940	610.86700	2	87.6604	1
1220.64015	611.32735	2	79.1941	2
1220.64025	611.32740	2	55.1214	2
1221.13485	611.57470	2	50.6876	4
1221.59830	611.80640	2	59.5333	2
1221.60965	408.21050	3	31.2614	2
1221.61060	611.81260	2	31.3128	1
1221.63570	611.82510	2	57.2325	2
1222.56840	408.53010	3	30.7305	1
1222.57000	612.29230	2	30.7530	2
1222.61340	612.31395	2	68.2035	2
1223.22135	612.61795	2	79.8063	4
1223.54240	612.77845	2	46.9986	2
1223.62690	612.82070	2	36.2152	2
1223.65010	408.89060	3	48.2249	1
1224.56080	613.28770	2	72.6452	2
1224.62470	613.31965	2	69.0478	2
1224.62820	409.21670	3	54.8899	1
1224.62950	613.32200	2	54.8911	2
1224.65625	409.22600	3	37.0198	2
1224.65865	613.33660	2	37.3477	2
1224.68365	613.34910	2	44.0564	2
1225.67200	613.84330	2	70.0052	1
1226.69930	614.35690	2	59.9661	1
1227.62900	410.21695	3	64.8287	2
1227.65740	614.83600	2	59.4178	2
1227.66190	614.83820	2	70.9037	2
1227.68255	614.84855	2	65.3180	2
1228.16255	615.08855	2	69.6040	4
1228.73885	615.37670	2	83.7500	2
1229.55140	615.78300	2	28.7668	1
1229.55310	410.85830	3	28.7539	2
1229.55690	615.78575	2	41.9324	2
1229.61985	615.81720	2	50.3365	2
1229.62410	615.81930	2	58.1748	1
1229.65050	410.89080	3	48.3258	1
1229.65215	615.83335	2	48.3772	2
1229.73870	410.92020	3	59.9281	2
1230.56050	411.19410	3	33.2643	1
1230.58305	616.29880	2	42.0408	2
1230.58800	616.30130	2	34.2375	1
1230.58890	411.20360	3	35.3669	1
1230.58895	616.30175	2	60.5629	2
1230.64030	616.32745	2	79.9627	2
1230.65655	616.33555	2	41.8777	2
1230.66200	616.33825	2	83.7560	2
1231.58745	616.80100	2	36.8392	2
1231.62470	616.81960	2	88.6106	2
1231.62530	616.81995	2	55.7912	2
1231.65580	616.83515	2	61.2882	2
1231.69230	411.57140	3	58.9788	2
1232.60025	617.30740	2	27.7622	2
1233.60720	617.81090	2	50.6363	2
1233.62170	617.81815	2	44.4159	2
1233.66145	617.83800	2	57.8909	2
1234.56955	412.53045	3	41.0441	2
1234.60350	618.30900	2	35.6796	1
1235.60650	618.81055	2	40.5272	2
1235.60730	412.87640	3	40.5365	1
1235.61530	618.81490	2	60.9181	2
1235.64980	618.83220	2	49.7835	1
1235.65100	412.89095	3	49.7367	2
1235.67050	412.89740	3	59.1354	1
1235.67195	618.84325	2	59.1872	2
1235.69885	412.90685	3	53.8008	2
1236.56270	619.28860	2	48.5327	2
1237.63475	413.55220	3	38.2032	2
1237.63490	619.82475	2	38.2626	2
1237.64625	619.83040	2	65.0668	2
1237.73995	619.87725	2	68.4413	2
1238.60720	620.31090	2	55.6278	2
1239.59180	620.80320	2	59.4176	2
1239.59610	414.20600	3	36.1492	2
1239.63810	620.82630	2	85.3260	2
1239.68350	620.84900	2	76.2114	2
1239.71935	620.86695	2	74.9923	2
1239.71960	620.86705	2	71.7737	2
1240.16045	621.08750	2	49.0595	4
1240.58780	414.53650	3	36.6519	2
1240.62100	621.31780	2	61.3528	2
1240.70355	621.35905	2	91.7409	2
1240.70390	621.35920	2	72.4835	1
1241.59420	621.80440	2	71.8339	2
1241.66370	621.83910	2	62.7381	1
1241.67750	414.89980	3	69.6297	1
1241.71810	621.86630	2	88.8646	1
1241.77545	414.93240	3	78.6685	2
1241.77550	621.89505	2	78.7347	2
1242.59625	415.20600	3	27.8977	2
1242.63685	415.21955	3	44.7468	2
1242.63735	622.32595	2	44.8076	2
1242.64690	622.33070	2	55.5740	1
1242.64720	622.33090	2	35.2158	1
1243.58810	622.80130	2	65.8564	1
1243.67860	415.56680	3	61.7726	1
1244.54260	623.27860	2	52.9807	2
1244.56770	623.29110	2	46.9457	2
1244.61095	415.87760	3	34.1188	2
1244.63305	623.32380	2	66.8711	2
1244.67240	415.89810	3	37.0814	2
1245.62115	416.21430	3	47.7696	2
1245.62115	623.81785	2	47.8328	2
1245.65145	623.83300	2	82.6280	2
1245.67210	416.23130	3	55.5779	2
1245.67515	623.84485	2	42.8984	2
1246.61270	416.54485	3	55.1521	2
1246.61450	624.31450	2	55.1887	2
1246.64965	416.55715	3	68.1707	2
1246.69300	624.35375	2	73.1996	2
1247.57900	624.79680	2	46.2134	3
1248.57390	625.29420	2	44.1747	1
1248.61900	625.31680	2	88.8352	2
1248.67175	625.34315	2	63.8245	2
1248.67205	625.34330	2	61.5019	2
1249.63130	625.82295	2	57.9183	2
1249.65375	625.83415	2	64.5436	2
1249.65560	625.83510	2	83.8122	2
1250.59660	626.30560	2	30.0244	1
1251.66230	626.83845	2	75.5901	2
1252.73965	627.37710	2	79.8377	2
1252.77540	627.39500	2	92.3615	1
1253.56050	627.78750	2	66.8882	1
1253.63030	418.88405	3	32.4298	2
1254.58780	628.30120	2	68.6234	1
1254.60075	628.30765	2	81.1366	2
1254.72950	419.25045	3	40.4132	2
1254.72955	628.37205	2	40.4615	2
1254.73000	628.37230	2	69.8452	1
1254.73435	419.25205	3	52.7282	2
1255.58380	628.79920	2	43.2698	2
1255.62485	628.81970	2	93.4070	2
1255.62740	628.82100	2	70.5607	2
1255.65610	419.55930	3	54.1410	2
1255.66865	628.84160	2	74.6829	2
1255.67910	628.84685	2	51.1497	2
1255.70230	628.85845	2	69.7453	2
1255.71360	419.57850	3	66.1500	2
1255.71570	628.86510	2	66.1972	1
1255.72520	628.86990	2	72.0247	1
1256.60815	629.31135	2	90.0962	2
1256.61200	629.31325	2	50.3697	2
1256.67440	629.34450	2	55.7097	2
1256.69750	419.90645	3	47.7514	2
1256.69845	629.35650	2	47.7199	2
1256.70445	629.35950	2	97.6236	2
1257.64750	420.22310	3	42.6484	2
1257.64820	629.83140	2	42.7223	2
1258.59910	630.30685	2	81.5371	2
1258.67115	630.34285	2	56.3759	2
1258.67885	630.34670	2	67.7325	2
1258.68875	630.35165	2	52.4368	2
1258.76455	630.38955	2	87.7925	2
1259.63410	630.82435	2	75.9953	2
1259.63595	630.82525	2	58.2569	2
1259.66115	630.83785	2	59.0009	2
1259.72380	630.86920	2	77.3390	1
1260.57880	631.29665	2	35.9721	2
1260.58875	631.30165	2	42.4081	2
1260.60245	631.30850	2	45.8063	2
1260.62950	421.21710	3	61.3715	1
1260.67285	631.34370	2	57.1742	2
1261.57830	631.79645	2	50.7399	2
1261.62150	421.54775	3	40.4669	2
1261.62410	631.81930	2	89.2885	1
1261.66990	421.56390	3	37.8775	2
1261.74390	631.87920	2	96.1693	2
1262.60835	632.31145	2	46.7156	2
1262.60845	421.87675	3	46.3555	2
1263.61970	632.81710	2	33.3441	2
1263.61995	422.21390	3	33.3308	2
1263.62835	632.82145	2	56.8372	2
1263.66330	422.22840	3	54.8619	1
1263.67415	632.84435	2	89.3605	2
1263.68395	632.84925	2	67.1288	2
1264.64885	422.55690	3	61.7497	2
1264.64920	633.33190	2	74.4302	1
1264.64950	633.33205	2	61.7764	2
1264.77710	633.39580	2	93.7440	2
1265.68950	633.85205	2	51.9795	2
1266.56325	634.28890	2	45.9117	2
1266.62120	423.21430	3	37.7902	2
1266.62190	634.31825	2	37.7955	2
1266.63100	634.32280	2	71.7622	1
1267.64910	634.83185	2	82.5231	2
1267.66385	634.83920	2	93.3906	2
1267.68830	634.85145	2	49.5437	2
1268.61565	423.87915	3	53.4926	2
1268.66285	423.89485	3	51.0594	2
1268.66385	635.33920	2	51.1169	2
1268.69675	635.35565	2	70.1538	2
1269.62455	635.81955	2	81.0400	2
1269.62950	635.82200	2	63.7163	1
1269.65890	635.83670	2	47.1591	3
1269.65955	424.22710	3	47.1413	2
1269.69960	635.85705	2	63.3335	2
1269.72935	635.87195	2	78.7020	2
1270.65305	636.33380	2	43.3540	2
1270.69875	424.57350	3	62.4927	2
1270.69895	636.35675	2	62.5547	2
1270.72930	636.37195	2	92.8057	2
1271.56505	424.86230	3	78.3784	2
1271.62200	636.81830	2	59.9715	1
1271.64755	636.83105	2	85.1967	2
1271.68760	424.90310	3	60.6334	2
1271.69120	636.85290	2	64.5175	1
1271.70975	636.86215	2	71.8076	2
1271.76180	636.88820	2	82.7004	1
1272.69315	637.35385	2	64.6927	2
1273.63460	637.82460	2	74.0794	1
1273.65560	637.83510	2	66.9887	1
1273.66840	637.84145	2	65.4547	2
1273.67885	637.84670	2	86.8598	2
1273.72275	637.86865	2	70.7348	2
1274.62760	638.32110	2	45.9714	1
1274.62920	425.88370	3	46.0256	1
1274.64565	638.33010	2	85.2516	2
1274.65125	638.33290	2	77.1078	2
1274.66155	638.33805	2	69.1972	2
1274.70945	425.91045	3	47.0351	2
1275.54125	638.77790	2	44.8908	2
1275.57100	638.79275	2	61.0078	2
1275.69345	426.23840	3	63.2714	2
1275.74300	638.87880	2	88.4344	1
1276.63455	639.32455	2	77.5928	2
1276.65320	639.33390	2	90.6575	2
1276.67275	639.34365	2	86.6295	2
1276.70360	639.35910	2	72.5709	2
1276.70430	639.35940	2	79.0100	2
1277.67245	639.84350	2	69.3417	2
1277.68815	639.85135	2	76.3860	2
1278.12600	640.07030	2	62.7656	4
1278.65080	640.33270	2	85.5458	2
1278.68035	427.23405	3	42.7304	2
1279.62440	640.81950	2	64.0000	2
1279.69580	427.57255	3	54.4105	2
1280.57890	641.29675	2	81.2573	2
1280.62590	641.32020	2	67.6445	1
1281.55745	641.78600	2	39.4315	2
1281.61135	641.81295	2	36.0986	2
1281.61165	428.21115	3	36.1596	2
1281.70580	428.24250	3	41.6964	1
1282.57405	642.29430	2	72.2232	2
1282.58675	642.30065	2	61.9902	2
1283.61570	642.81515	2	70.8484	2
1283.65125	642.83290	2	65.9547	2
1283.65940	642.83700	2	85.9960	1
1283.71510	428.91230	3	52.0907	2
1283.72055	428.91410	3	43.5964	2
1283.72145	642.86800	2	43.6971	2
1284.62745	643.32100	2	91.7061	2
1284.69425	643.35440	2	78.1828	2
1284.70335	429.24175	3	43.0748	2
1284.70475	643.35965	2	69.4821	2
1284.72905	643.37180	2	84.3100	2
1285.65310	429.55830	3	51.1808	2
1285.65340	643.83400	2	51.2446	2
1285.66370	643.83915	2	43.3250	2
1285.72415	429.58200	3	46.2795	2
1286.17410	644.09435	2	86.3320	4
1286.64430	644.32940	2	69.4038	2
1286.64470	429.88885	3	69.3181	2
1286.65150	429.89110	3	54.4605	1
1286.69865	644.35660	2	68.5744	2
1286.78525	644.39990	2	86.8865	2
1287.63030	644.82240	2	85.5047	2
1287.68375	644.84915	2	74.2495	2
1288.59080	645.30265	2	44.6343	2
1288.60555	645.31005	2	64.1157	2
1288.65000	430.55730	3	40.5940	1
1288.66230	645.33840	2	46.1258	2
1288.68555	645.35005	2	67.5701	2
1288.70430	430.57540	3	55.4435	1
1288.72265	645.36860	2	84.9297	2
1289.58980	645.80220	2	36.4274	1
1289.59120	430.87100	3	36.3666	2
1289.62950	645.82205	2	89.4162	2
1289.63040	645.82250	2	62.9618	2
1289.64670	645.83065	2	49.4893	2
1289.70410	430.90860	3	67.4108	1
1290.65785	646.33620	2	55.0044	2
1290.67200	431.23130	3	69.5212	2
1291.57945	646.79700	2	44.7815	2
1291.60615	646.81035	2	51.4285	2
1291.66645	646.84050	2	60.5129	2
1293.62575	647.82015	2	55.7662	2
1294.62245	648.31850	2	68.7788	2
1294.73330	648.37395	2	83.5977	2
1294.79765	432.60650	3	68.3782	2
1295.66380	432.89520	3	62.7009	3
1295.72670	648.87060	2	76.6649	2
1295.74515	648.87985	2	64.8866	2
1296.68220	649.34835	2	60.3479	2
1296.68335	433.23505	3	60.4218	2
1296.70430	649.35940	2	69.4617	2
1296.73970	433.25380	3	45.0497	3
1297.23255	649.62355	2	45.8137	4
1297.73570	649.87515	2	65.9624	2
1297.76045	433.59405	3	64.1748	2
1298.59295	433.87155	3	37.9367	2
1298.59355	650.30405	2	37.9996	2
1298.61070	433.87750	3	37.8004	2
1298.69425	650.35440	2	48.4089	2
1298.74550	650.38005	2	93.0419	2
1299.56845	650.79150	2	36.4554	2
1299.62920	650.82190	2	75.2969	2
1299.69405	650.85430	2	80.6919	2
1299.71570	650.86510	2	58.1309	2
1300.62410	651.31935	2	86.9611	2
1300.70180	651.35820	2	92.9636	1
1300.70265	651.35860	2	63.8808	2
1300.73965	651.37710	2	76.4725	2
1300.76220	651.38835	2	76.0207	2
1300.77520	651.39485	2	86.1780	2
1301.60960	651.81205	2	42.7515	2
1301.63050	651.82250	2	41.3732	1
1301.63620	434.88600	3	41.2722	2
1301.69860	651.85660	2	69.0544	2
1302.65665	652.33560	2	67.3423	2
1303.51460	652.76460	2	65.9886	2
1303.60490	652.80970	2	61.3342	1
1304.61075	653.31265	2	43.0668	2
1304.73440	653.37450	2	79.9554	1
1305.62510	653.81985	2	51.6481	2
1305.67585	653.84520	2	62.1379	2
1305.70545	653.86000	2	74.3708	2
1306.58305	436.53495	3	40.8634	2
1306.65230	436.55805	3	40.2923	2
1306.66885	654.34170	2	31.7950	2
1307.63610	654.82530	2	68.5003	2
1307.66150	654.83805	2	62.0215	2
1308.71975	437.24720	3	88.1441	2
1308.72000	655.36725	2	88.0186	2
1308.74200	655.37830	2	60.7684	2
1308.77805	655.39630	2	73.6985	2
1309.14930	655.58190	2	63.6644	4
1309.77180	655.89315	2	78.9222	2
1310.12300	656.06880	2	69.0028	4
1310.64800	437.88990	3	48.9168	2
1310.68140	656.34800	2	81.6256	2
1311.57135	656.79295	2	60.4403	2
1311.58385	656.79920	2	50.6851	2
1311.64810	656.83135	2	89.6526	2
1313.61320	657.81385	2	63.9569	2
1313.69330	438.90500	3	53.2605	2
1313.69465	657.85460	2	53.3188	2
1313.70235	657.85845	2	87.9597	2
1313.71945	438.91375	3	62.9839	2
1313.72020	657.86740	2	86.0823	2
1313.74455	438.92210	3	54.8133	2
1314.69710	658.35580	2	49.3973	2
1314.69750	439.23980	3	49.3525	1
1314.69750	658.35600	2	63.7335	2
1314.69790	439.23990	3	49.3756	1
1315.66170	658.83810	2	73.6979	1
1315.67915	658.84685	2	60.9363	2
1315.70010	658.85730	2	74.1854	1
1315.71000	658.86230	2	65.6307	2
1315.77130	439.59770	3	64.2628	2
1316.67555	439.89910	3	65.2626	2
1316.71410	659.36430	2	60.8088	1
1316.73450	659.37450	2	69.2912	2
1316.73550	659.37500	2	97.3263	2
1317.60995	440.21060	3	53.9399	2
1317.64205	659.82830	2	43.2146	2
1318.66125	660.33790	2	80.0272	2
1319.63340	660.82395	2	54.1793	2
1319.66490	440.89560	3	55.0043	2
1319.69095	660.85275	2	82.8119	2
1319.72990	660.87220	2	97.2904	1
1320.59675	661.30565	2	73.2940	2
1320.61020	661.31240	2	56.4796	2
1320.62285	661.31870	2	41.7604	2
1320.62320	441.21500	3	41.6803	1
1320.63585	441.21925	3	52.2609	2
1320.68355	661.34905	2	75.3772	2
1321.76455	441.59545	3	82.2873	2
1321.76525	661.88990	2	82.3517	2
1322.66390	662.33920	2	90.2016	2
1322.67225	662.34340	2	65.2007	2
1322.72635	662.37045	2	73.7429	2
1324.69105	663.35280	2	79.1685	2
1324.78340	442.60170	3	66.4527	2
1325.72955	663.87205	2	59.3633	2
1326.62090	664.31775	2	61.5921	2
1326.68995	443.23725	3	32.1738	2
1326.69000	664.35230	2	32.1504	2
1327.65340	443.55840	3	58.0988	2
1327.78825	664.90140	2	96.0693	2
1328.74585	443.92255	3	43.1036	2
1328.75305	443.92495	3	72.7043	2
1328.75325	665.38390	2	72.9610	2
1329.59100	665.80280	2	57.6212	1
1329.60680	665.81065	2	41.6077	2
1329.65380	665.83420	2	44.2165	2
1329.66915	444.23030	3	59.5519	2
1329.67000	665.84230	2	59.6202	2
1329.69335	444.23840	3	67.1872	2
1329.76060	665.88760	2	50.5365	1
1329.76590	665.89020	2	82.2629	2
1330.72160	666.36805	2	63.0151	4
1330.78000	666.39730	2	87.2736	2
1330.78260	444.60145	3	87.3992	2
1331.67640	666.84545	2	75.5598	2
1331.71010	666.86235	2	81.8174	2
1331.72860	666.87160	2	93.6320	2
1331.74580	666.88020	2	83.4653	2
1331.76610	444.92930	3	46.6528	2
1331.76755	666.89105	2	46.6840	2
1332.64690	667.33075	2	48.5065	2
1332.65860	667.33660	2	87.1093	2
1332.70520	667.35985	2	84.0042	2
1334.66235	445.89470	3	47.2894	2
1334.71870	445.91350	3	54.8083	2
1334.71950	668.36700	2	54.8404	2
1334.72405	668.36930	2	77.6552	2
1335.59635	668.80545	2	52.7822	2
1335.63845	668.82650	2	72.8742	2
1336.74660	446.58950	3	44.1290	2
1336.74735	669.38095	2	44.0866	2
1337.57235	669.79345	2	39.7588	2
1337.67470	669.84460	2	74.5232	1
1338.61435	670.31445	2	61.8611	2
1338.66800	670.34130	2	64.1613	2
1338.66840	670.34145	2	58.6089	2
1338.66885	447.23025	3	58.5790	2
1338.66935	447.23040	3	64.3242	2
1338.71955	670.36705	2	73.7608	2
1339.65280	670.83365	2	65.5427	2
1339.74580	447.58920	3	57.2610	1
1339.75385	670.88420	2	82.9104	2
1339.77150	447.59780	3	95.4840	2
1339.77160	670.89305	2	95.3384	2
1339.78290	447.60155	3	49.8271	2
1340.59875	671.30665	2	50.1509	2
1340.73010	671.37230	2	63.0272	2
1341.19805	671.60630	2	45.8202	4
1341.61980	671.81720	2	76.2474	2
1342.65165	448.55780	3	38.5925	2
1342.65245	448.55805	3	55.2408	2
1342.70935	448.57705	3	57.4177	2
1342.71090	672.36270	2	63.6157	2
1342.73540	672.37500	2	82.2351	3
1343.76520	448.92900	3	55.6098	2
1343.76585	672.89020	2	55.6386	2
1344.68370	673.34910	2	54.3444	1
1344.71415	673.36435	2	67.0672	2
1344.72940	449.25040	3	73.4723	2
1344.74455	673.37955	2	83.6652	2
1344.74520	449.25570	3	69.4523	1
1344.79885	673.40670	2	97.7534	2
1345.62305	673.81880	2	34.3075	2
1345.62310	449.54830	3	34.2394	2
1345.66150	673.83800	2	59.7261	1
1345.73345	673.87400	2	99.8373	2
1346.57795	674.29625	2	40.6690	2
1346.59925	449.87365	3	54.1155	2
1346.67535	674.34495	2	74.3762	2
1346.68275	674.34865	2	79.2779	2
1346.71940	449.91370	3	72.3961	1
1346.76695	449.92955	3	70.0731	2
1346.76710	674.39085	2	70.1274	2
1347.57970	674.79710	2	53.5932	1
1347.66585	674.84020	2	89.4503	2
1347.74650	674.88050	2	64.9335	1
1347.74695	450.25625	3	64.8511	2
1347.76495	450.26225	3	84.7467	2
1349.56925	675.79190	2	77.6912	2
1349.59140	675.80300	2	33.8133	1
1349.63650	675.82550	2	61.8161	1
1349.68290	675.84875	2	70.6784	2
1349.69300	675.85380	2	61.8913	1
1350.60910	676.31180	2	40.7383	1
1350.68520	451.23570	3	75.1563	1
1350.71505	676.36480	2	74.9028	2
1350.75020	676.38235	2	59.4438	2
1351.63830	451.55340	3	35.1092	3
1351.63950	676.82700	2	35.0838	3
1351.64080	676.82765	2	61.6524	2
1352.59740	451.87310	3	31.5439	1
1352.75585	677.38520	2	69.0017	2
1353.72180	677.86820	2	89.0754	2
1353.72740	677.87095	2	66.5745	2
1354.72860	678.37160	2	90.5594	2
1355.71580	678.86520	2	86.7902	2
1355.71785	678.86620	2	88.9363	2
1355.73055	678.87255	2	57.3862	2
1355.77945	678.89700	2	83.1631	2
1356.56870	679.29160	2	54.7909	2
1356.73635	679.37545	2	61.0210	2
1356.74885	453.25690	3	49.5697	2
1356.75055	679.38255	2	49.6275	2
1357.66320	679.83885	2	50.9461	2
1357.66360	453.56180	3	50.9018	3
1357.67230	453.56470	3	31.0562	2
1357.67310	679.84380	2	31.1428	2
1357.74605	679.88030	2	59.6577	2
1357.74620	453.58930	3	59.5561	2
1358.66180	680.33815	2	57.8345	2
1358.66550	680.34000	2	90.0581	1
1358.66830	680.34140	2	46.7302	1
1358.66865	453.89685	3	46.6227	2
1358.67935	453.90040	3	39.6145	2
1358.68035	680.34745	2	39.6702	2
1358.74120	680.37790	2	83.9988	2
1358.74240	680.37850	2	89.9217	1
1358.75710	680.38580	2	93.6105	2
1359.68130	680.84795	2	68.1468	2
1359.68480	680.84970	2	39.3770	1
1359.68830	454.23670	3	39.3259	2
1360.58625	454.53600	3	34.7292	2
1360.70020	681.35735	2	76.8154	2
1361.66870	681.84165	2	41.1859	2
1361.71950	681.86700	2	69.9194	1
1361.72295	681.86875	2	72.7577	2
1362.55860	682.28660	2	51.0637	2
1362.59090	682.30275	2	49.2871	2
1362.71105	682.36280	2	89.0434	2
1362.71420	682.36435	2	59.1058	2
1362.71595	682.36525	2	73.1473	2
1362.72250	682.36850	2	84.6941	1
1362.72975	455.25050	3	58.3094	2
1362.73010	682.37230	2	58.3978	2
1363.65810	682.83630	2	63.9243	1
1363.69145	455.57110	3	46.2446	2
1363.69320	682.85390	2	46.3053	1
1364.59180	683.30320	2	52.3257	2
1364.65485	683.33470	2	78.0392	2
1364.66370	455.89520	3	45.5571	1
1364.66800	683.34130	2	45.6551	2
1364.68335	683.34895	2	62.2777	2
1364.71935	683.36695	2	65.7346	2
1364.73510	683.37480	2	70.3275	2
1365.55920	456.19370	3	43.2576	1
1365.66635	683.84045	2	85.4422	2
1365.67820	683.84640	2	56.9316	2
1365.68085	456.23420	3	56.8944	2
1366.73260	456.58480	3	37.4649	2
1366.75700	456.59290	3	37.5518	2
1366.84470	684.42965	2	101.2431	2
1367.54620	684.78035	2	34.0552	2
1367.65420	456.89200	3	52.4842	2
1367.67175	456.89785	3	51.3642	2
1367.68695	456.90290	3	52.9189	2
1367.68765	684.85110	2	52.9861	2
1367.71265	684.86360	2	72.8795	2
1367.76735	684.89095	2	84.4656	2
1367.77830	684.89645	2	76.4834	2
1368.64470	457.22220	3	68.7315	1
1368.79850	457.27340	3	65.0996	1
1369.67480	457.56555	3	53.2200	2
1369.79415	685.90435	2	55.9125	2
1369.79415	457.60535	3	55.9042	2
1370.81895	686.41675	2	95.9486	2
1371.68365	686.84910	2	74.6423	2
1371.70880	686.86170	2	92.2268	2
1371.73595	458.25260	3	50.4581	2
1371.74885	458.25685	3	55.7384	2
1371.75990	686.88720	2	84.2755	1
1372.68490	687.34975	2	67.2437	2
1372.71855	458.58015	3	55.4600	2
1373.69000	458.90395	3	38.7064	2
1373.69155	687.85305	2	38.8097	2
1373.69495	687.85475	2	75.7567	2
1373.74095	687.87775	2	71.8258	2
1373.75195	687.88325	2	57.8551	2
1374.68870	688.35165	2	48.6639	2
1374.68880	459.23690	3	48.6700	1
1374.70765	688.36110	2	74.3435	2
1374.76140	459.26105	3	79.4370	2
1374.76385	688.38920	2	79.4971	2
1374.78575	688.40015	2	85.3438	2
1375.56885	459.53020	3	40.4458	2
1376.70995	689.36225	2	90.5894	2
1376.71410	689.36430	2	84.4626	2
1376.71960	689.36705	2	66.0864	2
1376.72925	459.91700	3	50.8723	2
1376.84945	459.95710	3	67.5862	2
1377.67240	689.84350	2	84.2012	3
1377.67870	689.84660	2	76.4399	2
1377.68875	460.23685	3	33.6233	2
1377.69515	460.23895	3	89.3953	2
1377.69710	689.85585	2	89.0644	2
1378.23405	690.12430	2	85.6529	4
1378.55455	690.28455	2	43.6028	2
1378.69865	690.35660	2	60.7789	2
1378.75515	690.38485	2	95.2872	2
1379.76580	460.92920	3	73.9596	2
1379.76650	690.89055	2	73.9927	2
1379.77090	690.89270	2	81.1137	2
1380.79875	691.40665	2	77.5261	2
1381.66700	691.84075	2	66.7718	2
1381.74520	691.87990	2	74.1740	1
1382.65260	692.33360	2	77.2868	2
1382.75840	692.38650	2	78.5465	2
1383.54135	692.77795	2	27.0864	2
1383.67945	462.23375	3	44.1366	2
1384.64160	462.55445	3	56.3223	2
1384.66275	693.33865	2	56.8116	2
1384.73465	462.58550	3	65.1674	2
1384.75755	693.38605	2	84.1966	2
1385.66470	693.83960	2	80.4164	1
1385.73470	693.87465	2	76.2004	2
1385.75255	693.88355	2	62.9980	2
1386.72400	463.24860	3	67.2164	2
1387.56080	694.78770	2	62.7063	1
1387.69495	694.85475	2	57.5117	2
1387.72810	463.58330	3	85.2199	2
1387.72910	694.87180	2	85.2863	2
1388.70395	695.35925	2	52.9501	2
1389.73475	695.87465	2	88.2776	2
1389.75215	695.88335	2	89.2825	2
1390.75580	464.59255	3	68.8230	2
1391.69200	464.90460	3	61.2263	2
1391.69430	696.85445	2	61.1070	2
1391.70455	696.85955	2	53.6629	2
1392.61690	465.21290	3	60.2855	2
1392.63805	697.32630	2	65.4849	2
1392.66805	697.34130	2	63.9675	2
1392.87070	465.29750	3	85.1366	2
1393.64525	697.82990	2	69.4037	2
1393.65175	697.83315	2	71.8897	2
1393.67860	697.84660	2	71.3331	2
1393.69175	697.85315	2	83.4042	2
1393.70280	465.57490	3	56.7157	2
1393.70370	697.85915	2	78.2403	2
1394.54925	698.28190	2	37.0813	2
1395.65200	698.83325	2	58.9104	2
1395.71145	466.24440	3	40.9218	2
1395.71255	698.86355	2	40.9307	2
1396.67775	699.34615	2	78.1358	2
1396.80450	699.40955	2	67.3960	2
1397.60190	466.87455	3	47.5918	2
1397.60580	699.81015	2	47.6369	2
1397.71655	699.86555	2	51.9588	2
1397.79585	699.90520	2	80.4513	2
1398.62800	700.32130	2	53.1413	2
1398.70345	700.35900	2	90.9074	2
1398.77280	700.39365	2	64.7944	2
1399.66285	700.83870	2	61.8151	2
1399.69550	700.85505	2	55.0706	2
1399.70120	467.57430	3	49.1634	1
1401.57030	701.79245	2	43.1316	2
1401.71100	701.86275	2	42.9331	2
1401.71170	468.24450	3	42.8446	2
1401.76260	468.26145	3	81.6993	2
1401.76335	701.88895	2	81.5371	2
1401.77655	468.26610	3	39.6703	2
1402.75040	702.38250	2	77.9644	2
1403.63375	702.82415	2	55.9610	2
1403.63985	702.82720	2	61.4374	2
1403.66820	468.89670	3	50.0786	1
1403.74105	468.92095	3	41.4663	2
1403.74180	702.87820	2	70.0652	2
1403.74230	702.87845	2	41.4993	2
1404.72860	703.37160	2	76.5611	2
1404.79770	703.40610	2	68.7127	2
1406.66110	704.33780	2	56.7472	2
1406.71600	704.36525	2	75.2016	2
1407.72240	470.24805	3	50.5116	2
1407.72430	704.86945	2	50.5713	2
1407.78310	470.26830	3	67.0962	2
1407.78385	470.26855	3	61.0525	2
1408.65125	705.33290	2	78.3123	2
1408.66340	705.33895	2	71.3222	2
1408.66875	705.34165	2	39.7030	2
1409.68765	705.85110	2	69.2240	2
1409.74045	470.92075	3	49.9421	2
1410.70010	706.35735	2	56.2618	2
1410.72425	471.24865	3	51.2367	2
1410.72560	706.37010	2	51.2490	2
1410.77040	471.26405	3	58.5256	2
1411.65890	706.83675	2	48.7587	2
1411.71790	471.57990	3	71.0192	2
1411.82955	706.92205	2	73.5894	2
1412.64240	707.32850	2	90.3348	2
1412.77435	707.39445	2	51.9661	2
1412.81225	707.41340	2	83.8516	2
1412.83955	471.95375	3	67.7485	2
1412.84030	707.42745	2	67.8080	2
1413.67525	707.84490	2	37.9995	2
1413.76575	707.89015	2	62.3306	2
1414.72360	708.36910	2	61.4429	2
1414.73090	708.37275	2	48.2312	2
1414.73095	472.58425	3	48.1765	2
1414.73225	708.37340	2	82.7277	2
1415.65085	708.83270	2	93.7629	2
1415.67750	472.89980	3	44.7455	1
1415.68935	708.85195	2	58.4848	2
1415.72660	708.87055	2	46.6040	2
1415.76300	472.92830	3	40.9674	1
1416.72615	709.37035	2	65.5110	2
1416.77950	473.26710	3	59.8836	1
1416.78360	709.39910	2	92.5543	1
1417.66725	709.84090	2	69.1369	2
1417.66930	709.84195	2	56.0990	2
1417.67995	473.56725	3	47.2799	2
1417.68140	709.84800	2	47.3255	1
1417.71020	709.86240	2	75.0538	2
1417.76930	473.59700	3	35.2050	1
1418.69850	473.90680	3	43.7327	1
1418.70770	710.36110	2	58.7020	2
1418.70975	710.36215	2	81.5203	2
1418.77795	710.39625	2	90.4812	2
1419.66425	710.83940	2	57.9567	2
1419.69890	474.24025	3	52.1429	2
1419.69925	710.85690	2	52.1771	2
1419.75835	474.26005	3	52.4107	2
1419.81350	710.91400	2	82.0958	2
1420.65190	711.33325	2	47.3655	6
1421.80345	474.94175	3	64.6367	2
1422.59415	712.30435	2	37.5298	2
1422.59500	475.20560	3	37.4352	2
1422.67430	475.23205	3	41.5575	2
1422.68795	712.35125	2	66.2612	2
1422.75305	712.38380	2	79.5342	2
1423.67035	712.84245	2	83.3157	2
1423.73910	712.87680	2	91.9967	1
1424.66215	713.33835	2	69.0869	2
1424.71865	713.36660	2	67.6050	2
1424.75120	713.38290	2	59.6940	1
1424.81395	475.94525	3	92.6484	2
1424.81830	713.41645	2	92.6650	2
1425.67200	713.84330	2	74.6410	1
1425.80900	713.91175	2	74.7603	2
1425.81990	476.28055	3	63.2791	2
1427.64325	714.82890	2	46.9482	2
1427.72590	714.87020	2	53.4020	2
1427.79730	476.93970	3	58.5579	2
1427.79990	714.90725	2	83.8176	2
1428.71125	477.24435	3	46.8314	2
1428.77940	477.26705	3	77.6912	2
1429.74890	715.88175	2	64.4602	2
1429.75540	715.88495	2	61.2525	2
1429.75555	477.59245	3	61.1642	2
1429.76170	715.88815	2	52.6211	2
1429.79640	715.90550	2	69.9253	2
1429.80000	715.90730	2	98.4945	2
1430.72860	716.37160	2	89.0831	1
1430.73755	477.91975	3	51.6561	2
1430.75885	716.38670	2	91.9534	2
1431.28765	716.65110	2	87.2057	4
1431.78815	478.26995	3	66.7718	2
1431.79815	716.90635	2	80.7945	2
1432.71520	478.57900	3	46.0018	2
1432.71630	717.36540	2	45.9659	1
1434.74865	718.38160	2	74.5594	2
1435.66320	718.83885	2	38.9533	2
1435.76745	718.89100	2	63.7257	2
1436.69380	479.90520	3	56.5267	2
1436.69455	719.35455	2	56.5987	2
1436.70380	719.35915	2	69.2488	2
1436.76325	479.92835	3	52.7203	2
1436.78560	719.40010	2	63.2412	1
1436.78785	479.93655	3	63.1360	2
1437.69155	719.85305	2	64.4358	2
1438.59035	480.53740	3	30.5687	2
1438.77270	720.39360	2	82.3397	1
1439.64535	720.82995	2	48.9079	2
1439.79970	720.90715	2	73.9347	2
1439.80610	720.91030	2	96.9615	2
1440.82040	721.41750	2	80.3300	2
1441.63250	721.82355	2	78.1242	2
1441.83070	721.92260	2	87.5069	2
1442.65030	722.33245	2	85.0018	2
1442.66885	722.34170	2	52.2037	2
1442.68825	722.35140	2	80.8792	2
1442.72935	481.91705	3	50.4902	2
1442.77140	481.93110	3	62.7585	1
1443.67315	722.84385	2	44.1965	2
1443.77295	482.26490	3	65.8373	2
1443.80875	722.91165	2	74.7715	2
1443.84600	722.93030	2	80.6073	2
1444.66980	723.34220	2	56.8713	2
1444.67580	723.34520	2	86.2044	1
1444.73490	482.58560	3	51.5282	1
1444.74230	723.37845	2	71.5618	2
1444.77120	482.59765	3	61.7443	2
1444.81100	723.41280	2	88.9061	2
1446.71410	724.36430	2	62.6059	1
1447.20340	724.60900	2	64.3260	4
1447.75450	724.88450	2	68.5688	2
1447.75530	483.59235	3	57.5700	2
1448.71430	725.36445	2	57.4832	2
1448.73840	725.37650	2	78.2155	2
1448.74390	725.37925	2	84.0971	2
1449.67830	725.84640	2	63.1854	2
1449.71060	725.86260	2	75.0132	1
1449.86650	484.29610	3	61.3092	2
1449.88275	725.94865	2	87.1504	2
1450.72575	726.37015	2	82.9675	2
1450.73410	726.37430	2	90.7213	2
1450.75075	726.38265	2	96.7741	2
1450.78865	484.60350	3	52.5001	4
1451.66350	484.89510	3	49.8072	1
1451.82075	484.94750	3	67.1554	2
1452.69750	727.35600	2	57.9469	1
1452.76940	485.26375	3	58.3702	2
1452.80205	727.40830	2	91.6149	2
1453.76165	727.88810	2	56.9599	2
1454.70740	485.90970	3	85.3020	1
1454.73040	728.37250	2	80.0630	2
1454.87165	485.96450	3	77.9074	2
1454.87210	728.44335	2	77.8363	2
1455.69105	486.23765	3	68.8085	2
1455.69880	728.85665	2	68.7735	2
1455.83825	728.92640	2	82.1043	2
1457.74565	729.88010	2	80.6352	2
1457.78820	486.93665	3	82.7159	2
1457.78950	729.90205	2	82.7805	2
1458.68330	730.34890	2	76.5846	1
1458.74640	487.25605	3	77.4442	2
1459.70425	730.85940	2	59.2648	2
1459.70925	730.86190	2	68.3264	2
1459.74390	730.87925	2	64.3187	2
1459.83985	487.62055	3	76.9221	2
1459.84040	730.92745	2	76.9786	2
1461.83735	731.92595	2	78.4297	2
1461.83805	488.28660	3	78.3038	2
1462.68805	732.35130	2	65.6815	2
1462.73140	732.37300	2	71.2798	1
1462.76590	732.39020	2	68.8221	1
1463.67655	488.89945	3	63.6212	2
1463.70850	488.91010	3	67.2686	2
1463.70850	732.86150	2	80.9400	1
1463.70995	732.86225	2	67.0617	2
1463.74110	488.92100	3	73.0488	2
1463.75295	732.88375	2	72.7895	2
1463.76340	732.88900	2	62.8620	3
1464.30455	733.15955	2	65.8071	4
1464.75120	489.25770	3	82.8487	2
1464.79290	489.27155	3	66.5566	6
1464.79490	733.40475	2	62.3590	2
1465.73390	733.87425	2	87.8007	2
1466.66480	489.89550	3	44.5587	1
1466.67695	734.34575	2	75.5037	2
1466.74160	734.37810	2	89.6605	1
1466.77320	489.93165	3	44.6584	2
1467.73770	734.87615	2	85.7708	6
1467.82350	490.28180	3	57.0216	2
1468.68680	735.35065	2	53.9091	2
1468.79650	735.40550	2	75.2468	1
1470.74775	491.25650	3	66.9267	2
1470.74875	491.25685	3	56.9048	2
1470.80000	736.40725	2	89.7513	2
1470.84655	736.43055	2	84.1027	2
1471.70935	736.86195	2	54.7332	2
1471.74185	736.87820	2	65.8045	2
1471.75740	491.59305	3	67.8425	2
1472.71480	491.91220	3	45.9090	1
1472.73710	491.91960	3	58.2494	2
1472.73795	737.37625	2	58.3363	2
1472.76250	491.92810	3	67.2616	1
1472.77440	491.93205	3	60.2538	2
1473.74900	737.88180	2	66.9467	1
1473.76255	492.26145	3	72.4363	2
1474.76820	738.39140	2	80.0217	2
1475.77355	492.93180	3	63.7634	2
1476.70940	739.36195	2	65.6862	2
1476.78270	739.39860	2	73.8494	1
1477.74475	739.87965	2	85.6735	2
1477.76120	739.88790	2	73.0831	2
1478.64085	740.32770	2	48.8129	2
1478.77685	740.39570	2	75.2588	2
1480.68950	494.57040	3	36.3993	2
1480.71780	741.36615	2	86.2767	2
1480.78790	494.60325	3	65.4850	2
1480.83770	494.61985	3	59.6523	2
1482.81395	742.41425	2	90.6306	2
1482.83085	742.42270	2	69.0016	2
1483.71280	495.57820	3	62.5290	2
1483.74635	495.58940	3	29.9833	2
1483.76375	742.88915	2	77.1663	2
1484.68240	743.34850	2	43.9372	2
1484.80950	743.41205	2	84.0656	2
1484.82215	495.94795	3	75.9282	2
1484.82350	743.41905	2	76.0255	2
1485.82255	496.28145	3	88.3451	2
1485.82550	743.92000	2	88.4035	2
1486.72075	496.58085	3	76.8070	2
1486.76380	744.38915	2	72.0124	2
1486.77845	496.60005	3	54.7583	2
1486.78140	496.60110	3	67.9528	2
1486.78240	744.39845	2	67.9151	2
1487.80630	744.91040	2	93.6509	1
1488.64840	745.33150	2	49.5956	2
1488.74280	497.25485	3	45.5971	2
1488.79325	497.27165	3	60.1946	2
1489.77080	497.59750	3	76.4388	1
1490.73365	497.91845	3	58.7275	2
1490.73880	746.37670	2	91.0779	1
1491.81085	746.91270	2	90.4865	2
1492.71090	747.36270	2	48.5274	1
1492.73900	498.58690	3	77.2411	1
1492.80680	498.60950	3	77.5884	1
1493.64855	498.89010	3	39.4633	2
1493.65000	747.83230	2	39.5269	2
1493.74780	498.92320	3	57.1436	2
1493.74860	747.88155	2	57.0751	2
1495.63345	499.55175	3	42.0244	2
1495.74095	499.58755	3	69.9490	2
1495.84185	748.92820	2	82.4083	2
1495.85615	499.62595	3	83.2877	2
1495.85745	748.93600	2	83.3872	2
1495.87230	499.63135	3	70.4393	2
1496.68735	749.35095	2	86.4321	2
1496.76195	499.92790	3	57.4782	2
1496.76305	749.38880	2	65.5684	2
1496.78380	749.39920	2	71.8685	2
1496.82685	749.42070	2	92.6539	2
1498.76085	750.38770	2	76.0813	2
1498.78030	750.39740	2	69.2206	1
1498.79930	500.60700	3	47.6997	1
1498.84135	750.42795	2	85.9473	2
1499.71390	500.91190	3	56.5362	2
1500.76195	501.26125	3	56.8023	2
1500.79360	501.27180	3	60.1876	2
1500.79385	751.40420	2	60.2229	2
1500.79540	751.40500	2	73.3415	3
1500.81490	501.27890	3	70.2405	2
1501.71685	501.57955	3	51.9254	2
1501.71760	751.86605	2	51.9970	2
1501.84325	501.62170	3	50.2358	2
1502.64735	752.33095	2	79.3547	2
1502.74880	752.38165	2	88.8697	2
1503.74950	752.88205	2	76.5976	2
1503.79520	752.90490	2	81.6384	2
1504.75035	502.59070	3	55.0122	2
1504.79755	753.40605	2	70.0439	2
1504.87620	502.63270	3	81.5988	2
1505.65305	502.89160	3	47.9999	2
1505.70855	502.91015	3	57.6610	2
1505.91730	753.96595	2	94.0494	2
1506.79405	754.40430	2	67.0134	2
1506.79500	754.40480	2	61.0912	2
1507.71415	503.57865	3	64.7621	2
1507.73275	503.58485	3	53.4398	2
1508.74325	755.37890	2	87.9542	2
1508.81380	503.94520	3	49.6489	2
1508.81400	755.41430	2	49.6011	2
1509.65875	504.22685	3	47.4813	2
1509.65935	755.83695	2	47.6045	2
1509.74645	504.25605	3	52.9275	2
1510.70665	756.36060	2	71.2677	2
1510.71225	504.57805	3	58.7302	2
1510.71450	756.36450	2	58.7656	2
1510.74540	756.38000	2	75.6494	2
1510.75150	504.59110	3	58.6172	1
1511.71620	756.86540	2	43.2145	2
1511.78775	756.90115	2	99.9195	2
1511.82210	756.91830	2	93.4988	1
1511.85835	756.93645	2	81.6329	2
1512.20760	505.07645	3	44.1833	4
1512.87720	505.29970	3	86.1730	1
1512.87735	757.44595	2	86.0449	2
1513.69575	757.85515	2	69.6906	2
1513.75065	757.88260	2	78.5776	2
1513.87035	505.63075	3	97.7533	2
1513.87210	757.94330	2	97.6616	2
1514.72255	505.91480	3	57.5632	2
1514.72415	758.36935	2	57.6298	2
1514.79900	758.40680	2	92.3420	2
1514.80025	758.40740	2	67.1609	2
1514.85740	758.43600	2	90.9718	2
1515.71735	758.86595	2	78.7895	2
1515.71935	506.24705	3	78.8919	2
1515.75345	506.25840	3	33.5642	2
1515.75395	758.88425	2	33.6312	2
1515.76270	758.88860	2	89.8119	2
1515.77055	506.26415	3	79.4484	2
1515.82275	758.91865	2	80.0575	2
1516.71240	506.57810	3	35.9321	1
1516.77930	759.39695	2	75.3822	2
1516.80085	759.40770	2	80.5410	2
1516.83270	759.42360	2	81.0743	2
1517.22445	506.74875	3	54.5110	4
1517.73030	759.87240	2	63.2502	2
1517.73730	759.87595	2	70.6234	2
1517.80945	506.94375	3	77.7111	2
1517.81030	759.91240	2	77.8377	1
1518.71260	507.24480	3	62.6321	1
1518.79790	760.40620	2	85.1179	1
1518.92380	507.31520	3	63.9764	1
1519.82495	760.91975	2	93.0417	2
1520.23825	761.12640	2	65.1727	4
1520.73630	761.37540	2	53.6335	2
1520.78930	761.40190	2	71.2905	1
1521.79345	508.27175	3	45.4085	2
1523.76420	762.88940	2	94.0720	2
1523.86755	508.96310	3	78.1937	2
1523.88220	762.94835	2	90.9718	2
1524.74020	763.37735	2	72.8393	2
1525.85170	763.93310	2	98.5223	1
1526.73240	509.91805	3	34.7373	2
1526.73630	764.37540	2	34.8511	1
1527.71055	510.24410	3	36.1187	2
1527.78780	764.90115	2	92.6264	2
1528.74740	765.38100	2	93.8990	2
1528.79890	765.40670	2	73.3507	2
1528.80975	510.61055	3	70.3979	2
1529.66220	510.89470	3	37.9774	2
1529.66495	765.83975	2	39.2598	2
1529.84035	510.95405	3	65.1976	2
1529.85685	510.95955	3	80.8200	2
1530.79110	511.27100	3	94.5467	1
1530.80600	511.27595	3	67.5227	2
1531.69745	511.57310	3	65.2818	2
1531.77500	766.89480	2	66.2938	2
1531.80090	766.90770	2	69.1736	2
1531.81345	766.91400	2	86.2471	2
1532.79820	767.40640	2	72.6896	2
1532.82135	767.41795	2	83.1685	2
1533.72640	767.87050	2	72.0457	2
1533.74345	512.25505	3	35.9775	2
1533.74615	512.25595	3	51.0309	2
1533.74685	767.88070	2	68.8791	2
1533.79720	512.27300	3	98.1786	1
1533.79850	767.90650	2	74.0465	1
1533.80095	767.90775	2	98.1476	2
1534.29670	768.15565	2	74.8581	4
1535.67110	512.89760	3	38.1118	2
1535.67975	768.84715	2	60.7192	2
1535.68305	768.84880	2	68.3597	2
1535.78345	512.93505	3	69.3470	2
1537.72105	513.58095	3	80.5712	2
1538.82450	770.41950	2	79.5567	2
1540.69675	514.57285	3	61.2936	2
1540.80800	514.60995	3	64.0487	2
1540.82150	514.61440	3	48.2811	1
1541.78710	514.93630	3	58.9516	1
1541.78835	771.90145	2	59.0679	2
1541.80420	514.94200	3	60.4581	1
1541.81715	771.91585	2	70.0957	2
1541.83125	771.92290	2	76.3246	2
1542.77080	515.26420	3	54.9501	2
1542.79100	772.40275	2	62.1886	2
1546.69855	774.35655	2	67.4548	2
1547.67135	774.84295	2	63.2396	2
1547.77345	516.93175	3	55.0959	2
1547.82035	774.91745	2	71.5370	2
1547.82040	774.91750	2	84.2310	2
1547.83105	516.95095	3	58.9965	2
1547.83145	774.92300	2	59.0313	2
1548.77830	517.26670	3	71.7174	2
1548.77855	775.39655	2	71.6795	2
1548.80055	517.27410	3	62.1887	2
1548.92345	775.46900	2	80.9411	2
1549.60080	775.80765	2	46.0942	2
1549.74445	775.87950	2	64.0467	2
1549.74660	517.58950	3	63.8977	1
1549.78130	775.89795	2	82.5034	2
1549.83065	775.92260	2	74.0011	2
1550.68960	517.90380	3	34.1769	2
1550.74095	517.92090	3	52.2937	2
1550.74310	776.37885	2	52.3311	2
1550.76930	776.39195	2	58.2788	2
1550.77030	517.93070	3	58.2165	2
1550.85310	776.43380	2	96.5176	2
1551.71680	518.24620	3	37.1393	2
1551.76720	776.89085	2	68.6610	2
1551.77470	518.26550	3	40.2055	2
1551.84835	776.93145	2	91.0381	2
1552.73170	518.58450	3	68.0968	1
1553.83220	518.95135	3	82.3702	2
1553.83260	777.92355	2	82.3785	2
1555.73790	778.87620	2	72.9363	2
1555.75065	519.59080	3	52.6917	2
1555.79000	778.90230	2	84.2572	2
1555.84610	778.93030	2	82.9283	1
1555.85720	519.62635	3	34.4581	2
1555.88255	519.63475	3	78.7675	2
1556.84425	779.42940	2	91.6713	2
1557.78270	779.89865	2	80.6720	2
1557.83670	779.92560	2	90.5871	1
1558.76710	780.39085	2	91.8937	2
1558.77435	780.39445	2	68.1651	2
1559.75060	520.92410	3	72.5110	2
1559.81965	780.91710	2	88.4785	2
1560.30515	781.15985	2	79.8691	4
1560.83840	781.42650	2	86.6111	2
1560.83935	521.28705	3	86.8918	2
1560.84205	781.42830	2	79.9008	2
1561.78880	781.90165	2	77.4357	2
1561.83545	781.92500	2	88.6989	2
1563.80400	522.27525	3	74.4941	2
1563.80630	782.91040	2	74.2990	3
1564.71510	522.57900	3	54.2746	1
1564.71710	783.36585	2	54.3517	2
1564.74260	783.37860	2	56.6507	2
1565.83150	522.95110	3	67.8254	1
1567.82515	784.91985	2	82.6168	2
1567.89575	784.95515	2	97.9365	2
1569.87765	785.94610	2	77.5260	2
1569.91395	785.96425	2	88.3339	2
1570.74510	524.58900	3	53.0569	1
1570.80960	786.41210	2	59.8619	2
1570.82540	786.42000	2	84.8294	1
1571.68645	524.90275	3	56.6174	2
1571.68725	786.85090	2	56.7398	2
1572.78185	787.39820	2	59.3004	2
1572.83010	525.28395	3	80.1828	2
1573.76400	787.88930	2	66.4449	1
1573.78035	787.89745	2	88.1577	2
1573.82700	787.92080	2	82.1907	2
1573.83660	787.92560	2	75.8079	2
1574.71035	788.36245	2	71.9494	2
1576.75370	789.38415	2	75.9423	2
1576.76760	789.39110	2	73.1590	1
1577.76680	789.89070	2	91.5101	2
1577.77000	526.93060	3	73.1780	3
1577.79050	789.90250	2	76.8425	2
1578.75360	790.38410	2	74.4117	2
1578.83805	527.28660	3	71.6582	2
1578.85240	790.43350	2	86.3673	1
1578.85255	527.29145	3	57.6293	2
1578.87455	527.29875	3	84.6501	2
1578.87500	790.44475	2	84.6582	2
1580.70040	527.90740	3	41.9850	2
1580.80535	527.94240	3	63.1383	2
1580.86315	791.43885	2	95.8471	2
1580.92915	527.98365	3	76.9327	2
1581.76545	791.89000	2	66.8070	2
1582.84710	792.43085	2	78.9874	2
1582.86640	792.44045	2	72.1592	2
1583.86550	528.96240	3	71.6222	1
1584.74225	529.25470	3	67.7052	2
1585.82230	529.61470	3	66.4711	1
1586.17985	794.09720	2	64.3521	4
1586.86760	794.44110	2	86.9345	3
1587.85680	794.93570	2	87.2388	1
1587.85850	530.29345	3	65.8640	2
1588.72745	795.37100	2	71.4486	2
1588.75980	530.59385	3	59.5882	2
1588.83960	795.42710	2	94.0884	2
1589.81970	530.94720	3	85.0364	2
1589.82095	795.91775	2	84.9935	2
1590.76300	796.38880	2	79.5054	2
1590.79200	531.27130	3	87.4002	1
1590.79470	796.40465	2	82.8118	2
1590.85455	796.43455	2	90.7909	2
1591.74730	531.58970	3	45.0351	2
1591.74870	796.88160	2	45.0880	2
1591.80370	796.90910	2	59.9254	2
1591.86200	796.93830	2	87.8002	2
1592.91695	797.46575	2	73.2369	2
1593.74150	532.25440	3	56.0170	2
1593.74440	797.87950	2	56.0880	2
1593.76360	797.88910	2	85.1409	2
1593.95135	797.98295	2	83.1940	2
1595.74880	532.92350	3	76.4872	1
1595.80450	798.90955	2	93.1216	2
1595.86190	532.96120	3	51.3588	2
1596.76800	533.26330	3	53.7413	3
1596.77955	799.39705	2	69.0299	2
1596.80060	799.40755	2	54.5812	2
1597.86870	799.94165	2	71.1495	2
1598.84335	533.95505	3	83.6315	2
1598.84805	800.43130	2	83.5031	2
1599.78695	800.90075	2	43.6647	2
1599.80090	534.27420	3	64.2050	3
1599.84910	800.93185	2	75.5955	2
1599.89815	534.30665	3	64.3373	2
1599.89845	534.30675	3	78.3643	2
1599.90170	800.95810	2	64.3993	1
1600.77855	801.39655	2	77.8703	2
1600.84315	534.62165	3	65.5425	2
1601.72605	801.87030	2	53.1718	2
1601.78300	801.89880	2	72.4725	1
1602.80240	802.40850	2	77.2466	1
1602.86310	802.43880	2	73.9233	2
1603.81095	802.91275	2	82.1646	2
1604.78370	535.93515	3	69.4560	2
1607.84975	804.93215	2	86.3066	2
1607.90365	536.97515	3	81.1054	2
1609.83655	537.61945	3	90.2343	2
1609.83725	805.92590	2	90.3234	2
1610.72000	806.36730	2	66.3177	1
1610.78345	537.93510	3	66.2096	2
1610.91080	806.46270	2	98.6169	2
1610.97165	537.99780	3	72.1678	2
1611.79005	806.90230	2	65.7726	2
1611.79070	806.90265	2	75.8473	2
1612.86920	807.44190	2	90.1689	2
1612.90540	538.64240	3	78.1496	2
1613.34850	538.79010	3	71.0074	2
1613.85265	807.93360	2	83.4415	2
1613.90420	807.95940	2	81.7825	2
1614.75990	808.38720	2	89.8657	2
1614.84280	808.42865	2	78.5265	2
1615.75940	539.59370	3	58.3976	2
1615.85680	539.62620	3	73.8966	2
1616.73240	539.91805	3	48.5980	2
1616.84655	809.43055	2	93.4122	2
1616.92570	539.98250	3	62.7117	1
1617.78680	809.90065	2	45.0349	2
1617.83740	809.92595	2	78.7071	2
1617.91110	809.96280	2	100.3085	1
1620.86220	541.29465	3	87.2497	2
1620.86305	811.43880	2	87.2382	2
1621.82870	811.92165	2	85.6734	2
1621.83690	811.92570	2	74.9966	1
1621.87245	811.94350	2	71.6287	2
1622.76530	541.92905	3	38.5255	2
1622.76820	812.39140	2	38.6407	1
1622.79790	541.93990	3	82.9760	2
1622.82760	812.42110	2	68.9193	1
1623.86265	812.93860	2	88.7831	2
1625.77480	813.89470	2	78.6455	2
1625.77675	813.89565	2	81.8487	2
1625.87385	542.96520	3	67.2821	2
1626.85715	543.29300	3	58.0386	2
1626.85940	814.43700	2	58.0716	2
1627.74805	814.88130	2	68.1047	2
1628.79060	815.40260	2	95.2546	2
1628.79090	543.93755	3	95.2900	2
1628.79630	815.40540	2	82.2505	1
1628.81640	543.94605	3	57.4508	2
1628.81675	815.41565	2	57.5118	2
1629.87415	815.94435	2	70.3628	2
1629.88255	815.94855	2	89.7841	2
1630.84570	544.62250	3	83.2199	2
1631.88820	544.97000	3	74.6128	1
1631.92500	544.98225	3	72.6915	2
1631.92635	816.97045	2	72.7493	2
1632.77930	545.26705	3	47.0909	2
1632.83030	545.28400	3	68.3967	1
1633.84295	545.62155	3	80.8481	2
1633.85630	545.62600	3	62.9186	1
1634.82885	545.95025	3	45.4723	2
1634.88750	545.96975	3	54.5606	2
1635.76510	546.26230	3	55.4680	2
1635.79700	818.90580	2	82.8707	1
1636.94350	819.47905	2	92.6870	2
1638.84065	547.28750	3	77.0116	2
1639.74110	820.87785	2	62.9900	2
1639.87630	547.63270	3	79.0072	2
1639.87655	820.94555	2	79.0703	2
1639.87735	820.94595	2	95.8973	2
1639.87860	547.63350	3	96.0441	2
1639.93185	820.97320	2	91.2969	2
1640.84870	547.95685	3	48.0243	2
1641.88335	821.94895	2	85.2306	2
1642.69075	822.35265	2	47.6233	2
1642.80615	822.41035	2	59.8217	2
1642.85295	822.43375	2	49.3127	2
1642.85355	548.62510	3	49.2509	2
1642.88350	548.63510	3	80.5976	2
1643.67140	822.84300	2	66.6444	2
1643.79050	548.93740	3	47.8875	2
1643.82540	822.92000	2	45.3135	1
1643.82855	822.92155	2	75.8473	2
1643.84030	548.95405	3	67.6377	2
1644.84380	412.21820	4	42.9494	2
1645.90440	549.64210	3	68.4537	2
1646.83890	549.95355	3	62.3356	2
1646.87070	549.96420	3	74.4930	1
1648.96865	550.66345	3	59.2750	2
1648.96960	413.24970	4	59.3932	1
1649.93670	825.97565	2	77.7766	2
1651.90230	826.95845	2	89.4872	2
1651.92685	551.64955	3	85.9268	2
1651.92765	826.97110	2	85.8898	2
1653.87325	552.29835	3	77.1398	2
1653.89385	827.95420	2	93.3576	2
1653.92110	552.31430	3	77.9460	1
1654.78865	828.40160	2	71.5034	2
1654.89095	552.63755	3	82.1733	2
1654.89605	828.45530	2	82.0375	2
1655.76380	552.92855	3	49.9501	2
1657.82060	553.61410	3	89.7428	1
1657.82160	829.91810	2	89.5830	2
1658.79195	553.93795	3	55.2456	2
1658.83650	830.42550	2	79.7454	2
1659.91075	554.31085	3	80.2706	2
1659.91200	830.96330	2	80.4107	1
1660.74150	554.58775	3	66.0172	2
1660.84205	554.62130	3	63.4370	2
1661.90400	831.95930	2	78.9420	1
1662.82920	832.42185	2	70.5316	2
1663.79615	555.60600	3	72.9665	2
1664.72675	833.37065	2	67.4460	2
1664.80970	833.41215	2	80.1865	2
1664.84215	833.42835	2	74.0177	2
1666.86780	556.62990	3	77.9986	2
1666.87875	834.44665	2	81.7967	2
1666.91830	834.46645	2	83.5349	2
1667.71395	556.91190	3	68.9498	2
1667.81485	556.94555	3	58.7953	2
1667.86310	834.93885	2	77.9386	2
1668.81460	557.27880	3	58.2288	2
1669.85455	835.93455	2	72.2833	2
1670.83655	836.42555	2	97.4788	2
1670.88425	557.96865	3	56.1094	2
1671.71665	558.24615	3	51.8562	2
1672.72375	558.58185	3	43.3593	2
1673.79900	837.90680	2	89.7700	1
1673.89920	558.97370	3	77.6194	1
1673.90085	837.95770	2	77.4696	2
1674.88565	838.45010	2	92.8935	2
1675.73610	559.58600	3	30.7462	1
1675.73780	419.94170	4	30.8286	3
1676.81345	839.41400	2	67.9825	2
1677.81015	560.27735	3	71.5953	2
1677.82580	560.28250	3	46.8917	2
1678.00390	560.34190	3	66.7108	2
1681.81960	561.61380	3	76.7259	1
1681.82005	841.91730	2	76.5972	2
1681.90115	561.64100	3	81.2205	2
1681.90155	841.95805	2	81.1591	2
1681.92805	561.64995	3	94.1836	2
1681.93035	841.97245	2	94.2691	2
1682.80120	842.40785	2	88.5794	2
1682.89320	842.45390	2	80.1134	2
1682.90370	561.97520	3	86.1619	1
1682.93200	842.47325	2	72.2285	2
1683.88545	842.95000	2	78.0074	2
1684.73690	562.58620	3	26.4425	1
1684.74095	422.19250	4	26.4640	2
1684.74720	843.38090	2	26.5714	1
1684.91580	843.46520	2	81.7265	2
1685.91470	562.97880	3	66.3594	2
1686.87590	563.29920	3	64.8487	2
1687.91640	844.96550	2	88.9992	2
1687.92410	563.64865	3	89.0110	2
1688.73290	563.91820	3	32.6837	3
1688.87480	563.96550	3	59.1488	1
1688.87665	845.44560	2	84.5360	2
1689.22455	423.31340	4	33.1288	4
1689.84005	564.28730	3	59.3523	2
1689.90975	564.31055	3	95.3804	2
1689.91205	845.96330	2	95.4410	2
1690.96270	564.66150	3	64.7266	2
1692.81845	565.28010	3	84.9248	2
1692.82000	847.41730	2	84.8367	2
1692.96340	847.48900	2	91.3837	2
1692.96590	565.32920	3	91.4691	2
1693.93690	565.65290	3	64.3816	1
1693.94245	565.65475	3	83.5635	2
1694.80230	565.94140	3	51.0536	2
1694.83760	565.95310	3	48.7110	1
1695.32960	848.67210	2	70.2247	4
1696.77395	849.39425	2	64.0156	2
1696.84660	849.43060	2	87.3144	2
1696.90850	849.46155	2	86.4434	2
1696.90870	566.64350	3	86.5865	1
1697.90265	566.97485	3	79.1234	2
1697.90480	849.95965	2	79.1603	2
1698.00880	567.01020	3	84.0886	2
1698.88880	567.30350	3	40.7895	2
1698.89900	850.45680	2	85.6013	2
1698.90050	567.30745	3	85.6071	2
1698.90435	567.30875	3	59.4343	2
1699.86820	567.63000	3	77.0542	2
1700.91110	851.46285	2	81.2936	2
1701.87020	568.29730	3	61.9252	2
1703.81745	568.94640	3	61.3712	2
1704.72655	569.24945	3	27.3574	2
1704.72845	427.18940	4	27.4174	2
1704.86560	853.44010	2	92.4942	1
1704.89590	853.45520	2	91.5651	1
1704.91685	569.31285	3	71.4783	2
1705.83810	569.62000	3	47.8086	3
1705.84050	853.92755	2	47.8647	2
1705.87100	853.94280	2	97.2867	2
1705.88245	569.63475	3	70.5006	2
1705.88400	853.94930	2	70.5886	1
1706.89265	854.45360	2	89.3278	2
1706.90210	569.97460	3	86.0978	5
1706.90860	854.46160	2	78.5762	1
1707.39480	854.70470	2	85.6524	4
1707.80500	854.90980	2	82.1201	2
1707.88690	854.95070	2	94.9738	2
1707.89450	570.30545	3	95.0419	2
1707.89765	570.30650	3	78.4897	6
1707.97820	570.33335	3	79.7115	2
1707.97850	854.99650	2	79.6203	2
1710.01775	571.01320	3	81.4770	2
1712.88890	857.45175	2	67.3582	2
1712.88940	571.97040	3	67.4478	1
1712.93910	571.98700	3	69.7201	2
1714.89990	572.64055	3	63.5523	2
1714.90135	858.45795	2	63.5888	2
1714.90595	858.46025	2	71.4428	2
1716.88680	859.45070	2	87.6494	1
1717.22810	859.62135	2	57.1138	4
1717.86340	573.62840	3	72.8395	2
1717.86545	859.94000	2	72.9033	2
1717.89890	859.95675	2	95.0439	2
1720.90420	861.45940	2	78.5831	2
1721.76115	861.88785	2	38.5254	2
1721.86390	861.93920	2	75.8670	2
1722.87445	575.29875	3	77.0484	2
1722.89630	575.30605	3	77.2506	2
1723.02475	575.34885	3	70.6300	2
1723.02640	862.52045	2	70.6266	2
1724.83260	575.95150	3	48.8362	1
1724.87770	863.44610	2	83.4343	1
1724.93990	575.98720	3	81.7967	2
1725.82640	863.92050	2	67.8064	1
1725.95260	863.98360	2	87.0714	1
1726.01590	576.34590	3	83.4767	2
1726.93650	576.65280	3	74.8591	2
1728.78920	577.27030	3	64.5742	2
1729.00370	577.34185	3	84.1031	2
1730.75720	577.92630	3	65.7372	2
1730.89560	866.45505	2	73.7982	2
1730.89605	866.45530	2	89.8174	2
1731.04285	578.02155	3	90.5118	2
1731.88990	866.95220	2	69.8268	1
1733.87280	578.96485	3	76.8926	2
1733.87450	867.94450	2	76.9923	2
1735.87965	579.63380	3	79.9851	2
1735.90230	579.64140	3	94.6505	2
1735.96070	579.66085	3	99.0415	2
1735.97355	868.99405	2	98.9261	2
1736.84070	579.95420	3	81.4154	2
1736.84700	869.43075	2	81.4096	2
1737.92710	580.31630	3	79.7737	2
1738.80290	870.40875	2	69.3096	2
1738.82065	580.61415	3	60.9712	2
1738.82120	580.61435	3	66.9209	2
1739.84580	580.95585	3	71.2345	2
1739.88720	580.96970	3	69.2147	1
1742.87355	581.96515	3	68.3217	2
1742.97900	582.00030	3	74.0681	1
1743.80105	872.90780	2	68.5055	2
1743.81250	872.91355	2	51.8633	2
1743.86685	582.29625	3	50.1995	2
1743.98375	872.99915	2	96.9736	2
1744.90150	582.64110	3	72.6167	2
1745.91360	582.97850	3	75.2722	2
1745.93115	873.97285	2	83.9392	2
1746.79760	874.40605	2	91.1977	2
1746.81525	874.41490	2	75.5737	2
1749.86435	875.93945	2	62.7827	2
1749.86780	584.29655	3	62.8435	2
1750.01085	584.34420	3	57.1082	2
1750.01210	876.01335	2	57.2005	2
1751.84290	584.95490	3	58.1697	2
1751.93500	876.97475	2	92.1513	2
1752.98845	585.33675	3	87.5601	2
1752.98880	877.50170	2	87.4983	2
1753.84945	585.62375	3	53.7819	2
1754.86400	878.43930	2	76.4029	1
1755.86025	878.93740	2	71.7441	2
1755.90635	878.96045	2	91.8368	2
1755.92580	586.31590	3	66.4069	1
1756.88760	586.63645	3	80.4204	2
1756.89215	879.45335	2	80.3242	2
1757.92385	586.98190	3	75.3926	2
1758.79275	880.40365	2	49.7707	2
1758.83155	587.28445	3	78.3700	2
1759.73800	880.87630	2	59.9768	1
1759.84720	880.93090	2	90.7881	2
1759.84940	587.62370	3	66.8121	1
1760.93840	881.47650	2	89.2453	1
1760.94060	881.47760	2	89.2180	1
1761.89700	588.30630	3	75.1373	1
1762.84270	882.42865	2	77.2866	2
1763.83325	882.92390	2	62.7799	2
1763.83340	588.95170	3	62.6959	3
1764.99735	883.50595	2	93.9409	2
1765.00390	589.34190	3	93.9835	2
1765.86585	883.94020	2	81.1981	2
1765.89175	883.95315	2	66.2688	2
1766.94860	884.48155	2	85.3802	2
1767.82280	590.28150	3	65.6343	1
1767.84955	884.93205	2	90.3947	2
1767.85005	590.29060	3	90.3645	2
1767.97040	590.33070	3	90.5949	2
1768.90235	885.45845	2	81.0140	2
1769.02000	590.68060	3	82.0278	2
1769.91815	885.96635	2	67.9908	2
1770.00525	591.00900	3	75.2098	2
1770.00720	886.01085	2	92.7459	2
1772.33465	887.17460	2	78.0756	4
1774.88630	888.45045	2	59.6725	2
1775.37890	592.80020	3	60.8071	4
1775.83300	888.92380	2	84.9306	1
1776.82860	889.42155	2	64.4683	2
1776.89805	593.30660	3	68.2107	2
1778.86280	890.43870	2	77.2159	1
1778.98930	594.00370	3	72.9876	1
1778.99130	890.50290	2	72.8979	2
1779.99075	891.00265	2	74.4741	2
1780.40385	594.47520	3	54.5816	4
1780.87760	594.63310	3	70.8761	1
1782.87595	595.29925	3	77.1980	2
1783.84640	892.93050	2	74.3219	2
1784.88075	595.96750	3	63.3257	2
1784.88335	893.44895	2	63.3866	2
1784.91615	595.97935	3	56.2227	2
1785.88400	596.30190	3	89.6221	2
1785.88955	893.95205	2	89.5304	2
1788.91195	597.31125	3	36.6626	2
1789.93180	895.97320	2	83.2593	2
1790.90835	896.46145	2	91.4711	2
1792.91185	598.64455	3	62.6502	2
1793.05740	897.53595	2	98.8792	2
1793.06570	598.69580	3	98.9207	1
1793.87130	897.94295	2	90.6627	2
1793.92140	598.98110	3	85.7240	1
1793.92185	897.96820	2	85.6284	2
1794.81755	898.41605	2	64.3746	2
1794.85965	898.43710	2	83.0625	2
1794.98570	898.50015	2	80.6633	2
1796.85750	599.95980	3	75.7132	2
1796.88085	599.96755	3	85.4772	2
1796.98100	600.00090	3	72.1805	3
1798.88785	600.63655	3	49.4292	2
1799.92670	900.97065	2	101.2802	2
1799.92990	600.98390	3	101.2862	2
1802.90220	601.97470	3	98.4672	1
1804.86850	602.63010	3	66.8913	2
1804.89600	602.63930	3	79.2062	1
1804.97105	602.66430	3	79.8177	2
1805.35970	903.68715	2	66.3178	4
1805.87990	903.94720	2	79.1138	5
1806.03850	603.02010	3	73.2459	1
1806.82720	603.28300	3	63.4474	2
1806.88240	904.44850	2	69.8872	2
1806.89470	603.30550	3	85.7300	1
1809.91415	905.96435	2	74.2168	2
1809.99615	604.33930	3	74.5060	2
1809.99770	906.00615	2	74.5947	2
1813.94570	907.98010	2	84.9028	2
1814.80130	605.94105	3	81.6043	2
1814.80240	908.40850	2	81.6931	2
1814.96975	605.99720	3	67.3364	2
1815.92740	908.97100	2	87.6273	1
1815.94080	606.32090	3	73.6358	1
1816.88870	606.63680	3	80.2142	1
1816.96550	909.49000	2	93.6727	1
1817.90210	606.97465	3	50.6905	2
1820.89540	607.97240	3	74.1235	2
1820.91365	607.97845	3	80.4481	2
1821.00620	608.00930	3	81.5662	1
1821.06190	608.02790	3	85.6039	2
1821.84820	608.29000	3	82.0317	2
1821.89685	608.30625	3	54.2345	2
1822.91395	912.46425	2	86.5123	2
1822.91570	912.46515	2	73.4357	2
1823.90655	608.97615	3	69.6031	2
1825.86375	609.62850	3	56.5590	2
1825.86400	913.93925	2	56.6848	2
1825.89565	913.95510	2	68.2523	2
1827.93900	610.32030	3	75.3430	1
1827.96865	610.33015	3	66.4848	2
1827.97070	914.99260	2	66.4608	3
1828.91390	915.46420	2	85.4153	2
1828.95300	915.48380	2	74.5887	2
1830.85340	611.29175	3	65.1046	2
1832.00890	611.67690	3	73.9539	2
1832.86605	917.44030	2	82.8692	2
1832.91815	611.98000	3	77.7853	2
1833.90730	612.30970	3	78.6385	2
1833.93745	917.97600	2	81.4857	2
1833.96315	612.32830	3	89.3575	2
1833.97540	917.99500	2	78.0673	2
1835.79785	612.93985	3	60.8834	2
1836.04795	613.02325	3	74.8848	2
1838.95645	613.99275	3	65.1756	2
1839.99280	614.33820	3	65.6040	1
1840.89600	614.63925	3	79.4138	2
1841.01635	614.67940	3	71.1689	2
1841.01705	921.51580	2	71.1139	2
1841.85700	614.95960	3	50.5110	2
1842.93310	615.31830	3	66.6053	1
1842.97335	615.33170	3	73.0194	2
1844.89260	615.97145	3	64.2841	2
1844.90945	615.97710	3	68.6245	2
1845.99085	616.33755	3	87.7263	2
1845.99240	924.00350	2	87.9324	2
1846.79125	924.40290	2	73.1044	2
1846.93480	924.47470	2	76.1443	2
1846.96765	924.49110	2	86.3420	2
1851.89565	618.30585	3	83.1573	2
1852.02245	927.01850	2	84.3742	2
1854.92905	928.47180	2	93.3102	2
1856.85845	619.96010	3	56.0261	2
1856.88010	929.44730	2	84.1316	2
1859.94390	930.97925	2	73.4918	2
1860.94605	621.32265	3	90.2690	2
1860.94935	931.48195	2	90.2991	2
1860.99935	621.34040	3	77.1017	2
1861.91075	931.96265	2	89.1856	2
1861.98635	621.66940	3	84.6896	2
1862.81985	621.94725	3	61.4747	2
1862.87300	932.44380	2	88.3506	2
1863.90380	622.30850	3	60.6411	1
1863.98870	622.33680	3	90.0656	2
1864.88385	622.63520	3	74.2562	2
1865.00680	933.51065	2	82.1991	2
1866.01515	623.01230	3	83.2903	2
1867.89300	623.63830	3	90.5425	1
1867.89535	934.95495	2	90.5371	2
1868.83435	935.42445	2	64.7833	2
1872.89745	625.30640	3	54.7021	2
1873.94635	625.65605	3	77.4610	2
1873.96865	937.99160	2	82.4443	2
1876.99370	626.67180	3	76.6101	1
1880.97585	627.99920	3	64.2784	2
1881.02710	628.01630	3	81.3241	2
1882.97805	942.49630	2	72.3173	2
1883.88305	942.94880	2	77.0744	2
1883.91900	628.98030	3	71.9451	1
1884.87655	629.29945	3	68.2641	2
1885.87340	943.94395	2	66.7345	2
1885.91860	943.96660	2	85.4180	2
1885.92045	629.64740	3	85.5186	2
1886.86825	944.44140	2	64.6126	2
1886.90080	944.45765	2	70.1591	2
1886.90225	629.97470	3	70.0354	2
1888.00140	630.34105	3	83.0304	2
1888.97010	945.49230	2	84.4045	1
1890.93785	631.31985	3	71.3217	2
1890.94985	631.32390	3	75.6267	2
1890.99600	631.33930	3	86.4077	2
1892.06600	947.04030	2	84.2281	2
1893.96010	947.98735	2	86.9000	2
1893.98035	632.33405	3	59.5098	2
1902.89645	952.45550	2	81.0453	2
1903.93245	635.65140	3	78.9710	2
1904.97120	635.99765	3	76.6814	2
1904.97285	953.49370	2	76.7492	2
1908.97500	955.49480	2	87.9517	1
1909.98010	478.50235	4	72.6640	2
1909.99880	637.67355	3	77.3370	2
1910.00240	956.00845	2	77.3815	2
1910.17215	637.73130	3	80.6662	2
1911.89005	956.95230	2	74.0262	2
1912.00015	638.34065	3	82.7450	2
1912.00025	957.00740	2	82.6781	2
1912.91210	638.64460	3	33.8124	2
1912.98915	638.67030	3	75.4485	2
1913.09840	638.70675	3	72.0837	2
1915.05260	479.77040	4	76.1400	1
1915.47250	639.49810	3	70.5658	4
1916.95255	639.99145	3	67.4858	2
1918.85300	640.62495	3	47.8645	2
1919.77260	640.93145	3	40.8739	2
1919.90590	960.96025	2	92.7151	2
1920.96640	641.32940	3	62.4925	1
1921.00100	641.34095	3	84.1584	2
1921.93470	961.97460	2	97.0184	2
1921.93550	641.65245	3	97.1214	2
1924.02080	642.34755	3	79.4367	2
1926.99520	964.50490	2	91.3726	1
1927.00255	643.34145	3	91.2854	2
1930.94500	644.65560	3	84.6312	2
1932.83825	645.28665	3	58.6635	2
1933.09225	967.55340	2	88.0290	2
1934.07750	645.69975	3	88.2442	2
1935.07920	646.03365	3	80.2617	2
1935.93305	646.31825	3	66.6815	2
1937.92690	969.97070	2	93.1675	2
1937.94560	646.98910	3	79.9964	2
1938.94165	970.47810	2	92.3105	2
1938.95355	970.48405	2	80.9529	2
1939.01625	647.34600	3	76.1383	2
1939.83160	970.92310	2	27.8929	2
1941.88330	648.30170	3	58.6013	1
1942.04395	648.35525	3	77.7220	2
1942.47495	648.49890	3	86.7240	4
1942.84070	648.62085	3	61.7727	2
1944.98345	649.33505	3	67.7845	2
1946.05005	974.03230	2	70.3962	2
1947.92140	974.96800	2	55.3337	1
1947.92860	650.31680	3	73.5031	2
1947.98675	975.00065	2	81.3778	2
1947.98775	650.33650	3	81.4213	2
1950.98020	651.33400	3	72.9915	2
1951.99100	651.67090	3	72.4537	1
1951.99400	977.00425	2	88.7045	2
1954.89655	978.45555	2	82.0403	2
1955.94065	652.98750	3	60.0982	2
1956.05945	653.02705	3	82.7510	2
1956.90075	653.30750	3	66.9791	2
1956.95785	653.32655	3	64.1343	2
1956.99270	979.50360	2	76.5298	2
1961.01275	981.51365	2	88.7714	2
1961.04370	981.52915	2	88.9356	2
1961.05115	654.69100	3	88.9719	2
1963.05135	655.35770	3	76.2390	2
1966.08510	984.04980	2	90.8708	2
1966.93820	656.65330	3	75.9336	2
1966.97865	656.66680	3	97.7351	2
1966.97910	984.49685	2	97.7414	2
1966.99065	984.50260	2	79.3765	2
1967.00390	656.67520	3	83.8100	1
1970.07020	657.69735	3	78.3146	2
1970.98340	658.00175	3	61.6906	2
1973.06995	658.69725	3	60.6537	2
1974.04370	988.02910	2	94.7721	1
1976.02310	989.01880	2	95.8745	2
1977.03430	989.52440	2	82.4540	1
1978.20055	660.40745	3	94.4001	2
1978.89920	660.64030	3	36.6459	2
1979.03320	660.68500	3	88.3698	2
1983.02980	662.01720	3	87.3942	1
1984.02810	662.35000	3	80.1473	2
1984.03015	993.02235	2	80.1132	2
1985.95945	993.98700	2	73.5679	2
1986.01025	663.01070	3	92.4003	2
1988.04715	663.68965	3	71.9492	2
1989.02600	664.01590	3	75.1129	2
1992.05940	665.02710	3	80.7226	2
1993.92145	665.64775	3	64.9832	2
1994.00420	665.67535	3	94.6362	2
1994.00885	998.01170	2	94.5803	2
1995.13920	998.57690	2	93.5745	1
2001.00085	668.00755	3	84.7406	2
2002.96135	1002.48795	2	76.6001	2
2002.98680	668.66955	3	68.0719	2
2003.03365	1002.52410	2	90.2040	2
2003.03390	668.68520	3	90.1605	2
2004.09180	669.03785	3	79.8373	2
2009.03570	670.68585	3	59.1870	2
2009.08570	670.70250	3	77.9985	2
2009.99870	1006.00665	2	92.8933	2
2010.00205	671.00795	3	92.9308	2
2010.99940	671.34040	3	77.5666	2
2011.00285	1006.50870	2	77.5604	2
2016.99250	1009.50355	2	80.7653	2
2019.06660	674.02945	3	95.0208	2
2022.01750	675.01310	3	64.7141	2
2026.01870	1014.01660	2	88.9058	2
2026.12275	676.38155	3	86.3718	2
2026.12305	1014.06880	2	86.2708	2
2027.05710	676.69295	3	88.4667	2
2031.03065	678.01750	3	88.2685	2
2033.06240	678.69475	3	73.5345	2
2034.06000	679.02725	3	72.1078	2
2037.04345	680.02175	3	65.9230	2
2041.07605	681.36595	3	80.8905	2
2041.97695	681.66625	3	73.2936	2
2043.01170	682.01120	3	83.0943	2
2043.01225	1022.51340	2	83.2255	2
2047.98275	683.66815	3	48.4425	2
2048.05100	683.69095	3	95.9083	2
2048.05370	1025.03415	2	95.8867	2
2048.95835	683.99340	3	77.1578	2
2049.04300	684.02160	3	87.7653	2
2050.03050	684.35075	3	89.5888	2
2054.09800	685.70660	3	97.7847	1
2054.10230	1028.05840	2	97.6762	1
2054.89895	685.97360	3	69.7889	2
2059.00565	687.34250	3	78.0557	2
2059.57390	687.53190	3	89.7124	4
2059.97010	1030.99235	2	85.2597	2
2060.94775	687.98985	3	64.4081	2
2064.03010	1033.02235	2	89.1396	2
2064.95850	1033.48655	2	85.0630	2
2066.09385	689.70520	3	74.8356	2
2067.99245	690.33810	3	69.5696	2
2070.95895	1036.48675	2	72.9303	2
2071.02710	1036.52085	2	92.5517	2
2071.03435	691.35205	3	67.4262	2
2072.12290	691.71490	3	88.5300	2
2075.08050	692.70080	3	72.5487	2
2076.04910	693.02360	3	67.9441	2
2078.06530	693.69570	3	79.3179	2
2079.03085	694.01755	3	74.9550	2
2080.10340	521.03315	4	71.2370	2
2080.10450	694.37545	3	71.3802	2
2081.09310	694.70500	3	84.9406	2
2086.03980	1044.02720	2	89.2120	1
2089.05405	697.35860	3	75.7476	2
2092.08695	698.36960	3	74.7018	2
2092.14280	698.38820	3	83.7239	2
2092.97490	1047.49470	2	87.8218	1
2093.11400	1047.56430	2	80.5367	1
2093.92370	1047.96915	2	89.9932	2
2093.98050	1047.99755	2	86.6669	2
2093.98300	699.00160	3	86.7107	2
2094.94530	699.32240	3	51.7893	1
2095.00515	699.34235	3	69.7285	2
2100.07570	701.03250	3	93.1762	1
2104.56360	702.52850	3	74.3526	4
2105.04570	702.68920	3	72.6362	2
2105.14300	702.72160	3	91.5209	1
2106.02150	703.01440	3	71.9132	1
2112.14360	1057.07910	2	93.5685	1
2114.12090	1058.06775	2	96.1023	2
2114.12670	705.71615	3	95.9114	2
2119.05570	707.35920	3	64.6245	1
2122.10630	708.37605	3	70.8011	2
2125.14625	709.38935	3	94.0825	2
2126.14330	709.72170	3	78.1297	2
2126.14345	1064.07900	2	78.0924	2
2127.10700	710.04290	3	71.6799	1
2131.18060	711.40080	3	84.4473	2
2137.12450	713.38210	3	70.8260	2
2137.94505	1069.97980	2	73.4134	2
2143.09235	715.37140	3	82.4639	2
2148.10870	717.04350	3	62.0718	2
2151.09690	718.03960	3	78.8550	2
2156.01680	719.67955	3	66.5451	2
2160.04440	721.02210	3	64.0267	2
2161.14565	721.38915	3	87.1235	2
2165.06500	722.69560	3	77.8063	1
2169.12430	724.04870	3	77.2147	2
2170.02975	724.35055	3	77.0430	2
2180.97360	1091.49410	2	67.1134	1
2180.98100	728.00095	3	67.5169	2
2181.13745	728.05310	3	80.9763	2
2181.13845	1091.57650	2	80.9763	2
2190.06715	731.02965	3	75.1043	2
2190.06840	1096.04150	2	75.0510	2
2201.11795	734.71325	3	74.1015	2
2205.01455	736.01210	3	72.3449	2
2205.09960	1103.55705	2	99.7787	2
2214.08065	1108.04760	2	80.3046	2
2220.21900	741.08030	3	77.6506	1
2227.05140	743.35770	3	55.4972	2
2227.05200	1114.53330	2	55.5254	2
2236.11285	746.37820	3	86.5033	2
2240.18290	1121.09870	2	85.4726	1
2240.18300	747.73490	3	85.4831	2
2250.02235	751.01475	3	46.6200	2
2269.26065	757.42750	3	84.1615	2
2279.05865	760.69350	3	69.2612	2
2282.08485	761.70220	3	64.6979	2
2282.23095	571.56500	4	70.4409	2
2283.15900	762.06030	3	83.1385	1
2284.23100	762.41760	3	91.7596	1
2284.23740	762.41970	3	95.1120	2
2291.02015	1146.51735	2	67.7532	2
2291.02025	764.68065	3	67.7587	2
2295.09315	766.03830	3	80.6016	2
2297.12350	766.71510	3	70.7057	2
2306.10675	769.70955	3	78.5178	2
2314.08790	772.36990	3	61.8062	2
2316.20750	773.07640	3	81.8466	1
2323.19605	1162.60530	2	86.0295	2
2323.28950	775.43710	3	90.0984	2
2344.12970	782.38385	3	72.0176	2
2347.19110	783.40430	3	59.6380	2
2364.20260	789.07480	3	77.7380	1
2376.09945	793.04045	3	51.9090	2
2379.16480	595.79845	4	63.6497	2
2379.16675	794.06285	3	63.7417	2
2387.14205	796.72130	3	86.4789	2
2389.99210	797.67130	3	62.5904	2
2391.16630	798.06270	3	81.9475	2
2391.19640	1196.60550	2	95.9397	2
2401.30175	801.44120	3	82.8779	2
2404.07325	802.36500	3	71.9172	2
2407.23160	803.41780	3	76.9538	2
2416.24560	806.42245	3	85.5455	2
2427.24010	607.81730	4	61.5073	2
2435.25660	812.75950	3	66.0744	2
2440.34945	814.45710	3	92.2736	2
2456.21390	819.74520	3	79.5829	1
2525.29940	842.77370	3	87.0148	2
2532.23440	845.08540	3	74.9230	2
2548.22660	850.41610	3	66.5099	1
2549.46925	850.83035	3	84.5683	2
2549.96400	638.49830	4	85.2189	4
2558.29030	853.77070	3	92.8850	1
2574.38060	644.60240	4	75.7063	1
2589.27010	864.09730	3	71.5732	2
2604.27200	869.09790	3	85.9583	2
2620.21700	656.06150	4	65.7897	2
2682.32370	895.11520	3	55.2403	1
2769.42870	924.15020	3	87.0772	1
2794.37740	932.46640	3	77.9314	1
2801.44800	701.36930	4	87.2277	2
2804.28270	935.76815	3	78.2539	2
3132.48200	784.12780	4	69.9251	2
3208.56080	803.14745	4	71.0812	2
