mono_mass	mz	charge	rt	n_psm
798.41290	400.21370	2	37.8544	2
798.48540	400.24995	2	57.1745	2
798.49015	400.25235	2	31.8975	2
799.45525	400.73490	2	48.5656	2
799.51730	400.76590	2	37.6605	1
800.43920	401.22690	2	43.3252	2
800.45470	401.23460	2	50.5631	1
801.42460	401.71960	2	35.3557	1
801.43525	401.72490	2	36.0699	2
801.46015	401.73735	2	44.1938	2
801.53330	401.77390	2	43.7636	2
802.38660	402.20060	2	38.1995	2
802.41800	402.21630	2	41.0764	1
802.42450	402.21950	2	33.7084	1
802.49825	402.25645	2	61.2816	2
805.40805	403.71130	2	44.4529	2
806.39545	404.20500	2	36.9938	2
806.45385	404.23420	2	59.9963	2
806.45430	404.23450	2	49.9915	1
806.49005	404.25230	2	56.2240	2
807.41305	404.71380	2	39.3909	2
808.36315	405.18885	2	36.1947	2
808.43920	405.22690	2	35.1582	1
811.35435	406.68445	2	36.9153	2
812.42180	407.21820	2	41.9963	2
812.43930	407.22695	2	39.4186	2
812.47560	407.24510	2	60.0851	1
812.48670	407.25060	2	36.7030	1
812.48805	407.25130	2	43.9859	2
812.51190	407.26320	2	48.3026	2
814.45440	408.23445	2	33.8660	2
814.45545	408.23500	2	51.0658	2
814.51650	408.26555	2	58.1411	2
815.43880	408.72670	2	38.1360	1
815.47520	408.74485	2	41.5688	2
815.47600	408.74525	2	45.7309	2
815.49780	408.75615	2	37.1389	2
815.51145	408.76300	2	45.5041	2
815.96410	408.98935	2	56.3261	2
816.38420	409.19940	2	50.8156	1
816.44990	409.23225	2	66.0530	2
816.45930	409.23690	2	56.5031	1
816.46980	409.24220	2	37.0205	1
817.42940	409.72200	2	33.9866	2
817.45430	409.73440	2	39.7655	1
817.48110	409.74785	2	66.4348	2
818.43970	410.22715	2	52.3447	2
818.48975	410.25220	2	73.4055	2
819.39160	410.70305	2	34.3743	2
819.43100	410.72275	2	62.6008	2
819.44870	410.73160	2	43.7329	1
820.43325	411.22390	2	38.3964	2
820.46975	411.24215	2	44.9875	2
820.48815	411.25135	2	71.2145	2
821.42830	411.72145	2	40.0443	2
822.39080	412.20270	2	30.3987	4
822.42400	412.21930	2	42.1441	2
822.42410	412.21935	2	36.2709	2
823.42560	412.72005	2	54.0227	2
824.54880	413.28165	2	70.7561	2
826.49120	414.25285	2	41.6734	2
826.49200	414.25330	2	39.1107	2
826.52750	414.27100	2	69.2452	2
826.52810	414.27130	2	49.1058	2
827.48650	414.75055	2	48.0963	2
827.49805	414.75630	2	36.5615	2
828.41705	415.21580	2	30.9512	2
828.44020	415.22740	2	31.3141	1
828.44520	415.22990	2	39.3429	3
828.44975	415.23215	2	58.9542	2
828.47750	415.24600	2	38.1409	1
829.46450	415.73950	2	41.1777	2
829.46595	415.74025	2	34.0160	2
829.49125	415.75290	2	55.2216	2
829.49230	415.75340	2	38.8372	1
829.50220	415.75835	2	35.9420	2
829.50330	415.75890	2	49.9652	1
830.45060	416.23260	2	39.8220	1
831.46975	416.74215	2	47.9367	2
831.47030	416.74240	2	34.6089	1
831.49630	416.75540	2	61.5076	2
831.49670	416.75565	2	69.3567	2
832.39235	417.20345	2	33.7802	2
832.42820	417.22140	2	44.6422	1
832.42960	417.22210	2	44.6241	1
833.43985	417.72720	2	62.5241	2
834.43535	418.22495	2	37.3224	2
835.44375	418.72915	2	42.7406	2
836.39070	419.20265	2	39.8566	2
836.40240	419.20850	2	40.7058	2
836.44000	419.22725	2	56.2095	2
836.44050	419.22755	2	42.9605	2
837.40300	419.70880	2	47.3601	2
838.39010	420.20230	2	34.9028	1
838.41825	420.21640	2	36.9445	2
839.42910	420.72180	2	54.5772	1
839.58410	420.79930	2	72.7357	1
840.47030	421.24245	2	42.5396	2
840.54290	421.27870	2	59.1658	2
840.54325	421.27890	2	74.4258	2
841.46590	421.74020	2	40.4069	2
841.50230	421.75840	2	49.9417	2
842.42860	422.22160	2	47.2247	2
842.46040	422.23750	2	39.1879	1
842.48470	422.24965	2	51.6997	2
842.48680	422.25070	2	41.8531	1
842.48775	422.25115	2	37.9878	2
842.52220	422.26840	2	70.4771	2
842.53310	422.27380	2	33.7802	2
843.44570	422.73010	2	47.1298	1
843.45200	422.73330	2	56.2533	1
843.48120	422.74785	2	44.1274	2
843.54300	422.77875	2	62.7521	2
844.45550	423.23500	2	53.3960	3
844.46485	423.23975	2	34.6829	2
845.45095	423.73275	2	37.7229	2
845.46035	423.73745	2	36.9986	2
845.46185	423.73820	2	43.6789	2
845.46460	423.73960	2	66.8434	2
845.51225	423.76340	2	64.7391	2
845.53750	423.77605	2	75.7485	2
846.39875	424.20665	2	36.4556	2
846.42710	424.22080	2	42.3585	1
846.44840	424.23150	2	60.6417	2
847.42340	424.71900	2	43.2760	2
847.44450	424.72950	2	40.3223	1
848.43890	425.22670	2	52.8534	2
848.43965	425.22710	2	41.4376	2
848.44460	425.22955	2	36.1521	2
849.43580	425.72515	2	53.3284	2
850.35650	426.18550	2	37.3292	1
850.45460	426.23455	2	45.8403	2
850.50240	426.25850	2	38.8845	2
851.40260	426.70855	2	34.9049	2
851.42175	426.71815	2	45.0491	2
851.43915	426.72685	2	36.6214	2
853.36110	427.68785	2	36.3338	2
853.39690	427.70575	2	42.4036	2
854.46080	428.23765	2	39.5348	2
855.51770	428.76610	2	50.9352	1
856.43240	429.22350	2	64.0922	2
856.44790	429.23125	2	64.8611	2
856.46895	429.24175	2	49.5793	2
856.51260	429.26360	2	47.9166	2
856.51520	429.26485	2	45.1665	2
856.53875	429.27665	2	57.3566	2
857.44255	429.72855	2	38.9788	2
857.46165	429.73810	2	39.7978	2
857.46240	429.73850	2	42.0772	2
857.49595	429.75525	2	45.9019	2
857.49680	429.75570	2	54.5730	1
857.49770	429.75610	2	54.5581	1
858.45670	430.23560	2	43.7610	1
858.46075	430.23765	2	37.2839	2
858.46990	430.24225	2	43.1580	2
859.46160	430.73810	2	37.6876	2
859.46620	430.74040	2	46.3008	3
859.49650	430.75555	2	37.5720	2
860.42385	431.21925	2	35.6939	2
860.44280	431.22870	2	44.7342	1
860.46065	431.23765	2	33.0747	2
861.44425	431.72940	2	44.2231	2
861.47080	431.74270	2	47.0661	1
861.50760	431.76110	2	75.0163	2
862.38630	432.20040	2	38.8284	2
863.45085	432.73270	2	34.5034	2
863.45105	432.73280	2	48.7657	2
864.41945	433.21700	2	49.1655	2
864.43450	433.22455	2	52.5860	2
864.50685	433.26070	2	63.5166	2
865.41460	433.71460	2	39.2658	2
866.41140	434.21295	2	40.0327	2
866.49855	434.25655	2	41.7833	2
867.41625	434.71540	2	49.5230	2
867.43445	434.72450	2	38.7198	2
868.45920	435.23685	2	37.2551	2
869.49670	435.75565	2	33.8873	2
869.53330	435.77395	2	59.5747	2
869.53375	435.77415	2	52.2225	2
869.55895	435.78675	2	66.6010	2
870.44915	436.23185	2	54.0755	2
870.48160	436.24805	2	42.4733	2
870.51860	436.26660	2	57.7622	2
870.55420	436.28440	2	50.2409	2
871.44420	436.72940	2	38.1089	1
871.45125	436.73290	2	40.3777	2
871.49930	436.75690	2	54.0102	1
871.53810	436.77635	2	59.1151	2
872.47490	437.24475	2	39.2293	2
872.49510	437.25480	2	55.8173	1
872.49650	437.25550	2	41.7092	2
872.51505	437.26480	2	63.4236	2
873.44380	437.72920	2	32.6449	1
873.47070	437.74260	2	44.9228	2
873.47325	437.74390	2	50.0907	2
873.48075	437.74765	2	48.0414	2
873.49605	437.75530	2	67.1462	2
874.43285	438.22370	2	44.3601	2
874.45850	438.23650	2	49.3680	2
874.46665	438.24065	2	42.3858	2
874.46920	438.24190	2	35.1682	1
874.46970	438.24210	2	35.1384	1
874.47830	438.24640	2	36.2117	1
875.49090	438.75270	2	29.4137	1
875.52250	438.76850	2	60.6699	2
876.41340	439.21395	2	38.8591	2
876.49565	439.25510	2	67.5425	2
877.42955	439.72205	2	42.9926	2
877.45450	439.73455	2	36.8760	2
877.46580	439.74015	2	49.1615	2
877.46670	439.74060	2	42.2244	1
877.50910	439.76185	2	69.5801	2
877.52710	439.77080	2	68.7405	1
878.48590	440.25025	2	49.7533	2
878.48650	440.25055	2	54.1968	2
878.48880	440.25170	2	94.6274	1
879.39580	440.70515	2	34.2128	2
879.49300	440.75380	2	41.0532	1
880.41340	441.21400	2	38.2236	1
880.42945	441.22200	2	43.0519	2
880.54960	441.28205	2	53.1355	2
882.52865	442.27160	2	38.6581	2
883.47610	442.74530	2	47.0104	1
883.51180	442.76315	2	39.1443	2
883.53800	442.77630	2	50.6870	1
883.53855	442.77655	2	58.4140	2
883.56015	442.78735	2	38.3135	2
884.44100	443.22780	2	43.7475	3
884.54430	443.27945	2	53.8730	2
884.57205	443.29330	2	58.9278	2
885.42315	443.71885	2	38.6074	2
885.43400	443.72430	2	41.9863	1
885.44485	443.72970	2	34.5039	2
885.48540	443.75000	2	34.9619	1
885.49185	443.75320	2	51.3419	2
885.49190	443.75320	2	49.3140	2
885.55420	443.78440	2	64.6509	2
886.48690	444.25075	2	42.1398	2
886.49080	444.25270	2	55.7651	1
886.51240	444.26350	2	47.3559	1
886.51310	444.26380	2	47.3006	1
886.52300	444.26880	2	44.8258	1
887.45985	444.73720	2	35.9560	2
887.49060	444.75255	2	40.9518	2
888.46645	445.24055	2	37.8297	2
889.43150	445.72300	2	38.3045	1
889.45915	445.73685	2	50.5444	2
889.46510	445.73985	2	47.7267	2
889.47690	445.74570	2	41.0078	2
889.48465	445.74960	2	69.7432	2
890.50455	446.25955	2	44.1638	2
891.44570	446.73010	2	49.0143	2
891.44885	446.73170	2	45.8173	2
891.48180	446.74820	2	62.7816	2
891.49710	446.75585	2	66.8786	2
891.50630	446.76050	2	66.0742	2
892.44060	447.22760	2	39.8234	2
892.48375	447.24915	2	76.5216	2
893.45915	447.73685	2	45.4345	6
893.60570	447.81015	2	75.2669	2
894.44190	448.22820	2	42.4875	1
894.45645	448.23550	2	33.8836	2
894.46340	448.23900	2	40.9754	4
895.44715	448.73085	2	59.4997	2
896.49490	449.25470	2	33.6165	1
896.53315	449.27385	2	54.3928	2
897.40530	449.70990	2	66.4995	1
897.47390	449.74420	2	44.3856	1
897.50300	449.75875	2	33.2217	2
898.40705	450.21080	2	66.1039	2
898.42240	450.21850	2	41.9555	1
898.48710	450.25085	2	34.9444	2
898.49075	450.25265	2	44.0373	2
898.54865	450.28160	2	66.6875	2
898.56080	450.28770	2	54.7649	2
899.43950	450.72705	2	53.3286	2
899.45075	450.73265	2	40.4779	2
899.50805	450.76130	2	55.6770	2
899.51485	450.76470	2	60.0037	2
900.46235	451.23845	2	41.0123	2
900.49150	451.25305	2	52.3779	2
900.49160	451.25310	2	34.5160	1
900.50255	451.25855	2	50.3254	2
900.53910	451.27680	2	43.5728	2
901.41210	451.71335	2	48.7610	2
901.43285	451.72370	2	38.8820	2
901.47580	451.74520	2	58.2874	1
901.48650	451.75050	2	33.3696	2
901.48675	451.75065	2	46.2359	2
901.52345	451.76900	2	42.1713	2
901.52750	451.77100	2	74.9282	1
902.41380	452.21420	2	47.3904	2
902.48170	452.24810	2	39.4362	1
902.50705	452.26080	2	45.7669	2
903.48115	452.74785	2	52.7716	2
903.51015	452.76235	2	65.2504	2
903.52890	452.77175	2	41.7366	2
903.54275	452.77865	2	68.6876	2
904.42565	453.22010	2	31.7730	2
905.45295	453.73375	2	65.5537	2
905.45370	453.73415	2	43.6061	2
905.46140	453.73800	2	32.1077	1
906.46775	454.24115	2	31.9049	2
906.51750	454.26605	2	47.6690	2
907.45140	454.73295	2	36.9654	2
907.49990	454.75720	2	48.1218	1
908.00420	455.00935	2	54.5533	4
908.43100	455.22275	2	48.9701	2
908.53380	455.27420	2	39.9137	2
908.56910	455.29185	2	56.7724	2
909.42595	455.72025	2	54.9568	2
909.42655	455.72055	2	44.4217	2
909.45620	455.73540	2	39.7037	1
909.47515	455.74485	2	70.2183	2
909.50540	455.76000	2	35.6455	2
911.38060	456.69760	2	33.6854	2
911.47560	456.74510	2	60.3398	2
911.48930	456.75190	2	42.7014	1
911.58010	456.79730	2	58.8135	1
912.54860	457.28160	2	41.9246	1
912.56500	457.28980	2	64.0609	2
913.42935	457.72195	2	48.2846	2
913.44450	457.72955	2	41.2677	2
913.47340	457.74400	2	71.0235	2
913.48715	457.75085	2	46.9437	2
913.50920	457.76185	2	32.6517	2
913.54755	457.78105	2	53.4787	2
913.55975	457.78715	2	38.6836	2
913.59635	457.80545	2	39.8515	2
914.50770	458.26115	2	40.6747	2
914.51795	458.26625	2	45.7594	2
915.44935	458.73195	2	36.6264	2
915.46645	458.74055	2	42.3239	2
915.47180	458.74320	2	36.1332	2
915.50425	458.75940	2	32.1187	2
915.53815	458.77635	2	34.7583	2
916.48580	459.25020	2	41.0167	2
916.49725	459.25590	2	37.3745	2
917.46335	459.73895	2	53.7676	2
917.46620	459.74040	2	34.3053	3
917.48165	459.74810	2	38.0627	2
918.44900	460.23175	2	79.7172	2
918.48395	460.24925	2	53.1824	2
918.49150	460.25305	2	64.0646	2
918.49230	460.25340	2	41.3977	1
918.51705	460.26580	2	56.6352	2
918.51785	460.26620	2	62.8144	2
919.40700	460.71080	2	32.7237	2
919.40740	460.71095	2	61.3473	2
919.44390	460.72925	2	47.1946	2
919.50620	460.76040	2	52.3518	4
919.51270	460.76360	2	43.5158	1
919.51285	460.76370	2	46.4333	2
919.51585	460.76520	2	57.0838	2
919.52150	460.76805	2	64.5040	2
920.49660	461.25560	2	50.1016	3
920.49775	461.25615	2	46.5382	2
920.50745	461.26100	2	41.1288	2
921.44580	461.73020	2	40.4582	2
921.44650	461.73050	2	37.0684	3
921.45655	461.73555	2	40.2081	2
921.46715	461.74085	2	35.3659	2
922.43930	462.22690	2	49.2816	2
922.45230	462.23340	2	38.1690	1
922.47460	462.24460	2	47.1121	2
923.43555	462.72505	2	43.5553	2
923.47180	462.74315	2	40.5624	2
923.58065	462.79760	2	77.6678	2
924.43690	463.22570	2	47.7069	2
924.53905	463.27680	2	52.3055	2
924.56410	463.28935	2	55.0765	2
925.49815	463.75635	2	43.3214	2
926.49720	464.25585	2	63.1321	2
926.51815	464.26635	2	38.7384	2
926.57990	464.29720	2	60.1197	2
926.59160	464.30305	2	61.2146	2
927.37460	464.69460	2	28.9166	2
927.44500	464.72980	2	46.2649	2
927.56405	464.78930	2	82.8574	2
928.45520	465.23490	2	50.4519	2
928.51565	465.26510	2	41.3405	2
928.52310	465.26885	2	51.1717	2
928.53410	465.27430	2	49.4360	2
928.55910	465.28680	2	62.4313	2
929.44560	465.73010	2	32.0808	1
929.45615	465.73535	2	29.6631	2
929.47215	465.74335	2	49.6713	2
929.48070	465.74765	2	36.7025	2
929.50685	465.76070	2	54.6240	2
929.51120	465.76285	2	47.8786	2
929.51815	465.76635	2	42.6427	2
929.51825	465.76640	2	40.5950	2
929.51840	465.76650	2	35.8766	3
930.42310	466.21885	2	60.6980	2
930.46630	466.24045	2	34.9124	2
930.47860	466.24655	2	41.5142	2
930.51690	466.26575	2	64.5640	2
930.53970	466.27710	2	37.6876	1
931.44300	466.72880	2	27.5539	1
931.47040	466.74245	2	35.5500	2
931.48665	466.75060	2	48.4005	2
931.50175	466.75815	2	55.5181	2
931.51250	466.76350	2	57.5958	2
931.53425	466.77440	2	67.5177	2
932.46435	467.23945	2	38.5999	2
932.54455	467.27955	2	41.6197	2
933.43760	467.72610	2	30.8905	1
933.45570	467.73520	2	37.0634	1
933.46520	467.73990	2	50.9172	2
933.48400	467.74925	2	51.2911	2
933.50370	467.75910	2	52.0409	2
933.53000	467.77225	2	55.9327	2
933.54015	467.77735	2	32.4766	2
934.41470	468.21460	2	39.7363	2
934.45110	468.23280	2	39.0624	3
934.48695	468.25075	2	42.9096	2
934.48700	468.25080	2	54.7623	1
934.48740	468.25095	2	33.0435	2
934.51245	468.26350	2	58.0399	2
934.51310	468.26385	2	49.7293	2
934.52335	468.26895	2	59.2288	2
935.45300	468.73380	2	36.2405	1
935.47105	468.74280	2	44.7439	2
937.41415	469.71435	2	34.3133	2
937.48690	469.75075	2	40.3933	2
937.51165	469.76310	2	57.4214	2
938.43420	470.22440	2	37.5478	2
939.42980	470.72215	2	62.0556	2
939.48135	470.74795	2	59.2216	2
939.48190	470.74820	2	80.0885	2
939.51465	470.76460	2	31.9081	2
939.54940	470.78200	2	55.4701	3
939.56425	470.78940	2	80.6838	2
940.44385	471.22920	2	44.6921	2
940.52665	471.27060	2	61.6894	2
941.43475	471.72465	2	38.2587	2
941.46370	471.73910	2	49.4866	2
941.55575	471.78515	2	50.2751	2
941.56550	471.79005	2	61.5353	2
941.58005	471.79730	2	66.4445	2
941.60635	471.81045	2	79.0649	2
942.48280	472.24865	2	43.4894	2
942.50235	472.25845	2	35.7760	2
942.51335	472.26395	2	47.6384	2
942.53900	472.27675	2	48.3715	2
943.44765	472.73110	2	60.8341	2
943.46750	472.74105	2	35.5747	2
943.48485	472.74970	2	43.3969	2
943.49830	472.75640	2	35.1878	3
944.42495	473.21975	2	37.1126	2
944.43135	473.22295	2	63.2732	2
944.47500	473.24480	2	55.0690	2
944.49300	473.25380	2	42.9407	2
944.51730	473.26590	2	62.4413	2
944.51850	473.26650	2	44.9874	2
944.51865	473.26660	2	47.4262	2
944.52970	473.27215	2	49.0181	2
944.55400	473.28430	2	54.2755	2
945.45985	473.73720	2	76.9382	2
945.51280	473.76370	2	40.4221	2
945.54995	473.78225	2	58.4103	2
946.50925	474.26190	2	36.7935	2
946.51275	474.26365	2	45.5639	2
946.52760	474.27110	2	69.3513	1
946.53405	474.27430	2	37.6775	2
946.54930	474.28190	2	73.9222	2
947.43545	474.72500	2	37.9685	2
947.51465	474.76460	2	71.1543	2
948.46635	475.24045	2	43.9470	2
948.46640	475.24045	2	52.5530	2
948.61160	475.31310	2	56.1292	2
949.48725	475.75090	2	53.8704	2
949.49090	475.75275	2	86.5101	2
949.50565	475.76010	2	77.2154	2
949.52820	475.77135	2	79.2849	2
950.45290	476.23370	2	49.6639	3
950.48240	476.24850	2	48.6022	2
950.48255	476.24855	2	46.4019	2
950.48625	476.25045	2	73.3222	2
950.50105	476.25780	2	59.1938	2
950.50785	476.26120	2	51.2316	2
951.49000	476.75230	2	59.8750	2
951.51830	476.76645	2	79.9186	2
952.44980	477.23215	2	46.7330	2
952.44980	477.23220	2	42.7089	2
952.46910	477.24180	2	50.3934	2
952.49665	477.25565	2	35.4282	2
952.53555	477.27505	2	41.8143	2
954.44075	478.22765	2	35.7271	2
954.44390	478.22925	2	52.1321	2
955.53445	478.77455	2	62.6706	2
955.57055	478.79255	2	60.8794	2
956.50490	479.25975	2	38.1673	2
956.51695	479.26575	2	36.3553	2
956.52875	479.27165	2	46.3848	2
956.52875	479.27165	2	53.0731	2
956.52995	479.27225	2	43.8230	2
956.53590	479.27520	2	66.1372	2
956.57880	479.29665	2	77.3012	2
957.48535	479.74995	2	32.2910	2
957.51285	479.76370	2	47.4817	2
957.53045	479.77250	2	47.9441	2
957.53560	479.77510	2	31.4786	2
957.55970	479.78715	2	47.7040	2
957.59705	479.80580	2	46.6650	2
958.47165	480.24310	2	41.1473	2
958.48795	480.25125	2	56.0063	2
958.50720	480.26085	2	52.4101	2
958.50995	480.26225	2	56.4337	2
959.50775	480.76115	2	40.4561	2
959.53015	480.77235	2	42.3530	2
959.53265	480.77360	2	68.7650	2
959.55505	480.78480	2	57.6120	2
959.58150	480.79805	2	83.5440	2
960.44980	481.23220	2	34.8519	2
960.47625	481.24540	2	41.6554	2
960.50540	481.26000	2	46.0675	1
960.51270	481.26365	2	39.0222	2
960.53150	481.27300	2	57.2312	2
960.53965	481.27710	2	61.1044	2
961.50875	481.76165	2	41.0117	2
962.47440	482.24450	2	45.8220	2
962.50630	482.26040	2	62.2977	2
962.51890	482.26675	2	55.2212	2
962.53805	482.27630	2	85.9609	2
963.44545	482.73000	2	54.1344	2
963.50230	482.75845	2	39.7953	2
963.50565	482.76010	2	33.9521	2
963.55450	482.78455	2	74.4812	2
964.46190	483.23820	2	37.9109	2
964.47955	483.24705	2	69.0518	2
964.49765	483.25610	2	42.5907	2
964.52270	483.26865	2	53.7892	2
965.44490	483.72975	2	41.1593	2
965.44565	483.73010	2	52.8894	2
965.46040	483.73745	2	37.4298	2
965.48195	483.74825	2	60.4820	2
965.62740	483.82100	2	82.3967	2
966.44165	484.22810	2	34.4078	4
966.46520	484.23990	2	41.4856	2
966.46805	484.24130	2	36.4005	2
966.50770	484.26110	2	44.3120	2
966.52380	484.26915	2	46.1297	2
967.47980	484.74715	2	57.7067	2
967.52370	484.76910	2	46.8562	2
967.54495	484.77975	2	36.2473	2
967.58195	484.79825	2	56.3738	2
968.44450	485.22950	2	40.1467	2
968.52795	485.27125	2	37.0832	2
968.52825	485.27140	2	48.5535	2
969.48855	485.75155	2	39.8615	2
969.52470	485.76960	2	50.0984	2
969.54905	485.78180	2	40.8445	2
969.56060	485.78760	2	52.5181	2
969.58630	485.80045	2	68.6943	2
969.58740	485.80095	2	63.7705	2
970.47680	486.24570	2	56.8922	1
970.48760	486.25110	2	54.1679	2
970.52410	486.26935	2	40.3473	2
970.54390	486.27925	2	55.6073	2
970.58075	486.29765	2	70.3864	2
970.58100	486.29775	2	44.5377	2
970.58120	486.29790	2	68.9193	1
970.59180	486.30320	2	41.8365	1
971.50220	486.75835	2	31.1353	2
971.52880	486.77170	2	48.1887	2
971.52895	486.77175	2	35.6676	2
971.52905	486.77180	2	58.4715	2
971.55390	486.78425	2	57.3372	2
971.56605	486.79030	2	43.8431	2
971.56610	486.79030	2	33.3010	1
972.44640	487.23050	2	30.3723	1
972.46600	487.24025	2	32.8593	2
972.57215	487.29335	2	34.5114	2
973.50850	487.76150	2	41.6289	2
973.54425	487.77940	2	33.6033	2
974.50370	488.25915	2	37.6913	2
974.51870	488.26665	2	58.7168	2
975.47450	488.74450	2	44.9501	1
975.49540	488.75495	2	80.5617	2
975.50235	488.75850	2	52.2771	2
976.49840	489.25645	2	57.8268	2
976.50975	489.26215	2	47.3118	2
976.52365	489.26910	2	60.0898	2
976.54595	489.28025	2	40.5106	2
977.44455	489.72955	2	46.5809	2
977.48140	489.74800	2	45.1043	2
977.51880	489.76665	2	51.7684	2
978.46485	490.23970	2	45.4444	2
978.47790	490.24625	2	41.3421	2
978.50195	490.25825	2	59.9355	2
979.44990	490.73220	2	66.2323	2
979.46115	490.73785	2	38.3941	2
979.49750	490.75605	2	52.0705	2
979.56930	490.79195	2	55.8094	2
980.45645	491.23550	2	36.8866	2
980.49645	491.25550	2	51.8857	2
981.50295	491.75875	2	47.0038	2
981.52365	491.76910	2	29.3150	2
981.55970	491.78715	2	39.7203	2
981.59765	491.80610	2	40.8160	2
982.45975	492.23715	2	33.2937	2
982.47515	492.24485	2	41.6238	2
982.52010	492.26735	2	37.8627	2
983.47425	492.74440	2	47.8017	2
983.50420	492.75935	2	42.1107	2
983.57635	492.79545	2	63.9180	2
983.58400	492.79925	2	71.3049	2
983.58785	492.80120	2	43.7106	2
983.60330	492.80895	2	57.7956	2
984.49180	493.25320	2	51.5646	2
984.63265	493.32360	2	49.4892	2
985.37535	493.69495	2	33.6214	2
985.53860	493.77655	2	45.7921	2
985.55480	493.78465	2	42.9092	2
985.61690	493.81570	2	45.1160	1
986.49060	494.25260	2	67.2588	1
986.49290	494.25370	2	39.8926	2
987.49925	494.75690	2	31.0038	2
987.52460	494.76960	2	44.4479	1
987.53515	494.77485	2	49.0402	2
987.57185	494.79320	2	59.0257	2
988.48280	495.24870	2	37.8628	2
988.50120	495.25790	2	64.4622	1
988.51880	495.26665	2	42.4410	2
988.52720	495.27090	2	52.8430	1
988.54315	495.27885	2	46.7563	2
988.55340	495.28400	2	52.6569	3
988.57435	495.29450	2	71.7321	2
988.58135	495.29800	2	50.2943	2
989.47650	495.74550	2	32.6423	2
989.49630	495.75540	2	35.9495	2
989.55385	495.78420	2	47.8265	2
989.55545	495.78500	2	58.4461	2
990.45840	496.23650	2	36.6165	2
990.47410	496.24430	2	45.4393	2
990.50540	496.26000	2	57.3706	1
990.51435	496.26445	2	42.2042	2
990.54965	496.28210	2	72.6795	2
991.50850	496.76150	2	60.4165	1
991.50950	496.76200	2	67.2334	1
991.54465	496.77960	2	68.9913	2
991.57010	496.79230	2	61.0248	2
992.48565	497.25010	2	56.2168	2
992.53155	497.27305	2	80.9202	2
992.60165	497.30810	2	70.6027	2
993.44045	497.72750	2	42.4640	2
993.44420	497.72940	2	29.1486	1
993.45145	497.73300	2	39.9451	2
993.49210	497.75335	2	63.3666	2
993.51315	497.76385	2	53.0443	2
993.53235	497.77345	2	68.0468	2
993.54885	497.78170	2	64.2500	2
994.49690	498.25570	2	48.6288	2
994.50760	498.26110	2	47.0758	2
994.50875	498.26165	2	31.6337	2
994.51645	498.26550	2	72.8953	2
994.54450	498.27950	2	34.4931	2
994.60605	498.31030	2	73.7707	2
994.65405	498.33430	2	45.6506	2
995.49270	498.75360	2	43.1748	2
996.49890	499.25670	2	37.6316	1
996.52820	499.27140	2	47.7409	2
996.53110	499.27280	2	68.3219	2
996.57200	499.29330	2	44.8905	3
997.58080	499.79770	2	38.5770	2
998.50060	500.25760	2	57.8570	2
998.58765	500.30110	2	40.2286	2
999.48230	500.74840	2	31.3408	3
999.53490	500.77475	2	29.3539	2
999.53635	500.77545	2	42.2218	2
999.55425	500.78440	2	37.8139	2
999.57285	500.79370	2	31.8651	2
1000.49245	501.25350	2	35.7013	2
1000.55660	501.28560	2	92.4549	17
1001.51485	501.76470	2	43.7419	2
1001.55420	501.78440	2	67.2097	2
1001.56110	501.78780	2	33.2466	1
1001.58680	501.80070	2	47.3233	1
1001.59190	501.80320	2	69.4526	1
1002.47250	502.24355	2	33.9789	2
1002.47740	502.24600	2	53.2268	1
1002.48105	502.24780	2	38.5515	2
1002.48665	502.25060	2	41.2679	2
1002.52825	502.27140	2	37.1722	2
1002.54705	502.28080	2	32.7111	2
1003.50125	502.75790	2	43.0396	2
1003.51200	502.76330	2	48.8653	1
1003.51880	502.76670	2	44.0760	2
1003.52405	502.76930	2	34.9395	2
1003.57030	502.79240	2	77.5128	2
1004.44630	503.23040	2	34.5692	1
1004.54090	503.27775	2	47.5720	2
1004.56565	503.29010	2	42.6796	2
1005.47000	503.74230	2	48.6083	1
1005.47965	503.74710	2	37.8062	2
1005.49310	503.75380	2	29.5489	3
1005.51240	503.76350	2	54.5863	1
1005.53150	503.77300	2	68.4864	2
1005.53550	503.77500	2	35.5174	2
1005.56190	503.78820	2	66.7675	1
1006.45200	504.23330	2	31.7950	2
1006.47195	504.24325	2	41.4233	2
1006.49945	504.25700	2	53.8980	2
1007.45645	504.73550	2	38.4066	2
1007.46660	504.74055	2	40.7340	2
1007.47550	504.74500	2	51.1796	1
1007.50545	504.76000	2	43.4968	2
1007.52850	504.77155	2	43.2064	2
1007.53970	504.77710	2	55.6378	2
1007.54475	504.77965	2	68.1937	2
1007.67435	504.84445	2	72.5900	2
1008.47630	505.24540	2	50.0332	2
1008.51085	505.26270	2	60.7657	2
1008.51525	505.26490	2	50.9747	2
1009.44720	505.73090	2	42.0167	2
1009.46085	505.73770	2	44.8130	2
1009.51935	505.76695	2	35.8193	2
1009.54845	505.78150	2	87.6573	2
1010.45095	506.23275	2	38.5722	2
1010.49735	506.25595	2	38.8383	2
1010.51040	506.26250	2	62.4249	1
1010.51050	506.26250	2	63.1798	1
1010.55465	506.28460	2	48.8535	2
1011.52395	506.76925	2	36.4219	2
1011.53540	506.77500	2	45.0095	2
1011.54680	506.78070	2	42.4925	1
1011.57220	506.79335	2	52.2568	2
1011.60780	506.81115	2	67.4534	2
1012.57230	507.29340	2	89.8229	5
1012.58160	507.29805	2	60.4326	2
1012.59185	507.30320	2	59.7308	2
1012.60265	507.30860	2	38.6513	2
1012.63810	507.32630	2	48.4880	2
1013.46420	507.73940	2	71.9489	2
1013.53980	507.77720	2	43.6532	2
1013.55510	507.78480	2	65.1704	2
1013.56205	507.78830	2	37.3672	2
1013.62390	507.81925	2	66.6834	2
1014.53440	508.27450	2	42.8655	2
1014.53755	508.27605	2	38.1133	2
1014.54680	508.28070	2	43.5441	1
1014.57125	508.29290	2	37.2232	2
1014.58205	508.29830	2	37.9583	2
1015.49270	508.75360	2	39.4830	2
1015.54375	508.77915	2	88.7423	2
1015.58610	508.80035	2	70.9312	2
1015.59105	508.80280	2	65.6108	2
1016.46010	509.23730	2	36.6553	2
1016.51790	509.26620	2	47.3700	2
1016.53220	509.27340	2	48.1012	2
1016.54755	509.28105	2	73.0978	4
1017.46910	509.74180	2	35.3151	1
1017.47270	509.74360	2	41.4325	2
1017.51735	509.76595	2	77.0837	2
1017.53460	509.77455	2	38.6743	2
1017.57350	509.79405	2	40.2259	2
1017.62245	509.81850	2	66.2322	2
1018.54510	510.27985	2	39.6816	2
1019.42060	510.71755	2	43.2656	2
1019.50360	510.75910	2	42.7359	2
1019.54025	510.77740	2	34.8177	2
1019.54045	510.77750	2	53.9046	2
1019.54730	510.78095	2	66.7494	2
1019.55075	510.78265	2	46.9682	2
1020.52400	511.26930	2	56.0642	2
1020.52430	511.26940	2	49.0497	2
1020.52460	511.26960	2	94.2915	5
1020.53480	511.27470	2	54.9470	2
1020.53490	511.27470	2	54.4423	1
1021.43930	511.72695	2	37.7586	2
1021.44940	511.73195	2	34.1338	2
1021.49540	511.75500	2	30.1757	3
1021.51165	511.76310	2	43.3213	2
1021.54510	511.77985	2	60.4524	2
1021.60420	511.80940	2	51.7150	2
1022.50400	512.25925	2	53.1236	2
1022.51075	512.26265	2	76.9924	2
1023.44840	512.73150	2	38.9329	1
1023.48685	512.75070	2	37.9464	2
1023.51735	512.76595	2	60.3068	2
1023.60735	512.81095	2	68.0674	2
1024.37510	513.19485	2	41.8500	2
1025.48095	513.74775	2	49.5788	2
1025.50355	513.75905	2	40.5109	2
1025.55160	513.78310	2	35.0593	2
1025.60155	513.80805	2	48.4902	2
1026.44730	514.23090	2	42.0766	1
1027.56600	514.79030	2	36.1042	2
1027.56615	514.79035	2	33.1343	2
1027.59180	514.80320	2	58.5537	1
1027.60260	514.80855	2	68.6884	2
1028.56050	515.28755	2	42.8641	2
1029.47650	515.74555	2	41.8737	2
1029.47695	515.74575	2	56.6034	2
1029.53950	515.77705	2	51.9545	2
1029.54375	515.77915	2	37.2097	2
1029.54650	515.78050	2	34.0458	2
1029.57920	515.79690	2	41.0774	2
1029.58280	515.79870	2	36.4508	2
1030.52960	516.27210	2	35.2181	2
1030.59135	516.30295	2	78.7079	2
1030.60650	516.31050	2	75.3950	2
1031.46320	516.73890	2	64.0107	2
1031.50345	516.75900	2	41.2428	2
1031.50715	516.76085	2	48.6814	2
1031.54475	516.77965	2	51.3136	2
1031.58555	516.80005	2	61.9600	2
1031.58610	516.80035	2	56.4268	2
1032.49860	517.25655	2	41.6068	2
1032.53485	517.27470	2	48.3445	2
1032.59735	517.30595	2	73.3515	2
1033.56685	517.79070	2	42.5845	2
1033.58135	517.79795	2	81.9534	2
1033.61655	517.81555	2	69.5228	2
1034.52025	518.26740	2	64.5593	2
1035.48735	518.75095	2	60.9693	2
1036.51820	519.26635	2	41.1212	2
1036.51925	519.26690	2	43.1785	2
1036.53395	519.27425	2	71.1622	2
1036.53660	519.27555	2	67.4561	2
1036.55465	519.28460	2	63.0568	2
1037.50605	519.76030	2	33.6163	2
1037.52650	519.77050	2	37.0391	1
1037.52965	519.77210	2	60.4867	2
1037.62380	519.81915	2	54.4226	2
1037.64880	519.83165	2	70.8167	2
1038.48120	520.24790	2	46.4089	2
1038.54690	520.28075	2	34.5864	2
1039.46455	520.73955	2	47.1662	2
1039.49795	520.75625	2	51.9780	2
1039.56625	520.79040	2	47.3275	4
1040.46970	521.24210	2	40.8408	1
1040.49355	521.25405	2	31.0662	2
1040.49615	521.25535	2	41.5374	2
1040.54975	521.28215	2	53.9635	2
1040.56910	521.29180	2	49.3111	2
1040.59815	521.30635	2	56.5538	2
1040.62365	521.31910	2	73.5526	2
1040.65955	521.33705	2	59.3776	2
1041.45500	521.73480	2	35.5973	1
1041.53355	521.77405	2	49.6939	2
1041.58100	521.79780	2	51.6469	1
1042.51460	522.26460	2	64.1807	2
1042.53000	522.27225	2	37.2888	2
1042.55560	522.28505	2	53.2053	2
1042.57700	522.29575	2	40.6220	2
1043.54360	522.77905	2	48.1542	2
1043.54970	522.78215	2	78.7631	2
1043.56200	522.78825	2	33.2540	2
1043.56255	522.78855	2	36.3046	2
1043.60320	522.80885	2	63.2409	2
1044.53850	523.27655	2	65.9465	2
1044.55450	523.28455	2	43.1041	2
1044.55995	523.28725	2	57.9505	2
1045.03020	523.52235	2	44.1956	4
1045.51190	523.76320	2	56.8385	2
1045.53955	523.77705	2	33.0824	2
1045.54025	523.77740	2	30.9047	2
1045.55840	523.78650	2	62.9615	2
1045.56640	523.79050	2	49.5743	1
1045.60120	523.80790	2	60.1532	2
1046.52425	524.26940	2	35.3330	2
1046.58800	524.30125	2	37.7214	2
1046.59685	524.30570	2	48.9052	2
1047.52735	524.77095	2	59.6253	2
1048.47880	525.24670	2	34.9987	2
1048.55850	525.28650	2	31.5206	1
1049.52560	525.77005	2	50.2535	2
1050.50890	526.26170	2	45.5993	2
1050.53375	526.27415	2	47.5875	2
1050.55625	526.28540	2	31.1761	2
1050.56360	526.28910	2	37.8404	4
1050.57095	526.29275	2	61.8955	2
1050.59610	526.30535	2	68.1730	2
1051.49365	526.75410	2	36.7642	2
1052.46330	527.23895	2	57.2921	2
1053.61840	527.81650	2	55.5228	2
1054.49750	528.25600	2	68.5608	2
1054.53430	528.27445	2	74.6035	2
1054.54075	528.27765	2	31.6389	2
1054.60125	528.30790	2	51.4441	2
1054.60195	528.30825	2	56.6210	2
1055.42255	528.71855	2	46.7855	2
1055.49200	528.75330	2	44.3076	2
1055.58605	528.80030	2	63.4863	2
1055.58665	528.80060	2	67.6420	2
1056.53250	529.27355	2	76.7041	2
1056.58220	529.29840	2	54.6011	3
1056.59280	529.30365	2	52.4344	2
1057.50830	529.76140	2	43.4496	1
1057.51105	529.76280	2	72.0957	2
1057.55185	529.78320	2	40.6128	2
1057.56830	529.79145	2	37.6409	2
1057.57680	529.79565	2	35.5772	2
1057.57725	529.79590	2	44.0462	2
1057.61435	529.81445	2	37.3223	2
1057.63855	529.82655	2	77.4807	2
1058.49255	530.25355	2	50.0605	2
1058.54395	530.27925	2	78.1160	2
1058.55765	530.28610	2	71.7558	2
1058.57315	530.29385	2	46.3240	2
1058.59765	530.30610	2	39.3352	2
1059.50765	530.76110	2	43.0219	2
1059.53900	530.77680	2	55.0563	1
1059.59990	530.80725	2	56.4955	2
1060.47745	531.24600	2	33.3825	2
1060.52330	531.26895	2	73.9750	2
1060.57420	531.29440	2	65.1711	1
1060.61705	531.31580	2	82.9159	2
1061.55030	531.78240	2	44.3099	2
1061.57605	531.79530	2	74.4255	2
1062.52460	532.26955	2	77.6364	2
1062.53440	532.27450	2	56.0707	2
1062.57090	532.29270	2	59.9611	1
1062.58310	532.29885	2	55.7139	2
1063.52965	532.77210	2	43.4589	2
1063.54105	532.77780	2	45.6170	2
1063.55530	532.78490	2	60.5398	1
1064.56070	533.28760	2	30.6398	2
1064.63380	533.32420	2	53.7356	2
1065.44815	533.73135	2	45.9343	2
1065.55275	533.78365	2	60.9353	2
1065.55315	533.78385	2	77.8484	2
1066.45770	534.23610	2	53.3015	2
1066.46760	534.24105	2	31.6715	2
1066.50410	534.25935	2	30.0708	2
1066.50790	534.26125	2	32.4116	2
1066.51755	534.26605	2	55.9316	2
1067.51380	534.76415	2	44.8312	2
1067.53690	534.77570	2	38.7368	1
1067.57215	534.79335	2	52.1908	2
1068.55105	535.28280	2	36.2134	2
1068.56010	535.28735	2	63.4934	2
1068.58025	535.29740	2	59.7517	2
1068.59275	535.30365	2	56.6650	2
1068.65420	535.33440	2	44.5775	2
1070.57150	536.29300	2	68.0596	1
1070.60860	536.31160	2	36.6751	1
1070.60860	536.31160	2	44.1886	2
1070.63405	536.32430	2	68.6553	2
1071.41595	536.71525	2	39.3053	2
1071.56265	536.78860	2	48.2182	2
1071.59280	536.80370	2	53.1532	2
1072.52935	537.27195	2	46.7953	2
1072.57335	537.29395	2	73.0025	2
1072.59565	537.30510	2	38.3519	2
1072.61325	537.31390	2	40.4489	2
1073.49960	537.75710	2	44.2454	2
1073.51790	537.76625	2	53.8422	2
1073.52490	537.76970	2	33.5416	2
1073.58730	537.80090	2	43.3032	2
1073.59115	537.80285	2	58.6466	2
1073.60825	537.81140	2	33.9026	2
1073.65970	537.83710	2	62.5859	2
1074.54570	538.28010	2	42.7651	2
1074.54985	538.28220	2	52.7354	2
1074.57165	538.29310	2	59.2876	2
1075.47980	538.74720	2	32.9011	2
1075.53310	538.77385	2	65.4296	2
1075.59145	538.80300	2	70.1605	2
1075.61395	538.81425	2	57.1172	2
1075.62720	538.82085	2	67.0553	2
1076.51355	539.26405	2	48.5129	2
1076.56135	539.28795	2	53.5691	2
1076.57170	539.29310	2	42.0887	2
1077.57025	539.79240	2	63.9795	2
1077.60480	539.80970	2	38.4039	2
1078.50445	540.25950	2	40.1699	2
1080.56810	541.29130	2	36.2354	1
1081.45590	541.73525	2	39.7487	2
1081.58925	541.80190	2	36.6002	2
1081.62370	541.81910	2	59.3166	2
1082.53230	542.27340	2	54.1312	1
1082.55465	542.28460	2	81.5808	2
1082.64570	542.33015	2	54.4474	2
1084.48630	543.25045	2	37.8062	2
1084.52015	543.26735	2	73.2959	2
1084.57080	543.29270	2	88.3295	3
1084.57370	543.29415	2	93.2117	2
1084.63770	543.32615	2	78.0835	2
1085.60835	543.81145	2	50.6944	2
1085.61290	543.81375	2	42.5317	2
1085.62305	543.81880	2	74.2207	2
1085.64470	543.82965	2	66.6282	2
1086.06380	544.03915	2	49.5848	4
1086.55550	544.28500	2	46.8762	2
1086.56745	544.29100	2	32.5363	2
1087.55160	544.78310	2	50.2662	2
1087.56460	544.78960	2	41.3514	2
1087.58715	544.80085	2	40.6422	2
1087.59810	544.80630	2	56.5587	2
1087.61270	544.81365	2	69.6758	2
1088.45600	545.23525	2	36.0108	2
1088.50330	545.25890	2	40.3617	1
1088.51170	545.26310	2	30.5302	3
1088.55370	545.28410	2	70.3000	1
1088.57105	545.29280	2	31.5609	2
1088.60845	545.31150	2	34.4386	2
1089.50830	545.76140	2	39.0230	1
1089.53130	545.77295	2	40.8998	2
1089.55750	545.78600	2	33.0874	2
1089.60295	545.80875	2	43.8003	2
1090.46810	546.24130	2	36.8286	2
1090.60195	546.30825	2	58.1717	2
1092.53890	547.27670	2	54.3625	2
1092.54555	547.28005	2	29.7883	2
1092.58140	547.29800	2	53.1507	1
1093.54000	547.77730	2	43.0954	1
1093.54070	547.77765	2	57.1976	2
1094.55165	548.28310	2	67.3056	2
1094.55500	548.28480	2	76.8518	2
1094.56105	548.28780	2	31.9616	2
1094.56950	548.29200	2	80.5518	1
1094.57320	548.29390	2	35.3701	5
1094.59710	548.30585	2	56.7523	2
1095.46670	548.74060	2	52.0504	2
1095.55585	548.78520	2	53.5765	2
1095.56360	548.78910	2	68.6197	1
1095.57930	548.79690	2	54.7270	1
1096.51930	549.26695	2	47.1763	2
1096.56245	549.28850	2	41.2092	2
1097.60800	549.81125	2	55.6173	2
1097.62110	549.81780	2	35.7494	1
1098.53480	550.27465	2	44.0709	2
1098.57775	550.29615	2	34.6536	2
1098.58340	550.29900	2	48.9689	3
1099.49320	550.75385	2	59.5045	2
1099.56270	550.78860	2	40.8068	1
1100.45950	551.23700	2	65.6106	2
1100.55765	551.28610	2	32.4494	2
1100.55955	551.28705	2	36.5080	2
1100.57190	551.29320	2	70.5431	2
1101.52365	551.76910	2	54.7418	2
1101.55580	551.78515	2	69.7799	2
1101.60985	551.81220	2	36.7376	2
1101.65170	551.83310	2	51.8300	2
1102.50845	552.26150	2	65.2075	2
1102.56385	552.28920	2	33.0292	2
1102.57650	552.29550	2	63.4684	2
1102.58675	552.30065	2	35.0822	2
1103.56135	552.78795	2	38.4831	2
1103.58160	552.79810	2	49.4695	2
1103.63815	552.82635	2	83.7100	2
1104.45130	553.23290	2	29.6082	2
1104.47590	553.24525	2	33.9173	4
1104.53040	553.27250	2	43.4057	2
1104.54680	553.28065	2	42.9455	2
1104.54740	553.28095	2	45.3450	2
1104.56400	553.28925	2	47.2551	2
1104.56650	553.29050	2	32.1921	2
1104.59215	553.30335	2	59.1405	2
1104.62640	553.32045	2	86.9530	2
1105.52940	553.77200	2	61.9966	1
1105.57635	553.79545	2	64.1204	2
1106.53920	554.27690	2	46.5143	2
1106.55960	554.28710	2	35.5126	1
1106.58680	554.30070	2	82.0781	2
1106.60940	554.31195	2	81.3880	2
1107.53890	554.77670	2	60.3943	2
1107.54505	554.77980	2	53.4149	2
1107.54845	554.78150	2	65.0117	2
1107.55590	554.78520	2	54.0455	1
1107.55870	554.78660	2	36.0056	2
1107.57640	554.79550	2	93.4535	11
1107.59230	554.80340	2	43.3575	2
1108.51425	555.26440	2	30.7980	2
1108.57145	555.29300	2	77.3248	2
1108.91965	555.46710	2	36.2220	4
1109.50370	555.75915	2	74.4360	2
1109.53350	555.77400	2	77.8645	2
1109.53995	555.77725	2	46.1069	2
1109.55085	555.78270	2	89.2654	2
1109.57080	555.79270	2	31.8590	1
1109.61245	555.81350	2	70.3458	2
1109.68090	555.84775	2	77.7546	2
1110.52115	556.26785	2	59.4495	2
1110.59050	556.30250	2	82.3171	2
1110.60860	556.31155	2	76.0042	2
1110.66500	556.33980	2	73.4373	2
1111.57170	556.79310	2	32.7857	1
1111.66160	556.83810	2	57.2232	1
1113.60380	557.80920	2	59.6175	1
1114.55540	558.28500	2	77.1558	2
1114.56190	558.28820	2	38.4472	1
1114.56250	558.28850	2	45.6439	5
1114.56615	558.29035	2	63.6784	2
1114.62375	558.31915	2	61.2217	2
1114.63475	558.32465	2	51.9899	2
1115.51325	558.76390	2	46.1017	2
1115.54610	558.78030	2	44.8555	1
1115.55780	558.78615	2	33.5619	2
1115.57835	558.79645	2	40.8773	2
1115.58535	558.79995	2	52.8274	2
1115.60130	558.80790	2	55.0377	2
1116.56535	559.28995	2	53.3826	2
1116.58245	559.29850	2	71.6550	2
1116.61270	559.31360	2	33.9192	2
1116.65435	559.33445	2	82.2715	2
1117.52730	559.77090	2	38.1769	2
1117.54335	559.77895	2	41.3220	2
1117.56250	559.78850	2	49.8770	2
1117.60580	559.81020	2	70.1234	2
1118.01870	560.01665	2	45.3098	4
1118.48390	560.24920	2	31.7013	2
1118.54765	560.28110	2	75.2374	2
1118.60575	560.31015	2	68.6825	2
1118.63330	560.32390	2	55.9242	2
1119.54245	560.77850	2	68.4222	2
1119.56860	560.79160	2	55.5660	3
1119.58230	560.79840	2	61.6453	1
1119.59540	560.80495	2	66.5044	2
1119.67035	560.84245	2	81.8367	2
1120.57635	561.29545	2	59.5621	2
1121.53400	561.77430	2	67.8576	2
1121.61045	561.81250	2	46.4019	2
1122.51100	562.26280	2	58.8238	1
1123.47800	562.74625	2	45.2179	2
1123.56990	562.79220	2	56.4828	2
1123.58105	562.79780	2	52.6332	2
1124.51760	563.26610	2	63.1110	1
1124.59045	563.30250	2	61.1603	2
1124.61950	563.31700	2	68.4457	2
1124.63080	563.32265	2	36.8625	8
1124.68060	563.34760	2	79.5355	2
1125.51230	563.76345	2	33.7160	2
1125.53660	563.77560	2	47.7911	2
1125.57235	563.79345	2	41.9884	2
1125.63905	563.82680	2	60.0661	2
1126.49700	564.25580	2	53.4712	1
1126.59730	564.30590	2	50.5053	1
1126.61760	564.31610	2	82.7970	2
1127.15900	564.58675	2	84.4858	4
1127.47455	564.74455	2	68.1415	2
1127.53220	564.77340	2	65.3306	1
1127.56160	564.78810	2	76.6553	1
1127.56475	564.78965	2	41.4357	2
1127.61225	564.81340	2	61.0023	2
1127.65550	564.83500	2	51.5098	3
1128.56585	565.29020	2	40.8444	2
1128.57830	565.29640	2	41.7091	2
1128.58980	565.30220	2	30.9709	2
1128.63900	565.32675	2	58.7983	2
1129.58015	565.79735	2	54.6791	2
1129.63320	565.82390	2	33.8291	2
1129.63430	565.82445	2	38.6604	2
1129.67040	565.84250	2	69.1555	2
1130.56125	566.28790	2	46.2966	2
1130.58230	566.29840	2	63.3663	2
1131.57760	566.79610	2	33.1342	2
1131.62865	566.82160	2	69.5478	2
1131.65410	566.83435	2	80.8949	2
1132.53870	567.27665	2	31.3381	2
1132.55630	567.28540	2	56.0037	1
1132.58760	567.30105	2	61.0548	2
1133.55345	567.78400	2	68.2911	2
1133.57190	567.79320	2	71.5316	2
1133.57215	567.79335	2	55.0063	2
1133.57495	567.79475	2	65.3637	2
1133.60865	567.81160	2	61.5250	2
1133.64660	567.83060	2	67.2639	1
1134.53360	568.27410	2	42.8919	2
1134.57840	568.29650	2	45.2753	3
1135.59885	568.80670	2	46.0685	2
1136.53570	569.27515	2	52.4022	2
1136.57080	569.29265	2	56.8664	2
1136.57180	569.29315	2	59.9989	2
1137.56500	569.78980	2	81.8518	1
1137.57800	569.79630	2	54.2451	2
1138.58780	570.30120	2	33.3260	2
1139.54645	570.78050	2	53.5093	2
1139.56195	570.78825	2	65.7606	2
1139.63025	570.82240	2	38.4831	2
1139.65465	570.83460	2	60.7071	2
1140.52335	571.26895	2	31.9911	2
1141.55630	571.78540	2	70.9687	2
1141.56815	571.79135	2	61.7770	2
1141.59865	571.80660	2	31.1990	2
1141.61045	571.81250	2	58.5611	2
1142.03255	572.02355	2	64.1301	4
1142.48740	572.25100	2	44.3314	2
1142.55580	572.28520	2	89.5705	2
1142.55720	572.28585	2	50.7249	2
1142.61900	572.31680	2	53.9345	2
1142.63080	572.32265	2	32.6173	2
1142.63100	572.32280	2	51.4032	1
1143.50750	572.76105	2	54.7973	2
1143.57230	572.79345	2	64.6790	2
1143.58855	572.80155	2	33.2834	2
1143.69060	572.85260	2	85.9925	2
1144.58860	573.30155	2	48.3395	2
1144.59550	573.30500	2	59.3430	2
1144.60855	573.31155	2	37.0036	2
1144.63770	573.32610	2	76.4531	4
1145.08430	573.54945	2	56.5529	4
1145.57575	573.79515	2	45.9906	2
1145.67050	573.84250	2	69.8730	2
1146.57680	574.29565	2	44.6325	2
1146.61395	574.31425	2	51.8009	2
1147.55140	574.78300	2	61.3522	2
1147.55320	574.78390	2	47.8316	2
1147.55400	574.78425	2	42.4409	2
1147.57910	574.79680	2	64.2396	2
1147.58765	574.80110	2	53.8166	2
1147.59310	574.80380	2	101.4897	1
1147.63940	574.82700	2	87.0532	2
1148.51395	575.26425	2	32.9934	2
1148.54720	575.28085	2	52.1581	2
1148.56950	575.29200	2	79.1970	2
1148.60870	575.31160	2	61.7120	2
1149.56650	575.79055	2	56.8945	2
1149.56685	575.79070	2	67.1197	2
1150.05795	576.03625	2	58.0818	4
1150.58785	576.30120	2	54.3285	2
1150.58820	576.30135	2	47.2628	2
1151.49190	576.75325	2	51.0734	2
1151.65375	576.83415	2	68.0078	2
1152.53075	577.27265	2	52.9539	2
1152.54240	577.27845	2	90.9412	2
1152.54880	577.28165	2	59.9685	2
1152.55315	577.28385	2	35.8751	2
1152.58560	577.30010	2	50.2088	1
1152.58580	577.30020	2	57.4778	2
1154.57220	578.29340	2	62.6371	2
1154.62105	578.31780	2	58.6258	2
1154.63085	578.32270	2	44.0089	2
1155.56300	578.78880	2	33.6624	2
1155.58090	578.79775	2	87.5576	2
1155.61530	578.81490	2	50.4593	2
1155.64875	578.83165	2	48.2437	2
1156.51825	579.26640	2	54.8977	2
1156.51880	579.26670	2	43.9651	1
1156.52040	579.26750	2	27.4601	1
1156.58980	579.30220	2	84.4404	1
1156.60350	579.30905	2	66.0274	2
1157.56410	579.78935	2	48.6155	2
1157.59345	579.80400	2	51.6239	2
1157.59550	579.80505	2	57.7999	2
1157.63425	579.82440	2	52.4982	2
1158.60005	580.30730	2	41.3220	2
1158.62470	580.31960	2	44.9297	2
1159.57020	580.79240	2	62.8012	1
1159.57240	580.79350	2	63.9843	2
1159.57380	580.79415	2	33.1444	2
1159.58415	580.79935	2	44.5772	2
1159.59485	580.80470	2	40.2888	2
1159.61965	580.81710	2	39.1054	2
1159.63960	580.82710	2	79.4623	2
1159.68220	580.84840	2	48.6789	2
1160.56555	581.29005	2	36.4453	2
1160.58665	581.30060	2	66.2246	2
1160.58780	581.30115	2	48.7326	2
1160.59285	581.30370	2	72.5795	2
1160.59735	581.30595	2	53.5968	2
1160.60725	581.31090	2	61.0770	2
1160.61520	581.31485	2	35.6402	2
1161.59925	581.80690	2	45.0177	2
1161.60180	581.80815	2	52.9849	2
1161.60705	581.81080	2	72.3546	2
1161.61470	581.81460	2	52.7617	2
1161.66480	581.83965	2	98.1926	4
1162.59815	582.30635	2	71.2373	2
1163.57730	582.79590	2	65.1282	1
1163.60940	582.81200	2	66.8660	3
1164.57005	583.29230	2	31.0387	2
1164.60345	583.30900	2	54.2492	2
1164.72400	583.36930	2	69.9693	2
1165.46115	583.73785	2	34.1641	2
1165.57695	583.79575	2	85.2237	4
1165.63420	583.82440	2	63.9280	2
1166.54045	584.27750	2	45.8728	2
1167.59300	584.80380	2	75.5472	1
1167.61755	584.81605	2	84.3117	2
1168.63310	585.32380	2	77.4301	2
1168.64605	585.33030	2	48.6714	2
1168.68100	585.34780	2	57.8517	2
1168.68150	585.34805	2	69.2448	2
1168.74390	585.37920	2	78.8286	2
1169.57135	585.79295	2	53.6952	2
1170.52145	586.26800	2	49.8796	2
1170.57735	586.29595	2	45.3764	2
1170.62505	586.31980	2	46.4285	2
1170.66010	586.33735	2	66.2869	2
1170.66045	586.33750	2	69.9387	2
1171.57690	586.79570	2	64.9011	3
1171.62095	586.81775	2	49.5224	2
1171.62440	586.81945	2	55.3705	2
1171.70055	586.85755	2	54.1383	2
1172.59520	587.30490	2	65.2612	1
1172.61520	587.31490	2	39.5690	2
1172.61960	587.31710	2	93.6659	5
1172.62920	587.32185	2	73.2907	2
1172.62935	587.32195	2	65.6041	2
1172.63985	587.32720	2	70.5350	2
1173.50110	587.75780	2	60.1153	1
1173.58885	587.80170	2	45.7970	2
1173.61345	587.81400	2	84.8269	2
1174.06635	588.04045	2	32.9711	4
1174.54985	588.28220	2	31.4129	2
1174.56250	588.28855	2	53.5376	2
1174.60900	588.31180	2	39.9057	2
1175.57350	588.79400	2	60.1476	2
1175.58660	588.80055	2	68.3603	2
1175.62050	588.81755	2	40.6798	2
1175.65645	588.83550	2	58.5274	2
1176.58065	589.29760	2	52.3442	2
1177.63455	589.82455	2	65.7312	2
1177.66140	589.83800	2	89.5321	2
1177.66200	589.83825	2	84.0640	2
1178.46405	590.23930	2	67.3967	2
1178.51715	590.26585	2	37.3408	2
1178.54540	590.28000	2	47.0572	2
1178.56400	590.28930	2	28.3122	1
1180.52370	591.26910	2	61.9232	1
1180.59810	591.30630	2	64.3042	2
1180.70795	591.36125	2	84.9938	2
1181.65255	591.83355	2	54.1678	2
1182.54220	592.27835	2	74.2817	2
1182.60360	592.30905	2	70.8380	2
1182.62830	592.32140	2	71.8264	2
1182.66595	592.34025	2	57.7393	2
1182.67980	592.34715	2	77.9335	2
1184.58665	593.30060	2	60.6056	2
1184.60470	593.30965	2	49.4029	2
1185.57510	593.79480	2	85.5702	2
1185.57840	593.79650	2	35.2999	2
1185.64020	593.82740	2	78.6163	2
1186.54460	594.27955	2	44.5174	2
1186.58530	594.29995	2	56.2797	2
1186.65670	594.33560	2	46.1528	2
1187.59185	594.80320	2	48.7540	2
1187.59420	594.80435	2	64.9802	2
1187.62240	594.81850	2	76.7591	2
1187.69520	594.85490	2	84.7260	1
1187.70245	594.85850	2	79.8424	2
1187.70340	594.85900	2	87.1955	2
1188.54215	595.27835	2	50.8272	2
1188.58900	595.30180	2	41.2610	2
1188.59880	595.30670	2	45.1569	1
1188.61570	595.31515	2	49.6358	2
1189.54125	595.77790	2	78.0227	2
1189.63820	595.82635	2	51.3745	2
1189.64490	595.82975	2	69.2069	2
1189.67065	595.84260	2	73.6393	2
1190.56115	596.28785	2	54.5017	2
1190.58990	596.30225	2	32.8697	2
1190.59925	596.30690	2	63.6472	2
1191.61520	596.81490	2	57.1363	1
1191.66580	596.84020	2	81.7095	2
1192.52815	597.27135	2	45.5322	2
1192.61500	597.31480	2	65.8473	1
1192.66200	597.33825	2	86.2240	2
1193.61585	597.81520	2	37.3793	2
1193.63325	597.82390	2	67.2162	2
1193.67050	597.84250	2	89.1997	2
1194.51125	598.26290	2	29.8320	2
1194.61460	598.31460	2	66.7493	2
1195.61045	598.81250	2	59.8172	2
1196.54970	599.28215	2	44.3647	2
1196.57250	599.29355	2	34.1012	2
1196.64995	599.33225	2	48.0333	2
1197.54585	599.78020	2	77.2449	2
1197.57185	599.79320	2	51.6919	2
1197.57545	400.19905	3	34.2032	2
1197.59260	599.80355	2	62.7446	2
1197.62490	599.81970	2	59.2875	2
1197.66475	599.83965	2	73.6233	2
1197.69830	599.85645	2	74.6086	2
1198.56320	400.52830	3	35.7768	1
1198.62250	600.31855	2	51.3850	2
1198.65595	400.55925	3	39.3830	2
1198.65665	600.33560	2	39.4437	2
1199.54735	600.78095	2	54.2147	2
1199.71355	600.86405	2	77.6867	2
1200.61980	401.21385	3	40.9049	2
1200.62370	601.31915	2	58.4647	2
1200.62535	601.31995	2	40.9334	2
1200.64560	601.33010	2	51.4366	2
1200.65170	601.33310	2	79.0376	2
1201.58290	601.79870	2	42.9604	5
1201.59870	601.80665	2	65.5586	2
1201.60880	601.81170	2	46.4578	2
1201.60890	401.54355	3	46.3466	2
1201.61960	601.81705	2	74.2553	2
1201.62850	401.55010	3	34.7714	2
1201.63040	601.82245	2	35.4486	2
1201.66630	401.56270	3	45.5144	1
1201.66725	601.84090	2	45.4700	2
1201.66790	601.84125	2	56.0156	2
1202.58840	602.30150	2	39.1723	2
1202.60450	602.30955	2	47.4736	2
1202.60530	401.87570	3	47.4304	1
1202.64090	401.88760	3	37.9686	1
1202.64400	602.32930	2	37.9540	2
1202.65030	602.33245	2	64.2190	2
1203.59785	602.80620	2	40.3419	2
1203.61540	602.81495	2	96.4495	12
1203.67130	602.84290	2	50.8866	2
1204.48300	603.24880	2	41.2337	1
1204.58105	603.29780	2	51.9596	2
1204.60855	603.31155	2	56.4650	2
1204.61390	603.31425	2	92.0318	2
1204.65655	402.55945	3	46.9086	2
1204.65735	603.33595	2	46.9385	2
1205.56475	402.86215	3	58.7123	2
1205.59300	402.87160	3	58.5946	2
1205.64035	603.82745	2	53.7850	2
1205.71275	402.91150	3	64.3418	2
1205.71340	603.86395	2	64.4020	2
1206.59575	604.30515	2	60.2728	2
1206.60660	604.31060	2	72.1255	3
1206.62530	604.31990	2	63.8113	2
1207.57160	604.79305	2	61.9674	2
1207.57680	403.53290	3	36.9350	1
1207.62135	604.81795	2	54.5007	2
1207.62435	604.81945	2	71.7922	2
1207.76585	604.89020	2	80.1898	2
1208.52425	605.26940	2	38.0729	2
1208.59425	605.30440	2	82.1661	2
1208.60440	605.30950	2	67.7579	1
1208.67660	605.34555	2	90.2629	2
1209.58800	605.80125	2	47.1875	2
1210.56210	606.28830	2	45.6720	1
1210.59900	606.30675	2	62.5140	2
1210.61345	404.54510	3	62.1510	2
1210.63050	404.55075	3	36.7143	2
1210.74050	606.37750	2	70.1283	1
1211.59660	606.80560	2	61.8010	1
1211.61980	606.81720	2	77.3578	2
1211.62605	404.88265	3	34.2203	2
1211.65100	404.89090	3	47.4483	2
1211.65185	606.83320	2	47.5408	2
1211.65570	606.83515	2	86.6140	2
1212.54265	607.27860	2	56.1867	2
1212.56620	405.19600	3	26.5325	2
1213.64590	405.55590	3	52.9252	2
1213.66695	607.84075	2	47.4282	2
1214.49830	608.25645	2	90.5153	2
1214.59690	608.30575	2	62.9026	2
1214.61430	608.31440	2	63.1241	2
1214.70295	608.35875	2	62.4695	2
1215.59835	608.80645	2	49.4629	2
1215.64670	608.83065	2	59.6585	2
1215.65125	608.83290	2	82.2023	2
1215.68255	608.84855	2	33.4692	2
1215.68320	406.23500	3	33.4329	2
1216.57590	609.29525	2	38.2585	2
1216.57605	609.29530	2	48.1543	2
1216.62370	609.31910	2	54.4796	2
1216.65625	609.33540	2	69.1501	2
1216.72490	609.36970	2	85.0435	1
1217.56380	609.78915	2	69.4734	2
1217.60800	609.81130	2	57.0277	2
1217.60880	609.81170	2	75.2020	2
1217.63800	609.82630	2	101.9333	1
1217.67620	406.89935	3	67.5734	2
1218.62830	610.32145	2	58.2632	2
1218.66540	610.33995	2	82.6039	2
1219.61300	610.81380	2	48.7884	2
1219.71775	610.86615	2	85.9716	2
1220.63975	611.32715	2	53.7559	2
1220.64135	611.32795	2	77.5950	2
1221.13270	611.57360	2	49.5497	4
1221.59875	611.80665	2	58.3204	2
1221.60980	408.21055	3	30.1014	2
1221.61065	611.81260	2	30.1872	2
1221.61360	611.81410	2	64.8256	1
1221.63525	611.82490	2	55.9771	2
1222.61185	612.31320	2	66.7184	2
1222.61950	612.31700	2	55.8526	1
1223.54220	612.77840	2	45.7042	2
1223.56650	408.86280	3	35.4489	1
1223.62560	612.82005	2	34.7007	2
1223.65140	408.89105	3	46.8226	2
1223.71015	612.86235	2	78.8286	6
1224.62400	613.31925	2	67.8603	2
1224.62895	613.32175	2	53.1862	2
1224.65795	613.33625	2	35.9590	2
1224.65825	409.22670	3	35.6098	2
1224.68430	613.34945	2	42.2950	2
1225.67220	613.84340	2	68.6249	1
1226.69840	614.35650	2	58.5534	2
1227.65710	614.83580	2	58.3434	1
1227.66155	614.83805	2	69.6422	2
1227.68135	614.84795	2	64.0961	2
1228.16370	615.08915	2	68.4237	4
1229.55720	615.78590	2	40.7237	2
1229.61920	615.81690	2	48.9072	2
1229.65120	615.83285	2	46.6333	2
1229.65145	410.89105	3	46.6060	2
1229.73780	410.91985	3	58.2840	2
1230.55975	411.19385	3	31.9027	2
1230.58340	616.29895	2	40.8680	2
1230.58910	616.30185	2	59.4414	2
1230.62050	616.31750	2	47.9771	2
1230.63915	616.32685	2	78.2614	2
1230.65700	616.33575	2	40.5698	2
1230.66135	616.33795	2	82.1560	2
1231.58625	616.80040	2	35.3077	2
1231.62390	616.81920	2	54.3717	2
1231.62520	616.81985	2	87.1394	2
1231.65645	616.83550	2	60.0087	2
1231.69265	411.57150	3	57.3252	2
1232.57165	617.29310	2	32.8387	2
1232.60620	617.31035	2	45.2575	2
1233.60830	617.81145	2	49.7453	2
1233.61070	617.81260	2	61.6766	1
1233.62155	617.81805	2	43.0764	2
1233.66165	617.83810	2	56.7225	2
1234.56980	412.53055	3	39.5965	2
1234.59770	618.30615	2	34.2537	2
1234.65535	618.33495	2	63.6146	2
1235.60700	412.87625	3	38.7668	2
1235.60710	618.81085	2	38.7719	2
1235.65060	412.89080	3	48.1617	2
1235.66840	618.84145	2	57.4481	2
1235.66925	412.89700	3	57.4104	2
1236.56285	619.28870	2	47.5407	2
1237.63515	413.55235	3	36.7325	2
1237.63595	619.82525	2	36.7986	2
1237.64655	619.83055	2	63.3662	2
1237.73780	413.58650	3	67.3492	1
1237.73930	619.87690	2	67.2198	3
1238.61070	620.31260	2	54.3287	1
1238.61650	620.31550	2	46.0335	1
1238.66195	620.33825	2	52.0795	2
1239.59230	620.80345	2	58.0770	2
1239.59590	414.20590	3	34.6235	2
1239.61930	620.81690	2	61.8871	1
1239.62080	620.81770	2	61.8585	1
1239.68355	620.84905	2	74.6752	2
1239.71960	620.86705	2	73.5002	2
1240.16125	621.08790	2	47.8012	4
1240.58740	414.53640	3	35.2661	2
1240.70300	621.35880	2	71.2067	1
1240.70390	621.35920	2	90.2279	2
1241.59340	621.80395	2	70.6363	2
1241.66360	621.83905	2	61.4750	2
1241.69860	621.85660	2	77.7153	1
1241.77470	621.89460	2	76.7764	1
1241.77500	414.93225	3	76.6346	2
1242.63645	415.21940	3	43.0946	2
1242.63740	622.32600	2	43.1241	2
1242.70245	622.35850	2	94.5726	2
1243.58640	622.80050	2	64.5251	1
1244.54245	623.27850	2	51.6291	2
1244.56785	623.29120	2	45.6732	2
1244.61055	415.87745	3	32.7390	2
1244.63225	623.32340	2	65.6408	2
1244.67255	415.89810	3	35.6377	2
1244.67320	623.34390	2	74.8027	1
1245.61960	623.81710	2	46.4516	1
1245.62080	623.81770	2	46.3662	1
1245.62150	416.21440	3	46.3167	2
1245.65035	623.83245	2	81.1874	2
1245.67155	416.23110	3	53.8166	2
1245.67505	623.84480	2	41.2947	2
1246.61260	416.54480	3	53.6043	2
1246.64955	416.55710	3	66.1678	2
1246.69235	624.35345	2	71.6888	2
1248.56050	625.28750	2	49.6033	3
1248.57300	625.29380	2	43.1229	1
1248.61870	625.31660	2	57.1821	2
1248.61990	625.31720	2	87.3210	1
1248.67145	625.34300	2	60.2372	2
1248.67245	625.34350	2	62.5518	2
1249.63045	625.82250	2	56.5205	2
1249.65600	625.83530	2	63.3130	3
1249.65610	625.83535	2	82.2545	2
1250.61410	626.31430	2	66.9570	1
1250.66740	626.34100	2	79.6121	1
1250.76040	626.38750	2	71.4833	1
1251.66195	626.83825	2	74.0650	2
1251.66480	418.22890	3	48.8030	1
1252.73880	627.37670	2	78.3626	2
1252.74950	418.59040	3	65.0893	1
1253.55940	627.78700	2	65.6954	1
1253.62995	418.88395	3	31.2650	2
1253.63040	627.82245	2	31.3594	2
1254.58855	628.30155	2	67.7601	2
1254.59995	628.30725	2	79.4345	2
1254.72985	419.25055	3	38.9687	2
1254.72990	628.37220	2	68.5640	2
1254.73005	628.37230	2	39.0038	2
1254.73260	419.25145	3	51.0417	2
1255.58435	628.79945	2	41.9960	2
1255.62630	628.82040	2	92.0539	1
1255.62745	628.82100	2	69.2654	2
1255.65670	419.55950	3	52.4318	2
1255.66830	628.84145	2	73.0894	2
1255.67865	628.84660	2	49.9082	2
1255.70165	628.85810	2	68.3841	2
1255.71340	419.57840	3	64.2778	2
1256.60990	629.31225	2	88.5523	2
1256.61130	629.31290	2	58.0085	1
1256.61255	629.31355	2	49.2508	2
1256.67730	629.34595	2	97.2212	10
1256.69835	419.90670	3	45.9296	2
1256.69845	629.35650	2	45.9016	2
1256.70475	629.35965	2	95.8394	2
1257.64610	629.83035	2	40.9617	2
1258.59915	630.30685	2	80.3074	2
1258.67645	630.34550	2	66.4166	2
1258.68965	630.35210	2	51.2560	2
1258.76485	630.38970	2	86.0574	2
1259.62010	630.81730	2	96.3270	1
1259.63375	630.82415	2	74.3288	2
1259.63470	630.82465	2	57.2706	2
1259.66250	630.83850	2	57.7441	2
1260.57480	421.19890	3	36.0499	1
1260.57775	631.29615	2	34.8176	2
1260.58790	631.30120	2	41.1826	2
1260.62840	421.21675	3	59.3536	2
1260.66240	631.33850	2	65.8147	1
1260.67325	631.34390	2	56.1588	2
1261.57835	631.79645	2	49.8769	2
1261.62275	421.54820	3	38.9152	2
1261.67045	421.56410	3	36.3871	2
1261.74195	631.87825	2	94.2384	2
1262.60795	421.87660	3	44.9001	2
1263.61990	422.21390	3	31.8921	2
1263.62080	632.81770	2	31.9270	2
1263.62760	632.82110	2	55.6172	2
1263.67140	632.84295	2	87.8561	2
1263.68270	632.84860	2	65.9234	2
1264.64825	422.55665	3	59.9172	2
1264.64980	633.33220	2	59.9356	1
1264.77570	633.39510	2	92.1311	2
1265.68905	633.85180	2	50.3063	2
1266.56350	634.28905	2	44.6868	2
1266.62215	634.31835	2	36.3387	2
1266.62260	423.21480	3	36.3045	2
1266.62500	634.31980	2	69.6838	2
1267.64800	634.83130	2	81.2814	2
1267.66310	634.83880	2	91.8972	1
1267.68890	634.85170	2	48.4255	2
1268.61425	423.87870	3	51.9176	2
1268.66225	423.89470	3	49.4289	2
1268.66235	635.33845	2	49.4963	2
1268.69840	635.35650	2	68.7529	2
1269.62495	635.81975	2	79.4988	2
1269.62800	635.82130	2	62.6280	3
1269.65230	424.22470	3	65.9786	1
1269.65750	424.22640	3	45.2502	2
1269.65865	635.83660	2	45.2775	2
1269.70395	635.85925	2	61.9530	2
1269.72995	635.87225	2	77.2692	2
1270.65490	636.33475	2	42.2311	2
1270.69920	424.57365	3	61.0321	2
1270.70050	636.35750	2	61.1034	2
1270.72820	636.37135	2	90.9688	2
1271.56370	424.86180	3	76.4154	1
1271.62240	636.81850	2	58.8363	2
1271.68780	424.90320	3	59.0828	2
1271.76165	636.88810	2	81.0477	2
1272.69315	637.35385	2	63.7388	2
1273.65650	637.83555	2	65.5432	2
1273.66955	637.84205	2	64.0352	2
1273.67745	637.84600	2	85.4387	2
1273.68820	637.85140	2	58.2233	1
1273.72100	637.86780	2	69.2148	2
1274.62910	425.88365	3	44.5103	2
1274.64505	638.32980	2	83.8899	2
1274.65135	638.33295	2	76.1795	2
1274.66360	638.33905	2	67.4585	2
1274.76000	638.38730	2	77.8901	1
1275.54135	638.77795	2	43.9153	2
1275.57110	638.79280	2	59.8485	2
1275.69395	426.23860	3	61.6846	2
1276.58250	639.29850	2	34.3364	1
1276.63440	639.32450	2	76.4434	2
1276.65265	639.33360	2	88.8495	2
1276.66635	639.34045	2	57.3021	2
1276.67315	639.34385	2	85.1069	2
1276.70340	639.35900	2	71.1472	2
1276.70425	639.35940	2	77.3968	2
1277.67365	639.84410	2	67.7894	2
1277.68800	639.85130	2	74.9885	2
1278.12805	640.07130	2	61.4648	4
1278.63100	640.32280	2	48.4520	1
1278.64990	640.33225	2	83.9865	2
1279.69600	427.57260	3	52.8868	2
1280.57845	641.29650	2	80.2440	2
1280.59925	427.87370	3	35.9558	2
1281.55715	641.78585	2	38.3440	2
1281.60915	641.81185	2	34.7995	2
1281.60990	428.21060	3	34.8636	1
1282.57460	642.29460	2	70.7703	1
1282.58610	642.30030	2	60.7001	2
1283.61490	642.81475	2	69.8034	2
1283.65050	642.83255	2	64.6187	2
1283.65920	642.83690	2	84.6931	2
1283.70840	428.91010	3	42.7804	1
1283.70960	642.86210	2	42.8172	1
1283.72110	428.91430	3	42.2392	3
1284.62735	643.32095	2	90.1224	2
1284.69375	643.35415	2	76.9118	2
1284.70340	429.24175	3	41.4803	2
1284.70360	643.35905	2	68.1362	2
1284.72940	643.37195	2	82.8191	2
1285.66335	643.83895	2	42.1109	2
1285.72600	643.87030	2	44.5378	1
1286.17440	644.09450	2	84.8389	4
1286.64465	429.88885	3	67.6649	2
1286.65110	429.89100	3	53.0074	1
1286.68395	644.34925	2	84.3757	2
1286.70060	644.35760	2	67.3438	3
1286.78500	644.39980	2	85.2763	2
1287.62935	644.82195	2	83.9270	2
1287.66875	644.84165	2	44.2007	2
1287.68365	644.84910	2	72.7779	2
1288.59200	645.30325	2	43.4128	2
1288.60665	645.31060	2	62.9372	2
1288.66370	645.33915	2	44.8685	2
1288.68105	645.34780	2	50.1259	2
1288.68450	645.34950	2	66.2867	2
1288.72250	645.36850	2	83.2064	2
1288.73930	645.37690	2	74.8233	2
1289.58915	645.80185	2	35.0262	2
1289.59005	430.87060	3	34.9637	2
1289.62800	645.82130	2	61.8784	3
1289.62800	645.82130	2	88.2625	2
1289.64705	645.83080	2	48.5715	2
1290.65790	646.33620	2	53.9239	2
1291.58000	646.79730	2	43.6358	2
1291.60490	646.80975	2	50.3252	2
1291.66670	646.84060	2	59.1964	2
1292.60460	647.30960	2	71.3800	1
1292.66070	431.89415	3	61.0866	2
1293.62535	647.81995	2	54.5087	2
1294.60440	648.30950	2	45.4940	1
1294.62265	648.31860	2	67.4248	2
1294.62570	432.54920	3	35.3753	1
1294.73340	648.37400	2	82.0470	2
1294.79700	432.60625	3	66.6331	2
1295.72570	648.87010	2	75.1655	1
1295.74530	648.87990	2	63.9820	2
1296.68280	649.34865	2	58.7733	2
1296.70370	649.35910	2	68.2304	2
1296.74080	649.37770	2	43.5663	3
1297.59145	433.53775	3	56.2825	2
1297.72485	433.58225	3	44.8655	2
1297.73575	649.87515	2	64.7127	2
1297.76095	433.59425	3	62.5519	2
1298.59330	650.30395	2	36.7693	2
1298.59370	433.87185	3	36.6762	2
1298.60900	433.87695	3	36.5373	2
1298.69465	650.35460	2	46.9934	2
1298.74495	650.37975	2	91.7640	2
1299.57015	650.79235	2	35.0980	2
1299.63060	650.82255	2	73.5631	2
1299.67955	650.84705	2	39.9770	2
1299.69440	650.85445	2	78.9444	2
1299.70290	650.85870	2	57.3813	1
1299.71390	650.86420	2	57.0786	1
1300.62390	651.31925	2	85.4758	2
1300.69860	434.57350	3	32.1675	1
1300.70350	651.35900	2	62.2020	2
1300.70575	651.36015	2	91.2768	2
1300.73915	651.37685	2	75.0861	2
1300.77545	651.39500	2	84.4874	2
1301.60950	651.81200	2	41.5360	1
1301.63630	434.88605	3	39.5684	2
1301.63725	651.82590	2	39.6363	2
1301.69840	651.85650	2	67.9154	2
1302.66015	652.33735	2	66.0454	2
1303.51440	652.76450	2	64.7667	2
1303.75000	652.88230	2	74.7611	2
1304.61080	653.31270	2	41.8683	2
1304.73340	653.37400	2	78.2328	1
1305.59450	436.20540	3	32.8207	1
1305.61700	436.21290	3	30.4891	1
1305.62365	653.81910	2	50.6315	2
1305.66240	653.83850	2	68.2230	1
1305.70430	653.85945	2	72.9590	2
1306.58305	436.53495	3	39.4750	2
1306.65115	436.55765	3	39.0529	2
1306.66690	654.34070	2	30.7618	1
1306.67720	654.34590	2	75.1812	1
1307.66395	654.83925	2	60.8176	2
1308.71960	655.36710	2	86.3236	2
1308.71975	437.24715	3	86.4204	2
1308.74110	655.37785	2	59.5695	2
1308.77690	655.39575	2	72.3952	2
1309.15105	655.58280	2	62.4733	4
1309.66260	437.56150	3	71.2997	1
1309.77185	655.89320	2	77.5703	2
1310.12300	656.06875	2	67.8410	4
1310.68150	656.34800	2	80.0337	2
1310.71920	437.91370	3	46.8024	1
1311.57060	656.79260	2	59.0471	2
1311.58315	656.79885	2	49.7864	2
1311.64990	656.83220	2	88.4439	1
1311.71360	438.24510	3	59.8724	1
1313.61460	657.81455	2	62.7762	2
1313.69365	438.90515	3	51.5930	2
1313.69380	657.85420	2	55.4792	1
1313.70220	657.85835	2	87.0106	2
1313.71885	438.91355	3	61.3522	2
1313.72035	657.86745	2	84.5363	2
1314.59805	439.20660	3	32.3260	2
1314.69615	658.35535	2	47.5103	2
1314.69800	658.35630	2	62.3963	1
1314.70430	439.24205	3	47.5562	2
1315.65995	658.83725	2	72.3310	2
1315.68520	658.84990	2	59.6835	3
1315.69905	658.85680	2	72.8151	2
1315.70990	658.86220	2	64.4987	2
1315.77300	439.59830	3	62.4866	1
1316.56465	659.28960	2	54.8604	2
1316.66610	659.34030	2	75.6636	2
1316.67565	439.89915	3	64.0876	2
1316.73435	659.37445	2	67.9262	2
1316.73565	659.37510	2	95.4695	2
1317.60990	440.21060	3	52.0970	1
1317.64270	659.82865	2	41.9321	2
1318.65965	660.33710	2	78.7434	2
1319.63420	660.82440	2	53.0368	1
1319.66415	440.89530	3	53.4741	2
1319.69200	660.85330	2	81.3488	1
1320.59775	661.30615	2	71.6942	2
1320.62320	441.21500	3	40.0580	2
1320.63590	441.21920	3	50.8145	2
1320.68380	661.34920	2	93.8508	14
1321.12290	661.56870	2	40.2098	4
1321.61455	661.81455	2	51.4792	2
1321.76320	661.88885	2	80.4448	2
1321.76470	441.59550	3	80.4007	2
1322.66680	662.34065	2	88.5523	2
1322.67180	662.34320	2	64.0259	1
1322.72710	662.37085	2	72.2706	2
1323.71925	442.24705	3	70.8248	2
1324.69195	663.35325	2	77.7193	2
1324.73545	663.37500	2	63.0332	2
1324.78340	442.60170	3	64.9460	1
1325.74925	663.88190	2	82.8520	2
1326.62120	664.31785	2	60.3349	2
1326.68945	443.23710	3	30.9351	2
1326.69120	664.35290	2	30.9123	2
1327.56580	664.79020	2	49.0085	1
1327.65190	443.55790	3	56.6646	2
1327.78725	664.90090	2	94.3354	2
1328.74520	443.92230	3	41.6796	2
1328.75295	443.92490	3	70.9019	2
1328.75385	665.38420	2	71.0907	2
1329.60710	665.81085	2	40.5570	2
1329.65420	665.83440	2	43.1603	2
1329.66815	444.22995	3	58.0497	2
1329.69320	444.23830	3	65.6036	1
1329.69470	665.85460	2	76.6911	1
1330.71410	666.36430	2	61.4149	3
1330.78095	666.39775	2	85.5019	2
1330.78235	444.60135	3	85.6290	2
1331.67640	666.84545	2	74.2446	2
1331.70930	666.86190	2	80.4946	2
1331.72940	666.87195	2	91.6689	2
1331.74575	666.88015	2	81.9779	2
1331.76710	666.89080	2	45.0056	2
1332.64700	667.33075	2	47.2069	2
1332.70065	667.35760	2	82.4475	2
1333.59430	667.80440	2	43.0464	2
1334.66190	445.89455	3	45.6199	2
1334.72030	668.36740	2	53.2962	2
1334.72435	668.36945	2	76.2681	2
1335.63840	668.82650	2	71.8130	2
1335.64710	668.83080	2	69.8649	1
1336.59765	669.30610	2	55.5257	4
1336.74620	446.58930	3	42.6317	1
1336.74730	669.38090	2	42.6516	2
1336.80950	669.41200	2	79.4676	2
1337.57095	669.79275	2	38.5150	2
1337.67200	669.84330	2	73.1640	2
1338.61295	670.31375	2	60.5448	2
1338.66585	447.22925	3	57.1923	2
1338.66880	670.34170	2	62.8348	2
1338.71870	670.36665	2	72.2393	2
1339.65265	670.83360	2	64.4617	2
1339.74555	447.58910	3	55.1347	2
1339.75395	670.88425	2	81.6014	2
1339.77060	670.89255	2	96.7369	8
1339.77095	447.59760	3	93.8041	2
1340.59745	671.30600	2	48.9647	2
1340.73025	671.37240	2	61.8371	2
1341.19820	671.60640	2	44.6464	4
1341.62155	671.81805	2	74.9045	2
1341.72595	448.24925	3	43.4686	2
1342.65155	448.55775	3	53.8489	2
1342.65170	448.55785	3	37.2308	2
1342.70975	448.57720	3	56.0422	2
1342.71005	672.36230	2	62.6626	2
1342.73590	672.37525	2	84.6289	12
1343.76640	448.92940	3	54.0866	2
1343.76740	672.89100	2	54.1055	2
1344.68350	673.34900	2	53.2318	1
1344.70865	673.36160	2	62.3238	2
1344.71395	673.36425	2	65.7396	2
1344.74070	673.37765	2	83.2246	2
1344.74365	449.25515	3	81.4204	2
1344.74765	449.25650	3	67.5839	2
1344.79755	673.40605	2	95.8700	2
1345.62260	449.54810	3	32.9665	1
1345.62460	673.81960	2	33.0186	2
1345.66490	673.83970	2	58.6154	1
1345.73350	673.87400	2	97.6095	1
1346.57825	674.29640	2	39.6281	2
1346.67455	674.34455	2	72.8041	2
1346.68315	674.34885	2	77.7822	2
1346.76720	449.92965	3	68.2543	2
1346.76765	674.39110	2	68.3013	2
1347.58120	674.79790	2	52.9408	1
1347.66570	674.84010	2	88.1996	2
1347.72235	674.86845	2	84.6434	2
1347.74605	674.88030	2	63.2981	2
1347.74730	450.25640	3	63.1788	2
1347.76405	450.26195	3	82.7691	2
1349.56800	675.79130	2	76.1760	1
1349.64680	675.83070	2	60.5419	2
1349.68315	675.84885	2	69.2977	2
1349.68500	675.84980	2	60.7653	2
1350.60920	676.31190	2	39.4828	2
1350.63930	676.32690	2	75.7016	1
1350.71485	676.36470	2	73.6477	2
1350.75105	676.38280	2	58.3584	2
1351.63765	451.55315	3	33.7392	2
1351.63765	676.82610	2	33.7723	2
1351.64145	676.82800	2	60.3648	2
1352.59565	451.87245	3	30.4398	2
1352.63940	677.32700	2	63.1992	1
1352.72935	451.91705	3	54.6843	2
1352.75600	677.38525	2	67.8287	2
1353.72390	677.86925	2	87.9247	2
1353.72585	677.87020	2	65.4926	2
1354.73025	678.37240	2	95.2228	4
1355.71660	678.86560	2	87.2605	1
1355.71685	678.86570	2	85.0508	2
1355.72980	678.87220	2	56.3944	2
1355.77865	452.93350	3	58.6204	2
1355.77940	678.89700	2	81.9449	2
1356.56865	679.29160	2	53.6742	2
1356.73630	679.37545	2	59.7859	2
1356.74840	453.25675	3	47.8490	2
1356.74995	679.38225	2	47.8856	2
1357.66380	679.83920	2	49.0810	2
1357.67345	679.84400	2	30.0267	2
1357.67460	453.56550	3	29.8253	1
1357.74510	453.58895	3	58.0495	2
1357.74605	679.88030	2	58.1127	2
1358.15495	453.72560	3	50.4696	4
1358.65735	680.33595	2	88.4460	2
1358.66210	680.33830	2	56.6143	2
1358.66760	680.34105	2	45.3501	2
1358.66890	453.89690	3	45.2824	2
1358.67900	453.90030	3	38.2654	1
1358.68035	680.34745	2	38.2873	2
1358.74195	680.37825	2	82.5466	2
1358.75900	680.38675	2	92.1663	2
1359.68195	680.84825	2	66.9048	2
1359.68820	454.23665	3	38.0081	2
1359.83470	454.28550	3	56.5331	1
1360.58565	454.53580	3	33.4019	2
1360.59050	681.30250	2	33.4252	1
1360.69930	681.35690	2	75.3045	2
1361.66755	681.84105	2	39.9716	2
1361.72060	681.86755	2	68.4780	2
1361.72245	681.86850	2	71.2470	2
1362.59105	682.30280	2	48.0984	2
1362.64480	682.32965	2	53.3621	2
1362.71400	682.36430	2	57.8860	2
1362.71490	682.36475	2	87.3685	2
1362.71500	682.36480	2	71.8792	2
1362.72100	682.36780	2	83.1707	2
1362.72670	682.37060	2	56.9499	1
1363.57595	682.79525	2	50.2738	4
1363.68510	682.84985	2	72.5899	2
1363.69170	455.57120	3	44.6802	2
1363.69350	682.85400	2	44.7641	2
1364.63840	683.32650	2	64.2032	1
1364.68430	683.34940	2	61.1087	2
1364.71810	683.36630	2	64.5688	2
1364.73600	683.37530	2	69.1992	1
1365.55950	456.19375	3	41.7620	2
1365.66735	683.84095	2	84.0639	2
1365.67765	683.84610	2	55.4642	2
1365.67795	456.23325	3	55.4290	2
1366.73315	456.58495	3	36.0186	2
1366.75865	456.59350	3	36.1867	2
1366.84660	684.43055	2	99.3564	2
1367.54530	684.77990	2	32.8904	2
1367.65415	456.89200	3	50.9774	2
1367.67265	456.89815	3	49.7365	2
1367.68830	456.90340	3	51.1269	2
1367.69045	684.85250	2	51.2307	2
1367.71320	684.86385	2	71.3987	2
1367.76660	684.89055	2	83.0364	2
1367.77885	684.89670	2	74.9644	2
1368.64650	457.22280	3	67.2985	2
1368.75060	685.38260	2	74.4862	2
1368.79755	457.27310	3	63.4832	2
1369.67430	457.56540	3	51.6467	2
1369.79425	685.90440	2	54.2215	2
1369.79480	457.60550	3	54.1991	3
1370.72300	686.36880	2	79.2400	3
1370.81685	686.41570	2	94.0819	2
1371.68310	686.84885	2	73.1530	2
1371.70930	686.86195	2	90.8433	2
1371.73950	458.25380	3	49.0715	2
1371.74520	458.25565	3	54.3864	2
1372.68345	687.34900	2	65.9597	2
1372.71825	458.58005	3	54.0866	2
1372.73430	458.58540	3	69.8977	1
1373.69185	687.85320	2	37.4987	2
1373.73995	687.87725	2	70.4716	2
1373.75265	687.88360	2	56.6960	2
1374.68620	688.35040	2	86.8355	1
1374.68860	459.23680	3	47.2482	2
1374.68880	688.35170	2	47.2713	1
1374.70850	688.36150	2	73.1088	1
1374.76225	459.26135	3	77.2369	2
1374.76285	688.38870	2	77.3062	2
1374.78850	688.40155	2	83.8055	2
1375.71350	459.57840	3	75.9808	1
1376.70870	689.36160	2	89.1019	2
1376.71945	689.36700	2	64.7200	2
1376.72965	459.91715	3	49.3800	2
1376.85060	459.95745	3	66.0184	2
1377.67175	689.84315	2	82.6068	2
1377.67740	689.84595	2	75.3315	2
1377.68530	689.84990	2	32.3042	1
1377.68955	460.23715	3	32.2497	2
1377.69365	460.23850	3	87.7294	2
1377.69675	689.85565	2	90.9926	8
1378.23370	690.12415	2	84.1815	4
1378.55515	690.28485	2	42.5315	2
1378.67700	690.34580	2	59.4037	1
1378.69620	690.35535	2	59.6250	2
1378.75645	690.38550	2	93.9249	2
1379.57080	690.79270	2	43.2564	1
1379.76530	460.92905	3	72.3050	2
1379.76670	690.89065	2	72.3362	2
1379.77085	690.89270	2	79.6921	2
1380.68090	461.23420	3	80.9331	1
1380.79855	691.40655	2	76.0903	2
1381.66600	691.84030	2	65.4424	1
1381.74550	691.88000	2	73.4253	1
1382.62080	692.31770	2	63.6894	2
1382.65010	692.33230	2	76.2071	2
1382.75915	692.38685	2	77.1261	2
1383.53840	692.77645	2	25.9858	4
1383.68030	462.23405	3	42.5979	2
1384.66335	693.33895	2	55.5840	2
1384.67170	693.34310	2	83.0755	2
1384.71070	693.36265	2	69.6891	2
1384.73290	462.58490	3	63.6523	2
1384.75540	693.38495	2	83.2942	2
1385.73480	693.87465	2	74.7505	2
1385.75120	693.88290	2	61.9302	2
1386.72495	463.24890	3	65.7986	2
1387.56150	694.78800	2	61.2535	2
1387.68775	694.85115	2	81.8889	2
1387.69400	694.85430	2	56.3379	2
1387.69520	694.85490	2	70.3375	1
1387.72740	463.58305	3	83.1593	2
1387.73110	694.87280	2	83.2226	1
1388.55660	695.28555	2	54.8603	2
1388.70575	695.36015	2	51.8982	2
1389.73295	695.87375	2	86.9733	2
1389.75280	695.88365	2	88.0899	2
1390.65075	464.55750	3	37.2363	2
1390.70940	464.57705	3	34.8544	2
1390.74560	464.58910	3	58.9484	1
1390.75645	464.59275	3	67.1554	2
1391.69410	696.85430	2	98.0054	9
1391.70480	696.85965	2	52.4645	2
1391.88830	696.95140	2	87.7857	1
1392.61760	465.21310	3	58.7474	2
1392.63730	697.32590	2	64.3018	1
1392.66685	697.34070	2	62.8696	2
1393.64395	697.82925	2	67.9851	2
1393.65190	697.83320	2	70.5975	2
1393.67915	697.84685	2	70.0608	2
1393.69080	697.85270	2	81.8226	2
1393.70280	465.57485	3	55.0189	2
1393.70385	697.85920	2	76.8118	2
1394.55030	698.28240	2	36.1595	2
1394.75710	698.38580	2	86.6416	1
1395.65195	698.83325	2	57.9451	2
1395.71090	466.24420	3	39.3525	2
1395.71160	698.86310	2	39.3302	2
1396.67770	699.34610	2	76.6065	2
1396.80540	699.40995	2	66.0675	2
1397.60530	699.80995	2	45.9879	2
1397.71535	699.86495	2	50.8773	2
1397.79695	699.90575	2	78.9197	2
1398.62750	700.32100	2	51.9256	2
1398.70390	700.35920	2	89.3981	2
1398.73570	467.25250	3	50.2111	2
1398.77230	700.39340	2	63.5524	2
1399.66220	700.83840	2	60.6284	1
1399.69485	700.85470	2	54.0500	2
1399.69850	467.57345	3	47.6506	2
1399.76890	700.89170	2	62.4017	1
1401.57095	701.79275	2	42.1712	2
1401.70980	468.24390	3	41.7273	2
1401.71200	701.86330	2	41.7559	1
1401.76220	468.26130	3	80.1424	1
1401.76265	701.88860	2	80.0255	2
1402.75025	702.38240	2	76.3310	2
1403.63125	702.82290	2	54.6520	2
1403.63915	702.82685	2	60.2727	2
1403.74075	468.92085	3	40.0512	2
1403.74155	702.87805	2	40.0864	2
1403.74210	702.87830	2	68.7553	3
1403.79710	702.90585	2	95.8978	2
1404.73190	703.37320	2	75.1326	1
1404.79775	703.40615	2	67.5488	2
1405.65235	703.83345	2	55.5761	2
1405.67445	469.56540	3	43.3301	2
1406.66215	469.89465	3	51.1079	2
1406.71575	704.36515	2	74.2710	2
1407.72420	470.24865	3	49.1336	2
1407.72530	704.86990	2	49.2198	2
1407.78250	470.26810	3	65.6876	2
1407.78375	470.26850	3	59.6633	2
1408.65190	705.33325	2	76.9432	2
1408.66190	705.33820	2	92.8405	5
1408.66920	705.34190	2	38.7117	2
1409.68675	705.85065	2	68.0984	2
1410.70120	706.35790	2	55.1551	2
1410.72475	471.24885	3	49.8101	2
1410.72660	706.37060	2	49.8564	2
1410.77075	471.26420	3	56.7787	2
1410.77230	706.39340	2	56.8867	1
1411.65805	706.83630	2	47.5023	2
1411.67215	706.84335	2	72.1496	2
1411.71600	471.57925	3	69.5119	2
1411.82800	471.61660	3	72.2995	2
1411.82875	706.92165	2	72.2286	2
1412.64435	707.32945	2	88.5110	2
1412.77330	471.93170	3	49.2616	1
1412.77455	707.39455	2	50.3879	2
1412.80020	471.94070	3	62.1921	1
1412.81375	707.41415	2	82.4193	2
1412.83810	471.95330	3	66.1374	2
1412.84010	707.42735	2	66.1938	2
1413.67450	707.84455	2	36.9098	2
1413.76545	707.89000	2	61.0201	2
1414.73035	472.58405	3	46.6993	2
1414.73175	708.37315	2	46.7303	2
1414.73210	708.37330	2	81.2529	2
1415.65185	708.83320	2	91.9354	2
1415.68965	708.85210	2	57.3880	2
1415.72580	708.87020	2	45.3763	2
1415.76205	472.92795	3	39.5584	2
1416.71580	473.24590	3	74.1842	1
1416.72410	473.24860	3	65.1336	1
1416.72535	709.36995	2	64.3440	2
1416.72900	709.37175	2	97.6604	4
1416.78200	709.39825	2	90.8621	2
1417.66520	709.83990	2	67.7997	2
1417.66825	709.84140	2	54.8920	2
1417.67975	473.56715	3	46.1813	2
1417.71035	709.86245	2	73.7621	2
1418.69795	473.90660	3	42.2974	2
1418.70785	710.36120	2	57.6236	2
1419.66285	710.83870	2	56.9311	2
1419.69950	474.24040	3	50.8600	5
1419.70020	710.85735	2	50.6657	2
1419.75215	474.25800	3	50.9071	2
1419.81380	710.91415	2	80.6109	2
1420.65085	711.33270	2	46.2088	6
1420.70120	711.35790	2	101.8447	1
1421.80320	474.94165	3	63.0541	2
1422.59415	712.30435	2	36.1236	2
1422.59450	475.20545	3	36.0936	2
1422.67340	475.23175	3	39.9376	2
1422.68815	712.35135	2	65.2984	2
1422.75150	712.38305	2	78.2057	2
1423.67060	712.84260	2	81.8309	2
1423.74145	712.87800	2	90.4507	2
1424.66090	713.33775	2	67.7997	2
1424.71970	713.36715	2	66.5328	2
1424.75220	713.38340	2	58.6918	2
1424.81435	475.94535	3	90.6020	2
1425.67160	713.84310	2	73.1585	2
1425.80800	713.91125	2	73.4319	2
1425.81920	713.91690	2	61.8323	1
1425.82030	476.28070	3	61.7467	2
1426.78905	476.60360	3	42.4184	2
1427.64255	714.82855	2	45.7150	2
1427.72645	714.87050	2	52.3724	2
1427.79960	714.90705	2	82.3566	2
1428.71130	477.24435	3	45.3132	2
1429.74930	715.88195	2	63.3074	2
1429.75845	715.88650	2	59.5125	2
1429.76010	715.88730	2	51.2910	2
1429.79945	715.90700	2	96.7339	2
1430.24895	477.75690	3	60.0557	4
1430.73215	716.37335	2	88.0899	2
1430.73715	477.91965	3	50.0679	2
1430.75890	716.38670	2	90.3532	1
1431.28310	716.64885	2	85.8110	4
1431.78880	478.27020	3	64.9780	1
1431.79980	716.90715	2	79.2817	2
1432.71470	478.57880	3	44.3900	1
1432.71565	717.36510	2	44.4872	2
1434.74745	718.38100	2	73.1941	2
1435.66345	718.83900	2	37.8941	2
1435.76700	718.89080	2	62.6853	2
1436.69405	479.90530	3	55.0102	2
1436.69790	719.35620	2	55.0960	2
1436.70430	719.35940	2	68.0497	3
1436.76235	479.92805	3	51.2029	2
1436.78710	479.93630	3	61.7811	2
1437.69225	719.85340	2	63.3332	2
1438.58765	480.53645	3	29.1659	2
1438.77260	720.39360	2	81.1442	1
1439.64480	720.82970	2	47.6202	2
1439.79950	720.90705	2	72.4881	2
1439.80810	720.91135	2	95.2400	2
1440.81920	721.41690	2	78.9775	2
1442.64960	722.33210	2	83.5773	2
1442.66940	722.34200	2	51.1635	2
1442.68815	722.35135	2	79.5526	2
1442.72770	481.91650	3	49.1938	2
1443.67450	722.84455	2	43.2126	2
1443.80985	722.91220	2	73.4670	2
1443.84460	722.92955	2	79.1221	2
1444.66805	723.34130	2	55.7641	2
1444.74170	723.37810	2	70.2752	2
1444.76990	482.59725	3	60.2373	2
1444.81260	723.41360	2	87.2168	3
1446.71570	724.36510	2	61.5791	1
1446.77490	483.26560	3	87.4919	1
1446.78250	483.26810	3	63.8843	1
1447.69560	724.85510	2	64.3967	3
1447.74160	724.87810	2	67.3702	3
1447.75590	483.59260	3	56.1642	1
1448.71520	725.36485	2	56.5779	2
1448.73900	725.37680	2	76.6622	2
1448.74340	725.37900	2	82.7637	2
1449.67770	725.84610	2	62.0779	2
1449.71315	725.86385	2	73.6836	2
1449.86600	484.29595	3	59.5720	2
1449.88080	725.94770	2	85.6759	2
1450.72455	726.36955	2	81.3203	2
1450.73740	726.37600	2	89.2309	2
1450.75030	726.38245	2	95.1773	2
1450.81905	484.61360	3	65.0815	2
1451.66455	484.89545	3	48.3064	2
1451.71215	484.91130	3	33.5955	2
1451.71570	726.86510	2	70.2338	1
1451.79970	484.94050	3	50.8386	1
1452.75080	727.38270	2	80.9873	2
1452.76755	485.26310	3	56.9945	2
1452.80010	727.40730	2	90.0225	2
1453.76045	727.88750	2	55.7083	2
1454.72955	728.37205	2	78.6794	2
1454.87045	485.96410	3	76.4699	2
1454.87185	728.44320	2	76.3556	2
1455.69890	728.85675	2	67.6079	2
1455.69895	486.24025	3	67.6136	2
1455.79775	728.90615	2	91.7779	2
1455.83805	728.92630	2	80.5534	2
1457.78800	729.90130	2	80.8263	2
1457.78830	486.93670	3	80.7644	2
1458.68210	730.34830	2	75.3896	1
1458.74690	487.25620	3	75.9684	2
1459.70465	730.85960	2	58.1664	2
1459.70955	730.86205	2	66.9918	2
1459.74390	730.87925	2	63.2185	2
1459.83995	487.62060	3	75.0204	2
1459.84090	730.92770	2	75.0723	2
1461.73985	731.87720	2	64.4697	2
1461.83745	488.28645	3	76.2954	2
1461.83760	731.92610	2	76.4099	1
1462.69550	732.35500	2	64.8926	2
1462.76780	732.39120	2	67.7259	1
1463.67565	488.89915	3	62.2366	2
1463.70865	732.86160	2	65.8952	2
1463.70875	732.86165	2	79.4148	2
1463.74110	488.92095	3	71.5264	2
1463.74905	732.88180	2	71.5958	2
1464.30105	489.10765	3	64.3659	4
1464.74950	489.25710	3	81.0256	2
1464.79450	733.40455	2	61.1732	2
1464.79460	733.40455	2	67.3259	2
1465.73385	733.87420	2	86.3235	2
1466.66395	489.89525	3	43.3752	2
1466.67725	734.34590	2	74.1208	2
1466.74320	734.37890	2	88.0376	1
1466.77455	489.93210	3	43.2152	2
1467.24540	734.63000	2	84.4157	4
1467.82200	490.28130	3	55.2924	3
1468.68685	735.35070	2	52.6388	2
1468.79760	735.40605	2	73.8901	2
1470.67970	736.34710	2	78.3252	1
1470.74695	491.25625	3	65.5001	2
1470.74865	491.25680	3	55.3938	2
1470.79780	736.40615	2	88.2511	2
1470.84690	736.43070	2	82.7098	2
1471.70825	736.86140	2	53.7275	2
1471.74015	736.87735	2	64.8049	2
1471.75780	491.59320	3	66.3216	2
1472.71260	491.91150	3	44.4773	1
1472.73590	491.91925	3	56.9259	2
1472.73735	737.37595	2	57.0483	2
1472.77750	491.93310	3	58.5376	1
1473.74710	737.88080	2	65.6899	1
1473.76185	492.26125	3	70.8812	2
1474.76870	738.39165	2	78.7349	2
1475.77450	492.93210	3	62.3552	2
1476.69165	739.35310	2	52.2004	2
1476.70965	739.36210	2	64.6218	2
1476.78405	739.39930	2	72.4964	2
1477.74230	739.87845	2	84.1165	2
1477.76120	739.88785	2	71.8503	2
1477.76790	739.89125	2	87.4998	2
1478.63995	740.32725	2	47.6631	2
1478.77780	740.39620	2	73.8571	2
1479.73615	740.87535	2	76.8903	2
1480.68915	494.57030	3	35.2405	2
1480.71695	741.36575	2	84.7278	2
1480.78830	494.60340	3	64.1574	2
1480.83680	494.61950	3	58.4066	1
1482.74260	742.37860	2	58.4909	1
1482.81290	742.41370	2	89.1102	2
1482.83075	742.42265	2	67.7040	2
1483.71325	495.57835	3	60.8502	2
1483.74630	495.58935	3	28.5336	2
1483.76305	742.88880	2	75.6268	2
1484.68270	743.34865	2	42.8586	2
1484.77420	495.93200	3	39.1054	1
1484.80980	743.41215	2	82.6954	2
1484.82105	495.94765	3	73.9698	2
1484.82160	743.41810	2	74.0314	2
1484.82180	495.94790	3	55.3937	1
1485.82325	496.28170	3	86.3883	2
1485.82330	743.91895	2	86.4527	2
1486.72015	496.58065	3	75.1027	2
1486.76495	744.38975	2	70.7852	2
1486.78230	744.39840	2	66.7265	3
1486.78235	496.60135	3	66.7835	2
1488.74305	497.25495	3	44.2933	2
1488.79460	497.27210	3	58.6820	2
1489.70510	497.57560	3	57.6070	1
1489.74890	745.88175	2	89.5894	2
1490.73690	497.91955	3	57.4169	2
1490.73940	746.37700	2	71.4942	1
1491.81020	746.91240	2	88.7693	1
1492.71015	747.36235	2	47.3723	2
1492.73715	498.58630	3	75.2962	2
1493.64885	747.83170	2	38.2351	2
1493.64940	498.89040	3	38.1581	2
1493.74780	498.92320	3	55.9131	1
1493.74785	747.88120	2	55.8272	2
1493.78305	498.93495	3	71.9660	2
1495.84140	748.92800	2	81.2925	2
1495.85525	499.62570	3	81.3259	2
1495.87165	499.63115	3	69.0018	2
1496.68605	749.35030	2	84.8241	2
1496.76165	499.92785	3	56.0993	2
1496.76270	749.38860	2	64.5965	2
1496.78525	749.39990	2	70.6961	2
1496.82765	749.42110	2	91.2025	2
1497.70870	749.86160	2	72.2002	1
1498.76480	750.38970	2	74.5710	2
1498.77720	750.39585	2	68.1434	2
1498.84170	750.42810	2	84.5045	2
1499.71510	500.91230	3	55.1269	2
1499.71685	750.86570	2	55.1962	2
1500.68845	501.23675	3	48.0594	2
1500.76110	751.38780	2	55.3757	2
1500.76575	501.26250	3	55.3030	2
1500.79435	751.40445	2	58.7666	2
1500.79495	501.27225	3	58.7366	2
1500.81605	501.27930	3	64.4346	2
1500.81670	501.27950	3	68.5404	2
1500.81745	501.27975	3	60.1791	2
1501.28575	751.65015	2	71.7588	4
1501.71690	501.57960	3	50.4447	2
1501.71735	751.86595	2	50.4789	2
1502.64805	752.33130	2	78.0310	2
1502.75265	752.38360	2	87.4320	2
1503.74960	752.88210	2	75.2936	1
1503.79520	752.90485	2	80.6807	2
1504.75085	502.59085	3	53.5375	2
1504.79770	753.40610	2	68.7797	2
1504.87650	502.63275	3	79.6805	2
1505.65265	502.89150	3	46.6988	2
1505.70905	502.91030	3	56.3008	2
1505.72645	502.91605	3	60.7550	2
1505.91910	753.96680	2	92.4380	3
1506.79315	754.40385	2	59.9117	2
1506.79375	754.40415	2	65.8870	2
1507.71410	503.57860	3	63.2240	2
1507.73390	503.58520	3	52.0202	2
1508.74165	503.92115	3	86.5079	2
1508.74340	755.37895	2	86.3827	2
1508.81300	503.94490	3	47.9981	2
1508.81440	755.41450	2	48.0411	2
1509.64535	504.22235	3	35.0924	2
1509.65775	504.22650	3	46.3723	2
1509.74720	504.25630	3	51.5853	2
1510.70600	756.36030	2	70.2127	2
1510.71300	504.57830	3	57.4683	2
1510.71490	756.36475	2	57.5000	2
1510.74520	756.37990	2	74.3072	2
1510.75420	504.59200	3	57.1099	2
1511.69260	756.85360	2	47.1347	1
1511.71680	756.86565	2	41.7948	2
1511.77220	504.93130	3	72.9245	1
1511.79005	756.90230	2	97.9520	2
1511.85765	756.93610	2	80.2157	2
1512.20810	505.07665	3	42.9226	4
1512.87535	505.29905	3	84.6461	2
1512.87775	757.44615	2	84.5740	2
1513.69845	757.85650	2	67.9851	2
1513.75030	757.88245	2	77.1798	2
1513.87120	505.63100	3	95.8284	2
1513.87360	757.94410	2	95.7227	2
1514.72315	505.91495	3	55.9184	2
1514.79685	505.93955	3	91.1042	2
1514.79930	758.40695	2	66.1702	2
1514.79985	758.40720	2	91.0045	2
1514.80520	505.94230	3	44.9057	1
1514.85495	505.95890	3	89.5564	2
1514.85695	758.43575	2	89.4909	2
1515.71700	506.24625	3	77.6362	2
1515.75290	506.25820	3	32.2551	2
1515.75385	758.88420	2	32.2607	2
1515.76210	758.88835	2	88.9458	2
1515.77170	506.26450	3	77.9052	2
1515.81210	758.91330	2	69.0464	1
1515.82130	758.91790	2	78.7863	1
1516.20965	759.11210	2	79.0050	4
1516.68770	506.56980	3	31.4522	1
1516.77820	759.39635	2	74.0041	2
1516.79965	759.40710	2	79.1059	2
1516.80520	506.60900	3	48.2409	1
1516.83395	759.42425	2	79.5299	2
1517.22345	506.74840	3	53.4162	2
1517.72965	759.87210	2	62.0198	2
1517.73930	759.87695	2	69.7694	2
1517.80875	506.94350	3	76.0205	2
1518.79400	760.40430	2	83.6371	2
1518.92540	507.31570	3	62.4470	1
1519.74490	760.87970	2	62.9079	2
1519.82560	760.92005	2	91.7134	2
1520.71990	761.36725	2	77.1905	2
1520.73690	761.37570	2	52.6766	2
1523.76265	762.88860	2	92.2914	2
1523.86815	508.96330	3	76.3671	2
1523.88215	762.94835	2	89.4310	2
1524.74080	763.37770	2	71.4368	2
1525.76710	509.59630	3	62.9912	1
1525.85440	763.93450	2	96.7062	2
1525.85570	509.62580	3	96.8504	1
1526.73350	509.91840	3	33.4772	2
1527.71060	510.24410	3	34.9310	2
1527.78280	764.89870	2	89.6318	2
1527.79905	764.90680	2	69.3054	2
1528.74670	765.38060	2	92.1717	2
1528.79885	765.40670	2	72.1495	2
1528.80875	510.61020	3	69.0890	2
1529.66320	510.89500	3	38.0582	2
1529.66465	765.83960	2	38.0676	2
1529.84160	510.95450	3	63.5875	2
1529.85735	510.95970	3	78.8612	2
1530.80150	766.40800	2	95.4371	1
1530.80320	511.27500	3	66.0049	1
1530.84130	511.28770	3	47.5838	1
1531.69730	511.57305	3	63.8564	2
1531.71440	766.86450	2	65.1522	2
1531.77530	766.89490	2	65.3638	2
1531.80000	766.90730	2	68.2435	1
1531.81505	766.91480	2	84.7719	2
1531.87460	766.94460	2	93.9018	1
1532.77545	767.39500	2	73.5784	2
1532.79940	767.40700	2	71.4423	2
1532.82220	767.41840	2	81.6733	2
1533.74240	512.25470	3	34.6576	1
1533.74565	512.25585	3	49.6779	2
1533.74660	767.88060	2	49.6883	1
1533.74710	767.88085	2	67.6985	2
1533.79830	767.90640	2	96.3651	2
1533.80015	512.27395	3	96.4024	2
1534.29735	768.15595	2	73.7078	4
1534.83080	768.42270	2	94.5668	1
1535.67110	512.89760	3	36.8230	2
1535.67885	768.84670	2	59.8116	2
1535.78470	512.93550	3	67.6677	2
1537.72065	513.58085	3	78.8922	2
1537.79490	769.90470	2	75.9862	1
1538.82310	770.41885	2	78.1080	2
1539.75040	770.88250	2	78.4181	2
1540.80655	514.60945	3	62.6852	2
1540.82080	514.61420	3	46.8559	2
1541.78565	514.93580	3	57.5296	2
1541.78735	771.90095	2	57.5656	2
1541.80465	514.94215	3	58.8567	2
1541.81695	771.91575	2	69.0162	2
1541.83025	771.92240	2	74.8781	2
1542.77225	515.26465	3	53.4433	2
1542.79070	772.40260	2	61.1910	2
1542.80460	515.27550	3	56.2582	1
1546.69785	774.35620	2	66.1064	2
1547.67360	774.84410	2	62.3566	1
1547.77280	516.93150	3	53.6637	2
1547.81955	774.91705	2	70.1837	2
1547.81960	774.91710	2	82.9119	1
1547.81970	516.94720	3	56.3118	2
1547.83200	774.92330	2	57.6818	2
1547.83480	516.95220	3	57.8060	1
1547.89060	516.97080	3	84.9183	1
1548.77835	517.26670	3	70.5720	2
1548.77930	775.39695	2	70.5060	2
1548.79985	517.27385	3	60.5819	2
1548.92455	775.46955	2	79.5872	2
1549.60105	775.80780	2	45.0711	2
1549.74320	517.58830	3	62.2984	1
1549.74760	775.88110	2	62.4876	2
1549.78175	775.89815	2	81.1124	2
1549.82925	775.92190	2	72.7431	2
1550.68880	517.90350	3	32.9851	2
1550.73980	517.92055	3	50.7561	2
1550.74620	776.38040	2	50.8190	2
1550.76880	517.93020	3	57.0029	1
1550.77030	776.39245	2	57.0852	2
1550.85430	776.43445	2	94.7326	2
1551.71710	518.24630	3	35.8670	2
1551.76745	776.89100	2	67.6023	2
1551.77465	518.26545	3	38.7772	2
1551.84700	776.93080	2	89.4610	2
1552.73360	518.58510	3	66.6481	1
1553.83165	518.95115	3	80.4640	2
1553.83310	777.92380	2	80.5712	1
1553.83790	777.92620	2	96.6202	2
1555.73850	778.87650	2	71.6252	2
1555.74960	519.59050	3	51.2208	2
1555.78930	778.90190	2	82.7429	3
1555.84635	778.93045	2	81.9140	2
1555.88215	519.63465	3	77.0654	2
1556.84330	779.42895	2	90.3855	2
1557.78235	779.89845	2	79.2189	2
1557.83180	520.28450	3	72.0483	1
1557.83440	779.92450	2	89.1603	1
1558.76630	780.39040	2	90.2333	2
1558.77400	780.39425	2	66.9999	2
1558.79865	780.40660	2	79.0185	2
1559.60970	780.81210	2	72.9912	2
1559.75075	520.92420	3	70.6676	2
1559.75915	520.92695	3	77.5208	2
1559.82330	780.91895	2	87.0396	2
1560.84160	521.28780	3	85.5086	2
1560.84190	781.42825	2	78.5794	2
1560.84370	781.42915	2	85.2407	2
1561.78840	781.90150	2	76.0259	2
1561.83580	781.92515	2	87.2601	2
1562.77320	521.93165	3	66.5749	2
1563.80430	522.27540	3	73.2279	2
1564.29890	783.15675	2	73.4328	4
1564.71725	783.36590	2	53.1070	2
1564.73890	783.37670	2	55.4369	2
1564.74100	522.58760	3	55.5449	1
1564.88140	783.44795	2	100.2306	2
1565.78615	522.93600	3	57.2982	2
1565.83070	522.95085	3	66.2657	2
1567.82550	784.92005	2	81.4492	2
1567.89370	523.63850	3	96.4889	2
1567.89520	784.95485	2	96.4335	2
1567.89550	523.63910	3	65.0738	1
1569.87695	785.94575	2	76.3037	2
1569.91420	785.96435	2	86.7764	2
1570.74450	524.58875	3	51.5645	2
1570.80980	786.41220	2	58.8904	2
1571.68485	524.90225	3	55.0913	2
1572.78345	787.39900	2	58.3201	2
1572.82280	787.41870	2	90.1837	2
1572.83045	525.28405	3	78.2754	2
1573.68570	525.56920	3	42.0467	1
1573.77945	787.89700	2	86.3616	2
1573.82665	787.92060	2	80.7023	2
1573.83745	787.92600	2	74.4947	2
1574.71210	788.36330	2	70.9047	2
1575.78560	788.90010	2	70.3051	3
1576.75375	789.38415	2	74.8091	2
1577.77050	789.89250	2	71.6334	2
1577.77100	789.89280	2	89.8227	2
1577.78875	789.90165	2	75.3660	2
1578.26170	527.09450	3	72.2312	4
1578.83610	527.28595	3	70.1756	2
1578.85285	527.29155	3	55.9252	2
1578.87400	527.29860	3	82.9858	2
1578.87410	790.44435	2	83.0124	2
1580.70080	527.90750	3	40.5144	1
1580.80625	527.94270	3	61.7462	2
1580.81920	791.41690	2	71.4886	1
1580.86090	791.43775	2	94.2000	2
1580.92855	527.98345	3	75.1407	2
1581.76635	791.89045	2	65.8278	2
1582.84610	792.43030	2	77.7902	2
1582.86885	792.44170	2	70.9892	2
1584.74200	529.25460	3	66.1915	1
1586.17920	794.09690	2	63.4003	4
1586.86805	794.44130	2	85.4060	2
1587.85170	794.93310	2	85.8185	1
1587.85950	530.29380	3	64.2962	1
1588.72600	795.37030	2	70.3750	2
1588.84710	795.43085	2	92.5557	2
1589.81985	530.94720	3	83.7766	2
1589.82190	795.91820	2	83.7143	3
1590.76430	796.38945	2	78.0617	2
1590.79845	796.40650	2	81.3824	2
1590.85815	796.43635	2	89.2867	2
1591.74850	531.59010	3	43.6239	2
1591.75045	796.88250	2	43.6619	2
1591.80180	531.60790	3	58.3636	1
1591.80520	796.90990	2	58.4957	2
1591.86475	796.93965	2	86.2324	2
1592.91550	797.46505	2	71.9131	2
1593.74100	532.25425	3	54.6431	2
1593.74220	797.87840	2	54.7034	2
1593.76640	797.89050	2	83.5166	3
1593.78090	797.89770	2	94.1289	1
1593.94905	797.98180	2	81.8528	2
1595.80390	798.90920	2	91.5395	2
1595.86370	532.96185	3	49.9360	2
1596.69500	533.23890	3	32.7468	2
1596.76680	533.26285	3	52.5753	2
1596.77945	799.39700	2	67.9446	2
1596.80060	799.40755	2	53.6303	2
1597.86905	799.94180	2	69.9408	2
1598.83840	533.95340	3	82.1148	2
1598.84700	800.43080	2	82.2067	3
1599.72375	800.86915	2	73.9858	2
1599.78715	800.90085	2	42.7726	2
1599.89250	534.30480	3	62.7271	1
1599.89895	534.30695	3	76.6704	2
1600.78135	801.39795	2	76.7316	2
1600.78390	534.60190	3	63.9623	1
1600.84430	534.62205	3	64.1864	2
1600.86810	801.44130	2	63.7160	2
1601.72655	801.87055	2	52.3157	2
1602.80210	802.40830	2	76.3131	3
1602.86315	802.43885	2	72.7091	2
1603.80915	802.91185	2	80.7728	2
1604.74370	803.37915	2	64.1543	2
1604.78285	535.93490	3	67.8959	2
1606.76285	536.59485	3	69.4922	2
1607.79625	536.93935	3	47.7655	2
1607.84955	804.93205	2	84.8637	2
1607.90410	536.97530	3	79.3460	2
1608.88290	805.44870	2	96.7776	1
1609.83655	537.61945	3	88.4138	2
1609.83790	805.92620	2	88.4781	2
1610.72105	806.36780	2	65.4321	2
1610.78350	537.93510	3	65.0459	2
1610.90725	806.46090	2	96.9514	2
1610.97265	537.99815	3	70.4523	2
1611.79025	806.90240	2	64.8709	2
1612.85150	807.43305	2	84.3840	2
1612.85865	538.62685	3	69.8435	2
1612.86960	807.44210	2	88.6474	2
1612.90445	538.64205	3	76.3862	2
1613.85400	807.93430	2	82.4851	2
1613.90510	807.95985	2	80.6561	2
1614.76095	808.38775	2	88.4736	2
1614.84120	808.42785	2	76.9107	2
1615.85770	539.62650	3	72.4611	2
1616.73205	539.91795	3	47.3040	2
1616.78215	809.39835	2	74.5516	2
1616.84485	809.42970	2	91.9409	2
1617.78670	809.90060	2	44.0965	1
1617.83830	809.92640	2	77.3662	2
1617.92015	809.96735	2	98.3165	2
1619.81605	540.94595	3	65.2682	2
1620.81930	811.41690	2	76.0217	1
1620.86205	541.29460	3	85.7938	2
1620.86470	811.43960	2	85.7667	2
1621.82870	811.92165	2	84.2587	2
1621.87265	811.94360	2	70.5767	2
1622.76575	541.92915	3	37.4030	2
1622.76820	812.39140	2	37.5081	2
1622.79785	541.93990	3	81.2162	2
1622.82825	812.42140	2	67.7336	2
1623.82150	542.28110	3	63.7377	1
1623.86310	812.93880	2	87.2741	2
1625.77510	813.89480	2	77.3605	2
1625.77790	813.89625	2	80.5226	2
1626.80830	814.41140	2	62.5101	1
1626.85775	543.29315	3	56.7157	2
1626.85955	814.43705	2	56.7267	2
1626.90090	814.45775	2	88.6075	2
1627.74870	814.88160	2	67.1554	2
1627.78520	543.60230	3	49.3617	1
1628.79040	543.93740	3	94.3596	2
1628.79050	815.40255	2	94.3268	2
1628.79490	815.40475	2	81.0172	2
1628.81565	815.41510	2	56.0941	2
1628.81590	543.94590	3	56.0482	3
1629.78320	544.26830	3	55.7320	1
1629.81195	815.91325	2	69.9971	2
1629.87395	815.94425	2	69.2772	2
1629.88280	815.94870	2	88.3814	2
1630.84540	544.62240	3	81.5139	2
1631.88890	544.97020	3	73.3716	1
1631.92460	544.98215	3	71.1796	2
1631.92655	816.97055	2	71.2141	2
1632.77810	545.26660	3	45.7383	2
1633.84270	545.62150	3	79.0076	2
1633.85600	545.62590	3	61.4569	1
1634.78335	818.39895	2	91.0128	2
1634.80075	818.40765	2	62.3155	2
1634.82790	545.94990	3	43.9596	2
1634.88800	545.96990	3	53.2637	2
1635.76370	546.26180	3	54.2978	1
1636.75660	819.38555	2	73.1366	2
1636.94345	819.47900	2	91.1668	2
1637.81770	819.91610	2	74.2026	1
1638.84120	547.28765	3	75.1674	2
1639.74065	820.87760	2	61.9025	2
1639.87355	820.94405	2	93.9562	2
1639.87560	547.63250	3	77.1503	2
1639.87715	820.94585	2	77.2069	2
1639.87960	547.63380	3	94.1806	1
1639.92885	820.97170	2	89.7590	2
1640.84900	547.95690	3	46.5986	2
1640.88960	821.45210	2	84.6882	1
1641.77210	821.89335	2	74.0553	2
1641.80680	821.91070	2	95.8196	1
1641.88355	821.94905	2	83.9010	2
1642.69095	822.35275	2	46.5782	2
1642.80600	822.41025	2	58.9196	2
1642.80740	548.60970	3	45.1417	1
1642.85175	548.62450	3	47.8167	2
1642.85230	822.43345	2	47.8854	2
1642.88340	548.63510	3	78.8921	2
1643.82575	822.92015	2	44.3844	2
1643.83010	822.92235	2	74.5765	2
1643.84170	548.95450	3	66.3261	2
1645.90290	549.64160	3	66.9307	2
1646.83935	549.95370	3	61.1345	2
1646.84960	549.95710	3	71.4775	1
1648.96870	413.24945	4	57.6458	2
1648.96995	550.66390	3	57.6844	2
1649.72130	825.86790	2	63.1310	1
1649.93650	825.97555	2	76.4786	2
1651.91210	826.96330	2	87.9481	2
1651.92585	551.64920	3	84.4418	2
1651.92725	826.97090	2	84.4129	2
1652.78780	551.93650	3	77.8357	1
1653.87325	552.29835	3	75.5213	2
1653.88985	827.95220	2	91.8453	2
1653.90600	827.96030	2	80.7268	1
1653.92325	552.31500	3	75.9398	2
1654.78755	828.40105	2	70.4048	2
1654.82060	552.61410	3	77.4763	1
1654.89430	828.45445	2	80.7994	2
1655.76305	552.92830	3	48.4951	2
1656.79990	829.40720	2	85.1023	1
1657.81755	829.91605	2	88.1848	2
1658.83680	553.95285	3	78.6106	2
1658.83735	830.42595	2	78.5736	2
1659.90980	554.31055	3	78.2696	2
1659.91115	830.96285	2	78.4012	2
1660.74075	554.58750	3	64.6865	2
1660.84255	554.62145	3	62.0780	2
1662.80175	555.27450	3	51.4438	2
1662.82825	832.42140	2	69.4865	2
1662.83165	555.28445	3	69.5851	2
1662.85045	832.43250	2	96.7004	2
1663.79455	555.60545	3	71.2808	2
1664.72605	833.37030	2	66.4725	2
1664.78115	833.39785	2	83.3312	2
1664.84345	833.42900	2	72.8741	2
1666.87180	556.63120	3	76.4541	2
1666.87645	834.44550	2	80.4390	2
1666.91825	834.46640	2	82.1321	2
1667.81640	556.94610	3	57.6406	1
1667.86280	834.93870	2	76.9787	2
1668.81470	557.27880	3	57.0433	1
1669.85235	835.93345	2	71.2726	2
1670.83785	836.42620	2	95.8587	2
1670.88370	836.44910	2	54.9105	1
1670.88450	557.96880	3	54.8176	1
1671.71500	558.24560	3	50.3984	2
1672.72700	558.58295	3	42.2615	2
1673.80020	837.90740	2	88.1491	1
1673.90000	837.95725	2	76.2094	2
1674.88745	838.45100	2	91.3992	2
1675.73745	419.94165	4	29.9072	2
1675.73930	559.58700	3	29.9003	1
1676.81670	839.41560	2	66.9511	1
1677.81285	560.27820	3	70.2474	2
1678.00480	560.34220	3	65.1754	2
1681.82100	841.91780	2	75.4282	2
1681.90025	561.64065	3	79.9314	2
1681.90110	841.95785	2	85.6733	4
1681.92295	841.96875	2	92.8264	2
1681.92460	561.64880	3	92.7253	2
1682.79995	842.40725	2	87.2657	2
1682.86450	842.43950	2	92.4886	1
1682.89285	842.45370	2	78.6706	2
1682.90230	561.97470	3	84.4346	1
1683.88460	842.94960	2	76.8075	3
1684.91585	843.46520	2	80.6476	2
1685.91470	562.97885	3	64.9197	2
1686.87485	563.29885	3	63.2724	2
1687.91540	844.96495	2	87.5997	2
1687.91880	563.64685	3	87.6388	2
1688.87185	563.96455	3	57.8649	2
1688.88245	845.44850	2	83.2660	2
1689.22490	423.31350	4	31.8307	4
1689.22595	564.08260	3	31.8633	4
1689.84275	564.28820	3	58.1328	2
1689.90980	564.31055	3	93.2922	2
1689.91100	845.96280	2	93.3635	2
1690.96180	564.66120	3	63.4554	2
1692.81905	847.41680	2	83.6369	2
1692.84940	847.43200	2	85.1879	1
1692.96850	847.49150	2	90.0582	2
1692.96855	565.33010	3	90.0639	2
1693.93730	565.65300	3	63.0122	1
1693.94200	565.65460	3	82.0123	2
1694.80320	565.94165	3	49.8227	2
1694.83780	565.95320	3	47.4721	1
1695.32980	848.67215	2	69.2971	4
1696.77350	849.39400	2	62.9638	2
1696.90705	566.64295	3	85.1449	2
1696.90900	849.46180	2	85.0221	2
1697.83640	566.95270	3	50.1768	1
1697.90255	566.97475	3	77.0536	2
1697.90320	849.95890	2	77.1152	2
1698.01045	567.01075	3	82.0978	2
1698.79515	850.40485	2	82.2368	2
1698.89765	850.45610	2	84.1811	2
1698.89795	567.30660	3	84.2197	2
1698.90275	567.30820	3	58.2309	2
1699.83820	567.62000	3	82.4559	2
1699.86210	567.62795	3	77.5701	2
1699.98560	851.00010	2	92.7509	1
1700.90995	851.46225	2	80.0607	2
1703.81680	568.94620	3	60.3015	2
1704.72620	569.24935	3	25.6729	2
1704.72770	427.18920	4	25.8074	2
1704.84440	853.42950	2	58.9747	1
1704.89390	853.45420	2	90.6304	1
1704.89430	853.45440	2	90.5962	1
1704.91575	569.31250	3	70.4105	2
1705.83605	569.61930	3	46.4784	2
1705.83810	853.92635	2	46.5193	2
1705.87040	853.94250	2	95.5694	2
1705.88270	569.63480	3	68.8555	3
1705.88495	853.94975	2	68.9689	2
1705.92260	569.64810	3	66.8608	1
1706.89140	854.45295	2	88.0709	2
1706.90590	569.97590	3	86.9377	14
1707.39485	854.70470	2	83.9802	4
1707.80660	854.91060	2	80.8224	1
1707.88915	854.95185	2	93.2084	2
1707.89800	570.30660	3	76.7046	5
1707.97680	854.99570	2	78.3290	2
1707.97775	570.33320	3	78.4526	2
1708.01310	855.01380	2	101.7862	1
1709.98200	571.00130	3	75.5987	2
1710.01905	571.01365	3	79.9401	2
1710.92675	856.47065	2	76.1267	2
1712.89020	857.45235	2	66.3528	2
1712.93835	571.98670	3	68.4115	2
1714.89590	858.45520	2	78.9372	1
1714.89970	858.45710	2	62.2630	2
1714.90115	572.64100	3	62.1974	2
1714.90545	858.46000	2	70.3373	2
1716.88860	859.45155	2	86.3559	2
1717.72120	859.86790	2	56.9234	1
1717.86380	573.62850	3	71.7792	2
1717.86610	859.94035	2	71.6627	2
1717.89750	859.95600	2	93.4589	2
1720.90530	861.45990	2	77.3546	2
1721.76125	861.88790	2	37.5124	2
1721.86340	861.93895	2	74.6927	2
1721.86390	861.93925	2	89.7565	2
1721.86665	861.94060	2	93.0860	2
1722.87330	575.29835	3	75.2316	2
1722.89700	575.30625	3	75.7809	2
1723.02400	575.34860	3	69.1134	2
1723.02425	862.51940	2	69.1448	2
1723.88340	862.94900	2	87.3431	2
1724.87390	863.44420	2	81.9891	2
1725.95310	863.98380	2	85.6625	1
1726.01490	576.34555	3	81.7423	2
1726.93600	576.65260	3	73.3365	1
1728.78940	577.27040	3	63.1525	2
1729.00415	577.34195	3	82.3309	2
1730.75580	577.92585	3	64.5303	2
1730.89540	866.45500	2	72.6839	2
1730.90005	866.45730	2	88.3928	2
1731.04530	578.02235	3	88.5437	2
1731.88950	866.95205	2	68.8552	2
1731.92515	866.96985	2	86.0890	2
1733.87360	578.96515	3	75.3346	2
1733.87500	867.94480	2	75.5023	2
1733.89260	867.95360	2	90.3501	2
1735.87815	579.63330	3	78.3844	2
1735.96685	579.66290	3	97.3844	2
1735.96795	868.99125	2	97.2991	2
1736.84680	579.95620	3	80.2523	2
1736.84680	869.43065	2	80.2755	2
1737.92215	869.96835	2	88.8546	2
1737.92655	580.31615	3	78.2056	2
1737.99415	870.00435	2	90.7136	2
1738.80190	870.40825	2	68.3551	2
1738.81940	580.61370	3	59.7539	2
1738.82015	580.61395	3	65.4920	2
1739.84200	580.95460	3	69.8974	2
1739.88600	580.96930	3	67.9433	1
1742.87350	581.96510	3	67.1831	2
1743.79965	872.90710	2	67.3880	2
1743.81135	872.91295	2	50.5099	2
1743.86500	582.29560	3	48.9263	1
1743.97430	872.99440	2	95.3282	2
1744.90100	582.64090	3	71.1286	2
1745.91405	582.97860	3	73.5250	2
1745.93805	873.97630	2	82.6092	2
1746.79525	874.40490	2	89.5921	2
1746.81375	874.41415	2	74.1292	2
1748.87380	583.96520	3	62.7240	2
1749.86485	584.29555	3	61.8372	2
1749.86535	875.93995	2	61.8057	2
1750.01085	584.34420	3	55.7003	2
1750.01085	876.01270	2	55.7725	2
1751.88760	584.96980	3	89.7565	1
1751.93975	876.97715	2	90.6850	2
1752.89100	585.30430	3	48.4411	1
1752.98865	585.33680	3	86.2845	2
1752.99095	877.50275	2	86.1246	2
1753.84960	585.62380	3	52.6362	1
1754.83055	878.42255	2	93.1199	2
1755.86045	878.93750	2	70.7251	2
1755.90335	878.95895	2	90.2953	2
1755.92910	878.97180	2	71.9061	1
1756.88960	586.63710	3	79.2940	1
1756.89070	879.45265	2	79.1853	2
1757.92430	586.98205	3	73.8842	2
1758.79295	880.40375	2	48.9588	2
1758.83250	587.28480	3	77.1058	1
1759.84690	880.93075	2	89.2969	2
1759.91055	880.96255	2	88.2593	2
1760.92420	587.98200	3	80.1323	2
1760.93755	881.47605	2	87.7264	2
1761.89500	588.30560	3	73.5211	1
1762.84165	882.42810	2	76.0591	2
1763.83365	882.92410	2	61.5553	2
1763.93235	882.97345	2	72.1821	2
1764.32510	589.11560	3	63.1639	4
1765.00055	883.50755	2	92.6545	2
1765.00100	589.34095	3	92.6631	2
1765.86445	883.93950	2	80.1549	2
1765.88985	883.95220	2	65.3983	2
1766.94810	884.48130	2	84.0684	3
1766.96810	884.49135	2	86.7516	2
1766.96875	589.99685	3	86.8409	2
1767.03125	590.01770	3	81.4933	2
1767.82380	590.28185	3	64.6581	2
1767.84840	590.29005	3	89.0380	2
1767.85165	884.93310	2	89.0465	2
1767.97545	590.33240	3	88.4865	2
1767.97735	884.99595	2	88.6901	2
1768.90140	885.45795	2	79.8197	2
1769.01875	590.68020	3	80.3128	2
1769.91570	885.96510	2	67.0308	2
1770.00520	591.00900	3	73.7997	2
1770.00760	886.01105	2	91.3017	2
1770.87420	591.29865	3	56.9712	2
1771.91455	591.64545	3	75.2450	2
1772.33510	887.17480	2	76.8489	4
1774.88640	888.45045	2	58.4388	2
1774.88640	592.63610	3	58.3942	3
1774.93225	888.47340	2	88.8404	2
1776.89700	593.30625	3	66.8970	2
1777.32165	889.66810	2	64.0659	4
1778.86190	890.43820	2	76.0987	2
1778.98925	594.00370	3	71.9374	2
1778.99095	890.50275	2	71.8444	2
1779.80300	445.95800	4	51.0311	1
1780.40370	594.47520	3	53.2616	4
1782.85175	892.43315	2	78.4611	2
1782.87530	595.29900	3	75.6517	2
1783.84630	892.93045	2	73.2220	2
1784.88100	595.96760	3	62.0780	2
1784.88285	893.44870	2	62.1348	2
1784.91650	595.97940	3	54.9886	2
1785.88965	596.30380	3	88.1144	2
1785.89045	893.95250	2	88.0180	2
1788.91305	597.31160	3	35.3937	2
1789.92970	895.97215	2	82.0122	2
1790.90840	896.46150	2	90.1890	2
1792.91085	598.64420	3	61.6176	2
1793.05580	598.69250	3	97.3015	2
1793.05660	897.53555	2	97.2122	2
1793.87300	897.94380	2	89.4251	2
1793.92085	897.96770	2	84.1987	2
1794.81960	898.41710	2	63.5135	1
1794.86170	898.43810	2	81.6507	2
1794.98480	898.49965	2	79.3370	2
1796.85580	599.95920	3	74.0398	2
1796.87955	599.96710	3	83.8081	2
1796.98020	600.00070	3	70.7665	2
1797.96340	600.32840	3	72.8529	1
1799.92210	600.98130	3	99.4448	1
1799.93165	900.97310	2	99.4792	2
1802.89550	601.97245	3	96.1060	2
1803.92220	602.31470	3	49.7332	2
1804.86700	903.44075	2	65.7271	2
1804.86715	602.62965	3	65.7395	2
1804.89550	602.63910	3	77.8038	2
1804.97050	602.66410	3	78.1742	2
1804.97840	903.49645	2	78.5245	2
1805.87915	903.94685	2	76.7983	8
1806.03830	603.02000	3	71.7102	1
1806.88220	904.44840	2	68.8301	2
1806.89935	603.30705	3	84.1220	2
1809.91490	905.96470	2	72.9294	2
1810.01455	906.01455	2	73.0671	2
1813.89960	907.95710	2	85.8739	2
1813.94935	907.98195	2	83.6149	2
1814.80130	605.94105	3	79.7784	2
1814.80190	908.40820	2	79.9067	2
1814.96995	605.99725	3	65.9807	2
1815.92310	606.31495	3	86.1909	2
1815.92430	908.96945	2	86.1516	2
1815.94910	908.98180	2	94.4916	1
1816.87170	606.63120	3	74.6890	1
1816.95935	909.48695	2	92.0118	2
1817.86340	606.96175	3	69.4542	2
1818.89455	607.30545	3	90.7705	2
1820.91340	607.97840	3	78.9582	2
1821.06220	608.02800	3	83.9950	2
1821.84740	608.28975	3	80.3288	2
1821.89405	608.30530	3	52.9799	2
1822.91345	912.46400	2	85.2489	2
1822.91530	912.46490	2	72.4006	2
1823.89330	608.97170	3	83.6310	2
1823.90620	608.97600	3	68.1303	2
1825.86360	609.62850	3	55.2295	3
1825.86575	913.94015	2	55.3100	2
1825.89625	913.95540	2	67.0849	2
1826.95480	914.48465	2	78.5245	2
1827.93885	610.32025	3	73.7118	2
1827.96970	610.33050	3	65.5630	1
1827.97060	914.99255	2	65.4846	2
1828.91235	915.46345	2	84.1869	2
1828.95285	915.48370	2	73.4886	2
1832.00885	611.67685	3	72.5155	2
1832.86505	917.43980	2	81.6978	2
1832.91705	611.97965	3	76.1488	2
1833.90420	612.30870	3	76.8940	1
1833.93815	917.97635	2	80.0985	2
1833.96825	612.33005	3	87.6711	2
1835.79820	612.94000	3	59.5253	1
1836.04870	613.02350	3	73.3405	2
1837.85680	919.93570	2	94.0336	1
1838.11560	613.71250	3	73.8529	1
1838.95510	613.99230	3	63.8877	2
1839.99430	614.33870	3	64.4045	2
1841.01685	921.51570	2	70.0284	2
1841.85840	614.96010	3	49.3413	2
1841.88110	921.94785	2	65.0812	2
1842.93145	615.31775	3	65.8659	2
1842.97320	615.33165	3	71.5903	2
1843.99390	923.00420	2	82.8623	2
1844.88485	923.44970	2	86.7126	2
1844.89035	615.97070	3	63.0898	2
1844.91235	615.97805	3	67.2658	2
1845.99105	616.33765	3	85.9604	2
1845.99240	924.00350	2	86.1304	2
1846.79090	924.40275	2	72.1680	2
1846.93720	924.47585	2	75.0008	2
1846.96865	924.49160	2	84.8989	2
1847.91510	924.96480	2	94.8692	2
1849.89730	617.63970	3	89.8880	1
1849.89730	925.95595	2	89.8906	2
1849.95815	617.66000	3	85.3454	2
1851.89515	618.30565	3	81.5859	2
1852.02135	927.01795	2	83.1647	2
1853.92725	618.98300	3	60.9685	2
1854.92400	619.31530	3	92.3803	1
1854.92570	928.47010	2	92.0735	2
1856.85795	619.95990	3	54.7085	2
1856.88155	929.44805	2	82.9491	2
1859.94375	930.97915	2	72.5547	2
1859.96010	620.99400	3	78.6061	2
1860.94365	621.32180	3	88.8094	2
1860.95375	931.48415	2	88.9183	2
1861.00015	621.34065	3	75.5910	2
1861.91450	931.96450	2	87.9842	2
1861.98790	621.66990	3	83.0635	2
1862.81870	621.94680	3	60.1093	1
1862.86825	932.44140	2	86.8460	2
1863.98920	622.33700	3	88.1906	2
1864.87950	622.63375	3	73.0531	2
1866.01660	623.01280	3	81.6419	2
1867.84425	623.62200	3	53.9549	2
1867.89240	623.63805	3	88.8911	2
1867.91075	934.96265	2	83.4709	2
1868.83495	935.42475	2	63.7076	2
1870.96005	936.48730	2	86.1441	2
1872.89805	625.30660	3	53.6951	2
1873.94640	625.65605	3	76.0974	2
1873.96830	937.99140	2	81.1842	2
1876.99475	626.67215	3	75.0509	2
1879.78250	627.60140	3	33.7390	1
1880.97650	627.99940	3	62.8420	2
1881.02670	628.01620	3	79.6762	1
1882.97675	628.66615	3	71.4283	2
1882.97800	942.49625	2	71.3312	2
1883.88225	942.94840	2	75.8006	2
1883.88250	628.96810	3	75.9206	2
1884.87690	629.29960	3	66.9640	2
1885.87245	943.94350	2	65.8549	2
1885.91910	943.96685	2	84.2061	2
1885.91950	629.64710	3	84.3288	2
1886.90080	629.97420	3	68.8351	2
1886.90210	944.45830	2	68.9349	2
1887.87380	944.94420	2	82.6277	2
1888.00320	630.34165	3	81.3596	2
1888.97390	945.49420	2	83.3574	1
1890.93615	631.31930	3	69.8375	2
1890.94840	631.32340	3	74.0704	2
1890.99595	631.33925	3	84.7332	2
1892.07035	947.04245	2	83.0944	2
1893.96140	947.98800	2	85.5133	2
1893.97720	632.33300	3	58.2546	2
1895.89150	948.95300	2	72.6426	1
1899.87845	950.94650	2	70.4411	2
1899.98375	634.33520	3	62.2577	2
1902.89735	952.45595	2	79.8756	2
1903.93360	635.65180	3	77.5298	1
1904.96975	635.99715	3	74.8669	2
1904.97390	953.49420	2	74.9287	2
1907.92770	636.98320	3	65.2986	1
1908.96560	955.49010	2	86.4852	2
1909.98120	478.50260	4	71.0709	1
1909.99635	637.67270	3	75.5970	2
1910.00040	956.00750	2	75.6702	1
1910.17195	637.73125	3	79.0699	2
1911.04540	956.53000	2	92.6882	1
1911.89025	956.95240	2	72.9698	2
1911.99855	638.34015	3	81.5226	2
1911.99945	957.00700	2	81.5137	2
1912.91320	638.64500	3	32.5303	2
1912.98900	638.67030	3	73.9655	1
1913.09870	638.70685	3	70.6908	2
1914.98100	958.49780	2	68.8863	1
1915.05290	479.77050	4	74.4742	1
1915.47280	639.49820	3	69.4643	4
1916.95090	639.99090	3	66.2842	1
1917.94750	959.98100	2	61.6184	1
1918.85275	640.62485	3	46.5472	2
1919.90625	960.96040	2	91.2677	2
1920.96530	641.32900	3	60.9310	1
1920.96720	641.32970	3	60.8965	1
1920.99890	641.34025	3	82.4134	2
1921.92990	641.65060	3	95.7778	2
1921.93160	961.97310	2	95.6700	2
1923.88635	962.95045	2	78.6792	2
1923.96475	642.32885	3	72.4529	2
1924.02100	642.34760	3	78.1799	2
1926.99900	964.50680	2	89.7617	2
1927.00145	643.34110	3	89.6873	2
1930.94530	644.65570	3	83.0571	1
1930.95100	966.48280	2	83.3876	1
1932.83920	645.28700	3	57.7090	2
1932.84275	967.42865	2	57.7760	2
1933.08795	967.55125	2	86.7065	2
1933.09100	645.37090	3	86.7846	2
1934.07800	645.69995	3	86.5212	2
1935.07905	646.03365	3	78.7905	2
1935.90005	968.95730	2	87.3315	2
1935.93125	646.31770	3	65.3377	2
1937.92570	646.98250	3	91.8030	1
1937.92655	969.97055	2	91.7691	2
1937.92700	969.97075	2	87.8169	2
1937.92975	646.98385	3	89.9009	2
1937.94485	646.98890	3	78.5102	2
1938.93765	970.47610	2	90.8291	2
1938.95270	970.48365	2	80.0058	2
1939.01955	647.34710	3	74.5400	2
1940.98465	648.00215	3	73.2335	2
1941.87975	648.30055	3	57.5341	2
1941.95300	971.98380	2	79.3298	1
1942.04220	648.35470	3	76.1151	2
1942.47635	648.49940	3	85.0734	4
1942.84165	648.62115	3	60.5149	2
1942.96880	972.49170	2	86.0137	1
1943.94140	648.98775	3	73.8084	2
1944.98320	649.33500	3	66.4057	2
1947.93115	650.31765	3	72.0842	2
1947.98525	650.33570	3	80.1896	2
1947.98650	975.00050	2	80.1779	2
1948.99100	975.50280	2	86.0198	1
1950.98125	651.33435	3	71.4313	2
1951.99140	651.67110	3	87.4449	2
1951.99335	977.00395	2	87.3592	2
1953.92295	977.96875	2	83.9816	2
1953.94170	652.32120	3	74.2084	1
1954.89595	978.45525	2	80.8650	2
1955.93820	652.98670	3	58.8486	1
1955.94000	652.98730	3	58.8694	1
1956.05835	653.02670	3	81.1466	2
1956.90175	653.30785	3	65.7928	2
1956.99080	979.50265	2	75.4572	2
1957.94555	979.98005	2	86.2594	2
1961.02305	981.51880	2	87.6268	2
1961.04525	981.52990	2	87.5323	2
1961.05035	654.69070	3	87.5748	2
1966.08185	984.04820	2	89.3705	2
1966.93715	656.65295	3	74.3728	2
1966.97710	984.49585	2	96.1003	2
1966.98175	656.66785	3	96.1319	2
1966.98960	984.50210	2	78.1700	1
1967.00680	656.67620	3	82.0622	1
1970.06975	657.69715	3	76.8173	2
1970.98315	658.00165	3	60.4211	2
1973.07060	658.69750	3	59.4196	1
1974.05295	988.03375	2	93.2895	2
1976.02100	659.68095	3	94.3965	2
1976.02355	989.01905	2	94.2935	2
1976.96945	659.99710	3	83.6749	2
1977.03360	989.52410	2	81.2612	2
1978.19335	660.40505	3	92.4967	2
1978.89835	660.64005	3	35.4828	2
1979.03385	660.68525	3	86.7462	2
1983.03015	662.01735	3	85.8078	2
1984.02720	662.34970	3	78.9617	1
1984.02900	993.02175	2	78.8805	2
1985.96030	993.98745	2	72.5150	2
1986.00940	663.01040	3	90.7766	2
1988.04795	663.68990	3	70.7310	2
1989.02415	664.01530	3	73.7342	2
1992.02655	997.02055	2	92.0316	2
1992.05785	665.02655	3	79.1002	2
1993.92095	665.64760	3	63.5817	2
1994.00295	665.67490	3	93.1968	2
1994.00860	998.01160	2	93.1337	2
1999.91915	1000.96685	2	52.7135	2
2001.00110	668.00765	3	83.3606	2
2002.96050	1002.48750	2	75.5634	2
2002.96070	668.66080	3	75.6817	1
2002.98350	668.66845	3	67.0521	2
2003.03390	1002.52425	2	88.3540	2
2003.03425	668.68535	3	88.2538	2
2004.09010	669.03730	3	78.3003	2
2009.03690	670.68620	3	57.9208	2
2009.08450	670.70210	3	76.2439	2
2009.99915	671.00700	3	91.4393	2
2009.99990	1006.00720	2	91.4677	2
2010.99945	671.34040	3	76.5408	2
2011.00390	1006.50920	2	76.5346	2
2016.99195	1009.50325	2	79.4984	2
2019.07105	674.03095	3	93.3917	2
2022.01780	675.01320	3	63.6200	2
2024.89500	1013.45480	2	55.6575	1
2026.01270	1014.01360	2	87.7875	2
2026.12310	676.38165	3	85.1667	2
2026.12360	1014.06905	2	85.2266	2
2026.92845	1014.47150	2	82.2964	2
2027.05990	676.69390	3	86.6436	2
2027.94435	676.98870	3	65.0250	2
2031.02935	678.01705	3	86.8737	2
2033.06165	678.69450	3	71.9963	2
2034.06130	679.02770	3	70.8639	1
2035.86010	679.62730	3	57.2918	1
2037.04160	680.02115	3	64.8248	2
2037.09125	1019.55290	2	81.4579	2
2040.98800	1021.50130	2	92.8895	1
2041.07475	681.36550	3	79.2214	2
2041.97570	681.66580	3	72.0422	3
2043.01180	1022.51315	2	81.7311	2
2043.50305	682.17495	3	83.0938	4
2047.98195	683.66790	3	47.1360	2
2048.05485	683.69220	3	94.5771	2
2048.05555	1025.03505	2	94.6104	2
2048.95900	683.99360	3	75.7114	2
2049.04260	684.02145	3	86.2844	2
2050.03505	684.35225	3	87.8948	2
2052.92885	1027.47170	2	74.8448	2
2054.09915	1028.05685	2	96.3706	2
2054.09950	685.70710	3	96.4022	2
2054.89985	685.97385	3	68.5145	2
2058.07900	687.03360	3	96.4501	1
2059.00530	687.34235	3	76.4844	2
2059.08110	687.36765	3	89.9612	2
2059.96730	687.66305	3	84.0040	2
2059.96910	1030.99180	2	83.9593	2
2060.01185	687.67785	3	91.9494	2
2062.04050	688.35410	3	86.5916	1
2064.03285	1033.02370	2	87.8645	2
2064.04590	689.02255	3	88.8096	2
2064.95900	1033.48675	2	83.7443	2
2065.07280	689.36490	3	82.5012	1
2067.99185	690.33790	3	68.2905	2
2070.95960	1036.48705	2	71.7498	2
2071.03610	691.35260	3	66.3676	1
2071.04055	1036.52755	2	91.0932	2
2072.11890	691.71355	3	87.1363	2
2073.10340	692.04175	3	75.9338	2
2075.08205	692.70130	3	71.3424	2
2076.04965	693.02380	3	66.8671	2
2077.04520	1039.52990	2	59.0572	2
2077.04610	693.35600	3	59.0765	1
2078.03255	693.68480	3	92.2288	2
2078.06570	693.69580	3	77.9330	2
2079.02830	694.01670	3	73.4009	1
2080.10240	521.03290	4	69.8109	2
2080.10410	694.37530	3	69.9716	2
2081.09670	694.70620	3	83.4325	2
2086.03675	1044.02565	2	87.8289	2
2089.05385	697.35855	3	74.3668	2
2090.94280	1046.47870	2	87.2036	2
2092.08730	698.36970	3	73.3753	2
2092.97630	1047.49540	2	86.5045	3
2093.11145	1047.56300	2	79.3716	2
2093.11255	698.71145	3	79.4031	2
2093.98095	699.00095	3	85.3393	2
2093.98655	1048.00055	2	85.2653	2
2094.03300	699.01830	3	80.2423	1
2094.94445	699.32210	3	50.5750	2
2094.98840	1048.50150	2	83.3965	2
2095.00300	699.34160	3	68.6268	2
2100.06375	701.02855	3	91.4827	2
2101.86570	701.62920	3	70.2725	1
2104.06900	702.36360	3	73.7276	7
2104.07180	1053.04320	2	72.2233	1
2105.14505	702.72230	3	89.6960	2
2106.10130	1054.05790	2	86.5752	1
2112.14110	1057.07785	2	92.3023	2
2114.12700	705.71625	3	94.3680	2
2114.13195	1058.07325	2	94.4643	2
2119.04595	707.35590	3	63.4312	2
2121.13405	708.05195	3	81.9223	2
2122.10315	708.37500	3	69.5610	2
2125.14760	709.38980	3	92.3360	2
2126.14170	709.72120	3	77.0592	2
2126.63500	1064.32480	2	77.5279	4
2131.17870	711.40015	3	82.9240	2
2136.95430	713.32540	3	75.8408	2
2137.12500	713.38225	3	69.3976	2
2143.09335	715.37175	3	80.9433	2
2148.10810	717.04330	3	60.7933	2
2151.09915	718.04030	3	77.4154	2
2156.01465	719.67880	3	64.9480	2
2160.04450	721.02210	3	62.8965	2
2161.14725	721.38965	3	85.3677	2
2165.06350	722.69510	3	76.0523	1
2169.12315	724.04830	3	75.5856	2
2170.02855	724.35010	3	75.4232	2
2180.97290	1091.49375	2	66.3846	2
2181.13540	1091.57495	2	79.9740	2
2181.13660	728.05280	3	79.9711	2
2190.06605	731.02930	3	74.3128	2
2190.06840	1096.04150	2	74.2780	2
2190.17280	731.06485	3	90.9657	2
2195.99730	733.00640	3	76.1700	1
2201.11755	734.71310	3	72.8334	2
2205.01550	736.01245	3	71.0904	2
2205.09865	1103.55660	2	98.3135	2
2205.10320	736.04170	3	98.5680	2
2214.08150	1108.04800	2	79.1663	2
2222.02585	1112.02020	2	81.1238	2
2227.05250	743.35810	3	54.7666	2
2227.05260	1114.53360	2	54.8017	2
2236.11130	746.37770	3	84.9851	2
2240.18100	1121.09780	2	84.3229	2
2240.18200	747.73460	3	84.3520	2
2241.03540	561.26610	4	54.3525	1
2249.19750	1125.60605	2	82.3819	2
2250.02050	751.01410	3	45.5633	2
2269.26040	757.42740	3	82.4762	2
2274.15330	1138.08390	2	83.1571	1
2279.05820	760.69335	3	68.2357	2
2282.08445	761.70210	3	63.5469	2
2283.16040	762.06070	3	81.8040	1
2284.23535	762.41905	3	90.1277	2
2284.23585	762.41925	3	93.2980	2
2291.01845	764.68010	3	66.8130	2
2291.01930	1146.51695	2	66.8046	2
2295.09340	766.03840	3	79.1547	2
2296.19290	766.40490	3	79.8974	1
2297.12500	766.71560	3	69.3896	2
2299.14670	767.38950	3	64.1411	1
2299.25320	1150.63390	2	92.7167	1
2306.10535	769.70905	3	77.4525	2
2314.08845	772.37005	3	60.8281	2
2316.20895	773.07690	3	80.3057	2
2323.19825	1162.60640	2	84.7630	2
2323.29230	775.43800	3	88.6161	2
2336.17110	779.73100	3	83.2111	1
2347.18870	783.40350	3	58.7928	1
2364.20170	789.07450	3	76.3487	1
2372.21365	791.74515	3	85.6535	2
2376.09965	793.04050	3	50.9372	2
2377.08460	793.36880	3	75.8758	2
2379.16675	595.79895	4	62.4003	2
2387.14110	796.72095	3	84.8929	2
2389.99210	797.67130	3	61.3701	2
2391.16385	798.06190	3	80.6164	2
2391.19450	1196.60455	2	94.9836	2
2398.13770	800.38650	3	79.7440	1
2399.31100	800.77760	3	88.7633	1
2401.30105	801.44095	3	86.4765	4
2401.30565	1201.66010	2	81.8057	2
2404.07445	802.36540	3	70.8456	2
2407.22960	803.41715	3	75.4962	2
2416.24085	806.42090	3	83.8691	2
2427.23860	607.81695	4	60.1846	2
2433.24040	812.08740	3	81.0444	2
2435.25770	812.75985	3	65.1142	2
2440.35165	814.45785	3	90.6700	2
2450.10690	1226.06075	2	76.8541	2
2450.22060	1226.11755	2	92.4487	2
2453.16515	818.72895	3	76.5468	2
2456.21370	819.74515	3	78.1451	2
2460.19385	821.07190	3	85.0858	2
2519.20520	840.74235	3	65.2738	2
2525.30020	842.77400	3	85.5405	2
2532.23450	845.08545	3	73.6718	2
2546.24070	849.75420	3	78.4798	1
2549.47020	638.37480	4	85.9232	9
2549.47285	850.83155	3	82.9244	2
2558.29735	853.77305	3	91.6305	2
2572.30950	858.44375	3	92.2515	2
2574.28910	859.10365	3	88.6811	2
2585.30030	862.77400	3	80.7326	1
2589.27160	864.09780	3	70.5136	2
2590.22490	864.41560	3	85.0690	1
2604.27225	869.09800	3	84.4813	2
2620.21540	656.06110	4	64.7720	2
2620.26920	874.43030	3	81.1958	2
2630.31115	877.77765	3	84.2526	2
2643.33940	882.12040	3	86.2824	1
2691.38530	898.13570	3	75.7071	1
2694.40480	899.14220	3	82.7037	2
2724.43460	909.15210	3	88.1429	1
2726.43800	909.81990	3	74.1163	1
2749.48010	917.50065	3	81.4286	2
2765.47925	922.83370	3	79.5694	2
2769.42605	924.14930	3	85.5755	2
2794.38150	932.46775	3	77.0552	2
2801.45065	701.36995	4	85.4438	2
2804.28005	935.76730	3	76.7228	2
2851.40140	951.47440	3	87.5520	1
3000.54415	1001.18865	3	85.6831	2
3080.53990	1027.85390	3	80.3473	2
3132.48480	784.12850	4	68.9006	2
3208.56130	803.14765	4	69.9408	2
3536.65330	1179.89170	3	84.0421	1
