scan_index	one_based_scan	rt	mz	intensity	charge
1200	2064	7.60156	376.840790	2.0830e4	3
1200	2064	7.60156	376.903046	8.4736e4	0
1200	2064	7.60156	377.175842	1.2273e4	3
1200	2064	7.60156	377.842957	1.3046e4	0
1200	2064	7.60156	377.902313	2.9070e4	0
1200	2064	7.60156	380.839233	2.7256e4	0
1200	2064	7.60156	381.025543	2.4474e4	6
1200	2064	7.60156	381.062256	3.6707e4	0
1200	2064	7.60156	381.185089	9.2307e4	3
1200	2064	7.60156	381.192169	3.7290e4	6
1200	2064	7.60156	381.512726	3.2778e4	0
1200	2064	7.60156	381.519409	1.1432e5	3
1200	2064	7.60156	381.843048	1.0270e5	3
1200	2064	7.60156	381.853851	3.3575e4	3
1200	2064	7.60156	381.878632	2.2450e4	0
1200	2064	7.60156	382.177185	2.7133e4	3
1200	2064	7.60156	384.007446	2.6474e4	6
1200	2064	7.60156	384.177002	1.7838e4	6
1200	2064	7.60156	385.041840	3.9685e4	5
1200	2064	7.60156	385.165894	7.9975e4	0
1200	2064	7.60156	385.239044	2.0484e4	5
1200	2064	7.60156	385.259460	3.2072e4	0
1200	2064	7.60156	385.962830	1.4072e4	0
1200	2064	7.60156	386.023529	1.5606e5	0
1200	2064	7.60156	386.168945	2.2144e4	0
1200	2064	7.60156	386.207062	4.6611e4	0
1200	2064	7.60156	386.850616	3.4196e4	3
1200	2064	7.60156	387.075226	1.8842e4	5
1200	2064	7.60156	387.144531	1.2836e4	0
1200	2064	7.60156	387.185638	2.2491e4	3
1200	2064	7.60156	387.210266	1.5626e4	0
1200	2064	7.60156	387.275513	4.7261e4	5
1200	2064	7.60156	388.019287	2.7645e4	0
1200	2064	7.60156	389.090759	3.1339e4	3
1200	2064	7.60156	389.404663	1.5560e4	0
1200	2064	7.60156	389.423950	1.4403e4	3
1200	2064	7.60156	389.845154	2.5064e4	3
1200	2064	7.60156	390.179626	1.6901e4	3
1200	2064	7.60156	390.902802	2.7770e4	3
1200	2064	7.60156	391.237885	5.5608e4	3
1200	2064	7.60156	391.288116	6.6586e4	0
1200	2064	7.60156	391.848297	2.2651e4	0
1200	2064	7.60156	392.241486	2.1989e4	0
1200	2064	7.60156	392.291443	2.4613e4	0
1200	2064	7.60156	392.506561	1.2999e4	0
1200	2064	7.60156	392.517456	1.9223e4	0
1200	2064	7.60156	392.878174	1.5354e4	0
1200	2064	7.60156	393.062225	3.7812e4	0
1200	2064	7.60156	393.301636	7.2480e4	0
1200	2064	7.60156	393.848480	1.1975e4	5
1200	2064	7.60156	394.052246	1.9591e4	5
1200	2064	7.60156	394.715027	1.0680e5	2
1200	2064	7.60156	394.721313	3.1745e4	0
1200	2064	7.60156	394.881653	4.6970e4	3
1200	2064	7.60156	394.893097	1.3351e4	0
1200	2064	7.60156	395.078033	4.8324e5	3
1200	2064	7.60156	395.216766	2.9645e4	2
1200	2064	7.60156	395.415894	1.4496e4	3
1200	2064	7.60156	395.520294	3.8914e5	3
1200	2064	7.60156	395.848145	3.3518e4	0
1200	2064	7.60156	395.854797	2.5296e5	3
1200	2064	7.60156	395.881500	1.3163e4	5
1200	2064	7.60156	396.081635	7.6030e4	5
1200	2064	7.60156	396.189209	8.8682e4	3
1200	2064	7.60156	396.851471	1.7673e4	3
1200	2064	7.60156	397.073578	5.2324e4	0
1200	2064	7.60156	397.180511	1.6174e4	0
1200	2064	7.60156	397.186646	2.1473e4	3
1200	2064	7.60156	397.443878	1.5387e4	0
1200	2064	7.60156	399.254547	2.1140e4	0
1200	2064	7.60156	399.351074	1.7002e4	0
1200	2064	7.60156	400.180603	1.8303e4	0
1200	2064	7.60156	400.852112	2.0364e4	3
1200	2064	7.60156	401.186707	2.9514e4	3
1200	2064	7.60156	402.018707	3.4393e4	0
1200	2064	7.60156	402.190857	1.5527e4	0
1200	2064	7.60156	402.250275	1.4398e4	0
1200	2064	7.60156	403.045013	2.4727e4	0
1200	2064	7.60156	403.052551	5.4210e5	6
1200	2064	7.60156	403.222687	2.0306e4	6
1200	2064	7.60156	403.236603	1.5340e4	0
1200	2064	7.60156	403.675812	1.9408e4	0
1200	2064	7.60156	404.036682	2.0445e5	0
1200	2064	7.60156	404.056030	6.9769e4	0
1200	2064	7.60156	404.062714	1.4096e4	0
1200	2064	7.60156	404.171906	6.1717e4	0
1200	2064	7.60156	404.208282	1.9715e4	0
1200	2064	7.60156	404.851990	1.2587e4	0
1200	2064	7.60156	405.040527	2.7991e4	0
1200	2064	7.60156	405.048492	7.0907e4	0
1200	2064	7.60156	405.067902	2.0189e4	0
1200	2064	7.60156	405.085815	1.6345e4	0
1200	2064	7.60156	405.846802	1.6720e4	3
1200	2064	7.60156	406.032227	4.7754e4	0
1200	2064	7.60156	406.183228	1.6899e4	3
1200	2064	7.60156	406.518280	3.3121e4	3
1200	2064	7.60156	407.199921	1.6100e4	0
1200	2064	7.60156	407.710510	2.0865e4	0
1200	2064	7.60156	409.223358	1.3648e4	0
1200	2064	7.60156	411.073334	6.0864e4	0
1200	2064	7.60156	411.177246	1.7195e4	3
1200	2064	7.60156	411.396851	1.2667e4	0
1200	2064	7.60156	411.514771	2.2670e4	3
1200	2064	7.60156	411.711365	1.5964e4	5
1200	2064	7.60156	411.850189	3.1195e4	3
1200	2064	7.60156	412.076935	2.3421e4	0
1200	2064	7.60156	412.893555	1.5920e4	0
1200	2064	7.60156	413.183014	1.3570e4	0
1200	2064	7.60156	413.270599	4.7079e4	0
1200	2064	7.60156	413.839142	1.5554e4	0
1200	2064	7.60156	414.034821	1.3451e4	0
1200	2064	7.60156	414.356750	1.5608e4	0
1200	2064	7.60156	414.844116	2.0340e4	5
1200	2064	7.60156	414.875885	1.4822e4	6
1200	2064	7.60156	415.040985	2.3681e4	5
1200	2064	7.60156	415.197968	1.3436e5	0
1200	2064	7.60156	415.940216	1.5989e4	0
1200	2064	7.60156	416.034363	5.1643e4	6
1200	2064	7.60156	416.201477	1.3818e4	6
1200	2064	7.60156	416.225952	9.2951e4	2
1200	2064	7.60156	416.728088	2.0935e4	2
1200	2064	7.60156	417.122162	1.9833e4	0
1200	2064	7.60156	417.218475	1.5504e4	0
1200	2064	7.60156	418.865112	1.5280e4	0
1200	2064	7.60156	419.047821	7.4535e4	0
1200	2064	7.60156	419.319763	3.2524e4	0
1200	2064	7.60156	420.031952	1.8887e4	0
1200	2064	7.60156	421.046661	7.4609e4	0
1200	2064	7.60156	421.049866	5.0590e4	0
1200	2064	7.60156	421.063354	8.6749e6	0
1200	2064	7.60156	421.080078	4.3623e4	0
1200	2064	7.60156	421.198547	4.0345e4	0
1200	2064	7.60156	422.047424	1.2125e5	0
1200	2064	7.60156	422.066467	1.0163e6	0
1200	2064	7.60156	422.532379	1.6729e4	0
1200	2064	7.60156	423.052429	2.5676e4	0
1200	2064	7.60156	423.059082	1.5936e6	6
1200	2064	7.60156	423.067169	1.4197e5	0
1200	2064	7.60156	423.228271	8.9994e4	6
1200	2064	7.60156	424.043823	2.6699e4	2
1200	2064	7.60156	424.062439	2.1510e5	6
1200	2064	7.60156	424.070862	2.7684e4	0
1200	2064	7.60156	424.223511	4.8853e4	0
1200	2064	7.60156	424.231354	2.1081e4	6
1200	2064	7.60156	424.541626	2.6392e5	3
1200	2064	7.60156	424.876160	2.4498e5	3
1200	2064	7.60156	425.034454	3.8254e4	0
1200	2064	7.60156	425.047729	1.5859e4	0
1200	2064	7.60156	425.054871	8.8534e4	0
1200	2064	7.60156	425.210632	4.6512e4	3
1200	2064	7.60156	425.226715	2.1912e4	0
1200	2064	7.60156	425.291992	4.5163e4	0
1200	2064	7.60156	426.018280	1.8109e4	0
1200	2064	7.60156	427.050110	3.5985e4	0
1200	2064	7.60156	427.069153	2.5582e4	0
1200	2064	7.60156	429.093170	3.5548e5	0
1200	2064	7.60156	430.093170	1.0854e5	0
1200	2064	7.60156	431.090210	6.7794e4	0
1200	2064	7.60156	431.869812	1.8246e4	0
1200	2064	7.60156	432.029327	2.7176e4	0
1200	2064	7.60156	434.184753	2.8728e4	2
1200	2064	7.60156	434.686707	1.7336e4	2
1200	2064	7.60156	434.875061	3.0102e4	6
1200	2064	7.60156	435.042175	2.0790e4	6
1200	2064	7.60156	435.132843	5.7201e4	0
1200	2064	7.60156	435.205078	2.4836e4	6
1200	2064	7.60156	435.539307	1.5684e4	3
1200	2064	7.60156	435.920227	1.8168e4	0
1200	2064	7.60156	436.046936	1.6259e4	0
1200	2064	7.60156	437.058441	5.2976e5	0
1200	2064	7.60156	437.129150	2.3977e4	0
1200	2064	7.60156	438.061768	6.7161e4	0
1200	2064	7.60156	438.695557	4.9163e5	2
1200	2064	7.60156	438.846527	2.2567e4	0
1200	2064	7.60156	439.054260	6.9452e4	0
1200	2064	7.60156	439.187561	7.4296e4	2
1200	2064	7.60156	439.196960	2.0797e5	2
1200	2064	7.60156	439.689087	4.7278e4	2
1200	2064	7.60156	439.697998	4.0062e4	2
1200	2064	7.60156	440.189941	3.4125e4	2
1200	2064	7.60156	440.692688	2.8287e4	2
1200	2064	7.60156	441.009460	1.7305e4	0
1200	2064	7.60156	441.029907	2.4655e4	3
1200	2064	7.60156	441.188019	1.8842e4	0
1200	2064	7.60156	441.300995	1.4522e4	0
1200	2064	7.60156	442.205261	3.2760e4	2
1200	2064	7.60156	442.410706	1.5027e4	0
1200	2064	7.60156	442.706909	1.4009e4	2
1200	2064	7.60156	442.716736	5.5283e4	2
1200	2064	7.60156	442.903992	1.3369e4	5
1200	2064	7.60156	443.027618	1.7113e5	0
1200	2064	7.60156	443.031311	1.5036e5	0
1200	2064	7.60156	443.045563	2.3263e7	3
1200	2064	7.60156	443.063782	1.1772e5	0
1200	2064	7.60156	443.068848	5.9489e4	6
1200	2064	7.60156	443.144684	1.6636e4	0
1200	2064	7.60156	443.190277	2.5252e4	0
1200	2064	7.60156	443.217926	3.8029e4	2
1200	2064	7.60156	443.411133	1.8866e4	0
1200	2064	7.60156	443.430603	1.6256e4	0
1200	2064	7.60156	444.029694	5.3411e5	0
1200	2064	7.60156	444.048248	2.8998e6	0
1200	2064	7.60156	445.022491	1.0797e5	0
1200	2064	7.60156	445.034180	8.9851e4	0
1200	2064	7.60156	445.041351	4.0365e6	0
1200	2064	7.60156	445.049683	2.9176e5	0
1200	2064	7.60156	445.124451	7.3739e5	0
1200	2064	7.60156	445.255768	1.4609e4	0
1200	2064	7.60156	445.267151	1.3424e4	0
1200	2064	7.60156	445.916870	2.1462e4	0
1200	2064	7.60156	446.025482	9.8937e4	0
1200	2064	7.60156	446.044464	4.6461e5	0
1200	2064	7.60156	446.053131	3.4653e4	0
1200	2064	7.60156	446.124695	1.8853e5	0
1200	2064	7.60156	446.693420	2.2985e4	3
1200	2064	7.60156	447.028473	1.7844e4	3
1200	2064	7.60156	447.037201	2.4276e5	0
1200	2064	7.60156	447.045929	3.5817e4	0
1200	2064	7.60156	447.104492	1.2893e4	4
1200	2064	7.60156	447.121674	1.0384e5	0
1200	2064	7.60156	447.185211	1.6945e4	6
1200	2064	7.60156	447.351501	2.7006e4	4
1200	2064	7.60156	447.847717	1.9630e4	0
1200	2064	7.60156	448.040649	3.5230e4	0
1200	2064	7.60156	448.120911	2.6241e4	0
1200	2064	7.60156	448.260101	4.5736e5	0
1200	2064	7.60156	449.094788	1.8600e4	6
1200	2064	7.60156	449.263580	9.3118e4	6
1200	2064	7.60156	450.201782	1.9807e4	0
1200	2064	7.60156	450.266510	2.0652e4	0
1200	2064	7.60156	450.383911	1.4197e4	3
1200	2064	7.60156	450.716614	5.1774e4	2
1200	2064	7.60156	450.840057	3.3461e4	0
1200	2064	7.60156	451.030884	1.8931e4	0
1200	2064	7.60156	451.218903	3.8694e4	2
1200	2064	7.60156	451.378540	1.6780e4	0
1200	2064	7.60156	451.818268	1.5625e4	0
1200	2064	7.60156	452.885681	9.6383e4	6
1200	2064	7.60156	453.053528	1.2047e5	6
1200	2064	7.60156	453.261261	1.4966e4	0
1200	2064	7.60156	454.473236	1.8189e4	0
1200	2064	7.60156	454.691406	2.2560e4	0
1200	2064	7.60156	455.049377	1.9988e4	0
1200	2064	7.60156	456.297791	2.9297e4	0
1200	2064	7.60156	456.842499	1.7767e4	0
1200	2064	7.60156	456.857483	3.0015e4	5
1200	2064	7.60156	457.061798	2.5425e4	5
1200	2064	7.60156	457.300659	1.8939e4	0
1200	2064	7.60156	458.056396	1.6003e4	0
1200	2064	7.60156	459.010803	1.4655e5	0
1200	2064	7.60156	459.019958	5.2073e5	4
1200	2064	7.60156	459.040649	2.0907e6	0
1200	2064	7.60156	459.164764	1.4996e4	0
1200	2064	7.60156	459.270416	1.8816e4	4
1200	2064	7.60156	460.023743	9.3246e4	0
1200	2064	7.60156	460.043884	2.4358e5	5
1200	2064	7.60156	460.244476	2.2287e4	5
1200	2064	7.60156	460.873779	1.5595e4	6
1200	2064	7.60156	461.006775	2.8675e4	0
1200	2064	7.60156	461.016083	1.2978e5	0
1200	2064	7.60156	461.036499	3.1282e5	0
1200	2064	7.60156	461.045166	2.8314e4	6
1200	2064	7.60156	462.039642	3.2313e4	0
1200	2064	7.60156	462.090607	3.5997e4	0
1200	2064	7.60156	462.151459	8.1460e4	0
1200	2064	7.60156	462.688873	1.8227e4	2
1200	2064	7.60156	462.883942	2.5821e4	0
1200	2064	7.60156	463.150604	1.7976e4	0
1200	2064	7.60156	463.189087	2.1160e4	2
1200	2064	7.60156	464.059540	1.8037e4	0
1200	2064	7.60156	464.069702	8.0306e4	0
1200	2064	7.60156	465.027832	6.8150e4	0
1200	2064	7.60156	465.072876	2.7276e4	0
1200	2064	7.60156	467.229675	3.0701e4	0
1200	2064	7.60156	468.296417	2.4490e4	0
1200	2064	7.60156	469.893188	1.8802e4	0
1200	2064	7.60156	469.980743	3.4781e4	0
1200	2064	7.60156	470.241699	3.9349e4	0
1200	2064	7.60156	470.830139	1.9050e4	4
1200	2064	7.60156	471.077209	8.9485e4	4
1200	2064	7.60156	473.975403	7.8597e4	0
1200	2064	7.60156	475.014954	4.2760e4	4
1200	2064	7.60156	475.025665	1.0592e4	0
1200	2064	7.60156	475.035767	6.2416e5	0
1200	2064	7.60156	475.110687	7.6134e4	0
1200	2064	7.60156	475.263916	3.1915e4	2
1200	2064	7.60156	475.401581	1.6001e4	0
1200	2064	7.60156	475.765564	2.4789e4	2
1200	2064	7.60156	476.000092	1.8736e4	0
1200	2064	7.60156	476.038635	7.9896e4	0
1200	2064	7.60156	476.276611	3.8787e4	0
1200	2064	7.60156	476.881561	1.9316e4	0
1200	2064	7.60156	476.984070	1.8560e4	0
1200	2064	7.60156	477.031769	1.0915e5	0
1200	2064	7.60156	477.107117	1.8664e4	0
1200	2064	7.60156	477.828491	4.2713e4	0
1200	2064	7.60156	478.978943	2.1415e4	0
1200	2064	7.60156	479.220184	2.7584e4	0
1200	2064	7.60156	480.993042	7.4984e4	0
1200	2064	7.60156	483.783295	2.0988e4	0
1200	2064	7.60156	484.072418	6.0226e4	0
1200	2064	7.60156	485.076843	1.8174e4	0
1200	2064	7.60156	486.051819	3.9725e5	0
1200	2064	7.60156	486.224548	4.5209e4	0
1200	2064	7.60156	487.010223	4.7812e4	0
1200	2064	7.60156	487.055328	2.2255e4	0
1200	2064	7.60156	487.072144	2.4415e4	0
1200	2064	7.60156	488.047485	8.2812e4	0
1200	2064	7.60156	491.030945	4.8173e4	0
1200	2064	7.60156	492.223541	3.1317e4	0
1200	2064	7.60156	493.789795	1.8724e4	0
1200	2064	7.60156	494.785950	2.0177e4	0
1200	2064	7.60156	495.837952	3.3864e4	0
1200	2064	7.60156	495.957733	4.3887e4	0
1200	2064	7.60156	496.839264	2.3830e4	0
1200	2064	7.60156	496.958496	2.2649e4	0
1200	2064	7.60156	498.260895	2.3209e4	0
1200	2064	7.60156	498.965210	1.7651e4	0
1200	2064	7.60156	499.832062	2.0820e4	0
1200	2064	7.60156	501.253113	2.6385e4	0
1200	2064	7.60156	501.410126	2.2062e4	0
1200	2064	7.60156	502.046661	2.1744e4	0
1200	2064	7.60156	502.975464	5.9222e4	0
1200	2064	7.60156	503.066437	2.3784e4	0
1200	2064	7.60156	503.112762	1.5134e5	0
1200	2064	7.60156	503.382050	1.8569e4	0
1200	2064	7.60156	503.838776	1.5480e4	0
1200	2064	7.60156	504.112671	7.4194e4	0
1200	2064	7.60156	505.109741	2.6058e4	0
1200	2064	7.60156	505.869843	1.6906e4	0
1200	2064	7.60156	505.966888	2.0462e4	0
1200	2064	7.60156	506.233398	2.8405e4	0
1200	2064	7.60156	507.100891	4.0777e4	0
1200	2064	7.60156	507.238403	6.1698e5	2
1200	2064	7.60156	507.740051	3.6257e5	2
1200	2064	7.60156	507.793793	2.0349e4	0
1200	2064	7.60156	508.025421	1.9460e4	0
1200	2064	7.60156	508.241577	1.0729e5	2
1200	2064	7.60156	508.743042	2.1279e4	2
1200	2064	7.60156	509.298615	1.9162e4	0
1200	2064	7.60156	510.412109	1.7305e4	0
1200	2064	7.60156	512.829956	2.2822e4	0
1200	2064	7.60156	513.305542	1.9407e4	0
1200	2064	7.60156	513.429443	1.6743e4	0
1200	2064	7.60156	514.228271	3.3290e4	0
1200	2064	7.60156	514.746582	5.6697e4	0
1200	2064	7.60156	515.236023	6.2167e4	2
1200	2064	7.60156	515.266479	2.8058e4	0
1200	2064	7.60156	515.737000	1.9689e4	2
1200	2064	7.60156	517.939575	1.8266e4	0
1200	2064	7.60156	518.218445	1.6042e4	0
1200	2064	7.60156	518.229614	9.4527e4	0
1200	2064	7.60156	518.940796	2.2676e4	5
1200	2064	7.60156	519.144226	1.8915e5	5
1200	2064	7.60156	520.144836	9.5047e4	0
1200	2064	7.60156	520.329712	1.5841e4	0
1200	2064	7.60156	520.805725	2.1901e4	3
1200	2064	7.60156	520.947083	2.2050e4	0
1200	2064	7.60156	521.141052	4.1077e4	3
1200	2064	7.60156	523.232605	6.7092e4	2
1200	2064	7.60156	523.734009	2.4589e4	2
1200	2064	7.60156	524.333252	1.9491e4	0
1200	2064	7.60156	525.111877	2.2357e5	0
1200	2064	7.60156	526.115112	2.5400e4	0
1200	2064	7.60156	526.211426	2.3031e4	0
1200	2064	7.60156	526.872437	1.9507e4	0
1200	2064	7.60156	526.961487	1.9350e4	0
1200	2064	7.60156	527.107605	3.1331e4	0
1200	2064	7.60156	529.220764	5.4765e4	0
1200	2064	7.60156	530.392273	1.7900e4	0
1200	2064	7.60156	530.874207	1.5423e4	0
1200	2064	7.60156	531.231262	3.9950e4	0
1200	2064	7.60156	531.282959	2.1614e5	0
1200	2064	7.60156	532.286377	3.0340e4	0
1200	2064	7.60156	533.884216	2.2024e4	0
1200	2064	7.60156	536.171143	1.3779e5	0
1200	2064	7.60156	536.769043	1.8513e4	0
1200	2064	7.60156	536.883301	1.9655e4	3
1200	2064	7.60156	537.170593	6.9513e4	0
1200	2064	7.60156	537.203064	3.6377e4	2
1200	2064	7.60156	537.217529	1.6374e4	3
1200	2064	7.60156	537.702820	2.4680e4	2
1200	2064	7.60156	538.089172	3.1326e4	0
1200	2064	7.60156	538.168457	4.9538e4	0
1200	2064	7.60156	538.808594	1.6597e4	0
1200	2064	7.60156	539.252502	2.2496e4	0
1200	2064	7.60156	539.325623	1.8762e4	0
1200	2064	7.60156	539.875549	2.0573e4	0
1200	2064	7.60156	540.283630	3.2486e4	0
1200	2064	7.60156	540.713501	2.0200e4	0
1200	2064	7.60156	540.907654	1.6844e4	0
1200	2064	7.60156	542.138916	2.0775e4	0
1200	2064	7.60156	542.808838	2.3195e4	0
1200	2064	7.60156	543.862854	1.9731e4	0
1200	2064	7.60156	544.890442	2.2850e4	0
1200	2064	7.60156	545.262085	3.5436e4	0
1200	2064	7.60156	545.273193	3.5487e4	0
1200	2064	7.60156	546.904297	2.3056e4	0
1200	2064	7.60156	547.020142	5.9938e4	0
1200	2064	7.60156	547.093994	3.2030e5	0
1200	2064	7.60156	547.364380	2.2804e4	0
1200	2064	7.60156	548.096436	4.8776e4	0
1200	2064	7.60156	548.365540	1.7618e4	0
1200	2064	7.60156	549.089844	5.8027e4	0
1200	2064	7.60156	550.344482	2.0299e4	0
1200	2064	7.60156	551.808899	1.5423e4	0
1200	2064	7.60156	552.802795	2.2352e4	0
1200	2064	7.60156	552.921387	1.6310e4	0
1200	2064	7.60156	553.316589	2.1376e4	0
1200	2064	7.60156	553.362854	1.7555e4	0
1200	2064	7.60156	554.356873	1.8700e4	0
1200	2064	7.60156	555.450317	1.8262e4	0
1200	2064	7.60156	556.231995	2.0513e4	0
1200	2064	7.60156	556.356079	1.9311e4	0
1200	2064	7.60156	556.979309	5.7825e4	0
1200	2064	7.60156	557.084534	1.8141e4	0
1200	2064	7.60156	557.354492	2.4804e4	0
1200	2064	7.60156	557.888245	2.1954e4	0
1200	2064	7.60156	559.325989	2.8087e4	0
1200	2064	7.60156	559.798584	1.8883e4	0
1200	2064	7.60156	560.071716	2.2659e5	0
1200	2064	7.60156	560.772339	1.7148e4	0
1200	2064	7.60156	561.074280	3.5260e4	0
1200	2064	7.60156	562.067078	4.8068e4	3
1200	2064	7.60156	562.324951	2.0970e4	0
1200	2064	7.60156	562.404358	1.8857e4	3
1200	2064	7.60156	563.071289	5.8174e4	0
1200	2064	7.60156	563.089111	1.9460e4	0
1200	2064	7.60156	563.442810	1.8677e4	0
1200	2064	7.60156	563.871216	1.8017e4	0
1200	2064	7.60156	564.790833	2.0669e4	6
1200	2064	7.60156	564.823853	1.8623e4	0
1200	2064	7.60156	564.955078	2.1349e4	6
1200	2064	7.60156	565.426392	1.8562e4	0
1200	2064	7.60156	568.814270	2.4836e4	0
1200	2064	7.60156	568.840149	1.9246e4	0
1200	2064	7.60156	569.864441	2.8939e4	0
1200	2064	7.60156	572.260315	2.0730e4	0
1200	2064	7.60156	572.784668	1.7240e4	0
1200	2064	7.60156	573.874390	1.9659e4	0
1200	2064	7.60156	573.917847	1.8692e4	0
1200	2064	7.60156	576.066162	2.2317e4	0
1200	2064	7.60156	577.242310	2.4371e4	0
1200	2064	7.60156	577.998718	2.6876e4	0
1200	2064	7.60156	578.297485	3.5429e4	0
1200	2064	7.60156	578.960449	2.9122e4	0
1200	2064	7.60156	578.982483	2.2860e4	0
1200	2064	7.60156	579.880310	1.9545e4	0
1200	2064	7.60156	583.289551	9.2786e4	0
1200	2064	7.60156	584.292908	5.3594e4	0
1200	2064	7.60156	585.304688	1.8608e4	0
1200	2064	7.60156	585.380066	1.8652e4	0
1200	2064	7.60156	587.840027	2.2326e4	0
1200	2064	7.60156	588.399231	3.0025e4	0
1200	2064	7.60156	590.885803	2.6147e4	0
1200	2064	7.60156	592.778320	2.7409e4	0
1200	2064	7.60156	593.163879	4.0279e4	0
1200	2064	7.60156	594.248291	2.2899e4	0
1200	2064	7.60156	594.968750	2.0507e4	0
1200	2064	7.60156	595.319641	2.6184e4	0
1200	2064	7.60156	599.303284	2.2154e4	0
1200	2064	7.60156	599.831055	3.5137e4	0
1200	2064	7.60156	600.943359	2.4865e4	0
1200	2064	7.60156	602.374756	2.0260e4	0
1200	2064	7.60156	603.278015	2.0915e4	0
1200	2064	7.60156	603.886047	2.5320e4	0
1200	2064	7.60156	604.098267	7.6733e4	0
1200	2064	7.60156	604.929260	4.5309e4	0
1200	2064	7.60156	605.273315	2.7688e4	0
1200	2064	7.60156	606.760315	5.6335e4	0
1200	2064	7.60156	606.889771	2.5131e4	0
1200	2064	7.60156	607.841858	3.5604e4	0
1200	2064	7.60156	607.934814	2.6595e4	3
1200	2064	7.60156	608.264038	1.1028e5	3
1200	2064	7.60156	608.357849	2.1890e4	0
1200	2064	7.60156	608.804016	2.4148e4	0
1200	2064	7.60156	609.267273	4.3993e4	0
1200	2064	7.60156	609.848755	1.9363e4	0
1200	2064	7.60156	610.190002	3.4770e4	0
1200	2064	7.60156	610.433533	2.7489e4	0
1200	2064	7.60156	610.924622	2.2922e4	0
1200	2064	7.60156	610.969849	2.1104e4	0
1200	2064	7.60156	611.190002	2.3378e4	0
1200	2064	7.60156	611.501892	2.0265e4	0
1200	2064	7.60156	611.892944	2.5794e4	2
1200	2064	7.60156	612.188904	1.9569e4	5
1200	2064	7.60156	612.393188	2.2331e4	2
1200	2064	7.60156	612.852173	2.5471e4	0
1200	2064	7.60156	614.375671	1.9645e4	0
1200	2064	7.60156	615.405090	2.0921e4	0
1200	2064	7.60156	616.930603	2.4245e4	0
1200	2064	7.60156	617.761536	2.3008e4	0
1200	2064	7.60156	617.796082	1.9286e4	0
1200	2064	7.60156	620.343872	2.4239e4	0
1200	2064	7.60156	620.754517	2.2473e4	0
1200	2064	7.60156	621.373779	2.6174e4	0
1200	2064	7.60156	621.852295	2.7794e4	0
1200	2064	7.60156	624.381348	1.9080e4	0
1200	2064	7.60156	625.369324	2.3163e4	0
1200	2064	7.60156	626.283020	3.3539e4	0
1200	2064	7.60156	628.938660	3.2065e4	3
1200	2064	7.60156	629.268372	2.2050e4	3
1200	2064	7.60156	630.248230	3.2759e4	0
1200	2064	7.60156	630.797302	2.0648e4	0
1200	2064	7.60156	630.866089	1.9514e4	0
1200	2064	7.60156	630.943237	1.7745e4	0
1200	2064	7.60156	631.392029	2.6053e4	0
1200	2064	7.60156	631.921265	2.2551e4	0
1200	2064	7.60156	631.935669	2.1623e4	0
1200	2064	7.60156	632.328491	2.0456e4	0
1200	2064	7.60156	633.346375	2.0579e4	0
1200	2064	7.60156	633.360657	2.8335e4	0
1200	2064	7.60156	634.265442	1.9763e4	0
1200	2064	7.60156	634.292969	1.9950e4	0
1200	2064	7.60156	634.329224	2.3621e4	0
1200	2064	7.60156	634.775085	1.8213e4	0
1200	2064	7.60156	634.840698	2.6438e4	0
1200	2064	7.60156	635.236694	2.4007e4	0
1200	2064	7.60156	635.296997	2.1693e4	0
1200	2064	7.60156	635.773071	2.0975e4	0
1200	2064	7.60156	635.845886	2.0558e4	6
1200	2064	7.60156	636.009399	2.0320e4	6
1200	2064	7.60156	636.897888	2.2478e4	0
1200	2064	7.60156	638.385986	2.5367e4	0
1200	2064	7.60156	638.404785	1.8752e4	0
1200	2064	7.60156	638.941956	2.2237e4	0
1200	2064	7.60156	642.279236	2.9683e4	2
1200	2064	7.60156	642.782776	3.3461e4	2
1200	2064	7.60156	643.311768	6.2172e4	0
1200	2064	7.60156	643.404053	2.2654e4	0
1200	2064	7.60156	644.414185	1.7796e4	0
1200	2064	7.60156	644.840881	2.1244e4	0
1200	2064	7.60156	645.876709	2.9828e4	6
1200	2064	7.60156	646.037903	2.0794e4	6
1200	2064	7.60156	648.279846	2.1883e4	0
1200	2064	7.60156	648.308716	2.3229e4	0
1200	2064	7.60156	649.353638	2.6229e4	0
1200	2064	7.60156	650.266357	2.4279e4	0
1200	2064	7.60156	651.152954	2.2888e4	0
1200	2064	7.60156	652.228516	2.0230e4	0
1200	2064	7.60156	654.390381	2.3911e4	0
1200	2064	7.60156	654.873535	2.5071e4	0
1200	2064	7.60156	654.966125	1.9908e4	0
1200	2064	7.60156	656.250122	2.3762e4	0
1200	2064	7.60156	656.859375	2.9571e4	0
1200	2064	7.60156	658.489258	2.1802e4	0
1200	2064	7.60156	659.254028	2.0077e4	0
1200	2064	7.60156	659.328552	2.2041e4	0
1200	2064	7.60156	660.912292	2.0791e4	0
1200	2064	7.60156	661.844177	2.1147e4	0
1200	2064	7.60156	663.398926	2.5888e4	0
1200	2064	7.60156	666.770447	2.8716e4	0
1200	2064	7.60156	666.827332	2.6289e4	0
1200	2064	7.60156	666.842773	2.7523e4	0
1200	2064	7.60156	667.184265	2.5243e4	0
1200	2064	7.60156	671.263855	3.4144e4	0
1200	2064	7.60156	671.416321	2.6075e4	0
1200	2064	7.60156	671.847046	2.5138e4	0
1200	2064	7.60156	673.836670	2.0270e4	0
1200	2064	7.60156	675.831787	2.2551e4	0
1200	2064	7.60156	676.279358	2.2966e4	0
1200	2064	7.60156	676.367371	3.5469e4	0
1200	2064	7.60156	677.278137	2.1559e4	0
1200	2064	7.60156	677.845886	2.5982e4	0
1200	2064	7.60156	678.205872	2.2113e4	0
1200	2064	7.60156	678.870544	2.2397e4	0
1200	2064	7.60156	679.838745	2.3941e4	0
1200	2064	7.60156	680.406494	2.0404e4	0
1200	2064	7.60156	681.294434	3.0712e4	0
1200	2064	7.60156	681.485779	2.2761e4	0
1200	2064	7.60156	681.867493	2.5336e4	0
1200	2064	7.60156	681.934326	2.9200e4	0
1200	2064	7.60156	682.304871	3.5542e4	0
1200	2064	7.60156	683.321228	2.9108e4	0
1200	2064	7.60156	683.337463	2.2553e4	0
1200	2064	7.60156	686.820496	2.3784e4	0
1200	2064	7.60156	687.851135	2.3837e4	0
1200	2064	7.60156	688.309265	2.7073e4	0
1200	2064	7.60156	692.392456	2.3178e4	0
1200	2064	7.60156	692.767151	4.5282e4	2
1200	2064	7.60156	693.270081	3.1966e4	2
1200	2064	7.60156	693.768982	2.0935e4	2
1200	2064	7.60156	693.872925	2.6438e4	0
1200	2064	7.60156	695.332214	2.5560e4	0
1200	2064	7.60156	695.747498	1.9563e4	0
1200	2064	7.60156	695.785645	2.7494e4	0
1200	2064	7.60156	695.804321	2.1022e4	0
1200	2064	7.60156	696.729675	2.4569e4	0
1200	2064	7.60156	697.773682	2.5343e4	0
1200	2064	7.60156	699.305115	2.7063e4	0
1200	2064	7.60156	699.887939	2.0047e4	0
1200	2064	7.60156	700.354431	2.8749e4	0
1200	2064	7.60156	700.899414	2.3590e4	0
1200	2064	7.60156	702.834106	2.2920e4	0
1200	2064	7.60156	703.867188	2.1874e4	0
1200	2064	7.60156	704.382568	3.5909e4	0
1200	2064	7.60156	704.742981	2.4092e4	0
1200	2064	7.60156	704.834900	2.1732e4	0
1200	2064	7.60156	704.861572	2.8668e4	0
1200	2064	7.60156	706.185181	2.0534e4	0
1200	2064	7.60156	706.219910	2.8367e4	0
1200	2064	7.60156	706.250977	2.1969e4	0
1200	2064	7.60156	706.788391	2.6706e4	0
1200	2064	7.60156	707.776611	2.8275e4	0
1200	2064	7.60156	710.269714	2.2886e4	0
1200	2064	7.60156	710.961792	2.4440e4	0
1200	2064	7.60156	711.391724	2.5899e4	0
1200	2064	7.60156	712.284424	2.1021e4	0
1200	2064	7.60156	712.359985	3.3749e4	0
1200	2064	7.60156	712.834351	1.8606e4	0
1200	2064	7.60156	713.356079	2.9882e4	0
1200	2064	7.60156	713.807861	2.3805e4	0
1200	2064	7.60156	713.872986	2.3475e4	0
1200	2064	7.60156	714.171265	2.4381e4	0
1200	2064	7.60156	714.414795	2.2971e4	0
1200	2064	7.60156	718.803711	3.2481e4	0
1200	2064	7.60156	718.858398	1.9359e4	0
1200	2064	7.60156	718.907837	2.0739e4	0
1200	2064	7.60156	719.913879	2.1655e4	0
1200	2064	7.60156	720.459351	1.9783e4	0
1200	2064	7.60156	720.910583	3.0454e4	0
1200	2064	7.60156	721.043030	2.1799e4	0
1200	2064	7.60156	721.333252	4.0343e4	2
1200	2064	7.60156	721.840149	3.2280e4	2
1200	2064	7.60156	723.401062	2.3543e4	0
1200	2064	7.60156	723.434998	2.4869e4	0
1200	2064	7.60156	723.838196	2.9479e4	2
1200	2064	7.60156	724.344482	2.4437e4	2
1200	2064	7.60156	725.816223	2.0885e4	0
1200	2064	7.60156	726.783081	2.4128e4	0
1200	2064	7.60156	726.892639	2.2353e4	0
1200	2064	7.60156	727.842041	2.3181e4	0
1200	2064	7.60156	729.339111	3.0892e4	0
1200	2064	7.60156	729.946411	2.9769e4	0
1200	2064	7.60156	730.716858	2.9651e4	0
1200	2064	7.60156	731.028809	1.9403e4	0
1200	2064	7.60156	731.259460	2.0834e4	0
1200	2064	7.60156	731.745422	2.3784e4	0
1200	2064	7.60156	732.793152	2.7285e4	0
1200	2064	7.60156	733.564636	2.0799e4	0
1200	2064	7.60156	733.827148	2.4903e4	0
1200	2064	7.60156	734.379089	2.0008e4	0
1200	2064	7.60156	734.865845	2.4464e4	0
1200	2064	7.60156	736.901855	2.3069e4	0
1200	2064	7.60156	737.524353	1.9758e4	0
1200	2064	7.60156	738.300110	2.4254e4	0
1200	2064	7.60156	738.319092	2.9028e4	0
1200	2064	7.60156	742.733459	2.7186e4	0
1200	2064	7.60156	746.278931	2.7357e4	0
1200	2064	7.60156	746.381775	2.9233e4	0
1200	2064	7.60156	747.687195	2.8489e4	0
1200	2064	7.60156	747.874573	2.8555e4	0
1200	2064	7.60156	748.348999	2.5340e4	0
1200	2064	7.60156	748.697815	3.3002e4	0
1200	2064	7.60156	749.878418	3.2082e4	0
1200	2064	7.60156	749.967834	2.7818e4	0
1200	2064	7.60156	752.796753	2.2924e4	0
1200	2064	7.60156	753.406799	2.7894e4	0
1200	2064	7.60156	754.884583	2.2173e4	0
1200	2064	7.60156	755.879639	2.5500e4	0
1200	2064	7.60156	756.529968	2.6002e4	0
1200	2064	7.60156	759.666077	3.0636e4	0
1200	2064	7.60156	760.226257	3.0649e4	0
1200	2064	7.60156	762.372864	2.6715e4	2
1200	2064	7.60156	762.867249	2.9182e4	2
1200	2064	7.60156	763.317383	2.5632e4	0
1200	2064	7.60156	767.700745	3.3888e4	0
1200	2064	7.60156	768.221497	2.6048e4	0
1200	2064	7.60156	768.344177	2.4378e4	0
1200	2064	7.60156	770.292542	3.0167e4	0
1200	2064	7.60156	774.226257	2.6934e4	0
1200	2064	7.60156	774.818054	2.1458e4	0
1200	2064	7.60156	777.832886	2.7363e4	0
1200	2064	7.60156	779.314392	2.3272e4	0
1200	2064	7.60156	780.718750	3.6188e4	0
1200	2064	7.60156	781.336853	2.8273e4	0
1200	2064	7.60156	783.840088	3.1423e4	0
1200	2064	7.60156	785.853149	3.0378e4	0
1200	2064	7.60156	788.354980	2.5334e4	0
1200	2064	7.60156	788.382507	2.7657e4	0
1200	2064	7.60156	788.793091	3.2548e4	4
1200	2064	7.60156	788.985229	2.4807e4	0
1200	2064	7.60156	789.046814	3.4119e4	4
1200	2064	7.60156	790.353210	2.1867e4	0
1200	2064	7.60156	792.738220	2.6741e4	0
1200	2064	7.60156	794.407776	2.6291e4	0
1200	2064	7.60156	794.794495	2.9451e4	0
1200	2064	7.60156	794.833252	2.3652e4	0
1200	2064	7.60156	796.450684	3.0071e4	0
1200	2064	7.60156	798.225647	2.4694e4	0
1200	2064	7.60156	799.752869	3.0963e4	0
1200	2064	7.60156	799.804077	3.0883e4	0
1200	2064	7.60156	800.346191	2.4555e4	0
1200	2064	7.60156	803.795654	3.7685e4	0
1200	2064	7.60156	804.787476	2.7290e4	0
1200	2064	7.60156	807.641968	2.4203e4	0
1200	2064	7.60156	809.303467	2.7941e4	0
1200	2064	7.60156	809.668945	2.3248e4	0
1200	2064	7.60156	809.774780	2.8440e4	0
1200	2064	7.60156	812.862122	2.2642e4	0
1200	2064	7.60156	814.705017	2.9096e4	0
1200	2064	7.60156	816.777832	2.6724e4	0
1200	2064	7.60156	816.801514	2.4620e4	0
1200	2064	7.60156	819.280518	3.1225e4	0
1200	2064	7.60156	820.925659	3.4311e4	6
1200	2064	7.60156	821.089600	3.1190e4	6
1200	2064	7.60156	821.891541	2.4740e4	0
1200	2064	7.60156	822.719299	3.1123e4	0
1200	2064	7.60156	823.724915	3.1609e4	0
1200	2064	7.60156	825.696411	3.0459e4	0
1200	2064	7.60156	826.284058	2.7013e4	0
1200	2064	7.60156	826.633667	2.3656e4	0
1200	2064	7.60156	826.669861	3.4266e4	0
1200	2064	7.60156	826.948792	2.3377e4	0
1200	2064	7.60156	828.245850	2.4552e4	0
1200	2064	7.60156	828.508850	2.5417e4	0
1200	2064	7.60156	828.795654	3.3820e4	0
1200	2064	7.60156	829.765137	2.3939e4	0
1200	2064	7.60156	832.302917	2.2428e4	0
1200	2064	7.60156	832.332886	2.6128e4	0
1200	2064	7.60156	832.777710	3.1211e4	0
1200	2064	7.60156	833.783752	2.8456e4	0
1200	2064	7.60156	834.265503	2.3805e4	0
1200	2064	7.60156	834.837280	2.7136e4	0
1200	2064	7.60156	837.681702	2.5883e4	0
1200	2064	7.60156	837.809814	2.5659e4	0
1200	2064	7.60156	838.779907	2.6814e4	0
1200	2064	7.60156	839.169678	2.7048e4	0
1200	2064	7.60156	839.348022	2.9821e4	0
1200	2064	7.60156	840.231079	2.3783e4	0
1200	2064	7.60156	840.910461	2.6558e4	0
1200	2064	7.60156	841.854309	2.8479e4	0
1200	2064	7.60156	841.879639	2.9136e4	0
1200	2064	7.60156	841.938477	3.2030e4	0
1200	2064	7.60156	843.330872	2.6186e4	0
1200	2064	7.60156	843.942810	2.5594e4	0
1200	2064	7.60156	844.369629	2.7001e4	0
1200	2064	7.60156	844.496948	2.6601e4	0
1200	2064	7.60156	846.749634	2.5358e4	0
1200	2064	7.60156	846.783875	2.7653e4	0
1200	2064	7.60156	847.323181	3.2061e4	0
1200	2064	7.60156	847.371643	3.4178e4	0
1200	2064	7.60156	849.652771	2.9962e4	0
1200	2064	7.60156	851.729614	3.1047e4	0
1200	2064	7.60156	856.243347	3.0796e4	0
1200	2064	7.60156	856.901978	3.2916e4	0
1200	2064	7.60156	858.304077	2.8770e4	0
1200	2064	7.60156	858.342529	3.2587e4	0
1200	2064	7.60156	863.768066	3.2067e4	0
1200	2064	7.60156	871.359741	2.8248e4	0
1200	2064	7.60156	872.879944	4.2028e4	0
1200	2064	7.60156	873.825989	2.8478e4	0
1200	2064	7.60156	874.677551	4.4750e4	0
1200	2064	7.60156	878.356262	2.8214e4	0
1200	2064	7.60156	880.351196	3.3091e4	0
1200	2064	7.60156	881.919556	3.2533e4	0
1200	2064	7.60156	882.287720	3.1217e4	0
1200	2064	7.60156	885.894226	2.6170e4	0
1200	2064	7.60156	900.785950	2.7496e4	0
1200	2064	7.60156	901.682251	2.7580e4	0
1200	2064	7.60156	901.704041	3.3643e4	0
1200	2064	7.60156	904.808960	3.8993e4	0
1200	2064	7.60156	906.911072	3.0772e4	0
1200	2064	7.60156	907.785950	3.7415e4	0
1200	2064	7.60156	909.939941	3.1524e4	0
1200	2064	7.60156	914.832520	3.5204e4	0
1200	2064	7.60156	915.419861	3.3363e4	0
1200	2064	7.60156	915.823730	3.1785e4	0
1200	2064	7.60156	917.379028	3.3130e4	0
1200	2064	7.60156	925.881226	3.1761e4	0
1200	2064	7.60156	926.962280	3.0328e4	0
1200	2064	7.60156	927.788574	2.8616e4	0
1200	2064	7.60156	927.844788	2.8697e4	0
1200	2064	7.60156	931.184692	3.0795e4	0
1200	2064	7.60156	932.803406	3.0673e4	0
1200	2064	7.60156	937.410767	2.8955e4	0
1200	2064	7.60156	938.808838	3.0294e4	0
1200	2064	7.60156	942.723389	3.0596e4	0
1200	2064	7.60156	942.836853	3.2448e4	0
1200	2064	7.60156	943.663635	3.5481e4	0
1200	2064	7.60156	947.109009	3.0446e4	0
1200	2064	7.60156	947.835876	2.7430e4	0
1200	2064	7.60156	954.167236	2.8765e4	0
1200	2064	7.60156	955.311890	3.2244e4	0
1200	2064	7.60156	959.438416	2.7456e4	0
1200	2064	7.60156	963.390503	3.1508e4	0
1200	2064	7.60156	964.813232	4.7326e4	0
1200	2064	7.60156	965.965515	2.8163e4	0
1200	2064	7.60156	968.346802	3.1199e4	0
1200	2064	7.60156	968.395081	2.9584e4	0
1200	2064	7.60156	969.776245	4.3370e4	2
1200	2064	7.60156	969.922058	2.6310e4	0
1200	2064	7.60156	970.286682	2.4818e4	2
1200	2064	7.60156	970.651672	2.9187e4	0
1200	2064	7.60156	972.810852	3.4809e4	0
1200	2064	7.60156	975.855530	3.2753e4	0
1200	2064	7.60156	979.750671	3.0079e4	0
1200	2064	7.60156	979.900635	3.2201e4	0
1200	2064	7.60156	985.530334	3.2099e4	0
1200	2064	7.60156	998.747070	4.1676e4	0
1200	2064	7.60156	1000.188171	3.0326e4	0
1200	2064	7.60156	1000.820190	3.2182e4	0
1200	2064	7.60156	1004.629150	3.0664e4	0
1200	2064	7.60156	1011.863770	3.4926e4	0
1200	2064	7.60156	1018.277771	4.0182e4	0
1200	2064	7.60156	1019.273621	4.2337e4	0
1200	2064	7.60156	1026.707642	2.9980e4	0
1200	2064	7.60156	1032.408203	3.1821e4	0
1200	2064	7.60156	1036.353149	3.8749e4	0
1200	2064	7.60156	1045.862061	3.3106e4	0
1200	2064	7.60156	1048.677368	2.9000e4	0
1200	2064	7.60156	1056.825562	2.9245e4	0
1200	2064	7.60156	1068.351685	2.9585e4	0
1200	2064	7.60156	1083.794678	3.6273e4	0
1200	2064	7.60156	1107.257812	3.8318e4	0
1200	2064	7.60156	1111.301025	3.2118e4	0
1200	2064	7.60156	1116.777954	3.5096e4	0
1200	2064	7.60156	1117.882935	5.0169e4	0
1200	2064	7.60156	1120.814453	3.3219e4	0
1200	2064	7.60156	1139.662720	5.1938e4	0
1200	2064	7.60156	1148.255859	3.0505e4	0
1200	2064	7.60156	1178.551758	4.3632e4	0
1200	2064	7.60156	1182.037720	4.3565e4	0
1200	2064	7.60156	1212.653076	3.4405e4	0
1200	2064	7.60156	1222.159790	3.5862e4	0
1200	2064	7.60156	1231.742920	3.8666e4	0
1200	2064	7.60156	1238.221558	4.1860e4	0
1200	2064	7.60156	1283.562378	3.4889e4	0
1200	2064	7.60156	1289.574951	3.5424e4	0
1200	2064	7.60156	1297.183105	3.3215e4	0
1200	2064	7.60156	1322.763184	3.5285e4	0
1200	2064	7.60156	1355.886475	3.3068e4	0
1200	2064	7.60156	1377.813110	3.4281e4	0
1200	2064	7.60156	1398.547729	3.9810e4	0
1200	2064	7.60156	1423.766113	4.4605e4	0
1201	2067	7.60798	375.917297	1.9666e4	0
1201	2067	7.60798	376.407104	1.6291e4	0
1201	2067	7.60798	376.835510	2.0151e4	0
1201	2067	7.60798	376.841766	1.9339e4	0
1201	2067	7.60798	376.902802	8.1167e4	0
1201	2067	7.60798	377.184662	1.8587e4	0
1201	2067	7.60798	377.548431	1.4877e4	0
1201	2067	7.60798	378.415131	1.6066e4	0
1201	2067	7.60798	378.513763	1.8198e4	0
1201	2067	7.60798	378.707397	1.5816e4	0
1201	2067	7.60798	380.840271	2.7839e4	0
1201	2067	7.60798	381.062012	5.1377e4	0
1201	2067	7.60798	381.184845	1.3787e5	3
1201	2067	7.60798	381.191711	4.5279e4	0
1201	2067	7.60798	381.512695	2.8313e4	0
1201	2067	7.60798	381.519104	1.3072e5	3
1201	2067	7.60798	381.842712	1.3495e5	3
1201	2067	7.60798	381.853180	2.8384e4	3
1201	2067	7.60798	382.176880	6.4210e4	3
1201	2067	7.60798	382.492249	1.6842e4	0
1201	2067	7.60798	385.041718	3.7835e4	0
1201	2067	7.60798	385.165741	9.8923e4	0
1201	2067	7.60798	385.238495	4.5215e4	0
1201	2067	7.60798	385.259430	4.3368e4	0
1201	2067	7.60798	386.023499	1.4750e5	0
1201	2067	7.60798	386.162048	2.5085e4	0
1201	2067	7.60798	386.206665	2.7541e4	0
1201	2067	7.60798	386.516418	4.2476e4	0
1201	2067	7.60798	387.027344	1.9938e4	4
1201	2067	7.60798	387.057465	1.6949e4	0
1201	2067	7.60798	387.185638	1.5808e4	0
1201	2067	7.60798	387.275208	6.1498e4	4
1201	2067	7.60798	387.848511	2.7227e4	0
1201	2067	7.60798	388.020660	1.9114e4	0
1201	2067	7.60798	388.259247	2.6449e4	0
1201	2067	7.60798	388.278870	1.8792e4	0
1201	2067	7.60798	388.413788	1.8000e4	0
1201	2067	7.60798	389.090698	1.5558e4	0
1201	2067	7.60798	389.844574	2.7078e4	3
1201	2067	7.60798	390.179260	5.4152e4	3
1201	2067	7.60798	390.377472	1.4301e4	5
1201	2067	7.60798	390.902435	1.8785e4	3
1201	2067	7.60798	391.237793	6.5405e4	3
1201	2067	7.60798	391.288208	5.9497e4	0
1201	2067	7.60798	391.676239	1.8594e4	0
1201	2067	7.60798	391.848236	1.9044e4	0
1201	2067	7.60798	392.291595	2.7960e4	0
1201	2067	7.60798	393.062286	4.6658e4	0
1201	2067	7.60798	393.301453	8.9237e4	0
1201	2067	7.60798	393.959137	2.0636e4	0
1201	2067	7.60798	394.051941	4.9795e4	4
1201	2067	7.60798	394.304840	2.2667e4	4
1201	2067	7.60798	394.715027	1.7219e5	2
1201	2067	7.60798	394.720703	1.9279e4	0
1201	2067	7.60798	394.881775	7.1337e4	3
1201	2067	7.60798	395.077850	6.6314e5	0
1201	2067	7.60798	395.216614	4.2136e4	2
1201	2067	7.60798	395.520233	4.5845e5	3
1201	2067	7.60798	395.848145	3.2586e4	3
1201	2067	7.60798	395.854553	2.5073e5	3
1201	2067	7.60798	395.879761	1.6749e4	5
1201	2067	7.60798	396.047821	1.7506e4	5
1201	2067	7.60798	396.081512	6.7601e4	5
1201	2067	7.60798	396.180878	1.5438e4	3
1201	2067	7.60798	396.189026	7.0003e4	3
1201	2067	7.60798	396.523132	1.8190e4	3
1201	2067	7.60798	396.920746	1.7844e4	0
1201	2067	7.60798	396.938965	2.1053e4	4
1201	2067	7.60798	397.073822	8.0959e4	0
1201	2067	7.60798	397.186859	2.7482e4	4
1201	2067	7.60798	397.514313	2.2015e4	0
1201	2067	7.60798	399.254608	5.0442e4	0
1201	2067	7.60798	399.351349	2.9353e4	0
1201	2067	7.60798	400.171295	1.5656e4	3
1201	2067	7.60798	400.179932	2.3226e4	0
1201	2067	7.60798	400.507690	1.9809e4	3
1201	2067	7.60798	400.851440	2.1807e4	3
1201	2067	7.60798	400.865723	1.5150e4	0
1201	2067	7.60798	401.161194	2.0361e4	0
1201	2067	7.60798	401.186523	1.9574e4	3
1201	2067	7.60798	401.518738	2.1281e4	3
1201	2067	7.60798	402.018982	4.1860e4	2
1201	2067	7.60798	402.183624	2.4436e4	6
1201	2067	7.60798	402.201996	2.3010e4	0
1201	2067	7.60798	402.250031	4.5516e4	0
1201	2067	7.60798	403.052399	5.8361e5	6
1201	2067	7.60798	403.222687	1.8339e4	6
1201	2067	7.60798	403.860535	1.8319e4	0
1201	2067	7.60798	404.036560	2.1437e5	0
1201	2067	7.60798	404.055786	6.7230e4	0
1201	2067	7.60798	404.171814	7.4875e4	0
1201	2067	7.60798	405.040527	1.7686e4	0
1201	2067	7.60798	405.048157	9.8278e4	0
1201	2067	7.60798	405.085785	2.9672e4	0
1201	2067	7.60798	406.032379	4.0874e4	0
1201	2067	7.60798	406.183777	2.7869e4	3
1201	2067	7.60798	406.518280	2.4654e4	3
1201	2067	7.60798	407.072937	2.1807e4	0
1201	2067	7.60798	407.200104	3.4506e4	0
1201	2067	7.60798	407.710510	5.9324e4	2
1201	2067	7.60798	407.863525	2.2037e4	0
1201	2067	7.60798	408.212372	2.0246e4	2
1201	2067	7.60798	409.224213	3.5099e4	0
1201	2067	7.60798	411.073029	7.6878e4	0
1201	2067	7.60798	411.435425	1.8112e4	0
1201	2067	7.60798	411.515198	1.7554e4	3
1201	2067	7.60798	411.545593	1.8338e4	0
1201	2067	7.60798	411.850037	3.6545e4	3
1201	2067	7.60798	411.859772	2.0455e4	0
1201	2067	7.60798	412.892303	2.1503e4	0
1201	2067	7.60798	413.270386	4.6967e4	0
1201	2067	7.60798	413.702667	1.4652e4	5
1201	2067	7.60798	413.899658	1.6141e4	5
1201	2067	7.60798	414.176117	1.7165e4	0
1201	2067	7.60798	414.273834	1.8560e4	0
1201	2067	7.60798	414.849670	1.7938e4	0
1201	2067	7.60798	415.040894	5.0378e4	0
1201	2067	7.60798	415.197876	1.0488e5	0
1201	2067	7.60798	415.881378	1.6697e4	0
1201	2067	7.60798	416.034058	7.3364e4	0
1201	2067	7.60798	416.225677	7.2883e4	2
1201	2067	7.60798	416.727509	6.5823e4	2
1201	2067	7.60798	417.121643	3.2479e4	0
1201	2067	7.60798	419.047424	9.0273e4	0
1201	2067	7.60798	419.182007	2.5635e4	0
1201	2067	7.60798	419.320251	4.1439e4	0
1201	2067	7.60798	420.031555	1.9155e4	0
1201	2067	7.60798	421.046539	5.9846e4	0
1201	2067	7.60798	421.063171	9.3833e6	0
1201	2067	7.60798	421.084625	2.2239e4	0
1201	2067	7.60798	421.198761	2.9680e4	0
1201	2067	7.60798	421.393219	1.8225e4	0
1201	2067	7.60798	422.047241	1.6514e5	0
1201	2067	7.60798	422.066254	1.0497e6	0
1201	2067	7.60798	423.052643	2.8985e4	0
1201	2067	7.60798	423.058960	1.7350e6	6
1201	2067	7.60798	423.067322	1.3158e5	0
1201	2067	7.60798	423.202942	1.9505e4	0
1201	2067	7.60798	423.228088	6.6270e4	6
1201	2067	7.60798	424.062225	2.3235e5	6
1201	2067	7.60798	424.223541	4.4092e4	0
1201	2067	7.60798	424.231049	2.1545e4	6
1201	2067	7.60798	424.541504	1.9844e5	3
1201	2067	7.60798	424.875580	1.7763e5	3
1201	2067	7.60798	425.034515	7.3651e4	0
1201	2067	7.60798	425.054535	1.0172e5	0
1201	2067	7.60798	425.061859	1.6246e4	0
1201	2067	7.60798	425.208679	7.6187e4	3
1201	2067	7.60798	425.291565	5.1530e4	4
1201	2067	7.60798	425.544006	2.4976e4	3
1201	2067	7.60798	425.862610	1.9120e4	0
1201	2067	7.60798	427.050354	5.7634e4	0
1201	2067	7.60798	427.068390	5.2086e4	0
1201	2067	7.60798	428.052490	1.6085e4	0
1201	2067	7.60798	428.887970	1.7580e4	0
1201	2067	7.60798	429.029877	1.9438e4	0
1201	2067	7.60798	429.093018	3.7406e5	0
1201	2067	7.60798	429.449402	1.8997e4	0
1201	2067	7.60798	430.092804	7.4715e4	0
1201	2067	7.60798	431.089905	9.3883e4	0
1201	2067	7.60798	431.097168	1.9512e4	0
1201	2067	7.60798	432.028778	2.4903e4	0
1201	2067	7.60798	432.089020	1.6405e4	0
1201	2067	7.60798	432.860687	1.9612e4	0
1201	2067	7.60798	433.085876	1.8076e4	0
1201	2067	7.60798	433.891449	1.7616e4	0
1201	2067	7.60798	434.875458	2.6353e4	6
1201	2067	7.60798	434.892883	2.0765e4	0
1201	2067	7.60798	435.042053	3.0220e4	6
1201	2067	7.60798	435.132324	9.1753e4	0
1201	2067	7.60798	437.058228	5.3528e5	0
1201	2067	7.60798	438.042389	2.2995e4	0
1201	2067	7.60798	438.061493	6.3898e4	0
1201	2067	7.60798	438.695435	5.4963e5	2
1201	2067	7.60798	438.845551	2.1715e4	0
1201	2067	7.60798	439.054138	5.9633e4	0
1201	2067	7.60798	439.187317	1.0628e5	2
1201	2067	7.60798	439.196899	1.8433e5	2
1201	2067	7.60798	439.298950	1.7348e4	0
1201	2067	7.60798	439.688965	8.2895e4	2
1201	2067	7.60798	439.698975	5.2434e4	2
1201	2067	7.60798	440.391571	2.6072e4	0
1201	2067	7.60798	440.692413	2.6957e4	3
1201	2067	7.60798	441.030212	7.0278e4	3
1201	2067	7.60798	442.709198	2.3063e4	3
1201	2067	7.60798	442.716644	5.0090e4	0
1201	2067	7.60798	443.013153	3.8940e4	0
1201	2067	7.60798	443.016083	3.1920e4	0
1201	2067	7.60798	443.027069	1.7763e5	6
1201	2067	7.60798	443.031006	1.2164e5	0
1201	2067	7.60798	443.045410	2.8717e7	3
1201	2067	7.60798	443.059570	9.2868e4	0
1201	2067	7.60798	443.063629	1.8032e5	0
1201	2067	7.60798	443.068848	6.7630e4	0
1201	2067	7.60798	443.072968	3.9004e4	0
1201	2067	7.60798	443.190277	2.7030e4	6
1201	2067	7.60798	444.016937	2.4925e4	0
1201	2067	7.60798	444.029663	6.6012e5	0
1201	2067	7.60798	444.048065	3.7912e6	0
1201	2067	7.60798	444.765320	3.7846e4	0
1201	2067	7.60798	445.022095	1.4529e5	0
1201	2067	7.60798	445.041168	5.1265e6	0
1201	2067	7.60798	445.049255	3.9165e5	0
1201	2067	7.60798	445.124207	7.7369e5	0
1201	2067	7.60798	445.721954	1.8362e4	3
1201	2067	7.60798	446.025055	1.3422e5	0
1201	2067	7.60798	446.044434	6.7173e5	0
1201	2067	7.60798	446.053101	3.6034e4	3
1201	2067	7.60798	446.124359	2.2394e5	0
1201	2067	7.60798	446.692322	1.8924e4	2
1201	2067	7.60798	446.960083	1.7613e4	0
1201	2067	7.60798	447.037079	3.2057e5	0
1201	2067	7.60798	447.046021	5.8244e4	0
1201	2067	7.60798	447.121582	1.3781e5	0
1201	2067	7.60798	447.174011	3.0660e4	0
1201	2067	7.60798	447.194000	2.2255e4	2
1201	2067	7.60798	447.350769	2.3606e4	0
1201	2067	7.60798	447.845703	3.8704e4	0
1201	2067	7.60798	448.040009	3.7144e4	0
1201	2067	7.60798	448.120392	3.0671e4	0
1201	2067	7.60798	448.259888	5.0574e5	0
1201	2067	7.60798	449.094543	5.9684e4	6
1201	2067	7.60798	449.118256	3.4420e4	0
1201	2067	7.60798	449.263397	1.1321e5	6
1201	2067	7.60798	450.716553	4.8647e4	0
1201	2067	7.60798	451.030884	1.8625e4	0
1201	2067	7.60798	452.885254	1.0353e5	6
1201	2067	7.60798	453.053345	1.3346e5	6
1201	2067	7.60798	453.261566	4.6971e4	0
1201	2067	7.60798	453.884613	2.1694e4	0
1201	2067	7.60798	454.185303	1.7037e4	2
1201	2067	7.60798	454.348541	1.8685e4	6
1201	2067	7.60798	454.690826	2.6069e4	2
1201	2067	7.60798	454.883026	1.6291e4	6
1201	2067	7.60798	454.911804	1.9949e4	0
1201	2067	7.60798	455.048828	3.3685e4	6
1201	2067	7.60798	456.297485	6.7439e4	0
1201	2067	7.60798	456.856537	1.9774e4	5
1201	2067	7.60798	457.025513	2.2631e4	6
1201	2067	7.60798	457.061676	3.9043e4	5
1201	2067	7.60798	457.905640	1.9192e4	0
1201	2067	7.60798	458.904083	2.7046e4	0
1201	2067	7.60798	459.010529	1.6421e5	0
1201	2067	7.60798	459.019653	5.7245e5	0
1201	2067	7.60798	459.040436	2.3008e6	0
1201	2067	7.60798	459.297150	2.7625e4	0
1201	2067	7.60798	459.994354	2.2700e4	4
1201	2067	7.60798	460.023621	1.2268e5	0
1201	2067	7.60798	460.043427	2.2882e5	5
1201	2067	7.60798	460.245087	2.8511e4	4
1201	2067	7.60798	461.006500	3.1189e4	0
1201	2067	7.60798	461.015991	1.4200e5	0
1201	2067	7.60798	461.036255	4.0975e5	0
1201	2067	7.60798	461.044556	4.0263e4	0
1201	2067	7.60798	461.832245	2.0602e4	0
1201	2067	7.60798	461.910370	1.9267e4	0
1201	2067	7.60798	462.039581	2.9902e4	0
1201	2067	7.60798	462.151276	4.6950e4	0
1201	2067	7.60798	462.687866	5.7929e4	0
1201	2067	7.60798	463.150452	3.2815e4	0
1201	2067	7.60798	463.179810	3.4990e4	0
1201	2067	7.60798	463.369049	1.7374e4	0
1201	2067	7.60798	464.069641	1.1628e5	0
1201	2067	7.60798	464.255463	2.6621e4	0
1201	2067	7.60798	465.027740	1.1624e5	0
1201	2067	7.60798	466.031158	2.3460e4	0
1201	2067	7.60798	466.102081	1.7861e4	0
1201	2067	7.60798	467.106415	2.1894e4	0
1201	2067	7.60798	467.229218	3.5409e4	0
1201	2067	7.60798	467.843719	2.6083e4	0
1201	2067	7.60798	467.986481	2.3768e4	0
1201	2067	7.60798	468.392517	2.3810e4	0
1201	2067	7.60798	468.922546	3.3267e4	0
1201	2067	7.60798	469.041870	2.5874e4	5
1201	2067	7.60798	469.244843	1.8009e4	5
1201	2067	7.60798	469.708160	2.5523e4	0
1201	2067	7.60798	469.925751	2.1315e4	0
1201	2067	7.60798	470.241791	5.1037e4	0
1201	2067	7.60798	471.076752	8.9508e4	0
1201	2067	7.60798	472.832306	2.1727e4	0
1201	2067	7.60798	473.975311	7.8784e4	0
1201	2067	7.60798	475.005127	2.8379e4	0
1201	2067	7.60798	475.014954	6.1125e4	4
1201	2067	7.60798	475.035553	7.1408e5	0
1201	2067	7.60798	475.110779	1.1255e5	0
1201	2067	7.60798	475.263824	2.9534e4	4
1201	2067	7.60798	475.861969	2.0101e4	0
1201	2067	7.60798	476.038818	8.2846e4	0
1201	2067	7.60798	476.276794	3.1350e4	0
1201	2067	7.60798	476.982971	4.8671e4	0
1201	2067	7.60798	477.010193	2.4600e4	0
1201	2067	7.60798	477.031250	1.2111e5	0
1201	2067	7.60798	477.828217	3.3254e4	0
1201	2067	7.60798	478.899048	2.6009e4	0
1201	2067	7.60798	478.978973	2.5144e4	0
1201	2067	7.60798	479.219940	4.3904e4	0
1201	2067	7.60798	480.260742	3.8650e4	0
1201	2067	7.60798	480.328094	2.2902e4	0
1201	2067	7.60798	480.383759	2.3455e4	0
1201	2067	7.60798	480.992859	1.6255e5	0
1201	2067	7.60798	481.841949	1.8899e4	0
1201	2067	7.60798	482.901794	2.5328e4	0
1201	2067	7.60798	482.940430	2.3100e4	0
1201	2067	7.60798	482.988464	4.9089e4	0
1201	2067	7.60798	484.072296	1.0099e5	0
1201	2067	7.60798	485.056610	1.8686e4	0
1201	2067	7.60798	486.051636	5.3614e5	0
1201	2067	7.60798	486.224335	2.6802e4	0
1201	2067	7.60798	486.440125	1.6605e4	0
1201	2067	7.60798	486.860229	2.0245e4	0
1201	2067	7.60798	487.009705	3.2394e4	0
1201	2067	7.60798	487.054749	4.8864e4	0
1201	2067	7.60798	487.071533	2.2889e4	0
1201	2067	7.60798	487.878296	1.9861e4	6
1201	2067	7.60798	488.047302	7.6492e4	6
1201	2067	7.60798	489.051422	1.8323e4	0
1201	2067	7.60798	489.969971	3.4838e4	0
1201	2067	7.60798	491.010437	3.1801e4	0
1201	2067	7.60798	491.030396	4.9593e4	0
1201	2067	7.60798	491.773621	1.9260e4	0
1201	2067	7.60798	492.223663	2.0386e4	0
1201	2067	7.60798	493.884430	2.4170e4	0
1201	2067	7.60798	494.124725	2.6537e4	0
1201	2067	7.60798	494.360596	2.0401e4	0
1201	2067	7.60798	494.399597	2.1902e4	0
1201	2067	7.60798	495.100220	2.1609e4	0
1201	2067	7.60798	495.837952	3.2602e4	0
1201	2067	7.60798	495.957306	4.1395e4	0
1201	2067	7.60798	496.384460	1.8484e4	0
1201	2067	7.60798	496.958771	3.0058e4	0
1201	2067	7.60798	497.215576	2.1028e4	0
1201	2067	7.60798	498.260681	2.5506e4	0
1201	2067	7.60798	499.430450	2.0971e4	0
1201	2067	7.60798	502.047180	3.5680e4	0
1201	2067	7.60798	502.879700	3.2247e4	0
1201	2067	7.60798	502.975006	6.5998e4	0
1201	2067	7.60798	503.112518	1.6711e5	0
1201	2067	7.60798	504.112732	6.1715e4	0
1201	2067	7.60798	505.282440	2.2088e4	0
1201	2067	7.60798	506.233734	5.1822e4	2
1201	2067	7.60798	506.734253	2.0638e4	2
1201	2067	7.60798	506.833038	1.9099e4	0
1201	2067	7.60798	507.100800	5.8725e4	0
1201	2067	7.60798	507.238098	7.0224e5	2
1201	2067	7.60798	507.739624	3.7731e5	2
1201	2067	7.60798	507.840424	2.2904e4	0
1201	2067	7.60798	507.952209	2.2131e4	0
1201	2067	7.60798	507.963074	1.9444e4	0
1201	2067	7.60798	508.230255	2.6955e4	0
1201	2067	7.60798	508.240967	1.4003e5	2
1201	2067	7.60798	508.390198	2.0768e4	0
1201	2067	7.60798	508.743286	2.5019e4	2
1201	2067	7.60798	508.833740	1.7430e4	0
1201	2067	7.60798	508.948029	2.1329e4	5
1201	2067	7.60798	508.992462	3.4907e4	4
1201	2067	7.60798	509.097015	3.2413e4	0
1201	2067	7.60798	510.384430	2.2910e4	2
1201	2067	7.60798	510.884247	2.0478e4	2
1201	2067	7.60798	512.884155	2.0655e4	0
1201	2067	7.60798	514.227722	3.4890e4	0
1201	2067	7.60798	514.746277	6.1476e4	2
1201	2067	7.60798	515.103027	2.0707e4	0
1201	2067	7.60798	515.235352	6.5845e4	0
1201	2067	7.60798	515.247864	4.0834e4	2
1201	2067	7.60798	518.229309	6.8398e4	2
1201	2067	7.60798	518.731079	3.9277e4	2
1201	2067	7.60798	519.143982	2.5358e5	0
1201	2067	7.60798	520.143860	1.1567e5	0
1201	2067	7.60798	521.141479	5.3070e4	0
1201	2067	7.60798	523.232666	7.1735e4	0
1201	2067	7.60798	523.894592	3.2095e4	0
1201	2067	7.60798	524.957153	2.5112e4	0
1201	2067	7.60798	525.111694	2.0149e5	0
1201	2067	7.60798	525.836853	3.3687e4	0
1201	2067	7.60798	526.114929	4.9444e4	0
1201	2067	7.60798	526.211487	6.4544e4	2
1201	2067	7.60798	526.713379	2.6376e4	2
1201	2067	7.60798	526.962097	2.6652e4	4
1201	2067	7.60798	527.107056	4.2199e4	0
1201	2067	7.60798	528.961365	2.3824e4	0
1201	2067	7.60798	529.220398	5.8695e4	2
1201	2067	7.60798	529.512451	2.4530e4	0
1201	2067	7.60798	529.721619	5.0841e4	2
1201	2067	7.60798	529.903259	2.2874e4	0
1201	2067	7.60798	531.099487	2.2098e4	0
1201	2067	7.60798	531.230225	3.7193e4	2
1201	2067	7.60798	531.282654	2.6836e5	0
1201	2067	7.60798	531.732178	2.5480e4	2
1201	2067	7.60798	531.883423	1.9851e4	0
1201	2067	7.60798	532.286621	5.0659e4	0
1201	2067	7.60798	534.210632	2.3077e4	0
1201	2067	7.60798	534.427002	2.0933e4	0
1201	2067	7.60798	534.697388	1.8957e4	0
1201	2067	7.60798	535.849060	2.0770e4	0
1201	2067	7.60798	536.170532	7.5939e4	0
1201	2067	7.60798	536.313171	2.5350e4	0
1201	2067	7.60798	537.170410	3.8174e4	0
1201	2067	7.60798	537.201782	2.4880e4	2
1201	2067	7.60798	537.705261	2.3285e4	2
1201	2067	7.60798	538.089233	4.7174e4	0
1201	2067	7.60798	538.812317	2.3588e4	0
1201	2067	7.60798	539.356812	3.0531e4	0
1201	2067	7.60798	540.282959	3.2206e4	0
1201	2067	7.60798	540.714050	2.7137e4	0
1201	2067	7.60798	540.863708	2.0695e4	0
1201	2067	7.60798	541.107056	2.2626e4	0
1201	2067	7.60798	542.138916	2.9524e4	0
1201	2067	7.60798	542.950867	2.1290e4	0
1201	2067	7.60798	543.331238	3.2140e4	0
1201	2067	7.60798	543.846375	2.6130e4	0
1201	2067	7.60798	545.213806	2.0382e4	0
1201	2067	7.60798	545.262268	4.1027e4	0
1201	2067	7.60798	545.273010	2.4862e4	0
1201	2067	7.60798	546.055725	2.1033e4	0
1201	2067	7.60798	546.700867	2.5679e4	6
1201	2067	7.60798	546.871216	2.5449e4	6
1201	2067	7.60798	547.020142	6.3219e4	0
1201	2067	7.60798	547.093811	3.1900e5	0
1201	2067	7.60798	548.096436	5.0464e4	0
1201	2067	7.60798	548.193481	2.4418e4	0
1201	2067	7.60798	548.375488	2.0909e4	0
1201	2067	7.60798	548.909546	2.5319e4	0
1201	2067	7.60798	549.007019	2.1152e4	0
1201	2067	7.60798	549.089417	5.5679e4	0
1201	2067	7.60798	549.383911	2.8285e4	0
1201	2067	7.60798	551.427246	2.3404e4	0
1201	2067	7.60798	553.820679	2.9073e4	0
1201	2067	7.60798	553.942932	2.7781e4	0
1201	2067	7.60798	556.277161	2.0294e4	0
1201	2067	7.60798	556.350952	3.1578e4	0
1201	2067	7.60798	556.947388	2.0002e4	0
1201	2067	7.60798	556.978699	6.1715e4	0
1201	2067	7.60798	556.989258	3.4345e4	0
1201	2067	7.60798	557.103088	2.4503e4	0
1201	2067	7.60798	558.134033	2.3922e4	0
1201	2067	7.60798	558.368469	2.5303e4	2
1201	2067	7.60798	558.847900	2.1345e4	0
1201	2067	7.60798	558.870544	2.2046e4	2
1201	2067	7.60798	558.963440	2.2991e4	0
1201	2067	7.60798	560.071472	3.1109e5	0
1201	2067	7.60798	560.772583	1.9212e4	0
1201	2067	7.60798	561.075745	4.4762e4	0
1201	2067	7.60798	562.067322	6.7223e4	0
1201	2067	7.60798	563.071045	8.4640e4	0
1201	2067	7.60798	563.089417	2.0636e4	0
1201	2067	7.60798	565.001587	2.0501e4	0
1201	2067	7.60798	566.851013	2.4856e4	0
1201	2067	7.60798	568.357422	2.2295e4	0
1201	2067	7.60798	568.395813	2.2510e4	0
1201	2067	7.60798	569.830933	3.1800e4	0
1201	2067	7.60798	570.281250	2.3544e4	0
1201	2067	7.60798	570.989441	4.5818e4	0
1201	2067	7.60798	571.387207	2.2979e4	0
1201	2067	7.60798	571.908447	2.0275e4	0
1201	2067	7.60798	572.833984	2.9496e4	0
1201	2067	7.60798	573.830811	1.9295e4	0
1201	2067	7.60798	574.041260	2.0374e4	3
1201	2067	7.60798	574.377563	2.0565e4	3
1201	2067	7.60798	574.864990	2.0497e4	0
1201	2067	7.60798	576.066223	2.4554e4	0
1201	2067	7.60798	576.840759	3.2660e4	0
1201	2067	7.60798	577.132812	3.8217e4	0
1201	2067	7.60798	578.022400	3.0188e4	0
1201	2067	7.60798	578.769531	2.4444e4	0
1201	2067	7.60798	578.960632	4.9590e4	0
1201	2067	7.60798	579.907471	2.5190e4	0
1201	2067	7.60798	583.289551	1.3835e5	0
1201	2067	7.60798	584.292847	3.4687e4	0
1201	2067	7.60798	584.856567	2.4663e4	0
1201	2067	7.60798	585.007690	2.3495e4	0
1201	2067	7.60798	585.428223	2.1022e4	0
1201	2067	7.60798	585.848145	2.0934e4	0
1201	2067	7.60798	585.953735	3.4348e4	0
1201	2067	7.60798	587.359375	2.8920e4	2
1201	2067	7.60798	587.786560	2.5059e4	0
1201	2067	7.60798	587.856689	2.9336e4	2
1201	2067	7.60798	589.837402	2.5937e4	0
1201	2067	7.60798	592.971191	3.6625e4	0
1201	2067	7.60798	594.380798	2.4735e4	0
1201	2067	7.60798	595.900452	2.4674e4	0
1201	2067	7.60798	596.862000	2.6385e4	0
1201	2067	7.60798	597.941528	2.2603e4	0
1201	2067	7.60798	598.402405	2.2181e4	0
1201	2067	7.60798	598.765991	2.5364e4	0
1201	2067	7.60798	599.330811	3.7039e4	2
1201	2067	7.60798	599.454224	2.3784e4	3
1201	2067	7.60798	599.775940	2.1889e4	0
1201	2067	7.60798	599.793945	2.1877e4	3
1201	2067	7.60798	599.835205	3.2490e4	2
1201	2067	7.60798	599.935547	2.6219e4	0
1201	2067	7.60798	600.927368	3.4114e4	0
1201	2067	7.60798	600.941284	4.8276e4	0
1201	2067	7.60798	601.920166	3.5138e4	0
1201	2067	7.60798	603.351196	2.4935e4	2
1201	2067	7.60798	603.380859	2.5974e4	0
1201	2067	7.60798	603.851074	2.5237e4	2
1201	2067	7.60798	604.098022	1.4618e5	4
1201	2067	7.60798	604.334900	2.3055e4	0
1201	2067	7.60798	605.263367	4.5763e4	0
1201	2067	7.60798	605.370178	3.0126e4	0
1201	2067	7.60798	605.847534	2.5243e4	4
1201	2067	7.60798	606.093994	2.9927e4	4
1201	2067	7.60798	606.760437	4.7140e4	0
1201	2067	7.60798	606.878784	2.7848e4	0
1201	2067	7.60798	607.764404	2.9829e4	2
1201	2067	7.60798	608.263672	1.2125e5	2
1201	2067	7.60798	608.356995	2.2855e4	2
1201	2067	7.60798	608.860107	2.7739e4	2
1201	2067	7.60798	609.266174	4.7072e4	0
1201	2067	7.60798	609.876831	2.4797e4	0
1201	2067	7.60798	609.892639	3.1809e4	0
1201	2067	7.60798	610.190247	3.3532e4	0
1201	2067	7.60798	610.304504	3.5515e4	0
1201	2067	7.60798	611.353516	2.6225e4	0
1201	2067	7.60798	613.285950	2.4179e4	0
1201	2067	7.60798	614.888184	3.1838e4	0
1201	2067	7.60798	615.800659	2.2881e4	0
1201	2067	7.60798	616.281250	2.6258e4	0
1201	2067	7.60798	616.991821	2.2559e4	0
1201	2067	7.60798	619.388123	2.3795e4	0
1201	2067	7.60798	620.092834	4.5544e4	0
1201	2067	7.60798	622.414001	2.0839e4	0
1201	2067	7.60798	622.840271	2.7571e4	0
1201	2067	7.60798	623.787292	3.2470e4	0
1201	2067	7.60798	623.904175	2.1690e4	0
1201	2067	7.60798	623.969910	2.9883e4	0
1201	2067	7.60798	624.833313	2.5579e4	0
1201	2067	7.60798	624.898499	2.3351e4	0
1201	2067	7.60798	627.354187	2.6443e4	0
1201	2067	7.60798	628.881287	2.2425e4	0
1201	2067	7.60798	628.915344	2.1459e4	0
1201	2067	7.60798	631.353149	2.5890e4	0
1201	2067	7.60798	631.836365	2.0232e4	0
1201	2067	7.60798	632.841919	2.8460e4	0
1201	2067	7.60798	638.113098	2.2495e4	0
1201	2067	7.60798	638.354614	2.8910e4	0
1201	2067	7.60798	639.338135	2.2743e4	0
1201	2067	7.60798	639.375000	2.4377e4	0
1201	2067	7.60798	640.817322	2.7545e4	0
1201	2067	7.60798	641.913147	2.3481e4	0
1201	2067	7.60798	642.279480	3.4708e4	0
1201	2067	7.60798	643.295288	2.5603e4	0
1201	2067	7.60798	643.311218	6.5884e4	4
1201	2067	7.60798	643.381104	2.4987e4	0
1201	2067	7.60798	643.559082	2.4005e4	4
1201	2067	7.60798	645.156738	2.2356e4	0
1201	2067	7.60798	645.878052	2.3059e4	0
1201	2067	7.60798	645.913574	2.3131e4	0
1201	2067	7.60798	646.846375	2.9898e4	0
1201	2067	7.60798	647.274292	3.8357e4	0
1201	2067	7.60798	647.395813	3.0033e4	0
1201	2067	7.60798	648.374573	2.3271e4	0
1201	2067	7.60798	649.300842	3.4183e4	0
1201	2067	7.60798	649.862183	2.4952e4	0
1201	2067	7.60798	654.376892	3.3051e4	0
1201	2067	7.60798	654.842834	2.5311e4	0
1201	2067	7.60798	656.760803	3.1192e4	0
1201	2067	7.60798	659.295898	3.2355e4	0
1201	2067	7.60798	660.747986	2.4563e4	0
1201	2067	7.60798	670.333496	2.5619e4	0
1201	2067	7.60798	671.874146	2.9463e4	0
1201	2067	7.60798	680.943115	3.7732e4	0
1201	2067	7.60798	681.921448	3.4373e4	0
1201	2067	7.60798	683.816650	3.1077e4	0
1201	2067	7.60798	684.489746	2.4526e4	0
1201	2067	7.60798	684.806458	3.1627e4	0
1201	2067	7.60798	684.952942	2.7840e4	0
1201	2067	7.60798	688.795776	3.1654e4	0
1201	2067	7.60798	691.521667	2.9621e4	0
1201	2067	7.60798	692.768066	5.4191e4	2
1201	2067	7.60798	692.907410	3.1581e4	0
1201	2067	7.60798	693.269653	4.7652e4	2
1201	2067	7.60798	693.806274	2.5526e4	0
1201	2067	7.60798	693.830505	3.1519e4	0
1201	2067	7.60798	694.350830	3.9562e4	0
1201	2067	7.60798	694.804565	2.9306e4	0
1201	2067	7.60798	694.826294	2.8805e4	0
1201	2067	7.60798	696.808716	2.8780e4	0
1201	2067	7.60798	696.856323	2.2467e4	0
1201	2067	7.60798	696.919128	2.7063e4	0
1201	2067	7.60798	697.827942	2.2954e4	0
1201	2067	7.60798	700.304504	3.2614e4	0
1201	2067	7.60798	700.765625	2.5872e4	0
1201	2067	7.60798	702.735291	3.1634e4	0
1201	2067	7.60798	706.609253	2.4657e4	0
1201	2067	7.60798	706.970093	2.6113e4	0
1201	2067	7.60798	707.211243	2.6461e4	0
1201	2067	7.60798	707.835144	2.1964e4	0
1201	2067	7.60798	708.314941	2.7761e4	0
1201	2067	7.60798	708.834106	3.2448e4	0
1201	2067	7.60798	708.876770	3.1642e4	0
1201	2067	7.60798	710.771667	2.9241e4	0
1201	2067	7.60798	714.803345	6.0592e4	0
1201	2067	7.60798	715.806885	3.8431e4	0
1201	2067	7.60798	715.947632	2.9097e4	0
1201	2067	7.60798	716.295715	2.5674e4	0
1201	2067	7.60798	724.399780	4.7478e4	0
1201	2067	7.60798	726.337646	2.6952e4	0
1201	2067	7.60798	726.905884	2.3949e4	0
1201	2067	7.60798	727.873474	3.9567e4	0
1201	2067	7.60798	728.063782	2.7695e4	0
1201	2067	7.60798	730.371338	2.5537e4	0
1201	2067	7.60798	730.775940	4.6985e4	0
1201	2067	7.60798	730.925415	2.6831e4	0
1201	2067	7.60798	731.328918	2.7469e4	2
1201	2067	7.60798	731.416687	2.7363e4	0
1201	2067	7.60798	731.831848	3.4722e4	2
1201	2067	7.60798	732.391296	2.4374e4	0
1201	2067	7.60798	734.330566	2.5945e4	0
1201	2067	7.60798	734.377686	2.5838e4	0
1201	2067	7.60798	735.343079	2.5854e4	0
1201	2067	7.60798	735.837219	2.6218e4	0
1201	2067	7.60798	735.919800	2.3450e4	0
1201	2067	7.60798	737.865479	2.8134e4	0
1201	2067	7.60798	740.847412	3.1873e4	0
1201	2067	7.60798	741.394897	3.4827e4	0
1201	2067	7.60798	747.253296	2.9684e4	0
1201	2067	7.60798	747.476562	3.3583e4	0
1201	2067	7.60798	748.756958	3.9705e4	0
1201	2067	7.60798	749.822205	3.2404e4	2
1201	2067	7.60798	750.319641	2.6435e4	2
1201	2067	7.60798	762.773376	3.1166e4	0
1201	2067	7.60798	763.487183	2.7912e4	0
1201	2067	7.60798	764.827637	2.7578e4	0
1201	2067	7.60798	765.146118	2.7831e4	4
1201	2067	7.60798	765.390991	3.0652e4	4
1201	2067	7.60798	773.824768	3.1710e4	0
1201	2067	7.60798	776.461365	3.7717e4	0
1201	2067	7.60798	779.453125	3.7895e4	4
1201	2067	7.60798	779.711243	3.2606e4	4
1201	2067	7.60798	780.846741	2.7827e4	2
1201	2067	7.60798	781.188599	3.0682e4	3
1201	2067	7.60798	781.355286	3.0432e4	2
1201	2067	7.60798	781.807678	3.0673e4	0
1201	2067	7.60798	782.832703	2.7625e4	0
1201	2067	7.60798	783.298279	3.3160e4	0
1201	2067	7.60798	783.408752	2.8802e4	0
1201	2067	7.60798	788.299683	4.0356e4	0
1201	2067	7.60798	790.200745	3.3941e4	0
1201	2067	7.60798	796.822693	3.8925e4	0
1201	2067	7.60798	802.859680	3.3628e4	0
1201	2067	7.60798	802.882874	3.3168e4	0
1201	2067	7.60798	804.833679	3.1627e4	0
1201	2067	7.60798	813.752075	2.8514e4	0
1201	2067	7.60798	814.415222	3.1940e4	0
1201	2067	7.60798	815.332214	2.9942e4	0
1201	2067	7.60798	816.224976	3.1091e4	0
1201	2067	7.60798	818.843445	3.8855e4	0
1201	2067	7.60798	818.863892	2.7082e4	0
1201	2067	7.60798	819.791443	3.2637e4	0
1201	2067	7.60798	824.353943	3.1617e4	0
1201	2067	7.60798	825.389648	3.8003e4	0
1201	2067	7.60798	826.314636	3.3922e4	0
1201	2067	7.60798	827.668945	3.4135e4	0
1201	2067	7.60798	828.337708	3.1672e4	0
1201	2067	7.60798	829.779785	2.8466e4	0
1201	2067	7.60798	830.913635	2.9429e4	0
1201	2067	7.60798	834.333191	3.0068e4	0
1201	2067	7.60798	834.394775	2.6659e4	0
1201	2067	7.60798	836.870544	3.4852e4	0
1201	2067	7.60798	838.343323	4.4017e4	0
1201	2067	7.60798	841.814880	2.9124e4	0
1201	2067	7.60798	842.984680	5.0304e4	0
1201	2067	7.60798	843.364868	3.2083e4	0
1201	2067	7.60798	844.041199	2.9158e4	0
1201	2067	7.60798	845.378540	2.9916e4	0
1201	2067	7.60798	854.812744	3.8422e4	0
1201	2067	7.60798	859.513916	3.4400e4	0
1201	2067	7.60798	861.294006	3.5856e4	0
1201	2067	7.60798	865.185852	3.5826e4	0
1201	2067	7.60798	871.890137	3.5544e4	0
1201	2067	7.60798	872.722656	3.2739e4	0
1201	2067	7.60798	878.750305	3.2611e4	0
1201	2067	7.60798	884.903320	3.1195e4	0
1201	2067	7.60798	885.696106	3.3624e4	5
1201	2067	7.60798	885.899292	3.6692e4	5
1201	2067	7.60798	889.241150	4.6973e4	6
1201	2067	7.60798	889.406738	3.1560e4	6
1201	2067	7.60798	890.215820	3.4130e4	0
1201	2067	7.60798	890.241882	3.7233e4	0
1201	2067	7.60798	897.892151	3.7482e4	0
1201	2067	7.60798	901.080017	3.6709e4	0
1201	2067	7.60798	902.900513	3.6136e4	0
1201	2067	7.60798	906.072144	4.1319e4	0
1201	2067	7.60798	907.610779	3.7761e4	0
1201	2067	7.60798	909.567688	3.5257e4	0
1201	2067	7.60798	915.348450	4.4784e4	0
1201	2067	7.60798	924.888367	3.7821e4	0
1201	2067	7.60798	928.196411	3.1691e4	0
1201	2067	7.60798	930.428284	3.6550e4	0
1201	2067	7.60798	931.449463	3.1524e4	0
1201	2067	7.60798	933.312195	6.2605e4	4
1201	2067	7.60798	933.563599	3.4962e4	4
1201	2067	7.60798	934.393982	3.3589e4	0
1201	2067	7.60798	938.674744	5.2108e4	0
1201	2067	7.60798	939.324341	5.8964e4	0
1201	2067	7.60798	946.209717	3.2227e4	0
1201	2067	7.60798	946.568604	3.3581e4	0
1201	2067	7.60798	956.337158	3.9583e4	0
1201	2067	7.60798	959.996094	3.8999e4	0
1201	2067	7.60798	964.032349	3.3182e4	0
1201	2067	7.60798	965.209167	4.8011e4	0
1201	2067	7.60798	967.296814	3.2156e4	0
1201	2067	7.60798	970.088867	3.8968e4	0
1201	2067	7.60798	977.237427	3.0836e4	0
1201	2067	7.60798	982.770874	3.7011e4	0
1201	2067	7.60798	997.104492	5.6487e4	0
1201	2067	7.60798	1001.760315	3.5679e4	0
1201	2067	7.60798	1011.867126	6.2387e4	0
1201	2067	7.60798	1013.469055	6.1622e4	0
1201	2067	7.60798	1014.470093	5.7201e4	0
1201	2067	7.60798	1014.819153	3.8500e4	0
1201	2067	7.60798	1024.346191	4.8340e4	0
1201	2067	7.60798	1034.736694	3.9258e4	0
1201	2067	7.60798	1036.674927	5.0851e4	0
1201	2067	7.60798	1044.390747	4.7429e4	0
1201	2067	7.60798	1050.733765	3.7706e4	0
1201	2067	7.60798	1056.215698	4.1089e4	0
1201	2067	7.60798	1073.785034	4.8720e4	0
1201	2067	7.60798	1079.661621	3.9954e4	0
1201	2067	7.60798	1080.963501	3.7518e4	0
1201	2067	7.60798	1100.924805	3.5823e4	0
1201	2067	7.60798	1104.232666	4.2894e4	0
1201	2067	7.60798	1151.316895	4.4580e4	0
1201	2067	7.60798	1154.266602	4.0327e4	0
1201	2067	7.60798	1160.507812	4.1455e4	0
1201	2067	7.60798	1161.704224	4.8267e4	0
1201	2067	7.60798	1224.719360	4.6966e4	0
1201	2067	7.60798	1226.343628	4.4106e4	0
1201	2067	7.60798	1255.911499	4.6285e4	0
1201	2067	7.60798	1285.792725	5.2394e4	0
1201	2067	7.60798	1295.544678	4.9449e4	0
1202	2069	7.61416	376.902618	9.0471e4	0
1202	2069	7.61416	376.932312	2.6232e4	0
1202	2069	7.61416	378.701050	2.3383e4	0
1202	2069	7.61416	378.707336	1.7949e4	0
1202	2069	7.61416	379.047089	1.6204e4	0
1202	2069	7.61416	379.496124	1.6706e4	0
1202	2069	7.61416	380.397247	2.3665e4	0
1202	2069	7.61416	380.522736	1.8645e4	2
1202	2069	7.61416	380.686249	1.8494e4	2
1202	2069	7.61416	380.895020	1.8410e4	6
1202	2069	7.61416	381.025391	1.6091e4	2
1202	2069	7.61416	381.062103	3.4403e4	6
1202	2069	7.61416	381.184845	1.5630e5	3
1202	2069	7.61416	381.191742	5.2139e4	6
1202	2069	7.61416	381.221954	1.7482e4	0
1202	2069	7.61416	381.513245	1.9785e4	0
1202	2069	7.61416	381.519257	1.2260e5	3
1202	2069	7.61416	381.842773	1.3707e5	3
1202	2069	7.61416	381.853699	2.2547e4	3
1202	2069	7.61416	381.878693	2.5096e4	0
1202	2069	7.61416	382.065216	1.8621e4	0
1202	2069	7.61416	382.177155	8.8929e4	3
1202	2069	7.61416	382.511993	3.1195e4	3
1202	2069	7.61416	383.186218	1.7836e4	0
1202	2069	7.61416	383.207947	2.2755e4	0
1202	2069	7.61416	385.041809	3.5394e4	5
1202	2069	7.61416	385.165619	1.0994e5	0
1202	2069	7.61416	385.238800	3.7610e4	5
1202	2069	7.61416	385.709930	2.7061e4	0
1202	2069	7.61416	386.023529	1.3843e5	0
1202	2069	7.61416	386.172638	2.5030e4	0
1202	2069	7.61416	386.206848	3.9406e4	0
1202	2069	7.61416	386.516113	1.7385e4	0
1202	2069	7.61416	386.842316	1.7482e4	0
1202	2069	7.61416	387.026917	1.9991e4	4
1202	2069	7.61416	387.057465	2.5288e4	0
1202	2069	7.61416	387.275208	6.3013e4	4
1202	2069	7.61416	387.829407	1.8134e4	0
1202	2069	7.61416	387.839294	1.5577e4	0
1202	2069	7.61416	387.847168	1.7849e4	0
1202	2069	7.61416	387.877869	2.0900e4	0
1202	2069	7.61416	388.019379	2.2279e4	0
1202	2069	7.61416	388.278656	2.8865e4	0
1202	2069	7.61416	388.415924	2.0171e4	0
1202	2069	7.61416	389.090607	3.8722e4	0
1202	2069	7.61416	389.844818	6.6278e4	3
1202	2069	7.61416	390.179474	2.9413e4	3
1202	2069	7.61416	390.902069	1.8395e4	3
1202	2069	7.61416	391.185455	2.0709e4	0
1202	2069	7.61416	391.237885	6.4186e4	3
1202	2069	7.61416	391.288177	8.3723e4	0
1202	2069	7.61416	391.503906	3.2912e4	0
1202	2069	7.61416	392.175812	1.5268e4	0
1202	2069	7.61416	392.868561	2.1138e4	0
1202	2069	7.61416	393.062164	3.9819e4	0
1202	2069	7.61416	393.301392	8.3894e4	0
1202	2069	7.61416	393.706818	1.9304e4	0
1202	2069	7.61416	394.051727	3.1879e4	0
1202	2069	7.61416	394.715027	1.2202e5	2
1202	2069	7.61416	394.881592	8.1375e4	3
1202	2069	7.61416	395.077850	6.8754e5	0
1202	2069	7.61416	395.216034	1.9690e4	2
1202	2069	7.61416	395.222473	2.3123e4	0
1202	2069	7.61416	395.520294	5.5547e5	3
1202	2069	7.61416	395.854584	2.6216e5	3
1202	2069	7.61416	396.081146	8.4355e4	0
1202	2069	7.61416	396.189148	5.4717e4	3
1202	2069	7.61416	396.522980	4.8441e4	3
1202	2069	7.61416	396.851776	5.0559e4	3
1202	2069	7.61416	396.870575	2.6103e4	5
1202	2069	7.61416	397.073608	7.4491e4	5
1202	2069	7.61416	397.186096	5.7640e4	3
1202	2069	7.61416	397.520508	2.1237e4	3
1202	2069	7.61416	397.844849	1.8183e4	0
1202	2069	7.61416	399.254517	3.5825e4	0
1202	2069	7.61416	399.350922	2.5136e4	0
1202	2069	7.61416	400.002655	1.6706e4	0
1202	2069	7.61416	400.223541	1.7475e4	0
1202	2069	7.61416	400.851562	3.6832e4	3
1202	2069	7.61416	401.186432	3.0876e4	3
1202	2069	7.61416	402.018555	1.6354e4	0
1202	2069	7.61416	402.249939	4.8394e4	0
1202	2069	7.61416	403.052460	6.3379e5	6
1202	2069	7.61416	403.222870	1.7553e4	6
1202	2069	7.61416	403.235809	2.3739e4	0
1202	2069	7.61416	403.309326	2.2132e4	0
1202	2069	7.61416	404.036530	2.8353e5	0
1202	2069	7.61416	404.055725	6.4632e4	0
1202	2069	7.61416	404.171753	8.6393e4	0
1202	2069	7.61416	405.040802	3.3814e4	0
1202	2069	7.61416	405.048248	1.0305e5	0
1202	2069	7.61416	405.086182	2.5153e4	0
1202	2069	7.61416	405.511047	2.0582e4	0
1202	2069	7.61416	405.725433	1.7300e4	0
1202	2069	7.61416	406.031952	5.8957e4	0
1202	2069	7.61416	406.183044	3.1224e4	3
1202	2069	7.61416	406.517548	2.6804e4	3
1202	2069	7.61416	407.199554	2.1951e4	0
1202	2069	7.61416	407.710083	5.4726e4	2
1202	2069	7.61416	407.882233	1.5763e4	0
1202	2069	7.61416	408.211975	2.3386e4	2
1202	2069	7.61416	409.039246	3.4720e4	0
1202	2069	7.61416	410.227020	2.0109e4	0
1202	2069	7.61416	411.052124	2.2820e4	0
1202	2069	7.61416	411.073059	6.9874e4	0
1202	2069	7.61416	411.211212	2.4498e4	0
1202	2069	7.61416	411.849762	3.8885e4	0
1202	2069	7.61416	412.891998	3.2212e4	0
1202	2069	7.61416	413.270386	6.0414e4	0
1202	2069	7.61416	413.884918	1.7877e4	0
1202	2069	7.61416	414.175934	2.3084e4	0
1202	2069	7.61416	414.854858	1.8519e4	0
1202	2069	7.61416	414.882568	1.8304e4	0
1202	2069	7.61416	415.040314	2.7924e4	0
1202	2069	7.61416	415.197784	9.6086e4	0
1202	2069	7.61416	415.234192	1.8410e4	0
1202	2069	7.61416	415.997894	1.9805e4	5
1202	2069	7.61416	416.034119	8.6274e4	6
1202	2069	7.61416	416.201721	2.2271e4	5
1202	2069	7.61416	416.225677	9.0679e4	2
1202	2069	7.61416	416.301971	1.8245e4	0
1202	2069	7.61416	416.727844	4.5541e4	2
1202	2069	7.61416	417.037140	2.3052e4	0
1202	2069	7.61416	417.121613	2.0135e4	0
1202	2069	7.61416	417.155334	1.5936e4	0
1202	2069	7.61416	419.047546	8.4514e4	0
1202	2069	7.61416	419.121948	2.0154e4	5
1202	2069	7.61416	419.181824	1.6876e4	0
1202	2069	7.61416	419.200592	2.8056e4	0
1202	2069	7.61416	419.319977	3.5988e4	5
1202	2069	7.61416	420.031708	2.2731e4	0
1202	2069	7.61416	420.323273	2.5692e4	0
1202	2069	7.61416	421.046631	7.6331e4	0
1202	2069	7.61416	421.063202	8.9036e6	0
1202	2069	7.61416	421.079926	5.2093e4	0
1202	2069	7.61416	421.089417	1.8354e4	0
1202	2069	7.61416	421.198212	5.2435e4	0
1202	2069	7.61416	422.047333	1.5743e5	6
1202	2069	7.61416	422.066345	1.1282e6	0
1202	2069	7.61416	422.206421	2.2624e4	0
1202	2069	7.61416	422.218750	1.5786e4	6
1202	2069	7.61416	423.052277	2.4780e4	0
1202	2069	7.61416	423.058990	1.6657e6	6
1202	2069	7.61416	423.067261	1.2517e5	0
1202	2069	7.61416	423.204285	1.5691e4	0
1202	2069	7.61416	423.227875	8.7986e4	6
1202	2069	7.61416	423.443512	2.1885e4	0
1202	2069	7.61416	424.042816	1.7774e4	2
1202	2069	7.61416	424.062347	1.6125e5	6
1202	2069	7.61416	424.211945	1.8493e4	6
1202	2069	7.61416	424.223419	8.4195e4	0
1202	2069	7.61416	424.230865	3.0709e4	6
1202	2069	7.61416	424.541473	2.3102e5	3
1202	2069	7.61416	424.875885	1.2858e5	3
1202	2069	7.61416	424.913300	1.6268e4	0
1202	2069	7.61416	425.033844	3.2985e4	0
1202	2069	7.61416	425.054749	1.4656e5	6
1202	2069	7.61416	425.063263	2.7908e4	0
1202	2069	7.61416	425.210510	2.8083e4	3
1202	2069	7.61416	425.218872	4.2165e4	6
1202	2069	7.61416	425.544342	2.3300e4	3
1202	2069	7.61416	426.057312	1.7848e4	0
1202	2069	7.61416	426.875488	1.8846e4	0
1202	2069	7.61416	427.050079	5.2059e4	0
1202	2069	7.61416	427.068817	7.2864e4	0
1202	2069	7.61416	427.866486	2.1885e4	0
1202	2069	7.61416	428.053864	2.3238e4	0
1202	2069	7.61416	428.735352	1.8200e4	3
1202	2069	7.61416	429.049103	1.6734e4	0
1202	2069	7.61416	429.067871	1.7341e4	3
1202	2069	7.61416	429.093048	4.0826e5	0
1202	2069	7.61416	430.049011	2.6154e4	0
1202	2069	7.61416	430.092926	7.5839e4	0
1202	2069	7.61416	430.306396	1.9371e4	0
1202	2069	7.61416	430.892365	1.9965e4	5
1202	2069	7.61416	431.090027	6.9360e4	5
1202	2069	7.61416	432.090118	2.8233e4	0
1202	2069	7.61416	432.890381	1.6423e4	0
1202	2069	7.61416	432.918945	1.6505e4	0
1202	2069	7.61416	434.185028	3.2751e4	0
1202	2069	7.61416	434.875244	4.5059e4	5
1202	2069	7.61416	435.042023	1.8966e4	6
1202	2069	7.61416	435.079346	2.0108e4	5
1202	2069	7.61416	435.132446	1.0927e5	0
1202	2069	7.61416	437.058289	5.4555e5	0
1202	2069	7.61416	437.130066	1.9478e4	0
1202	2069	7.61416	437.832794	1.8802e4	0
1202	2069	7.61416	437.895660	1.9152e4	6
1202	2069	7.61416	438.061523	5.7098e4	6
1202	2069	7.61416	438.090454	1.8463e4	0
1202	2069	7.61416	438.695465	5.1942e5	2
1202	2069	7.61416	439.054138	9.7169e4	0
1202	2069	7.61416	439.187439	6.7367e4	2
1202	2069	7.61416	439.196930	1.5584e5	2
1202	2069	7.61416	439.689178	8.1659e4	2
1202	2069	7.61416	439.698517	7.0242e4	2
1202	2069	7.61416	439.847870	2.5085e4	0
1202	2069	7.61416	441.030060	4.6249e4	0
1202	2069	7.61416	441.302460	2.0241e4	0
1202	2069	7.61416	441.929657	2.0759e4	0
1202	2069	7.61416	442.708618	1.7284e4	2
1202	2069	7.61416	442.716736	6.0339e4	2
1202	2069	7.61416	442.840454	2.1191e4	5
1202	2069	7.61416	442.990448	1.9779e4	0
1202	2069	7.61416	443.001343	2.7104e4	0
1202	2069	7.61416	443.027435	1.8389e5	0
1202	2069	7.61416	443.045471	2.9443e7	3
1202	2069	7.61416	443.063721	1.7044e5	0
1202	2069	7.61416	443.209320	2.5263e4	2
1202	2069	7.61416	443.217712	4.7926e4	2
1202	2069	7.61416	444.029572	6.2750e5	0
1202	2069	7.61416	444.048096	3.6973e6	0
1202	2069	7.61416	444.087830	2.0368e4	0
1202	2069	7.61416	445.022278	1.3115e5	0
1202	2069	7.61416	445.033875	1.1842e5	0
1202	2069	7.61416	445.041229	4.9590e6	0
1202	2069	7.61416	445.049438	3.8964e5	0
1202	2069	7.61416	445.124329	7.8883e5	0
1202	2069	7.61416	445.940247	1.8058e4	0
1202	2069	7.61416	446.025269	1.2758e5	0
1202	2069	7.61416	446.044373	6.6546e5	0
1202	2069	7.61416	446.052734	3.7289e4	0
1202	2069	7.61416	446.124542	1.6176e5	0
1202	2069	7.61416	446.185486	1.8552e4	0
1202	2069	7.61416	446.692078	4.6708e4	2
1202	2069	7.61416	446.843231	1.8178e4	5
1202	2069	7.61416	446.868591	1.7214e4	4
1202	2069	7.61416	446.920471	2.0689e4	5
1202	2069	7.61416	447.017792	2.9703e4	3
1202	2069	7.61416	447.028778	1.2823e4	3
1202	2069	7.61416	447.037048	3.7959e5	6
1202	2069	7.61416	447.046021	8.7055e4	5
1202	2069	7.61416	447.121460	1.4634e5	4
1202	2069	7.61416	447.129303	2.2412e4	0
1202	2069	7.61416	447.193970	2.2874e4	2
1202	2069	7.61416	447.351288	2.9208e4	3
1202	2069	7.61416	447.845276	7.3909e4	3
1202	2069	7.61416	448.040710	1.8437e4	0
1202	2069	7.61416	448.121643	6.2004e4	0
1202	2069	7.61416	448.180359	3.2187e4	3
1202	2069	7.61416	448.260040	5.1218e5	4
1202	2069	7.61416	448.514618	1.8336e4	3
1202	2069	7.61416	449.094696	5.7548e4	6
1202	2069	7.61416	449.263458	1.2774e5	6
1202	2069	7.61416	449.909790	2.6897e4	0
1202	2069	7.61416	450.266144	1.8373e4	0
1202	2069	7.61416	450.424622	2.4205e4	0
1202	2069	7.61416	450.716431	7.5214e4	2
1202	2069	7.61416	451.030914	2.0391e4	0
1202	2069	7.61416	451.218567	2.9488e4	2
1202	2069	7.61416	452.219269	2.4629e4	0
1202	2069	7.61416	452.370789	1.7679e4	0
1202	2069	7.61416	452.885468	9.1309e4	6
1202	2069	7.61416	453.053436	6.9867e4	6
1202	2069	7.61416	453.261505	5.1888e4	0
1202	2069	7.61416	453.835022	2.2318e4	0
1202	2069	7.61416	454.690521	4.7297e4	2
1202	2069	7.61416	454.881989	2.1389e4	6
1202	2069	7.61416	455.049561	1.6285e4	6
1202	2069	7.61416	455.192505	2.5691e4	2
1202	2069	7.61416	455.405701	1.9963e4	0
1202	2069	7.61416	456.297607	5.7910e4	0
1202	2069	7.61416	456.857117	2.1182e4	5
1202	2069	7.61416	457.061249	3.7596e4	5
1202	2069	7.61416	458.056824	2.1304e4	0
1202	2069	7.61416	458.869202	2.0495e4	6
1202	2069	7.61416	459.010712	2.0410e5	0
1202	2069	7.61416	459.019714	7.1925e5	0
1202	2069	7.61416	459.040497	2.4795e6	6
1202	2069	7.61416	459.994415	2.1986e4	4
1202	2069	7.61416	460.014923	2.3919e4	0
1202	2069	7.61416	460.023682	1.2077e5	0
1202	2069	7.61416	460.043793	2.7784e5	5
1202	2069	7.61416	460.245209	1.5640e4	4
1202	2069	7.61416	460.979919	1.7189e4	0
1202	2069	7.61416	460.996277	1.9995e4	0
1202	2069	7.61416	461.006531	3.9425e4	0
1202	2069	7.61416	461.016541	1.3669e5	0
1202	2069	7.61416	461.036285	4.6536e5	0
1202	2069	7.61416	461.044617	4.9039e4	0
1202	2069	7.61416	461.440979	1.7713e4	0
1202	2069	7.61416	462.039825	3.6848e4	0
1202	2069	7.61416	462.151276	8.1362e4	0
1202	2069	7.61416	462.687714	2.2530e4	6
1202	2069	7.61416	462.857269	2.1504e4	6
1202	2069	7.61416	463.032135	3.5551e4	0
1202	2069	7.61416	463.840851	2.1589e4	0
1202	2069	7.61416	464.069550	1.4085e5	0
1202	2069	7.61416	465.027649	1.2871e5	0
1202	2069	7.61416	466.010559	2.1487e4	0
1202	2069	7.61416	466.031372	2.3217e4	0
1202	2069	7.61416	467.003632	4.8535e4	0
1202	2069	7.61416	467.230072	3.2949e4	0
1202	2069	7.61416	467.904785	2.1429e4	0
1202	2069	7.61416	468.842529	2.1973e4	5
1202	2069	7.61416	468.911102	1.8660e4	3
1202	2069	7.61416	469.019073	1.9668e4	0
1202	2069	7.61416	469.042145	3.8285e4	5
1202	2069	7.61416	469.245209	3.4895e4	5
1202	2069	7.61416	469.980804	2.9326e4	0
1202	2069	7.61416	470.242157	5.8564e4	0
1202	2069	7.61416	470.325714	2.6465e4	0
1202	2069	7.61416	471.077271	7.9473e4	0
1202	2069	7.61416	472.079712	1.7390e4	0
1202	2069	7.61416	473.073151	2.6089e4	0
1202	2069	7.61416	473.848877	1.8357e4	0
1202	2069	7.61416	473.975281	8.6672e4	0
1202	2069	7.61416	474.938965	2.0324e4	0
1202	2069	7.61416	475.014771	6.7468e4	4
1202	2069	7.61416	475.035645	7.0988e5	0
1202	2069	7.61416	475.111053	7.8883e4	0
1202	2069	7.61416	475.263519	2.9510e4	4
1202	2069	7.61416	476.017975	1.8931e4	0
1202	2069	7.61416	476.038788	9.0786e4	0
1202	2069	7.61416	476.276215	1.8889e4	0
1202	2069	7.61416	476.983368	4.4511e4	0
1202	2069	7.61416	477.031433	1.4152e5	0
1202	2069	7.61416	477.827911	5.4350e4	0
1202	2069	7.61416	477.985962	1.9516e4	0
1202	2069	7.61416	478.207703	3.8864e4	0
1202	2069	7.61416	479.219910	4.6126e4	0
1202	2069	7.61416	480.261444	2.2228e4	0
1202	2069	7.61416	480.992767	1.4237e5	0
1202	2069	7.61416	481.839447	2.5034e4	0
1202	2069	7.61416	481.996185	2.5170e4	0
1202	2069	7.61416	482.938599	2.3035e4	0
1202	2069	7.61416	482.988098	2.0492e4	0
1202	2069	7.61416	483.782715	3.4373e4	2
1202	2069	7.61416	483.807098	2.2850e4	0
1202	2069	7.61416	484.072449	6.8762e4	0
1202	2069	7.61416	484.284210	3.6029e4	2
1202	2069	7.61416	486.051788	4.3741e5	0
1202	2069	7.61416	486.224213	3.4640e4	0
1202	2069	7.61416	486.233215	2.5283e4	0
1202	2069	7.61416	487.010223	4.9835e4	0
1202	2069	7.61416	487.054993	7.8287e4	0
1202	2069	7.61416	487.071899	5.4532e4	0
1202	2069	7.61416	488.047668	7.5616e4	0
1202	2069	7.61416	488.057373	2.1380e4	0
1202	2069	7.61416	489.272400	1.6862e4	0
1202	2069	7.61416	489.823517	2.7041e4	0
1202	2069	7.61416	489.969849	3.9672e4	0
1202	2069	7.61416	491.010498	3.2974e4	0
1202	2069	7.61416	491.030670	6.1285e4	0
1202	2069	7.61416	491.963623	2.0944e4	0
1202	2069	7.61416	492.823273	1.7762e4	0
1202	2069	7.61416	493.120850	2.0660e4	0
1202	2069	7.61416	493.405060	1.8776e4	0
1202	2069	7.61416	495.100067	2.0153e4	0
1202	2069	7.61416	495.838989	2.4125e4	0
1202	2069	7.61416	495.870178	1.8302e4	0
1202	2069	7.61416	495.957275	4.8631e4	0
1202	2069	7.61416	496.850037	4.3242e4	0
1202	2069	7.61416	496.873810	2.1749e4	0
1202	2069	7.61416	496.957977	5.2104e4	0
1202	2069	7.61416	497.213806	4.2171e4	0
1202	2069	7.61416	497.773651	1.8351e4	0
1202	2069	7.61416	498.797455	1.8206e4	6
1202	2069	7.61416	498.954468	2.5289e4	0
1202	2069	7.61416	498.965088	1.9351e4	6
1202	2069	7.61416	498.983582	2.0718e4	0
1202	2069	7.61416	499.126740	2.3158e4	0
1202	2069	7.61416	500.961731	1.9869e4	0
1202	2069	7.61416	501.391357	3.0191e4	0
1202	2069	7.61416	502.025269	1.8680e4	0
1202	2069	7.61416	502.046722	5.7711e4	0
1202	2069	7.61416	502.974915	5.3391e4	0
1202	2069	7.61416	503.112610	2.1217e5	0
1202	2069	7.61416	503.299591	2.1412e4	0
1202	2069	7.61416	504.112457	5.9724e4	0
1202	2069	7.61416	505.109619	5.0543e4	0
1202	2069	7.61416	506.233002	3.1418e4	0
1202	2069	7.61416	506.860443	2.0898e4	0
1202	2069	7.61416	507.100983	4.7129e4	0
1202	2069	7.61416	507.238220	6.9810e5	2
1202	2069	7.61416	507.739685	4.3014e5	2
1202	2069	7.61416	508.241180	1.1786e5	2
1202	2069	7.61416	508.742737	3.2587e4	2
1202	2069	7.61416	508.805023	1.8045e4	0
1202	2069	7.61416	509.235626	4.1890e4	0
1202	2069	7.61416	512.346558	1.8083e4	0
1202	2069	7.61416	514.228577	3.1136e4	0
1202	2069	7.61416	514.376892	2.4629e4	0
1202	2069	7.61416	514.746643	5.9920e4	2
1202	2069	7.61416	514.766052	2.9649e4	0
1202	2069	7.61416	515.235779	5.7128e4	2
1202	2069	7.61416	515.248474	6.7424e4	2
1202	2069	7.61416	515.737976	2.6804e4	2
1202	2069	7.61416	516.885498	2.4310e4	0
1202	2069	7.61416	516.957153	2.0091e4	0
1202	2069	7.61416	518.229309	7.8332e4	2
1202	2069	7.61416	518.730835	3.7223e4	2
1202	2069	7.61416	519.144104	2.1159e5	0
1202	2069	7.61416	520.144104	9.5990e4	0
1202	2069	7.61416	521.140930	4.5240e4	0
1202	2069	7.61416	523.233337	5.5415e4	2
1202	2069	7.61416	523.734985	4.9723e4	2
1202	2069	7.61416	524.235596	2.0348e4	2
1202	2069	7.61416	524.955933	2.3608e4	0
1202	2069	7.61416	525.111755	2.7475e5	0
1202	2069	7.61416	526.211243	2.9956e4	2
1202	2069	7.61416	526.713684	2.3833e4	2
1202	2069	7.61416	527.107544	5.7753e4	0
1202	2069	7.61416	528.728271	2.4228e4	0
1202	2069	7.61416	529.220459	6.8523e4	2
1202	2069	7.61416	529.721924	2.6914e4	2
1202	2069	7.61416	530.208252	2.7265e4	0
1202	2069	7.61416	530.252075	2.1303e4	0
1202	2069	7.61416	530.841492	2.2183e4	0
1202	2069	7.61416	530.851929	2.3767e4	4
1202	2069	7.61416	531.099670	3.0324e4	4
1202	2069	7.61416	531.231323	5.7200e4	0
1202	2069	7.61416	531.282898	2.0972e5	0
1202	2069	7.61416	531.756653	1.9114e4	6
1202	2069	7.61416	531.824280	2.5108e4	0
1202	2069	7.61416	531.921143	1.9494e4	6
1202	2069	7.61416	532.286438	5.3456e4	0
1202	2069	7.61416	532.910095	2.6160e4	0
1202	2069	7.61416	532.923889	2.2329e4	0
1202	2069	7.61416	533.914185	2.3582e4	0
1202	2069	7.61416	536.170898	1.0075e5	0
1202	2069	7.61416	536.312866	2.8824e4	0
1202	2069	7.61416	536.903625	1.9629e4	0
1202	2069	7.61416	537.171875	2.2452e4	0
1202	2069	7.61416	537.218994	2.3271e4	0
1202	2069	7.61416	538.089111	3.7752e4	0
1202	2069	7.61416	538.894104	2.2819e4	0
1202	2069	7.61416	538.917358	2.8804e4	0
1202	2069	7.61416	539.266174	2.2858e4	0
1202	2069	7.61416	539.355896	2.1725e4	0
1202	2069	7.61416	540.211304	3.7922e4	2
1202	2069	7.61416	540.712646	2.7437e4	2
1202	2069	7.61416	542.138794	3.6938e4	0
1202	2069	7.61416	542.840027	2.4897e4	0
1202	2069	7.61416	545.274109	3.4566e4	0
1202	2069	7.61416	545.857971	2.4900e4	0
1202	2069	7.61416	547.020630	6.8992e4	0
1202	2069	7.61416	547.093994	2.8659e5	0
1202	2069	7.61416	548.097107	7.0703e4	0
1202	2069	7.61416	549.006287	3.1902e4	0
1202	2069	7.61416	549.090088	7.8274e4	0
1202	2069	7.61416	549.846375	2.0036e4	0
1202	2069	7.61416	550.790100	2.5652e4	0
1202	2069	7.61416	551.424622	2.2551e4	0
1202	2069	7.61416	552.333557	2.2976e4	0
1202	2069	7.61416	552.375671	2.2005e4	0
1202	2069	7.61416	553.312866	2.0143e4	0
1202	2069	7.61416	554.271667	2.3480e4	0
1202	2069	7.61416	555.888489	2.1624e4	0
1202	2069	7.61416	556.350281	3.2504e4	0
1202	2069	7.61416	556.732605	2.1821e4	4
1202	2069	7.61416	556.979187	7.6260e4	4
1202	2069	7.61416	557.780457	1.9611e4	6
1202	2069	7.61416	557.953186	2.1327e4	6
1202	2069	7.61416	558.258179	1.8537e4	0
1202	2069	7.61416	558.356262	2.6611e4	0
1202	2069	7.61416	558.989441	1.8694e4	0
1202	2069	7.61416	559.359741	2.6004e4	0
1202	2069	7.61416	560.071655	3.3321e5	0
1202	2069	7.61416	560.293823	2.1363e4	0
1202	2069	7.61416	561.074341	6.3371e4	0
1202	2069	7.61416	562.067200	6.9336e4	0
1202	2069	7.61416	562.325134	3.3860e4	0
1202	2069	7.61416	562.337646	2.4243e4	0
1202	2069	7.61416	563.070801	8.3181e4	0
1202	2069	7.61416	563.088745	4.0559e4	0
1202	2069	7.61416	566.409607	2.1194e4	0
1202	2069	7.61416	567.832703	2.0116e4	0
1202	2069	7.61416	568.861145	2.4932e4	0
1202	2069	7.61416	569.469116	2.2081e4	0
1202	2069	7.61416	569.817322	2.3588e4	0
1202	2069	7.61416	570.352966	2.4548e4	2
1202	2069	7.61416	570.852539	2.3785e4	2
1202	2069	7.61416	570.989441	2.1668e4	0
1202	2069	7.61416	571.832764	3.2962e4	0
1202	2069	7.61416	572.261414	3.7113e4	0
1202	2069	7.61416	572.857483	2.5127e4	0
1202	2069	7.61416	574.326599	2.7732e4	0
1202	2069	7.61416	574.782471	2.8494e4	0
1202	2069	7.61416	575.376038	2.3079e4	0
1202	2069	7.61416	575.812561	3.0910e4	4
1202	2069	7.61416	576.066956	2.4600e4	4
1202	2069	7.61416	577.132080	2.6704e4	0
1202	2069	7.61416	578.133301	2.7991e4	0
1202	2069	7.61416	580.278320	2.8410e4	0
1202	2069	7.61416	580.395691	2.4702e4	0
1202	2069	7.61416	580.953430	2.1853e4	0
1202	2069	7.61416	583.289490	1.4542e5	0
1202	2069	7.61416	583.302490	2.4585e4	0
1202	2069	7.61416	584.293274	3.5719e4	0
1202	2069	7.61416	584.901184	2.1431e4	0
1202	2069	7.61416	585.374573	2.4140e4	0
1202	2069	7.61416	585.953735	3.1490e4	0
1202	2069	7.61416	586.953186	2.1969e4	0
1202	2069	7.61416	589.351807	2.4603e4	0
1202	2069	7.61416	590.252258	3.0406e4	0
1202	2069	7.61416	592.777222	2.5582e4	0
1202	2069	7.61416	593.164124	4.0789e4	0
1202	2069	7.61416	593.925049	2.8457e4	0
1202	2069	7.61416	594.850952	3.3573e4	0
1202	2069	7.61416	598.913635	3.4174e4	0
1202	2069	7.61416	600.939758	3.0145e4	0
1202	2069	7.61416	601.013062	2.2225e4	0
1202	2069	7.61416	601.118286	2.4619e4	0
1202	2069	7.61416	602.920044	2.5785e4	0
1202	2069	7.61416	604.098267	1.4416e5	0
1202	2069	7.61416	605.100159	3.5727e4	0
1202	2069	7.61416	606.093628	4.6410e4	0
1202	2069	7.61416	606.802429	3.3282e4	0
1202	2069	7.61416	607.262390	2.9600e4	0
1202	2069	7.61416	608.263611	1.5332e5	0
1202	2069	7.61416	608.786804	2.7441e4	0
1202	2069	7.61416	609.267761	3.0602e4	0
1202	2069	7.61416	610.192139	2.9937e4	0
1202	2069	7.61416	612.340576	3.2039e4	0
1202	2069	7.61416	613.808716	2.8592e4	0
1202	2069	7.61416	618.314087	2.6694e4	0
1202	2069	7.61416	618.367188	3.2302e4	0
1202	2069	7.61416	618.454041	2.2607e4	0
1202	2069	7.61416	620.800171	2.0492e4	0
1202	2069	7.61416	621.875854	2.7909e4	0
1202	2069	7.61416	624.260742	2.5629e4	0
1202	2069	7.61416	626.806274	2.2317e4	0
1202	2069	7.61416	628.921326	2.4217e4	0
1202	2069	7.61416	630.245850	4.9152e4	2
1202	2069	7.61416	630.748840	2.7000e4	2
1202	2069	7.61416	631.249329	2.3480e4	2
1202	2069	7.61416	631.801392	2.4021e4	0
1202	2069	7.61416	632.413391	2.3962e4	0
1202	2069	7.61416	632.852234	2.6710e4	0
1202	2069	7.61416	633.804688	2.2424e4	0
1202	2069	7.61416	634.291321	3.8831e4	0
1202	2069	7.61416	636.765991	2.6013e4	0
1202	2069	7.61416	638.403503	2.7988e4	0
1202	2069	7.61416	638.822693	2.5686e4	0
1202	2069	7.61416	639.875549	2.3819e4	0
1202	2069	7.61416	640.860413	3.0326e4	0
1202	2069	7.61416	641.414429	2.4652e4	0
1202	2069	7.61416	642.048096	2.2972e4	0
1202	2069	7.61416	642.328857	3.8739e4	0
1202	2069	7.61416	642.905945	2.6517e4	0
1202	2069	7.61416	642.985229	2.1060e4	0
1202	2069	7.61416	643.311157	8.4945e4	0
1202	2069	7.61416	644.316162	2.5687e4	3
1202	2069	7.61416	644.355713	2.7042e4	0
1202	2069	7.61416	644.435059	3.1894e4	0
1202	2069	7.61416	644.653748	2.1625e4	3
1202	2069	7.61416	645.931946	2.2873e4	0
1202	2069	7.61416	646.765808	2.7675e4	0
1202	2069	7.61416	647.274292	3.6723e4	0
1202	2069	7.61416	647.299561	2.5591e4	0
1202	2069	7.61416	647.915649	3.3461e4	0
1202	2069	7.61416	648.747070	2.6897e4	0
1202	2069	7.61416	651.362976	3.0237e4	0
1202	2069	7.61416	651.439941	3.2400e4	0
1202	2069	7.61416	652.909058	2.5570e4	0
1202	2069	7.61416	654.376831	3.0610e4	0
1202	2069	7.61416	660.038635	2.5950e4	0
1202	2069	7.61416	664.851013	3.4004e4	0
1202	2069	7.61416	667.817383	2.9790e4	0
1202	2069	7.61416	667.873413	3.6985e4	0
1202	2069	7.61416	668.399963	3.0714e4	0
1202	2069	7.61416	670.942627	2.9464e4	0
1202	2069	7.61416	671.264771	3.9018e4	0
1202	2069	7.61416	672.411316	2.3837e4	0
1202	2069	7.61416	672.877747	2.9314e4	0
1202	2069	7.61416	673.791992	3.9857e4	0
1202	2069	7.61416	674.758667	2.8155e4	4
1202	2069	7.61416	675.003906	3.0774e4	4
1202	2069	7.61416	676.883301	3.3517e4	0
1202	2069	7.61416	679.259888	2.3280e4	0
1202	2069	7.61416	679.873413	2.6232e4	0
1202	2069	7.61416	682.382935	3.0733e4	0
1202	2069	7.61416	683.043762	2.7166e4	0
1202	2069	7.61416	686.261475	2.7730e4	0
1202	2069	7.61416	689.418884	3.1357e4	0
1202	2069	7.61416	690.404724	2.6413e4	0
1202	2069	7.61416	690.422668	2.6622e4	0
1202	2069	7.61416	690.882080	2.7189e4	0
1202	2069	7.61416	691.950500	2.6811e4	0
1202	2069	7.61416	692.299194	3.2756e4	0
1202	2069	7.61416	692.768555	7.9754e4	0
1202	2069	7.61416	693.860168	2.7263e4	0
1202	2069	7.61416	694.888367	2.9063e4	0
1202	2069	7.61416	699.174866	3.0497e4	0
1202	2069	7.61416	699.297546	3.2792e4	0
1202	2069	7.61416	700.283813	3.2315e4	0
1202	2069	7.61416	700.376038	3.1916e4	0
1202	2069	7.61416	701.375854	2.9768e4	0
1202	2069	7.61416	703.846619	2.7623e4	0
1202	2069	7.61416	704.367310	2.8169e4	0
1202	2069	7.61416	705.372681	2.3906e4	0
1202	2069	7.61416	705.895386	3.1846e4	2
1202	2069	7.61416	706.391663	2.8523e4	2
1202	2069	7.61416	706.414673	2.8024e4	0
1202	2069	7.61416	707.892578	2.8702e4	0
1202	2069	7.61416	708.347717	3.0184e4	0
1202	2069	7.61416	709.848450	3.4406e4	0
1202	2069	7.61416	710.735229	2.5537e4	0
1202	2069	7.61416	720.353027	2.6004e4	0
1202	2069	7.61416	720.833313	3.1888e4	0
1202	2069	7.61416	722.254944	3.0651e4	0
1202	2069	7.61416	722.817993	2.9271e4	0
1202	2069	7.61416	723.838806	4.0977e4	0
1202	2069	7.61416	726.030029	3.2658e4	0
1202	2069	7.61416	726.338013	2.5780e4	0
1202	2069	7.61416	726.776794	3.5190e4	0
1202	2069	7.61416	726.804077	2.8737e4	0
1202	2069	7.61416	726.919678	2.6941e4	0
1202	2069	7.61416	729.515747	3.0981e4	0
1202	2069	7.61416	729.626953	2.4914e4	0
1202	2069	7.61416	733.596741	2.8642e4	0
1202	2069	7.61416	733.959534	2.6010e4	0
1202	2069	7.61416	739.387756	3.6861e4	0
1202	2069	7.61416	742.429138	2.9227e4	0
1202	2069	7.61416	746.379456	3.3433e4	0
1202	2069	7.61416	750.762695	2.9450e4	0
1202	2069	7.61416	758.349915	2.8496e4	0
1202	2069	7.61416	759.794983	3.5467e4	0
1202	2069	7.61416	760.349976	3.1190e4	0
1202	2069	7.61416	763.867493	3.2635e4	0
1202	2069	7.61416	767.491577	3.2881e4	0
1202	2069	7.61416	768.775696	3.1196e4	0
1202	2069	7.61416	768.811646	4.3813e4	0
1202	2069	7.61416	777.308228	2.8846e4	0
1202	2069	7.61416	785.736511	3.0561e4	0
1202	2069	7.61416	787.348328	2.9418e4	0
1202	2069	7.61416	789.754578	3.0538e4	0
1202	2069	7.61416	791.954468	2.5933e4	0
1202	2069	7.61416	796.202576	3.2200e4	0
1202	2069	7.61416	796.221680	3.3812e4	0
1202	2069	7.61416	798.437805	2.8152e4	0
1202	2069	7.61416	799.920776	3.0096e4	0
1202	2069	7.61416	801.864441	2.9600e4	0
1202	2069	7.61416	802.229614	2.5695e4	0
1202	2069	7.61416	803.370117	3.8287e4	0
1202	2069	7.61416	808.842346	6.3202e4	0
1202	2069	7.61416	809.886841	4.1357e4	0
1202	2069	7.61416	810.847656	3.7222e4	0
1202	2069	7.61416	811.281189	2.9696e4	0
1202	2069	7.61416	811.895752	3.1145e4	0
1202	2069	7.61416	812.811035	2.9004e4	0
1202	2069	7.61416	814.047241	3.0708e4	0
1202	2069	7.61416	814.775879	3.6480e4	0
1202	2069	7.61416	815.711853	2.6874e4	0
1202	2069	7.61416	816.776917	3.5752e4	0
1202	2069	7.61416	819.421936	3.4839e4	0
1202	2069	7.61416	819.821289	3.1780e4	0
1202	2069	7.61416	820.441162	3.6380e4	0
1202	2069	7.61416	822.426147	3.3049e4	0
1202	2069	7.61416	823.360168	3.1408e4	0
1202	2069	7.61416	825.254883	2.9478e4	0
1202	2069	7.61416	826.673645	3.0192e4	0
1202	2069	7.61416	828.092834	2.8656e4	0
1202	2069	7.61416	828.115662	3.6934e4	0
1202	2069	7.61416	831.713196	2.9926e4	0
1202	2069	7.61416	831.737549	2.8119e4	0
1202	2069	7.61416	833.470764	2.5881e4	0
1202	2069	7.61416	833.886536	3.3280e4	0
1202	2069	7.61416	835.866028	2.8491e4	0
1202	2069	7.61416	835.907776	3.3107e4	0
1202	2069	7.61416	838.503418	3.2670e4	0
1202	2069	7.61416	838.872803	2.9411e4	0
1202	2069	7.61416	841.385559	3.1326e4	0
1202	2069	7.61416	841.464233	2.8095e4	0
1202	2069	7.61416	842.769165	3.5638e4	0
1202	2069	7.61416	846.313965	3.2032e4	0
1202	2069	7.61416	850.758362	3.7915e4	0
1202	2069	7.61416	854.261108	3.6884e4	0
1202	2069	7.61416	856.768860	3.1698e4	0
1202	2069	7.61416	858.348328	3.0679e4	0
1202	2069	7.61416	860.842957	4.2652e4	0
1202	2069	7.61416	866.617493	2.9933e4	0
1202	2069	7.61416	866.925293	3.4023e4	0
1202	2069	7.61416	869.077454	4.1687e4	0
1202	2069	7.61416	870.014343	3.6710e4	0
1202	2069	7.61416	870.224548	3.7342e4	0
1202	2069	7.61416	870.861084	3.0015e4	0
1202	2069	7.61416	875.844543	3.3751e4	0
1202	2069	7.61416	890.240906	3.4408e4	0
1202	2069	7.61416	890.652954	3.1895e4	0
1202	2069	7.61416	891.376648	3.5360e4	0
1202	2069	7.61416	898.368591	3.6465e4	0
1202	2069	7.61416	900.912476	3.4573e4	0
1202	2069	7.61416	903.359680	3.7852e4	0
1202	2069	7.61416	906.451782	4.1435e4	3
1202	2069	7.61416	906.794312	2.9843e4	3
1202	2069	7.61416	909.847412	3.3002e4	0
1202	2069	7.61416	911.221802	3.1494e4	0
1202	2069	7.61416	913.458435	3.2435e4	0
1202	2069	7.61416	921.792480	3.9171e4	0
1202	2069	7.61416	921.895569	4.5502e4	0
1202	2069	7.61416	928.825867	3.3788e4	0
1202	2069	7.61416	930.917358	4.8881e4	0
1202	2069	7.61416	935.343994	3.4238e4	0
1202	2069	7.61416	940.556335	3.4785e4	0
1202	2069	7.61416	945.696533	4.1614e4	0
1202	2069	7.61416	947.829834	4.7746e4	0
1202	2069	7.61416	949.801941	3.4043e4	0
1202	2069	7.61416	953.187317	3.1097e4	0
1202	2069	7.61416	956.716370	3.3351e4	0
1202	2069	7.61416	964.853821	3.5788e4	0
1202	2069	7.61416	969.305969	3.5004e4	0
1202	2069	7.61416	973.065308	3.4047e4	0
1202	2069	7.61416	976.574890	3.0000e4	0
1202	2069	7.61416	977.444031	3.6309e4	0
1202	2069	7.61416	978.578491	3.9332e4	0
1202	2069	7.61416	984.215881	3.9394e4	0
1202	2069	7.61416	998.726074	4.6731e4	0
1202	2069	7.61416	1013.269287	3.4362e4	5
1202	2069	7.61416	1013.470032	4.4792e4	5
1202	2069	7.61416	1024.862305	3.7286e4	0
1202	2069	7.61416	1031.485229	3.8919e4	0
1202	2069	7.61416	1037.044678	3.4962e4	0
1202	2069	7.61416	1052.052002	3.5541e4	0
1202	2069	7.61416	1057.790039	3.8324e4	0
1202	2069	7.61416	1063.476318	3.9553e4	0
1202	2069	7.61416	1063.879395	4.8334e4	0
1202	2069	7.61416	1066.850708	4.4361e4	0
1202	2069	7.61416	1070.184326	5.3357e4	0
1202	2069	7.61416	1070.820435	3.7329e4	0
1202	2069	7.61416	1079.307861	3.8442e4	0
1202	2069	7.61416	1100.843994	3.8880e4	0
1202	2069	7.61416	1106.424805	3.5846e4	0
1202	2069	7.61416	1126.909180	3.6399e4	0
1202	2069	7.61416	1131.598145	3.9257e4	0
1202	2069	7.61416	1133.827148	3.9597e4	0
1202	2069	7.61416	1142.766724	4.5923e4	0
1202	2069	7.61416	1250.559692	3.8550e4	0
1202	2069	7.61416	1250.643433	3.6639e4	0
1202	2069	7.61416	1264.768066	4.4284e4	0
1202	2069	7.61416	1274.835693	4.2373e4	0
1202	2069	7.61416	1307.373657	4.8692e4	0
1202	2069	7.61416	1309.024048	3.6387e4	0
1202	2069	7.61416	1311.146606	3.9197e4	0
1202	2069	7.61416	1325.373901	4.9598e4	0
1202	2069	7.61416	1331.102783	3.7462e4	0
1203	2071	7.62052	376.902893	7.8680e4	0
1203	2071	7.62052	377.433044	1.3088e4	0
1203	2071	7.62052	377.902313	1.7985e4	0
1203	2071	7.62052	379.046417	1.9719e4	0
1203	2071	7.62052	379.166718	1.7033e4	0
1203	2071	7.62052	379.222992	2.4707e4	0
1203	2071	7.62052	379.453339	1.7671e4	0
1203	2071	7.62052	380.840546	3.4246e4	0
1203	2071	7.62052	380.874542	1.3475e4	0
1203	2071	7.62052	380.888062	2.9091e4	2
1203	2071	7.62052	381.062042	5.5252e4	0
1203	2071	7.62052	381.154633	2.8032e4	0
1203	2071	7.62052	381.184998	1.7339e5	3
1203	2071	7.62052	381.192291	4.1225e4	0
1203	2071	7.62052	381.286804	1.2635e4	0
1203	2071	7.62052	381.387817	1.5236e4	2
1203	2071	7.62052	381.513000	3.1702e4	5
1203	2071	7.62052	381.519592	5.4115e4	3
1203	2071	7.62052	381.710907	1.3624e4	5
1203	2071	7.62052	381.842987	7.9605e4	3
1203	2071	7.62052	381.854126	2.8251e4	3
1203	2071	7.62052	382.177246	9.1050e4	3
1203	2071	7.62052	382.183319	1.6806e4	0
1203	2071	7.62052	383.011566	1.8332e4	0
1203	2071	7.62052	383.336121	1.3851e4	0
1203	2071	7.62052	385.041748	6.0724e4	0
1203	2071	7.62052	385.165771	9.0747e4	0
1203	2071	7.62052	385.238251	3.8625e4	0
1203	2071	7.62052	385.259735	5.2223e4	0
1203	2071	7.62052	385.709290	2.6399e4	2
1203	2071	7.62052	386.023682	1.6624e5	0
1203	2071	7.62052	386.040955	1.2888e4	3
1203	2071	7.62052	386.116241	1.5637e4	0
1203	2071	7.62052	386.170807	1.5707e4	0
1203	2071	7.62052	386.207428	4.9107e4	2
1203	2071	7.62052	386.242828	2.1050e4	5
1203	2071	7.62052	386.516510	3.1813e4	3
1203	2071	7.62052	386.709167	1.6226e4	2
1203	2071	7.62052	386.851013	3.2156e4	3
1203	2071	7.62052	386.867401	1.7746e4	0
1203	2071	7.62052	387.026917	3.4066e4	4
1203	2071	7.62052	387.275391	7.8090e4	4
1203	2071	7.62052	387.517944	1.6414e4	2
1203	2071	7.62052	388.019104	2.3696e4	2
1203	2071	7.62052	388.259216	2.0704e4	0
1203	2071	7.62052	388.879761	1.7915e4	0
1203	2071	7.62052	389.091187	2.7935e4	0
1203	2071	7.62052	389.844574	1.6046e4	3
1203	2071	7.62052	389.879120	1.4951e4	0
1203	2071	7.62052	390.164032	1.8703e4	0
1203	2071	7.62052	390.179535	4.1292e4	3
1203	2071	7.62052	390.531647	2.0398e4	0
1203	2071	7.62052	391.046509	1.4607e4	0
1203	2071	7.62052	391.237885	6.4998e4	0
1203	2071	7.62052	391.288330	8.0137e4	0
1203	2071	7.62052	391.504150	3.2233e4	3
1203	2071	7.62052	391.676605	1.8422e4	6
1203	2071	7.62052	391.840210	1.7253e4	3
1203	2071	7.62052	391.847992	1.8431e4	0
1203	2071	7.62052	392.241821	1.8084e4	0
1203	2071	7.62052	392.290985	1.5674e4	0
1203	2071	7.62052	393.062256	2.0717e4	0
1203	2071	7.62052	393.301849	8.4051e4	0
1203	2071	7.62052	393.577881	1.4840e4	0
1203	2071	7.62052	394.051971	3.4511e4	4
1203	2071	7.62052	394.304626	1.7736e4	4
1203	2071	7.62052	394.453888	1.5713e4	0
1203	2071	7.62052	394.715149	7.8142e4	2
1203	2071	7.62052	394.721344	2.1460e4	0
1203	2071	7.62052	394.881775	8.7832e4	3
1203	2071	7.62052	395.070496	1.8260e4	0
1203	2071	7.62052	395.078094	6.5081e5	0
1203	2071	7.62052	395.085632	2.3152e4	5
1203	2071	7.62052	395.216614	5.8870e4	2
1203	2071	7.62052	395.520447	4.5390e5	3
1203	2071	7.62052	395.848358	2.2892e4	3
1203	2071	7.62052	395.854858	2.8782e5	3
1203	2071	7.62052	396.081512	6.2304e4	0
1203	2071	7.62052	396.182404	3.8930e4	3
1203	2071	7.62052	396.189270	8.9726e4	3
1203	2071	7.62052	396.517151	1.5196e4	3
1203	2071	7.62052	396.851807	4.7140e4	3
1203	2071	7.62052	397.073761	7.2918e4	0
1203	2071	7.62052	397.179810	3.7545e4	0
1203	2071	7.62052	397.187042	3.5386e4	3
1203	2071	7.62052	397.223358	1.7688e4	0
1203	2071	7.62052	397.913361	1.3475e4	6
1203	2071	7.62052	398.076904	1.6698e4	6
1203	2071	7.62052	398.194702	1.4029e4	0
1203	2071	7.62052	399.093781	1.5031e4	0
1203	2071	7.62052	399.254578	4.9715e4	0
1203	2071	7.62052	399.330566	1.4410e4	0
1203	2071	7.62052	399.351257	2.0852e4	0
1203	2071	7.62052	400.003143	1.8542e4	0
1203	2071	7.62052	400.180664	1.6343e4	3
1203	2071	7.62052	400.409912	1.3539e4	0
1203	2071	7.62052	400.515045	1.3835e4	3
1203	2071	7.62052	400.852295	4.3919e4	3
1203	2071	7.62052	400.886322	1.6818e4	0
1203	2071	7.62052	401.011292	1.3987e4	0
1203	2071	7.62052	401.036804	2.4168e4	0
1203	2071	7.62052	401.160889	1.9841e4	0
1203	2071	7.62052	401.187378	2.2052e4	3
1203	2071	7.62052	401.454834	1.7690e4	0
1203	2071	7.62052	401.675079	1.6787e4	0
1203	2071	7.62052	401.997864	1.3502e4	4
1203	2071	7.62052	402.018951	2.5442e4	0
1203	2071	7.62052	402.250336	3.0690e4	4
1203	2071	7.62052	403.052643	6.0679e5	0
1203	2071	7.62052	403.236603	1.5944e4	0
1203	2071	7.62052	403.861053	1.7005e4	0
1203	2071	7.62052	404.036713	2.2979e5	0
1203	2071	7.62052	404.055878	6.9586e4	0
1203	2071	7.62052	404.172028	7.9446e4	0
1203	2071	7.62052	404.839630	1.7305e4	3
1203	2071	7.62052	405.040375	4.0867e4	5
1203	2071	7.62052	405.048645	1.1420e5	0
1203	2071	7.62052	405.086334	2.4172e4	0
1203	2071	7.62052	405.176178	2.2611e4	3
1203	2071	7.62052	405.673035	1.2703e4	0
1203	2071	7.62052	406.032318	3.8580e4	0
1203	2071	7.62052	406.184509	2.4971e4	3
1203	2071	7.62052	406.387909	1.3912e4	5
1203	2071	7.62052	406.518341	3.5966e4	3
1203	2071	7.62052	406.927795	1.4673e4	0
1203	2071	7.62052	407.710327	5.8348e4	0
1203	2071	7.62052	407.936554	1.2631e4	0
1203	2071	7.62052	408.031403	1.4268e4	0
1203	2071	7.62052	408.067932	1.6099e4	0
1203	2071	7.62052	409.039459	1.6351e4	0
1203	2071	7.62052	409.057404	3.7101e4	6
1203	2071	7.62052	409.224060	1.3688e4	6
1203	2071	7.62052	409.929688	1.6149e4	0
1203	2071	7.62052	411.072998	1.0361e5	0
1203	2071	7.62052	411.850128	2.7686e4	0
1203	2071	7.62052	412.076202	1.9377e4	0
1203	2071	7.62052	413.270844	2.6473e4	0
1203	2071	7.62052	413.880310	1.2976e4	0
1203	2071	7.62052	414.528198	1.7499e4	0
1203	2071	7.62052	415.041138	3.4261e4	0
1203	2071	7.62052	415.197754	9.7974e4	0
1203	2071	7.62052	415.998383	1.3561e4	0
1203	2071	7.62052	416.034180	4.7227e4	0
1203	2071	7.62052	416.041107	2.3678e4	0
1203	2071	7.62052	416.226013	1.0913e5	2
1203	2071	7.62052	416.485107	1.1061e4	0
1203	2071	7.62052	416.727661	6.4640e4	2
1203	2071	7.62052	416.931702	1.7606e4	5
1203	2071	7.62052	417.155731	2.1416e4	0
1203	2071	7.62052	417.210632	2.0688e4	0
1203	2071	7.62052	417.237946	1.5244e4	0
1203	2071	7.62052	417.810059	1.5142e4	4
1203	2071	7.62052	418.064941	1.7745e4	4
1203	2071	7.62052	418.872620	1.4848e4	0
1203	2071	7.62052	419.047882	1.0627e5	0
1203	2071	7.62052	419.319672	1.5339e4	0
1203	2071	7.62052	421.046631	6.9584e4	0
1203	2071	7.62052	421.050171	6.5541e4	0
1203	2071	7.62052	421.063446	9.2493e6	0
1203	2071	7.62052	421.080017	4.8962e4	4
1203	2071	7.62052	421.198547	4.5411e4	0
1203	2071	7.62052	421.333282	1.9367e4	4
1203	2071	7.62052	421.905304	1.5256e4	0
1203	2071	7.62052	422.047424	1.5864e5	0
1203	2071	7.62052	422.066467	1.0940e6	0
1203	2071	7.62052	422.183167	1.8891e4	0
1203	2071	7.62052	423.052490	2.6166e4	0
1203	2071	7.62052	423.059174	1.6485e6	6
1203	2071	7.62052	423.067719	1.4713e5	0
1203	2071	7.62052	423.228271	7.2726e4	6
1203	2071	7.62052	424.043427	2.7236e4	2
1203	2071	7.62052	424.062408	1.9970e5	6
1203	2071	7.62052	424.223511	5.4254e4	0
1203	2071	7.62052	424.231049	2.1634e4	6
1203	2071	7.62052	424.541443	1.4380e5	3
1203	2071	7.62052	424.875885	8.1460e4	3
1203	2071	7.62052	425.034363	5.7075e4	0
1203	2071	7.62052	425.054840	1.0183e5	6
1203	2071	7.62052	425.167480	1.4531e4	0
1203	2071	7.62052	425.211487	2.2442e4	3
1203	2071	7.62052	425.218903	3.2986e4	6
1203	2071	7.62052	425.226624	1.7989e4	0
1203	2071	7.62052	425.292389	2.5126e4	0
1203	2071	7.62052	427.010803	1.4077e4	0
1203	2071	7.62052	427.068573	3.2058e4	0
1203	2071	7.62052	427.926788	1.6144e4	0
1203	2071	7.62052	428.871948	1.6350e4	0
1203	2071	7.62052	429.093170	3.6787e5	0
1203	2071	7.62052	430.049927	2.3830e4	0
1203	2071	7.62052	430.093109	1.0658e5	0
1203	2071	7.62052	430.245544	1.7407e4	0
1203	2071	7.62052	430.891937	2.4143e4	5
1203	2071	7.62052	430.903412	1.9476e4	6
1203	2071	7.62052	431.071960	1.7909e4	6
1203	2071	7.62052	431.090393	5.8631e4	5
1203	2071	7.62052	432.891205	2.0546e4	0
1203	2071	7.62052	434.184479	2.0445e4	0
1203	2071	7.62052	434.920013	1.7677e4	0
1203	2071	7.62052	435.132721	6.2485e4	0
1203	2071	7.62052	435.204010	1.7223e4	0
1203	2071	7.62052	436.132996	1.3666e4	0
1203	2071	7.62052	436.907959	1.6811e4	0
1203	2071	7.62052	437.058594	5.3861e5	0
1203	2071	7.62052	437.129974	1.9377e4	0
1203	2071	7.62052	438.042633	2.0354e4	0
1203	2071	7.62052	438.061981	5.5153e4	0
1203	2071	7.62052	438.695679	4.6018e5	2
1203	2071	7.62052	439.046631	2.1142e4	0
1203	2071	7.62052	439.054321	9.7753e4	0
1203	2071	7.62052	439.062195	1.6618e4	0
1203	2071	7.62052	439.187836	1.5828e5	2
1203	2071	7.62052	439.197357	2.6809e5	2
1203	2071	7.62052	439.689453	5.3595e4	2
1203	2071	7.62052	439.698700	6.0223e4	2
1203	2071	7.62052	439.848633	2.6901e4	0
1203	2071	7.62052	440.190247	1.6642e4	2
1203	2071	7.62052	441.030212	4.8598e4	0
1203	2071	7.62052	441.302734	2.5019e4	0
1203	2071	7.62052	442.365570	2.0108e4	0
1203	2071	7.62052	442.717316	1.0681e5	2
1203	2071	7.62052	443.022400	6.8750e4	0
1203	2071	7.62052	443.027740	1.9329e5	0
1203	2071	7.62052	443.031555	2.5851e5	0
1203	2071	7.62052	443.045685	2.8809e7	0
1203	2071	7.62052	443.063873	1.6932e5	0
1203	2071	7.62052	443.068848	6.1865e4	0
1203	2071	7.62052	443.217834	3.5445e4	2
1203	2071	7.62052	443.418427	1.3965e4	5
1203	2071	7.62052	443.691406	2.0932e4	3
1203	2071	7.62052	443.837280	1.4973e4	0
1203	2071	7.62052	444.030060	5.4970e5	3
1203	2071	7.62052	444.048157	4.0817e6	0
1203	2071	7.62052	444.078583	2.4871e4	0
1203	2071	7.62052	444.766205	3.2754e4	0
1203	2071	7.62052	445.022369	1.5610e5	0
1203	2071	7.62052	445.034210	1.0894e5	0
1203	2071	7.62052	445.041412	5.1523e6	0
1203	2071	7.62052	445.049286	3.7488e5	0
1203	2071	7.62052	445.124420	7.0578e5	0
1203	2071	7.62052	446.025299	1.0756e5	0
1203	2071	7.62052	446.044525	6.1147e5	0
1203	2071	7.62052	446.053070	1.8226e4	0
1203	2071	7.62052	446.124664	2.2148e5	0
1203	2071	7.62052	446.692749	4.3112e4	2
1203	2071	7.62052	446.868469	3.9899e4	4
1203	2071	7.62052	447.017853	2.4133e4	0
1203	2071	7.62052	447.028717	1.9359e4	3
1203	2071	7.62052	447.037231	3.3465e5	6
1203	2071	7.62052	447.046112	5.5311e4	0
1203	2071	7.62052	447.121674	1.3449e5	4
1203	2071	7.62052	447.194611	3.3470e4	2
1203	2071	7.62052	447.845490	5.1112e4	3
1203	2071	7.62052	447.877716	1.8938e4	6
1203	2071	7.62052	448.040894	5.0364e4	6
1203	2071	7.62052	448.121735	4.4669e4	0
1203	2071	7.62052	448.179993	3.0875e4	3
1203	2071	7.62052	448.260162	5.7194e5	4
1203	2071	7.62052	448.515137	2.2074e4	3
1203	2071	7.62052	448.895660	1.8379e4	5
1203	2071	7.62052	449.094696	4.6034e4	5
1203	2071	7.62052	449.263641	1.0487e5	6
1203	2071	7.62052	450.403107	1.5015e4	0
1203	2071	7.62052	450.716583	7.2713e4	0
1203	2071	7.62052	452.885498	1.4135e5	6
1203	2071	7.62052	452.896790	1.2759e4	0
1203	2071	7.62052	453.053680	1.5050e5	6
1203	2071	7.62052	453.261597	6.2185e4	0
1203	2071	7.62052	453.695282	1.3904e4	0
1203	2071	7.62052	453.877045	1.5381e4	0
1203	2071	7.62052	453.885284	2.3872e4	0
1203	2071	7.62052	454.690735	2.7447e4	2
1203	2071	7.62052	454.702026	1.4034e4	0
1203	2071	7.62052	454.874146	1.5392e4	0
1203	2071	7.62052	455.049316	2.0915e4	0
1203	2071	7.62052	455.192566	1.8573e4	2
1203	2071	7.62052	456.298279	3.6622e4	0
1203	2071	7.62052	456.857513	2.0534e4	5
1203	2071	7.62052	456.936554	1.3932e4	0
1203	2071	7.62052	457.024963	2.7061e4	6
1203	2071	7.62052	457.061340	5.9026e4	5
1203	2071	7.62052	457.421661	1.7285e4	0
1203	2071	7.62052	457.932404	2.0962e4	2
1203	2071	7.62052	458.229889	1.4428e4	5
1203	2071	7.62052	458.430389	1.5458e4	2
1203	2071	7.62052	459.010925	2.0207e5	0
1203	2071	7.62052	459.019989	6.3753e5	0
1203	2071	7.62052	459.040741	2.3928e6	0
1203	2071	7.62052	459.055634	2.8610e4	0
1203	2071	7.62052	459.059174	2.8430e4	0
1203	2071	7.62052	459.915131	1.6675e4	0
1203	2071	7.62052	460.003601	2.0628e4	0
1203	2071	7.62052	460.023682	1.0889e5	0
1203	2071	7.62052	460.043976	2.6410e5	0
1203	2071	7.62052	460.847412	2.5220e4	5
1203	2071	7.62052	461.006866	3.9831e4	0
1203	2071	7.62052	461.016479	1.7632e5	6
1203	2071	7.62052	461.036621	4.2090e5	0
1203	2071	7.62052	461.045837	3.5573e4	5
1203	2071	7.62052	461.872467	1.2500e4	6
1203	2071	7.62052	462.039612	5.1454e4	6
1203	2071	7.62052	462.090179	1.6021e4	0
1203	2071	7.62052	462.151489	7.9411e4	0
1203	2071	7.62052	462.688232	4.2763e4	2
1203	2071	7.62052	463.003723	2.0830e4	0
1203	2071	7.62052	463.031677	2.7239e4	0
1203	2071	7.62052	463.190155	2.1837e4	2
1203	2071	7.62052	464.069794	1.1542e5	0
1203	2071	7.62052	465.027924	7.0525e4	0
1203	2071	7.62052	465.072632	1.9572e4	0
1203	2071	7.62052	466.031799	1.7331e4	0
1203	2071	7.62052	466.065430	3.1769e4	0
1203	2071	7.62052	466.419189	2.2765e4	0
1203	2071	7.62052	467.003998	3.4383e4	0
1203	2071	7.62052	467.023804	2.7556e4	0
1203	2071	7.62052	467.107269	2.9787e4	0
1203	2071	7.62052	467.230194	1.6929e4	0
1203	2071	7.62052	467.843384	2.6747e4	0
1203	2071	7.62052	467.987549	2.0379e4	0
1203	2071	7.62052	468.859161	2.0018e4	0
1203	2071	7.62052	469.245667	2.6067e4	0
1203	2071	7.62052	469.423706	1.8967e4	0
1203	2071	7.62052	469.981628	3.0397e4	0
1203	2071	7.62052	470.056946	2.3156e4	0
1203	2071	7.62052	470.242432	5.7967e4	0
1203	2071	7.62052	471.077179	1.0659e5	0
1203	2071	7.62052	471.203552	2.1322e4	0
1203	2071	7.62052	471.260895	2.3234e4	0
1203	2071	7.62052	472.081146	1.5371e4	0
1203	2071	7.62052	472.822205	1.8650e4	0
1203	2071	7.62052	472.845001	2.3854e4	0
1203	2071	7.62052	473.975769	1.0139e5	0
1203	2071	7.62052	474.325867	1.7863e4	0
1203	2071	7.62052	475.015167	6.6473e4	4
1203	2071	7.62052	475.035858	7.8304e5	0
1203	2071	7.62052	475.111084	7.0957e4	0
1203	2071	7.62052	475.264008	7.7431e4	4
1203	2071	7.62052	476.039001	1.0957e5	0
1203	2071	7.62052	476.917969	1.5748e4	0
1203	2071	7.62052	476.983124	2.7096e4	0
1203	2071	7.62052	477.031769	1.2673e5	0
1203	2071	7.62052	477.106781	1.7652e4	0
1203	2071	7.62052	477.828430	4.6936e4	0
1203	2071	7.62052	479.219971	3.6936e4	0
1203	2071	7.62052	480.261658	4.2711e4	0
1203	2071	7.62052	480.406128	1.7789e4	0
1203	2071	7.62052	480.993011	1.1927e5	0
1203	2071	7.62052	481.838715	2.7205e4	0
1203	2071	7.62052	481.866608	2.1172e4	0
1203	2071	7.62052	481.996155	2.1406e4	0
1203	2071	7.62052	484.072754	1.0266e5	0
1203	2071	7.62052	484.283966	2.6909e4	0
1203	2071	7.62052	484.900452	2.1147e4	0
1203	2071	7.62052	485.075989	1.6900e4	0
1203	2071	7.62052	486.051971	4.8392e5	0
1203	2071	7.62052	486.067841	1.6697e4	0
1203	2071	7.62052	486.224091	2.1267e4	0
1203	2071	7.62052	486.396454	1.7174e4	3
1203	2071	7.62052	486.735229	2.9545e4	3
1203	2071	7.62052	486.920624	1.7668e4	0
1203	2071	7.62052	487.010254	3.6663e4	0
1203	2071	7.62052	487.054901	5.8829e4	3
1203	2071	7.62052	487.072418	5.9133e4	3
1203	2071	7.62052	487.388489	2.1135e4	3
1203	2071	7.62052	487.469269	2.1809e4	0
1203	2071	7.62052	488.038818	2.8274e4	0
1203	2071	7.62052	488.047821	9.8350e4	0
1203	2071	7.62052	490.851990	1.9341e4	0
1203	2071	7.62052	491.009521	3.3876e4	0
1203	2071	7.62052	491.031158	5.7939e4	0
1203	2071	7.62052	491.841919	1.8605e4	0
1203	2071	7.62052	493.026123	2.1595e4	0
1203	2071	7.62052	494.877472	2.5752e4	2
1203	2071	7.62052	495.379639	1.8676e4	2
1203	2071	7.62052	495.838440	2.8531e4	0
1203	2071	7.62052	495.901367	1.7169e4	0
1203	2071	7.62052	495.957092	4.7278e4	0
1203	2071	7.62052	496.485413	1.6882e4	0
1203	2071	7.62052	496.850616	1.6871e4	0
1203	2071	7.62052	496.898315	2.0831e4	0
1203	2071	7.62052	496.958252	2.0527e4	0
1203	2071	7.62052	498.261047	3.3656e4	0
1203	2071	7.62052	502.046997	4.3950e4	0
1203	2071	7.62052	502.835510	1.8213e4	0
1203	2071	7.62052	502.975342	4.2584e4	0
1203	2071	7.62052	503.113007	1.7284e5	0
1203	2071	7.62052	504.112762	7.1464e4	0
1203	2071	7.62052	505.110840	2.9822e4	0
1203	2071	7.62052	506.233826	6.3631e4	2
1203	2071	7.62052	506.734894	1.7605e4	2
1203	2071	7.62052	506.916168	1.8495e4	0
1203	2071	7.62052	507.101379	6.7720e4	0
1203	2071	7.62052	507.238495	6.7105e5	2
1203	2071	7.62052	507.740204	3.6039e5	2
1203	2071	7.62052	507.778839	2.0462e4	0
1203	2071	7.62052	508.241211	1.3463e5	2
1203	2071	7.62052	508.743896	1.6937e4	2
1203	2071	7.62052	509.349487	1.7381e4	0
1203	2071	7.62052	509.737762	2.9739e4	0
1203	2071	7.62052	509.772491	1.7887e4	0
1203	2071	7.62052	511.952332	2.5314e4	0
1203	2071	7.62052	512.885437	1.6288e4	0
1203	2071	7.62052	513.337891	1.8931e4	0
1203	2071	7.62052	513.927368	2.5910e4	0
1203	2071	7.62052	514.228333	3.2611e4	0
1203	2071	7.62052	514.746887	7.5258e4	2
1203	2071	7.62052	514.929382	2.2544e4	0
1203	2071	7.62052	515.103699	2.6640e4	0
1203	2071	7.62052	515.236450	3.5088e4	2
1203	2071	7.62052	515.248962	3.3566e4	2
1203	2071	7.62052	515.737854	3.5117e4	2
1203	2071	7.62052	515.892395	2.1321e4	0
1203	2071	7.62052	516.239563	2.4055e4	2
1203	2071	7.62052	518.229797	8.8635e4	2
1203	2071	7.62052	518.731445	3.9592e4	2
1203	2071	7.62052	518.877258	1.8373e4	0
1203	2071	7.62052	519.144531	2.2986e5	0
1203	2071	7.62052	520.144287	8.1426e4	0
1203	2071	7.62052	520.903015	1.9291e4	0
1203	2071	7.62052	520.947510	2.3257e4	0
1203	2071	7.62052	521.142151	7.1725e4	0
1203	2071	7.62052	521.920410	2.1769e4	0
1203	2071	7.62052	522.379333	1.8990e4	0
1203	2071	7.62052	522.729858	1.8326e4	2
1203	2071	7.62052	523.233643	5.8856e4	2
1203	2071	7.62052	523.734985	4.9846e4	2
1203	2071	7.62052	523.878967	2.2188e4	0
1203	2071	7.62052	525.111877	2.4015e5	0
1203	2071	7.62052	526.114868	3.2827e4	0
1203	2071	7.62052	526.212463	3.3374e4	2
1203	2071	7.62052	526.714233	2.3287e4	2
1203	2071	7.62052	526.867493	2.5908e4	0
1203	2071	7.62052	527.107666	4.7448e4	0
1203	2071	7.62052	527.808899	2.3746e4	0
1203	2071	7.62052	528.389954	2.1447e4	0
1203	2071	7.62052	529.220520	2.0966e4	2
1203	2071	7.62052	529.722046	2.8791e4	2
1203	2071	7.62052	530.846558	2.1610e4	0
1203	2071	7.62052	531.231079	2.4627e4	2
1203	2071	7.62052	531.283081	2.6600e5	0
1203	2071	7.62052	531.732300	2.0315e4	2
1203	2071	7.62052	532.286560	4.7885e4	0
1203	2071	7.62052	532.867981	2.5252e4	0
1203	2071	7.62052	533.720154	2.1845e4	0
1203	2071	7.62052	533.904785	2.0776e4	0
1203	2071	7.62052	535.232971	2.7897e4	0
1203	2071	7.62052	535.873657	1.8602e4	0
1203	2071	7.62052	536.171265	9.1325e4	0
1203	2071	7.62052	536.314209	3.2413e4	0
1203	2071	7.62052	537.203857	6.5104e4	0
1203	2071	7.62052	538.089966	2.5775e4	0
1203	2071	7.62052	539.228455	2.5845e4	0
1203	2071	7.62052	539.324768	1.9818e4	0
1203	2071	7.62052	539.864197	1.7432e4	0
1203	2071	7.62052	540.211853	4.7670e4	0
1203	2071	7.62052	540.283081	2.8828e4	0
1203	2071	7.62052	541.089478	4.1757e4	0
1203	2071	7.62052	541.702087	1.9159e4	0
1203	2071	7.62052	542.138672	4.1893e4	0
1203	2071	7.62052	542.350708	2.7333e4	0
1203	2071	7.62052	543.393250	2.6617e4	0
1203	2071	7.62052	544.377319	1.5966e4	0
1203	2071	7.62052	544.885681	2.0019e4	0
1203	2071	7.62052	544.897339	1.9233e4	0
1203	2071	7.62052	544.912903	1.7433e4	0
1203	2071	7.62052	545.262573	2.3953e4	0
1203	2071	7.62052	545.273315	3.7516e4	0
1203	2071	7.62052	545.407043	1.8727e4	0
1203	2071	7.62052	545.956055	1.9956e4	0
1203	2071	7.62052	546.055420	2.5413e4	0
1203	2071	7.62052	546.872192	1.9348e4	0
1203	2071	7.62052	546.898132	2.4914e4	5
1203	2071	7.62052	547.020569	4.8331e4	0
1203	2071	7.62052	547.094360	3.3581e5	5
1203	2071	7.62052	547.261047	1.6712e4	6
1203	2071	7.62052	548.023254	2.8137e4	0
1203	2071	7.62052	548.097534	3.1137e4	0
1203	2071	7.62052	549.054871	2.5720e4	3
1203	2071	7.62052	549.090088	3.2650e4	0
1203	2071	7.62052	549.384644	1.6935e4	3
1203	2071	7.62052	549.400696	2.3161e4	0
1203	2071	7.62052	550.943481	1.8037e4	0
1203	2071	7.62052	550.970947	1.7236e4	0
1203	2071	7.62052	552.871094	1.7640e4	0
1203	2071	7.62052	555.429871	1.8794e4	0
1203	2071	7.62052	555.440918	1.9336e4	0
1203	2071	7.62052	556.352417	3.6653e4	2
1203	2071	7.62052	556.854919	1.9029e4	2
1203	2071	7.62052	556.979736	8.7066e4	0
1203	2071	7.62052	558.848267	2.1533e4	0
1203	2071	7.62052	558.974304	3.5817e4	0
1203	2071	7.62052	560.071899	3.1660e5	0
1203	2071	7.62052	560.308105	1.8025e4	0
1203	2071	7.62052	561.074890	4.5899e4	0
1203	2071	7.62052	562.067871	6.6114e4	0
1203	2071	7.62052	562.325562	2.1684e4	0
1203	2071	7.62052	562.761841	1.9642e4	0
1203	2071	7.62052	562.940491	1.7629e4	0
1203	2071	7.62052	562.995850	3.1067e4	0
1203	2071	7.62052	563.071106	6.3834e4	0
1203	2071	7.62052	563.089600	2.4444e4	0
1203	2071	7.62052	564.340332	2.2807e4	0
1203	2071	7.62052	564.353210	1.7096e4	0
1203	2071	7.62052	565.066833	1.9032e4	0
1203	2071	7.62052	565.325378	2.4435e4	0
1203	2071	7.62052	567.852478	1.9868e4	0
1203	2071	7.62052	569.928772	2.5227e4	0
1203	2071	7.62052	570.991089	3.4242e4	0
1203	2071	7.62052	571.301697	2.0658e4	0
1203	2071	7.62052	571.398621	2.6958e4	0
1203	2071	7.62052	572.262268	2.4507e4	2
1203	2071	7.62052	572.416321	2.0885e4	0
1203	2071	7.62052	572.762268	2.1496e4	2
1203	2071	7.62052	574.252563	1.9566e4	0
1203	2071	7.62052	574.380920	2.3448e4	0
1203	2071	7.62052	576.066284	4.7042e4	0
1203	2071	7.62052	578.961365	3.8598e4	0
1203	2071	7.62052	580.279541	3.2612e4	0
1203	2071	7.62052	583.289734	1.1246e5	0
1203	2071	7.62052	585.306274	2.1669e4	0
1203	2071	7.62052	585.952759	3.0795e4	0
1203	2071	7.62052	590.082947	2.2262e4	0
1203	2071	7.62052	591.401367	2.0820e4	0
1203	2071	7.62052	592.972229	2.5375e4	0
1203	2071	7.62052	593.164246	2.8542e4	0
1203	2071	7.62052	593.279602	2.4674e4	0
1203	2071	7.62052	593.926270	1.9739e4	0
1203	2071	7.62052	595.324036	2.5754e4	0
1203	2071	7.62052	599.430542	2.1430e4	0
1203	2071	7.62052	602.437500	1.9792e4	0
1203	2071	7.62052	602.920776	2.1144e4	0
1203	2071	7.62052	603.404785	1.9881e4	0
1203	2071	7.62052	604.098511	1.5609e5	0
1203	2071	7.62052	604.855286	1.9486e4	4
1203	2071	7.62052	604.929016	3.8099e4	6
1203	2071	7.62052	605.101196	2.2999e4	6
1203	2071	7.62052	605.262939	2.4137e4	6
1203	2071	7.62052	606.095093	3.2389e4	0
1203	2071	7.62052	606.761414	3.5598e4	0
1203	2071	7.62052	606.837952	2.5533e4	0
1203	2071	7.62052	607.323669	1.9155e4	2
1203	2071	7.62052	607.823547	2.0604e4	2
1203	2071	7.62052	608.264343	1.8418e5	0
1203	2071	7.62052	608.318298	2.4358e4	0
1203	2071	7.62052	608.337585	2.2663e4	0
1203	2071	7.62052	608.879395	1.9023e4	0
1203	2071	7.62052	608.937195	2.5048e4	2
1203	2071	7.62052	609.267212	4.4159e4	3
1203	2071	7.62052	609.437561	2.5391e4	2
1203	2071	7.62052	609.916687	1.8198e4	0
1203	2071	7.62052	609.930786	1.9572e4	0
1203	2071	7.62052	610.303833	3.0347e4	0
1203	2071	7.62052	610.453003	1.9173e4	0
1203	2071	7.62052	610.866150	2.3382e4	0
1203	2071	7.62052	612.187256	2.2091e4	0
1203	2071	7.62052	612.291931	2.7114e4	0
1203	2071	7.62052	612.372437	2.1231e4	0
1203	2071	7.62052	613.969177	1.8596e4	0
1203	2071	7.62052	614.899170	2.3065e4	0
1203	2071	7.62052	616.812134	2.1770e4	0
1203	2071	7.62052	619.358398	1.9281e4	0
1203	2071	7.62052	620.804932	2.0031e4	0
1203	2071	7.62052	621.334839	2.6928e4	0
1203	2071	7.62052	622.913208	2.1835e4	0
1203	2071	7.62052	623.283752	2.1142e4	0
1203	2071	7.62052	625.358093	2.1813e4	0
1203	2071	7.62052	627.903870	2.6861e4	0
1203	2071	7.62052	628.312866	2.1880e4	0
1203	2071	7.62052	629.330261	3.1102e4	0
1203	2071	7.62052	629.369263	2.5343e4	0
1203	2071	7.62052	629.777222	2.3912e4	0
1203	2071	7.62052	629.927917	1.9691e4	0
1203	2071	7.62052	630.230652	1.9118e4	0
1203	2071	7.62052	630.246704	4.9253e4	0
1203	2071	7.62052	630.802307	2.9879e4	0
1203	2071	7.62052	634.293701	3.8907e4	6
1203	2071	7.62052	634.458313	2.3626e4	6
1203	2071	7.62052	635.889099	2.3182e4	0
1203	2071	7.62052	637.864319	1.8792e4	0
1203	2071	7.62052	637.910095	1.9092e4	0
1203	2071	7.62052	638.004150	2.3388e4	0
1203	2071	7.62052	638.289062	2.8698e4	0
1203	2071	7.62052	638.932739	2.0575e4	0
1203	2071	7.62052	639.364441	3.0878e4	0
1203	2071	7.62052	640.849915	2.4448e4	0
1203	2071	7.62052	640.892029	2.7897e4	0
1203	2071	7.62052	641.726990	2.0452e4	0
1203	2071	7.62052	641.866150	2.0005e4	0
1203	2071	7.62052	642.280457	6.6724e4	2
1203	2071	7.62052	642.781372	4.8874e4	2
1203	2071	7.62052	643.312012	7.9074e4	0
1203	2071	7.62052	644.314148	3.4491e4	0
1203	2071	7.62052	644.755432	2.5721e4	0
1203	2071	7.62052	646.078918	2.6246e4	0
1203	2071	7.62052	646.368896	2.4681e4	0
1203	2071	7.62052	647.275818	2.5405e4	0
1203	2071	7.62052	647.295044	1.9596e4	0
1203	2071	7.62052	647.937866	2.7093e4	0
1203	2071	7.62052	648.311462	2.3600e4	0
1203	2071	7.62052	649.333069	2.0587e4	0
1203	2071	7.62052	651.333557	2.2832e4	0
1203	2071	7.62052	654.830872	2.5666e4	0
1203	2071	7.62052	655.416443	2.3382e4	0
1203	2071	7.62052	657.248413	2.8333e4	0
1203	2071	7.62052	659.804565	3.1425e4	0
1203	2071	7.62052	662.237732	3.0336e4	0
1203	2071	7.62052	662.856018	2.3635e4	0
1203	2071	7.62052	667.843018	2.4444e4	0
1203	2071	7.62052	668.308655	2.5029e4	0
1203	2071	7.62052	669.801270	2.4184e4	0
1203	2071	7.62052	670.266724	2.4125e4	0
1203	2071	7.62052	670.401672	2.3281e4	0
1203	2071	7.62052	673.318054	2.4525e4	0
1203	2071	7.62052	673.768860	2.6620e4	0
1203	2071	7.62052	674.827515	2.6334e4	0
1203	2071	7.62052	678.603333	2.5366e4	5
1203	2071	7.62052	678.802063	2.6495e4	5
1203	2071	7.62052	678.862488	2.5496e4	0
1203	2071	7.62052	680.384949	2.2679e4	0
1203	2071	7.62052	682.989685	2.6177e4	3
1203	2071	7.62052	683.329468	2.6279e4	3
1203	2071	7.62052	683.632080	2.4724e4	0
1203	2071	7.62052	685.767578	2.5962e4	0
1203	2071	7.62052	688.888367	2.3880e4	0
1203	2071	7.62052	692.422119	2.3172e4	0
1203	2071	7.62052	692.769775	4.4635e4	0
1203	2071	7.62052	693.770996	3.5137e4	0
1203	2071	7.62052	694.928406	2.5221e4	0
1203	2071	7.62052	702.915771	2.4987e4	0
1203	2071	7.62052	703.522461	2.4079e4	0
1203	2071	7.62052	704.300842	2.2510e4	0
1203	2071	7.62052	707.794250	2.8897e4	0
1203	2071	7.62052	711.310181	2.4209e4	0
1203	2071	7.62052	711.330200	2.0376e4	0
1203	2071	7.62052	713.284790	2.2787e4	2
1203	2071	7.62052	713.787720	3.3393e4	2
1203	2071	7.62052	713.892212	4.1385e4	0
1203	2071	7.62052	716.405518	3.1272e4	0
1203	2071	7.62052	717.060425	2.5704e4	0
1203	2071	7.62052	719.207214	2.5805e4	0
1203	2071	7.62052	720.846680	2.4911e4	0
1203	2071	7.62052	720.917969	2.9721e4	0
1203	2071	7.62052	722.424927	2.8126e4	0
1203	2071	7.62052	723.445190	2.8701e4	0
1203	2071	7.62052	724.905457	3.0134e4	0
1203	2071	7.62052	726.338196	2.7445e4	0
1203	2071	7.62052	727.281250	3.0694e4	0
1203	2071	7.62052	727.901550	3.0998e4	0
1203	2071	7.62052	728.968079	2.8935e4	0
1203	2071	7.62052	729.350830	2.2914e4	0
1203	2071	7.62052	729.897095	2.2440e4	0
1203	2071	7.62052	731.731201	2.3926e4	0
1203	2071	7.62052	732.920410	1.8987e4	0
1203	2071	7.62052	733.394653	2.4843e4	0
1203	2071	7.62052	735.496094	2.3007e4	0
1203	2071	7.62052	735.766968	2.6896e4	0
1203	2071	7.62052	736.709839	2.3292e4	0
1203	2071	7.62052	743.858948	3.4722e4	2
1203	2071	7.62052	744.356689	2.7115e4	2
1203	2071	7.62052	748.739685	3.0159e4	0
1203	2071	7.62052	750.355530	3.3528e4	0
1203	2071	7.62052	754.833191	3.1118e4	0
1203	2071	7.62052	755.811951	3.8178e4	0
1203	2071	7.62052	755.854187	2.7600e4	0
1203	2071	7.62052	758.820007	4.0243e4	0
1203	2071	7.62052	761.568298	3.4947e4	4
1203	2071	7.62052	761.817810	2.6932e4	4
1203	2071	7.62052	761.837524	3.4127e4	0
1203	2071	7.62052	763.374146	2.5008e4	0
1203	2071	7.62052	764.362366	3.9102e4	0
1203	2071	7.62052	765.416565	2.9053e4	0
1203	2071	7.62052	768.295166	2.6414e4	0
1203	2071	7.62052	770.878296	3.1247e4	0
1203	2071	7.62052	772.303162	2.8199e4	2
1203	2071	7.62052	772.807068	2.9402e4	2
1203	2071	7.62052	773.403442	3.8945e4	0
1203	2071	7.62052	774.313965	3.0637e4	0
1203	2071	7.62052	778.851135	2.7508e4	0
1203	2071	7.62052	779.242188	2.7542e4	0
1203	2071	7.62052	779.833557	3.2861e4	0
1203	2071	7.62052	782.400146	2.8658e4	0
1203	2071	7.62052	783.394287	2.5807e4	0
1203	2071	7.62052	783.830261	2.7953e4	0
1203	2071	7.62052	783.911438	3.1876e4	0
1203	2071	7.62052	784.140442	3.1813e4	0
1203	2071	7.62052	784.958008	2.9324e4	0
1203	2071	7.62052	785.785461	2.4895e4	0
1203	2071	7.62052	792.605957	2.7054e4	0
1203	2071	7.62052	795.265381	2.9456e4	0
1203	2071	7.62052	795.354553	2.4941e4	0
1203	2071	7.62052	796.801758	3.4094e4	0
1203	2071	7.62052	796.831177	2.8107e4	0
1203	2071	7.62052	797.862244	3.3854e4	0
1203	2071	7.62052	804.754944	2.9886e4	0
1203	2071	7.62052	805.080627	3.3105e4	0
1203	2071	7.62052	808.236206	2.6974e4	0
1203	2071	7.62052	808.384521	2.6488e4	0
1203	2071	7.62052	810.827820	3.4689e4	0
1203	2071	7.62052	812.429260	2.7471e4	0
1203	2071	7.62052	813.836121	2.8559e4	0
1203	2071	7.62052	814.115112	3.7787e4	0
1203	2071	7.62052	814.414856	4.8632e4	0
1203	2071	7.62052	818.815979	3.1497e4	0
1203	2071	7.62052	821.330322	2.4836e4	0
1203	2071	7.62052	830.522583	3.0775e4	0
1203	2071	7.62052	830.822998	3.9789e4	0
1203	2071	7.62052	831.377625	4.7827e4	0
1203	2071	7.62052	832.818298	3.3355e4	0
1203	2071	7.62052	833.796997	2.4657e4	0
1203	2071	7.62052	835.057678	2.8189e4	0
1203	2071	7.62052	836.494568	3.0860e4	0
1203	2071	7.62052	840.320557	2.8377e4	0
1203	2071	7.62052	840.440674	2.9905e4	0
1203	2071	7.62052	841.654480	3.8390e4	0
1203	2071	7.62052	842.946777	2.9611e4	0
1203	2071	7.62052	845.804199	2.9061e4	0
1203	2071	7.62052	845.949036	2.4412e4	0
1203	2071	7.62052	846.632812	3.4444e4	0
1203	2071	7.62052	856.544983	3.2962e4	0
1203	2071	7.62052	860.833313	3.1201e4	0
1203	2071	7.62052	866.853027	3.1355e4	0
1203	2071	7.62052	868.826660	3.0248e4	0
1203	2071	7.62052	870.379700	3.2633e4	0
1203	2071	7.62052	876.932251	3.0992e4	0
1203	2071	7.62052	877.021667	3.5798e4	0
1203	2071	7.62052	879.793701	3.2607e4	0
1203	2071	7.62052	879.869385	3.2408e4	2
1203	2071	7.62052	880.370056	3.3383e4	2
1203	2071	7.62052	886.914124	3.5744e4	0
1203	2071	7.62052	889.217468	3.1844e4	0
1203	2071	7.62052	890.434021	4.9179e4	0
1203	2071	7.62052	895.412476	3.0214e4	0
1203	2071	7.62052	897.884644	4.0346e4	0
1203	2071	7.62052	900.907227	4.4914e4	0
1203	2071	7.62052	904.378113	3.3279e4	0
1203	2071	7.62052	909.394653	3.1693e4	0
1203	2071	7.62052	909.756287	3.2365e4	0
1203	2071	7.62052	913.624695	2.9659e4	0
1203	2071	7.62052	918.294800	3.7881e4	0
1203	2071	7.62052	920.422729	3.1783e4	0
1203	2071	7.62052	922.703186	3.1501e4	0
1203	2071	7.62052	926.878418	3.8389e4	0
1203	2071	7.62052	928.330872	3.1129e4	0
1203	2071	7.62052	928.546204	2.8674e4	0
1203	2071	7.62052	932.231262	2.6318e4	0
1203	2071	7.62052	934.915283	4.4158e4	0
1203	2071	7.62052	938.871826	3.0000e4	0
1203	2071	7.62052	941.659180	2.9055e4	0
1203	2071	7.62052	943.193604	3.6279e4	0
1203	2071	7.62052	945.756287	3.0586e4	0
1203	2071	7.62052	948.666321	3.6704e4	0
1203	2071	7.62052	949.768372	3.1078e4	0
1203	2071	7.62052	958.268372	3.1958e4	0
1203	2071	7.62052	960.487122	3.0380e4	0
1203	2071	7.62052	961.002625	2.8008e4	0
1203	2071	7.62052	965.304443	3.4124e4	0
1203	2071	7.62052	966.344421	2.8403e4	0
1203	2071	7.62052	971.250610	3.1601e4	0
1203	2071	7.62052	971.806458	3.0466e4	0
1203	2071	7.62052	973.371765	3.2017e4	0
1203	2071	7.62052	973.681763	4.8407e4	0
1203	2071	7.62052	977.433044	3.4300e4	6
1203	2071	7.62052	977.594543	2.6888e4	6
1203	2071	7.62052	991.835693	3.6476e4	0
1203	2071	7.62052	1002.561768	3.8640e4	0
1203	2071	7.62052	1003.382324	3.4598e4	0
1203	2071	7.62052	1013.469910	6.3041e4	0
1203	2071	7.62052	1016.279907	4.1045e4	0
1203	2071	7.62052	1016.883484	4.0312e4	0
1203	2071	7.62052	1021.746155	4.6063e4	0
1203	2071	7.62052	1025.889038	3.0655e4	0
1203	2071	7.62052	1027.195068	3.0917e4	0
1203	2071	7.62052	1033.745361	3.8541e4	0
1203	2071	7.62052	1035.451904	4.0505e4	0
1203	2071	7.62052	1044.506348	3.3244e4	0
1203	2071	7.62052	1046.347656	3.2708e4	0
1203	2071	7.62052	1054.854370	3.1450e4	0
1203	2071	7.62052	1056.812256	3.8864e4	0
1203	2071	7.62052	1075.631348	3.2995e4	0
1203	2071	7.62052	1075.662720	3.5797e4	0
1203	2071	7.62052	1076.261841	3.7887e4	0
1203	2071	7.62052	1076.341187	3.1529e4	0
1203	2071	7.62052	1079.524780	2.9573e4	0
1203	2071	7.62052	1090.650513	3.2968e4	0
1203	2071	7.62052	1101.369385	3.3954e4	0
1203	2071	7.62052	1108.289185	3.5392e4	0
1203	2071	7.62052	1111.970093	3.3310e4	0
1203	2071	7.62052	1112.828369	3.0352e4	0
1203	2071	7.62052	1118.123535	3.2364e4	0
1203	2071	7.62052	1127.252197	3.0868e4	0
1203	2071	7.62052	1128.933472	3.3190e4	0
1203	2071	7.62052	1130.501221	3.2466e4	0
1203	2071	7.62052	1133.842285	3.7309e4	0
1203	2071	7.62052	1135.007202	3.8465e4	0
1203	2071	7.62052	1142.251465	4.7907e4	0
1203	2071	7.62052	1146.723145	4.0955e4	0
1203	2071	7.62052	1178.311157	3.6330e4	0
1203	2071	7.62052	1189.714478	3.9021e4	0
1203	2071	7.62052	1190.954102	3.6438e4	0
1203	2071	7.62052	1194.135620	3.5410e4	0
1203	2071	7.62052	1236.421021	3.6718e4	0
1203	2071	7.62052	1241.020386	4.3880e4	0
1203	2071	7.62052	1277.024902	4.5557e4	0
1203	2071	7.62052	1298.655518	4.1182e4	0
1203	2071	7.62052	1393.964111	3.5876e4	0
1203	2071	7.62052	1407.758667	3.7011e4	0
1203	2071	7.62052	1421.235596	3.4035e4	0
